variable,question_number,variable_label,question_text,question_text_filled,source,source_page,za_id
v2,v2,ICPSR EDITION NUMBER,Value Label Missing Count Percent Valid Percent,Value Label Missing Count Percent Valid Percent,GESIS Variable Report,27,ZA1321
v5,,NATION I (UNITED KINGDOM),,NATION I (UNITED KINGDOM),GESIS Variable Report,32,ZA1321
v7,,NATION II (GB AND NORTHERN IRELAND),,NATION II (GB AND NORTHERN IRELAND),GESIS Variable Report,34,ZA1321
v10,v10 0 1 2 3 4 5 N Sum N Valid Sum,ELECTORAL REGISTER,isocntry M M BE 29 972 (97.1) 7 (0.7) 3 (0.3) 19 (1.9) 5 1035 1001 DE 64 961 (97.4) 23 (2.3) 0 (0.0) 3 (0.3) 2 1053 987 DK 37 921 (98.1) 14 (1.5) 3 (0.3) 1 (0.1) 15 991 939 FR 43 813 (84.9) 84 (8.8) 3 (0.3) 58 (6.1) 4 1005 958 GB-GBN 59 922 (91.0) 68 (6.7) 10 (1.0) 13 (1.3) 11 1083 1013 GB-NIR 15 277 (91.1) 18 (5.9) 4 (1.3) 5 (1.6) 2 321 304 GR 52 609 (64.2) 288 (30.4) 51 (5.4) 1000 948 IE 73 841 (90.1) 58 (6.2) 20 (2.1) 14 (1.5) 2 1008 933 IT 68 986 (96.0) 32 (3.1) 5 (0.5) 4 (0.4) 2 1097 1027 LU 13 285 (99.7) 1 (0.3) 299 286 NL 69 864 (91.9) 25 (2.7) 16 (1.7) 35 (3.7) 9 1018 940 N Sum 522 8451 617 64 204 52 9910 N Valid Sum 8451 617 64 204 9336 printed 27.02.2012 page 12 Eurobarometer 22 - October-November 1984,isocntry M M BE 29 972 (97.1) 7 (0.7) 3 (0.3) 19 (1.9) 5 1035 1001 DE 64 961 (97.4) 23 (2.3) 0 (0.0) 3 (0.3) 2 1053 987 DK 37 921 (98.1) 14 (1.5) 3 (0.3) 1 (0.1) 15 991 939 FR 43 813 (84.9) 84 (8.8) 3 (0.3) 58 (6.1) 4 1005 958 GB-GBN 59 922 (91.0) 68 (6.7) 10 (1.0) 13 (1.3) 11 1083 1013 GB-NIR 15 277 (91.1) 18 (5.9) 4 (1.3) 5 (1.6) 2 321 304 GR 52 609 (64.2) 288 (30.4) 51 (5.4) 1000 948 IE 73 841 (90.1) 58 (6.2) 20 (2.1) 14 (1.5) 2 1008 933 IT 68 986 (96.0) 32 (3.1) 5 (0.5) 4 (0.4) 2 1097 1027 LU 13 285 (99.7) 1 (0.3) 299 286 NL 69 864 (91.9) 25 (2.7) 16 (1.7) 35 (3.7) 9 1018 940 N Sum 522 8451 617 64 204 52 9910 N Valid Sum 8451 617 64 204 9336 printed 27.02.2012 page 12 Eurobarometer 22 - October-November 1984,GESIS Variable Report,37,ZA1321
v11,v11 0 1 2 3 N Sum N Valid Sum,PERSONAL SITUATION - NEXT YEAR,isocntry M BE 36 122 (12.2) 354 (35.4) 523 (52.4) 1035 999 DE 53 264 (26.4) 608 (60.8) 128 (12.8) 1053 1000 DK 61 295 (31.7) 461 (49.6) 174 (18.7) 991 930 FR 81 147 (15.9) 364 (39.4) 412 (44.6) 1004 923 GB-GBN 89 347 (34.9) 256 (25.8) 390 (39.3) 1082 993 GB-NIR 24 99 (33.3) 112 (37.7) 86 (29.0) 321 297 GR 124 530 (60.5) 142 (16.2) 204 (23.3) 1000 876 IE 55 254 (26.7) 243 (25.5) 456 (47.8) 1008 953 IT 28 490 (45.8) 242 (22.6) 337 (31.5) 1097 1069 LU 8 77 (26.5) 145 (49.8) 69 (23.7) 299 291 NL 49 264 (27.2) 420 (43.3) 285 (29.4) 1018 969 N Sum 608 2889 3347 3064 9908 N Valid Sum 2889 3347 3064 9300 printed 27.02.2012 page 13 Eurobarometer 22 - October-November 1984,isocntry M BE 36 122 (12.2) 354 (35.4) 523 (52.4) 1035 999 DE 53 264 (26.4) 608 (60.8) 128 (12.8) 1053 1000 DK 61 295 (31.7) 461 (49.6) 174 (18.7) 991 930 FR 81 147 (15.9) 364 (39.4) 412 (44.6) 1004 923 GB-GBN 89 347 (34.9) 256 (25.8) 390 (39.3) 1082 993 GB-NIR 24 99 (33.3) 112 (37.7) 86 (29.0) 321 297 GR 124 530 (60.5) 142 (16.2) 204 (23.3) 1000 876 IE 55 254 (26.7) 243 (25.5) 456 (47.8) 1008 953 IT 28 490 (45.8) 242 (22.6) 337 (31.5) 1097 1069 LU 8 77 (26.5) 145 (49.8) 69 (23.7) 299 291 NL 49 264 (27.2) 420 (43.3) 285 (29.4) 1018 969 N Sum 608 2889 3347 3064 9908 N Valid Sum 2889 3347 3064 9300 printed 27.02.2012 page 13 Eurobarometer 22 - October-November 1984,GESIS Variable Report,38,ZA1321
v12,v12 0 1 2 3 N Sum N Valid Sum,INDUSTRIAL STRIKES - NEXT YEAR,isocntry M BE 41 427 (43.0) 434 (43.7) 133 (13.4) 1035 994 DE 88 282 (29.2) 509 (52.7) 174 (18.0) 1053 965 DK 68 650 (70.6) 239 (26.0) 32 (3.5) 989 921 FR 69 594 (63.5) 300 (32.1) 42 (4.5) 1005 936 GB-GBN 69 453 (44.7) 347 (34.2) 214 (21.1) 1083 1014 GB-NIR 15 79 (25.8) 180 (58.8) 47 (15.4) 321 306 GR 172 343 (41.4) 329 (39.7) 156 (18.8) 1000 828 IE 54 462 (48.4) 335 (35.1) 157 (16.5) 1008 954 IT 46 474 (45.1) 342 (32.5) 235 (22.4) 1097 1051 LU 17 76 (27.0) 170 (60.3) 36 (12.8) 299 282 NL 36 512 (52.2) 353 (36.0) 116 (11.8) 1017 981 N Sum 675 4352 3538 1342 9907 N Valid Sum 4352 3538 1342 9232 printed 27.02.2012 page 14 Eurobarometer 22 - October-November 1984,isocntry M BE 41 427 (43.0) 434 (43.7) 133 (13.4) 1035 994 DE 88 282 (29.2) 509 (52.7) 174 (18.0) 1053 965 DK 68 650 (70.6) 239 (26.0) 32 (3.5) 989 921 FR 69 594 (63.5) 300 (32.1) 42 (4.5) 1005 936 GB-GBN 69 453 (44.7) 347 (34.2) 214 (21.1) 1083 1014 GB-NIR 15 79 (25.8) 180 (58.8) 47 (15.4) 321 306 GR 172 343 (41.4) 329 (39.7) 156 (18.8) 1000 828 IE 54 462 (48.4) 335 (35.1) 157 (16.5) 1008 954 IT 46 474 (45.1) 342 (32.5) 235 (22.4) 1097 1051 LU 17 76 (27.0) 170 (60.3) 36 (12.8) 299 282 NL 36 512 (52.2) 353 (36.0) 116 (11.8) 1017 981 N Sum 675 4352 3538 1342 9907 N Valid Sum 4352 3538 1342 9232 printed 27.02.2012 page 14 Eurobarometer 22 - October-November 1984,GESIS Variable Report,39,ZA1321
v13,v13 0 1 2 3 N Sum N Valid Sum,INTERNATIONAL DISCORD/PEACE - NEXT YEAR,isocntry M BE 54 86 (8.8) 444 (45.3) 451 (46.0) 1035 981 DE 74 187 (19.1) 517 (52.8) 275 (28.1) 1053 979 DK 77 53 (5.8) 475 (52.0) 385 (42.2) 990 913 FR 85 60 (6.5) 520 (56.5) 341 (37.0) 1006 921 GB-GBN 67 99 (9.7) 523 (51.5) 394 (38.8) 1083 1016 GB-NIR 23 37 (12.4) 149 (50.0) 112 (37.6) 321 298 GR 180 139 (17.0) 363 (44.3) 318 (38.8) 1000 820 IE 63 129 (13.7) 399 (42.2) 417 (44.1) 1008 945 IT 40 250 (23.7) 501 (47.4) 306 (28.9) 1097 1057 LU 17 30 (10.6) 113 (40.1) 139 (49.3) 299 282 NL 77 68 (7.2) 469 (49.8) 404 (42.9) 1018 941 N Sum 757 1138 4473 3542 9910 N Valid Sum 1138 4473 3542 9153 printed 27.02.2012 page 15 Eurobarometer 22 - October-November 1984,isocntry M BE 54 86 (8.8) 444 (45.3) 451 (46.0) 1035 981 DE 74 187 (19.1) 517 (52.8) 275 (28.1) 1053 979 DK 77 53 (5.8) 475 (52.0) 385 (42.2) 990 913 FR 85 60 (6.5) 520 (56.5) 341 (37.0) 1006 921 GB-GBN 67 99 (9.7) 523 (51.5) 394 (38.8) 1083 1016 GB-NIR 23 37 (12.4) 149 (50.0) 112 (37.6) 321 298 GR 180 139 (17.0) 363 (44.3) 318 (38.8) 1000 820 IE 63 129 (13.7) 399 (42.2) 417 (44.1) 1008 945 IT 40 250 (23.7) 501 (47.4) 306 (28.9) 1097 1057 LU 17 30 (10.6) 113 (40.1) 139 (49.3) 299 282 NL 77 68 (7.2) 469 (49.8) 404 (42.9) 1018 941 N Sum 757 1138 4473 3542 9910 N Valid Sum 1138 4473 3542 9153 printed 27.02.2012 page 15 Eurobarometer 22 - October-November 1984,GESIS Variable Report,40,ZA1321
v14,,WORLD WAR PROBABILITY - NEXT 10 YEARS,,WORLD WAR PROBABILITY - NEXT 10 YEARS,GESIS Variable Report,41,ZA1321
v15,v15 0 1 2 3 4 5 N Sum N Valid Sum,ECONOMIC SITUATION - LAST 12 MONTHS,isocntry M BE 8 6 (0.6) 136 (13.2) 330 (32.1) 379 (36.9) 176 (17.1) 1035 1027 DE 25 26 (2.5) 259 (25.2) 477 (46.4) 215 (20.9) 50 (4.9) 1052 1027 DK 63 63 (6.8) 378 (40.8) 196 (21.1) 213 (23.0) 77 (8.3) 990 927 FR 32 2 (0.2) 105 (10.8) 238 (24.5) 363 (37.3) 265 (27.2) 1005 973 GB-GBN 29 20 (1.9) 200 (19.0) 173 (16.4) 358 (34.0) 303 (28.7) 1083 1054 GB-NIR 13 2 (0.6) 56 (18.2) 84 (27.3) 93 (30.2) 73 (23.7) 321 308 GR 77 59 (6.4) 293 (31.7) 250 (27.1) 214 (23.2) 107 (11.6) 1000 923 IE 10 8 (0.8) 89 (8.9) 148 (14.8) 297 (29.8) 456 (45.7) 1008 998 IT 19 20 (1.9) 347 (32.2) 222 (20.6) 356 (33.0) 133 (12.3) 1097 1078 LU 12 2 (0.7) 95 (33.1) 82 (28.6) 94 (32.8) 14 (4.9) 299 287 NL 22 15 (1.5) 466 (46.8) 234 (23.5) 199 (20.0) 81 (8.1) 1017 995 N Sum 310 223 2424 2434 2781 1735 9907 N Valid Sum 223 2424 2434 2781 1735 9597 printed 27.02.2012 page 18 Eurobarometer 22 - October-November 1984,isocntry M BE 8 6 (0.6) 136 (13.2) 330 (32.1) 379 (36.9) 176 (17.1) 1035 1027 DE 25 26 (2.5) 259 (25.2) 477 (46.4) 215 (20.9) 50 (4.9) 1052 1027 DK 63 63 (6.8) 378 (40.8) 196 (21.1) 213 (23.0) 77 (8.3) 990 927 FR 32 2 (0.2) 105 (10.8) 238 (24.5) 363 (37.3) 265 (27.2) 1005 973 GB-GBN 29 20 (1.9) 200 (19.0) 173 (16.4) 358 (34.0) 303 (28.7) 1083 1054 GB-NIR 13 2 (0.6) 56 (18.2) 84 (27.3) 93 (30.2) 73 (23.7) 321 308 GR 77 59 (6.4) 293 (31.7) 250 (27.1) 214 (23.2) 107 (11.6) 1000 923 IE 10 8 (0.8) 89 (8.9) 148 (14.8) 297 (29.8) 456 (45.7) 1008 998 IT 19 20 (1.9) 347 (32.2) 222 (20.6) 356 (33.0) 133 (12.3) 1097 1078 LU 12 2 (0.7) 95 (33.1) 82 (28.6) 94 (32.8) 14 (4.9) 299 287 NL 22 15 (1.5) 466 (46.8) 234 (23.5) 199 (20.0) 81 (8.1) 1017 995 N Sum 310 223 2424 2434 2781 1735 9907 N Valid Sum 223 2424 2434 2781 1735 9597 printed 27.02.2012 page 18 Eurobarometer 22 - October-November 1984,GESIS Variable Report,43,ZA1321
v16,v16 0 1 2 3 4 5 N Sum N Valid Sum,FINANCIAL SITUATION - LAST 12 MONTHS,isocntry M BE 16 16 (1.6) 88 (8.6) 365 (35.8) 443 (43.5) 107 (10.5) 1035 1019 DE 14 38 (3.7) 179 (17.2) 638 (61.3) 160 (15.4) 25 (2.4) 1054 1040 DK 33 48 (5.0) 166 (17.4) 490 (51.3) 203 (21.2) 49 (5.1) 989 956 FR 17 17 (1.7) 54 (5.5) 291 (29.5) 385 (39.0) 241 (24.4) 1005 988 GB-GBN 29 51 (4.8) 166 (15.8) 404 (38.4) 266 (25.3) 166 (15.8) 1082 1053 GB-NIR 8 10 (3.2) 48 (15.3) 151 (48.2) 80 (25.6) 24 (7.7) 321 313 GR 9 72 (7.3) 264 (26.6) 394 (39.8) 181 (18.3) 80 (8.1) 1000 991 IE 20 8 (0.8) 72 (7.3) 311 (31.5) 340 (34.4) 257 (26.0) 1008 988 IT 14 23 (2.1) 187 (17.3) 586 (54.1) 209 (19.3) 78 (7.2) 1097 1083 LU 3 8 (2.7) 36 (12.2) 155 (52.4) 72 (24.3) 25 (8.4) 299 296 NL 18 30 (3.0) 108 (10.8) 443 (44.3) 318 (31.8) 100 (10.0) 1017 999 N Sum 181 321 1368 4228 2657 1152 9907 N Valid Sum 321 1368 4228 2657 1152 9726 printed 27.02.2012 page 19 Eurobarometer 22 - October-November 1984,isocntry M BE 16 16 (1.6) 88 (8.6) 365 (35.8) 443 (43.5) 107 (10.5) 1035 1019 DE 14 38 (3.7) 179 (17.2) 638 (61.3) 160 (15.4) 25 (2.4) 1054 1040 DK 33 48 (5.0) 166 (17.4) 490 (51.3) 203 (21.2) 49 (5.1) 989 956 FR 17 17 (1.7) 54 (5.5) 291 (29.5) 385 (39.0) 241 (24.4) 1005 988 GB-GBN 29 51 (4.8) 166 (15.8) 404 (38.4) 266 (25.3) 166 (15.8) 1082 1053 GB-NIR 8 10 (3.2) 48 (15.3) 151 (48.2) 80 (25.6) 24 (7.7) 321 313 GR 9 72 (7.3) 264 (26.6) 394 (39.8) 181 (18.3) 80 (8.1) 1000 991 IE 20 8 (0.8) 72 (7.3) 311 (31.5) 340 (34.4) 257 (26.0) 1008 988 IT 14 23 (2.1) 187 (17.3) 586 (54.1) 209 (19.3) 78 (7.2) 1097 1083 LU 3 8 (2.7) 36 (12.2) 155 (52.4) 72 (24.3) 25 (8.4) 299 296 NL 18 30 (3.0) 108 (10.8) 443 (44.3) 318 (31.8) 100 (10.0) 1017 999 N Sum 181 321 1368 4228 2657 1152 9907 N Valid Sum 321 1368 4228 2657 1152 9726 printed 27.02.2012 page 19 Eurobarometer 22 - October-November 1984,GESIS Variable Report,44,ZA1321
v17,,ECONOMIC PROBLEMS - CURRENT CAUSE,,ECONOMIC PROBLEMS - CURRENT CAUSE,GESIS Variable Report,45,ZA1321
v18,,CUSTOMS DUTY ON NON-EC FOOD IMPORTS,,CUSTOMS DUTY ON NON-EC FOOD IMPORTS,GESIS Variable Report,46,ZA1321
v19,,ATTIT TOW USA - FEELINGS,,ATTIT TOW USA - FEELINGS,GESIS Variable Report,47,ZA1321
v20,,RELATIONS BETWEEN USA AND OWN COUNTRY,,RELATIONS BETWEEN USA AND OWN COUNTRY,GESIS Variable Report,48,ZA1321
v21,v21 0 1 2 9 N Sum N Valid Sum,USA POLICY EFFECTS ON PEACE,isocntry M M BE 350 (41.4) 495 (58.6) 190 1035 845 DE 319 (43.9) 407 (56.1) 327 1053 726 DK 990 990 FR 1005 1005 GB-GBN 309 (34.4) 588 (65.6) 186 1083 897 GB-NIR 321 321 GR 125 (15.9) 660 (84.1) 215 1000 785 IE 358 (46.2) 417 (53.8) 233 1008 775 IT 465 (49.4) 476 (50.6) 156 1097 941 LU 299 299 NL 327 (40.6) 478 (59.4) 212 1017 805 N Sum 2615 2253 3521 1519 9908 N Valid Sum 2253 3521 5774 printed 27.02.2012 page 24 Eurobarometer 22 - October-November 1984,isocntry M M BE 350 (41.4) 495 (58.6) 190 1035 845 DE 319 (43.9) 407 (56.1) 327 1053 726 DK 990 990 FR 1005 1005 GB-GBN 309 (34.4) 588 (65.6) 186 1083 897 GB-NIR 321 321 GR 125 (15.9) 660 (84.1) 215 1000 785 IE 358 (46.2) 417 (53.8) 233 1008 775 IT 465 (49.4) 476 (50.6) 156 1097 941 LU 299 299 NL 327 (40.6) 478 (59.4) 212 1017 805 N Sum 2615 2253 3521 1519 9908 N Valid Sum 2253 3521 5774 printed 27.02.2012 page 24 Eurobarometer 22 - October-November 1984,GESIS Variable Report,49,ZA1321
v22,,USA POLICY EFFECTS ON NAT ECONOMY,,USA POLICY EFFECTS ON NAT ECONOMY,GESIS Variable Report,50,ZA1321
v23,,USA POLICY TOWARDS EUROP UNIFICATION,,USA POLICY TOWARDS EUROP UNIFICATION,GESIS Variable Report,51,ZA1321
v24,,NATO MEMBERSHIP VS NEUTRALITY,,NATO MEMBERSHIP VS NEUTRALITY,GESIS Variable Report,52,ZA1321
v25,,USSR IN AFGHANISTAN: DO NOTHING,,USSR IN AFGHANISTAN: DO NOTHING,GESIS Variable Report,53,ZA1321
v26,,USSR IN AFGHANISTAN: DIPLOMAT PRESSURE,,USSR IN AFGHANISTAN: DIPLOMAT PRESSURE,GESIS Variable Report,54,ZA1321
v27,,USSR IN AFGHANISTAN: ECONOM/HUMANIT AID,,USSR IN AFGHANISTAN: ECONOM/HUMANIT AID,GESIS Variable Report,55,ZA1321
v28,,USSR IN AFGHANISTAN: MILITARY AID,,USSR IN AFGHANISTAN: MILITARY AID,GESIS Variable Report,56,ZA1321
v29,,USSR IN AFGHANISTAN: SANCTIONS,,USSR IN AFGHANISTAN: SANCTIONS,GESIS Variable Report,57,ZA1321
v30,,USSR IN AFGHANISTAN / USA IN C AMERICA,,USSR IN AFGHANISTAN / USA IN C AMERICA,GESIS Variable Report,58,ZA1321
v31,v31 0 1 2 3 4 5 9 N Sum N Valid Sum,ATTIT TOW USA - PRO/ANTI-AMERICAN,isocntry M M BE 1035 1035 DE 21 (2.0) 181 (17.7) 282 (27.5) 435 (42.4) 106 (10.3) 28 1053 1025 DK 990 990 FR 33 (3.4) 150 (15.4) 357 (36.7) 399 (41.0) 34 (3.5) 32 1005 973 GB-GBN 82 (7.8) 274 (26.0) 201 (19.1) 410 (38.9) 88 (8.3) 27 1082 1055 GB-NIR 321 321 GR 189 (20.7) 277 (30.3) 223 (24.4) 161 (17.6) 65 (7.1) 85 1000 915 IE 1008 1008 IT 59 (5.5) 172 (16.0) 426 (39.7) 347 (32.3) 70 (6.5) 23 1097 1074 LU 299 299 NL 1017 1017 N Sum 4670 384 1054 1489 1752 363 195 9907 N Valid Sum 384 1054 1489 1752 363 5042 printed 27.02.2012 page 34 Eurobarometer 22 - October-November 1984,isocntry M M BE 1035 1035 DE 21 (2.0) 181 (17.7) 282 (27.5) 435 (42.4) 106 (10.3) 28 1053 1025 DK 990 990 FR 33 (3.4) 150 (15.4) 357 (36.7) 399 (41.0) 34 (3.5) 32 1005 973 GB-GBN 82 (7.8) 274 (26.0) 201 (19.1) 410 (38.9) 88 (8.3) 27 1082 1055 GB-NIR 321 321 GR 189 (20.7) 277 (30.3) 223 (24.4) 161 (17.6) 65 (7.1) 85 1000 915 IE 1008 1008 IT 59 (5.5) 172 (16.0) 426 (39.7) 347 (32.3) 70 (6.5) 23 1097 1074 LU 299 299 NL 1017 1017 N Sum 4670 384 1054 1489 1752 363 195 9907 N Valid Sum 384 1054 1489 1752 363 5042 printed 27.02.2012 page 34 Eurobarometer 22 - October-November 1984,GESIS Variable Report,59,ZA1321
v32,v32 0 1 2 3 4 N Sum N Valid Sum,ENERGY PROBLEM - TODAY,isocntry M BE 60 122 (12.5) 356 (36.5) 257 (26.4) 240 (24.6) 1035 975 DE 26 107 (10.4) 335 (32.6) 309 (30.1) 277 (26.9) 1054 1028 DK 114 35 (4.0) 113 (12.9) 310 (35.4) 417 (47.7) 989 875 FR 38 161 (16.7) 475 (49.2) 215 (22.3) 115 (11.9) 1004 966 GB-GBN 44 159 (15.3) 311 (29.9) 151 (14.5) 419 (40.3) 1084 1040 GB-NIR 37 22 (7.7) 71 (25.0) 71 (25.0) 120 (42.3) 321 284 GR 127 195 (22.3) 417 (47.8) 161 (18.4) 100 (11.5) 1000 873 IE 47 134 (13.9) 307 (31.9) 234 (24.3) 286 (29.8) 1008 961 IT 34 512 (48.2) 442 (41.6) 74 (7.0) 35 (3.3) 1097 1063 LU 16 9 (3.2) 35 (12.4) 68 (24.0) 171 (60.4) 299 283 NL 38 22 (2.2) 120 (12.3) 188 (19.2) 649 (66.3) 1017 979 N Sum 581 1478 2982 2038 2829 9908 N Valid Sum 1478 2982 2038 2829 9327 printed 27.02.2012 page 35 Eurobarometer 22 - October-November 1984,isocntry M BE 60 122 (12.5) 356 (36.5) 257 (26.4) 240 (24.6) 1035 975 DE 26 107 (10.4) 335 (32.6) 309 (30.1) 277 (26.9) 1054 1028 DK 114 35 (4.0) 113 (12.9) 310 (35.4) 417 (47.7) 989 875 FR 38 161 (16.7) 475 (49.2) 215 (22.3) 115 (11.9) 1004 966 GB-GBN 44 159 (15.3) 311 (29.9) 151 (14.5) 419 (40.3) 1084 1040 GB-NIR 37 22 (7.7) 71 (25.0) 71 (25.0) 120 (42.3) 321 284 GR 127 195 (22.3) 417 (47.8) 161 (18.4) 100 (11.5) 1000 873 IE 47 134 (13.9) 307 (31.9) 234 (24.3) 286 (29.8) 1008 961 IT 34 512 (48.2) 442 (41.6) 74 (7.0) 35 (3.3) 1097 1063 LU 16 9 (3.2) 35 (12.4) 68 (24.0) 171 (60.4) 299 283 NL 38 22 (2.2) 120 (12.3) 188 (19.2) 649 (66.3) 1017 979 N Sum 581 1478 2982 2038 2829 9908 N Valid Sum 1478 2982 2038 2829 9327 printed 27.02.2012 page 35 Eurobarometer 22 - October-November 1984,GESIS Variable Report,60,ZA1321
v33,v33 0 1 2 3 4 N Sum N Valid Sum,ENERGY PROBLEM - NEXT 10 YEARS,isocntry M BE 112 223 (24.2) 348 (37.7) 195 (21.1) 157 (17.0) 1035 923 DE 77 137 (14.0) 387 (39.7) 241 (24.7) 211 (21.6) 1053 976 DK 224 46 (6.0) 111 (14.5) 238 (31.1) 371 (48.4) 990 766 FR 166 224 (26.7) 275 (32.8) 223 (26.6) 117 (13.9) 1005 839 GB-GBN 122 205 (21.3) 277 (28.8) 136 (14.1) 344 (35.8) 1084 962 GB-NIR 59 58 (22.1) 73 (27.9) 55 (21.0) 76 (29.0) 321 262 GR 340 229 (34.7) 214 (32.4) 127 (19.2) 90 (13.6) 1000 660 IE 121 276 (31.1) 248 (28.0) 187 (21.1) 176 (19.8) 1008 887 IT 115 531 (54.1) 281 (28.6) 109 (11.1) 61 (6.2) 1097 982 LU 28 31 (11.4) 79 (29.2) 84 (31.0) 77 (28.4) 299 271 NL 113 53 (5.9) 173 (19.1) 219 (24.2) 459 (50.8) 1017 904 N Sum 1477 2013 2466 1814 2139 9909 N Valid Sum 2013 2466 1814 2139 8432 printed 27.02.2012 page 36 Eurobarometer 22 - October-November 1984,isocntry M BE 112 223 (24.2) 348 (37.7) 195 (21.1) 157 (17.0) 1035 923 DE 77 137 (14.0) 387 (39.7) 241 (24.7) 211 (21.6) 1053 976 DK 224 46 (6.0) 111 (14.5) 238 (31.1) 371 (48.4) 990 766 FR 166 224 (26.7) 275 (32.8) 223 (26.6) 117 (13.9) 1005 839 GB-GBN 122 205 (21.3) 277 (28.8) 136 (14.1) 344 (35.8) 1084 962 GB-NIR 59 58 (22.1) 73 (27.9) 55 (21.0) 76 (29.0) 321 262 GR 340 229 (34.7) 214 (32.4) 127 (19.2) 90 (13.6) 1000 660 IE 121 276 (31.1) 248 (28.0) 187 (21.1) 176 (19.8) 1008 887 IT 115 531 (54.1) 281 (28.6) 109 (11.1) 61 (6.2) 1097 982 LU 28 31 (11.4) 79 (29.2) 84 (31.0) 77 (28.4) 299 271 NL 113 53 (5.9) 173 (19.1) 219 (24.2) 459 (50.8) 1017 904 N Sum 1477 2013 2466 1814 2139 9909 N Valid Sum 2013 2466 1814 2139 8432 printed 27.02.2012 page 36 Eurobarometer 22 - October-November 1984,GESIS Variable Report,61,ZA1321
v34,,ENERGY SUPPLY - NAT INDEPENDENCE,,ENERGY SUPPLY - NAT INDEPENDENCE,GESIS Variable Report,62,ZA1321
v35,v35 1 2 3 N Sum N Valid Sum,ENERGY SUPPLIER: EC COUNTRIES,isocntry M BE 757 (90.7) 78 (9.3) 200 1035 835 DE 884 (95.3) 44 (4.7) 125 1053 928 DK 323 (95.3) 16 (4.7) 651 990 339 FR 480 (84.5) 88 (15.5) 436 1004 568 GB-GBN 514 (83.7) 100 (16.3) 469 1083 614 GB-NIR 160 (90.9) 16 (9.1) 145 321 176 GR 211 (70.6) 88 (29.4) 701 1000 299 IE 621 (92.8) 48 (7.2) 339 1008 669 IT 452 (79.4) 117 (20.6) 528 1097 569 LU 239 (94.1) 15 (5.9) 45 299 254 NL 785 (94.8) 43 (5.2) 189 1017 828 N Sum 5426 653 3828 9907 N Valid Sum 5426 653 6079 printed 27.02.2012 page 39 Eurobarometer 22 - October-November 1984,isocntry M BE 757 (90.7) 78 (9.3) 200 1035 835 DE 884 (95.3) 44 (4.7) 125 1053 928 DK 323 (95.3) 16 (4.7) 651 990 339 FR 480 (84.5) 88 (15.5) 436 1004 568 GB-GBN 514 (83.7) 100 (16.3) 469 1083 614 GB-NIR 160 (90.9) 16 (9.1) 145 321 176 GR 211 (70.6) 88 (29.4) 701 1000 299 IE 621 (92.8) 48 (7.2) 339 1008 669 IT 452 (79.4) 117 (20.6) 528 1097 569 LU 239 (94.1) 15 (5.9) 45 299 254 NL 785 (94.8) 43 (5.2) 189 1017 828 N Sum 5426 653 3828 9907 N Valid Sum 5426 653 6079 printed 27.02.2012 page 39 Eurobarometer 22 - October-November 1984,GESIS Variable Report,64,ZA1321
v36,v36 1 2 3 N Sum N Valid Sum,ENERGY SUPPLIER: WESTERN EUROPE,isocntry M BE 575 (79.9) 145 (20.1) 315 1035 720 DE 762 (89.5) 89 (10.5) 202 1053 851 DK 279 (95.9) 12 (4.1) 699 990 291 FR 184 (60.5) 120 (39.5) 702 1006 304 GB-GBN 276 (71.3) 111 (28.7) 696 1083 387 GB-NIR 81 (81.8) 18 (18.2) 222 321 99 GR 76 (56.7) 58 (43.3) 866 1000 134 IE 278 (73.9) 98 (26.1) 632 1008 376 IT 129 (44.9) 158 (55.1) 810 1097 287 LU 151 (78.6) 41 (21.4) 107 299 192 NL 534 (82.0) 117 (18.0) 366 1017 651 N Sum 3325 967 5617 9909 N Valid Sum 3325 967 4292 printed 27.02.2012 page 40 Eurobarometer 22 - October-November 1984,isocntry M BE 575 (79.9) 145 (20.1) 315 1035 720 DE 762 (89.5) 89 (10.5) 202 1053 851 DK 279 (95.9) 12 (4.1) 699 990 291 FR 184 (60.5) 120 (39.5) 702 1006 304 GB-GBN 276 (71.3) 111 (28.7) 696 1083 387 GB-NIR 81 (81.8) 18 (18.2) 222 321 99 GR 76 (56.7) 58 (43.3) 866 1000 134 IE 278 (73.9) 98 (26.1) 632 1008 376 IT 129 (44.9) 158 (55.1) 810 1097 287 LU 151 (78.6) 41 (21.4) 107 299 192 NL 534 (82.0) 117 (18.0) 366 1017 651 N Sum 3325 967 5617 9909 N Valid Sum 3325 967 4292 printed 27.02.2012 page 40 Eurobarometer 22 - October-November 1984,GESIS Variable Report,65,ZA1321
v37,v37 1 2 3 N Sum N Valid Sum,ENERGY SUPPLIER: NORTH AFRICA,isocntry M BE 228 (32.9) 464 (67.1) 343 1035 692 DE 243 (33.1) 491 (66.9) 319 1053 734 DK 14 (11.3) 110 (88.7) 867 991 124 FR 202 (48.9) 211 (51.1) 592 1005 413 GB-GBN 52 (14.4) 308 (85.6) 724 1084 360 GB-NIR 11 (15.9) 58 (84.1) 252 321 69 GR 128 (73.6) 46 (26.4) 826 1000 174 IE 78 (24.4) 242 (75.6) 688 1008 320 IT 150 (42.5) 203 (57.5) 744 1097 353 LU 26 (18.6) 114 (81.4) 159 299 140 NL 132 (24.9) 398 (75.1) 488 1018 530 N Sum 1264 2645 6002 9911 N Valid Sum 1264 2645 3909 printed 27.02.2012 page 41 Eurobarometer 22 - October-November 1984,isocntry M BE 228 (32.9) 464 (67.1) 343 1035 692 DE 243 (33.1) 491 (66.9) 319 1053 734 DK 14 (11.3) 110 (88.7) 867 991 124 FR 202 (48.9) 211 (51.1) 592 1005 413 GB-GBN 52 (14.4) 308 (85.6) 724 1084 360 GB-NIR 11 (15.9) 58 (84.1) 252 321 69 GR 128 (73.6) 46 (26.4) 826 1000 174 IE 78 (24.4) 242 (75.6) 688 1008 320 IT 150 (42.5) 203 (57.5) 744 1097 353 LU 26 (18.6) 114 (81.4) 159 299 140 NL 132 (24.9) 398 (75.1) 488 1018 530 N Sum 1264 2645 6002 9911 N Valid Sum 1264 2645 3909 printed 27.02.2012 page 41 Eurobarometer 22 - October-November 1984,GESIS Variable Report,66,ZA1321
v38,v38 1 2 3 N Sum N Valid Sum,ENERGY SUPPLIER: RUSSIA,isocntry M BE 166 (21.0) 624 (79.0) 245 1035 790 DE 273 (31.5) 593 (68.5) 187 1053 866 DK 67 (21.6) 243 (78.4) 680 990 310 FR 155 (28.7) 385 (71.3) 465 1005 540 GB-GBN 68 (10.3) 594 (89.7) 422 1084 662 GB-NIR 19 (10.3) 165 (89.7) 137 321 184 GR 196 (72.1) 76 (27.9) 728 1000 272 IE 98 (18.4) 434 (81.6) 476 1008 532 IT 178 (35.2) 328 (64.8) 591 1097 506 LU 52 (23.6) 168 (76.4) 79 299 220 NL 137 (20.4) 533 (79.6) 347 1017 670 N Sum 1409 4143 4357 9909 N Valid Sum 1409 4143 5552 printed 27.02.2012 page 42 Eurobarometer 22 - October-November 1984,isocntry M BE 166 (21.0) 624 (79.0) 245 1035 790 DE 273 (31.5) 593 (68.5) 187 1053 866 DK 67 (21.6) 243 (78.4) 680 990 310 FR 155 (28.7) 385 (71.3) 465 1005 540 GB-GBN 68 (10.3) 594 (89.7) 422 1084 662 GB-NIR 19 (10.3) 165 (89.7) 137 321 184 GR 196 (72.1) 76 (27.9) 728 1000 272 IE 98 (18.4) 434 (81.6) 476 1008 532 IT 178 (35.2) 328 (64.8) 591 1097 506 LU 52 (23.6) 168 (76.4) 79 299 220 NL 137 (20.4) 533 (79.6) 347 1017 670 N Sum 1409 4143 4357 9909 N Valid Sum 1409 4143 5552 printed 27.02.2012 page 42 Eurobarometer 22 - October-November 1984,GESIS Variable Report,67,ZA1321
v39,v39 1 2 3 N Sum N Valid Sum,ENERGY SUPPLIER: SOUTH AMERICA,isocntry M BE 203 (29.8) 479 (70.2) 353 1035 682 DE 241 (31.8) 516 (68.2) 296 1053 757 DK 34 (21.8) 122 (78.2) 834 990 156 FR 73 (26.6) 201 (73.4) 731 1005 274 GB-GBN 50 (12.3) 358 (87.7) 675 1083 408 GB-NIR 30 (28.6) 75 (71.4) 216 321 105 GR 31 (31.6) 67 (68.4) 902 1000 98 IE 122 (32.7) 251 (67.3) 635 1008 373 IT 105 (34.8) 197 (65.2) 795 1097 302 LU 44 (27.8) 114 (72.2) 141 299 158 NL 120 (20.6) 463 (79.4) 434 1017 583 N Sum 1053 2843 6012 9908 N Valid Sum 1053 2843 3896 printed 27.02.2012 page 43 Eurobarometer 22 - October-November 1984,isocntry M BE 203 (29.8) 479 (70.2) 353 1035 682 DE 241 (31.8) 516 (68.2) 296 1053 757 DK 34 (21.8) 122 (78.2) 834 990 156 FR 73 (26.6) 201 (73.4) 731 1005 274 GB-GBN 50 (12.3) 358 (87.7) 675 1083 408 GB-NIR 30 (28.6) 75 (71.4) 216 321 105 GR 31 (31.6) 67 (68.4) 902 1000 98 IE 122 (32.7) 251 (67.3) 635 1008 373 IT 105 (34.8) 197 (65.2) 795 1097 302 LU 44 (27.8) 114 (72.2) 141 299 158 NL 120 (20.6) 463 (79.4) 434 1017 583 N Sum 1053 2843 6012 9908 N Valid Sum 1053 2843 3896 printed 27.02.2012 page 43 Eurobarometer 22 - October-November 1984,GESIS Variable Report,68,ZA1321
v40,v40 1 2 3 N Sum N Valid Sum,ENERGY SUPPLIER: SOUTHERN AFRICA,isocntry M BE 218 (32.4) 455 (67.6) 362 1035 673 DE 209 (29.0) 511 (71.0) 333 1053 720 DK 64 (27.8) 166 (72.2) 760 990 230 FR 59 (19.9) 237 (80.1) 709 1005 296 GB-GBN 58 (16.2) 299 (83.8) 726 1083 357 GB-NIR 11 (14.7) 64 (85.3) 246 321 75 GR 37 (33.6) 73 (66.4) 890 1000 110 IE 42 (12.9) 284 (87.1) 682 1008 326 IT 52 (18.5) 229 (81.5) 816 1097 281 LU 26 (16.5) 132 (83.5) 141 299 158 NL 109 (20.3) 428 (79.7) 480 1017 537 N Sum 885 2878 6145 9908 N Valid Sum 885 2878 3763 printed 27.02.2012 page 44 Eurobarometer 22 - October-November 1984,isocntry M BE 218 (32.4) 455 (67.6) 362 1035 673 DE 209 (29.0) 511 (71.0) 333 1053 720 DK 64 (27.8) 166 (72.2) 760 990 230 FR 59 (19.9) 237 (80.1) 709 1005 296 GB-GBN 58 (16.2) 299 (83.8) 726 1083 357 GB-NIR 11 (14.7) 64 (85.3) 246 321 75 GR 37 (33.6) 73 (66.4) 890 1000 110 IE 42 (12.9) 284 (87.1) 682 1008 326 IT 52 (18.5) 229 (81.5) 816 1097 281 LU 26 (16.5) 132 (83.5) 141 299 158 NL 109 (20.3) 428 (79.7) 480 1017 537 N Sum 885 2878 6145 9908 N Valid Sum 885 2878 3763 printed 27.02.2012 page 44 Eurobarometer 22 - October-November 1984,GESIS Variable Report,69,ZA1321
v41,v41 1 2 3 N Sum N Valid Sum,ENERGY SUPPLIER: USA AND CANADA,isocntry M BE 555 (73.0) 205 (27.0) 275 1035 760 DE 737 (88.4) 97 (11.6) 219 1053 834 DK 197 (90.0) 22 (10.0) 771 990 219 FR 312 (74.5) 107 (25.5) 586 1005 419 GB-GBN 462 (84.6) 84 (15.4) 537 1083 546 GB-NIR 153 (95.6) 7 (4.4) 161 321 160 GR 92 (33.0) 187 (67.0) 721 1000 279 IE 375 (84.1) 71 (15.9) 562 1008 446 IT 337 (73.6) 121 (26.4) 639 1097 458 LU 167 (82.3) 36 (17.7) 96 299 203 NL 567 (84.0) 108 (16.0) 342 1017 675 N Sum 3954 1045 4909 9908 N Valid Sum 3954 1045 4999 printed 27.02.2012 page 45 Eurobarometer 22 - October-November 1984,isocntry M BE 555 (73.0) 205 (27.0) 275 1035 760 DE 737 (88.4) 97 (11.6) 219 1053 834 DK 197 (90.0) 22 (10.0) 771 990 219 FR 312 (74.5) 107 (25.5) 586 1005 419 GB-GBN 462 (84.6) 84 (15.4) 537 1083 546 GB-NIR 153 (95.6) 7 (4.4) 161 321 160 GR 92 (33.0) 187 (67.0) 721 1000 279 IE 375 (84.1) 71 (15.9) 562 1008 446 IT 337 (73.6) 121 (26.4) 639 1097 458 LU 167 (82.3) 36 (17.7) 96 299 203 NL 567 (84.0) 108 (16.0) 342 1017 675 N Sum 3954 1045 4909 9908 N Valid Sum 3954 1045 4999 printed 27.02.2012 page 45 Eurobarometer 22 - October-November 1984,GESIS Variable Report,70,ZA1321
v42,v42 1 2 3 N Sum N Valid Sum,ENERGY SUPPLIER: MIDDLE EAST,isocntry M BE 258 (33.2) 518 (66.8) 259 1035 776 DE 202 (24.5) 622 (75.5) 229 1053 824 DK 281 (52.6) 253 (47.4) 456 990 534 FR 229 (41.6) 321 (58.4) 454 1004 550 GB-GBN 284 (41.3) 403 (58.7) 396 1083 687 GB-NIR 53 (31.2) 117 (68.8) 151 321 170 GR 310 (90.9) 31 (9.1) 659 1000 341 IE 282 (49.0) 294 (51.0) 432 1008 576 IT 284 (52.3) 259 (47.7) 554 1097 543 LU 70 (37.2) 118 (62.8) 111 299 188 NL 224 (29.4) 537 (70.6) 257 1018 761 N Sum 2477 3473 3958 9908 N Valid Sum 2477 3473 5950 printed 27.02.2012 page 46 Eurobarometer 22 - October-November 1984,isocntry M BE 258 (33.2) 518 (66.8) 259 1035 776 DE 202 (24.5) 622 (75.5) 229 1053 824 DK 281 (52.6) 253 (47.4) 456 990 534 FR 229 (41.6) 321 (58.4) 454 1004 550 GB-GBN 284 (41.3) 403 (58.7) 396 1083 687 GB-NIR 53 (31.2) 117 (68.8) 151 321 170 GR 310 (90.9) 31 (9.1) 659 1000 341 IE 282 (49.0) 294 (51.0) 432 1008 576 IT 284 (52.3) 259 (47.7) 554 1097 543 LU 70 (37.2) 118 (62.8) 111 299 188 NL 224 (29.4) 537 (70.6) 257 1018 761 N Sum 2477 3473 3958 9908 N Valid Sum 2477 3473 5950 printed 27.02.2012 page 46 Eurobarometer 22 - October-November 1984,GESIS Variable Report,71,ZA1321
v43,v43 1 2 3 N Sum N Valid Sum,ENERGY SUPPLIER: CENTRAL AFRICA,isocntry M BE 203 (29.8) 479 (70.2) 353 1035 682 DE 111 (14.9) 632 (85.1) 311 1054 743 DK 11 (7.7) 131 (92.3) 848 990 142 FR 93 (33.7) 183 (66.3) 729 1005 276 GB-GBN 49 (13.6) 311 (86.4) 723 1083 360 GB-NIR 5 (6.0) 79 (94.0) 237 321 84 GR 31 (38.3) 50 (61.7) 919 1000 81 IE 45 (13.9) 279 (86.1) 684 1008 324 IT 40 (14.3) 240 (85.7) 817 1097 280 LU 13 (8.6) 139 (91.4) 147 299 152 NL 87 (16.7) 434 (83.3) 497 1018 521 N Sum 688 2957 6265 9910 N Valid Sum 688 2957 3645 printed 27.02.2012 page 47 Eurobarometer 22 - October-November 1984,isocntry M BE 203 (29.8) 479 (70.2) 353 1035 682 DE 111 (14.9) 632 (85.1) 311 1054 743 DK 11 (7.7) 131 (92.3) 848 990 142 FR 93 (33.7) 183 (66.3) 729 1005 276 GB-GBN 49 (13.6) 311 (86.4) 723 1083 360 GB-NIR 5 (6.0) 79 (94.0) 237 321 84 GR 31 (38.3) 50 (61.7) 919 1000 81 IE 45 (13.9) 279 (86.1) 684 1008 324 IT 40 (14.3) 240 (85.7) 817 1097 280 LU 13 (8.6) 139 (91.4) 147 299 152 NL 87 (16.7) 434 (83.3) 497 1018 521 N Sum 688 2957 6265 9910 N Valid Sum 688 2957 3645 printed 27.02.2012 page 47 Eurobarometer 22 - October-November 1984,GESIS Variable Report,72,ZA1321
v44,v44 1 2 3 N Sum N Valid Sum,ENERGY SUPPLIER: AUSTRALIA,isocntry M BE 421 (63.3) 244 (36.7) 370 1035 665 DE 563 (77.1) 167 (22.9) 323 1053 730 DK 89 (91.8) 8 (8.2) 893 990 97 FR 115 (43.4) 150 (56.6) 740 1005 265 GB-GBN 426 (84.4) 79 (15.6) 578 1083 505 GB-NIR 60 (72.3) 23 (27.7) 238 321 83 GR 64 (57.1) 48 (42.9) 888 1000 112 IE 124 (37.9) 203 (62.1) 681 1008 327 IT 92 (29.6) 219 (70.4) 786 1097 311 LU 58 (42.3) 79 (57.7) 162 299 137 NL 447 (77.3) 131 (22.7) 439 1017 578 N Sum 2459 1351 6098 9908 N Valid Sum 2459 1351 3810 printed 27.02.2012 page 48 Eurobarometer 22 - October-November 1984,isocntry M BE 421 (63.3) 244 (36.7) 370 1035 665 DE 563 (77.1) 167 (22.9) 323 1053 730 DK 89 (91.8) 8 (8.2) 893 990 97 FR 115 (43.4) 150 (56.6) 740 1005 265 GB-GBN 426 (84.4) 79 (15.6) 578 1083 505 GB-NIR 60 (72.3) 23 (27.7) 238 321 83 GR 64 (57.1) 48 (42.9) 888 1000 112 IE 124 (37.9) 203 (62.1) 681 1008 327 IT 92 (29.6) 219 (70.4) 786 1097 311 LU 58 (42.3) 79 (57.7) 162 299 137 NL 447 (77.3) 131 (22.7) 439 1017 578 N Sum 2459 1351 6098 9908 N Valid Sum 2459 1351 3810 printed 27.02.2012 page 48 Eurobarometer 22 - October-November 1984,GESIS Variable Report,73,ZA1321
v45,v45 0 1 2 3 N Sum N Valid Sum,ENERGY PROBLEM - POLICY PREFERENCE,isocntry M BE 108 327 (35.3) 367 (39.6) 233 (25.1) 1035 927 DE 72 160 (16.3) 389 (39.7) 432 (44.0) 1053 981 DK 179 151 (18.6) 334 (41.2) 326 (40.2) 990 811 FR 104 140 (15.5) 559 (62.0) 203 (22.5) 1006 902 GB-GBN 94 116 (11.7) 601 (60.8) 271 (27.4) 1082 988 GB-NIR 23 115 (38.6) 123 (41.3) 60 (20.1) 321 298 GR 212 128 (16.2) 426 (54.1) 234 (29.7) 1000 788 IE 95 269 (29.5) 518 (56.7) 126 (13.8) 1008 913 IT 100 280 (28.1) 414 (41.5) 303 (30.4) 1097 997 LU 18 71 (25.3) 80 (28.5) 130 (46.3) 299 281 NL 54 149 (15.5) 347 (36.0) 468 (48.5) 1018 964 N Sum 1059 1906 4158 2786 9909 N Valid Sum 1906 4158 2786 8850 printed 27.02.2012 page 49 Eurobarometer 22 - October-November 1984,isocntry M BE 108 327 (35.3) 367 (39.6) 233 (25.1) 1035 927 DE 72 160 (16.3) 389 (39.7) 432 (44.0) 1053 981 DK 179 151 (18.6) 334 (41.2) 326 (40.2) 990 811 FR 104 140 (15.5) 559 (62.0) 203 (22.5) 1006 902 GB-GBN 94 116 (11.7) 601 (60.8) 271 (27.4) 1082 988 GB-NIR 23 115 (38.6) 123 (41.3) 60 (20.1) 321 298 GR 212 128 (16.2) 426 (54.1) 234 (29.7) 1000 788 IE 95 269 (29.5) 518 (56.7) 126 (13.8) 1008 913 IT 100 280 (28.1) 414 (41.5) 303 (30.4) 1097 997 LU 18 71 (25.3) 80 (28.5) 130 (46.3) 299 281 NL 54 149 (15.5) 347 (36.0) 468 (48.5) 1018 964 N Sum 1059 1906 4158 2786 9909 N Valid Sum 1906 4158 2786 8850 printed 27.02.2012 page 49 Eurobarometer 22 - October-November 1984,GESIS Variable Report,74,ZA1321
v46,,ENERGY PROBLEMS - SOLUTION 1ST,,ENERGY PROBLEMS - SOLUTION 1ST,GESIS Variable Report,75,ZA1321
v47,,ENERGY PROBLEMS - SOLUTION 2ND,,ENERGY PROBLEMS - SOLUTION 2ND,GESIS Variable Report,76,ZA1321
v48,v48 0 1 2 3 4 N Sum N Valid Sum,ENERGY WASTED - SITUATIUON,isocntry M BE 39 241 (24.2) 462 (46.4) 196 (19.7) 97 (9.7) 1035 996 DE 52 138 (13.8) 461 (46.1) 323 (32.3) 78 (7.8) 1052 1000 DK 91 230 (25.6) 421 (46.8) 209 (23.2) 39 (4.3) 990 899 FR 31 230 (23.6) 499 (51.3) 191 (19.6) 53 (5.4) 1004 973 GB-GBN 43 315 (30.3) 450 (43.3) 217 (20.9) 58 (5.6) 1083 1040 GB-NIR 29 44 (15.1) 99 (33.9) 118 (40.4) 31 (10.6) 321 292 GR 89 202 (22.2) 472 (51.8) 203 (22.3) 34 (3.7) 1000 911 IE 42 304 (31.5) 386 (40.0) 238 (24.6) 38 (3.9) 1008 966 IT 30 367 (34.4) 490 (45.9) 169 (15.8) 41 (3.8) 1097 1067 LU 4 45 (15.3) 153 (51.9) 70 (23.7) 27 (9.2) 299 295 NL 38 123 (12.6) 496 (50.6) 267 (27.2) 94 (9.6) 1018 980 N Sum 488 2239 4389 2201 590 9907 N Valid Sum 2239 4389 2201 590 9419 printed 27.02.2012 page 52 Eurobarometer 22 - October-November 1984,isocntry M BE 39 241 (24.2) 462 (46.4) 196 (19.7) 97 (9.7) 1035 996 DE 52 138 (13.8) 461 (46.1) 323 (32.3) 78 (7.8) 1052 1000 DK 91 230 (25.6) 421 (46.8) 209 (23.2) 39 (4.3) 990 899 FR 31 230 (23.6) 499 (51.3) 191 (19.6) 53 (5.4) 1004 973 GB-GBN 43 315 (30.3) 450 (43.3) 217 (20.9) 58 (5.6) 1083 1040 GB-NIR 29 44 (15.1) 99 (33.9) 118 (40.4) 31 (10.6) 321 292 GR 89 202 (22.2) 472 (51.8) 203 (22.3) 34 (3.7) 1000 911 IE 42 304 (31.5) 386 (40.0) 238 (24.6) 38 (3.9) 1008 966 IT 30 367 (34.4) 490 (45.9) 169 (15.8) 41 (3.8) 1097 1067 LU 4 45 (15.3) 153 (51.9) 70 (23.7) 27 (9.2) 299 295 NL 38 123 (12.6) 496 (50.6) 267 (27.2) 94 (9.6) 1018 980 N Sum 488 2239 4389 2201 590 9907 N Valid Sum 2239 4389 2201 590 9419 printed 27.02.2012 page 52 Eurobarometer 22 - October-November 1984,GESIS Variable Report,77,ZA1321
v49,v49 0 1 2 N Sum N Valid Sum,ENERGY REDUCTION - POLICY PREFERENCE,isocntry M BE 55 335 (34.2) 645 (65.8) 1035 980 DE 86 355 (36.7) 612 (63.3) 1053 967 DK 79 286 (31.4) 625 (68.6) 990 911 FR 39 345 (35.7) 621 (64.3) 1005 966 GB-GBN 47 306 (29.6) 729 (70.4) 1082 1035 GB-NIR 10 91 (29.3) 220 (70.7) 321 311 GR 85 551 (60.2) 364 (39.8) 1000 915 IE 75 279 (29.9) 654 (70.1) 1008 933 IT 25 596 (55.6) 476 (44.4) 1097 1072 LU 8 107 (36.8) 184 (63.2) 299 291 NL 45 455 (46.8) 518 (53.2) 1018 973 N Sum 554 3706 5648 9908 N Valid Sum 3706 5648 9354 printed 27.02.2012 page 53 Eurobarometer 22 - October-November 1984,isocntry M BE 55 335 (34.2) 645 (65.8) 1035 980 DE 86 355 (36.7) 612 (63.3) 1053 967 DK 79 286 (31.4) 625 (68.6) 990 911 FR 39 345 (35.7) 621 (64.3) 1005 966 GB-GBN 47 306 (29.6) 729 (70.4) 1082 1035 GB-NIR 10 91 (29.3) 220 (70.7) 321 311 GR 85 551 (60.2) 364 (39.8) 1000 915 IE 75 279 (29.9) 654 (70.1) 1008 933 IT 25 596 (55.6) 476 (44.4) 1097 1072 LU 8 107 (36.8) 184 (63.2) 299 291 NL 45 455 (46.8) 518 (53.2) 1018 973 N Sum 554 3706 5648 9908 N Valid Sum 3706 5648 9354 printed 27.02.2012 page 53 Eurobarometer 22 - October-November 1984,GESIS Variable Report,78,ZA1321
v50,v50 0 1 2 3 4 N Sum N Valid Sum,ENERGY POLICY: FINANCE RESEARCH,isocntry M BE 53 580 (59.1) 322 (32.8) 48 (4.9) 32 (3.3) 1035 982 DE 20 598 (57.9) 373 (36.1) 56 (5.4) 6 (0.6) 1053 1033 DK 129 496 (57.7) 311 (36.2) 33 (3.8) 20 (2.3) 989 860 FR 44 598 (62.2) 279 (29.0) 63 (6.5) 22 (2.3) 1006 962 GB-GBN 55 658 (63.9) 289 (28.1) 39 (3.8) 43 (4.2) 1084 1029 GB-NIR 16 139 (45.6) 124 (40.7) 22 (7.2) 20 (6.6) 321 305 GR 218 470 (60.1) 278 (35.5) 22 (2.8) 12 (1.5) 1000 782 IE 83 410 (44.3) 361 (39.0) 87 (9.4) 67 (7.2) 1008 925 IT 66 707 (68.6) 261 (25.3) 42 (4.1) 21 (2.0) 1097 1031 LU 7 136 (46.6) 106 (36.3) 31 (10.6) 19 (6.5) 299 292 NL 19 676 (67.7) 273 (27.4) 35 (3.5) 14 (1.4) 1017 998 N Sum 710 5468 2977 478 276 9909 N Valid Sum 5468 2977 478 276 9199 printed 27.02.2012 page 54 Eurobarometer 22 - October-November 1984,isocntry M BE 53 580 (59.1) 322 (32.8) 48 (4.9) 32 (3.3) 1035 982 DE 20 598 (57.9) 373 (36.1) 56 (5.4) 6 (0.6) 1053 1033 DK 129 496 (57.7) 311 (36.2) 33 (3.8) 20 (2.3) 989 860 FR 44 598 (62.2) 279 (29.0) 63 (6.5) 22 (2.3) 1006 962 GB-GBN 55 658 (63.9) 289 (28.1) 39 (3.8) 43 (4.2) 1084 1029 GB-NIR 16 139 (45.6) 124 (40.7) 22 (7.2) 20 (6.6) 321 305 GR 218 470 (60.1) 278 (35.5) 22 (2.8) 12 (1.5) 1000 782 IE 83 410 (44.3) 361 (39.0) 87 (9.4) 67 (7.2) 1008 925 IT 66 707 (68.6) 261 (25.3) 42 (4.1) 21 (2.0) 1097 1031 LU 7 136 (46.6) 106 (36.3) 31 (10.6) 19 (6.5) 299 292 NL 19 676 (67.7) 273 (27.4) 35 (3.5) 14 (1.4) 1017 998 N Sum 710 5468 2977 478 276 9909 N Valid Sum 5468 2977 478 276 9199 printed 27.02.2012 page 54 Eurobarometer 22 - October-November 1984,GESIS Variable Report,79,ZA1321
v51,v51 0 1 2 3 4 N Sum N Valid Sum,ENERGY POLICY: SUPPORT SAVING BEHAV,isocntry M BE 44 449 (45.3) 354 (35.7) 113 (11.4) 75 (7.6) 1035 991 DE 38 425 (41.8) 433 (42.6) 126 (12.4) 32 (3.1) 1054 1016 DK 106 327 (37.0) 412 (46.7) 79 (8.9) 65 (7.4) 989 883 FR 38 437 (45.1) 366 (37.8) 103 (10.6) 62 (6.4) 1006 968 GB-GBN 47 422 (40.7) 416 (40.1) 92 (8.9) 107 (10.3) 1084 1037 GB-NIR 10 135 (43.4) 133 (42.8) 21 (6.8) 22 (7.1) 321 311 GR 218 422 (54.0) 292 (37.3) 50 (6.4) 18 (2.3) 1000 782 IE 74 343 (36.7) 426 (45.6) 108 (11.6) 57 (6.1) 1008 934 IT 97 332 (33.2) 389 (38.9) 149 (14.9) 130 (13.0) 1097 1000 LU 5 150 (51.0) 116 (39.5) 16 (5.4) 12 (4.1) 299 294 NL 33 379 (38.5) 408 (41.5) 110 (11.2) 87 (8.8) 1017 984 N Sum 710 3821 3745 967 667 9910 N Valid Sum 3821 3745 967 667 9200 printed 27.02.2012 page 55 Eurobarometer 22 - October-November 1984,isocntry M BE 44 449 (45.3) 354 (35.7) 113 (11.4) 75 (7.6) 1035 991 DE 38 425 (41.8) 433 (42.6) 126 (12.4) 32 (3.1) 1054 1016 DK 106 327 (37.0) 412 (46.7) 79 (8.9) 65 (7.4) 989 883 FR 38 437 (45.1) 366 (37.8) 103 (10.6) 62 (6.4) 1006 968 GB-GBN 47 422 (40.7) 416 (40.1) 92 (8.9) 107 (10.3) 1084 1037 GB-NIR 10 135 (43.4) 133 (42.8) 21 (6.8) 22 (7.1) 321 311 GR 218 422 (54.0) 292 (37.3) 50 (6.4) 18 (2.3) 1000 782 IE 74 343 (36.7) 426 (45.6) 108 (11.6) 57 (6.1) 1008 934 IT 97 332 (33.2) 389 (38.9) 149 (14.9) 130 (13.0) 1097 1000 LU 5 150 (51.0) 116 (39.5) 16 (5.4) 12 (4.1) 299 294 NL 33 379 (38.5) 408 (41.5) 110 (11.2) 87 (8.8) 1017 984 N Sum 710 3821 3745 967 667 9910 N Valid Sum 3821 3745 967 667 9200 printed 27.02.2012 page 55 Eurobarometer 22 - October-November 1984,GESIS Variable Report,80,ZA1321
v52,v52 0 1 2 3 4 N Sum N Valid Sum,ENERGY POLICY: SUBSIDIZE PRICES,isocntry M BE 63 488 (50.2) 286 (29.4) 82 (8.4) 116 (11.9) 1035 972 DE 40 347 (34.3) 438 (43.2) 160 (15.8) 68 (6.7) 1053 1013 DK 160 185 (22.3) 344 (41.4) 158 (19.0) 144 (17.3) 991 831 FR 75 376 (40.5) 308 (33.2) 132 (14.2) 113 (12.2) 1004 929 GB-GBN 64 366 (35.9) 350 (34.3) 146 (14.3) 157 (15.4) 1083 1019 GB-NIR 14 139 (45.3) 130 (42.3) 24 (7.8) 14 (4.6) 321 307 GR 253 401 (53.7) 249 (33.3) 60 (8.0) 37 (5.0) 1000 747 IE 90 334 (36.4) 374 (40.7) 129 (14.1) 81 (8.8) 1008 918 IT 132 358 (37.1) 393 (40.7) 117 (12.1) 97 (10.1) 1097 965 LU 14 96 (33.7) 116 (40.7) 43 (15.1) 30 (10.5) 299 285 NL 62 350 (36.6) 348 (36.4) 142 (14.9) 115 (12.0) 1017 955 N Sum 967 3440 3336 1193 972 9908 N Valid Sum 3440 3336 1193 972 8941 printed 27.02.2012 page 56 Eurobarometer 22 - October-November 1984,isocntry M BE 63 488 (50.2) 286 (29.4) 82 (8.4) 116 (11.9) 1035 972 DE 40 347 (34.3) 438 (43.2) 160 (15.8) 68 (6.7) 1053 1013 DK 160 185 (22.3) 344 (41.4) 158 (19.0) 144 (17.3) 991 831 FR 75 376 (40.5) 308 (33.2) 132 (14.2) 113 (12.2) 1004 929 GB-GBN 64 366 (35.9) 350 (34.3) 146 (14.3) 157 (15.4) 1083 1019 GB-NIR 14 139 (45.3) 130 (42.3) 24 (7.8) 14 (4.6) 321 307 GR 253 401 (53.7) 249 (33.3) 60 (8.0) 37 (5.0) 1000 747 IE 90 334 (36.4) 374 (40.7) 129 (14.1) 81 (8.8) 1008 918 IT 132 358 (37.1) 393 (40.7) 117 (12.1) 97 (10.1) 1097 965 LU 14 96 (33.7) 116 (40.7) 43 (15.1) 30 (10.5) 299 285 NL 62 350 (36.6) 348 (36.4) 142 (14.9) 115 (12.0) 1017 955 N Sum 967 3440 3336 1193 972 9908 N Valid Sum 3440 3336 1193 972 8941 printed 27.02.2012 page 56 Eurobarometer 22 - October-November 1984,GESIS Variable Report,81,ZA1321
v53,v53 0 1 2 3 4 5 N Sum N Valid Sum,ENERGY FORMS COMPARED: STABLE PRICE,isocntry M BE 100 369 (39.5) 43 (4.6) 249 (26.6) 154 (16.5) 120 (12.8) 1035 935 DE 157 214 (23.9) 81 (9.0) 202 (22.5) 222 (24.8) 177 (19.8) 1053 896 DK 226 83 (10.8) 126 (16.5) 331 (43.3) 98 (12.8) 127 (16.6) 991 765 FR 42 137 (14.2) 55 (5.7) 157 (16.3) 378 (39.3) 236 (24.5) 1005 963 GB-GBN 109 169 (17.4) 58 (6.0) 460 (47.2) 225 (23.1) 62 (6.4) 1083 974 GB-NIR 60 157 (60.2) 30 (11.5) 48 (18.4) 15 (5.7) 11 (4.2) 321 261 GR 287 156 (21.9) 111 (15.6) 92 (12.9) 26 (3.6) 328 (46.0) 1000 713 IE 176 337 (40.5) 45 (5.4) 357 (42.9) 33 (4.0) 60 (7.2) 1008 832 IT 171 175 (18.9) 77 (8.3) 233 (25.2) 169 (18.3) 272 (29.4) 1097 926 LU 42 77 (30.0) 25 (9.7) 80 (31.1) 30 (11.7) 45 (17.5) 299 257 NL 114 69 (7.6) 36 (4.0) 439 (48.6) 173 (19.2) 186 (20.6) 1017 903 N Sum 1484 1943 687 2648 1523 1624 9909 N Valid Sum 1943 687 2648 1523 1624 8425 printed 27.02.2012 page 57 Eurobarometer 22 - October-November 1984,isocntry M BE 100 369 (39.5) 43 (4.6) 249 (26.6) 154 (16.5) 120 (12.8) 1035 935 DE 157 214 (23.9) 81 (9.0) 202 (22.5) 222 (24.8) 177 (19.8) 1053 896 DK 226 83 (10.8) 126 (16.5) 331 (43.3) 98 (12.8) 127 (16.6) 991 765 FR 42 137 (14.2) 55 (5.7) 157 (16.3) 378 (39.3) 236 (24.5) 1005 963 GB-GBN 109 169 (17.4) 58 (6.0) 460 (47.2) 225 (23.1) 62 (6.4) 1083 974 GB-NIR 60 157 (60.2) 30 (11.5) 48 (18.4) 15 (5.7) 11 (4.2) 321 261 GR 287 156 (21.9) 111 (15.6) 92 (12.9) 26 (3.6) 328 (46.0) 1000 713 IE 176 337 (40.5) 45 (5.4) 357 (42.9) 33 (4.0) 60 (7.2) 1008 832 IT 171 175 (18.9) 77 (8.3) 233 (25.2) 169 (18.3) 272 (29.4) 1097 926 LU 42 77 (30.0) 25 (9.7) 80 (31.1) 30 (11.7) 45 (17.5) 299 257 NL 114 69 (7.6) 36 (4.0) 439 (48.6) 173 (19.2) 186 (20.6) 1017 903 N Sum 1484 1943 687 2648 1523 1624 9909 N Valid Sum 1943 687 2648 1523 1624 8425 printed 27.02.2012 page 57 Eurobarometer 22 - October-November 1984,GESIS Variable Report,82,ZA1321
v54,v54 0 1 2 3 4 5 N Sum N Valid Sum,ENERGY FORMS COMPARED: RELIAB SUPPLY,isocntry M BE 92 293 (31.1) 74 (7.8) 254 (26.9) 191 (20.3) 131 (13.9) 1035 943 DE 117 262 (28.0) 119 (12.7) 177 (18.9) 231 (24.7) 147 (15.7) 1053 936 DK 227 79 (10.3) 135 (17.7) 282 (36.9) 109 (14.3) 159 (20.8) 991 764 FR 28 120 (12.3) 62 (6.3) 151 (15.5) 329 (33.7) 315 (32.2) 1005 977 GB-GBN 86 231 (23.2) 85 (8.5) 424 (42.5) 196 (19.7) 61 (6.1) 1083 997 GB-NIR 35 156 (54.5) 47 (16.4) 44 (15.4) 26 (9.1) 13 (4.5) 321 286 GR 249 124 (16.5) 209 (27.8) 64 (8.5) 53 (7.1) 301 (40.1) 1000 751 IE 115 397 (44.5) 76 (8.5) 333 (37.3) 39 (4.4) 48 (5.4) 1008 893 IT 160 113 (12.1) 134 (14.3) 196 (20.9) 181 (19.3) 313 (33.4) 1097 937 LU 22 72 (26.0) 31 (11.2) 65 (23.5) 56 (20.2) 53 (19.1) 299 277 NL 71 66 (7.0) 53 (5.6) 557 (58.9) 136 (14.4) 134 (14.2) 1017 946 N Sum 1202 1913 1025 2547 1547 1675 9909 N Valid Sum 1913 1025 2547 1547 1675 8707 printed 27.02.2012 page 58 Eurobarometer 22 - October-November 1984,isocntry M BE 92 293 (31.1) 74 (7.8) 254 (26.9) 191 (20.3) 131 (13.9) 1035 943 DE 117 262 (28.0) 119 (12.7) 177 (18.9) 231 (24.7) 147 (15.7) 1053 936 DK 227 79 (10.3) 135 (17.7) 282 (36.9) 109 (14.3) 159 (20.8) 991 764 FR 28 120 (12.3) 62 (6.3) 151 (15.5) 329 (33.7) 315 (32.2) 1005 977 GB-GBN 86 231 (23.2) 85 (8.5) 424 (42.5) 196 (19.7) 61 (6.1) 1083 997 GB-NIR 35 156 (54.5) 47 (16.4) 44 (15.4) 26 (9.1) 13 (4.5) 321 286 GR 249 124 (16.5) 209 (27.8) 64 (8.5) 53 (7.1) 301 (40.1) 1000 751 IE 115 397 (44.5) 76 (8.5) 333 (37.3) 39 (4.4) 48 (5.4) 1008 893 IT 160 113 (12.1) 134 (14.3) 196 (20.9) 181 (19.3) 313 (33.4) 1097 937 LU 22 72 (26.0) 31 (11.2) 65 (23.5) 56 (20.2) 53 (19.1) 299 277 NL 71 66 (7.0) 53 (5.6) 557 (58.9) 136 (14.4) 134 (14.2) 1017 946 N Sum 1202 1913 1025 2547 1547 1675 9909 N Valid Sum 1913 1025 2547 1547 1675 8707 printed 27.02.2012 page 58 Eurobarometer 22 - October-November 1984,GESIS Variable Report,83,ZA1321
v55,v55 0 1 2 3 4 5 N Sum N Valid Sum,ENERGY FORMS COMPARED: LOW POLLUTION,isocntry M BE 70 217 (22.5) 18 (1.9) 195 (20.2) 79 (8.2) 456 (47.3) 1035 965 DE 77 67 (6.9) 26 (2.7) 184 (18.9) 180 (18.4) 519 (53.2) 1053 976 DK 131 31 (3.6) 19 (2.2) 249 (29.0) 100 (11.6) 461 (53.6) 991 860 FR 14 79 (8.0) 18 (1.8) 66 (6.7) 118 (11.9) 709 (71.6) 1004 990 GB-GBN 137 150 (15.9) 50 (5.3) 387 (40.9) 80 (8.5) 279 (29.5) 1083 946 GB-NIR 54 81 (30.3) 45 (16.9) 63 (23.6) 23 (8.6) 55 (20.6) 321 267 GR 169 66 (7.9) 54 (6.5) 79 (9.5) 25 (3.0) 607 (73.0) 1000 831 IE 155 247 (29.0) 84 (9.8) 302 (35.4) 43 (5.0) 177 (20.8) 1008 853 IT 106 73 (7.4) 33 (3.3) 104 (10.5) 60 (6.1) 721 (72.8) 1097 991 LU 16 14 (4.9) 8 (2.8) 71 (25.1) 31 (11.0) 159 (56.2) 299 283 NL 67 37 (3.9) 12 (1.3) 181 (19.1) 106 (11.2) 614 (64.6) 1017 950 N Sum 996 1062 367 1881 845 4757 9908 N Valid Sum 1062 367 1881 845 4757 8912 printed 27.02.2012 page 59 Eurobarometer 22 - October-November 1984,isocntry M BE 70 217 (22.5) 18 (1.9) 195 (20.2) 79 (8.2) 456 (47.3) 1035 965 DE 77 67 (6.9) 26 (2.7) 184 (18.9) 180 (18.4) 519 (53.2) 1053 976 DK 131 31 (3.6) 19 (2.2) 249 (29.0) 100 (11.6) 461 (53.6) 991 860 FR 14 79 (8.0) 18 (1.8) 66 (6.7) 118 (11.9) 709 (71.6) 1004 990 GB-GBN 137 150 (15.9) 50 (5.3) 387 (40.9) 80 (8.5) 279 (29.5) 1083 946 GB-NIR 54 81 (30.3) 45 (16.9) 63 (23.6) 23 (8.6) 55 (20.6) 321 267 GR 169 66 (7.9) 54 (6.5) 79 (9.5) 25 (3.0) 607 (73.0) 1000 831 IE 155 247 (29.0) 84 (9.8) 302 (35.4) 43 (5.0) 177 (20.8) 1008 853 IT 106 73 (7.4) 33 (3.3) 104 (10.5) 60 (6.1) 721 (72.8) 1097 991 LU 16 14 (4.9) 8 (2.8) 71 (25.1) 31 (11.0) 159 (56.2) 299 283 NL 67 37 (3.9) 12 (1.3) 181 (19.1) 106 (11.2) 614 (64.6) 1017 950 N Sum 996 1062 367 1881 845 4757 9908 N Valid Sum 1062 367 1881 845 4757 8912 printed 27.02.2012 page 59 Eurobarometer 22 - October-November 1984,GESIS Variable Report,84,ZA1321
v56,v56 1 2 3 N Sum N Valid Sum,EC COMMON POLICY: REGIONAL DIFF,isocntry M BE 237 (25.3) 699 (74.7) 99 1035 936 DE 127 (13.6) 807 (86.4) 119 1053 934 DK 296 (34.6) 560 (65.4) 134 990 856 FR 357 (37.9) 585 (62.1) 63 1005 942 GB-GBN 238 (24.1) 750 (75.9) 95 1083 988 GB-NIR 71 (24.1) 224 (75.9) 26 321 295 GR 187 (21.9) 665 (78.1) 148 1000 852 IE 157 (16.9) 770 (83.1) 81 1008 927 IT 423 (41.1) 606 (58.9) 68 1097 1029 LU 58 (20.4) 227 (79.6) 14 299 285 NL 276 (29.0) 675 (71.0) 66 1017 951 N Sum 2427 6568 913 9908 N Valid Sum 2427 6568 8995 printed 27.02.2012 page 60 Eurobarometer 22 - October-November 1984,isocntry M BE 237 (25.3) 699 (74.7) 99 1035 936 DE 127 (13.6) 807 (86.4) 119 1053 934 DK 296 (34.6) 560 (65.4) 134 990 856 FR 357 (37.9) 585 (62.1) 63 1005 942 GB-GBN 238 (24.1) 750 (75.9) 95 1083 988 GB-NIR 71 (24.1) 224 (75.9) 26 321 295 GR 187 (21.9) 665 (78.1) 148 1000 852 IE 157 (16.9) 770 (83.1) 81 1008 927 IT 423 (41.1) 606 (58.9) 68 1097 1029 LU 58 (20.4) 227 (79.6) 14 299 285 NL 276 (29.0) 675 (71.0) 66 1017 951 N Sum 2427 6568 913 9908 N Valid Sum 2427 6568 8995 printed 27.02.2012 page 60 Eurobarometer 22 - October-November 1984,GESIS Variable Report,85,ZA1321
v57,v57 1 2 3 N Sum N Valid Sum,EC COMMON POLICY: ENVIRONMENT PROT,isocntry M BE 207 (21.2) 771 (78.8) 57 1035 978 DE 155 (15.1) 872 (84.9) 26 1053 1027 DK 285 (30.6) 645 (69.4) 60 990 930 FR 168 (17.2) 809 (82.8) 28 1005 977 GB-GBN 298 (29.1) 725 (70.9) 60 1083 1023 GB-NIR 122 (41.4) 173 (58.6) 26 321 295 GR 344 (38.2) 557 (61.8) 99 1000 901 IE 376 (39.2) 584 (60.8) 48 1008 960 IT 186 (17.8) 859 (82.2) 52 1097 1045 LU 49 (16.6) 246 (83.4) 4 299 295 NL 214 (21.8) 766 (78.2) 38 1018 980 N Sum 2404 7007 498 9909 N Valid Sum 2404 7007 9411 printed 27.02.2012 page 61 Eurobarometer 22 - October-November 1984,isocntry M BE 207 (21.2) 771 (78.8) 57 1035 978 DE 155 (15.1) 872 (84.9) 26 1053 1027 DK 285 (30.6) 645 (69.4) 60 990 930 FR 168 (17.2) 809 (82.8) 28 1005 977 GB-GBN 298 (29.1) 725 (70.9) 60 1083 1023 GB-NIR 122 (41.4) 173 (58.6) 26 321 295 GR 344 (38.2) 557 (61.8) 99 1000 901 IE 376 (39.2) 584 (60.8) 48 1008 960 IT 186 (17.8) 859 (82.2) 52 1097 1045 LU 49 (16.6) 246 (83.4) 4 299 295 NL 214 (21.8) 766 (78.2) 38 1018 980 N Sum 2404 7007 498 9909 N Valid Sum 2404 7007 9411 printed 27.02.2012 page 61 Eurobarometer 22 - October-November 1984,GESIS Variable Report,86,ZA1321
v58,v58 1 2 3 N Sum N Valid Sum,EC COMMON POLICY: RISING PRICES,isocntry M BE 207 (21.1) 775 (78.9) 53 1035 982 DE 389 (38.9) 610 (61.1) 55 1054 999 DK 413 (46.3) 479 (53.7) 97 989 892 FR 241 (24.7) 734 (75.3) 30 1005 975 GB-GBN 401 (39.2) 622 (60.8) 60 1083 1023 GB-NIR 89 (28.8) 220 (71.2) 12 321 309 GR 300 (33.5) 595 (66.5) 105 1000 895 IE 384 (39.1) 597 (60.9) 27 1008 981 IT 223 (21.5) 813 (78.5) 61 1097 1036 LU 55 (19.0) 235 (81.0) 9 299 290 NL 332 (35.0) 616 (65.0) 69 1017 948 N Sum 3034 6296 578 9908 N Valid Sum 3034 6296 9330 printed 27.02.2012 page 62 Eurobarometer 22 - October-November 1984,isocntry M BE 207 (21.1) 775 (78.9) 53 1035 982 DE 389 (38.9) 610 (61.1) 55 1054 999 DK 413 (46.3) 479 (53.7) 97 989 892 FR 241 (24.7) 734 (75.3) 30 1005 975 GB-GBN 401 (39.2) 622 (60.8) 60 1083 1023 GB-NIR 89 (28.8) 220 (71.2) 12 321 309 GR 300 (33.5) 595 (66.5) 105 1000 895 IE 384 (39.1) 597 (60.9) 27 1008 981 IT 223 (21.5) 813 (78.5) 61 1097 1036 LU 55 (19.0) 235 (81.0) 9 299 290 NL 332 (35.0) 616 (65.0) 69 1017 948 N Sum 3034 6296 578 9908 N Valid Sum 3034 6296 9330 printed 27.02.2012 page 62 Eurobarometer 22 - October-November 1984,GESIS Variable Report,87,ZA1321
v59,v59 1 2 3 N Sum N Valid Sum,EC COMMON POLICY: UNEMPLOYMENT,isocntry M BE 230 (23.5) 749 (76.5) 56 1035 979 DE 424 (41.9) 589 (58.1) 40 1053 1013 DK 436 (48.3) 467 (51.7) 88 991 903 FR 283 (29.4) 678 (70.6) 44 1005 961 GB-GBN 479 (47.0) 540 (53.0) 64 1083 1019 GB-NIR 137 (44.6) 170 (55.4) 14 321 307 GR 348 (38.8) 549 (61.2) 103 1000 897 IE 330 (33.9) 643 (66.1) 35 1008 973 IT 275 (26.3) 769 (73.7) 53 1097 1044 LU 62 (21.1) 232 (78.9) 5 299 294 NL 341 (35.8) 611 (64.2) 65 1017 952 N Sum 3345 5997 567 9909 N Valid Sum 3345 5997 9342 printed 27.02.2012 page 63 Eurobarometer 22 - October-November 1984,isocntry M BE 230 (23.5) 749 (76.5) 56 1035 979 DE 424 (41.9) 589 (58.1) 40 1053 1013 DK 436 (48.3) 467 (51.7) 88 991 903 FR 283 (29.4) 678 (70.6) 44 1005 961 GB-GBN 479 (47.0) 540 (53.0) 64 1083 1019 GB-NIR 137 (44.6) 170 (55.4) 14 321 307 GR 348 (38.8) 549 (61.2) 103 1000 897 IE 330 (33.9) 643 (66.1) 35 1008 973 IT 275 (26.3) 769 (73.7) 53 1097 1044 LU 62 (21.1) 232 (78.9) 5 299 294 NL 341 (35.8) 611 (64.2) 65 1017 952 N Sum 3345 5997 567 9909 N Valid Sum 3345 5997 9342 printed 27.02.2012 page 63 Eurobarometer 22 - October-November 1984,GESIS Variable Report,88,ZA1321
v60,v60 1 2 3 N Sum N Valid Sum,EC COMMON POLICY: ENERGY SUPPLIES,isocntry M BE 167 (17.2) 802 (82.8) 66 1035 969 DE 260 (25.7) 753 (74.3) 41 1054 1013 DK 263 (29.6) 627 (70.4) 100 990 890 FR 206 (21.6) 746 (78.4) 53 1005 952 GB-GBN 310 (31.4) 676 (68.6) 97 1083 986 GB-NIR 71 (23.6) 230 (76.4) 20 321 301 GR 300 (34.6) 567 (65.4) 133 1000 867 IE 214 (22.8) 725 (77.2) 69 1008 939 IT 151 (15.0) 854 (85.0) 92 1097 1005 LU 30 (10.3) 260 (89.7) 9 299 290 NL 273 (28.6) 682 (71.4) 63 1018 955 N Sum 2245 6922 743 9910 N Valid Sum 2245 6922 9167 printed 27.02.2012 page 64 Eurobarometer 22 - October-November 1984,isocntry M BE 167 (17.2) 802 (82.8) 66 1035 969 DE 260 (25.7) 753 (74.3) 41 1054 1013 DK 263 (29.6) 627 (70.4) 100 990 890 FR 206 (21.6) 746 (78.4) 53 1005 952 GB-GBN 310 (31.4) 676 (68.6) 97 1083 986 GB-NIR 71 (23.6) 230 (76.4) 20 321 301 GR 300 (34.6) 567 (65.4) 133 1000 867 IE 214 (22.8) 725 (77.2) 69 1008 939 IT 151 (15.0) 854 (85.0) 92 1097 1005 LU 30 (10.3) 260 (89.7) 9 299 290 NL 273 (28.6) 682 (71.4) 63 1018 955 N Sum 2245 6922 743 9910 N Valid Sum 2245 6922 9167 printed 27.02.2012 page 64 Eurobarometer 22 - October-November 1984,GESIS Variable Report,89,ZA1321
v61,v61 1 2 3 N Sum N Valid Sum,EC COMMON POLICY: THIRD WORLD AID,isocntry M BE 164 (18.0) 747 (82.0) 124 1035 911 DE 115 (12.0) 843 (88.0) 95 1053 958 DK 277 (31.4) 605 (68.6) 108 990 882 FR 101 (11.0) 818 (89.0) 85 1004 919 GB-GBN 148 (15.0) 840 (85.0) 94 1082 988 GB-NIR 39 (13.2) 257 (86.8) 25 321 296 GR 154 (17.9) 705 (82.1) 141 1000 859 IE 171 (18.0) 780 (82.0) 57 1008 951 IT 100 (10.1) 888 (89.9) 109 1097 988 LU 40 (14.0) 246 (86.0) 13 299 286 NL 307 (32.2) 646 (67.8) 64 1017 953 N Sum 1616 7375 915 9906 N Valid Sum 1616 7375 8991 printed 27.02.2012 page 65 Eurobarometer 22 - October-November 1984,isocntry M BE 164 (18.0) 747 (82.0) 124 1035 911 DE 115 (12.0) 843 (88.0) 95 1053 958 DK 277 (31.4) 605 (68.6) 108 990 882 FR 101 (11.0) 818 (89.0) 85 1004 919 GB-GBN 148 (15.0) 840 (85.0) 94 1082 988 GB-NIR 39 (13.2) 257 (86.8) 25 321 296 GR 154 (17.9) 705 (82.1) 141 1000 859 IE 171 (18.0) 780 (82.0) 57 1008 951 IT 100 (10.1) 888 (89.9) 109 1097 988 LU 40 (14.0) 246 (86.0) 13 299 286 NL 307 (32.2) 646 (67.8) 64 1017 953 N Sum 1616 7375 915 9906 N Valid Sum 1616 7375 8991 printed 27.02.2012 page 65 Eurobarometer 22 - October-November 1984,GESIS Variable Report,90,ZA1321
v62,v62 1 2 3 N Sum N Valid Sum,EC COMMON POLICY: NAT SECURITY,isocntry M BE 220 (23.7) 710 (76.3) 105 1035 930 DE 361 (36.4) 630 (63.6) 62 1053 991 DK 295 (34.0) 572 (66.0) 123 990 867 FR 267 (28.2) 680 (71.8) 58 1005 947 GB-GBN 383 (38.0) 625 (62.0) 75 1083 1008 GB-NIR 138 (46.3) 160 (53.7) 23 321 298 GR 341 (39.3) 527 (60.7) 132 1000 868 IE 448 (47.9) 487 (52.1) 73 1008 935 IT 223 (22.0) 789 (78.0) 85 1097 1012 LU 37 (13.1) 246 (86.9) 16 299 283 NL 286 (30.5) 653 (69.5) 78 1017 939 N Sum 2999 6079 830 9908 N Valid Sum 2999 6079 9078 printed 27.02.2012 page 66 Eurobarometer 22 - October-November 1984,isocntry M BE 220 (23.7) 710 (76.3) 105 1035 930 DE 361 (36.4) 630 (63.6) 62 1053 991 DK 295 (34.0) 572 (66.0) 123 990 867 FR 267 (28.2) 680 (71.8) 58 1005 947 GB-GBN 383 (38.0) 625 (62.0) 75 1083 1008 GB-NIR 138 (46.3) 160 (53.7) 23 321 298 GR 341 (39.3) 527 (60.7) 132 1000 868 IE 448 (47.9) 487 (52.1) 73 1008 935 IT 223 (22.0) 789 (78.0) 85 1097 1012 LU 37 (13.1) 246 (86.9) 16 299 283 NL 286 (30.5) 653 (69.5) 78 1017 939 N Sum 2999 6079 830 9908 N Valid Sum 2999 6079 9078 printed 27.02.2012 page 66 Eurobarometer 22 - October-November 1984,GESIS Variable Report,91,ZA1321
v63,v63 0 1 N Sum N Valid Sum,INDUSTR RISK NEAR: PETROL REFINERY,isocntry BE 819 (79.1) 216 (20.9) 1035 1035 DE 899 (85.4) 154 (14.6) 1053 1053 DK 804 (81.2) 186 (18.8) 990 990 FR 747 (74.3) 258 (25.7) 1005 1005 GB-GBN 715 (66.0) 368 (34.0) 1083 1083 GB-NIR 283 (88.2) 38 (11.8) 321 321 GR 687 (68.7) 313 (31.3) 1000 1000 IE 865 (85.8) 143 (14.2) 1008 1008 IT 716 (65.3) 381 (34.7) 1097 1097 LU 205 (68.6) 94 (31.4) 299 299 NL 789 (77.6) 228 (22.4) 1017 1017 N Sum 7529 2379 9908 N Valid Sum 7529 2379 9908 printed 27.02.2012 page 67 Eurobarometer 22 - October-November 1984,isocntry BE 819 (79.1) 216 (20.9) 1035 1035 DE 899 (85.4) 154 (14.6) 1053 1053 DK 804 (81.2) 186 (18.8) 990 990 FR 747 (74.3) 258 (25.7) 1005 1005 GB-GBN 715 (66.0) 368 (34.0) 1083 1083 GB-NIR 283 (88.2) 38 (11.8) 321 321 GR 687 (68.7) 313 (31.3) 1000 1000 IE 865 (85.8) 143 (14.2) 1008 1008 IT 716 (65.3) 381 (34.7) 1097 1097 LU 205 (68.6) 94 (31.4) 299 299 NL 789 (77.6) 228 (22.4) 1017 1017 N Sum 7529 2379 9908 N Valid Sum 7529 2379 9908 printed 27.02.2012 page 67 Eurobarometer 22 - October-November 1984,GESIS Variable Report,92,ZA1321
v64,v64 0 1 N Sum N Valid Sum,INDUSTR RISK NEAR: COAL POWER PLANT,isocntry BE 992 (95.8) 43 (4.2) 1035 1035 DE 827 (78.5) 226 (21.5) 1053 1053 DK 788 (79.6) 202 (20.4) 990 990 FR 956 (95.1) 49 (4.9) 1005 1005 GB-GBN 1019 (94.1) 64 (5.9) 1083 1083 GB-NIR 295 (91.9) 26 (8.1) 321 321 GR 910 (91.0) 90 (9.0) 1000 1000 IE 951 (94.3) 57 (5.7) 1008 1008 IT 1019 (92.9) 78 (7.1) 1097 1097 LU 263 (88.0) 36 (12.0) 299 299 NL 914 (89.9) 103 (10.1) 1017 1017 N Sum 8934 974 9908 N Valid Sum 8934 974 9908 printed 27.02.2012 page 68 Eurobarometer 22 - October-November 1984,isocntry BE 992 (95.8) 43 (4.2) 1035 1035 DE 827 (78.5) 226 (21.5) 1053 1053 DK 788 (79.6) 202 (20.4) 990 990 FR 956 (95.1) 49 (4.9) 1005 1005 GB-GBN 1019 (94.1) 64 (5.9) 1083 1083 GB-NIR 295 (91.9) 26 (8.1) 321 321 GR 910 (91.0) 90 (9.0) 1000 1000 IE 951 (94.3) 57 (5.7) 1008 1008 IT 1019 (92.9) 78 (7.1) 1097 1097 LU 263 (88.0) 36 (12.0) 299 299 NL 914 (89.9) 103 (10.1) 1017 1017 N Sum 8934 974 9908 N Valid Sum 8934 974 9908 printed 27.02.2012 page 68 Eurobarometer 22 - October-November 1984,GESIS Variable Report,93,ZA1321
v65,v65 0 1 N Sum N Valid Sum,INDUSTR RISK NEAR: AIRPORT,isocntry BE 861 (83.2) 174 (16.8) 1035 1035 DE 856 (81.3) 197 (18.7) 1053 1053 DK 857 (86.6) 133 (13.4) 990 990 FR 836 (83.2) 169 (16.8) 1005 1005 GB-GBN 961 (88.7) 122 (11.3) 1083 1083 GB-NIR 264 (82.2) 57 (17.8) 321 321 GR 915 (91.5) 85 (8.5) 1000 1000 IE 884 (87.7) 124 (12.3) 1008 1008 IT 1031 (94.0) 66 (6.0) 1097 1097 LU 222 (74.2) 77 (25.8) 299 299 NL 923 (90.8) 94 (9.2) 1017 1017 N Sum 8610 1298 9908 N Valid Sum 8610 1298 9908 printed 27.02.2012 page 69 Eurobarometer 22 - October-November 1984,isocntry BE 861 (83.2) 174 (16.8) 1035 1035 DE 856 (81.3) 197 (18.7) 1053 1053 DK 857 (86.6) 133 (13.4) 990 990 FR 836 (83.2) 169 (16.8) 1005 1005 GB-GBN 961 (88.7) 122 (11.3) 1083 1083 GB-NIR 264 (82.2) 57 (17.8) 321 321 GR 915 (91.5) 85 (8.5) 1000 1000 IE 884 (87.7) 124 (12.3) 1008 1008 IT 1031 (94.0) 66 (6.0) 1097 1097 LU 222 (74.2) 77 (25.8) 299 299 NL 923 (90.8) 94 (9.2) 1017 1017 N Sum 8610 1298 9908 N Valid Sum 8610 1298 9908 printed 27.02.2012 page 69 Eurobarometer 22 - October-November 1984,GESIS Variable Report,94,ZA1321
v66,v66 0 1 N Sum N Valid Sum,INDUSTR RISK NEAR: FOOD FACTORY,isocntry BE 1016 (98.2) 19 (1.8) 1035 1035 DE 1036 (98.4) 17 (1.6) 1053 1053 DK 983 (99.3) 7 (0.7) 990 990 FR 987 (98.2) 18 (1.8) 1005 1005 GB-GBN 1069 (98.7) 14 (1.3) 1083 1083 GB-NIR 318 (99.1) 3 (0.9) 321 321 GR 992 (99.2) 8 (0.8) 1000 1000 IE 997 (98.9) 11 (1.1) 1008 1008 IT 1087 (99.1) 10 (0.9) 1097 1097 LU 299 (100.0) 299 299 NL 1004 (98.7) 13 (1.3) 1017 1017 N Sum 9788 120 9908 N Valid Sum 9788 120 9908 printed 27.02.2012 page 70 Eurobarometer 22 - October-November 1984,isocntry BE 1016 (98.2) 19 (1.8) 1035 1035 DE 1036 (98.4) 17 (1.6) 1053 1053 DK 983 (99.3) 7 (0.7) 990 990 FR 987 (98.2) 18 (1.8) 1005 1005 GB-GBN 1069 (98.7) 14 (1.3) 1083 1083 GB-NIR 318 (99.1) 3 (0.9) 321 321 GR 992 (99.2) 8 (0.8) 1000 1000 IE 997 (98.9) 11 (1.1) 1008 1008 IT 1087 (99.1) 10 (0.9) 1097 1097 LU 299 (100.0) 299 299 NL 1004 (98.7) 13 (1.3) 1017 1017 N Sum 9788 120 9908 N Valid Sum 9788 120 9908 printed 27.02.2012 page 70 Eurobarometer 22 - October-November 1984,GESIS Variable Report,95,ZA1321
v67,v67 0 1 N Sum N Valid Sum,INDUSTR RISK NEAR: NUCLEAR POWER PL,isocntry BE 364 (35.2) 671 (64.8) 1035 1035 DE 423 (40.2) 630 (59.8) 1053 1053 DK 326 (32.9) 664 (67.1) 990 990 FR 448 (44.6) 557 (55.4) 1005 1005 GB-GBN 289 (26.7) 794 (73.3) 1083 1083 GB-NIR 53 (16.5) 268 (83.5) 321 321 GR 248 (24.8) 752 (75.2) 1000 1000 IE 139 (13.8) 869 (86.2) 1008 1008 IT 418 (38.1) 679 (61.9) 1097 1097 LU 67 (22.4) 232 (77.6) 299 299 NL 260 (25.5) 758 (74.5) 1018 1018 N Sum 3035 6874 9909 N Valid Sum 3035 6874 9909 printed 27.02.2012 page 71 Eurobarometer 22 - October-November 1984,isocntry BE 364 (35.2) 671 (64.8) 1035 1035 DE 423 (40.2) 630 (59.8) 1053 1053 DK 326 (32.9) 664 (67.1) 990 990 FR 448 (44.6) 557 (55.4) 1005 1005 GB-GBN 289 (26.7) 794 (73.3) 1083 1083 GB-NIR 53 (16.5) 268 (83.5) 321 321 GR 248 (24.8) 752 (75.2) 1000 1000 IE 139 (13.8) 869 (86.2) 1008 1008 IT 418 (38.1) 679 (61.9) 1097 1097 LU 67 (22.4) 232 (77.6) 299 299 NL 260 (25.5) 758 (74.5) 1018 1018 N Sum 3035 6874 9909 N Valid Sum 3035 6874 9909 printed 27.02.2012 page 71 Eurobarometer 22 - October-November 1984,GESIS Variable Report,96,ZA1321
v68,v68 0 1 N Sum N Valid Sum,INDUSTR RISK NEAR: CHEMICAL FACTORY,isocntry BE 247 (23.9) 788 (76.1) 1035 1035 DE 238 (22.6) 815 (77.4) 1053 1053 DK 150 (15.2) 840 (84.8) 990 990 FR 165 (16.4) 840 (83.6) 1005 1005 GB-GBN 214 (19.8) 869 (80.2) 1083 1083 GB-NIR 69 (21.5) 252 (78.5) 321 321 GR 316 (31.6) 684 (68.4) 1000 1000 IE 211 (20.9) 797 (79.1) 1008 1008 IT 250 (22.8) 847 (77.2) 1097 1097 LU 49 (16.4) 250 (83.6) 299 299 NL 126 (12.4) 891 (87.6) 1017 1017 N Sum 2035 7873 9908 N Valid Sum 2035 7873 9908 printed 27.02.2012 page 72 Eurobarometer 22 - October-November 1984,isocntry BE 247 (23.9) 788 (76.1) 1035 1035 DE 238 (22.6) 815 (77.4) 1053 1053 DK 150 (15.2) 840 (84.8) 990 990 FR 165 (16.4) 840 (83.6) 1005 1005 GB-GBN 214 (19.8) 869 (80.2) 1083 1083 GB-NIR 69 (21.5) 252 (78.5) 321 321 GR 316 (31.6) 684 (68.4) 1000 1000 IE 211 (20.9) 797 (79.1) 1008 1008 IT 250 (22.8) 847 (77.2) 1097 1097 LU 49 (16.4) 250 (83.6) 299 299 NL 126 (12.4) 891 (87.6) 1017 1017 N Sum 2035 7873 9908 N Valid Sum 2035 7873 9908 printed 27.02.2012 page 72 Eurobarometer 22 - October-November 1984,GESIS Variable Report,97,ZA1321
v69,v69 0 1 N Sum N Valid Sum,INDUSTR RISK NEAR: EXPLOSIVES FACT,isocntry BE 344 (33.2) 691 (66.8) 1035 1035 DE 503 (47.8) 550 (52.2) 1053 1053 DK 386 (39.0) 604 (61.0) 990 990 FR 358 (35.6) 647 (64.4) 1005 1005 GB-GBN 345 (31.9) 738 (68.1) 1083 1083 GB-NIR 88 (27.4) 233 (72.6) 321 321 GR 474 (47.4) 526 (52.6) 1000 1000 IE 272 (27.0) 736 (73.0) 1008 1008 IT 306 (27.9) 791 (72.1) 1097 1097 LU 187 (62.5) 112 (37.5) 299 299 NL 242 (23.8) 775 (76.2) 1017 1017 N Sum 3505 6403 9908 N Valid Sum 3505 6403 9908 printed 27.02.2012 page 73 Eurobarometer 22 - October-November 1984,isocntry BE 344 (33.2) 691 (66.8) 1035 1035 DE 503 (47.8) 550 (52.2) 1053 1053 DK 386 (39.0) 604 (61.0) 990 990 FR 358 (35.6) 647 (64.4) 1005 1005 GB-GBN 345 (31.9) 738 (68.1) 1083 1083 GB-NIR 88 (27.4) 233 (72.6) 321 321 GR 474 (47.4) 526 (52.6) 1000 1000 IE 272 (27.0) 736 (73.0) 1008 1008 IT 306 (27.9) 791 (72.1) 1097 1097 LU 187 (62.5) 112 (37.5) 299 299 NL 242 (23.8) 775 (76.2) 1017 1017 N Sum 3505 6403 9908 N Valid Sum 3505 6403 9908 printed 27.02.2012 page 73 Eurobarometer 22 - October-November 1984,GESIS Variable Report,98,ZA1321
v70,v70 0 1 N Sum N Valid Sum,INDUSTR RISK NEAR: NATURAL GAS FACT,isocntry BE 783 (75.7) 252 (24.3) 1035 1035 DE 957 (90.9) 96 (9.1) 1053 1053 DK 938 (94.7) 52 (5.3) 990 990 FR 865 (86.1) 140 (13.9) 1005 1005 GB-GBN 994 (91.8) 89 (8.2) 1083 1083 GB-NIR 278 (86.6) 43 (13.4) 321 321 GR 898 (89.8) 102 (10.2) 1000 1000 IE 887 (88.0) 121 (12.0) 1008 1008 IT 939 (85.6) 158 (14.4) 1097 1097 LU 261 (87.3) 38 (12.7) 299 299 NL 982 (96.6) 35 (3.4) 1017 1017 N Sum 8782 1126 9908 N Valid Sum 8782 1126 9908 printed 27.02.2012 page 74 Eurobarometer 22 - October-November 1984,isocntry BE 783 (75.7) 252 (24.3) 1035 1035 DE 957 (90.9) 96 (9.1) 1053 1053 DK 938 (94.7) 52 (5.3) 990 990 FR 865 (86.1) 140 (13.9) 1005 1005 GB-GBN 994 (91.8) 89 (8.2) 1083 1083 GB-NIR 278 (86.6) 43 (13.4) 321 321 GR 898 (89.8) 102 (10.2) 1000 1000 IE 887 (88.0) 121 (12.0) 1008 1008 IT 939 (85.6) 158 (14.4) 1097 1097 LU 261 (87.3) 38 (12.7) 299 299 NL 982 (96.6) 35 (3.4) 1017 1017 N Sum 8782 1126 9908 N Valid Sum 8782 1126 9908 printed 27.02.2012 page 74 Eurobarometer 22 - October-November 1984,GESIS Variable Report,99,ZA1321
v71,v71 0 1 N Sum N Valid Sum,INDUSTR RISK NEAR: FURNITURE FACTORY,isocntry BE 1029 (99.4) 6 (0.6) 1035 1035 DE 1032 (98.0) 21 (2.0) 1053 1053 DK 985 (99.5) 5 (0.5) 990 990 FR 998 (99.3) 7 (0.7) 1005 1005 GB-GBN 1060 (97.9) 23 (2.1) 1083 1083 GB-NIR 318 (99.1) 3 (0.9) 321 321 GR 996 (99.6) 4 (0.4) 1000 1000 IE 998 (99.0) 10 (1.0) 1008 1008 IT 1083 (98.7) 14 (1.3) 1097 1097 LU 298 (99.7) 1 (0.3) 299 299 NL 1016 (99.8) 2 (0.2) 1018 1018 N Sum 9813 96 9909 N Valid Sum 9813 96 9909 printed 27.02.2012 page 75 Eurobarometer 22 - October-November 1984,isocntry BE 1029 (99.4) 6 (0.6) 1035 1035 DE 1032 (98.0) 21 (2.0) 1053 1053 DK 985 (99.5) 5 (0.5) 990 990 FR 998 (99.3) 7 (0.7) 1005 1005 GB-GBN 1060 (97.9) 23 (2.1) 1083 1083 GB-NIR 318 (99.1) 3 (0.9) 321 321 GR 996 (99.6) 4 (0.4) 1000 1000 IE 998 (99.0) 10 (1.0) 1008 1008 IT 1083 (98.7) 14 (1.3) 1097 1097 LU 298 (99.7) 1 (0.3) 299 299 NL 1016 (99.8) 2 (0.2) 1018 1018 N Sum 9813 96 9909 N Valid Sum 9813 96 9909 printed 27.02.2012 page 75 Eurobarometer 22 - October-November 1984,GESIS Variable Report,100,ZA1321
v72,v72 0 1 N Sum N Valid Sum,INDUSTR RISK NEAR: HYDRO POWER DAM,isocntry BE 967 (93.4) 68 (6.6) 1035 1035 DE 1011 (96.0) 42 (4.0) 1053 1053 DK 982 (99.2) 8 (0.8) 990 990 FR 879 (87.5) 126 (12.5) 1005 1005 GB-GBN 1012 (93.4) 71 (6.6) 1083 1083 GB-NIR 288 (89.7) 33 (10.3) 321 321 GR 966 (96.6) 34 (3.4) 1000 1000 IE 930 (92.3) 78 (7.7) 1008 1008 IT 1039 (94.7) 58 (5.3) 1097 1097 LU 281 (94.0) 18 (6.0) 299 299 NL 997 (98.0) 20 (2.0) 1017 1017 N Sum 9352 556 9908 N Valid Sum 9352 556 9908 printed 27.02.2012 page 76 Eurobarometer 22 - October-November 1984,isocntry BE 967 (93.4) 68 (6.6) 1035 1035 DE 1011 (96.0) 42 (4.0) 1053 1053 DK 982 (99.2) 8 (0.8) 990 990 FR 879 (87.5) 126 (12.5) 1005 1005 GB-GBN 1012 (93.4) 71 (6.6) 1083 1083 GB-NIR 288 (89.7) 33 (10.3) 321 321 GR 966 (96.6) 34 (3.4) 1000 1000 IE 930 (92.3) 78 (7.7) 1008 1008 IT 1039 (94.7) 58 (5.3) 1097 1097 LU 281 (94.0) 18 (6.0) 299 299 NL 997 (98.0) 20 (2.0) 1017 1017 N Sum 9352 556 9908 N Valid Sum 9352 556 9908 printed 27.02.2012 page 76 Eurobarometer 22 - October-November 1984,GESIS Variable Report,101,ZA1321
v73,v73 0 1 2 3 N Sum N Valid Sum,NUCLEAR POWER - RISK EVALUATION,isocntry M BE 101 384 (41.1) 84 (9.0) 466 (49.9) 1035 934 DE 182 470 (54.0) 80 (9.2) 320 (36.8) 1052 870 DK 193 222 (27.9) 103 (12.9) 472 (59.2) 990 797 FR 109 558 (62.2) 42 (4.7) 297 (33.1) 1006 897 GB-GBN 103 447 (45.6) 135 (13.8) 398 (40.6) 1083 980 GB-NIR 22 88 (29.4) 84 (28.1) 127 (42.5) 321 299 GR 106 167 (18.7) 28 (3.1) 699 (78.2) 1000 894 IE 111 131 (14.6) 145 (16.2) 621 (69.2) 1008 897 IT 111 455 (46.1) 63 (6.4) 468 (47.5) 1097 986 LU 24 84 (30.5) 53 (19.3) 138 (50.2) 299 275 NL 93 380 (41.1) 67 (7.3) 477 (51.6) 1017 924 N Sum 1155 3386 884 4483 9908 N Valid Sum 3386 884 4483 8753 printed 27.02.2012 page 77 Eurobarometer 22 - October-November 1984,isocntry M BE 101 384 (41.1) 84 (9.0) 466 (49.9) 1035 934 DE 182 470 (54.0) 80 (9.2) 320 (36.8) 1052 870 DK 193 222 (27.9) 103 (12.9) 472 (59.2) 990 797 FR 109 558 (62.2) 42 (4.7) 297 (33.1) 1006 897 GB-GBN 103 447 (45.6) 135 (13.8) 398 (40.6) 1083 980 GB-NIR 22 88 (29.4) 84 (28.1) 127 (42.5) 321 299 GR 106 167 (18.7) 28 (3.1) 699 (78.2) 1000 894 IE 111 131 (14.6) 145 (16.2) 621 (69.2) 1008 897 IT 111 455 (46.1) 63 (6.4) 468 (47.5) 1097 986 LU 24 84 (30.5) 53 (19.3) 138 (50.2) 299 275 NL 93 380 (41.1) 67 (7.3) 477 (51.6) 1017 924 N Sum 1155 3386 884 4483 9908 N Valid Sum 3386 884 4483 8753 printed 27.02.2012 page 77 Eurobarometer 22 - October-November 1984,GESIS Variable Report,102,ZA1321
v74,v74 0 1 2 N Sum N Valid Sum,ELECTR CUT W/O NUCLEAR POWER - TRUE,isocntry M BE 176 411 (47.8) 448 (52.2) 1035 859 DE 215 414 (49.5) 423 (50.5) 1052 837 DK 185 170 (21.1) 635 (78.9) 990 805 FR 100 562 (62.1) 343 (37.9) 1005 905 GB-GBN 161 362 (39.3) 560 (60.7) 1083 922 GB-NIR 89 71 (30.6) 161 (69.4) 321 232 GR 375 249 (39.8) 376 (60.2) 1000 625 IE 240 245 (31.9) 523 (68.1) 1008 768 IT 176 583 (63.3) 338 (36.7) 1097 921 LU 28 107 (39.5) 164 (60.5) 299 271 NL 141 357 (40.7) 520 (59.3) 1018 877 N Sum 1886 3531 4491 9908 N Valid Sum 3531 4491 8022 printed 27.02.2012 page 78 Eurobarometer 22 - October-November 1984,isocntry M BE 176 411 (47.8) 448 (52.2) 1035 859 DE 215 414 (49.5) 423 (50.5) 1052 837 DK 185 170 (21.1) 635 (78.9) 990 805 FR 100 562 (62.1) 343 (37.9) 1005 905 GB-GBN 161 362 (39.3) 560 (60.7) 1083 922 GB-NIR 89 71 (30.6) 161 (69.4) 321 232 GR 375 249 (39.8) 376 (60.2) 1000 625 IE 240 245 (31.9) 523 (68.1) 1008 768 IT 176 583 (63.3) 338 (36.7) 1097 921 LU 28 107 (39.5) 164 (60.5) 299 271 NL 141 357 (40.7) 520 (59.3) 1018 877 N Sum 1886 3531 4491 9908 N Valid Sum 3531 4491 8022 printed 27.02.2012 page 78 Eurobarometer 22 - October-November 1984,GESIS Variable Report,103,ZA1321
v75,,ELECTR CUT W/O NUCLEAR POWER - SERIOUS,,ELECTR CUT W/O NUCLEAR POWER - SERIOUS,GESIS Variable Report,104,ZA1321
v76,v76 0 1 N Sum N Valid Sum,NUCLEAR RISKS: EXPLOSION OF PLANT,isocntry BE 634 (61.3) 401 (38.7) 1035 1035 DE 664 (63.1) 389 (36.9) 1053 1053 DK 726 (73.3) 264 (26.7) 990 990 FR 751 (74.7) 254 (25.3) 1005 1005 GB-GBN 695 (64.2) 388 (35.8) 1083 1083 GB-NIR 183 (57.0) 138 (43.0) 321 321 GR 449 (44.9) 551 (55.1) 1000 1000 IE 545 (54.1) 463 (45.9) 1008 1008 IT 678 (61.8) 419 (38.2) 1097 1097 LU 163 (54.5) 136 (45.5) 299 299 NL 706 (69.4) 311 (30.6) 1017 1017 N Sum 6194 3714 9908 N Valid Sum 6194 3714 9908 printed 27.02.2012 page 80 Eurobarometer 22 - October-November 1984,isocntry BE 634 (61.3) 401 (38.7) 1035 1035 DE 664 (63.1) 389 (36.9) 1053 1053 DK 726 (73.3) 264 (26.7) 990 990 FR 751 (74.7) 254 (25.3) 1005 1005 GB-GBN 695 (64.2) 388 (35.8) 1083 1083 GB-NIR 183 (57.0) 138 (43.0) 321 321 GR 449 (44.9) 551 (55.1) 1000 1000 IE 545 (54.1) 463 (45.9) 1008 1008 IT 678 (61.8) 419 (38.2) 1097 1097 LU 163 (54.5) 136 (45.5) 299 299 NL 706 (69.4) 311 (30.6) 1017 1017 N Sum 6194 3714 9908 N Valid Sum 6194 3714 9908 printed 27.02.2012 page 80 Eurobarometer 22 - October-November 1984,GESIS Variable Report,105,ZA1321
v77,v77 0 1 N Sum N Valid Sum,NUCLEAR RISKS: RADIOACTIVE EMISSIONS,isocntry BE 374 (36.1) 661 (63.9) 1035 1035 DE 437 (41.5) 616 (58.5) 1053 1053 DK 426 (43.0) 564 (57.0) 990 990 FR 495 (49.3) 510 (50.7) 1005 1005 GB-GBN 501 (46.3) 582 (53.7) 1083 1083 GB-NIR 115 (35.8) 206 (64.2) 321 321 GR 453 (45.3) 547 (54.7) 1000 1000 IE 371 (36.8) 637 (63.2) 1008 1008 IT 461 (42.0) 636 (58.0) 1097 1097 LU 110 (36.8) 189 (63.2) 299 299 NL 457 (44.9) 560 (55.1) 1017 1017 N Sum 4200 5708 9908 N Valid Sum 4200 5708 9908 printed 27.02.2012 page 81 Eurobarometer 22 - October-November 1984,isocntry BE 374 (36.1) 661 (63.9) 1035 1035 DE 437 (41.5) 616 (58.5) 1053 1053 DK 426 (43.0) 564 (57.0) 990 990 FR 495 (49.3) 510 (50.7) 1005 1005 GB-GBN 501 (46.3) 582 (53.7) 1083 1083 GB-NIR 115 (35.8) 206 (64.2) 321 321 GR 453 (45.3) 547 (54.7) 1000 1000 IE 371 (36.8) 637 (63.2) 1008 1008 IT 461 (42.0) 636 (58.0) 1097 1097 LU 110 (36.8) 189 (63.2) 299 299 NL 457 (44.9) 560 (55.1) 1017 1017 N Sum 4200 5708 9908 N Valid Sum 4200 5708 9908 printed 27.02.2012 page 81 Eurobarometer 22 - October-November 1984,GESIS Variable Report,106,ZA1321
v78,v78 0 1 N Sum N Valid Sum,NUCLEAR RISKS: RADIOACTIVE WASTE,isocntry BE 320 (30.9) 715 (69.1) 1035 1035 DE 277 (26.3) 776 (73.7) 1053 1053 DK 355 (35.9) 635 (64.1) 990 990 FR 299 (29.8) 706 (70.2) 1005 1005 GB-GBN 294 (27.1) 789 (72.9) 1083 1083 GB-NIR 100 (31.2) 221 (68.8) 321 321 GR 452 (45.2) 548 (54.8) 1000 1000 IE 364 (36.1) 644 (63.9) 1008 1008 IT 428 (39.0) 669 (61.0) 1097 1097 LU 90 (30.1) 209 (69.9) 299 299 NL 341 (33.5) 677 (66.5) 1018 1018 N Sum 3320 6589 9909 N Valid Sum 3320 6589 9909 printed 27.02.2012 page 82 Eurobarometer 22 - October-November 1984,isocntry BE 320 (30.9) 715 (69.1) 1035 1035 DE 277 (26.3) 776 (73.7) 1053 1053 DK 355 (35.9) 635 (64.1) 990 990 FR 299 (29.8) 706 (70.2) 1005 1005 GB-GBN 294 (27.1) 789 (72.9) 1083 1083 GB-NIR 100 (31.2) 221 (68.8) 321 321 GR 452 (45.2) 548 (54.8) 1000 1000 IE 364 (36.1) 644 (63.9) 1008 1008 IT 428 (39.0) 669 (61.0) 1097 1097 LU 90 (30.1) 209 (69.9) 299 299 NL 341 (33.5) 677 (66.5) 1018 1018 N Sum 3320 6589 9909 N Valid Sum 3320 6589 9909 printed 27.02.2012 page 82 Eurobarometer 22 - October-November 1984,GESIS Variable Report,107,ZA1321
v79,v79 0 1 N Sum N Valid Sum,NUCLEAR RISKS: NONE OF THESE,isocntry BE 1018 (98.4) 17 (1.6) 1035 1035 DE 981 (93.2) 72 (6.8) 1053 1053 DK 960 (97.0) 30 (3.0) 990 990 FR 965 (96.0) 40 (4.0) 1005 1005 GB-GBN 1050 (97.0) 33 (3.0) 1083 1083 GB-NIR 320 (99.7) 1 (0.3) 321 321 GR 986 (98.6) 14 (1.4) 1000 1000 IE 1000 (99.2) 8 (0.8) 1008 1008 IT 1067 (97.3) 30 (2.7) 1097 1097 LU 285 (95.3) 14 (4.7) 299 299 NL 985 (96.8) 33 (3.2) 1018 1018 N Sum 9617 292 9909 N Valid Sum 9617 292 9909 printed 27.02.2012 page 83 Eurobarometer 22 - October-November 1984,isocntry BE 1018 (98.4) 17 (1.6) 1035 1035 DE 981 (93.2) 72 (6.8) 1053 1053 DK 960 (97.0) 30 (3.0) 990 990 FR 965 (96.0) 40 (4.0) 1005 1005 GB-GBN 1050 (97.0) 33 (3.0) 1083 1083 GB-NIR 320 (99.7) 1 (0.3) 321 321 GR 986 (98.6) 14 (1.4) 1000 1000 IE 1000 (99.2) 8 (0.8) 1008 1008 IT 1067 (97.3) 30 (2.7) 1097 1097 LU 285 (95.3) 14 (4.7) 299 299 NL 985 (96.8) 33 (3.2) 1018 1018 N Sum 9617 292 9909 N Valid Sum 9617 292 9909 printed 27.02.2012 page 83 Eurobarometer 22 - October-November 1984,GESIS Variable Report,108,ZA1321
v80,v80 0 1 2 3 N Sum N Valid Sum,ELECTRICITY CONSUMPTION - NEXT 10 YEARS,isocntry M BE 48 552 (55.9) 362 (36.7) 73 (7.4) 1035 987 DE 41 537 (53.1) 384 (37.9) 91 (9.0) 1053 1012 DK 91 491 (54.6) 361 (40.2) 47 (5.2) 990 899 FR 35 684 (70.5) 256 (26.4) 30 (3.1) 1005 970 GB-GBN 36 691 (66.0) 287 (27.4) 69 (6.6) 1083 1047 GB-NIR 9 216 (69.2) 86 (27.6) 10 (3.2) 321 312 GR 81 793 (86.3) 100 (10.9) 26 (2.8) 1000 919 IE 56 631 (66.3) 239 (25.1) 82 (8.6) 1008 952 IT 25 829 (77.3) 212 (19.8) 31 (2.9) 1097 1072 LU 4 197 (66.8) 91 (30.8) 7 (2.4) 299 295 NL 25 429 (43.2) 448 (45.2) 115 (11.6) 1017 992 N Sum 451 6050 2826 581 9908 N Valid Sum 6050 2826 581 9457 printed 27.02.2012 page 84 Eurobarometer 22 - October-November 1984,isocntry M BE 48 552 (55.9) 362 (36.7) 73 (7.4) 1035 987 DE 41 537 (53.1) 384 (37.9) 91 (9.0) 1053 1012 DK 91 491 (54.6) 361 (40.2) 47 (5.2) 990 899 FR 35 684 (70.5) 256 (26.4) 30 (3.1) 1005 970 GB-GBN 36 691 (66.0) 287 (27.4) 69 (6.6) 1083 1047 GB-NIR 9 216 (69.2) 86 (27.6) 10 (3.2) 321 312 GR 81 793 (86.3) 100 (10.9) 26 (2.8) 1000 919 IE 56 631 (66.3) 239 (25.1) 82 (8.6) 1008 952 IT 25 829 (77.3) 212 (19.8) 31 (2.9) 1097 1072 LU 4 197 (66.8) 91 (30.8) 7 (2.4) 299 295 NL 25 429 (43.2) 448 (45.2) 115 (11.6) 1017 992 N Sum 451 6050 2826 581 9908 N Valid Sum 6050 2826 581 9457 printed 27.02.2012 page 84 Eurobarometer 22 - October-November 1984,GESIS Variable Report,109,ZA1321
v81,v81 0 1 2 N Sum N Valid Sum,ELECTRICITY - REDUCE OIL CONSUMPTION,isocntry M BE 185 697 (82.0) 153 (18.0) 1035 850 DE 12 857 (82.3) 184 (17.7) 1053 1041 DK 251 606 (82.1) 132 (17.9) 989 738 FR 90 848 (92.7) 67 (7.3) 1005 915 GB-GBN 135 790 (83.2) 159 (16.8) 1084 949 GB-NIR 63 216 (83.7) 42 (16.3) 321 258 GR 174 759 (91.9) 67 (8.1) 1000 826 IE 160 757 (89.3) 91 (10.7) 1008 848 IT 105 919 (92.6) 73 (7.4) 1097 992 LU 49 182 (72.8) 68 (27.2) 299 250 NL 128 735 (82.6) 155 (17.4) 1018 890 N Sum 1352 7366 1191 9909 N Valid Sum 7366 1191 8557 printed 27.02.2012 page 85 Eurobarometer 22 - October-November 1984,isocntry M BE 185 697 (82.0) 153 (18.0) 1035 850 DE 12 857 (82.3) 184 (17.7) 1053 1041 DK 251 606 (82.1) 132 (17.9) 989 738 FR 90 848 (92.7) 67 (7.3) 1005 915 GB-GBN 135 790 (83.2) 159 (16.8) 1084 949 GB-NIR 63 216 (83.7) 42 (16.3) 321 258 GR 174 759 (91.9) 67 (8.1) 1000 826 IE 160 757 (89.3) 91 (10.7) 1008 848 IT 105 919 (92.6) 73 (7.4) 1097 992 LU 49 182 (72.8) 68 (27.2) 299 250 NL 128 735 (82.6) 155 (17.4) 1018 890 N Sum 1352 7366 1191 9909 N Valid Sum 7366 1191 8557 printed 27.02.2012 page 85 Eurobarometer 22 - October-November 1984,GESIS Variable Report,110,ZA1321
v82,v82 0 1 2 N Sum N Valid Sum,NUCLEAR VS SOLID FUEL: PRICE,isocntry M BE 103 322 (34.5) 610 (65.5) 1035 932 DE 183 439 (50.5) 431 (49.5) 1053 870 DK 283 213 (30.1) 494 (69.9) 990 707 FR 181 495 (60.1) 329 (39.9) 1005 824 GB-GBN 204 389 (44.3) 490 (55.7) 1083 879 GB-NIR 77 54 (22.1) 190 (77.9) 321 244 GR 354 149 (23.1) 497 (76.9) 1000 646 IE 259 167 (22.3) 582 (77.7) 1008 749 IT 245 416 (48.8) 436 (51.2) 1097 852 LU 43 87 (34.0) 169 (66.0) 299 256 NL 148 401 (46.1) 468 (53.9) 1017 869 N Sum 2080 3132 4696 9908 N Valid Sum 3132 4696 7828 printed 27.02.2012 page 86 Eurobarometer 22 - October-November 1984,isocntry M BE 103 322 (34.5) 610 (65.5) 1035 932 DE 183 439 (50.5) 431 (49.5) 1053 870 DK 283 213 (30.1) 494 (69.9) 990 707 FR 181 495 (60.1) 329 (39.9) 1005 824 GB-GBN 204 389 (44.3) 490 (55.7) 1083 879 GB-NIR 77 54 (22.1) 190 (77.9) 321 244 GR 354 149 (23.1) 497 (76.9) 1000 646 IE 259 167 (22.3) 582 (77.7) 1008 749 IT 245 416 (48.8) 436 (51.2) 1097 852 LU 43 87 (34.0) 169 (66.0) 299 256 NL 148 401 (46.1) 468 (53.9) 1017 869 N Sum 2080 3132 4696 9908 N Valid Sum 3132 4696 7828 printed 27.02.2012 page 86 Eurobarometer 22 - October-November 1984,GESIS Variable Report,111,ZA1321
v83,v83 0 1 2 N Sum N Valid Sum,NUCLEAR VS SOLID FUEL: RELIABILITY,isocntry M BE 102 349 (37.4) 584 (62.6) 1035 933 DE 150 422 (46.7) 481 (53.3) 1053 903 DK 234 211 (27.9) 545 (72.1) 990 756 FR 143 470 (54.5) 392 (45.5) 1005 862 GB-GBN 199 422 (47.7) 462 (52.3) 1083 884 GB-NIR 52 78 (29.0) 191 (71.0) 321 269 GR 332 228 (34.1) 440 (65.9) 1000 668 IE 190 172 (21.0) 646 (79.0) 1008 818 IT 216 412 (46.8) 469 (53.2) 1097 881 LU 23 111 (40.2) 165 (59.8) 299 276 NL 121 389 (43.4) 508 (56.6) 1018 897 N Sum 1762 3264 4883 9909 N Valid Sum 3264 4883 8147 printed 27.02.2012 page 87 Eurobarometer 22 - October-November 1984,isocntry M BE 102 349 (37.4) 584 (62.6) 1035 933 DE 150 422 (46.7) 481 (53.3) 1053 903 DK 234 211 (27.9) 545 (72.1) 990 756 FR 143 470 (54.5) 392 (45.5) 1005 862 GB-GBN 199 422 (47.7) 462 (52.3) 1083 884 GB-NIR 52 78 (29.0) 191 (71.0) 321 269 GR 332 228 (34.1) 440 (65.9) 1000 668 IE 190 172 (21.0) 646 (79.0) 1008 818 IT 216 412 (46.8) 469 (53.2) 1097 881 LU 23 111 (40.2) 165 (59.8) 299 276 NL 121 389 (43.4) 508 (56.6) 1018 897 N Sum 1762 3264 4883 9909 N Valid Sum 3264 4883 8147 printed 27.02.2012 page 87 Eurobarometer 22 - October-November 1984,GESIS Variable Report,112,ZA1321
v84,v84 0 1 2 N Sum N Valid Sum,NUCLEAR VS SOLID FUEL: ENVIRONMENT,isocntry M BE 96 167 (17.8) 772 (82.2) 1035 939 DE 237 481 (58.9) 335 (41.1) 1053 816 DK 292 274 (39.2) 425 (60.8) 991 699 FR 176 249 (30.0) 580 (70.0) 1005 829 GB-GBN 214 202 (23.2) 667 (76.8) 1083 869 GB-NIR 57 39 (14.8) 225 (85.2) 321 264 GR 268 123 (16.8) 609 (83.2) 1000 732 IE 217 125 (15.8) 666 (84.2) 1008 791 IT 225 256 (29.4) 616 (70.6) 1097 872 LU 40 86 (33.2) 173 (66.8) 299 259 NL 172 366 (43.3) 480 (56.7) 1018 846 N Sum 1994 2368 5548 9910 N Valid Sum 2368 5548 7916 printed 27.02.2012 page 88 Eurobarometer 22 - October-November 1984,isocntry M BE 96 167 (17.8) 772 (82.2) 1035 939 DE 237 481 (58.9) 335 (41.1) 1053 816 DK 292 274 (39.2) 425 (60.8) 991 699 FR 176 249 (30.0) 580 (70.0) 1005 829 GB-GBN 214 202 (23.2) 667 (76.8) 1083 869 GB-NIR 57 39 (14.8) 225 (85.2) 321 264 GR 268 123 (16.8) 609 (83.2) 1000 732 IE 217 125 (15.8) 666 (84.2) 1008 791 IT 225 256 (29.4) 616 (70.6) 1097 872 LU 40 86 (33.2) 173 (66.8) 299 259 NL 172 366 (43.3) 480 (56.7) 1018 846 N Sum 1994 2368 5548 9910 N Valid Sum 2368 5548 7916 printed 27.02.2012 page 88 Eurobarometer 22 - October-November 1984,GESIS Variable Report,113,ZA1321
v85,v85 0 1 N Sum N Valid Sum,ENERGY SAVING DONE: INSULATION,isocntry BE 899 (86.9) 136 (13.1) 1035 1035 DE 548 (52.0) 505 (48.0) 1053 1053 DK 489 (49.4) 501 (50.6) 990 990 FR 592 (58.9) 413 (41.1) 1005 1005 GB-GBN 454 (41.9) 629 (58.1) 1083 1083 GB-NIR 172 (53.6) 149 (46.4) 321 321 GR 799 (79.9) 201 (20.1) 1000 1000 IE 542 (53.8) 466 (46.2) 1008 1008 IT 695 (63.4) 402 (36.6) 1097 1097 LU 86 (28.8) 213 (71.2) 299 299 NL 462 (45.4) 556 (54.6) 1018 1018 N Sum 5738 4171 9909 N Valid Sum 5738 4171 9909 printed 27.02.2012 page 89 Eurobarometer 22 - October-November 1984,isocntry BE 899 (86.9) 136 (13.1) 1035 1035 DE 548 (52.0) 505 (48.0) 1053 1053 DK 489 (49.4) 501 (50.6) 990 990 FR 592 (58.9) 413 (41.1) 1005 1005 GB-GBN 454 (41.9) 629 (58.1) 1083 1083 GB-NIR 172 (53.6) 149 (46.4) 321 321 GR 799 (79.9) 201 (20.1) 1000 1000 IE 542 (53.8) 466 (46.2) 1008 1008 IT 695 (63.4) 402 (36.6) 1097 1097 LU 86 (28.8) 213 (71.2) 299 299 NL 462 (45.4) 556 (54.6) 1018 1018 N Sum 5738 4171 9909 N Valid Sum 5738 4171 9909 printed 27.02.2012 page 89 Eurobarometer 22 - October-November 1984,GESIS Variable Report,114,ZA1321
v86,v86 0 1 N Sum N Valid Sum,ENERGY SAVING DONE: HOME HEAT,isocntry BE 811 (78.4) 224 (21.6) 1035 1035 DE 424 (40.3) 629 (59.7) 1053 1053 DK 479 (48.4) 511 (51.6) 990 990 FR 524 (52.1) 481 (47.9) 1005 1005 GB-GBN 547 (50.5) 536 (49.5) 1083 1083 GB-NIR 223 (69.5) 98 (30.5) 321 321 GR 698 (69.8) 302 (30.2) 1000 1000 IE 694 (68.8) 314 (31.2) 1008 1008 IT 725 (66.1) 372 (33.9) 1097 1097 LU 140 (46.8) 159 (53.2) 299 299 NL 447 (43.9) 571 (56.1) 1018 1018 N Sum 5712 4197 9909 N Valid Sum 5712 4197 9909 printed 27.02.2012 page 90 Eurobarometer 22 - October-November 1984,isocntry BE 811 (78.4) 224 (21.6) 1035 1035 DE 424 (40.3) 629 (59.7) 1053 1053 DK 479 (48.4) 511 (51.6) 990 990 FR 524 (52.1) 481 (47.9) 1005 1005 GB-GBN 547 (50.5) 536 (49.5) 1083 1083 GB-NIR 223 (69.5) 98 (30.5) 321 321 GR 698 (69.8) 302 (30.2) 1000 1000 IE 694 (68.8) 314 (31.2) 1008 1008 IT 725 (66.1) 372 (33.9) 1097 1097 LU 140 (46.8) 159 (53.2) 299 299 NL 447 (43.9) 571 (56.1) 1018 1018 N Sum 5712 4197 9909 N Valid Sum 5712 4197 9909 printed 27.02.2012 page 90 Eurobarometer 22 - October-November 1984,GESIS Variable Report,115,ZA1321
v87,v87 0 1 N Sum N Valid Sum,ENERGY SAVING DONE: PETROL USE,isocntry BE 967 (93.4) 68 (6.6) 1035 1035 DE 603 (57.3) 450 (42.7) 1053 1053 DK 734 (74.1) 256 (25.9) 990 990 FR 627 (62.4) 378 (37.6) 1005 1005 GB-GBN 749 (69.1) 335 (30.9) 1084 1084 GB-NIR 257 (80.1) 64 (19.9) 321 321 GR 818 (81.8) 182 (18.2) 1000 1000 IE 651 (64.6) 357 (35.4) 1008 1008 IT 702 (64.0) 395 (36.0) 1097 1097 LU 207 (69.2) 92 (30.8) 299 299 NL 732 (71.9) 286 (28.1) 1018 1018 N Sum 7047 2863 9910 N Valid Sum 7047 2863 9910 printed 27.02.2012 page 91 Eurobarometer 22 - October-November 1984,isocntry BE 967 (93.4) 68 (6.6) 1035 1035 DE 603 (57.3) 450 (42.7) 1053 1053 DK 734 (74.1) 256 (25.9) 990 990 FR 627 (62.4) 378 (37.6) 1005 1005 GB-GBN 749 (69.1) 335 (30.9) 1084 1084 GB-NIR 257 (80.1) 64 (19.9) 321 321 GR 818 (81.8) 182 (18.2) 1000 1000 IE 651 (64.6) 357 (35.4) 1008 1008 IT 702 (64.0) 395 (36.0) 1097 1097 LU 207 (69.2) 92 (30.8) 299 299 NL 732 (71.9) 286 (28.1) 1018 1018 N Sum 7047 2863 9910 N Valid Sum 7047 2863 9910 printed 27.02.2012 page 91 Eurobarometer 22 - October-November 1984,GESIS Variable Report,116,ZA1321
v88,v88 0 1 N Sum N Valid Sum,ENERGY SAVING DONE: ELECTR APPLIANCES,isocntry BE 966 (93.3) 69 (6.7) 1035 1035 DE 520 (49.4) 533 (50.6) 1053 1053 DK 610 (61.6) 380 (38.4) 990 990 FR 592 (58.9) 413 (41.1) 1005 1005 GB-GBN 570 (52.6) 513 (47.4) 1083 1083 GB-NIR 207 (64.5) 114 (35.5) 321 321 GR 447 (44.7) 553 (55.3) 1000 1000 IE 537 (53.3) 471 (46.7) 1008 1008 IT 470 (42.8) 627 (57.2) 1097 1097 LU 192 (64.2) 107 (35.8) 299 299 NL 528 (51.9) 489 (48.1) 1017 1017 N Sum 5639 4269 9908 N Valid Sum 5639 4269 9908 printed 27.02.2012 page 92 Eurobarometer 22 - October-November 1984,isocntry BE 966 (93.3) 69 (6.7) 1035 1035 DE 520 (49.4) 533 (50.6) 1053 1053 DK 610 (61.6) 380 (38.4) 990 990 FR 592 (58.9) 413 (41.1) 1005 1005 GB-GBN 570 (52.6) 513 (47.4) 1083 1083 GB-NIR 207 (64.5) 114 (35.5) 321 321 GR 447 (44.7) 553 (55.3) 1000 1000 IE 537 (53.3) 471 (46.7) 1008 1008 IT 470 (42.8) 627 (57.2) 1097 1097 LU 192 (64.2) 107 (35.8) 299 299 NL 528 (51.9) 489 (48.1) 1017 1017 N Sum 5639 4269 9908 N Valid Sum 5639 4269 9908 printed 27.02.2012 page 92 Eurobarometer 22 - October-November 1984,GESIS Variable Report,117,ZA1321
v89,v89 0 1 N Sum N Valid Sum,ENERGY SAVING COULD: INSULATION,isocntry BE 895 (86.5) 140 (13.5) 1035 1035 DE 715 (67.9) 338 (32.1) 1053 1053 DK 760 (76.8) 230 (23.2) 990 990 FR 821 (81.7) 184 (18.3) 1005 1005 GB-GBN 739 (68.2) 344 (31.8) 1083 1083 GB-NIR 223 (69.5) 98 (30.5) 321 321 GR 762 (76.2) 238 (23.8) 1000 1000 IE 724 (71.8) 284 (28.2) 1008 1008 IT 776 (70.7) 321 (29.3) 1097 1097 LU 190 (63.5) 109 (36.5) 299 299 NL 777 (76.4) 240 (23.6) 1017 1017 N Sum 7382 2526 9908 N Valid Sum 7382 2526 9908 printed 27.02.2012 page 93 Eurobarometer 22 - October-November 1984,isocntry BE 895 (86.5) 140 (13.5) 1035 1035 DE 715 (67.9) 338 (32.1) 1053 1053 DK 760 (76.8) 230 (23.2) 990 990 FR 821 (81.7) 184 (18.3) 1005 1005 GB-GBN 739 (68.2) 344 (31.8) 1083 1083 GB-NIR 223 (69.5) 98 (30.5) 321 321 GR 762 (76.2) 238 (23.8) 1000 1000 IE 724 (71.8) 284 (28.2) 1008 1008 IT 776 (70.7) 321 (29.3) 1097 1097 LU 190 (63.5) 109 (36.5) 299 299 NL 777 (76.4) 240 (23.6) 1017 1017 N Sum 7382 2526 9908 N Valid Sum 7382 2526 9908 printed 27.02.2012 page 93 Eurobarometer 22 - October-November 1984,GESIS Variable Report,118,ZA1321
v90,v90 0 1 N Sum N Valid Sum,ENERGY SAVING COULD: HOME HEAT,isocntry BE 931 (90.0) 104 (10.0) 1035 1035 DE 747 (70.9) 306 (29.1) 1053 1053 DK 799 (80.7) 191 (19.3) 990 990 FR 839 (83.5) 166 (16.5) 1005 1005 GB-GBN 829 (76.5) 254 (23.5) 1083 1083 GB-NIR 232 (72.3) 89 (27.7) 321 321 GR 751 (75.1) 249 (24.9) 1000 1000 IE 757 (75.1) 251 (24.9) 1008 1008 IT 895 (81.6) 202 (18.4) 1097 1097 LU 218 (72.9) 81 (27.1) 299 299 NL 763 (75.0) 255 (25.0) 1018 1018 N Sum 7761 2148 9909 N Valid Sum 7761 2148 9909 printed 27.02.2012 page 94 Eurobarometer 22 - October-November 1984,isocntry BE 931 (90.0) 104 (10.0) 1035 1035 DE 747 (70.9) 306 (29.1) 1053 1053 DK 799 (80.7) 191 (19.3) 990 990 FR 839 (83.5) 166 (16.5) 1005 1005 GB-GBN 829 (76.5) 254 (23.5) 1083 1083 GB-NIR 232 (72.3) 89 (27.7) 321 321 GR 751 (75.1) 249 (24.9) 1000 1000 IE 757 (75.1) 251 (24.9) 1008 1008 IT 895 (81.6) 202 (18.4) 1097 1097 LU 218 (72.9) 81 (27.1) 299 299 NL 763 (75.0) 255 (25.0) 1018 1018 N Sum 7761 2148 9909 N Valid Sum 7761 2148 9909 printed 27.02.2012 page 94 Eurobarometer 22 - October-November 1984,GESIS Variable Report,119,ZA1321
v91,v91 0 1 N Sum N Valid Sum,ENERGY SAVING COULD: PATROL USE,isocntry BE 872 (84.3) 163 (15.7) 1035 1035 DE 666 (63.2) 387 (36.8) 1053 1053 DK 814 (82.2) 176 (17.8) 990 990 FR 755 (75.1) 250 (24.9) 1005 1005 GB-GBN 836 (77.2) 247 (22.8) 1083 1083 GB-NIR 232 (72.3) 89 (27.7) 321 321 GR 811 (81.1) 189 (18.9) 1000 1000 IE 765 (75.9) 243 (24.1) 1008 1008 IT 784 (71.5) 313 (28.5) 1097 1097 LU 207 (69.2) 92 (30.8) 299 299 NL 750 (73.7) 268 (26.3) 1018 1018 N Sum 7492 2417 9909 N Valid Sum 7492 2417 9909 printed 27.02.2012 page 95 Eurobarometer 22 - October-November 1984,isocntry BE 872 (84.3) 163 (15.7) 1035 1035 DE 666 (63.2) 387 (36.8) 1053 1053 DK 814 (82.2) 176 (17.8) 990 990 FR 755 (75.1) 250 (24.9) 1005 1005 GB-GBN 836 (77.2) 247 (22.8) 1083 1083 GB-NIR 232 (72.3) 89 (27.7) 321 321 GR 811 (81.1) 189 (18.9) 1000 1000 IE 765 (75.9) 243 (24.1) 1008 1008 IT 784 (71.5) 313 (28.5) 1097 1097 LU 207 (69.2) 92 (30.8) 299 299 NL 750 (73.7) 268 (26.3) 1018 1018 N Sum 7492 2417 9909 N Valid Sum 7492 2417 9909 printed 27.02.2012 page 95 Eurobarometer 22 - October-November 1984,GESIS Variable Report,120,ZA1321
v92,v92 0 1 N Sum N Valid Sum,ENERGY SAVING COULD: ELECTR APPLIANCES,isocntry BE 866 (83.7) 169 (16.3) 1035 1035 DE 521 (49.5) 532 (50.5) 1053 1053 DK 636 (64.2) 354 (35.8) 990 990 FR 776 (77.2) 229 (22.8) 1005 1005 GB-GBN 728 (67.2) 355 (32.8) 1083 1083 GB-NIR 207 (64.5) 114 (35.5) 321 321 GR 565 (56.5) 435 (43.5) 1000 1000 IE 635 (63.0) 373 (37.0) 1008 1008 IT 607 (55.3) 490 (44.7) 1097 1097 LU 194 (64.9) 105 (35.1) 299 299 NL 650 (63.9) 368 (36.1) 1018 1018 N Sum 6385 3524 9909 N Valid Sum 6385 3524 9909 printed 27.02.2012 page 96 Eurobarometer 22 - October-November 1984,isocntry BE 866 (83.7) 169 (16.3) 1035 1035 DE 521 (49.5) 532 (50.5) 1053 1053 DK 636 (64.2) 354 (35.8) 990 990 FR 776 (77.2) 229 (22.8) 1005 1005 GB-GBN 728 (67.2) 355 (32.8) 1083 1083 GB-NIR 207 (64.5) 114 (35.5) 321 321 GR 565 (56.5) 435 (43.5) 1000 1000 IE 635 (63.0) 373 (37.0) 1008 1008 IT 607 (55.3) 490 (44.7) 1097 1097 LU 194 (64.9) 105 (35.1) 299 299 NL 650 (63.9) 368 (36.1) 1018 1018 N Sum 6385 3524 9909 N Valid Sum 6385 3524 9909 printed 27.02.2012 page 96 Eurobarometer 22 - October-November 1984,GESIS Variable Report,121,ZA1321
v93,v93 0 1 N Sum N Valid Sum,ENERGY HEATING PRESENTLY: COAL,isocntry BE 842 (81.4) 193 (18.6) 1035 1035 DE 905 (85.9) 148 (14.1) 1053 1053 DK 897 (90.6) 93 (9.4) 990 990 FR 943 (93.8) 62 (6.2) 1005 1005 GB-GBN 954 (88.1) 129 (11.9) 1083 1083 GB-NIR 76 (23.7) 245 (76.3) 321 321 GR 884 (88.4) 116 (11.6) 1000 1000 IE 330 (32.7) 678 (67.3) 1008 1008 IT 1046 (95.4) 51 (4.6) 1097 1097 LU 273 (91.3) 26 (8.7) 299 299 NL 1005 (98.7) 13 (1.3) 1018 1018 N Sum 8155 1754 9909 N Valid Sum 8155 1754 9909 printed 27.02.2012 page 97 Eurobarometer 22 - October-November 1984,isocntry BE 842 (81.4) 193 (18.6) 1035 1035 DE 905 (85.9) 148 (14.1) 1053 1053 DK 897 (90.6) 93 (9.4) 990 990 FR 943 (93.8) 62 (6.2) 1005 1005 GB-GBN 954 (88.1) 129 (11.9) 1083 1083 GB-NIR 76 (23.7) 245 (76.3) 321 321 GR 884 (88.4) 116 (11.6) 1000 1000 IE 330 (32.7) 678 (67.3) 1008 1008 IT 1046 (95.4) 51 (4.6) 1097 1097 LU 273 (91.3) 26 (8.7) 299 299 NL 1005 (98.7) 13 (1.3) 1018 1018 N Sum 8155 1754 9909 N Valid Sum 8155 1754 9909 printed 27.02.2012 page 97 Eurobarometer 22 - October-November 1984,GESIS Variable Report,122,ZA1321
v94,v94 0 1 N Sum N Valid Sum,ENERGY HEATING PRESENTLY: OIL,isocntry BE 684 (66.1) 351 (33.9) 1035 1035 DE 484 (46.0) 569 (54.0) 1053 1053 DK 438 (44.2) 552 (55.8) 990 990 FR 644 (64.1) 361 (35.9) 1005 1005 GB-GBN 1058 (97.7) 25 (2.3) 1083 1083 GB-NIR 263 (81.9) 58 (18.1) 321 321 GR 353 (35.3) 647 (64.7) 1000 1000 IE 838 (83.1) 170 (16.9) 1008 1008 IT 706 (64.4) 391 (35.6) 1097 1097 LU 133 (44.5) 166 (55.5) 299 299 NL 970 (95.3) 48 (4.7) 1018 1018 N Sum 6571 3338 9909 N Valid Sum 6571 3338 9909 printed 27.02.2012 page 98 Eurobarometer 22 - October-November 1984,isocntry BE 684 (66.1) 351 (33.9) 1035 1035 DE 484 (46.0) 569 (54.0) 1053 1053 DK 438 (44.2) 552 (55.8) 990 990 FR 644 (64.1) 361 (35.9) 1005 1005 GB-GBN 1058 (97.7) 25 (2.3) 1083 1083 GB-NIR 263 (81.9) 58 (18.1) 321 321 GR 353 (35.3) 647 (64.7) 1000 1000 IE 838 (83.1) 170 (16.9) 1008 1008 IT 706 (64.4) 391 (35.6) 1097 1097 LU 133 (44.5) 166 (55.5) 299 299 NL 970 (95.3) 48 (4.7) 1018 1018 N Sum 6571 3338 9909 N Valid Sum 6571 3338 9909 printed 27.02.2012 page 98 Eurobarometer 22 - October-November 1984,GESIS Variable Report,123,ZA1321
v95,v95 0 1 N Sum N Valid Sum,ENERGY HEATING PRESENTLY: GAS,isocntry BE 606 (58.6) 429 (41.4) 1035 1035 DE 793 (75.3) 260 (24.7) 1053 1053 DK 947 (95.7) 43 (4.3) 990 990 FR 750 (74.6) 255 (25.4) 1005 1005 GB-GBN 282 (26.0) 802 (74.0) 1084 1084 GB-NIR 298 (92.8) 23 (7.2) 321 321 GR 974 (97.4) 26 (2.6) 1000 1000 IE 960 (95.2) 48 (4.8) 1008 1008 IT 630 (57.4) 467 (42.6) 1097 1097 LU 216 (72.2) 83 (27.8) 299 299 NL 108 (10.6) 909 (89.4) 1017 1017 N Sum 6564 3345 9909 N Valid Sum 6564 3345 9909 printed 27.02.2012 page 99 Eurobarometer 22 - October-November 1984,isocntry BE 606 (58.6) 429 (41.4) 1035 1035 DE 793 (75.3) 260 (24.7) 1053 1053 DK 947 (95.7) 43 (4.3) 990 990 FR 750 (74.6) 255 (25.4) 1005 1005 GB-GBN 282 (26.0) 802 (74.0) 1084 1084 GB-NIR 298 (92.8) 23 (7.2) 321 321 GR 974 (97.4) 26 (2.6) 1000 1000 IE 960 (95.2) 48 (4.8) 1008 1008 IT 630 (57.4) 467 (42.6) 1097 1097 LU 216 (72.2) 83 (27.8) 299 299 NL 108 (10.6) 909 (89.4) 1017 1017 N Sum 6564 3345 9909 N Valid Sum 6564 3345 9909 printed 27.02.2012 page 99 Eurobarometer 22 - October-November 1984,GESIS Variable Report,124,ZA1321
v96,v96 0 1 N Sum N Valid Sum,ENERGY HEATING PRESENTLY: ELECTR,isocntry BE 969 (93.6) 66 (6.4) 1035 1035 DE 930 (88.3) 123 (11.7) 1053 1053 DK 890 (89.9) 100 (10.1) 990 990 FR 763 (75.9) 242 (24.1) 1005 1005 GB-GBN 866 (80.0) 217 (20.0) 1083 1083 GB-NIR 275 (85.7) 46 (14.3) 321 321 GR 844 (84.4) 156 (15.6) 1000 1000 IE 933 (92.6) 75 (7.4) 1008 1008 IT 989 (90.2) 108 (9.8) 1097 1097 LU 263 (88.0) 36 (12.0) 299 299 NL 979 (96.2) 39 (3.8) 1018 1018 N Sum 8701 1208 9909 N Valid Sum 8701 1208 9909 printed 27.02.2012 page 100 Eurobarometer 22 - October-November 1984,isocntry BE 969 (93.6) 66 (6.4) 1035 1035 DE 930 (88.3) 123 (11.7) 1053 1053 DK 890 (89.9) 100 (10.1) 990 990 FR 763 (75.9) 242 (24.1) 1005 1005 GB-GBN 866 (80.0) 217 (20.0) 1083 1083 GB-NIR 275 (85.7) 46 (14.3) 321 321 GR 844 (84.4) 156 (15.6) 1000 1000 IE 933 (92.6) 75 (7.4) 1008 1008 IT 989 (90.2) 108 (9.8) 1097 1097 LU 263 (88.0) 36 (12.0) 299 299 NL 979 (96.2) 39 (3.8) 1018 1018 N Sum 8701 1208 9909 N Valid Sum 8701 1208 9909 printed 27.02.2012 page 100 Eurobarometer 22 - October-November 1984,GESIS Variable Report,125,ZA1321
v97,v97 0 1 N Sum N Valid Sum,ENERGY HEATING PRESENTLY: OTHER,isocntry BE 979 (94.6) 56 (5.4) 1035 1035 DE 991 (94.1) 62 (5.9) 1053 1053 DK 954 (96.4) 36 (3.6) 990 990 FR 834 (83.0) 171 (17.0) 1005 1005 GB-GBN 1069 (98.7) 14 (1.3) 1083 1083 GB-NIR 311 (96.9) 10 (3.1) 321 321 GR 822 (82.2) 178 (17.8) 1000 1000 IE 785 (77.9) 223 (22.1) 1008 1008 IT 990 (90.2) 107 (9.8) 1097 1097 LU 282 (94.3) 17 (5.7) 299 299 NL 988 (97.1) 29 (2.9) 1017 1017 N Sum 9005 903 9908 N Valid Sum 9005 903 9908 printed 27.02.2012 page 101 Eurobarometer 22 - October-November 1984,isocntry BE 979 (94.6) 56 (5.4) 1035 1035 DE 991 (94.1) 62 (5.9) 1053 1053 DK 954 (96.4) 36 (3.6) 990 990 FR 834 (83.0) 171 (17.0) 1005 1005 GB-GBN 1069 (98.7) 14 (1.3) 1083 1083 GB-NIR 311 (96.9) 10 (3.1) 321 321 GR 822 (82.2) 178 (17.8) 1000 1000 IE 785 (77.9) 223 (22.1) 1008 1008 IT 990 (90.2) 107 (9.8) 1097 1097 LU 282 (94.3) 17 (5.7) 299 299 NL 988 (97.1) 29 (2.9) 1017 1017 N Sum 9005 903 9908 N Valid Sum 9005 903 9908 printed 27.02.2012 page 101 Eurobarometer 22 - October-November 1984,GESIS Variable Report,126,ZA1321
v98,v98 0 1 N Sum N Valid Sum,ENERGY COOKING PRESENTLY: COAL,isocntry BE 1025 (99.0) 10 (1.0) 1035 1035 DE 1004 (95.3) 49 (4.7) 1053 1053 DK 990 (100.0) 990 990 FR 995 (99.0) 10 (1.0) 1005 1005 GB-GBN 1076 (99.4) 7 (0.6) 1083 1083 GB-NIR 318 (99.1) 3 (0.9) 321 321 GR 990 (99.0) 10 (1.0) 1000 1000 IE 919 (91.2) 89 (8.8) 1008 1008 IT 1094 (99.7) 3 (0.3) 1097 1097 LU 296 (99.0) 3 (1.0) 299 299 NL 1016 (99.9) 1 (0.1) 1017 1017 N Sum 9723 185 9908 N Valid Sum 9723 185 9908 printed 27.02.2012 page 102 Eurobarometer 22 - October-November 1984,isocntry BE 1025 (99.0) 10 (1.0) 1035 1035 DE 1004 (95.3) 49 (4.7) 1053 1053 DK 990 (100.0) 990 990 FR 995 (99.0) 10 (1.0) 1005 1005 GB-GBN 1076 (99.4) 7 (0.6) 1083 1083 GB-NIR 318 (99.1) 3 (0.9) 321 321 GR 990 (99.0) 10 (1.0) 1000 1000 IE 919 (91.2) 89 (8.8) 1008 1008 IT 1094 (99.7) 3 (0.3) 1097 1097 LU 296 (99.0) 3 (1.0) 299 299 NL 1016 (99.9) 1 (0.1) 1017 1017 N Sum 9723 185 9908 N Valid Sum 9723 185 9908 printed 27.02.2012 page 102 Eurobarometer 22 - October-November 1984,GESIS Variable Report,127,ZA1321
v99,v99 0 1 N Sum N Valid Sum,ENERGY COOKING PRESENTLY: OIL,isocntry BE 1032 (99.7) 3 (0.3) 1035 1035 DE 1043 (99.1) 10 (0.9) 1053 1053 DK 990 (100.0) 990 990 FR 1001 (99.6) 4 (0.4) 1005 1005 GB-GBN 1082 (99.9) 1 (0.1) 1083 1083 GB-NIR 317 (98.8) 4 (1.2) 321 321 GR 993 (99.3) 7 (0.7) 1000 1000 IE 974 (96.6) 34 (3.4) 1008 1008 IT 1087 (99.1) 10 (0.9) 1097 1097 LU 299 (100.0) 299 299 NL 1016 (99.8) 2 (0.2) 1018 1018 N Sum 9834 75 9909 N Valid Sum 9834 75 9909 printed 27.02.2012 page 103 Eurobarometer 22 - October-November 1984,isocntry BE 1032 (99.7) 3 (0.3) 1035 1035 DE 1043 (99.1) 10 (0.9) 1053 1053 DK 990 (100.0) 990 990 FR 1001 (99.6) 4 (0.4) 1005 1005 GB-GBN 1082 (99.9) 1 (0.1) 1083 1083 GB-NIR 317 (98.8) 4 (1.2) 321 321 GR 993 (99.3) 7 (0.7) 1000 1000 IE 974 (96.6) 34 (3.4) 1008 1008 IT 1087 (99.1) 10 (0.9) 1097 1097 LU 299 (100.0) 299 299 NL 1016 (99.8) 2 (0.2) 1018 1018 N Sum 9834 75 9909 N Valid Sum 9834 75 9909 printed 27.02.2012 page 103 Eurobarometer 22 - October-November 1984,GESIS Variable Report,128,ZA1321
v100,v100 0 1 N Sum N Valid Sum,ENERGY COOKING PRESENTLY: GAS,isocntry BE 382 (36.9) 653 (63.1) 1035 1035 DE 864 (82.1) 189 (17.9) 1053 1053 DK 784 (79.2) 206 (20.8) 990 990 FR 156 (15.5) 849 (84.5) 1005 1005 GB-GBN 430 (39.7) 653 (60.3) 1083 1083 GB-NIR 206 (64.2) 115 (35.8) 321 321 GR 561 (56.1) 439 (43.9) 1000 1000 IE 530 (52.6) 478 (47.4) 1008 1008 IT 45 (4.1) 1052 (95.9) 1097 1097 LU 136 (45.5) 163 (54.5) 299 299 NL 119 (11.7) 899 (88.3) 1018 1018 N Sum 4213 5696 9909 N Valid Sum 4213 5696 9909 printed 27.02.2012 page 104 Eurobarometer 22 - October-November 1984,isocntry BE 382 (36.9) 653 (63.1) 1035 1035 DE 864 (82.1) 189 (17.9) 1053 1053 DK 784 (79.2) 206 (20.8) 990 990 FR 156 (15.5) 849 (84.5) 1005 1005 GB-GBN 430 (39.7) 653 (60.3) 1083 1083 GB-NIR 206 (64.2) 115 (35.8) 321 321 GR 561 (56.1) 439 (43.9) 1000 1000 IE 530 (52.6) 478 (47.4) 1008 1008 IT 45 (4.1) 1052 (95.9) 1097 1097 LU 136 (45.5) 163 (54.5) 299 299 NL 119 (11.7) 899 (88.3) 1018 1018 N Sum 4213 5696 9909 N Valid Sum 4213 5696 9909 printed 27.02.2012 page 104 Eurobarometer 22 - October-November 1984,GESIS Variable Report,129,ZA1321
v101,v101 0 1 N Sum N Valid Sum,ENERGY COOKING PRESENTLY: ELECTR,isocntry BE 726 (70.1) 309 (29.9) 1035 1035 DE 222 (21.1) 831 (78.9) 1053 1053 DK 212 (21.4) 778 (78.6) 990 990 FR 600 (59.7) 405 (40.3) 1005 1005 GB-GBN 612 (56.5) 471 (43.5) 1083 1083 GB-NIR 113 (35.2) 208 (64.8) 321 321 GR 371 (37.1) 629 (62.9) 1000 1000 IE 610 (60.5) 398 (39.5) 1008 1008 IT 1037 (94.5) 60 (5.5) 1097 1097 LU 145 (48.5) 154 (51.5) 299 299 NL 902 (88.6) 116 (11.4) 1018 1018 N Sum 5550 4359 9909 N Valid Sum 5550 4359 9909 printed 27.02.2012 page 105 Eurobarometer 22 - October-November 1984,isocntry BE 726 (70.1) 309 (29.9) 1035 1035 DE 222 (21.1) 831 (78.9) 1053 1053 DK 212 (21.4) 778 (78.6) 990 990 FR 600 (59.7) 405 (40.3) 1005 1005 GB-GBN 612 (56.5) 471 (43.5) 1083 1083 GB-NIR 113 (35.2) 208 (64.8) 321 321 GR 371 (37.1) 629 (62.9) 1000 1000 IE 610 (60.5) 398 (39.5) 1008 1008 IT 1037 (94.5) 60 (5.5) 1097 1097 LU 145 (48.5) 154 (51.5) 299 299 NL 902 (88.6) 116 (11.4) 1018 1018 N Sum 5550 4359 9909 N Valid Sum 5550 4359 9909 printed 27.02.2012 page 105 Eurobarometer 22 - October-November 1984,GESIS Variable Report,130,ZA1321
v102,v102 0 1 N Sum N Valid Sum,ENERGY COOKING PRESENTLY: OTHER,isocntry BE 1030 (99.5) 5 (0.5) 1035 1035 DE 1031 (97.9) 22 (2.1) 1053 1053 DK 989 (99.9) 1 (0.1) 990 990 FR 973 (96.8) 32 (3.2) 1005 1005 GB-GBN 1082 (99.9) 1 (0.1) 1083 1083 GB-NIR 316 (98.4) 5 (1.6) 321 321 GR 960 (96.0) 40 (4.0) 1000 1000 IE 890 (88.3) 118 (11.7) 1008 1008 IT 1080 (98.5) 17 (1.5) 1097 1097 LU 295 (98.7) 4 (1.3) 299 299 NL 1017 (99.9) 1 (0.1) 1018 1018 N Sum 9663 246 9909 N Valid Sum 9663 246 9909 printed 27.02.2012 page 106 Eurobarometer 22 - October-November 1984,isocntry BE 1030 (99.5) 5 (0.5) 1035 1035 DE 1031 (97.9) 22 (2.1) 1053 1053 DK 989 (99.9) 1 (0.1) 990 990 FR 973 (96.8) 32 (3.2) 1005 1005 GB-GBN 1082 (99.9) 1 (0.1) 1083 1083 GB-NIR 316 (98.4) 5 (1.6) 321 321 GR 960 (96.0) 40 (4.0) 1000 1000 IE 890 (88.3) 118 (11.7) 1008 1008 IT 1080 (98.5) 17 (1.5) 1097 1097 LU 295 (98.7) 4 (1.3) 299 299 NL 1017 (99.9) 1 (0.1) 1018 1018 N Sum 9663 246 9909 N Valid Sum 9663 246 9909 printed 27.02.2012 page 106 Eurobarometer 22 - October-November 1984,GESIS Variable Report,131,ZA1321
v103,v103 0 1 N Sum N Valid Sum,ENERGY HEATING PREFERED: COAL,isocntry BE 834 (80.6) 201 (19.4) 1035 1035 DE 920 (87.4) 133 (12.6) 1053 1053 DK 926 (93.5) 64 (6.5) 990 990 FR 950 (94.5) 55 (5.5) 1005 1005 GB-GBN 929 (85.8) 154 (14.2) 1083 1083 GB-NIR 112 (34.9) 209 (65.1) 321 321 GR 934 (93.4) 66 (6.6) 1000 1000 IE 537 (53.3) 471 (46.7) 1008 1008 IT 1040 (94.8) 57 (5.2) 1097 1097 LU 277 (92.6) 22 (7.4) 299 299 NL 960 (94.4) 57 (5.6) 1017 1017 N Sum 8419 1489 9908 N Valid Sum 8419 1489 9908 printed 27.02.2012 page 107 Eurobarometer 22 - October-November 1984,isocntry BE 834 (80.6) 201 (19.4) 1035 1035 DE 920 (87.4) 133 (12.6) 1053 1053 DK 926 (93.5) 64 (6.5) 990 990 FR 950 (94.5) 55 (5.5) 1005 1005 GB-GBN 929 (85.8) 154 (14.2) 1083 1083 GB-NIR 112 (34.9) 209 (65.1) 321 321 GR 934 (93.4) 66 (6.6) 1000 1000 IE 537 (53.3) 471 (46.7) 1008 1008 IT 1040 (94.8) 57 (5.2) 1097 1097 LU 277 (92.6) 22 (7.4) 299 299 NL 960 (94.4) 57 (5.6) 1017 1017 N Sum 8419 1489 9908 N Valid Sum 8419 1489 9908 printed 27.02.2012 page 107 Eurobarometer 22 - October-November 1984,GESIS Variable Report,132,ZA1321
v104,v104 0 1 N Sum N Valid Sum,ENERGY HEATING PREFERED: OIL,isocntry BE 805 (77.8) 230 (22.2) 1035 1035 DE 768 (72.9) 285 (27.1) 1053 1053 DK 599 (60.5) 391 (39.5) 990 990 FR 873 (86.9) 132 (13.1) 1005 1005 GB-GBN 1074 (99.2) 9 (0.8) 1083 1083 GB-NIR 250 (77.9) 71 (22.1) 321 321 GR 594 (59.4) 406 (40.6) 1000 1000 IE 780 (77.4) 228 (22.6) 1008 1008 IT 910 (83.0) 187 (17.0) 1097 1097 LU 228 (76.3) 71 (23.7) 299 299 NL 1008 (99.1) 9 (0.9) 1017 1017 N Sum 7889 2019 9908 N Valid Sum 7889 2019 9908 printed 27.02.2012 page 108 Eurobarometer 22 - October-November 1984,isocntry BE 805 (77.8) 230 (22.2) 1035 1035 DE 768 (72.9) 285 (27.1) 1053 1053 DK 599 (60.5) 391 (39.5) 990 990 FR 873 (86.9) 132 (13.1) 1005 1005 GB-GBN 1074 (99.2) 9 (0.8) 1083 1083 GB-NIR 250 (77.9) 71 (22.1) 321 321 GR 594 (59.4) 406 (40.6) 1000 1000 IE 780 (77.4) 228 (22.6) 1008 1008 IT 910 (83.0) 187 (17.0) 1097 1097 LU 228 (76.3) 71 (23.7) 299 299 NL 1008 (99.1) 9 (0.9) 1017 1017 N Sum 7889 2019 9908 N Valid Sum 7889 2019 9908 printed 27.02.2012 page 108 Eurobarometer 22 - October-November 1984,GESIS Variable Report,133,ZA1321
v105,v105 0 1 N Sum N Valid Sum,ENERGY HEATING PREFERED: GAS,isocntry BE 683 (66.0) 352 (34.0) 1035 1035 DE 679 (64.5) 374 (35.5) 1053 1053 DK 871 (88.0) 119 (12.0) 990 990 FR 772 (76.8) 233 (23.2) 1005 1005 GB-GBN 297 (27.4) 786 (72.6) 1083 1083 GB-NIR 305 (95.0) 16 (5.0) 321 321 GR 949 (94.9) 51 (5.1) 1000 1000 IE 931 (92.4) 77 (7.6) 1008 1008 IT 472 (43.0) 625 (57.0) 1097 1097 LU 210 (70.2) 89 (29.8) 299 299 NL 203 (19.9) 815 (80.1) 1018 1018 N Sum 6372 3537 9909 N Valid Sum 6372 3537 9909 printed 27.02.2012 page 109 Eurobarometer 22 - October-November 1984,isocntry BE 683 (66.0) 352 (34.0) 1035 1035 DE 679 (64.5) 374 (35.5) 1053 1053 DK 871 (88.0) 119 (12.0) 990 990 FR 772 (76.8) 233 (23.2) 1005 1005 GB-GBN 297 (27.4) 786 (72.6) 1083 1083 GB-NIR 305 (95.0) 16 (5.0) 321 321 GR 949 (94.9) 51 (5.1) 1000 1000 IE 931 (92.4) 77 (7.6) 1008 1008 IT 472 (43.0) 625 (57.0) 1097 1097 LU 210 (70.2) 89 (29.8) 299 299 NL 203 (19.9) 815 (80.1) 1018 1018 N Sum 6372 3537 9909 N Valid Sum 6372 3537 9909 printed 27.02.2012 page 109 Eurobarometer 22 - October-November 1984,GESIS Variable Report,134,ZA1321
v106,v106 0 1 N Sum N Valid Sum,ENERGY HEATING PREFERED: ELECTR,isocntry BE 900 (87.0) 135 (13.0) 1035 1035 DE 876 (83.2) 177 (16.8) 1053 1053 DK 841 (84.9) 149 (15.1) 990 990 FR 591 (58.8) 414 (41.2) 1005 1005 GB-GBN 967 (89.3) 116 (10.7) 1083 1083 GB-NIR 296 (92.2) 25 (7.8) 321 321 GR 673 (67.3) 327 (32.7) 1000 1000 IE 916 (90.9) 92 (9.1) 1008 1008 IT 976 (89.0) 121 (11.0) 1097 1097 LU 207 (69.2) 92 (30.8) 299 299 NL 961 (94.4) 57 (5.6) 1018 1018 N Sum 8204 1705 9909 N Valid Sum 8204 1705 9909 printed 27.02.2012 page 110 Eurobarometer 22 - October-November 1984,isocntry BE 900 (87.0) 135 (13.0) 1035 1035 DE 876 (83.2) 177 (16.8) 1053 1053 DK 841 (84.9) 149 (15.1) 990 990 FR 591 (58.8) 414 (41.2) 1005 1005 GB-GBN 967 (89.3) 116 (10.7) 1083 1083 GB-NIR 296 (92.2) 25 (7.8) 321 321 GR 673 (67.3) 327 (32.7) 1000 1000 IE 916 (90.9) 92 (9.1) 1008 1008 IT 976 (89.0) 121 (11.0) 1097 1097 LU 207 (69.2) 92 (30.8) 299 299 NL 961 (94.4) 57 (5.6) 1018 1018 N Sum 8204 1705 9909 N Valid Sum 8204 1705 9909 printed 27.02.2012 page 110 Eurobarometer 22 - October-November 1984,GESIS Variable Report,135,ZA1321
v107,v107 0 1 N Sum N Valid Sum,ENERGY HEATING PREFERED: OTHER,isocntry BE 984 (95.1) 51 (4.9) 1035 1035 DE 941 (89.4) 112 (10.6) 1053 1053 DK 940 (94.9) 50 (5.1) 990 990 FR 844 (84.0) 161 (16.0) 1005 1005 GB-GBN 1058 (97.7) 25 (2.3) 1083 1083 GB-NIR 316 (98.4) 5 (1.6) 321 321 GR 842 (84.2) 158 (15.8) 1000 1000 IE 846 (83.9) 162 (16.1) 1008 1008 IT 1015 (92.5) 82 (7.5) 1097 1097 LU 266 (89.0) 33 (11.0) 299 299 NL 961 (94.5) 56 (5.5) 1017 1017 N Sum 9013 895 9908 N Valid Sum 9013 895 9908 printed 27.02.2012 page 111 Eurobarometer 22 - October-November 1984,isocntry BE 984 (95.1) 51 (4.9) 1035 1035 DE 941 (89.4) 112 (10.6) 1053 1053 DK 940 (94.9) 50 (5.1) 990 990 FR 844 (84.0) 161 (16.0) 1005 1005 GB-GBN 1058 (97.7) 25 (2.3) 1083 1083 GB-NIR 316 (98.4) 5 (1.6) 321 321 GR 842 (84.2) 158 (15.8) 1000 1000 IE 846 (83.9) 162 (16.1) 1008 1008 IT 1015 (92.5) 82 (7.5) 1097 1097 LU 266 (89.0) 33 (11.0) 299 299 NL 961 (94.5) 56 (5.5) 1017 1017 N Sum 9013 895 9908 N Valid Sum 9013 895 9908 printed 27.02.2012 page 111 Eurobarometer 22 - October-November 1984,GESIS Variable Report,136,ZA1321
v108,v108 0 1 N Sum N Valid Sum,ENERGY COOKING PREFERED: COAL,isocntry BE 1019 (98.5) 16 (1.5) 1035 1035 DE 1020 (96.9) 33 (3.1) 1053 1053 DK 990 (100.0) 990 990 FR 988 (98.3) 17 (1.7) 1005 1005 GB-GBN 1059 (97.8) 24 (2.2) 1083 1083 GB-NIR 318 (99.1) 3 (0.9) 321 321 GR 963 (96.3) 37 (3.7) 1000 1000 IE 950 (94.2) 58 (5.8) 1008 1008 IT 1066 (97.2) 31 (2.8) 1097 1097 LU 287 (96.0) 12 (4.0) 299 299 NL 1014 (99.7) 3 (0.3) 1017 1017 N Sum 9674 234 9908 N Valid Sum 9674 234 9908 printed 27.02.2012 page 112 Eurobarometer 22 - October-November 1984,isocntry BE 1019 (98.5) 16 (1.5) 1035 1035 DE 1020 (96.9) 33 (3.1) 1053 1053 DK 990 (100.0) 990 990 FR 988 (98.3) 17 (1.7) 1005 1005 GB-GBN 1059 (97.8) 24 (2.2) 1083 1083 GB-NIR 318 (99.1) 3 (0.9) 321 321 GR 963 (96.3) 37 (3.7) 1000 1000 IE 950 (94.2) 58 (5.8) 1008 1008 IT 1066 (97.2) 31 (2.8) 1097 1097 LU 287 (96.0) 12 (4.0) 299 299 NL 1014 (99.7) 3 (0.3) 1017 1017 N Sum 9674 234 9908 N Valid Sum 9674 234 9908 printed 27.02.2012 page 112 Eurobarometer 22 - October-November 1984,GESIS Variable Report,137,ZA1321
v109,v109 0 1 N Sum N Valid Sum,ENERGY COOKING PREFERED: OIL,isocntry BE 1026 (99.1) 9 (0.9) 1035 1035 DE 1046 (99.3) 7 (0.7) 1053 1053 DK 988 (99.8) 2 (0.2) 990 990 FR 1002 (99.7) 3 (0.3) 1005 1005 GB-GBN 1081 (99.8) 2 (0.2) 1083 1083 GB-NIR 319 (99.4) 2 (0.6) 321 321 GR 992 (99.2) 8 (0.8) 1000 1000 IE 975 (96.7) 33 (3.3) 1008 1008 IT 1090 (99.4) 7 (0.6) 1097 1097 LU 299 (100.0) 299 299 NL 1016 (99.8) 2 (0.2) 1018 1018 N Sum 9834 75 9909 N Valid Sum 9834 75 9909 printed 27.02.2012 page 113 Eurobarometer 22 - October-November 1984,isocntry BE 1026 (99.1) 9 (0.9) 1035 1035 DE 1046 (99.3) 7 (0.7) 1053 1053 DK 988 (99.8) 2 (0.2) 990 990 FR 1002 (99.7) 3 (0.3) 1005 1005 GB-GBN 1081 (99.8) 2 (0.2) 1083 1083 GB-NIR 319 (99.4) 2 (0.6) 321 321 GR 992 (99.2) 8 (0.8) 1000 1000 IE 975 (96.7) 33 (3.3) 1008 1008 IT 1090 (99.4) 7 (0.6) 1097 1097 LU 299 (100.0) 299 299 NL 1016 (99.8) 2 (0.2) 1018 1018 N Sum 9834 75 9909 N Valid Sum 9834 75 9909 printed 27.02.2012 page 113 Eurobarometer 22 - October-November 1984,GESIS Variable Report,138,ZA1321
v110,v110 0 1 N Sum N Valid Sum,ENERGY COOKING PREFERED: GAS,isocntry BE 436 (42.1) 599 (57.9) 1035 1035 DE 802 (76.2) 251 (23.8) 1053 1053 DK 754 (76.2) 236 (23.8) 990 990 FR 308 (30.6) 697 (69.4) 1005 1005 GB-GBN 345 (31.9) 738 (68.1) 1083 1083 GB-NIR 231 (72.0) 90 (28.0) 321 321 GR 806 (80.6) 194 (19.4) 1000 1000 IE 614 (60.9) 394 (39.1) 1008 1008 IT 141 (12.9) 956 (87.1) 1097 1097 LU 176 (58.9) 123 (41.1) 299 299 NL 199 (19.5) 819 (80.5) 1018 1018 N Sum 4812 5097 9909 N Valid Sum 4812 5097 9909 printed 27.02.2012 page 114 Eurobarometer 22 - October-November 1984,isocntry BE 436 (42.1) 599 (57.9) 1035 1035 DE 802 (76.2) 251 (23.8) 1053 1053 DK 754 (76.2) 236 (23.8) 990 990 FR 308 (30.6) 697 (69.4) 1005 1005 GB-GBN 345 (31.9) 738 (68.1) 1083 1083 GB-NIR 231 (72.0) 90 (28.0) 321 321 GR 806 (80.6) 194 (19.4) 1000 1000 IE 614 (60.9) 394 (39.1) 1008 1008 IT 141 (12.9) 956 (87.1) 1097 1097 LU 176 (58.9) 123 (41.1) 299 299 NL 199 (19.5) 819 (80.5) 1018 1018 N Sum 4812 5097 9909 N Valid Sum 4812 5097 9909 printed 27.02.2012 page 114 Eurobarometer 22 - October-November 1984,GESIS Variable Report,139,ZA1321
v111,v111 0 1 N Sum N Valid Sum,ENERGY COOKING PREFERED: ELECTR,isocntry BE 700 (67.6) 335 (32.4) 1035 1035 DE 327 (31.1) 726 (68.9) 1053 1053 DK 288 (29.1) 702 (70.9) 990 990 FR 638 (63.5) 367 (36.5) 1005 1005 GB-GBN 769 (71.0) 314 (29.0) 1083 1083 GB-NIR 98 (30.5) 223 (69.5) 321 321 GR 287 (28.7) 713 (71.3) 1000 1000 IE 574 (56.9) 434 (43.1) 1008 1008 IT 1029 (93.8) 68 (6.2) 1097 1097 LU 128 (42.8) 171 (57.2) 299 299 NL 859 (84.4) 159 (15.6) 1018 1018 N Sum 5697 4212 9909 N Valid Sum 5697 4212 9909 printed 27.02.2012 page 115 Eurobarometer 22 - October-November 1984,isocntry BE 700 (67.6) 335 (32.4) 1035 1035 DE 327 (31.1) 726 (68.9) 1053 1053 DK 288 (29.1) 702 (70.9) 990 990 FR 638 (63.5) 367 (36.5) 1005 1005 GB-GBN 769 (71.0) 314 (29.0) 1083 1083 GB-NIR 98 (30.5) 223 (69.5) 321 321 GR 287 (28.7) 713 (71.3) 1000 1000 IE 574 (56.9) 434 (43.1) 1008 1008 IT 1029 (93.8) 68 (6.2) 1097 1097 LU 128 (42.8) 171 (57.2) 299 299 NL 859 (84.4) 159 (15.6) 1018 1018 N Sum 5697 4212 9909 N Valid Sum 5697 4212 9909 printed 27.02.2012 page 115 Eurobarometer 22 - October-November 1984,GESIS Variable Report,140,ZA1321
v112,v112 0 1 N Sum N Valid Sum,ENERGY COOKING PREFERED: OTHER,isocntry BE 1024 (98.9) 11 (1.1) 1035 1035 DE 1013 (96.2) 40 (3.8) 1053 1053 DK 985 (99.5) 5 (0.5) 990 990 FR 952 (94.7) 53 (5.3) 1005 1005 GB-GBN 1073 (99.1) 10 (0.9) 1083 1083 GB-NIR 316 (98.4) 5 (1.6) 321 321 GR 938 (93.8) 62 (6.2) 1000 1000 IE 923 (91.6) 85 (8.4) 1008 1008 IT 1068 (97.4) 29 (2.6) 1097 1097 LU 291 (97.3) 8 (2.7) 299 299 NL 1009 (99.2) 8 (0.8) 1017 1017 N Sum 9592 316 9908 N Valid Sum 9592 316 9908 printed 27.02.2012 page 116 Eurobarometer 22 - October-November 1984,isocntry BE 1024 (98.9) 11 (1.1) 1035 1035 DE 1013 (96.2) 40 (3.8) 1053 1053 DK 985 (99.5) 5 (0.5) 990 990 FR 952 (94.7) 53 (5.3) 1005 1005 GB-GBN 1073 (99.1) 10 (0.9) 1083 1083 GB-NIR 316 (98.4) 5 (1.6) 321 321 GR 938 (93.8) 62 (6.2) 1000 1000 IE 923 (91.6) 85 (8.4) 1008 1008 IT 1068 (97.4) 29 (2.6) 1097 1097 LU 291 (97.3) 8 (2.7) 299 299 NL 1009 (99.2) 8 (0.8) 1017 1017 N Sum 9592 316 9908 N Valid Sum 9592 316 9908 printed 27.02.2012 page 116 Eurobarometer 22 - October-November 1984,GESIS Variable Report,141,ZA1321
v113,v113 0 1 N Sum N Valid Sum,HH EQUIPMENT: CAR,isocntry BE 270 (26.1) 765 (73.9) 1035 1035 DE 267 (25.4) 786 (74.6) 1053 1053 DK 292 (29.5) 698 (70.5) 990 990 FR 174 (17.3) 831 (82.7) 1005 1005 GB-GBN 313 (28.9) 770 (71.1) 1083 1083 GB-NIR 88 (27.4) 233 (72.6) 321 321 GR 521 (52.1) 479 (47.9) 1000 1000 IE 269 (26.7) 739 (73.3) 1008 1008 IT 204 (18.6) 893 (81.4) 1097 1097 LU 58 (19.4) 241 (80.6) 299 299 NL 288 (28.3) 729 (71.7) 1017 1017 N Sum 2744 7164 9908 N Valid Sum 2744 7164 9908 printed 27.02.2012 page 117 Eurobarometer 22 - October-November 1984,isocntry BE 270 (26.1) 765 (73.9) 1035 1035 DE 267 (25.4) 786 (74.6) 1053 1053 DK 292 (29.5) 698 (70.5) 990 990 FR 174 (17.3) 831 (82.7) 1005 1005 GB-GBN 313 (28.9) 770 (71.1) 1083 1083 GB-NIR 88 (27.4) 233 (72.6) 321 321 GR 521 (52.1) 479 (47.9) 1000 1000 IE 269 (26.7) 739 (73.3) 1008 1008 IT 204 (18.6) 893 (81.4) 1097 1097 LU 58 (19.4) 241 (80.6) 299 299 NL 288 (28.3) 729 (71.7) 1017 1017 N Sum 2744 7164 9908 N Valid Sum 2744 7164 9908 printed 27.02.2012 page 117 Eurobarometer 22 - October-November 1984,GESIS Variable Report,142,ZA1321
v114,v114 0 1 N Sum N Valid Sum,HH EQUIPMENT: MOTORBIKE,isocntry BE 991 (95.7) 44 (4.3) 1035 1035 DE 938 (89.1) 115 (10.9) 1053 1053 DK 956 (96.6) 34 (3.4) 990 990 FR 953 (94.8) 52 (5.2) 1005 1005 GB-GBN 997 (92.1) 86 (7.9) 1083 1083 GB-NIR 302 (94.1) 19 (5.9) 321 321 GR 967 (96.7) 33 (3.3) 1000 1000 IE 972 (96.4) 36 (3.6) 1008 1008 IT 898 (81.9) 199 (18.1) 1097 1097 LU 279 (93.3) 20 (6.7) 299 299 NL 984 (96.8) 33 (3.2) 1017 1017 N Sum 9237 671 9908 N Valid Sum 9237 671 9908 printed 27.02.2012 page 118 Eurobarometer 22 - October-November 1984,isocntry BE 991 (95.7) 44 (4.3) 1035 1035 DE 938 (89.1) 115 (10.9) 1053 1053 DK 956 (96.6) 34 (3.4) 990 990 FR 953 (94.8) 52 (5.2) 1005 1005 GB-GBN 997 (92.1) 86 (7.9) 1083 1083 GB-NIR 302 (94.1) 19 (5.9) 321 321 GR 967 (96.7) 33 (3.3) 1000 1000 IE 972 (96.4) 36 (3.6) 1008 1008 IT 898 (81.9) 199 (18.1) 1097 1097 LU 279 (93.3) 20 (6.7) 299 299 NL 984 (96.8) 33 (3.2) 1017 1017 N Sum 9237 671 9908 N Valid Sum 9237 671 9908 printed 27.02.2012 page 118 Eurobarometer 22 - October-November 1984,GESIS Variable Report,143,ZA1321
v115,v115 0 1 N Sum N Valid Sum,HH EQUIPMENT: CENTRAL HEATING,isocntry BE 477 (46.1) 558 (53.9) 1035 1035 DE 265 (25.2) 788 (74.8) 1053 1053 DK 201 (20.3) 789 (79.7) 990 990 FR 295 (29.4) 710 (70.6) 1005 1005 GB-GBN 336 (31.0) 747 (69.0) 1083 1083 GB-NIR 113 (35.2) 208 (64.8) 321 321 GR 608 (60.8) 392 (39.2) 1000 1000 IE 567 (56.3) 441 (43.8) 1008 1008 IT 543 (49.5) 554 (50.5) 1097 1097 LU 57 (19.1) 242 (80.9) 299 299 NL 295 (29.0) 723 (71.0) 1018 1018 N Sum 3757 6152 9909 N Valid Sum 3757 6152 9909 printed 27.02.2012 page 119 Eurobarometer 22 - October-November 1984,isocntry BE 477 (46.1) 558 (53.9) 1035 1035 DE 265 (25.2) 788 (74.8) 1053 1053 DK 201 (20.3) 789 (79.7) 990 990 FR 295 (29.4) 710 (70.6) 1005 1005 GB-GBN 336 (31.0) 747 (69.0) 1083 1083 GB-NIR 113 (35.2) 208 (64.8) 321 321 GR 608 (60.8) 392 (39.2) 1000 1000 IE 567 (56.3) 441 (43.8) 1008 1008 IT 543 (49.5) 554 (50.5) 1097 1097 LU 57 (19.1) 242 (80.9) 299 299 NL 295 (29.0) 723 (71.0) 1018 1018 N Sum 3757 6152 9909 N Valid Sum 3757 6152 9909 printed 27.02.2012 page 119 Eurobarometer 22 - October-November 1984,GESIS Variable Report,144,ZA1321
v116,v116 0 1 N Sum N Valid Sum,HH EQUIPMENT: WASHING MACHINE,isocntry BE 197 (19.0) 838 (81.0) 1035 1035 DE 80 (7.6) 973 (92.4) 1053 1053 DK 254 (25.7) 736 (74.3) 990 990 FR 101 (10.0) 904 (90.0) 1005 1005 GB-GBN 144 (13.3) 939 (86.7) 1083 1083 GB-NIR 40 (12.5) 281 (87.5) 321 321 GR 320 (32.0) 680 (68.0) 1000 1000 IE 163 (16.2) 845 (83.8) 1008 1008 IT 78 (7.1) 1019 (92.9) 1097 1097 LU 7 (2.3) 292 (97.7) 299 299 NL 110 (10.8) 907 (89.2) 1017 1017 N Sum 1494 8414 9908 N Valid Sum 1494 8414 9908 printed 27.02.2012 page 120 Eurobarometer 22 - October-November 1984,isocntry BE 197 (19.0) 838 (81.0) 1035 1035 DE 80 (7.6) 973 (92.4) 1053 1053 DK 254 (25.7) 736 (74.3) 990 990 FR 101 (10.0) 904 (90.0) 1005 1005 GB-GBN 144 (13.3) 939 (86.7) 1083 1083 GB-NIR 40 (12.5) 281 (87.5) 321 321 GR 320 (32.0) 680 (68.0) 1000 1000 IE 163 (16.2) 845 (83.8) 1008 1008 IT 78 (7.1) 1019 (92.9) 1097 1097 LU 7 (2.3) 292 (97.7) 299 299 NL 110 (10.8) 907 (89.2) 1017 1017 N Sum 1494 8414 9908 N Valid Sum 1494 8414 9908 printed 27.02.2012 page 120 Eurobarometer 22 - October-November 1984,GESIS Variable Report,145,ZA1321
v117,v117 0 1 N Sum N Valid Sum,HH EQUIPMENT: DISHWASHER,isocntry BE 863 (83.4) 172 (16.6) 1035 1035 DE 733 (69.6) 320 (30.4) 1053 1053 DK 740 (74.7) 250 (25.3) 990 990 FR 740 (73.6) 265 (26.4) 1005 1005 GB-GBN 1022 (94.4) 61 (5.6) 1083 1083 GB-NIR 299 (93.1) 22 (6.9) 321 321 GR 946 (94.6) 54 (5.4) 1000 1000 IE 938 (93.1) 70 (6.9) 1008 1008 IT 898 (81.9) 199 (18.1) 1097 1097 LU 179 (59.9) 120 (40.1) 299 299 NL 904 (88.9) 113 (11.1) 1017 1017 N Sum 8262 1646 9908 N Valid Sum 8262 1646 9908 printed 27.02.2012 page 121 Eurobarometer 22 - October-November 1984,isocntry BE 863 (83.4) 172 (16.6) 1035 1035 DE 733 (69.6) 320 (30.4) 1053 1053 DK 740 (74.7) 250 (25.3) 990 990 FR 740 (73.6) 265 (26.4) 1005 1005 GB-GBN 1022 (94.4) 61 (5.6) 1083 1083 GB-NIR 299 (93.1) 22 (6.9) 321 321 GR 946 (94.6) 54 (5.4) 1000 1000 IE 938 (93.1) 70 (6.9) 1008 1008 IT 898 (81.9) 199 (18.1) 1097 1097 LU 179 (59.9) 120 (40.1) 299 299 NL 904 (88.9) 113 (11.1) 1017 1017 N Sum 8262 1646 9908 N Valid Sum 8262 1646 9908 printed 27.02.2012 page 121 Eurobarometer 22 - October-November 1984,GESIS Variable Report,146,ZA1321
v118,v118 0 1 N Sum N Valid Sum,HH EQUIPMENT: WATERHEATER,isocntry BE 423 (40.9) 612 (59.1) 1035 1035 DE 488 (46.3) 565 (53.7) 1053 1053 DK 835 (84.3) 155 (15.7) 990 990 FR 406 (40.4) 599 (59.6) 1005 1005 GB-GBN 456 (42.1) 627 (57.9) 1083 1083 GB-NIR 94 (29.3) 227 (70.7) 321 321 GR 281 (28.1) 719 (71.9) 1000 1000 IE 577 (57.2) 431 (42.8) 1008 1008 IT 626 (57.1) 471 (42.9) 1097 1097 LU 100 (33.4) 199 (66.6) 299 299 NL 188 (18.5) 829 (81.5) 1017 1017 N Sum 4474 5434 9908 N Valid Sum 4474 5434 9908 printed 27.02.2012 page 122 Eurobarometer 22 - October-November 1984,isocntry BE 423 (40.9) 612 (59.1) 1035 1035 DE 488 (46.3) 565 (53.7) 1053 1053 DK 835 (84.3) 155 (15.7) 990 990 FR 406 (40.4) 599 (59.6) 1005 1005 GB-GBN 456 (42.1) 627 (57.9) 1083 1083 GB-NIR 94 (29.3) 227 (70.7) 321 321 GR 281 (28.1) 719 (71.9) 1000 1000 IE 577 (57.2) 431 (42.8) 1008 1008 IT 626 (57.1) 471 (42.9) 1097 1097 LU 100 (33.4) 199 (66.6) 299 299 NL 188 (18.5) 829 (81.5) 1017 1017 N Sum 4474 5434 9908 N Valid Sum 4474 5434 9908 printed 27.02.2012 page 122 Eurobarometer 22 - October-November 1984,GESIS Variable Report,147,ZA1321
v119,v119 0 1 N Sum N Valid Sum,HH EQUIPMENT: REFRIGERATOR,isocntry BE 54 (5.2) 981 (94.8) 1035 1035 DE 20 (1.9) 1033 (98.1) 1053 1053 DK 18 (1.8) 972 (98.2) 990 990 FR 21 (2.1) 984 (97.9) 1005 1005 GB-GBN 24 (2.2) 1059 (97.8) 1083 1083 GB-NIR 12 (3.7) 309 (96.3) 321 321 GR 19 (1.9) 981 (98.1) 1000 1000 IE 52 (5.2) 956 (94.8) 1008 1008 IT 21 (1.9) 1076 (98.1) 1097 1097 LU 4 (1.3) 295 (98.7) 299 299 NL 28 (2.8) 989 (97.2) 1017 1017 N Sum 273 9635 9908 N Valid Sum 273 9635 9908 printed 27.02.2012 page 123 Eurobarometer 22 - October-November 1984,isocntry BE 54 (5.2) 981 (94.8) 1035 1035 DE 20 (1.9) 1033 (98.1) 1053 1053 DK 18 (1.8) 972 (98.2) 990 990 FR 21 (2.1) 984 (97.9) 1005 1005 GB-GBN 24 (2.2) 1059 (97.8) 1083 1083 GB-NIR 12 (3.7) 309 (96.3) 321 321 GR 19 (1.9) 981 (98.1) 1000 1000 IE 52 (5.2) 956 (94.8) 1008 1008 IT 21 (1.9) 1076 (98.1) 1097 1097 LU 4 (1.3) 295 (98.7) 299 299 NL 28 (2.8) 989 (97.2) 1017 1017 N Sum 273 9635 9908 N Valid Sum 273 9635 9908 printed 27.02.2012 page 123 Eurobarometer 22 - October-November 1984,GESIS Variable Report,148,ZA1321
v120,v120 0 1 N Sum N Valid Sum,HH EQUIPMENT: DEEP-FREEZE,isocntry BE 462 (44.6) 573 (55.4) 1035 1035 DE 391 (37.1) 662 (62.9) 1053 1053 DK 221 (22.3) 769 (77.7) 990 990 FR 541 (53.8) 464 (46.2) 1005 1005 GB-GBN 558 (51.5) 525 (48.5) 1083 1083 GB-NIR 208 (64.8) 113 (35.2) 321 321 GR 977 (97.7) 23 (2.3) 1000 1000 IE 801 (79.5) 207 (20.5) 1008 1008 IT 802 (73.1) 295 (26.9) 1097 1097 LU 92 (30.8) 207 (69.2) 299 299 NL 613 (60.3) 404 (39.7) 1017 1017 N Sum 5666 4242 9908 N Valid Sum 5666 4242 9908 printed 27.02.2012 page 124 Eurobarometer 22 - October-November 1984,isocntry BE 462 (44.6) 573 (55.4) 1035 1035 DE 391 (37.1) 662 (62.9) 1053 1053 DK 221 (22.3) 769 (77.7) 990 990 FR 541 (53.8) 464 (46.2) 1005 1005 GB-GBN 558 (51.5) 525 (48.5) 1083 1083 GB-NIR 208 (64.8) 113 (35.2) 321 321 GR 977 (97.7) 23 (2.3) 1000 1000 IE 801 (79.5) 207 (20.5) 1008 1008 IT 802 (73.1) 295 (26.9) 1097 1097 LU 92 (30.8) 207 (69.2) 299 299 NL 613 (60.3) 404 (39.7) 1017 1017 N Sum 5666 4242 9908 N Valid Sum 5666 4242 9908 printed 27.02.2012 page 124 Eurobarometer 22 - October-November 1984,GESIS Variable Report,149,ZA1321
v121,v121 0 1 N Sum N Valid Sum,HH EQUIPMENT: ELECTR POWER TOOLS,isocntry BE 472 (45.6) 563 (54.4) 1035 1035 DE 379 (36.0) 674 (64.0) 1053 1053 DK 354 (35.8) 636 (64.2) 990 990 FR 400 (39.8) 605 (60.2) 1005 1005 GB-GBN 382 (35.3) 701 (64.7) 1083 1083 GB-NIR 148 (46.1) 173 (53.9) 321 321 GR 799 (79.9) 201 (20.1) 1000 1000 IE 678 (67.3) 330 (32.7) 1008 1008 IT 601 (54.8) 496 (45.2) 1097 1097 LU 58 (19.4) 241 (80.6) 299 299 NL 320 (31.5) 697 (68.5) 1017 1017 N Sum 4591 5317 9908 N Valid Sum 4591 5317 9908 printed 27.02.2012 page 125 Eurobarometer 22 - October-November 1984,isocntry BE 472 (45.6) 563 (54.4) 1035 1035 DE 379 (36.0) 674 (64.0) 1053 1053 DK 354 (35.8) 636 (64.2) 990 990 FR 400 (39.8) 605 (60.2) 1005 1005 GB-GBN 382 (35.3) 701 (64.7) 1083 1083 GB-NIR 148 (46.1) 173 (53.9) 321 321 GR 799 (79.9) 201 (20.1) 1000 1000 IE 678 (67.3) 330 (32.7) 1008 1008 IT 601 (54.8) 496 (45.2) 1097 1097 LU 58 (19.4) 241 (80.6) 299 299 NL 320 (31.5) 697 (68.5) 1017 1017 N Sum 4591 5317 9908 N Valid Sum 4591 5317 9908 printed 27.02.2012 page 125 Eurobarometer 22 - October-November 1984,GESIS Variable Report,150,ZA1321
v122,v122 0 1 N Sum N Valid Sum,HH EQUIPMENT: COLOR TV,isocntry BE 194 (18.7) 841 (81.3) 1035 1035 DE 129 (12.3) 924 (87.7) 1053 1053 DK 194 (19.6) 796 (80.4) 990 990 FR 290 (28.9) 715 (71.1) 1005 1005 GB-GBN 114 (10.5) 970 (89.5) 1084 1084 GB-NIR 32 (10.0) 289 (90.0) 321 321 GR 704 (70.4) 296 (29.6) 1000 1000 IE 200 (19.8) 808 (80.2) 1008 1008 IT 376 (34.3) 721 (65.7) 1097 1097 LU 43 (14.4) 256 (85.6) 299 299 NL 177 (17.4) 840 (82.6) 1017 1017 N Sum 2453 7456 9909 N Valid Sum 2453 7456 9909 printed 27.02.2012 page 126 Eurobarometer 22 - October-November 1984,isocntry BE 194 (18.7) 841 (81.3) 1035 1035 DE 129 (12.3) 924 (87.7) 1053 1053 DK 194 (19.6) 796 (80.4) 990 990 FR 290 (28.9) 715 (71.1) 1005 1005 GB-GBN 114 (10.5) 970 (89.5) 1084 1084 GB-NIR 32 (10.0) 289 (90.0) 321 321 GR 704 (70.4) 296 (29.6) 1000 1000 IE 200 (19.8) 808 (80.2) 1008 1008 IT 376 (34.3) 721 (65.7) 1097 1097 LU 43 (14.4) 256 (85.6) 299 299 NL 177 (17.4) 840 (82.6) 1017 1017 N Sum 2453 7456 9909 N Valid Sum 2453 7456 9909 printed 27.02.2012 page 126 Eurobarometer 22 - October-November 1984,GESIS Variable Report,151,ZA1321
v123,v123 0 1 N Sum N Valid Sum,HH EQUIPMENT: TELEPHONE,isocntry BE 466 (45.0) 569 (55.0) 1035 1035 DE 240 (22.8) 813 (77.2) 1053 1053 DK 87 (8.8) 903 (91.2) 990 990 FR 103 (10.2) 902 (89.8) 1005 1005 GB-GBN 171 (15.8) 912 (84.2) 1083 1083 GB-NIR 106 (33.0) 215 (67.0) 321 321 GR 304 (30.4) 696 (69.6) 1000 1000 IE 619 (61.4) 389 (38.6) 1008 1008 IT 231 (21.1) 866 (78.9) 1097 1097 LU 10 (3.3) 289 (96.7) 299 299 NL 90 (8.8) 927 (91.2) 1017 1017 N Sum 2427 7481 9908 N Valid Sum 2427 7481 9908 printed 27.02.2012 page 127 Eurobarometer 22 - October-November 1984,isocntry BE 466 (45.0) 569 (55.0) 1035 1035 DE 240 (22.8) 813 (77.2) 1053 1053 DK 87 (8.8) 903 (91.2) 990 990 FR 103 (10.2) 902 (89.8) 1005 1005 GB-GBN 171 (15.8) 912 (84.2) 1083 1083 GB-NIR 106 (33.0) 215 (67.0) 321 321 GR 304 (30.4) 696 (69.6) 1000 1000 IE 619 (61.4) 389 (38.6) 1008 1008 IT 231 (21.1) 866 (78.9) 1097 1097 LU 10 (3.3) 289 (96.7) 299 299 NL 90 (8.8) 927 (91.2) 1017 1017 N Sum 2427 7481 9908 N Valid Sum 2427 7481 9908 printed 27.02.2012 page 127 Eurobarometer 22 - October-November 1984,GESIS Variable Report,152,ZA1321
v124,v124 0 1 2 3 4 N Sum N Valid Sum,LIFE SATISFACTION,isocntry M BE 15 163 (16.0) 654 (64.1) 152 (14.9) 51 (5.0) 1035 1020 DE 14 137 (13.2) 743 (71.5) 135 (13.0) 24 (2.3) 1053 1039 DK 15 573 (58.8) 363 (37.3) 35 (3.6) 3 (0.3) 989 974 FR 9 106 (10.6) 628 (63.0) 215 (21.6) 48 (4.8) 1006 997 GB-GBN 9 326 (30.3) 611 (56.8) 108 (10.0) 30 (2.8) 1084 1075 GB-NIR 1 102 (31.9) 189 (59.1) 21 (6.6) 8 (2.5) 321 320 GR 1 145 (14.5) 480 (48.0) 253 (25.3) 121 (12.1) 1000 999 IE 2 305 (30.3) 557 (55.4) 108 (10.7) 36 (3.6) 1008 1006 IT 8 130 (11.9) 622 (57.1) 258 (23.7) 79 (7.3) 1097 1089 LU 2 97 (32.7) 178 (59.9) 20 (6.7) 2 (0.7) 299 297 NL 24 472 (47.5) 457 (46.0) 55 (5.5) 9 (0.9) 1017 993 N Sum 100 2556 5482 1360 411 9909 N Valid Sum 2556 5482 1360 411 9809 printed 27.02.2012 page 128 Eurobarometer 22 - October-November 1984,isocntry M BE 15 163 (16.0) 654 (64.1) 152 (14.9) 51 (5.0) 1035 1020 DE 14 137 (13.2) 743 (71.5) 135 (13.0) 24 (2.3) 1053 1039 DK 15 573 (58.8) 363 (37.3) 35 (3.6) 3 (0.3) 989 974 FR 9 106 (10.6) 628 (63.0) 215 (21.6) 48 (4.8) 1006 997 GB-GBN 9 326 (30.3) 611 (56.8) 108 (10.0) 30 (2.8) 1084 1075 GB-NIR 1 102 (31.9) 189 (59.1) 21 (6.6) 8 (2.5) 321 320 GR 1 145 (14.5) 480 (48.0) 253 (25.3) 121 (12.1) 1000 999 IE 2 305 (30.3) 557 (55.4) 108 (10.7) 36 (3.6) 1008 1006 IT 8 130 (11.9) 622 (57.1) 258 (23.7) 79 (7.3) 1097 1089 LU 2 97 (32.7) 178 (59.9) 20 (6.7) 2 (0.7) 299 297 NL 24 472 (47.5) 457 (46.0) 55 (5.5) 9 (0.9) 1017 993 N Sum 100 2556 5482 1360 411 9909 N Valid Sum 2556 5482 1360 411 9809 printed 27.02.2012 page 128 Eurobarometer 22 - October-November 1984,GESIS Variable Report,153,ZA1321
v125,v125 0 1 2 3 4 N Sum N Valid Sum,DEMOCRACY SATISFACTION,isocntry M BE 47 46 (4.7) 448 (45.3) 336 (34.0) 158 (16.0) 1035 988 DE 17 113 (10.9) 640 (61.8) 225 (21.7) 58 (5.6) 1053 1036 DK 54 200 (21.4) 491 (52.5) 192 (20.5) 53 (5.7) 990 936 FR 96 46 (5.1) 342 (37.6) 378 (41.6) 143 (15.7) 1005 909 GB-GBN 36 129 (12.3) 521 (49.7) 291 (27.8) 107 (10.2) 1084 1048 GB-NIR 32 9 (3.1) 119 (41.2) 98 (33.9) 63 (21.8) 321 289 GR 63 179 (19.1) 393 (41.9) 240 (25.6) 125 (13.3) 1000 937 IE 60 64 (6.8) 386 (40.7) 299 (31.5) 199 (21.0) 1008 948 IT 17 30 (2.8) 270 (25.0) 498 (46.1) 282 (26.1) 1097 1080 LU 9 31 (10.7) 171 (59.0) 72 (24.8) 16 (5.5) 299 290 NL 28 73 (7.4) 514 (51.9) 308 (31.1) 95 (9.6) 1018 990 N Sum 459 920 4295 2937 1299 9910 N Valid Sum 920 4295 2937 1299 9451 printed 27.02.2012 page 129 Eurobarometer 22 - October-November 1984,isocntry M BE 47 46 (4.7) 448 (45.3) 336 (34.0) 158 (16.0) 1035 988 DE 17 113 (10.9) 640 (61.8) 225 (21.7) 58 (5.6) 1053 1036 DK 54 200 (21.4) 491 (52.5) 192 (20.5) 53 (5.7) 990 936 FR 96 46 (5.1) 342 (37.6) 378 (41.6) 143 (15.7) 1005 909 GB-GBN 36 129 (12.3) 521 (49.7) 291 (27.8) 107 (10.2) 1084 1048 GB-NIR 32 9 (3.1) 119 (41.2) 98 (33.9) 63 (21.8) 321 289 GR 63 179 (19.1) 393 (41.9) 240 (25.6) 125 (13.3) 1000 937 IE 60 64 (6.8) 386 (40.7) 299 (31.5) 199 (21.0) 1008 948 IT 17 30 (2.8) 270 (25.0) 498 (46.1) 282 (26.1) 1097 1080 LU 9 31 (10.7) 171 (59.0) 72 (24.8) 16 (5.5) 299 290 NL 28 73 (7.4) 514 (51.9) 308 (31.1) 95 (9.6) 1018 990 N Sum 459 920 4295 2937 1299 9910 N Valid Sum 920 4295 2937 1299 9451 printed 27.02.2012 page 129 Eurobarometer 22 - October-November 1984,GESIS Variable Report,154,ZA1321
v126,v126 0 1 2 3 4 N Sum N Valid Sum,POLIT DISCUSSION - CONVINCE FRIENDS,isocntry M BE 25 92 (9.1) 336 (33.3) 315 (31.2) 267 (26.4) 1035 1010 DE 35 67 (6.6) 377 (37.0) 418 (41.1) 156 (15.3) 1053 1018 DK 15 155 (15.9) 356 (36.5) 193 (19.8) 271 (27.8) 990 975 FR 10 123 (12.4) 312 (31.4) 202 (20.3) 357 (35.9) 1004 994 GB-GBN 4 144 (13.3) 295 (27.3) 250 (23.2) 390 (36.1) 1083 1079 GB-NIR 4 22 (6.9) 77 (24.3) 94 (29.7) 124 (39.1) 321 317 GR 29 230 (23.7) 282 (29.0) 206 (21.2) 253 (26.1) 1000 971 IE 23 78 (7.9) 301 (30.6) 296 (30.1) 310 (31.5) 1008 985 IT 23 159 (14.8) 411 (38.3) 246 (22.9) 258 (24.0) 1097 1074 LU 1 48 (16.1) 128 (43.0) 79 (26.5) 43 (14.4) 299 298 NL 64 149 (15.6) 544 (57.0) 169 (17.7) 93 (9.7) 1019 955 N Sum 233 1267 3419 2468 2522 9909 N Valid Sum 1267 3419 2468 2522 9676 printed 27.02.2012 page 130 Eurobarometer 22 - October-November 1984,isocntry M BE 25 92 (9.1) 336 (33.3) 315 (31.2) 267 (26.4) 1035 1010 DE 35 67 (6.6) 377 (37.0) 418 (41.1) 156 (15.3) 1053 1018 DK 15 155 (15.9) 356 (36.5) 193 (19.8) 271 (27.8) 990 975 FR 10 123 (12.4) 312 (31.4) 202 (20.3) 357 (35.9) 1004 994 GB-GBN 4 144 (13.3) 295 (27.3) 250 (23.2) 390 (36.1) 1083 1079 GB-NIR 4 22 (6.9) 77 (24.3) 94 (29.7) 124 (39.1) 321 317 GR 29 230 (23.7) 282 (29.0) 206 (21.2) 253 (26.1) 1000 971 IE 23 78 (7.9) 301 (30.6) 296 (30.1) 310 (31.5) 1008 985 IT 23 159 (14.8) 411 (38.3) 246 (22.9) 258 (24.0) 1097 1074 LU 1 48 (16.1) 128 (43.0) 79 (26.5) 43 (14.4) 299 298 NL 64 149 (15.6) 544 (57.0) 169 (17.7) 93 (9.7) 1019 955 N Sum 233 1267 3419 2468 2522 9909 N Valid Sum 1267 3419 2468 2522 9676 printed 27.02.2012 page 130 Eurobarometer 22 - October-November 1984,GESIS Variable Report,155,ZA1321
v127,,VALUE ORIENTATION - POL GOALS 1ST,,VALUE ORIENTATION - POL GOALS 1ST,GESIS Variable Report,156,ZA1321
v128,v128 0 1 2 3 4 N Sum N Valid Sum,VALUE ORIENTATION - POL GOALS 2DN,isocntry M BE 42 265 (26.7) 167 (16.8) 330 (33.2) 231 (23.3) 1035 993 DE 126 174 (18.8) 221 (23.8) 245 (26.4) 287 (31.0) 1053 927 DK 33 190 (19.9) 149 (15.6) 312 (32.6) 306 (32.0) 990 957 FR 36 230 (23.7) 137 (14.1) 330 (34.1) 272 (28.1) 1005 969 GB-GBN 28 237 (22.4) 202 (19.1) 327 (31.0) 290 (27.5) 1084 1056 GB-NIR 10 70 (22.5) 73 (23.5) 114 (36.7) 54 (17.4) 321 311 GR 79 240 (26.1) 111 (12.1) 360 (39.1) 210 (22.8) 1000 921 IE 16 253 (25.5) 216 (21.8) 384 (38.7) 139 (14.0) 1008 992 IT 27 265 (24.8) 202 (18.9) 430 (40.2) 173 (16.2) 1097 1070 LU 2 47 (15.8) 69 (23.2) 110 (37.0) 71 (23.9) 299 297 NL 37 211 (21.5) 196 (20.0) 304 (31.0) 270 (27.5) 1018 981 N Sum 436 2182 1743 3246 2303 9910 N Valid Sum 2182 1743 3246 2303 9474 printed 27.02.2012 page 132 Eurobarometer 22 - October-November 1984,isocntry M BE 42 265 (26.7) 167 (16.8) 330 (33.2) 231 (23.3) 1035 993 DE 126 174 (18.8) 221 (23.8) 245 (26.4) 287 (31.0) 1053 927 DK 33 190 (19.9) 149 (15.6) 312 (32.6) 306 (32.0) 990 957 FR 36 230 (23.7) 137 (14.1) 330 (34.1) 272 (28.1) 1005 969 GB-GBN 28 237 (22.4) 202 (19.1) 327 (31.0) 290 (27.5) 1084 1056 GB-NIR 10 70 (22.5) 73 (23.5) 114 (36.7) 54 (17.4) 321 311 GR 79 240 (26.1) 111 (12.1) 360 (39.1) 210 (22.8) 1000 921 IE 16 253 (25.5) 216 (21.8) 384 (38.7) 139 (14.0) 1008 992 IT 27 265 (24.8) 202 (18.9) 430 (40.2) 173 (16.2) 1097 1070 LU 2 47 (15.8) 69 (23.2) 110 (37.0) 71 (23.9) 299 297 NL 37 211 (21.5) 196 (20.0) 304 (31.0) 270 (27.5) 1018 981 N Sum 436 2182 1743 3246 2303 9910 N Valid Sum 2182 1743 3246 2303 9474 printed 27.02.2012 page 132 Eurobarometer 22 - October-November 1984,GESIS Variable Report,157,ZA1321
v129,v129 0 1 2 3 N Sum N Valid Sum,POLIT DISCUSSION - FREQUENCY,isocntry M BE 18 73 (7.2) 425 (41.8) 519 (51.0) 1035 1017 DE 31 147 (14.4) 690 (67.5) 185 (18.1) 1053 1022 DK 15 128 (13.1) 567 (58.2) 280 (28.7) 990 975 FR 2 157 (15.7) 433 (43.2) 413 (41.2) 1005 1003 GB-GBN 4 162 (15.0) 562 (52.0) 356 (33.0) 1084 1080 GB-NIR 4 30 (9.5) 165 (52.1) 122 (38.5) 321 317 GR 12 420 (42.5) 308 (31.2) 260 (26.3) 1000 988 IE 12 96 (9.6) 500 (50.2) 400 (40.2) 1008 996 IT 10 125 (11.5) 453 (41.7) 509 (46.8) 1097 1087 LU 1 74 (24.8) 157 (52.7) 67 (22.5) 299 298 NL 18 194 (19.4) 593 (59.4) 212 (21.2) 1017 999 N Sum 127 1606 4853 3323 9909 N Valid Sum 1606 4853 3323 9782 printed 27.02.2012 page 133 Eurobarometer 22 - October-November 1984,isocntry M BE 18 73 (7.2) 425 (41.8) 519 (51.0) 1035 1017 DE 31 147 (14.4) 690 (67.5) 185 (18.1) 1053 1022 DK 15 128 (13.1) 567 (58.2) 280 (28.7) 990 975 FR 2 157 (15.7) 433 (43.2) 413 (41.2) 1005 1003 GB-GBN 4 162 (15.0) 562 (52.0) 356 (33.0) 1084 1080 GB-NIR 4 30 (9.5) 165 (52.1) 122 (38.5) 321 317 GR 12 420 (42.5) 308 (31.2) 260 (26.3) 1000 988 IE 12 96 (9.6) 500 (50.2) 400 (40.2) 1008 996 IT 10 125 (11.5) 453 (41.7) 509 (46.8) 1097 1087 LU 1 74 (24.8) 157 (52.7) 67 (22.5) 299 298 NL 18 194 (19.4) 593 (59.4) 212 (21.2) 1017 999 N Sum 127 1606 4853 3323 9909 N Valid Sum 1606 4853 3323 9782 printed 27.02.2012 page 133 Eurobarometer 22 - October-November 1984,GESIS Variable Report,158,ZA1321
v130,v130 0 1 N Sum N Valid Sum,EUROP PARLIAMENT HEARD: ELECTIONS,isocntry BE 541 (52.3) 494 (47.7) 1035 1035 DE 638 (60.6) 415 (39.4) 1053 1053 DK 787 (79.5) 203 (20.5) 990 990 FR 694 (69.1) 311 (30.9) 1005 1005 GB-GBN 972 (89.8) 111 (10.2) 1083 1083 GB-NIR 299 (93.1) 22 (6.9) 321 321 GR 875 (87.5) 125 (12.5) 1000 1000 IE 764 (75.8) 244 (24.2) 1008 1008 IT 648 (59.1) 449 (40.9) 1097 1097 LU 195 (65.2) 104 (34.8) 299 299 NL 819 (80.5) 199 (19.5) 1018 1018 N Sum 7232 2677 9909 N Valid Sum 7232 2677 9909 printed 27.02.2012 page 134 Eurobarometer 22 - October-November 1984,isocntry BE 541 (52.3) 494 (47.7) 1035 1035 DE 638 (60.6) 415 (39.4) 1053 1053 DK 787 (79.5) 203 (20.5) 990 990 FR 694 (69.1) 311 (30.9) 1005 1005 GB-GBN 972 (89.8) 111 (10.2) 1083 1083 GB-NIR 299 (93.1) 22 (6.9) 321 321 GR 875 (87.5) 125 (12.5) 1000 1000 IE 764 (75.8) 244 (24.2) 1008 1008 IT 648 (59.1) 449 (40.9) 1097 1097 LU 195 (65.2) 104 (34.8) 299 299 NL 819 (80.5) 199 (19.5) 1018 1018 N Sum 7232 2677 9909 N Valid Sum 7232 2677 9909 printed 27.02.2012 page 134 Eurobarometer 22 - October-November 1984,GESIS Variable Report,159,ZA1321
v131,v131 0 1 N Sum N Valid Sum,EUROP PARLIAMENT HEARD: OTHER MENTION,isocntry BE 923 (89.2) 112 (10.8) 1035 1035 DE 899 (85.4) 154 (14.6) 1053 1053 DK 899 (90.8) 91 (9.2) 990 990 FR 909 (90.4) 96 (9.6) 1005 1005 GB-GBN 929 (85.8) 154 (14.2) 1083 1083 GB-NIR 283 (88.2) 38 (11.8) 321 321 GR 900 (90.0) 100 (10.0) 1000 1000 IE 923 (91.6) 85 (8.4) 1008 1008 IT 913 (83.2) 184 (16.8) 1097 1097 LU 218 (72.9) 81 (27.1) 299 299 NL 807 (79.4) 210 (20.6) 1017 1017 N Sum 8603 1305 9908 N Valid Sum 8603 1305 9908 printed 27.02.2012 page 135 Eurobarometer 22 - October-November 1984,isocntry BE 923 (89.2) 112 (10.8) 1035 1035 DE 899 (85.4) 154 (14.6) 1053 1053 DK 899 (90.8) 91 (9.2) 990 990 FR 909 (90.4) 96 (9.6) 1005 1005 GB-GBN 929 (85.8) 154 (14.2) 1083 1083 GB-NIR 283 (88.2) 38 (11.8) 321 321 GR 900 (90.0) 100 (10.0) 1000 1000 IE 923 (91.6) 85 (8.4) 1008 1008 IT 913 (83.2) 184 (16.8) 1097 1097 LU 218 (72.9) 81 (27.1) 299 299 NL 807 (79.4) 210 (20.6) 1017 1017 N Sum 8603 1305 9908 N Valid Sum 8603 1305 9908 printed 27.02.2012 page 135 Eurobarometer 22 - October-November 1984,GESIS Variable Report,160,ZA1321
v132,v132 0 1 N Sum N Valid Sum,EUROP PARLIAMENT HEARD: NOT CONCERNING,isocntry BE 988 (95.5) 47 (4.5) 1035 1035 DE 960 (91.2) 93 (8.8) 1053 1053 DK 868 (87.7) 122 (12.3) 990 990 FR 930 (92.5) 75 (7.5) 1005 1005 GB-GBN 868 (80.1) 215 (19.9) 1083 1083 GB-NIR 275 (85.7) 46 (14.3) 321 321 GR 906 (90.6) 94 (9.4) 1000 1000 IE 880 (87.3) 128 (12.7) 1008 1008 IT 1060 (96.6) 37 (3.4) 1097 1097 LU 274 (91.6) 25 (8.4) 299 299 NL 937 (92.0) 81 (8.0) 1018 1018 N Sum 8946 963 9909 N Valid Sum 8946 963 9909 printed 27.02.2012 page 136 Eurobarometer 22 - October-November 1984,isocntry BE 988 (95.5) 47 (4.5) 1035 1035 DE 960 (91.2) 93 (8.8) 1053 1053 DK 868 (87.7) 122 (12.3) 990 990 FR 930 (92.5) 75 (7.5) 1005 1005 GB-GBN 868 (80.1) 215 (19.9) 1083 1083 GB-NIR 275 (85.7) 46 (14.3) 321 321 GR 906 (90.6) 94 (9.4) 1000 1000 IE 880 (87.3) 128 (12.7) 1008 1008 IT 1060 (96.6) 37 (3.4) 1097 1097 LU 274 (91.6) 25 (8.4) 299 299 NL 937 (92.0) 81 (8.0) 1018 1018 N Sum 8946 963 9909 N Valid Sum 8946 963 9909 printed 27.02.2012 page 136 Eurobarometer 22 - October-November 1984,GESIS Variable Report,161,ZA1321
v133,v133 0 1 N Sum N Valid Sum,EUROP PARLIAMENT HEARD: CANNOT SAY,isocntry BE 910 (87.9) 125 (12.1) 1035 1035 DE 843 (80.1) 210 (19.9) 1053 1053 DK 787 (79.5) 203 (20.5) 990 990 FR 795 (79.1) 210 (20.9) 1005 1005 GB-GBN 923 (85.2) 160 (14.8) 1083 1083 GB-NIR 267 (83.2) 54 (16.8) 321 321 GR 871 (87.1) 129 (12.9) 1000 1000 IE 831 (82.4) 177 (17.6) 1008 1008 IT 948 (86.4) 149 (13.6) 1097 1097 LU 227 (75.9) 72 (24.1) 299 299 NL 764 (75.0) 254 (25.0) 1018 1018 N Sum 8166 1743 9909 N Valid Sum 8166 1743 9909 printed 27.02.2012 page 137 Eurobarometer 22 - October-November 1984,isocntry BE 910 (87.9) 125 (12.1) 1035 1035 DE 843 (80.1) 210 (19.9) 1053 1053 DK 787 (79.5) 203 (20.5) 990 990 FR 795 (79.1) 210 (20.9) 1005 1005 GB-GBN 923 (85.2) 160 (14.8) 1083 1083 GB-NIR 267 (83.2) 54 (16.8) 321 321 GR 871 (87.1) 129 (12.9) 1000 1000 IE 831 (82.4) 177 (17.6) 1008 1008 IT 948 (86.4) 149 (13.6) 1097 1097 LU 227 (75.9) 72 (24.1) 299 299 NL 764 (75.0) 254 (25.0) 1018 1018 N Sum 8166 1743 9909 N Valid Sum 8166 1743 9909 printed 27.02.2012 page 137 Eurobarometer 22 - October-November 1984,GESIS Variable Report,162,ZA1321
v134,v134 0 1 N Sum N Valid Sum,EUROP PARLIAMENT HEARD: NOTHING,isocntry BE 807 (78.0) 228 (22.0) 1035 1035 DE 859 (81.6) 194 (18.4) 1053 1053 DK 712 (71.9) 278 (28.1) 990 990 FR 741 (73.7) 264 (26.3) 1005 1005 GB-GBN 671 (61.9) 413 (38.1) 1084 1084 GB-NIR 169 (52.6) 152 (47.4) 321 321 GR 521 (52.1) 479 (47.9) 1000 1000 IE 714 (70.8) 294 (29.2) 1008 1008 IT 820 (74.7) 277 (25.3) 1097 1097 LU 254 (84.9) 45 (15.1) 299 299 NL 766 (75.3) 251 (24.7) 1017 1017 N Sum 7034 2875 9909 N Valid Sum 7034 2875 9909 printed 27.02.2012 page 138 Eurobarometer 22 - October-November 1984,isocntry BE 807 (78.0) 228 (22.0) 1035 1035 DE 859 (81.6) 194 (18.4) 1053 1053 DK 712 (71.9) 278 (28.1) 990 990 FR 741 (73.7) 264 (26.3) 1005 1005 GB-GBN 671 (61.9) 413 (38.1) 1084 1084 GB-NIR 169 (52.6) 152 (47.4) 321 321 GR 521 (52.1) 479 (47.9) 1000 1000 IE 714 (70.8) 294 (29.2) 1008 1008 IT 820 (74.7) 277 (25.3) 1097 1097 LU 254 (84.9) 45 (15.1) 299 299 NL 766 (75.3) 251 (24.7) 1017 1017 N Sum 7034 2875 9909 N Valid Sum 7034 2875 9909 printed 27.02.2012 page 138 Eurobarometer 22 - October-November 1984,GESIS Variable Report,163,ZA1321
v135,v135 0 1 2 3 4 N Sum N Valid Sum,EUROP ELECTIONS - IMPORTANCE,isocntry M BE 69 77 (8.0) 224 (23.2) 444 (46.0) 221 (22.9) 1035 966 DE 61 50 (5.0) 292 (29.4) 491 (49.5) 159 (16.0) 1053 992 DK 163 62 (7.5) 231 (27.9) 449 (54.3) 85 (10.3) 990 827 FR 97 53 (5.8) 241 (26.6) 473 (52.1) 140 (15.4) 1004 907 GB-GBN 65 61 (6.0) 234 (23.0) 497 (48.8) 226 (22.2) 1083 1018 GB-NIR 19 40 (13.2) 108 (35.8) 102 (33.8) 52 (17.2) 321 302 GR 94 211 (23.3) 472 (52.1) 178 (19.6) 45 (5.0) 1000 906 IE 69 71 (7.6) 292 (31.1) 361 (38.4) 215 (22.9) 1008 939 IT 76 106 (10.4) 319 (31.2) 477 (46.7) 119 (11.7) 1097 1021 LU 27 18 (6.6) 103 (37.9) 101 (37.1) 50 (18.4) 299 272 NL 79 50 (5.3) 224 (23.9) 495 (52.8) 169 (18.0) 1017 938 N Sum 819 799 2740 4068 1481 9907 N Valid Sum 799 2740 4068 1481 9088 printed 27.02.2012 page 139 Eurobarometer 22 - October-November 1984,isocntry M BE 69 77 (8.0) 224 (23.2) 444 (46.0) 221 (22.9) 1035 966 DE 61 50 (5.0) 292 (29.4) 491 (49.5) 159 (16.0) 1053 992 DK 163 62 (7.5) 231 (27.9) 449 (54.3) 85 (10.3) 990 827 FR 97 53 (5.8) 241 (26.6) 473 (52.1) 140 (15.4) 1004 907 GB-GBN 65 61 (6.0) 234 (23.0) 497 (48.8) 226 (22.2) 1083 1018 GB-NIR 19 40 (13.2) 108 (35.8) 102 (33.8) 52 (17.2) 321 302 GR 94 211 (23.3) 472 (52.1) 178 (19.6) 45 (5.0) 1000 906 IE 69 71 (7.6) 292 (31.1) 361 (38.4) 215 (22.9) 1008 939 IT 76 106 (10.4) 319 (31.2) 477 (46.7) 119 (11.7) 1097 1021 LU 27 18 (6.6) 103 (37.9) 101 (37.1) 50 (18.4) 299 272 NL 79 50 (5.3) 224 (23.9) 495 (52.8) 169 (18.0) 1017 938 N Sum 819 799 2740 4068 1481 9907 N Valid Sum 799 2740 4068 1481 9088 printed 27.02.2012 page 139 Eurobarometer 22 - October-November 1984,GESIS Variable Report,164,ZA1321
v136,v136 0 1 N Sum N Valid Sum,EUROP ELEC NOT VOTING: LACK OF INFO,isocntry BE 490 (47.3) 545 (52.7) 1035 1035 DE 559 (53.1) 494 (46.9) 1053 1053 DK 566 (57.2) 424 (42.8) 990 990 FR 435 (43.3) 570 (56.7) 1005 1005 GB-GBN 414 (38.2) 669 (61.8) 1083 1083 GB-NIR 115 (35.8) 206 (64.2) 321 321 GR 741 (74.1) 259 (25.9) 1000 1000 IE 379 (37.6) 629 (62.4) 1008 1008 IT 545 (49.7) 552 (50.3) 1097 1097 LU 148 (49.5) 151 (50.5) 299 299 NL 450 (44.2) 567 (55.8) 1017 1017 N Sum 4842 5066 9908 N Valid Sum 4842 5066 9908 printed 27.02.2012 page 140 Eurobarometer 22 - October-November 1984,isocntry BE 490 (47.3) 545 (52.7) 1035 1035 DE 559 (53.1) 494 (46.9) 1053 1053 DK 566 (57.2) 424 (42.8) 990 990 FR 435 (43.3) 570 (56.7) 1005 1005 GB-GBN 414 (38.2) 669 (61.8) 1083 1083 GB-NIR 115 (35.8) 206 (64.2) 321 321 GR 741 (74.1) 259 (25.9) 1000 1000 IE 379 (37.6) 629 (62.4) 1008 1008 IT 545 (49.7) 552 (50.3) 1097 1097 LU 148 (49.5) 151 (50.5) 299 299 NL 450 (44.2) 567 (55.8) 1017 1017 N Sum 4842 5066 9908 N Valid Sum 4842 5066 9908 printed 27.02.2012 page 140 Eurobarometer 22 - October-November 1984,GESIS Variable Report,165,ZA1321
v137,,EUROP ELEC NOT VOTING: NOT WORTHWHILE,,EUROP ELEC NOT VOTING: NOT WORTHWHILE,GESIS Variable Report,166,ZA1321
v138,,EUROP ELEC NOT VOTING: NOT ABT EUROPE,,EUROP ELEC NOT VOTING: NOT ABT EUROPE,GESIS Variable Report,167,ZA1321
v139,,EUROP ELEC NOT VOTING: EC POL UNCLEAR,,EUROP ELEC NOT VOTING: EC POL UNCLEAR,GESIS Variable Report,168,ZA1321
v140,,EUROP ELEC NOT VOTING: ISSUES IRRELEV,,EUROP ELEC NOT VOTING: ISSUES IRRELEV,GESIS Variable Report,169,ZA1321
v141,v141 0 1 N Sum N Valid Sum,EUROP ELEC NOT VOTING: EC WONT WORK,isocntry BE 946 (91.4) 89 (8.6) 1035 1035 DE 943 (89.6) 110 (10.4) 1053 1053 DK 863 (87.2) 127 (12.8) 990 990 FR 926 (92.1) 79 (7.9) 1005 1005 GB-GBN 968 (89.4) 115 (10.6) 1083 1083 GB-NIR 289 (90.0) 32 (10.0) 321 321 GR 956 (95.6) 44 (4.4) 1000 1000 IE 968 (96.0) 40 (4.0) 1008 1008 IT 968 (88.2) 129 (11.8) 1097 1097 LU 242 (80.9) 57 (19.1) 299 299 NL 892 (87.7) 125 (12.3) 1017 1017 N Sum 8961 947 9908 N Valid Sum 8961 947 9908 printed 27.02.2012 page 145 Eurobarometer 22 - October-November 1984,isocntry BE 946 (91.4) 89 (8.6) 1035 1035 DE 943 (89.6) 110 (10.4) 1053 1053 DK 863 (87.2) 127 (12.8) 990 990 FR 926 (92.1) 79 (7.9) 1005 1005 GB-GBN 968 (89.4) 115 (10.6) 1083 1083 GB-NIR 289 (90.0) 32 (10.0) 321 321 GR 956 (95.6) 44 (4.4) 1000 1000 IE 968 (96.0) 40 (4.0) 1008 1008 IT 968 (88.2) 129 (11.8) 1097 1097 LU 242 (80.9) 57 (19.1) 299 299 NL 892 (87.7) 125 (12.3) 1017 1017 N Sum 8961 947 9908 N Valid Sum 8961 947 9908 printed 27.02.2012 page 145 Eurobarometer 22 - October-November 1984,GESIS Variable Report,170,ZA1321
v142,v142 0 1 N Sum N Valid Sum,EUROP ELEC NOT VOTING: OTHER REASON,isocntry BE 993 (95.9) 42 (4.1) 1035 1035 DE 1033 (98.1) 20 (1.9) 1053 1053 DK 972 (98.2) 18 (1.8) 990 990 FR 963 (95.8) 42 (4.2) 1005 1005 GB-GBN 1032 (95.3) 51 (4.7) 1083 1083 GB-NIR 306 (95.3) 15 (4.7) 321 321 GR 928 (92.8) 72 (7.2) 1000 1000 IE 965 (95.7) 43 (4.3) 1008 1008 IT 1095 (99.8) 2 (0.2) 1097 1097 LU 278 (93.0) 21 (7.0) 299 299 NL 961 (94.5) 56 (5.5) 1017 1017 N Sum 9526 382 9908 N Valid Sum 9526 382 9908 printed 27.02.2012 page 146 Eurobarometer 22 - October-November 1984,isocntry BE 993 (95.9) 42 (4.1) 1035 1035 DE 1033 (98.1) 20 (1.9) 1053 1053 DK 972 (98.2) 18 (1.8) 990 990 FR 963 (95.8) 42 (4.2) 1005 1005 GB-GBN 1032 (95.3) 51 (4.7) 1083 1083 GB-NIR 306 (95.3) 15 (4.7) 321 321 GR 928 (92.8) 72 (7.2) 1000 1000 IE 965 (95.7) 43 (4.3) 1008 1008 IT 1095 (99.8) 2 (0.2) 1097 1097 LU 278 (93.0) 21 (7.0) 299 299 NL 961 (94.5) 56 (5.5) 1017 1017 N Sum 9526 382 9908 N Valid Sum 9526 382 9908 printed 27.02.2012 page 146 Eurobarometer 22 - October-November 1984,GESIS Variable Report,171,ZA1321
v143,,ELECTORAL PARTICIPATION - LAST EUROPEAN,,ELECTORAL PARTICIPATION - LAST EUROPEAN,GESIS Variable Report,172,ZA1321
v144,,EUROP ELECTION - VOTING TACTICS,,EUROP ELECTION - VOTING TACTICS,GESIS Variable Report,173,ZA1321
v145,v145 0 1 2 3 9 N Sum N Valid Sum,EUROP ELECTION - FEMALE CANDIDATES,isocntry M M BE 106 83 (9.4) 245 (27.7) 558 (63.0) 43 1035 886 DE 438 22 (3.6) 125 (20.7) 457 (75.7) 12 1054 604 DK 410 63 (11.4) 127 (22.9) 365 (65.8) 25 990 555 FR 381 21 (3.4) 125 (20.5) 465 (76.1) 13 1005 611 GB-GBN 575 29 (5.9) 85 (17.3) 377 (76.8) 16 1082 491 GB-NIR 116 3 (1.5) 22 (11.3) 170 (87.2) 10 321 195 GR 168 113 (14.3) 123 (15.5) 556 (70.2) 40 1000 792 IE 373 58 (9.4) 215 (34.7) 347 (56.0) 15 1008 620 IT 156 109 (12.0) 168 (18.4) 634 (69.6) 30 1097 911 LU 35 46 (17.9) 60 (23.3) 151 (58.8) 7 299 257 NL 475 61 (11.6) 142 (26.9) 324 (61.5) 15 1017 527 N Sum 3233 608 1437 4404 226 9908 N Valid Sum 608 1437 4404 6449 printed 27.02.2012 page 149 Eurobarometer 22 - October-November 1984,isocntry M M BE 106 83 (9.4) 245 (27.7) 558 (63.0) 43 1035 886 DE 438 22 (3.6) 125 (20.7) 457 (75.7) 12 1054 604 DK 410 63 (11.4) 127 (22.9) 365 (65.8) 25 990 555 FR 381 21 (3.4) 125 (20.5) 465 (76.1) 13 1005 611 GB-GBN 575 29 (5.9) 85 (17.3) 377 (76.8) 16 1082 491 GB-NIR 116 3 (1.5) 22 (11.3) 170 (87.2) 10 321 195 GR 168 113 (14.3) 123 (15.5) 556 (70.2) 40 1000 792 IE 373 58 (9.4) 215 (34.7) 347 (56.0) 15 1008 620 IT 156 109 (12.0) 168 (18.4) 634 (69.6) 30 1097 911 LU 35 46 (17.9) 60 (23.3) 151 (58.8) 7 299 257 NL 475 61 (11.6) 142 (26.9) 324 (61.5) 15 1017 527 N Sum 3233 608 1437 4404 226 9908 N Valid Sum 608 1437 4404 6449 printed 27.02.2012 page 149 Eurobarometer 22 - October-November 1984,GESIS Variable Report,174,ZA1321
v146,,EUROP ELECTION - SEX VS POLIT VIEWS,,EUROP ELECTION - SEX VS POLIT VIEWS,GESIS Variable Report,175,ZA1321
v147,,VOTING BEHAVIOR LAST EUROP ELECTION,,VOTING BEHAVIOR LAST EUROP ELECTION,GESIS Variable Report,176,ZA1321
v148,,EUROP ELECTION - WHY R DID NOT VOTE,,EUROP ELECTION - WHY R DID NOT VOTE,GESIS Variable Report,181,ZA1321
v149,v149 0 1 2 9 N Sum N Valid Sum,EUROP ELECTION - SORRY DID NOT VOTE,isocntry M M BE 929 1 (2.0) 49 (98.0) 56 1035 50 DE 615 15 (5.4) 262 (94.6) 161 1053 277 DK 580 27 (8.1) 307 (91.9) 76 990 334 FR 624 25 (8.0) 287 (92.0) 69 1005 312 GB-GBN 508 42 (8.8) 438 (91.3) 96 1084 480 GB-NIR 205 5 (5.6) 84 (94.4) 27 321 89 GR 832 29 (38.7) 46 (61.3) 93 1000 75 IE 635 11 (4.5) 233 (95.5) 129 1008 244 IT 941 16 (22.2) 56 (77.8) 84 1097 72 LU 264 2 (11.1) 16 (88.9) 17 299 18 NL 543 20 (5.9) 319 (94.1) 135 1017 339 N Sum 6676 193 2097 943 9909 N Valid Sum 193 2097 2290 printed 27.02.2012 page 158 Eurobarometer 22 - October-November 1984,isocntry M M BE 929 1 (2.0) 49 (98.0) 56 1035 50 DE 615 15 (5.4) 262 (94.6) 161 1053 277 DK 580 27 (8.1) 307 (91.9) 76 990 334 FR 624 25 (8.0) 287 (92.0) 69 1005 312 GB-GBN 508 42 (8.8) 438 (91.3) 96 1084 480 GB-NIR 205 5 (5.6) 84 (94.4) 27 321 89 GR 832 29 (38.7) 46 (61.3) 93 1000 75 IE 635 11 (4.5) 233 (95.5) 129 1008 244 IT 941 16 (22.2) 56 (77.8) 84 1097 72 LU 264 2 (11.1) 16 (88.9) 17 299 18 NL 543 20 (5.9) 319 (94.1) 135 1017 339 N Sum 6676 193 2097 943 9909 N Valid Sum 193 2097 2290 printed 27.02.2012 page 158 Eurobarometer 22 - October-November 1984,GESIS Variable Report,183,ZA1321
v150,v150 0 1 2 3 4 N Sum N Valid Sum,EUROP PARLIAMENT - IMPORTANCE,isocntry M BE 79 105 (11.0) 362 (37.9) 372 (38.9) 117 (12.2) 1035 956 DE 52 48 (4.8) 377 (37.7) 461 (46.1) 115 (11.5) 1053 1001 DK 186 126 (15.7) 344 (42.7) 251 (31.2) 84 (10.4) 991 805 FR 118 72 (8.1) 415 (46.8) 361 (40.7) 39 (4.4) 1005 887 GB-GBN 83 156 (15.6) 410 (41.0) 344 (34.4) 90 (9.0) 1083 1000 GB-NIR 40 54 (19.2) 104 (37.0) 85 (30.2) 38 (13.5) 321 281 GR 158 166 (19.7) 447 (53.1) 176 (20.9) 53 (6.3) 1000 842 IE 81 160 (17.3) 463 (49.9) 216 (23.3) 88 (9.5) 1008 927 IT 87 184 (18.2) 498 (49.3) 281 (27.8) 47 (4.7) 1097 1010 LU 15 40 (14.1) 140 (49.3) 80 (28.2) 24 (8.5) 299 284 NL 88 64 (6.9) 308 (33.2) 485 (52.2) 72 (7.8) 1017 929 N Sum 987 1175 3868 3112 767 9909 N Valid Sum 1175 3868 3112 767 8922 printed 27.02.2012 page 159 Eurobarometer 22 - October-November 1984,isocntry M BE 79 105 (11.0) 362 (37.9) 372 (38.9) 117 (12.2) 1035 956 DE 52 48 (4.8) 377 (37.7) 461 (46.1) 115 (11.5) 1053 1001 DK 186 126 (15.7) 344 (42.7) 251 (31.2) 84 (10.4) 991 805 FR 118 72 (8.1) 415 (46.8) 361 (40.7) 39 (4.4) 1005 887 GB-GBN 83 156 (15.6) 410 (41.0) 344 (34.4) 90 (9.0) 1083 1000 GB-NIR 40 54 (19.2) 104 (37.0) 85 (30.2) 38 (13.5) 321 281 GR 158 166 (19.7) 447 (53.1) 176 (20.9) 53 (6.3) 1000 842 IE 81 160 (17.3) 463 (49.9) 216 (23.3) 88 (9.5) 1008 927 IT 87 184 (18.2) 498 (49.3) 281 (27.8) 47 (4.7) 1097 1010 LU 15 40 (14.1) 140 (49.3) 80 (28.2) 24 (8.5) 299 284 NL 88 64 (6.9) 308 (33.2) 485 (52.2) 72 (7.8) 1017 929 N Sum 987 1175 3868 3112 767 9909 N Valid Sum 1175 3868 3112 767 8922 printed 27.02.2012 page 159 Eurobarometer 22 - October-November 1984,GESIS Variable Report,184,ZA1321
v151,v151 0 1 2 3 N Sum N Valid Sum,EUROP PARLIAMENT - PREFERRED ROLE,isocntry M BE 113 582 (63.1) 226 (24.5) 114 (12.4) 1035 922 DE 157 579 (64.6) 195 (21.8) 122 (13.6) 1053 896 DK 295 162 (23.3) 333 (47.9) 200 (28.8) 990 695 FR 166 652 (77.7) 146 (17.4) 41 (4.9) 1005 839 GB-GBN 153 473 (50.9) 201 (21.6) 256 (27.5) 1083 930 GB-NIR 68 121 (47.8) 67 (26.5) 65 (25.7) 321 253 GR 195 612 (76.0) 113 (14.0) 80 (9.9) 1000 805 IE 205 468 (58.3) 235 (29.3) 100 (12.5) 1008 803 IT 1097 1097 LU 24 204 (74.2) 56 (20.4) 15 (5.5) 299 275 NL 145 643 (73.7) 161 (18.4) 69 (7.9) 1018 873 N Sum 2618 4496 1733 1062 9909 N Valid Sum 4496 1733 1062 7291 printed 27.02.2012 page 160 Eurobarometer 22 - October-November 1984,isocntry M BE 113 582 (63.1) 226 (24.5) 114 (12.4) 1035 922 DE 157 579 (64.6) 195 (21.8) 122 (13.6) 1053 896 DK 295 162 (23.3) 333 (47.9) 200 (28.8) 990 695 FR 166 652 (77.7) 146 (17.4) 41 (4.9) 1005 839 GB-GBN 153 473 (50.9) 201 (21.6) 256 (27.5) 1083 930 GB-NIR 68 121 (47.8) 67 (26.5) 65 (25.7) 321 253 GR 195 612 (76.0) 113 (14.0) 80 (9.9) 1000 805 IE 205 468 (58.3) 235 (29.3) 100 (12.5) 1008 803 IT 1097 1097 LU 24 204 (74.2) 56 (20.4) 15 (5.5) 299 275 NL 145 643 (73.7) 161 (18.4) 69 (7.9) 1018 873 N Sum 2618 4496 1733 1062 9909 N Valid Sum 4496 1733 1062 7291 printed 27.02.2012 page 160 Eurobarometer 22 - October-November 1984,GESIS Variable Report,185,ZA1321
v152,v152 0 1 2 3 N Sum N Valid Sum,EC MEMBERSHIP - GOOD/BAD,isocntry M BE 52 672 (68.4) 49 (5.0) 262 (26.7) 1035 983 DE 52 603 (60.3) 56 (5.6) 341 (34.1) 1052 1000 DK 100 328 (36.9) 278 (31.2) 284 (31.9) 990 890 FR 50 630 (65.9) 56 (5.9) 270 (28.2) 1006 956 GB-GBN 44 408 (39.2) 366 (35.2) 266 (25.6) 1084 1040 GB-NIR 18 134 (44.2) 60 (19.8) 109 (36.0) 321 303 GR 99 450 (49.9) 157 (17.4) 294 (32.6) 1000 901 IE 60 472 (49.8) 199 (21.0) 277 (29.2) 1008 948 IT 61 787 (76.0) 29 (2.8) 220 (21.2) 1097 1036 LU 2 240 (80.8) 12 (4.0) 45 (15.2) 299 297 NL 40 799 (81.8) 41 (4.2) 137 (14.0) 1017 977 N Sum 578 5523 1303 2505 9909 N Valid Sum 5523 1303 2505 9331 printed 27.02.2012 page 161 Eurobarometer 22 - October-November 1984,isocntry M BE 52 672 (68.4) 49 (5.0) 262 (26.7) 1035 983 DE 52 603 (60.3) 56 (5.6) 341 (34.1) 1052 1000 DK 100 328 (36.9) 278 (31.2) 284 (31.9) 990 890 FR 50 630 (65.9) 56 (5.9) 270 (28.2) 1006 956 GB-GBN 44 408 (39.2) 366 (35.2) 266 (25.6) 1084 1040 GB-NIR 18 134 (44.2) 60 (19.8) 109 (36.0) 321 303 GR 99 450 (49.9) 157 (17.4) 294 (32.6) 1000 901 IE 60 472 (49.8) 199 (21.0) 277 (29.2) 1008 948 IT 61 787 (76.0) 29 (2.8) 220 (21.2) 1097 1036 LU 2 240 (80.8) 12 (4.0) 45 (15.2) 299 297 NL 40 799 (81.8) 41 (4.2) 137 (14.0) 1017 977 N Sum 578 5523 1303 2505 9909 N Valid Sum 5523 1303 2505 9331 printed 27.02.2012 page 161 Eurobarometer 22 - October-November 1984,GESIS Variable Report,186,ZA1321
v153,v153 0 1 2 N Sum N Valid Sum,EC MEMBERSHIP - COUNTRY BENEFIT,isocntry M BE 247 495 (62.8) 293 (37.2) 1035 788 DE 203 481 (56.6) 369 (43.4) 1053 850 DK 215 433 (55.9) 342 (44.1) 990 775 FR 256 468 (62.5) 281 (37.5) 1005 749 GB-GBN 116 339 (35.1) 628 (64.9) 1083 967 GB-NIR 45 161 (58.3) 115 (41.7) 321 276 GR 211 506 (64.1) 283 (35.9) 1000 789 IE 117 613 (68.8) 278 (31.2) 1008 891 IT 157 689 (73.3) 251 (26.7) 1097 940 LU 37 214 (81.7) 48 (18.3) 299 262 NL 170 654 (77.1) 194 (22.9) 1018 848 N Sum 1774 5053 3082 9909 N Valid Sum 5053 3082 8135 printed 27.02.2012 page 162 Eurobarometer 22 - October-November 1984,isocntry M BE 247 495 (62.8) 293 (37.2) 1035 788 DE 203 481 (56.6) 369 (43.4) 1053 850 DK 215 433 (55.9) 342 (44.1) 990 775 FR 256 468 (62.5) 281 (37.5) 1005 749 GB-GBN 116 339 (35.1) 628 (64.9) 1083 967 GB-NIR 45 161 (58.3) 115 (41.7) 321 276 GR 211 506 (64.1) 283 (35.9) 1000 789 IE 117 613 (68.8) 278 (31.2) 1008 891 IT 157 689 (73.3) 251 (26.7) 1097 940 LU 37 214 (81.7) 48 (18.3) 299 262 NL 170 654 (77.1) 194 (22.9) 1018 848 N Sum 1774 5053 3082 9909 N Valid Sum 5053 3082 8135 printed 27.02.2012 page 162 Eurobarometer 22 - October-November 1984,GESIS Variable Report,187,ZA1321
v154,,EC MEMBERSHIP - CTRY BENEFIT COMPARED,,EC MEMBERSHIP - CTRY BENEFIT COMPARED,GESIS Variable Report,188,ZA1321
v155,v155 0 1 2 3 N Sum N Valid Sum,EC DISSOLUTION - REGRET,isocntry M BE 101 357 (38.2) 529 (56.6) 48 (5.1) 1035 934 DE 132 516 (56.0) 361 (39.2) 44 (4.8) 1053 921 DK 184 214 (26.6) 309 (38.4) 282 (35.0) 989 805 FR 83 418 (45.3) 463 (50.2) 41 (4.4) 1005 922 GB-GBN 47 283 (27.3) 419 (40.4) 334 (32.2) 1083 1036 GB-NIR 21 60 (20.0) 186 (62.0) 54 (18.0) 321 300 GR 132 258 (29.7) 462 (53.2) 148 (17.1) 1000 868 IE 86 317 (34.4) 461 (50.0) 144 (15.6) 1008 922 IT 101 439 (44.1) 526 (52.8) 31 (3.1) 1097 996 LU 8 186 (63.9) 91 (31.3) 14 (4.8) 299 291 NL 88 489 (52.6) 414 (44.6) 26 (2.8) 1017 929 N Sum 983 3537 4221 1166 9907 N Valid Sum 3537 4221 1166 8924 printed 27.02.2012 page 164 Eurobarometer 22 - October-November 1984,isocntry M BE 101 357 (38.2) 529 (56.6) 48 (5.1) 1035 934 DE 132 516 (56.0) 361 (39.2) 44 (4.8) 1053 921 DK 184 214 (26.6) 309 (38.4) 282 (35.0) 989 805 FR 83 418 (45.3) 463 (50.2) 41 (4.4) 1005 922 GB-GBN 47 283 (27.3) 419 (40.4) 334 (32.2) 1083 1036 GB-NIR 21 60 (20.0) 186 (62.0) 54 (18.0) 321 300 GR 132 258 (29.7) 462 (53.2) 148 (17.1) 1000 868 IE 86 317 (34.4) 461 (50.0) 144 (15.6) 1008 922 IT 101 439 (44.1) 526 (52.8) 31 (3.1) 1097 996 LU 8 186 (63.9) 91 (31.3) 14 (4.8) 299 291 NL 88 489 (52.6) 414 (44.6) 26 (2.8) 1017 929 N Sum 983 3537 4221 1166 9907 N Valid Sum 3537 4221 1166 8924 printed 27.02.2012 page 164 Eurobarometer 22 - October-November 1984,GESIS Variable Report,189,ZA1321
v156,v156 0 1 2 3 4 N Sum N Valid Sum,EUROPEAN UNIFICATION - FOR/AGAINST,isocntry M BE 130 299 (33.0) 529 (58.5) 62 (6.9) 15 (1.7) 1035 905 DE 99 379 (39.8) 460 (48.3) 94 (9.9) 20 (2.1) 1052 953 DK 187 83 (10.3) 297 (37.0) 224 (27.9) 199 (24.8) 990 803 FR 130 284 (32.4) 524 (59.8) 59 (6.7) 9 (1.0) 1006 876 GB-GBN 171 275 (30.2) 472 (51.8) 123 (13.5) 42 (4.6) 1083 912 GB-NIR 55 54 (20.3) 143 (53.8) 49 (18.4) 20 (7.5) 321 266 GR 175 319 (38.7) 348 (42.2) 90 (10.9) 68 (8.2) 1000 825 IE 275 181 (24.7) 423 (57.7) 83 (11.3) 46 (6.3) 1008 733 IT 100 353 (35.4) 584 (58.6) 49 (4.9) 11 (1.1) 1097 997 LU 16 132 (46.6) 112 (39.6) 26 (9.2) 13 (4.6) 299 283 NL 78 302 (32.2) 533 (56.8) 72 (7.7) 32 (3.4) 1017 939 N Sum 1416 2661 4425 931 475 9908 N Valid Sum 2661 4425 931 475 8492 printed 27.02.2012 page 165 Eurobarometer 22 - October-November 1984,isocntry M BE 130 299 (33.0) 529 (58.5) 62 (6.9) 15 (1.7) 1035 905 DE 99 379 (39.8) 460 (48.3) 94 (9.9) 20 (2.1) 1052 953 DK 187 83 (10.3) 297 (37.0) 224 (27.9) 199 (24.8) 990 803 FR 130 284 (32.4) 524 (59.8) 59 (6.7) 9 (1.0) 1006 876 GB-GBN 171 275 (30.2) 472 (51.8) 123 (13.5) 42 (4.6) 1083 912 GB-NIR 55 54 (20.3) 143 (53.8) 49 (18.4) 20 (7.5) 321 266 GR 175 319 (38.7) 348 (42.2) 90 (10.9) 68 (8.2) 1000 825 IE 275 181 (24.7) 423 (57.7) 83 (11.3) 46 (6.3) 1008 733 IT 100 353 (35.4) 584 (58.6) 49 (4.9) 11 (1.1) 1097 997 LU 16 132 (46.6) 112 (39.6) 26 (9.2) 13 (4.6) 299 283 NL 78 302 (32.2) 533 (56.8) 72 (7.7) 32 (3.4) 1017 939 N Sum 1416 2661 4425 931 475 9908 N Valid Sum 2661 4425 931 475 8492 printed 27.02.2012 page 165 Eurobarometer 22 - October-November 1984,GESIS Variable Report,190,ZA1321
v157,v157 0 1 2 3 N Sum N Valid Sum,EUROP UNIFICATION SPEED - PREFERENCE,isocntry M BE 119 449 (49.0) 405 (44.2) 62 (6.8) 1035 916 DE 108 471 (49.8) 381 (40.3) 93 (9.8) 1053 945 DK 210 87 (11.2) 395 (50.6) 298 (38.2) 990 780 FR 116 432 (48.5) 407 (45.7) 51 (5.7) 1006 890 GB-GBN 142 269 (28.6) 534 (56.8) 137 (14.6) 1082 940 GB-NIR 47 71 (25.9) 154 (56.2) 49 (17.9) 321 274 GR 225 486 (62.7) 211 (27.2) 78 (10.1) 1000 775 IE 236 277 (35.9) 414 (53.6) 81 (10.5) 1008 772 IT 99 643 (64.4) 308 (30.9) 47 (4.7) 1097 998 LU 24 165 (60.0) 92 (33.5) 18 (6.5) 299 275 NL 96 409 (44.4) 469 (50.9) 44 (4.8) 1018 922 N Sum 1422 3759 3770 958 9909 N Valid Sum 3759 3770 958 8487 printed 27.02.2012 page 166 Eurobarometer 22 - October-November 1984,isocntry M BE 119 449 (49.0) 405 (44.2) 62 (6.8) 1035 916 DE 108 471 (49.8) 381 (40.3) 93 (9.8) 1053 945 DK 210 87 (11.2) 395 (50.6) 298 (38.2) 990 780 FR 116 432 (48.5) 407 (45.7) 51 (5.7) 1006 890 GB-GBN 142 269 (28.6) 534 (56.8) 137 (14.6) 1082 940 GB-NIR 47 71 (25.9) 154 (56.2) 49 (17.9) 321 274 GR 225 486 (62.7) 211 (27.2) 78 (10.1) 1000 775 IE 236 277 (35.9) 414 (53.6) 81 (10.5) 1008 772 IT 99 643 (64.4) 308 (30.9) 47 (4.7) 1097 998 LU 24 165 (60.0) 92 (33.5) 18 (6.5) 299 275 NL 96 409 (44.4) 469 (50.9) 44 (4.8) 1018 922 N Sum 1422 3759 3770 958 9909 N Valid Sum 3759 3770 958 8487 printed 27.02.2012 page 166 Eurobarometer 22 - October-November 1984,GESIS Variable Report,191,ZA1321
v158,v158 0 1 2 3 N Sum N Valid Sum,UNITED STATES OF EUROPE - GOOD IDEA,isocntry M BE 110 588 (63.6) 227 (24.5) 110 (11.9) 1035 925 DE 123 591 (63.5) 229 (24.6) 110 (11.8) 1053 930 DK 172 118 (14.4) 161 (19.7) 539 (65.9) 990 818 FR 131 588 (67.3) 107 (12.2) 179 (20.5) 1005 874 GB-GBN 124 351 (36.6) 81 (8.5) 526 (54.9) 1082 958 GB-NIR 67 116 (45.7) 28 (11.0) 110 (43.3) 321 254 GR 149 581 (68.3) 119 (14.0) 151 (17.7) 1000 851 IE 300 348 (49.2) 150 (21.2) 210 (29.7) 1008 708 IT 108 702 (71.0) 168 (17.0) 119 (12.0) 1097 989 LU 14 206 (72.3) 40 (14.0) 39 (13.7) 299 285 NL 112 455 (50.3) 199 (22.0) 251 (27.7) 1017 905 N Sum 1410 4644 1509 2344 9907 N Valid Sum 4644 1509 2344 8497 printed 27.02.2012 page 167 Eurobarometer 22 - October-November 1984,isocntry M BE 110 588 (63.6) 227 (24.5) 110 (11.9) 1035 925 DE 123 591 (63.5) 229 (24.6) 110 (11.8) 1053 930 DK 172 118 (14.4) 161 (19.7) 539 (65.9) 990 818 FR 131 588 (67.3) 107 (12.2) 179 (20.5) 1005 874 GB-GBN 124 351 (36.6) 81 (8.5) 526 (54.9) 1082 958 GB-NIR 67 116 (45.7) 28 (11.0) 110 (43.3) 321 254 GR 149 581 (68.3) 119 (14.0) 151 (17.7) 1000 851 IE 300 348 (49.2) 150 (21.2) 210 (29.7) 1008 708 IT 108 702 (71.0) 168 (17.0) 119 (12.0) 1097 989 LU 14 206 (72.3) 40 (14.0) 39 (13.7) 299 285 NL 112 455 (50.3) 199 (22.0) 251 (27.7) 1017 905 N Sum 1410 4644 1509 2344 9907 N Valid Sum 4644 1509 2344 8497 printed 27.02.2012 page 167 Eurobarometer 22 - October-November 1984,GESIS Variable Report,192,ZA1321
v159,v159 0 1 2 3 4 5 N Sum N Valid Sum,UNITED STATES OF EUROPE - TIME PERIOD,isocntry M BE 205 180 (21.7) 168 (20.2) 178 (21.4) 174 (21.0) 130 (15.7) 1035 830 DE 139 65 (7.1) 168 (18.4) 266 (29.1) 266 (29.1) 150 (16.4) 1054 915 DK 254 29 (3.9) 43 (5.8) 123 (16.7) 194 (26.4) 347 (47.1) 990 736 FR 204 108 (13.5) 174 (21.7) 217 (27.1) 175 (21.8) 128 (16.0) 1006 802 GB-GBN 173 37 (4.1) 69 (7.6) 137 (15.1) 169 (18.6) 498 (54.7) 1083 910 GB-NIR 57 6 (2.3) 24 (9.1) 47 (17.8) 77 (29.2) 110 (41.7) 321 264 GR 251 91 (12.1) 104 (13.9) 145 (19.4) 209 (27.9) 200 (26.7) 1000 749 IE 247 60 (7.9) 109 (14.3) 150 (19.7) 222 (29.2) 220 (28.9) 1008 761 IT 201 125 (14.0) 145 (16.2) 181 (20.2) 236 (26.3) 209 (23.3) 1097 896 LU 25 30 (10.9) 54 (19.7) 64 (23.4) 62 (22.6) 64 (23.4) 299 274 NL 156 40 (4.6) 120 (13.9) 185 (21.5) 221 (25.6) 296 (34.3) 1018 862 N Sum 1912 771 1178 1693 2005 2352 9911 N Valid Sum 771 1178 1693 2005 2352 7999 printed 27.02.2012 page 168 Eurobarometer 22 - October-November 1984,isocntry M BE 205 180 (21.7) 168 (20.2) 178 (21.4) 174 (21.0) 130 (15.7) 1035 830 DE 139 65 (7.1) 168 (18.4) 266 (29.1) 266 (29.1) 150 (16.4) 1054 915 DK 254 29 (3.9) 43 (5.8) 123 (16.7) 194 (26.4) 347 (47.1) 990 736 FR 204 108 (13.5) 174 (21.7) 217 (27.1) 175 (21.8) 128 (16.0) 1006 802 GB-GBN 173 37 (4.1) 69 (7.6) 137 (15.1) 169 (18.6) 498 (54.7) 1083 910 GB-NIR 57 6 (2.3) 24 (9.1) 47 (17.8) 77 (29.2) 110 (41.7) 321 264 GR 251 91 (12.1) 104 (13.9) 145 (19.4) 209 (27.9) 200 (26.7) 1000 749 IE 247 60 (7.9) 109 (14.3) 150 (19.7) 222 (29.2) 220 (28.9) 1008 761 IT 201 125 (14.0) 145 (16.2) 181 (20.2) 236 (26.3) 209 (23.3) 1097 896 LU 25 30 (10.9) 54 (19.7) 64 (23.4) 62 (22.6) 64 (23.4) 299 274 NL 156 40 (4.6) 120 (13.9) 185 (21.5) 221 (25.6) 296 (34.3) 1018 862 N Sum 1912 771 1178 1693 2005 2352 9911 N Valid Sum 771 1178 1693 2005 2352 7999 printed 27.02.2012 page 168 Eurobarometer 22 - October-November 1984,GESIS Variable Report,193,ZA1321
v160,,LEFT-RIGHT PLACEMENT,,LEFT-RIGHT PLACEMENT,GESIS Variable Report,194,ZA1321
v161,v161 0 1 2 3 N Sum N Valid Sum,SOCIAL CHANGE - ATTIT TOW SOCIETY,isocntry M BE 54 46 (4.7) 672 (68.5) 263 (26.8) 1035 981 DE 76 29 (3.0) 606 (62.0) 342 (35.0) 1053 977 DK 63 14 (1.5) 604 (65.2) 309 (33.3) 990 927 FR 53 68 (7.1) 666 (70.0) 218 (22.9) 1005 952 GB-GBN 72 49 (4.8) 652 (64.4) 311 (30.7) 1084 1012 GB-NIR 30 11 (3.8) 177 (60.8) 103 (35.4) 321 291 GR 127 66 (7.6) 572 (65.5) 235 (26.9) 1000 873 IE 96 45 (4.9) 640 (70.2) 227 (24.9) 1008 912 IT 39 68 (6.4) 790 (74.7) 200 (18.9) 1097 1058 LU 15 5 (1.8) 193 (68.0) 86 (30.3) 299 284 NL 54 45 (4.7) 656 (68.1) 262 (27.2) 1017 963 N Sum 679 446 6228 2556 9909 N Valid Sum 446 6228 2556 9230 printed 27.02.2012 page 171 Eurobarometer 22 - October-November 1984,isocntry M BE 54 46 (4.7) 672 (68.5) 263 (26.8) 1035 981 DE 76 29 (3.0) 606 (62.0) 342 (35.0) 1053 977 DK 63 14 (1.5) 604 (65.2) 309 (33.3) 990 927 FR 53 68 (7.1) 666 (70.0) 218 (22.9) 1005 952 GB-GBN 72 49 (4.8) 652 (64.4) 311 (30.7) 1084 1012 GB-NIR 30 11 (3.8) 177 (60.8) 103 (35.4) 321 291 GR 127 66 (7.6) 572 (65.5) 235 (26.9) 1000 873 IE 96 45 (4.9) 640 (70.2) 227 (24.9) 1008 912 IT 39 68 (6.4) 790 (74.7) 200 (18.9) 1097 1058 LU 15 5 (1.8) 193 (68.0) 86 (30.3) 299 284 NL 54 45 (4.7) 656 (68.1) 262 (27.2) 1017 963 N Sum 679 446 6228 2556 9909 N Valid Sum 446 6228 2556 9230 printed 27.02.2012 page 171 Eurobarometer 22 - October-November 1984,GESIS Variable Report,196,ZA1321
v162,v162 0 1 2 3 4 N Sum N Valid Sum,PARTY ATTACHMENT,isocntry M BE 41 87 (8.8) 156 (15.7) 325 (32.7) 426 (42.9) 1035 994 DE 17 98 (9.5) 289 (27.9) 371 (35.8) 277 (26.8) 1052 1035 DK 26 96 (10.0) 161 (16.7) 384 (39.9) 322 (33.4) 989 963 FR 24 67 (6.8) 124 (12.7) 381 (38.9) 408 (41.6) 1004 980 GB-GBN 13 111 (10.4) 229 (21.4) 263 (24.6) 468 (43.7) 1084 1071 GB-NIR 6 9 (2.9) 43 (13.7) 95 (30.2) 168 (53.3) 321 315 GR 38 93 (9.7) 213 (22.1) 416 (43.2) 240 (24.9) 1000 962 IE 36 50 (5.1) 188 (19.3) 211 (21.7) 523 (53.8) 1008 972 IT 50 145 (13.8) 259 (24.7) 393 (37.5) 250 (23.9) 1097 1047 LU 10 20 (6.9) 31 (10.7) 146 (50.5) 92 (31.8) 299 289 NL 39 74 (7.6) 215 (22.0) 463 (47.3) 227 (23.2) 1018 979 N Sum 300 850 1908 3448 3401 9907 N Valid Sum 850 1908 3448 3401 9607 printed 27.02.2012 page 172 Eurobarometer 22 - October-November 1984,isocntry M BE 41 87 (8.8) 156 (15.7) 325 (32.7) 426 (42.9) 1035 994 DE 17 98 (9.5) 289 (27.9) 371 (35.8) 277 (26.8) 1052 1035 DK 26 96 (10.0) 161 (16.7) 384 (39.9) 322 (33.4) 989 963 FR 24 67 (6.8) 124 (12.7) 381 (38.9) 408 (41.6) 1004 980 GB-GBN 13 111 (10.4) 229 (21.4) 263 (24.6) 468 (43.7) 1084 1071 GB-NIR 6 9 (2.9) 43 (13.7) 95 (30.2) 168 (53.3) 321 315 GR 38 93 (9.7) 213 (22.1) 416 (43.2) 240 (24.9) 1000 962 IE 36 50 (5.1) 188 (19.3) 211 (21.7) 523 (53.8) 1008 972 IT 50 145 (13.8) 259 (24.7) 393 (37.5) 250 (23.9) 1097 1047 LU 10 20 (6.9) 31 (10.7) 146 (50.5) 92 (31.8) 299 289 NL 39 74 (7.6) 215 (22.0) 463 (47.3) 227 (23.2) 1018 979 N Sum 300 850 1908 3448 3401 9907 N Valid Sum 850 1908 3448 3401 9607 printed 27.02.2012 page 172 Eurobarometer 22 - October-November 1984,GESIS Variable Report,197,ZA1321
v163,v163 0 1 2 3 N Sum N Valid Sum,RELIGIOSITY,isocntry M BE 46 600 (60.7) 322 (32.6) 67 (6.8) 1035 989 DE 69 587 (59.7) 369 (37.5) 28 (2.8) 1053 984 DK 118 580 (66.6) 241 (27.7) 50 (5.7) 989 871 FR 42 582 (60.4) 253 (26.3) 128 (13.3) 1005 963 GB-GBN 18 617 (58.0) 390 (36.7) 57 (5.4) 1082 1064 GB-NIR 4 230 (72.6) 84 (26.5) 3 (0.9) 321 317 GR 28 831 (85.5) 113 (11.6) 28 (2.9) 1000 972 IE 31 767 (78.5) 206 (21.1) 4 (0.4) 1008 977 IT 28 885 (82.8) 137 (12.8) 47 (4.4) 1097 1069 LU 7 239 (81.8) 43 (14.7) 10 (3.4) 299 292 NL 46 632 (65.1) 280 (28.8) 59 (6.1) 1017 971 N Sum 437 6550 2438 481 9906 N Valid Sum 6550 2438 481 9469 printed 27.02.2012 page 173 Eurobarometer 22 - October-November 1984,isocntry M BE 46 600 (60.7) 322 (32.6) 67 (6.8) 1035 989 DE 69 587 (59.7) 369 (37.5) 28 (2.8) 1053 984 DK 118 580 (66.6) 241 (27.7) 50 (5.7) 989 871 FR 42 582 (60.4) 253 (26.3) 128 (13.3) 1005 963 GB-GBN 18 617 (58.0) 390 (36.7) 57 (5.4) 1082 1064 GB-NIR 4 230 (72.6) 84 (26.5) 3 (0.9) 321 317 GR 28 831 (85.5) 113 (11.6) 28 (2.9) 1000 972 IE 31 767 (78.5) 206 (21.1) 4 (0.4) 1008 977 IT 28 885 (82.8) 137 (12.8) 47 (4.4) 1097 1069 LU 7 239 (81.8) 43 (14.7) 10 (3.4) 299 292 NL 46 632 (65.1) 280 (28.8) 59 (6.1) 1017 971 N Sum 437 6550 2438 481 9906 N Valid Sum 6550 2438 481 9469 printed 27.02.2012 page 173 Eurobarometer 22 - October-November 1984,GESIS Variable Report,198,ZA1321
v164,v164 0 1 2 3 N Sum N Valid Sum,HAPPYNESS,isocntry M BE 25 225 (22.3) 643 (63.7) 142 (14.1) 1035 1010 DE 39 127 (12.5) 734 (72.4) 153 (15.1) 1053 1014 DK 31 342 (35.7) 493 (51.4) 124 (12.9) 990 959 FR 16 133 (13.4) 636 (64.3) 220 (22.2) 1005 989 GB-GBN 4 284 (26.3) 641 (59.4) 154 (14.3) 1083 1079 GB-NIR 100 (31.2) 186 (57.9) 35 (10.9) 321 321 GR 10 107 (10.8) 508 (51.3) 375 (37.9) 1000 990 IE 6 355 (35.4) 542 (54.1) 105 (10.5) 1008 1002 IT 23 122 (11.4) 640 (59.6) 312 (29.1) 1097 1074 LU 10 56 (19.4) 205 (70.9) 28 (9.7) 299 289 NL 17 433 (43.3) 513 (51.2) 55 (5.5) 1018 1001 N Sum 181 2284 5741 1703 9909 N Valid Sum 2284 5741 1703 9728 printed 27.02.2012 page 174 Eurobarometer 22 - October-November 1984,isocntry M BE 25 225 (22.3) 643 (63.7) 142 (14.1) 1035 1010 DE 39 127 (12.5) 734 (72.4) 153 (15.1) 1053 1014 DK 31 342 (35.7) 493 (51.4) 124 (12.9) 990 959 FR 16 133 (13.4) 636 (64.3) 220 (22.2) 1005 989 GB-GBN 4 284 (26.3) 641 (59.4) 154 (14.3) 1083 1079 GB-NIR 100 (31.2) 186 (57.9) 35 (10.9) 321 321 GR 10 107 (10.8) 508 (51.3) 375 (37.9) 1000 990 IE 6 355 (35.4) 542 (54.1) 105 (10.5) 1008 1002 IT 23 122 (11.4) 640 (59.6) 312 (29.1) 1097 1074 LU 10 56 (19.4) 205 (70.9) 28 (9.7) 299 289 NL 17 433 (43.3) 513 (51.2) 55 (5.5) 1018 1001 N Sum 181 2284 5741 1703 9909 N Valid Sum 2284 5741 1703 9728 printed 27.02.2012 page 174 Eurobarometer 22 - October-November 1984,GESIS Variable Report,199,ZA1321
v165,v165 0 1 2 3 4 5 6 N Sum N Valid Sum,MARITAL STATUS,isocntry M BE 186 (18.0) 687 (66.4) 23 (2.2) 26 (2.5) 25 (2.4) 88 (8.5) 1035 1035 DE 263 (25.0) 613 (58.3) 14 (1.3) 40 (3.8) 6 (0.6) 116 (11.0) 1052 1052 DK 1 200 (20.2) 553 (56.0) 124 (12.6) 26 (2.6) 9 (0.9) 76 (7.7) 989 988 FR 212 (21.1) 628 (62.4) 51 (5.1) 25 (2.5) 9 (0.9) 81 (8.1) 1006 1006 GB-GBN 214 (19.8) 674 (62.3) 26 (2.4) 41 (3.8) 16 (1.5) 111 (10.3) 1082 1082 GB-NIR 1 77 (24.1) 207 (64.7) 1 (0.3) 3 (0.9) 4 (1.3) 28 (8.8) 321 320 GR 229 (22.9) 685 (68.5) 2 (0.2) 17 (1.7) 67 (6.7) 1000 1000 IE 1 349 (34.7) 586 (58.2) 1 (0.1) 9 (0.9) 62 (6.2) 1008 1007 IT 336 (30.6) 644 (58.7) 8 (0.7) 7 (0.6) 14 (1.3) 88 (8.0) 1097 1097 LU 78 (26.1) 179 (59.9) 7 (2.3) 12 (4.0) 2 (0.7) 21 (7.0) 299 299 NL 246 (24.2) 616 (60.6) 52 (5.1) 36 (3.5) 4 (0.4) 63 (6.2) 1017 1017 N Sum 3 2390 6072 309 233 98 801 9906 N Valid Sum 2390 6072 309 233 98 801 9903 printed 27.02.2012 page 175 Eurobarometer 22 - October-November 1984,isocntry M BE 186 (18.0) 687 (66.4) 23 (2.2) 26 (2.5) 25 (2.4) 88 (8.5) 1035 1035 DE 263 (25.0) 613 (58.3) 14 (1.3) 40 (3.8) 6 (0.6) 116 (11.0) 1052 1052 DK 1 200 (20.2) 553 (56.0) 124 (12.6) 26 (2.6) 9 (0.9) 76 (7.7) 989 988 FR 212 (21.1) 628 (62.4) 51 (5.1) 25 (2.5) 9 (0.9) 81 (8.1) 1006 1006 GB-GBN 214 (19.8) 674 (62.3) 26 (2.4) 41 (3.8) 16 (1.5) 111 (10.3) 1082 1082 GB-NIR 1 77 (24.1) 207 (64.7) 1 (0.3) 3 (0.9) 4 (1.3) 28 (8.8) 321 320 GR 229 (22.9) 685 (68.5) 2 (0.2) 17 (1.7) 67 (6.7) 1000 1000 IE 1 349 (34.7) 586 (58.2) 1 (0.1) 9 (0.9) 62 (6.2) 1008 1007 IT 336 (30.6) 644 (58.7) 8 (0.7) 7 (0.6) 14 (1.3) 88 (8.0) 1097 1097 LU 78 (26.1) 179 (59.9) 7 (2.3) 12 (4.0) 2 (0.7) 21 (7.0) 299 299 NL 246 (24.2) 616 (60.6) 52 (5.1) 36 (3.5) 4 (0.4) 63 (6.2) 1017 1017 N Sum 3 2390 6072 309 233 98 801 9906 N Valid Sum 2390 6072 309 233 98 801 9903 printed 27.02.2012 page 175 Eurobarometer 22 - October-November 1984,GESIS Variable Report,200,ZA1321
v166,,AGE EDUCATION,,AGE EDUCATION,GESIS Variable Report,201,ZA1321
v167,v167 1 2 3 4 N Sum N Valid Sum,AGE EDUCATION - 4 GROUPS,isocntry BE 368 (35.6) 434 (41.9) 183 (17.7) 50 (4.8) 1035 1035 DE 453 (43.0) 425 (40.4) 74 (7.0) 101 (9.6) 1053 1053 DK 445 (44.9) 318 (32.1) 133 (13.4) 95 (9.6) 991 991 FR 383 (38.1) 388 (38.6) 162 (16.1) 72 (7.2) 1005 1005 GB-GBN 504 (46.5) 434 (40.0) 111 (10.2) 35 (3.2) 1084 1084 GB-NIR 145 (45.2) 147 (45.8) 18 (5.6) 11 (3.4) 321 321 GR 540 (54.0) 222 (22.2) 149 (14.9) 89 (8.9) 1000 1000 IE 413 (41.0) 468 (46.4) 60 (6.0) 67 (6.6) 1008 1008 IT 687 (62.6) 186 (17.0) 116 (10.6) 108 (9.8) 1097 1097 LU 108 (36.1) 106 (35.5) 61 (20.4) 24 (8.0) 299 299 NL 293 (28.8) 370 (36.4) 204 (20.1) 150 (14.7) 1017 1017 N Sum 4339 3498 1271 802 9910 N Valid Sum 4339 3498 1271 802 9910 printed 27.02.2012 page 178 Eurobarometer 22 - October-November 1984,isocntry BE 368 (35.6) 434 (41.9) 183 (17.7) 50 (4.8) 1035 1035 DE 453 (43.0) 425 (40.4) 74 (7.0) 101 (9.6) 1053 1053 DK 445 (44.9) 318 (32.1) 133 (13.4) 95 (9.6) 991 991 FR 383 (38.1) 388 (38.6) 162 (16.1) 72 (7.2) 1005 1005 GB-GBN 504 (46.5) 434 (40.0) 111 (10.2) 35 (3.2) 1084 1084 GB-NIR 145 (45.2) 147 (45.8) 18 (5.6) 11 (3.4) 321 321 GR 540 (54.0) 222 (22.2) 149 (14.9) 89 (8.9) 1000 1000 IE 413 (41.0) 468 (46.4) 60 (6.0) 67 (6.6) 1008 1008 IT 687 (62.6) 186 (17.0) 116 (10.6) 108 (9.8) 1097 1097 LU 108 (36.1) 106 (35.5) 61 (20.4) 24 (8.0) 299 299 NL 293 (28.8) 370 (36.4) 204 (20.1) 150 (14.7) 1017 1017 N Sum 4339 3498 1271 802 9910 N Valid Sum 4339 3498 1271 802 9910 printed 27.02.2012 page 178 Eurobarometer 22 - October-November 1984,GESIS Variable Report,203,ZA1321
v168,,VOTE INTENTION (I: PARTY PREFERENCE),,VOTE INTENTION (I: PARTY PREFERENCE),GESIS Variable Report,204,ZA1321
v169,,VOTE INTENTION - PROBE GB,,VOTE INTENTION - PROBE GB,GESIS Variable Report,210,ZA1321
v170,,VOTING BEHAVIOUR LAST NAT ELECT (B),,VOTING BEHAVIOUR LAST NAT ELECT (B),GESIS Variable Report,211,ZA1321
v171,v171 0 1 2 N Sum N Valid Sum,SEX,isocntry M BE 497 (48.0) 538 (52.0) 1035 1035 DE 489 (46.4) 564 (53.6) 1053 1053 DK 1 484 (48.9) 506 (51.1) 991 990 FR 484 (48.2) 521 (51.8) 1005 1005 GB-GBN 4 519 (48.1) 560 (51.9) 1083 1079 GB-NIR 2 158 (49.5) 161 (50.5) 321 319 GR 484 (48.4) 516 (51.6) 1000 1000 IE 2 499 (49.6) 507 (50.4) 1008 1006 IT 539 (49.1) 558 (50.9) 1097 1097 LU 164 (54.8) 135 (45.2) 299 299 NL 503 (49.5) 514 (50.5) 1017 1017 N Sum 9 4820 5080 9909 N Valid Sum 4820 5080 9900 printed 27.02.2012 page 187 Eurobarometer 22 - October-November 1984,isocntry M BE 497 (48.0) 538 (52.0) 1035 1035 DE 489 (46.4) 564 (53.6) 1053 1053 DK 1 484 (48.9) 506 (51.1) 991 990 FR 484 (48.2) 521 (51.8) 1005 1005 GB-GBN 4 519 (48.1) 560 (51.9) 1083 1079 GB-NIR 2 158 (49.5) 161 (50.5) 321 319 GR 484 (48.4) 516 (51.6) 1000 1000 IE 2 499 (49.6) 507 (50.4) 1008 1006 IT 539 (49.1) 558 (50.9) 1097 1097 LU 164 (54.8) 135 (45.2) 299 299 NL 503 (49.5) 514 (50.5) 1017 1017 N Sum 9 4820 5080 9909 N Valid Sum 4820 5080 9900 printed 27.02.2012 page 187 Eurobarometer 22 - October-November 1984,GESIS Variable Report,212,ZA1321
v172,,AGE EXACT,,AGE EXACT,GESIS Variable Report,213,ZA1321
v173,v173 0 1 2 3 4 N Sum N Valid Sum,AGE - 4 GROUPS,isocntry M BE 187 (18.1) 299 (28.9) 218 (21.1) 331 (32.0) 1035 1035 DE 212 (20.2) 233 (22.1) 259 (24.6) 348 (33.1) 1052 1052 DK 182 (18.4) 288 (29.1) 226 (22.8) 294 (29.7) 990 990 FR 197 (19.6) 295 (29.4) 205 (20.4) 308 (30.6) 1005 1005 GB-GBN 5 194 (18.0) 301 (27.9) 244 (22.6) 339 (31.4) 1083 1078 GB-NIR 78 (24.3) 88 (27.4) 62 (19.3) 93 (29.0) 321 321 GR 185 (18.5) 260 (26.0) 250 (25.0) 305 (30.5) 1000 1000 IE 252 (25.0) 279 (27.7) 197 (19.5) 280 (27.8) 1008 1008 IT 219 (20.0) 290 (26.4) 276 (25.2) 312 (28.4) 1097 1097 LU 61 (20.4) 69 (23.1) 87 (29.1) 82 (27.4) 299 299 NL 221 (21.7) 312 (30.7) 228 (22.4) 256 (25.2) 1017 1017 N Sum 5 1988 2714 2252 2948 9907 N Valid Sum 1988 2714 2252 2948 9902 printed 27.02.2012 page 189 Eurobarometer 22 - October-November 1984,isocntry M BE 187 (18.1) 299 (28.9) 218 (21.1) 331 (32.0) 1035 1035 DE 212 (20.2) 233 (22.1) 259 (24.6) 348 (33.1) 1052 1052 DK 182 (18.4) 288 (29.1) 226 (22.8) 294 (29.7) 990 990 FR 197 (19.6) 295 (29.4) 205 (20.4) 308 (30.6) 1005 1005 GB-GBN 5 194 (18.0) 301 (27.9) 244 (22.6) 339 (31.4) 1083 1078 GB-NIR 78 (24.3) 88 (27.4) 62 (19.3) 93 (29.0) 321 321 GR 185 (18.5) 260 (26.0) 250 (25.0) 305 (30.5) 1000 1000 IE 252 (25.0) 279 (27.7) 197 (19.5) 280 (27.8) 1008 1008 IT 219 (20.0) 290 (26.4) 276 (25.2) 312 (28.4) 1097 1097 LU 61 (20.4) 69 (23.1) 87 (29.1) 82 (27.4) 299 299 NL 221 (21.7) 312 (30.7) 228 (22.4) 256 (25.2) 1017 1017 N Sum 5 1988 2714 2252 2948 9907 N Valid Sum 1988 2714 2252 2948 9902 printed 27.02.2012 page 189 Eurobarometer 22 - October-November 1984,GESIS Variable Report,214,ZA1321
v174,,HOUSEHOLD SIZE,,HOUSEHOLD SIZE,GESIS Variable Report,215,ZA1321
v175,,HOUSEHOLD - CHILDREN 8-15 Y,,HOUSEHOLD - CHILDREN 8-15 Y,GESIS Variable Report,216,ZA1321
v176,,HOUSEHOLD - CHILDREN UNDER 8 Y,,HOUSEHOLD - CHILDREN UNDER 8 Y,GESIS Variable Report,217,ZA1321
v177,,INCOME HH,,INCOME HH,GESIS Variable Report,218,ZA1321
v178,v178 1 2 3 4 5 N Sum N Valid Sum,INCOME HH - QUARTILES (HARMONISED),isocntry M BE 169 (18.0) 186 (19.8) 341 (36.3) 244 (26.0) 95 1035 940 DE 218 (24.4) 240 (26.8) 183 (20.5) 253 (28.3) 159 1053 894 DK 197 (25.5) 217 (28.0) 227 (29.3) 133 (17.2) 216 990 774 FR 269 (31.4) 173 (20.2) 228 (26.6) 187 (21.8) 147 1004 857 GB-GBN 221 (26.5) 227 (27.3) 217 (26.1) 168 (20.2) 250 1083 833 GB-NIR 52 (23.6) 48 (21.8) 62 (28.2) 58 (26.4) 101 321 220 GR 229 (23.8) 218 (22.6) 277 (28.7) 240 (24.9) 36 1000 964 IE 161 (27.5) 138 (23.5) 134 (22.9) 153 (26.1) 422 1008 586 IT 211 (23.0) 174 (19.0) 330 (36.0) 202 (22.0) 180 1097 917 LU 61 (24.2) 60 (23.8) 72 (28.6) 59 (23.4) 47 299 252 NL 257 (28.5) 228 (25.3) 204 (22.6) 213 (23.6) 116 1018 902 N Sum 2045 1909 2275 1910 1769 9908 N Valid Sum 2045 1909 2275 1910 8139 printed 27.02.2012 page 198 Eurobarometer 22 - October-November 1984,isocntry M BE 169 (18.0) 186 (19.8) 341 (36.3) 244 (26.0) 95 1035 940 DE 218 (24.4) 240 (26.8) 183 (20.5) 253 (28.3) 159 1053 894 DK 197 (25.5) 217 (28.0) 227 (29.3) 133 (17.2) 216 990 774 FR 269 (31.4) 173 (20.2) 228 (26.6) 187 (21.8) 147 1004 857 GB-GBN 221 (26.5) 227 (27.3) 217 (26.1) 168 (20.2) 250 1083 833 GB-NIR 52 (23.6) 48 (21.8) 62 (28.2) 58 (26.4) 101 321 220 GR 229 (23.8) 218 (22.6) 277 (28.7) 240 (24.9) 36 1000 964 IE 161 (27.5) 138 (23.5) 134 (22.9) 153 (26.1) 422 1008 586 IT 211 (23.0) 174 (19.0) 330 (36.0) 202 (22.0) 180 1097 917 LU 61 (24.2) 60 (23.8) 72 (28.6) 59 (23.4) 47 299 252 NL 257 (28.5) 228 (25.3) 204 (22.6) 213 (23.6) 116 1018 902 N Sum 2045 1909 2275 1910 1769 9908 N Valid Sum 2045 1909 2275 1910 8139 printed 27.02.2012 page 198 Eurobarometer 22 - October-November 1984,GESIS Variable Report,223,ZA1321
v179,,OCCUPATION OF RESPONDENT,,OCCUPATION OF RESPONDENT,GESIS Variable Report,224,ZA1321
v180,v180 0 1 2 3 4 9 N Sum N Valid Sum,OCCUPATION - SIZE OF COMPANY,isocntry M M BE 557 127 (31.5) 136 (33.7) 88 (21.8) 52 (12.9) 75 1035 403 DE 580 67 (14.4) 187 (40.2) 156 (33.5) 55 (11.8) 8 1053 465 DK 424 93 (17.0) 214 (39.1) 160 (29.2) 81 (14.8) 18 990 548 FR 510 156 (32.8) 139 (29.2) 108 (22.7) 73 (15.3) 19 1005 476 GB-GBN 531 89 (20.8) 156 (36.5) 110 (25.8) 72 (16.9) 125 1083 427 GB-NIR 166 30 (20.3) 83 (56.1) 26 (17.6) 9 (6.1) 7 321 148 GR 546 255 (56.2) 113 (24.9) 55 (12.1) 31 (6.8) 1000 454 IE 570 149 (39.2) 144 (37.9) 63 (16.6) 24 (6.3) 58 1008 380 IT 614 229 (47.4) 141 (29.2) 63 (13.0) 50 (10.4) 1097 483 LU 144 40 (26.1) 53 (34.6) 35 (22.9) 25 (16.3) 2 299 153 NL 632 54 (15.3) 123 (34.9) 115 (32.7) 60 (17.0) 33 1017 352 N Sum 5274 1289 1489 979 532 345 9908 N Valid Sum 1289 1489 979 532 4289 printed 27.02.2012 page 201 Eurobarometer 22 - October-November 1984,isocntry M M BE 557 127 (31.5) 136 (33.7) 88 (21.8) 52 (12.9) 75 1035 403 DE 580 67 (14.4) 187 (40.2) 156 (33.5) 55 (11.8) 8 1053 465 DK 424 93 (17.0) 214 (39.1) 160 (29.2) 81 (14.8) 18 990 548 FR 510 156 (32.8) 139 (29.2) 108 (22.7) 73 (15.3) 19 1005 476 GB-GBN 531 89 (20.8) 156 (36.5) 110 (25.8) 72 (16.9) 125 1083 427 GB-NIR 166 30 (20.3) 83 (56.1) 26 (17.6) 9 (6.1) 7 321 148 GR 546 255 (56.2) 113 (24.9) 55 (12.1) 31 (6.8) 1000 454 IE 570 149 (39.2) 144 (37.9) 63 (16.6) 24 (6.3) 58 1008 380 IT 614 229 (47.4) 141 (29.2) 63 (13.0) 50 (10.4) 1097 483 LU 144 40 (26.1) 53 (34.6) 35 (22.9) 25 (16.3) 2 299 153 NL 632 54 (15.3) 123 (34.9) 115 (32.7) 60 (17.0) 33 1017 352 N Sum 5274 1289 1489 979 532 345 9908 N Valid Sum 1289 1489 979 532 4289 printed 27.02.2012 page 201 Eurobarometer 22 - October-November 1984,GESIS Variable Report,226,ZA1321
v181,v181 1 2 N Sum N Valid Sum,HEAD OF HOUSEHOLD,isocntry BE 535 (51.7) 500 (48.3) 1035 1035 DE 570 (54.1) 483 (45.9) 1053 1053 DK 561 (56.7) 429 (43.3) 990 990 FR 538 (53.5) 467 (46.5) 1005 1005 GB-GBN 576 (53.2) 507 (46.8) 1083 1083 GB-NIR 151 (47.0) 170 (53.0) 321 321 GR 454 (45.4) 546 (54.6) 1000 1000 IE 423 (42.0) 585 (58.0) 1008 1008 IT 476 (43.4) 621 (56.6) 1097 1097 LU 161 (53.8) 138 (46.2) 299 299 NL 567 (55.7) 451 (44.3) 1018 1018 N Sum 5012 4897 9909 N Valid Sum 5012 4897 9909 printed 27.02.2012 page 202 Eurobarometer 22 - October-November 1984,isocntry BE 535 (51.7) 500 (48.3) 1035 1035 DE 570 (54.1) 483 (45.9) 1053 1053 DK 561 (56.7) 429 (43.3) 990 990 FR 538 (53.5) 467 (46.5) 1005 1005 GB-GBN 576 (53.2) 507 (46.8) 1083 1083 GB-NIR 151 (47.0) 170 (53.0) 321 321 GR 454 (45.4) 546 (54.6) 1000 1000 IE 423 (42.0) 585 (58.0) 1008 1008 IT 476 (43.4) 621 (56.6) 1097 1097 LU 161 (53.8) 138 (46.2) 299 299 NL 567 (55.7) 451 (44.3) 1018 1018 N Sum 5012 4897 9909 N Valid Sum 5012 4897 9909 printed 27.02.2012 page 202 Eurobarometer 22 - October-November 1984,GESIS Variable Report,227,ZA1321
v182,,OCCUPATION HEAD OF HH,,OCCUPATION HEAD OF HH,GESIS Variable Report,228,ZA1321
v183,v183 0 1 2 3 N Sum N Valid Sum,TYPE OF COMMUNITY (SUBJECTIVE SIZE),isocntry M BE 444 (42.9) 308 (29.8) 283 (27.3) 1035 1035 DE 3 312 (29.7) 423 (40.2) 316 (30.1) 1054 1051 DK 22 277 (28.6) 430 (44.4) 261 (27.0) 990 968 FR 3 387 (38.6) 348 (34.7) 268 (26.7) 1006 1003 GB-GBN 4 224 (20.8) 524 (48.6) 331 (30.7) 1083 1079 GB-NIR 1 114 (35.6) 104 (32.5) 102 (31.9) 321 320 GR 353 (35.3) 254 (25.4) 393 (39.3) 1000 1000 IE 13 439 (44.1) 176 (17.7) 380 (38.2) 1008 995 IT 389 (35.5) 423 (38.6) 285 (26.0) 1097 1097 LU 144 (48.2) 150 (50.2) 5 (1.7) 299 299 NL 23 416 (41.9) 340 (34.2) 238 (23.9) 1017 994 N Sum 69 3499 3480 2862 9910 N Valid Sum 3499 3480 2862 9841 printed 27.02.2012 page 205 Eurobarometer 22 - October-November 1984,isocntry M BE 444 (42.9) 308 (29.8) 283 (27.3) 1035 1035 DE 3 312 (29.7) 423 (40.2) 316 (30.1) 1054 1051 DK 22 277 (28.6) 430 (44.4) 261 (27.0) 990 968 FR 3 387 (38.6) 348 (34.7) 268 (26.7) 1006 1003 GB-GBN 4 224 (20.8) 524 (48.6) 331 (30.7) 1083 1079 GB-NIR 1 114 (35.6) 104 (32.5) 102 (31.9) 321 320 GR 353 (35.3) 254 (25.4) 393 (39.3) 1000 1000 IE 13 439 (44.1) 176 (17.7) 380 (38.2) 1008 995 IT 389 (35.5) 423 (38.6) 285 (26.0) 1097 1097 LU 144 (48.2) 150 (50.2) 5 (1.7) 299 299 NL 23 416 (41.9) 340 (34.2) 238 (23.9) 1017 994 N Sum 69 3499 3480 2862 9910 N Valid Sum 3499 3480 2862 9841 printed 27.02.2012 page 205 Eurobarometer 22 - October-November 1984,GESIS Variable Report,230,ZA1321
v184,,SIZE OF COMMUNITY,,SIZE OF COMMUNITY,GESIS Variable Report,231,ZA1321
v185,,REGION,,REGION,GESIS Variable Report,235,ZA1321
v186,,PROVINCE,,PROVINCE,GESIS Variable Report,239,ZA1321
v187,,COGNITIVE MOBILIZATION INDEX,,COGNITIVE MOBILIZATION INDEX,GESIS Variable Report,244,ZA1321
v188,,VALUE ORIENTATION (POST-MATERIALISM),,VALUE ORIENTATION (POST-MATERIALISM),GESIS Variable Report,245,ZA1321
v189,,POLITICAL ORIENTATION 7-POINT TYPOLOGY,,POLITICAL ORIENTATION 7-POINT TYPOLOGY,GESIS Variable Report,246,ZA1321
v190,v190 1 2 3 4 5 N Sum N Valid Sum,EC SUPPORT - COMMITMENT,"isocntry BE 16 (1.5) 240 (23.2) 115 (11.1) 337 (32.6) 327 (31.6) 1035 1035 DE 24 (2.3) 295 (28.0) 121 (11.5) 150 (14.2) 463 (44.0) 1053 1053 DK 52 (5.3) 438 (44.2) 168 (17.0) 148 (14.9) 184 (18.6) 990 990 FR 15 (1.5) 235 (23.4) 125 (12.5) 257 (25.6) 372 (37.1) 1004 1004 GB-GBN 55 (5.1) 433 (40.0) 202 (18.7) 149 (13.8) 243 (22.5) 1082 1082 GB-NIR 9 (2.8) 130 (40.5) 57 (17.8) 71 (22.1) 54 (16.8) 321 321 GR 36 (3.6) 346 (34.6) 164 (16.4) 224 (22.4) 230 (23.0) 1000 1000 IE 26 (2.6) 341 (33.8) 171 (17.0) 179 (17.8) 291 (28.9) 1008 1008 IT 12 (1.1) 192 (17.5) 105 (9.6) 385 (35.1) 403 (36.7) 1097 1097 LU 7 (2.3) 35 (11.7) 19 (6.4) 60 (20.1) 178 (59.5) 299 299 NL 5 (0.5) 141 (13.9) 69 (6.8) 330 (32.4) 472 (46.4) 1017 1017 N Sum 257 2826 1316 2290 3217 9906 N Valid Sum 257 2826 1316 2290 3217 9906 printed 27.02.2012 page 223 Eurobarometer 22 - October-November 1984 v191 - ORIGINAL RESPONDENT ID ORIGINAL INTERVIEW NUMBER THIS IS THE ORIGINAL NUMBER SUPPLIED BY THE EC. SINCE THE VALUES OF THE VARIABLE WERE NOT UNIQUE, A NEW CASE IDENTIFICATION VARIABLE WAS CREATED AND IS NOW VAR. NO. 4.","isocntry BE 16 (1.5) 240 (23.2) 115 (11.1) 337 (32.6) 327 (31.6) 1035 1035 DE 24 (2.3) 295 (28.0) 121 (11.5) 150 (14.2) 463 (44.0) 1053 1053 DK 52 (5.3) 438 (44.2) 168 (17.0) 148 (14.9) 184 (18.6) 990 990 FR 15 (1.5) 235 (23.4) 125 (12.5) 257 (25.6) 372 (37.1) 1004 1004 GB-GBN 55 (5.1) 433 (40.0) 202 (18.7) 149 (13.8) 243 (22.5) 1082 1082 GB-NIR 9 (2.8) 130 (40.5) 57 (17.8) 71 (22.1) 54 (16.8) 321 321 GR 36 (3.6) 346 (34.6) 164 (16.4) 224 (22.4) 230 (23.0) 1000 1000 IE 26 (2.6) 341 (33.8) 171 (17.0) 179 (17.8) 291 (28.9) 1008 1008 IT 12 (1.1) 192 (17.5) 105 (9.6) 385 (35.1) 403 (36.7) 1097 1097 LU 7 (2.3) 35 (11.7) 19 (6.4) 60 (20.1) 178 (59.5) 299 299 NL 5 (0.5) 141 (13.9) 69 (6.8) 330 (32.4) 472 (46.4) 1017 1017 N Sum 257 2826 1316 2290 3217 9906 N Valid Sum 257 2826 1316 2290 3217 9906 printed 27.02.2012 page 223 Eurobarometer 22 - October-November 1984 v191 - ORIGINAL RESPONDENT ID ORIGINAL INTERVIEW NUMBER THIS IS THE ORIGINAL NUMBER SUPPLIED BY THE EC. SINCE THE VALUES OF THE VARIABLE WERE NOT UNIQUE, A NEW CASE IDENTIFICATION VARIABLE WAS CREATED AND IS NOW VAR. NO. 4.",GESIS Variable Report,248,ZA1321
