variable,question_number,variable_label,question_text,question_text_filled,source,source_page,za_id
v2,v2,ICPSR EDITION NUMBER,Value Label Missing Count Percent Valid Percent,Value Label Missing Count Percent Valid Percent,GESIS Variable Report,27,ZA1320
v5,,NATION I (UNITED KINGDOM),,NATION I (UNITED KINGDOM),GESIS Variable Report,32,ZA1320
v7,,NATION II (GB AND NORTHERN IRELAND),,NATION II (GB AND NORTHERN IRELAND),GESIS Variable Report,34,ZA1320
v10,,Q135 ELECTORAL REGISTER,,Q135 ELECTORAL REGISTER,GESIS Variable Report,37,ZA1320
v11,v11 0 1 2 3 4 N Sum N Valid Sum,Q136 LIFE SATISFACTION,isocntry M BE 9 308 (30.5) 466 (46.2) 151 (15.0) 84 (8.3) 1018 1009 DE 26 202 (20.9) 627 (64.8) 123 (12.7) 15 (1.6) 993 967 DK 20 558 (57.2) 372 (38.1) 38 (3.9) 8 (0.8) 996 976 FR 6 119 (11.9) 602 (60.0) 206 (20.5) 76 (7.6) 1009 1003 GB-GBN 18 338 (33.0) 545 (53.3) 104 (10.2) 36 (3.5) 1041 1023 GB-NIR 1 100 (31.9) 166 (53.0) 34 (10.9) 13 (4.2) 314 313 GR 1 188 (18.8) 456 (45.6) 210 (21.0) 145 (14.5) 1000 999 IE 10 357 (36.1) 467 (47.2) 100 (10.1) 66 (6.7) 1000 990 IT 1 109 (10.3) 571 (53.9) 270 (25.5) 109 (10.3) 1060 1059 LU 7 113 (38.6) 153 (52.2) 19 (6.5) 8 (2.7) 300 293 NL 16 444 (44.4) 484 (48.4) 58 (5.8) 14 (1.4) 1016 1000 N Sum 115 2836 4909 1313 574 9747 N Valid Sum 2836 4909 1313 574 9632 printed 27.02.2012 page 13 Eurobarometer 21 - March-April 1984,isocntry M BE 9 308 (30.5) 466 (46.2) 151 (15.0) 84 (8.3) 1018 1009 DE 26 202 (20.9) 627 (64.8) 123 (12.7) 15 (1.6) 993 967 DK 20 558 (57.2) 372 (38.1) 38 (3.9) 8 (0.8) 996 976 FR 6 119 (11.9) 602 (60.0) 206 (20.5) 76 (7.6) 1009 1003 GB-GBN 18 338 (33.0) 545 (53.3) 104 (10.2) 36 (3.5) 1041 1023 GB-NIR 1 100 (31.9) 166 (53.0) 34 (10.9) 13 (4.2) 314 313 GR 1 188 (18.8) 456 (45.6) 210 (21.0) 145 (14.5) 1000 999 IE 10 357 (36.1) 467 (47.2) 100 (10.1) 66 (6.7) 1000 990 IT 1 109 (10.3) 571 (53.9) 270 (25.5) 109 (10.3) 1060 1059 LU 7 113 (38.6) 153 (52.2) 19 (6.5) 8 (2.7) 300 293 NL 16 444 (44.4) 484 (48.4) 58 (5.8) 14 (1.4) 1016 1000 N Sum 115 2836 4909 1313 574 9747 N Valid Sum 2836 4909 1313 574 9632 printed 27.02.2012 page 13 Eurobarometer 21 - March-April 1984,GESIS Variable Report,38,ZA1320
v12,v12 0 1 2 3 4 N Sum N Valid Sum,Q137 DEMOCRACY SATISFACTION,isocntry M BE 47 62 (6.4) 390 (40.2) 348 (35.8) 171 (17.6) 1018 971 DE 71 118 (12.8) 588 (63.8) 185 (20.1) 31 (3.4) 993 922 DK 50 203 (21.5) 481 (50.8) 206 (21.8) 56 (5.9) 996 946 FR 77 46 (4.9) 364 (39.1) 342 (36.7) 180 (19.3) 1009 932 GB-GBN 56 119 (12.1) 517 (52.4) 258 (26.2) 92 (9.3) 1042 986 GB-NIR 41 14 (5.1) 98 (35.9) 106 (38.8) 55 (20.1) 314 273 GR 59 191 (20.3) 411 (43.7) 209 (22.2) 130 (13.8) 1000 941 IE 69 68 (7.3) 430 (46.2) 267 (28.7) 166 (17.8) 1000 931 IT 43 16 (1.6) 196 (19.3) 479 (47.1) 326 (32.1) 1060 1017 LU 23 33 (11.9) 158 (57.0) 60 (21.7) 26 (9.4) 300 277 NL 35 60 (6.1) 486 (49.6) 331 (33.8) 103 (10.5) 1015 980 N Sum 571 930 4119 2791 1336 9747 N Valid Sum 930 4119 2791 1336 9176 printed 27.02.2012 page 14 Eurobarometer 21 - March-April 1984,isocntry M BE 47 62 (6.4) 390 (40.2) 348 (35.8) 171 (17.6) 1018 971 DE 71 118 (12.8) 588 (63.8) 185 (20.1) 31 (3.4) 993 922 DK 50 203 (21.5) 481 (50.8) 206 (21.8) 56 (5.9) 996 946 FR 77 46 (4.9) 364 (39.1) 342 (36.7) 180 (19.3) 1009 932 GB-GBN 56 119 (12.1) 517 (52.4) 258 (26.2) 92 (9.3) 1042 986 GB-NIR 41 14 (5.1) 98 (35.9) 106 (38.8) 55 (20.1) 314 273 GR 59 191 (20.3) 411 (43.7) 209 (22.2) 130 (13.8) 1000 941 IE 69 68 (7.3) 430 (46.2) 267 (28.7) 166 (17.8) 1000 931 IT 43 16 (1.6) 196 (19.3) 479 (47.1) 326 (32.1) 1060 1017 LU 23 33 (11.9) 158 (57.0) 60 (21.7) 26 (9.4) 300 277 NL 35 60 (6.1) 486 (49.6) 331 (33.8) 103 (10.5) 1015 980 N Sum 571 930 4119 2791 1336 9747 N Valid Sum 930 4119 2791 1336 9176 printed 27.02.2012 page 14 Eurobarometer 21 - March-April 1984,GESIS Variable Report,39,ZA1320
v13,v13 0 1 2 3 4 N Sum N Valid Sum,Q138 POL DISCUSSION - CONVINCE FRIENDS,isocntry M BE 29 115 (11.6) 379 (38.3) 253 (25.6) 242 (24.5) 1018 989 DE 53 76 (8.1) 360 (38.3) 398 (42.4) 105 (11.2) 992 939 DK 20 165 (16.9) 340 (34.8) 148 (15.1) 324 (33.2) 997 977 FR 15 113 (11.4) 312 (31.4) 242 (24.3) 327 (32.9) 1009 994 GB-GBN 6 123 (11.9) 295 (28.5) 247 (23.9) 370 (35.7) 1041 1035 GB-NIR 7 15 (4.9) 78 (25.4) 108 (35.2) 106 (34.5) 314 307 GR 10 242 (24.4) 304 (30.7) 182 (18.4) 262 (26.5) 1000 990 IE 11 125 (12.6) 337 (34.1) 263 (26.6) 264 (26.7) 1000 989 IT 21 204 (19.6) 414 (39.8) 238 (22.9) 183 (17.6) 1060 1039 LU 6 40 (13.6) 144 (49.0) 64 (21.8) 46 (15.6) 300 294 NL 70 189 (20.0) 516 (54.5) 166 (17.5) 75 (7.9) 1016 946 N Sum 248 1407 3479 2309 2304 9747 N Valid Sum 1407 3479 2309 2304 9499 printed 27.02.2012 page 15 Eurobarometer 21 - March-April 1984,isocntry M BE 29 115 (11.6) 379 (38.3) 253 (25.6) 242 (24.5) 1018 989 DE 53 76 (8.1) 360 (38.3) 398 (42.4) 105 (11.2) 992 939 DK 20 165 (16.9) 340 (34.8) 148 (15.1) 324 (33.2) 997 977 FR 15 113 (11.4) 312 (31.4) 242 (24.3) 327 (32.9) 1009 994 GB-GBN 6 123 (11.9) 295 (28.5) 247 (23.9) 370 (35.7) 1041 1035 GB-NIR 7 15 (4.9) 78 (25.4) 108 (35.2) 106 (34.5) 314 307 GR 10 242 (24.4) 304 (30.7) 182 (18.4) 262 (26.5) 1000 990 IE 11 125 (12.6) 337 (34.1) 263 (26.6) 264 (26.7) 1000 989 IT 21 204 (19.6) 414 (39.8) 238 (22.9) 183 (17.6) 1060 1039 LU 6 40 (13.6) 144 (49.0) 64 (21.8) 46 (15.6) 300 294 NL 70 189 (20.0) 516 (54.5) 166 (17.5) 75 (7.9) 1016 946 N Sum 248 1407 3479 2309 2304 9747 N Valid Sum 1407 3479 2309 2304 9499 printed 27.02.2012 page 15 Eurobarometer 21 - March-April 1984,GESIS Variable Report,40,ZA1320
v14,,Q139 VALUE ORIENTATION - POL GOALS 1ST,,Q139 VALUE ORIENTATION - POL GOALS 1ST,GESIS Variable Report,41,ZA1320
v15,v15 0 1 2 3 4 N Sum N Valid Sum,Q140 VALUE ORIENTATION - POL GOALS 2ND,isocntry M BE 52 279 (28.9) 173 (17.9) 265 (27.4) 249 (25.8) 1018 966 DE 143 173 (20.4) 173 (20.4) 215 (25.3) 288 (33.9) 992 849 DK 69 204 (22.0) 143 (15.4) 280 (30.2) 300 (32.4) 996 927 FR 45 278 (28.8) 146 (15.1) 292 (30.3) 248 (25.7) 1009 964 GB-GBN 51 215 (21.7) 225 (22.7) 295 (29.8) 255 (25.8) 1041 990 GB-NIR 13 67 (22.3) 82 (27.2) 102 (33.9) 50 (16.6) 314 301 GR 67 254 (27.2) 146 (15.6) 386 (41.4) 147 (15.8) 1000 933 IE 12 264 (26.7) 255 (25.8) 312 (31.6) 157 (15.9) 1000 988 IT 32 270 (26.3) 182 (17.7) 412 (40.1) 164 (16.0) 1060 1028 LU 10 63 (21.7) 62 (21.4) 111 (38.3) 54 (18.6) 300 290 NL 30 241 (24.5) 198 (20.1) 239 (24.3) 306 (31.1) 1014 984 N Sum 524 2308 1785 2909 2218 9744 N Valid Sum 2308 1785 2909 2218 9220 printed 27.02.2012 page 17 Eurobarometer 21 - March-April 1984,isocntry M BE 52 279 (28.9) 173 (17.9) 265 (27.4) 249 (25.8) 1018 966 DE 143 173 (20.4) 173 (20.4) 215 (25.3) 288 (33.9) 992 849 DK 69 204 (22.0) 143 (15.4) 280 (30.2) 300 (32.4) 996 927 FR 45 278 (28.8) 146 (15.1) 292 (30.3) 248 (25.7) 1009 964 GB-GBN 51 215 (21.7) 225 (22.7) 295 (29.8) 255 (25.8) 1041 990 GB-NIR 13 67 (22.3) 82 (27.2) 102 (33.9) 50 (16.6) 314 301 GR 67 254 (27.2) 146 (15.6) 386 (41.4) 147 (15.8) 1000 933 IE 12 264 (26.7) 255 (25.8) 312 (31.6) 157 (15.9) 1000 988 IT 32 270 (26.3) 182 (17.7) 412 (40.1) 164 (16.0) 1060 1028 LU 10 63 (21.7) 62 (21.4) 111 (38.3) 54 (18.6) 300 290 NL 30 241 (24.5) 198 (20.1) 239 (24.3) 306 (31.1) 1014 984 N Sum 524 2308 1785 2909 2218 9744 N Valid Sum 2308 1785 2909 2218 9220 printed 27.02.2012 page 17 Eurobarometer 21 - March-April 1984,GESIS Variable Report,42,ZA1320
v16,v16 0 1 2 3 N Sum N Valid Sum,Q141 POL DISCUSSION - FREQUENCY,isocntry M BE 22 103 (10.3) 441 (44.3) 452 (45.4) 1018 996 DE 42 167 (17.6) 640 (67.4) 143 (15.1) 992 950 DK 40 188 (19.6) 523 (54.6) 246 (25.7) 997 957 FR 11 186 (18.6) 428 (42.8) 385 (38.5) 1010 999 GB-GBN 11 141 (13.7) 539 (52.3) 351 (34.0) 1042 1031 GB-NIR 6 23 (7.5) 174 (56.5) 111 (36.0) 314 308 GR 24 364 (37.3) 298 (30.5) 314 (32.2) 1000 976 IE 26 145 (14.9) 453 (46.5) 376 (38.6) 1000 974 IT 10 131 (12.5) 467 (44.5) 452 (43.0) 1060 1050 LU 4 73 (24.7) 153 (51.7) 70 (23.6) 300 296 NL 7 214 (21.3) 594 (59.0) 199 (19.8) 1014 1007 N Sum 203 1735 4710 3099 9747 N Valid Sum 1735 4710 3099 9544 printed 27.02.2012 page 18 Eurobarometer 21 - March-April 1984,isocntry M BE 22 103 (10.3) 441 (44.3) 452 (45.4) 1018 996 DE 42 167 (17.6) 640 (67.4) 143 (15.1) 992 950 DK 40 188 (19.6) 523 (54.6) 246 (25.7) 997 957 FR 11 186 (18.6) 428 (42.8) 385 (38.5) 1010 999 GB-GBN 11 141 (13.7) 539 (52.3) 351 (34.0) 1042 1031 GB-NIR 6 23 (7.5) 174 (56.5) 111 (36.0) 314 308 GR 24 364 (37.3) 298 (30.5) 314 (32.2) 1000 976 IE 26 145 (14.9) 453 (46.5) 376 (38.6) 1000 974 IT 10 131 (12.5) 467 (44.5) 452 (43.0) 1060 1050 LU 4 73 (24.7) 153 (51.7) 70 (23.6) 300 296 NL 7 214 (21.3) 594 (59.0) 199 (19.8) 1014 1007 N Sum 203 1735 4710 3099 9747 N Valid Sum 1735 4710 3099 9544 printed 27.02.2012 page 18 Eurobarometer 21 - March-April 1984,GESIS Variable Report,43,ZA1320
v17,v17 1 2 3 N Sum N Valid Sum,Q142 SATISFACTION: HEALTH,isocntry M BE 836 (82.2) 181 (17.8) 1 1018 1017 DE 749 (75.7) 240 (24.3) 3 992 989 DK 832 (84.2) 156 (15.8) 9 997 988 FR 764 (75.9) 242 (24.1) 3 1009 1006 GB-GBN 876 (85.8) 145 (14.2) 20 1041 1021 GB-NIR 276 (87.9) 38 (12.1) 314 314 GR 678 (67.9) 320 (32.1) 2 1000 998 IE 887 (89.0) 110 (11.0) 3 1000 997 IT 800 (75.9) 254 (24.1) 6 1060 1054 LU 220 (73.8) 78 (26.2) 2 300 298 NL 909 (89.7) 104 (10.3) 2 1015 1013 N Sum 7827 1868 51 9746 N Valid Sum 7827 1868 9695 printed 27.02.2012 page 19 Eurobarometer 21 - March-April 1984,isocntry M BE 836 (82.2) 181 (17.8) 1 1018 1017 DE 749 (75.7) 240 (24.3) 3 992 989 DK 832 (84.2) 156 (15.8) 9 997 988 FR 764 (75.9) 242 (24.1) 3 1009 1006 GB-GBN 876 (85.8) 145 (14.2) 20 1041 1021 GB-NIR 276 (87.9) 38 (12.1) 314 314 GR 678 (67.9) 320 (32.1) 2 1000 998 IE 887 (89.0) 110 (11.0) 3 1000 997 IT 800 (75.9) 254 (24.1) 6 1060 1054 LU 220 (73.8) 78 (26.2) 2 300 298 NL 909 (89.7) 104 (10.3) 2 1015 1013 N Sum 7827 1868 51 9746 N Valid Sum 7827 1868 9695 printed 27.02.2012 page 19 Eurobarometer 21 - March-April 1984,GESIS Variable Report,44,ZA1320
v18,v18 1 2 3 N Sum N Valid Sum,Q142 SATISFACTION: INCOME,isocntry M BE 581 (57.3) 433 (42.7) 4 1018 1014 DE 564 (57.6) 416 (42.4) 13 993 980 DK 668 (68.2) 311 (31.8) 17 996 979 FR 449 (45.8) 532 (54.2) 28 1009 981 GB-GBN 611 (59.4) 418 (40.6) 13 1042 1029 GB-NIR 155 (49.5) 158 (50.5) 1 314 313 GR 323 (33.3) 646 (66.7) 31 1000 969 IE 515 (52.3) 470 (47.7) 15 1000 985 IT 485 (46.9) 550 (53.1) 25 1060 1035 LU 183 (62.5) 110 (37.5) 7 300 293 NL 678 (69.1) 303 (30.9) 34 1015 981 N Sum 5212 4347 188 9747 N Valid Sum 5212 4347 9559 printed 27.02.2012 page 20 Eurobarometer 21 - March-April 1984,isocntry M BE 581 (57.3) 433 (42.7) 4 1018 1014 DE 564 (57.6) 416 (42.4) 13 993 980 DK 668 (68.2) 311 (31.8) 17 996 979 FR 449 (45.8) 532 (54.2) 28 1009 981 GB-GBN 611 (59.4) 418 (40.6) 13 1042 1029 GB-NIR 155 (49.5) 158 (50.5) 1 314 313 GR 323 (33.3) 646 (66.7) 31 1000 969 IE 515 (52.3) 470 (47.7) 15 1000 985 IT 485 (46.9) 550 (53.1) 25 1060 1035 LU 183 (62.5) 110 (37.5) 7 300 293 NL 678 (69.1) 303 (30.9) 34 1015 981 N Sum 5212 4347 188 9747 N Valid Sum 5212 4347 9559 printed 27.02.2012 page 20 Eurobarometer 21 - March-April 1984,GESIS Variable Report,45,ZA1320
v19,v19 1 2 3 N Sum N Valid Sum,Q142 SATISFACTION: LEISURE TIME,isocntry M BE 831 (81.8) 185 (18.2) 2 1018 1016 DE 775 (79.5) 200 (20.5) 17 992 975 DK 898 (92.2) 76 (7.8) 22 996 974 FR 765 (76.2) 239 (23.8) 5 1009 1004 GB-GBN 813 (79.1) 215 (20.9) 14 1042 1028 GB-NIR 254 (80.9) 60 (19.1) 314 314 GR 573 (58.3) 410 (41.7) 17 1000 983 IE 762 (76.8) 230 (23.2) 8 1000 992 IT 644 (61.5) 403 (38.5) 13 1060 1047 LU 234 (78.3) 65 (21.7) 1 300 299 NL 859 (85.3) 148 (14.7) 8 1015 1007 N Sum 7408 2231 107 9746 N Valid Sum 7408 2231 9639 printed 27.02.2012 page 21 Eurobarometer 21 - March-April 1984,isocntry M BE 831 (81.8) 185 (18.2) 2 1018 1016 DE 775 (79.5) 200 (20.5) 17 992 975 DK 898 (92.2) 76 (7.8) 22 996 974 FR 765 (76.2) 239 (23.8) 5 1009 1004 GB-GBN 813 (79.1) 215 (20.9) 14 1042 1028 GB-NIR 254 (80.9) 60 (19.1) 314 314 GR 573 (58.3) 410 (41.7) 17 1000 983 IE 762 (76.8) 230 (23.2) 8 1000 992 IT 644 (61.5) 403 (38.5) 13 1060 1047 LU 234 (78.3) 65 (21.7) 1 300 299 NL 859 (85.3) 148 (14.7) 8 1015 1007 N Sum 7408 2231 107 9746 N Valid Sum 7408 2231 9639 printed 27.02.2012 page 21 Eurobarometer 21 - March-April 1984,GESIS Variable Report,46,ZA1320
v20,v20 1 2 3 N Sum N Valid Sum,Q142 SATISFACTION: LOCAL GOVERNMENT,isocntry M BE 715 (70.9) 294 (29.1) 9 1018 1009 DE 675 (70.5) 283 (29.5) 33 991 958 DK 653 (69.0) 293 (31.0) 50 996 946 FR 721 (76.8) 218 (23.2) 70 1009 939 GB-GBN 505 (52.9) 449 (47.1) 88 1042 954 GB-NIR 146 (48.0) 158 (52.0) 10 314 304 GR 655 (73.3) 239 (26.7) 106 1000 894 IE 474 (48.3) 507 (51.7) 19 1000 981 IT 413 (40.2) 614 (59.8) 33 1060 1027 LU 176 (62.2) 107 (37.8) 17 300 283 NL 663 (69.9) 286 (30.1) 67 1016 949 N Sum 5796 3448 502 9746 N Valid Sum 5796 3448 9244 printed 27.02.2012 page 22 Eurobarometer 21 - March-April 1984,isocntry M BE 715 (70.9) 294 (29.1) 9 1018 1009 DE 675 (70.5) 283 (29.5) 33 991 958 DK 653 (69.0) 293 (31.0) 50 996 946 FR 721 (76.8) 218 (23.2) 70 1009 939 GB-GBN 505 (52.9) 449 (47.1) 88 1042 954 GB-NIR 146 (48.0) 158 (52.0) 10 314 304 GR 655 (73.3) 239 (26.7) 106 1000 894 IE 474 (48.3) 507 (51.7) 19 1000 981 IT 413 (40.2) 614 (59.8) 33 1060 1027 LU 176 (62.2) 107 (37.8) 17 300 283 NL 663 (69.9) 286 (30.1) 67 1016 949 N Sum 5796 3448 502 9746 N Valid Sum 5796 3448 9244 printed 27.02.2012 page 22 Eurobarometer 21 - March-April 1984,GESIS Variable Report,47,ZA1320
v21,v21 1 2 3 N Sum N Valid Sum,Q142 SATISFACTION: PERSONAL SAFETY,isocntry M BE 799 (78.9) 214 (21.1) 5 1018 1013 DE 867 (88.9) 108 (11.1) 17 992 975 DK 892 (91.7) 81 (8.3) 23 996 973 FR 825 (82.6) 174 (17.4) 10 1009 999 GB-GBN 803 (79.3) 209 (20.7) 30 1042 1012 GB-NIR 241 (76.8) 73 (23.2) 314 314 GR 881 (90.8) 89 (9.2) 30 1000 970 IE 752 (75.9) 239 (24.1) 9 1000 991 IT 746 (71.7) 295 (28.3) 19 1060 1041 LU 239 (80.2) 59 (19.8) 2 300 298 NL 788 (79.0) 209 (21.0) 18 1015 997 N Sum 7833 1750 163 9746 N Valid Sum 7833 1750 9583 printed 27.02.2012 page 23 Eurobarometer 21 - March-April 1984,isocntry M BE 799 (78.9) 214 (21.1) 5 1018 1013 DE 867 (88.9) 108 (11.1) 17 992 975 DK 892 (91.7) 81 (8.3) 23 996 973 FR 825 (82.6) 174 (17.4) 10 1009 999 GB-GBN 803 (79.3) 209 (20.7) 30 1042 1012 GB-NIR 241 (76.8) 73 (23.2) 314 314 GR 881 (90.8) 89 (9.2) 30 1000 970 IE 752 (75.9) 239 (24.1) 9 1000 991 IT 746 (71.7) 295 (28.3) 19 1060 1041 LU 239 (80.2) 59 (19.8) 2 300 298 NL 788 (79.0) 209 (21.0) 18 1015 997 N Sum 7833 1750 163 9746 N Valid Sum 7833 1750 9583 printed 27.02.2012 page 23 Eurobarometer 21 - March-April 1984,GESIS Variable Report,48,ZA1320
v22,v22 1 2 3 N Sum N Valid Sum,Q142 SATISFACTION: LIVING ACCOMODATION,isocntry M BE 922 (90.9) 92 (9.1) 4 1018 1014 DE 881 (90.0) 98 (10.0) 13 992 979 DK 909 (93.2) 66 (6.8) 21 996 975 FR 919 (91.5) 85 (8.5) 5 1009 1004 GB-GBN 963 (93.3) 69 (6.7) 10 1042 1032 GB-NIR 291 (93.0) 22 (7.0) 1 314 313 GR 658 (68.2) 307 (31.8) 35 1000 965 IE 933 (94.1) 58 (5.9) 9 1000 991 IT 870 (83.6) 171 (16.4) 19 1060 1041 LU 273 (92.2) 23 (7.8) 4 300 296 NL 945 (93.8) 62 (6.2) 9 1016 1007 N Sum 8564 1053 130 9747 N Valid Sum 8564 1053 9617 printed 27.02.2012 page 24 Eurobarometer 21 - March-April 1984,isocntry M BE 922 (90.9) 92 (9.1) 4 1018 1014 DE 881 (90.0) 98 (10.0) 13 992 979 DK 909 (93.2) 66 (6.8) 21 996 975 FR 919 (91.5) 85 (8.5) 5 1009 1004 GB-GBN 963 (93.3) 69 (6.7) 10 1042 1032 GB-NIR 291 (93.0) 22 (7.0) 1 314 313 GR 658 (68.2) 307 (31.8) 35 1000 965 IE 933 (94.1) 58 (5.9) 9 1000 991 IT 870 (83.6) 171 (16.4) 19 1060 1041 LU 273 (92.2) 23 (7.8) 4 300 296 NL 945 (93.8) 62 (6.2) 9 1016 1007 N Sum 8564 1053 130 9747 N Valid Sum 8564 1053 9617 printed 27.02.2012 page 24 Eurobarometer 21 - March-April 1984,GESIS Variable Report,49,ZA1320
v23,v23 1 2 3 N Sum N Valid Sum,Q142 SATISFACTION: WORK,isocntry M BE 823 (82.1) 179 (17.9) 16 1018 1002 DE 744 (78.8) 200 (21.2) 47 991 944 DK 727 (87.0) 109 (13.0) 160 996 836 FR 714 (81.6) 161 (18.4) 134 1009 875 GB-GBN 676 (80.8) 161 (19.2) 205 1042 837 GB-NIR 227 (78.8) 61 (21.2) 26 314 288 GR 531 (62.3) 322 (37.7) 147 1000 853 IE 829 (84.4) 153 (15.6) 18 1000 982 IT 621 (68.2) 289 (31.8) 150 1060 910 LU 232 (83.5) 46 (16.5) 22 300 278 NL 717 (85.3) 124 (14.7) 175 1016 841 N Sum 6841 1805 1100 9746 N Valid Sum 6841 1805 8646 printed 27.02.2012 page 25 Eurobarometer 21 - March-April 1984,isocntry M BE 823 (82.1) 179 (17.9) 16 1018 1002 DE 744 (78.8) 200 (21.2) 47 991 944 DK 727 (87.0) 109 (13.0) 160 996 836 FR 714 (81.6) 161 (18.4) 134 1009 875 GB-GBN 676 (80.8) 161 (19.2) 205 1042 837 GB-NIR 227 (78.8) 61 (21.2) 26 314 288 GR 531 (62.3) 322 (37.7) 147 1000 853 IE 829 (84.4) 153 (15.6) 18 1000 982 IT 621 (68.2) 289 (31.8) 150 1060 910 LU 232 (83.5) 46 (16.5) 22 300 278 NL 717 (85.3) 124 (14.7) 175 1016 841 N Sum 6841 1805 1100 9746 N Valid Sum 6841 1805 8646 printed 27.02.2012 page 25 Eurobarometer 21 - March-April 1984,GESIS Variable Report,50,ZA1320
v24,v24 1 2 3 N Sum N Valid Sum,Q142 SATISFACTION: FAMILY,isocntry M BE 944 (93.0) 71 (7.0) 3 1018 1015 DE 832 (85.1) 146 (14.9) 14 992 978 DK 946 (97.5) 24 (2.5) 26 996 970 FR 936 (93.9) 61 (6.1) 12 1009 997 GB-GBN 972 (94.2) 60 (5.8) 10 1042 1032 GB-NIR 310 (99.4) 2 (0.6) 2 314 312 GR 920 (94.2) 57 (5.8) 23 1000 977 IE 965 (97.3) 27 (2.7) 8 1000 992 IT 946 (91.0) 93 (9.0) 21 1060 1039 LU 267 (89.6) 31 (10.4) 2 300 298 NL 968 (96.1) 39 (3.9) 9 1016 1007 N Sum 9006 611 130 9747 N Valid Sum 9006 611 9617 printed 27.02.2012 page 26 Eurobarometer 21 - March-April 1984,isocntry M BE 944 (93.0) 71 (7.0) 3 1018 1015 DE 832 (85.1) 146 (14.9) 14 992 978 DK 946 (97.5) 24 (2.5) 26 996 970 FR 936 (93.9) 61 (6.1) 12 1009 997 GB-GBN 972 (94.2) 60 (5.8) 10 1042 1032 GB-NIR 310 (99.4) 2 (0.6) 2 314 312 GR 920 (94.2) 57 (5.8) 23 1000 977 IE 965 (97.3) 27 (2.7) 8 1000 992 IT 946 (91.0) 93 (9.0) 21 1060 1039 LU 267 (89.6) 31 (10.4) 2 300 298 NL 968 (96.1) 39 (3.9) 9 1016 1007 N Sum 9006 611 130 9747 N Valid Sum 9006 611 9617 printed 27.02.2012 page 26 Eurobarometer 21 - March-April 1984,GESIS Variable Report,51,ZA1320
v25,v25 1 2 3 N Sum N Valid Sum,Q142 SATISFACTION: PUBLIC SERVICES,isocntry M BE 708 (70.1) 302 (29.9) 8 1018 1010 DE 691 (71.1) 281 (28.9) 20 992 972 DK 584 (70.2) 248 (29.8) 164 996 832 FR 686 (69.7) 298 (30.3) 25 1009 984 GB-GBN 728 (73.5) 262 (26.5) 53 1043 990 GB-NIR 251 (80.2) 62 (19.8) 1 314 313 GR 328 (38.4) 526 (61.6) 146 1000 854 IE 600 (60.4) 393 (39.6) 7 1000 993 IT 473 (45.6) 564 (54.4) 23 1060 1037 LU 205 (70.2) 87 (29.8) 8 300 292 NL 778 (78.6) 212 (21.4) 25 1015 990 N Sum 6032 3235 480 9747 N Valid Sum 6032 3235 9267 printed 27.02.2012 page 27 Eurobarometer 21 - March-April 1984,isocntry M BE 708 (70.1) 302 (29.9) 8 1018 1010 DE 691 (71.1) 281 (28.9) 20 992 972 DK 584 (70.2) 248 (29.8) 164 996 832 FR 686 (69.7) 298 (30.3) 25 1009 984 GB-GBN 728 (73.5) 262 (26.5) 53 1043 990 GB-NIR 251 (80.2) 62 (19.8) 1 314 313 GR 328 (38.4) 526 (61.6) 146 1000 854 IE 600 (60.4) 393 (39.6) 7 1000 993 IT 473 (45.6) 564 (54.4) 23 1060 1037 LU 205 (70.2) 87 (29.8) 8 300 292 NL 778 (78.6) 212 (21.4) 25 1015 990 N Sum 6032 3235 480 9747 N Valid Sum 6032 3235 9267 printed 27.02.2012 page 27 Eurobarometer 21 - March-April 1984,GESIS Variable Report,52,ZA1320
v26,v26 0 1 2 N Sum N Valid Sum,Q144 INVEST OR SPEND MONEY,isocntry M BE 84 641 (68.6) 293 (31.4) 1018 934 DE 150 648 (77.0) 194 (23.0) 992 842 DK 67 619 (66.6) 311 (33.4) 997 930 FR 68 498 (52.9) 443 (47.1) 1009 941 GB-GBN 67 502 (51.5) 473 (48.5) 1042 975 GB-NIR 11 153 (50.5) 150 (49.5) 314 303 GR 55 434 (45.9) 511 (54.1) 1000 945 IE 63 459 (49.0) 478 (51.0) 1000 937 IT 46 751 (74.1) 263 (25.9) 1060 1014 LU 15 234 (82.1) 51 (17.9) 300 285 NL 75 670 (71.3) 270 (28.7) 1015 940 N Sum 701 5609 3437 9747 N Valid Sum 5609 3437 9046 printed 27.02.2012 page 28 Eurobarometer 21 - March-April 1984,isocntry M BE 84 641 (68.6) 293 (31.4) 1018 934 DE 150 648 (77.0) 194 (23.0) 992 842 DK 67 619 (66.6) 311 (33.4) 997 930 FR 68 498 (52.9) 443 (47.1) 1009 941 GB-GBN 67 502 (51.5) 473 (48.5) 1042 975 GB-NIR 11 153 (50.5) 150 (49.5) 314 303 GR 55 434 (45.9) 511 (54.1) 1000 945 IE 63 459 (49.0) 478 (51.0) 1000 937 IT 46 751 (74.1) 263 (25.9) 1060 1014 LU 15 234 (82.1) 51 (17.9) 300 285 NL 75 670 (71.3) 270 (28.7) 1015 940 N Sum 701 5609 3437 9747 N Valid Sum 5609 3437 9046 printed 27.02.2012 page 28 Eurobarometer 21 - March-April 1984,GESIS Variable Report,53,ZA1320
v27,v27 0 1 2 3 4 5 6 N Sum N Valid Sum,Q145 WORK COMPARED TO LAST YEAR,isocntry M BE 212 35 (4.3) 59 (7.3) 229 (28.4) 210 (26.1) 145 (18.0) 128 (15.9) 1018 806 DE 85 14 (1.5) 84 (9.3) 451 (49.7) 129 (14.2) 40 (4.4) 190 (20.9) 993 908 DK 164 60 (7.2) 112 (13.5) 336 (40.5) 101 (12.2) 40 (4.8) 181 (21.8) 994 830 FR 34 19 (1.9) 47 (4.8) 226 (23.2) 177 (18.1) 179 (18.3) 328 (33.6) 1010 976 GB-GBN 64 78 (8.0) 165 (16.9) 220 (22.5) 112 (11.5) 91 (9.3) 312 (31.9) 1042 978 GB-NIR 26 17 (5.9) 34 (11.8) 104 (36.1) 18 (6.3) 13 (4.5) 102 (35.4) 314 288 GR 26 61 (6.3) 154 (15.8) 300 (30.8) 154 (15.8) 115 (11.8) 190 (19.5) 1000 974 IE 74 46 (5.0) 102 (11.0) 305 (32.9) 138 (14.9) 94 (10.2) 241 (26.0) 1000 926 IT 113 26 (2.7) 141 (14.9) 209 (22.1) 171 (18.1) 95 (10.0) 305 (32.2) 1060 947 LU 14 5 (1.7) 32 (11.2) 100 (35.0) 35 (12.2) 30 (10.5) 84 (29.4) 300 286 NL 159 43 (5.0) 116 (13.6) 259 (30.3) 156 (18.2) 73 (8.5) 208 (24.3) 1014 855 N Sum 971 404 1046 2739 1401 915 2269 9745 N Valid Sum 404 1046 2739 1401 915 2269 8774 printed 27.02.2012 page 29 Eurobarometer 21 - March-April 1984,isocntry M BE 212 35 (4.3) 59 (7.3) 229 (28.4) 210 (26.1) 145 (18.0) 128 (15.9) 1018 806 DE 85 14 (1.5) 84 (9.3) 451 (49.7) 129 (14.2) 40 (4.4) 190 (20.9) 993 908 DK 164 60 (7.2) 112 (13.5) 336 (40.5) 101 (12.2) 40 (4.8) 181 (21.8) 994 830 FR 34 19 (1.9) 47 (4.8) 226 (23.2) 177 (18.1) 179 (18.3) 328 (33.6) 1010 976 GB-GBN 64 78 (8.0) 165 (16.9) 220 (22.5) 112 (11.5) 91 (9.3) 312 (31.9) 1042 978 GB-NIR 26 17 (5.9) 34 (11.8) 104 (36.1) 18 (6.3) 13 (4.5) 102 (35.4) 314 288 GR 26 61 (6.3) 154 (15.8) 300 (30.8) 154 (15.8) 115 (11.8) 190 (19.5) 1000 974 IE 74 46 (5.0) 102 (11.0) 305 (32.9) 138 (14.9) 94 (10.2) 241 (26.0) 1000 926 IT 113 26 (2.7) 141 (14.9) 209 (22.1) 171 (18.1) 95 (10.0) 305 (32.2) 1060 947 LU 14 5 (1.7) 32 (11.2) 100 (35.0) 35 (12.2) 30 (10.5) 84 (29.4) 300 286 NL 159 43 (5.0) 116 (13.6) 259 (30.3) 156 (18.2) 73 (8.5) 208 (24.3) 1014 855 N Sum 971 404 1046 2739 1401 915 2269 9745 N Valid Sum 404 1046 2739 1401 915 2269 8774 printed 27.02.2012 page 29 Eurobarometer 21 - March-April 1984,GESIS Variable Report,54,ZA1320
v28,v28 0 1 2 N Sum N Valid Sum,Q146 POL PROTEST: PARTICIP DEMONSTRATION,isocntry M BE 25 147 (14.8) 846 (85.2) 1018 993 DE 39 118 (12.4) 835 (87.6) 992 953 DK 19 122 (12.5) 855 (87.5) 996 977 FR 8 204 (20.4) 798 (79.6) 1010 1002 GB-GBN 10 102 (9.9) 930 (90.1) 1042 1032 GB-NIR 11 12 (4.0) 291 (96.0) 314 303 GR 9 188 (19.0) 803 (81.0) 1000 991 IE 13 144 (14.6) 843 (85.4) 1000 987 IT 10 191 (18.2) 859 (81.8) 1060 1050 LU 3 65 (21.9) 232 (78.1) 300 297 NL 19 149 (14.9) 848 (85.1) 1016 997 N Sum 166 1442 8140 9748 N Valid Sum 1442 8140 9582 printed 27.02.2012 page 30 Eurobarometer 21 - March-April 1984,isocntry M BE 25 147 (14.8) 846 (85.2) 1018 993 DE 39 118 (12.4) 835 (87.6) 992 953 DK 19 122 (12.5) 855 (87.5) 996 977 FR 8 204 (20.4) 798 (79.6) 1010 1002 GB-GBN 10 102 (9.9) 930 (90.1) 1042 1032 GB-NIR 11 12 (4.0) 291 (96.0) 314 303 GR 9 188 (19.0) 803 (81.0) 1000 991 IE 13 144 (14.6) 843 (85.4) 1000 987 IT 10 191 (18.2) 859 (81.8) 1060 1050 LU 3 65 (21.9) 232 (78.1) 300 297 NL 19 149 (14.9) 848 (85.1) 1016 997 N Sum 166 1442 8140 9748 N Valid Sum 1442 8140 9582 printed 27.02.2012 page 30 Eurobarometer 21 - March-April 1984,GESIS Variable Report,55,ZA1320
v29,v29 0 1 N Sum N Valid Sum,Q147 CONCERNED: DRUG ABUSE,isocntry BE 499 (49.0) 519 (51.0) 1018 1018 DE 795 (80.1) 197 (19.9) 992 992 DK 495 (49.7) 501 (50.3) 996 996 FR 506 (50.1) 503 (49.9) 1009 1009 GB-GBN 461 (44.2) 581 (55.8) 1042 1042 GB-NIR 100 (31.8) 214 (68.2) 314 314 GR 352 (35.2) 648 (64.8) 1000 1000 IE 213 (21.3) 787 (78.7) 1000 1000 IT 239 (22.5) 821 (77.5) 1060 1060 LU 108 (36.0) 192 (64.0) 300 300 NL 391 (38.5) 624 (61.5) 1015 1015 N Sum 4159 5587 9746 N Valid Sum 4159 5587 9746 printed 27.02.2012 page 31 Eurobarometer 21 - March-April 1984,isocntry BE 499 (49.0) 519 (51.0) 1018 1018 DE 795 (80.1) 197 (19.9) 992 992 DK 495 (49.7) 501 (50.3) 996 996 FR 506 (50.1) 503 (49.9) 1009 1009 GB-GBN 461 (44.2) 581 (55.8) 1042 1042 GB-NIR 100 (31.8) 214 (68.2) 314 314 GR 352 (35.2) 648 (64.8) 1000 1000 IE 213 (21.3) 787 (78.7) 1000 1000 IT 239 (22.5) 821 (77.5) 1060 1060 LU 108 (36.0) 192 (64.0) 300 300 NL 391 (38.5) 624 (61.5) 1015 1015 N Sum 4159 5587 9746 N Valid Sum 4159 5587 9746 printed 27.02.2012 page 31 Eurobarometer 21 - March-April 1984,GESIS Variable Report,56,ZA1320
v30,v30 0 1 N Sum N Valid Sum,Q147 CONCERNED: FOREIGN WORKERS,isocntry BE 673 (66.1) 345 (33.9) 1018 1018 DE 848 (85.5) 144 (14.5) 992 992 DK 881 (88.5) 115 (11.5) 996 996 FR 739 (73.2) 270 (26.8) 1009 1009 GB-GBN 806 (77.4) 236 (22.6) 1042 1042 GB-NIR 278 (88.5) 36 (11.5) 314 314 GR 870 (87.0) 130 (13.0) 1000 1000 IE 837 (83.7) 163 (16.3) 1000 1000 IT 983 (92.7) 77 (7.3) 1060 1060 LU 245 (81.7) 55 (18.3) 300 300 NL 846 (83.3) 169 (16.7) 1015 1015 N Sum 8006 1740 9746 N Valid Sum 8006 1740 9746 printed 27.02.2012 page 32 Eurobarometer 21 - March-April 1984,isocntry BE 673 (66.1) 345 (33.9) 1018 1018 DE 848 (85.5) 144 (14.5) 992 992 DK 881 (88.5) 115 (11.5) 996 996 FR 739 (73.2) 270 (26.8) 1009 1009 GB-GBN 806 (77.4) 236 (22.6) 1042 1042 GB-NIR 278 (88.5) 36 (11.5) 314 314 GR 870 (87.0) 130 (13.0) 1000 1000 IE 837 (83.7) 163 (16.3) 1000 1000 IT 983 (92.7) 77 (7.3) 1060 1060 LU 245 (81.7) 55 (18.3) 300 300 NL 846 (83.3) 169 (16.7) 1015 1015 N Sum 8006 1740 9746 N Valid Sum 8006 1740 9746 printed 27.02.2012 page 32 Eurobarometer 21 - March-April 1984,GESIS Variable Report,57,ZA1320
v31,v31 0 1 N Sum N Valid Sum,Q147 CONCERNED: BUSINESSES COLLAPSE,isocntry BE 557 (54.7) 461 (45.3) 1018 1018 DE 870 (87.7) 122 (12.3) 992 992 DK 772 (77.5) 224 (22.5) 996 996 FR 567 (56.2) 442 (43.8) 1009 1009 GB-GBN 713 (68.4) 329 (31.6) 1042 1042 GB-NIR 206 (65.6) 108 (34.4) 314 314 GR 907 (90.7) 93 (9.3) 1000 1000 IE 519 (51.9) 481 (48.1) 1000 1000 IT 777 (73.3) 283 (26.7) 1060 1060 LU 220 (73.3) 80 (26.7) 300 300 NL 792 (78.0) 224 (22.0) 1016 1016 N Sum 6900 2847 9747 N Valid Sum 6900 2847 9747 printed 27.02.2012 page 33 Eurobarometer 21 - March-April 1984,isocntry BE 557 (54.7) 461 (45.3) 1018 1018 DE 870 (87.7) 122 (12.3) 992 992 DK 772 (77.5) 224 (22.5) 996 996 FR 567 (56.2) 442 (43.8) 1009 1009 GB-GBN 713 (68.4) 329 (31.6) 1042 1042 GB-NIR 206 (65.6) 108 (34.4) 314 314 GR 907 (90.7) 93 (9.3) 1000 1000 IE 519 (51.9) 481 (48.1) 1000 1000 IT 777 (73.3) 283 (26.7) 1060 1060 LU 220 (73.3) 80 (26.7) 300 300 NL 792 (78.0) 224 (22.0) 1016 1016 N Sum 6900 2847 9747 N Valid Sum 6900 2847 9747 printed 27.02.2012 page 33 Eurobarometer 21 - March-April 1984,GESIS Variable Report,58,ZA1320
v32,v32 0 1 N Sum N Valid Sum,Q147 CONCERNED: POPULATION INCREASE,isocntry BE 822 (80.7) 196 (19.3) 1018 1018 DE 846 (85.3) 146 (14.7) 992 992 DK 794 (79.7) 202 (20.3) 996 996 FR 835 (82.8) 174 (17.2) 1009 1009 GB-GBN 763 (73.2) 279 (26.8) 1042 1042 GB-NIR 254 (80.9) 60 (19.1) 314 314 GR 929 (92.9) 71 (7.1) 1000 1000 IE 788 (78.8) 212 (21.2) 1000 1000 IT 1036 (97.7) 24 (2.3) 1060 1060 LU 202 (67.3) 98 (32.7) 300 300 NL 813 (80.1) 202 (19.9) 1015 1015 N Sum 8082 1664 9746 N Valid Sum 8082 1664 9746 printed 27.02.2012 page 34 Eurobarometer 21 - March-April 1984,isocntry BE 822 (80.7) 196 (19.3) 1018 1018 DE 846 (85.3) 146 (14.7) 992 992 DK 794 (79.7) 202 (20.3) 996 996 FR 835 (82.8) 174 (17.2) 1009 1009 GB-GBN 763 (73.2) 279 (26.8) 1042 1042 GB-NIR 254 (80.9) 60 (19.1) 314 314 GR 929 (92.9) 71 (7.1) 1000 1000 IE 788 (78.8) 212 (21.2) 1000 1000 IT 1036 (97.7) 24 (2.3) 1060 1060 LU 202 (67.3) 98 (32.7) 300 300 NL 813 (80.1) 202 (19.9) 1015 1015 N Sum 8082 1664 9746 N Valid Sum 8082 1664 9746 printed 27.02.2012 page 34 Eurobarometer 21 - March-April 1984,GESIS Variable Report,59,ZA1320
v33,v33 0 1 N Sum N Valid Sum,Q147 CONCERNED: UNEMPLOYED YOUNG,isocntry BE 217 (21.3) 801 (78.7) 1018 1018 DE 601 (60.6) 391 (39.4) 992 992 DK 337 (33.8) 659 (66.2) 996 996 FR 252 (25.0) 757 (75.0) 1009 1009 GB-GBN 259 (24.9) 783 (75.1) 1042 1042 GB-NIR 63 (20.1) 251 (79.9) 314 314 GR 417 (41.7) 583 (58.3) 1000 1000 IE 162 (16.2) 838 (83.8) 1000 1000 IT 332 (31.3) 728 (68.7) 1060 1060 LU 65 (21.7) 235 (78.3) 300 300 NL 261 (25.7) 755 (74.3) 1016 1016 N Sum 2966 6781 9747 N Valid Sum 2966 6781 9747 printed 27.02.2012 page 35 Eurobarometer 21 - March-April 1984,isocntry BE 217 (21.3) 801 (78.7) 1018 1018 DE 601 (60.6) 391 (39.4) 992 992 DK 337 (33.8) 659 (66.2) 996 996 FR 252 (25.0) 757 (75.0) 1009 1009 GB-GBN 259 (24.9) 783 (75.1) 1042 1042 GB-NIR 63 (20.1) 251 (79.9) 314 314 GR 417 (41.7) 583 (58.3) 1000 1000 IE 162 (16.2) 838 (83.8) 1000 1000 IT 332 (31.3) 728 (68.7) 1060 1060 LU 65 (21.7) 235 (78.3) 300 300 NL 261 (25.7) 755 (74.3) 1016 1016 N Sum 2966 6781 9747 N Valid Sum 2966 6781 9747 printed 27.02.2012 page 35 Eurobarometer 21 - March-April 1984,GESIS Variable Report,60,ZA1320
v34,v34 0 1 N Sum N Valid Sum,Q147 CONCERNED: INTERNATIONAL TENSIONS,isocntry BE 645 (63.4) 373 (36.6) 1018 1018 DE 788 (79.4) 204 (20.6) 992 992 DK 551 (55.3) 445 (44.7) 996 996 FR 657 (65.1) 352 (34.9) 1009 1009 GB-GBN 661 (63.4) 381 (36.6) 1042 1042 GB-NIR 242 (77.1) 72 (22.9) 314 314 GR 661 (66.1) 339 (33.9) 1000 1000 IE 693 (69.3) 307 (30.7) 1000 1000 IT 761 (71.8) 299 (28.2) 1060 1060 LU 158 (52.7) 142 (47.3) 300 300 NL 622 (61.3) 393 (38.7) 1015 1015 N Sum 6439 3307 9746 N Valid Sum 6439 3307 9746 printed 27.02.2012 page 36 Eurobarometer 21 - March-April 1984,isocntry BE 645 (63.4) 373 (36.6) 1018 1018 DE 788 (79.4) 204 (20.6) 992 992 DK 551 (55.3) 445 (44.7) 996 996 FR 657 (65.1) 352 (34.9) 1009 1009 GB-GBN 661 (63.4) 381 (36.6) 1042 1042 GB-NIR 242 (77.1) 72 (22.9) 314 314 GR 661 (66.1) 339 (33.9) 1000 1000 IE 693 (69.3) 307 (30.7) 1000 1000 IT 761 (71.8) 299 (28.2) 1060 1060 LU 158 (52.7) 142 (47.3) 300 300 NL 622 (61.3) 393 (38.7) 1015 1015 N Sum 6439 3307 9746 N Valid Sum 6439 3307 9746 printed 27.02.2012 page 36 Eurobarometer 21 - March-April 1984,GESIS Variable Report,61,ZA1320
v35,v35 0 1 N Sum N Valid Sum,Q147 CONCERNED: JOB LOSSES,isocntry BE 571 (56.1) 447 (43.9) 1018 1018 DE 758 (76.4) 234 (23.6) 992 992 DK 800 (80.3) 196 (19.7) 996 996 FR 561 (55.6) 448 (44.4) 1009 1009 GB-GBN 454 (43.6) 588 (56.4) 1042 1042 GB-NIR 128 (40.8) 186 (59.2) 314 314 GR 865 (86.5) 135 (13.5) 1000 1000 IE 348 (34.8) 652 (65.2) 1000 1000 IT 537 (50.7) 523 (49.3) 1060 1060 LU 202 (67.3) 98 (32.7) 300 300 NL 617 (60.8) 398 (39.2) 1015 1015 N Sum 5841 3905 9746 N Valid Sum 5841 3905 9746 printed 27.02.2012 page 37 Eurobarometer 21 - March-April 1984,isocntry BE 571 (56.1) 447 (43.9) 1018 1018 DE 758 (76.4) 234 (23.6) 992 992 DK 800 (80.3) 196 (19.7) 996 996 FR 561 (55.6) 448 (44.4) 1009 1009 GB-GBN 454 (43.6) 588 (56.4) 1042 1042 GB-NIR 128 (40.8) 186 (59.2) 314 314 GR 865 (86.5) 135 (13.5) 1000 1000 IE 348 (34.8) 652 (65.2) 1000 1000 IT 537 (50.7) 523 (49.3) 1060 1060 LU 202 (67.3) 98 (32.7) 300 300 NL 617 (60.8) 398 (39.2) 1015 1015 N Sum 5841 3905 9746 N Valid Sum 5841 3905 9746 printed 27.02.2012 page 37 Eurobarometer 21 - March-April 1984,GESIS Variable Report,62,ZA1320
v36,v36 0 1 N Sum N Valid Sum,Q147 CONCERNED: LIVING STANDARD,isocntry BE 579 (56.9) 439 (43.1) 1018 1018 DE 908 (91.5) 84 (8.5) 992 992 DK 920 (92.4) 76 (7.6) 996 996 FR 679 (67.3) 330 (32.7) 1009 1009 GB-GBN 735 (70.5) 307 (29.5) 1042 1042 GB-NIR 233 (74.2) 81 (25.8) 314 314 GR 881 (88.1) 119 (11.9) 1000 1000 IE 664 (66.4) 336 (33.6) 1000 1000 IT 952 (89.8) 108 (10.2) 1060 1060 LU 175 (58.3) 125 (41.7) 300 300 NL 842 (83.0) 173 (17.0) 1015 1015 N Sum 7568 2178 9746 N Valid Sum 7568 2178 9746 printed 27.02.2012 page 38 Eurobarometer 21 - March-April 1984,isocntry BE 579 (56.9) 439 (43.1) 1018 1018 DE 908 (91.5) 84 (8.5) 992 992 DK 920 (92.4) 76 (7.6) 996 996 FR 679 (67.3) 330 (32.7) 1009 1009 GB-GBN 735 (70.5) 307 (29.5) 1042 1042 GB-NIR 233 (74.2) 81 (25.8) 314 314 GR 881 (88.1) 119 (11.9) 1000 1000 IE 664 (66.4) 336 (33.6) 1000 1000 IT 952 (89.8) 108 (10.2) 1060 1060 LU 175 (58.3) 125 (41.7) 300 300 NL 842 (83.0) 173 (17.0) 1015 1015 N Sum 7568 2178 9746 N Valid Sum 7568 2178 9746 printed 27.02.2012 page 38 Eurobarometer 21 - March-April 1984,GESIS Variable Report,63,ZA1320
v37,v37 0 1 N Sum N Valid Sum,Q147 CONCERNED: ENVIRONMENT POLLUTION,isocntry BE 659 (64.7) 359 (35.3) 1018 1018 DE 688 (69.4) 304 (30.6) 992 992 DK 996 (100.0) 996 996 FR 712 (70.6) 297 (29.4) 1009 1009 GB-GBN 589 (56.5) 453 (43.5) 1042 1042 GB-NIR 234 (74.5) 80 (25.5) 314 314 GR 769 (76.9) 231 (23.1) 1000 1000 IE 629 (62.9) 371 (37.1) 1000 1000 IT 734 (69.2) 326 (30.8) 1060 1060 LU 93 (31.0) 207 (69.0) 300 300 NL 462 (45.5) 553 (54.5) 1015 1015 N Sum 6565 3181 9746 N Valid Sum 6565 3181 9746 printed 27.02.2012 page 39 Eurobarometer 21 - March-April 1984,isocntry BE 659 (64.7) 359 (35.3) 1018 1018 DE 688 (69.4) 304 (30.6) 992 992 DK 996 (100.0) 996 996 FR 712 (70.6) 297 (29.4) 1009 1009 GB-GBN 589 (56.5) 453 (43.5) 1042 1042 GB-NIR 234 (74.5) 80 (25.5) 314 314 GR 769 (76.9) 231 (23.1) 1000 1000 IE 629 (62.9) 371 (37.1) 1000 1000 IT 734 (69.2) 326 (30.8) 1060 1060 LU 93 (31.0) 207 (69.0) 300 300 NL 462 (45.5) 553 (54.5) 1015 1015 N Sum 6565 3181 9746 N Valid Sum 6565 3181 9746 printed 27.02.2012 page 39 Eurobarometer 21 - March-April 1984,GESIS Variable Report,64,ZA1320
v38,v38 0 1 N Sum N Valid Sum,Q147 CONCERNED: CRIME/TERRORISM,isocntry BE 515 (50.6) 503 (49.4) 1018 1018 DE 580 (58.5) 412 (41.5) 992 992 DK 369 (37.0) 627 (63.0) 996 996 FR 440 (43.6) 569 (56.4) 1009 1009 GB-GBN 322 (30.9) 720 (69.1) 1042 1042 GB-NIR 79 (25.2) 235 (74.8) 314 314 GR 502 (50.2) 498 (49.8) 1000 1000 IE 235 (23.5) 765 (76.5) 1000 1000 IT 426 (40.2) 634 (59.8) 1060 1060 LU 97 (32.3) 203 (67.7) 300 300 NL 359 (35.4) 656 (64.6) 1015 1015 N Sum 3924 5822 9746 N Valid Sum 3924 5822 9746 printed 27.02.2012 page 40 Eurobarometer 21 - March-April 1984,isocntry BE 515 (50.6) 503 (49.4) 1018 1018 DE 580 (58.5) 412 (41.5) 992 992 DK 369 (37.0) 627 (63.0) 996 996 FR 440 (43.6) 569 (56.4) 1009 1009 GB-GBN 322 (30.9) 720 (69.1) 1042 1042 GB-NIR 79 (25.2) 235 (74.8) 314 314 GR 502 (50.2) 498 (49.8) 1000 1000 IE 235 (23.5) 765 (76.5) 1000 1000 IT 426 (40.2) 634 (59.8) 1060 1060 LU 97 (32.3) 203 (67.7) 300 300 NL 359 (35.4) 656 (64.6) 1015 1015 N Sum 3924 5822 9746 N Valid Sum 3924 5822 9746 printed 27.02.2012 page 40 Eurobarometer 21 - March-April 1984,GESIS Variable Report,65,ZA1320
v39,v39 0 1 2 3 N Sum N Valid Sum,Q148 EUROP UNIFICATION - FUTURE EFFECT,isocntry M BE 138 263 (29.9) 224 (25.5) 393 (44.7) 1018 880 DE 197 347 (43.7) 85 (10.7) 362 (45.6) 991 794 DK 299 166 (23.9) 211 (30.3) 319 (45.8) 995 696 FR 190 388 (47.4) 82 (10.0) 349 (42.6) 1009 819 GB-GBN 148 334 (37.4) 122 (13.6) 438 (49.0) 1042 894 GB-NIR 90 64 (28.6) 34 (15.2) 126 (56.3) 314 224 GR 276 495 (68.4) 110 (15.2) 119 (16.4) 1000 724 IE 253 356 (47.7) 97 (13.0) 294 (39.4) 1000 747 IT 203 614 (71.6) 53 (6.2) 190 (22.2) 1060 857 LU 40 95 (36.5) 29 (11.2) 136 (52.3) 300 260 NL 136 278 (31.6) 158 (18.0) 443 (50.4) 1015 879 N Sum 1970 3400 1205 3169 9744 N Valid Sum 3400 1205 3169 7774 printed 27.02.2012 page 41 Eurobarometer 21 - March-April 1984,isocntry M BE 138 263 (29.9) 224 (25.5) 393 (44.7) 1018 880 DE 197 347 (43.7) 85 (10.7) 362 (45.6) 991 794 DK 299 166 (23.9) 211 (30.3) 319 (45.8) 995 696 FR 190 388 (47.4) 82 (10.0) 349 (42.6) 1009 819 GB-GBN 148 334 (37.4) 122 (13.6) 438 (49.0) 1042 894 GB-NIR 90 64 (28.6) 34 (15.2) 126 (56.3) 314 224 GR 276 495 (68.4) 110 (15.2) 119 (16.4) 1000 724 IE 253 356 (47.7) 97 (13.0) 294 (39.4) 1000 747 IT 203 614 (71.6) 53 (6.2) 190 (22.2) 1060 857 LU 40 95 (36.5) 29 (11.2) 136 (52.3) 300 260 NL 136 278 (31.6) 158 (18.0) 443 (50.4) 1015 879 N Sum 1970 3400 1205 3169 9744 N Valid Sum 3400 1205 3169 7774 printed 27.02.2012 page 41 Eurobarometer 21 - March-April 1984,GESIS Variable Report,66,ZA1320
v40,v40 0 1 2 3 N Sum N Valid Sum,Q149 PACIFIST IDEAS - GOOD/BAD,isocntry M BE 133 423 (47.8) 157 (17.7) 305 (34.5) 1018 885 DE 213 171 (22.0) 254 (32.6) 354 (45.4) 992 779 DK 196 376 (47.0) 155 (19.4) 269 (33.6) 996 800 FR 157 318 (37.3) 154 (18.1) 380 (44.6) 1009 852 GB-GBN 141 138 (15.3) 292 (32.4) 471 (52.3) 1042 901 GB-NIR 71 25 (10.3) 56 (23.0) 162 (66.7) 314 243 GR 148 748 (87.8) 15 (1.8) 89 (10.4) 1000 852 IE 260 318 (43.0) 118 (15.9) 304 (41.1) 1000 740 IT 142 477 (52.0) 69 (7.5) 372 (40.5) 1060 918 LU 57 79 (32.5) 27 (11.1) 137 (56.4) 300 243 NL 152 264 (30.6) 338 (39.1) 262 (30.3) 1016 864 N Sum 1670 3337 1635 3105 9747 N Valid Sum 3337 1635 3105 8077 printed 27.02.2012 page 42 Eurobarometer 21 - March-April 1984,isocntry M BE 133 423 (47.8) 157 (17.7) 305 (34.5) 1018 885 DE 213 171 (22.0) 254 (32.6) 354 (45.4) 992 779 DK 196 376 (47.0) 155 (19.4) 269 (33.6) 996 800 FR 157 318 (37.3) 154 (18.1) 380 (44.6) 1009 852 GB-GBN 141 138 (15.3) 292 (32.4) 471 (52.3) 1042 901 GB-NIR 71 25 (10.3) 56 (23.0) 162 (66.7) 314 243 GR 148 748 (87.8) 15 (1.8) 89 (10.4) 1000 852 IE 260 318 (43.0) 118 (15.9) 304 (41.1) 1000 740 IT 142 477 (52.0) 69 (7.5) 372 (40.5) 1060 918 LU 57 79 (32.5) 27 (11.1) 137 (56.4) 300 243 NL 152 264 (30.6) 338 (39.1) 262 (30.3) 1016 864 N Sum 1670 3337 1635 3105 9747 N Valid Sum 3337 1635 3105 8077 printed 27.02.2012 page 42 Eurobarometer 21 - March-April 1984,GESIS Variable Report,67,ZA1320
v41,v41 0 1 2 N Sum N Valid Sum,Q150 ECOLOGICAL IDEAS - REAL EFFECT,isocntry M BE 165 510 (59.8) 343 (40.2) 1018 853 DE 200 518 (65.4) 274 (34.6) 992 792 DK 180 669 (82.0) 147 (18.0) 996 816 FR 113 532 (59.4) 364 (40.6) 1009 896 GB-GBN 131 576 (63.2) 335 (36.8) 1042 911 GB-NIR 77 103 (43.5) 134 (56.5) 314 237 GR 228 671 (86.9) 101 (13.1) 1000 772 IE 329 425 (63.3) 246 (36.7) 1000 671 IT 217 655 (77.7) 188 (22.3) 1060 843 LU 20 228 (81.4) 52 (18.6) 300 280 NL 91 715 (77.4) 209 (22.6) 1015 924 N Sum 1751 5602 2393 9746 N Valid Sum 5602 2393 7995 printed 27.02.2012 page 43 Eurobarometer 21 - March-April 1984,isocntry M BE 165 510 (59.8) 343 (40.2) 1018 853 DE 200 518 (65.4) 274 (34.6) 992 792 DK 180 669 (82.0) 147 (18.0) 996 816 FR 113 532 (59.4) 364 (40.6) 1009 896 GB-GBN 131 576 (63.2) 335 (36.8) 1042 911 GB-NIR 77 103 (43.5) 134 (56.5) 314 237 GR 228 671 (86.9) 101 (13.1) 1000 772 IE 329 425 (63.3) 246 (36.7) 1000 671 IT 217 655 (77.7) 188 (22.3) 1060 843 LU 20 228 (81.4) 52 (18.6) 300 280 NL 91 715 (77.4) 209 (22.6) 1015 924 N Sum 1751 5602 2393 9746 N Valid Sum 5602 2393 7995 printed 27.02.2012 page 43 Eurobarometer 21 - March-April 1984,GESIS Variable Report,68,ZA1320
v42,,Q151 ECONOMIC SITUATION - LAST YEAR,,Q151 ECONOMIC SITUATION - LAST YEAR,GESIS Variable Report,69,ZA1320
v43,v43 0 1 2 3 4 5 9 N Sum N Valid Sum,Q152 FINANCIAL SITUATION - LAST YEAR,isocntry M M BE 1018 1018 DE 21 16 (1.6) 125 (12.9) 611 (62.9) 184 (18.9) 35 (3.6) 992 971 DK 996 996 FR 31 18 (1.8) 59 (6.0) 382 (39.1) 351 (35.9) 168 (17.2) 1009 978 GB-GBN 12 56 (5.4) 201 (19.5) 444 (43.1) 183 (17.7) 147 (14.3) 1043 1031 GB-NIR 314 314 GR 1000 1000 IE 1000 1000 IT 18 13 (1.2) 135 (13.0) 595 (57.1) 234 (22.5) 65 (6.2) 1060 1042 LU 300 300 NL 1015 1015 N Sum 82 103 520 2032 952 415 5643 9747 N Valid Sum 103 520 2032 952 415 4022 printed 27.02.2012 page 45 Eurobarometer 21 - March-April 1984,isocntry M M BE 1018 1018 DE 21 16 (1.6) 125 (12.9) 611 (62.9) 184 (18.9) 35 (3.6) 992 971 DK 996 996 FR 31 18 (1.8) 59 (6.0) 382 (39.1) 351 (35.9) 168 (17.2) 1009 978 GB-GBN 12 56 (5.4) 201 (19.5) 444 (43.1) 183 (17.7) 147 (14.3) 1043 1031 GB-NIR 314 314 GR 1000 1000 IE 1000 1000 IT 18 13 (1.2) 135 (13.0) 595 (57.1) 234 (22.5) 65 (6.2) 1060 1042 LU 300 300 NL 1015 1015 N Sum 82 103 520 2032 952 415 5643 9747 N Valid Sum 103 520 2032 952 415 4022 printed 27.02.2012 page 45 Eurobarometer 21 - March-April 1984,GESIS Variable Report,70,ZA1320
v44,,Q153 FREEDOM OF CHOICE IN OWN LIFE,,Q153 FREEDOM OF CHOICE IN OWN LIFE,GESIS Variable Report,71,ZA1320
v45,v45 0 1 2 3 9 N Sum N Valid Sum,Q154 INCOME EVOLUTION LAST YEAR,isocntry M M BE 1018 1018 DE 59 55 (5.9) 363 (38.9) 514 (55.2) 991 932 DK 996 996 FR 35 35 (3.6) 652 (66.9) 287 (29.5) 1009 974 GB-GBN 26 153 (15.1) 454 (44.7) 409 (40.3) 1042 1016 GB-NIR 314 314 GR 1000 1000 IE 1000 1000 IT 41 50 (4.9) 517 (50.7) 452 (44.4) 1060 1019 LU 300 300 NL 1015 1015 N Sum 161 293 1986 1662 5643 9745 N Valid Sum 293 1986 1662 3941 printed 27.02.2012 page 48 Eurobarometer 21 - March-April 1984,isocntry M M BE 1018 1018 DE 59 55 (5.9) 363 (38.9) 514 (55.2) 991 932 DK 996 996 FR 35 35 (3.6) 652 (66.9) 287 (29.5) 1009 974 GB-GBN 26 153 (15.1) 454 (44.7) 409 (40.3) 1042 1016 GB-NIR 314 314 GR 1000 1000 IE 1000 1000 IT 41 50 (4.9) 517 (50.7) 452 (44.4) 1060 1019 LU 300 300 NL 1015 1015 N Sum 161 293 1986 1662 5643 9745 N Valid Sum 293 1986 1662 3941 printed 27.02.2012 page 48 Eurobarometer 21 - March-April 1984,GESIS Variable Report,73,ZA1320
v46,v46 0 1 2 3 9 N Sum N Valid Sum,Q155 FEAR OF UNEMPLOYMENT LAST YEAR,isocntry M M BE 1018 1018 DE 88 119 (13.2) 245 (27.1) 540 (59.7) 992 904 DK 996 996 FR 85 237 (25.7) 143 (15.5) 543 (58.8) 1008 923 GB-GBN 20 288 (28.2) 163 (15.9) 571 (55.9) 1042 1022 GB-NIR 314 314 GR 1000 1000 IE 1000 1000 IT 58 166 (16.6) 202 (20.2) 634 (63.3) 1060 1002 LU 300 300 NL 1015 1015 N Sum 251 810 753 2288 5643 9745 N Valid Sum 810 753 2288 3851 printed 27.02.2012 page 49 Eurobarometer 21 - March-April 1984,isocntry M M BE 1018 1018 DE 88 119 (13.2) 245 (27.1) 540 (59.7) 992 904 DK 996 996 FR 85 237 (25.7) 143 (15.5) 543 (58.8) 1008 923 GB-GBN 20 288 (28.2) 163 (15.9) 571 (55.9) 1042 1022 GB-NIR 314 314 GR 1000 1000 IE 1000 1000 IT 58 166 (16.6) 202 (20.2) 634 (63.3) 1060 1002 LU 300 300 NL 1015 1015 N Sum 251 810 753 2288 5643 9745 N Valid Sum 810 753 2288 3851 printed 27.02.2012 page 49 Eurobarometer 21 - March-April 1984,GESIS Variable Report,74,ZA1320
v47,v47 0 1 2 3 9 N Sum N Valid Sum,Q156 UNEMPLOYMENT EVOLUTION LAST YEARS,isocntry M M BE 1018 1018 DE 82 421 (46.3) 64 (7.0) 424 (46.6) 991 909 DK 996 996 FR 50 726 (75.6) 12 (1.3) 222 (23.1) 1010 960 GB-GBN 131 362 (39.7) 103 (11.3) 446 (49.0) 1042 911 GB-NIR 314 314 GR 1000 1000 IE 1000 1000 IT 74 518 (52.5) 57 (5.8) 411 (41.7) 1060 986 LU 300 300 NL 1015 1015 N Sum 337 2027 236 1503 5643 9746 N Valid Sum 2027 236 1503 3766 printed 27.02.2012 page 50 Eurobarometer 21 - March-April 1984,isocntry M M BE 1018 1018 DE 82 421 (46.3) 64 (7.0) 424 (46.6) 991 909 DK 996 996 FR 50 726 (75.6) 12 (1.3) 222 (23.1) 1010 960 GB-GBN 131 362 (39.7) 103 (11.3) 446 (49.0) 1042 911 GB-NIR 314 314 GR 1000 1000 IE 1000 1000 IT 74 518 (52.5) 57 (5.8) 411 (41.7) 1060 986 LU 300 300 NL 1015 1015 N Sum 337 2027 236 1503 5643 9746 N Valid Sum 2027 236 1503 3766 printed 27.02.2012 page 50 Eurobarometer 21 - March-April 1984,GESIS Variable Report,75,ZA1320
v48,v48 0 1 2 3 9 N Sum N Valid Sum,Q157 FINANCIAL SITUATION LAST Y - GROUP,isocntry M M BE 1018 1018 DE 94 54 (6.0) 317 (35.3) 527 (58.7) 992 898 DK 996 996 FR 67 24 (2.5) 468 (49.7) 450 (47.8) 1009 942 GB-GBN 33 108 (10.7) 349 (34.6) 551 (54.7) 1041 1008 GB-NIR 314 314 GR 1000 1000 IE 1000 1000 IT 72 56 (5.7) 247 (25.0) 685 (69.3) 1060 988 LU 300 300 NL 1015 1015 N Sum 266 242 1381 2213 5643 9745 N Valid Sum 242 1381 2213 3836 printed 27.02.2012 page 51 Eurobarometer 21 - March-April 1984,isocntry M M BE 1018 1018 DE 94 54 (6.0) 317 (35.3) 527 (58.7) 992 898 DK 996 996 FR 67 24 (2.5) 468 (49.7) 450 (47.8) 1009 942 GB-GBN 33 108 (10.7) 349 (34.6) 551 (54.7) 1041 1008 GB-NIR 314 314 GR 1000 1000 IE 1000 1000 IT 72 56 (5.7) 247 (25.0) 685 (69.3) 1060 988 LU 300 300 NL 1015 1015 N Sum 266 242 1381 2213 5643 9745 N Valid Sum 242 1381 2213 3836 printed 27.02.2012 page 51 Eurobarometer 21 - March-April 1984,GESIS Variable Report,76,ZA1320
v49,,Q158 GOVERNMENT EFFECT: ECONOMIC SIT,,Q158 GOVERNMENT EFFECT: ECONOMIC SIT,GESIS Variable Report,77,ZA1320
v50,,Q158 GOVERNMENT EFFECT: UNEMPLOYMENT,,Q158 GOVERNMENT EFFECT: UNEMPLOYMENT,GESIS Variable Report,78,ZA1320
v51,,Q158 GOVERNMENT EFFECT: PRICES,,Q158 GOVERNMENT EFFECT: PRICES,GESIS Variable Report,79,ZA1320
v52,,Q158 GOVERNMENT EFFECT: JOB PROSPECTS,,Q158 GOVERNMENT EFFECT: JOB PROSPECTS,GESIS Variable Report,80,ZA1320
v53,,Q158 GOVERNMENT EFFECT: FINANCIAL SIT,,Q158 GOVERNMENT EFFECT: FINANCIAL SIT,GESIS Variable Report,81,ZA1320
v54,v54 0 1 2 3 9 N Sum N Valid Sum,Q158 GOVERNMENT FUTURE EFF: ECONOM SIT,isocntry M M BE 1018 1018 DE 66 216 (23.3) 132 (14.3) 578 (62.4) 992 926 DK 996 996 FR 112 147 (16.4) 244 (27.2) 505 (56.4) 1008 896 GB-GBN 71 292 (30.1) 256 (26.4) 423 (43.6) 1042 971 GB-NIR 314 314 GR 1000 1000 IE 1000 1000 IT 145 296 (32.3) 201 (22.0) 418 (45.7) 1060 915 LU 300 300 NL 1015 1015 N Sum 394 951 833 1924 5643 9745 N Valid Sum 951 833 1924 3708 printed 27.02.2012 page 57 Eurobarometer 21 - March-April 1984,isocntry M M BE 1018 1018 DE 66 216 (23.3) 132 (14.3) 578 (62.4) 992 926 DK 996 996 FR 112 147 (16.4) 244 (27.2) 505 (56.4) 1008 896 GB-GBN 71 292 (30.1) 256 (26.4) 423 (43.6) 1042 971 GB-NIR 314 314 GR 1000 1000 IE 1000 1000 IT 145 296 (32.3) 201 (22.0) 418 (45.7) 1060 915 LU 300 300 NL 1015 1015 N Sum 394 951 833 1924 5643 9745 N Valid Sum 951 833 1924 3708 printed 27.02.2012 page 57 Eurobarometer 21 - March-April 1984,GESIS Variable Report,82,ZA1320
v55,,Q164 GOVERNMENT ECONOMIC POL - ANGER,,Q164 GOVERNMENT ECONOMIC POL - ANGER,GESIS Variable Report,83,ZA1320
v56,,Q165 PARTY COMP ECONOMIC POL - BEST 1ST,,Q165 PARTY COMP ECONOMIC POL - BEST 1ST,GESIS Variable Report,84,ZA1320
v57,,Q165 PARTY COMP ECONOMIC POL - BEST 2ND,,Q165 PARTY COMP ECONOMIC POL - BEST 2ND,GESIS Variable Report,87,ZA1320
v58,,Q165_GER PARTY COMP ECONOMIC POL: CDU-CSU,,Q165_GER PARTY COMP ECONOMIC POL: CDU-CSU,GESIS Variable Report,90,ZA1320
v59,,Q165_GER PARTY COMP ECONOMIC POL: SPD,,Q165_GER PARTY COMP ECONOMIC POL: SPD,GESIS Variable Report,91,ZA1320
v60,,Q165_GER PARTY COMP ECONOMIC POL: FDP,,Q165_GER PARTY COMP ECONOMIC POL: FDP,GESIS Variable Report,92,ZA1320
v61,,Q165_GER PARTY COMP ECONOMIC POL: NPD,,Q165_GER PARTY COMP ECONOMIC POL: NPD,GESIS Variable Report,93,ZA1320
v62,,Q165_GER PARTY COMP ECONOMIC POL: DKP,,Q165_GER PARTY COMP ECONOMIC POL: DKP,GESIS Variable Report,94,ZA1320
v63,,Q165_GER PARTY COMP ECONOMIC POL: GRUENE,,Q165_GER PARTY COMP ECONOMIC POL: GRUENE,GESIS Variable Report,95,ZA1320
v64,,Q165_GER PARTY COMP ECONOMIC POL: OTHERS,,Q165_GER PARTY COMP ECONOMIC POL: OTHERS,GESIS Variable Report,96,ZA1320
v65,,Q165_GER PARTY COMP ECONOMIC POL: NONE,,Q165_GER PARTY COMP ECONOMIC POL: NONE,GESIS Variable Report,97,ZA1320
v66,,Q165_FRA PARTY COMP ECONOMIC POL: PCF,,Q165_FRA PARTY COMP ECONOMIC POL: PCF,GESIS Variable Report,98,ZA1320
v67,,Q165_FRA PARTY COMP ECONOMIC POL: PS,,Q165_FRA PARTY COMP ECONOMIC POL: PS,GESIS Variable Report,99,ZA1320
v68,,Q165_FRA PARTY COMP ECONOMIC POL: MRG,,Q165_FRA PARTY COMP ECONOMIC POL: MRG,GESIS Variable Report,100,ZA1320
v69,,Q165_FRA PARTY COMP ECONOMIC POL: PSU,,Q165_FRA PARTY COMP ECONOMIC POL: PSU,GESIS Variable Report,101,ZA1320
v70,,Q165_FRA PARTY COMP ECONOMIC POL: ECOLOG,,Q165_FRA PARTY COMP ECONOMIC POL: ECOLOG,GESIS Variable Report,102,ZA1320
v71,,Q165_FRA PARTY COMP ECONOMIC POL: PR-UDF,,Q165_FRA PARTY COMP ECONOMIC POL: PR-UDF,GESIS Variable Report,103,ZA1320
v72,,Q165_FRA PARTY COMP ECONOMIC POL: CDC-UDF,,Q165_FRA PARTY COMP ECONOMIC POL: CDC-UDF,GESIS Variable Report,104,ZA1320
v73,,Q165_FRA PARTY COMP ECONOMIC POL: RAD-UDF,,Q165_FRA PARTY COMP ECONOMIC POL: RAD-UDF,GESIS Variable Report,105,ZA1320
v74,,Q165_FRA PARTY COMP ECONOMIC POL: RPR,,Q165_FRA PARTY COMP ECONOMIC POL: RPR,GESIS Variable Report,106,ZA1320
v75,,Q165_FRA PARTY COMP ECONOMIC POL: OTHERS,,Q165_FRA PARTY COMP ECONOMIC POL: OTHERS,GESIS Variable Report,107,ZA1320
v76,,Q165_ITA PARTY COMP ECONOMIC POL: PCI,,Q165_ITA PARTY COMP ECONOMIC POL: PCI,GESIS Variable Report,108,ZA1320
v77,,Q165_ITA PARTY COMP ECONOMIC POL: PSI,,Q165_ITA PARTY COMP ECONOMIC POL: PSI,GESIS Variable Report,109,ZA1320
v78,,Q165_ITA PARTY COMP ECONOMIC POL: PSDI,,Q165_ITA PARTY COMP ECONOMIC POL: PSDI,GESIS Variable Report,110,ZA1320
v79,,Q165_ITA PARTY COMP ECONOMIC POL: PRI,,Q165_ITA PARTY COMP ECONOMIC POL: PRI,GESIS Variable Report,111,ZA1320
v80,,Q165_ITA PARTY COMP ECONOMIC POL: DC,,Q165_ITA PARTY COMP ECONOMIC POL: DC,GESIS Variable Report,112,ZA1320
v81,,Q165_ITA PARTY COMP ECONOMIC POL: PLI,,Q165_ITA PARTY COMP ECONOMIC POL: PLI,GESIS Variable Report,113,ZA1320
v82,,Q165_ITA PARTY COMP ECONOMIC POL: MSI,,Q165_ITA PARTY COMP ECONOMIC POL: MSI,GESIS Variable Report,114,ZA1320
v83,,Q165_ITA PARTY COMP ECONOMIC POL: DP,,Q165_ITA PARTY COMP ECONOMIC POL: DP,GESIS Variable Report,115,ZA1320
v84,,Q165_ITA PARTY COMP ECONOMIC POL: NONE,,Q165_ITA PARTY COMP ECONOMIC POL: NONE,GESIS Variable Report,116,ZA1320
v85,,Q165_ITA PARTY COMP ECONOMIC POL: PR,,Q165_ITA PARTY COMP ECONOMIC POL: PR,GESIS Variable Report,117,ZA1320
v86,,Q165_GB PARTY COMP ECONOMIC POL: CONSRV,,Q165_GB PARTY COMP ECONOMIC POL: CONSRV,GESIS Variable Report,118,ZA1320
v87,,Q165_GB PARTY COMP ECONOMIC POL: LABOUR,,Q165_GB PARTY COMP ECONOMIC POL: LABOUR,GESIS Variable Report,119,ZA1320
v88,,Q165_GB PARTY COMP ECONOMIC POL: LIBERL,,Q165_GB PARTY COMP ECONOMIC POL: LIBERL,GESIS Variable Report,120,ZA1320
v89,,Q165_GB PARTY COMP ECONOMIC POL: NATIOL,,Q165_GB PARTY COMP ECONOMIC POL: NATIOL,GESIS Variable Report,121,ZA1320
v90,,Q165_GB PARTY COMP ECONOMIC POL: ECOLOG,,Q165_GB PARTY COMP ECONOMIC POL: ECOLOG,GESIS Variable Report,122,ZA1320
v91,,Q165_GB PARTY COMP ECONOMIC POL: SOCDEM,,Q165_GB PARTY COMP ECONOMIC POL: SOCDEM,GESIS Variable Report,123,ZA1320
v92,,Q165_GB PARTY COMP ECONOMIC POL: OTHERS,,Q165_GB PARTY COMP ECONOMIC POL: OTHERS,GESIS Variable Report,124,ZA1320
v93,,Q165_GB PARTY COMP ECONOMIC POL: NONE,,Q165_GB PARTY COMP ECONOMIC POL: NONE,GESIS Variable Report,125,ZA1320
v94,,Q167 FOREIGN PRODUCTS - BUY EUROP CAR,,Q167 FOREIGN PRODUCTS - BUY EUROP CAR,GESIS Variable Report,126,ZA1320
v95,v95 0 1 2 3 4 N Sum N Valid Sum,Q168 FOREIGN BANKS - BORROW MONEY,isocntry M M BE 1018 1018 DE 11 (1.3) 165 (20.2) 642 (78.5) 175 993 818 DK 996 996 FR 6 (0.6) 128 (13.2) 835 (86.2) 40 1009 969 GB-GBN 11 (1.1) 206 (21.3) 752 (77.6) 74 1043 969 GB-NIR 314 314 GR 1000 1000 IE 1000 1000 IT 7 (0.7) 88 (9.3) 850 (89.9) 115 1060 945 LU 300 300 NL 26 (2.8) 204 (22.3) 685 (74.9) 100 1015 915 N Sum 4628 61 791 3764 504 9748 N Valid Sum 61 791 3764 4616 printed 27.02.2012 page 102 Eurobarometer 21 - March-April 1984,isocntry M M BE 1018 1018 DE 11 (1.3) 165 (20.2) 642 (78.5) 175 993 818 DK 996 996 FR 6 (0.6) 128 (13.2) 835 (86.2) 40 1009 969 GB-GBN 11 (1.1) 206 (21.3) 752 (77.6) 74 1043 969 GB-NIR 314 314 GR 1000 1000 IE 1000 1000 IT 7 (0.7) 88 (9.3) 850 (89.9) 115 1060 945 LU 300 300 NL 26 (2.8) 204 (22.3) 685 (74.9) 100 1015 915 N Sum 4628 61 791 3764 504 9748 N Valid Sum 61 791 3764 4616 printed 27.02.2012 page 102 Eurobarometer 21 - March-April 1984,GESIS Variable Report,127,ZA1320
v96,v96 0 1 2 3 4 N Sum N Valid Sum,Q169 FOREIGN PRODUCTS - SEEK SUPERIOR,isocntry M M BE 1018 1018 DE 193 (23.4) 276 (33.4) 357 (43.2) 167 993 826 DK 996 996 FR 115 (11.8) 135 (13.8) 725 (74.4) 33 1008 975 GB-GBN 118 (12.0) 282 (28.7) 584 (59.3) 59 1043 984 GB-NIR 314 314 GR 1000 1000 IE 1000 1000 IT 97 (10.1) 110 (11.5) 751 (78.4) 102 1060 958 LU 300 300 NL 182 (19.1) 224 (23.5) 548 (57.4) 62 1016 954 N Sum 4628 705 1027 2965 423 9748 N Valid Sum 705 1027 2965 4697 printed 27.02.2012 page 103 Eurobarometer 21 - March-April 1984,isocntry M M BE 1018 1018 DE 193 (23.4) 276 (33.4) 357 (43.2) 167 993 826 DK 996 996 FR 115 (11.8) 135 (13.8) 725 (74.4) 33 1008 975 GB-GBN 118 (12.0) 282 (28.7) 584 (59.3) 59 1043 984 GB-NIR 314 314 GR 1000 1000 IE 1000 1000 IT 97 (10.1) 110 (11.5) 751 (78.4) 102 1060 958 LU 300 300 NL 182 (19.1) 224 (23.5) 548 (57.4) 62 1016 954 N Sum 4628 705 1027 2965 423 9748 N Valid Sum 705 1027 2965 4697 printed 27.02.2012 page 103 Eurobarometer 21 - March-April 1984,GESIS Variable Report,128,ZA1320
v97,v97 0 1 2 3 4 N Sum N Valid Sum,Q170 NATIONAL PRODUCTS - PARTY VOTE EFF,isocntry M M BE 1018 1018 DE 36 (4.8) 241 (32.2) 472 (63.0) 243 992 749 DK 996 996 FR 87 (9.5) 353 (38.5) 478 (52.1) 91 1009 918 GB-GBN 120 (12.5) 509 (53.1) 329 (34.3) 84 1042 958 GB-NIR 314 314 GR 1000 1000 IE 1000 1000 IT 26 (3.0) 425 (49.1) 415 (47.9) 194 1060 866 LU 300 300 NL 19 (2.0) 240 (25.6) 679 (72.4) 77 1015 938 N Sum 4628 288 1768 2373 689 9746 N Valid Sum 288 1768 2373 4429 printed 27.02.2012 page 104 Eurobarometer 21 - March-April 1984,isocntry M M BE 1018 1018 DE 36 (4.8) 241 (32.2) 472 (63.0) 243 992 749 DK 996 996 FR 87 (9.5) 353 (38.5) 478 (52.1) 91 1009 918 GB-GBN 120 (12.5) 509 (53.1) 329 (34.3) 84 1042 958 GB-NIR 314 314 GR 1000 1000 IE 1000 1000 IT 26 (3.0) 425 (49.1) 415 (47.9) 194 1060 866 LU 300 300 NL 19 (2.0) 240 (25.6) 679 (72.4) 77 1015 938 N Sum 4628 288 1768 2373 689 9746 N Valid Sum 288 1768 2373 4429 printed 27.02.2012 page 104 Eurobarometer 21 - March-April 1984,GESIS Variable Report,129,ZA1320
v98,,Q171 FOREIGN ADVERTISING - NEGATIVE VIEW,,Q171 FOREIGN ADVERTISING - NEGATIVE VIEW,GESIS Variable Report,130,ZA1320
v99,v99 0 1 2 3 4 9 N Sum N Valid Sum,Q172 NATIONAL PRIDE,isocntry M M BE 1018 1018 DE 72 188 (20.4) 438 (47.6) 196 (21.3) 98 (10.7) 992 920 DK 996 996 FR 41 379 (39.2) 452 (46.7) 109 (11.3) 28 (2.9) 1009 968 GB-GBN 18 530 (51.8) 397 (38.8) 69 (6.7) 27 (2.6) 1041 1023 GB-NIR 314 314 GR 1000 1000 IE 1000 1000 IT 34 433 (42.2) 468 (45.6) 80 (7.8) 45 (4.4) 1060 1026 LU 300 300 NL 44 370 (38.1) 400 (41.2) 148 (15.2) 54 (5.6) 1016 972 N Sum 209 1900 2155 602 252 4628 9746 N Valid Sum 1900 2155 602 252 4909 printed 27.02.2012 page 106 Eurobarometer 21 - March-April 1984,isocntry M M BE 1018 1018 DE 72 188 (20.4) 438 (47.6) 196 (21.3) 98 (10.7) 992 920 DK 996 996 FR 41 379 (39.2) 452 (46.7) 109 (11.3) 28 (2.9) 1009 968 GB-GBN 18 530 (51.8) 397 (38.8) 69 (6.7) 27 (2.6) 1041 1023 GB-NIR 314 314 GR 1000 1000 IE 1000 1000 IT 34 433 (42.2) 468 (45.6) 80 (7.8) 45 (4.4) 1060 1026 LU 300 300 NL 44 370 (38.1) 400 (41.2) 148 (15.2) 54 (5.6) 1016 972 N Sum 209 1900 2155 602 252 4628 9746 N Valid Sum 1900 2155 602 252 4909 printed 27.02.2012 page 106 Eurobarometer 21 - March-April 1984,GESIS Variable Report,131,ZA1320
v100,v100 0 1 2 3 4 9 N Sum N Valid Sum,Q173 WORK IF HAD ENOUGH MONEY,isocntry M M BE 1018 1018 DE 125 397 (45.7) 304 (35.0) 118 (13.6) 49 (5.6) 993 868 DK 996 996 FR 39 484 (49.9) 214 (22.1) 204 (21.0) 68 (7.0) 1009 970 GB-GBN 23 488 (47.9) 378 (37.1) 119 (11.7) 33 (3.2) 1041 1018 GB-NIR 314 314 GR 1000 1000 IE 1000 1000 IT 30 623 (60.5) 219 (21.3) 138 (13.4) 50 (4.9) 1060 1030 LU 300 300 NL 42 644 (66.2) 152 (15.6) 104 (10.7) 73 (7.5) 1015 973 N Sum 259 2636 1267 683 273 4628 9746 N Valid Sum 2636 1267 683 273 4859 printed 27.02.2012 page 107 Eurobarometer 21 - March-April 1984,isocntry M M BE 1018 1018 DE 125 397 (45.7) 304 (35.0) 118 (13.6) 49 (5.6) 993 868 DK 996 996 FR 39 484 (49.9) 214 (22.1) 204 (21.0) 68 (7.0) 1009 970 GB-GBN 23 488 (47.9) 378 (37.1) 119 (11.7) 33 (3.2) 1041 1018 GB-NIR 314 314 GR 1000 1000 IE 1000 1000 IT 30 623 (60.5) 219 (21.3) 138 (13.4) 50 (4.9) 1060 1030 LU 300 300 NL 42 644 (66.2) 152 (15.6) 104 (10.7) 73 (7.5) 1015 973 N Sum 259 2636 1267 683 273 4628 9746 N Valid Sum 2636 1267 683 273 4859 printed 27.02.2012 page 107 Eurobarometer 21 - March-April 1984,GESIS Variable Report,132,ZA1320
v101,v101 0 1 2 3 N Sum N Valid Sum,Q174 CONSUMER BEHAV ENJOY DECIDE BUYING,isocntry M M BE 1018 1018 DE 654 (67.6) 313 (32.4) 25 992 967 DK 996 996 FR 957 (95.0) 50 (5.0) 3 1010 1007 GB-GBN 771 (75.1) 255 (24.9) 15 1041 1026 GB-NIR 314 314 GR 1000 1000 IE 1000 1000 IT 706 (66.9) 349 (33.1) 5 1060 1055 LU 300 300 NL 988 (97.8) 22 (2.2) 5 1015 1010 N Sum 4628 4076 989 53 9746 N Valid Sum 4076 989 5065 printed 27.02.2012 page 108 Eurobarometer 21 - March-April 1984,isocntry M M BE 1018 1018 DE 654 (67.6) 313 (32.4) 25 992 967 DK 996 996 FR 957 (95.0) 50 (5.0) 3 1010 1007 GB-GBN 771 (75.1) 255 (24.9) 15 1041 1026 GB-NIR 314 314 GR 1000 1000 IE 1000 1000 IT 706 (66.9) 349 (33.1) 5 1060 1055 LU 300 300 NL 988 (97.8) 22 (2.2) 5 1015 1010 N Sum 4628 4076 989 53 9746 N Valid Sum 4076 989 5065 printed 27.02.2012 page 108 Eurobarometer 21 - March-April 1984,GESIS Variable Report,133,ZA1320
v102,v102 0 1 2 3 N Sum N Valid Sum,Q174 CONSUMER BEHAV LIKE NEW PRODUCTS,isocntry M M BE 1018 1018 DE 658 (67.2) 321 (32.8) 12 991 979 DK 996 996 FR 497 (49.6) 506 (50.4) 5 1008 1003 GB-GBN 611 (58.9) 426 (41.1) 6 1043 1037 GB-NIR 314 314 GR 1000 1000 IE 1000 1000 IT 601 (57.0) 453 (43.0) 6 1060 1054 LU 300 300 NL 526 (52.1) 483 (47.9) 7 1016 1009 N Sum 4628 2893 2189 36 9746 N Valid Sum 2893 2189 5082 printed 27.02.2012 page 109 Eurobarometer 21 - March-April 1984,isocntry M M BE 1018 1018 DE 658 (67.2) 321 (32.8) 12 991 979 DK 996 996 FR 497 (49.6) 506 (50.4) 5 1008 1003 GB-GBN 611 (58.9) 426 (41.1) 6 1043 1037 GB-NIR 314 314 GR 1000 1000 IE 1000 1000 IT 601 (57.0) 453 (43.0) 6 1060 1054 LU 300 300 NL 526 (52.1) 483 (47.9) 7 1016 1009 N Sum 4628 2893 2189 36 9746 N Valid Sum 2893 2189 5082 printed 27.02.2012 page 109 Eurobarometer 21 - March-April 1984,GESIS Variable Report,134,ZA1320
v103,v103 0 1 2 3 N Sum N Valid Sum,Q174 CONSUMER BEHAV SPEND F GOOD SERVICE,isocntry M M BE 1018 1018 DE 619 (63.5) 356 (36.5) 17 992 975 DK 996 996 FR 753 (75.1) 250 (24.9) 6 1009 1003 GB-GBN 791 (77.4) 231 (22.6) 20 1042 1022 GB-NIR 314 314 GR 1000 1000 IE 1000 1000 IT 709 (67.1) 347 (32.9) 4 1060 1056 LU 300 300 NL 502 (50.3) 496 (49.7) 17 1015 998 N Sum 4628 3374 1680 64 9746 N Valid Sum 3374 1680 5054 printed 27.02.2012 page 110 Eurobarometer 21 - March-April 1984,isocntry M M BE 1018 1018 DE 619 (63.5) 356 (36.5) 17 992 975 DK 996 996 FR 753 (75.1) 250 (24.9) 6 1009 1003 GB-GBN 791 (77.4) 231 (22.6) 20 1042 1022 GB-NIR 314 314 GR 1000 1000 IE 1000 1000 IT 709 (67.1) 347 (32.9) 4 1060 1056 LU 300 300 NL 502 (50.3) 496 (49.7) 17 1015 998 N Sum 4628 3374 1680 64 9746 N Valid Sum 3374 1680 5054 printed 27.02.2012 page 110 Eurobarometer 21 - March-April 1984,GESIS Variable Report,135,ZA1320
v104,v104 0 1 2 3 N Sum N Valid Sum,Q174 CONSUMER BEHAV JUDGE BY POSSESSION,isocntry M M BE 1018 1018 DE 390 (40.0) 586 (60.0) 16 992 976 DK 996 996 FR 255 (25.6) 743 (74.4) 12 1010 998 GB-GBN 571 (55.5) 457 (44.5) 13 1041 1028 GB-NIR 314 314 GR 1000 1000 IE 1000 1000 IT 400 (37.9) 656 (62.1) 4 1060 1056 LU 300 300 NL 308 (30.8) 692 (69.2) 15 1015 1000 N Sum 4628 1924 3134 60 9746 N Valid Sum 1924 3134 5058 printed 27.02.2012 page 111 Eurobarometer 21 - March-April 1984,isocntry M M BE 1018 1018 DE 390 (40.0) 586 (60.0) 16 992 976 DK 996 996 FR 255 (25.6) 743 (74.4) 12 1010 998 GB-GBN 571 (55.5) 457 (44.5) 13 1041 1028 GB-NIR 314 314 GR 1000 1000 IE 1000 1000 IT 400 (37.9) 656 (62.1) 4 1060 1056 LU 300 300 NL 308 (30.8) 692 (69.2) 15 1015 1000 N Sum 4628 1924 3134 60 9746 N Valid Sum 1924 3134 5058 printed 27.02.2012 page 111 Eurobarometer 21 - March-April 1984,GESIS Variable Report,136,ZA1320
v105,v105 0 1 2 3 N Sum N Valid Sum,Q174 CONSUMER BEHAV SPEND ON MYSELF,isocntry M M BE 1018 1018 DE 806 (83.0) 165 (17.0) 21 992 971 DK 996 996 FR 685 (68.4) 317 (31.6) 7 1009 1002 GB-GBN 787 (76.3) 245 (23.7) 11 1043 1032 GB-NIR 314 314 GR 1000 1000 IE 1000 1000 IT 858 (81.3) 198 (18.8) 4 1060 1056 LU 300 300 NL 808 (80.7) 193 (19.3) 14 1015 1001 N Sum 4628 3944 1118 57 9747 N Valid Sum 3944 1118 5062 printed 27.02.2012 page 112 Eurobarometer 21 - March-April 1984,isocntry M M BE 1018 1018 DE 806 (83.0) 165 (17.0) 21 992 971 DK 996 996 FR 685 (68.4) 317 (31.6) 7 1009 1002 GB-GBN 787 (76.3) 245 (23.7) 11 1043 1032 GB-NIR 314 314 GR 1000 1000 IE 1000 1000 IT 858 (81.3) 198 (18.8) 4 1060 1056 LU 300 300 NL 808 (80.7) 193 (19.3) 14 1015 1001 N Sum 4628 3944 1118 57 9747 N Valid Sum 3944 1118 5062 printed 27.02.2012 page 112 Eurobarometer 21 - March-April 1984,GESIS Variable Report,137,ZA1320
v106,v106 0 1 9 N Sum N Valid Sum,Q176 CONSUMER ABSTINENCE DID NOT NEED,isocntry M BE 1018 1018 DE 723 (72.9) 269 (27.1) 992 992 DK 996 996 FR 734 (72.7) 275 (27.3) 1009 1009 GB-GBN 575 (55.2) 467 (44.8) 1042 1042 GB-NIR 314 314 GR 1000 1000 IE 1000 1000 IT 604 (57.0) 456 (43.0) 1060 1060 LU 300 300 NL 634 (62.5) 381 (37.5) 1015 1015 N Sum 3270 1848 4628 9746 N Valid Sum 3270 1848 5118 printed 27.02.2012 page 113 Eurobarometer 21 - March-April 1984,isocntry M BE 1018 1018 DE 723 (72.9) 269 (27.1) 992 992 DK 996 996 FR 734 (72.7) 275 (27.3) 1009 1009 GB-GBN 575 (55.2) 467 (44.8) 1042 1042 GB-NIR 314 314 GR 1000 1000 IE 1000 1000 IT 604 (57.0) 456 (43.0) 1060 1060 LU 300 300 NL 634 (62.5) 381 (37.5) 1015 1015 N Sum 3270 1848 4628 9746 N Valid Sum 3270 1848 5118 printed 27.02.2012 page 113 Eurobarometer 21 - March-April 1984,GESIS Variable Report,138,ZA1320
v107,v107 0 1 9 N Sum N Valid Sum,Q176 CONSUMER ABSTINENCE WAIT FOR BETTER,isocntry M BE 1018 1018 DE 611 (61.6) 381 (38.4) 992 992 DK 996 996 FR 745 (73.8) 264 (26.2) 1009 1009 GB-GBN 601 (57.7) 441 (42.3) 1042 1042 GB-NIR 314 314 GR 1000 1000 IE 1000 1000 IT 688 (64.9) 372 (35.1) 1060 1060 LU 300 300 NL 756 (74.5) 259 (25.5) 1015 1015 N Sum 3401 1717 4628 9746 N Valid Sum 3401 1717 5118 printed 27.02.2012 page 114 Eurobarometer 21 - March-April 1984,isocntry M BE 1018 1018 DE 611 (61.6) 381 (38.4) 992 992 DK 996 996 FR 745 (73.8) 264 (26.2) 1009 1009 GB-GBN 601 (57.7) 441 (42.3) 1042 1042 GB-NIR 314 314 GR 1000 1000 IE 1000 1000 IT 688 (64.9) 372 (35.1) 1060 1060 LU 300 300 NL 756 (74.5) 259 (25.5) 1015 1015 N Sum 3401 1717 4628 9746 N Valid Sum 3401 1717 5118 printed 27.02.2012 page 114 Eurobarometer 21 - March-April 1984,GESIS Variable Report,139,ZA1320
v108,v108 0 1 9 N Sum N Valid Sum,Q176 CONSUMER ABSTINENCE RESIST TEMPTAT,isocntry M BE 1018 1018 DE 805 (81.1) 187 (18.9) 992 992 DK 996 996 FR 675 (66.9) 334 (33.1) 1009 1009 GB-GBN 548 (52.6) 494 (47.4) 1042 1042 GB-NIR 314 314 GR 1000 1000 IE 1000 1000 IT 853 (80.5) 207 (19.5) 1060 1060 LU 300 300 NL 825 (81.3) 190 (18.7) 1015 1015 N Sum 3706 1412 4628 9746 N Valid Sum 3706 1412 5118 printed 27.02.2012 page 115 Eurobarometer 21 - March-April 1984,isocntry M BE 1018 1018 DE 805 (81.1) 187 (18.9) 992 992 DK 996 996 FR 675 (66.9) 334 (33.1) 1009 1009 GB-GBN 548 (52.6) 494 (47.4) 1042 1042 GB-NIR 314 314 GR 1000 1000 IE 1000 1000 IT 853 (80.5) 207 (19.5) 1060 1060 LU 300 300 NL 825 (81.3) 190 (18.7) 1015 1015 N Sum 3706 1412 4628 9746 N Valid Sum 3706 1412 5118 printed 27.02.2012 page 115 Eurobarometer 21 - March-April 1984,GESIS Variable Report,140,ZA1320
v109,v109 0 1 9 N Sum N Valid Sum,Q176 CONSUMER ABSTINENCE OTHER REASON,isocntry M BE 1018 1018 DE 719 (72.5) 273 (27.5) 992 992 DK 996 996 FR 665 (65.9) 344 (34.1) 1009 1009 GB-GBN 837 (80.3) 205 (19.7) 1042 1042 GB-NIR 314 314 GR 1000 1000 IE 1000 1000 IT 776 (73.2) 284 (26.8) 1060 1060 LU 300 300 NL 609 (60.0) 406 (40.0) 1015 1015 N Sum 3606 1512 4628 9746 N Valid Sum 3606 1512 5118 printed 27.02.2012 page 116 Eurobarometer 21 - March-April 1984,isocntry M BE 1018 1018 DE 719 (72.5) 273 (27.5) 992 992 DK 996 996 FR 665 (65.9) 344 (34.1) 1009 1009 GB-GBN 837 (80.3) 205 (19.7) 1042 1042 GB-NIR 314 314 GR 1000 1000 IE 1000 1000 IT 776 (73.2) 284 (26.8) 1060 1060 LU 300 300 NL 609 (60.0) 406 (40.0) 1015 1015 N Sum 3606 1512 4628 9746 N Valid Sum 3606 1512 5118 printed 27.02.2012 page 116 Eurobarometer 21 - March-April 1984,GESIS Variable Report,141,ZA1320
v110,v110 0 1 2 3 9 N Sum N Valid Sum,Q177 RETIREMENT PERSONAL PROSPECTS,isocntry M M BE 1018 1018 DE 603 175 (44.9) 173 (44.4) 42 (10.8) 993 390 DK 530 187 (40.1) 214 (45.9) 65 (13.9) 996 466 FR 666 91 (26.5) 173 (50.4) 79 (23.0) 1009 343 GB-GBN 615 134 (31.4) 222 (52.0) 71 (16.6) 1042 427 GB-NIR 314 314 GR 1000 1000 IE 1000 1000 IT 673 99 (25.6) 206 (53.2) 82 (21.2) 1060 387 LU 300 300 NL 1015 1015 N Sum 3087 686 988 339 4647 9747 N Valid Sum 686 988 339 2013 printed 27.02.2012 page 117 Eurobarometer 21 - March-April 1984,isocntry M M BE 1018 1018 DE 603 175 (44.9) 173 (44.4) 42 (10.8) 993 390 DK 530 187 (40.1) 214 (45.9) 65 (13.9) 996 466 FR 666 91 (26.5) 173 (50.4) 79 (23.0) 1009 343 GB-GBN 615 134 (31.4) 222 (52.0) 71 (16.6) 1042 427 GB-NIR 314 314 GR 1000 1000 IE 1000 1000 IT 673 99 (25.6) 206 (53.2) 82 (21.2) 1060 387 LU 300 300 NL 1015 1015 N Sum 3087 686 988 339 4647 9747 N Valid Sum 686 988 339 2013 printed 27.02.2012 page 117 Eurobarometer 21 - March-April 1984,GESIS Variable Report,142,ZA1320
v111,v111 0 1 2 3 9 N Sum N Valid Sum,Q178 RETIREMENT KNOW AMOUNT OF PENSION,isocntry M M BE 1018 1018 DE 512 81 (16.8) 198 (41.2) 202 (42.0) 993 481 DK 464 81 (15.2) 147 (27.6) 304 (57.1) 996 532 FR 597 43 (10.4) 154 (37.4) 215 (52.2) 1009 412 GB-GBN 564 63 (13.2) 139 (29.1) 276 (57.7) 1042 478 GB-NIR 314 314 GR 1000 1000 IE 1000 1000 IT 591 64 (13.6) 169 (36.0) 236 (50.3) 1060 469 LU 300 300 NL 1015 1015 N Sum 2728 332 807 1233 4647 9747 N Valid Sum 332 807 1233 2372 printed 27.02.2012 page 118 Eurobarometer 21 - March-April 1984,isocntry M M BE 1018 1018 DE 512 81 (16.8) 198 (41.2) 202 (42.0) 993 481 DK 464 81 (15.2) 147 (27.6) 304 (57.1) 996 532 FR 597 43 (10.4) 154 (37.4) 215 (52.2) 1009 412 GB-GBN 564 63 (13.2) 139 (29.1) 276 (57.7) 1042 478 GB-NIR 314 314 GR 1000 1000 IE 1000 1000 IT 591 64 (13.6) 169 (36.0) 236 (50.3) 1060 469 LU 300 300 NL 1015 1015 N Sum 2728 332 807 1233 4647 9747 N Valid Sum 332 807 1233 2372 printed 27.02.2012 page 118 Eurobarometer 21 - March-April 1984,GESIS Variable Report,143,ZA1320
v112,v112 0 1 2 9 N Sum N Valid Sum,Q179 RETIREMENT PENSION PURCHASING POWER,isocntry M M BE 1018 1018 DE 649 58 (16.9) 285 (83.1) 992 343 DK 558 139 (31.7) 299 (68.3) 996 438 FR 680 56 (17.0) 273 (83.0) 1009 329 GB-GBN 654 130 (33.5) 258 (66.5) 1042 388 GB-NIR 314 314 GR 1000 1000 IE 1000 1000 IT 702 71 (19.8) 287 (80.2) 1060 358 LU 300 300 NL 1015 1015 N Sum 3243 454 1402 4647 9746 N Valid Sum 454 1402 1856 printed 27.02.2012 page 119 Eurobarometer 21 - March-April 1984,isocntry M M BE 1018 1018 DE 649 58 (16.9) 285 (83.1) 992 343 DK 558 139 (31.7) 299 (68.3) 996 438 FR 680 56 (17.0) 273 (83.0) 1009 329 GB-GBN 654 130 (33.5) 258 (66.5) 1042 388 GB-NIR 314 314 GR 1000 1000 IE 1000 1000 IT 702 71 (19.8) 287 (80.2) 1060 358 LU 300 300 NL 1015 1015 N Sum 3243 454 1402 4647 9746 N Valid Sum 454 1402 1856 printed 27.02.2012 page 119 Eurobarometer 21 - March-April 1984,GESIS Variable Report,144,ZA1320
v113,,Q180 RETIREMENT ADD PENSION ARRANGEMENT,,Q180 RETIREMENT ADD PENSION ARRANGEMENT,GESIS Variable Report,145,ZA1320
v114,,Q230 ATTITUDES: VIOLENCE INCREASE,,Q230 ATTITUDES: VIOLENCE INCREASE,GESIS Variable Report,146,ZA1320
v115,,Q231 ATTITUDES: EMPLOYEES MORE RIGHTS,,Q231 ATTITUDES: EMPLOYEES MORE RIGHTS,GESIS Variable Report,147,ZA1320
v116,,Q232 ATTITUDES: FAMILY BASIC UNIT,,Q232 ATTITUDES: FAMILY BASIC UNIT,GESIS Variable Report,148,ZA1320
v117,,Q233 ATTITUDES: SCIENTIF RESEARCH EXP,,Q233 ATTITUDES: SCIENTIF RESEARCH EXP,GESIS Variable Report,149,ZA1320
v118,,Q234 ATTITUDES: SACRIFY FOR COUNTRY,,Q234 ATTITUDES: SACRIFY FOR COUNTRY,GESIS Variable Report,150,ZA1320
v119,,Q235 ATTITUDES: SOME BOOKS BE CENSORED,,Q235 ATTITUDES: SOME BOOKS BE CENSORED,GESIS Variable Report,151,ZA1320
v120,,Q236 ATTITUDES: UNEMPLOYED NOT WILLING,,Q236 ATTITUDES: UNEMPLOYED NOT WILLING,GESIS Variable Report,152,ZA1320
v121,,Q237 ATTITUDES: DEVELOP SOLAR ENERGY,,Q237 ATTITUDES: DEVELOP SOLAR ENERGY,GESIS Variable Report,153,ZA1320
v122,,Q238 ATTITUDES: STUDENTS ARE PARASITES,,Q238 ATTITUDES: STUDENTS ARE PARASITES,GESIS Variable Report,154,ZA1320
v123,,Q239 ATTITUDES: TRADE UNIONS NECESSARY,,Q239 ATTITUDES: TRADE UNIONS NECESSARY,GESIS Variable Report,155,ZA1320
v124,,Q240 ATTITUDES: TRUIST IN COURTS OF LAW,,Q240 ATTITUDES: TRUIST IN COURTS OF LAW,GESIS Variable Report,156,ZA1320
v125,,Q241 ATTITUDES: NICLEAR POWER ESSENTIAL,,Q241 ATTITUDES: NICLEAR POWER ESSENTIAL,GESIS Variable Report,157,ZA1320
v126,,Q242 ATTITUDES: UNEMPLOYMENT DISTRESSING,,Q242 ATTITUDES: UNEMPLOYMENT DISTRESSING,GESIS Variable Report,158,ZA1320
v127,,Q243 ATTITUDES: LESS ECONOMIC CONTROL,,Q243 ATTITUDES: LESS ECONOMIC CONTROL,GESIS Variable Report,159,ZA1320
v128,,Q244 ATTITUDES: HOMOSEXUALS LIKE OTHERS,,Q244 ATTITUDES: HOMOSEXUALS LIKE OTHERS,GESIS Variable Report,160,ZA1320
v129,,Q245 ATTITUDES: REDUCE MILITARY EXP,,Q245 ATTITUDES: REDUCE MILITARY EXP,GESIS Variable Report,161,ZA1320
v130,,Q246 ATTITUDES: ENERGY CRISIS WORRYING,,Q246 ATTITUDES: ENERGY CRISIS WORRYING,GESIS Variable Report,162,ZA1320
v131,,Q247 ATTITUDES: REDUCE INCOME DIFFERENCE,,Q247 ATTITUDES: REDUCE INCOME DIFFERENCE,GESIS Variable Report,163,ZA1320
v132,,Q248 ATTITUDES: TV TREATS AS IDIOTS,,Q248 ATTITUDES: TV TREATS AS IDIOTS,GESIS Variable Report,164,ZA1320
v133,,Q249 ATTITUDES: ABORTION LIBERALISATION,,Q249 ATTITUDES: ABORTION LIBERALISATION,GESIS Variable Report,165,ZA1320
v134,,Q250 ATTITUDES: PEACE MORE THAN FREEDOM,,Q250 ATTITUDES: PEACE MORE THAN FREEDOM,GESIS Variable Report,166,ZA1320
v135,,Q251 ATTITUDES: TOO MUCH TALK OF RACISM,,Q251 ATTITUDES: TOO MUCH TALK OF RACISM,GESIS Variable Report,167,ZA1320
v136,,Q252 ATTITUDES: HEADING TO WORLD WAR,,Q252 ATTITUDES: HEADING TO WORLD WAR,GESIS Variable Report,168,ZA1320
v137,,Q253 ATTITUDES: GOD EXISTS,,Q253 ATTITUDES: GOD EXISTS,GESIS Variable Report,169,ZA1320
v138,,Q254 ATTITUDES: TOO MANY IMMIGR WORKERS,,Q254 ATTITUDES: TOO MANY IMMIGR WORKERS,GESIS Variable Report,170,ZA1320
v139,,Q255 ATTITUDES: SUPPORT PEACE MOVEMENTS,,Q255 ATTITUDES: SUPPORT PEACE MOVEMENTS,GESIS Variable Report,171,ZA1320
v140,,Q256 ATTITUDES: ELECTR REPL FOSSIL FUELS,,Q256 ATTITUDES: ELECTR REPL FOSSIL FUELS,GESIS Variable Report,172,ZA1320
v141,v141 0 1 2 9 N Sum N Valid Sum,Q257 ENVIRONMENT PROT - PAY MORE TAXES,isocntry M M BE 1018 1018 DE 210 259 (33.1) 523 (66.9) 992 782 DK 996 996 FR 1009 1009 GB-GBN 89 436 (45.7) 518 (54.3) 1043 954 GB-NIR 314 314 GR 1000 1000 IE 1000 1000 IT 1060 1060 LU 300 300 NL 1015 1015 N Sum 299 695 1041 7712 9747 N Valid Sum 695 1041 1736 printed 27.02.2012 page 148 Eurobarometer 21 - March-April 1984,isocntry M M BE 1018 1018 DE 210 259 (33.1) 523 (66.9) 992 782 DK 996 996 FR 1009 1009 GB-GBN 89 436 (45.7) 518 (54.3) 1043 954 GB-NIR 314 314 GR 1000 1000 IE 1000 1000 IT 1060 1060 LU 300 300 NL 1015 1015 N Sum 299 695 1041 7712 9747 N Valid Sum 695 1041 1736 printed 27.02.2012 page 148 Eurobarometer 21 - March-April 1984,GESIS Variable Report,173,ZA1320
v142,,Q258 ENVIRONMENT PROT - HOW MUCH TAXES,,Q258 ENVIRONMENT PROT - HOW MUCH TAXES,GESIS Variable Report,174,ZA1320
v143,,Q262 GOVERNMENT EXP: DEFENCE,,Q262 GOVERNMENT EXP: DEFENCE,GESIS Variable Report,175,ZA1320
v144,,Q263 GOVERNMENT EXP: PUBLIC SECURITY,,Q263 GOVERNMENT EXP: PUBLIC SECURITY,GESIS Variable Report,176,ZA1320
v145,,Q264 GOVERNMENT EXP: SCHOOL EDUCATION,,Q264 GOVERNMENT EXP: SCHOOL EDUCATION,GESIS Variable Report,177,ZA1320
v146,,Q265 GOVERNMENT EXP: HIGHER EDUCATION,,Q265 GOVERNMENT EXP: HIGHER EDUCATION,GESIS Variable Report,178,ZA1320
v147,,Q266 GOVERNMENT EXP: HEALTH CARE,,Q266 GOVERNMENT EXP: HEALTH CARE,GESIS Variable Report,179,ZA1320
v148,,Q267 GOVERNMENT EXP: SPORT/RECREATION,,Q267 GOVERNMENT EXP: SPORT/RECREATION,GESIS Variable Report,180,ZA1320
v149,,Q268 GOVERNMENT EXP: HOUSING,,Q268 GOVERNMENT EXP: HOUSING,GESIS Variable Report,181,ZA1320
v150,,Q269 GOVERNMENT EXP: ENVIRONMENT PROT,,Q269 GOVERNMENT EXP: ENVIRONMENT PROT,GESIS Variable Report,182,ZA1320
v151,,Q270 GOVERNMENT EXP: TRADE/INDUSTRY,,Q270 GOVERNMENT EXP: TRADE/INDUSTRY,GESIS Variable Report,183,ZA1320
v152,,Q271 GOVERNMENT EXP: TRANSPORTATION,,Q271 GOVERNMENT EXP: TRANSPORTATION,GESIS Variable Report,184,ZA1320
v153,,Q272 GOVERNMENT EXP: SOCIAL SECURITY,,Q272 GOVERNMENT EXP: SOCIAL SECURITY,GESIS Variable Report,185,ZA1320
v154,,Q273 GOVERNMENT EXP: AID TO DEVELOPMENT,,Q273 GOVERNMENT EXP: AID TO DEVELOPMENT,GESIS Variable Report,186,ZA1320
v155,,Q274 GOVERNMENT EXP: ARTS/CULTURE,,Q274 GOVERNMENT EXP: ARTS/CULTURE,GESIS Variable Report,187,ZA1320
v156,,Q275 GOVERNMENT EXP: TECHNOLOGY,,Q275 GOVERNMENT EXP: TECHNOLOGY,GESIS Variable Report,188,ZA1320
v157,,Q276 GOVERNMENT EXP: EC POLICIES,,Q276 GOVERNMENT EXP: EC POLICIES,GESIS Variable Report,189,ZA1320
v158,,Q277A SOC MOVEMENT APRV: NATURE PROTEC,,Q277A SOC MOVEMENT APRV: NATURE PROTEC,GESIS Variable Report,190,ZA1320
v159,,Q278A SOC MOVEMENT APRV: ECOLOGY,,Q278A SOC MOVEMENT APRV: ECOLOGY,GESIS Variable Report,191,ZA1320
v160,,Q279A SOC MOVEMENT APRV: ANTI-NUCL POWER,,Q279A SOC MOVEMENT APRV: ANTI-NUCL POWER,GESIS Variable Report,192,ZA1320
v161,,Q280A SOC MOVEMENT APRV: ANTI-WAR,,Q280A SOC MOVEMENT APRV: ANTI-WAR,GESIS Variable Report,193,ZA1320
v162,,Q277B SOC MOVEMENT JOIN: NATURE PROTEC,,Q277B SOC MOVEMENT JOIN: NATURE PROTEC,GESIS Variable Report,194,ZA1320
v163,,Q278B SOC MOVEMENT JOIN: ECOLOGY,,Q278B SOC MOVEMENT JOIN: ECOLOGY,GESIS Variable Report,195,ZA1320
v164,,Q279B SOC MOVEMENT JOIN: ANTI-NUCL POWER,,Q279B SOC MOVEMENT JOIN: ANTI-NUCL POWER,GESIS Variable Report,196,ZA1320
v165,,Q280B SOC MOVEMENT JOIN: ANTI-WAR,,Q280B SOC MOVEMENT JOIN: ANTI-WAR,GESIS Variable Report,197,ZA1320
v166,,Q333 LEFT-RIGHT PLACEMENT,,Q333 LEFT-RIGHT PLACEMENT,GESIS Variable Report,198,ZA1320
v167,v167 0 1 2 3 N Sum N Valid Sum,Q334 SOCIAL CHANGE - ATTIT TOW SOCIETY,isocntry M BE 81 82 (8.8) 685 (73.1) 170 (18.1) 1018 937 DE 152 25 (3.0) 471 (56.1) 343 (40.9) 991 839 DK 59 20 (2.1) 617 (65.8) 300 (32.0) 996 937 FR 37 63 (6.5) 677 (69.6) 233 (23.9) 1010 973 GB-GBN 84 39 (4.1) 677 (70.7) 242 (25.3) 1042 958 GB-NIR 45 10 (3.7) 161 (59.9) 98 (36.4) 314 269 GR 66 63 (6.7) 639 (68.4) 232 (24.8) 1000 934 IE 57 58 (6.2) 623 (66.1) 262 (27.8) 1000 943 IT 49 62 (6.1) 766 (75.8) 183 (18.1) 1060 1011 LU 15 7 (2.5) 215 (75.4) 63 (22.1) 300 285 NL 48 36 (3.7) 685 (70.8) 246 (25.4) 1015 967 N Sum 693 465 6216 2372 9746 N Valid Sum 465 6216 2372 9053 printed 27.02.2012 page 175 Eurobarometer 21 - March-April 1984,isocntry M BE 81 82 (8.8) 685 (73.1) 170 (18.1) 1018 937 DE 152 25 (3.0) 471 (56.1) 343 (40.9) 991 839 DK 59 20 (2.1) 617 (65.8) 300 (32.0) 996 937 FR 37 63 (6.5) 677 (69.6) 233 (23.9) 1010 973 GB-GBN 84 39 (4.1) 677 (70.7) 242 (25.3) 1042 958 GB-NIR 45 10 (3.7) 161 (59.9) 98 (36.4) 314 269 GR 66 63 (6.7) 639 (68.4) 232 (24.8) 1000 934 IE 57 58 (6.2) 623 (66.1) 262 (27.8) 1000 943 IT 49 62 (6.1) 766 (75.8) 183 (18.1) 1060 1011 LU 15 7 (2.5) 215 (75.4) 63 (22.1) 300 285 NL 48 36 (3.7) 685 (70.8) 246 (25.4) 1015 967 N Sum 693 465 6216 2372 9746 N Valid Sum 465 6216 2372 9053 printed 27.02.2012 page 175 Eurobarometer 21 - March-April 1984,GESIS Variable Report,200,ZA1320
v168,v168 0 1 2 3 4 N Sum N Valid Sum,Q335 PARTY ATTACHMENT,isocntry M BE 77 89 (9.5) 129 (13.7) 262 (27.8) 461 (49.0) 1018 941 DE 56 85 (9.1) 247 (26.4) 352 (37.6) 253 (27.0) 993 937 DK 35 118 (12.3) 203 (21.1) 367 (38.2) 272 (28.3) 995 960 FR 22 62 (6.3) 106 (10.7) 400 (40.5) 419 (42.5) 1009 987 GB-GBN 15 66 (6.4) 202 (19.7) 297 (28.9) 462 (45.0) 1042 1027 GB-NIR 15 14 (4.7) 44 (14.7) 52 (17.4) 189 (63.2) 314 299 GR 19 121 (12.3) 173 (17.6) 305 (31.1) 382 (38.9) 1000 981 IE 24 55 (5.6) 174 (17.8) 208 (21.3) 539 (55.2) 1000 976 IT 34 119 (11.6) 260 (25.3) 325 (31.7) 322 (31.4) 1060 1026 LU 17 27 (9.5) 37 (13.1) 87 (30.7) 132 (46.6) 300 283 NL 38 100 (10.2) 232 (23.7) 396 (40.5) 249 (25.5) 1015 977 N Sum 352 856 1807 3051 3680 9746 N Valid Sum 856 1807 3051 3680 9394 printed 27.02.2012 page 176 Eurobarometer 21 - March-April 1984,isocntry M BE 77 89 (9.5) 129 (13.7) 262 (27.8) 461 (49.0) 1018 941 DE 56 85 (9.1) 247 (26.4) 352 (37.6) 253 (27.0) 993 937 DK 35 118 (12.3) 203 (21.1) 367 (38.2) 272 (28.3) 995 960 FR 22 62 (6.3) 106 (10.7) 400 (40.5) 419 (42.5) 1009 987 GB-GBN 15 66 (6.4) 202 (19.7) 297 (28.9) 462 (45.0) 1042 1027 GB-NIR 15 14 (4.7) 44 (14.7) 52 (17.4) 189 (63.2) 314 299 GR 19 121 (12.3) 173 (17.6) 305 (31.1) 382 (38.9) 1000 981 IE 24 55 (5.6) 174 (17.8) 208 (21.3) 539 (55.2) 1000 976 IT 34 119 (11.6) 260 (25.3) 325 (31.7) 322 (31.4) 1060 1026 LU 17 27 (9.5) 37 (13.1) 87 (30.7) 132 (46.6) 300 283 NL 38 100 (10.2) 232 (23.7) 396 (40.5) 249 (25.5) 1015 977 N Sum 352 856 1807 3051 3680 9746 N Valid Sum 856 1807 3051 3680 9394 printed 27.02.2012 page 176 Eurobarometer 21 - March-April 1984,GESIS Variable Report,201,ZA1320
v169,,Q336 EUROP PARLIAMENT - HEARD ABOUT,,Q336 EUROP PARLIAMENT - HEARD ABOUT,GESIS Variable Report,202,ZA1320
v170,v170 0 1 2 3 4 N Sum N Valid Sum,Q337 EUROP UNIFICATION - FOR/AGAINST,isocntry M BE 210 208 (25.7) 484 (59.9) 90 (11.1) 26 (3.2) 1018 808 DE 151 274 (32.6) 444 (52.8) 96 (11.4) 27 (3.2) 992 841 DK 215 108 (13.8) 245 (31.4) 196 (25.1) 231 (29.6) 995 780 FR 114 288 (32.2) 526 (58.8) 65 (7.3) 16 (1.8) 1009 895 GB-GBN 151 180 (20.2) 471 (52.9) 166 (18.7) 73 (8.2) 1041 890 GB-NIR 135 30 (16.8) 92 (51.4) 42 (23.5) 15 (8.4) 314 179 GR 225 282 (36.4) 287 (37.0) 113 (14.6) 93 (12.0) 1000 775 IE 293 171 (24.2) 404 (57.1) 91 (12.9) 41 (5.8) 1000 707 IT 158 302 (33.5) 519 (57.5) 70 (7.8) 11 (1.2) 1060 902 LU 29 131 (48.3) 116 (42.8) 19 (7.0) 5 (1.8) 300 271 NL 91 309 (33.4) 513 (55.5) 74 (8.0) 28 (3.0) 1015 924 N Sum 1772 2283 4101 1022 566 9744 N Valid Sum 2283 4101 1022 566 7972 printed 27.02.2012 page 178 Eurobarometer 21 - March-April 1984,isocntry M BE 210 208 (25.7) 484 (59.9) 90 (11.1) 26 (3.2) 1018 808 DE 151 274 (32.6) 444 (52.8) 96 (11.4) 27 (3.2) 992 841 DK 215 108 (13.8) 245 (31.4) 196 (25.1) 231 (29.6) 995 780 FR 114 288 (32.2) 526 (58.8) 65 (7.3) 16 (1.8) 1009 895 GB-GBN 151 180 (20.2) 471 (52.9) 166 (18.7) 73 (8.2) 1041 890 GB-NIR 135 30 (16.8) 92 (51.4) 42 (23.5) 15 (8.4) 314 179 GR 225 282 (36.4) 287 (37.0) 113 (14.6) 93 (12.0) 1000 775 IE 293 171 (24.2) 404 (57.1) 91 (12.9) 41 (5.8) 1000 707 IT 158 302 (33.5) 519 (57.5) 70 (7.8) 11 (1.2) 1060 902 LU 29 131 (48.3) 116 (42.8) 19 (7.0) 5 (1.8) 300 271 NL 91 309 (33.4) 513 (55.5) 74 (8.0) 28 (3.0) 1015 924 N Sum 1772 2283 4101 1022 566 9744 N Valid Sum 2283 4101 1022 566 7972 printed 27.02.2012 page 178 Eurobarometer 21 - March-April 1984,GESIS Variable Report,203,ZA1320
v171,,Q338 EC NAME PREFERENCE,,Q338 EC NAME PREFERENCE,GESIS Variable Report,204,ZA1320
v172,v172 0 1 N Sum N Valid Sum,Q339 EC COMMON POL: DEFENCE,isocntry BE 873 (85.8) 145 (14.2) 1018 1018 DE 831 (83.8) 161 (16.2) 992 992 DK 894 (89.8) 102 (10.2) 996 996 FR 750 (74.3) 259 (25.7) 1009 1009 GB-GBN 788 (75.6) 254 (24.4) 1042 1042 GB-NIR 251 (79.9) 63 (20.1) 314 314 GR 798 (79.8) 202 (20.2) 1000 1000 IE 903 (90.3) 97 (9.7) 1000 1000 IT 893 (84.2) 167 (15.8) 1060 1060 LU 276 (92.0) 24 (8.0) 300 300 NL 888 (87.5) 127 (12.5) 1015 1015 N Sum 8145 1601 9746 N Valid Sum 8145 1601 9746 printed 27.02.2012 page 180 Eurobarometer 21 - March-April 1984,isocntry BE 873 (85.8) 145 (14.2) 1018 1018 DE 831 (83.8) 161 (16.2) 992 992 DK 894 (89.8) 102 (10.2) 996 996 FR 750 (74.3) 259 (25.7) 1009 1009 GB-GBN 788 (75.6) 254 (24.4) 1042 1042 GB-NIR 251 (79.9) 63 (20.1) 314 314 GR 798 (79.8) 202 (20.2) 1000 1000 IE 903 (90.3) 97 (9.7) 1000 1000 IT 893 (84.2) 167 (15.8) 1060 1060 LU 276 (92.0) 24 (8.0) 300 300 NL 888 (87.5) 127 (12.5) 1015 1015 N Sum 8145 1601 9746 N Valid Sum 8145 1601 9746 printed 27.02.2012 page 180 Eurobarometer 21 - March-April 1984,GESIS Variable Report,205,ZA1320
v173,v173 0 1 N Sum N Valid Sum,Q339 EC COMMON POL: EMPLOYMENT,isocntry BE 187 (18.4) 831 (81.6) 1018 1018 DE 314 (31.7) 678 (68.3) 992 992 DK 338 (33.9) 658 (66.1) 996 996 FR 253 (25.1) 756 (74.9) 1009 1009 GB-GBN 241 (23.1) 801 (76.9) 1042 1042 GB-NIR 70 (22.3) 244 (77.7) 314 314 GR 514 (51.4) 486 (48.6) 1000 1000 IE 131 (13.1) 869 (86.9) 1000 1000 IT 254 (24.0) 806 (76.0) 1060 1060 LU 45 (15.0) 255 (85.0) 300 300 NL 276 (27.2) 739 (72.8) 1015 1015 N Sum 2623 7123 9746 N Valid Sum 2623 7123 9746 printed 27.02.2012 page 181 Eurobarometer 21 - March-April 1984,isocntry BE 187 (18.4) 831 (81.6) 1018 1018 DE 314 (31.7) 678 (68.3) 992 992 DK 338 (33.9) 658 (66.1) 996 996 FR 253 (25.1) 756 (74.9) 1009 1009 GB-GBN 241 (23.1) 801 (76.9) 1042 1042 GB-NIR 70 (22.3) 244 (77.7) 314 314 GR 514 (51.4) 486 (48.6) 1000 1000 IE 131 (13.1) 869 (86.9) 1000 1000 IT 254 (24.0) 806 (76.0) 1060 1060 LU 45 (15.0) 255 (85.0) 300 300 NL 276 (27.2) 739 (72.8) 1015 1015 N Sum 2623 7123 9746 N Valid Sum 2623 7123 9746 printed 27.02.2012 page 181 Eurobarometer 21 - March-April 1984,GESIS Variable Report,206,ZA1320
v174,v174 0 1 N Sum N Valid Sum,Q339 EC COMMON POL: SOCIAL WELFARE,isocntry BE 647 (63.6) 371 (36.4) 1018 1018 DE 699 (70.5) 293 (29.5) 992 992 DK 715 (71.8) 281 (28.2) 996 996 FR 811 (80.4) 198 (19.6) 1009 1009 GB-GBN 675 (64.8) 367 (35.2) 1042 1042 GB-NIR 214 (68.2) 100 (31.8) 314 314 GR 685 (68.5) 315 (31.5) 1000 1000 IE 711 (71.1) 289 (28.9) 1000 1000 IT 868 (81.9) 192 (18.1) 1060 1060 LU 152 (50.7) 148 (49.3) 300 300 NL 630 (62.1) 385 (37.9) 1015 1015 N Sum 6807 2939 9746 N Valid Sum 6807 2939 9746 printed 27.02.2012 page 182 Eurobarometer 21 - March-April 1984,isocntry BE 647 (63.6) 371 (36.4) 1018 1018 DE 699 (70.5) 293 (29.5) 992 992 DK 715 (71.8) 281 (28.2) 996 996 FR 811 (80.4) 198 (19.6) 1009 1009 GB-GBN 675 (64.8) 367 (35.2) 1042 1042 GB-NIR 214 (68.2) 100 (31.8) 314 314 GR 685 (68.5) 315 (31.5) 1000 1000 IE 711 (71.1) 289 (28.9) 1000 1000 IT 868 (81.9) 192 (18.1) 1060 1060 LU 152 (50.7) 148 (49.3) 300 300 NL 630 (62.1) 385 (37.9) 1015 1015 N Sum 6807 2939 9746 N Valid Sum 6807 2939 9746 printed 27.02.2012 page 182 Eurobarometer 21 - March-April 1984,GESIS Variable Report,207,ZA1320
v175,v175 0 1 N Sum N Valid Sum,Q339 EC COMMON POL: AGRICULTURE,isocntry BE 881 (86.5) 137 (13.5) 1018 1018 DE 826 (83.3) 166 (16.7) 992 992 DK 804 (80.7) 192 (19.3) 996 996 FR 813 (80.6) 196 (19.4) 1009 1009 GB-GBN 919 (88.2) 123 (11.8) 1042 1042 GB-NIR 284 (90.4) 30 (9.6) 314 314 GR 684 (68.4) 316 (31.6) 1000 1000 IE 764 (76.4) 236 (23.6) 1000 1000 IT 776 (73.2) 284 (26.8) 1060 1060 LU 271 (90.3) 29 (9.7) 300 300 NL 905 (89.2) 110 (10.8) 1015 1015 N Sum 7927 1819 9746 N Valid Sum 7927 1819 9746 printed 27.02.2012 page 183 Eurobarometer 21 - March-April 1984,isocntry BE 881 (86.5) 137 (13.5) 1018 1018 DE 826 (83.3) 166 (16.7) 992 992 DK 804 (80.7) 192 (19.3) 996 996 FR 813 (80.6) 196 (19.4) 1009 1009 GB-GBN 919 (88.2) 123 (11.8) 1042 1042 GB-NIR 284 (90.4) 30 (9.6) 314 314 GR 684 (68.4) 316 (31.6) 1000 1000 IE 764 (76.4) 236 (23.6) 1000 1000 IT 776 (73.2) 284 (26.8) 1060 1060 LU 271 (90.3) 29 (9.7) 300 300 NL 905 (89.2) 110 (10.8) 1015 1015 N Sum 7927 1819 9746 N Valid Sum 7927 1819 9746 printed 27.02.2012 page 183 Eurobarometer 21 - March-April 1984,GESIS Variable Report,208,ZA1320
v176,v176 0 1 N Sum N Valid Sum,Q339 EC COMMON POL: THIRD WORLD HELP,isocntry BE 947 (93.0) 71 (7.0) 1018 1018 DE 900 (90.7) 92 (9.3) 992 992 DK 777 (78.0) 219 (22.0) 996 996 FR 843 (83.5) 166 (16.5) 1009 1009 GB-GBN 882 (84.6) 160 (15.4) 1042 1042 GB-NIR 232 (73.9) 82 (26.1) 314 314 GR 888 (88.8) 112 (11.2) 1000 1000 IE 825 (82.5) 175 (17.5) 1000 1000 IT 900 (84.9) 160 (15.1) 1060 1060 LU 236 (78.7) 64 (21.3) 300 300 NL 782 (77.0) 233 (23.0) 1015 1015 N Sum 8212 1534 9746 N Valid Sum 8212 1534 9746 printed 27.02.2012 page 184 Eurobarometer 21 - March-April 1984,isocntry BE 947 (93.0) 71 (7.0) 1018 1018 DE 900 (90.7) 92 (9.3) 992 992 DK 777 (78.0) 219 (22.0) 996 996 FR 843 (83.5) 166 (16.5) 1009 1009 GB-GBN 882 (84.6) 160 (15.4) 1042 1042 GB-NIR 232 (73.9) 82 (26.1) 314 314 GR 888 (88.8) 112 (11.2) 1000 1000 IE 825 (82.5) 175 (17.5) 1000 1000 IT 900 (84.9) 160 (15.1) 1060 1060 LU 236 (78.7) 64 (21.3) 300 300 NL 782 (77.0) 233 (23.0) 1015 1015 N Sum 8212 1534 9746 N Valid Sum 8212 1534 9746 printed 27.02.2012 page 184 Eurobarometer 21 - March-April 1984,GESIS Variable Report,209,ZA1320
v177,v177 0 1 N Sum N Valid Sum,Q339 EC COMMON POL: POOR REGIONS HELP,isocntry BE 921 (90.5) 97 (9.5) 1018 1018 DE 840 (84.7) 152 (15.3) 992 992 DK 856 (85.9) 140 (14.1) 996 996 FR 903 (89.5) 106 (10.5) 1009 1009 GB-GBN 875 (84.0) 167 (16.0) 1042 1042 GB-NIR 246 (78.3) 68 (21.7) 314 314 GR 668 (66.8) 332 (33.2) 1000 1000 IE 754 (75.4) 246 (24.6) 1000 1000 IT 857 (80.8) 203 (19.2) 1060 1060 LU 266 (88.7) 34 (11.3) 300 300 NL 922 (90.7) 94 (9.3) 1016 1016 N Sum 8108 1639 9747 N Valid Sum 8108 1639 9747 printed 27.02.2012 page 185 Eurobarometer 21 - March-April 1984,isocntry BE 921 (90.5) 97 (9.5) 1018 1018 DE 840 (84.7) 152 (15.3) 992 992 DK 856 (85.9) 140 (14.1) 996 996 FR 903 (89.5) 106 (10.5) 1009 1009 GB-GBN 875 (84.0) 167 (16.0) 1042 1042 GB-NIR 246 (78.3) 68 (21.7) 314 314 GR 668 (66.8) 332 (33.2) 1000 1000 IE 754 (75.4) 246 (24.6) 1000 1000 IT 857 (80.8) 203 (19.2) 1060 1060 LU 266 (88.7) 34 (11.3) 300 300 NL 922 (90.7) 94 (9.3) 1016 1016 N Sum 8108 1639 9747 N Valid Sum 8108 1639 9747 printed 27.02.2012 page 185 Eurobarometer 21 - March-April 1984,GESIS Variable Report,210,ZA1320
v178,v178 0 1 N Sum N Valid Sum,Q339 EC COMMON POL: SCIENTIF RESEARCH,isocntry BE 881 (86.5) 137 (13.5) 1018 1018 DE 877 (88.4) 115 (11.6) 992 992 DK 866 (86.9) 130 (13.1) 996 996 FR 767 (76.0) 242 (24.0) 1009 1009 GB-GBN 919 (88.2) 123 (11.8) 1042 1042 GB-NIR 294 (93.6) 20 (6.4) 314 314 GR 879 (87.9) 121 (12.1) 1000 1000 IE 944 (94.4) 56 (5.6) 1000 1000 IT 891 (84.1) 169 (15.9) 1060 1060 LU 263 (87.7) 37 (12.3) 300 300 NL 923 (90.9) 92 (9.1) 1015 1015 N Sum 8504 1242 9746 N Valid Sum 8504 1242 9746 printed 27.02.2012 page 186 Eurobarometer 21 - March-April 1984,isocntry BE 881 (86.5) 137 (13.5) 1018 1018 DE 877 (88.4) 115 (11.6) 992 992 DK 866 (86.9) 130 (13.1) 996 996 FR 767 (76.0) 242 (24.0) 1009 1009 GB-GBN 919 (88.2) 123 (11.8) 1042 1042 GB-NIR 294 (93.6) 20 (6.4) 314 314 GR 879 (87.9) 121 (12.1) 1000 1000 IE 944 (94.4) 56 (5.6) 1000 1000 IT 891 (84.1) 169 (15.9) 1060 1060 LU 263 (87.7) 37 (12.3) 300 300 NL 923 (90.9) 92 (9.1) 1015 1015 N Sum 8504 1242 9746 N Valid Sum 8504 1242 9746 printed 27.02.2012 page 186 Eurobarometer 21 - March-April 1984,GESIS Variable Report,211,ZA1320
v179,v179 0 1 N Sum N Valid Sum,Q340 EC WITHDRAWAL PREF: ITALY,isocntry BE 971 (95.4) 47 (4.6) 1018 1018 DE 880 (88.7) 112 (11.3) 992 992 DK 941 (94.5) 55 (5.5) 996 996 FR 958 (94.9) 51 (5.1) 1009 1009 GB-GBN 969 (93.0) 73 (7.0) 1042 1042 GB-NIR 307 (97.8) 7 (2.2) 314 314 GR 960 (96.0) 40 (4.0) 1000 1000 IE 985 (98.5) 15 (1.5) 1000 1000 IT 1057 (99.7) 3 (0.3) 1060 1060 LU 292 (97.3) 8 (2.7) 300 300 NL 960 (94.6) 55 (5.4) 1015 1015 N Sum 9280 466 9746 N Valid Sum 9280 466 9746 printed 27.02.2012 page 187 Eurobarometer 21 - March-April 1984,isocntry BE 971 (95.4) 47 (4.6) 1018 1018 DE 880 (88.7) 112 (11.3) 992 992 DK 941 (94.5) 55 (5.5) 996 996 FR 958 (94.9) 51 (5.1) 1009 1009 GB-GBN 969 (93.0) 73 (7.0) 1042 1042 GB-NIR 307 (97.8) 7 (2.2) 314 314 GR 960 (96.0) 40 (4.0) 1000 1000 IE 985 (98.5) 15 (1.5) 1000 1000 IT 1057 (99.7) 3 (0.3) 1060 1060 LU 292 (97.3) 8 (2.7) 300 300 NL 960 (94.6) 55 (5.4) 1015 1015 N Sum 9280 466 9746 N Valid Sum 9280 466 9746 printed 27.02.2012 page 187 Eurobarometer 21 - March-April 1984,GESIS Variable Report,212,ZA1320
v180,v180 0 1 N Sum N Valid Sum,Q340 EC WITHDRAWAL PREF: GERMANY,isocntry BE 1011 (99.3) 7 (0.7) 1018 1018 DE 975 (98.3) 17 (1.7) 992 992 DK 970 (97.4) 26 (2.6) 996 996 FR 988 (97.9) 21 (2.1) 1009 1009 GB-GBN 1005 (96.4) 37 (3.6) 1042 1042 GB-NIR 303 (96.5) 11 (3.5) 314 314 GR 914 (91.4) 86 (8.6) 1000 1000 IE 983 (98.3) 17 (1.7) 1000 1000 IT 991 (93.5) 69 (6.5) 1060 1060 LU 293 (97.7) 7 (2.3) 300 300 NL 991 (97.6) 24 (2.4) 1015 1015 N Sum 9424 322 9746 N Valid Sum 9424 322 9746 printed 27.02.2012 page 188 Eurobarometer 21 - March-April 1984,isocntry BE 1011 (99.3) 7 (0.7) 1018 1018 DE 975 (98.3) 17 (1.7) 992 992 DK 970 (97.4) 26 (2.6) 996 996 FR 988 (97.9) 21 (2.1) 1009 1009 GB-GBN 1005 (96.4) 37 (3.6) 1042 1042 GB-NIR 303 (96.5) 11 (3.5) 314 314 GR 914 (91.4) 86 (8.6) 1000 1000 IE 983 (98.3) 17 (1.7) 1000 1000 IT 991 (93.5) 69 (6.5) 1060 1060 LU 293 (97.7) 7 (2.3) 300 300 NL 991 (97.6) 24 (2.4) 1015 1015 N Sum 9424 322 9746 N Valid Sum 9424 322 9746 printed 27.02.2012 page 188 Eurobarometer 21 - March-April 1984,GESIS Variable Report,213,ZA1320
v181,v181 0 1 N Sum N Valid Sum,Q340 EC WITHDRAWAL PREF: GREAT BRITAIN,isocntry BE 812 (79.8) 206 (20.2) 1018 1018 DE 663 (66.8) 329 (33.2) 992 992 DK 848 (85.1) 148 (14.9) 996 996 FR 600 (59.5) 409 (40.5) 1009 1009 GB-GBN 912 (87.5) 130 (12.5) 1042 1042 GB-NIR 301 (95.9) 13 (4.1) 314 314 GR 728 (72.8) 272 (27.2) 1000 1000 IE 856 (85.6) 144 (14.4) 1000 1000 IT 872 (82.3) 188 (17.7) 1060 1060 LU 186 (62.0) 114 (38.0) 300 300 NL 782 (77.0) 233 (23.0) 1015 1015 N Sum 7560 2186 9746 N Valid Sum 7560 2186 9746 printed 27.02.2012 page 189 Eurobarometer 21 - March-April 1984,isocntry BE 812 (79.8) 206 (20.2) 1018 1018 DE 663 (66.8) 329 (33.2) 992 992 DK 848 (85.1) 148 (14.9) 996 996 FR 600 (59.5) 409 (40.5) 1009 1009 GB-GBN 912 (87.5) 130 (12.5) 1042 1042 GB-NIR 301 (95.9) 13 (4.1) 314 314 GR 728 (72.8) 272 (27.2) 1000 1000 IE 856 (85.6) 144 (14.4) 1000 1000 IT 872 (82.3) 188 (17.7) 1060 1060 LU 186 (62.0) 114 (38.0) 300 300 NL 782 (77.0) 233 (23.0) 1015 1015 N Sum 7560 2186 9746 N Valid Sum 7560 2186 9746 printed 27.02.2012 page 189 Eurobarometer 21 - March-April 1984,GESIS Variable Report,214,ZA1320
v182,v182 0 1 N Sum N Valid Sum,Q340 EC WITHDRAWAL PREF: IRELAND,isocntry BE 980 (96.3) 38 (3.7) 1018 1018 DE 939 (94.7) 53 (5.3) 992 992 DK 967 (97.1) 29 (2.9) 996 996 FR 987 (97.8) 22 (2.2) 1009 1009 GB-GBN 955 (91.7) 87 (8.3) 1042 1042 GB-NIR 295 (93.9) 19 (6.1) 314 314 GR 979 (97.9) 21 (2.1) 1000 1000 IE 955 (95.5) 45 (4.5) 1000 1000 IT 1048 (98.9) 12 (1.1) 1060 1060 LU 282 (94.0) 18 (6.0) 300 300 NL 931 (91.7) 84 (8.3) 1015 1015 N Sum 9318 428 9746 N Valid Sum 9318 428 9746 printed 27.02.2012 page 190 Eurobarometer 21 - March-April 1984,isocntry BE 980 (96.3) 38 (3.7) 1018 1018 DE 939 (94.7) 53 (5.3) 992 992 DK 967 (97.1) 29 (2.9) 996 996 FR 987 (97.8) 22 (2.2) 1009 1009 GB-GBN 955 (91.7) 87 (8.3) 1042 1042 GB-NIR 295 (93.9) 19 (6.1) 314 314 GR 979 (97.9) 21 (2.1) 1000 1000 IE 955 (95.5) 45 (4.5) 1000 1000 IT 1048 (98.9) 12 (1.1) 1060 1060 LU 282 (94.0) 18 (6.0) 300 300 NL 931 (91.7) 84 (8.3) 1015 1015 N Sum 9318 428 9746 N Valid Sum 9318 428 9746 printed 27.02.2012 page 190 Eurobarometer 21 - March-April 1984,GESIS Variable Report,215,ZA1320
v183,v183 0 1 N Sum N Valid Sum,Q340 EC WITHDRAWAL PREF: BELGIUM,isocntry BE 1017 (99.9) 1 (0.1) 1018 1018 DE 974 (98.2) 18 (1.8) 992 992 DK 986 (99.0) 10 (1.0) 996 996 FR 1005 (99.6) 4 (0.4) 1009 1009 GB-GBN 1027 (98.6) 15 (1.4) 1042 1042 GB-NIR 312 (99.4) 2 (0.6) 314 314 GR 983 (98.3) 17 (1.7) 1000 1000 IE 999 (99.9) 1 (0.1) 1000 1000 IT 1056 (99.6) 4 (0.4) 1060 1060 LU 293 (97.7) 7 (2.3) 300 300 NL 1009 (99.4) 6 (0.6) 1015 1015 N Sum 9661 85 9746 N Valid Sum 9661 85 9746 printed 27.02.2012 page 191 Eurobarometer 21 - March-April 1984,isocntry BE 1017 (99.9) 1 (0.1) 1018 1018 DE 974 (98.2) 18 (1.8) 992 992 DK 986 (99.0) 10 (1.0) 996 996 FR 1005 (99.6) 4 (0.4) 1009 1009 GB-GBN 1027 (98.6) 15 (1.4) 1042 1042 GB-NIR 312 (99.4) 2 (0.6) 314 314 GR 983 (98.3) 17 (1.7) 1000 1000 IE 999 (99.9) 1 (0.1) 1000 1000 IT 1056 (99.6) 4 (0.4) 1060 1060 LU 293 (97.7) 7 (2.3) 300 300 NL 1009 (99.4) 6 (0.6) 1015 1015 N Sum 9661 85 9746 N Valid Sum 9661 85 9746 printed 27.02.2012 page 191 Eurobarometer 21 - March-April 1984,GESIS Variable Report,216,ZA1320
v184,v184 0 1 N Sum N Valid Sum,Q340 EC WITHDRAWAL PREF: LUXEMBOURG,isocntry BE 1015 (99.7) 3 (0.3) 1018 1018 DE 978 (98.6) 14 (1.4) 992 992 DK 987 (99.1) 9 (0.9) 996 996 FR 1005 (99.6) 4 (0.4) 1009 1009 GB-GBN 1033 (99.1) 9 (0.9) 1042 1042 GB-NIR 313 (99.7) 1 (0.3) 314 314 GR 982 (98.2) 18 (1.8) 1000 1000 IE 997 (99.7) 3 (0.3) 1000 1000 IT 1052 (99.2) 8 (0.8) 1060 1060 LU 299 (99.7) 1 (0.3) 300 300 NL 1010 (99.5) 5 (0.5) 1015 1015 N Sum 9671 75 9746 N Valid Sum 9671 75 9746 printed 27.02.2012 page 192 Eurobarometer 21 - March-April 1984,isocntry BE 1015 (99.7) 3 (0.3) 1018 1018 DE 978 (98.6) 14 (1.4) 992 992 DK 987 (99.1) 9 (0.9) 996 996 FR 1005 (99.6) 4 (0.4) 1009 1009 GB-GBN 1033 (99.1) 9 (0.9) 1042 1042 GB-NIR 313 (99.7) 1 (0.3) 314 314 GR 982 (98.2) 18 (1.8) 1000 1000 IE 997 (99.7) 3 (0.3) 1000 1000 IT 1052 (99.2) 8 (0.8) 1060 1060 LU 299 (99.7) 1 (0.3) 300 300 NL 1010 (99.5) 5 (0.5) 1015 1015 N Sum 9671 75 9746 N Valid Sum 9671 75 9746 printed 27.02.2012 page 192 Eurobarometer 21 - March-April 1984,GESIS Variable Report,217,ZA1320
v185,v185 0 1 N Sum N Valid Sum,Q340 EC WITHDRAWAL PREF: NETHERLANDS,isocntry BE 1011 (99.3) 7 (0.7) 1018 1018 DE 978 (98.6) 14 (1.4) 992 992 DK 984 (98.8) 12 (1.2) 996 996 FR 996 (98.7) 13 (1.3) 1009 1009 GB-GBN 1037 (99.5) 5 (0.5) 1042 1042 GB-NIR 313 (99.7) 1 (0.3) 314 314 GR 980 (98.0) 20 (2.0) 1000 1000 IE 993 (99.3) 7 (0.7) 1000 1000 IT 1047 (98.8) 13 (1.2) 1060 1060 LU 299 (99.7) 1 (0.3) 300 300 NL 1003 (98.7) 13 (1.3) 1016 1016 N Sum 9641 106 9747 N Valid Sum 9641 106 9747 printed 27.02.2012 page 193 Eurobarometer 21 - March-April 1984,isocntry BE 1011 (99.3) 7 (0.7) 1018 1018 DE 978 (98.6) 14 (1.4) 992 992 DK 984 (98.8) 12 (1.2) 996 996 FR 996 (98.7) 13 (1.3) 1009 1009 GB-GBN 1037 (99.5) 5 (0.5) 1042 1042 GB-NIR 313 (99.7) 1 (0.3) 314 314 GR 980 (98.0) 20 (2.0) 1000 1000 IE 993 (99.3) 7 (0.7) 1000 1000 IT 1047 (98.8) 13 (1.2) 1060 1060 LU 299 (99.7) 1 (0.3) 300 300 NL 1003 (98.7) 13 (1.3) 1016 1016 N Sum 9641 106 9747 N Valid Sum 9641 106 9747 printed 27.02.2012 page 193 Eurobarometer 21 - March-April 1984,GESIS Variable Report,218,ZA1320
v186,v186 0 1 N Sum N Valid Sum,Q340 EC WITHDRAWAL PREF: DENMARK,isocntry BE 1008 (99.0) 10 (1.0) 1018 1018 DE 979 (98.7) 13 (1.3) 992 992 DK 816 (81.9) 180 (18.1) 996 996 FR 1001 (99.2) 8 (0.8) 1009 1009 GB-GBN 1031 (98.9) 11 (1.1) 1042 1042 GB-NIR 311 (99.0) 3 (1.0) 314 314 GR 983 (98.3) 17 (1.7) 1000 1000 IE 995 (99.5) 5 (0.5) 1000 1000 IT 1052 (99.2) 8 (0.8) 1060 1060 LU 299 (99.7) 1 (0.3) 300 300 NL 1008 (99.3) 7 (0.7) 1015 1015 N Sum 9483 263 9746 N Valid Sum 9483 263 9746 printed 27.02.2012 page 194 Eurobarometer 21 - March-April 1984,isocntry BE 1008 (99.0) 10 (1.0) 1018 1018 DE 979 (98.7) 13 (1.3) 992 992 DK 816 (81.9) 180 (18.1) 996 996 FR 1001 (99.2) 8 (0.8) 1009 1009 GB-GBN 1031 (98.9) 11 (1.1) 1042 1042 GB-NIR 311 (99.0) 3 (1.0) 314 314 GR 983 (98.3) 17 (1.7) 1000 1000 IE 995 (99.5) 5 (0.5) 1000 1000 IT 1052 (99.2) 8 (0.8) 1060 1060 LU 299 (99.7) 1 (0.3) 300 300 NL 1008 (99.3) 7 (0.7) 1015 1015 N Sum 9483 263 9746 N Valid Sum 9483 263 9746 printed 27.02.2012 page 194 Eurobarometer 21 - March-April 1984,GESIS Variable Report,219,ZA1320
v187,v187 0 1 N Sum N Valid Sum,Q340 EC WITHDRAWAL PREF: GREECE,isocntry BE 950 (93.3) 68 (6.7) 1018 1018 DE 867 (87.4) 125 (12.6) 992 992 DK 904 (90.8) 92 (9.2) 996 996 FR 967 (95.8) 42 (4.2) 1009 1009 GB-GBN 963 (92.4) 79 (7.6) 1042 1042 GB-NIR 306 (97.5) 8 (2.5) 314 314 GR 867 (86.7) 133 (13.3) 1000 1000 IE 976 (97.6) 24 (2.4) 1000 1000 IT 1030 (97.2) 30 (2.8) 1060 1060 LU 273 (91.0) 27 (9.0) 300 300 NL 948 (93.4) 67 (6.6) 1015 1015 N Sum 9051 695 9746 N Valid Sum 9051 695 9746 printed 27.02.2012 page 195 Eurobarometer 21 - March-April 1984,isocntry BE 950 (93.3) 68 (6.7) 1018 1018 DE 867 (87.4) 125 (12.6) 992 992 DK 904 (90.8) 92 (9.2) 996 996 FR 967 (95.8) 42 (4.2) 1009 1009 GB-GBN 963 (92.4) 79 (7.6) 1042 1042 GB-NIR 306 (97.5) 8 (2.5) 314 314 GR 867 (86.7) 133 (13.3) 1000 1000 IE 976 (97.6) 24 (2.4) 1000 1000 IT 1030 (97.2) 30 (2.8) 1060 1060 LU 273 (91.0) 27 (9.0) 300 300 NL 948 (93.4) 67 (6.6) 1015 1015 N Sum 9051 695 9746 N Valid Sum 9051 695 9746 printed 27.02.2012 page 195 Eurobarometer 21 - March-April 1984,GESIS Variable Report,220,ZA1320
v188,v188 0 1 N Sum N Valid Sum,Q340 EC WITHDRAWAL PREF: FRANCE,isocntry BE 1006 (98.8) 12 (1.2) 1018 1018 DE 953 (96.1) 39 (3.9) 992 992 DK 979 (98.3) 17 (1.7) 996 996 FR 1005 (99.6) 4 (0.4) 1009 1009 GB-GBN 778 (74.7) 264 (25.3) 1042 1042 GB-NIR 272 (86.6) 42 (13.4) 314 314 GR 955 (95.5) 45 (4.5) 1000 1000 IE 977 (97.7) 23 (2.3) 1000 1000 IT 1011 (95.4) 49 (4.6) 1060 1060 LU 295 (98.3) 5 (1.7) 300 300 NL 982 (96.7) 34 (3.3) 1016 1016 N Sum 9213 534 9747 N Valid Sum 9213 534 9747 printed 27.02.2012 page 196 Eurobarometer 21 - March-April 1984,isocntry BE 1006 (98.8) 12 (1.2) 1018 1018 DE 953 (96.1) 39 (3.9) 992 992 DK 979 (98.3) 17 (1.7) 996 996 FR 1005 (99.6) 4 (0.4) 1009 1009 GB-GBN 778 (74.7) 264 (25.3) 1042 1042 GB-NIR 272 (86.6) 42 (13.4) 314 314 GR 955 (95.5) 45 (4.5) 1000 1000 IE 977 (97.7) 23 (2.3) 1000 1000 IT 1011 (95.4) 49 (4.6) 1060 1060 LU 295 (98.3) 5 (1.7) 300 300 NL 982 (96.7) 34 (3.3) 1016 1016 N Sum 9213 534 9747 N Valid Sum 9213 534 9747 printed 27.02.2012 page 196 Eurobarometer 21 - March-April 1984,GESIS Variable Report,221,ZA1320
v189,v189 0 1 2 3 N Sum N Valid Sum,Q341 EC MEMBERSHIP - GOOD/BAD,isocntry M BE 97 602 (65.4) 67 (7.3) 252 (27.4) 1018 921 DE 106 531 (59.9) 50 (5.6) 305 (34.4) 992 886 DK 104 306 (34.3) 287 (32.2) 299 (33.5) 996 892 FR 72 624 (66.6) 43 (4.6) 270 (28.8) 1009 937 GB-GBN 55 352 (35.7) 321 (32.5) 314 (31.8) 1042 987 GB-NIR 42 104 (38.2) 46 (16.9) 122 (44.9) 314 272 GR 88 378 (41.4) 179 (19.6) 355 (38.9) 1000 912 IE 70 429 (46.1) 227 (24.4) 274 (29.5) 1000 930 IT 75 739 (75.0) 37 (3.8) 209 (21.2) 1060 985 LU 9 241 (82.8) 8 (2.7) 42 (14.4) 300 291 NL 39 806 (82.7) 33 (3.4) 136 (13.9) 1014 975 N Sum 757 5112 1298 2578 9745 N Valid Sum 5112 1298 2578 8988 printed 27.02.2012 page 197 Eurobarometer 21 - March-April 1984,isocntry M BE 97 602 (65.4) 67 (7.3) 252 (27.4) 1018 921 DE 106 531 (59.9) 50 (5.6) 305 (34.4) 992 886 DK 104 306 (34.3) 287 (32.2) 299 (33.5) 996 892 FR 72 624 (66.6) 43 (4.6) 270 (28.8) 1009 937 GB-GBN 55 352 (35.7) 321 (32.5) 314 (31.8) 1042 987 GB-NIR 42 104 (38.2) 46 (16.9) 122 (44.9) 314 272 GR 88 378 (41.4) 179 (19.6) 355 (38.9) 1000 912 IE 70 429 (46.1) 227 (24.4) 274 (29.5) 1000 930 IT 75 739 (75.0) 37 (3.8) 209 (21.2) 1060 985 LU 9 241 (82.8) 8 (2.7) 42 (14.4) 300 291 NL 39 806 (82.7) 33 (3.4) 136 (13.9) 1014 975 N Sum 757 5112 1298 2578 9745 N Valid Sum 5112 1298 2578 8988 printed 27.02.2012 page 197 Eurobarometer 21 - March-April 1984,GESIS Variable Report,222,ZA1320
v190,v190 0 1 N Sum N Valid Sum,Q342 EC MEMBERSHIP - COUNTRY BENEFIT,isocntry BE 521 (51.2) 497 (48.8) 1018 1018 DE 610 (61.5) 382 (38.5) 992 992 DK 580 (58.2) 416 (41.8) 996 996 FR 498 (49.4) 511 (50.6) 1009 1009 GB-GBN 708 (67.9) 334 (32.1) 1042 1042 GB-NIR 200 (63.7) 114 (36.3) 314 314 GR 558 (55.8) 442 (44.2) 1000 1000 IE 410 (41.0) 590 (59.0) 1000 1000 IT 451 (42.5) 609 (57.5) 1060 1060 LU 83 (27.7) 217 (72.3) 300 300 NL 332 (32.7) 683 (67.3) 1015 1015 N Sum 4951 4795 9746 N Valid Sum 4951 4795 9746 printed 27.02.2012 page 198 Eurobarometer 21 - March-April 1984,isocntry BE 521 (51.2) 497 (48.8) 1018 1018 DE 610 (61.5) 382 (38.5) 992 992 DK 580 (58.2) 416 (41.8) 996 996 FR 498 (49.4) 511 (50.6) 1009 1009 GB-GBN 708 (67.9) 334 (32.1) 1042 1042 GB-NIR 200 (63.7) 114 (36.3) 314 314 GR 558 (55.8) 442 (44.2) 1000 1000 IE 410 (41.0) 590 (59.0) 1000 1000 IT 451 (42.5) 609 (57.5) 1060 1060 LU 83 (27.7) 217 (72.3) 300 300 NL 332 (32.7) 683 (67.3) 1015 1015 N Sum 4951 4795 9746 N Valid Sum 4951 4795 9746 printed 27.02.2012 page 198 Eurobarometer 21 - March-April 1984,GESIS Variable Report,223,ZA1320
v191,v191 0 1 9 N Sum N Valid Sum,Q342 EC MEMBERSHIP BENEFIT - MORE,isocntry M BE 422 (84.9) 75 (15.1) 521 1018 497 DE 314 (82.2) 68 (17.8) 610 992 382 DK 319 (76.7) 97 (23.3) 580 996 416 FR 463 (90.8) 47 (9.2) 498 1008 510 GB-GBN 308 (91.9) 27 (8.1) 708 1043 335 GB-NIR 88 (77.2) 26 (22.8) 200 314 114 GR 374 (84.6) 68 (15.4) 558 1000 442 IE 346 (58.6) 244 (41.4) 410 1000 590 IT 501 (82.3) 108 (17.7) 451 1060 609 LU 173 (79.7) 44 (20.3) 83 300 217 NL 522 (76.4) 161 (23.6) 332 1015 683 N Sum 3830 965 4951 9746 N Valid Sum 3830 965 4795 printed 27.02.2012 page 199 Eurobarometer 21 - March-April 1984,isocntry M BE 422 (84.9) 75 (15.1) 521 1018 497 DE 314 (82.2) 68 (17.8) 610 992 382 DK 319 (76.7) 97 (23.3) 580 996 416 FR 463 (90.8) 47 (9.2) 498 1008 510 GB-GBN 308 (91.9) 27 (8.1) 708 1043 335 GB-NIR 88 (77.2) 26 (22.8) 200 314 114 GR 374 (84.6) 68 (15.4) 558 1000 442 IE 346 (58.6) 244 (41.4) 410 1000 590 IT 501 (82.3) 108 (17.7) 451 1060 609 LU 173 (79.7) 44 (20.3) 83 300 217 NL 522 (76.4) 161 (23.6) 332 1015 683 N Sum 3830 965 4951 9746 N Valid Sum 3830 965 4795 printed 27.02.2012 page 199 Eurobarometer 21 - March-April 1984,GESIS Variable Report,224,ZA1320
v192,v192 0 1 9 N Sum N Valid Sum,Q342 EC MEMBERSHIP BENEFIT - LESS,isocntry M BE 426 (85.7) 71 (14.3) 521 1018 497 DE 288 (75.6) 93 (24.4) 610 991 381 DK 360 (86.3) 57 (13.7) 580 997 417 FR 429 (84.1) 81 (15.9) 498 1008 510 GB-GBN 156 (46.7) 178 (53.3) 708 1042 334 GB-NIR 72 (63.2) 42 (36.8) 200 314 114 GR 271 (61.3) 171 (38.7) 558 1000 442 IE 462 (78.3) 128 (21.7) 410 1000 590 IT 406 (66.7) 203 (33.3) 451 1060 609 LU 186 (85.7) 31 (14.3) 83 300 217 NL 588 (86.1) 95 (13.9) 332 1015 683 N Sum 3644 1150 4951 9745 N Valid Sum 3644 1150 4794 printed 27.02.2012 page 200 Eurobarometer 21 - March-April 1984,isocntry M BE 426 (85.7) 71 (14.3) 521 1018 497 DE 288 (75.6) 93 (24.4) 610 991 381 DK 360 (86.3) 57 (13.7) 580 997 417 FR 429 (84.1) 81 (15.9) 498 1008 510 GB-GBN 156 (46.7) 178 (53.3) 708 1042 334 GB-NIR 72 (63.2) 42 (36.8) 200 314 114 GR 271 (61.3) 171 (38.7) 558 1000 442 IE 462 (78.3) 128 (21.7) 410 1000 590 IT 406 (66.7) 203 (33.3) 451 1060 609 LU 186 (85.7) 31 (14.3) 83 300 217 NL 588 (86.1) 95 (13.9) 332 1015 683 N Sum 3644 1150 4951 9745 N Valid Sum 3644 1150 4794 printed 27.02.2012 page 200 Eurobarometer 21 - March-April 1984,GESIS Variable Report,225,ZA1320
v193,v193 0 1 9 N Sum N Valid Sum,Q342 EC MEMBERSHIP BENEFIT - SAME,isocntry M BE 212 (42.7) 285 (57.3) 521 1018 497 DE 272 (71.4) 109 (28.6) 610 991 381 DK 416 (99.8) 1 (0.2) 580 997 417 FR 193 (37.8) 318 (62.2) 498 1009 511 GB-GBN 261 (78.1) 73 (21.9) 708 1042 334 GB-NIR 83 (72.8) 31 (27.2) 200 314 114 GR 365 (82.6) 77 (17.4) 558 1000 442 IE 437 (74.1) 153 (25.9) 410 1000 590 IT 420 (69.0) 189 (31.0) 451 1060 609 LU 109 (50.2) 108 (49.8) 83 300 217 NL 354 (51.8) 329 (48.2) 332 1015 683 N Sum 3122 1673 4951 9746 N Valid Sum 3122 1673 4795 printed 27.02.2012 page 201 Eurobarometer 21 - March-April 1984,isocntry M BE 212 (42.7) 285 (57.3) 521 1018 497 DE 272 (71.4) 109 (28.6) 610 991 381 DK 416 (99.8) 1 (0.2) 580 997 417 FR 193 (37.8) 318 (62.2) 498 1009 511 GB-GBN 261 (78.1) 73 (21.9) 708 1042 334 GB-NIR 83 (72.8) 31 (27.2) 200 314 114 GR 365 (82.6) 77 (17.4) 558 1000 442 IE 437 (74.1) 153 (25.9) 410 1000 590 IT 420 (69.0) 189 (31.0) 451 1060 609 LU 109 (50.2) 108 (49.8) 83 300 217 NL 354 (51.8) 329 (48.2) 332 1015 683 N Sum 3122 1673 4951 9746 N Valid Sum 3122 1673 4795 printed 27.02.2012 page 201 Eurobarometer 21 - March-April 1984,GESIS Variable Report,226,ZA1320
v194,v194 0 1 9 N Sum N Valid Sum,Q342 EC MEMBERSHIP BENEFIT - DONT KNOW,isocntry M BE 431 (86.7) 66 (13.3) 521 1018 497 DE 271 (70.9) 111 (29.1) 610 992 382 DK 154 (37.0) 262 (63.0) 580 996 416 FR 446 (87.5) 64 (12.5) 498 1008 510 GB-GBN 278 (83.2) 56 (16.8) 708 1042 334 GB-NIR 99 (86.8) 15 (13.2) 200 314 114 GR 316 (71.5) 126 (28.5) 558 1000 442 IE 525 (89.0) 65 (11.0) 410 1000 590 IT 500 (82.1) 109 (17.9) 451 1060 609 LU 183 (84.3) 34 (15.7) 83 300 217 NL 585 (85.7) 98 (14.3) 332 1015 683 N Sum 3788 1006 4951 9745 N Valid Sum 3788 1006 4794 printed 27.02.2012 page 202 Eurobarometer 21 - March-April 1984,isocntry M BE 431 (86.7) 66 (13.3) 521 1018 497 DE 271 (70.9) 111 (29.1) 610 992 382 DK 154 (37.0) 262 (63.0) 580 996 416 FR 446 (87.5) 64 (12.5) 498 1008 510 GB-GBN 278 (83.2) 56 (16.8) 708 1042 334 GB-NIR 99 (86.8) 15 (13.2) 200 314 114 GR 316 (71.5) 126 (28.5) 558 1000 442 IE 525 (89.0) 65 (11.0) 410 1000 590 IT 500 (82.1) 109 (17.9) 451 1060 609 LU 183 (84.3) 34 (15.7) 83 300 217 NL 585 (85.7) 98 (14.3) 332 1015 683 N Sum 3788 1006 4951 9745 N Valid Sum 3788 1006 4794 printed 27.02.2012 page 202 Eurobarometer 21 - March-April 1984,GESIS Variable Report,227,ZA1320
v195,v195 0 1 N Sum N Valid Sum,Q342 EC MEMBERSHIP BENEFIT - NOT,isocntry BE 790 (77.6) 228 (22.4) 1018 1018 DE 750 (75.6) 242 (24.4) 992 992 DK 657 (66.0) 339 (34.0) 996 996 FR 770 (76.3) 239 (23.7) 1009 1009 GB-GBN 452 (43.4) 590 (56.6) 1042 1042 GB-NIR 184 (58.6) 130 (41.4) 314 314 GR 647 (64.7) 353 (35.3) 1000 1000 IE 714 (71.4) 286 (28.6) 1000 1000 IT 848 (80.0) 212 (20.0) 1060 1060 LU 257 (85.7) 43 (14.3) 300 300 NL 844 (83.2) 171 (16.8) 1015 1015 N Sum 6913 2833 9746 N Valid Sum 6913 2833 9746 printed 27.02.2012 page 203 Eurobarometer 21 - March-April 1984,isocntry BE 790 (77.6) 228 (22.4) 1018 1018 DE 750 (75.6) 242 (24.4) 992 992 DK 657 (66.0) 339 (34.0) 996 996 FR 770 (76.3) 239 (23.7) 1009 1009 GB-GBN 452 (43.4) 590 (56.6) 1042 1042 GB-NIR 184 (58.6) 130 (41.4) 314 314 GR 647 (64.7) 353 (35.3) 1000 1000 IE 714 (71.4) 286 (28.6) 1000 1000 IT 848 (80.0) 212 (20.0) 1060 1060 LU 257 (85.7) 43 (14.3) 300 300 NL 844 (83.2) 171 (16.8) 1015 1015 N Sum 6913 2833 9746 N Valid Sum 6913 2833 9746 printed 27.02.2012 page 203 Eurobarometer 21 - March-April 1984,GESIS Variable Report,228,ZA1320
v196,v196 0 1 2 3 N Sum N Valid Sum,Q343 EC DISSOLUTION - REGRET,isocntry M BE 137 318 (36.1) 536 (60.8) 27 (3.1) 1018 881 DE 190 442 (55.1) 314 (39.2) 46 (5.7) 992 802 DK 180 216 (26.5) 320 (39.3) 279 (34.2) 995 815 FR 146 440 (51.0) 379 (43.9) 44 (5.1) 1009 863 GB-GBN 38 256 (25.5) 418 (41.6) 330 (32.9) 1042 1004 GB-NIR 25 53 (18.3) 176 (60.9) 60 (20.8) 314 289 GR 114 245 (27.7) 486 (54.9) 155 (17.5) 1000 886 IE 79 330 (35.8) 428 (46.5) 163 (17.7) 1000 921 IT 158 435 (48.2) 438 (48.6) 29 (3.2) 1060 902 LU 22 193 (69.4) 79 (28.4) 6 (2.2) 300 278 NL 87 519 (55.9) 383 (41.3) 26 (2.8) 1015 928 N Sum 1176 3447 3957 1165 9745 N Valid Sum 3447 3957 1165 8569 printed 27.02.2012 page 204 Eurobarometer 21 - March-April 1984,isocntry M BE 137 318 (36.1) 536 (60.8) 27 (3.1) 1018 881 DE 190 442 (55.1) 314 (39.2) 46 (5.7) 992 802 DK 180 216 (26.5) 320 (39.3) 279 (34.2) 995 815 FR 146 440 (51.0) 379 (43.9) 44 (5.1) 1009 863 GB-GBN 38 256 (25.5) 418 (41.6) 330 (32.9) 1042 1004 GB-NIR 25 53 (18.3) 176 (60.9) 60 (20.8) 314 289 GR 114 245 (27.7) 486 (54.9) 155 (17.5) 1000 886 IE 79 330 (35.8) 428 (46.5) 163 (17.7) 1000 921 IT 158 435 (48.2) 438 (48.6) 29 (3.2) 1060 902 LU 22 193 (69.4) 79 (28.4) 6 (2.2) 300 278 NL 87 519 (55.9) 383 (41.3) 26 (2.8) 1015 928 N Sum 1176 3447 3957 1165 9745 N Valid Sum 3447 3957 1165 8569 printed 27.02.2012 page 204 Eurobarometer 21 - March-April 1984,GESIS Variable Report,229,ZA1320
v197,v197 1 2 3 N Sum N Valid Sum,Q344 EC POLICIES: EUROP PASSPORT,isocntry M BE 784 (89.0) 97 (11.0) 137 1018 881 DE 780 (87.2) 115 (12.8) 97 992 895 DK 527 (61.9) 325 (38.1) 144 996 852 FR 870 (92.3) 73 (7.7) 66 1009 943 GB-GBN 741 (75.5) 241 (24.5) 60 1042 982 GB-NIR 229 (86.7) 35 (13.3) 50 314 264 GR 881 (96.5) 32 (3.5) 87 1000 913 IE 823 (90.6) 85 (9.4) 92 1000 908 IT 982 (96.7) 33 (3.3) 45 1060 1015 LU 275 (93.5) 19 (6.5) 6 300 294 NL 842 (87.3) 123 (12.7) 51 1016 965 N Sum 7734 1178 835 9747 N Valid Sum 7734 1178 8912 printed 27.02.2012 page 205 Eurobarometer 21 - March-April 1984,isocntry M BE 784 (89.0) 97 (11.0) 137 1018 881 DE 780 (87.2) 115 (12.8) 97 992 895 DK 527 (61.9) 325 (38.1) 144 996 852 FR 870 (92.3) 73 (7.7) 66 1009 943 GB-GBN 741 (75.5) 241 (24.5) 60 1042 982 GB-NIR 229 (86.7) 35 (13.3) 50 314 264 GR 881 (96.5) 32 (3.5) 87 1000 913 IE 823 (90.6) 85 (9.4) 92 1000 908 IT 982 (96.7) 33 (3.3) 45 1060 1015 LU 275 (93.5) 19 (6.5) 6 300 294 NL 842 (87.3) 123 (12.7) 51 1016 965 N Sum 7734 1178 835 9747 N Valid Sum 7734 1178 8912 printed 27.02.2012 page 205 Eurobarometer 21 - March-April 1984,GESIS Variable Report,230,ZA1320
v198,v198 1 2 3 N Sum N Valid Sum,Q344 EC POLICIES: EUROP CURRENCY,isocntry M BE 772 (85.7) 129 (14.3) 117 1018 901 DE 518 (60.6) 337 (39.4) 136 991 855 DK 356 (42.0) 491 (58.0) 149 996 847 FR 808 (87.2) 119 (12.8) 82 1009 927 GB-GBN 512 (52.8) 457 (47.2) 73 1042 969 GB-NIR 160 (60.8) 103 (39.2) 51 314 263 GR 796 (91.1) 78 (8.9) 126 1000 874 IE 754 (85.5) 128 (14.5) 118 1000 882 IT 900 (92.5) 73 (7.5) 87 1060 973 LU 271 (93.1) 20 (6.9) 9 300 291 NL 691 (73.9) 244 (26.1) 80 1015 935 N Sum 6538 2179 1028 9745 N Valid Sum 6538 2179 8717 printed 27.02.2012 page 206 Eurobarometer 21 - March-April 1984,isocntry M BE 772 (85.7) 129 (14.3) 117 1018 901 DE 518 (60.6) 337 (39.4) 136 991 855 DK 356 (42.0) 491 (58.0) 149 996 847 FR 808 (87.2) 119 (12.8) 82 1009 927 GB-GBN 512 (52.8) 457 (47.2) 73 1042 969 GB-NIR 160 (60.8) 103 (39.2) 51 314 263 GR 796 (91.1) 78 (8.9) 126 1000 874 IE 754 (85.5) 128 (14.5) 118 1000 882 IT 900 (92.5) 73 (7.5) 87 1060 973 LU 271 (93.1) 20 (6.9) 9 300 291 NL 691 (73.9) 244 (26.1) 80 1015 935 N Sum 6538 2179 1028 9745 N Valid Sum 6538 2179 8717 printed 27.02.2012 page 206 Eurobarometer 21 - March-April 1984,GESIS Variable Report,231,ZA1320
v199,v199 1 2 3 N Sum N Valid Sum,Q344 EC POLICIES: OLYMPIC TEAM,isocntry M BE 354 (46.1) 414 (53.9) 250 1018 768 DE 175 (22.1) 618 (77.9) 199 992 793 DK 74 (8.8) 764 (91.2) 158 996 838 FR 349 (41.0) 503 (59.0) 157 1009 852 GB-GBN 125 (12.9) 847 (87.1) 70 1042 972 GB-NIR 51 (20.3) 200 (79.7) 63 314 251 GR 363 (47.4) 403 (52.6) 234 1000 766 IE 171 (19.6) 703 (80.4) 126 1000 874 IT 397 (45.0) 485 (55.0) 178 1060 882 LU 97 (39.1) 151 (60.9) 52 300 248 NL 234 (28.0) 602 (72.0) 180 1016 836 N Sum 2390 5690 1667 9747 N Valid Sum 2390 5690 8080 printed 27.02.2012 page 207 Eurobarometer 21 - March-April 1984,isocntry M BE 354 (46.1) 414 (53.9) 250 1018 768 DE 175 (22.1) 618 (77.9) 199 992 793 DK 74 (8.8) 764 (91.2) 158 996 838 FR 349 (41.0) 503 (59.0) 157 1009 852 GB-GBN 125 (12.9) 847 (87.1) 70 1042 972 GB-NIR 51 (20.3) 200 (79.7) 63 314 251 GR 363 (47.4) 403 (52.6) 234 1000 766 IE 171 (19.6) 703 (80.4) 126 1000 874 IT 397 (45.0) 485 (55.0) 178 1060 882 LU 97 (39.1) 151 (60.9) 52 300 248 NL 234 (28.0) 602 (72.0) 180 1016 836 N Sum 2390 5690 1667 9747 N Valid Sum 2390 5690 8080 printed 27.02.2012 page 207 Eurobarometer 21 - March-April 1984,GESIS Variable Report,232,ZA1320
v200,v200 1 2 3 N Sum N Valid Sum,Q344 EC POLICIES: PENAL AUTHORITY,isocntry M BE 772 (86.4) 122 (13.6) 124 1018 894 DE 766 (86.8) 116 (13.2) 111 993 882 DK 774 (87.4) 112 (12.6) 110 996 886 FR 833 (90.2) 90 (9.8) 86 1009 923 GB-GBN 939 (93.9) 61 (6.1) 43 1043 1000 GB-NIR 245 (89.7) 28 (10.3) 41 314 273 GR 656 (79.1) 173 (20.9) 171 1000 829 IE 740 (85.2) 129 (14.8) 131 1000 869 IT 909 (92.8) 70 (7.2) 81 1060 979 LU 265 (92.7) 21 (7.3) 14 300 286 NL 943 (96.0) 39 (4.0) 33 1015 982 N Sum 7842 961 945 9748 N Valid Sum 7842 961 8803 printed 27.02.2012 page 208 Eurobarometer 21 - March-April 1984,isocntry M BE 772 (86.4) 122 (13.6) 124 1018 894 DE 766 (86.8) 116 (13.2) 111 993 882 DK 774 (87.4) 112 (12.6) 110 996 886 FR 833 (90.2) 90 (9.8) 86 1009 923 GB-GBN 939 (93.9) 61 (6.1) 43 1043 1000 GB-NIR 245 (89.7) 28 (10.3) 41 314 273 GR 656 (79.1) 173 (20.9) 171 1000 829 IE 740 (85.2) 129 (14.8) 131 1000 869 IT 909 (92.8) 70 (7.2) 81 1060 979 LU 265 (92.7) 21 (7.3) 14 300 286 NL 943 (96.0) 39 (4.0) 33 1015 982 N Sum 7842 961 945 9748 N Valid Sum 7842 961 8803 printed 27.02.2012 page 208 Eurobarometer 21 - March-April 1984,GESIS Variable Report,233,ZA1320
v201,v201 1 2 3 N Sum N Valid Sum,Q344 EC POLICIES: ONE AMBASSADOR,isocntry M BE 365 (47.5) 403 (52.5) 250 1018 768 DE 214 (27.2) 573 (72.8) 204 991 787 DK 118 (14.7) 685 (85.3) 194 997 803 FR 290 (34.4) 553 (65.6) 166 1009 843 GB-GBN 139 (14.5) 821 (85.5) 82 1042 960 GB-NIR 46 (20.7) 176 (79.3) 92 314 222 GR 251 (32.9) 511 (67.1) 238 1000 762 IE 266 (33.4) 531 (66.6) 203 1000 797 IT 359 (44.4) 450 (55.6) 251 1060 809 LU 101 (39.5) 155 (60.5) 44 300 256 NL 263 (30.2) 608 (69.8) 144 1015 871 N Sum 2412 5466 1868 9746 N Valid Sum 2412 5466 7878 printed 27.02.2012 page 209 Eurobarometer 21 - March-April 1984,isocntry M BE 365 (47.5) 403 (52.5) 250 1018 768 DE 214 (27.2) 573 (72.8) 204 991 787 DK 118 (14.7) 685 (85.3) 194 997 803 FR 290 (34.4) 553 (65.6) 166 1009 843 GB-GBN 139 (14.5) 821 (85.5) 82 1042 960 GB-NIR 46 (20.7) 176 (79.3) 92 314 222 GR 251 (32.9) 511 (67.1) 238 1000 762 IE 266 (33.4) 531 (66.6) 203 1000 797 IT 359 (44.4) 450 (55.6) 251 1060 809 LU 101 (39.5) 155 (60.5) 44 300 256 NL 263 (30.2) 608 (69.8) 144 1015 871 N Sum 2412 5466 1868 9746 N Valid Sum 2412 5466 7878 printed 27.02.2012 page 209 Eurobarometer 21 - March-April 1984,GESIS Variable Report,234,ZA1320
v202,v202 1 2 3 N Sum N Valid Sum,Q344 EC POLICIES: FREE EMPLOYMENT,isocntry M BE 480 (54.7) 397 (45.3) 141 1018 877 DE 548 (65.9) 284 (34.1) 160 992 832 DK 339 (42.4) 460 (57.6) 197 996 799 FR 551 (62.4) 332 (37.6) 126 1009 883 GB-GBN 541 (58.2) 389 (41.8) 113 1043 930 GB-NIR 106 (46.9) 120 (53.1) 88 314 226 GR 585 (66.7) 292 (33.3) 123 1000 877 IE 474 (58.2) 340 (41.8) 186 1000 814 IT 864 (90.9) 86 (9.1) 110 1060 950 LU 176 (64.2) 98 (35.8) 26 300 274 NL 532 (59.4) 363 (40.6) 120 1015 895 N Sum 5196 3161 1390 9747 N Valid Sum 5196 3161 8357 printed 27.02.2012 page 210 Eurobarometer 21 - March-April 1984,isocntry M BE 480 (54.7) 397 (45.3) 141 1018 877 DE 548 (65.9) 284 (34.1) 160 992 832 DK 339 (42.4) 460 (57.6) 197 996 799 FR 551 (62.4) 332 (37.6) 126 1009 883 GB-GBN 541 (58.2) 389 (41.8) 113 1043 930 GB-NIR 106 (46.9) 120 (53.1) 88 314 226 GR 585 (66.7) 292 (33.3) 123 1000 877 IE 474 (58.2) 340 (41.8) 186 1000 814 IT 864 (90.9) 86 (9.1) 110 1060 950 LU 176 (64.2) 98 (35.8) 26 300 274 NL 532 (59.4) 363 (40.6) 120 1015 895 N Sum 5196 3161 1390 9747 N Valid Sum 5196 3161 8357 printed 27.02.2012 page 210 Eurobarometer 21 - March-April 1984,GESIS Variable Report,235,ZA1320
v203,v203 1 2 3 N Sum N Valid Sum,Q344 EC POLICIES: EQ SOCIAL BENEFITS,isocntry M BE 558 (71.3) 225 (28.7) 235 1018 783 DE 490 (61.7) 304 (38.3) 198 992 794 DK 294 (38.3) 473 (61.7) 229 996 767 FR 599 (77.0) 179 (23.0) 232 1010 778 GB-GBN 619 (70.5) 259 (29.5) 164 1042 878 GB-NIR 162 (75.0) 54 (25.0) 98 314 216 GR 849 (95.0) 45 (5.0) 106 1000 894 IE 747 (87.4) 108 (12.6) 145 1000 855 IT 924 (96.0) 38 (4.0) 98 1060 962 LU 213 (78.3) 59 (21.7) 28 300 272 NL 626 (71.3) 252 (28.7) 137 1015 878 N Sum 6081 1996 1670 9747 N Valid Sum 6081 1996 8077 printed 27.02.2012 page 211 Eurobarometer 21 - March-April 1984,isocntry M BE 558 (71.3) 225 (28.7) 235 1018 783 DE 490 (61.7) 304 (38.3) 198 992 794 DK 294 (38.3) 473 (61.7) 229 996 767 FR 599 (77.0) 179 (23.0) 232 1010 778 GB-GBN 619 (70.5) 259 (29.5) 164 1042 878 GB-NIR 162 (75.0) 54 (25.0) 98 314 216 GR 849 (95.0) 45 (5.0) 106 1000 894 IE 747 (87.4) 108 (12.6) 145 1000 855 IT 924 (96.0) 38 (4.0) 98 1060 962 LU 213 (78.3) 59 (21.7) 28 300 272 NL 626 (71.3) 252 (28.7) 137 1015 878 N Sum 6081 1996 1670 9747 N Valid Sum 6081 1996 8077 printed 27.02.2012 page 211 Eurobarometer 21 - March-April 1984,GESIS Variable Report,236,ZA1320
v204,v204 1 2 3 N Sum N Valid Sum,Q344 EC POLICIES: FREE TRADE,isocntry M BE 413 (49.3) 425 (50.7) 180 1018 838 DE 398 (52.3) 363 (47.7) 231 992 761 DK 273 (36.5) 475 (63.5) 248 996 748 FR 407 (48.2) 438 (51.8) 164 1009 845 GB-GBN 322 (35.5) 585 (64.5) 135 1042 907 GB-NIR 80 (35.6) 145 (64.4) 89 314 225 GR 435 (51.9) 403 (48.1) 162 1000 838 IE 368 (45.2) 446 (54.8) 186 1000 814 IT 798 (89.2) 97 (10.8) 165 1060 895 LU 156 (56.1) 122 (43.9) 22 300 278 NL 383 (42.1) 527 (57.9) 106 1016 910 N Sum 4033 4026 1688 9747 N Valid Sum 4033 4026 8059 printed 27.02.2012 page 212 Eurobarometer 21 - March-April 1984,isocntry M BE 413 (49.3) 425 (50.7) 180 1018 838 DE 398 (52.3) 363 (47.7) 231 992 761 DK 273 (36.5) 475 (63.5) 248 996 748 FR 407 (48.2) 438 (51.8) 164 1009 845 GB-GBN 322 (35.5) 585 (64.5) 135 1042 907 GB-NIR 80 (35.6) 145 (64.4) 89 314 225 GR 435 (51.9) 403 (48.1) 162 1000 838 IE 368 (45.2) 446 (54.8) 186 1000 814 IT 798 (89.2) 97 (10.8) 165 1060 895 LU 156 (56.1) 122 (43.9) 22 300 278 NL 383 (42.1) 527 (57.9) 106 1016 910 N Sum 4033 4026 1688 9747 N Valid Sum 4033 4026 8059 printed 27.02.2012 page 212 Eurobarometer 21 - March-April 1984,GESIS Variable Report,237,ZA1320
v205,v205 0 1 2 3 4 N Sum N Valid Sum,Q347 EUROP PARLIAMENT - IMPORTANCE,isocntry M BE 180 125 (14.9) 328 (39.1) 299 (35.7) 86 (10.3) 1018 838 DE 187 83 (10.3) 293 (36.4) 310 (38.5) 119 (14.8) 992 805 DK 342 102 (15.6) 272 (41.6) 186 (28.4) 94 (14.4) 996 654 FR 221 62 (7.9) 385 (48.9) 310 (39.3) 31 (3.9) 1009 788 GB-GBN 152 98 (11.0) 333 (37.4) 389 (43.7) 70 (7.9) 1042 890 GB-NIR 80 49 (20.9) 76 (32.5) 81 (34.6) 28 (12.0) 314 234 GR 203 137 (17.2) 353 (44.3) 217 (27.2) 90 (11.3) 1000 797 IE 186 177 (21.7) 355 (43.6) 205 (25.2) 77 (9.5) 1000 814 IT 239 109 (13.3) 372 (45.3) 287 (35.0) 53 (6.5) 1060 821 LU 49 35 (13.9) 128 (51.0) 76 (30.3) 12 (4.8) 300 251 NL 120 61 (6.8) 367 (41.1) 405 (45.3) 61 (6.8) 1014 894 N Sum 1959 1038 3262 2765 721 9745 N Valid Sum 1038 3262 2765 721 7786 printed 27.02.2012 page 213 Eurobarometer 21 - March-April 1984,isocntry M BE 180 125 (14.9) 328 (39.1) 299 (35.7) 86 (10.3) 1018 838 DE 187 83 (10.3) 293 (36.4) 310 (38.5) 119 (14.8) 992 805 DK 342 102 (15.6) 272 (41.6) 186 (28.4) 94 (14.4) 996 654 FR 221 62 (7.9) 385 (48.9) 310 (39.3) 31 (3.9) 1009 788 GB-GBN 152 98 (11.0) 333 (37.4) 389 (43.7) 70 (7.9) 1042 890 GB-NIR 80 49 (20.9) 76 (32.5) 81 (34.6) 28 (12.0) 314 234 GR 203 137 (17.2) 353 (44.3) 217 (27.2) 90 (11.3) 1000 797 IE 186 177 (21.7) 355 (43.6) 205 (25.2) 77 (9.5) 1000 814 IT 239 109 (13.3) 372 (45.3) 287 (35.0) 53 (6.5) 1060 821 LU 49 35 (13.9) 128 (51.0) 76 (30.3) 12 (4.8) 300 251 NL 120 61 (6.8) 367 (41.1) 405 (45.3) 61 (6.8) 1014 894 N Sum 1959 1038 3262 2765 721 9745 N Valid Sum 1038 3262 2765 721 7786 printed 27.02.2012 page 213 Eurobarometer 21 - March-April 1984,GESIS Variable Report,238,ZA1320
v206,v206 0 1 2 3 N Sum N Valid Sum,Q348 EUROP PARLIAMENT - PREFERENCE,isocntry M BE 167 536 (63.0) 97 (11.4) 218 (25.6) 1018 851 DE 258 438 (59.7) 103 (14.0) 193 (26.3) 992 734 DK 401 145 (24.4) 186 (31.3) 264 (44.4) 996 595 FR 243 552 (72.1) 35 (4.6) 179 (23.4) 1009 766 GB-GBN 189 351 (41.1) 259 (30.4) 243 (28.5) 1042 853 GB-NIR 106 106 (51.0) 35 (16.8) 67 (32.2) 314 208 GR 209 647 (81.8) 38 (4.8) 106 (13.4) 1000 791 IE 265 404 (55.0) 115 (15.6) 216 (29.4) 1000 735 IT 246 711 (87.3) 20 (2.5) 83 (10.2) 1060 814 LU 42 171 (66.3) 9 (3.5) 78 (30.2) 300 258 NL 156 570 (66.3) 80 (9.3) 210 (24.4) 1016 860 N Sum 2282 4631 977 1857 9747 N Valid Sum 4631 977 1857 7465 printed 27.02.2012 page 214 Eurobarometer 21 - March-April 1984,isocntry M BE 167 536 (63.0) 97 (11.4) 218 (25.6) 1018 851 DE 258 438 (59.7) 103 (14.0) 193 (26.3) 992 734 DK 401 145 (24.4) 186 (31.3) 264 (44.4) 996 595 FR 243 552 (72.1) 35 (4.6) 179 (23.4) 1009 766 GB-GBN 189 351 (41.1) 259 (30.4) 243 (28.5) 1042 853 GB-NIR 106 106 (51.0) 35 (16.8) 67 (32.2) 314 208 GR 209 647 (81.8) 38 (4.8) 106 (13.4) 1000 791 IE 265 404 (55.0) 115 (15.6) 216 (29.4) 1000 735 IT 246 711 (87.3) 20 (2.5) 83 (10.2) 1060 814 LU 42 171 (66.3) 9 (3.5) 78 (30.2) 300 258 NL 156 570 (66.3) 80 (9.3) 210 (24.4) 1016 860 N Sum 2282 4631 977 1857 9747 N Valid Sum 4631 977 1857 7465 printed 27.02.2012 page 214 Eurobarometer 21 - March-April 1984,GESIS Variable Report,239,ZA1320
v207,,Q349 ELECTORAL PARTICIP EUROP ELECTION,,Q349 ELECTORAL PARTICIP EUROP ELECTION,GESIS Variable Report,240,ZA1320
v208,,Q350 VOTE REASONS: MATTER OF PRINCIPLE,,Q350 VOTE REASONS: MATTER OF PRINCIPLE,GESIS Variable Report,241,ZA1320
v209,,Q350 VOTE REASONS: FEEL EUROPEAN CITIZEN,,Q350 VOTE REASONS: FEEL EUROPEAN CITIZEN,GESIS Variable Report,242,ZA1320
v210,,Q350 VOTE REASONS: NATIONAL POLITICS,,Q350 VOTE REASONS: NATIONAL POLITICS,GESIS Variable Report,243,ZA1320
v211,,Q350 VOTE REASONS: OTHERS,,Q350 VOTE REASONS: OTHERS,GESIS Variable Report,244,ZA1320
v212,,Q351 NOT VOTE REASONS: HARDLY EVER,,Q351 NOT VOTE REASONS: HARDLY EVER,GESIS Variable Report,245,ZA1320
v213,,Q351 NOT VOTE REASONS: NO POINT,,Q351 NOT VOTE REASONS: NO POINT,GESIS Variable Report,246,ZA1320
v214,,Q351 NOT VOTE REASONS: OPPOSE MEMBERSHIP,,Q351 NOT VOTE REASONS: OPPOSE MEMBERSHIP,GESIS Variable Report,247,ZA1320
v215,,Q351 NOT VOTE REASONS: OTHERS,,Q351 NOT VOTE REASONS: OTHERS,GESIS Variable Report,248,ZA1320
v216,v216 0 1 2 N Sum N Valid Sum,Q352 EUROPEAN ELECTION - EUR/NAT VOTE,isocntry M BE 213 352 (43.7) 453 (56.3) 1018 805 DE 266 266 (36.6) 460 (63.4) 992 726 DK 283 303 (42.5) 410 (57.5) 996 713 FR 163 228 (27.0) 618 (73.0) 1009 846 GB-GBN 154 273 (30.7) 615 (69.3) 1042 888 GB-NIR 57 69 (26.8) 188 (73.2) 314 257 GR 120 342 (38.9) 538 (61.1) 1000 880 IE 153 274 (32.3) 573 (67.7) 1000 847 IT 167 242 (27.1) 651 (72.9) 1060 893 LU 35 77 (29.1) 188 (70.9) 300 265 NL 226 205 (26.0) 584 (74.0) 1015 789 N Sum 1837 2631 5278 9746 N Valid Sum 2631 5278 7909 printed 27.02.2012 page 224 Eurobarometer 21 - March-April 1984,isocntry M BE 213 352 (43.7) 453 (56.3) 1018 805 DE 266 266 (36.6) 460 (63.4) 992 726 DK 283 303 (42.5) 410 (57.5) 996 713 FR 163 228 (27.0) 618 (73.0) 1009 846 GB-GBN 154 273 (30.7) 615 (69.3) 1042 888 GB-NIR 57 69 (26.8) 188 (73.2) 314 257 GR 120 342 (38.9) 538 (61.1) 1000 880 IE 153 274 (32.3) 573 (67.7) 1000 847 IT 167 242 (27.1) 651 (72.9) 1060 893 LU 35 77 (29.1) 188 (70.9) 300 265 NL 226 205 (26.0) 584 (74.0) 1015 789 N Sum 1837 2631 5278 9746 N Valid Sum 2631 5278 7909 printed 27.02.2012 page 224 Eurobarometer 21 - March-April 1984,GESIS Variable Report,249,ZA1320
v217,v217 0 1 2 N Sum N Valid Sum,Q353 EUROP PARL MEMBER - EUR/NAT FOCUS,isocntry M BE 149 379 (43.6) 490 (56.4) 1018 869 DE 179 423 (52.0) 390 (48.0) 992 813 DK 247 205 (27.3) 545 (72.7) 997 750 FR 117 484 (54.3) 408 (45.7) 1009 892 GB-GBN 130 355 (38.9) 557 (61.1) 1042 912 GB-NIR 47 47 (17.6) 220 (82.4) 314 267 GR 131 178 (20.5) 691 (79.5) 1000 869 IE 125 332 (37.9) 543 (62.1) 1000 875 IT 115 480 (50.8) 465 (49.2) 1060 945 LU 26 139 (50.7) 135 (49.3) 300 274 NL 111 610 (67.4) 295 (32.6) 1016 905 N Sum 1377 3632 4739 9748 N Valid Sum 3632 4739 8371 printed 27.02.2012 page 225 Eurobarometer 21 - March-April 1984,isocntry M BE 149 379 (43.6) 490 (56.4) 1018 869 DE 179 423 (52.0) 390 (48.0) 992 813 DK 247 205 (27.3) 545 (72.7) 997 750 FR 117 484 (54.3) 408 (45.7) 1009 892 GB-GBN 130 355 (38.9) 557 (61.1) 1042 912 GB-NIR 47 47 (17.6) 220 (82.4) 314 267 GR 131 178 (20.5) 691 (79.5) 1000 869 IE 125 332 (37.9) 543 (62.1) 1000 875 IT 115 480 (50.8) 465 (49.2) 1060 945 LU 26 139 (50.7) 135 (49.3) 300 274 NL 111 610 (67.4) 295 (32.6) 1016 905 N Sum 1377 3632 4739 9748 N Valid Sum 3632 4739 8371 printed 27.02.2012 page 225 Eurobarometer 21 - March-April 1984,GESIS Variable Report,250,ZA1320
v218,,Q354 EUROPEAN GOVERNMENT - FOR/AGAINST,,Q354 EUROPEAN GOVERNMENT - FOR/AGAINST,GESIS Variable Report,251,ZA1320
v219,v219 1 2 3 N Sum N Valid Sum,Q355 VOTE PROBABILITY: EXTREME LEFT,isocntry M BE 121 (16.2) 624 (83.8) 273 1018 745 DE 126 (15.6) 681 (84.4) 185 992 807 DK 49 (5.5) 836 (94.5) 111 996 885 FR 109 (12.2) 782 (87.8) 118 1009 891 GB-GBN 97 (10.4) 836 (89.6) 109 1042 933 GB-NIR 21 (9.1) 210 (90.9) 83 314 231 GR 124 (14.5) 729 (85.5) 147 1000 853 IE 139 (17.6) 649 (82.4) 212 1000 788 IT 187 (20.8) 712 (79.2) 161 1060 899 LU 27 (10.4) 233 (89.6) 40 300 260 NL 127 (13.5) 814 (86.5) 74 1015 941 N Sum 1127 7106 1513 9746 N Valid Sum 1127 7106 8233 printed 27.02.2012 page 227 Eurobarometer 21 - March-April 1984,isocntry M BE 121 (16.2) 624 (83.8) 273 1018 745 DE 126 (15.6) 681 (84.4) 185 992 807 DK 49 (5.5) 836 (94.5) 111 996 885 FR 109 (12.2) 782 (87.8) 118 1009 891 GB-GBN 97 (10.4) 836 (89.6) 109 1042 933 GB-NIR 21 (9.1) 210 (90.9) 83 314 231 GR 124 (14.5) 729 (85.5) 147 1000 853 IE 139 (17.6) 649 (82.4) 212 1000 788 IT 187 (20.8) 712 (79.2) 161 1060 899 LU 27 (10.4) 233 (89.6) 40 300 260 NL 127 (13.5) 814 (86.5) 74 1015 941 N Sum 1127 7106 1513 9746 N Valid Sum 1127 7106 8233 printed 27.02.2012 page 227 Eurobarometer 21 - March-April 1984,GESIS Variable Report,252,ZA1320
v220,v220 1 2 3 N Sum N Valid Sum,Q355 VOTE PROBABILITY: EXTREME RIGHT,isocntry M BE 125 (17.1) 608 (82.9) 285 1018 733 DE 120 (14.5) 705 (85.5) 168 993 825 DK 89 (10.2) 784 (89.8) 123 996 873 FR 102 (11.6) 780 (88.4) 127 1009 882 GB-GBN 144 (15.6) 782 (84.4) 116 1042 926 GB-NIR 64 (27.4) 170 (72.6) 80 314 234 GR 124 (14.5) 729 (85.5) 147 1000 853 IE 284 (37.3) 477 (62.7) 239 1000 761 IT 131 (14.5) 773 (85.5) 156 1060 904 LU 45 (17.6) 211 (82.4) 44 300 256 NL 131 (14.0) 803 (86.0) 81 1015 934 N Sum 1359 6822 1566 9747 N Valid Sum 1359 6822 8181 printed 27.02.2012 page 228 Eurobarometer 21 - March-April 1984,isocntry M BE 125 (17.1) 608 (82.9) 285 1018 733 DE 120 (14.5) 705 (85.5) 168 993 825 DK 89 (10.2) 784 (89.8) 123 996 873 FR 102 (11.6) 780 (88.4) 127 1009 882 GB-GBN 144 (15.6) 782 (84.4) 116 1042 926 GB-NIR 64 (27.4) 170 (72.6) 80 314 234 GR 124 (14.5) 729 (85.5) 147 1000 853 IE 284 (37.3) 477 (62.7) 239 1000 761 IT 131 (14.5) 773 (85.5) 156 1060 904 LU 45 (17.6) 211 (82.4) 44 300 256 NL 131 (14.0) 803 (86.0) 81 1015 934 N Sum 1359 6822 1566 9747 N Valid Sum 1359 6822 8181 printed 27.02.2012 page 228 Eurobarometer 21 - March-April 1984,GESIS Variable Report,253,ZA1320
v221,v221 1 2 3 N Sum N Valid Sum,Q355 VOTE PROBABILITY: NATIONALIST,isocntry M BE 270 (38.1) 438 (61.9) 310 1018 708 DE 105 (12.7) 720 (87.3) 168 993 825 DK 43 (5.4) 757 (94.6) 196 996 800 FR 151 (20.2) 597 (79.8) 261 1009 748 GB-GBN 163 (17.5) 771 (82.5) 108 1042 934 GB-NIR 59 (24.9) 178 (75.1) 77 314 237 GR 78 (10.0) 702 (90.0) 220 1000 780 IE 433 (59.7) 292 (40.3) 275 1000 725 IT 147 (18.8) 637 (81.3) 276 1060 784 LU 59 (24.2) 185 (75.8) 56 300 244 NL 218 (25.0) 653 (75.0) 144 1015 871 N Sum 1726 5930 2091 9747 N Valid Sum 1726 5930 7656 printed 27.02.2012 page 229 Eurobarometer 21 - March-April 1984,isocntry M BE 270 (38.1) 438 (61.9) 310 1018 708 DE 105 (12.7) 720 (87.3) 168 993 825 DK 43 (5.4) 757 (94.6) 196 996 800 FR 151 (20.2) 597 (79.8) 261 1009 748 GB-GBN 163 (17.5) 771 (82.5) 108 1042 934 GB-NIR 59 (24.9) 178 (75.1) 77 314 237 GR 78 (10.0) 702 (90.0) 220 1000 780 IE 433 (59.7) 292 (40.3) 275 1000 725 IT 147 (18.8) 637 (81.3) 276 1060 784 LU 59 (24.2) 185 (75.8) 56 300 244 NL 218 (25.0) 653 (75.0) 144 1015 871 N Sum 1726 5930 2091 9747 N Valid Sum 1726 5930 7656 printed 27.02.2012 page 229 Eurobarometer 21 - March-April 1984,GESIS Variable Report,254,ZA1320
v222,v222 1 2 3 N Sum N Valid Sum,Q355 VOTE PROBABILITY: SOCIALIST,isocntry M BE 367 (48.9) 383 (51.1) 268 1018 750 DE 477 (55.1) 389 (44.9) 126 992 866 DK 394 (46.0) 463 (54.0) 139 996 857 FR 534 (61.5) 334 (38.5) 141 1009 868 GB-GBN 467 (49.4) 478 (50.6) 97 1042 945 GB-NIR 77 (32.5) 160 (67.5) 77 314 237 GR 637 (74.1) 223 (25.9) 140 1000 860 IE 331 (43.8) 424 (56.2) 245 1000 755 IT 487 (55.7) 388 (44.3) 185 1060 875 LU 157 (60.9) 101 (39.1) 42 300 258 NL 511 (56.3) 396 (43.7) 108 1015 907 N Sum 4439 3739 1568 9746 N Valid Sum 4439 3739 8178 printed 27.02.2012 page 230 Eurobarometer 21 - March-April 1984,isocntry M BE 367 (48.9) 383 (51.1) 268 1018 750 DE 477 (55.1) 389 (44.9) 126 992 866 DK 394 (46.0) 463 (54.0) 139 996 857 FR 534 (61.5) 334 (38.5) 141 1009 868 GB-GBN 467 (49.4) 478 (50.6) 97 1042 945 GB-NIR 77 (32.5) 160 (67.5) 77 314 237 GR 637 (74.1) 223 (25.9) 140 1000 860 IE 331 (43.8) 424 (56.2) 245 1000 755 IT 487 (55.7) 388 (44.3) 185 1060 875 LU 157 (60.9) 101 (39.1) 42 300 258 NL 511 (56.3) 396 (43.7) 108 1015 907 N Sum 4439 3739 1568 9746 N Valid Sum 4439 3739 8178 printed 27.02.2012 page 230 Eurobarometer 21 - March-April 1984,GESIS Variable Report,255,ZA1320
v223,v223 1 2 3 N Sum N Valid Sum,Q355 VOTE PROBABILITY: CHRIST DEMOCRATIC,isocntry M BE 438 (57.8) 320 (42.2) 260 1018 758 DE 617 (70.8) 255 (29.2) 119 991 872 DK 123 (14.8) 707 (85.2) 166 996 830 FR 297 (38.8) 469 (61.2) 243 1009 766 GB-GBN 215 (25.0) 644 (75.0) 183 1042 859 GB-NIR 63 (31.7) 136 (68.3) 115 314 199 GR 192 (23.9) 610 (76.1) 198 1000 802 IE 413 (60.0) 275 (40.0) 312 1000 688 IT 509 (56.9) 385 (43.1) 166 1060 894 LU 178 (69.0) 80 (31.0) 42 300 258 NL 482 (52.4) 438 (47.6) 95 1015 920 N Sum 3527 4319 1899 9745 N Valid Sum 3527 4319 7846 printed 27.02.2012 page 231 Eurobarometer 21 - March-April 1984,isocntry M BE 438 (57.8) 320 (42.2) 260 1018 758 DE 617 (70.8) 255 (29.2) 119 991 872 DK 123 (14.8) 707 (85.2) 166 996 830 FR 297 (38.8) 469 (61.2) 243 1009 766 GB-GBN 215 (25.0) 644 (75.0) 183 1042 859 GB-NIR 63 (31.7) 136 (68.3) 115 314 199 GR 192 (23.9) 610 (76.1) 198 1000 802 IE 413 (60.0) 275 (40.0) 312 1000 688 IT 509 (56.9) 385 (43.1) 166 1060 894 LU 178 (69.0) 80 (31.0) 42 300 258 NL 482 (52.4) 438 (47.6) 95 1015 920 N Sum 3527 4319 1899 9745 N Valid Sum 3527 4319 7846 printed 27.02.2012 page 231 Eurobarometer 21 - March-April 1984,GESIS Variable Report,256,ZA1320
v224,,Q355 VOTE PROBABILITY: COMMUNIST,,Q355 VOTE PROBABILITY: COMMUNIST,GESIS Variable Report,257,ZA1320
v225,v225 1 2 3 N Sum N Valid Sum,Q355 VOTE PROBABILITY: FASCIST,isocntry M BE 10 (1.3) 761 (98.7) 247 1018 771 DE 12 (1.3) 878 (98.7) 102 992 890 DK 2 (0.2) 880 (99.8) 115 997 882 FR 11 (1.2) 878 (98.8) 120 1009 889 GB-GBN 8 (0.8) 989 (99.2) 44 1041 997 GB-NIR 2 (0.8) 258 (99.2) 54 314 260 GR 8 (0.9) 853 (99.1) 139 1000 861 IE 35 (4.4) 755 (95.6) 210 1000 790 IT 60 (6.5) 862 (93.5) 138 1060 922 LU 1 (0.4) 266 (99.6) 33 300 267 NL 17 (1.8) 946 (98.2) 52 1015 963 N Sum 166 8326 1254 9746 N Valid Sum 166 8326 8492 printed 27.02.2012 page 233 Eurobarometer 21 - March-April 1984,isocntry M BE 10 (1.3) 761 (98.7) 247 1018 771 DE 12 (1.3) 878 (98.7) 102 992 890 DK 2 (0.2) 880 (99.8) 115 997 882 FR 11 (1.2) 878 (98.8) 120 1009 889 GB-GBN 8 (0.8) 989 (99.2) 44 1041 997 GB-NIR 2 (0.8) 258 (99.2) 54 314 260 GR 8 (0.9) 853 (99.1) 139 1000 861 IE 35 (4.4) 755 (95.6) 210 1000 790 IT 60 (6.5) 862 (93.5) 138 1060 922 LU 1 (0.4) 266 (99.6) 33 300 267 NL 17 (1.8) 946 (98.2) 52 1015 963 N Sum 166 8326 1254 9746 N Valid Sum 166 8326 8492 printed 27.02.2012 page 233 Eurobarometer 21 - March-April 1984,GESIS Variable Report,258,ZA1320
v226,v226 1 2 3 N Sum N Valid Sum,Q355 VOTE PROBABILITY: CONSERVATIVE,isocntry M BE 213 (29.1) 519 (70.9) 286 1018 732 DE 391 (46.2) 455 (53.8) 146 992 846 DK 394 (45.2) 477 (54.8) 125 996 871 FR 258 (32.8) 529 (67.2) 222 1009 787 GB-GBN 577 (58.8) 404 (41.2) 61 1042 981 GB-NIR 177 (67.6) 85 (32.4) 52 314 262 GR 244 (30.4) 558 (69.6) 198 1000 802 IE 418 (57.0) 315 (43.0) 267 1000 733 IT 129 (15.5) 702 (84.5) 229 1060 831 LU 53 (21.1) 198 (78.9) 49 300 251 NL 205 (22.5) 705 (77.5) 105 1015 910 N Sum 3059 4947 1740 9746 N Valid Sum 3059 4947 8006 printed 27.02.2012 page 234 Eurobarometer 21 - March-April 1984,isocntry M BE 213 (29.1) 519 (70.9) 286 1018 732 DE 391 (46.2) 455 (53.8) 146 992 846 DK 394 (45.2) 477 (54.8) 125 996 871 FR 258 (32.8) 529 (67.2) 222 1009 787 GB-GBN 577 (58.8) 404 (41.2) 61 1042 981 GB-NIR 177 (67.6) 85 (32.4) 52 314 262 GR 244 (30.4) 558 (69.6) 198 1000 802 IE 418 (57.0) 315 (43.0) 267 1000 733 IT 129 (15.5) 702 (84.5) 229 1060 831 LU 53 (21.1) 198 (78.9) 49 300 251 NL 205 (22.5) 705 (77.5) 105 1015 910 N Sum 3059 4947 1740 9746 N Valid Sum 3059 4947 8006 printed 27.02.2012 page 234 Eurobarometer 21 - March-April 1984,GESIS Variable Report,259,ZA1320
v227,,Q355 VOTE PROBABILITY: ECOLOGIST,,Q355 VOTE PROBABILITY: ECOLOGIST,GESIS Variable Report,260,ZA1320
v228,v228 1 2 3 N Sum N Valid Sum,Q355 VOTE PROBABILITY: LIBERAL,isocntry M BE 296 (39.6) 451 (60.4) 271 1018 747 DE 593 (70.0) 254 (30.0) 145 992 847 DK 349 (42.0) 481 (58.0) 166 996 830 FR 512 (64.6) 281 (35.4) 216 1009 793 GB-GBN 771 (77.3) 227 (22.7) 44 1042 998 GB-NIR 164 (66.7) 82 (33.3) 68 314 246 GR 298 (38.9) 469 (61.1) 233 1000 767 IE 399 (60.1) 265 (39.9) 336 1000 664 IT 296 (35.1) 548 (64.9) 216 1060 844 LU 151 (59.0) 105 (41.0) 44 300 256 NL 364 (41.0) 523 (59.0) 128 1015 887 N Sum 4193 3686 1867 9746 N Valid Sum 4193 3686 7879 printed 27.02.2012 page 236 Eurobarometer 21 - March-April 1984,isocntry M BE 296 (39.6) 451 (60.4) 271 1018 747 DE 593 (70.0) 254 (30.0) 145 992 847 DK 349 (42.0) 481 (58.0) 166 996 830 FR 512 (64.6) 281 (35.4) 216 1009 793 GB-GBN 771 (77.3) 227 (22.7) 44 1042 998 GB-NIR 164 (66.7) 82 (33.3) 68 314 246 GR 298 (38.9) 469 (61.1) 233 1000 767 IE 399 (60.1) 265 (39.9) 336 1000 664 IT 296 (35.1) 548 (64.9) 216 1060 844 LU 151 (59.0) 105 (41.0) 44 300 256 NL 364 (41.0) 523 (59.0) 128 1015 887 N Sum 4193 3686 1867 9746 N Valid Sum 4193 3686 7879 printed 27.02.2012 page 236 Eurobarometer 21 - March-April 1984,GESIS Variable Report,261,ZA1320
v229,v229 1 2 3 N Sum N Valid Sum,Q355 VOTE PROBABILITY: REGIONALIST,isocntry M BE 255 (35.2) 469 (64.8) 294 1018 724 DE 221 (28.4) 556 (71.6) 215 992 777 DK 82 (10.5) 696 (89.5) 218 996 778 FR 296 (37.9) 485 (62.1) 228 1009 781 GB-GBN 127 (15.9) 674 (84.1) 241 1042 801 GB-NIR 59 (33.0) 120 (67.0) 135 314 179 GR 82 (13.0) 547 (87.0) 371 1000 629 IE 209 (37.2) 353 (62.8) 438 1000 562 IT 164 (20.6) 631 (79.4) 265 1060 795 LU 51 (21.6) 185 (78.4) 64 300 236 NL 477 (52.2) 436 (47.8) 102 1015 913 N Sum 2023 5152 2571 9746 N Valid Sum 2023 5152 7175 printed 27.02.2012 page 237 Eurobarometer 21 - March-April 1984,isocntry M BE 255 (35.2) 469 (64.8) 294 1018 724 DE 221 (28.4) 556 (71.6) 215 992 777 DK 82 (10.5) 696 (89.5) 218 996 778 FR 296 (37.9) 485 (62.1) 228 1009 781 GB-GBN 127 (15.9) 674 (84.1) 241 1042 801 GB-NIR 59 (33.0) 120 (67.0) 135 314 179 GR 82 (13.0) 547 (87.0) 371 1000 629 IE 209 (37.2) 353 (62.8) 438 1000 562 IT 164 (20.6) 631 (79.4) 265 1060 795 LU 51 (21.6) 185 (78.4) 64 300 236 NL 477 (52.2) 436 (47.8) 102 1015 913 N Sum 2023 5152 2571 9746 N Valid Sum 2023 5152 7175 printed 27.02.2012 page 237 Eurobarometer 21 - March-April 1984,GESIS Variable Report,262,ZA1320
v230,,Q358 RELIGION - DENOMINATION,,Q358 RELIGION - DENOMINATION,GESIS Variable Report,263,ZA1320
v231,v231 0 1 2 3 4 N Sum N Valid Sum,Q359 RELIGION - IMPORTANCE IN LIFE,isocntry M M BE 222 184 (24.8) 318 (42.8) 241 (32.4) 53 1018 743 DE 138 108 (12.6) 275 (32.2) 472 (55.2) 993 855 DK 190 135 (17.1) 354 (44.8) 301 (38.1) 16 996 790 FR 235 187 (25.1) 246 (33.1) 311 (41.8) 30 1009 744 GB-GBN 304 295 (40.3) 308 (42.1) 129 (17.6) 6 1042 732 GB-NIR 25 176 (60.9) 85 (29.4) 28 (9.7) 314 289 GR 543 (55.7) 231 (23.7) 201 (20.6) 25 1000 975 IE 45 617 (64.6) 264 (27.6) 74 (7.7) 1000 955 IT 96 217 (23.1) 422 (44.9) 300 (31.9) 25 1060 939 LU 17 56 (23.6) 82 (34.6) 99 (41.8) 46 300 237 NL 404 171 (28.9) 270 (45.7) 150 (25.4) 20 1015 591 N Sum 1676 2689 2855 2306 221 9747 N Valid Sum 2689 2855 2306 7850 printed 27.02.2012 page 241 Eurobarometer 21 - March-April 1984,isocntry M M BE 222 184 (24.8) 318 (42.8) 241 (32.4) 53 1018 743 DE 138 108 (12.6) 275 (32.2) 472 (55.2) 993 855 DK 190 135 (17.1) 354 (44.8) 301 (38.1) 16 996 790 FR 235 187 (25.1) 246 (33.1) 311 (41.8) 30 1009 744 GB-GBN 304 295 (40.3) 308 (42.1) 129 (17.6) 6 1042 732 GB-NIR 25 176 (60.9) 85 (29.4) 28 (9.7) 314 289 GR 543 (55.7) 231 (23.7) 201 (20.6) 25 1000 975 IE 45 617 (64.6) 264 (27.6) 74 (7.7) 1000 955 IT 96 217 (23.1) 422 (44.9) 300 (31.9) 25 1060 939 LU 17 56 (23.6) 82 (34.6) 99 (41.8) 46 300 237 NL 404 171 (28.9) 270 (45.7) 150 (25.4) 20 1015 591 N Sum 1676 2689 2855 2306 221 9747 N Valid Sum 2689 2855 2306 7850 printed 27.02.2012 page 241 Eurobarometer 21 - March-April 1984,GESIS Variable Report,266,ZA1320
v232,v232 0 1 2 3 4 5 6 N Sum N Valid Sum,Q360 MARITAL STATUS,isocntry M BE 3 213 (21.0) 646 (63.6) 19 (1.9) 19 (1.9) 12 (1.2) 106 (10.4) 1018 1015 DE 261 (26.3) 548 (55.2) 17 (1.7) 52 (5.2) 12 (1.2) 103 (10.4) 993 993 DK 4 204 (20.5) 540 (54.4) 117 (11.8) 40 (4.0) 8 (0.8) 84 (8.5) 997 993 FR 211 (20.9) 624 (61.8) 46 (4.6) 36 (3.6) 3 (0.3) 89 (8.8) 1009 1009 GB-GBN 180 (17.3) 700 (67.2) 22 (2.1) 36 (3.5) 13 (1.2) 90 (8.6) 1041 1041 GB-NIR 1 84 (26.8) 201 (64.2) 1 (0.3) 1 (0.3) 6 (1.9) 20 (6.4) 314 313 GR 217 (21.7) 685 (68.5) 7 (0.7) 9 (0.9) 4 (0.4) 78 (7.8) 1000 1000 IE 4 340 (34.1) 568 (57.0) 3 (0.3) 9 (0.9) 76 (7.6) 1000 996 IT 332 (31.3) 625 (59.0) 7 (0.7) 5 (0.5) 13 (1.2) 78 (7.4) 1060 1060 LU 69 (23.0) 189 (63.0) 9 (3.0) 8 (2.7) 6 (2.0) 19 (6.3) 300 300 NL 245 (24.1) 625 (61.5) 47 (4.6) 23 (2.3) 4 (0.4) 72 (7.1) 1016 1016 N Sum 12 2356 5951 295 229 90 815 9748 N Valid Sum 2356 5951 295 229 90 815 9736 printed 27.02.2012 page 242 Eurobarometer 21 - March-April 1984,isocntry M BE 3 213 (21.0) 646 (63.6) 19 (1.9) 19 (1.9) 12 (1.2) 106 (10.4) 1018 1015 DE 261 (26.3) 548 (55.2) 17 (1.7) 52 (5.2) 12 (1.2) 103 (10.4) 993 993 DK 4 204 (20.5) 540 (54.4) 117 (11.8) 40 (4.0) 8 (0.8) 84 (8.5) 997 993 FR 211 (20.9) 624 (61.8) 46 (4.6) 36 (3.6) 3 (0.3) 89 (8.8) 1009 1009 GB-GBN 180 (17.3) 700 (67.2) 22 (2.1) 36 (3.5) 13 (1.2) 90 (8.6) 1041 1041 GB-NIR 1 84 (26.8) 201 (64.2) 1 (0.3) 1 (0.3) 6 (1.9) 20 (6.4) 314 313 GR 217 (21.7) 685 (68.5) 7 (0.7) 9 (0.9) 4 (0.4) 78 (7.8) 1000 1000 IE 4 340 (34.1) 568 (57.0) 3 (0.3) 9 (0.9) 76 (7.6) 1000 996 IT 332 (31.3) 625 (59.0) 7 (0.7) 5 (0.5) 13 (1.2) 78 (7.4) 1060 1060 LU 69 (23.0) 189 (63.0) 9 (3.0) 8 (2.7) 6 (2.0) 19 (6.3) 300 300 NL 245 (24.1) 625 (61.5) 47 (4.6) 23 (2.3) 4 (0.4) 72 (7.1) 1016 1016 N Sum 12 2356 5951 295 229 90 815 9748 N Valid Sum 2356 5951 295 229 90 815 9736 printed 27.02.2012 page 242 Eurobarometer 21 - March-April 1984,GESIS Variable Report,267,ZA1320
v233,,Q361 AGE EDUCATION,,Q361 AGE EDUCATION,GESIS Variable Report,268,ZA1320
v234,v234 1 2 3 4 N Sum N Valid Sum,Q361 AGE EDUCATION - RECODED,isocntry BE 314 (30.8) 423 (41.6) 201 (19.7) 80 (7.9) 1018 1018 DE 462 (46.6) 338 (34.1) 103 (10.4) 88 (8.9) 991 991 DK 462 (46.3) 306 (30.7) 135 (13.5) 94 (9.4) 997 997 FR 382 (37.8) 369 (36.5) 173 (17.1) 86 (8.5) 1010 1010 GB-GBN 448 (43.0) 460 (44.1) 92 (8.8) 42 (4.0) 1042 1042 GB-NIR 150 (47.8) 123 (39.2) 21 (6.7) 20 (6.4) 314 314 GR 539 (53.9) 234 (23.4) 138 (13.8) 89 (8.9) 1000 1000 IE 356 (35.6) 477 (47.7) 92 (9.2) 75 (7.5) 1000 1000 IT 649 (61.2) 178 (16.8) 109 (10.3) 124 (11.7) 1060 1060 LU 106 (35.3) 116 (38.7) 55 (18.3) 23 (7.7) 300 300 NL 293 (28.9) 372 (36.7) 220 (21.7) 130 (12.8) 1015 1015 N Sum 4161 3396 1339 851 9747 N Valid Sum 4161 3396 1339 851 9747 printed 27.02.2012 page 245 Eurobarometer 21 - March-April 1984,isocntry BE 314 (30.8) 423 (41.6) 201 (19.7) 80 (7.9) 1018 1018 DE 462 (46.6) 338 (34.1) 103 (10.4) 88 (8.9) 991 991 DK 462 (46.3) 306 (30.7) 135 (13.5) 94 (9.4) 997 997 FR 382 (37.8) 369 (36.5) 173 (17.1) 86 (8.5) 1010 1010 GB-GBN 448 (43.0) 460 (44.1) 92 (8.8) 42 (4.0) 1042 1042 GB-NIR 150 (47.8) 123 (39.2) 21 (6.7) 20 (6.4) 314 314 GR 539 (53.9) 234 (23.4) 138 (13.8) 89 (8.9) 1000 1000 IE 356 (35.6) 477 (47.7) 92 (9.2) 75 (7.5) 1000 1000 IT 649 (61.2) 178 (16.8) 109 (10.3) 124 (11.7) 1060 1060 LU 106 (35.3) 116 (38.7) 55 (18.3) 23 (7.7) 300 300 NL 293 (28.9) 372 (36.7) 220 (21.7) 130 (12.8) 1015 1015 N Sum 4161 3396 1339 851 9747 N Valid Sum 4161 3396 1339 851 9747 printed 27.02.2012 page 245 Eurobarometer 21 - March-April 1984,GESIS Variable Report,270,ZA1320
v235,,Q362 VOTE INTENTION,,Q362 VOTE INTENTION,GESIS Variable Report,271,ZA1320
v236,,Q362_BEL VOTING BEHAVIOR LAST NAT ELECT,,Q362_BEL VOTING BEHAVIOR LAST NAT ELECT,GESIS Variable Report,277,ZA1320
v237,,Q363 VOTE INTENTION - PROBED,,Q363 VOTE INTENTION - PROBED,GESIS Variable Report,278,ZA1320
v238,,Q364_GB VOTE INTENTION - ALLIANCE,,Q364_GB VOTE INTENTION - ALLIANCE,GESIS Variable Report,280,ZA1320
v239,v239 0 1 2 N Sum N Valid Sum,Q366 SEX,isocntry M BE 494 (48.5) 524 (51.5) 1018 1018 DE 447 (45.1) 545 (54.9) 992 992 DK 487 (48.9) 509 (51.1) 996 996 FR 488 (48.4) 521 (51.6) 1009 1009 GB-GBN 504 (48.4) 538 (51.6) 1042 1042 GB-NIR 1 154 (49.2) 159 (50.8) 314 313 GR 484 (48.4) 516 (51.6) 1000 1000 IE 5 495 (49.7) 500 (50.3) 1000 995 IT 518 (48.9) 542 (51.1) 1060 1060 LU 143 (47.7) 157 (52.3) 300 300 NL 503 (49.5) 513 (50.5) 1016 1016 N Sum 6 4717 5024 9747 N Valid Sum 4717 5024 9741 printed 27.02.2012 page 256 Eurobarometer 21 - March-April 1984,isocntry M BE 494 (48.5) 524 (51.5) 1018 1018 DE 447 (45.1) 545 (54.9) 992 992 DK 487 (48.9) 509 (51.1) 996 996 FR 488 (48.4) 521 (51.6) 1009 1009 GB-GBN 504 (48.4) 538 (51.6) 1042 1042 GB-NIR 1 154 (49.2) 159 (50.8) 314 313 GR 484 (48.4) 516 (51.6) 1000 1000 IE 5 495 (49.7) 500 (50.3) 1000 995 IT 518 (48.9) 542 (51.1) 1060 1060 LU 143 (47.7) 157 (52.3) 300 300 NL 503 (49.5) 513 (50.5) 1016 1016 N Sum 6 4717 5024 9747 N Valid Sum 4717 5024 9741 printed 27.02.2012 page 256 Eurobarometer 21 - March-April 1984,GESIS Variable Report,281,ZA1320
v240,,Q367 AGE EXACT,,Q367 AGE EXACT,GESIS Variable Report,282,ZA1320
v241,v241 0 1 2 3 4 N Sum N Valid Sum,Q367 AGE RECODED - 4 CATEGORIES,isocntry M BE 180 (17.7) 323 (31.7) 217 (21.3) 298 (29.3) 1018 1018 DE 176 (17.8) 259 (26.1) 248 (25.0) 308 (31.1) 991 991 DK 190 (19.1) 286 (28.7) 219 (22.0) 301 (30.2) 996 996 FR 201 (19.9) 295 (29.2) 205 (20.3) 309 (30.6) 1010 1010 GB-GBN 4 192 (18.5) 310 (29.9) 219 (21.1) 317 (30.5) 1042 1038 GB-NIR 3 79 (25.4) 82 (26.4) 64 (20.6) 86 (27.7) 314 311 GR 184 (18.4) 261 (26.1) 266 (26.6) 289 (28.9) 1000 1000 IE 3 246 (24.7) 282 (28.3) 191 (19.2) 278 (27.9) 1000 997 IT 201 (19.0) 288 (27.2) 275 (25.9) 296 (27.9) 1060 1060 LU 51 (17.0) 77 (25.7) 87 (29.0) 85 (28.3) 300 300 NL 223 (22.0) 307 (30.3) 212 (20.9) 272 (26.8) 1014 1014 N Sum 10 1923 2770 2203 2839 9745 N Valid Sum 1923 2770 2203 2839 9735 printed 27.02.2012 page 258 Eurobarometer 21 - March-April 1984,isocntry M BE 180 (17.7) 323 (31.7) 217 (21.3) 298 (29.3) 1018 1018 DE 176 (17.8) 259 (26.1) 248 (25.0) 308 (31.1) 991 991 DK 190 (19.1) 286 (28.7) 219 (22.0) 301 (30.2) 996 996 FR 201 (19.9) 295 (29.2) 205 (20.3) 309 (30.6) 1010 1010 GB-GBN 4 192 (18.5) 310 (29.9) 219 (21.1) 317 (30.5) 1042 1038 GB-NIR 3 79 (25.4) 82 (26.4) 64 (20.6) 86 (27.7) 314 311 GR 184 (18.4) 261 (26.1) 266 (26.6) 289 (28.9) 1000 1000 IE 3 246 (24.7) 282 (28.3) 191 (19.2) 278 (27.9) 1000 997 IT 201 (19.0) 288 (27.2) 275 (25.9) 296 (27.9) 1060 1060 LU 51 (17.0) 77 (25.7) 87 (29.0) 85 (28.3) 300 300 NL 223 (22.0) 307 (30.3) 212 (20.9) 272 (26.8) 1014 1014 N Sum 10 1923 2770 2203 2839 9745 N Valid Sum 1923 2770 2203 2839 9735 printed 27.02.2012 page 258 Eurobarometer 21 - March-April 1984,GESIS Variable Report,283,ZA1320
v242,,Q369 HOUSEHOLD SIZE,,Q369 HOUSEHOLD SIZE,GESIS Variable Report,284,ZA1320
v243,,Q370A HOUSEHOLD CHILDREN 8-15 YEARS,,Q370A HOUSEHOLD CHILDREN 8-15 YEARS,GESIS Variable Report,285,ZA1320
v244,,Q370B HOUSEHOLD CHILDREN UNDER 8,,Q370B HOUSEHOLD CHILDREN UNDER 8,GESIS Variable Report,286,ZA1320
v245,,Q372 INCOME HOUSEHOLD,,Q372 INCOME HOUSEHOLD,GESIS Variable Report,287,ZA1320
v246,v246 1 2 3 4 5 N Sum N Valid Sum,Q372 INCOME QUARTILES,isocntry M BE 187 (21.9) 324 (38.0) 241 (28.3) 101 (11.8) 165 1018 853 DE 194 (22.9) 169 (19.9) 207 (24.4) 279 (32.9) 143 992 849 DK 139 (18.1) 205 (26.6) 218 (28.3) 208 (27.0) 225 995 770 FR 170 (19.8) 194 (22.6) 305 (35.5) 191 (22.2) 149 1009 860 GB-GBN 203 (26.4) 212 (27.6) 151 (19.6) 203 (26.4) 273 1042 769 GB-NIR 41 (21.1) 48 (24.7) 46 (23.7) 59 (30.4) 120 314 194 GR 285 (28.5) 245 (24.5) 248 (24.8) 221 (22.1) 1 1000 999 IE 127 (20.3) 168 (26.8) 164 (26.2) 168 (26.8) 373 1000 627 IT 163 (17.6) 233 (25.2) 312 (33.7) 217 (23.5) 135 1060 925 LU 68 (25.7) 70 (26.4) 75 (28.3) 52 (19.6) 35 300 265 NL 260 (29.1) 233 (26.1) 166 (18.6) 233 (26.1) 124 1016 892 N Sum 1837 2101 2133 1932 1743 9746 N Valid Sum 1837 2101 2133 1932 8003 printed 27.02.2012 page 267 Eurobarometer 21 - March-April 1984,isocntry M BE 187 (21.9) 324 (38.0) 241 (28.3) 101 (11.8) 165 1018 853 DE 194 (22.9) 169 (19.9) 207 (24.4) 279 (32.9) 143 992 849 DK 139 (18.1) 205 (26.6) 218 (28.3) 208 (27.0) 225 995 770 FR 170 (19.8) 194 (22.6) 305 (35.5) 191 (22.2) 149 1009 860 GB-GBN 203 (26.4) 212 (27.6) 151 (19.6) 203 (26.4) 273 1042 769 GB-NIR 41 (21.1) 48 (24.7) 46 (23.7) 59 (30.4) 120 314 194 GR 285 (28.5) 245 (24.5) 248 (24.8) 221 (22.1) 1 1000 999 IE 127 (20.3) 168 (26.8) 164 (26.2) 168 (26.8) 373 1000 627 IT 163 (17.6) 233 (25.2) 312 (33.7) 217 (23.5) 135 1060 925 LU 68 (25.7) 70 (26.4) 75 (28.3) 52 (19.6) 35 300 265 NL 260 (29.1) 233 (26.1) 166 (18.6) 233 (26.1) 124 1016 892 N Sum 1837 2101 2133 1932 1743 9746 N Valid Sum 1837 2101 2133 1932 8003 printed 27.02.2012 page 267 Eurobarometer 21 - March-April 1984,GESIS Variable Report,292,ZA1320
v247,,Q373 OCCUPATION RESPONDENT,,Q373 OCCUPATION RESPONDENT,GESIS Variable Report,293,ZA1320
v248,v248 0 1 2 3 4 N Sum N Valid Sum,Q374 OCCUPATION RESP - SIZE OF COMPANY,isocntry M BE 612 90 (22.2) 149 (36.7) 99 (24.4) 68 (16.7) 1018 406 DE 453 128 (23.7) 215 (39.8) 141 (26.1) 56 (10.4) 993 540 DK 466 100 (18.8) 218 (41.1) 142 (26.7) 71 (13.4) 997 531 FR 606 118 (29.3) 95 (23.6) 114 (28.3) 76 (18.9) 1009 403 GB-GBN 645 76 (19.1) 120 (30.2) 101 (25.4) 100 (25.2) 1042 397 GB-NIR 188 35 (27.8) 54 (42.9) 29 (23.0) 8 (6.3) 314 126 GR 562 240 (54.8) 116 (26.5) 40 (9.1) 42 (9.6) 1000 438 IE 622 164 (43.4) 139 (36.8) 59 (15.6) 16 (4.2) 1000 378 IT 591 184 (39.2) 134 (28.6) 83 (17.7) 68 (14.5) 1060 469 LU 154 26 (17.8) 49 (33.6) 34 (23.3) 37 (25.3) 300 146 NL 687 57 (17.4) 119 (36.4) 95 (29.1) 56 (17.1) 1014 327 N Sum 5586 1218 1408 937 598 9747 N Valid Sum 1218 1408 937 598 4161 printed 27.02.2012 page 270 Eurobarometer 21 - March-April 1984,isocntry M BE 612 90 (22.2) 149 (36.7) 99 (24.4) 68 (16.7) 1018 406 DE 453 128 (23.7) 215 (39.8) 141 (26.1) 56 (10.4) 993 540 DK 466 100 (18.8) 218 (41.1) 142 (26.7) 71 (13.4) 997 531 FR 606 118 (29.3) 95 (23.6) 114 (28.3) 76 (18.9) 1009 403 GB-GBN 645 76 (19.1) 120 (30.2) 101 (25.4) 100 (25.2) 1042 397 GB-NIR 188 35 (27.8) 54 (42.9) 29 (23.0) 8 (6.3) 314 126 GR 562 240 (54.8) 116 (26.5) 40 (9.1) 42 (9.6) 1000 438 IE 622 164 (43.4) 139 (36.8) 59 (15.6) 16 (4.2) 1000 378 IT 591 184 (39.2) 134 (28.6) 83 (17.7) 68 (14.5) 1060 469 LU 154 26 (17.8) 49 (33.6) 34 (23.3) 37 (25.3) 300 146 NL 687 57 (17.4) 119 (36.4) 95 (29.1) 56 (17.1) 1014 327 N Sum 5586 1218 1408 937 598 9747 N Valid Sum 1218 1408 937 598 4161 printed 27.02.2012 page 270 Eurobarometer 21 - March-April 1984,GESIS Variable Report,295,ZA1320
v249,v249 1 2 N Sum N Valid Sum,Q375 HEAD OF HOUSEHOLD,isocntry BE 536 (52.7) 482 (47.3) 1018 1018 DE 602 (60.7) 390 (39.3) 992 992 DK 574 (57.6) 422 (42.4) 996 996 FR 539 (53.4) 470 (46.6) 1009 1009 GB-GBN 549 (52.7) 493 (47.3) 1042 1042 GB-NIR 139 (44.3) 175 (55.7) 314 314 GR 433 (43.3) 567 (56.7) 1000 1000 IE 456 (45.6) 544 (54.4) 1000 1000 IT 453 (42.7) 607 (57.3) 1060 1060 LU 148 (49.3) 152 (50.7) 300 300 NL 575 (56.7) 440 (43.3) 1015 1015 N Sum 5004 4742 9746 N Valid Sum 5004 4742 9746 printed 27.02.2012 page 271 Eurobarometer 21 - March-April 1984,isocntry BE 536 (52.7) 482 (47.3) 1018 1018 DE 602 (60.7) 390 (39.3) 992 992 DK 574 (57.6) 422 (42.4) 996 996 FR 539 (53.4) 470 (46.6) 1009 1009 GB-GBN 549 (52.7) 493 (47.3) 1042 1042 GB-NIR 139 (44.3) 175 (55.7) 314 314 GR 433 (43.3) 567 (56.7) 1000 1000 IE 456 (45.6) 544 (54.4) 1000 1000 IT 453 (42.7) 607 (57.3) 1060 1060 LU 148 (49.3) 152 (50.7) 300 300 NL 575 (56.7) 440 (43.3) 1015 1015 N Sum 5004 4742 9746 N Valid Sum 5004 4742 9746 printed 27.02.2012 page 271 Eurobarometer 21 - March-April 1984,GESIS Variable Report,296,ZA1320
v250,,Q376 OCCUPATION HEAD OF HH,,Q376 OCCUPATION HEAD OF HH,GESIS Variable Report,297,ZA1320
v251,,Q377 SIZE OF COMMUNITY,,Q377 SIZE OF COMMUNITY,GESIS Variable Report,299,ZA1320
v252,v252 0 1 2 3 N Sum N Valid Sum,Q378 TYPE OF CUMMUNITY,isocntry M BE 435 (42.7) 258 (25.3) 325 (31.9) 1018 1018 DE 11 324 (33.0) 395 (40.3) 262 (26.7) 992 981 DK 4 289 (29.1) 400 (40.3) 304 (30.6) 997 993 FR 14 410 (41.2) 341 (34.3) 244 (24.5) 1009 995 GB-GBN 1 227 (21.8) 514 (49.4) 299 (28.8) 1041 1040 GB-NIR 2 125 (40.1) 100 (32.1) 87 (27.9) 314 312 GR 347 (34.7) 252 (25.2) 401 (40.1) 1000 1000 IE 15 404 (41.0) 197 (20.0) 384 (39.0) 1000 985 IT 374 (35.3) 377 (35.6) 309 (29.2) 1060 1060 LU 127 (42.3) 164 (54.7) 9 (3.0) 300 300 NL 22 416 (41.9) 331 (33.3) 246 (24.8) 1015 993 N Sum 69 3478 3329 2870 9746 N Valid Sum 3478 3329 2870 9677 printed 27.02.2012 page 278 Eurobarometer 21 - March-April 1984,isocntry M BE 435 (42.7) 258 (25.3) 325 (31.9) 1018 1018 DE 11 324 (33.0) 395 (40.3) 262 (26.7) 992 981 DK 4 289 (29.1) 400 (40.3) 304 (30.6) 997 993 FR 14 410 (41.2) 341 (34.3) 244 (24.5) 1009 995 GB-GBN 1 227 (21.8) 514 (49.4) 299 (28.8) 1041 1040 GB-NIR 2 125 (40.1) 100 (32.1) 87 (27.9) 314 312 GR 347 (34.7) 252 (25.2) 401 (40.1) 1000 1000 IE 15 404 (41.0) 197 (20.0) 384 (39.0) 1000 985 IT 374 (35.3) 377 (35.6) 309 (29.2) 1060 1060 LU 127 (42.3) 164 (54.7) 9 (3.0) 300 300 NL 22 416 (41.9) 331 (33.3) 246 (24.8) 1015 993 N Sum 69 3478 3329 2870 9746 N Valid Sum 3478 3329 2870 9677 printed 27.02.2012 page 278 Eurobarometer 21 - March-April 1984,GESIS Variable Report,303,ZA1320
v253,,REGION,,REGION,GESIS Variable Report,304,ZA1320
v254,,PROVINCE,,PROVINCE,GESIS Variable Report,308,ZA1320
v255,v255,LANGUAGE REGION BELGIUM,Value Label Missing Count Percent Valid Percent,Value Label Missing Count Percent Valid Percent,GESIS Variable Report,314,ZA1320
v256,v256,LANGUAGE BELGIUM - FRENCH,Value Label Missing Count Percent Valid Percent,Value Label Missing Count Percent Valid Percent,GESIS Variable Report,315,ZA1320
v257,v257,LANGUAGE BELGIUM - FLEMISH,Value Label Missing Count Percent Valid Percent,Value Label Missing Count Percent Valid Percent,GESIS Variable Report,316,ZA1320
v258,,COGNITIVE MOBILIZATION INDEX,,COGNITIVE MOBILIZATION INDEX,GESIS Variable Report,317,ZA1320
v259,,VALUE ORIENTATION (POST-MATERIALISM),,VALUE ORIENTATION (POST-MATERIALISM),GESIS Variable Report,318,ZA1320
v260,,POLITICAL ORIENTATION TYPOLOGY 7,,POLITICAL ORIENTATION TYPOLOGY 7,GESIS Variable Report,319,ZA1320
v261,v261 1 2 3 4 5 N Sum N Valid Sum,EC SUPPORT - COMMITMENT,"isocntry BE 18 (1.8) 55 (5.4) 324 (31.8) 325 (31.9) 296 (29.1) 1018 1018 DE 17 (1.7) 50 (5.0) 353 (35.5) 183 (18.4) 390 (39.3) 993 993 DK 224 (22.5) 115 (11.6) 324 (32.6) 146 (14.7) 186 (18.7) 995 995 FR 17 (1.7) 42 (4.2) 282 (27.9) 282 (27.9) 386 (38.3) 1009 1009 GB-GBN 240 (23.0) 152 (14.6) 278 (26.7) 157 (15.1) 215 (20.6) 1042 1042 GB-NIR 32 (10.2) 33 (10.5) 146 (46.5) 58 (18.5) 45 (14.3) 314 314 GR 122 (12.2) 88 (8.8) 379 (37.9) 201 (20.1) 210 (21.0) 1000 1000 IE 122 (12.2) 135 (13.5) 285 (28.5) 168 (16.8) 290 (29.0) 1000 1000 IT 13 (1.2) 29 (2.7) 262 (24.7) 349 (32.9) 407 (38.4) 1060 1060 LU 2 (0.7) 9 (3.0) 34 (11.3) 77 (25.7) 178 (59.3) 300 300 NL 16 (1.6) 27 (2.7) 148 (14.6) 325 (32.0) 500 (49.2) 1016 1016 N Sum 823 735 2815 2271 3103 9747 N Valid Sum 823 735 2815 2271 3103 9747 printed 27.02.2012 page 296 Eurobarometer 21 - March-April 1984 v262 - ORIGINAL RESPONDENT ID ORIGINAL INTERVIEW NUMBER THIS IS THE ORIGINAL NUMBER SUPPLIED BY THE EC. SINCE THE VALUES OF THE VARIABLE WERE NOT UNIQUE, A NEW CASE IDENTIFICATION VARIABLE WAS CREATED AND IS NOW VAR. NO. 4.","isocntry BE 18 (1.8) 55 (5.4) 324 (31.8) 325 (31.9) 296 (29.1) 1018 1018 DE 17 (1.7) 50 (5.0) 353 (35.5) 183 (18.4) 390 (39.3) 993 993 DK 224 (22.5) 115 (11.6) 324 (32.6) 146 (14.7) 186 (18.7) 995 995 FR 17 (1.7) 42 (4.2) 282 (27.9) 282 (27.9) 386 (38.3) 1009 1009 GB-GBN 240 (23.0) 152 (14.6) 278 (26.7) 157 (15.1) 215 (20.6) 1042 1042 GB-NIR 32 (10.2) 33 (10.5) 146 (46.5) 58 (18.5) 45 (14.3) 314 314 GR 122 (12.2) 88 (8.8) 379 (37.9) 201 (20.1) 210 (21.0) 1000 1000 IE 122 (12.2) 135 (13.5) 285 (28.5) 168 (16.8) 290 (29.0) 1000 1000 IT 13 (1.2) 29 (2.7) 262 (24.7) 349 (32.9) 407 (38.4) 1060 1060 LU 2 (0.7) 9 (3.0) 34 (11.3) 77 (25.7) 178 (59.3) 300 300 NL 16 (1.6) 27 (2.7) 148 (14.6) 325 (32.0) 500 (49.2) 1016 1016 N Sum 823 735 2815 2271 3103 9747 N Valid Sum 823 735 2815 2271 3103 9747 printed 27.02.2012 page 296 Eurobarometer 21 - March-April 1984 v262 - ORIGINAL RESPONDENT ID ORIGINAL INTERVIEW NUMBER THIS IS THE ORIGINAL NUMBER SUPPLIED BY THE EC. SINCE THE VALUES OF THE VARIABLE WERE NOT UNIQUE, A NEW CASE IDENTIFICATION VARIABLE WAS CREATED AND IS NOW VAR. NO. 4.",GESIS Variable Report,321,ZA1320
