variable,question_number,variable_label,question_text,question_text_filled,source,source_page,za_id
v2,v2,ICPSR EDITION NUMBER,Value Label Missing Count Percent Valid Percent,Value Label Missing Count Percent Valid Percent,GESIS Variable Report,28,ZA1713
v5,,NATION I (UNITED KINGDOM),,NATION I (UNITED KINGDOM),GESIS Variable Report,33,ZA1713
v7,,NATION II (GB AND NORTHERN IRELAND),,NATION II (GB AND NORTHERN IRELAND),GESIS Variable Report,35,ZA1713
v10,v10 0 1 2 4 5 6 N Sum N Valid Sum,ELECTORAL REGISTER,isocntry M M M BE 55 886 (96.9) 10 (1.1) 18 (2.0) 28 8 1005 914 DE 51 862 (96.7) 28 (3.1) 1 (0.1) 8 7 957 891 DK 51 930 (99.1) 8 (0.9) 11 2 1002 938 ES 76 809 (91.3) 51 (5.8) 26 (2.9) 35 18 1015 886 FR 52 810 (86.4) 56 (6.0) 72 (7.7) 2 8 1000 938 GB-GBN 33 870 (92.4) 58 (6.2) 14 (1.5) 2 16 993 942 GB-NIR 18 270 (92.2) 22 (7.5) 1 (0.3) 5 316 293 GR 54 685 (72.4) 242 (25.6) 19 (2.0) 1000 946 IE 94 805 (91.1) 67 (7.6) 12 (1.4) 19 997 884 IT 51 938 (96.5) 19 (2.0) 15 (1.5) 4 5 1032 972 LU 17 269 (96.8) 6 (2.2) 3 (1.1) 4 3 302 278 NL 52 783 (88.9) 43 (4.9) 55 (6.2) 12 19 964 881 PT 76 826 (90.5) 40 (4.4) 47 (5.1) 1 10 1000 913 N Sum 680 9743 650 283 107 120 11583 N Valid Sum 9743 650 283 10676 printed 27.02.2012 page 12 Eurobarometer 28 - October-November 1987,isocntry M M M BE 55 886 (96.9) 10 (1.1) 18 (2.0) 28 8 1005 914 DE 51 862 (96.7) 28 (3.1) 1 (0.1) 8 7 957 891 DK 51 930 (99.1) 8 (0.9) 11 2 1002 938 ES 76 809 (91.3) 51 (5.8) 26 (2.9) 35 18 1015 886 FR 52 810 (86.4) 56 (6.0) 72 (7.7) 2 8 1000 938 GB-GBN 33 870 (92.4) 58 (6.2) 14 (1.5) 2 16 993 942 GB-NIR 18 270 (92.2) 22 (7.5) 1 (0.3) 5 316 293 GR 54 685 (72.4) 242 (25.6) 19 (2.0) 1000 946 IE 94 805 (91.1) 67 (7.6) 12 (1.4) 19 997 884 IT 51 938 (96.5) 19 (2.0) 15 (1.5) 4 5 1032 972 LU 17 269 (96.8) 6 (2.2) 3 (1.1) 4 3 302 278 NL 52 783 (88.9) 43 (4.9) 55 (6.2) 12 19 964 881 PT 76 826 (90.5) 40 (4.4) 47 (5.1) 1 10 1000 913 N Sum 680 9743 650 283 107 120 11583 N Valid Sum 9743 650 283 10676 printed 27.02.2012 page 12 Eurobarometer 28 - October-November 1987,GESIS Variable Report,38,ZA1713
v11,v11 0 1 2 3 N Sum N Valid Sum,EVOLUTION NEXT YEAR - GENERAL,isocntry M BE 72 242 (25.9) 440 (47.2) 251 (26.9) 1005 933 DE 64 250 (28.0) 539 (60.4) 104 (11.6) 957 893 DK 49 260 (27.3) 451 (47.3) 243 (25.5) 1003 954 ES 148 357 (41.1) 364 (41.9) 147 (16.9) 1016 868 FR 78 240 (26.1) 427 (46.4) 254 (27.6) 999 921 GB-GBN 58 492 (52.6) 243 (26.0) 200 (21.4) 993 935 GB-NIR 25 113 (38.8) 102 (35.1) 76 (26.1) 316 291 GR 119 318 (36.1) 234 (26.6) 329 (37.3) 1000 881 IE 39 220 (23.0) 245 (25.6) 493 (51.5) 997 958 IT 30 431 (43.0) 278 (27.7) 293 (29.2) 1032 1002 LU 9 97 (33.1) 157 (53.6) 39 (13.3) 302 293 NL 64 243 (27.0) 456 (50.6) 202 (22.4) 965 901 PT 107 506 (56.7) 253 (28.3) 134 (15.0) 1000 893 N Sum 862 3769 4189 2765 11585 N Valid Sum 3769 4189 2765 10723 printed 27.02.2012 page 13 Eurobarometer 28 - October-November 1987,isocntry M BE 72 242 (25.9) 440 (47.2) 251 (26.9) 1005 933 DE 64 250 (28.0) 539 (60.4) 104 (11.6) 957 893 DK 49 260 (27.3) 451 (47.3) 243 (25.5) 1003 954 ES 148 357 (41.1) 364 (41.9) 147 (16.9) 1016 868 FR 78 240 (26.1) 427 (46.4) 254 (27.6) 999 921 GB-GBN 58 492 (52.6) 243 (26.0) 200 (21.4) 993 935 GB-NIR 25 113 (38.8) 102 (35.1) 76 (26.1) 316 291 GR 119 318 (36.1) 234 (26.6) 329 (37.3) 1000 881 IE 39 220 (23.0) 245 (25.6) 493 (51.5) 997 958 IT 30 431 (43.0) 278 (27.7) 293 (29.2) 1032 1002 LU 9 97 (33.1) 157 (53.6) 39 (13.3) 302 293 NL 64 243 (27.0) 456 (50.6) 202 (22.4) 965 901 PT 107 506 (56.7) 253 (28.3) 134 (15.0) 1000 893 N Sum 862 3769 4189 2765 11585 N Valid Sum 3769 4189 2765 10723 printed 27.02.2012 page 13 Eurobarometer 28 - October-November 1987,GESIS Variable Report,39,ZA1713
v12,v12 0 1 2 3 N Sum N Valid Sum,EVOLUTION NEXT YEAR - LABOUR CONFLICTS,isocntry M BE 81 319 (34.5) 496 (53.7) 109 (11.8) 1005 924 DE 58 318 (35.4) 513 (57.1) 67 (7.5) 956 898 DK 56 319 (33.7) 485 (51.2) 143 (15.1) 1003 947 ES 157 313 (36.4) 402 (46.7) 145 (16.9) 1017 860 FR 94 389 (43.0) 437 (48.3) 79 (8.7) 999 905 GB-GBN 33 229 (23.9) 481 (50.1) 250 (26.0) 993 960 GB-NIR 27 64 (22.1) 156 (54.0) 69 (23.9) 316 289 GR 191 393 (48.6) 292 (36.1) 124 (15.3) 1000 809 IE 53 330 (35.0) 382 (40.5) 232 (24.6) 997 944 IT 44 443 (44.8) 354 (35.8) 191 (19.3) 1032 988 LU 16 89 (31.1) 173 (60.5) 24 (8.4) 302 286 NL 46 472 (51.4) 379 (41.3) 67 (7.3) 964 918 PT 119 193 (21.9) 303 (34.4) 385 (43.7) 1000 881 N Sum 975 3871 4853 1885 11584 N Valid Sum 3871 4853 1885 10609 printed 27.02.2012 page 14 Eurobarometer 28 - October-November 1987,isocntry M BE 81 319 (34.5) 496 (53.7) 109 (11.8) 1005 924 DE 58 318 (35.4) 513 (57.1) 67 (7.5) 956 898 DK 56 319 (33.7) 485 (51.2) 143 (15.1) 1003 947 ES 157 313 (36.4) 402 (46.7) 145 (16.9) 1017 860 FR 94 389 (43.0) 437 (48.3) 79 (8.7) 999 905 GB-GBN 33 229 (23.9) 481 (50.1) 250 (26.0) 993 960 GB-NIR 27 64 (22.1) 156 (54.0) 69 (23.9) 316 289 GR 191 393 (48.6) 292 (36.1) 124 (15.3) 1000 809 IE 53 330 (35.0) 382 (40.5) 232 (24.6) 997 944 IT 44 443 (44.8) 354 (35.8) 191 (19.3) 1032 988 LU 16 89 (31.1) 173 (60.5) 24 (8.4) 302 286 NL 46 472 (51.4) 379 (41.3) 67 (7.3) 964 918 PT 119 193 (21.9) 303 (34.4) 385 (43.7) 1000 881 N Sum 975 3871 4853 1885 11584 N Valid Sum 3871 4853 1885 10609 printed 27.02.2012 page 14 Eurobarometer 28 - October-November 1987,GESIS Variable Report,40,ZA1713
v13,v13 0 1 2 3 N Sum N Valid Sum,EVOLUTION NEXT YEAR - PEACE,isocntry M BE 95 85 (9.3) 443 (48.7) 382 (42.0) 1005 910 DE 46 144 (15.8) 421 (46.3) 345 (37.9) 956 910 DK 39 124 (12.9) 420 (43.6) 419 (43.5) 1002 963 ES 176 185 (22.0) 327 (38.9) 328 (39.0) 1016 840 FR 86 77 (8.4) 408 (44.7) 428 (46.9) 999 913 GB-GBN 41 93 (9.8) 376 (39.5) 484 (50.8) 994 953 GB-NIR 17 25 (8.4) 127 (42.5) 147 (49.2) 316 299 GR 176 101 (12.3) 284 (34.5) 439 (53.3) 1000 824 IE 59 150 (16.0) 351 (37.4) 437 (46.6) 997 938 IT 43 219 (22.1) 382 (38.6) 388 (39.2) 1032 989 LU 13 40 (13.8) 87 (30.1) 162 (56.1) 302 289 NL 50 93 (10.2) 432 (47.2) 390 (42.6) 965 915 PT 93 407 (44.9) 295 (32.5) 205 (22.6) 1000 907 N Sum 934 1743 4353 4554 11584 N Valid Sum 1743 4353 4554 10650 printed 27.02.2012 page 15 Eurobarometer 28 - October-November 1987,isocntry M BE 95 85 (9.3) 443 (48.7) 382 (42.0) 1005 910 DE 46 144 (15.8) 421 (46.3) 345 (37.9) 956 910 DK 39 124 (12.9) 420 (43.6) 419 (43.5) 1002 963 ES 176 185 (22.0) 327 (38.9) 328 (39.0) 1016 840 FR 86 77 (8.4) 408 (44.7) 428 (46.9) 999 913 GB-GBN 41 93 (9.8) 376 (39.5) 484 (50.8) 994 953 GB-NIR 17 25 (8.4) 127 (42.5) 147 (49.2) 316 299 GR 176 101 (12.3) 284 (34.5) 439 (53.3) 1000 824 IE 59 150 (16.0) 351 (37.4) 437 (46.6) 997 938 IT 43 219 (22.1) 382 (38.6) 388 (39.2) 1032 989 LU 13 40 (13.8) 87 (30.1) 162 (56.1) 302 289 NL 50 93 (10.2) 432 (47.2) 390 (42.6) 965 915 PT 93 407 (44.9) 295 (32.5) 205 (22.6) 1000 907 N Sum 934 1743 4353 4554 11584 N Valid Sum 1743 4353 4554 10650 printed 27.02.2012 page 15 Eurobarometer 28 - October-November 1987,GESIS Variable Report,41,ZA1713
v14,,WORLD WAR PROBABILITY,,WORLD WAR PROBABILITY,GESIS Variable Report,42,ZA1713
v15,v15 0 1 2 3 4 5 N Sum N Valid Sum,ECONOMIC SITUATION - LAST YEAR COMPARED,isocntry M BE 24 19 (1.9) 204 (20.8) 247 (25.2) 108 (11.0) 403 (41.1) 1005 981 DE 12 21 (2.2) 169 (17.9) 223 (23.6) 20 (2.1) 513 (54.2) 958 946 DK 31 16 (1.6) 212 (21.8) 369 (38.0) 109 (11.2) 265 (27.3) 1002 971 ES 41 26 (2.7) 311 (31.9) 226 (23.2) 47 (4.8) 364 (37.4) 1015 974 FR 36 10 (1.0) 147 (15.2) 345 (35.8) 123 (12.8) 339 (35.2) 1000 964 GB-GBN 34 86 (9.0) 415 (43.3) 166 (17.3) 87 (9.1) 205 (21.4) 993 959 GB-NIR 16 7 (2.3) 91 (30.3) 84 (28.0) 32 (10.7) 86 (28.7) 316 300 GR 56 36 (3.8) 206 (21.8) 267 (28.3) 215 (22.8) 220 (23.3) 1000 944 IE 11 9 (0.9) 121 (12.3) 324 (32.9) 370 (37.5) 162 (16.4) 997 986 IT 24 29 (2.9) 236 (23.4) 418 (41.5) 95 (9.4) 230 (22.8) 1032 1008 LU 20 4 (1.4) 96 (34.0) 57 (20.2) 10 (3.5) 115 (40.8) 302 282 NL 38 13 (1.4) 289 (31.2) 264 (28.5) 43 (4.6) 318 (34.3) 965 927 PT 26 83 (8.5) 460 (47.2) 110 (11.3) 17 (1.7) 304 (31.2) 1000 974 N Sum 369 359 2957 3100 1276 3524 11585 N Valid Sum 359 2957 3100 1276 3524 11216 printed 27.02.2012 page 18 Eurobarometer 28 - October-November 1987,isocntry M BE 24 19 (1.9) 204 (20.8) 247 (25.2) 108 (11.0) 403 (41.1) 1005 981 DE 12 21 (2.2) 169 (17.9) 223 (23.6) 20 (2.1) 513 (54.2) 958 946 DK 31 16 (1.6) 212 (21.8) 369 (38.0) 109 (11.2) 265 (27.3) 1002 971 ES 41 26 (2.7) 311 (31.9) 226 (23.2) 47 (4.8) 364 (37.4) 1015 974 FR 36 10 (1.0) 147 (15.2) 345 (35.8) 123 (12.8) 339 (35.2) 1000 964 GB-GBN 34 86 (9.0) 415 (43.3) 166 (17.3) 87 (9.1) 205 (21.4) 993 959 GB-NIR 16 7 (2.3) 91 (30.3) 84 (28.0) 32 (10.7) 86 (28.7) 316 300 GR 56 36 (3.8) 206 (21.8) 267 (28.3) 215 (22.8) 220 (23.3) 1000 944 IE 11 9 (0.9) 121 (12.3) 324 (32.9) 370 (37.5) 162 (16.4) 997 986 IT 24 29 (2.9) 236 (23.4) 418 (41.5) 95 (9.4) 230 (22.8) 1032 1008 LU 20 4 (1.4) 96 (34.0) 57 (20.2) 10 (3.5) 115 (40.8) 302 282 NL 38 13 (1.4) 289 (31.2) 264 (28.5) 43 (4.6) 318 (34.3) 965 927 PT 26 83 (8.5) 460 (47.2) 110 (11.3) 17 (1.7) 304 (31.2) 1000 974 N Sum 369 359 2957 3100 1276 3524 11585 N Valid Sum 359 2957 3100 1276 3524 11216 printed 27.02.2012 page 18 Eurobarometer 28 - October-November 1987,GESIS Variable Report,44,ZA1713
v16,v16 0 1 2 3 4 5 N Sum N Valid Sum,FINANCIAL SITUATION - LAST YEAR COMPARED,isocntry M BE 23 15 (1.5) 134 (13.6) 223 (22.7) 63 (6.4) 547 (55.7) 1005 982 DE 6 25 (2.6) 194 (20.4) 127 (13.4) 24 (2.5) 581 (61.1) 957 951 DK 19 61 (6.2) 188 (19.1) 228 (23.2) 49 (5.0) 457 (46.5) 1002 983 ES 24 23 (2.3) 187 (18.9) 162 (16.3) 47 (4.7) 573 (57.8) 1016 992 FR 24 24 (2.5) 77 (7.9) 298 (30.6) 145 (14.9) 430 (44.1) 998 974 GB-GBN 12 98 (10.0) 264 (26.9) 163 (16.6) 85 (8.7) 372 (37.9) 994 982 GB-NIR 9 15 (4.9) 55 (17.9) 53 (17.3) 32 (10.4) 152 (49.5) 316 307 GR 17 37 (3.8) 213 (21.7) 217 (22.1) 196 (19.9) 320 (32.6) 1000 983 IE 13 12 (1.2) 91 (9.2) 326 (33.1) 182 (18.5) 373 (37.9) 997 984 IT 10 15 (1.5) 205 (20.1) 167 (16.3) 38 (3.7) 597 (58.4) 1032 1022 LU 11 15 (5.2) 82 (28.2) 28 (9.6) 10 (3.4) 156 (53.6) 302 291 NL 24 32 (3.4) 144 (15.3) 183 (19.5) 48 (5.1) 533 (56.7) 964 940 PT 10 49 (4.9) 297 (30.0) 81 (8.2) 59 (6.0) 504 (50.9) 1000 990 N Sum 202 421 2131 2256 978 5595 11583 N Valid Sum 421 2131 2256 978 5595 11381 printed 27.02.2012 page 19 Eurobarometer 28 - October-November 1987,isocntry M BE 23 15 (1.5) 134 (13.6) 223 (22.7) 63 (6.4) 547 (55.7) 1005 982 DE 6 25 (2.6) 194 (20.4) 127 (13.4) 24 (2.5) 581 (61.1) 957 951 DK 19 61 (6.2) 188 (19.1) 228 (23.2) 49 (5.0) 457 (46.5) 1002 983 ES 24 23 (2.3) 187 (18.9) 162 (16.3) 47 (4.7) 573 (57.8) 1016 992 FR 24 24 (2.5) 77 (7.9) 298 (30.6) 145 (14.9) 430 (44.1) 998 974 GB-GBN 12 98 (10.0) 264 (26.9) 163 (16.6) 85 (8.7) 372 (37.9) 994 982 GB-NIR 9 15 (4.9) 55 (17.9) 53 (17.3) 32 (10.4) 152 (49.5) 316 307 GR 17 37 (3.8) 213 (21.7) 217 (22.1) 196 (19.9) 320 (32.6) 1000 983 IE 13 12 (1.2) 91 (9.2) 326 (33.1) 182 (18.5) 373 (37.9) 997 984 IT 10 15 (1.5) 205 (20.1) 167 (16.3) 38 (3.7) 597 (58.4) 1032 1022 LU 11 15 (5.2) 82 (28.2) 28 (9.6) 10 (3.4) 156 (53.6) 302 291 NL 24 32 (3.4) 144 (15.3) 183 (19.5) 48 (5.1) 533 (56.7) 964 940 PT 10 49 (4.9) 297 (30.0) 81 (8.2) 59 (6.0) 504 (50.9) 1000 990 N Sum 202 421 2131 2256 978 5595 11583 N Valid Sum 421 2131 2256 978 5595 11381 printed 27.02.2012 page 19 Eurobarometer 28 - October-November 1987,GESIS Variable Report,45,ZA1713
v17,v17 0 1 2 3 4 N Sum N Valid Sum,LIFE SATISFACTION,isocntry M BE 13 235 (23.7) 558 (56.3) 163 (16.4) 36 (3.6) 1005 992 DE 13 140 (14.8) 648 (68.7) 135 (14.3) 20 (2.1) 956 943 DK 6 483 (48.5) 468 (47.0) 37 (3.7) 7 (0.7) 1001 995 ES 5 247 (24.4) 489 (48.3) 237 (23.4) 39 (3.9) 1017 1012 FR 6 113 (11.4) 576 (58.0) 226 (22.8) 78 (7.9) 999 993 GB-GBN 7 324 (32.9) 524 (53.1) 102 (10.3) 36 (3.7) 993 986 GB-NIR 3 94 (30.0) 177 (56.5) 20 (6.4) 22 (7.0) 316 313 GR 4 149 (15.0) 374 (37.6) 289 (29.0) 184 (18.5) 1000 996 IE 8 207 (20.9) 531 (53.7) 160 (16.2) 91 (9.2) 997 989 IT 4 114 (11.1) 554 (53.9) 250 (24.3) 110 (10.7) 1032 1028 LU 7 112 (38.0) 161 (54.6) 11 (3.7) 11 (3.7) 302 295 NL 10 341 (35.7) 538 (56.4) 57 (6.0) 18 (1.9) 964 954 PT 12 76 (7.7) 671 (67.9) 190 (19.2) 51 (5.2) 1000 988 N Sum 98 2635 6269 1877 703 11582 N Valid Sum 2635 6269 1877 703 11484 printed 27.02.2012 page 20 Eurobarometer 28 - October-November 1987,isocntry M BE 13 235 (23.7) 558 (56.3) 163 (16.4) 36 (3.6) 1005 992 DE 13 140 (14.8) 648 (68.7) 135 (14.3) 20 (2.1) 956 943 DK 6 483 (48.5) 468 (47.0) 37 (3.7) 7 (0.7) 1001 995 ES 5 247 (24.4) 489 (48.3) 237 (23.4) 39 (3.9) 1017 1012 FR 6 113 (11.4) 576 (58.0) 226 (22.8) 78 (7.9) 999 993 GB-GBN 7 324 (32.9) 524 (53.1) 102 (10.3) 36 (3.7) 993 986 GB-NIR 3 94 (30.0) 177 (56.5) 20 (6.4) 22 (7.0) 316 313 GR 4 149 (15.0) 374 (37.6) 289 (29.0) 184 (18.5) 1000 996 IE 8 207 (20.9) 531 (53.7) 160 (16.2) 91 (9.2) 997 989 IT 4 114 (11.1) 554 (53.9) 250 (24.3) 110 (10.7) 1032 1028 LU 7 112 (38.0) 161 (54.6) 11 (3.7) 11 (3.7) 302 295 NL 10 341 (35.7) 538 (56.4) 57 (6.0) 18 (1.9) 964 954 PT 12 76 (7.7) 671 (67.9) 190 (19.2) 51 (5.2) 1000 988 N Sum 98 2635 6269 1877 703 11582 N Valid Sum 2635 6269 1877 703 11484 printed 27.02.2012 page 20 Eurobarometer 28 - October-November 1987,GESIS Variable Report,46,ZA1713
v18,v18 0 1 2 3 4 N Sum N Valid Sum,DEMOCRACY SATRISFACTION,isocntry M BE 75 64 (6.9) 393 (42.3) 299 (32.2) 174 (18.7) 1005 930 DE 27 59 (6.3) 598 (64.3) 236 (25.4) 37 (4.0) 957 930 DK 23 164 (16.7) 533 (54.4) 235 (24.0) 48 (4.9) 1003 980 ES 70 162 (17.1) 400 (42.3) 273 (28.9) 111 (11.7) 1016 946 FR 85 30 (3.3) 394 (43.2) 344 (37.7) 145 (15.9) 998 913 GB-GBN 35 112 (11.7) 453 (47.3) 268 (28.0) 125 (13.0) 993 958 GB-NIR 31 7 (2.5) 84 (29.5) 93 (32.6) 101 (35.4) 316 285 GR 68 114 (12.2) 379 (40.7) 234 (25.1) 205 (22.0) 1000 932 IE 62 60 (6.4) 397 (42.5) 264 (28.2) 214 (22.9) 997 935 IT 21 20 (2.0) 246 (24.3) 481 (47.6) 264 (26.1) 1032 1011 LU 29 53 (19.4) 152 (55.7) 58 (21.2) 10 (3.7) 302 273 NL 46 76 (8.3) 472 (51.4) 296 (32.2) 74 (8.1) 964 918 PT 74 81 (8.7) 619 (66.8) 187 (20.2) 39 (4.2) 1000 926 N Sum 646 1002 5120 3268 1547 11583 N Valid Sum 1002 5120 3268 1547 10937 printed 27.02.2012 page 21 Eurobarometer 28 - October-November 1987,isocntry M BE 75 64 (6.9) 393 (42.3) 299 (32.2) 174 (18.7) 1005 930 DE 27 59 (6.3) 598 (64.3) 236 (25.4) 37 (4.0) 957 930 DK 23 164 (16.7) 533 (54.4) 235 (24.0) 48 (4.9) 1003 980 ES 70 162 (17.1) 400 (42.3) 273 (28.9) 111 (11.7) 1016 946 FR 85 30 (3.3) 394 (43.2) 344 (37.7) 145 (15.9) 998 913 GB-GBN 35 112 (11.7) 453 (47.3) 268 (28.0) 125 (13.0) 993 958 GB-NIR 31 7 (2.5) 84 (29.5) 93 (32.6) 101 (35.4) 316 285 GR 68 114 (12.2) 379 (40.7) 234 (25.1) 205 (22.0) 1000 932 IE 62 60 (6.4) 397 (42.5) 264 (28.2) 214 (22.9) 997 935 IT 21 20 (2.0) 246 (24.3) 481 (47.6) 264 (26.1) 1032 1011 LU 29 53 (19.4) 152 (55.7) 58 (21.2) 10 (3.7) 302 273 NL 46 76 (8.3) 472 (51.4) 296 (32.2) 74 (8.1) 964 918 PT 74 81 (8.7) 619 (66.8) 187 (20.2) 39 (4.2) 1000 926 N Sum 646 1002 5120 3268 1547 11583 N Valid Sum 1002 5120 3268 1547 10937 printed 27.02.2012 page 21 Eurobarometer 28 - October-November 1987,GESIS Variable Report,47,ZA1713
v19,v19 0 1 2 3 4 N Sum N Valid Sum,POL DISCUSSION - CONVINCE FRIENDS,isocntry M BE 46 113 (11.8) 343 (35.8) 288 (30.0) 215 (22.4) 1005 959 DE 26 69 (7.4) 415 (44.6) 350 (37.6) 96 (10.3) 956 930 DK 19 167 (17.0) 437 (44.5) 204 (20.8) 175 (17.8) 1002 983 ES 66 86 (9.1) 335 (35.3) 267 (28.1) 262 (27.6) 1016 950 FR 13 130 (13.2) 347 (35.2) 220 (22.3) 289 (29.3) 999 986 GB-GBN 6 141 (14.3) 321 (32.5) 254 (25.7) 272 (27.5) 994 988 GB-NIR 1 26 (8.3) 84 (26.7) 95 (30.2) 110 (34.9) 316 315 GR 42 189 (19.7) 424 (44.3) 197 (20.6) 148 (15.4) 1000 958 IE 12 85 (8.6) 361 (36.6) 279 (28.3) 260 (26.4) 997 985 IT 38 192 (19.3) 375 (37.7) 221 (22.2) 206 (20.7) 1032 994 LU 6 38 (12.8) 143 (48.3) 59 (19.9) 56 (18.9) 302 296 NL 62 150 (16.6) 510 (56.5) 158 (17.5) 84 (9.3) 964 902 PT 12 200 (20.2) 312 (31.6) 179 (18.1) 297 (30.1) 1000 988 N Sum 349 1586 4407 2771 2470 11583 N Valid Sum 1586 4407 2771 2470 11234 printed 27.02.2012 page 22 Eurobarometer 28 - October-November 1987,isocntry M BE 46 113 (11.8) 343 (35.8) 288 (30.0) 215 (22.4) 1005 959 DE 26 69 (7.4) 415 (44.6) 350 (37.6) 96 (10.3) 956 930 DK 19 167 (17.0) 437 (44.5) 204 (20.8) 175 (17.8) 1002 983 ES 66 86 (9.1) 335 (35.3) 267 (28.1) 262 (27.6) 1016 950 FR 13 130 (13.2) 347 (35.2) 220 (22.3) 289 (29.3) 999 986 GB-GBN 6 141 (14.3) 321 (32.5) 254 (25.7) 272 (27.5) 994 988 GB-NIR 1 26 (8.3) 84 (26.7) 95 (30.2) 110 (34.9) 316 315 GR 42 189 (19.7) 424 (44.3) 197 (20.6) 148 (15.4) 1000 958 IE 12 85 (8.6) 361 (36.6) 279 (28.3) 260 (26.4) 997 985 IT 38 192 (19.3) 375 (37.7) 221 (22.2) 206 (20.7) 1032 994 LU 6 38 (12.8) 143 (48.3) 59 (19.9) 56 (18.9) 302 296 NL 62 150 (16.6) 510 (56.5) 158 (17.5) 84 (9.3) 964 902 PT 12 200 (20.2) 312 (31.6) 179 (18.1) 297 (30.1) 1000 988 N Sum 349 1586 4407 2771 2470 11583 N Valid Sum 1586 4407 2771 2470 11234 printed 27.02.2012 page 22 Eurobarometer 28 - October-November 1987,GESIS Variable Report,48,ZA1713
v20,v20 0 1 2 3 N Sum N Valid Sum,POL DISCUSSION - FREQUENCY,isocntry M BE 19 94 (9.5) 436 (44.2) 456 (46.2) 1005 986 DE 9 120 (12.7) 671 (70.8) 157 (16.6) 957 948 DK 4 185 (18.5) 631 (63.2) 182 (18.2) 1002 998 ES 11 81 (8.1) 441 (43.8) 484 (48.1) 1017 1006 FR 10 139 (14.1) 479 (48.5) 370 (37.4) 998 988 GB-GBN 2 172 (17.4) 524 (52.9) 295 (29.8) 993 991 GB-NIR 2 39 (12.4) 143 (45.5) 132 (42.0) 316 314 GR 4 394 (39.6) 340 (34.1) 262 (26.3) 1000 996 IE 5 140 (14.1) 460 (46.4) 392 (39.5) 997 992 IT 3 131 (12.7) 472 (45.9) 426 (41.4) 1032 1029 LU 4 67 (22.5) 151 (50.7) 80 (26.8) 302 298 NL 14 136 (14.3) 568 (59.7) 248 (26.1) 966 952 PT 13 55 (5.6) 300 (30.4) 632 (64.0) 1000 987 N Sum 100 1753 5616 4116 11585 N Valid Sum 1753 5616 4116 11485 printed 27.02.2012 page 23 Eurobarometer 28 - October-November 1987,isocntry M BE 19 94 (9.5) 436 (44.2) 456 (46.2) 1005 986 DE 9 120 (12.7) 671 (70.8) 157 (16.6) 957 948 DK 4 185 (18.5) 631 (63.2) 182 (18.2) 1002 998 ES 11 81 (8.1) 441 (43.8) 484 (48.1) 1017 1006 FR 10 139 (14.1) 479 (48.5) 370 (37.4) 998 988 GB-GBN 2 172 (17.4) 524 (52.9) 295 (29.8) 993 991 GB-NIR 2 39 (12.4) 143 (45.5) 132 (42.0) 316 314 GR 4 394 (39.6) 340 (34.1) 262 (26.3) 1000 996 IE 5 140 (14.1) 460 (46.4) 392 (39.5) 997 992 IT 3 131 (12.7) 472 (45.9) 426 (41.4) 1032 1029 LU 4 67 (22.5) 151 (50.7) 80 (26.8) 302 298 NL 14 136 (14.3) 568 (59.7) 248 (26.1) 966 952 PT 13 55 (5.6) 300 (30.4) 632 (64.0) 1000 987 N Sum 100 1753 5616 4116 11585 N Valid Sum 1753 5616 4116 11485 printed 27.02.2012 page 23 Eurobarometer 28 - October-November 1987,GESIS Variable Report,49,ZA1713
v21,,VALUE ORIENTATION - POLIT GOALS 1ST,,VALUE ORIENTATION - POLIT GOALS 1ST,GESIS Variable Report,50,ZA1713
v22,v22 0 1 2 3 4 N Sum N Valid Sum,VALUE ORIENTATION - POLIT GOALS 2ND,isocntry M BE 66 291 (31.0) 183 (19.5) 267 (28.4) 198 (21.1) 1005 939 DE 49 133 (14.6) 248 (27.3) 204 (22.5) 323 (35.6) 957 908 DK 37 207 (21.5) 186 (19.3) 228 (23.7) 343 (35.6) 1001 964 ES 80 181 (19.3) 177 (18.9) 359 (38.3) 220 (23.5) 1017 937 FR 40 225 (23.5) 138 (14.4) 306 (31.9) 290 (30.2) 999 959 GB-GBN 26 253 (26.2) 228 (23.6) 237 (24.5) 248 (25.7) 992 966 GB-NIR 13 80 (26.4) 70 (23.1) 101 (33.3) 52 (17.2) 316 303 GR 137 174 (20.2) 150 (17.4) 363 (42.1) 176 (20.4) 1000 863 IE 19 232 (23.7) 250 (25.6) 355 (36.3) 141 (14.4) 997 978 IT 33 273 (27.3) 216 (21.6) 361 (36.1) 149 (14.9) 1032 999 LU 9 67 (22.9) 60 (20.5) 99 (33.8) 67 (22.9) 302 293 NL 48 227 (24.8) 197 (21.5) 236 (25.8) 256 (27.9) 964 916 PT 89 285 (31.3) 165 (18.1) 329 (36.1) 132 (14.5) 1000 911 N Sum 646 2628 2268 3445 2595 11582 N Valid Sum 2628 2268 3445 2595 10936 printed 27.02.2012 page 25 Eurobarometer 28 - October-November 1987,isocntry M BE 66 291 (31.0) 183 (19.5) 267 (28.4) 198 (21.1) 1005 939 DE 49 133 (14.6) 248 (27.3) 204 (22.5) 323 (35.6) 957 908 DK 37 207 (21.5) 186 (19.3) 228 (23.7) 343 (35.6) 1001 964 ES 80 181 (19.3) 177 (18.9) 359 (38.3) 220 (23.5) 1017 937 FR 40 225 (23.5) 138 (14.4) 306 (31.9) 290 (30.2) 999 959 GB-GBN 26 253 (26.2) 228 (23.6) 237 (24.5) 248 (25.7) 992 966 GB-NIR 13 80 (26.4) 70 (23.1) 101 (33.3) 52 (17.2) 316 303 GR 137 174 (20.2) 150 (17.4) 363 (42.1) 176 (20.4) 1000 863 IE 19 232 (23.7) 250 (25.6) 355 (36.3) 141 (14.4) 997 978 IT 33 273 (27.3) 216 (21.6) 361 (36.1) 149 (14.9) 1032 999 LU 9 67 (22.9) 60 (20.5) 99 (33.8) 67 (22.9) 302 293 NL 48 227 (24.8) 197 (21.5) 236 (25.8) 256 (27.9) 964 916 PT 89 285 (31.3) 165 (18.1) 329 (36.1) 132 (14.5) 1000 911 N Sum 646 2628 2268 3445 2595 11582 N Valid Sum 2628 2268 3445 2595 10936 printed 27.02.2012 page 25 Eurobarometer 28 - October-November 1987,GESIS Variable Report,51,ZA1713
v23,v23 0 1 2 N Sum N Valid Sum,EUROPEAN CODE AGAINST CANCER - HEARD,isocntry M BE 57 459 (48.4) 489 (51.6) 1005 948 DE 88 237 (27.2) 633 (72.8) 958 870 DK 36 254 (26.3) 712 (73.7) 1002 966 ES 47 363 (37.5) 606 (62.5) 1016 969 FR 13 495 (50.2) 492 (49.8) 1000 987 GB-GBN 33 186 (19.4) 775 (80.6) 994 961 GB-NIR 5 66 (21.2) 245 (78.8) 316 311 GR 34 288 (29.8) 678 (70.2) 1000 966 IE 54 219 (23.2) 724 (76.8) 997 943 IT 20 606 (59.9) 406 (40.1) 1032 1012 LU 6 175 (59.1) 121 (40.9) 302 296 NL 39 238 (25.7) 687 (74.3) 964 925 PT 94 583 (64.3) 323 (35.7) 1000 906 N Sum 526 4169 6891 11586 N Valid Sum 4169 6891 11060 printed 27.02.2012 page 26 Eurobarometer 28 - October-November 1987,isocntry M BE 57 459 (48.4) 489 (51.6) 1005 948 DE 88 237 (27.2) 633 (72.8) 958 870 DK 36 254 (26.3) 712 (73.7) 1002 966 ES 47 363 (37.5) 606 (62.5) 1016 969 FR 13 495 (50.2) 492 (49.8) 1000 987 GB-GBN 33 186 (19.4) 775 (80.6) 994 961 GB-NIR 5 66 (21.2) 245 (78.8) 316 311 GR 34 288 (29.8) 678 (70.2) 1000 966 IE 54 219 (23.2) 724 (76.8) 997 943 IT 20 606 (59.9) 406 (40.1) 1032 1012 LU 6 175 (59.1) 121 (40.9) 302 296 NL 39 238 (25.7) 687 (74.3) 964 925 PT 94 583 (64.3) 323 (35.7) 1000 906 N Sum 526 4169 6891 11586 N Valid Sum 4169 6891 11060 printed 27.02.2012 page 26 Eurobarometer 28 - October-November 1987,GESIS Variable Report,52,ZA1713
v24,v24 0 1 N Sum N Valid Sum,INTEREST IN SCIENCE AND TECHNOLOGY,isocntry BE 732 (72.8) 273 (27.2) 1005 1005 DE 730 (76.3) 227 (23.7) 957 957 DK 742 (74.1) 260 (25.9) 1002 1002 ES 817 (80.4) 199 (19.6) 1016 1016 FR 704 (70.5) 295 (29.5) 999 999 GB-GBN 761 (76.6) 232 (23.4) 993 993 GB-NIR 272 (86.1) 44 (13.9) 316 316 GR 721 (72.1) 279 (27.9) 1000 1000 IE 877 (88.0) 120 (12.0) 997 997 IT 781 (75.7) 251 (24.3) 1032 1032 LU 212 (70.2) 90 (29.8) 302 302 NL 716 (74.3) 248 (25.7) 964 964 PT 845 (84.5) 155 (15.5) 1000 1000 N Sum 8910 2673 11583 N Valid Sum 8910 2673 11583 printed 27.02.2012 page 27 Eurobarometer 28 - October-November 1987,isocntry BE 732 (72.8) 273 (27.2) 1005 1005 DE 730 (76.3) 227 (23.7) 957 957 DK 742 (74.1) 260 (25.9) 1002 1002 ES 817 (80.4) 199 (19.6) 1016 1016 FR 704 (70.5) 295 (29.5) 999 999 GB-GBN 761 (76.6) 232 (23.4) 993 993 GB-NIR 272 (86.1) 44 (13.9) 316 316 GR 721 (72.1) 279 (27.9) 1000 1000 IE 877 (88.0) 120 (12.0) 997 997 IT 781 (75.7) 251 (24.3) 1032 1032 LU 212 (70.2) 90 (29.8) 302 302 NL 716 (74.3) 248 (25.7) 964 964 PT 845 (84.5) 155 (15.5) 1000 1000 N Sum 8910 2673 11583 N Valid Sum 8910 2673 11583 printed 27.02.2012 page 27 Eurobarometer 28 - October-November 1987,GESIS Variable Report,53,ZA1713
v25,v25 0 1 N Sum N Valid Sum,INTEREST IN NATIONAL POLITICS,isocntry BE 796 (79.2) 209 (20.8) 1005 1005 DE 668 (69.8) 289 (30.2) 957 957 DK 636 (63.5) 366 (36.5) 1002 1002 ES 865 (85.1) 151 (14.9) 1016 1016 FR 815 (81.6) 184 (18.4) 999 999 GB-GBN 742 (74.7) 251 (25.3) 993 993 GB-NIR 255 (80.7) 61 (19.3) 316 316 GR 670 (67.0) 330 (33.0) 1000 1000 IE 777 (77.9) 220 (22.1) 997 997 IT 857 (83.0) 175 (17.0) 1032 1032 LU 179 (59.3) 123 (40.7) 302 302 NL 749 (77.6) 216 (22.4) 965 965 PT 821 (82.1) 179 (17.9) 1000 1000 N Sum 8830 2754 11584 N Valid Sum 8830 2754 11584 printed 27.02.2012 page 28 Eurobarometer 28 - October-November 1987,isocntry BE 796 (79.2) 209 (20.8) 1005 1005 DE 668 (69.8) 289 (30.2) 957 957 DK 636 (63.5) 366 (36.5) 1002 1002 ES 865 (85.1) 151 (14.9) 1016 1016 FR 815 (81.6) 184 (18.4) 999 999 GB-GBN 742 (74.7) 251 (25.3) 993 993 GB-NIR 255 (80.7) 61 (19.3) 316 316 GR 670 (67.0) 330 (33.0) 1000 1000 IE 777 (77.9) 220 (22.1) 997 997 IT 857 (83.0) 175 (17.0) 1032 1032 LU 179 (59.3) 123 (40.7) 302 302 NL 749 (77.6) 216 (22.4) 965 965 PT 821 (82.1) 179 (17.9) 1000 1000 N Sum 8830 2754 11584 N Valid Sum 8830 2754 11584 printed 27.02.2012 page 28 Eurobarometer 28 - October-November 1987,GESIS Variable Report,54,ZA1713
v26,v26 0 1 N Sum N Valid Sum,INTEREST IN SPORT,isocntry BE 660 (65.7) 345 (34.3) 1005 1005 DE 637 (66.6) 320 (33.4) 957 957 DK 610 (60.9) 392 (39.1) 1002 1002 ES 760 (74.8) 256 (25.2) 1016 1016 FR 650 (65.1) 349 (34.9) 999 999 GB-GBN 645 (65.0) 348 (35.0) 993 993 GB-NIR 187 (59.2) 129 (40.8) 316 316 GR 736 (73.6) 264 (26.4) 1000 1000 IE 515 (51.7) 482 (48.3) 997 997 IT 799 (77.4) 233 (22.6) 1032 1032 LU 175 (57.9) 127 (42.1) 302 302 NL 654 (67.8) 311 (32.2) 965 965 PT 720 (72.0) 280 (28.0) 1000 1000 N Sum 7748 3836 11584 N Valid Sum 7748 3836 11584 printed 27.02.2012 page 29 Eurobarometer 28 - October-November 1987,isocntry BE 660 (65.7) 345 (34.3) 1005 1005 DE 637 (66.6) 320 (33.4) 957 957 DK 610 (60.9) 392 (39.1) 1002 1002 ES 760 (74.8) 256 (25.2) 1016 1016 FR 650 (65.1) 349 (34.9) 999 999 GB-GBN 645 (65.0) 348 (35.0) 993 993 GB-NIR 187 (59.2) 129 (40.8) 316 316 GR 736 (73.6) 264 (26.4) 1000 1000 IE 515 (51.7) 482 (48.3) 997 997 IT 799 (77.4) 233 (22.6) 1032 1032 LU 175 (57.9) 127 (42.1) 302 302 NL 654 (67.8) 311 (32.2) 965 965 PT 720 (72.0) 280 (28.0) 1000 1000 N Sum 7748 3836 11584 N Valid Sum 7748 3836 11584 printed 27.02.2012 page 29 Eurobarometer 28 - October-November 1987,GESIS Variable Report,55,ZA1713
v27,v27 0 1 N Sum N Valid Sum,INTEREST IN SOCIAL PROBLEMS,isocntry BE 628 (62.5) 377 (37.5) 1005 1005 DE 635 (66.4) 322 (33.6) 957 957 DK 500 (49.9) 502 (50.1) 1002 1002 ES 484 (47.6) 532 (52.4) 1016 1016 FR 452 (45.2) 547 (54.8) 999 999 GB-GBN 572 (57.6) 421 (42.4) 993 993 GB-NIR 211 (66.8) 105 (33.2) 316 316 GR 394 (39.4) 606 (60.6) 1000 1000 IE 583 (58.5) 414 (41.5) 997 997 IT 426 (41.3) 606 (58.7) 1032 1032 LU 172 (57.0) 130 (43.0) 302 302 NL 529 (54.8) 436 (45.2) 965 965 PT 556 (55.6) 444 (44.4) 1000 1000 N Sum 6142 5442 11584 N Valid Sum 6142 5442 11584 printed 27.02.2012 page 30 Eurobarometer 28 - October-November 1987,isocntry BE 628 (62.5) 377 (37.5) 1005 1005 DE 635 (66.4) 322 (33.6) 957 957 DK 500 (49.9) 502 (50.1) 1002 1002 ES 484 (47.6) 532 (52.4) 1016 1016 FR 452 (45.2) 547 (54.8) 999 999 GB-GBN 572 (57.6) 421 (42.4) 993 993 GB-NIR 211 (66.8) 105 (33.2) 316 316 GR 394 (39.4) 606 (60.6) 1000 1000 IE 583 (58.5) 414 (41.5) 997 997 IT 426 (41.3) 606 (58.7) 1032 1032 LU 172 (57.0) 130 (43.0) 302 302 NL 529 (54.8) 436 (45.2) 965 965 PT 556 (55.6) 444 (44.4) 1000 1000 N Sum 6142 5442 11584 N Valid Sum 6142 5442 11584 printed 27.02.2012 page 30 Eurobarometer 28 - October-November 1987,GESIS Variable Report,56,ZA1713
v28,v28 0 1 N Sum N Valid Sum,INTEREST IN ARTS,isocntry BE 692 (68.9) 313 (31.1) 1005 1005 DE 622 (65.0) 335 (35.0) 957 957 DK 595 (59.4) 407 (40.6) 1002 1002 ES 817 (80.4) 199 (19.6) 1016 1016 FR 684 (68.5) 315 (31.5) 999 999 GB-GBN 612 (61.6) 381 (38.4) 993 993 GB-NIR 229 (72.5) 87 (27.5) 316 316 GR 786 (78.6) 214 (21.4) 1000 1000 IE 744 (74.6) 253 (25.4) 997 997 IT 825 (79.9) 207 (20.1) 1032 1032 LU 171 (56.6) 131 (43.4) 302 302 NL 745 (77.2) 220 (22.8) 965 965 PT 776 (77.6) 224 (22.4) 1000 1000 N Sum 8298 3286 11584 N Valid Sum 8298 3286 11584 printed 27.02.2012 page 31 Eurobarometer 28 - October-November 1987,isocntry BE 692 (68.9) 313 (31.1) 1005 1005 DE 622 (65.0) 335 (35.0) 957 957 DK 595 (59.4) 407 (40.6) 1002 1002 ES 817 (80.4) 199 (19.6) 1016 1016 FR 684 (68.5) 315 (31.5) 999 999 GB-GBN 612 (61.6) 381 (38.4) 993 993 GB-NIR 229 (72.5) 87 (27.5) 316 316 GR 786 (78.6) 214 (21.4) 1000 1000 IE 744 (74.6) 253 (25.4) 997 997 IT 825 (79.9) 207 (20.1) 1032 1032 LU 171 (56.6) 131 (43.4) 302 302 NL 745 (77.2) 220 (22.8) 965 965 PT 776 (77.6) 224 (22.4) 1000 1000 N Sum 8298 3286 11584 N Valid Sum 8298 3286 11584 printed 27.02.2012 page 31 Eurobarometer 28 - October-November 1987,GESIS Variable Report,57,ZA1713
v29,v29 0 1 N Sum N Valid Sum,INTEREST IN EUROPEAN COUNTRIES - PEOPLE,isocntry BE 763 (75.9) 242 (24.1) 1005 1005 DE 709 (74.1) 248 (25.9) 957 957 DK 789 (78.7) 213 (21.3) 1002 1002 ES 885 (87.1) 131 (12.9) 1016 1016 FR 773 (77.4) 226 (22.6) 999 999 GB-GBN 776 (78.1) 217 (21.9) 993 993 GB-NIR 264 (83.5) 52 (16.5) 316 316 GR 779 (77.9) 221 (22.1) 1000 1000 IE 769 (77.1) 228 (22.9) 997 997 IT 873 (84.6) 159 (15.4) 1032 1032 LU 217 (71.9) 85 (28.1) 302 302 NL 798 (82.8) 166 (17.2) 964 964 PT 847 (84.7) 153 (15.3) 1000 1000 N Sum 9242 2341 11583 N Valid Sum 9242 2341 11583 printed 27.02.2012 page 32 Eurobarometer 28 - October-November 1987,isocntry BE 763 (75.9) 242 (24.1) 1005 1005 DE 709 (74.1) 248 (25.9) 957 957 DK 789 (78.7) 213 (21.3) 1002 1002 ES 885 (87.1) 131 (12.9) 1016 1016 FR 773 (77.4) 226 (22.6) 999 999 GB-GBN 776 (78.1) 217 (21.9) 993 993 GB-NIR 264 (83.5) 52 (16.5) 316 316 GR 779 (77.9) 221 (22.1) 1000 1000 IE 769 (77.1) 228 (22.9) 997 997 IT 873 (84.6) 159 (15.4) 1032 1032 LU 217 (71.9) 85 (28.1) 302 302 NL 798 (82.8) 166 (17.2) 964 964 PT 847 (84.7) 153 (15.3) 1000 1000 N Sum 9242 2341 11583 N Valid Sum 9242 2341 11583 printed 27.02.2012 page 32 Eurobarometer 28 - October-November 1987,GESIS Variable Report,58,ZA1713
v30,v30 0 1 N Sum N Valid Sum,INTEREST IN NAT CULTURE - OTHER REGIONS,isocntry BE 825 (82.1) 180 (17.9) 1005 1005 DE 847 (88.5) 110 (11.5) 957 957 DK 814 (81.2) 188 (18.8) 1002 1002 ES 859 (84.5) 157 (15.5) 1016 1016 FR 785 (78.6) 214 (21.4) 999 999 GB-GBN 868 (87.4) 125 (12.6) 993 993 GB-NIR 272 (86.1) 44 (13.9) 316 316 GR 861 (86.1) 139 (13.9) 1000 1000 IE 850 (85.3) 147 (14.7) 997 997 IT 907 (87.9) 125 (12.1) 1032 1032 LU 251 (83.1) 51 (16.9) 302 302 NL 863 (89.4) 102 (10.6) 965 965 PT 902 (90.2) 98 (9.8) 1000 1000 N Sum 9904 1680 11584 N Valid Sum 9904 1680 11584 printed 27.02.2012 page 33 Eurobarometer 28 - October-November 1987,isocntry BE 825 (82.1) 180 (17.9) 1005 1005 DE 847 (88.5) 110 (11.5) 957 957 DK 814 (81.2) 188 (18.8) 1002 1002 ES 859 (84.5) 157 (15.5) 1016 1016 FR 785 (78.6) 214 (21.4) 999 999 GB-GBN 868 (87.4) 125 (12.6) 993 993 GB-NIR 272 (86.1) 44 (13.9) 316 316 GR 861 (86.1) 139 (13.9) 1000 1000 IE 850 (85.3) 147 (14.7) 997 997 IT 907 (87.9) 125 (12.1) 1032 1032 LU 251 (83.1) 51 (16.9) 302 302 NL 863 (89.4) 102 (10.6) 965 965 PT 902 (90.2) 98 (9.8) 1000 1000 N Sum 9904 1680 11584 N Valid Sum 9904 1680 11584 printed 27.02.2012 page 33 Eurobarometer 28 - October-November 1987,GESIS Variable Report,59,ZA1713
v31,v31 0 1 N Sum N Valid Sum,INTEREST IN ENVIRONMENT PROTECTION,isocntry BE 549 (54.6) 456 (45.4) 1005 1005 DE 503 (52.6) 454 (47.4) 957 957 DK 437 (43.6) 565 (56.4) 1002 1002 ES 624 (61.4) 392 (38.6) 1016 1016 FR 579 (58.0) 420 (42.0) 999 999 GB-GBN 541 (54.5) 452 (45.5) 993 993 GB-NIR 240 (75.9) 76 (24.1) 316 316 GR 593 (59.3) 407 (40.7) 1000 1000 IE 666 (66.8) 331 (33.2) 997 997 IT 433 (42.0) 599 (58.0) 1032 1032 LU 105 (34.8) 197 (65.2) 302 302 NL 432 (44.8) 532 (55.2) 964 964 PT 728 (72.8) 272 (27.2) 1000 1000 N Sum 6430 5153 11583 N Valid Sum 6430 5153 11583 printed 27.02.2012 page 34 Eurobarometer 28 - October-November 1987,isocntry BE 549 (54.6) 456 (45.4) 1005 1005 DE 503 (52.6) 454 (47.4) 957 957 DK 437 (43.6) 565 (56.4) 1002 1002 ES 624 (61.4) 392 (38.6) 1016 1016 FR 579 (58.0) 420 (42.0) 999 999 GB-GBN 541 (54.5) 452 (45.5) 993 993 GB-NIR 240 (75.9) 76 (24.1) 316 316 GR 593 (59.3) 407 (40.7) 1000 1000 IE 666 (66.8) 331 (33.2) 997 997 IT 433 (42.0) 599 (58.0) 1032 1032 LU 105 (34.8) 197 (65.2) 302 302 NL 432 (44.8) 532 (55.2) 964 964 PT 728 (72.8) 272 (27.2) 1000 1000 N Sum 6430 5153 11583 N Valid Sum 6430 5153 11583 printed 27.02.2012 page 34 Eurobarometer 28 - October-November 1987,GESIS Variable Report,60,ZA1713
v32,v32 0 1 N Sum N Valid Sum,INTEREST IN THIRD WORLD,isocntry BE 783 (77.9) 222 (22.1) 1005 1005 DE 837 (87.5) 120 (12.5) 957 957 DK 819 (81.7) 183 (18.3) 1002 1002 ES 758 (74.6) 258 (25.4) 1016 1016 FR 717 (71.8) 282 (28.2) 999 999 GB-GBN 759 (76.4) 234 (23.6) 993 993 GB-NIR 233 (73.7) 83 (26.3) 316 316 GR 843 (84.3) 157 (15.7) 1000 1000 IE 732 (73.4) 265 (26.6) 997 997 IT 745 (72.2) 287 (27.8) 1032 1032 LU 171 (56.6) 131 (43.4) 302 302 NL 719 (74.5) 246 (25.5) 965 965 PT 831 (83.1) 169 (16.9) 1000 1000 N Sum 8947 2637 11584 N Valid Sum 8947 2637 11584 printed 27.02.2012 page 35 Eurobarometer 28 - October-November 1987,isocntry BE 783 (77.9) 222 (22.1) 1005 1005 DE 837 (87.5) 120 (12.5) 957 957 DK 819 (81.7) 183 (18.3) 1002 1002 ES 758 (74.6) 258 (25.4) 1016 1016 FR 717 (71.8) 282 (28.2) 999 999 GB-GBN 759 (76.4) 234 (23.6) 993 993 GB-NIR 233 (73.7) 83 (26.3) 316 316 GR 843 (84.3) 157 (15.7) 1000 1000 IE 732 (73.4) 265 (26.6) 997 997 IT 745 (72.2) 287 (27.8) 1032 1032 LU 171 (56.6) 131 (43.4) 302 302 NL 719 (74.5) 246 (25.5) 965 965 PT 831 (83.1) 169 (16.9) 1000 1000 N Sum 8947 2637 11584 N Valid Sum 8947 2637 11584 printed 27.02.2012 page 35 Eurobarometer 28 - October-November 1987,GESIS Variable Report,61,ZA1713
v33,v33 0 1 N Sum N Valid Sum,INTEREST IN INTERNATIONAL POLITICS,isocntry BE 829 (82.5) 176 (17.5) 1005 1005 DE 769 (80.4) 188 (19.6) 957 957 DK 754 (75.2) 248 (24.8) 1002 1002 ES 917 (90.3) 99 (9.7) 1016 1016 FR 803 (80.4) 196 (19.6) 999 999 GB-GBN 828 (83.4) 165 (16.6) 993 993 GB-NIR 289 (91.5) 27 (8.5) 316 316 GR 783 (78.3) 217 (21.7) 1000 1000 IE 868 (87.1) 129 (12.9) 997 997 IT 896 (86.8) 136 (13.2) 1032 1032 LU 196 (64.9) 106 (35.1) 302 302 NL 729 (75.6) 235 (24.4) 964 964 PT 942 (94.2) 58 (5.8) 1000 1000 N Sum 9603 1980 11583 N Valid Sum 9603 1980 11583 printed 27.02.2012 page 36 Eurobarometer 28 - October-November 1987,isocntry BE 829 (82.5) 176 (17.5) 1005 1005 DE 769 (80.4) 188 (19.6) 957 957 DK 754 (75.2) 248 (24.8) 1002 1002 ES 917 (90.3) 99 (9.7) 1016 1016 FR 803 (80.4) 196 (19.6) 999 999 GB-GBN 828 (83.4) 165 (16.6) 993 993 GB-NIR 289 (91.5) 27 (8.5) 316 316 GR 783 (78.3) 217 (21.7) 1000 1000 IE 868 (87.1) 129 (12.9) 997 997 IT 896 (86.8) 136 (13.2) 1032 1032 LU 196 (64.9) 106 (35.1) 302 302 NL 729 (75.6) 235 (24.4) 964 964 PT 942 (94.2) 58 (5.8) 1000 1000 N Sum 9603 1980 11583 N Valid Sum 9603 1980 11583 printed 27.02.2012 page 36 Eurobarometer 28 - October-November 1987,GESIS Variable Report,62,ZA1713
v34,v34 0 1 N Sum N Valid Sum,INTEREST IN PEACE MOVEMENT,isocntry BE 839 (83.5) 166 (16.5) 1005 1005 DE 785 (82.0) 172 (18.0) 957 957 DK 828 (82.6) 174 (17.4) 1002 1002 ES 899 (88.4) 118 (11.6) 1017 1017 FR 903 (90.4) 96 (9.6) 999 999 GB-GBN 818 (82.4) 175 (17.6) 993 993 GB-NIR 284 (89.9) 32 (10.1) 316 316 GR 503 (50.3) 497 (49.7) 1000 1000 IE 798 (80.0) 199 (20.0) 997 997 IT 568 (55.0) 464 (45.0) 1032 1032 LU 196 (64.9) 106 (35.1) 302 302 NL 769 (79.8) 195 (20.2) 964 964 PT 926 (92.6) 74 (7.4) 1000 1000 N Sum 9116 2468 11584 N Valid Sum 9116 2468 11584 printed 27.02.2012 page 37 Eurobarometer 28 - October-November 1987,isocntry BE 839 (83.5) 166 (16.5) 1005 1005 DE 785 (82.0) 172 (18.0) 957 957 DK 828 (82.6) 174 (17.4) 1002 1002 ES 899 (88.4) 118 (11.6) 1017 1017 FR 903 (90.4) 96 (9.6) 999 999 GB-GBN 818 (82.4) 175 (17.6) 993 993 GB-NIR 284 (89.9) 32 (10.1) 316 316 GR 503 (50.3) 497 (49.7) 1000 1000 IE 798 (80.0) 199 (20.0) 997 997 IT 568 (55.0) 464 (45.0) 1032 1032 LU 196 (64.9) 106 (35.1) 302 302 NL 769 (79.8) 195 (20.2) 964 964 PT 926 (92.6) 74 (7.4) 1000 1000 N Sum 9116 2468 11584 N Valid Sum 9116 2468 11584 printed 27.02.2012 page 37 Eurobarometer 28 - October-November 1987,GESIS Variable Report,63,ZA1713
v35,v35 0 1 N Sum N Valid Sum,WORTH PROMOTING SEXUAL EQUALITY,isocntry BE 803 (79.9) 202 (20.1) 1005 1005 DE 751 (78.5) 206 (21.5) 957 957 DK 793 (79.1) 209 (20.9) 1002 1002 ES 896 (88.2) 120 (11.8) 1016 1016 FR 868 (86.9) 131 (13.1) 999 999 GB-GBN 874 (88.0) 119 (12.0) 993 993 GB-NIR 296 (93.7) 20 (6.3) 316 316 GR 776 (77.6) 224 (22.4) 1000 1000 IE 877 (88.0) 120 (12.0) 997 997 IT 914 (88.6) 118 (11.4) 1032 1032 LU 200 (66.2) 102 (33.8) 302 302 NL 806 (83.5) 159 (16.5) 965 965 PT 893 (89.3) 107 (10.7) 1000 1000 N Sum 9747 1837 11584 N Valid Sum 9747 1837 11584 printed 27.02.2012 page 38 Eurobarometer 28 - October-November 1987,isocntry BE 803 (79.9) 202 (20.1) 1005 1005 DE 751 (78.5) 206 (21.5) 957 957 DK 793 (79.1) 209 (20.9) 1002 1002 ES 896 (88.2) 120 (11.8) 1016 1016 FR 868 (86.9) 131 (13.1) 999 999 GB-GBN 874 (88.0) 119 (12.0) 993 993 GB-NIR 296 (93.7) 20 (6.3) 316 316 GR 776 (77.6) 224 (22.4) 1000 1000 IE 877 (88.0) 120 (12.0) 997 997 IT 914 (88.6) 118 (11.4) 1032 1032 LU 200 (66.2) 102 (33.8) 302 302 NL 806 (83.5) 159 (16.5) 965 965 PT 893 (89.3) 107 (10.7) 1000 1000 N Sum 9747 1837 11584 N Valid Sum 9747 1837 11584 printed 27.02.2012 page 38 Eurobarometer 28 - October-November 1987,GESIS Variable Report,64,ZA1713
v36,v36 0 1 N Sum N Valid Sum,WORTH PROMOTING ENVIRONMENT PROTECTION,isocntry BE 456 (45.4) 549 (54.6) 1005 1005 DE 392 (41.0) 565 (59.0) 957 957 DK 555 (55.4) 447 (44.6) 1002 1002 ES 787 (77.5) 229 (22.5) 1016 1016 FR 664 (66.5) 335 (33.5) 999 999 GB-GBN 668 (67.3) 325 (32.7) 993 993 GB-NIR 255 (80.7) 61 (19.3) 316 316 GR 653 (65.3) 347 (34.7) 1000 1000 IE 722 (72.4) 275 (27.6) 997 997 IT 585 (56.7) 447 (43.3) 1032 1032 LU 92 (30.5) 210 (69.5) 302 302 NL 614 (63.6) 351 (36.4) 965 965 PT 707 (70.7) 293 (29.3) 1000 1000 N Sum 7150 4434 11584 N Valid Sum 7150 4434 11584 printed 27.02.2012 page 39 Eurobarometer 28 - October-November 1987,isocntry BE 456 (45.4) 549 (54.6) 1005 1005 DE 392 (41.0) 565 (59.0) 957 957 DK 555 (55.4) 447 (44.6) 1002 1002 ES 787 (77.5) 229 (22.5) 1016 1016 FR 664 (66.5) 335 (33.5) 999 999 GB-GBN 668 (67.3) 325 (32.7) 993 993 GB-NIR 255 (80.7) 61 (19.3) 316 316 GR 653 (65.3) 347 (34.7) 1000 1000 IE 722 (72.4) 275 (27.6) 997 997 IT 585 (56.7) 447 (43.3) 1032 1032 LU 92 (30.5) 210 (69.5) 302 302 NL 614 (63.6) 351 (36.4) 965 965 PT 707 (70.7) 293 (29.3) 1000 1000 N Sum 7150 4434 11584 N Valid Sum 7150 4434 11584 printed 27.02.2012 page 39 Eurobarometer 28 - October-November 1987,GESIS Variable Report,65,ZA1713
v37,v37 0 1 N Sum N Valid Sum,WORTH PROMOTING PEACE IN THE WORLD,isocntry BE 399 (39.7) 606 (60.3) 1005 1005 DE 394 (41.2) 563 (58.8) 957 957 DK 509 (50.8) 493 (49.2) 1002 1002 ES 482 (47.4) 534 (52.6) 1016 1016 FR 277 (27.7) 722 (72.3) 999 999 GB-GBN 658 (66.3) 335 (33.7) 993 993 GB-NIR 222 (70.3) 94 (29.7) 316 316 GR 218 (21.8) 782 (78.2) 1000 1000 IE 686 (68.8) 311 (31.2) 997 997 IT 261 (25.3) 771 (74.7) 1032 1032 LU 92 (30.5) 210 (69.5) 302 302 NL 541 (56.1) 423 (43.9) 964 964 PT 238 (23.8) 762 (76.2) 1000 1000 N Sum 4977 6606 11583 N Valid Sum 4977 6606 11583 printed 27.02.2012 page 40 Eurobarometer 28 - October-November 1987,isocntry BE 399 (39.7) 606 (60.3) 1005 1005 DE 394 (41.2) 563 (58.8) 957 957 DK 509 (50.8) 493 (49.2) 1002 1002 ES 482 (47.4) 534 (52.6) 1016 1016 FR 277 (27.7) 722 (72.3) 999 999 GB-GBN 658 (66.3) 335 (33.7) 993 993 GB-NIR 222 (70.3) 94 (29.7) 316 316 GR 218 (21.8) 782 (78.2) 1000 1000 IE 686 (68.8) 311 (31.2) 997 997 IT 261 (25.3) 771 (74.7) 1032 1032 LU 92 (30.5) 210 (69.5) 302 302 NL 541 (56.1) 423 (43.9) 964 964 PT 238 (23.8) 762 (76.2) 1000 1000 N Sum 4977 6606 11583 N Valid Sum 4977 6606 11583 printed 27.02.2012 page 40 Eurobarometer 28 - October-November 1987,GESIS Variable Report,66,ZA1713
v38,v38 0 1 N Sum N Valid Sum,WORTH PROMOTING FIGHTING POVERTY,isocntry BE 520 (51.7) 485 (48.3) 1005 1005 DE 660 (69.0) 297 (31.0) 957 957 DK 739 (73.8) 263 (26.2) 1002 1002 ES 599 (59.0) 417 (41.0) 1016 1016 FR 402 (40.2) 597 (59.8) 999 999 GB-GBN 724 (72.9) 269 (27.1) 993 993 GB-NIR 233 (73.7) 83 (26.3) 316 316 GR 595 (59.5) 405 (40.5) 1000 1000 IE 632 (63.4) 365 (36.6) 997 997 IT 530 (51.4) 502 (48.6) 1032 1032 LU 147 (48.7) 155 (51.3) 302 302 NL 728 (75.4) 237 (24.6) 965 965 PT 349 (34.9) 651 (65.1) 1000 1000 N Sum 6858 4726 11584 N Valid Sum 6858 4726 11584 printed 27.02.2012 page 41 Eurobarometer 28 - October-November 1987,isocntry BE 520 (51.7) 485 (48.3) 1005 1005 DE 660 (69.0) 297 (31.0) 957 957 DK 739 (73.8) 263 (26.2) 1002 1002 ES 599 (59.0) 417 (41.0) 1016 1016 FR 402 (40.2) 597 (59.8) 999 999 GB-GBN 724 (72.9) 269 (27.1) 993 993 GB-NIR 233 (73.7) 83 (26.3) 316 316 GR 595 (59.5) 405 (40.5) 1000 1000 IE 632 (63.4) 365 (36.6) 997 997 IT 530 (51.4) 502 (48.6) 1032 1032 LU 147 (48.7) 155 (51.3) 302 302 NL 728 (75.4) 237 (24.6) 965 965 PT 349 (34.9) 651 (65.1) 1000 1000 N Sum 6858 4726 11584 N Valid Sum 6858 4726 11584 printed 27.02.2012 page 41 Eurobarometer 28 - October-November 1987,GESIS Variable Report,67,ZA1713
v39,v39 0 1 N Sum N Valid Sum,WORTH PROMOTING NATIONAL DEFENCE,isocntry BE 843 (83.9) 162 (16.1) 1005 1005 DE 846 (88.4) 111 (11.6) 957 957 DK 854 (85.2) 148 (14.8) 1002 1002 ES 818 (80.4) 199 (19.6) 1017 1017 FR 718 (71.9) 281 (28.1) 999 999 GB-GBN 788 (79.4) 205 (20.6) 993 993 GB-NIR 271 (85.8) 45 (14.2) 316 316 GR 728 (72.8) 272 (27.2) 1000 1000 IE 920 (92.3) 77 (7.7) 997 997 IT 801 (77.6) 231 (22.4) 1032 1032 LU 219 (72.5) 83 (27.5) 302 302 NL 929 (96.3) 36 (3.7) 965 965 PT 746 (74.6) 254 (25.4) 1000 1000 N Sum 9481 2104 11585 N Valid Sum 9481 2104 11585 printed 27.02.2012 page 42 Eurobarometer 28 - October-November 1987,isocntry BE 843 (83.9) 162 (16.1) 1005 1005 DE 846 (88.4) 111 (11.6) 957 957 DK 854 (85.2) 148 (14.8) 1002 1002 ES 818 (80.4) 199 (19.6) 1017 1017 FR 718 (71.9) 281 (28.1) 999 999 GB-GBN 788 (79.4) 205 (20.6) 993 993 GB-NIR 271 (85.8) 45 (14.2) 316 316 GR 728 (72.8) 272 (27.2) 1000 1000 IE 920 (92.3) 77 (7.7) 997 997 IT 801 (77.6) 231 (22.4) 1032 1032 LU 219 (72.5) 83 (27.5) 302 302 NL 929 (96.3) 36 (3.7) 965 965 PT 746 (74.6) 254 (25.4) 1000 1000 N Sum 9481 2104 11585 N Valid Sum 9481 2104 11585 printed 27.02.2012 page 42 Eurobarometer 28 - October-November 1987,GESIS Variable Report,68,ZA1713
v40,v40 0 1 N Sum N Valid Sum,WORTH PROMOTING RELIGIOUS FAITH,isocntry BE 919 (91.4) 86 (8.6) 1005 1005 DE 842 (88.0) 115 (12.0) 957 957 DK 924 (92.2) 78 (7.8) 1002 1002 ES 852 (83.8) 165 (16.2) 1017 1017 FR 879 (88.0) 120 (12.0) 999 999 GB-GBN 870 (87.6) 123 (12.4) 993 993 GB-NIR 228 (72.2) 88 (27.8) 316 316 GR 803 (80.3) 197 (19.7) 1000 1000 IE 655 (65.7) 342 (34.3) 997 997 IT 837 (81.1) 195 (18.9) 1032 1032 LU 243 (80.5) 59 (19.5) 302 302 NL 836 (86.7) 128 (13.3) 964 964 PT 787 (78.7) 213 (21.3) 1000 1000 N Sum 9675 1909 11584 N Valid Sum 9675 1909 11584 printed 27.02.2012 page 43 Eurobarometer 28 - October-November 1987,isocntry BE 919 (91.4) 86 (8.6) 1005 1005 DE 842 (88.0) 115 (12.0) 957 957 DK 924 (92.2) 78 (7.8) 1002 1002 ES 852 (83.8) 165 (16.2) 1017 1017 FR 879 (88.0) 120 (12.0) 999 999 GB-GBN 870 (87.6) 123 (12.4) 993 993 GB-NIR 228 (72.2) 88 (27.8) 316 316 GR 803 (80.3) 197 (19.7) 1000 1000 IE 655 (65.7) 342 (34.3) 997 997 IT 837 (81.1) 195 (18.9) 1032 1032 LU 243 (80.5) 59 (19.5) 302 302 NL 836 (86.7) 128 (13.3) 964 964 PT 787 (78.7) 213 (21.3) 1000 1000 N Sum 9675 1909 11584 N Valid Sum 9675 1909 11584 printed 27.02.2012 page 43 Eurobarometer 28 - October-November 1987,GESIS Variable Report,69,ZA1713
v41,v41 0 1 N Sum N Valid Sum,WORTH PROMOTING EUROPEAN UNIFICATION,isocntry BE 824 (82.0) 181 (18.0) 1005 1005 DE 832 (86.9) 125 (13.1) 957 957 DK 936 (93.4) 66 (6.6) 1002 1002 ES 941 (92.5) 76 (7.5) 1017 1017 FR 807 (80.8) 192 (19.2) 999 999 GB-GBN 953 (96.0) 40 (4.0) 993 993 GB-NIR 309 (97.8) 7 (2.2) 316 316 GR 950 (95.0) 50 (5.0) 1000 1000 IE 963 (96.6) 34 (3.4) 997 997 IT 909 (88.1) 123 (11.9) 1032 1032 LU 206 (68.2) 96 (31.8) 302 302 NL 901 (93.5) 63 (6.5) 964 964 PT 949 (94.9) 51 (5.1) 1000 1000 N Sum 10480 1104 11584 N Valid Sum 10480 1104 11584 printed 27.02.2012 page 44 Eurobarometer 28 - October-November 1987,isocntry BE 824 (82.0) 181 (18.0) 1005 1005 DE 832 (86.9) 125 (13.1) 957 957 DK 936 (93.4) 66 (6.6) 1002 1002 ES 941 (92.5) 76 (7.5) 1017 1017 FR 807 (80.8) 192 (19.2) 999 999 GB-GBN 953 (96.0) 40 (4.0) 993 993 GB-NIR 309 (97.8) 7 (2.2) 316 316 GR 950 (95.0) 50 (5.0) 1000 1000 IE 963 (96.6) 34 (3.4) 997 997 IT 909 (88.1) 123 (11.9) 1032 1032 LU 206 (68.2) 96 (31.8) 302 302 NL 901 (93.5) 63 (6.5) 964 964 PT 949 (94.9) 51 (5.1) 1000 1000 N Sum 10480 1104 11584 N Valid Sum 10480 1104 11584 printed 27.02.2012 page 44 Eurobarometer 28 - October-November 1987,GESIS Variable Report,70,ZA1713
v42,v42 0 1 N Sum N Valid Sum,WORTH PROMOTING INDIVIDUAL FREEDOM,isocntry BE 679 (67.6) 326 (32.4) 1005 1005 DE 634 (66.2) 323 (33.8) 957 957 DK 673 (67.2) 329 (32.8) 1002 1002 ES 790 (77.7) 227 (22.3) 1017 1017 FR 552 (55.3) 447 (44.7) 999 999 GB-GBN 754 (75.9) 239 (24.1) 993 993 GB-NIR 261 (82.6) 55 (17.4) 316 316 GR 629 (62.9) 371 (37.1) 1000 1000 IE 746 (74.8) 251 (25.2) 997 997 IT 669 (64.8) 363 (35.2) 1032 1032 LU 165 (54.6) 137 (45.4) 302 302 NL 747 (77.4) 218 (22.6) 965 965 PT 757 (75.7) 243 (24.3) 1000 1000 N Sum 8056 3529 11585 N Valid Sum 8056 3529 11585 printed 27.02.2012 page 45 Eurobarometer 28 - October-November 1987,isocntry BE 679 (67.6) 326 (32.4) 1005 1005 DE 634 (66.2) 323 (33.8) 957 957 DK 673 (67.2) 329 (32.8) 1002 1002 ES 790 (77.7) 227 (22.3) 1017 1017 FR 552 (55.3) 447 (44.7) 999 999 GB-GBN 754 (75.9) 239 (24.1) 993 993 GB-NIR 261 (82.6) 55 (17.4) 316 316 GR 629 (62.9) 371 (37.1) 1000 1000 IE 746 (74.8) 251 (25.2) 997 997 IT 669 (64.8) 363 (35.2) 1032 1032 LU 165 (54.6) 137 (45.4) 302 302 NL 747 (77.4) 218 (22.6) 965 965 PT 757 (75.7) 243 (24.3) 1000 1000 N Sum 8056 3529 11585 N Valid Sum 8056 3529 11585 printed 27.02.2012 page 45 Eurobarometer 28 - October-November 1987,GESIS Variable Report,71,ZA1713
v43,v43 0 1 N Sum N Valid Sum,WORTH PROMOTING HUMAN RIGHTS,isocntry BE 554 (55.1) 451 (44.9) 1005 1005 DE 553 (57.8) 404 (42.2) 957 957 DK 591 (59.0) 411 (41.0) 1002 1002 ES 624 (61.4) 392 (38.6) 1016 1016 FR 504 (50.5) 495 (49.5) 999 999 GB-GBN 715 (72.0) 278 (28.0) 993 993 GB-NIR 253 (80.1) 63 (19.9) 316 316 GR 544 (54.4) 456 (45.6) 1000 1000 IE 664 (66.6) 333 (33.4) 997 997 IT 522 (50.6) 510 (49.4) 1032 1032 LU 120 (39.7) 182 (60.3) 302 302 NL 605 (62.7) 360 (37.3) 965 965 PT 722 (72.2) 278 (27.8) 1000 1000 N Sum 6971 4613 11584 N Valid Sum 6971 4613 11584 printed 27.02.2012 page 46 Eurobarometer 28 - October-November 1987,isocntry BE 554 (55.1) 451 (44.9) 1005 1005 DE 553 (57.8) 404 (42.2) 957 957 DK 591 (59.0) 411 (41.0) 1002 1002 ES 624 (61.4) 392 (38.6) 1016 1016 FR 504 (50.5) 495 (49.5) 999 999 GB-GBN 715 (72.0) 278 (28.0) 993 993 GB-NIR 253 (80.1) 63 (19.9) 316 316 GR 544 (54.4) 456 (45.6) 1000 1000 IE 664 (66.6) 333 (33.4) 997 997 IT 522 (50.6) 510 (49.4) 1032 1032 LU 120 (39.7) 182 (60.3) 302 302 NL 605 (62.7) 360 (37.3) 965 965 PT 722 (72.2) 278 (27.8) 1000 1000 N Sum 6971 4613 11584 N Valid Sum 6971 4613 11584 printed 27.02.2012 page 46 Eurobarometer 28 - October-November 1987,GESIS Variable Report,72,ZA1713
v44,v44 0 1 N Sum N Valid Sum,WORTH PROMOTING REVOLUTION,isocntry BE 979 (97.4) 26 (2.6) 1005 1005 DE 951 (99.4) 6 (0.6) 957 957 DK 979 (97.7) 23 (2.3) 1002 1002 ES 977 (96.1) 40 (3.9) 1017 1017 FR 976 (97.7) 23 (2.3) 999 999 GB-GBN 985 (99.2) 8 (0.8) 993 993 GB-NIR 313 (99.1) 3 (0.9) 316 316 GR 974 (97.4) 26 (2.6) 1000 1000 IE 988 (99.1) 9 (0.9) 997 997 IT 1012 (98.1) 20 (1.9) 1032 1032 LU 284 (94.0) 18 (6.0) 302 302 NL 957 (99.2) 8 (0.8) 965 965 PT 973 (97.3) 27 (2.7) 1000 1000 N Sum 11348 237 11585 N Valid Sum 11348 237 11585 printed 27.02.2012 page 47 Eurobarometer 28 - October-November 1987,isocntry BE 979 (97.4) 26 (2.6) 1005 1005 DE 951 (99.4) 6 (0.6) 957 957 DK 979 (97.7) 23 (2.3) 1002 1002 ES 977 (96.1) 40 (3.9) 1017 1017 FR 976 (97.7) 23 (2.3) 999 999 GB-GBN 985 (99.2) 8 (0.8) 993 993 GB-NIR 313 (99.1) 3 (0.9) 316 316 GR 974 (97.4) 26 (2.6) 1000 1000 IE 988 (99.1) 9 (0.9) 997 997 IT 1012 (98.1) 20 (1.9) 1032 1032 LU 284 (94.0) 18 (6.0) 302 302 NL 957 (99.2) 8 (0.8) 965 965 PT 973 (97.3) 27 (2.7) 1000 1000 N Sum 11348 237 11585 N Valid Sum 11348 237 11585 printed 27.02.2012 page 47 Eurobarometer 28 - October-November 1987,GESIS Variable Report,73,ZA1713
v45,v45 0 1 N Sum N Valid Sum,WORTH PROMOTING THIRD WORLD AID,isocntry BE 752 (74.8) 253 (25.2) 1005 1005 DE 786 (82.1) 171 (17.9) 957 957 DK 816 (81.4) 186 (18.6) 1002 1002 ES 809 (79.5) 208 (20.5) 1017 1017 FR 723 (72.4) 276 (27.6) 999 999 GB-GBN 782 (78.8) 211 (21.2) 993 993 GB-NIR 217 (68.7) 99 (31.3) 316 316 GR 904 (90.4) 96 (9.6) 1000 1000 IE 691 (69.3) 306 (30.7) 997 997 IT 792 (76.7) 240 (23.3) 1032 1032 LU 171 (56.6) 131 (43.4) 302 302 NL 817 (84.8) 147 (15.2) 964 964 PT 855 (85.5) 145 (14.5) 1000 1000 N Sum 9115 2469 11584 N Valid Sum 9115 2469 11584 printed 27.02.2012 page 48 Eurobarometer 28 - October-November 1987,isocntry BE 752 (74.8) 253 (25.2) 1005 1005 DE 786 (82.1) 171 (17.9) 957 957 DK 816 (81.4) 186 (18.6) 1002 1002 ES 809 (79.5) 208 (20.5) 1017 1017 FR 723 (72.4) 276 (27.6) 999 999 GB-GBN 782 (78.8) 211 (21.2) 993 993 GB-NIR 217 (68.7) 99 (31.3) 316 316 GR 904 (90.4) 96 (9.6) 1000 1000 IE 691 (69.3) 306 (30.7) 997 997 IT 792 (76.7) 240 (23.3) 1032 1032 LU 171 (56.6) 131 (43.4) 302 302 NL 817 (84.8) 147 (15.2) 964 964 PT 855 (85.5) 145 (14.5) 1000 1000 N Sum 9115 2469 11584 N Valid Sum 9115 2469 11584 printed 27.02.2012 page 48 Eurobarometer 28 - October-November 1987,GESIS Variable Report,74,ZA1713
v46,v46 0 1 N Sum N Valid Sum,IMP EDUCATION GOALS GOOD MANNERS,isocntry BE 453 (45.1) 552 (54.9) 1005 1005 DE 468 (48.9) 489 (51.1) 957 957 DK 489 (48.8) 513 (51.2) 1002 1002 ES 545 (53.6) 472 (46.4) 1017 1017 FR 485 (48.5) 514 (51.5) 999 999 GB-GBN 336 (33.8) 657 (66.2) 993 993 GB-NIR 72 (22.8) 244 (77.2) 316 316 GR 452 (45.2) 548 (54.8) 1000 1000 IE 370 (37.1) 627 (62.9) 997 997 IT 369 (35.8) 663 (64.2) 1032 1032 LU 136 (45.0) 166 (55.0) 302 302 NL 506 (52.5) 458 (47.5) 964 964 PT 538 (53.8) 462 (46.2) 1000 1000 N Sum 5219 6365 11584 N Valid Sum 5219 6365 11584 printed 27.02.2012 page 49 Eurobarometer 28 - October-November 1987,isocntry BE 453 (45.1) 552 (54.9) 1005 1005 DE 468 (48.9) 489 (51.1) 957 957 DK 489 (48.8) 513 (51.2) 1002 1002 ES 545 (53.6) 472 (46.4) 1017 1017 FR 485 (48.5) 514 (51.5) 999 999 GB-GBN 336 (33.8) 657 (66.2) 993 993 GB-NIR 72 (22.8) 244 (77.2) 316 316 GR 452 (45.2) 548 (54.8) 1000 1000 IE 370 (37.1) 627 (62.9) 997 997 IT 369 (35.8) 663 (64.2) 1032 1032 LU 136 (45.0) 166 (55.0) 302 302 NL 506 (52.5) 458 (47.5) 964 964 PT 538 (53.8) 462 (46.2) 1000 1000 N Sum 5219 6365 11584 N Valid Sum 5219 6365 11584 printed 27.02.2012 page 49 Eurobarometer 28 - October-November 1987,GESIS Variable Report,75,ZA1713
v47,v47 0 1 N Sum N Valid Sum,IMP EDUCATION GOALS COMMUNICATION ABILTY,isocntry BE 770 (76.6) 235 (23.4) 1005 1005 DE 604 (63.1) 353 (36.9) 957 957 DK 710 (70.9) 292 (29.1) 1002 1002 ES 763 (75.1) 253 (24.9) 1016 1016 FR 756 (75.7) 243 (24.3) 999 999 GB-GBN 715 (72.0) 278 (28.0) 993 993 GB-NIR 244 (77.2) 72 (22.8) 316 316 GR 784 (78.4) 216 (21.6) 1000 1000 IE 735 (73.7) 262 (26.3) 997 997 IT 700 (67.8) 332 (32.2) 1032 1032 LU 225 (74.5) 77 (25.5) 302 302 NL 571 (59.2) 394 (40.8) 965 965 PT 799 (79.9) 201 (20.1) 1000 1000 N Sum 8376 3208 11584 N Valid Sum 8376 3208 11584 printed 27.02.2012 page 50 Eurobarometer 28 - October-November 1987,isocntry BE 770 (76.6) 235 (23.4) 1005 1005 DE 604 (63.1) 353 (36.9) 957 957 DK 710 (70.9) 292 (29.1) 1002 1002 ES 763 (75.1) 253 (24.9) 1016 1016 FR 756 (75.7) 243 (24.3) 999 999 GB-GBN 715 (72.0) 278 (28.0) 993 993 GB-NIR 244 (77.2) 72 (22.8) 316 316 GR 784 (78.4) 216 (21.6) 1000 1000 IE 735 (73.7) 262 (26.3) 997 997 IT 700 (67.8) 332 (32.2) 1032 1032 LU 225 (74.5) 77 (25.5) 302 302 NL 571 (59.2) 394 (40.8) 965 965 PT 799 (79.9) 201 (20.1) 1000 1000 N Sum 8376 3208 11584 N Valid Sum 8376 3208 11584 printed 27.02.2012 page 50 Eurobarometer 28 - October-November 1987,GESIS Variable Report,76,ZA1713
v48,v48 0 1 N Sum N Valid Sum,IMP EDUCATION GOALS INDEPENDENCE,isocntry BE 812 (80.8) 193 (19.2) 1005 1005 DE 727 (76.0) 230 (24.0) 957 957 DK 474 (47.3) 528 (52.7) 1002 1002 ES 898 (88.4) 118 (11.6) 1016 1016 FR 884 (88.5) 115 (11.5) 999 999 GB-GBN 771 (77.6) 222 (22.4) 993 993 GB-NIR 267 (84.5) 49 (15.5) 316 316 GR 755 (75.5) 245 (24.5) 1000 1000 IE 750 (75.2) 247 (24.8) 997 997 IT 904 (87.6) 128 (12.4) 1032 1032 LU 263 (87.1) 39 (12.9) 302 302 NL 769 (79.7) 196 (20.3) 965 965 PT 834 (83.4) 166 (16.6) 1000 1000 N Sum 9108 2476 11584 N Valid Sum 9108 2476 11584 printed 27.02.2012 page 51 Eurobarometer 28 - October-November 1987,isocntry BE 812 (80.8) 193 (19.2) 1005 1005 DE 727 (76.0) 230 (24.0) 957 957 DK 474 (47.3) 528 (52.7) 1002 1002 ES 898 (88.4) 118 (11.6) 1016 1016 FR 884 (88.5) 115 (11.5) 999 999 GB-GBN 771 (77.6) 222 (22.4) 993 993 GB-NIR 267 (84.5) 49 (15.5) 316 316 GR 755 (75.5) 245 (24.5) 1000 1000 IE 750 (75.2) 247 (24.8) 997 997 IT 904 (87.6) 128 (12.4) 1032 1032 LU 263 (87.1) 39 (12.9) 302 302 NL 769 (79.7) 196 (20.3) 965 965 PT 834 (83.4) 166 (16.6) 1000 1000 N Sum 9108 2476 11584 N Valid Sum 9108 2476 11584 printed 27.02.2012 page 51 Eurobarometer 28 - October-November 1987,GESIS Variable Report,77,ZA1713
v49,v49 0 1 N Sum N Valid Sum,IMP EDUCATION GOALS CONSCIENCE AT WORK,isocntry BE 706 (70.2) 299 (29.8) 1005 1005 DE 805 (84.1) 152 (15.9) 957 957 DK 986 (98.4) 16 (1.6) 1002 1002 ES 665 (65.5) 351 (34.5) 1016 1016 FR 656 (65.7) 343 (34.3) 999 999 GB-GBN 824 (83.0) 169 (17.0) 993 993 GB-NIR 246 (77.8) 70 (22.2) 316 316 GR 403 (40.3) 597 (59.7) 1000 1000 IE 739 (74.1) 258 (25.9) 997 997 IT 823 (79.7) 209 (20.3) 1032 1032 LU 218 (72.2) 84 (27.8) 302 302 NL 840 (87.1) 124 (12.9) 964 964 PT 516 (51.6) 484 (48.4) 1000 1000 N Sum 8427 3156 11583 N Valid Sum 8427 3156 11583 printed 27.02.2012 page 52 Eurobarometer 28 - October-November 1987,isocntry BE 706 (70.2) 299 (29.8) 1005 1005 DE 805 (84.1) 152 (15.9) 957 957 DK 986 (98.4) 16 (1.6) 1002 1002 ES 665 (65.5) 351 (34.5) 1016 1016 FR 656 (65.7) 343 (34.3) 999 999 GB-GBN 824 (83.0) 169 (17.0) 993 993 GB-NIR 246 (77.8) 70 (22.2) 316 316 GR 403 (40.3) 597 (59.7) 1000 1000 IE 739 (74.1) 258 (25.9) 997 997 IT 823 (79.7) 209 (20.3) 1032 1032 LU 218 (72.2) 84 (27.8) 302 302 NL 840 (87.1) 124 (12.9) 964 964 PT 516 (51.6) 484 (48.4) 1000 1000 N Sum 8427 3156 11583 N Valid Sum 8427 3156 11583 printed 27.02.2012 page 52 Eurobarometer 28 - October-November 1987,GESIS Variable Report,78,ZA1713
v50,v50 0 1 N Sum N Valid Sum,IMP EDUCATION GOALS RESPONSIBILITY,isocntry BE 481 (47.9) 524 (52.1) 1005 1005 DE 376 (39.3) 581 (60.7) 957 957 DK 359 (35.8) 643 (64.2) 1002 1002 ES 593 (58.3) 424 (41.7) 1017 1017 FR 504 (50.5) 495 (49.5) 999 999 GB-GBN 676 (68.1) 317 (31.9) 993 993 GB-NIR 242 (76.6) 74 (23.4) 316 316 GR 608 (60.8) 392 (39.2) 1000 1000 IE 708 (71.0) 289 (29.0) 997 997 IT 600 (58.1) 432 (41.9) 1032 1032 LU 171 (56.6) 131 (43.4) 302 302 NL 420 (43.6) 544 (56.4) 964 964 PT 571 (57.1) 429 (42.9) 1000 1000 N Sum 6309 5275 11584 N Valid Sum 6309 5275 11584 printed 27.02.2012 page 53 Eurobarometer 28 - October-November 1987,isocntry BE 481 (47.9) 524 (52.1) 1005 1005 DE 376 (39.3) 581 (60.7) 957 957 DK 359 (35.8) 643 (64.2) 1002 1002 ES 593 (58.3) 424 (41.7) 1017 1017 FR 504 (50.5) 495 (49.5) 999 999 GB-GBN 676 (68.1) 317 (31.9) 993 993 GB-NIR 242 (76.6) 74 (23.4) 316 316 GR 608 (60.8) 392 (39.2) 1000 1000 IE 708 (71.0) 289 (29.0) 997 997 IT 600 (58.1) 432 (41.9) 1032 1032 LU 171 (56.6) 131 (43.4) 302 302 NL 420 (43.6) 544 (56.4) 964 964 PT 571 (57.1) 429 (42.9) 1000 1000 N Sum 6309 5275 11584 N Valid Sum 6309 5275 11584 printed 27.02.2012 page 53 Eurobarometer 28 - October-November 1987,GESIS Variable Report,79,ZA1713
v51,v51 0 1 N Sum N Valid Sum,IMP EDUCATION GOALS IMAGINATION,isocntry BE 921 (91.6) 84 (8.4) 1005 1005 DE 818 (85.5) 139 (14.5) 957 957 DK 859 (85.7) 143 (14.3) 1002 1002 ES 864 (85.0) 152 (15.0) 1016 1016 FR 899 (90.0) 100 (10.0) 999 999 GB-GBN 887 (89.3) 106 (10.7) 993 993 GB-NIR 306 (96.8) 10 (3.2) 316 316 GR 939 (93.9) 61 (6.1) 1000 1000 IE 923 (92.6) 74 (7.4) 997 997 IT 944 (91.5) 88 (8.5) 1032 1032 LU 289 (95.7) 13 (4.3) 302 302 NL 887 (92.0) 77 (8.0) 964 964 PT 957 (95.7) 43 (4.3) 1000 1000 N Sum 10493 1090 11583 N Valid Sum 10493 1090 11583 printed 27.02.2012 page 54 Eurobarometer 28 - October-November 1987,isocntry BE 921 (91.6) 84 (8.4) 1005 1005 DE 818 (85.5) 139 (14.5) 957 957 DK 859 (85.7) 143 (14.3) 1002 1002 ES 864 (85.0) 152 (15.0) 1016 1016 FR 899 (90.0) 100 (10.0) 999 999 GB-GBN 887 (89.3) 106 (10.7) 993 993 GB-NIR 306 (96.8) 10 (3.2) 316 316 GR 939 (93.9) 61 (6.1) 1000 1000 IE 923 (92.6) 74 (7.4) 997 997 IT 944 (91.5) 88 (8.5) 1032 1032 LU 289 (95.7) 13 (4.3) 302 302 NL 887 (92.0) 77 (8.0) 964 964 PT 957 (95.7) 43 (4.3) 1000 1000 N Sum 10493 1090 11583 N Valid Sum 10493 1090 11583 printed 27.02.2012 page 54 Eurobarometer 28 - October-November 1987,GESIS Variable Report,80,ZA1713
v52,v52 0 1 N Sum N Valid Sum,IMP EDUCATION GOALS TOLERANCE,isocntry BE 602 (59.9) 403 (40.1) 1005 1005 DE 606 (63.3) 351 (36.7) 957 957 DK 434 (43.3) 568 (56.7) 1002 1002 ES 619 (60.9) 398 (39.1) 1017 1017 FR 483 (48.3) 516 (51.7) 999 999 GB-GBN 408 (41.1) 585 (58.9) 993 993 GB-NIR 136 (43.0) 180 (57.0) 316 316 GR 790 (79.0) 210 (21.0) 1000 1000 IE 506 (50.8) 491 (49.2) 997 997 IT 649 (62.9) 383 (37.1) 1032 1032 LU 166 (55.0) 136 (45.0) 302 302 NL 486 (50.4) 478 (49.6) 964 964 PT 656 (65.6) 344 (34.4) 1000 1000 N Sum 6541 5043 11584 N Valid Sum 6541 5043 11584 printed 27.02.2012 page 55 Eurobarometer 28 - October-November 1987,isocntry BE 602 (59.9) 403 (40.1) 1005 1005 DE 606 (63.3) 351 (36.7) 957 957 DK 434 (43.3) 568 (56.7) 1002 1002 ES 619 (60.9) 398 (39.1) 1017 1017 FR 483 (48.3) 516 (51.7) 999 999 GB-GBN 408 (41.1) 585 (58.9) 993 993 GB-NIR 136 (43.0) 180 (57.0) 316 316 GR 790 (79.0) 210 (21.0) 1000 1000 IE 506 (50.8) 491 (49.2) 997 997 IT 649 (62.9) 383 (37.1) 1032 1032 LU 166 (55.0) 136 (45.0) 302 302 NL 486 (50.4) 478 (49.6) 964 964 PT 656 (65.6) 344 (34.4) 1000 1000 N Sum 6541 5043 11584 N Valid Sum 6541 5043 11584 printed 27.02.2012 page 55 Eurobarometer 28 - October-November 1987,GESIS Variable Report,81,ZA1713
v53,v53 0 1 N Sum N Valid Sum,IMP EDUCATION GOALS THRIFT,isocntry BE 734 (73.0) 271 (27.0) 1005 1005 DE 778 (81.3) 179 (18.7) 957 957 DK 916 (91.4) 86 (8.6) 1002 1002 ES 959 (94.3) 58 (5.7) 1017 1017 FR 753 (75.4) 246 (24.6) 999 999 GB-GBN 896 (90.2) 97 (9.8) 993 993 GB-NIR 298 (94.3) 18 (5.7) 316 316 GR 857 (85.7) 143 (14.3) 1000 1000 IE 914 (91.7) 83 (8.3) 997 997 IT 900 (87.2) 132 (12.8) 1032 1032 LU 252 (83.4) 50 (16.6) 302 302 NL 854 (88.6) 110 (11.4) 964 964 PT 791 (79.1) 209 (20.9) 1000 1000 N Sum 9902 1682 11584 N Valid Sum 9902 1682 11584 printed 27.02.2012 page 56 Eurobarometer 28 - October-November 1987,isocntry BE 734 (73.0) 271 (27.0) 1005 1005 DE 778 (81.3) 179 (18.7) 957 957 DK 916 (91.4) 86 (8.6) 1002 1002 ES 959 (94.3) 58 (5.7) 1017 1017 FR 753 (75.4) 246 (24.6) 999 999 GB-GBN 896 (90.2) 97 (9.8) 993 993 GB-NIR 298 (94.3) 18 (5.7) 316 316 GR 857 (85.7) 143 (14.3) 1000 1000 IE 914 (91.7) 83 (8.3) 997 997 IT 900 (87.2) 132 (12.8) 1032 1032 LU 252 (83.4) 50 (16.6) 302 302 NL 854 (88.6) 110 (11.4) 964 964 PT 791 (79.1) 209 (20.9) 1000 1000 N Sum 9902 1682 11584 N Valid Sum 9902 1682 11584 printed 27.02.2012 page 56 Eurobarometer 28 - October-November 1987,GESIS Variable Report,82,ZA1713
v54,v54 0 1 N Sum N Valid Sum,IMP EDUCATION GOALS RELIGIOUS FAITH,isocntry BE 944 (93.9) 61 (6.1) 1005 1005 DE 886 (92.6) 71 (7.4) 957 957 DK 956 (95.4) 46 (4.6) 1002 1002 ES 871 (85.6) 146 (14.4) 1017 1017 FR 948 (94.9) 51 (5.1) 999 999 GB-GBN 883 (88.9) 110 (11.1) 993 993 GB-NIR 222 (70.3) 94 (29.7) 316 316 GR 863 (86.3) 137 (13.7) 1000 1000 IE 712 (71.4) 285 (28.6) 997 997 IT 863 (83.6) 169 (16.4) 1032 1032 LU 283 (93.7) 19 (6.3) 302 302 NL 882 (91.4) 83 (8.6) 965 965 PT 863 (86.3) 137 (13.7) 1000 1000 N Sum 10176 1409 11585 N Valid Sum 10176 1409 11585 printed 27.02.2012 page 57 Eurobarometer 28 - October-November 1987,isocntry BE 944 (93.9) 61 (6.1) 1005 1005 DE 886 (92.6) 71 (7.4) 957 957 DK 956 (95.4) 46 (4.6) 1002 1002 ES 871 (85.6) 146 (14.4) 1017 1017 FR 948 (94.9) 51 (5.1) 999 999 GB-GBN 883 (88.9) 110 (11.1) 993 993 GB-NIR 222 (70.3) 94 (29.7) 316 316 GR 863 (86.3) 137 (13.7) 1000 1000 IE 712 (71.4) 285 (28.6) 997 997 IT 863 (83.6) 169 (16.4) 1032 1032 LU 283 (93.7) 19 (6.3) 302 302 NL 882 (91.4) 83 (8.6) 965 965 PT 863 (86.3) 137 (13.7) 1000 1000 N Sum 10176 1409 11585 N Valid Sum 10176 1409 11585 printed 27.02.2012 page 57 Eurobarometer 28 - October-November 1987,GESIS Variable Report,83,ZA1713
v55,v55 0 1 N Sum N Valid Sum,IMP EDUCATION GOALS OBEDIENCE,isocntry BE 878 (87.4) 127 (12.6) 1005 1005 DE 859 (89.8) 98 (10.2) 957 957 DK 921 (91.9) 81 (8.1) 1002 1002 ES 779 (76.7) 237 (23.3) 1016 1016 FR 869 (87.0) 130 (13.0) 999 999 GB-GBN 753 (75.8) 240 (24.2) 993 993 GB-NIR 208 (65.8) 108 (34.2) 316 316 GR 848 (84.8) 152 (15.2) 1000 1000 IE 785 (78.7) 212 (21.3) 997 997 IT 920 (89.1) 112 (10.9) 1032 1032 LU 285 (94.4) 17 (5.6) 302 302 NL 873 (90.5) 92 (9.5) 965 965 PT 801 (80.1) 199 (19.9) 1000 1000 N Sum 9779 1805 11584 N Valid Sum 9779 1805 11584 printed 27.02.2012 page 58 Eurobarometer 28 - October-November 1987,isocntry BE 878 (87.4) 127 (12.6) 1005 1005 DE 859 (89.8) 98 (10.2) 957 957 DK 921 (91.9) 81 (8.1) 1002 1002 ES 779 (76.7) 237 (23.3) 1016 1016 FR 869 (87.0) 130 (13.0) 999 999 GB-GBN 753 (75.8) 240 (24.2) 993 993 GB-NIR 208 (65.8) 108 (34.2) 316 316 GR 848 (84.8) 152 (15.2) 1000 1000 IE 785 (78.7) 212 (21.3) 997 997 IT 920 (89.1) 112 (10.9) 1032 1032 LU 285 (94.4) 17 (5.6) 302 302 NL 873 (90.5) 92 (9.5) 965 965 PT 801 (80.1) 199 (19.9) 1000 1000 N Sum 9779 1805 11584 N Valid Sum 9779 1805 11584 printed 27.02.2012 page 58 Eurobarometer 28 - October-November 1987,GESIS Variable Report,84,ZA1713
v56,v56 0 1 N Sum N Valid Sum,IMP EDUCATION GOALS LOYALITY,isocntry BE 877 (87.3) 128 (12.7) 1005 1005 DE 776 (81.1) 181 (18.9) 957 957 DK 860 (85.8) 142 (14.2) 1002 1002 ES 869 (85.5) 147 (14.5) 1016 1016 FR 768 (76.9) 231 (23.1) 999 999 GB-GBN 826 (83.2) 167 (16.8) 993 993 GB-NIR 277 (87.7) 39 (12.3) 316 316 GR 968 (96.8) 32 (3.2) 1000 1000 IE 871 (87.4) 126 (12.6) 997 997 IT 726 (70.3) 306 (29.7) 1032 1032 LU 159 (52.6) 143 (47.4) 302 302 NL 812 (84.2) 152 (15.8) 964 964 PT 799 (79.9) 201 (20.1) 1000 1000 N Sum 9588 1995 11583 N Valid Sum 9588 1995 11583 printed 27.02.2012 page 59 Eurobarometer 28 - October-November 1987,isocntry BE 877 (87.3) 128 (12.7) 1005 1005 DE 776 (81.1) 181 (18.9) 957 957 DK 860 (85.8) 142 (14.2) 1002 1002 ES 869 (85.5) 147 (14.5) 1016 1016 FR 768 (76.9) 231 (23.1) 999 999 GB-GBN 826 (83.2) 167 (16.8) 993 993 GB-NIR 277 (87.7) 39 (12.3) 316 316 GR 968 (96.8) 32 (3.2) 1000 1000 IE 871 (87.4) 126 (12.6) 997 997 IT 726 (70.3) 306 (29.7) 1032 1032 LU 159 (52.6) 143 (47.4) 302 302 NL 812 (84.2) 152 (15.8) 964 964 PT 799 (79.9) 201 (20.1) 1000 1000 N Sum 9588 1995 11583 N Valid Sum 9588 1995 11583 printed 27.02.2012 page 59 Eurobarometer 28 - October-November 1987,GESIS Variable Report,85,ZA1713
v57,v57 0 1 N Sum N Valid Sum,YOUTH PROBLEMS HOUSING,isocntry BE 835 (83.1) 170 (16.9) 1005 1005 DE 735 (76.8) 222 (23.2) 957 957 DK 338 (33.7) 664 (66.3) 1002 1002 ES 713 (70.1) 304 (29.9) 1017 1017 FR 798 (79.9) 201 (20.1) 999 999 GB-GBN 628 (63.2) 365 (36.8) 993 993 GB-NIR 211 (66.8) 105 (33.2) 316 316 GR 785 (78.5) 215 (21.5) 1000 1000 IE 574 (57.6) 423 (42.4) 997 997 IT 647 (62.7) 385 (37.3) 1032 1032 LU 250 (82.8) 52 (17.2) 302 302 NL 801 (83.0) 164 (17.0) 965 965 PT 358 (35.8) 642 (64.2) 1000 1000 N Sum 7673 3912 11585 N Valid Sum 7673 3912 11585 printed 27.02.2012 page 60 Eurobarometer 28 - October-November 1987,isocntry BE 835 (83.1) 170 (16.9) 1005 1005 DE 735 (76.8) 222 (23.2) 957 957 DK 338 (33.7) 664 (66.3) 1002 1002 ES 713 (70.1) 304 (29.9) 1017 1017 FR 798 (79.9) 201 (20.1) 999 999 GB-GBN 628 (63.2) 365 (36.8) 993 993 GB-NIR 211 (66.8) 105 (33.2) 316 316 GR 785 (78.5) 215 (21.5) 1000 1000 IE 574 (57.6) 423 (42.4) 997 997 IT 647 (62.7) 385 (37.3) 1032 1032 LU 250 (82.8) 52 (17.2) 302 302 NL 801 (83.0) 164 (17.0) 965 965 PT 358 (35.8) 642 (64.2) 1000 1000 N Sum 7673 3912 11585 N Valid Sum 7673 3912 11585 printed 27.02.2012 page 60 Eurobarometer 28 - October-November 1987,GESIS Variable Report,86,ZA1713
v58,v58 0 1 N Sum N Valid Sum,YOUTH PROBLEMS RACISM AND DISCRIMINATION,isocntry BE 670 (66.7) 335 (33.3) 1005 1005 DE 809 (84.5) 148 (15.5) 957 957 DK 790 (78.8) 212 (21.2) 1002 1002 ES 894 (87.9) 123 (12.1) 1017 1017 FR 663 (66.4) 336 (33.6) 999 999 GB-GBN 797 (80.3) 196 (19.7) 993 993 GB-NIR 225 (71.2) 91 (28.8) 316 316 GR 912 (91.2) 88 (8.8) 1000 1000 IE 870 (87.3) 127 (12.7) 997 997 IT 848 (82.2) 184 (17.8) 1032 1032 LU 242 (80.1) 60 (19.9) 302 302 NL 553 (57.4) 411 (42.6) 964 964 PT 905 (90.5) 95 (9.5) 1000 1000 N Sum 9178 2406 11584 N Valid Sum 9178 2406 11584 printed 27.02.2012 page 61 Eurobarometer 28 - October-November 1987,isocntry BE 670 (66.7) 335 (33.3) 1005 1005 DE 809 (84.5) 148 (15.5) 957 957 DK 790 (78.8) 212 (21.2) 1002 1002 ES 894 (87.9) 123 (12.1) 1017 1017 FR 663 (66.4) 336 (33.6) 999 999 GB-GBN 797 (80.3) 196 (19.7) 993 993 GB-NIR 225 (71.2) 91 (28.8) 316 316 GR 912 (91.2) 88 (8.8) 1000 1000 IE 870 (87.3) 127 (12.7) 997 997 IT 848 (82.2) 184 (17.8) 1032 1032 LU 242 (80.1) 60 (19.9) 302 302 NL 553 (57.4) 411 (42.6) 964 964 PT 905 (90.5) 95 (9.5) 1000 1000 N Sum 9178 2406 11584 N Valid Sum 9178 2406 11584 printed 27.02.2012 page 61 Eurobarometer 28 - October-November 1987,GESIS Variable Report,87,ZA1713
v59,v59 0 1 N Sum N Valid Sum,YOUTH PROBLEMS UNEMPLOYMENT,isocntry BE 130 (12.9) 875 (87.1) 1005 1005 DE 149 (15.6) 808 (84.4) 957 957 DK 176 (17.6) 826 (82.4) 1002 1002 ES 110 (10.8) 906 (89.2) 1016 1016 FR 102 (10.2) 897 (89.8) 999 999 GB-GBN 174 (17.5) 819 (82.5) 993 993 GB-NIR 16 (5.1) 300 (94.9) 316 316 GR 135 (13.5) 865 (86.5) 1000 1000 IE 41 (4.1) 956 (95.9) 997 997 IT 43 (4.2) 989 (95.8) 1032 1032 LU 60 (19.9) 242 (80.1) 302 302 NL 245 (25.4) 719 (74.6) 964 964 PT 117 (11.7) 883 (88.3) 1000 1000 N Sum 1498 10085 11583 N Valid Sum 1498 10085 11583 printed 27.02.2012 page 62 Eurobarometer 28 - October-November 1987,isocntry BE 130 (12.9) 875 (87.1) 1005 1005 DE 149 (15.6) 808 (84.4) 957 957 DK 176 (17.6) 826 (82.4) 1002 1002 ES 110 (10.8) 906 (89.2) 1016 1016 FR 102 (10.2) 897 (89.8) 999 999 GB-GBN 174 (17.5) 819 (82.5) 993 993 GB-NIR 16 (5.1) 300 (94.9) 316 316 GR 135 (13.5) 865 (86.5) 1000 1000 IE 41 (4.1) 956 (95.9) 997 997 IT 43 (4.2) 989 (95.8) 1032 1032 LU 60 (19.9) 242 (80.1) 302 302 NL 245 (25.4) 719 (74.6) 964 964 PT 117 (11.7) 883 (88.3) 1000 1000 N Sum 1498 10085 11583 N Valid Sum 1498 10085 11583 printed 27.02.2012 page 62 Eurobarometer 28 - October-November 1987,GESIS Variable Report,88,ZA1713
v60,v60 0 1 N Sum N Valid Sum,YOUTH PROBLEMS SCHOOL EDUCATION,isocntry BE 474 (47.2) 531 (52.8) 1005 1005 DE 413 (43.2) 544 (56.8) 957 957 DK 648 (64.7) 354 (35.3) 1002 1002 ES 543 (53.4) 474 (46.6) 1017 1017 FR 419 (41.9) 580 (58.1) 999 999 GB-GBN 477 (48.0) 516 (52.0) 993 993 GB-NIR 165 (52.2) 151 (47.8) 316 316 GR 500 (50.0) 500 (50.0) 1000 1000 IE 349 (35.0) 648 (65.0) 997 997 IT 451 (43.7) 581 (56.3) 1032 1032 LU 180 (59.6) 122 (40.4) 302 302 NL 558 (57.8) 407 (42.2) 965 965 PT 534 (53.4) 466 (46.6) 1000 1000 N Sum 5711 5874 11585 N Valid Sum 5711 5874 11585 printed 27.02.2012 page 63 Eurobarometer 28 - October-November 1987,isocntry BE 474 (47.2) 531 (52.8) 1005 1005 DE 413 (43.2) 544 (56.8) 957 957 DK 648 (64.7) 354 (35.3) 1002 1002 ES 543 (53.4) 474 (46.6) 1017 1017 FR 419 (41.9) 580 (58.1) 999 999 GB-GBN 477 (48.0) 516 (52.0) 993 993 GB-NIR 165 (52.2) 151 (47.8) 316 316 GR 500 (50.0) 500 (50.0) 1000 1000 IE 349 (35.0) 648 (65.0) 997 997 IT 451 (43.7) 581 (56.3) 1032 1032 LU 180 (59.6) 122 (40.4) 302 302 NL 558 (57.8) 407 (42.2) 965 965 PT 534 (53.4) 466 (46.6) 1000 1000 N Sum 5711 5874 11585 N Valid Sum 5711 5874 11585 printed 27.02.2012 page 63 Eurobarometer 28 - October-November 1987,GESIS Variable Report,89,ZA1713
v61,v61 0 1 N Sum N Valid Sum,YOUTH PROBLEMS AUTHORITIES,isocntry BE 814 (81.0) 191 (19.0) 1005 1005 DE 783 (81.8) 174 (18.2) 957 957 DK 855 (85.3) 147 (14.7) 1002 1002 ES 868 (85.3) 149 (14.7) 1017 1017 FR 835 (83.6) 164 (16.4) 999 999 GB-GBN 808 (81.4) 185 (18.6) 993 993 GB-NIR 199 (63.0) 117 (37.0) 316 316 GR 920 (92.0) 80 (8.0) 1000 1000 IE 734 (73.6) 263 (26.4) 997 997 IT 868 (84.1) 164 (15.9) 1032 1032 LU 229 (75.8) 73 (24.2) 302 302 NL 731 (75.8) 234 (24.2) 965 965 PT 920 (92.0) 80 (8.0) 1000 1000 N Sum 9564 2021 11585 N Valid Sum 9564 2021 11585 printed 27.02.2012 page 64 Eurobarometer 28 - October-November 1987,isocntry BE 814 (81.0) 191 (19.0) 1005 1005 DE 783 (81.8) 174 (18.2) 957 957 DK 855 (85.3) 147 (14.7) 1002 1002 ES 868 (85.3) 149 (14.7) 1017 1017 FR 835 (83.6) 164 (16.4) 999 999 GB-GBN 808 (81.4) 185 (18.6) 993 993 GB-NIR 199 (63.0) 117 (37.0) 316 316 GR 920 (92.0) 80 (8.0) 1000 1000 IE 734 (73.6) 263 (26.4) 997 997 IT 868 (84.1) 164 (15.9) 1032 1032 LU 229 (75.8) 73 (24.2) 302 302 NL 731 (75.8) 234 (24.2) 965 965 PT 920 (92.0) 80 (8.0) 1000 1000 N Sum 9564 2021 11585 N Valid Sum 9564 2021 11585 printed 27.02.2012 page 64 Eurobarometer 28 - October-November 1987,GESIS Variable Report,90,ZA1713
v62,v62 0 1 N Sum N Valid Sum,YOUTH PROBLEMS AIDS,isocntry BE 628 (62.5) 377 (37.5) 1005 1005 DE 579 (60.5) 378 (39.5) 957 957 DK 659 (65.8) 343 (34.2) 1002 1002 ES 783 (77.1) 233 (22.9) 1016 1016 FR 552 (55.3) 447 (44.7) 999 999 GB-GBN 657 (66.2) 336 (33.8) 993 993 GB-NIR 213 (67.4) 103 (32.6) 316 316 GR 592 (59.2) 408 (40.8) 1000 1000 IE 495 (49.6) 502 (50.4) 997 997 IT 657 (63.7) 375 (36.3) 1032 1032 LU 155 (51.3) 147 (48.7) 302 302 NL 683 (70.8) 282 (29.2) 965 965 PT 814 (81.4) 186 (18.6) 1000 1000 N Sum 7467 4117 11584 N Valid Sum 7467 4117 11584 printed 27.02.2012 page 65 Eurobarometer 28 - October-November 1987,isocntry BE 628 (62.5) 377 (37.5) 1005 1005 DE 579 (60.5) 378 (39.5) 957 957 DK 659 (65.8) 343 (34.2) 1002 1002 ES 783 (77.1) 233 (22.9) 1016 1016 FR 552 (55.3) 447 (44.7) 999 999 GB-GBN 657 (66.2) 336 (33.8) 993 993 GB-NIR 213 (67.4) 103 (32.6) 316 316 GR 592 (59.2) 408 (40.8) 1000 1000 IE 495 (49.6) 502 (50.4) 997 997 IT 657 (63.7) 375 (36.3) 1032 1032 LU 155 (51.3) 147 (48.7) 302 302 NL 683 (70.8) 282 (29.2) 965 965 PT 814 (81.4) 186 (18.6) 1000 1000 N Sum 7467 4117 11584 N Valid Sum 7467 4117 11584 printed 27.02.2012 page 65 Eurobarometer 28 - October-November 1987,GESIS Variable Report,91,ZA1713
v63,v63 0 1 N Sum N Valid Sum,YOUTH PROBLEMS OTHER,isocntry BE 939 (93.4) 66 (6.6) 1005 1005 DE 893 (93.3) 64 (6.7) 957 957 DK 887 (88.5) 115 (11.5) 1002 1002 ES 956 (94.0) 61 (6.0) 1017 1017 FR 944 (94.5) 55 (5.5) 999 999 GB-GBN 895 (90.1) 98 (9.9) 993 993 GB-NIR 304 (96.2) 12 (3.8) 316 316 GR 977 (97.7) 23 (2.3) 1000 1000 IE 961 (96.4) 36 (3.6) 997 997 IT 1018 (98.6) 14 (1.4) 1032 1032 LU 281 (93.0) 21 (7.0) 302 302 NL 882 (91.4) 83 (8.6) 965 965 PT 902 (90.2) 98 (9.8) 1000 1000 N Sum 10839 746 11585 N Valid Sum 10839 746 11585 printed 27.02.2012 page 66 Eurobarometer 28 - October-November 1987,isocntry BE 939 (93.4) 66 (6.6) 1005 1005 DE 893 (93.3) 64 (6.7) 957 957 DK 887 (88.5) 115 (11.5) 1002 1002 ES 956 (94.0) 61 (6.0) 1017 1017 FR 944 (94.5) 55 (5.5) 999 999 GB-GBN 895 (90.1) 98 (9.9) 993 993 GB-NIR 304 (96.2) 12 (3.8) 316 316 GR 977 (97.7) 23 (2.3) 1000 1000 IE 961 (96.4) 36 (3.6) 997 997 IT 1018 (98.6) 14 (1.4) 1032 1032 LU 281 (93.0) 21 (7.0) 302 302 NL 882 (91.4) 83 (8.6) 965 965 PT 902 (90.2) 98 (9.8) 1000 1000 N Sum 10839 746 11585 N Valid Sum 10839 746 11585 printed 27.02.2012 page 66 Eurobarometer 28 - October-November 1987,GESIS Variable Report,92,ZA1713
v64,v64 0 1 N Sum N Valid Sum,MEMBERSHIP SOCIAL ACTION GROUP,isocntry BE 929 (92.4) 76 (7.6) 1005 1005 DE 897 (93.7) 60 (6.3) 957 957 DK 913 (91.1) 89 (8.9) 1002 1002 ES 996 (98.0) 20 (2.0) 1016 1016 FR 909 (91.0) 90 (9.0) 999 999 GB-GBN 915 (92.1) 78 (7.9) 993 993 GB-NIR 295 (93.4) 21 (6.6) 316 316 GR 981 (98.1) 19 (1.9) 1000 1000 IE 875 (87.8) 122 (12.2) 997 997 IT 974 (94.4) 58 (5.6) 1032 1032 LU 262 (86.8) 40 (13.2) 302 302 NL 865 (89.6) 100 (10.4) 965 965 PT 931 (93.1) 69 (6.9) 1000 1000 N Sum 10742 842 11584 N Valid Sum 10742 842 11584 printed 27.02.2012 page 67 Eurobarometer 28 - October-November 1987,isocntry BE 929 (92.4) 76 (7.6) 1005 1005 DE 897 (93.7) 60 (6.3) 957 957 DK 913 (91.1) 89 (8.9) 1002 1002 ES 996 (98.0) 20 (2.0) 1016 1016 FR 909 (91.0) 90 (9.0) 999 999 GB-GBN 915 (92.1) 78 (7.9) 993 993 GB-NIR 295 (93.4) 21 (6.6) 316 316 GR 981 (98.1) 19 (1.9) 1000 1000 IE 875 (87.8) 122 (12.2) 997 997 IT 974 (94.4) 58 (5.6) 1032 1032 LU 262 (86.8) 40 (13.2) 302 302 NL 865 (89.6) 100 (10.4) 965 965 PT 931 (93.1) 69 (6.9) 1000 1000 N Sum 10742 842 11584 N Valid Sum 10742 842 11584 printed 27.02.2012 page 67 Eurobarometer 28 - October-November 1987,GESIS Variable Report,93,ZA1713
v65,v65 0 1 N Sum N Valid Sum,MEMBERSHIP RELIGIOUS GROUP,isocntry BE 909 (90.4) 96 (9.6) 1005 1005 DE 861 (90.0) 96 (10.0) 957 957 DK 884 (88.2) 118 (11.8) 1002 1002 ES 968 (95.3) 48 (4.7) 1016 1016 FR 935 (93.6) 64 (6.4) 999 999 GB-GBN 821 (82.7) 172 (17.3) 993 993 GB-NIR 191 (60.4) 125 (39.6) 316 316 GR 986 (98.6) 14 (1.4) 1000 1000 IE 725 (72.7) 272 (27.3) 997 997 IT 935 (90.6) 97 (9.4) 1032 1032 LU 268 (88.7) 34 (11.3) 302 302 NL 738 (76.5) 227 (23.5) 965 965 PT 977 (97.7) 23 (2.3) 1000 1000 N Sum 10198 1386 11584 N Valid Sum 10198 1386 11584 printed 27.02.2012 page 68 Eurobarometer 28 - October-November 1987,isocntry BE 909 (90.4) 96 (9.6) 1005 1005 DE 861 (90.0) 96 (10.0) 957 957 DK 884 (88.2) 118 (11.8) 1002 1002 ES 968 (95.3) 48 (4.7) 1016 1016 FR 935 (93.6) 64 (6.4) 999 999 GB-GBN 821 (82.7) 172 (17.3) 993 993 GB-NIR 191 (60.4) 125 (39.6) 316 316 GR 986 (98.6) 14 (1.4) 1000 1000 IE 725 (72.7) 272 (27.3) 997 997 IT 935 (90.6) 97 (9.4) 1032 1032 LU 268 (88.7) 34 (11.3) 302 302 NL 738 (76.5) 227 (23.5) 965 965 PT 977 (97.7) 23 (2.3) 1000 1000 N Sum 10198 1386 11584 N Valid Sum 10198 1386 11584 printed 27.02.2012 page 68 Eurobarometer 28 - October-November 1987,GESIS Variable Report,94,ZA1713
v66,v66 0 1 N Sum N Valid Sum,MEMBERSHIP CULTURAL ACTION GROUP,isocntry BE 920 (91.5) 85 (8.5) 1005 1005 DE 920 (96.1) 37 (3.9) 957 957 DK 879 (87.7) 123 (12.3) 1002 1002 ES 990 (97.3) 27 (2.7) 1017 1017 FR 940 (94.1) 59 (5.9) 999 999 GB-GBN 900 (90.6) 93 (9.4) 993 993 GB-NIR 299 (94.6) 17 (5.4) 316 316 GR 958 (95.8) 42 (4.2) 1000 1000 IE 938 (94.1) 59 (5.9) 997 997 IT 995 (96.4) 37 (3.6) 1032 1032 LU 251 (83.1) 51 (16.9) 302 302 NL 841 (87.2) 124 (12.8) 965 965 PT 950 (95.0) 50 (5.0) 1000 1000 N Sum 10781 804 11585 N Valid Sum 10781 804 11585 printed 27.02.2012 page 69 Eurobarometer 28 - October-November 1987,isocntry BE 920 (91.5) 85 (8.5) 1005 1005 DE 920 (96.1) 37 (3.9) 957 957 DK 879 (87.7) 123 (12.3) 1002 1002 ES 990 (97.3) 27 (2.7) 1017 1017 FR 940 (94.1) 59 (5.9) 999 999 GB-GBN 900 (90.6) 93 (9.4) 993 993 GB-NIR 299 (94.6) 17 (5.4) 316 316 GR 958 (95.8) 42 (4.2) 1000 1000 IE 938 (94.1) 59 (5.9) 997 997 IT 995 (96.4) 37 (3.6) 1032 1032 LU 251 (83.1) 51 (16.9) 302 302 NL 841 (87.2) 124 (12.8) 965 965 PT 950 (95.0) 50 (5.0) 1000 1000 N Sum 10781 804 11585 N Valid Sum 10781 804 11585 printed 27.02.2012 page 69 Eurobarometer 28 - October-November 1987,GESIS Variable Report,95,ZA1713
v67,v67 0 1 N Sum N Valid Sum,MEMBERSHIP TRADE UNION,isocntry BE 896 (89.2) 109 (10.8) 1005 1005 DE 810 (84.6) 147 (15.4) 957 957 DK 464 (46.3) 538 (53.7) 1002 1002 ES 988 (97.2) 28 (2.8) 1016 1016 FR 914 (91.5) 85 (8.5) 999 999 GB-GBN 821 (82.7) 172 (17.3) 993 993 GB-NIR 273 (86.4) 43 (13.6) 316 316 GR 945 (94.5) 55 (5.5) 1000 1000 IE 889 (89.2) 108 (10.8) 997 997 IT 935 (90.6) 97 (9.4) 1032 1032 LU 218 (72.2) 84 (27.8) 302 302 NL 811 (84.1) 153 (15.9) 964 964 PT 960 (96.0) 40 (4.0) 1000 1000 N Sum 9924 1659 11583 N Valid Sum 9924 1659 11583 printed 27.02.2012 page 70 Eurobarometer 28 - October-November 1987,isocntry BE 896 (89.2) 109 (10.8) 1005 1005 DE 810 (84.6) 147 (15.4) 957 957 DK 464 (46.3) 538 (53.7) 1002 1002 ES 988 (97.2) 28 (2.8) 1016 1016 FR 914 (91.5) 85 (8.5) 999 999 GB-GBN 821 (82.7) 172 (17.3) 993 993 GB-NIR 273 (86.4) 43 (13.6) 316 316 GR 945 (94.5) 55 (5.5) 1000 1000 IE 889 (89.2) 108 (10.8) 997 997 IT 935 (90.6) 97 (9.4) 1032 1032 LU 218 (72.2) 84 (27.8) 302 302 NL 811 (84.1) 153 (15.9) 964 964 PT 960 (96.0) 40 (4.0) 1000 1000 N Sum 9924 1659 11583 N Valid Sum 9924 1659 11583 printed 27.02.2012 page 70 Eurobarometer 28 - October-November 1987,GESIS Variable Report,96,ZA1713
v68,v68 0 1 N Sum N Valid Sum,MEMBERSHIP POLITICAL PARTY,isocntry BE 949 (94.4) 56 (5.6) 1005 1005 DE 909 (95.0) 48 (5.0) 957 957 DK 847 (84.5) 155 (15.5) 1002 1002 ES 1005 (98.8) 12 (1.2) 1017 1017 FR 969 (97.0) 30 (3.0) 999 999 GB-GBN 927 (93.4) 66 (6.6) 993 993 GB-NIR 307 (97.2) 9 (2.8) 316 316 GR 937 (93.7) 63 (6.3) 1000 1000 IE 943 (94.6) 54 (5.4) 997 997 IT 967 (93.7) 65 (6.3) 1032 1032 LU 267 (88.4) 35 (11.6) 302 302 NL 892 (92.4) 73 (7.6) 965 965 PT 987 (98.7) 13 (1.3) 1000 1000 N Sum 10906 679 11585 N Valid Sum 10906 679 11585 printed 27.02.2012 page 71 Eurobarometer 28 - October-November 1987,isocntry BE 949 (94.4) 56 (5.6) 1005 1005 DE 909 (95.0) 48 (5.0) 957 957 DK 847 (84.5) 155 (15.5) 1002 1002 ES 1005 (98.8) 12 (1.2) 1017 1017 FR 969 (97.0) 30 (3.0) 999 999 GB-GBN 927 (93.4) 66 (6.6) 993 993 GB-NIR 307 (97.2) 9 (2.8) 316 316 GR 937 (93.7) 63 (6.3) 1000 1000 IE 943 (94.6) 54 (5.4) 997 997 IT 967 (93.7) 65 (6.3) 1032 1032 LU 267 (88.4) 35 (11.6) 302 302 NL 892 (92.4) 73 (7.6) 965 965 PT 987 (98.7) 13 (1.3) 1000 1000 N Sum 10906 679 11585 N Valid Sum 10906 679 11585 printed 27.02.2012 page 71 Eurobarometer 28 - October-November 1987,GESIS Variable Report,97,ZA1713
v69,v69 0 1 N Sum N Valid Sum,MEMBERSHIP HUMAN RIGHTS GROUP,isocntry BE 966 (96.1) 39 (3.9) 1005 1005 DE 948 (99.1) 9 (0.9) 957 957 DK 977 (97.5) 25 (2.5) 1002 1002 ES 1010 (99.4) 6 (0.6) 1016 1016 FR 987 (98.8) 12 (1.2) 999 999 GB-GBN 965 (97.2) 28 (2.8) 993 993 GB-NIR 315 (99.7) 1 (0.3) 316 316 GR 995 (99.5) 5 (0.5) 1000 1000 IE 988 (99.1) 9 (0.9) 997 997 IT 1023 (99.1) 9 (0.9) 1032 1032 LU 291 (96.4) 11 (3.6) 302 302 NL 932 (96.6) 33 (3.4) 965 965 PT 996 (99.6) 4 (0.4) 1000 1000 N Sum 11393 191 11584 N Valid Sum 11393 191 11584 printed 27.02.2012 page 72 Eurobarometer 28 - October-November 1987,isocntry BE 966 (96.1) 39 (3.9) 1005 1005 DE 948 (99.1) 9 (0.9) 957 957 DK 977 (97.5) 25 (2.5) 1002 1002 ES 1010 (99.4) 6 (0.6) 1016 1016 FR 987 (98.8) 12 (1.2) 999 999 GB-GBN 965 (97.2) 28 (2.8) 993 993 GB-NIR 315 (99.7) 1 (0.3) 316 316 GR 995 (99.5) 5 (0.5) 1000 1000 IE 988 (99.1) 9 (0.9) 997 997 IT 1023 (99.1) 9 (0.9) 1032 1032 LU 291 (96.4) 11 (3.6) 302 302 NL 932 (96.6) 33 (3.4) 965 965 PT 996 (99.6) 4 (0.4) 1000 1000 N Sum 11393 191 11584 N Valid Sum 11393 191 11584 printed 27.02.2012 page 72 Eurobarometer 28 - October-November 1987,GESIS Variable Report,98,ZA1713
v70,v70 0 1 N Sum N Valid Sum,MEMBERSHIP ENVIRONMENTAL GROUP,isocntry BE 929 (92.4) 76 (7.6) 1005 1005 DE 924 (96.6) 33 (3.4) 957 957 DK 805 (80.3) 197 (19.7) 1002 1002 ES 1002 (98.5) 15 (1.5) 1017 1017 FR 975 (97.6) 24 (2.4) 999 999 GB-GBN 903 (90.9) 90 (9.1) 993 993 GB-NIR 307 (97.2) 9 (2.8) 316 316 GR 991 (99.1) 9 (0.9) 1000 1000 IE 951 (95.4) 46 (4.6) 997 997 IT 1001 (97.0) 31 (3.0) 1032 1032 LU 247 (81.8) 55 (18.2) 302 302 NL 838 (86.8) 127 (13.2) 965 965 PT 992 (99.2) 8 (0.8) 1000 1000 N Sum 10865 720 11585 N Valid Sum 10865 720 11585 printed 27.02.2012 page 73 Eurobarometer 28 - October-November 1987,isocntry BE 929 (92.4) 76 (7.6) 1005 1005 DE 924 (96.6) 33 (3.4) 957 957 DK 805 (80.3) 197 (19.7) 1002 1002 ES 1002 (98.5) 15 (1.5) 1017 1017 FR 975 (97.6) 24 (2.4) 999 999 GB-GBN 903 (90.9) 90 (9.1) 993 993 GB-NIR 307 (97.2) 9 (2.8) 316 316 GR 991 (99.1) 9 (0.9) 1000 1000 IE 951 (95.4) 46 (4.6) 997 997 IT 1001 (97.0) 31 (3.0) 1032 1032 LU 247 (81.8) 55 (18.2) 302 302 NL 838 (86.8) 127 (13.2) 965 965 PT 992 (99.2) 8 (0.8) 1000 1000 N Sum 10865 720 11585 N Valid Sum 10865 720 11585 printed 27.02.2012 page 73 Eurobarometer 28 - October-November 1987,GESIS Variable Report,99,ZA1713
v71,v71 0 1 N Sum N Valid Sum,MEMBERSHIP YOUTH WORK GROUP,isocntry BE 948 (94.3) 57 (5.7) 1005 1005 DE 938 (98.0) 19 (2.0) 957 957 DK 918 (91.6) 84 (8.4) 1002 1002 ES 1005 (98.8) 12 (1.2) 1017 1017 FR 976 (97.7) 23 (2.3) 999 999 GB-GBN 940 (94.7) 53 (5.3) 993 993 GB-NIR 285 (90.2) 31 (9.8) 316 316 GR 990 (99.0) 10 (1.0) 1000 1000 IE 910 (91.3) 87 (8.7) 997 997 IT 1017 (98.5) 15 (1.5) 1032 1032 LU 266 (88.1) 36 (11.9) 302 302 NL 900 (93.4) 64 (6.6) 964 964 PT 982 (98.2) 18 (1.8) 1000 1000 N Sum 11075 509 11584 N Valid Sum 11075 509 11584 printed 27.02.2012 page 74 Eurobarometer 28 - October-November 1987,isocntry BE 948 (94.3) 57 (5.7) 1005 1005 DE 938 (98.0) 19 (2.0) 957 957 DK 918 (91.6) 84 (8.4) 1002 1002 ES 1005 (98.8) 12 (1.2) 1017 1017 FR 976 (97.7) 23 (2.3) 999 999 GB-GBN 940 (94.7) 53 (5.3) 993 993 GB-NIR 285 (90.2) 31 (9.8) 316 316 GR 990 (99.0) 10 (1.0) 1000 1000 IE 910 (91.3) 87 (8.7) 997 997 IT 1017 (98.5) 15 (1.5) 1032 1032 LU 266 (88.1) 36 (11.9) 302 302 NL 900 (93.4) 64 (6.6) 964 964 PT 982 (98.2) 18 (1.8) 1000 1000 N Sum 11075 509 11584 N Valid Sum 11075 509 11584 printed 27.02.2012 page 74 Eurobarometer 28 - October-November 1987,GESIS Variable Report,100,ZA1713
v72,v72 0 1 N Sum N Valid Sum,MEMBERSHIP CONSUMER PROTECTION GROUP,isocntry BE 984 (97.9) 21 (2.1) 1005 1005 DE 945 (98.7) 12 (1.3) 957 957 DK 977 (97.5) 25 (2.5) 1002 1002 ES 1010 (99.4) 6 (0.6) 1016 1016 FR 977 (97.8) 22 (2.2) 999 999 GB-GBN 972 (97.9) 21 (2.1) 993 993 GB-NIR 315 (99.7) 1 (0.3) 316 316 GR 996 (99.6) 4 (0.4) 1000 1000 IE 983 (98.6) 14 (1.4) 997 997 IT 1016 (98.4) 16 (1.6) 1032 1032 LU 257 (85.1) 45 (14.9) 302 302 NL 884 (91.7) 80 (8.3) 964 964 PT 994 (99.4) 6 (0.6) 1000 1000 N Sum 11310 273 11583 N Valid Sum 11310 273 11583 printed 27.02.2012 page 75 Eurobarometer 28 - October-November 1987,isocntry BE 984 (97.9) 21 (2.1) 1005 1005 DE 945 (98.7) 12 (1.3) 957 957 DK 977 (97.5) 25 (2.5) 1002 1002 ES 1010 (99.4) 6 (0.6) 1016 1016 FR 977 (97.8) 22 (2.2) 999 999 GB-GBN 972 (97.9) 21 (2.1) 993 993 GB-NIR 315 (99.7) 1 (0.3) 316 316 GR 996 (99.6) 4 (0.4) 1000 1000 IE 983 (98.6) 14 (1.4) 997 997 IT 1016 (98.4) 16 (1.6) 1032 1032 LU 257 (85.1) 45 (14.9) 302 302 NL 884 (91.7) 80 (8.3) 964 964 PT 994 (99.4) 6 (0.6) 1000 1000 N Sum 11310 273 11583 N Valid Sum 11310 273 11583 printed 27.02.2012 page 75 Eurobarometer 28 - October-November 1987,GESIS Variable Report,101,ZA1713
v73,v73 0 1 N Sum N Valid Sum,MEMBERSHIP SPORTING CLUB,isocntry BE 798 (79.4) 207 (20.6) 1005 1005 DE 750 (78.4) 207 (21.6) 957 957 DK 682 (68.1) 320 (31.9) 1002 1002 ES 961 (94.6) 55 (5.4) 1016 1016 FR 825 (82.6) 174 (17.4) 999 999 GB-GBN 776 (78.1) 217 (21.9) 993 993 GB-NIR 222 (70.3) 94 (29.7) 316 316 GR 936 (93.6) 64 (6.4) 1000 1000 IE 662 (66.4) 335 (33.6) 997 997 IT 919 (89.1) 113 (10.9) 1032 1032 LU 205 (67.9) 97 (32.1) 302 302 NL 658 (68.3) 306 (31.7) 964 964 PT 862 (86.2) 138 (13.8) 1000 1000 N Sum 9256 2327 11583 N Valid Sum 9256 2327 11583 printed 27.02.2012 page 76 Eurobarometer 28 - October-November 1987,isocntry BE 798 (79.4) 207 (20.6) 1005 1005 DE 750 (78.4) 207 (21.6) 957 957 DK 682 (68.1) 320 (31.9) 1002 1002 ES 961 (94.6) 55 (5.4) 1016 1016 FR 825 (82.6) 174 (17.4) 999 999 GB-GBN 776 (78.1) 217 (21.9) 993 993 GB-NIR 222 (70.3) 94 (29.7) 316 316 GR 936 (93.6) 64 (6.4) 1000 1000 IE 662 (66.4) 335 (33.6) 997 997 IT 919 (89.1) 113 (10.9) 1032 1032 LU 205 (67.9) 97 (32.1) 302 302 NL 658 (68.3) 306 (31.7) 964 964 PT 862 (86.2) 138 (13.8) 1000 1000 N Sum 9256 2327 11583 N Valid Sum 9256 2327 11583 printed 27.02.2012 page 76 Eurobarometer 28 - October-November 1987,GESIS Variable Report,102,ZA1713
v74,v74 0 1 N Sum N Valid Sum,MEMBERSHIP OTHER,isocntry BE 941 (93.6) 64 (6.4) 1005 1005 DE 899 (93.9) 58 (6.1) 957 957 DK 863 (86.1) 139 (13.9) 1002 1002 ES 985 (96.9) 32 (3.1) 1017 1017 FR 923 (92.4) 76 (7.6) 999 999 GB-GBN 870 (87.6) 123 (12.4) 993 993 GB-NIR 287 (90.8) 29 (9.2) 316 316 GR 988 (98.8) 12 (1.2) 1000 1000 IE 926 (92.9) 71 (7.1) 997 997 IT 1003 (97.2) 29 (2.8) 1032 1032 LU 244 (80.8) 58 (19.2) 302 302 NL 877 (90.9) 88 (9.1) 965 965 PT 969 (96.9) 31 (3.1) 1000 1000 N Sum 10775 810 11585 N Valid Sum 10775 810 11585 printed 27.02.2012 page 77 Eurobarometer 28 - October-November 1987,isocntry BE 941 (93.6) 64 (6.4) 1005 1005 DE 899 (93.9) 58 (6.1) 957 957 DK 863 (86.1) 139 (13.9) 1002 1002 ES 985 (96.9) 32 (3.1) 1017 1017 FR 923 (92.4) 76 (7.6) 999 999 GB-GBN 870 (87.6) 123 (12.4) 993 993 GB-NIR 287 (90.8) 29 (9.2) 316 316 GR 988 (98.8) 12 (1.2) 1000 1000 IE 926 (92.9) 71 (7.1) 997 997 IT 1003 (97.2) 29 (2.8) 1032 1032 LU 244 (80.8) 58 (19.2) 302 302 NL 877 (90.9) 88 (9.1) 965 965 PT 969 (96.9) 31 (3.1) 1000 1000 N Sum 10775 810 11585 N Valid Sum 10775 810 11585 printed 27.02.2012 page 77 Eurobarometer 28 - October-November 1987,GESIS Variable Report,103,ZA1713
v75,v75 0 1 N Sum N Valid Sum,MEMBERSHIP NONE OF THESE,isocntry BE 511 (50.8) 494 (49.2) 1005 1005 DE 452 (47.2) 505 (52.8) 957 957 DK 829 (82.7) 173 (17.3) 1002 1002 ES 197 (19.4) 820 (80.6) 1017 1017 FR 438 (43.8) 561 (56.2) 999 999 GB-GBN 608 (61.2) 385 (38.8) 993 993 GB-NIR 213 (67.4) 103 (32.6) 316 316 GR 218 (21.8) 782 (78.2) 1000 1000 IE 649 (65.1) 348 (34.9) 997 997 IT 367 (35.6) 665 (64.4) 1032 1032 LU 232 (76.8) 70 (23.2) 302 302 NL 697 (72.2) 268 (27.8) 965 965 PT 306 (30.6) 694 (69.4) 1000 1000 N Sum 5717 5868 11585 N Valid Sum 5717 5868 11585 printed 27.02.2012 page 78 Eurobarometer 28 - October-November 1987,isocntry BE 511 (50.8) 494 (49.2) 1005 1005 DE 452 (47.2) 505 (52.8) 957 957 DK 829 (82.7) 173 (17.3) 1002 1002 ES 197 (19.4) 820 (80.6) 1017 1017 FR 438 (43.8) 561 (56.2) 999 999 GB-GBN 608 (61.2) 385 (38.8) 993 993 GB-NIR 213 (67.4) 103 (32.6) 316 316 GR 218 (21.8) 782 (78.2) 1000 1000 IE 649 (65.1) 348 (34.9) 997 997 IT 367 (35.6) 665 (64.4) 1032 1032 LU 232 (76.8) 70 (23.2) 302 302 NL 697 (72.2) 268 (27.8) 965 965 PT 306 (30.6) 694 (69.4) 1000 1000 N Sum 5717 5868 11585 N Valid Sum 5717 5868 11585 printed 27.02.2012 page 78 Eurobarometer 28 - October-November 1987,GESIS Variable Report,104,ZA1713
v76,v76 0 1 2 3 4 N Sum N Valid Sum,YOUTH/COMMUNITY CENTRES - EXISTING,isocntry M BE 124 442 (50.2) 140 (15.9) 105 (11.9) 194 (22.0) 1005 881 DE 167 282 (35.7) 252 (31.9) 87 (11.0) 168 (21.3) 956 789 DK 88 293 (32.1) 252 (27.6) 256 (28.0) 113 (12.4) 1002 914 ES 141 286 (32.7) 68 (7.8) 59 (6.7) 462 (52.8) 1016 875 FR 75 476 (51.6) 118 (12.8) 119 (12.9) 210 (22.8) 998 923 GB-GBN 123 353 (40.5) 127 (14.6) 115 (13.2) 276 (31.7) 994 871 GB-NIR 21 126 (42.7) 42 (14.2) 32 (10.8) 95 (32.2) 316 295 GR 163 343 (41.0) 92 (11.0) 82 (9.8) 320 (38.2) 1000 837 IE 78 329 (35.8) 186 (20.2) 142 (15.5) 262 (28.5) 997 919 IT 206 197 (23.8) 90 (10.9) 63 (7.6) 476 (57.6) 1032 826 LU 25 93 (33.6) 36 (13.0) 45 (16.2) 103 (37.2) 302 277 NL 61 469 (52.0) 142 (15.7) 97 (10.8) 194 (21.5) 963 902 PT 88 429 (47.0) 206 (22.6) 105 (11.5) 172 (18.9) 1000 912 N Sum 1360 4118 1751 1307 3045 11581 N Valid Sum 4118 1751 1307 3045 10221 printed 27.02.2012 page 79 Eurobarometer 28 - October-November 1987,isocntry M BE 124 442 (50.2) 140 (15.9) 105 (11.9) 194 (22.0) 1005 881 DE 167 282 (35.7) 252 (31.9) 87 (11.0) 168 (21.3) 956 789 DK 88 293 (32.1) 252 (27.6) 256 (28.0) 113 (12.4) 1002 914 ES 141 286 (32.7) 68 (7.8) 59 (6.7) 462 (52.8) 1016 875 FR 75 476 (51.6) 118 (12.8) 119 (12.9) 210 (22.8) 998 923 GB-GBN 123 353 (40.5) 127 (14.6) 115 (13.2) 276 (31.7) 994 871 GB-NIR 21 126 (42.7) 42 (14.2) 32 (10.8) 95 (32.2) 316 295 GR 163 343 (41.0) 92 (11.0) 82 (9.8) 320 (38.2) 1000 837 IE 78 329 (35.8) 186 (20.2) 142 (15.5) 262 (28.5) 997 919 IT 206 197 (23.8) 90 (10.9) 63 (7.6) 476 (57.6) 1032 826 LU 25 93 (33.6) 36 (13.0) 45 (16.2) 103 (37.2) 302 277 NL 61 469 (52.0) 142 (15.7) 97 (10.8) 194 (21.5) 963 902 PT 88 429 (47.0) 206 (22.6) 105 (11.5) 172 (18.9) 1000 912 N Sum 1360 4118 1751 1307 3045 11581 N Valid Sum 4118 1751 1307 3045 10221 printed 27.02.2012 page 79 Eurobarometer 28 - October-November 1987,GESIS Variable Report,105,ZA1713
v77,v77 0 1 N Sum N Valid Sum,LANGUAGE LEARNED DANISH,isocntry BE 1002 (99.7) 3 (0.3) 1005 1005 DE 941 (98.3) 16 (1.7) 957 957 DK 114 (11.4) 888 (88.6) 1002 1002 ES 1016 (100.0) 1016 1016 FR 996 (99.7) 3 (0.3) 999 999 GB-GBN 992 (99.9) 1 (0.1) 993 993 GB-NIR 316 (100.0) 316 316 GR 999 (99.9) 1 (0.1) 1000 1000 IE 997 (100.0) 997 997 IT 1032 (100.0) 1032 1032 LU 299 (99.0) 3 (1.0) 302 302 NL 955 (99.0) 10 (1.0) 965 965 PT 1000 (100.0) 1000 1000 N Sum 10659 925 11584 N Valid Sum 10659 925 11584 printed 27.02.2012 page 80 Eurobarometer 28 - October-November 1987,isocntry BE 1002 (99.7) 3 (0.3) 1005 1005 DE 941 (98.3) 16 (1.7) 957 957 DK 114 (11.4) 888 (88.6) 1002 1002 ES 1016 (100.0) 1016 1016 FR 996 (99.7) 3 (0.3) 999 999 GB-GBN 992 (99.9) 1 (0.1) 993 993 GB-NIR 316 (100.0) 316 316 GR 999 (99.9) 1 (0.1) 1000 1000 IE 997 (100.0) 997 997 IT 1032 (100.0) 1032 1032 LU 299 (99.0) 3 (1.0) 302 302 NL 955 (99.0) 10 (1.0) 965 965 PT 1000 (100.0) 1000 1000 N Sum 10659 925 11584 N Valid Sum 10659 925 11584 printed 27.02.2012 page 80 Eurobarometer 28 - October-November 1987,GESIS Variable Report,106,ZA1713
v78,v78 0 1 N Sum N Valid Sum,LANGUAGE LEARNED GERMAN,isocntry BE 773 (76.9) 232 (23.1) 1005 1005 DE 52 (5.4) 905 (94.6) 957 957 DK 322 (32.1) 680 (67.9) 1002 1002 ES 1006 (98.9) 11 (1.1) 1017 1017 FR 789 (79.0) 210 (21.0) 999 999 GB-GBN 799 (80.5) 194 (19.5) 993 993 GB-NIR 285 (90.2) 31 (9.8) 316 316 GR 949 (94.9) 51 (5.1) 1000 1000 IE 929 (93.2) 68 (6.8) 997 997 IT 962 (93.2) 70 (6.8) 1032 1032 LU 3 (1.0) 299 (99.0) 302 302 NL 347 (36.0) 618 (64.0) 965 965 PT 962 (96.2) 38 (3.8) 1000 1000 N Sum 8178 3407 11585 N Valid Sum 8178 3407 11585 printed 27.02.2012 page 81 Eurobarometer 28 - October-November 1987,isocntry BE 773 (76.9) 232 (23.1) 1005 1005 DE 52 (5.4) 905 (94.6) 957 957 DK 322 (32.1) 680 (67.9) 1002 1002 ES 1006 (98.9) 11 (1.1) 1017 1017 FR 789 (79.0) 210 (21.0) 999 999 GB-GBN 799 (80.5) 194 (19.5) 993 993 GB-NIR 285 (90.2) 31 (9.8) 316 316 GR 949 (94.9) 51 (5.1) 1000 1000 IE 929 (93.2) 68 (6.8) 997 997 IT 962 (93.2) 70 (6.8) 1032 1032 LU 3 (1.0) 299 (99.0) 302 302 NL 347 (36.0) 618 (64.0) 965 965 PT 962 (96.2) 38 (3.8) 1000 1000 N Sum 8178 3407 11585 N Valid Sum 8178 3407 11585 printed 27.02.2012 page 81 Eurobarometer 28 - October-November 1987,GESIS Variable Report,107,ZA1713
v79,v79 0 1 N Sum N Valid Sum,LANGUAGE LEARNED FRENCH,isocntry BE 206 (20.5) 799 (79.5) 1005 1005 DE 770 (80.5) 187 (19.5) 957 957 DK 722 (72.1) 280 (27.9) 1002 1002 ES 819 (80.5) 198 (19.5) 1017 1017 FR 159 (15.9) 840 (84.1) 999 999 GB-GBN 512 (51.6) 481 (48.4) 993 993 GB-NIR 178 (56.3) 138 (43.7) 316 316 GR 906 (90.6) 94 (9.4) 1000 1000 IE 649 (65.1) 348 (34.9) 997 997 IT 671 (65.0) 361 (35.0) 1032 1032 LU 16 (5.3) 286 (94.7) 302 302 NL 499 (51.8) 465 (48.2) 964 964 PT 662 (66.2) 338 (33.8) 1000 1000 N Sum 6769 4815 11584 N Valid Sum 6769 4815 11584 printed 27.02.2012 page 82 Eurobarometer 28 - October-November 1987,isocntry BE 206 (20.5) 799 (79.5) 1005 1005 DE 770 (80.5) 187 (19.5) 957 957 DK 722 (72.1) 280 (27.9) 1002 1002 ES 819 (80.5) 198 (19.5) 1017 1017 FR 159 (15.9) 840 (84.1) 999 999 GB-GBN 512 (51.6) 481 (48.4) 993 993 GB-NIR 178 (56.3) 138 (43.7) 316 316 GR 906 (90.6) 94 (9.4) 1000 1000 IE 649 (65.1) 348 (34.9) 997 997 IT 671 (65.0) 361 (35.0) 1032 1032 LU 16 (5.3) 286 (94.7) 302 302 NL 499 (51.8) 465 (48.2) 964 964 PT 662 (66.2) 338 (33.8) 1000 1000 N Sum 6769 4815 11584 N Valid Sum 6769 4815 11584 printed 27.02.2012 page 82 Eurobarometer 28 - October-November 1987,GESIS Variable Report,108,ZA1713
v80,v80 0 1 N Sum N Valid Sum,LANGUAGE LEARNED ITALIAN,isocntry BE 956 (95.1) 49 (4.9) 1005 1005 DE 929 (97.1) 28 (2.9) 957 957 DK 988 (98.6) 14 (1.4) 1002 1002 ES 999 (98.2) 18 (1.8) 1017 1017 FR 912 (91.3) 87 (8.7) 999 999 GB-GBN 956 (96.3) 37 (3.7) 993 993 GB-NIR 313 (99.1) 3 (0.9) 316 316 GR 942 (94.2) 58 (5.8) 1000 1000 IE 984 (98.7) 13 (1.3) 997 997 IT 1032 (100.0) 1032 1032 LU 264 (87.4) 38 (12.6) 302 302 NL 930 (96.5) 34 (3.5) 964 964 PT 987 (98.7) 13 (1.3) 1000 1000 N Sum 10160 1424 11584 N Valid Sum 10160 1424 11584 printed 27.02.2012 page 83 Eurobarometer 28 - October-November 1987,isocntry BE 956 (95.1) 49 (4.9) 1005 1005 DE 929 (97.1) 28 (2.9) 957 957 DK 988 (98.6) 14 (1.4) 1002 1002 ES 999 (98.2) 18 (1.8) 1017 1017 FR 912 (91.3) 87 (8.7) 999 999 GB-GBN 956 (96.3) 37 (3.7) 993 993 GB-NIR 313 (99.1) 3 (0.9) 316 316 GR 942 (94.2) 58 (5.8) 1000 1000 IE 984 (98.7) 13 (1.3) 997 997 IT 1032 (100.0) 1032 1032 LU 264 (87.4) 38 (12.6) 302 302 NL 930 (96.5) 34 (3.5) 964 964 PT 987 (98.7) 13 (1.3) 1000 1000 N Sum 10160 1424 11584 N Valid Sum 10160 1424 11584 printed 27.02.2012 page 83 Eurobarometer 28 - October-November 1987,GESIS Variable Report,109,ZA1713
v81,v81 0 1 N Sum N Valid Sum,LANGUAGE LEARNED DUTCH,isocntry BE 236 (23.5) 769 (76.5) 1005 1005 DE 949 (99.2) 8 (0.8) 957 957 DK 983 (98.1) 19 (1.9) 1002 1002 ES 1015 (99.9) 1 (0.1) 1016 1016 FR 992 (99.3) 7 (0.7) 999 999 GB-GBN 985 (99.2) 8 (0.8) 993 993 GB-NIR 316 (100.0) 316 316 GR 999 (99.9) 1 (0.1) 1000 1000 IE 994 (99.7) 3 (0.3) 997 997 IT 1026 (99.4) 6 (0.6) 1032 1032 LU 291 (96.4) 11 (3.6) 302 302 NL 65 (6.7) 899 (93.3) 964 964 PT 997 (99.7) 3 (0.3) 1000 1000 N Sum 9848 1735 11583 N Valid Sum 9848 1735 11583 printed 27.02.2012 page 84 Eurobarometer 28 - October-November 1987,isocntry BE 236 (23.5) 769 (76.5) 1005 1005 DE 949 (99.2) 8 (0.8) 957 957 DK 983 (98.1) 19 (1.9) 1002 1002 ES 1015 (99.9) 1 (0.1) 1016 1016 FR 992 (99.3) 7 (0.7) 999 999 GB-GBN 985 (99.2) 8 (0.8) 993 993 GB-NIR 316 (100.0) 316 316 GR 999 (99.9) 1 (0.1) 1000 1000 IE 994 (99.7) 3 (0.3) 997 997 IT 1026 (99.4) 6 (0.6) 1032 1032 LU 291 (96.4) 11 (3.6) 302 302 NL 65 (6.7) 899 (93.3) 964 964 PT 997 (99.7) 3 (0.3) 1000 1000 N Sum 9848 1735 11583 N Valid Sum 9848 1735 11583 printed 27.02.2012 page 84 Eurobarometer 28 - October-November 1987,GESIS Variable Report,110,ZA1713
v82,v82 0 1 N Sum N Valid Sum,LANGUAGE LEARNED ENGLISH,isocntry BE 563 (56.0) 442 (44.0) 1005 1005 DE 460 (48.1) 497 (51.9) 957 957 DK 281 (28.0) 721 (72.0) 1002 1002 ES 846 (83.2) 171 (16.8) 1017 1017 FR 473 (47.3) 526 (52.7) 999 999 GB-GBN 135 (13.6) 858 (86.4) 993 993 GB-NIR 25 (7.9) 291 (92.1) 316 316 GR 704 (70.4) 296 (29.6) 1000 1000 IE 50 (5.0) 947 (95.0) 997 997 IT 693 (67.2) 339 (32.8) 1032 1032 LU 139 (46.0) 163 (54.0) 302 302 NL 231 (24.0) 733 (76.0) 964 964 PT 778 (77.8) 222 (22.2) 1000 1000 N Sum 5378 6206 11584 N Valid Sum 5378 6206 11584 printed 27.02.2012 page 85 Eurobarometer 28 - October-November 1987,isocntry BE 563 (56.0) 442 (44.0) 1005 1005 DE 460 (48.1) 497 (51.9) 957 957 DK 281 (28.0) 721 (72.0) 1002 1002 ES 846 (83.2) 171 (16.8) 1017 1017 FR 473 (47.3) 526 (52.7) 999 999 GB-GBN 135 (13.6) 858 (86.4) 993 993 GB-NIR 25 (7.9) 291 (92.1) 316 316 GR 704 (70.4) 296 (29.6) 1000 1000 IE 50 (5.0) 947 (95.0) 997 997 IT 693 (67.2) 339 (32.8) 1032 1032 LU 139 (46.0) 163 (54.0) 302 302 NL 231 (24.0) 733 (76.0) 964 964 PT 778 (77.8) 222 (22.2) 1000 1000 N Sum 5378 6206 11584 N Valid Sum 5378 6206 11584 printed 27.02.2012 page 85 Eurobarometer 28 - October-November 1987,GESIS Variable Report,111,ZA1713
v83,v83 0 1 N Sum N Valid Sum,LANGUAGE LEARNED SPANISH,isocntry BE 949 (94.4) 56 (5.6) 1005 1005 DE 930 (97.2) 27 (2.8) 957 957 DK 972 (97.0) 30 (3.0) 1002 1002 ES 8 (0.8) 1008 (99.2) 1016 1016 FR 819 (82.0) 180 (18.0) 999 999 GB-GBN 921 (92.7) 72 (7.3) 993 993 GB-NIR 303 (95.9) 13 (4.1) 316 316 GR 991 (99.1) 9 (0.9) 1000 1000 IE 962 (96.5) 35 (3.5) 997 997 IT 991 (96.0) 41 (4.0) 1032 1032 LU 289 (95.7) 13 (4.3) 302 302 NL 919 (95.2) 46 (4.8) 965 965 PT 943 (94.3) 57 (5.7) 1000 1000 N Sum 9997 1587 11584 N Valid Sum 9997 1587 11584 printed 27.02.2012 page 86 Eurobarometer 28 - October-November 1987,isocntry BE 949 (94.4) 56 (5.6) 1005 1005 DE 930 (97.2) 27 (2.8) 957 957 DK 972 (97.0) 30 (3.0) 1002 1002 ES 8 (0.8) 1008 (99.2) 1016 1016 FR 819 (82.0) 180 (18.0) 999 999 GB-GBN 921 (92.7) 72 (7.3) 993 993 GB-NIR 303 (95.9) 13 (4.1) 316 316 GR 991 (99.1) 9 (0.9) 1000 1000 IE 962 (96.5) 35 (3.5) 997 997 IT 991 (96.0) 41 (4.0) 1032 1032 LU 289 (95.7) 13 (4.3) 302 302 NL 919 (95.2) 46 (4.8) 965 965 PT 943 (94.3) 57 (5.7) 1000 1000 N Sum 9997 1587 11584 N Valid Sum 9997 1587 11584 printed 27.02.2012 page 86 Eurobarometer 28 - October-November 1987,GESIS Variable Report,112,ZA1713
v84,v84 0 1 N Sum N Valid Sum,LANGUAGE LEARNED PORTUGUESE,isocntry BE 998 (99.3) 7 (0.7) 1005 1005 DE 946 (98.9) 11 (1.1) 957 957 DK 999 (99.7) 3 (0.3) 1002 1002 ES 999 (98.3) 17 (1.7) 1016 1016 FR 983 (98.4) 16 (1.6) 999 999 GB-GBN 986 (99.3) 7 (0.7) 993 993 GB-NIR 315 (99.7) 1 (0.3) 316 316 GR 998 (99.8) 2 (0.2) 1000 1000 IE 996 (99.9) 1 (0.1) 997 997 IT 1025 (99.3) 7 (0.7) 1032 1032 LU 298 (98.7) 4 (1.3) 302 302 NL 960 (99.6) 4 (0.4) 964 964 PT 1000 (100.0) 1000 1000 N Sum 10503 1080 11583 N Valid Sum 10503 1080 11583 printed 27.02.2012 page 87 Eurobarometer 28 - October-November 1987,isocntry BE 998 (99.3) 7 (0.7) 1005 1005 DE 946 (98.9) 11 (1.1) 957 957 DK 999 (99.7) 3 (0.3) 1002 1002 ES 999 (98.3) 17 (1.7) 1016 1016 FR 983 (98.4) 16 (1.6) 999 999 GB-GBN 986 (99.3) 7 (0.7) 993 993 GB-NIR 315 (99.7) 1 (0.3) 316 316 GR 998 (99.8) 2 (0.2) 1000 1000 IE 996 (99.9) 1 (0.1) 997 997 IT 1025 (99.3) 7 (0.7) 1032 1032 LU 298 (98.7) 4 (1.3) 302 302 NL 960 (99.6) 4 (0.4) 964 964 PT 1000 (100.0) 1000 1000 N Sum 10503 1080 11583 N Valid Sum 10503 1080 11583 printed 27.02.2012 page 87 Eurobarometer 28 - October-November 1987,GESIS Variable Report,113,ZA1713
v85,v85 0 1 N Sum N Valid Sum,LANGUAGE LEARNED GREEK,isocntry BE 992 (98.7) 13 (1.3) 1005 1005 DE 942 (98.4) 15 (1.6) 957 957 DK 989 (98.7) 13 (1.3) 1002 1002 ES 1014 (99.7) 3 (0.3) 1017 1017 FR 979 (98.0) 20 (2.0) 999 999 GB-GBN 977 (98.4) 16 (1.6) 993 993 GB-NIR 315 (99.7) 1 (0.3) 316 316 GR 1000 (100.0) 1000 1000 IE 987 (99.0) 10 (1.0) 997 997 IT 1014 (98.3) 18 (1.7) 1032 1032 LU 298 (98.7) 4 (1.3) 302 302 NL 935 (97.0) 29 (3.0) 964 964 PT 998 (99.8) 2 (0.2) 1000 1000 N Sum 10440 1144 11584 N Valid Sum 10440 1144 11584 printed 27.02.2012 page 88 Eurobarometer 28 - October-November 1987,isocntry BE 992 (98.7) 13 (1.3) 1005 1005 DE 942 (98.4) 15 (1.6) 957 957 DK 989 (98.7) 13 (1.3) 1002 1002 ES 1014 (99.7) 3 (0.3) 1017 1017 FR 979 (98.0) 20 (2.0) 999 999 GB-GBN 977 (98.4) 16 (1.6) 993 993 GB-NIR 315 (99.7) 1 (0.3) 316 316 GR 1000 (100.0) 1000 1000 IE 987 (99.0) 10 (1.0) 997 997 IT 1014 (98.3) 18 (1.7) 1032 1032 LU 298 (98.7) 4 (1.3) 302 302 NL 935 (97.0) 29 (3.0) 964 964 PT 998 (99.8) 2 (0.2) 1000 1000 N Sum 10440 1144 11584 N Valid Sum 10440 1144 11584 printed 27.02.2012 page 88 Eurobarometer 28 - October-November 1987,GESIS Variable Report,114,ZA1713
v86,v86 0 1 N Sum N Valid Sum,LANGUAGE LEARNED OTHER,isocntry BE 981 (97.6) 24 (2.4) 1005 1005 DE 860 (89.9) 97 (10.1) 957 957 DK 925 (92.3) 77 (7.7) 1002 1002 ES 829 (81.5) 188 (18.5) 1017 1017 FR 911 (91.2) 88 (8.8) 999 999 GB-GBN 916 (92.2) 77 (7.8) 993 993 GB-NIR 299 (94.6) 17 (5.4) 316 316 GR 956 (95.6) 44 (4.4) 1000 1000 IE 564 (56.6) 433 (43.4) 997 997 IT 1016 (98.4) 16 (1.6) 1032 1032 LU 302 (100.0) 302 302 NL 885 (91.7) 80 (8.3) 965 965 PT 995 (99.5) 5 (0.5) 1000 1000 N Sum 10137 1448 11585 N Valid Sum 10137 1448 11585 printed 27.02.2012 page 89 Eurobarometer 28 - October-November 1987,isocntry BE 981 (97.6) 24 (2.4) 1005 1005 DE 860 (89.9) 97 (10.1) 957 957 DK 925 (92.3) 77 (7.7) 1002 1002 ES 829 (81.5) 188 (18.5) 1017 1017 FR 911 (91.2) 88 (8.8) 999 999 GB-GBN 916 (92.2) 77 (7.8) 993 993 GB-NIR 299 (94.6) 17 (5.4) 316 316 GR 956 (95.6) 44 (4.4) 1000 1000 IE 564 (56.6) 433 (43.4) 997 997 IT 1016 (98.4) 16 (1.6) 1032 1032 LU 302 (100.0) 302 302 NL 885 (91.7) 80 (8.3) 965 965 PT 995 (99.5) 5 (0.5) 1000 1000 N Sum 10137 1448 11585 N Valid Sum 10137 1448 11585 printed 27.02.2012 page 89 Eurobarometer 28 - October-November 1987,GESIS Variable Report,115,ZA1713
v87,v87 0 1 N Sum N Valid Sum,LANGUAGE SPOKEN DANISH,isocntry BE 1005 (100.0) 1005 1005 DE 946 (98.9) 11 (1.1) 957 957 DK 217 (21.7) 785 (78.3) 1002 1002 ES 1016 (100.0) 1016 1016 FR 999 (100.0) 999 999 GB-GBN 993 (100.0) 993 993 GB-NIR 316 (100.0) 316 316 GR 999 (99.9) 1 (0.1) 1000 1000 IE 997 (100.0) 997 997 IT 1032 (100.0) 1032 1032 LU 299 (99.0) 3 (1.0) 302 302 NL 963 (99.9) 1 (0.1) 964 964 PT 1000 (100.0) 1000 1000 N Sum 10782 801 11583 N Valid Sum 10782 801 11583 printed 27.02.2012 page 90 Eurobarometer 28 - October-November 1987,isocntry BE 1005 (100.0) 1005 1005 DE 946 (98.9) 11 (1.1) 957 957 DK 217 (21.7) 785 (78.3) 1002 1002 ES 1016 (100.0) 1016 1016 FR 999 (100.0) 999 999 GB-GBN 993 (100.0) 993 993 GB-NIR 316 (100.0) 316 316 GR 999 (99.9) 1 (0.1) 1000 1000 IE 997 (100.0) 997 997 IT 1032 (100.0) 1032 1032 LU 299 (99.0) 3 (1.0) 302 302 NL 963 (99.9) 1 (0.1) 964 964 PT 1000 (100.0) 1000 1000 N Sum 10782 801 11583 N Valid Sum 10782 801 11583 printed 27.02.2012 page 90 Eurobarometer 28 - October-November 1987,GESIS Variable Report,116,ZA1713
v88,v88 0 1 N Sum N Valid Sum,LANGUAGE SPOKEN GERMAN,isocntry BE 879 (87.5) 126 (12.5) 1005 1005 DE 70 (7.3) 887 (92.7) 957 957 DK 659 (65.8) 343 (34.2) 1002 1002 ES 1011 (99.4) 6 (0.6) 1017 1017 FR 935 (93.6) 64 (6.4) 999 999 GB-GBN 924 (93.1) 69 (6.9) 993 993 GB-NIR 309 (97.8) 7 (2.2) 316 316 GR 957 (95.7) 43 (4.3) 1000 1000 IE 977 (98.0) 20 (2.0) 997 997 IT 1002 (97.1) 30 (2.9) 1032 1032 LU 9 (3.0) 293 (97.0) 302 302 NL 468 (48.5) 497 (51.5) 965 965 PT 982 (98.2) 18 (1.8) 1000 1000 N Sum 9182 2403 11585 N Valid Sum 9182 2403 11585 printed 27.02.2012 page 91 Eurobarometer 28 - October-November 1987,isocntry BE 879 (87.5) 126 (12.5) 1005 1005 DE 70 (7.3) 887 (92.7) 957 957 DK 659 (65.8) 343 (34.2) 1002 1002 ES 1011 (99.4) 6 (0.6) 1017 1017 FR 935 (93.6) 64 (6.4) 999 999 GB-GBN 924 (93.1) 69 (6.9) 993 993 GB-NIR 309 (97.8) 7 (2.2) 316 316 GR 957 (95.7) 43 (4.3) 1000 1000 IE 977 (98.0) 20 (2.0) 997 997 IT 1002 (97.1) 30 (2.9) 1032 1032 LU 9 (3.0) 293 (97.0) 302 302 NL 468 (48.5) 497 (51.5) 965 965 PT 982 (98.2) 18 (1.8) 1000 1000 N Sum 9182 2403 11585 N Valid Sum 9182 2403 11585 printed 27.02.2012 page 91 Eurobarometer 28 - October-November 1987,GESIS Variable Report,117,ZA1713
v89,v89 0 1 N Sum N Valid Sum,LANGUAGE SPOKEN FRENCH,isocntry BE 315 (31.3) 690 (68.7) 1005 1005 DE 891 (93.1) 66 (6.9) 957 957 DK 954 (95.2) 48 (4.8) 1002 1002 ES 913 (89.9) 103 (10.1) 1016 1016 FR 133 (13.3) 866 (86.7) 999 999 GB-GBN 793 (79.9) 200 (20.1) 993 993 GB-NIR 279 (88.3) 37 (11.7) 316 316 GR 934 (93.4) 66 (6.6) 1000 1000 IE 896 (89.9) 101 (10.1) 997 997 IT 905 (87.7) 127 (12.3) 1032 1032 LU 31 (10.3) 271 (89.7) 302 302 NL 847 (87.9) 117 (12.1) 964 964 PT 829 (82.9) 171 (17.1) 1000 1000 N Sum 8720 2863 11583 N Valid Sum 8720 2863 11583 printed 27.02.2012 page 92 Eurobarometer 28 - October-November 1987,isocntry BE 315 (31.3) 690 (68.7) 1005 1005 DE 891 (93.1) 66 (6.9) 957 957 DK 954 (95.2) 48 (4.8) 1002 1002 ES 913 (89.9) 103 (10.1) 1016 1016 FR 133 (13.3) 866 (86.7) 999 999 GB-GBN 793 (79.9) 200 (20.1) 993 993 GB-NIR 279 (88.3) 37 (11.7) 316 316 GR 934 (93.4) 66 (6.6) 1000 1000 IE 896 (89.9) 101 (10.1) 997 997 IT 905 (87.7) 127 (12.3) 1032 1032 LU 31 (10.3) 271 (89.7) 302 302 NL 847 (87.9) 117 (12.1) 964 964 PT 829 (82.9) 171 (17.1) 1000 1000 N Sum 8720 2863 11583 N Valid Sum 8720 2863 11583 printed 27.02.2012 page 92 Eurobarometer 28 - October-November 1987,GESIS Variable Report,118,ZA1713
v90,v90 0 1 N Sum N Valid Sum,LANGUAGE SPOKEN ITALIAN,isocntry BE 972 (96.7) 33 (3.3) 1005 1005 DE 945 (98.7) 12 (1.3) 957 957 DK 1001 (99.9) 1 (0.1) 1002 1002 ES 1006 (98.9) 11 (1.1) 1017 1017 FR 951 (95.2) 48 (4.8) 999 999 GB-GBN 976 (98.3) 17 (1.7) 993 993 GB-NIR 316 (100.0) 316 316 GR 952 (95.2) 48 (4.8) 1000 1000 IE 996 (99.9) 1 (0.1) 997 997 IT 1032 (100.0) 1032 1032 LU 277 (91.7) 25 (8.3) 302 302 NL 951 (98.5) 14 (1.5) 965 965 PT 992 (99.2) 8 (0.8) 1000 1000 N Sum 10335 1250 11585 N Valid Sum 10335 1250 11585 printed 27.02.2012 page 93 Eurobarometer 28 - October-November 1987,isocntry BE 972 (96.7) 33 (3.3) 1005 1005 DE 945 (98.7) 12 (1.3) 957 957 DK 1001 (99.9) 1 (0.1) 1002 1002 ES 1006 (98.9) 11 (1.1) 1017 1017 FR 951 (95.2) 48 (4.8) 999 999 GB-GBN 976 (98.3) 17 (1.7) 993 993 GB-NIR 316 (100.0) 316 316 GR 952 (95.2) 48 (4.8) 1000 1000 IE 996 (99.9) 1 (0.1) 997 997 IT 1032 (100.0) 1032 1032 LU 277 (91.7) 25 (8.3) 302 302 NL 951 (98.5) 14 (1.5) 965 965 PT 992 (99.2) 8 (0.8) 1000 1000 N Sum 10335 1250 11585 N Valid Sum 10335 1250 11585 printed 27.02.2012 page 93 Eurobarometer 28 - October-November 1987,GESIS Variable Report,119,ZA1713
v91,v91 0 1 N Sum N Valid Sum,LANGUAGE SPOKEN DUTCH,isocntry BE 318 (31.6) 687 (68.4) 1005 1005 DE 950 (99.3) 7 (0.7) 957 957 DK 991 (98.9) 11 (1.1) 1002 1002 ES 1015 (99.9) 1 (0.1) 1016 1016 FR 997 (99.8) 2 (0.2) 999 999 GB-GBN 991 (99.8) 2 (0.2) 993 993 GB-NIR 315 (99.7) 1 (0.3) 316 316 GR 999 (99.9) 1 (0.1) 1000 1000 IE 995 (99.8) 2 (0.2) 997 997 IT 1027 (99.5) 5 (0.5) 1032 1032 LU 295 (97.7) 7 (2.3) 302 302 NL 93 (9.6) 872 (90.4) 965 965 PT 998 (99.8) 2 (0.2) 1000 1000 N Sum 9984 1600 11584 N Valid Sum 9984 1600 11584 printed 27.02.2012 page 94 Eurobarometer 28 - October-November 1987,isocntry BE 318 (31.6) 687 (68.4) 1005 1005 DE 950 (99.3) 7 (0.7) 957 957 DK 991 (98.9) 11 (1.1) 1002 1002 ES 1015 (99.9) 1 (0.1) 1016 1016 FR 997 (99.8) 2 (0.2) 999 999 GB-GBN 991 (99.8) 2 (0.2) 993 993 GB-NIR 315 (99.7) 1 (0.3) 316 316 GR 999 (99.9) 1 (0.1) 1000 1000 IE 995 (99.8) 2 (0.2) 997 997 IT 1027 (99.5) 5 (0.5) 1032 1032 LU 295 (97.7) 7 (2.3) 302 302 NL 93 (9.6) 872 (90.4) 965 965 PT 998 (99.8) 2 (0.2) 1000 1000 N Sum 9984 1600 11584 N Valid Sum 9984 1600 11584 printed 27.02.2012 page 94 Eurobarometer 28 - October-November 1987,GESIS Variable Report,120,ZA1713
v92,v92 0 1 N Sum N Valid Sum,LANGUAGE SPOKEN ENGLISH,isocntry BE 708 (70.4) 297 (29.6) 1005 1005 DE 627 (65.5) 330 (34.5) 957 957 DK 479 (47.8) 523 (52.2) 1002 1002 ES 929 (91.4) 87 (8.6) 1016 1016 FR 798 (79.9) 201 (20.1) 999 999 GB-GBN 123 (12.4) 870 (87.6) 993 993 GB-NIR 18 (5.7) 298 (94.3) 316 316 GR 751 (75.1) 249 (24.9) 1000 1000 IE 20 (2.0) 977 (98.0) 997 997 IT 918 (89.0) 114 (11.0) 1032 1032 LU 180 (59.6) 122 (40.4) 302 302 NL 389 (40.3) 576 (59.7) 965 965 PT 874 (87.4) 126 (12.6) 1000 1000 N Sum 6814 4770 11584 N Valid Sum 6814 4770 11584 printed 27.02.2012 page 95 Eurobarometer 28 - October-November 1987,isocntry BE 708 (70.4) 297 (29.6) 1005 1005 DE 627 (65.5) 330 (34.5) 957 957 DK 479 (47.8) 523 (52.2) 1002 1002 ES 929 (91.4) 87 (8.6) 1016 1016 FR 798 (79.9) 201 (20.1) 999 999 GB-GBN 123 (12.4) 870 (87.6) 993 993 GB-NIR 18 (5.7) 298 (94.3) 316 316 GR 751 (75.1) 249 (24.9) 1000 1000 IE 20 (2.0) 977 (98.0) 997 997 IT 918 (89.0) 114 (11.0) 1032 1032 LU 180 (59.6) 122 (40.4) 302 302 NL 389 (40.3) 576 (59.7) 965 965 PT 874 (87.4) 126 (12.6) 1000 1000 N Sum 6814 4770 11584 N Valid Sum 6814 4770 11584 printed 27.02.2012 page 95 Eurobarometer 28 - October-November 1987,GESIS Variable Report,121,ZA1713
v93,v93 0 1 N Sum N Valid Sum,LANGUAGE SPOKEN SPANISH,isocntry BE 967 (96.2) 38 (3.8) 1005 1005 DE 951 (99.4) 6 (0.6) 957 957 DK 997 (99.5) 5 (0.5) 1002 1002 ES 8 (0.8) 1009 (99.2) 1017 1017 FR 924 (92.5) 75 (7.5) 999 999 GB-GBN 973 (98.0) 20 (2.0) 993 993 GB-NIR 311 (98.4) 5 (1.6) 316 316 GR 992 (99.2) 8 (0.8) 1000 1000 IE 985 (98.8) 12 (1.2) 997 997 IT 1011 (98.0) 21 (2.0) 1032 1032 LU 296 (98.0) 6 (2.0) 302 302 NL 949 (98.4) 15 (1.6) 964 964 PT 958 (95.8) 42 (4.2) 1000 1000 N Sum 10322 1262 11584 N Valid Sum 10322 1262 11584 printed 27.02.2012 page 96 Eurobarometer 28 - October-November 1987,isocntry BE 967 (96.2) 38 (3.8) 1005 1005 DE 951 (99.4) 6 (0.6) 957 957 DK 997 (99.5) 5 (0.5) 1002 1002 ES 8 (0.8) 1009 (99.2) 1017 1017 FR 924 (92.5) 75 (7.5) 999 999 GB-GBN 973 (98.0) 20 (2.0) 993 993 GB-NIR 311 (98.4) 5 (1.6) 316 316 GR 992 (99.2) 8 (0.8) 1000 1000 IE 985 (98.8) 12 (1.2) 997 997 IT 1011 (98.0) 21 (2.0) 1032 1032 LU 296 (98.0) 6 (2.0) 302 302 NL 949 (98.4) 15 (1.6) 964 964 PT 958 (95.8) 42 (4.2) 1000 1000 N Sum 10322 1262 11584 N Valid Sum 10322 1262 11584 printed 27.02.2012 page 96 Eurobarometer 28 - October-November 1987,GESIS Variable Report,122,ZA1713
v94,v94 0 1 N Sum N Valid Sum,LANGUAGE SPOKEN PORTUGUESE,isocntry BE 1000 (99.5) 5 (0.5) 1005 1005 DE 949 (99.2) 8 (0.8) 957 957 DK 1001 (99.9) 1 (0.1) 1002 1002 ES 1006 (99.0) 10 (1.0) 1016 1016 FR 993 (99.4) 6 (0.6) 999 999 GB-GBN 992 (99.9) 1 (0.1) 993 993 GB-NIR 316 (100.0) 316 316 GR 998 (99.8) 2 (0.2) 1000 1000 IE 997 (100.0) 997 997 IT 1027 (99.5) 5 (0.5) 1032 1032 LU 299 (99.0) 3 (1.0) 302 302 NL 963 (99.9) 1 (0.1) 964 964 PT 1000 (100.0) 1000 1000 N Sum 10541 1042 11583 N Valid Sum 10541 1042 11583 printed 27.02.2012 page 97 Eurobarometer 28 - October-November 1987,isocntry BE 1000 (99.5) 5 (0.5) 1005 1005 DE 949 (99.2) 8 (0.8) 957 957 DK 1001 (99.9) 1 (0.1) 1002 1002 ES 1006 (99.0) 10 (1.0) 1016 1016 FR 993 (99.4) 6 (0.6) 999 999 GB-GBN 992 (99.9) 1 (0.1) 993 993 GB-NIR 316 (100.0) 316 316 GR 998 (99.8) 2 (0.2) 1000 1000 IE 997 (100.0) 997 997 IT 1027 (99.5) 5 (0.5) 1032 1032 LU 299 (99.0) 3 (1.0) 302 302 NL 963 (99.9) 1 (0.1) 964 964 PT 1000 (100.0) 1000 1000 N Sum 10541 1042 11583 N Valid Sum 10541 1042 11583 printed 27.02.2012 page 97 Eurobarometer 28 - October-November 1987,GESIS Variable Report,123,ZA1713
v95,v95 0 1 N Sum N Valid Sum,LANGUAGE SPOKEN GREEC,isocntry BE 1004 (99.9) 1 (0.1) 1005 1005 DE 951 (99.4) 6 (0.6) 957 957 DK 1000 (99.8) 2 (0.2) 1002 1002 ES 1016 (99.9) 1 (0.1) 1017 1017 FR 999 (100.0) 999 999 GB-GBN 990 (99.7) 3 (0.3) 993 993 GB-NIR 316 (100.0) 316 316 GR 1000 (100.0) 1000 1000 IE 996 (99.9) 1 (0.1) 997 997 IT 1029 (99.7) 3 (0.3) 1032 1032 LU 300 (99.3) 2 (0.7) 302 302 NL 963 (99.9) 1 (0.1) 964 964 PT 1000 (100.0) 1000 1000 N Sum 10564 1020 11584 N Valid Sum 10564 1020 11584 printed 27.02.2012 page 98 Eurobarometer 28 - October-November 1987,isocntry BE 1004 (99.9) 1 (0.1) 1005 1005 DE 951 (99.4) 6 (0.6) 957 957 DK 1000 (99.8) 2 (0.2) 1002 1002 ES 1016 (99.9) 1 (0.1) 1017 1017 FR 999 (100.0) 999 999 GB-GBN 990 (99.7) 3 (0.3) 993 993 GB-NIR 316 (100.0) 316 316 GR 1000 (100.0) 1000 1000 IE 996 (99.9) 1 (0.1) 997 997 IT 1029 (99.7) 3 (0.3) 1032 1032 LU 300 (99.3) 2 (0.7) 302 302 NL 963 (99.9) 1 (0.1) 964 964 PT 1000 (100.0) 1000 1000 N Sum 10564 1020 11584 N Valid Sum 10564 1020 11584 printed 27.02.2012 page 98 Eurobarometer 28 - October-November 1987,GESIS Variable Report,124,ZA1713
v96,v96 0 1 N Sum N Valid Sum,LANGUAGE SPOKEN OTHER,isocntry BE 991 (98.6) 14 (1.4) 1005 1005 DE 921 (96.2) 36 (3.8) 957 957 DK 976 (97.4) 26 (2.6) 1002 1002 ES 842 (82.9) 174 (17.1) 1016 1016 FR 964 (96.5) 35 (3.5) 999 999 GB-GBN 962 (96.9) 31 (3.1) 993 993 GB-NIR 314 (99.4) 2 (0.6) 316 316 GR 961 (96.1) 39 (3.9) 1000 1000 IE 859 (86.2) 138 (13.8) 997 997 IT 1019 (98.7) 13 (1.3) 1032 1032 LU 2 (0.7) 300 (99.3) 302 302 NL 922 (95.5) 43 (4.5) 965 965 PT 998 (99.8) 2 (0.2) 1000 1000 N Sum 10731 853 11584 N Valid Sum 10731 853 11584 printed 27.02.2012 page 99 Eurobarometer 28 - October-November 1987,isocntry BE 991 (98.6) 14 (1.4) 1005 1005 DE 921 (96.2) 36 (3.8) 957 957 DK 976 (97.4) 26 (2.6) 1002 1002 ES 842 (82.9) 174 (17.1) 1016 1016 FR 964 (96.5) 35 (3.5) 999 999 GB-GBN 962 (96.9) 31 (3.1) 993 993 GB-NIR 314 (99.4) 2 (0.6) 316 316 GR 961 (96.1) 39 (3.9) 1000 1000 IE 859 (86.2) 138 (13.8) 997 997 IT 1019 (98.7) 13 (1.3) 1032 1032 LU 2 (0.7) 300 (99.3) 302 302 NL 922 (95.5) 43 (4.5) 965 965 PT 998 (99.8) 2 (0.2) 1000 1000 N Sum 10731 853 11584 N Valid Sum 10731 853 11584 printed 27.02.2012 page 99 Eurobarometer 28 - October-November 1987,GESIS Variable Report,125,ZA1713
v97,v97 0 1 N Sum N Valid Sum,LANGUAGE AT HOME DANISH,isocntry BE 1005 (100.0) 1005 1005 DE 949 (99.2) 8 (0.8) 957 957 DK 54 (5.4) 948 (94.6) 1002 1002 ES 1015 (99.9) 1 (0.1) 1016 1016 FR 999 (100.0) 999 999 GB-GBN 993 (100.0) 993 993 GB-NIR 316 (100.0) 316 316 GR 1000 (100.0) 1000 1000 IE 997 (100.0) 997 997 IT 1032 (100.0) 1032 1032 LU 302 (100.0) 302 302 NL 965 (100.0) 965 965 PT 1000 (100.0) 1000 1000 N Sum 10627 957 11584 N Valid Sum 10627 957 11584 printed 27.02.2012 page 100 Eurobarometer 28 - October-November 1987,isocntry BE 1005 (100.0) 1005 1005 DE 949 (99.2) 8 (0.8) 957 957 DK 54 (5.4) 948 (94.6) 1002 1002 ES 1015 (99.9) 1 (0.1) 1016 1016 FR 999 (100.0) 999 999 GB-GBN 993 (100.0) 993 993 GB-NIR 316 (100.0) 316 316 GR 1000 (100.0) 1000 1000 IE 997 (100.0) 997 997 IT 1032 (100.0) 1032 1032 LU 302 (100.0) 302 302 NL 965 (100.0) 965 965 PT 1000 (100.0) 1000 1000 N Sum 10627 957 11584 N Valid Sum 10627 957 11584 printed 27.02.2012 page 100 Eurobarometer 28 - October-November 1987,GESIS Variable Report,126,ZA1713
v98,v98 0 1 N Sum N Valid Sum,LANGUAGE AT HOME GERMAN,isocntry BE 999 (99.4) 6 (0.6) 1005 1005 DE 43 (4.5) 914 (95.5) 957 957 DK 993 (99.1) 9 (0.9) 1002 1002 ES 1016 (100.0) 1016 1016 FR 989 (99.0) 10 (1.0) 999 999 GB-GBN 993 (100.0) 993 993 GB-NIR 316 (100.0) 316 316 GR 991 (99.1) 9 (0.9) 1000 1000 IE 996 (99.9) 1 (0.1) 997 997 IT 1030 (99.8) 2 (0.2) 1032 1032 LU 299 (99.0) 3 (1.0) 302 302 NL 959 (99.4) 6 (0.6) 965 965 PT 999 (99.9) 1 (0.1) 1000 1000 N Sum 10623 961 11584 N Valid Sum 10623 961 11584 printed 27.02.2012 page 101 Eurobarometer 28 - October-November 1987,isocntry BE 999 (99.4) 6 (0.6) 1005 1005 DE 43 (4.5) 914 (95.5) 957 957 DK 993 (99.1) 9 (0.9) 1002 1002 ES 1016 (100.0) 1016 1016 FR 989 (99.0) 10 (1.0) 999 999 GB-GBN 993 (100.0) 993 993 GB-NIR 316 (100.0) 316 316 GR 991 (99.1) 9 (0.9) 1000 1000 IE 996 (99.9) 1 (0.1) 997 997 IT 1030 (99.8) 2 (0.2) 1032 1032 LU 299 (99.0) 3 (1.0) 302 302 NL 959 (99.4) 6 (0.6) 965 965 PT 999 (99.9) 1 (0.1) 1000 1000 N Sum 10623 961 11584 N Valid Sum 10623 961 11584 printed 27.02.2012 page 101 Eurobarometer 28 - October-November 1987,GESIS Variable Report,127,ZA1713
v99,v99 0 1 N Sum N Valid Sum,LANGUAGE AT HOME FRENCH,isocntry BE 575 (57.2) 430 (42.8) 1005 1005 DE 956 (99.9) 1 (0.1) 957 957 DK 1001 (99.9) 1 (0.1) 1002 1002 ES 1016 (100.0) 1016 1016 FR 22 (2.2) 977 (97.8) 999 999 GB-GBN 990 (99.7) 3 (0.3) 993 993 GB-NIR 316 (100.0) 316 316 GR 998 (99.8) 2 (0.2) 1000 1000 IE 996 (99.9) 1 (0.1) 997 997 IT 1030 (99.8) 2 (0.2) 1032 1032 LU 284 (94.0) 18 (6.0) 302 302 NL 965 (100.0) 965 965 PT 996 (99.6) 4 (0.4) 1000 1000 N Sum 10145 1439 11584 N Valid Sum 10145 1439 11584 printed 27.02.2012 page 102 Eurobarometer 28 - October-November 1987,isocntry BE 575 (57.2) 430 (42.8) 1005 1005 DE 956 (99.9) 1 (0.1) 957 957 DK 1001 (99.9) 1 (0.1) 1002 1002 ES 1016 (100.0) 1016 1016 FR 22 (2.2) 977 (97.8) 999 999 GB-GBN 990 (99.7) 3 (0.3) 993 993 GB-NIR 316 (100.0) 316 316 GR 998 (99.8) 2 (0.2) 1000 1000 IE 996 (99.9) 1 (0.1) 997 997 IT 1030 (99.8) 2 (0.2) 1032 1032 LU 284 (94.0) 18 (6.0) 302 302 NL 965 (100.0) 965 965 PT 996 (99.6) 4 (0.4) 1000 1000 N Sum 10145 1439 11584 N Valid Sum 10145 1439 11584 printed 27.02.2012 page 102 Eurobarometer 28 - October-November 1987,GESIS Variable Report,128,ZA1713
v100,v100 0 1 N Sum N Valid Sum,LANGUAGE AT HOME ITALIAN,isocntry BE 1000 (99.5) 5 (0.5) 1005 1005 DE 956 (99.9) 1 (0.1) 957 957 DK 1001 (99.9) 1 (0.1) 1002 1002 ES 1016 (100.0) 1016 1016 FR 994 (99.5) 5 (0.5) 999 999 GB-GBN 993 (100.0) 993 993 GB-NIR 316 (100.0) 316 316 GR 998 (99.8) 2 (0.2) 1000 1000 IE 996 (99.9) 1 (0.1) 997 997 IT 12 (1.2) 1020 (98.8) 1032 1032 LU 301 (99.7) 1 (0.3) 302 302 NL 965 (100.0) 965 965 PT 1000 (100.0) 1000 1000 N Sum 10548 1036 11584 N Valid Sum 10548 1036 11584 printed 27.02.2012 page 103 Eurobarometer 28 - October-November 1987,isocntry BE 1000 (99.5) 5 (0.5) 1005 1005 DE 956 (99.9) 1 (0.1) 957 957 DK 1001 (99.9) 1 (0.1) 1002 1002 ES 1016 (100.0) 1016 1016 FR 994 (99.5) 5 (0.5) 999 999 GB-GBN 993 (100.0) 993 993 GB-NIR 316 (100.0) 316 316 GR 998 (99.8) 2 (0.2) 1000 1000 IE 996 (99.9) 1 (0.1) 997 997 IT 12 (1.2) 1020 (98.8) 1032 1032 LU 301 (99.7) 1 (0.3) 302 302 NL 965 (100.0) 965 965 PT 1000 (100.0) 1000 1000 N Sum 10548 1036 11584 N Valid Sum 10548 1036 11584 printed 27.02.2012 page 103 Eurobarometer 28 - October-November 1987,GESIS Variable Report,129,ZA1713
v101,v101 0 1 N Sum N Valid Sum,LANGUAGE AT HOME DUTCH,isocntry BE 447 (44.5) 558 (55.5) 1005 1005 DE 957 (100.0) 0 (0.0) 957 957 DK 1000 (99.8) 2 (0.2) 1002 1002 ES 1016 (100.0) 1016 1016 FR 999 (100.0) 999 999 GB-GBN 993 (100.0) 993 993 GB-NIR 316 (100.0) 316 316 GR 1000 (100.0) 1000 1000 IE 996 (99.9) 1 (0.1) 997 997 IT 1031 (99.9) 1 (0.1) 1032 1032 LU 302 (100.0) 302 302 NL 25 (2.6) 940 (97.4) 965 965 PT 1000 (100.0) 1000 1000 N Sum 10082 1502 11584 N Valid Sum 10082 1502 11584 printed 27.02.2012 page 104 Eurobarometer 28 - October-November 1987,isocntry BE 447 (44.5) 558 (55.5) 1005 1005 DE 957 (100.0) 0 (0.0) 957 957 DK 1000 (99.8) 2 (0.2) 1002 1002 ES 1016 (100.0) 1016 1016 FR 999 (100.0) 999 999 GB-GBN 993 (100.0) 993 993 GB-NIR 316 (100.0) 316 316 GR 1000 (100.0) 1000 1000 IE 996 (99.9) 1 (0.1) 997 997 IT 1031 (99.9) 1 (0.1) 1032 1032 LU 302 (100.0) 302 302 NL 25 (2.6) 940 (97.4) 965 965 PT 1000 (100.0) 1000 1000 N Sum 10082 1502 11584 N Valid Sum 10082 1502 11584 printed 27.02.2012 page 104 Eurobarometer 28 - October-November 1987,GESIS Variable Report,130,ZA1713
v102,v102 0 1 N Sum N Valid Sum,LANGUAGE AT HOME ENGLISH,isocntry BE 1002 (99.7) 3 (0.3) 1005 1005 DE 953 (99.6) 4 (0.4) 957 957 DK 984 (98.2) 18 (1.8) 1002 1002 ES 1013 (99.7) 3 (0.3) 1016 1016 FR 991 (99.2) 8 (0.8) 999 999 GB-GBN 31 (3.1) 962 (96.9) 993 993 GB-NIR 7 (2.2) 309 (97.8) 316 316 GR 993 (99.3) 7 (0.7) 1000 1000 IE 7 (0.7) 990 (99.3) 997 997 IT 1032 (100.0) 1032 1032 LU 302 (100.0) 302 302 NL 953 (98.8) 12 (1.2) 965 965 PT 998 (99.8) 2 (0.2) 1000 1000 N Sum 9266 2318 11584 N Valid Sum 9266 2318 11584 printed 27.02.2012 page 105 Eurobarometer 28 - October-November 1987,isocntry BE 1002 (99.7) 3 (0.3) 1005 1005 DE 953 (99.6) 4 (0.4) 957 957 DK 984 (98.2) 18 (1.8) 1002 1002 ES 1013 (99.7) 3 (0.3) 1016 1016 FR 991 (99.2) 8 (0.8) 999 999 GB-GBN 31 (3.1) 962 (96.9) 993 993 GB-NIR 7 (2.2) 309 (97.8) 316 316 GR 993 (99.3) 7 (0.7) 1000 1000 IE 7 (0.7) 990 (99.3) 997 997 IT 1032 (100.0) 1032 1032 LU 302 (100.0) 302 302 NL 953 (98.8) 12 (1.2) 965 965 PT 998 (99.8) 2 (0.2) 1000 1000 N Sum 9266 2318 11584 N Valid Sum 9266 2318 11584 printed 27.02.2012 page 105 Eurobarometer 28 - October-November 1987,GESIS Variable Report,131,ZA1713
v103,v103 0 1 N Sum N Valid Sum,LANGUAGE AT HOME SPANISH,isocntry BE 1004 (99.9) 1 (0.1) 1005 1005 DE 957 (100.0) 957 957 DK 1002 (100.0) 1002 1002 ES 35 (3.4) 981 (96.6) 1016 1016 FR 991 (99.2) 8 (0.8) 999 999 GB-GBN 991 (99.8) 2 (0.2) 993 993 GB-NIR 316 (100.0) 316 316 GR 1000 (100.0) 1000 1000 IE 996 (99.9) 1 (0.1) 997 997 IT 1032 (100.0) 1032 1032 LU 301 (99.7) 1 (0.3) 302 302 NL 965 (100.0) 965 965 PT 997 (99.7) 3 (0.3) 1000 1000 N Sum 10587 997 11584 N Valid Sum 10587 997 11584 printed 27.02.2012 page 106 Eurobarometer 28 - October-November 1987,isocntry BE 1004 (99.9) 1 (0.1) 1005 1005 DE 957 (100.0) 957 957 DK 1002 (100.0) 1002 1002 ES 35 (3.4) 981 (96.6) 1016 1016 FR 991 (99.2) 8 (0.8) 999 999 GB-GBN 991 (99.8) 2 (0.2) 993 993 GB-NIR 316 (100.0) 316 316 GR 1000 (100.0) 1000 1000 IE 996 (99.9) 1 (0.1) 997 997 IT 1032 (100.0) 1032 1032 LU 301 (99.7) 1 (0.3) 302 302 NL 965 (100.0) 965 965 PT 997 (99.7) 3 (0.3) 1000 1000 N Sum 10587 997 11584 N Valid Sum 10587 997 11584 printed 27.02.2012 page 106 Eurobarometer 28 - October-November 1987,GESIS Variable Report,132,ZA1713
v104,v104 0 1 N Sum N Valid Sum,LANGUAGE AT HOME PORTUGUESE,isocntry BE 1005 (100.0) 1005 1005 DE 957 (100.0) 0 (0.0) 957 957 DK 1002 (100.0) 1002 1002 ES 1016 (99.9) 1 (0.1) 1017 1017 FR 997 (99.8) 2 (0.2) 999 999 GB-GBN 992 (99.9) 1 (0.1) 993 993 GB-NIR 316 (100.0) 316 316 GR 999 (99.9) 1 (0.1) 1000 1000 IE 997 (100.0) 997 997 IT 1032 (100.0) 1032 1032 LU 302 (100.0) 302 302 NL 963 (99.9) 1 (0.1) 964 964 PT 1000 (100.0) 1000 1000 N Sum 10578 1006 11584 N Valid Sum 10578 1006 11584 printed 27.02.2012 page 107 Eurobarometer 28 - October-November 1987,isocntry BE 1005 (100.0) 1005 1005 DE 957 (100.0) 0 (0.0) 957 957 DK 1002 (100.0) 1002 1002 ES 1016 (99.9) 1 (0.1) 1017 1017 FR 997 (99.8) 2 (0.2) 999 999 GB-GBN 992 (99.9) 1 (0.1) 993 993 GB-NIR 316 (100.0) 316 316 GR 999 (99.9) 1 (0.1) 1000 1000 IE 997 (100.0) 997 997 IT 1032 (100.0) 1032 1032 LU 302 (100.0) 302 302 NL 963 (99.9) 1 (0.1) 964 964 PT 1000 (100.0) 1000 1000 N Sum 10578 1006 11584 N Valid Sum 10578 1006 11584 printed 27.02.2012 page 107 Eurobarometer 28 - October-November 1987,GESIS Variable Report,133,ZA1713
v105,v105 0 1 N Sum N Valid Sum,LANGUAGE AT HOME GREEK,isocntry BE 1005 (100.0) 1005 1005 DE 954 (99.7) 3 (0.3) 957 957 DK 1002 (100.0) 1002 1002 ES 1016 (100.0) 1016 1016 FR 999 (100.0) 999 999 GB-GBN 992 (99.9) 1 (0.1) 993 993 GB-NIR 316 (100.0) 316 316 GR 1000 (100.0) 1000 1000 IE 997 (100.0) 997 997 IT 1032 (100.0) 1032 1032 LU 302 (100.0) 302 302 NL 965 (100.0) 965 965 PT 1000 (100.0) 1000 1000 N Sum 10580 1004 11584 N Valid Sum 10580 1004 11584 printed 27.02.2012 page 108 Eurobarometer 28 - October-November 1987,isocntry BE 1005 (100.0) 1005 1005 DE 954 (99.7) 3 (0.3) 957 957 DK 1002 (100.0) 1002 1002 ES 1016 (100.0) 1016 1016 FR 999 (100.0) 999 999 GB-GBN 992 (99.9) 1 (0.1) 993 993 GB-NIR 316 (100.0) 316 316 GR 1000 (100.0) 1000 1000 IE 997 (100.0) 997 997 IT 1032 (100.0) 1032 1032 LU 302 (100.0) 302 302 NL 965 (100.0) 965 965 PT 1000 (100.0) 1000 1000 N Sum 10580 1004 11584 N Valid Sum 10580 1004 11584 printed 27.02.2012 page 108 Eurobarometer 28 - October-November 1987,GESIS Variable Report,134,ZA1713
v106,v106 0 1 N Sum N Valid Sum,LANGUAGE AT HOME OTHER,isocntry BE 1003 (99.8) 2 (0.2) 1005 1005 DE 952 (99.5) 5 (0.5) 957 957 DK 1000 (99.8) 2 (0.2) 1002 1002 ES 982 (96.7) 34 (3.3) 1016 1016 FR 985 (98.6) 14 (1.4) 999 999 GB-GBN 981 (98.8) 12 (1.2) 993 993 GB-NIR 316 (100.0) 316 316 GR 997 (99.7) 3 (0.3) 1000 1000 IE 961 (96.4) 36 (3.6) 997 997 IT 1025 (99.3) 7 (0.7) 1032 1032 LU 13 (4.3) 289 (95.7) 302 302 NL 926 (96.1) 38 (3.9) 964 964 PT 1000 (100.0) 1000 1000 N Sum 11141 442 11583 N Valid Sum 11141 442 11583 printed 27.02.2012 page 109 Eurobarometer 28 - October-November 1987,isocntry BE 1003 (99.8) 2 (0.2) 1005 1005 DE 952 (99.5) 5 (0.5) 957 957 DK 1000 (99.8) 2 (0.2) 1002 1002 ES 982 (96.7) 34 (3.3) 1016 1016 FR 985 (98.6) 14 (1.4) 999 999 GB-GBN 981 (98.8) 12 (1.2) 993 993 GB-NIR 316 (100.0) 316 316 GR 997 (99.7) 3 (0.3) 1000 1000 IE 961 (96.4) 36 (3.6) 997 997 IT 1025 (99.3) 7 (0.7) 1032 1032 LU 13 (4.3) 289 (95.7) 302 302 NL 926 (96.1) 38 (3.9) 964 964 PT 1000 (100.0) 1000 1000 N Sum 11141 442 11583 N Valid Sum 11141 442 11583 printed 27.02.2012 page 109 Eurobarometer 28 - October-November 1987,GESIS Variable Report,135,ZA1713
v107,v107 0 1 N Sum N Valid Sum,FOREIGN LANGUAGE LEARNED NONE,isocntry BE 678 (67.5) 327 (32.5) 1005 1005 DE 634 (66.2) 323 (33.8) 957 957 DK 920 (91.8) 82 (8.2) 1002 1002 ES 479 (47.1) 537 (52.9) 1016 1016 FR 711 (71.2) 288 (28.8) 999 999 GB-GBN 801 (80.7) 192 (19.3) 993 993 GB-NIR 190 (60.1) 126 (39.9) 316 316 GR 406 (40.6) 594 (59.4) 1000 1000 IE 651 (65.3) 346 (34.7) 997 997 IT 585 (56.7) 447 (43.3) 1032 1032 LU 302 (100.0) 302 302 NL 865 (89.7) 99 (10.3) 964 964 PT 430 (43.0) 570 (57.0) 1000 1000 N Sum 7652 3931 11583 N Valid Sum 7652 3931 11583 printed 27.02.2012 page 110 Eurobarometer 28 - October-November 1987,isocntry BE 678 (67.5) 327 (32.5) 1005 1005 DE 634 (66.2) 323 (33.8) 957 957 DK 920 (91.8) 82 (8.2) 1002 1002 ES 479 (47.1) 537 (52.9) 1016 1016 FR 711 (71.2) 288 (28.8) 999 999 GB-GBN 801 (80.7) 192 (19.3) 993 993 GB-NIR 190 (60.1) 126 (39.9) 316 316 GR 406 (40.6) 594 (59.4) 1000 1000 IE 651 (65.3) 346 (34.7) 997 997 IT 585 (56.7) 447 (43.3) 1032 1032 LU 302 (100.0) 302 302 NL 865 (89.7) 99 (10.3) 964 964 PT 430 (43.0) 570 (57.0) 1000 1000 N Sum 7652 3931 11583 N Valid Sum 7652 3931 11583 printed 27.02.2012 page 110 Eurobarometer 28 - October-November 1987,GESIS Variable Report,136,ZA1713
v108,v108 0 1 N Sum N Valid Sum,FOREIGN LANGUAGE LEARNED FROM FAMILY,isocntry BE 890 (88.6) 115 (11.4) 1005 1005 DE 916 (95.7) 41 (4.3) 957 957 DK 967 (96.5) 35 (3.5) 1002 1002 ES 930 (91.5) 86 (8.5) 1016 1016 FR 881 (88.2) 118 (11.8) 999 999 GB-GBN 964 (97.1) 29 (2.9) 993 993 GB-NIR 315 (99.7) 1 (0.3) 316 316 GR 956 (95.6) 44 (4.4) 1000 1000 IE 983 (98.6) 14 (1.4) 997 997 IT 1019 (98.7) 13 (1.3) 1032 1032 LU 278 (92.1) 24 (7.9) 302 302 NL 900 (93.4) 64 (6.6) 964 964 PT 988 (98.8) 12 (1.2) 1000 1000 N Sum 10987 596 11583 N Valid Sum 10987 596 11583 printed 27.02.2012 page 111 Eurobarometer 28 - October-November 1987,isocntry BE 890 (88.6) 115 (11.4) 1005 1005 DE 916 (95.7) 41 (4.3) 957 957 DK 967 (96.5) 35 (3.5) 1002 1002 ES 930 (91.5) 86 (8.5) 1016 1016 FR 881 (88.2) 118 (11.8) 999 999 GB-GBN 964 (97.1) 29 (2.9) 993 993 GB-NIR 315 (99.7) 1 (0.3) 316 316 GR 956 (95.6) 44 (4.4) 1000 1000 IE 983 (98.6) 14 (1.4) 997 997 IT 1019 (98.7) 13 (1.3) 1032 1032 LU 278 (92.1) 24 (7.9) 302 302 NL 900 (93.4) 64 (6.6) 964 964 PT 988 (98.8) 12 (1.2) 1000 1000 N Sum 10987 596 11583 N Valid Sum 10987 596 11583 printed 27.02.2012 page 111 Eurobarometer 28 - October-November 1987,GESIS Variable Report,137,ZA1713
v109,v109 0 1 N Sum N Valid Sum,FOREIGN LANGUAGE LEARNED STAYING ABROAD,isocntry BE 865 (86.1) 140 (13.9) 1005 1005 DE 890 (93.0) 67 (7.0) 957 957 DK 819 (81.7) 183 (18.3) 1002 1002 ES 968 (95.2) 49 (4.8) 1017 1017 FR 891 (89.2) 108 (10.8) 999 999 GB-GBN 875 (88.1) 118 (11.9) 993 993 GB-NIR 299 (94.6) 17 (5.4) 316 316 GR 912 (91.2) 88 (8.8) 1000 1000 IE 971 (97.4) 26 (2.6) 997 997 IT 925 (89.6) 107 (10.4) 1032 1032 LU 275 (91.1) 27 (8.9) 302 302 NL 819 (84.9) 146 (15.1) 965 965 PT 895 (89.5) 105 (10.5) 1000 1000 N Sum 10404 1181 11585 N Valid Sum 10404 1181 11585 printed 27.02.2012 page 112 Eurobarometer 28 - October-November 1987,isocntry BE 865 (86.1) 140 (13.9) 1005 1005 DE 890 (93.0) 67 (7.0) 957 957 DK 819 (81.7) 183 (18.3) 1002 1002 ES 968 (95.2) 49 (4.8) 1017 1017 FR 891 (89.2) 108 (10.8) 999 999 GB-GBN 875 (88.1) 118 (11.9) 993 993 GB-NIR 299 (94.6) 17 (5.4) 316 316 GR 912 (91.2) 88 (8.8) 1000 1000 IE 971 (97.4) 26 (2.6) 997 997 IT 925 (89.6) 107 (10.4) 1032 1032 LU 275 (91.1) 27 (8.9) 302 302 NL 819 (84.9) 146 (15.1) 965 965 PT 895 (89.5) 105 (10.5) 1000 1000 N Sum 10404 1181 11585 N Valid Sum 10404 1181 11585 printed 27.02.2012 page 112 Eurobarometer 28 - October-November 1987,GESIS Variable Report,138,ZA1713
v110,v110 0 1 N Sum N Valid Sum,FOREIGN LANGUAGE LEARNED AT SCHOOL/UNIV,isocntry BE 488 (48.6) 517 (51.4) 1005 1005 DE 500 (52.2) 457 (47.8) 957 957 DK 378 (37.7) 624 (62.3) 1002 1002 ES 739 (72.7) 277 (27.3) 1016 1016 FR 493 (49.3) 506 (50.7) 999 999 GB-GBN 521 (52.5) 472 (47.5) 993 993 GB-NIR 181 (57.3) 135 (42.7) 316 316 GR 798 (79.8) 202 (20.2) 1000 1000 IE 418 (41.9) 579 (58.1) 997 997 IT 533 (51.6) 499 (48.4) 1032 1032 LU 20 (6.6) 282 (93.4) 302 302 NL 306 (31.7) 658 (68.3) 964 964 PT 700 (70.0) 300 (30.0) 1000 1000 N Sum 6075 5508 11583 N Valid Sum 6075 5508 11583 printed 27.02.2012 page 113 Eurobarometer 28 - October-November 1987,isocntry BE 488 (48.6) 517 (51.4) 1005 1005 DE 500 (52.2) 457 (47.8) 957 957 DK 378 (37.7) 624 (62.3) 1002 1002 ES 739 (72.7) 277 (27.3) 1016 1016 FR 493 (49.3) 506 (50.7) 999 999 GB-GBN 521 (52.5) 472 (47.5) 993 993 GB-NIR 181 (57.3) 135 (42.7) 316 316 GR 798 (79.8) 202 (20.2) 1000 1000 IE 418 (41.9) 579 (58.1) 997 997 IT 533 (51.6) 499 (48.4) 1032 1032 LU 20 (6.6) 282 (93.4) 302 302 NL 306 (31.7) 658 (68.3) 964 964 PT 700 (70.0) 300 (30.0) 1000 1000 N Sum 6075 5508 11583 N Valid Sum 6075 5508 11583 printed 27.02.2012 page 113 Eurobarometer 28 - October-November 1987,GESIS Variable Report,139,ZA1713
v111,v111 0 1 N Sum N Valid Sum,FOREIGN LANGUAGE LEARNED BY COURSES,isocntry BE 893 (88.9) 112 (11.1) 1005 1005 DE 888 (92.8) 69 (7.2) 957 957 DK 814 (81.2) 188 (18.8) 1002 1002 ES 957 (94.2) 59 (5.8) 1016 1016 FR 964 (96.5) 35 (3.5) 999 999 GB-GBN 941 (94.8) 52 (5.2) 993 993 GB-NIR 310 (98.1) 6 (1.9) 316 316 GR 818 (81.8) 182 (18.2) 1000 1000 IE 972 (97.5) 25 (2.5) 997 997 IT 997 (96.6) 35 (3.4) 1032 1032 LU 268 (88.7) 34 (11.3) 302 302 NL 869 (90.1) 95 (9.9) 964 964 PT 973 (97.3) 27 (2.7) 1000 1000 N Sum 10664 919 11583 N Valid Sum 10664 919 11583 printed 27.02.2012 page 114 Eurobarometer 28 - October-November 1987,isocntry BE 893 (88.9) 112 (11.1) 1005 1005 DE 888 (92.8) 69 (7.2) 957 957 DK 814 (81.2) 188 (18.8) 1002 1002 ES 957 (94.2) 59 (5.8) 1016 1016 FR 964 (96.5) 35 (3.5) 999 999 GB-GBN 941 (94.8) 52 (5.2) 993 993 GB-NIR 310 (98.1) 6 (1.9) 316 316 GR 818 (81.8) 182 (18.2) 1000 1000 IE 972 (97.5) 25 (2.5) 997 997 IT 997 (96.6) 35 (3.4) 1032 1032 LU 268 (88.7) 34 (11.3) 302 302 NL 869 (90.1) 95 (9.9) 964 964 PT 973 (97.3) 27 (2.7) 1000 1000 N Sum 10664 919 11583 N Valid Sum 10664 919 11583 printed 27.02.2012 page 114 Eurobarometer 28 - October-November 1987,GESIS Variable Report,140,ZA1713
v112,v112 0 1 N Sum N Valid Sum,FOREIGN LANGUAGE LEARNED BY OTHER WAY,isocntry BE 957 (95.2) 48 (4.8) 1005 1005 DE 932 (97.4) 25 (2.6) 957 957 DK 964 (96.2) 38 (3.8) 1002 1002 ES 991 (97.5) 25 (2.5) 1016 1016 FR 972 (97.3) 27 (2.7) 999 999 GB-GBN 958 (96.5) 35 (3.5) 993 993 GB-NIR 315 (99.7) 1 (0.3) 316 316 GR 987 (98.7) 13 (1.3) 1000 1000 IE 988 (99.1) 9 (0.9) 997 997 IT 1025 (99.3) 7 (0.7) 1032 1032 LU 298 (98.7) 4 (1.3) 302 302 NL 964 (99.9) 1 (0.1) 965 965 PT 990 (99.0) 10 (1.0) 1000 1000 N Sum 11341 243 11584 N Valid Sum 11341 243 11584 printed 27.02.2012 page 115 Eurobarometer 28 - October-November 1987,isocntry BE 957 (95.2) 48 (4.8) 1005 1005 DE 932 (97.4) 25 (2.6) 957 957 DK 964 (96.2) 38 (3.8) 1002 1002 ES 991 (97.5) 25 (2.5) 1016 1016 FR 972 (97.3) 27 (2.7) 999 999 GB-GBN 958 (96.5) 35 (3.5) 993 993 GB-NIR 315 (99.7) 1 (0.3) 316 316 GR 987 (98.7) 13 (1.3) 1000 1000 IE 988 (99.1) 9 (0.9) 997 997 IT 1025 (99.3) 7 (0.7) 1032 1032 LU 298 (98.7) 4 (1.3) 302 302 NL 964 (99.9) 1 (0.1) 965 965 PT 990 (99.0) 10 (1.0) 1000 1000 N Sum 11341 243 11584 N Valid Sum 11341 243 11584 printed 27.02.2012 page 115 Eurobarometer 28 - October-November 1987,GESIS Variable Report,141,ZA1713
v113,v113 0 1 2 3 N Sum N Valid Sum,FOREIGN LANGUAGES - IMPORTANCE,isocntry M BE 11 658 (66.2) 314 (31.6) 22 (2.2) 1005 994 DE 31 362 (39.1) 511 (55.2) 53 (5.7) 957 926 DK 6 628 (63.1) 356 (35.7) 12 (1.2) 1002 996 ES 31 724 (73.4) 254 (25.8) 8 (0.8) 1017 986 FR 11 503 (51.0) 454 (46.0) 30 (3.0) 998 987 GB-GBN 7 361 (36.6) 544 (55.2) 81 (8.2) 993 986 GB-NIR 1 91 (28.9) 175 (55.6) 49 (15.6) 316 315 GR 18 697 (71.0) 274 (27.9) 11 (1.1) 1000 982 IE 32 498 (51.6) 382 (39.6) 85 (8.8) 997 965 IT 5 679 (66.1) 332 (32.3) 16 (1.6) 1032 1027 LU 2 263 (87.7) 35 (11.7) 2 (0.7) 302 300 NL 12 571 (60.0) 349 (36.7) 32 (3.4) 964 952 PT 18 661 (67.3) 302 (30.8) 19 (1.9) 1000 982 N Sum 185 6696 4282 420 11583 N Valid Sum 6696 4282 420 11398 printed 27.02.2012 page 116 Eurobarometer 28 - October-November 1987,isocntry M BE 11 658 (66.2) 314 (31.6) 22 (2.2) 1005 994 DE 31 362 (39.1) 511 (55.2) 53 (5.7) 957 926 DK 6 628 (63.1) 356 (35.7) 12 (1.2) 1002 996 ES 31 724 (73.4) 254 (25.8) 8 (0.8) 1017 986 FR 11 503 (51.0) 454 (46.0) 30 (3.0) 998 987 GB-GBN 7 361 (36.6) 544 (55.2) 81 (8.2) 993 986 GB-NIR 1 91 (28.9) 175 (55.6) 49 (15.6) 316 315 GR 18 697 (71.0) 274 (27.9) 11 (1.1) 1000 982 IE 32 498 (51.6) 382 (39.6) 85 (8.8) 997 965 IT 5 679 (66.1) 332 (32.3) 16 (1.6) 1032 1027 LU 2 263 (87.7) 35 (11.7) 2 (0.7) 302 300 NL 12 571 (60.0) 349 (36.7) 32 (3.4) 964 952 PT 18 661 (67.3) 302 (30.8) 19 (1.9) 1000 982 N Sum 185 6696 4282 420 11583 N Valid Sum 6696 4282 420 11398 printed 27.02.2012 page 116 Eurobarometer 28 - October-November 1987,GESIS Variable Report,142,ZA1713
v114,v114 0 1 2 N Sum N Valid Sum,FOREIGN LANGUAGE EDUCATION - EVALUATION,isocntry M BE 106 298 (33.1) 601 (66.9) 1005 899 DE 112 568 (67.1) 278 (32.9) 958 846 DK 228 517 (66.8) 257 (33.2) 1002 774 ES 236 342 (43.8) 438 (56.2) 1016 780 FR 135 375 (43.4) 489 (56.6) 999 864 GB-GBN 159 379 (45.4) 455 (54.6) 993 834 GB-NIR 50 153 (57.5) 113 (42.5) 316 266 GR 176 137 (16.6) 687 (83.4) 1000 824 IE 149 384 (45.3) 464 (54.7) 997 848 IT 132 309 (34.3) 591 (65.7) 1032 900 LU 31 198 (73.1) 73 (26.9) 302 271 NL 153 579 (71.4) 232 (28.6) 964 811 PT 253 394 (52.7) 353 (47.3) 1000 747 N Sum 1920 4633 5031 11584 N Valid Sum 4633 5031 9664 printed 27.02.2012 page 117 Eurobarometer 28 - October-November 1987,isocntry M BE 106 298 (33.1) 601 (66.9) 1005 899 DE 112 568 (67.1) 278 (32.9) 958 846 DK 228 517 (66.8) 257 (33.2) 1002 774 ES 236 342 (43.8) 438 (56.2) 1016 780 FR 135 375 (43.4) 489 (56.6) 999 864 GB-GBN 159 379 (45.4) 455 (54.6) 993 834 GB-NIR 50 153 (57.5) 113 (42.5) 316 266 GR 176 137 (16.6) 687 (83.4) 1000 824 IE 149 384 (45.3) 464 (54.7) 997 848 IT 132 309 (34.3) 591 (65.7) 1032 900 LU 31 198 (73.1) 73 (26.9) 302 271 NL 153 579 (71.4) 232 (28.6) 964 811 PT 253 394 (52.7) 353 (47.3) 1000 747 N Sum 1920 4633 5031 11584 N Valid Sum 4633 5031 9664 printed 27.02.2012 page 117 Eurobarometer 28 - October-November 1987,GESIS Variable Report,143,ZA1713
v115,v115 0 1 2 3 8 9 N Sum N Valid Sum,WORK OR STUDY ABROAD - WITHIN EUROPE,isocntry M M M BE 17 69 (15.8) 126 (28.8) 242 (55.4) 551 1005 437 DE 13 46 (14.0) 141 (43.0) 141 (43.0) 616 957 328 DK 1002 1002 ES 7 44 (11.0) 132 (33.0) 224 (56.0) 610 1017 400 FR 8 58 (15.2) 132 (34.6) 192 (50.3) 609 999 382 GB-GBN 5 70 (19.2) 127 (34.9) 167 (45.9) 624 993 364 GB-NIR 316 316 GR 1000 1000 IE 997 997 IT 2 66 (17.0) 125 (32.1) 198 (50.9) 641 1032 389 LU 302 302 NL 11 65 (16.9) 132 (34.4) 187 (48.7) 569 964 384 PT 1000 1000 N Sum 63 418 915 1351 4220 4617 11584 N Valid Sum 418 915 1351 2684 printed 27.02.2012 page 118 Eurobarometer 28 - October-November 1987,isocntry M M M BE 17 69 (15.8) 126 (28.8) 242 (55.4) 551 1005 437 DE 13 46 (14.0) 141 (43.0) 141 (43.0) 616 957 328 DK 1002 1002 ES 7 44 (11.0) 132 (33.0) 224 (56.0) 610 1017 400 FR 8 58 (15.2) 132 (34.6) 192 (50.3) 609 999 382 GB-GBN 5 70 (19.2) 127 (34.9) 167 (45.9) 624 993 364 GB-NIR 316 316 GR 1000 1000 IE 997 997 IT 2 66 (17.0) 125 (32.1) 198 (50.9) 641 1032 389 LU 302 302 NL 11 65 (16.9) 132 (34.4) 187 (48.7) 569 964 384 PT 1000 1000 N Sum 63 418 915 1351 4220 4617 11584 N Valid Sum 418 915 1351 2684 printed 27.02.2012 page 118 Eurobarometer 28 - October-November 1987,GESIS Variable Report,144,ZA1713
v116,v116 0 1 2 3 8 9 N Sum N Valid Sum,WORK OR STUDY ABROAD - OUTSIDE EUROPE,isocntry M M M BE 16 48 (11.0) 133 (30.4) 257 (58.7) 551 1005 438 DE 18 30 (9.3) 130 (40.2) 163 (50.5) 616 957 323 DK 1002 1002 ES 9 28 (7.0) 89 (22.4) 281 (70.6) 610 1017 398 FR 14 46 (12.3) 105 (28.0) 224 (59.7) 609 998 375 GB-GBN 5 62 (17.0) 115 (31.6) 187 (51.4) 624 993 364 GB-NIR 316 316 GR 1000 1000 IE 997 997 IT 5 43 (11.1) 84 (21.8) 259 (67.1) 641 1032 386 LU 302 302 NL 9 47 (12.2) 118 (30.6) 221 (57.3) 569 964 386 PT 1000 1000 N Sum 76 304 774 1592 4220 4617 11583 N Valid Sum 304 774 1592 2670 printed 27.02.2012 page 119 Eurobarometer 28 - October-November 1987,isocntry M M M BE 16 48 (11.0) 133 (30.4) 257 (58.7) 551 1005 438 DE 18 30 (9.3) 130 (40.2) 163 (50.5) 616 957 323 DK 1002 1002 ES 9 28 (7.0) 89 (22.4) 281 (70.6) 610 1017 398 FR 14 46 (12.3) 105 (28.0) 224 (59.7) 609 998 375 GB-GBN 5 62 (17.0) 115 (31.6) 187 (51.4) 624 993 364 GB-NIR 316 316 GR 1000 1000 IE 997 997 IT 5 43 (11.1) 84 (21.8) 259 (67.1) 641 1032 386 LU 302 302 NL 9 47 (12.2) 118 (30.6) 221 (57.3) 569 964 386 PT 1000 1000 N Sum 76 304 774 1592 4220 4617 11583 N Valid Sum 304 774 1592 2670 printed 27.02.2012 page 119 Eurobarometer 28 - October-November 1987,GESIS Variable Report,145,ZA1713
v117,v117 0 1 8 9 N Sum N Valid Sum,WORK STUDY ABROAD REASON EXPERIENCE,isocntry M M BE 300 (66.1) 154 (33.9) 551 1005 454 DE 193 (56.6) 148 (43.4) 616 957 341 DK 1002 1002 ES 280 (69.0) 126 (31.0) 610 1016 406 FR 249 (64.0) 140 (36.0) 609 998 389 GB-GBN 200 (54.2) 169 (45.8) 624 993 369 GB-NIR 316 316 GR 1000 1000 IE 997 997 IT 222 (56.8) 169 (43.2) 641 1032 391 LU 302 302 NL 191 (48.4) 204 (51.6) 569 964 395 PT 1000 1000 N Sum 1635 1110 4220 4617 11582 N Valid Sum 1635 1110 2745 printed 27.02.2012 page 120 Eurobarometer 28 - October-November 1987,isocntry M M BE 300 (66.1) 154 (33.9) 551 1005 454 DE 193 (56.6) 148 (43.4) 616 957 341 DK 1002 1002 ES 280 (69.0) 126 (31.0) 610 1016 406 FR 249 (64.0) 140 (36.0) 609 998 389 GB-GBN 200 (54.2) 169 (45.8) 624 993 369 GB-NIR 316 316 GR 1000 1000 IE 997 997 IT 222 (56.8) 169 (43.2) 641 1032 391 LU 302 302 NL 191 (48.4) 204 (51.6) 569 964 395 PT 1000 1000 N Sum 1635 1110 4220 4617 11582 N Valid Sum 1635 1110 2745 printed 27.02.2012 page 120 Eurobarometer 28 - October-November 1987,GESIS Variable Report,146,ZA1713
v118,v118 0 1 8 9 N Sum N Valid Sum,WORK STUDY ABROAD REASON NEW KNOWLEDGE,isocntry M M BE 373 (82.2) 81 (17.8) 551 1005 454 DE 236 (69.2) 105 (30.8) 616 957 341 DK 1002 1002 ES 269 (66.3) 137 (33.7) 610 1016 406 FR 290 (74.6) 99 (25.4) 609 998 389 GB-GBN 296 (80.2) 73 (19.8) 624 993 369 GB-NIR 316 316 GR 1000 1000 IE 997 997 IT 277 (70.8) 114 (29.2) 641 1032 391 LU 302 302 NL 339 (85.8) 56 (14.2) 569 964 395 PT 1000 1000 N Sum 2080 665 4220 4617 11582 N Valid Sum 2080 665 2745 printed 27.02.2012 page 121 Eurobarometer 28 - October-November 1987,isocntry M M BE 373 (82.2) 81 (17.8) 551 1005 454 DE 236 (69.2) 105 (30.8) 616 957 341 DK 1002 1002 ES 269 (66.3) 137 (33.7) 610 1016 406 FR 290 (74.6) 99 (25.4) 609 998 389 GB-GBN 296 (80.2) 73 (19.8) 624 993 369 GB-NIR 316 316 GR 1000 1000 IE 997 997 IT 277 (70.8) 114 (29.2) 641 1032 391 LU 302 302 NL 339 (85.8) 56 (14.2) 569 964 395 PT 1000 1000 N Sum 2080 665 4220 4617 11582 N Valid Sum 2080 665 2745 printed 27.02.2012 page 121 Eurobarometer 28 - October-November 1987,GESIS Variable Report,147,ZA1713
v119,v119 0 1 8 9 N Sum N Valid Sum,WORK STUDY ABROAD REASON FAMILY,isocntry M M BE 425 (93.6) 29 (6.4) 551 1005 454 DE 302 (88.6) 39 (11.4) 616 957 341 DK 1002 1002 ES 377 (92.6) 30 (7.4) 610 1017 407 FR 315 (80.8) 75 (19.2) 609 999 390 GB-GBN 307 (83.4) 61 (16.6) 624 992 368 GB-NIR 316 316 GR 1000 1000 IE 997 997 IT 360 (92.1) 31 (7.9) 641 1032 391 LU 302 302 NL 382 (96.5) 14 (3.5) 569 965 396 PT 1000 1000 N Sum 2468 279 4220 4617 11584 N Valid Sum 2468 279 2747 printed 27.02.2012 page 122 Eurobarometer 28 - October-November 1987,isocntry M M BE 425 (93.6) 29 (6.4) 551 1005 454 DE 302 (88.6) 39 (11.4) 616 957 341 DK 1002 1002 ES 377 (92.6) 30 (7.4) 610 1017 407 FR 315 (80.8) 75 (19.2) 609 999 390 GB-GBN 307 (83.4) 61 (16.6) 624 992 368 GB-NIR 316 316 GR 1000 1000 IE 997 997 IT 360 (92.1) 31 (7.9) 641 1032 391 LU 302 302 NL 382 (96.5) 14 (3.5) 569 965 396 PT 1000 1000 N Sum 2468 279 4220 4617 11584 N Valid Sum 2468 279 2747 printed 27.02.2012 page 122 Eurobarometer 28 - October-November 1987,GESIS Variable Report,148,ZA1713
v120,v120 0 1 8 9 N Sum N Valid Sum,WORK STUDY ABROAD REASON QUALIFICATION,isocntry M M BE 302 (66.5) 152 (33.5) 551 1005 454 DE 243 (71.3) 98 (28.7) 616 957 341 DK 1002 1002 ES 250 (61.6) 156 (38.4) 610 1016 406 FR 249 (63.8) 141 (36.2) 609 999 390 GB-GBN 244 (66.1) 125 (33.9) 624 993 369 GB-NIR 316 316 GR 1000 1000 IE 997 997 IT 270 (69.1) 121 (30.9) 641 1032 391 LU 302 302 NL 257 (65.1) 138 (34.9) 569 964 395 PT 1000 1000 N Sum 1815 931 4220 4617 11583 N Valid Sum 1815 931 2746 printed 27.02.2012 page 123 Eurobarometer 28 - October-November 1987,isocntry M M BE 302 (66.5) 152 (33.5) 551 1005 454 DE 243 (71.3) 98 (28.7) 616 957 341 DK 1002 1002 ES 250 (61.6) 156 (38.4) 610 1016 406 FR 249 (63.8) 141 (36.2) 609 999 390 GB-GBN 244 (66.1) 125 (33.9) 624 993 369 GB-NIR 316 316 GR 1000 1000 IE 997 997 IT 270 (69.1) 121 (30.9) 641 1032 391 LU 302 302 NL 257 (65.1) 138 (34.9) 569 964 395 PT 1000 1000 N Sum 1815 931 4220 4617 11583 N Valid Sum 1815 931 2746 printed 27.02.2012 page 123 Eurobarometer 28 - October-November 1987,GESIS Variable Report,149,ZA1713
v121,v121 0 1 8 9 N Sum N Valid Sum,WORK STUDY ABROAD REASON NONE OF THESE,isocntry M M BE 328 (72.2) 126 (27.8) 551 1005 454 DE 272 (80.0) 68 (20.0) 616 956 340 DK 1002 1002 ES 340 (83.7) 66 (16.3) 610 1016 406 FR 335 (86.1) 54 (13.9) 609 998 389 GB-GBN 305 (82.7) 64 (17.3) 624 993 369 GB-NIR 316 316 GR 1000 1000 IE 997 997 IT 352 (90.0) 39 (10.0) 641 1032 391 LU 302 302 NL 321 (81.3) 74 (18.7) 569 964 395 PT 1000 1000 N Sum 2253 491 4220 4617 11581 N Valid Sum 2253 491 2744 printed 27.02.2012 page 124 Eurobarometer 28 - October-November 1987,isocntry M M BE 328 (72.2) 126 (27.8) 551 1005 454 DE 272 (80.0) 68 (20.0) 616 956 340 DK 1002 1002 ES 340 (83.7) 66 (16.3) 610 1016 406 FR 335 (86.1) 54 (13.9) 609 998 389 GB-GBN 305 (82.7) 64 (17.3) 624 993 369 GB-NIR 316 316 GR 1000 1000 IE 997 997 IT 352 (90.0) 39 (10.0) 641 1032 391 LU 302 302 NL 321 (81.3) 74 (18.7) 569 964 395 PT 1000 1000 N Sum 2253 491 4220 4617 11581 N Valid Sum 2253 491 2744 printed 27.02.2012 page 124 Eurobarometer 28 - October-November 1987,GESIS Variable Report,150,ZA1713
v122,,WORK STUDY ABROAD IMPORTNCE CULTURE,,WORK STUDY ABROAD IMPORTNCE CULTURE,GESIS Variable Report,151,ZA1713
v123,,WORK STUDY ABROAD IMPORTNCE WAY OF LIFE,,WORK STUDY ABROAD IMPORTNCE WAY OF LIFE,GESIS Variable Report,152,ZA1713
v124,,WORK STUDY ABROAD IMPORTNCE CLIMATE...,,WORK STUDY ABROAD IMPORTNCE CLIMATE...,GESIS Variable Report,153,ZA1713
v125,,WORK STUDY ABROAD IMPORTNCE LIVING STAND,,WORK STUDY ABROAD IMPORTNCE LIVING STAND,GESIS Variable Report,154,ZA1713
v126,,WORK STUDY ABROAD IMPORTNCE RECREATION,,WORK STUDY ABROAD IMPORTNCE RECREATION,GESIS Variable Report,155,ZA1713
v127,,WORK STUDY ABROAD IMPORTNCE PERS CONTACT,,WORK STUDY ABROAD IMPORTNCE PERS CONTACT,GESIS Variable Report,156,ZA1713
v128,,WORK STUDY ABROAD IMPORTNCE LANGUAGE,,WORK STUDY ABROAD IMPORTNCE LANGUAGE,GESIS Variable Report,157,ZA1713
v129,,WORK STUDY ABROAD IMPORTNCE PROXIMITY,,WORK STUDY ABROAD IMPORTNCE PROXIMITY,GESIS Variable Report,158,ZA1713
v130,,WORK STUDY ABROAD IMPORTNCE ECONOMIC SIT,,WORK STUDY ABROAD IMPORTNCE ECONOMIC SIT,GESIS Variable Report,159,ZA1713
v131,,WORK STUDY ABROAD IMPORTNCE OTHER,,WORK STUDY ABROAD IMPORTNCE OTHER,GESIS Variable Report,160,ZA1713
v132,,WORK STUDY ABROAD IMPORTANCE NONE,,WORK STUDY ABROAD IMPORTANCE NONE,GESIS Variable Report,161,ZA1713
v133,,WORK STUDY ABROAD PROMOTE LANGUAGE TEACH,,WORK STUDY ABROAD PROMOTE LANGUAGE TEACH,GESIS Variable Report,162,ZA1713
v134,,WORK STUDY ABROAD PROMOTE FINANCIAL HELP,,WORK STUDY ABROAD PROMOTE FINANCIAL HELP,GESIS Variable Report,163,ZA1713
v135,,WORK STUDY ABROAD PROMOTE INFORMATION,,WORK STUDY ABROAD PROMOTE INFORMATION,GESIS Variable Report,164,ZA1713
v136,,WORK STUDY ABROAD PROMOTE EQUIV DEGREES,,WORK STUDY ABROAD PROMOTE EQUIV DEGREES,GESIS Variable Report,165,ZA1713
v137,,WORK STUDY ABROAD PROMOTE OTHER,,WORK STUDY ABROAD PROMOTE OTHER,GESIS Variable Report,166,ZA1713
v138,,WORK STUDY ABROAD PROMOTE NONE OF THESE,,WORK STUDY ABROAD PROMOTE NONE OF THESE,GESIS Variable Report,167,ZA1713
v139,,WORK OR STUDY WITHIN EUROPE - WILLING,,WORK OR STUDY WITHIN EUROPE - WILLING,GESIS Variable Report,168,ZA1713
v140,,WORK OR STUDY OUTSIDE EUROPE - WILLING,,WORK OR STUDY OUTSIDE EUROPE - WILLING,GESIS Variable Report,169,ZA1713
v141,,EC UNIFICATION EFFECT MOBILITY OF YOUTH,,EC UNIFICATION EFFECT MOBILITY OF YOUTH,GESIS Variable Report,170,ZA1713
v142,,EC UNIFICATION EFFECT JOB PROSPECTS,,EC UNIFICATION EFFECT JOB PROSPECTS,GESIS Variable Report,171,ZA1713
v143,,PERSONAL MOBILITY - NEXT TEN YEARS,,PERSONAL MOBILITY - NEXT TEN YEARS,GESIS Variable Report,172,ZA1713
v144,v144 0 1 8 9 N Sum N Valid Sum,JOB CHANGE REASON PRIVATE LIFE,isocntry M M BE 393 (86.6) 61 (13.4) 551 1005 454 DE 291 (85.6) 49 (14.4) 616 956 340 DK 1002 1002 ES 350 (86.2) 56 (13.8) 610 1016 406 FR 333 (85.4) 57 (14.6) 609 999 390 GB-GBN 318 (86.4) 50 (13.6) 624 992 368 GB-NIR 316 316 GR 1000 1000 IE 997 997 IT 363 (92.8) 28 (7.2) 641 1032 391 LU 302 302 NL 367 (92.9) 28 (7.1) 569 964 395 PT 1000 1000 N Sum 2415 329 4220 4617 11581 N Valid Sum 2415 329 2744 printed 27.02.2012 page 147 Eurobarometer 28 - October-November 1987,isocntry M M BE 393 (86.6) 61 (13.4) 551 1005 454 DE 291 (85.6) 49 (14.4) 616 956 340 DK 1002 1002 ES 350 (86.2) 56 (13.8) 610 1016 406 FR 333 (85.4) 57 (14.6) 609 999 390 GB-GBN 318 (86.4) 50 (13.6) 624 992 368 GB-NIR 316 316 GR 1000 1000 IE 997 997 IT 363 (92.8) 28 (7.2) 641 1032 391 LU 302 302 NL 367 (92.9) 28 (7.1) 569 964 395 PT 1000 1000 N Sum 2415 329 4220 4617 11581 N Valid Sum 2415 329 2744 printed 27.02.2012 page 147 Eurobarometer 28 - October-November 1987,GESIS Variable Report,173,ZA1713
v145,v145 0 1 8 9 N Sum N Valid Sum,JOB CHANGE REASON BOREDOM,isocntry M M BE 416 (91.6) 38 (8.4) 551 1005 454 DE 302 (88.6) 39 (11.4) 616 957 341 DK 1002 1002 ES 368 (90.6) 38 (9.4) 610 1016 406 FR 338 (86.7) 52 (13.3) 609 999 390 GB-GBN 325 (88.3) 43 (11.7) 624 992 368 GB-NIR 316 316 GR 1000 1000 IE 997 997 IT 376 (96.2) 15 (3.8) 641 1032 391 LU 302 302 NL 352 (89.1) 43 (10.9) 569 964 395 PT 1000 1000 N Sum 2477 268 4220 4617 11582 N Valid Sum 2477 268 2745 printed 27.02.2012 page 148 Eurobarometer 28 - October-November 1987,isocntry M M BE 416 (91.6) 38 (8.4) 551 1005 454 DE 302 (88.6) 39 (11.4) 616 957 341 DK 1002 1002 ES 368 (90.6) 38 (9.4) 610 1016 406 FR 338 (86.7) 52 (13.3) 609 999 390 GB-GBN 325 (88.3) 43 (11.7) 624 992 368 GB-NIR 316 316 GR 1000 1000 IE 997 997 IT 376 (96.2) 15 (3.8) 641 1032 391 LU 302 302 NL 352 (89.1) 43 (10.9) 569 964 395 PT 1000 1000 N Sum 2477 268 4220 4617 11582 N Valid Sum 2477 268 2745 printed 27.02.2012 page 148 Eurobarometer 28 - October-November 1987,GESIS Variable Report,174,ZA1713
v146,v146 0 1 8 9 N Sum N Valid Sum,JOB CHANGE REASON BETTER INCOME,isocntry M M BE 381 (83.9) 73 (16.1) 551 1005 454 DE 288 (84.5) 53 (15.5) 616 957 341 DK 1002 1002 ES 325 (80.0) 81 (20.0) 610 1016 406 FR 308 (79.2) 81 (20.8) 609 998 389 GB-GBN 304 (82.6) 64 (17.4) 624 992 368 GB-NIR 316 316 GR 1000 1000 IE 997 997 IT 329 (84.1) 62 (15.9) 641 1032 391 LU 302 302 NL 317 (80.3) 78 (19.7) 569 964 395 PT 1000 1000 N Sum 2252 492 4220 4617 11581 N Valid Sum 2252 492 2744 printed 27.02.2012 page 149 Eurobarometer 28 - October-November 1987,isocntry M M BE 381 (83.9) 73 (16.1) 551 1005 454 DE 288 (84.5) 53 (15.5) 616 957 341 DK 1002 1002 ES 325 (80.0) 81 (20.0) 610 1016 406 FR 308 (79.2) 81 (20.8) 609 998 389 GB-GBN 304 (82.6) 64 (17.4) 624 992 368 GB-NIR 316 316 GR 1000 1000 IE 997 997 IT 329 (84.1) 62 (15.9) 641 1032 391 LU 302 302 NL 317 (80.3) 78 (19.7) 569 964 395 PT 1000 1000 N Sum 2252 492 4220 4617 11581 N Valid Sum 2252 492 2744 printed 27.02.2012 page 149 Eurobarometer 28 - October-November 1987,GESIS Variable Report,175,ZA1713
v147,v147 0 1 8 9 N Sum N Valid Sum,JOB CHANGE REASON LIKE MORE,isocntry M M BE 397 (87.4) 57 (12.6) 551 1005 454 DE 281 (82.4) 60 (17.6) 616 957 341 DK 1002 1002 ES 337 (83.0) 69 (17.0) 610 1016 406 FR 312 (80.0) 78 (20.0) 609 999 390 GB-GBN 327 (88.9) 41 (11.1) 624 992 368 GB-NIR 316 316 GR 1000 1000 IE 997 997 IT 322 (82.4) 69 (17.6) 641 1032 391 LU 302 302 NL 358 (90.6) 37 (9.4) 569 964 395 PT 1000 1000 N Sum 2334 411 4220 4617 11582 N Valid Sum 2334 411 2745 printed 27.02.2012 page 150 Eurobarometer 28 - October-November 1987,isocntry M M BE 397 (87.4) 57 (12.6) 551 1005 454 DE 281 (82.4) 60 (17.6) 616 957 341 DK 1002 1002 ES 337 (83.0) 69 (17.0) 610 1016 406 FR 312 (80.0) 78 (20.0) 609 999 390 GB-GBN 327 (88.9) 41 (11.1) 624 992 368 GB-NIR 316 316 GR 1000 1000 IE 997 997 IT 322 (82.4) 69 (17.6) 641 1032 391 LU 302 302 NL 358 (90.6) 37 (9.4) 569 964 395 PT 1000 1000 N Sum 2334 411 4220 4617 11582 N Valid Sum 2334 411 2745 printed 27.02.2012 page 150 Eurobarometer 28 - October-November 1987,GESIS Variable Report,176,ZA1713
v148,v148 0 1 8 9 N Sum N Valid Sum,JOB CHANGE REASON UNEMPLOYMENT,isocntry M M BE 414 (91.2) 40 (8.8) 551 1005 454 DE 314 (92.1) 27 (7.9) 616 957 341 DK 1002 1002 ES 373 (91.9) 33 (8.1) 610 1016 406 FR 348 (89.2) 42 (10.8) 609 999 390 GB-GBN 360 (97.8) 8 (2.2) 624 992 368 GB-NIR 316 316 GR 1000 1000 IE 997 997 IT 378 (96.7) 13 (3.3) 641 1032 391 LU 302 302 NL 383 (97.0) 12 (3.0) 569 964 395 PT 1000 1000 N Sum 2570 175 4220 4617 11582 N Valid Sum 2570 175 2745 printed 27.02.2012 page 151 Eurobarometer 28 - October-November 1987,isocntry M M BE 414 (91.2) 40 (8.8) 551 1005 454 DE 314 (92.1) 27 (7.9) 616 957 341 DK 1002 1002 ES 373 (91.9) 33 (8.1) 610 1016 406 FR 348 (89.2) 42 (10.8) 609 999 390 GB-GBN 360 (97.8) 8 (2.2) 624 992 368 GB-NIR 316 316 GR 1000 1000 IE 997 997 IT 378 (96.7) 13 (3.3) 641 1032 391 LU 302 302 NL 383 (97.0) 12 (3.0) 569 964 395 PT 1000 1000 N Sum 2570 175 4220 4617 11582 N Valid Sum 2570 175 2745 printed 27.02.2012 page 151 Eurobarometer 28 - October-November 1987,GESIS Variable Report,177,ZA1713
v149,v149 0 1 8 9 N Sum N Valid Sum,JOB CHANGE REASON NEW PROFESSION,isocntry M M BE 411 (90.5) 43 (9.5) 551 1005 454 DE 322 (94.4) 19 (5.6) 616 957 341 DK 1002 1002 ES 367 (90.4) 39 (9.6) 610 1016 406 FR 328 (84.1) 62 (15.9) 609 999 390 GB-GBN 326 (88.3) 43 (11.7) 624 993 369 GB-NIR 316 316 GR 1000 1000 IE 997 997 IT 353 (90.3) 38 (9.7) 641 1032 391 LU 302 302 NL 352 (89.1) 43 (10.9) 569 964 395 PT 1000 1000 N Sum 2459 287 4220 4617 11583 N Valid Sum 2459 287 2746 printed 27.02.2012 page 152 Eurobarometer 28 - October-November 1987,isocntry M M BE 411 (90.5) 43 (9.5) 551 1005 454 DE 322 (94.4) 19 (5.6) 616 957 341 DK 1002 1002 ES 367 (90.4) 39 (9.6) 610 1016 406 FR 328 (84.1) 62 (15.9) 609 999 390 GB-GBN 326 (88.3) 43 (11.7) 624 993 369 GB-NIR 316 316 GR 1000 1000 IE 997 997 IT 353 (90.3) 38 (9.7) 641 1032 391 LU 302 302 NL 352 (89.1) 43 (10.9) 569 964 395 PT 1000 1000 N Sum 2459 287 4220 4617 11583 N Valid Sum 2459 287 2746 printed 27.02.2012 page 152 Eurobarometer 28 - October-November 1987,GESIS Variable Report,178,ZA1713
v150,v150 0 1 8 9 N Sum N Valid Sum,JOB CHANGE REASON OTHER,isocntry M M BE 446 (98.2) 8 (1.8) 551 1005 454 DE 323 (94.7) 18 (5.3) 616 957 341 DK 1002 1002 ES 405 (99.8) 1 (0.2) 610 1016 406 FR 384 (98.5) 6 (1.5) 609 999 390 GB-GBN 312 (84.6) 57 (15.4) 624 993 369 GB-NIR 316 316 GR 1000 1000 IE 997 997 IT 387 (99.0) 4 (1.0) 641 1032 391 LU 302 302 NL 375 (94.9) 20 (5.1) 569 964 395 PT 1000 1000 N Sum 2632 114 4220 4617 11583 N Valid Sum 2632 114 2746 printed 27.02.2012 page 153 Eurobarometer 28 - October-November 1987,isocntry M M BE 446 (98.2) 8 (1.8) 551 1005 454 DE 323 (94.7) 18 (5.3) 616 957 341 DK 1002 1002 ES 405 (99.8) 1 (0.2) 610 1016 406 FR 384 (98.5) 6 (1.5) 609 999 390 GB-GBN 312 (84.6) 57 (15.4) 624 993 369 GB-NIR 316 316 GR 1000 1000 IE 997 997 IT 387 (99.0) 4 (1.0) 641 1032 391 LU 302 302 NL 375 (94.9) 20 (5.1) 569 964 395 PT 1000 1000 N Sum 2632 114 4220 4617 11583 N Valid Sum 2632 114 2746 printed 27.02.2012 page 153 Eurobarometer 28 - October-November 1987,GESIS Variable Report,179,ZA1713
v151,v151 0 1 8 9 N Sum N Valid Sum,JOB CHANGE REASON NOT PLANED,isocntry M M BE 264 (58.1) 190 (41.9) 551 1005 454 DE 208 (61.0) 133 (39.0) 616 957 341 DK 1002 1002 ES 278 (68.5) 128 (31.5) 610 1016 406 FR 264 (67.7) 126 (32.3) 609 999 390 GB-GBN 267 (72.4) 102 (27.6) 624 993 369 GB-NIR 316 316 GR 1000 1000 IE 997 997 IT 270 (69.1) 121 (30.9) 641 1032 391 LU 302 302 NL 267 (67.6) 128 (32.4) 569 964 395 PT 1000 1000 N Sum 1818 928 4220 4617 11583 N Valid Sum 1818 928 2746 printed 27.02.2012 page 154 Eurobarometer 28 - October-November 1987,isocntry M M BE 264 (58.1) 190 (41.9) 551 1005 454 DE 208 (61.0) 133 (39.0) 616 957 341 DK 1002 1002 ES 278 (68.5) 128 (31.5) 610 1016 406 FR 264 (67.7) 126 (32.3) 609 999 390 GB-GBN 267 (72.4) 102 (27.6) 624 993 369 GB-NIR 316 316 GR 1000 1000 IE 997 997 IT 270 (69.1) 121 (30.9) 641 1032 391 LU 302 302 NL 267 (67.6) 128 (32.4) 569 964 395 PT 1000 1000 N Sum 1818 928 4220 4617 11583 N Valid Sum 1818 928 2746 printed 27.02.2012 page 154 Eurobarometer 28 - October-November 1987,GESIS Variable Report,180,ZA1713
v152,,UNEMPLOYMENT AND MOBILITY - ASSESSMENT,,UNEMPLOYMENT AND MOBILITY - ASSESSMENT,GESIS Variable Report,181,ZA1713
v153,v153 0 1 8 9 N Sum N Valid Sum,MOBILITY LIVING IN NATIVE REGION,isocntry M M BE 79 (17.4) 375 (82.6) 551 1005 454 DE 108 (31.7) 233 (68.3) 616 957 341 DK 1002 1002 ES 77 (19.0) 329 (81.0) 610 1016 406 FR 119 (30.6) 270 (69.4) 609 998 389 GB-GBN 134 (36.3) 235 (63.7) 624 993 369 GB-NIR 316 316 GR 1000 1000 IE 997 997 IT 26 (6.6) 365 (93.4) 641 1032 391 LU 302 302 NL 131 (33.2) 264 (66.8) 569 964 395 PT 1000 1000 N Sum 674 2071 4220 4617 11582 N Valid Sum 674 2071 2745 printed 27.02.2012 page 156 Eurobarometer 28 - October-November 1987,isocntry M M BE 79 (17.4) 375 (82.6) 551 1005 454 DE 108 (31.7) 233 (68.3) 616 957 341 DK 1002 1002 ES 77 (19.0) 329 (81.0) 610 1016 406 FR 119 (30.6) 270 (69.4) 609 998 389 GB-GBN 134 (36.3) 235 (63.7) 624 993 369 GB-NIR 316 316 GR 1000 1000 IE 997 997 IT 26 (6.6) 365 (93.4) 641 1032 391 LU 302 302 NL 131 (33.2) 264 (66.8) 569 964 395 PT 1000 1000 N Sum 674 2071 4220 4617 11582 N Valid Sum 674 2071 2745 printed 27.02.2012 page 156 Eurobarometer 28 - October-November 1987,GESIS Variable Report,182,ZA1713
v154,v154 0 1 8 9 N Sum N Valid Sum,MOBILITY READING FOREIGN NEWSPAPERS,isocntry M M BE 381 (83.9) 73 (16.1) 551 1005 454 DE 308 (90.3) 33 (9.7) 616 957 341 DK 1002 1002 ES 391 (96.3) 15 (3.7) 610 1016 406 FR 360 (92.3) 30 (7.7) 609 999 390 GB-GBN 353 (95.7) 16 (4.3) 624 993 369 GB-NIR 316 316 GR 1000 1000 IE 997 997 IT 375 (95.9) 16 (4.1) 641 1032 391 LU 302 302 NL 359 (90.7) 37 (9.3) 569 965 396 PT 1000 1000 N Sum 2527 220 4220 4617 11584 N Valid Sum 2527 220 2747 printed 27.02.2012 page 157 Eurobarometer 28 - October-November 1987,isocntry M M BE 381 (83.9) 73 (16.1) 551 1005 454 DE 308 (90.3) 33 (9.7) 616 957 341 DK 1002 1002 ES 391 (96.3) 15 (3.7) 610 1016 406 FR 360 (92.3) 30 (7.7) 609 999 390 GB-GBN 353 (95.7) 16 (4.3) 624 993 369 GB-NIR 316 316 GR 1000 1000 IE 997 997 IT 375 (95.9) 16 (4.1) 641 1032 391 LU 302 302 NL 359 (90.7) 37 (9.3) 569 965 396 PT 1000 1000 N Sum 2527 220 4220 4617 11584 N Valid Sum 2527 220 2747 printed 27.02.2012 page 157 Eurobarometer 28 - October-November 1987,GESIS Variable Report,183,ZA1713
v155,v155 0 1 8 9 N Sum N Valid Sum,MOBILITY STAYED ABROAD,isocntry M M BE 158 (34.8) 296 (65.2) 551 1005 454 DE 49 (14.4) 291 (85.6) 616 956 340 DK 1002 1002 ES 242 (59.6) 164 (40.4) 610 1016 406 FR 102 (26.2) 287 (73.8) 609 998 389 GB-GBN 81 (22.0) 288 (78.0) 624 993 369 GB-NIR 316 316 GR 1000 1000 IE 997 997 IT 155 (39.6) 236 (60.4) 641 1032 391 LU 302 302 NL 25 (6.3) 370 (93.7) 569 964 395 PT 1000 1000 N Sum 812 1932 4220 4617 11581 N Valid Sum 812 1932 2744 printed 27.02.2012 page 158 Eurobarometer 28 - October-November 1987,isocntry M M BE 158 (34.8) 296 (65.2) 551 1005 454 DE 49 (14.4) 291 (85.6) 616 956 340 DK 1002 1002 ES 242 (59.6) 164 (40.4) 610 1016 406 FR 102 (26.2) 287 (73.8) 609 998 389 GB-GBN 81 (22.0) 288 (78.0) 624 993 369 GB-NIR 316 316 GR 1000 1000 IE 997 997 IT 155 (39.6) 236 (60.4) 641 1032 391 LU 302 302 NL 25 (6.3) 370 (93.7) 569 964 395 PT 1000 1000 N Sum 812 1932 4220 4617 11581 N Valid Sum 812 1932 2744 printed 27.02.2012 page 158 Eurobarometer 28 - October-November 1987,GESIS Variable Report,184,ZA1713
v156,v156 0 1 8 9 N Sum N Valid Sum,MOBILITY SAME JOB AS PARENTS,isocntry M M BE 376 (82.8) 78 (17.2) 551 1005 454 DE 281 (82.4) 60 (17.6) 616 957 341 DK 1002 1002 ES 343 (84.5) 63 (15.5) 610 1016 406 FR 319 (81.8) 71 (18.2) 609 999 390 GB-GBN 315 (85.6) 53 (14.4) 624 992 368 GB-NIR 316 316 GR 1000 1000 IE 997 997 IT 332 (84.9) 59 (15.1) 641 1032 391 LU 302 302 NL 349 (88.4) 46 (11.6) 569 964 395 PT 1000 1000 N Sum 2315 430 4220 4617 11582 N Valid Sum 2315 430 2745 printed 27.02.2012 page 159 Eurobarometer 28 - October-November 1987,isocntry M M BE 376 (82.8) 78 (17.2) 551 1005 454 DE 281 (82.4) 60 (17.6) 616 957 341 DK 1002 1002 ES 343 (84.5) 63 (15.5) 610 1016 406 FR 319 (81.8) 71 (18.2) 609 999 390 GB-GBN 315 (85.6) 53 (14.4) 624 992 368 GB-NIR 316 316 GR 1000 1000 IE 997 997 IT 332 (84.9) 59 (15.1) 641 1032 391 LU 302 302 NL 349 (88.4) 46 (11.6) 569 964 395 PT 1000 1000 N Sum 2315 430 4220 4617 11582 N Valid Sum 2315 430 2745 printed 27.02.2012 page 159 Eurobarometer 28 - October-November 1987,GESIS Variable Report,185,ZA1713
v157,v157 0 1 8 9 N Sum N Valid Sum,MOBILITY VARIED HOLIDAY TRIPS,isocntry M M BE 207 (45.6) 247 (54.4) 551 1005 454 DE 145 (42.5) 196 (57.5) 616 957 341 DK 1002 1002 ES 232 (57.1) 174 (42.9) 610 1016 406 FR 175 (44.9) 215 (55.1) 609 999 390 GB-GBN 136 (37.0) 232 (63.0) 624 992 368 GB-NIR 316 316 GR 1000 1000 IE 997 997 IT 183 (46.8) 208 (53.2) 641 1032 391 LU 302 302 NL 143 (36.2) 252 (63.8) 569 964 395 PT 1000 1000 N Sum 1221 1524 4220 4617 11582 N Valid Sum 1221 1524 2745 printed 27.02.2012 page 160 Eurobarometer 28 - October-November 1987,isocntry M M BE 207 (45.6) 247 (54.4) 551 1005 454 DE 145 (42.5) 196 (57.5) 616 957 341 DK 1002 1002 ES 232 (57.1) 174 (42.9) 610 1016 406 FR 175 (44.9) 215 (55.1) 609 999 390 GB-GBN 136 (37.0) 232 (63.0) 624 992 368 GB-NIR 316 316 GR 1000 1000 IE 997 997 IT 183 (46.8) 208 (53.2) 641 1032 391 LU 302 302 NL 143 (36.2) 252 (63.8) 569 964 395 PT 1000 1000 N Sum 1221 1524 4220 4617 11582 N Valid Sum 1221 1524 2745 printed 27.02.2012 page 160 Eurobarometer 28 - October-November 1987,GESIS Variable Report,186,ZA1713
v158,,EUROPEANNESS OF COMPANIES SHELL,,EUROPEANNESS OF COMPANIES SHELL,GESIS Variable Report,187,ZA1713
v159,,EUROPEANNESS OF COMPANIES BASF,,EUROPEANNESS OF COMPANIES BASF,GESIS Variable Report,188,ZA1713
v160,,EUROPEANNESS OF COMPANIES FIAT,,EUROPEANNESS OF COMPANIES FIAT,GESIS Variable Report,189,ZA1713
v161,,EUROPEANNESS OF COMPANIES VW,,EUROPEANNESS OF COMPANIES VW,GESIS Variable Report,190,ZA1713
v162,,EUROPEANNESS OF COMPANIES SIEMENS,,EUROPEANNESS OF COMPANIES SIEMENS,GESIS Variable Report,191,ZA1713
v163,,EUROPEANNESS OF COMPANIES RENAULT,,EUROPEANNESS OF COMPANIES RENAULT,GESIS Variable Report,192,ZA1713
v164,,EUROPEANNESS OF COMPANIES UNILEVER,,EUROPEANNESS OF COMPANIES UNILEVER,GESIS Variable Report,193,ZA1713
v165,,EUROPEANNESS OF COMPANIES PHILIPS,,EUROPEANNESS OF COMPANIES PHILIPS,GESIS Variable Report,194,ZA1713
v166,,EUROPEANNESS OF COMPANIES BP,,EUROPEANNESS OF COMPANIES BP,GESIS Variable Report,195,ZA1713
v167,,EUROPEANNESS OF COMPANIES THOMSON,,EUROPEANNESS OF COMPANIES THOMSON,GESIS Variable Report,196,ZA1713
v168,,EUROPEANNESS OF COMPANIES BAT,,EUROPEANNESS OF COMPANIES BAT,GESIS Variable Report,197,ZA1713
v169,v169 0 1 2 3 4 5 N Sum N Valid Sum,HOUSEHOLD COMPOSITION,isocntry M BE 46 181 (18.9) 537 (56.0) 127 (13.2) 78 (8.1) 36 (3.8) 1005 959 DE 4 195 (20.5) 402 (42.2) 257 (27.0) 40 (4.2) 58 (6.1) 956 952 DK 16 355 (36.0) 378 (38.3) 212 (21.5) 41 (4.2) 1002 986 ES 18 167 (16.7) 586 (58.7) 93 (9.3) 51 (5.1) 102 (10.2) 1017 999 FR 3 242 (24.3) 547 (54.9) 114 (11.4) 54 (5.4) 40 (4.0) 1000 997 GB-GBN 3 296 (29.9) 410 (41.4) 173 (17.5) 59 (6.0) 53 (5.3) 994 991 GB-NIR 2 54 (17.2) 180 (57.3) 34 (10.8) 23 (7.3) 23 (7.3) 316 314 GR 170 (17.0) 619 (61.9) 94 (9.4) 23 (2.3) 94 (9.4) 1000 1000 IE 12 143 (14.5) 572 (58.1) 153 (15.5) 39 (4.0) 78 (7.9) 997 985 IT 3 152 (14.8) 568 (55.2) 71 (6.9) 35 (3.4) 203 (19.7) 1032 1029 LU 16 46 (16.1) 167 (58.4) 44 (15.4) 14 (4.9) 15 (5.2) 302 286 NL 7 234 (24.4) 430 (44.9) 187 (19.5) 54 (5.6) 53 (5.5) 965 958 PT 4 155 (15.6) 643 (64.6) 67 (6.7) 46 (4.6) 85 (8.5) 1000 996 N Sum 134 2390 6039 1626 557 840 11586 N Valid Sum 2390 6039 1626 557 840 11452 printed 27.02.2012 page 172 Eurobarometer 28 - October-November 1987,isocntry M BE 46 181 (18.9) 537 (56.0) 127 (13.2) 78 (8.1) 36 (3.8) 1005 959 DE 4 195 (20.5) 402 (42.2) 257 (27.0) 40 (4.2) 58 (6.1) 956 952 DK 16 355 (36.0) 378 (38.3) 212 (21.5) 41 (4.2) 1002 986 ES 18 167 (16.7) 586 (58.7) 93 (9.3) 51 (5.1) 102 (10.2) 1017 999 FR 3 242 (24.3) 547 (54.9) 114 (11.4) 54 (5.4) 40 (4.0) 1000 997 GB-GBN 3 296 (29.9) 410 (41.4) 173 (17.5) 59 (6.0) 53 (5.3) 994 991 GB-NIR 2 54 (17.2) 180 (57.3) 34 (10.8) 23 (7.3) 23 (7.3) 316 314 GR 170 (17.0) 619 (61.9) 94 (9.4) 23 (2.3) 94 (9.4) 1000 1000 IE 12 143 (14.5) 572 (58.1) 153 (15.5) 39 (4.0) 78 (7.9) 997 985 IT 3 152 (14.8) 568 (55.2) 71 (6.9) 35 (3.4) 203 (19.7) 1032 1029 LU 16 46 (16.1) 167 (58.4) 44 (15.4) 14 (4.9) 15 (5.2) 302 286 NL 7 234 (24.4) 430 (44.9) 187 (19.5) 54 (5.6) 53 (5.5) 965 958 PT 4 155 (15.6) 643 (64.6) 67 (6.7) 46 (4.6) 85 (8.5) 1000 996 N Sum 134 2390 6039 1626 557 840 11586 N Valid Sum 2390 6039 1626 557 840 11452 printed 27.02.2012 page 172 Eurobarometer 28 - October-November 1987,GESIS Variable Report,198,ZA1713
v170,v170 1 2 3 4 9 N Sum N Valid Sum,N OF CHILDREN UNDER 6 IN HH,isocntry M BE 66 (84.6) 11 (14.1) 1 (1.3) 927 1005 78 DE 37 (92.5) 3 (7.5) 0 (0.0) 917 957 40 DK 28 (68.3) 11 (26.8) 2 (4.9) 0 (0.0) 961 1002 41 ES 45 (88.2) 5 (9.8) 1 (2.0) 966 1017 51 FR 48 (88.9) 4 (7.4) 2 (3.7) 945 999 54 GB-GBN 43 (72.9) 11 (18.6) 4 (6.8) 1 (1.7) 934 993 59 GB-NIR 21 (91.3) 1 (4.3) 1 (4.3) 293 316 23 GR 23 (100.0) 977 1000 23 IE 30 (76.9) 6 (15.4) 3 (7.7) 958 997 39 IT 34 (97.1) 1 (2.9) 997 1032 35 LU 12 (85.7) 1 (7.1) 1 (7.1) 288 302 14 NL 48 (90.6) 2 (3.8) 2 (3.8) 1 (1.9) 911 964 53 PT 35 (76.1) 9 (19.6) 1 (2.2) 1 (2.2) 954 1000 46 N Sum 470 65 18 3 11028 11584 N Valid Sum 470 65 18 3 556 printed 27.02.2012 page 173 Eurobarometer 28 - October-November 1987,isocntry M BE 66 (84.6) 11 (14.1) 1 (1.3) 927 1005 78 DE 37 (92.5) 3 (7.5) 0 (0.0) 917 957 40 DK 28 (68.3) 11 (26.8) 2 (4.9) 0 (0.0) 961 1002 41 ES 45 (88.2) 5 (9.8) 1 (2.0) 966 1017 51 FR 48 (88.9) 4 (7.4) 2 (3.7) 945 999 54 GB-GBN 43 (72.9) 11 (18.6) 4 (6.8) 1 (1.7) 934 993 59 GB-NIR 21 (91.3) 1 (4.3) 1 (4.3) 293 316 23 GR 23 (100.0) 977 1000 23 IE 30 (76.9) 6 (15.4) 3 (7.7) 958 997 39 IT 34 (97.1) 1 (2.9) 997 1032 35 LU 12 (85.7) 1 (7.1) 1 (7.1) 288 302 14 NL 48 (90.6) 2 (3.8) 2 (3.8) 1 (1.9) 911 964 53 PT 35 (76.1) 9 (19.6) 1 (2.2) 1 (2.2) 954 1000 46 N Sum 470 65 18 3 11028 11584 N Valid Sum 470 65 18 3 556 printed 27.02.2012 page 173 Eurobarometer 28 - October-November 1987,GESIS Variable Report,199,ZA1713
v171,v171 1 2 3 4 9 N Sum N Valid Sum,N OF CHILDREN 6-10 YEARS IN HH,isocntry M BE 58 (74.4) 14 (17.9) 6 (7.7) 927 1005 78 DE 35 (87.5) 3 (7.5) 1 (2.5) 1 (2.5) 917 957 40 DK 34 (82.9) 7 (17.1) 961 1002 41 ES 42 (82.4) 5 (9.8) 4 (7.8) 966 1017 51 FR 42 (77.8) 11 (20.4) 1 (1.9) 945 999 54 GB-GBN 47 (79.7) 9 (15.3) 2 (3.4) 1 (1.7) 934 993 59 GB-NIR 19 (82.6) 3 (13.0) 1 (4.3) 293 316 23 GR 18 (78.3) 5 (21.7) 977 1000 23 IE 34 (87.2) 5 (12.8) 958 997 39 IT 32 (91.4) 2 (5.7) 1 (2.9) 997 1032 35 LU 14 (100.0) 288 302 14 NL 49 (92.5) 3 (5.7) 1 (1.9) 911 964 53 PT 38 (82.6) 5 (10.9) 2 (4.3) 1 (2.2) 954 1000 46 N Sum 462 72 19 3 11028 11584 N Valid Sum 462 72 19 3 556 printed 27.02.2012 page 174 Eurobarometer 28 - October-November 1987,isocntry M BE 58 (74.4) 14 (17.9) 6 (7.7) 927 1005 78 DE 35 (87.5) 3 (7.5) 1 (2.5) 1 (2.5) 917 957 40 DK 34 (82.9) 7 (17.1) 961 1002 41 ES 42 (82.4) 5 (9.8) 4 (7.8) 966 1017 51 FR 42 (77.8) 11 (20.4) 1 (1.9) 945 999 54 GB-GBN 47 (79.7) 9 (15.3) 2 (3.4) 1 (1.7) 934 993 59 GB-NIR 19 (82.6) 3 (13.0) 1 (4.3) 293 316 23 GR 18 (78.3) 5 (21.7) 977 1000 23 IE 34 (87.2) 5 (12.8) 958 997 39 IT 32 (91.4) 2 (5.7) 1 (2.9) 997 1032 35 LU 14 (100.0) 288 302 14 NL 49 (92.5) 3 (5.7) 1 (1.9) 911 964 53 PT 38 (82.6) 5 (10.9) 2 (4.3) 1 (2.2) 954 1000 46 N Sum 462 72 19 3 11028 11584 N Valid Sum 462 72 19 3 556 printed 27.02.2012 page 174 Eurobarometer 28 - October-November 1987,GESIS Variable Report,200,ZA1713
v172,v172 1 2 3 4 9 N Sum N Valid Sum,N OF CHILDREN 11-15 YEARS IN HH,isocntry M BE 61 (78.2) 13 (16.7) 4 (5.1) 927 1005 78 DE 27 (67.5) 7 (17.5) 0 (0.0) 6 (15.0) 917 957 40 DK 30 (73.2) 9 (22.0) 2 (4.9) 0 (0.0) 961 1002 41 ES 33 (66.0) 11 (22.0) 6 (12.0) 966 1016 50 FR 43 (78.2) 9 (16.4) 2 (3.6) 1 (1.8) 945 1000 55 GB-GBN 39 (66.1) 12 (20.3) 8 (13.6) 934 993 59 GB-NIR 20 (87.0) 2 (8.7) 1 (4.3) 293 316 23 GR 20 (87.0) 3 (13.0) 977 1000 23 IE 29 (74.4) 7 (17.9) 3 (7.7) 958 997 39 IT 22 (62.9) 10 (28.6) 3 (8.6) 997 1032 35 LU 12 (85.7) 2 (14.3) 288 302 14 NL 42 (77.8) 9 (16.7) 3 (5.6) 911 965 54 PT 32 (69.6) 12 (26.1) 2 (4.3) 954 1000 46 N Sum 410 106 34 7 11028 11585 N Valid Sum 410 106 34 7 557 printed 27.02.2012 page 175 Eurobarometer 28 - October-November 1987,isocntry M BE 61 (78.2) 13 (16.7) 4 (5.1) 927 1005 78 DE 27 (67.5) 7 (17.5) 0 (0.0) 6 (15.0) 917 957 40 DK 30 (73.2) 9 (22.0) 2 (4.9) 0 (0.0) 961 1002 41 ES 33 (66.0) 11 (22.0) 6 (12.0) 966 1016 50 FR 43 (78.2) 9 (16.4) 2 (3.6) 1 (1.8) 945 1000 55 GB-GBN 39 (66.1) 12 (20.3) 8 (13.6) 934 993 59 GB-NIR 20 (87.0) 2 (8.7) 1 (4.3) 293 316 23 GR 20 (87.0) 3 (13.0) 977 1000 23 IE 29 (74.4) 7 (17.9) 3 (7.7) 958 997 39 IT 22 (62.9) 10 (28.6) 3 (8.6) 997 1032 35 LU 12 (85.7) 2 (14.3) 288 302 14 NL 42 (77.8) 9 (16.7) 3 (5.6) 911 965 54 PT 32 (69.6) 12 (26.1) 2 (4.3) 954 1000 46 N Sum 410 106 34 7 11028 11585 N Valid Sum 410 106 34 7 557 printed 27.02.2012 page 175 Eurobarometer 28 - October-November 1987,GESIS Variable Report,201,ZA1713
v173,v173 1 2 3 4 9 N Sum N Valid Sum,N OF CHILDREN 16-17 YEARS IN HH,isocntry M BE 54 (69.2) 21 (26.9) 3 (3.8) 927 1005 78 DE 34 (85.0) 5 (12.5) 1 (2.5) 917 957 40 DK 35 (85.4) 5 (12.2) 1 (2.4) 961 1002 41 ES 35 (68.6) 15 (29.4) 1 (2.0) 966 1017 51 FR 43 (79.6) 11 (20.4) 945 999 54 GB-GBN 53 (89.8) 6 (10.2) 934 993 59 GB-NIR 17 (73.9) 6 (26.1) 293 316 23 GR 22 (95.7) 1 (4.3) 977 1000 23 IE 29 (74.4) 8 (20.5) 2 (5.1) 958 997 39 IT 29 (82.9) 6 (17.1) 997 1032 35 LU 13 (92.9) 1 (7.1) 288 302 14 NL 34 (64.2) 19 (35.8) 911 964 53 PT 36 (78.3) 8 (17.4) 2 (4.3) 954 1000 46 N Sum 434 112 9 1 11028 11584 N Valid Sum 434 112 9 1 556 printed 27.02.2012 page 176 Eurobarometer 28 - October-November 1987,isocntry M BE 54 (69.2) 21 (26.9) 3 (3.8) 927 1005 78 DE 34 (85.0) 5 (12.5) 1 (2.5) 917 957 40 DK 35 (85.4) 5 (12.2) 1 (2.4) 961 1002 41 ES 35 (68.6) 15 (29.4) 1 (2.0) 966 1017 51 FR 43 (79.6) 11 (20.4) 945 999 54 GB-GBN 53 (89.8) 6 (10.2) 934 993 59 GB-NIR 17 (73.9) 6 (26.1) 293 316 23 GR 22 (95.7) 1 (4.3) 977 1000 23 IE 29 (74.4) 8 (20.5) 2 (5.1) 958 997 39 IT 29 (82.9) 6 (17.1) 997 1032 35 LU 13 (92.9) 1 (7.1) 288 302 14 NL 34 (64.2) 19 (35.8) 911 964 53 PT 36 (78.3) 8 (17.4) 2 (4.3) 954 1000 46 N Sum 434 112 9 1 11028 11584 N Valid Sum 434 112 9 1 556 printed 27.02.2012 page 176 Eurobarometer 28 - October-November 1987,GESIS Variable Report,202,ZA1713
v174,v174 1 2 3 4 9 N Sum N Valid Sum,N OF CHILDREN 18-20 YEARS IN HH,isocntry M BE 58 (74.4) 17 (21.8) 2 (2.6) 1 (1.3) 927 1005 78 DE 28 (70.0) 7 (17.5) 5 (12.5) 917 957 40 DK 40 (97.6) 1 (2.4) 961 1002 41 ES 34 (66.7) 16 (31.4) 1 (2.0) 966 1017 51 FR 40 (75.5) 10 (18.9) 3 (5.7) 945 998 53 GB-GBN 46 (79.3) 11 (19.0) 1 (1.7) 934 992 58 GB-NIR 15 (65.2) 6 (26.1) 1 (4.3) 1 (4.3) 293 316 23 GR 20 (87.0) 2 (8.7) 1 (4.3) 977 1000 23 IE 26 (66.7) 9 (23.1) 4 (10.3) 958 997 39 IT 21 (60.0) 12 (34.3) 2 (5.7) 997 1032 35 LU 10 (71.4) 4 (28.6) 288 302 14 NL 34 (63.0) 15 (27.8) 5 (9.3) 911 965 54 PT 35 (76.1) 8 (17.4) 3 (6.5) 954 1000 46 N Sum 407 118 27 3 11028 11583 N Valid Sum 407 118 27 3 555 printed 27.02.2012 page 177 Eurobarometer 28 - October-November 1987,isocntry M BE 58 (74.4) 17 (21.8) 2 (2.6) 1 (1.3) 927 1005 78 DE 28 (70.0) 7 (17.5) 5 (12.5) 917 957 40 DK 40 (97.6) 1 (2.4) 961 1002 41 ES 34 (66.7) 16 (31.4) 1 (2.0) 966 1017 51 FR 40 (75.5) 10 (18.9) 3 (5.7) 945 998 53 GB-GBN 46 (79.3) 11 (19.0) 1 (1.7) 934 992 58 GB-NIR 15 (65.2) 6 (26.1) 1 (4.3) 1 (4.3) 293 316 23 GR 20 (87.0) 2 (8.7) 1 (4.3) 977 1000 23 IE 26 (66.7) 9 (23.1) 4 (10.3) 958 997 39 IT 21 (60.0) 12 (34.3) 2 (5.7) 997 1032 35 LU 10 (71.4) 4 (28.6) 288 302 14 NL 34 (63.0) 15 (27.8) 5 (9.3) 911 965 54 PT 35 (76.1) 8 (17.4) 3 (6.5) 954 1000 46 N Sum 407 118 27 3 11028 11583 N Valid Sum 407 118 27 3 555 printed 27.02.2012 page 177 Eurobarometer 28 - October-November 1987,GESIS Variable Report,203,ZA1713
v175,v175 1 2 3 4 9 N Sum N Valid Sum,N OF CHILDREN 21-25 YEARS IN HH,isocntry M BE 55 (70.5) 18 (23.1) 3 (3.8) 2 (2.6) 927 1005 78 DE 28 (71.8) 11 (28.2) 0 (0.0) 917 956 39 DK 38 (92.7) 3 (7.3) 961 1002 41 ES 31 (62.0) 12 (24.0) 5 (10.0) 2 (4.0) 966 1016 50 FR 41 (75.9) 12 (22.2) 1 (1.9) 945 999 54 GB-GBN 48 (82.8) 10 (17.2) 934 992 58 GB-NIR 18 (78.3) 4 (17.4) 1 (4.3) 293 316 23 GR 12 (52.2) 11 (47.8) 977 1000 23 IE 27 (69.2) 10 (25.6) 2 (5.1) 958 997 39 IT 26 (74.3) 6 (17.1) 3 (8.6) 997 1032 35 LU 9 (64.3) 4 (28.6) 1 (7.1) 288 302 14 NL 34 (61.8) 17 (30.9) 3 (5.5) 1 (1.8) 911 966 55 PT 35 (76.1) 10 (21.7) 1 (2.2) 954 1000 46 N Sum 402 128 20 5 11028 11583 N Valid Sum 402 128 20 5 555 printed 27.02.2012 page 178 Eurobarometer 28 - October-November 1987,isocntry M BE 55 (70.5) 18 (23.1) 3 (3.8) 2 (2.6) 927 1005 78 DE 28 (71.8) 11 (28.2) 0 (0.0) 917 956 39 DK 38 (92.7) 3 (7.3) 961 1002 41 ES 31 (62.0) 12 (24.0) 5 (10.0) 2 (4.0) 966 1016 50 FR 41 (75.9) 12 (22.2) 1 (1.9) 945 999 54 GB-GBN 48 (82.8) 10 (17.2) 934 992 58 GB-NIR 18 (78.3) 4 (17.4) 1 (4.3) 293 316 23 GR 12 (52.2) 11 (47.8) 977 1000 23 IE 27 (69.2) 10 (25.6) 2 (5.1) 958 997 39 IT 26 (74.3) 6 (17.1) 3 (8.6) 997 1032 35 LU 9 (64.3) 4 (28.6) 1 (7.1) 288 302 14 NL 34 (61.8) 17 (30.9) 3 (5.5) 1 (1.8) 911 966 55 PT 35 (76.1) 10 (21.7) 1 (2.2) 954 1000 46 N Sum 402 128 20 5 11028 11583 N Valid Sum 402 128 20 5 555 printed 27.02.2012 page 178 Eurobarometer 28 - October-November 1987,GESIS Variable Report,204,ZA1713
v176,v176 1 2 3 4 9 N Sum N Valid Sum,N OF CHILDREN 26 YEARS AND MORE IN HH,isocntry M BE 71 (91.0) 7 (9.0) 927 1005 78 DE 33 (84.6) 4 (10.3) 2 (5.1) 917 956 39 DK 35 (85.4) 6 (14.6) 961 1002 41 ES 33 (66.0) 12 (24.0) 4 (8.0) 1 (2.0) 966 1016 50 FR 47 (87.0) 5 (9.3) 2 (3.7) 945 999 54 GB-GBN 46 (78.0) 12 (20.3) 1 (1.7) 934 993 59 GB-NIR 17 (73.9) 5 (21.7) 1 (4.3) 293 316 23 GR 13 (56.5) 7 (30.4) 3 (13.0) 977 1000 23 IE 31 (79.5) 5 (12.8) 3 (7.7) 958 997 39 IT 27 (77.1) 8 (22.9) 997 1032 35 LU 11 (78.6) 2 (14.3) 1 (7.1) 288 302 14 NL 41 (77.4) 8 (15.1) 2 (3.8) 2 (3.8) 911 964 53 PT 39 (84.8) 3 (6.5) 4 (8.7) 954 1000 46 N Sum 444 84 19 7 11028 11582 N Valid Sum 444 84 19 7 554 printed 27.02.2012 page 179 Eurobarometer 28 - October-November 1987,isocntry M BE 71 (91.0) 7 (9.0) 927 1005 78 DE 33 (84.6) 4 (10.3) 2 (5.1) 917 956 39 DK 35 (85.4) 6 (14.6) 961 1002 41 ES 33 (66.0) 12 (24.0) 4 (8.0) 1 (2.0) 966 1016 50 FR 47 (87.0) 5 (9.3) 2 (3.7) 945 999 54 GB-GBN 46 (78.0) 12 (20.3) 1 (1.7) 934 993 59 GB-NIR 17 (73.9) 5 (21.7) 1 (4.3) 293 316 23 GR 13 (56.5) 7 (30.4) 3 (13.0) 977 1000 23 IE 31 (79.5) 5 (12.8) 3 (7.7) 958 997 39 IT 27 (77.1) 8 (22.9) 997 1032 35 LU 11 (78.6) 2 (14.3) 1 (7.1) 288 302 14 NL 41 (77.4) 8 (15.1) 2 (3.8) 2 (3.8) 911 964 53 PT 39 (84.8) 3 (6.5) 4 (8.7) 954 1000 46 N Sum 444 84 19 7 11028 11582 N Valid Sum 444 84 19 7 554 printed 27.02.2012 page 179 Eurobarometer 28 - October-November 1987,GESIS Variable Report,205,ZA1713
v177,,N OF CHILDREN TOTAL IN HH,,N OF CHILDREN TOTAL IN HH,GESIS Variable Report,206,ZA1713
v178,v178 0 1 9 N Sum N Valid Sum,CHILDREN IN HH OWN CH,isocntry M BE 28 (35.9) 50 (64.1) 927 1005 78 DE 10 (25.0) 30 (75.0) 917 957 40 DK 5 (12.2) 36 (87.8) 961 1002 41 ES 32 (62.7) 19 (37.3) 966 1017 51 FR 16 (30.2) 37 (69.8) 945 998 53 GB-GBN 11 (19.0) 47 (81.0) 934 992 58 GB-NIR 10 (43.5) 13 (56.5) 293 316 23 GR 4 (17.4) 19 (82.6) 977 1000 23 IE 17 (43.6) 22 (56.4) 958 997 39 IT 14 (40.0) 21 (60.0) 997 1032 35 LU 3 (21.4) 11 (78.6) 288 302 14 NL 21 (38.9) 33 (61.1) 911 965 54 PT 15 (32.6) 31 (67.4) 954 1000 46 N Sum 186 369 11028 11583 N Valid Sum 186 369 555 printed 27.02.2012 page 181 Eurobarometer 28 - October-November 1987,isocntry M BE 28 (35.9) 50 (64.1) 927 1005 78 DE 10 (25.0) 30 (75.0) 917 957 40 DK 5 (12.2) 36 (87.8) 961 1002 41 ES 32 (62.7) 19 (37.3) 966 1017 51 FR 16 (30.2) 37 (69.8) 945 998 53 GB-GBN 11 (19.0) 47 (81.0) 934 992 58 GB-NIR 10 (43.5) 13 (56.5) 293 316 23 GR 4 (17.4) 19 (82.6) 977 1000 23 IE 17 (43.6) 22 (56.4) 958 997 39 IT 14 (40.0) 21 (60.0) 997 1032 35 LU 3 (21.4) 11 (78.6) 288 302 14 NL 21 (38.9) 33 (61.1) 911 965 54 PT 15 (32.6) 31 (67.4) 954 1000 46 N Sum 186 369 11028 11583 N Valid Sum 186 369 555 printed 27.02.2012 page 181 Eurobarometer 28 - October-November 1987,GESIS Variable Report,207,ZA1713
v179,v179 0 1 9 N Sum N Valid Sum,CHILDREN IN HH GRANDCH,isocntry M BE 77 (98.7) 1 (1.3) 927 1005 78 DE 40 (100.0) 917 957 40 DK 41 (100.0) 961 1002 41 ES 50 (98.0) 1 (2.0) 966 1017 51 FR 54 (100.0) 945 999 54 GB-GBN 57 (96.6) 2 (3.4) 934 993 59 GB-NIR 23 (100.0) 293 316 23 GR 22 (95.7) 1 (4.3) 977 1000 23 IE 36 (92.3) 3 (7.7) 958 997 39 IT 35 (100.0) 997 1032 35 LU 13 (92.9) 1 (7.1) 288 302 14 NL 54 (100.0) 911 965 54 PT 42 (91.3) 4 (8.7) 954 1000 46 N Sum 544 13 11028 11585 N Valid Sum 544 13 557 printed 27.02.2012 page 182 Eurobarometer 28 - October-November 1987,isocntry M BE 77 (98.7) 1 (1.3) 927 1005 78 DE 40 (100.0) 917 957 40 DK 41 (100.0) 961 1002 41 ES 50 (98.0) 1 (2.0) 966 1017 51 FR 54 (100.0) 945 999 54 GB-GBN 57 (96.6) 2 (3.4) 934 993 59 GB-NIR 23 (100.0) 293 316 23 GR 22 (95.7) 1 (4.3) 977 1000 23 IE 36 (92.3) 3 (7.7) 958 997 39 IT 35 (100.0) 997 1032 35 LU 13 (92.9) 1 (7.1) 288 302 14 NL 54 (100.0) 911 965 54 PT 42 (91.3) 4 (8.7) 954 1000 46 N Sum 544 13 11028 11585 N Valid Sum 544 13 557 printed 27.02.2012 page 182 Eurobarometer 28 - October-November 1987,GESIS Variable Report,208,ZA1713
v180,v180 0 1 9 N Sum N Valid Sum,CHILDREN IN HH ADOPTED CH,isocntry M BE 78 (100.0) 927 1005 78 DE 40 (100.0) 0 (0.0) 917 957 40 DK 41 (100.0) 961 1002 41 ES 51 (100.0) 966 1017 51 FR 53 (98.1) 1 (1.9) 945 999 54 GB-GBN 59 (100.0) 934 993 59 GB-NIR 23 (100.0) 293 316 23 GR 23 (100.0) 977 1000 23 IE 39 (100.0) 958 997 39 IT 35 (100.0) 997 1032 35 LU 14 (100.0) 288 302 14 NL 53 (98.1) 1 (1.9) 911 965 54 PT 46 (100.0) 954 1000 46 N Sum 555 2 11028 11585 N Valid Sum 555 2 557 printed 27.02.2012 page 183 Eurobarometer 28 - October-November 1987,isocntry M BE 78 (100.0) 927 1005 78 DE 40 (100.0) 0 (0.0) 917 957 40 DK 41 (100.0) 961 1002 41 ES 51 (100.0) 966 1017 51 FR 53 (98.1) 1 (1.9) 945 999 54 GB-GBN 59 (100.0) 934 993 59 GB-NIR 23 (100.0) 293 316 23 GR 23 (100.0) 977 1000 23 IE 39 (100.0) 958 997 39 IT 35 (100.0) 997 1032 35 LU 14 (100.0) 288 302 14 NL 53 (98.1) 1 (1.9) 911 965 54 PT 46 (100.0) 954 1000 46 N Sum 555 2 11028 11585 N Valid Sum 555 2 557 printed 27.02.2012 page 183 Eurobarometer 28 - October-November 1987,GESIS Variable Report,209,ZA1713
v181,v181 0 1 9 N Sum N Valid Sum,CHILDREN IN HH OTHER CH,isocntry M BE 75 (96.2) 3 (3.8) 927 1005 78 DE 40 (100.0) 917 957 40 DK 41 (100.0) 961 1002 41 ES 47 (92.2) 4 (7.8) 966 1017 51 FR 53 (98.1) 1 (1.9) 945 999 54 GB-GBN 58 (98.3) 1 (1.7) 934 993 59 GB-NIR 23 (100.0) 293 316 23 GR 23 (100.0) 977 1000 23 IE 39 (100.0) 958 997 39 IT 33 (94.3) 2 (5.7) 997 1032 35 LU 14 (100.0) 288 302 14 NL 54 (100.0) 911 965 54 PT 45 (97.8) 1 (2.2) 954 1000 46 N Sum 545 12 11028 11585 N Valid Sum 545 12 557 printed 27.02.2012 page 184 Eurobarometer 28 - October-November 1987,isocntry M BE 75 (96.2) 3 (3.8) 927 1005 78 DE 40 (100.0) 917 957 40 DK 41 (100.0) 961 1002 41 ES 47 (92.2) 4 (7.8) 966 1017 51 FR 53 (98.1) 1 (1.9) 945 999 54 GB-GBN 58 (98.3) 1 (1.7) 934 993 59 GB-NIR 23 (100.0) 293 316 23 GR 23 (100.0) 977 1000 23 IE 39 (100.0) 958 997 39 IT 33 (94.3) 2 (5.7) 997 1032 35 LU 14 (100.0) 288 302 14 NL 54 (100.0) 911 965 54 PT 45 (97.8) 1 (2.2) 954 1000 46 N Sum 545 12 11028 11585 N Valid Sum 545 12 557 printed 27.02.2012 page 184 Eurobarometer 28 - October-November 1987,GESIS Variable Report,210,ZA1713
v182,v182 0 1 9 N Sum N Valid Sum,CHILDREN IN HH CH OF FAMILY MEMBER,isocntry M BE 57 (73.1) 21 (26.9) 927 1005 78 DE 31 (77.5) 9 (22.5) 917 957 40 DK 38 (92.7) 3 (7.3) 961 1002 41 ES 23 (45.1) 28 (54.9) 966 1017 51 FR 39 (72.2) 15 (27.8) 945 999 54 GB-GBN 50 (86.2) 8 (13.8) 934 992 58 GB-NIR 13 (56.5) 10 (43.5) 293 316 23 GR 20 (87.0) 3 (13.0) 977 1000 23 IE 26 (66.7) 13 (33.3) 958 997 39 IT 23 (65.7) 12 (34.3) 997 1032 35 LU 12 (85.7) 2 (14.3) 288 302 14 NL 33 (61.1) 21 (38.9) 911 965 54 PT 36 (78.3) 10 (21.7) 954 1000 46 N Sum 401 155 11028 11584 N Valid Sum 401 155 556 printed 27.02.2012 page 185 Eurobarometer 28 - October-November 1987,isocntry M BE 57 (73.1) 21 (26.9) 927 1005 78 DE 31 (77.5) 9 (22.5) 917 957 40 DK 38 (92.7) 3 (7.3) 961 1002 41 ES 23 (45.1) 28 (54.9) 966 1017 51 FR 39 (72.2) 15 (27.8) 945 999 54 GB-GBN 50 (86.2) 8 (13.8) 934 992 58 GB-NIR 13 (56.5) 10 (43.5) 293 316 23 GR 20 (87.0) 3 (13.0) 977 1000 23 IE 26 (66.7) 13 (33.3) 958 997 39 IT 23 (65.7) 12 (34.3) 997 1032 35 LU 12 (85.7) 2 (14.3) 288 302 14 NL 33 (61.1) 21 (38.9) 911 965 54 PT 36 (78.3) 10 (21.7) 954 1000 46 N Sum 401 155 11028 11584 N Valid Sum 401 155 556 printed 27.02.2012 page 185 Eurobarometer 28 - October-November 1987,GESIS Variable Report,211,ZA1713
v183,,HOUSEHOLD SITUATION - REASON,,HOUSEHOLD SITUATION - REASON,GESIS Variable Report,212,ZA1713
v184,v184 0 1 9 N Sum N Valid Sum,FINANCIAL AID SOURCE NONE,isocntry M BE 60 (76.9) 18 (23.1) 927 1005 78 DE 33 (82.5) 7 (17.5) 917 957 40 DK 38 (92.7) 3 (7.3) 961 1002 41 ES 31 (60.8) 20 (39.2) 966 1017 51 FR 30 (55.6) 24 (44.4) 945 999 54 GB-GBN 45 (76.3) 14 (23.7) 934 993 59 GB-NIR 18 (78.3) 5 (21.7) 293 316 23 GR 9 (39.1) 14 (60.9) 977 1000 23 IE 24 (61.5) 15 (38.5) 958 997 39 IT 14 (40.0) 21 (60.0) 997 1032 35 LU 9 (64.3) 5 (35.7) 288 302 14 NL 29 (53.7) 25 (46.3) 911 965 54 PT 26 (56.5) 20 (43.5) 954 1000 46 N Sum 366 191 11028 11585 N Valid Sum 366 191 557 printed 27.02.2012 page 187 Eurobarometer 28 - October-November 1987,isocntry M BE 60 (76.9) 18 (23.1) 927 1005 78 DE 33 (82.5) 7 (17.5) 917 957 40 DK 38 (92.7) 3 (7.3) 961 1002 41 ES 31 (60.8) 20 (39.2) 966 1017 51 FR 30 (55.6) 24 (44.4) 945 999 54 GB-GBN 45 (76.3) 14 (23.7) 934 993 59 GB-NIR 18 (78.3) 5 (21.7) 293 316 23 GR 9 (39.1) 14 (60.9) 977 1000 23 IE 24 (61.5) 15 (38.5) 958 997 39 IT 14 (40.0) 21 (60.0) 997 1032 35 LU 9 (64.3) 5 (35.7) 288 302 14 NL 29 (53.7) 25 (46.3) 911 965 54 PT 26 (56.5) 20 (43.5) 954 1000 46 N Sum 366 191 11028 11585 N Valid Sum 366 191 557 printed 27.02.2012 page 187 Eurobarometer 28 - October-November 1987,GESIS Variable Report,213,ZA1713
v185,v185 0 1 9 N Sum N Valid Sum,FINANCIAL AID SOURCE MAINTENANCE PAYMENT,isocntry M BE 51 (65.4) 27 (34.6) 927 1005 78 DE 29 (72.5) 11 (27.5) 917 957 40 DK 16 (39.0) 25 (61.0) 961 1002 41 ES 48 (94.1) 3 (5.9) 966 1017 51 FR 46 (85.2) 8 (14.8) 945 999 54 GB-GBN 43 (74.1) 15 (25.9) 934 992 58 GB-NIR 21 (91.3) 2 (8.7) 293 316 23 GR 20 (87.0) 3 (13.0) 977 1000 23 IE 35 (89.7) 4 (10.3) 958 997 39 IT 32 (91.4) 3 (8.6) 997 1032 35 LU 11 (78.6) 3 (21.4) 288 302 14 NL 44 (81.5) 10 (18.5) 911 965 54 PT 35 (76.1) 11 (23.9) 954 1000 46 N Sum 431 125 11028 11584 N Valid Sum 431 125 556 printed 27.02.2012 page 188 Eurobarometer 28 - October-November 1987,isocntry M BE 51 (65.4) 27 (34.6) 927 1005 78 DE 29 (72.5) 11 (27.5) 917 957 40 DK 16 (39.0) 25 (61.0) 961 1002 41 ES 48 (94.1) 3 (5.9) 966 1017 51 FR 46 (85.2) 8 (14.8) 945 999 54 GB-GBN 43 (74.1) 15 (25.9) 934 992 58 GB-NIR 21 (91.3) 2 (8.7) 293 316 23 GR 20 (87.0) 3 (13.0) 977 1000 23 IE 35 (89.7) 4 (10.3) 958 997 39 IT 32 (91.4) 3 (8.6) 997 1032 35 LU 11 (78.6) 3 (21.4) 288 302 14 NL 44 (81.5) 10 (18.5) 911 965 54 PT 35 (76.1) 11 (23.9) 954 1000 46 N Sum 431 125 11028 11584 N Valid Sum 431 125 556 printed 27.02.2012 page 188 Eurobarometer 28 - October-November 1987,GESIS Variable Report,214,ZA1713
v186,v186 0 1 9 N Sum N Valid Sum,FINANCIAL AID SOURCE FAMILY MEMBER,isocntry M BE 77 (98.7) 1 (1.3) 927 1005 78 DE 40 (100.0) 917 957 40 DK 41 (100.0) 961 1002 41 ES 46 (90.2) 5 (9.8) 966 1017 51 FR 51 (94.4) 3 (5.6) 945 999 54 GB-GBN 57 (98.3) 1 (1.7) 934 992 58 GB-NIR 19 (82.6) 4 (17.4) 293 316 23 GR 20 (87.0) 3 (13.0) 977 1000 23 IE 34 (87.2) 5 (12.8) 958 997 39 IT 32 (91.4) 3 (8.6) 997 1032 35 LU 14 (100.0) 288 302 14 NL 53 (98.1) 1 (1.9) 911 965 54 PT 44 (95.7) 2 (4.3) 954 1000 46 N Sum 528 28 11028 11584 N Valid Sum 528 28 556 printed 27.02.2012 page 189 Eurobarometer 28 - October-November 1987,isocntry M BE 77 (98.7) 1 (1.3) 927 1005 78 DE 40 (100.0) 917 957 40 DK 41 (100.0) 961 1002 41 ES 46 (90.2) 5 (9.8) 966 1017 51 FR 51 (94.4) 3 (5.6) 945 999 54 GB-GBN 57 (98.3) 1 (1.7) 934 992 58 GB-NIR 19 (82.6) 4 (17.4) 293 316 23 GR 20 (87.0) 3 (13.0) 977 1000 23 IE 34 (87.2) 5 (12.8) 958 997 39 IT 32 (91.4) 3 (8.6) 997 1032 35 LU 14 (100.0) 288 302 14 NL 53 (98.1) 1 (1.9) 911 965 54 PT 44 (95.7) 2 (4.3) 954 1000 46 N Sum 528 28 11028 11584 N Valid Sum 528 28 556 printed 27.02.2012 page 189 Eurobarometer 28 - October-November 1987,GESIS Variable Report,215,ZA1713
v187,v187 0 1 9 N Sum N Valid Sum,FINANCIAL AID SOURCE BASIC FAM ALLOWANCE,isocntry M BE 37 (47.4) 41 (52.6) 927 1005 78 DE 29 (70.7) 12 (29.3) 917 958 41 DK 24 (58.5) 17 (41.5) 961 1002 41 ES 45 (88.2) 6 (11.8) 966 1017 51 FR 35 (64.8) 19 (35.2) 945 999 54 GB-GBN 40 (69.0) 18 (31.0) 934 992 58 GB-NIR 18 (78.3) 5 (21.7) 293 316 23 GR 22 (95.7) 1 (4.3) 977 1000 23 IE 37 (94.9) 2 (5.1) 958 997 39 IT 34 (97.1) 1 (2.9) 997 1032 35 LU 11 (78.6) 3 (21.4) 288 302 14 NL 30 (55.6) 24 (44.4) 911 965 54 PT 37 (80.4) 9 (19.6) 954 1000 46 N Sum 399 158 11028 11585 N Valid Sum 399 158 557 printed 27.02.2012 page 190 Eurobarometer 28 - October-November 1987,isocntry M BE 37 (47.4) 41 (52.6) 927 1005 78 DE 29 (70.7) 12 (29.3) 917 958 41 DK 24 (58.5) 17 (41.5) 961 1002 41 ES 45 (88.2) 6 (11.8) 966 1017 51 FR 35 (64.8) 19 (35.2) 945 999 54 GB-GBN 40 (69.0) 18 (31.0) 934 992 58 GB-NIR 18 (78.3) 5 (21.7) 293 316 23 GR 22 (95.7) 1 (4.3) 977 1000 23 IE 37 (94.9) 2 (5.1) 958 997 39 IT 34 (97.1) 1 (2.9) 997 1032 35 LU 11 (78.6) 3 (21.4) 288 302 14 NL 30 (55.6) 24 (44.4) 911 965 54 PT 37 (80.4) 9 (19.6) 954 1000 46 N Sum 399 158 11028 11585 N Valid Sum 399 158 557 printed 27.02.2012 page 190 Eurobarometer 28 - October-November 1987,GESIS Variable Report,216,ZA1713
v188,v188 0 1 9 N Sum N Valid Sum,FINANCIAL AID SOURCE SPEC FAM ALLOWANCE,isocntry M BE 76 (97.4) 2 (2.6) 927 1005 78 DE 34 (85.0) 6 (15.0) 917 957 40 DK 20 (48.8) 21 (51.2) 961 1002 41 ES 50 (98.0) 1 (2.0) 966 1017 51 FR 52 (98.1) 1 (1.9) 945 998 53 GB-GBN 50 (84.7) 9 (15.3) 934 993 59 GB-NIR 21 (91.3) 2 (8.7) 293 316 23 GR 22 (95.7) 1 (4.3) 977 1000 23 IE 30 (76.9) 9 (23.1) 958 997 39 IT 35 (100.0) 997 1032 35 LU 13 (92.9) 1 (7.1) 288 302 14 NL 40 (74.1) 14 (25.9) 911 965 54 PT 41 (89.1) 5 (10.9) 954 1000 46 N Sum 484 72 11028 11584 N Valid Sum 484 72 556 printed 27.02.2012 page 191 Eurobarometer 28 - October-November 1987,isocntry M BE 76 (97.4) 2 (2.6) 927 1005 78 DE 34 (85.0) 6 (15.0) 917 957 40 DK 20 (48.8) 21 (51.2) 961 1002 41 ES 50 (98.0) 1 (2.0) 966 1017 51 FR 52 (98.1) 1 (1.9) 945 998 53 GB-GBN 50 (84.7) 9 (15.3) 934 993 59 GB-NIR 21 (91.3) 2 (8.7) 293 316 23 GR 22 (95.7) 1 (4.3) 977 1000 23 IE 30 (76.9) 9 (23.1) 958 997 39 IT 35 (100.0) 997 1032 35 LU 13 (92.9) 1 (7.1) 288 302 14 NL 40 (74.1) 14 (25.9) 911 965 54 PT 41 (89.1) 5 (10.9) 954 1000 46 N Sum 484 72 11028 11584 N Valid Sum 484 72 556 printed 27.02.2012 page 191 Eurobarometer 28 - October-November 1987,GESIS Variable Report,217,ZA1713
v189,v189 0 1 9 N Sum N Valid Sum,FINANCIAL AID SOURCE PUBLIC FUNDS,isocntry M BE 73 (93.6) 5 (6.4) 927 1005 78 DE 38 (95.0) 2 (5.0) 917 957 40 DK 33 (80.5) 8 (19.5) 961 1002 41 ES 47 (92.2) 4 (7.8) 966 1017 51 FR 53 (98.1) 1 (1.9) 945 999 54 GB-GBN 41 (70.7) 17 (29.3) 934 992 58 GB-NIR 16 (69.6) 7 (30.4) 293 316 23 GR 22 (95.7) 1 (4.3) 977 1000 23 IE 36 (92.3) 3 (7.7) 958 997 39 IT 33 (94.3) 2 (5.7) 997 1032 35 LU 14 (100.0) 288 302 14 NL 50 (92.6) 4 (7.4) 911 965 54 PT 44 (95.7) 2 (4.3) 954 1000 46 N Sum 500 56 11028 11584 N Valid Sum 500 56 556 printed 27.02.2012 page 192 Eurobarometer 28 - October-November 1987,isocntry M BE 73 (93.6) 5 (6.4) 927 1005 78 DE 38 (95.0) 2 (5.0) 917 957 40 DK 33 (80.5) 8 (19.5) 961 1002 41 ES 47 (92.2) 4 (7.8) 966 1017 51 FR 53 (98.1) 1 (1.9) 945 999 54 GB-GBN 41 (70.7) 17 (29.3) 934 992 58 GB-NIR 16 (69.6) 7 (30.4) 293 316 23 GR 22 (95.7) 1 (4.3) 977 1000 23 IE 36 (92.3) 3 (7.7) 958 997 39 IT 33 (94.3) 2 (5.7) 997 1032 35 LU 14 (100.0) 288 302 14 NL 50 (92.6) 4 (7.4) 911 965 54 PT 44 (95.7) 2 (4.3) 954 1000 46 N Sum 500 56 11028 11584 N Valid Sum 500 56 556 printed 27.02.2012 page 192 Eurobarometer 28 - October-November 1987,GESIS Variable Report,218,ZA1713
v190,v190 0 1 9 N Sum N Valid Sum,FINANCIAL AID SOURCE OTHER PRIVATE,isocntry M BE 76 (97.4) 2 (2.6) 927 1005 78 DE 39 (97.5) 1 (2.5) 917 957 40 DK 41 (100.0) 0 (0.0) 961 1002 41 ES 49 (96.1) 2 (3.9) 966 1017 51 FR 54 (100.0) 945 999 54 GB-GBN 57 (96.6) 2 (3.4) 934 993 59 GB-NIR 22 (95.7) 1 (4.3) 293 316 23 GR 23 (100.0) 977 1000 23 IE 37 (94.9) 2 (5.1) 958 997 39 IT 35 (100.0) 997 1032 35 LU 14 (100.0) 288 302 14 NL 52 (96.3) 2 (3.7) 911 965 54 PT 43 (93.5) 3 (6.5) 954 1000 46 N Sum 542 15 11028 11585 N Valid Sum 542 15 557 printed 27.02.2012 page 193 Eurobarometer 28 - October-November 1987,isocntry M BE 76 (97.4) 2 (2.6) 927 1005 78 DE 39 (97.5) 1 (2.5) 917 957 40 DK 41 (100.0) 0 (0.0) 961 1002 41 ES 49 (96.1) 2 (3.9) 966 1017 51 FR 54 (100.0) 945 999 54 GB-GBN 57 (96.6) 2 (3.4) 934 993 59 GB-NIR 22 (95.7) 1 (4.3) 293 316 23 GR 23 (100.0) 977 1000 23 IE 37 (94.9) 2 (5.1) 958 997 39 IT 35 (100.0) 997 1032 35 LU 14 (100.0) 288 302 14 NL 52 (96.3) 2 (3.7) 911 965 54 PT 43 (93.5) 3 (6.5) 954 1000 46 N Sum 542 15 11028 11585 N Valid Sum 542 15 557 printed 27.02.2012 page 193 Eurobarometer 28 - October-November 1987,GESIS Variable Report,219,ZA1713
v191,,PROBLEMS REGIONAL DEVELOPMENT,,PROBLEMS REGIONAL DEVELOPMENT,GESIS Variable Report,220,ZA1713
v192,,DECISION REGIONAL DEVELOPMENT,,DECISION REGIONAL DEVELOPMENT,GESIS Variable Report,221,ZA1713
v193,,PROBLEMS ENERGY SUPPLIES,,PROBLEMS ENERGY SUPPLIES,GESIS Variable Report,222,ZA1713
v194,v194 0 1 2 N Sum N Valid Sum,DECISION ENERGY SUPPLIES,isocntry M BE 201 614 (76.4) 190 (23.6) 1005 804 DE 37 732 (79.6) 188 (20.4) 957 920 DK 90 535 (58.7) 377 (41.3) 1002 912 ES 268 499 (66.7) 249 (33.3) 1016 748 FR 51 717 (75.6) 231 (24.4) 999 948 GB-GBN 131 574 (66.6) 288 (33.4) 993 862 GB-NIR 22 176 (59.9) 118 (40.1) 316 294 GR 159 526 (62.5) 315 (37.5) 1000 841 IE 82 523 (57.2) 392 (42.8) 997 915 IT 65 810 (83.8) 157 (16.2) 1032 967 LU 10 262 (89.7) 30 (10.3) 302 292 NL 57 716 (78.9) 191 (21.1) 964 907 PT 367 453 (71.6) 180 (28.4) 1000 633 N Sum 1540 7137 2906 11583 N Valid Sum 7137 2906 10043 printed 27.02.2012 page 197 Eurobarometer 28 - October-November 1987,isocntry M BE 201 614 (76.4) 190 (23.6) 1005 804 DE 37 732 (79.6) 188 (20.4) 957 920 DK 90 535 (58.7) 377 (41.3) 1002 912 ES 268 499 (66.7) 249 (33.3) 1016 748 FR 51 717 (75.6) 231 (24.4) 999 948 GB-GBN 131 574 (66.6) 288 (33.4) 993 862 GB-NIR 22 176 (59.9) 118 (40.1) 316 294 GR 159 526 (62.5) 315 (37.5) 1000 841 IE 82 523 (57.2) 392 (42.8) 997 915 IT 65 810 (83.8) 157 (16.2) 1032 967 LU 10 262 (89.7) 30 (10.3) 302 292 NL 57 716 (78.9) 191 (21.1) 964 907 PT 367 453 (71.6) 180 (28.4) 1000 633 N Sum 1540 7137 2906 11583 N Valid Sum 7137 2906 10043 printed 27.02.2012 page 197 Eurobarometer 28 - October-November 1987,GESIS Variable Report,223,ZA1713
v195,,PROBLEMS REDUCE INCOME DIFFERENCES,,PROBLEMS REDUCE INCOME DIFFERENCES,GESIS Variable Report,224,ZA1713
v196,v196 0 1 2 N Sum N Valid Sum,DECISION REDUCE INCOME DIFFERENCES,isocntry M BE 233 545 (70.6) 227 (29.4) 1005 772 DE 72 678 (76.5) 208 (23.5) 958 886 DK 169 340 (40.8) 493 (59.2) 1002 833 ES 258 513 (67.7) 245 (32.3) 1016 758 FR 73 618 (66.7) 308 (33.3) 999 926 GB-GBN 227 366 (47.8) 400 (52.2) 993 766 GB-NIR 44 162 (59.6) 110 (40.4) 316 272 GR 136 518 (60.0) 346 (40.0) 1000 864 IE 106 517 (58.0) 374 (42.0) 997 891 IT 91 644 (68.4) 297 (31.6) 1032 941 LU 25 226 (81.6) 51 (18.4) 302 277 NL 115 609 (71.6) 241 (28.4) 965 850 PT 259 543 (73.3) 198 (26.7) 1000 741 N Sum 1808 6279 3498 11585 N Valid Sum 6279 3498 9777 printed 27.02.2012 page 199 Eurobarometer 28 - October-November 1987,isocntry M BE 233 545 (70.6) 227 (29.4) 1005 772 DE 72 678 (76.5) 208 (23.5) 958 886 DK 169 340 (40.8) 493 (59.2) 1002 833 ES 258 513 (67.7) 245 (32.3) 1016 758 FR 73 618 (66.7) 308 (33.3) 999 926 GB-GBN 227 366 (47.8) 400 (52.2) 993 766 GB-NIR 44 162 (59.6) 110 (40.4) 316 272 GR 136 518 (60.0) 346 (40.0) 1000 864 IE 106 517 (58.0) 374 (42.0) 997 891 IT 91 644 (68.4) 297 (31.6) 1032 941 LU 25 226 (81.6) 51 (18.4) 302 277 NL 115 609 (71.6) 241 (28.4) 965 850 PT 259 543 (73.3) 198 (26.7) 1000 741 N Sum 1808 6279 3498 11585 N Valid Sum 6279 3498 9777 printed 27.02.2012 page 199 Eurobarometer 28 - October-November 1987,GESIS Variable Report,225,ZA1713
v197,,PROBLEMS FIGHTING TERRORISM,,PROBLEMS FIGHTING TERRORISM,GESIS Variable Report,226,ZA1713
v198,v198 0 1 2 N Sum N Valid Sum,DECISION FIGHTING TERRORISM,isocntry M BE 192 669 (82.3) 144 (17.7) 1005 813 DE 51 844 (93.2) 62 (6.8) 957 906 DK 62 817 (86.9) 123 (13.1) 1002 940 ES 248 576 (74.9) 193 (25.1) 1017 769 FR 38 883 (91.8) 79 (8.2) 1000 962 GB-GBN 133 750 (87.2) 110 (12.8) 993 860 GB-NIR 19 190 (64.0) 107 (36.0) 316 297 GR 129 589 (67.6) 282 (32.4) 1000 871 IE 69 574 (61.9) 354 (38.1) 997 928 IT 48 891 (90.5) 93 (9.5) 1032 984 LU 9 284 (96.9) 9 (3.1) 302 293 NL 55 816 (89.7) 94 (10.3) 965 910 PT 259 634 (85.6) 107 (14.4) 1000 741 N Sum 1312 8517 1757 11586 N Valid Sum 8517 1757 10274 printed 27.02.2012 page 201 Eurobarometer 28 - October-November 1987,isocntry M BE 192 669 (82.3) 144 (17.7) 1005 813 DE 51 844 (93.2) 62 (6.8) 957 906 DK 62 817 (86.9) 123 (13.1) 1002 940 ES 248 576 (74.9) 193 (25.1) 1017 769 FR 38 883 (91.8) 79 (8.2) 1000 962 GB-GBN 133 750 (87.2) 110 (12.8) 993 860 GB-NIR 19 190 (64.0) 107 (36.0) 316 297 GR 129 589 (67.6) 282 (32.4) 1000 871 IE 69 574 (61.9) 354 (38.1) 997 928 IT 48 891 (90.5) 93 (9.5) 1032 984 LU 9 284 (96.9) 9 (3.1) 302 293 NL 55 816 (89.7) 94 (10.3) 965 910 PT 259 634 (85.6) 107 (14.4) 1000 741 N Sum 1312 8517 1757 11586 N Valid Sum 8517 1757 10274 printed 27.02.2012 page 201 Eurobarometer 28 - October-November 1987,GESIS Variable Report,227,ZA1713
v199,,PROBLEMS DEVELOPMENTAL AID,,PROBLEMS DEVELOPMENTAL AID,GESIS Variable Report,228,ZA1713
v200,v200 0 1 2 N Sum N Valid Sum,DECISION DEVELOPMENTAL AID,isocntry M BE 247 607 (80.1) 151 (19.9) 1005 758 DE 59 809 (90.0) 90 (10.0) 958 899 DK 128 708 (81.0) 166 (19.0) 1002 874 ES 253 642 (84.1) 121 (15.9) 1016 763 FR 69 794 (85.4) 136 (14.6) 999 930 GB-GBN 151 695 (82.5) 147 (17.5) 993 842 GB-NIR 18 241 (80.9) 57 (19.1) 316 298 GR 143 627 (73.2) 230 (26.8) 1000 857 IE 80 747 (81.5) 170 (18.5) 997 917 IT 62 881 (90.8) 89 (9.2) 1032 970 LU 13 263 (91.0) 26 (9.0) 302 289 NL 76 751 (84.6) 137 (15.4) 964 888 PT 277 607 (84.0) 116 (16.0) 1000 723 N Sum 1576 8372 1636 11584 N Valid Sum 8372 1636 10008 printed 27.02.2012 page 203 Eurobarometer 28 - October-November 1987,isocntry M BE 247 607 (80.1) 151 (19.9) 1005 758 DE 59 809 (90.0) 90 (10.0) 958 899 DK 128 708 (81.0) 166 (19.0) 1002 874 ES 253 642 (84.1) 121 (15.9) 1016 763 FR 69 794 (85.4) 136 (14.6) 999 930 GB-GBN 151 695 (82.5) 147 (17.5) 993 842 GB-NIR 18 241 (80.9) 57 (19.1) 316 298 GR 143 627 (73.2) 230 (26.8) 1000 857 IE 80 747 (81.5) 170 (18.5) 997 917 IT 62 881 (90.8) 89 (9.2) 1032 970 LU 13 263 (91.0) 26 (9.0) 302 289 NL 76 751 (84.6) 137 (15.4) 964 888 PT 277 607 (84.0) 116 (16.0) 1000 723 N Sum 1576 8372 1636 11584 N Valid Sum 8372 1636 10008 printed 27.02.2012 page 203 Eurobarometer 28 - October-November 1987,GESIS Variable Report,229,ZA1713
v201,,PROBLEMS UNEMPLOYMENT,,PROBLEMS UNEMPLOYMENT,GESIS Variable Report,230,ZA1713
v202,v202 0 1 2 N Sum N Valid Sum,DECISION UNEMPLOYMENT,isocntry M BE 185 522 (63.7) 298 (36.3) 1005 820 DE 29 670 (72.2) 258 (27.8) 957 928 DK 70 331 (35.5) 601 (64.5) 1002 932 ES 239 463 (59.6) 314 (40.4) 1016 777 FR 48 676 (71.0) 276 (29.0) 1000 952 GB-GBN 101 440 (49.3) 452 (50.7) 993 892 GB-NIR 14 150 (49.7) 152 (50.3) 316 302 GR 123 462 (52.7) 415 (47.3) 1000 877 IE 55 400 (42.5) 542 (57.5) 997 942 IT 49 715 (72.7) 268 (27.3) 1032 983 LU 10 222 (76.0) 70 (24.0) 302 292 NL 77 553 (62.3) 334 (37.7) 964 887 PT 244 531 (70.2) 225 (29.8) 1000 756 N Sum 1244 6135 4205 11584 N Valid Sum 6135 4205 10340 printed 27.02.2012 page 205 Eurobarometer 28 - October-November 1987,isocntry M BE 185 522 (63.7) 298 (36.3) 1005 820 DE 29 670 (72.2) 258 (27.8) 957 928 DK 70 331 (35.5) 601 (64.5) 1002 932 ES 239 463 (59.6) 314 (40.4) 1016 777 FR 48 676 (71.0) 276 (29.0) 1000 952 GB-GBN 101 440 (49.3) 452 (50.7) 993 892 GB-NIR 14 150 (49.7) 152 (50.3) 316 302 GR 123 462 (52.7) 415 (47.3) 1000 877 IE 55 400 (42.5) 542 (57.5) 997 942 IT 49 715 (72.7) 268 (27.3) 1032 983 LU 10 222 (76.0) 70 (24.0) 302 292 NL 77 553 (62.3) 334 (37.7) 964 887 PT 244 531 (70.2) 225 (29.8) 1000 756 N Sum 1244 6135 4205 11584 N Valid Sum 6135 4205 10340 printed 27.02.2012 page 205 Eurobarometer 28 - October-November 1987,GESIS Variable Report,231,ZA1713
v203,,PROBLEMS INTERESTS VS SUPER-POWERS,,PROBLEMS INTERESTS VS SUPER-POWERS,GESIS Variable Report,232,ZA1713
v204,v204 0 1 2 N Sum N Valid Sum,DECISION INTERESTS VS SUPER-POWERS,isocntry M BE 247 583 (76.9) 175 (23.1) 1005 758 DE 80 658 (75.0) 219 (25.0) 957 877 DK 160 560 (66.5) 282 (33.5) 1002 842 ES 277 512 (69.3) 227 (30.7) 1016 739 FR 51 746 (78.7) 202 (21.3) 999 948 GB-GBN 135 603 (70.3) 255 (29.7) 993 858 GB-NIR 39 210 (75.8) 67 (24.2) 316 277 GR 148 441 (51.8) 411 (48.2) 1000 852 IE 148 629 (74.1) 220 (25.9) 997 849 IT 107 639 (69.1) 286 (30.9) 1032 925 LU 24 209 (75.2) 69 (24.8) 302 278 NL 218 630 (84.5) 116 (15.5) 964 746 PT 322 427 (63.0) 251 (37.0) 1000 678 N Sum 1956 6847 2780 11583 N Valid Sum 6847 2780 9627 printed 27.02.2012 page 207 Eurobarometer 28 - October-November 1987,isocntry M BE 247 583 (76.9) 175 (23.1) 1005 758 DE 80 658 (75.0) 219 (25.0) 957 877 DK 160 560 (66.5) 282 (33.5) 1002 842 ES 277 512 (69.3) 227 (30.7) 1016 739 FR 51 746 (78.7) 202 (21.3) 999 948 GB-GBN 135 603 (70.3) 255 (29.7) 993 858 GB-NIR 39 210 (75.8) 67 (24.2) 316 277 GR 148 441 (51.8) 411 (48.2) 1000 852 IE 148 629 (74.1) 220 (25.9) 997 849 IT 107 639 (69.1) 286 (30.9) 1032 925 LU 24 209 (75.2) 69 (24.8) 302 278 NL 218 630 (84.5) 116 (15.5) 964 746 PT 322 427 (63.0) 251 (37.0) 1000 678 N Sum 1956 6847 2780 11583 N Valid Sum 6847 2780 9627 printed 27.02.2012 page 207 Eurobarometer 28 - October-November 1987,GESIS Variable Report,233,ZA1713
v205,,PROBLEMS ENVIRONMENTAL PROTECTION,,PROBLEMS ENVIRONMENTAL PROTECTION,GESIS Variable Report,234,ZA1713
v206,v206 0 1 2 N Sum N Valid Sum,DECISION ENVIRONMENTAL PROTECTION,isocntry M BE 194 612 (75.5) 199 (24.5) 1005 811 DE 44 821 (90.0) 91 (10.0) 956 912 DK 63 745 (79.3) 194 (20.7) 1002 939 ES 243 569 (73.6) 204 (26.4) 1016 773 FR 42 762 (79.6) 195 (20.4) 999 957 GB-GBN 91 691 (76.6) 211 (23.4) 993 902 GB-NIR 16 171 (57.0) 129 (43.0) 316 300 GR 126 524 (60.0) 350 (40.0) 1000 874 IE 63 446 (47.8) 488 (52.2) 997 934 IT 39 848 (85.4) 145 (14.6) 1032 993 LU 10 268 (91.8) 24 (8.2) 302 292 NL 86 791 (90.1) 87 (9.9) 964 878 PT 256 569 (76.5) 175 (23.5) 1000 744 N Sum 1273 7817 2492 11582 N Valid Sum 7817 2492 10309 printed 27.02.2012 page 209 Eurobarometer 28 - October-November 1987,isocntry M BE 194 612 (75.5) 199 (24.5) 1005 811 DE 44 821 (90.0) 91 (10.0) 956 912 DK 63 745 (79.3) 194 (20.7) 1002 939 ES 243 569 (73.6) 204 (26.4) 1016 773 FR 42 762 (79.6) 195 (20.4) 999 957 GB-GBN 91 691 (76.6) 211 (23.4) 993 902 GB-NIR 16 171 (57.0) 129 (43.0) 316 300 GR 126 524 (60.0) 350 (40.0) 1000 874 IE 63 446 (47.8) 488 (52.2) 997 934 IT 39 848 (85.4) 145 (14.6) 1032 993 LU 10 268 (91.8) 24 (8.2) 302 292 NL 86 791 (90.1) 87 (9.9) 964 878 PT 256 569 (76.5) 175 (23.5) 1000 744 N Sum 1273 7817 2492 11582 N Valid Sum 7817 2492 10309 printed 27.02.2012 page 209 Eurobarometer 28 - October-November 1987,GESIS Variable Report,235,ZA1713
v207,,PROBLEMS MILITARY DEFENCE,,PROBLEMS MILITARY DEFENCE,GESIS Variable Report,236,ZA1713
v208,,DECISION MILITARY DEFENCE,,DECISION MILITARY DEFENCE,GESIS Variable Report,237,ZA1713
v209,v209 1 2 3 N Sum N Valid Sum,FUTURE LESS INTERNATIONAL TENSIONS,isocntry M BE 316 (33.1) 639 (66.9) 50 1005 955 DE 379 (39.9) 571 (60.1) 7 957 950 DK 329 (32.8) 673 (67.2) 1002 1002 ES 417 (47.5) 460 (52.5) 139 1016 877 FR 330 (41.3) 470 (58.8) 199 999 800 GB-GBN 370 (38.3) 595 (61.7) 28 993 965 GB-NIR 89 (28.6) 222 (71.4) 5 316 311 GR 341 (37.7) 564 (62.3) 95 1000 905 IE 436 (45.2) 528 (54.8) 33 997 964 IT 370 (43.4) 482 (56.6) 180 1032 852 LU 125 (42.4) 170 (57.6) 7 302 295 NL 283 (35.5) 514 (64.5) 168 965 797 PT 487 (53.9) 417 (46.1) 96 1000 904 N Sum 4272 6305 1007 11584 N Valid Sum 4272 6305 10577 printed 27.02.2012 page 212 Eurobarometer 28 - October-November 1987,isocntry M BE 316 (33.1) 639 (66.9) 50 1005 955 DE 379 (39.9) 571 (60.1) 7 957 950 DK 329 (32.8) 673 (67.2) 1002 1002 ES 417 (47.5) 460 (52.5) 139 1016 877 FR 330 (41.3) 470 (58.8) 199 999 800 GB-GBN 370 (38.3) 595 (61.7) 28 993 965 GB-NIR 89 (28.6) 222 (71.4) 5 316 311 GR 341 (37.7) 564 (62.3) 95 1000 905 IE 436 (45.2) 528 (54.8) 33 997 964 IT 370 (43.4) 482 (56.6) 180 1032 852 LU 125 (42.4) 170 (57.6) 7 302 295 NL 283 (35.5) 514 (64.5) 168 965 797 PT 487 (53.9) 417 (46.1) 96 1000 904 N Sum 4272 6305 1007 11584 N Valid Sum 4272 6305 10577 printed 27.02.2012 page 212 Eurobarometer 28 - October-November 1987,GESIS Variable Report,238,ZA1713
v210,v210 1 2 3 N Sum N Valid Sum,FUTURE LIVING STAND ADJUSTM THIRD WORLD,isocntry M BE 274 (28.7) 682 (71.3) 49 1005 956 DE 316 (33.1) 638 (66.9) 4 958 954 DK 225 (22.5) 777 (77.5) 1002 1002 ES 311 (34.9) 580 (65.1) 125 1016 891 FR 274 (30.8) 615 (69.2) 110 999 889 GB-GBN 367 (38.0) 599 (62.0) 27 993 966 GB-NIR 121 (39.9) 182 (60.1) 13 316 303 GR 325 (35.8) 582 (64.2) 93 1000 907 IE 452 (47.3) 504 (52.7) 41 997 956 IT 325 (35.6) 589 (64.4) 118 1032 914 LU 90 (30.3) 207 (69.7) 5 302 297 NL 211 (25.3) 622 (74.7) 132 965 833 PT 418 (47.0) 471 (53.0) 111 1000 889 N Sum 3709 7048 828 11585 N Valid Sum 3709 7048 10757 printed 27.02.2012 page 213 Eurobarometer 28 - October-November 1987,isocntry M BE 274 (28.7) 682 (71.3) 49 1005 956 DE 316 (33.1) 638 (66.9) 4 958 954 DK 225 (22.5) 777 (77.5) 1002 1002 ES 311 (34.9) 580 (65.1) 125 1016 891 FR 274 (30.8) 615 (69.2) 110 999 889 GB-GBN 367 (38.0) 599 (62.0) 27 993 966 GB-NIR 121 (39.9) 182 (60.1) 13 316 303 GR 325 (35.8) 582 (64.2) 93 1000 907 IE 452 (47.3) 504 (52.7) 41 997 956 IT 325 (35.6) 589 (64.4) 118 1032 914 LU 90 (30.3) 207 (69.7) 5 302 297 NL 211 (25.3) 622 (74.7) 132 965 833 PT 418 (47.0) 471 (53.0) 111 1000 889 N Sum 3709 7048 828 11585 N Valid Sum 3709 7048 10757 printed 27.02.2012 page 213 Eurobarometer 28 - October-November 1987,GESIS Variable Report,239,ZA1713
v211,v211 1 2 3 N Sum N Valid Sum,FUTURE LESS FAMINE IN THE WORLD,isocntry M BE 294 (30.7) 664 (69.3) 47 1005 958 DE 292 (30.7) 659 (69.3) 6 957 951 DK 244 (24.4) 758 (75.6) 1002 1002 ES 373 (41.9) 517 (58.1) 126 1016 890 FR 355 (39.1) 552 (60.9) 93 1000 907 GB-GBN 354 (36.5) 615 (63.5) 24 993 969 GB-NIR 109 (35.2) 201 (64.8) 6 316 310 GR 477 (52.8) 426 (47.2) 97 1000 903 IE 498 (51.7) 466 (48.3) 33 997 964 IT 472 (51.8) 439 (48.2) 121 1032 911 LU 91 (31.0) 203 (69.0) 8 302 294 NL 210 (24.4) 649 (75.6) 106 965 859 PT 470 (51.5) 442 (48.5) 88 1000 912 N Sum 4239 6591 755 11585 N Valid Sum 4239 6591 10830 printed 27.02.2012 page 214 Eurobarometer 28 - October-November 1987,isocntry M BE 294 (30.7) 664 (69.3) 47 1005 958 DE 292 (30.7) 659 (69.3) 6 957 951 DK 244 (24.4) 758 (75.6) 1002 1002 ES 373 (41.9) 517 (58.1) 126 1016 890 FR 355 (39.1) 552 (60.9) 93 1000 907 GB-GBN 354 (36.5) 615 (63.5) 24 993 969 GB-NIR 109 (35.2) 201 (64.8) 6 316 310 GR 477 (52.8) 426 (47.2) 97 1000 903 IE 498 (51.7) 466 (48.3) 33 997 964 IT 472 (51.8) 439 (48.2) 121 1032 911 LU 91 (31.0) 203 (69.0) 8 302 294 NL 210 (24.4) 649 (75.6) 106 965 859 PT 470 (51.5) 442 (48.5) 88 1000 912 N Sum 4239 6591 755 11585 N Valid Sum 4239 6591 10830 printed 27.02.2012 page 214 Eurobarometer 28 - October-November 1987,GESIS Variable Report,240,ZA1713
v212,v212 1 2 3 N Sum N Valid Sum,FUTURE SCIENTIFIC PROGRESS FOR POOREST,isocntry M BE 601 (63.0) 353 (37.0) 51 1005 954 DE 579 (60.8) 373 (39.2) 5 957 952 DK 596 (59.5) 406 (40.5) 1002 1002 ES 558 (63.6) 320 (36.4) 139 1017 878 FR 625 (69.4) 276 (30.6) 98 999 901 GB-GBN 723 (74.1) 253 (25.9) 17 993 976 GB-NIR 236 (76.6) 72 (23.4) 8 316 308 GR 633 (69.9) 273 (30.1) 94 1000 906 IE 716 (74.6) 244 (25.4) 37 997 960 IT 678 (75.1) 225 (24.9) 129 1032 903 LU 198 (66.9) 98 (33.1) 6 302 296 NL 516 (64.3) 287 (35.7) 161 964 803 PT 568 (63.0) 333 (37.0) 99 1000 901 N Sum 7227 3513 844 11584 N Valid Sum 7227 3513 10740 printed 27.02.2012 page 215 Eurobarometer 28 - October-November 1987,isocntry M BE 601 (63.0) 353 (37.0) 51 1005 954 DE 579 (60.8) 373 (39.2) 5 957 952 DK 596 (59.5) 406 (40.5) 1002 1002 ES 558 (63.6) 320 (36.4) 139 1017 878 FR 625 (69.4) 276 (30.6) 98 999 901 GB-GBN 723 (74.1) 253 (25.9) 17 993 976 GB-NIR 236 (76.6) 72 (23.4) 8 316 308 GR 633 (69.9) 273 (30.1) 94 1000 906 IE 716 (74.6) 244 (25.4) 37 997 960 IT 678 (75.1) 225 (24.9) 129 1032 903 LU 198 (66.9) 98 (33.1) 6 302 296 NL 516 (64.3) 287 (35.7) 161 964 803 PT 568 (63.0) 333 (37.0) 99 1000 901 N Sum 7227 3513 844 11584 N Valid Sum 7227 3513 10740 printed 27.02.2012 page 215 Eurobarometer 28 - October-November 1987,GESIS Variable Report,241,ZA1713
v213,v213 1 2 3 N Sum N Valid Sum,FUTURE MUTUAL NORTH-SOUTH CONFIDENCE,isocntry M BE 437 (46.0) 514 (54.0) 54 1005 951 DE 492 (51.7) 459 (48.3) 6 957 951 DK 420 (41.9) 582 (58.1) 1002 1002 ES 514 (59.2) 354 (40.8) 148 1016 868 FR 485 (56.9) 368 (43.1) 146 999 853 GB-GBN 477 (49.5) 487 (50.5) 29 993 964 GB-NIR 143 (47.7) 157 (52.3) 16 316 300 GR 379 (43.2) 498 (56.8) 123 1000 877 IE 561 (58.6) 396 (41.4) 40 997 957 IT 592 (70.6) 247 (29.4) 193 1032 839 LU 186 (63.3) 108 (36.7) 8 302 294 NL 409 (54.6) 340 (45.4) 215 964 749 PT 543 (61.3) 343 (38.7) 114 1000 886 N Sum 5638 4853 1092 11583 N Valid Sum 5638 4853 10491 printed 27.02.2012 page 216 Eurobarometer 28 - October-November 1987,isocntry M BE 437 (46.0) 514 (54.0) 54 1005 951 DE 492 (51.7) 459 (48.3) 6 957 951 DK 420 (41.9) 582 (58.1) 1002 1002 ES 514 (59.2) 354 (40.8) 148 1016 868 FR 485 (56.9) 368 (43.1) 146 999 853 GB-GBN 477 (49.5) 487 (50.5) 29 993 964 GB-NIR 143 (47.7) 157 (52.3) 16 316 300 GR 379 (43.2) 498 (56.8) 123 1000 877 IE 561 (58.6) 396 (41.4) 40 997 957 IT 592 (70.6) 247 (29.4) 193 1032 839 LU 186 (63.3) 108 (36.7) 8 302 294 NL 409 (54.6) 340 (45.4) 215 964 749 PT 543 (61.3) 343 (38.7) 114 1000 886 N Sum 5638 4853 1092 11583 N Valid Sum 5638 4853 10491 printed 27.02.2012 page 216 Eurobarometer 28 - October-November 1987,GESIS Variable Report,242,ZA1713
v214,v214 1 2 3 N Sum N Valid Sum,FUTURE WORLD RESOURCES MANAGEMENT,isocntry M BE 512 (53.8) 440 (46.2) 53 1005 952 DE 582 (61.3) 367 (38.7) 8 957 949 DK 637 (63.6) 365 (36.4) 1002 1002 ES 520 (61.0) 333 (39.0) 163 1016 853 FR 536 (62.8) 317 (37.2) 146 999 853 GB-GBN 640 (67.1) 314 (32.9) 39 993 954 GB-NIR 217 (71.4) 87 (28.6) 12 316 304 GR 481 (55.2) 390 (44.8) 129 1000 871 IE 694 (72.2) 267 (27.8) 36 997 961 IT 548 (67.7) 261 (32.3) 223 1032 809 LU 224 (75.7) 72 (24.3) 6 302 296 NL 557 (70.2) 236 (29.8) 172 965 793 PT 548 (62.3) 332 (37.7) 120 1000 880 N Sum 6696 3781 1107 11584 N Valid Sum 6696 3781 10477 printed 27.02.2012 page 217 Eurobarometer 28 - October-November 1987,isocntry M BE 512 (53.8) 440 (46.2) 53 1005 952 DE 582 (61.3) 367 (38.7) 8 957 949 DK 637 (63.6) 365 (36.4) 1002 1002 ES 520 (61.0) 333 (39.0) 163 1016 853 FR 536 (62.8) 317 (37.2) 146 999 853 GB-GBN 640 (67.1) 314 (32.9) 39 993 954 GB-NIR 217 (71.4) 87 (28.6) 12 316 304 GR 481 (55.2) 390 (44.8) 129 1000 871 IE 694 (72.2) 267 (27.8) 36 997 961 IT 548 (67.7) 261 (32.3) 223 1032 809 LU 224 (75.7) 72 (24.3) 6 302 296 NL 557 (70.2) 236 (29.8) 172 965 793 PT 548 (62.3) 332 (37.7) 120 1000 880 N Sum 6696 3781 1107 11584 N Valid Sum 6696 3781 10477 printed 27.02.2012 page 217 Eurobarometer 28 - October-November 1987,GESIS Variable Report,243,ZA1713
v215,v215 0 1 N Sum N Valid Sum,DYING OF HUNGER IN BRAZIL,isocntry BE 686 (68.3) 319 (31.7) 1005 1005 DE 748 (78.2) 209 (21.8) 957 957 DK 851 (84.9) 151 (15.1) 1002 1002 ES 857 (84.3) 160 (15.7) 1017 1017 FR 600 (60.1) 399 (39.9) 999 999 GB-GBN 723 (72.8) 270 (27.2) 993 993 GB-NIR 241 (76.3) 75 (23.7) 316 316 GR 815 (81.5) 185 (18.5) 1000 1000 IE 769 (77.1) 228 (22.9) 997 997 IT 756 (73.3) 276 (26.7) 1032 1032 LU 220 (72.8) 82 (27.2) 302 302 NL 769 (79.8) 195 (20.2) 964 964 PT 708 (70.8) 292 (29.2) 1000 1000 N Sum 8743 2841 11584 N Valid Sum 8743 2841 11584 printed 27.02.2012 page 218 Eurobarometer 28 - October-November 1987,isocntry BE 686 (68.3) 319 (31.7) 1005 1005 DE 748 (78.2) 209 (21.8) 957 957 DK 851 (84.9) 151 (15.1) 1002 1002 ES 857 (84.3) 160 (15.7) 1017 1017 FR 600 (60.1) 399 (39.9) 999 999 GB-GBN 723 (72.8) 270 (27.2) 993 993 GB-NIR 241 (76.3) 75 (23.7) 316 316 GR 815 (81.5) 185 (18.5) 1000 1000 IE 769 (77.1) 228 (22.9) 997 997 IT 756 (73.3) 276 (26.7) 1032 1032 LU 220 (72.8) 82 (27.2) 302 302 NL 769 (79.8) 195 (20.2) 964 964 PT 708 (70.8) 292 (29.2) 1000 1000 N Sum 8743 2841 11584 N Valid Sum 8743 2841 11584 printed 27.02.2012 page 218 Eurobarometer 28 - October-November 1987,GESIS Variable Report,244,ZA1713
v216,v216 0 1 N Sum N Valid Sum,DYING OF HUNGER IN ETHIOPIA,isocntry BE 103 (10.2) 902 (89.8) 1005 1005 DE 174 (18.2) 783 (81.8) 957 957 DK 101 (10.1) 901 (89.9) 1002 1002 ES 273 (26.8) 744 (73.2) 1017 1017 FR 108 (10.8) 891 (89.2) 999 999 GB-GBN 59 (5.9) 934 (94.1) 993 993 GB-NIR 16 (5.1) 300 (94.9) 316 316 GR 112 (11.2) 888 (88.8) 1000 1000 IE 74 (7.4) 923 (92.6) 997 997 IT 358 (34.7) 674 (65.3) 1032 1032 LU 25 (8.3) 277 (91.7) 302 302 NL 70 (7.3) 894 (92.7) 964 964 PT 271 (27.1) 729 (72.9) 1000 1000 N Sum 1744 9840 11584 N Valid Sum 1744 9840 11584 printed 27.02.2012 page 219 Eurobarometer 28 - October-November 1987,isocntry BE 103 (10.2) 902 (89.8) 1005 1005 DE 174 (18.2) 783 (81.8) 957 957 DK 101 (10.1) 901 (89.9) 1002 1002 ES 273 (26.8) 744 (73.2) 1017 1017 FR 108 (10.8) 891 (89.2) 999 999 GB-GBN 59 (5.9) 934 (94.1) 993 993 GB-NIR 16 (5.1) 300 (94.9) 316 316 GR 112 (11.2) 888 (88.8) 1000 1000 IE 74 (7.4) 923 (92.6) 997 997 IT 358 (34.7) 674 (65.3) 1032 1032 LU 25 (8.3) 277 (91.7) 302 302 NL 70 (7.3) 894 (92.7) 964 964 PT 271 (27.1) 729 (72.9) 1000 1000 N Sum 1744 9840 11584 N Valid Sum 1744 9840 11584 printed 27.02.2012 page 219 Eurobarometer 28 - October-November 1987,GESIS Variable Report,245,ZA1713
v217,v217 0 1 N Sum N Valid Sum,DYING OF HUNGER IN CHINA,isocntry BE 906 (90.1) 99 (9.9) 1005 1005 DE 890 (93.0) 67 (7.0) 957 957 DK 973 (97.1) 29 (2.9) 1002 1002 ES 873 (85.8) 144 (14.2) 1017 1017 FR 911 (91.2) 88 (8.8) 999 999 GB-GBN 890 (89.6) 103 (10.4) 993 993 GB-NIR 291 (92.1) 25 (7.9) 316 316 GR 932 (93.2) 68 (6.8) 1000 1000 IE 898 (90.1) 99 (9.9) 997 997 IT 924 (89.5) 108 (10.5) 1032 1032 LU 276 (91.4) 26 (8.6) 302 302 NL 908 (94.2) 56 (5.8) 964 964 PT 875 (87.5) 125 (12.5) 1000 1000 N Sum 10547 1037 11584 N Valid Sum 10547 1037 11584 printed 27.02.2012 page 220 Eurobarometer 28 - October-November 1987,isocntry BE 906 (90.1) 99 (9.9) 1005 1005 DE 890 (93.0) 67 (7.0) 957 957 DK 973 (97.1) 29 (2.9) 1002 1002 ES 873 (85.8) 144 (14.2) 1017 1017 FR 911 (91.2) 88 (8.8) 999 999 GB-GBN 890 (89.6) 103 (10.4) 993 993 GB-NIR 291 (92.1) 25 (7.9) 316 316 GR 932 (93.2) 68 (6.8) 1000 1000 IE 898 (90.1) 99 (9.9) 997 997 IT 924 (89.5) 108 (10.5) 1032 1032 LU 276 (91.4) 26 (8.6) 302 302 NL 908 (94.2) 56 (5.8) 964 964 PT 875 (87.5) 125 (12.5) 1000 1000 N Sum 10547 1037 11584 N Valid Sum 10547 1037 11584 printed 27.02.2012 page 220 Eurobarometer 28 - October-November 1987,GESIS Variable Report,246,ZA1713
v218,v218 0 1 N Sum N Valid Sum,DYING OF HUNGER IN SAUDI ARABIA,isocntry BE 944 (93.9) 61 (6.1) 1005 1005 DE 915 (95.6) 42 (4.4) 957 957 DK 971 (96.9) 31 (3.1) 1002 1002 ES 959 (94.3) 58 (5.7) 1017 1017 FR 930 (93.1) 69 (6.9) 999 999 GB-GBN 941 (94.8) 52 (5.2) 993 993 GB-NIR 307 (97.2) 9 (2.8) 316 316 GR 962 (96.2) 38 (3.8) 1000 1000 IE 956 (95.9) 41 (4.1) 997 997 IT 964 (93.4) 68 (6.6) 1032 1032 LU 278 (92.1) 24 (7.9) 302 302 NL 923 (95.6) 42 (4.4) 965 965 PT 904 (90.4) 96 (9.6) 1000 1000 N Sum 10954 631 11585 N Valid Sum 10954 631 11585 printed 27.02.2012 page 221 Eurobarometer 28 - October-November 1987,isocntry BE 944 (93.9) 61 (6.1) 1005 1005 DE 915 (95.6) 42 (4.4) 957 957 DK 971 (96.9) 31 (3.1) 1002 1002 ES 959 (94.3) 58 (5.7) 1017 1017 FR 930 (93.1) 69 (6.9) 999 999 GB-GBN 941 (94.8) 52 (5.2) 993 993 GB-NIR 307 (97.2) 9 (2.8) 316 316 GR 962 (96.2) 38 (3.8) 1000 1000 IE 956 (95.9) 41 (4.1) 997 997 IT 964 (93.4) 68 (6.6) 1032 1032 LU 278 (92.1) 24 (7.9) 302 302 NL 923 (95.6) 42 (4.4) 965 965 PT 904 (90.4) 96 (9.6) 1000 1000 N Sum 10954 631 11585 N Valid Sum 10954 631 11585 printed 27.02.2012 page 221 Eurobarometer 28 - October-November 1987,GESIS Variable Report,247,ZA1713
v219,v219 0 1 N Sum N Valid Sum,DYING OF HUNGER IN INDIA,isocntry BE 457 (45.5) 548 (54.5) 1005 1005 DE 390 (40.8) 567 (59.2) 957 957 DK 407 (40.6) 595 (59.4) 1002 1002 ES 423 (41.6) 593 (58.4) 1016 1016 FR 342 (34.2) 657 (65.8) 999 999 GB-GBN 427 (43.0) 566 (57.0) 993 993 GB-NIR 172 (54.4) 144 (45.6) 316 316 GR 541 (54.1) 459 (45.9) 1000 1000 IE 549 (55.1) 448 (44.9) 997 997 IT 304 (29.5) 728 (70.5) 1032 1032 LU 94 (31.1) 208 (68.9) 302 302 NL 452 (46.8) 513 (53.2) 965 965 PT 609 (60.9) 391 (39.1) 1000 1000 N Sum 5167 6417 11584 N Valid Sum 5167 6417 11584 printed 27.02.2012 page 222 Eurobarometer 28 - October-November 1987,isocntry BE 457 (45.5) 548 (54.5) 1005 1005 DE 390 (40.8) 567 (59.2) 957 957 DK 407 (40.6) 595 (59.4) 1002 1002 ES 423 (41.6) 593 (58.4) 1016 1016 FR 342 (34.2) 657 (65.8) 999 999 GB-GBN 427 (43.0) 566 (57.0) 993 993 GB-NIR 172 (54.4) 144 (45.6) 316 316 GR 541 (54.1) 459 (45.9) 1000 1000 IE 549 (55.1) 448 (44.9) 997 997 IT 304 (29.5) 728 (70.5) 1032 1032 LU 94 (31.1) 208 (68.9) 302 302 NL 452 (46.8) 513 (53.2) 965 965 PT 609 (60.9) 391 (39.1) 1000 1000 N Sum 5167 6417 11584 N Valid Sum 5167 6417 11584 printed 27.02.2012 page 222 Eurobarometer 28 - October-November 1987,GESIS Variable Report,248,ZA1713
v220,v220 0 1 N Sum N Valid Sum,DYING OF HUNGER IN IVORY COAST,isocntry BE 876 (87.2) 129 (12.8) 1005 1005 DE 744 (77.7) 213 (22.3) 957 957 DK 858 (85.6) 144 (14.4) 1002 1002 ES 938 (92.3) 78 (7.7) 1016 1016 FR 909 (91.0) 90 (9.0) 999 999 GB-GBN 850 (85.6) 143 (14.4) 993 993 GB-NIR 290 (91.8) 26 (8.2) 316 316 GR 926 (92.6) 74 (7.4) 1000 1000 IE 910 (91.3) 87 (8.7) 997 997 IT 901 (87.3) 131 (12.7) 1032 1032 LU 272 (90.1) 30 (9.9) 302 302 NL 824 (85.4) 141 (14.6) 965 965 PT 962 (96.2) 38 (3.8) 1000 1000 N Sum 10260 1324 11584 N Valid Sum 10260 1324 11584 printed 27.02.2012 page 223 Eurobarometer 28 - October-November 1987,isocntry BE 876 (87.2) 129 (12.8) 1005 1005 DE 744 (77.7) 213 (22.3) 957 957 DK 858 (85.6) 144 (14.4) 1002 1002 ES 938 (92.3) 78 (7.7) 1016 1016 FR 909 (91.0) 90 (9.0) 999 999 GB-GBN 850 (85.6) 143 (14.4) 993 993 GB-NIR 290 (91.8) 26 (8.2) 316 316 GR 926 (92.6) 74 (7.4) 1000 1000 IE 910 (91.3) 87 (8.7) 997 997 IT 901 (87.3) 131 (12.7) 1032 1032 LU 272 (90.1) 30 (9.9) 302 302 NL 824 (85.4) 141 (14.6) 965 965 PT 962 (96.2) 38 (3.8) 1000 1000 N Sum 10260 1324 11584 N Valid Sum 10260 1324 11584 printed 27.02.2012 page 223 Eurobarometer 28 - October-November 1987,GESIS Variable Report,249,ZA1713
v221,v221 0 1 N Sum N Valid Sum,DYING OF HUNGER IN PERU,isocntry BE 762 (75.8) 243 (24.2) 1005 1005 DE 754 (78.8) 203 (21.2) 957 957 DK 840 (83.8) 162 (16.2) 1002 1002 ES 927 (91.2) 89 (8.8) 1016 1016 FR 787 (78.8) 212 (21.2) 999 999 GB-GBN 774 (77.9) 219 (22.1) 993 993 GB-NIR 267 (84.5) 49 (15.5) 316 316 GR 888 (88.8) 112 (11.2) 1000 1000 IE 773 (77.5) 224 (22.5) 997 997 IT 845 (81.9) 187 (18.1) 1032 1032 LU 233 (77.2) 69 (22.8) 302 302 NL 781 (80.9) 184 (19.1) 965 965 PT 951 (95.1) 49 (4.9) 1000 1000 N Sum 9582 2002 11584 N Valid Sum 9582 2002 11584 printed 27.02.2012 page 224 Eurobarometer 28 - October-November 1987,isocntry BE 762 (75.8) 243 (24.2) 1005 1005 DE 754 (78.8) 203 (21.2) 957 957 DK 840 (83.8) 162 (16.2) 1002 1002 ES 927 (91.2) 89 (8.8) 1016 1016 FR 787 (78.8) 212 (21.2) 999 999 GB-GBN 774 (77.9) 219 (22.1) 993 993 GB-NIR 267 (84.5) 49 (15.5) 316 316 GR 888 (88.8) 112 (11.2) 1000 1000 IE 773 (77.5) 224 (22.5) 997 997 IT 845 (81.9) 187 (18.1) 1032 1032 LU 233 (77.2) 69 (22.8) 302 302 NL 781 (80.9) 184 (19.1) 965 965 PT 951 (95.1) 49 (4.9) 1000 1000 N Sum 9582 2002 11584 N Valid Sum 9582 2002 11584 printed 27.02.2012 page 224 Eurobarometer 28 - October-November 1987,GESIS Variable Report,250,ZA1713
v222,v222 0 1 N Sum N Valid Sum,DYING OF HUNGER IN SIGNAPORE,isocntry BE 865 (86.1) 140 (13.9) 1005 1005 DE 835 (87.3) 122 (12.7) 957 957 DK 937 (93.5) 65 (6.5) 1002 1002 ES 943 (92.8) 73 (7.2) 1016 1016 FR 924 (92.5) 75 (7.5) 999 999 GB-GBN 931 (93.8) 62 (6.2) 993 993 GB-NIR 304 (96.2) 12 (3.8) 316 316 GR 937 (93.7) 63 (6.3) 1000 1000 IE 937 (94.0) 60 (6.0) 997 997 IT 990 (95.9) 42 (4.1) 1032 1032 LU 267 (88.4) 35 (11.6) 302 302 NL 881 (91.3) 84 (8.7) 965 965 PT 935 (93.5) 65 (6.5) 1000 1000 N Sum 10686 898 11584 N Valid Sum 10686 898 11584 printed 27.02.2012 page 225 Eurobarometer 28 - October-November 1987,isocntry BE 865 (86.1) 140 (13.9) 1005 1005 DE 835 (87.3) 122 (12.7) 957 957 DK 937 (93.5) 65 (6.5) 1002 1002 ES 943 (92.8) 73 (7.2) 1016 1016 FR 924 (92.5) 75 (7.5) 999 999 GB-GBN 931 (93.8) 62 (6.2) 993 993 GB-NIR 304 (96.2) 12 (3.8) 316 316 GR 937 (93.7) 63 (6.3) 1000 1000 IE 937 (94.0) 60 (6.0) 997 997 IT 990 (95.9) 42 (4.1) 1032 1032 LU 267 (88.4) 35 (11.6) 302 302 NL 881 (91.3) 84 (8.7) 965 965 PT 935 (93.5) 65 (6.5) 1000 1000 N Sum 10686 898 11584 N Valid Sum 10686 898 11584 printed 27.02.2012 page 225 Eurobarometer 28 - October-November 1987,GESIS Variable Report,251,ZA1713
v223,v223 0 1 N Sum N Valid Sum,DYING OF HUNGER IN BANGLADESH,isocntry BE 331 (32.9) 674 (67.1) 1005 1005 DE 339 (35.4) 618 (64.6) 957 957 DK 178 (17.8) 824 (82.2) 1002 1002 ES 758 (74.5) 259 (25.5) 1017 1017 FR 255 (25.5) 744 (74.5) 999 999 GB-GBN 189 (19.0) 804 (81.0) 993 993 GB-NIR 90 (28.5) 226 (71.5) 316 316 GR 773 (77.3) 227 (22.7) 1000 1000 IE 204 (20.5) 793 (79.5) 997 997 IT 474 (45.9) 558 (54.1) 1032 1032 LU 91 (30.1) 211 (69.9) 302 302 NL 155 (16.1) 810 (83.9) 965 965 PT 788 (78.8) 212 (21.2) 1000 1000 N Sum 4625 6960 11585 N Valid Sum 4625 6960 11585 printed 27.02.2012 page 226 Eurobarometer 28 - October-November 1987,isocntry BE 331 (32.9) 674 (67.1) 1005 1005 DE 339 (35.4) 618 (64.6) 957 957 DK 178 (17.8) 824 (82.2) 1002 1002 ES 758 (74.5) 259 (25.5) 1017 1017 FR 255 (25.5) 744 (74.5) 999 999 GB-GBN 189 (19.0) 804 (81.0) 993 993 GB-NIR 90 (28.5) 226 (71.5) 316 316 GR 773 (77.3) 227 (22.7) 1000 1000 IE 204 (20.5) 793 (79.5) 997 997 IT 474 (45.9) 558 (54.1) 1032 1032 LU 91 (30.1) 211 (69.9) 302 302 NL 155 (16.1) 810 (83.9) 965 965 PT 788 (78.8) 212 (21.2) 1000 1000 N Sum 4625 6960 11585 N Valid Sum 4625 6960 11585 printed 27.02.2012 page 226 Eurobarometer 28 - October-November 1987,GESIS Variable Report,252,ZA1713
v224,v224 0 1 N Sum N Valid Sum,DYING OF HUNGER IN EGYPT,isocntry BE 879 (87.5) 126 (12.5) 1005 1005 DE 890 (93.0) 67 (7.0) 957 957 DK 947 (94.5) 55 (5.5) 1002 1002 ES 951 (93.5) 66 (6.5) 1017 1017 FR 914 (91.5) 85 (8.5) 999 999 GB-GBN 923 (93.0) 70 (7.0) 993 993 GB-NIR 302 (95.6) 14 (4.4) 316 316 GR 920 (92.0) 80 (8.0) 1000 1000 IE 948 (95.1) 49 (4.9) 997 997 IT 984 (95.3) 48 (4.7) 1032 1032 LU 282 (93.4) 20 (6.6) 302 302 NL 909 (94.2) 56 (5.8) 965 965 PT 929 (92.9) 71 (7.1) 1000 1000 N Sum 10778 807 11585 N Valid Sum 10778 807 11585 printed 27.02.2012 page 227 Eurobarometer 28 - October-November 1987,isocntry BE 879 (87.5) 126 (12.5) 1005 1005 DE 890 (93.0) 67 (7.0) 957 957 DK 947 (94.5) 55 (5.5) 1002 1002 ES 951 (93.5) 66 (6.5) 1017 1017 FR 914 (91.5) 85 (8.5) 999 999 GB-GBN 923 (93.0) 70 (7.0) 993 993 GB-NIR 302 (95.6) 14 (4.4) 316 316 GR 920 (92.0) 80 (8.0) 1000 1000 IE 948 (95.1) 49 (4.9) 997 997 IT 984 (95.3) 48 (4.7) 1032 1032 LU 282 (93.4) 20 (6.6) 302 302 NL 909 (94.2) 56 (5.8) 965 965 PT 929 (92.9) 71 (7.1) 1000 1000 N Sum 10778 807 11585 N Valid Sum 10778 807 11585 printed 27.02.2012 page 227 Eurobarometer 28 - October-November 1987,GESIS Variable Report,253,ZA1713
v225,v225 0 1 N Sum N Valid Sum,DYING OF HUNGER IN NONE,isocntry BE 1004 (99.9) 1 (0.1) 1005 1005 DE 943 (98.5) 14 (1.5) 957 957 DK 1000 (99.8) 2 (0.2) 1002 1002 ES 1016 (99.9) 1 (0.1) 1017 1017 FR 996 (99.7) 3 (0.3) 999 999 GB-GBN 992 (99.9) 1 (0.1) 993 993 GB-NIR 316 (100.0) 316 316 GR 997 (99.7) 3 (0.3) 1000 1000 IE 994 (99.7) 3 (0.3) 997 997 IT 1022 (99.0) 10 (1.0) 1032 1032 LU 302 (100.0) 302 302 NL 965 (100.0) 965 965 PT 998 (99.8) 2 (0.2) 1000 1000 N Sum 11545 40 11585 N Valid Sum 11545 40 11585 printed 27.02.2012 page 228 Eurobarometer 28 - October-November 1987,isocntry BE 1004 (99.9) 1 (0.1) 1005 1005 DE 943 (98.5) 14 (1.5) 957 957 DK 1000 (99.8) 2 (0.2) 1002 1002 ES 1016 (99.9) 1 (0.1) 1017 1017 FR 996 (99.7) 3 (0.3) 999 999 GB-GBN 992 (99.9) 1 (0.1) 993 993 GB-NIR 316 (100.0) 316 316 GR 997 (99.7) 3 (0.3) 1000 1000 IE 994 (99.7) 3 (0.3) 997 997 IT 1022 (99.0) 10 (1.0) 1032 1032 LU 302 (100.0) 302 302 NL 965 (100.0) 965 965 PT 998 (99.8) 2 (0.2) 1000 1000 N Sum 11545 40 11585 N Valid Sum 11545 40 11585 printed 27.02.2012 page 228 Eurobarometer 28 - October-November 1987,GESIS Variable Report,254,ZA1713
v226,v226 0 1 N Sum N Valid Sum,DEVELOPMENT & PROGRESS IN BRAZIL,isocntry BE 773 (76.9) 232 (23.1) 1005 1005 DE 676 (70.6) 281 (29.4) 957 957 DK 687 (68.6) 315 (31.4) 1002 1002 ES 757 (74.5) 259 (25.5) 1016 1016 FR 769 (77.0) 230 (23.0) 999 999 GB-GBN 757 (76.2) 236 (23.8) 993 993 GB-NIR 250 (79.1) 66 (20.9) 316 316 GR 827 (82.7) 173 (17.3) 1000 1000 IE 786 (78.8) 211 (21.2) 997 997 IT 658 (63.8) 374 (36.2) 1032 1032 LU 179 (59.3) 123 (40.7) 302 302 NL 716 (74.2) 249 (25.8) 965 965 PT 723 (72.3) 277 (27.7) 1000 1000 N Sum 8558 3026 11584 N Valid Sum 8558 3026 11584 printed 27.02.2012 page 229 Eurobarometer 28 - October-November 1987,isocntry BE 773 (76.9) 232 (23.1) 1005 1005 DE 676 (70.6) 281 (29.4) 957 957 DK 687 (68.6) 315 (31.4) 1002 1002 ES 757 (74.5) 259 (25.5) 1016 1016 FR 769 (77.0) 230 (23.0) 999 999 GB-GBN 757 (76.2) 236 (23.8) 993 993 GB-NIR 250 (79.1) 66 (20.9) 316 316 GR 827 (82.7) 173 (17.3) 1000 1000 IE 786 (78.8) 211 (21.2) 997 997 IT 658 (63.8) 374 (36.2) 1032 1032 LU 179 (59.3) 123 (40.7) 302 302 NL 716 (74.2) 249 (25.8) 965 965 PT 723 (72.3) 277 (27.7) 1000 1000 N Sum 8558 3026 11584 N Valid Sum 8558 3026 11584 printed 27.02.2012 page 229 Eurobarometer 28 - October-November 1987,GESIS Variable Report,255,ZA1713
v227,v227 0 1 N Sum N Valid Sum,DEVELOPMENT & PROGRESS IN ETHIOPIA,isocntry BE 961 (95.6) 44 (4.4) 1005 1005 DE 924 (96.6) 33 (3.4) 957 957 DK 977 (97.5) 25 (2.5) 1002 1002 ES 1004 (98.8) 12 (1.2) 1016 1016 FR 971 (97.2) 28 (2.8) 999 999 GB-GBN 931 (93.8) 62 (6.2) 993 993 GB-NIR 289 (91.5) 27 (8.5) 316 316 GR 984 (98.4) 16 (1.6) 1000 1000 IE 862 (86.5) 135 (13.5) 997 997 IT 971 (94.1) 61 (5.9) 1032 1032 LU 281 (93.0) 21 (7.0) 302 302 NL 914 (94.8) 50 (5.2) 964 964 PT 986 (98.6) 14 (1.4) 1000 1000 N Sum 11055 528 11583 N Valid Sum 11055 528 11583 printed 27.02.2012 page 230 Eurobarometer 28 - October-November 1987,isocntry BE 961 (95.6) 44 (4.4) 1005 1005 DE 924 (96.6) 33 (3.4) 957 957 DK 977 (97.5) 25 (2.5) 1002 1002 ES 1004 (98.8) 12 (1.2) 1016 1016 FR 971 (97.2) 28 (2.8) 999 999 GB-GBN 931 (93.8) 62 (6.2) 993 993 GB-NIR 289 (91.5) 27 (8.5) 316 316 GR 984 (98.4) 16 (1.6) 1000 1000 IE 862 (86.5) 135 (13.5) 997 997 IT 971 (94.1) 61 (5.9) 1032 1032 LU 281 (93.0) 21 (7.0) 302 302 NL 914 (94.8) 50 (5.2) 964 964 PT 986 (98.6) 14 (1.4) 1000 1000 N Sum 11055 528 11583 N Valid Sum 11055 528 11583 printed 27.02.2012 page 230 Eurobarometer 28 - October-November 1987,GESIS Variable Report,256,ZA1713
v228,v228 0 1 N Sum N Valid Sum,DEVELOPMENT & PROGRESS IN CHINA,isocntry BE 442 (44.0) 563 (56.0) 1005 1005 DE 390 (40.8) 567 (59.2) 957 957 DK 225 (22.5) 777 (77.5) 1002 1002 ES 645 (63.5) 371 (36.5) 1016 1016 FR 335 (33.5) 664 (66.5) 999 999 GB-GBN 394 (39.7) 599 (60.3) 993 993 GB-NIR 154 (48.7) 162 (51.3) 316 316 GR 503 (50.3) 497 (49.7) 1000 1000 IE 669 (67.1) 328 (32.9) 997 997 IT 468 (45.3) 564 (54.7) 1032 1032 LU 75 (24.8) 227 (75.2) 302 302 NL 553 (57.4) 411 (42.6) 964 964 PT 676 (67.6) 324 (32.4) 1000 1000 N Sum 5529 6054 11583 N Valid Sum 5529 6054 11583 printed 27.02.2012 page 231 Eurobarometer 28 - October-November 1987,isocntry BE 442 (44.0) 563 (56.0) 1005 1005 DE 390 (40.8) 567 (59.2) 957 957 DK 225 (22.5) 777 (77.5) 1002 1002 ES 645 (63.5) 371 (36.5) 1016 1016 FR 335 (33.5) 664 (66.5) 999 999 GB-GBN 394 (39.7) 599 (60.3) 993 993 GB-NIR 154 (48.7) 162 (51.3) 316 316 GR 503 (50.3) 497 (49.7) 1000 1000 IE 669 (67.1) 328 (32.9) 997 997 IT 468 (45.3) 564 (54.7) 1032 1032 LU 75 (24.8) 227 (75.2) 302 302 NL 553 (57.4) 411 (42.6) 964 964 PT 676 (67.6) 324 (32.4) 1000 1000 N Sum 5529 6054 11583 N Valid Sum 5529 6054 11583 printed 27.02.2012 page 231 Eurobarometer 28 - October-November 1987,GESIS Variable Report,257,ZA1713
v229,v229 0 1 N Sum N Valid Sum,DEVELOPMENT & PROGRESS IN SAUDI ARABIA,isocntry BE 648 (64.5) 357 (35.5) 1005 1005 DE 630 (65.8) 327 (34.2) 957 957 DK 612 (61.1) 390 (38.9) 1002 1002 ES 770 (75.7) 247 (24.3) 1017 1017 FR 640 (64.1) 359 (35.9) 999 999 GB-GBN 539 (54.3) 454 (45.7) 993 993 GB-NIR 177 (56.0) 139 (44.0) 316 316 GR 674 (67.4) 326 (32.6) 1000 1000 IE 650 (65.2) 347 (34.8) 997 997 IT 693 (67.2) 339 (32.8) 1032 1032 LU 199 (65.9) 103 (34.1) 302 302 NL 774 (80.2) 191 (19.8) 965 965 PT 873 (87.3) 127 (12.7) 1000 1000 N Sum 7879 3706 11585 N Valid Sum 7879 3706 11585 printed 27.02.2012 page 232 Eurobarometer 28 - October-November 1987,isocntry BE 648 (64.5) 357 (35.5) 1005 1005 DE 630 (65.8) 327 (34.2) 957 957 DK 612 (61.1) 390 (38.9) 1002 1002 ES 770 (75.7) 247 (24.3) 1017 1017 FR 640 (64.1) 359 (35.9) 999 999 GB-GBN 539 (54.3) 454 (45.7) 993 993 GB-NIR 177 (56.0) 139 (44.0) 316 316 GR 674 (67.4) 326 (32.6) 1000 1000 IE 650 (65.2) 347 (34.8) 997 997 IT 693 (67.2) 339 (32.8) 1032 1032 LU 199 (65.9) 103 (34.1) 302 302 NL 774 (80.2) 191 (19.8) 965 965 PT 873 (87.3) 127 (12.7) 1000 1000 N Sum 7879 3706 11585 N Valid Sum 7879 3706 11585 printed 27.02.2012 page 232 Eurobarometer 28 - October-November 1987,GESIS Variable Report,258,ZA1713
v230,v230 0 1 N Sum N Valid Sum,DEVELOPMENT & PROGRESS IN INDIA,isocntry BE 874 (87.0) 131 (13.0) 1005 1005 DE 781 (81.6) 176 (18.4) 957 957 DK 813 (81.1) 189 (18.9) 1002 1002 ES 959 (94.4) 57 (5.6) 1016 1016 FR 870 (87.1) 129 (12.9) 999 999 GB-GBN 788 (79.4) 205 (20.6) 993 993 GB-NIR 266 (84.2) 50 (15.8) 316 316 GR 906 (90.6) 94 (9.4) 1000 1000 IE 844 (84.7) 153 (15.3) 997 997 IT 934 (90.5) 98 (9.5) 1032 1032 LU 250 (82.8) 52 (17.2) 302 302 NL 707 (73.3) 257 (26.7) 964 964 PT 960 (96.0) 40 (4.0) 1000 1000 N Sum 9952 1631 11583 N Valid Sum 9952 1631 11583 printed 27.02.2012 page 233 Eurobarometer 28 - October-November 1987,isocntry BE 874 (87.0) 131 (13.0) 1005 1005 DE 781 (81.6) 176 (18.4) 957 957 DK 813 (81.1) 189 (18.9) 1002 1002 ES 959 (94.4) 57 (5.6) 1016 1016 FR 870 (87.1) 129 (12.9) 999 999 GB-GBN 788 (79.4) 205 (20.6) 993 993 GB-NIR 266 (84.2) 50 (15.8) 316 316 GR 906 (90.6) 94 (9.4) 1000 1000 IE 844 (84.7) 153 (15.3) 997 997 IT 934 (90.5) 98 (9.5) 1032 1032 LU 250 (82.8) 52 (17.2) 302 302 NL 707 (73.3) 257 (26.7) 964 964 PT 960 (96.0) 40 (4.0) 1000 1000 N Sum 9952 1631 11583 N Valid Sum 9952 1631 11583 printed 27.02.2012 page 233 Eurobarometer 28 - October-November 1987,GESIS Variable Report,259,ZA1713
v231,v231 0 1 N Sum N Valid Sum,DEVELOPMENT & PROGRESS IN IVORY COAST,isocntry BE 848 (84.4) 157 (15.6) 1005 1005 DE 874 (91.3) 83 (8.7) 957 957 DK 954 (95.2) 48 (4.8) 1002 1002 ES 965 (95.0) 51 (5.0) 1016 1016 FR 794 (79.5) 205 (20.5) 999 999 GB-GBN 945 (95.2) 48 (4.8) 993 993 GB-NIR 296 (93.7) 20 (6.3) 316 316 GR 975 (97.5) 25 (2.5) 1000 1000 IE 925 (92.8) 72 (7.2) 997 997 IT 905 (87.7) 127 (12.3) 1032 1032 LU 266 (88.1) 36 (11.9) 302 302 NL 911 (94.5) 53 (5.5) 964 964 PT 962 (96.2) 38 (3.8) 1000 1000 N Sum 10620 963 11583 N Valid Sum 10620 963 11583 printed 27.02.2012 page 234 Eurobarometer 28 - October-November 1987,isocntry BE 848 (84.4) 157 (15.6) 1005 1005 DE 874 (91.3) 83 (8.7) 957 957 DK 954 (95.2) 48 (4.8) 1002 1002 ES 965 (95.0) 51 (5.0) 1016 1016 FR 794 (79.5) 205 (20.5) 999 999 GB-GBN 945 (95.2) 48 (4.8) 993 993 GB-NIR 296 (93.7) 20 (6.3) 316 316 GR 975 (97.5) 25 (2.5) 1000 1000 IE 925 (92.8) 72 (7.2) 997 997 IT 905 (87.7) 127 (12.3) 1032 1032 LU 266 (88.1) 36 (11.9) 302 302 NL 911 (94.5) 53 (5.5) 964 964 PT 962 (96.2) 38 (3.8) 1000 1000 N Sum 10620 963 11583 N Valid Sum 10620 963 11583 printed 27.02.2012 page 234 Eurobarometer 28 - October-November 1987,GESIS Variable Report,260,ZA1713
v232,v232 0 1 N Sum N Valid Sum,DEVELOPMENT & PROGRESS IN PERU,isocntry BE 960 (95.5) 45 (4.5) 1005 1005 DE 897 (93.7) 60 (6.3) 957 957 DK 958 (95.6) 44 (4.4) 1002 1002 ES 954 (93.8) 63 (6.2) 1017 1017 FR 971 (97.2) 28 (2.8) 999 999 GB-GBN 952 (95.9) 41 (4.1) 993 993 GB-NIR 301 (95.3) 15 (4.7) 316 316 GR 972 (97.2) 28 (2.8) 1000 1000 IE 914 (91.7) 83 (8.3) 997 997 IT 979 (94.9) 53 (5.1) 1032 1032 LU 282 (93.4) 20 (6.6) 302 302 NL 917 (95.0) 48 (5.0) 965 965 PT 957 (95.7) 43 (4.3) 1000 1000 N Sum 11014 571 11585 N Valid Sum 11014 571 11585 printed 27.02.2012 page 235 Eurobarometer 28 - October-November 1987,isocntry BE 960 (95.5) 45 (4.5) 1005 1005 DE 897 (93.7) 60 (6.3) 957 957 DK 958 (95.6) 44 (4.4) 1002 1002 ES 954 (93.8) 63 (6.2) 1017 1017 FR 971 (97.2) 28 (2.8) 999 999 GB-GBN 952 (95.9) 41 (4.1) 993 993 GB-NIR 301 (95.3) 15 (4.7) 316 316 GR 972 (97.2) 28 (2.8) 1000 1000 IE 914 (91.7) 83 (8.3) 997 997 IT 979 (94.9) 53 (5.1) 1032 1032 LU 282 (93.4) 20 (6.6) 302 302 NL 917 (95.0) 48 (5.0) 965 965 PT 957 (95.7) 43 (4.3) 1000 1000 N Sum 11014 571 11585 N Valid Sum 11014 571 11585 printed 27.02.2012 page 235 Eurobarometer 28 - October-November 1987,GESIS Variable Report,261,ZA1713
v233,v233 0 1 N Sum N Valid Sum,DEVELOPMENT & PROGRESS IN SIGNAPORE,isocntry BE 861 (85.7) 144 (14.3) 1005 1005 DE 840 (87.8) 117 (12.2) 957 957 DK 762 (76.0) 240 (24.0) 1002 1002 ES 987 (97.1) 30 (2.9) 1017 1017 FR 853 (85.4) 146 (14.6) 999 999 GB-GBN 698 (70.3) 295 (29.7) 993 993 GB-NIR 247 (78.2) 69 (21.8) 316 316 GR 860 (86.0) 140 (14.0) 1000 1000 IE 809 (81.1) 188 (18.9) 997 997 IT 864 (83.7) 168 (16.3) 1032 1032 LU 249 (82.5) 53 (17.5) 302 302 NL 824 (85.5) 140 (14.5) 964 964 PT 966 (96.6) 34 (3.4) 1000 1000 N Sum 9820 1764 11584 N Valid Sum 9820 1764 11584 printed 27.02.2012 page 236 Eurobarometer 28 - October-November 1987,isocntry BE 861 (85.7) 144 (14.3) 1005 1005 DE 840 (87.8) 117 (12.2) 957 957 DK 762 (76.0) 240 (24.0) 1002 1002 ES 987 (97.1) 30 (2.9) 1017 1017 FR 853 (85.4) 146 (14.6) 999 999 GB-GBN 698 (70.3) 295 (29.7) 993 993 GB-NIR 247 (78.2) 69 (21.8) 316 316 GR 860 (86.0) 140 (14.0) 1000 1000 IE 809 (81.1) 188 (18.9) 997 997 IT 864 (83.7) 168 (16.3) 1032 1032 LU 249 (82.5) 53 (17.5) 302 302 NL 824 (85.5) 140 (14.5) 964 964 PT 966 (96.6) 34 (3.4) 1000 1000 N Sum 9820 1764 11584 N Valid Sum 9820 1764 11584 printed 27.02.2012 page 236 Eurobarometer 28 - October-November 1987,GESIS Variable Report,262,ZA1713
v234,v234 0 1 N Sum N Valid Sum,DEVELOPMENT & PROGRESS IN BANGLADESH,isocntry BE 980 (97.5) 25 (2.5) 1005 1005 DE 936 (97.8) 21 (2.2) 957 957 DK 976 (97.4) 26 (2.6) 1002 1002 ES 998 (98.1) 19 (1.9) 1017 1017 FR 989 (99.0) 10 (1.0) 999 999 GB-GBN 945 (95.2) 48 (4.8) 993 993 GB-NIR 301 (95.3) 15 (4.7) 316 316 GR 991 (99.1) 9 (0.9) 1000 1000 IE 890 (89.3) 107 (10.7) 997 997 IT 1009 (97.8) 23 (2.2) 1032 1032 LU 287 (95.0) 15 (5.0) 302 302 NL 913 (94.7) 51 (5.3) 964 964 PT 993 (99.3) 7 (0.7) 1000 1000 N Sum 11208 376 11584 N Valid Sum 11208 376 11584 printed 27.02.2012 page 237 Eurobarometer 28 - October-November 1987,isocntry BE 980 (97.5) 25 (2.5) 1005 1005 DE 936 (97.8) 21 (2.2) 957 957 DK 976 (97.4) 26 (2.6) 1002 1002 ES 998 (98.1) 19 (1.9) 1017 1017 FR 989 (99.0) 10 (1.0) 999 999 GB-GBN 945 (95.2) 48 (4.8) 993 993 GB-NIR 301 (95.3) 15 (4.7) 316 316 GR 991 (99.1) 9 (0.9) 1000 1000 IE 890 (89.3) 107 (10.7) 997 997 IT 1009 (97.8) 23 (2.2) 1032 1032 LU 287 (95.0) 15 (5.0) 302 302 NL 913 (94.7) 51 (5.3) 964 964 PT 993 (99.3) 7 (0.7) 1000 1000 N Sum 11208 376 11584 N Valid Sum 11208 376 11584 printed 27.02.2012 page 237 Eurobarometer 28 - October-November 1987,GESIS Variable Report,263,ZA1713
v235,v235 0 1 N Sum N Valid Sum,DEVELOPMENT & PROGRESS IN EGYPT,isocntry BE 705 (70.1) 300 (29.9) 1005 1005 DE 638 (66.7) 319 (33.3) 957 957 DK 648 (64.7) 354 (35.3) 1002 1002 ES 853 (83.9) 164 (16.1) 1017 1017 FR 725 (72.6) 274 (27.4) 999 999 GB-GBN 766 (77.1) 227 (22.9) 993 993 GB-NIR 262 (82.9) 54 (17.1) 316 316 GR 825 (82.5) 175 (17.5) 1000 1000 IE 797 (79.9) 200 (20.1) 997 997 IT 724 (70.2) 308 (29.8) 1032 1032 LU 180 (59.6) 122 (40.4) 302 302 NL 711 (73.7) 254 (26.3) 965 965 PT 915 (91.5) 85 (8.5) 1000 1000 N Sum 8749 2836 11585 N Valid Sum 8749 2836 11585 printed 27.02.2012 page 238 Eurobarometer 28 - October-November 1987,isocntry BE 705 (70.1) 300 (29.9) 1005 1005 DE 638 (66.7) 319 (33.3) 957 957 DK 648 (64.7) 354 (35.3) 1002 1002 ES 853 (83.9) 164 (16.1) 1017 1017 FR 725 (72.6) 274 (27.4) 999 999 GB-GBN 766 (77.1) 227 (22.9) 993 993 GB-NIR 262 (82.9) 54 (17.1) 316 316 GR 825 (82.5) 175 (17.5) 1000 1000 IE 797 (79.9) 200 (20.1) 997 997 IT 724 (70.2) 308 (29.8) 1032 1032 LU 180 (59.6) 122 (40.4) 302 302 NL 711 (73.7) 254 (26.3) 965 965 PT 915 (91.5) 85 (8.5) 1000 1000 N Sum 8749 2836 11585 N Valid Sum 8749 2836 11585 printed 27.02.2012 page 238 Eurobarometer 28 - October-November 1987,GESIS Variable Report,264,ZA1713
v236,v236 0 1 N Sum N Valid Sum,DEVELOPMENT & PROGRESS IN NONE,isocntry BE 977 (97.2) 28 (2.8) 1005 1005 DE 905 (94.6) 52 (5.4) 957 957 DK 992 (99.0) 10 (1.0) 1002 1002 ES 1000 (98.4) 16 (1.6) 1016 1016 FR 984 (98.5) 15 (1.5) 999 999 GB-GBN 977 (98.4) 16 (1.6) 993 993 GB-NIR 306 (96.8) 10 (3.2) 316 316 GR 975 (97.5) 25 (2.5) 1000 1000 IE 959 (96.2) 38 (3.8) 997 997 IT 1021 (98.9) 11 (1.1) 1032 1032 LU 302 (100.0) 302 302 NL 864 (89.6) 100 (10.4) 964 964 PT 972 (97.2) 28 (2.8) 1000 1000 N Sum 11234 349 11583 N Valid Sum 11234 349 11583 printed 27.02.2012 page 239 Eurobarometer 28 - October-November 1987,isocntry BE 977 (97.2) 28 (2.8) 1005 1005 DE 905 (94.6) 52 (5.4) 957 957 DK 992 (99.0) 10 (1.0) 1002 1002 ES 1000 (98.4) 16 (1.6) 1016 1016 FR 984 (98.5) 15 (1.5) 999 999 GB-GBN 977 (98.4) 16 (1.6) 993 993 GB-NIR 306 (96.8) 10 (3.2) 316 316 GR 975 (97.5) 25 (2.5) 1000 1000 IE 959 (96.2) 38 (3.8) 997 997 IT 1021 (98.9) 11 (1.1) 1032 1032 LU 302 (100.0) 302 302 NL 864 (89.6) 100 (10.4) 964 964 PT 972 (97.2) 28 (2.8) 1000 1000 N Sum 11234 349 11583 N Valid Sum 11234 349 11583 printed 27.02.2012 page 239 Eurobarometer 28 - October-November 1987,GESIS Variable Report,265,ZA1713
v237,v237 0 1 N Sum N Valid Sum,UNABLE FOR DEVELOPMENT BRAZIL,isocntry BE 818 (81.4) 187 (18.6) 1005 1005 DE 840 (87.8) 117 (12.2) 957 957 DK 759 (75.7) 243 (24.3) 1002 1002 ES 907 (89.2) 110 (10.8) 1017 1017 FR 795 (79.6) 204 (20.4) 999 999 GB-GBN 823 (82.9) 170 (17.1) 993 993 GB-NIR 273 (86.4) 43 (13.6) 316 316 GR 867 (86.7) 133 (13.3) 1000 1000 IE 892 (89.5) 105 (10.5) 997 997 IT 881 (85.4) 151 (14.6) 1032 1032 LU 245 (81.1) 57 (18.9) 302 302 NL 862 (89.4) 102 (10.6) 964 964 PT 872 (87.2) 128 (12.8) 1000 1000 N Sum 9834 1750 11584 N Valid Sum 9834 1750 11584 printed 27.02.2012 page 240 Eurobarometer 28 - October-November 1987,isocntry BE 818 (81.4) 187 (18.6) 1005 1005 DE 840 (87.8) 117 (12.2) 957 957 DK 759 (75.7) 243 (24.3) 1002 1002 ES 907 (89.2) 110 (10.8) 1017 1017 FR 795 (79.6) 204 (20.4) 999 999 GB-GBN 823 (82.9) 170 (17.1) 993 993 GB-NIR 273 (86.4) 43 (13.6) 316 316 GR 867 (86.7) 133 (13.3) 1000 1000 IE 892 (89.5) 105 (10.5) 997 997 IT 881 (85.4) 151 (14.6) 1032 1032 LU 245 (81.1) 57 (18.9) 302 302 NL 862 (89.4) 102 (10.6) 964 964 PT 872 (87.2) 128 (12.8) 1000 1000 N Sum 9834 1750 11584 N Valid Sum 9834 1750 11584 printed 27.02.2012 page 240 Eurobarometer 28 - October-November 1987,GESIS Variable Report,266,ZA1713
v238,v238 0 1 N Sum N Valid Sum,UNABLE FOR DEVELOPMENT ETHIOPIA,isocntry BE 368 (36.6) 637 (63.4) 1005 1005 DE 407 (42.5) 550 (57.5) 957 957 DK 441 (44.0) 561 (56.0) 1002 1002 ES 588 (57.9) 428 (42.1) 1016 1016 FR 393 (39.3) 606 (60.7) 999 999 GB-GBN 329 (33.1) 664 (66.9) 993 993 GB-NIR 148 (46.8) 168 (53.2) 316 316 GR 573 (57.3) 427 (42.7) 1000 1000 IE 473 (47.4) 524 (52.6) 997 997 IT 627 (60.8) 405 (39.2) 1032 1032 LU 89 (29.5) 213 (70.5) 302 302 NL 345 (35.8) 619 (64.2) 964 964 PT 691 (69.1) 309 (30.9) 1000 1000 N Sum 5472 6111 11583 N Valid Sum 5472 6111 11583 printed 27.02.2012 page 241 Eurobarometer 28 - October-November 1987,isocntry BE 368 (36.6) 637 (63.4) 1005 1005 DE 407 (42.5) 550 (57.5) 957 957 DK 441 (44.0) 561 (56.0) 1002 1002 ES 588 (57.9) 428 (42.1) 1016 1016 FR 393 (39.3) 606 (60.7) 999 999 GB-GBN 329 (33.1) 664 (66.9) 993 993 GB-NIR 148 (46.8) 168 (53.2) 316 316 GR 573 (57.3) 427 (42.7) 1000 1000 IE 473 (47.4) 524 (52.6) 997 997 IT 627 (60.8) 405 (39.2) 1032 1032 LU 89 (29.5) 213 (70.5) 302 302 NL 345 (35.8) 619 (64.2) 964 964 PT 691 (69.1) 309 (30.9) 1000 1000 N Sum 5472 6111 11583 N Valid Sum 5472 6111 11583 printed 27.02.2012 page 241 Eurobarometer 28 - October-November 1987,GESIS Variable Report,267,ZA1713
v239,v239 0 1 N Sum N Valid Sum,UNABLE FOR DEVELOPMENT CHINA,isocntry BE 969 (96.4) 36 (3.6) 1005 1005 DE 923 (96.4) 34 (3.6) 957 957 DK 971 (96.9) 31 (3.1) 1002 1002 ES 954 (93.9) 62 (6.1) 1016 1016 FR 963 (96.4) 36 (3.6) 999 999 GB-GBN 950 (95.7) 43 (4.3) 993 993 GB-NIR 305 (96.5) 11 (3.5) 316 316 GR 902 (90.2) 98 (9.8) 1000 1000 IE 949 (95.2) 48 (4.8) 997 997 IT 978 (94.8) 54 (5.2) 1032 1032 LU 290 (96.0) 12 (4.0) 302 302 NL 943 (97.8) 21 (2.2) 964 964 PT 945 (94.5) 55 (5.5) 1000 1000 N Sum 11042 541 11583 N Valid Sum 11042 541 11583 printed 27.02.2012 page 242 Eurobarometer 28 - October-November 1987,isocntry BE 969 (96.4) 36 (3.6) 1005 1005 DE 923 (96.4) 34 (3.6) 957 957 DK 971 (96.9) 31 (3.1) 1002 1002 ES 954 (93.9) 62 (6.1) 1016 1016 FR 963 (96.4) 36 (3.6) 999 999 GB-GBN 950 (95.7) 43 (4.3) 993 993 GB-NIR 305 (96.5) 11 (3.5) 316 316 GR 902 (90.2) 98 (9.8) 1000 1000 IE 949 (95.2) 48 (4.8) 997 997 IT 978 (94.8) 54 (5.2) 1032 1032 LU 290 (96.0) 12 (4.0) 302 302 NL 943 (97.8) 21 (2.2) 964 964 PT 945 (94.5) 55 (5.5) 1000 1000 N Sum 11042 541 11583 N Valid Sum 11042 541 11583 printed 27.02.2012 page 242 Eurobarometer 28 - October-November 1987,GESIS Variable Report,268,ZA1713
v240,v240 0 1 N Sum N Valid Sum,UNABLE FOR DEVELOPMENT SAUDI ARABIA,isocntry BE 945 (94.0) 60 (6.0) 1005 1005 DE 907 (94.8) 50 (5.2) 957 957 DK 930 (92.8) 72 (7.2) 1002 1002 ES 958 (94.3) 58 (5.7) 1016 1016 FR 947 (94.8) 52 (5.2) 999 999 GB-GBN 954 (96.1) 39 (3.9) 993 993 GB-NIR 305 (96.5) 11 (3.5) 316 316 GR 948 (94.8) 52 (5.2) 1000 1000 IE 970 (97.3) 27 (2.7) 997 997 IT 953 (92.3) 79 (7.7) 1032 1032 LU 277 (91.7) 25 (8.3) 302 302 NL 932 (96.6) 33 (3.4) 965 965 PT 961 (96.1) 39 (3.9) 1000 1000 N Sum 10987 597 11584 N Valid Sum 10987 597 11584 printed 27.02.2012 page 243 Eurobarometer 28 - October-November 1987,isocntry BE 945 (94.0) 60 (6.0) 1005 1005 DE 907 (94.8) 50 (5.2) 957 957 DK 930 (92.8) 72 (7.2) 1002 1002 ES 958 (94.3) 58 (5.7) 1016 1016 FR 947 (94.8) 52 (5.2) 999 999 GB-GBN 954 (96.1) 39 (3.9) 993 993 GB-NIR 305 (96.5) 11 (3.5) 316 316 GR 948 (94.8) 52 (5.2) 1000 1000 IE 970 (97.3) 27 (2.7) 997 997 IT 953 (92.3) 79 (7.7) 1032 1032 LU 277 (91.7) 25 (8.3) 302 302 NL 932 (96.6) 33 (3.4) 965 965 PT 961 (96.1) 39 (3.9) 1000 1000 N Sum 10987 597 11584 N Valid Sum 10987 597 11584 printed 27.02.2012 page 243 Eurobarometer 28 - October-November 1987,GESIS Variable Report,269,ZA1713
v241,v241 0 1 N Sum N Valid Sum,UNABLE FOR DEVELOPMENT INDIA,isocntry BE 751 (74.7) 254 (25.3) 1005 1005 DE 730 (76.3) 227 (23.7) 957 957 DK 707 (70.6) 295 (29.4) 1002 1002 ES 768 (75.6) 248 (24.4) 1016 1016 FR 768 (76.9) 231 (23.1) 999 999 GB-GBN 767 (77.2) 226 (22.8) 993 993 GB-NIR 265 (83.9) 51 (16.1) 316 316 GR 814 (81.4) 186 (18.6) 1000 1000 IE 818 (82.0) 179 (18.0) 997 997 IT 633 (61.3) 399 (38.7) 1032 1032 LU 200 (66.2) 102 (33.8) 302 302 NL 813 (84.3) 151 (15.7) 964 964 PT 881 (88.1) 119 (11.9) 1000 1000 N Sum 8915 2668 11583 N Valid Sum 8915 2668 11583 printed 27.02.2012 page 244 Eurobarometer 28 - October-November 1987,isocntry BE 751 (74.7) 254 (25.3) 1005 1005 DE 730 (76.3) 227 (23.7) 957 957 DK 707 (70.6) 295 (29.4) 1002 1002 ES 768 (75.6) 248 (24.4) 1016 1016 FR 768 (76.9) 231 (23.1) 999 999 GB-GBN 767 (77.2) 226 (22.8) 993 993 GB-NIR 265 (83.9) 51 (16.1) 316 316 GR 814 (81.4) 186 (18.6) 1000 1000 IE 818 (82.0) 179 (18.0) 997 997 IT 633 (61.3) 399 (38.7) 1032 1032 LU 200 (66.2) 102 (33.8) 302 302 NL 813 (84.3) 151 (15.7) 964 964 PT 881 (88.1) 119 (11.9) 1000 1000 N Sum 8915 2668 11583 N Valid Sum 8915 2668 11583 printed 27.02.2012 page 244 Eurobarometer 28 - October-November 1987,GESIS Variable Report,270,ZA1713
v242,v242 0 1 N Sum N Valid Sum,UNABLE FOR DEVELOPMENT IVORY COAST,isocntry BE 923 (91.8) 82 (8.2) 1005 1005 DE 817 (85.4) 140 (14.6) 957 957 DK 848 (84.6) 154 (15.4) 1002 1002 ES 947 (93.2) 69 (6.8) 1016 1016 FR 953 (95.4) 46 (4.6) 999 999 GB-GBN 908 (91.4) 85 (8.6) 993 993 GB-NIR 299 (94.6) 17 (5.4) 316 316 GR 947 (94.7) 53 (5.3) 1000 1000 IE 934 (93.7) 63 (6.3) 997 997 IT 935 (90.6) 97 (9.4) 1032 1032 LU 274 (90.7) 28 (9.3) 302 302 NL 869 (90.1) 95 (9.9) 964 964 PT 983 (98.3) 17 (1.7) 1000 1000 N Sum 10637 946 11583 N Valid Sum 10637 946 11583 printed 27.02.2012 page 245 Eurobarometer 28 - October-November 1987,isocntry BE 923 (91.8) 82 (8.2) 1005 1005 DE 817 (85.4) 140 (14.6) 957 957 DK 848 (84.6) 154 (15.4) 1002 1002 ES 947 (93.2) 69 (6.8) 1016 1016 FR 953 (95.4) 46 (4.6) 999 999 GB-GBN 908 (91.4) 85 (8.6) 993 993 GB-NIR 299 (94.6) 17 (5.4) 316 316 GR 947 (94.7) 53 (5.3) 1000 1000 IE 934 (93.7) 63 (6.3) 997 997 IT 935 (90.6) 97 (9.4) 1032 1032 LU 274 (90.7) 28 (9.3) 302 302 NL 869 (90.1) 95 (9.9) 964 964 PT 983 (98.3) 17 (1.7) 1000 1000 N Sum 10637 946 11583 N Valid Sum 10637 946 11583 printed 27.02.2012 page 245 Eurobarometer 28 - October-November 1987,GESIS Variable Report,271,ZA1713
v243,v243 0 1 N Sum N Valid Sum,UNABLE FOR DEVELOPMENT PERU,isocntry BE 866 (86.2) 139 (13.8) 1005 1005 DE 795 (83.1) 162 (16.9) 957 957 DK 753 (75.1) 249 (24.9) 1002 1002 ES 906 (89.2) 110 (10.8) 1016 1016 FR 856 (85.7) 143 (14.3) 999 999 GB-GBN 849 (85.5) 144 (14.5) 993 993 GB-NIR 280 (88.6) 36 (11.4) 316 316 GR 920 (92.0) 80 (8.0) 1000 1000 IE 877 (88.0) 120 (12.0) 997 997 IT 853 (82.7) 179 (17.3) 1032 1032 LU 252 (83.4) 50 (16.6) 302 302 NL 834 (86.4) 131 (13.6) 965 965 PT 973 (97.3) 27 (2.7) 1000 1000 N Sum 10014 1570 11584 N Valid Sum 10014 1570 11584 printed 27.02.2012 page 246 Eurobarometer 28 - October-November 1987,isocntry BE 866 (86.2) 139 (13.8) 1005 1005 DE 795 (83.1) 162 (16.9) 957 957 DK 753 (75.1) 249 (24.9) 1002 1002 ES 906 (89.2) 110 (10.8) 1016 1016 FR 856 (85.7) 143 (14.3) 999 999 GB-GBN 849 (85.5) 144 (14.5) 993 993 GB-NIR 280 (88.6) 36 (11.4) 316 316 GR 920 (92.0) 80 (8.0) 1000 1000 IE 877 (88.0) 120 (12.0) 997 997 IT 853 (82.7) 179 (17.3) 1032 1032 LU 252 (83.4) 50 (16.6) 302 302 NL 834 (86.4) 131 (13.6) 965 965 PT 973 (97.3) 27 (2.7) 1000 1000 N Sum 10014 1570 11584 N Valid Sum 10014 1570 11584 printed 27.02.2012 page 246 Eurobarometer 28 - October-November 1987,GESIS Variable Report,272,ZA1713
v244,v244 0 1 N Sum N Valid Sum,UNABLE FOR DEVELOPMENT SIGNAPORE,isocntry BE 920 (91.5) 85 (8.5) 1005 1005 DE 880 (92.0) 77 (8.0) 957 957 DK 936 (93.4) 66 (6.6) 1002 1002 ES 954 (93.8) 63 (6.2) 1017 1017 FR 969 (97.0) 30 (3.0) 999 999 GB-GBN 964 (97.1) 29 (2.9) 993 993 GB-NIR 300 (94.9) 16 (5.1) 316 316 GR 933 (93.3) 67 (6.7) 1000 1000 IE 963 (96.6) 34 (3.4) 997 997 IT 991 (96.0) 41 (4.0) 1032 1032 LU 278 (92.1) 24 (7.9) 302 302 NL 943 (97.7) 22 (2.3) 965 965 PT 978 (97.8) 22 (2.2) 1000 1000 N Sum 11009 576 11585 N Valid Sum 11009 576 11585 printed 27.02.2012 page 247 Eurobarometer 28 - October-November 1987,isocntry BE 920 (91.5) 85 (8.5) 1005 1005 DE 880 (92.0) 77 (8.0) 957 957 DK 936 (93.4) 66 (6.6) 1002 1002 ES 954 (93.8) 63 (6.2) 1017 1017 FR 969 (97.0) 30 (3.0) 999 999 GB-GBN 964 (97.1) 29 (2.9) 993 993 GB-NIR 300 (94.9) 16 (5.1) 316 316 GR 933 (93.3) 67 (6.7) 1000 1000 IE 963 (96.6) 34 (3.4) 997 997 IT 991 (96.0) 41 (4.0) 1032 1032 LU 278 (92.1) 24 (7.9) 302 302 NL 943 (97.7) 22 (2.3) 965 965 PT 978 (97.8) 22 (2.2) 1000 1000 N Sum 11009 576 11585 N Valid Sum 11009 576 11585 printed 27.02.2012 page 247 Eurobarometer 28 - October-November 1987,GESIS Variable Report,273,ZA1713
v245,v245 0 1 N Sum N Valid Sum,UNABLE FOR DEVELOPMENT BANGLADESH,isocntry BE 546 (54.3) 459 (45.7) 1005 1005 DE 533 (55.7) 424 (44.3) 957 957 DK 499 (49.8) 503 (50.2) 1002 1002 ES 883 (86.9) 133 (13.1) 1016 1016 FR 544 (54.5) 455 (45.5) 999 999 GB-GBN 520 (52.4) 473 (47.6) 993 993 GB-NIR 190 (60.1) 126 (39.9) 316 316 GR 880 (88.0) 120 (12.0) 1000 1000 IE 581 (58.3) 416 (41.7) 997 997 IT 681 (66.0) 351 (34.0) 1032 1032 LU 162 (53.6) 140 (46.4) 302 302 NL 430 (44.6) 535 (55.4) 965 965 PT 909 (90.9) 91 (9.1) 1000 1000 N Sum 7358 4226 11584 N Valid Sum 7358 4226 11584 printed 27.02.2012 page 248 Eurobarometer 28 - October-November 1987,isocntry BE 546 (54.3) 459 (45.7) 1005 1005 DE 533 (55.7) 424 (44.3) 957 957 DK 499 (49.8) 503 (50.2) 1002 1002 ES 883 (86.9) 133 (13.1) 1016 1016 FR 544 (54.5) 455 (45.5) 999 999 GB-GBN 520 (52.4) 473 (47.6) 993 993 GB-NIR 190 (60.1) 126 (39.9) 316 316 GR 880 (88.0) 120 (12.0) 1000 1000 IE 581 (58.3) 416 (41.7) 997 997 IT 681 (66.0) 351 (34.0) 1032 1032 LU 162 (53.6) 140 (46.4) 302 302 NL 430 (44.6) 535 (55.4) 965 965 PT 909 (90.9) 91 (9.1) 1000 1000 N Sum 7358 4226 11584 N Valid Sum 7358 4226 11584 printed 27.02.2012 page 248 Eurobarometer 28 - October-November 1987,GESIS Variable Report,274,ZA1713
v246,v246 0 1 N Sum N Valid Sum,UNABLE FOR DEVELOPMENT EGYPT,isocntry BE 954 (94.9) 51 (5.1) 1005 1005 DE 910 (95.1) 47 (4.9) 957 957 DK 886 (88.4) 116 (11.6) 1002 1002 ES 965 (95.0) 51 (5.0) 1016 1016 FR 938 (93.9) 61 (6.1) 999 999 GB-GBN 931 (93.8) 62 (6.2) 993 993 GB-NIR 298 (94.3) 18 (5.7) 316 316 GR 901 (90.1) 99 (9.9) 1000 1000 IE 956 (95.9) 41 (4.1) 997 997 IT 971 (94.1) 61 (5.9) 1032 1032 LU 273 (90.4) 29 (9.6) 302 302 NL 917 (95.1) 47 (4.9) 964 964 PT 971 (97.1) 29 (2.9) 1000 1000 N Sum 10871 712 11583 N Valid Sum 10871 712 11583 printed 27.02.2012 page 249 Eurobarometer 28 - October-November 1987,isocntry BE 954 (94.9) 51 (5.1) 1005 1005 DE 910 (95.1) 47 (4.9) 957 957 DK 886 (88.4) 116 (11.6) 1002 1002 ES 965 (95.0) 51 (5.0) 1016 1016 FR 938 (93.9) 61 (6.1) 999 999 GB-GBN 931 (93.8) 62 (6.2) 993 993 GB-NIR 298 (94.3) 18 (5.7) 316 316 GR 901 (90.1) 99 (9.9) 1000 1000 IE 956 (95.9) 41 (4.1) 997 997 IT 971 (94.1) 61 (5.9) 1032 1032 LU 273 (90.4) 29 (9.6) 302 302 NL 917 (95.1) 47 (4.9) 964 964 PT 971 (97.1) 29 (2.9) 1000 1000 N Sum 10871 712 11583 N Valid Sum 10871 712 11583 printed 27.02.2012 page 249 Eurobarometer 28 - October-November 1987,GESIS Variable Report,275,ZA1713
v247,v247 0 1 N Sum N Valid Sum,UNABLE FOR DEVELOPMENT KEINES DAVON,isocntry BE 986 (98.1) 19 (1.9) 1005 1005 DE 927 (96.9) 30 (3.1) 957 957 DK 996 (99.4) 6 (0.6) 1002 1002 ES 1007 (99.0) 10 (1.0) 1017 1017 FR 985 (98.6) 14 (1.4) 999 999 GB-GBN 980 (98.7) 13 (1.3) 993 993 GB-NIR 308 (97.5) 8 (2.5) 316 316 GR 977 (97.7) 23 (2.3) 1000 1000 IE 975 (97.8) 22 (2.2) 997 997 IT 1022 (99.0) 10 (1.0) 1032 1032 LU 302 (100.0) 302 302 NL 929 (96.3) 36 (3.7) 965 965 PT 960 (96.0) 40 (4.0) 1000 1000 N Sum 11354 231 11585 N Valid Sum 11354 231 11585 printed 27.02.2012 page 250 Eurobarometer 28 - October-November 1987,isocntry BE 986 (98.1) 19 (1.9) 1005 1005 DE 927 (96.9) 30 (3.1) 957 957 DK 996 (99.4) 6 (0.6) 1002 1002 ES 1007 (99.0) 10 (1.0) 1017 1017 FR 985 (98.6) 14 (1.4) 999 999 GB-GBN 980 (98.7) 13 (1.3) 993 993 GB-NIR 308 (97.5) 8 (2.5) 316 316 GR 977 (97.7) 23 (2.3) 1000 1000 IE 975 (97.8) 22 (2.2) 997 997 IT 1022 (99.0) 10 (1.0) 1032 1032 LU 302 (100.0) 302 302 NL 929 (96.3) 36 (3.7) 965 965 PT 960 (96.0) 40 (4.0) 1000 1000 N Sum 11354 231 11585 N Valid Sum 11354 231 11585 printed 27.02.2012 page 250 Eurobarometer 28 - October-November 1987,GESIS Variable Report,276,ZA1713
v248,v248 0 1 2 N Sum N Valid Sum,THIRD WORLD AWARENESS - MEDIA,isocntry M BE 33 724 (74.5) 248 (25.5) 1005 972 DE 69 640 (72.1) 248 (27.9) 957 888 DK 37 799 (82.8) 166 (17.2) 1002 965 ES 53 708 (73.4) 256 (26.6) 1017 964 FR 16 725 (73.8) 258 (26.2) 999 983 GB-GBN 10 747 (76.0) 236 (24.0) 993 983 GB-NIR 4 219 (70.2) 93 (29.8) 316 312 GR 28 652 (67.1) 320 (32.9) 1000 972 IE 35 685 (71.2) 277 (28.8) 997 962 IT 6 841 (82.0) 185 (18.0) 1032 1026 LU 6 261 (88.2) 35 (11.8) 302 296 NL 18 768 (81.2) 178 (18.8) 964 946 PT 43 713 (74.5) 244 (25.5) 1000 957 N Sum 358 8482 2744 11584 N Valid Sum 8482 2744 11226 printed 27.02.2012 page 251 Eurobarometer 28 - October-November 1987,isocntry M BE 33 724 (74.5) 248 (25.5) 1005 972 DE 69 640 (72.1) 248 (27.9) 957 888 DK 37 799 (82.8) 166 (17.2) 1002 965 ES 53 708 (73.4) 256 (26.6) 1017 964 FR 16 725 (73.8) 258 (26.2) 999 983 GB-GBN 10 747 (76.0) 236 (24.0) 993 983 GB-NIR 4 219 (70.2) 93 (29.8) 316 312 GR 28 652 (67.1) 320 (32.9) 1000 972 IE 35 685 (71.2) 277 (28.8) 997 962 IT 6 841 (82.0) 185 (18.0) 1032 1026 LU 6 261 (88.2) 35 (11.8) 302 296 NL 18 768 (81.2) 178 (18.8) 964 946 PT 43 713 (74.5) 244 (25.5) 1000 957 N Sum 358 8482 2744 11584 N Valid Sum 8482 2744 11226 printed 27.02.2012 page 251 Eurobarometer 28 - October-November 1987,GESIS Variable Report,277,ZA1713
v249,v249 0 1 2 3 N Sum N Valid Sum,THIRD WORLD INFORMATION - EVALUATION,isocntry M BE 132 304 (34.8) 253 (29.0) 316 (36.2) 1005 873 DE 85 352 (40.3) 266 (30.5) 255 (29.2) 958 873 DK 126 166 (18.9) 463 (52.9) 247 (28.2) 1002 876 ES 220 552 (69.3) 167 (21.0) 78 (9.8) 1017 797 FR 108 361 (40.5) 350 (39.3) 180 (20.2) 999 891 GB-GBN 78 399 (43.7) 410 (44.9) 105 (11.5) 992 914 GB-NIR 24 148 (50.7) 118 (40.4) 26 (8.9) 316 292 GR 229 281 (36.4) 341 (44.2) 149 (19.3) 1000 771 IE 190 468 (58.0) 248 (30.7) 91 (11.3) 997 807 IT 150 476 (54.0) 252 (28.6) 154 (17.5) 1032 882 LU 14 107 (37.2) 107 (37.2) 74 (25.7) 302 288 NL 106 334 (38.9) 399 (46.5) 125 (14.6) 964 858 PT 274 454 (62.5) 139 (19.1) 133 (18.3) 1000 726 N Sum 1736 4402 3513 1933 11584 N Valid Sum 4402 3513 1933 9848 printed 27.02.2012 page 252 Eurobarometer 28 - October-November 1987,isocntry M BE 132 304 (34.8) 253 (29.0) 316 (36.2) 1005 873 DE 85 352 (40.3) 266 (30.5) 255 (29.2) 958 873 DK 126 166 (18.9) 463 (52.9) 247 (28.2) 1002 876 ES 220 552 (69.3) 167 (21.0) 78 (9.8) 1017 797 FR 108 361 (40.5) 350 (39.3) 180 (20.2) 999 891 GB-GBN 78 399 (43.7) 410 (44.9) 105 (11.5) 992 914 GB-NIR 24 148 (50.7) 118 (40.4) 26 (8.9) 316 292 GR 229 281 (36.4) 341 (44.2) 149 (19.3) 1000 771 IE 190 468 (58.0) 248 (30.7) 91 (11.3) 997 807 IT 150 476 (54.0) 252 (28.6) 154 (17.5) 1032 882 LU 14 107 (37.2) 107 (37.2) 74 (25.7) 302 288 NL 106 334 (38.9) 399 (46.5) 125 (14.6) 964 858 PT 274 454 (62.5) 139 (19.1) 133 (18.3) 1000 726 N Sum 1736 4402 3513 1933 11584 N Valid Sum 4402 3513 1933 9848 printed 27.02.2012 page 252 Eurobarometer 28 - October-November 1987,GESIS Variable Report,278,ZA1713
v250,v250 0 1 2 N Sum N Valid Sum,THIRD WORLD COUNTRIES OWN POINT OF VIEW,isocntry M BE 129 724 (82.6) 152 (17.4) 1005 876 DE 57 764 (84.9) 136 (15.1) 957 900 DK 76 841 (90.8) 85 (9.2) 1002 926 ES 188 776 (93.7) 52 (6.3) 1016 828 FR 78 839 (91.1) 82 (8.9) 999 921 GB-GBN 46 843 (89.0) 104 (11.0) 993 947 GB-NIR 17 266 (89.0) 33 (11.0) 316 299 GR 205 705 (88.7) 90 (11.3) 1000 795 IE 110 782 (88.2) 105 (11.8) 997 887 IT 85 873 (92.2) 74 (7.8) 1032 947 LU 26 259 (93.8) 17 (6.2) 302 276 NL 92 721 (82.7) 151 (17.3) 964 872 PT 263 661 (89.7) 76 (10.3) 1000 737 N Sum 1372 9054 1157 11583 N Valid Sum 9054 1157 10211 printed 27.02.2012 page 253 Eurobarometer 28 - October-November 1987,isocntry M BE 129 724 (82.6) 152 (17.4) 1005 876 DE 57 764 (84.9) 136 (15.1) 957 900 DK 76 841 (90.8) 85 (9.2) 1002 926 ES 188 776 (93.7) 52 (6.3) 1016 828 FR 78 839 (91.1) 82 (8.9) 999 921 GB-GBN 46 843 (89.0) 104 (11.0) 993 947 GB-NIR 17 266 (89.0) 33 (11.0) 316 299 GR 205 705 (88.7) 90 (11.3) 1000 795 IE 110 782 (88.2) 105 (11.8) 997 887 IT 85 873 (92.2) 74 (7.8) 1032 947 LU 26 259 (93.8) 17 (6.2) 302 276 NL 92 721 (82.7) 151 (17.3) 964 872 PT 263 661 (89.7) 76 (10.3) 1000 737 N Sum 1372 9054 1157 11583 N Valid Sum 9054 1157 10211 printed 27.02.2012 page 253 Eurobarometer 28 - October-November 1987,GESIS Variable Report,279,ZA1713
v251,v251 0 1 2 N Sum N Valid Sum,THIRD WORLD NORTH-SOUTH RELATIONS,isocntry M BE 130 667 (76.2) 208 (23.8) 1005 875 DE 63 656 (73.4) 238 (26.6) 957 894 DK 46 813 (85.0) 143 (15.0) 1002 956 ES 242 609 (78.7) 165 (21.3) 1016 774 FR 72 783 (84.5) 144 (15.5) 999 927 GB-GBN 51 768 (81.4) 175 (18.6) 994 943 GB-NIR 17 249 (83.3) 50 (16.7) 316 299 GR 216 617 (78.7) 167 (21.3) 1000 784 IE 83 719 (78.7) 195 (21.3) 997 914 IT 105 721 (77.8) 206 (22.2) 1032 927 LU 28 216 (78.8) 58 (21.2) 302 274 NL 104 668 (77.6) 193 (22.4) 965 861 PT 249 638 (85.0) 113 (15.0) 1000 751 N Sum 1406 8124 2055 11585 N Valid Sum 8124 2055 10179 printed 27.02.2012 page 254 Eurobarometer 28 - October-November 1987,isocntry M BE 130 667 (76.2) 208 (23.8) 1005 875 DE 63 656 (73.4) 238 (26.6) 957 894 DK 46 813 (85.0) 143 (15.0) 1002 956 ES 242 609 (78.7) 165 (21.3) 1016 774 FR 72 783 (84.5) 144 (15.5) 999 927 GB-GBN 51 768 (81.4) 175 (18.6) 994 943 GB-NIR 17 249 (83.3) 50 (16.7) 316 299 GR 216 617 (78.7) 167 (21.3) 1000 784 IE 83 719 (78.7) 195 (21.3) 997 914 IT 105 721 (77.8) 206 (22.2) 1032 927 LU 28 216 (78.8) 58 (21.2) 302 274 NL 104 668 (77.6) 193 (22.4) 965 861 PT 249 638 (85.0) 113 (15.0) 1000 751 N Sum 1406 8124 2055 11585 N Valid Sum 8124 2055 10179 printed 27.02.2012 page 254 Eurobarometer 28 - October-November 1987,GESIS Variable Report,280,ZA1713
v252,v252 0 1 2 N Sum N Valid Sum,THIRD WORLD DRAMATIC EVENTS ONLY,isocntry M BE 86 693 (75.4) 226 (24.6) 1005 919 DE 38 609 (66.3) 310 (33.7) 957 919 DK 43 718 (74.8) 242 (25.2) 1003 960 ES 182 691 (82.8) 144 (17.2) 1017 835 FR 42 830 (86.7) 127 (13.3) 999 957 GB-GBN 26 809 (83.6) 159 (16.4) 994 968 GB-NIR 11 278 (91.1) 27 (8.9) 316 305 GR 208 643 (81.2) 149 (18.8) 1000 792 IE 64 783 (83.9) 150 (16.1) 997 933 IT 77 763 (79.9) 192 (20.1) 1032 955 LU 13 242 (83.7) 47 (16.3) 302 289 NL 39 682 (73.7) 243 (26.3) 964 925 PT 241 637 (83.9) 122 (16.1) 1000 759 N Sum 1070 8378 2138 11586 N Valid Sum 8378 2138 10516 printed 27.02.2012 page 255 Eurobarometer 28 - October-November 1987,isocntry M BE 86 693 (75.4) 226 (24.6) 1005 919 DE 38 609 (66.3) 310 (33.7) 957 919 DK 43 718 (74.8) 242 (25.2) 1003 960 ES 182 691 (82.8) 144 (17.2) 1017 835 FR 42 830 (86.7) 127 (13.3) 999 957 GB-GBN 26 809 (83.6) 159 (16.4) 994 968 GB-NIR 11 278 (91.1) 27 (8.9) 316 305 GR 208 643 (81.2) 149 (18.8) 1000 792 IE 64 783 (83.9) 150 (16.1) 997 933 IT 77 763 (79.9) 192 (20.1) 1032 955 LU 13 242 (83.7) 47 (16.3) 302 289 NL 39 682 (73.7) 243 (26.3) 964 925 PT 241 637 (83.9) 122 (16.1) 1000 759 N Sum 1070 8378 2138 11586 N Valid Sum 8378 2138 10516 printed 27.02.2012 page 255 Eurobarometer 28 - October-November 1987,GESIS Variable Report,281,ZA1713
v253,v253 0 1 2 N Sum N Valid Sum,THIRD WORLD LESS UNFORTUNATE SITUATION,isocntry M BE 211 358 (45.1) 436 (54.9) 1005 794 DE 167 356 (45.1) 434 (54.9) 957 790 DK 203 229 (28.7) 570 (71.3) 1002 799 ES 224 227 (28.6) 566 (71.4) 1017 793 FR 129 276 (31.7) 594 (68.3) 999 870 GB-GBN 109 328 (37.1) 556 (62.9) 993 884 GB-NIR 26 107 (36.9) 183 (63.1) 316 290 GR 292 197 (27.8) 511 (72.2) 1000 708 IE 164 244 (29.3) 589 (70.7) 997 833 IT 180 339 (39.8) 513 (60.2) 1032 852 LU 35 155 (58.1) 112 (41.9) 302 267 NL 137 490 (59.2) 338 (40.8) 965 828 PT 295 194 (27.5) 511 (72.5) 1000 705 N Sum 2172 3500 5913 11585 N Valid Sum 3500 5913 9413 printed 27.02.2012 page 256 Eurobarometer 28 - October-November 1987,isocntry M BE 211 358 (45.1) 436 (54.9) 1005 794 DE 167 356 (45.1) 434 (54.9) 957 790 DK 203 229 (28.7) 570 (71.3) 1002 799 ES 224 227 (28.6) 566 (71.4) 1017 793 FR 129 276 (31.7) 594 (68.3) 999 870 GB-GBN 109 328 (37.1) 556 (62.9) 993 884 GB-NIR 26 107 (36.9) 183 (63.1) 316 290 GR 292 197 (27.8) 511 (72.2) 1000 708 IE 164 244 (29.3) 589 (70.7) 997 833 IT 180 339 (39.8) 513 (60.2) 1032 852 LU 35 155 (58.1) 112 (41.9) 302 267 NL 137 490 (59.2) 338 (40.8) 965 828 PT 295 194 (27.5) 511 (72.5) 1000 705 N Sum 2172 3500 5913 11585 N Valid Sum 3500 5913 9413 printed 27.02.2012 page 256 Eurobarometer 28 - October-November 1987,GESIS Variable Report,282,ZA1713
v254,v254 0 1 N Sum N Valid Sum,THIRD WORLD INFO SUPPLY ECONOMIC SITUAT,isocntry BE 784 (78.0) 221 (22.0) 1005 1005 DE 668 (69.8) 289 (30.2) 957 957 DK 604 (60.3) 398 (39.7) 1002 1002 ES 762 (75.0) 254 (25.0) 1016 1016 FR 649 (65.0) 350 (35.0) 999 999 GB-GBN 633 (63.7) 360 (36.3) 993 993 GB-NIR 220 (69.6) 96 (30.4) 316 316 GR 710 (71.0) 290 (29.0) 1000 1000 IE 706 (70.8) 291 (29.2) 997 997 IT 717 (69.5) 315 (30.5) 1032 1032 LU 212 (70.2) 90 (29.8) 302 302 NL 717 (74.3) 248 (25.7) 965 965 PT 774 (77.4) 226 (22.6) 1000 1000 N Sum 8156 3428 11584 N Valid Sum 8156 3428 11584 printed 27.02.2012 page 257 Eurobarometer 28 - October-November 1987,isocntry BE 784 (78.0) 221 (22.0) 1005 1005 DE 668 (69.8) 289 (30.2) 957 957 DK 604 (60.3) 398 (39.7) 1002 1002 ES 762 (75.0) 254 (25.0) 1016 1016 FR 649 (65.0) 350 (35.0) 999 999 GB-GBN 633 (63.7) 360 (36.3) 993 993 GB-NIR 220 (69.6) 96 (30.4) 316 316 GR 710 (71.0) 290 (29.0) 1000 1000 IE 706 (70.8) 291 (29.2) 997 997 IT 717 (69.5) 315 (30.5) 1032 1032 LU 212 (70.2) 90 (29.8) 302 302 NL 717 (74.3) 248 (25.7) 965 965 PT 774 (77.4) 226 (22.6) 1000 1000 N Sum 8156 3428 11584 N Valid Sum 8156 3428 11584 printed 27.02.2012 page 257 Eurobarometer 28 - October-November 1987,GESIS Variable Report,283,ZA1713
v255,v255 0 1 N Sum N Valid Sum,THIRD WORLD INFO SUPPLY UNDERDEVELOPMENT,isocntry BE 627 (62.4) 378 (37.6) 1005 1005 DE 498 (52.0) 459 (48.0) 957 957 DK 504 (50.3) 498 (49.7) 1002 1002 ES 694 (68.3) 322 (31.7) 1016 1016 FR 458 (45.8) 541 (54.2) 999 999 GB-GBN 437 (44.0) 556 (56.0) 993 993 GB-NIR 165 (52.2) 151 (47.8) 316 316 GR 551 (55.1) 449 (44.9) 1000 1000 IE 484 (48.5) 513 (51.5) 997 997 IT 538 (52.1) 494 (47.9) 1032 1032 LU 125 (41.4) 177 (58.6) 302 302 NL 616 (63.8) 349 (36.2) 965 965 PT 616 (61.6) 384 (38.4) 1000 1000 N Sum 6313 5271 11584 N Valid Sum 6313 5271 11584 printed 27.02.2012 page 258 Eurobarometer 28 - October-November 1987,isocntry BE 627 (62.4) 378 (37.6) 1005 1005 DE 498 (52.0) 459 (48.0) 957 957 DK 504 (50.3) 498 (49.7) 1002 1002 ES 694 (68.3) 322 (31.7) 1016 1016 FR 458 (45.8) 541 (54.2) 999 999 GB-GBN 437 (44.0) 556 (56.0) 993 993 GB-NIR 165 (52.2) 151 (47.8) 316 316 GR 551 (55.1) 449 (44.9) 1000 1000 IE 484 (48.5) 513 (51.5) 997 997 IT 538 (52.1) 494 (47.9) 1032 1032 LU 125 (41.4) 177 (58.6) 302 302 NL 616 (63.8) 349 (36.2) 965 965 PT 616 (61.6) 384 (38.4) 1000 1000 N Sum 6313 5271 11584 N Valid Sum 6313 5271 11584 printed 27.02.2012 page 258 Eurobarometer 28 - October-November 1987,GESIS Variable Report,284,ZA1713
v256,v256 0 1 N Sum N Valid Sum,THIRD WORLD INFO SUPPLY DEVELPOMENT AID,isocntry BE 726 (72.2) 279 (27.8) 1005 1005 DE 690 (72.1) 267 (27.9) 957 957 DK 786 (78.4) 216 (21.6) 1002 1002 ES 779 (76.7) 237 (23.3) 1016 1016 FR 754 (75.5) 245 (24.5) 999 999 GB-GBN 706 (71.1) 287 (28.9) 993 993 GB-NIR 206 (65.2) 110 (34.8) 316 316 GR 789 (78.9) 211 (21.1) 1000 1000 IE 691 (69.3) 306 (30.7) 997 997 IT 626 (60.7) 406 (39.3) 1032 1032 LU 205 (67.9) 97 (32.1) 302 302 NL 825 (85.6) 139 (14.4) 964 964 PT 743 (74.3) 257 (25.7) 1000 1000 N Sum 8526 3057 11583 N Valid Sum 8526 3057 11583 printed 27.02.2012 page 259 Eurobarometer 28 - October-November 1987,isocntry BE 726 (72.2) 279 (27.8) 1005 1005 DE 690 (72.1) 267 (27.9) 957 957 DK 786 (78.4) 216 (21.6) 1002 1002 ES 779 (76.7) 237 (23.3) 1016 1016 FR 754 (75.5) 245 (24.5) 999 999 GB-GBN 706 (71.1) 287 (28.9) 993 993 GB-NIR 206 (65.2) 110 (34.8) 316 316 GR 789 (78.9) 211 (21.1) 1000 1000 IE 691 (69.3) 306 (30.7) 997 997 IT 626 (60.7) 406 (39.3) 1032 1032 LU 205 (67.9) 97 (32.1) 302 302 NL 825 (85.6) 139 (14.4) 964 964 PT 743 (74.3) 257 (25.7) 1000 1000 N Sum 8526 3057 11583 N Valid Sum 8526 3057 11583 printed 27.02.2012 page 259 Eurobarometer 28 - October-November 1987,GESIS Variable Report,285,ZA1713
v257,v257 0 1 N Sum N Valid Sum,THIRD WORLD INFO SUPPLY CULTURE HISTORY,isocntry BE 793 (78.9) 212 (21.1) 1005 1005 DE 686 (71.7) 271 (28.3) 957 957 DK 626 (62.5) 376 (37.5) 1002 1002 ES 702 (69.0) 315 (31.0) 1017 1017 FR 762 (76.3) 237 (23.7) 999 999 GB-GBN 765 (77.0) 228 (23.0) 993 993 GB-NIR 266 (84.2) 50 (15.8) 316 316 GR 840 (84.0) 160 (16.0) 1000 1000 IE 815 (81.7) 182 (18.3) 997 997 IT 833 (80.7) 199 (19.3) 1032 1032 LU 190 (62.9) 112 (37.1) 302 302 NL 700 (72.5) 265 (27.5) 965 965 PT 767 (76.7) 233 (23.3) 1000 1000 N Sum 8745 2840 11585 N Valid Sum 8745 2840 11585 printed 27.02.2012 page 260 Eurobarometer 28 - October-November 1987,isocntry BE 793 (78.9) 212 (21.1) 1005 1005 DE 686 (71.7) 271 (28.3) 957 957 DK 626 (62.5) 376 (37.5) 1002 1002 ES 702 (69.0) 315 (31.0) 1017 1017 FR 762 (76.3) 237 (23.7) 999 999 GB-GBN 765 (77.0) 228 (23.0) 993 993 GB-NIR 266 (84.2) 50 (15.8) 316 316 GR 840 (84.0) 160 (16.0) 1000 1000 IE 815 (81.7) 182 (18.3) 997 997 IT 833 (80.7) 199 (19.3) 1032 1032 LU 190 (62.9) 112 (37.1) 302 302 NL 700 (72.5) 265 (27.5) 965 965 PT 767 (76.7) 233 (23.3) 1000 1000 N Sum 8745 2840 11585 N Valid Sum 8745 2840 11585 printed 27.02.2012 page 260 Eurobarometer 28 - October-November 1987,GESIS Variable Report,286,ZA1713
v258,v258 0 1 N Sum N Valid Sum,THIRD WORLD INFO SUPPLY POLITICS,isocntry BE 823 (81.9) 182 (18.1) 1005 1005 DE 701 (73.2) 256 (26.8) 957 957 DK 671 (67.0) 331 (33.0) 1002 1002 ES 848 (83.5) 168 (16.5) 1016 1016 FR 742 (74.3) 257 (25.7) 999 999 GB-GBN 644 (64.9) 349 (35.1) 993 993 GB-NIR 208 (65.8) 108 (34.2) 316 316 GR 750 (75.0) 250 (25.0) 1000 1000 IE 640 (64.2) 357 (35.8) 997 997 IT 807 (78.2) 225 (21.8) 1032 1032 LU 218 (72.2) 84 (27.8) 302 302 NL 753 (78.1) 211 (21.9) 964 964 PT 852 (85.2) 148 (14.8) 1000 1000 N Sum 8657 2926 11583 N Valid Sum 8657 2926 11583 printed 27.02.2012 page 261 Eurobarometer 28 - October-November 1987,isocntry BE 823 (81.9) 182 (18.1) 1005 1005 DE 701 (73.2) 256 (26.8) 957 957 DK 671 (67.0) 331 (33.0) 1002 1002 ES 848 (83.5) 168 (16.5) 1016 1016 FR 742 (74.3) 257 (25.7) 999 999 GB-GBN 644 (64.9) 349 (35.1) 993 993 GB-NIR 208 (65.8) 108 (34.2) 316 316 GR 750 (75.0) 250 (25.0) 1000 1000 IE 640 (64.2) 357 (35.8) 997 997 IT 807 (78.2) 225 (21.8) 1032 1032 LU 218 (72.2) 84 (27.8) 302 302 NL 753 (78.1) 211 (21.9) 964 964 PT 852 (85.2) 148 (14.8) 1000 1000 N Sum 8657 2926 11583 N Valid Sum 8657 2926 11583 printed 27.02.2012 page 261 Eurobarometer 28 - October-November 1987,GESIS Variable Report,287,ZA1713
v259,v259 0 1 N Sum N Valid Sum,THIRD WORLD INFO SUPPLY WAY OF LIFE,isocntry BE 676 (67.3) 329 (32.7) 1005 1005 DE 528 (55.2) 429 (44.8) 957 957 DK 553 (55.2) 449 (44.8) 1002 1002 ES 683 (67.2) 333 (32.8) 1016 1016 FR 575 (57.6) 424 (42.4) 999 999 GB-GBN 575 (57.9) 418 (42.1) 993 993 GB-NIR 189 (59.8) 127 (40.2) 316 316 GR 648 (64.8) 352 (35.2) 1000 1000 IE 529 (53.1) 468 (46.9) 997 997 IT 595 (57.7) 437 (42.3) 1032 1032 LU 140 (46.4) 162 (53.6) 302 302 NL 635 (65.8) 330 (34.2) 965 965 PT 588 (58.8) 412 (41.2) 1000 1000 N Sum 6914 4670 11584 N Valid Sum 6914 4670 11584 printed 27.02.2012 page 262 Eurobarometer 28 - October-November 1987,isocntry BE 676 (67.3) 329 (32.7) 1005 1005 DE 528 (55.2) 429 (44.8) 957 957 DK 553 (55.2) 449 (44.8) 1002 1002 ES 683 (67.2) 333 (32.8) 1016 1016 FR 575 (57.6) 424 (42.4) 999 999 GB-GBN 575 (57.9) 418 (42.1) 993 993 GB-NIR 189 (59.8) 127 (40.2) 316 316 GR 648 (64.8) 352 (35.2) 1000 1000 IE 529 (53.1) 468 (46.9) 997 997 IT 595 (57.7) 437 (42.3) 1032 1032 LU 140 (46.4) 162 (53.6) 302 302 NL 635 (65.8) 330 (34.2) 965 965 PT 588 (58.8) 412 (41.2) 1000 1000 N Sum 6914 4670 11584 N Valid Sum 6914 4670 11584 printed 27.02.2012 page 262 Eurobarometer 28 - October-November 1987,GESIS Variable Report,288,ZA1713
v260,v260 0 1 N Sum N Valid Sum,THIRD WORLD INFO SUPPLY HELP POSSIBILIT,isocntry BE 855 (85.1) 150 (14.9) 1005 1005 DE 747 (78.1) 210 (21.9) 957 957 DK 809 (80.7) 193 (19.3) 1002 1002 ES 825 (81.2) 191 (18.8) 1016 1016 FR 865 (86.6) 134 (13.4) 999 999 GB-GBN 830 (83.6) 163 (16.4) 993 993 GB-NIR 266 (84.2) 50 (15.8) 316 316 GR 890 (89.0) 110 (11.0) 1000 1000 IE 777 (77.9) 220 (22.1) 997 997 IT 776 (75.2) 256 (24.8) 1032 1032 LU 194 (64.2) 108 (35.8) 302 302 NL 816 (84.6) 149 (15.4) 965 965 PT 862 (86.2) 138 (13.8) 1000 1000 N Sum 9512 2072 11584 N Valid Sum 9512 2072 11584 printed 27.02.2012 page 263 Eurobarometer 28 - October-November 1987,isocntry BE 855 (85.1) 150 (14.9) 1005 1005 DE 747 (78.1) 210 (21.9) 957 957 DK 809 (80.7) 193 (19.3) 1002 1002 ES 825 (81.2) 191 (18.8) 1016 1016 FR 865 (86.6) 134 (13.4) 999 999 GB-GBN 830 (83.6) 163 (16.4) 993 993 GB-NIR 266 (84.2) 50 (15.8) 316 316 GR 890 (89.0) 110 (11.0) 1000 1000 IE 777 (77.9) 220 (22.1) 997 997 IT 776 (75.2) 256 (24.8) 1032 1032 LU 194 (64.2) 108 (35.8) 302 302 NL 816 (84.6) 149 (15.4) 965 965 PT 862 (86.2) 138 (13.8) 1000 1000 N Sum 9512 2072 11584 N Valid Sum 9512 2072 11584 printed 27.02.2012 page 263 Eurobarometer 28 - October-November 1987,GESIS Variable Report,289,ZA1713
v261,v261 0 1 N Sum N Valid Sum,THIRD WORLD INFO SUPPLY DEVELOPM ACTIVIT,isocntry BE 535 (53.2) 470 (46.8) 1005 1005 DE 469 (49.0) 488 (51.0) 957 957 DK 446 (44.5) 556 (55.5) 1002 1002 ES 717 (70.5) 300 (29.5) 1017 1017 FR 482 (48.2) 517 (51.8) 999 999 GB-GBN 376 (37.9) 617 (62.1) 993 993 GB-NIR 145 (45.9) 171 (54.1) 316 316 GR 690 (69.0) 310 (31.0) 1000 1000 IE 417 (41.8) 580 (58.2) 997 997 IT 553 (53.6) 479 (46.4) 1032 1032 LU 138 (45.7) 164 (54.3) 302 302 NL 528 (54.7) 437 (45.3) 965 965 PT 677 (67.7) 323 (32.3) 1000 1000 N Sum 6173 5412 11585 N Valid Sum 6173 5412 11585 printed 27.02.2012 page 264 Eurobarometer 28 - October-November 1987,isocntry BE 535 (53.2) 470 (46.8) 1005 1005 DE 469 (49.0) 488 (51.0) 957 957 DK 446 (44.5) 556 (55.5) 1002 1002 ES 717 (70.5) 300 (29.5) 1017 1017 FR 482 (48.2) 517 (51.8) 999 999 GB-GBN 376 (37.9) 617 (62.1) 993 993 GB-NIR 145 (45.9) 171 (54.1) 316 316 GR 690 (69.0) 310 (31.0) 1000 1000 IE 417 (41.8) 580 (58.2) 997 997 IT 553 (53.6) 479 (46.4) 1032 1032 LU 138 (45.7) 164 (54.3) 302 302 NL 528 (54.7) 437 (45.3) 965 965 PT 677 (67.7) 323 (32.3) 1000 1000 N Sum 6173 5412 11585 N Valid Sum 6173 5412 11585 printed 27.02.2012 page 264 Eurobarometer 28 - October-November 1987,GESIS Variable Report,290,ZA1713
v262,v262 0 1 N Sum N Valid Sum,THIRD WORLD INFO SUPPLY ATTIT TOWARDS US,isocntry BE 719 (71.5) 286 (28.5) 1005 1005 DE 763 (79.7) 194 (20.3) 957 957 DK 628 (62.7) 374 (37.3) 1002 1002 ES 772 (75.9) 245 (24.1) 1017 1017 FR 653 (65.4) 346 (34.6) 999 999 GB-GBN 704 (70.9) 289 (29.1) 993 993 GB-NIR 228 (72.2) 88 (27.8) 316 316 GR 856 (85.6) 144 (14.4) 1000 1000 IE 703 (70.5) 294 (29.5) 997 997 IT 712 (69.0) 320 (31.0) 1032 1032 LU 186 (61.6) 116 (38.4) 302 302 NL 680 (70.5) 284 (29.5) 964 964 PT 730 (73.0) 270 (27.0) 1000 1000 N Sum 8334 3250 11584 N Valid Sum 8334 3250 11584 printed 27.02.2012 page 265 Eurobarometer 28 - October-November 1987,isocntry BE 719 (71.5) 286 (28.5) 1005 1005 DE 763 (79.7) 194 (20.3) 957 957 DK 628 (62.7) 374 (37.3) 1002 1002 ES 772 (75.9) 245 (24.1) 1017 1017 FR 653 (65.4) 346 (34.6) 999 999 GB-GBN 704 (70.9) 289 (29.1) 993 993 GB-NIR 228 (72.2) 88 (27.8) 316 316 GR 856 (85.6) 144 (14.4) 1000 1000 IE 703 (70.5) 294 (29.5) 997 997 IT 712 (69.0) 320 (31.0) 1032 1032 LU 186 (61.6) 116 (38.4) 302 302 NL 680 (70.5) 284 (29.5) 964 964 PT 730 (73.0) 270 (27.0) 1000 1000 N Sum 8334 3250 11584 N Valid Sum 8334 3250 11584 printed 27.02.2012 page 265 Eurobarometer 28 - October-November 1987,GESIS Variable Report,291,ZA1713
v263,v263 0 1 N Sum N Valid Sum,THIRD WORLD INFO SUPPLY NONE OF THESE,isocntry BE 851 (84.7) 154 (15.3) 1005 1005 DE 900 (94.0) 57 (6.0) 957 957 DK 965 (96.3) 37 (3.7) 1002 1002 ES 937 (92.2) 79 (7.8) 1016 1016 FR 940 (94.1) 59 (5.9) 999 999 GB-GBN 924 (93.1) 69 (6.9) 993 993 GB-NIR 293 (92.7) 23 (7.3) 316 316 GR 848 (84.8) 152 (15.2) 1000 1000 IE 969 (97.2) 28 (2.8) 997 997 IT 991 (96.0) 41 (4.0) 1032 1032 LU 285 (94.4) 17 (5.6) 302 302 NL 883 (91.5) 82 (8.5) 965 965 PT 947 (94.7) 53 (5.3) 1000 1000 N Sum 10733 851 11584 N Valid Sum 10733 851 11584 printed 27.02.2012 page 266 Eurobarometer 28 - October-November 1987,isocntry BE 851 (84.7) 154 (15.3) 1005 1005 DE 900 (94.0) 57 (6.0) 957 957 DK 965 (96.3) 37 (3.7) 1002 1002 ES 937 (92.2) 79 (7.8) 1016 1016 FR 940 (94.1) 59 (5.9) 999 999 GB-GBN 924 (93.1) 69 (6.9) 993 993 GB-NIR 293 (92.7) 23 (7.3) 316 316 GR 848 (84.8) 152 (15.2) 1000 1000 IE 969 (97.2) 28 (2.8) 997 997 IT 991 (96.0) 41 (4.0) 1032 1032 LU 285 (94.4) 17 (5.6) 302 302 NL 883 (91.5) 82 (8.5) 965 965 PT 947 (94.7) 53 (5.3) 1000 1000 N Sum 10733 851 11584 N Valid Sum 10733 851 11584 printed 27.02.2012 page 266 Eurobarometer 28 - October-November 1987,GESIS Variable Report,292,ZA1713
v264,v264 0 1 2 3 N Sum N Valid Sum,THIRD WORLD DEVELOPMENT - EVALUATION,isocntry M BE 106 214 (23.8) 229 (25.5) 456 (50.7) 1005 899 DE 85 308 (35.3) 267 (30.6) 297 (34.1) 957 872 DK 137 293 (33.9) 185 (21.4) 387 (44.7) 1002 865 ES 292 321 (44.3) 209 (28.9) 194 (26.8) 1016 724 FR 103 379 (42.3) 228 (25.4) 290 (32.3) 1000 897 GB-GBN 102 420 (47.1) 261 (29.3) 210 (23.6) 993 891 GB-NIR 33 120 (42.4) 93 (32.9) 70 (24.7) 316 283 GR 169 463 (55.7) 225 (27.1) 143 (17.2) 1000 831 IE 128 429 (49.4) 227 (26.1) 213 (24.5) 997 869 IT 91 593 (63.0) 130 (13.8) 218 (23.2) 1032 941 LU 31 130 (48.0) 69 (25.5) 72 (26.6) 302 271 NL 106 367 (42.8) 204 (23.8) 287 (33.4) 964 858 PT 263 249 (33.8) 307 (41.7) 181 (24.6) 1000 737 N Sum 1646 4286 2634 3018 11584 N Valid Sum 4286 2634 3018 9938 printed 27.02.2012 page 267 Eurobarometer 28 - October-November 1987,isocntry M BE 106 214 (23.8) 229 (25.5) 456 (50.7) 1005 899 DE 85 308 (35.3) 267 (30.6) 297 (34.1) 957 872 DK 137 293 (33.9) 185 (21.4) 387 (44.7) 1002 865 ES 292 321 (44.3) 209 (28.9) 194 (26.8) 1016 724 FR 103 379 (42.3) 228 (25.4) 290 (32.3) 1000 897 GB-GBN 102 420 (47.1) 261 (29.3) 210 (23.6) 993 891 GB-NIR 33 120 (42.4) 93 (32.9) 70 (24.7) 316 283 GR 169 463 (55.7) 225 (27.1) 143 (17.2) 1000 831 IE 128 429 (49.4) 227 (26.1) 213 (24.5) 997 869 IT 91 593 (63.0) 130 (13.8) 218 (23.2) 1032 941 LU 31 130 (48.0) 69 (25.5) 72 (26.6) 302 271 NL 106 367 (42.8) 204 (23.8) 287 (33.4) 964 858 PT 263 249 (33.8) 307 (41.7) 181 (24.6) 1000 737 N Sum 1646 4286 2634 3018 11584 N Valid Sum 4286 2634 3018 9938 printed 27.02.2012 page 267 Eurobarometer 28 - October-November 1987,GESIS Variable Report,293,ZA1713
v265,v265 0 1 2 3 4 N Sum N Valid Sum,THIRD WORLD AID - FOR-AGAINST,isocntry M BE 81 198 (21.4) 554 (60.0) 140 (15.2) 32 (3.5) 1005 924 DE 36 320 (34.8) 535 (58.2) 58 (6.3) 7 (0.8) 956 920 DK 37 304 (31.5) 598 (62.0) 63 (6.5) 1002 965 ES 45 633 (65.2) 314 (32.3) 16 (1.6) 8 (0.8) 1016 971 FR 38 233 (24.2) 612 (63.6) 94 (9.8) 23 (2.4) 1000 962 GB-GBN 15 308 (31.5) 554 (56.6) 89 (9.1) 28 (2.9) 994 979 GB-NIR 6 164 (52.9) 135 (43.5) 6 (1.9) 5 (1.6) 316 310 GR 42 613 (64.0) 308 (32.2) 31 (3.2) 6 (0.6) 1000 958 IE 46 468 (49.2) 446 (46.9) 27 (2.8) 10 (1.1) 997 951 IT 11 452 (44.3) 502 (49.2) 57 (5.6) 10 (1.0) 1032 1021 LU 7 132 (44.7) 149 (50.5) 8 (2.7) 6 (2.0) 302 295 NL 30 342 (36.6) 553 (59.1) 30 (3.2) 10 (1.1) 965 935 PT 46 320 (33.5) 614 (64.4) 19 (2.0) 1 (0.1) 1000 954 N Sum 440 4487 5874 638 146 11585 N Valid Sum 4487 5874 638 146 11145 printed 27.02.2012 page 268 Eurobarometer 28 - October-November 1987,isocntry M BE 81 198 (21.4) 554 (60.0) 140 (15.2) 32 (3.5) 1005 924 DE 36 320 (34.8) 535 (58.2) 58 (6.3) 7 (0.8) 956 920 DK 37 304 (31.5) 598 (62.0) 63 (6.5) 1002 965 ES 45 633 (65.2) 314 (32.3) 16 (1.6) 8 (0.8) 1016 971 FR 38 233 (24.2) 612 (63.6) 94 (9.8) 23 (2.4) 1000 962 GB-GBN 15 308 (31.5) 554 (56.6) 89 (9.1) 28 (2.9) 994 979 GB-NIR 6 164 (52.9) 135 (43.5) 6 (1.9) 5 (1.6) 316 310 GR 42 613 (64.0) 308 (32.2) 31 (3.2) 6 (0.6) 1000 958 IE 46 468 (49.2) 446 (46.9) 27 (2.8) 10 (1.1) 997 951 IT 11 452 (44.3) 502 (49.2) 57 (5.6) 10 (1.0) 1032 1021 LU 7 132 (44.7) 149 (50.5) 8 (2.7) 6 (2.0) 302 295 NL 30 342 (36.6) 553 (59.1) 30 (3.2) 10 (1.1) 965 935 PT 46 320 (33.5) 614 (64.4) 19 (2.0) 1 (0.1) 1000 954 N Sum 440 4487 5874 638 146 11585 N Valid Sum 4487 5874 638 146 11145 printed 27.02.2012 page 268 Eurobarometer 28 - October-November 1987,GESIS Variable Report,294,ZA1713
v266,v266 0 1 2 3 4 N Sum N Valid Sum,THIRD WORLD POLICY - PRINCIPAL AIM,isocntry M BE 23 138 (14.1) 608 (61.9) 182 (18.5) 54 (5.5) 1005 982 DE 9 158 (16.6) 652 (68.7) 123 (13.0) 16 (1.7) 958 949 DK 13 64 (6.5) 720 (72.8) 187 (18.9) 18 (1.8) 1002 989 ES 66 356 (37.5) 458 (48.3) 128 (13.5) 7 (0.7) 1015 949 FR 17 103 (10.5) 568 (57.8) 290 (29.5) 21 (2.1) 999 982 GB-GBN 19 82 (8.4) 700 (71.9) 170 (17.5) 22 (2.3) 993 974 GB-NIR 9 46 (15.0) 217 (70.7) 41 (13.4) 3 (1.0) 316 307 GR 61 434 (46.2) 276 (29.4) 190 (20.2) 39 (4.2) 1000 939 IE 35 203 (21.1) 662 (68.8) 89 (9.3) 8 (0.8) 997 962 IT 8 135 (13.2) 710 (69.3) 165 (16.1) 14 (1.4) 1032 1024 LU 9 40 (13.7) 205 (70.0) 44 (15.0) 4 (1.4) 302 293 NL 63 76 (8.4) 559 (62.0) 260 (28.8) 7 (0.8) 965 902 PT 69 474 (50.9) 304 (32.7) 139 (14.9) 14 (1.5) 1000 931 N Sum 401 2309 6639 2008 227 11584 N Valid Sum 2309 6639 2008 227 11183 printed 27.02.2012 page 269 Eurobarometer 28 - October-November 1987,isocntry M BE 23 138 (14.1) 608 (61.9) 182 (18.5) 54 (5.5) 1005 982 DE 9 158 (16.6) 652 (68.7) 123 (13.0) 16 (1.7) 958 949 DK 13 64 (6.5) 720 (72.8) 187 (18.9) 18 (1.8) 1002 989 ES 66 356 (37.5) 458 (48.3) 128 (13.5) 7 (0.7) 1015 949 FR 17 103 (10.5) 568 (57.8) 290 (29.5) 21 (2.1) 999 982 GB-GBN 19 82 (8.4) 700 (71.9) 170 (17.5) 22 (2.3) 993 974 GB-NIR 9 46 (15.0) 217 (70.7) 41 (13.4) 3 (1.0) 316 307 GR 61 434 (46.2) 276 (29.4) 190 (20.2) 39 (4.2) 1000 939 IE 35 203 (21.1) 662 (68.8) 89 (9.3) 8 (0.8) 997 962 IT 8 135 (13.2) 710 (69.3) 165 (16.1) 14 (1.4) 1032 1024 LU 9 40 (13.7) 205 (70.0) 44 (15.0) 4 (1.4) 302 293 NL 63 76 (8.4) 559 (62.0) 260 (28.8) 7 (0.8) 965 902 PT 69 474 (50.9) 304 (32.7) 139 (14.9) 14 (1.5) 1000 931 N Sum 401 2309 6639 2008 227 11584 N Valid Sum 2309 6639 2008 227 11183 printed 27.02.2012 page 269 Eurobarometer 28 - October-November 1987,GESIS Variable Report,295,ZA1713
v267,v267 1 2 3 N Sum N Valid Sum,THIRD WORLD AID EFFECT RELIEVE POVERTY,isocntry M BE 537 (60.6) 349 (39.4) 119 1005 886 DE 453 (52.6) 408 (47.4) 95 956 861 DK 369 (43.4) 482 (56.6) 151 1002 851 ES 357 (39.9) 537 (60.1) 122 1016 894 FR 509 (55.9) 402 (44.1) 88 999 911 GB-GBN 464 (49.6) 472 (50.4) 57 993 936 GB-NIR 169 (56.7) 129 (43.3) 18 316 298 GR 453 (54.1) 385 (45.9) 162 1000 838 IE 590 (66.5) 297 (33.5) 110 997 887 IT 514 (55.1) 419 (44.9) 99 1032 933 LU 136 (49.5) 139 (50.5) 27 302 275 NL 576 (68.2) 269 (31.8) 120 965 845 PT 667 (77.9) 189 (22.1) 144 1000 856 N Sum 5794 4477 1312 11583 N Valid Sum 5794 4477 10271 printed 27.02.2012 page 270 Eurobarometer 28 - October-November 1987,isocntry M BE 537 (60.6) 349 (39.4) 119 1005 886 DE 453 (52.6) 408 (47.4) 95 956 861 DK 369 (43.4) 482 (56.6) 151 1002 851 ES 357 (39.9) 537 (60.1) 122 1016 894 FR 509 (55.9) 402 (44.1) 88 999 911 GB-GBN 464 (49.6) 472 (50.4) 57 993 936 GB-NIR 169 (56.7) 129 (43.3) 18 316 298 GR 453 (54.1) 385 (45.9) 162 1000 838 IE 590 (66.5) 297 (33.5) 110 997 887 IT 514 (55.1) 419 (44.9) 99 1032 933 LU 136 (49.5) 139 (50.5) 27 302 275 NL 576 (68.2) 269 (31.8) 120 965 845 PT 667 (77.9) 189 (22.1) 144 1000 856 N Sum 5794 4477 1312 11583 N Valid Sum 5794 4477 10271 printed 27.02.2012 page 270 Eurobarometer 28 - October-November 1987,GESIS Variable Report,296,ZA1713
v268,v268 1 2 3 N Sum N Valid Sum,THIRD WORLD AID EFFECT SELF-SUFFICIENCY,isocntry M BE 460 (52.8) 412 (47.2) 133 1005 872 DE 495 (56.5) 381 (43.5) 81 957 876 DK 383 (43.9) 489 (56.1) 129 1001 872 ES 153 (18.8) 662 (81.2) 201 1016 815 FR 331 (37.8) 545 (62.2) 123 999 876 GB-GBN 456 (50.2) 452 (49.8) 85 993 908 GB-NIR 164 (55.8) 130 (44.2) 22 316 294 GR 198 (26.7) 544 (73.3) 258 1000 742 IE 578 (67.4) 279 (32.6) 140 997 857 IT 308 (34.2) 593 (65.8) 131 1032 901 LU 105 (38.7) 166 (61.3) 31 302 271 NL 508 (60.7) 329 (39.3) 127 964 837 PT 209 (28.3) 529 (71.7) 262 1000 738 N Sum 4348 5511 1723 11582 N Valid Sum 4348 5511 9859 printed 27.02.2012 page 271 Eurobarometer 28 - October-November 1987,isocntry M BE 460 (52.8) 412 (47.2) 133 1005 872 DE 495 (56.5) 381 (43.5) 81 957 876 DK 383 (43.9) 489 (56.1) 129 1001 872 ES 153 (18.8) 662 (81.2) 201 1016 815 FR 331 (37.8) 545 (62.2) 123 999 876 GB-GBN 456 (50.2) 452 (49.8) 85 993 908 GB-NIR 164 (55.8) 130 (44.2) 22 316 294 GR 198 (26.7) 544 (73.3) 258 1000 742 IE 578 (67.4) 279 (32.6) 140 997 857 IT 308 (34.2) 593 (65.8) 131 1032 901 LU 105 (38.7) 166 (61.3) 31 302 271 NL 508 (60.7) 329 (39.3) 127 964 837 PT 209 (28.3) 529 (71.7) 262 1000 738 N Sum 4348 5511 1723 11582 N Valid Sum 4348 5511 9859 printed 27.02.2012 page 271 Eurobarometer 28 - October-November 1987,GESIS Variable Report,297,ZA1713
v269,v269 1 2 3 N Sum N Valid Sum,THIRD WORLD AID EFFECT PARTNERSHIP,isocntry M BE 156 (19.3) 651 (80.7) 198 1005 807 DE 249 (30.5) 568 (69.5) 140 957 817 DK 143 (18.6) 626 (81.4) 233 1002 769 ES 106 (13.6) 673 (86.4) 238 1017 779 FR 157 (18.0) 713 (82.0) 129 999 870 GB-GBN 198 (22.6) 678 (77.4) 117 993 876 GB-NIR 71 (26.2) 200 (73.8) 45 316 271 GR 153 (21.4) 563 (78.6) 284 1000 716 IE 275 (37.0) 469 (63.0) 253 997 744 IT 112 (13.4) 722 (86.6) 198 1032 834 LU 97 (35.9) 173 (64.1) 32 302 270 NL 166 (21.6) 603 (78.4) 195 964 769 PT 153 (22.0) 542 (78.0) 305 1000 695 N Sum 2036 7181 2367 11584 N Valid Sum 2036 7181 9217 printed 27.02.2012 page 272 Eurobarometer 28 - October-November 1987,isocntry M BE 156 (19.3) 651 (80.7) 198 1005 807 DE 249 (30.5) 568 (69.5) 140 957 817 DK 143 (18.6) 626 (81.4) 233 1002 769 ES 106 (13.6) 673 (86.4) 238 1017 779 FR 157 (18.0) 713 (82.0) 129 999 870 GB-GBN 198 (22.6) 678 (77.4) 117 993 876 GB-NIR 71 (26.2) 200 (73.8) 45 316 271 GR 153 (21.4) 563 (78.6) 284 1000 716 IE 275 (37.0) 469 (63.0) 253 997 744 IT 112 (13.4) 722 (86.6) 198 1032 834 LU 97 (35.9) 173 (64.1) 32 302 270 NL 166 (21.6) 603 (78.4) 195 964 769 PT 153 (22.0) 542 (78.0) 305 1000 695 N Sum 2036 7181 2367 11584 N Valid Sum 2036 7181 9217 printed 27.02.2012 page 272 Eurobarometer 28 - October-November 1987,GESIS Variable Report,298,ZA1713
v270,v270 1 2 3 N Sum N Valid Sum,THIRD WORLD AID PRSPCTS RELIEVE POVERTY,isocntry M BE 462 (56.2) 360 (43.8) 183 1005 822 DE 493 (57.6) 363 (42.4) 101 957 856 DK 344 (41.5) 484 (58.5) 175 1003 828 ES 508 (60.3) 335 (39.7) 173 1016 843 FR 610 (69.6) 267 (30.4) 122 999 877 GB-GBN 476 (53.3) 417 (46.7) 101 994 893 GB-NIR 164 (55.2) 133 (44.8) 19 316 297 GR 534 (68.5) 246 (31.5) 220 1000 780 IE 608 (73.5) 219 (26.5) 170 997 827 IT 673 (75.9) 214 (24.1) 145 1032 887 LU 222 (81.6) 50 (18.4) 30 302 272 NL 507 (61.5) 318 (38.5) 140 965 825 PT 592 (70.5) 248 (29.5) 160 1000 840 N Sum 6193 3654 1739 11586 N Valid Sum 6193 3654 9847 printed 27.02.2012 page 273 Eurobarometer 28 - October-November 1987,isocntry M BE 462 (56.2) 360 (43.8) 183 1005 822 DE 493 (57.6) 363 (42.4) 101 957 856 DK 344 (41.5) 484 (58.5) 175 1003 828 ES 508 (60.3) 335 (39.7) 173 1016 843 FR 610 (69.6) 267 (30.4) 122 999 877 GB-GBN 476 (53.3) 417 (46.7) 101 994 893 GB-NIR 164 (55.2) 133 (44.8) 19 316 297 GR 534 (68.5) 246 (31.5) 220 1000 780 IE 608 (73.5) 219 (26.5) 170 997 827 IT 673 (75.9) 214 (24.1) 145 1032 887 LU 222 (81.6) 50 (18.4) 30 302 272 NL 507 (61.5) 318 (38.5) 140 965 825 PT 592 (70.5) 248 (29.5) 160 1000 840 N Sum 6193 3654 1739 11586 N Valid Sum 6193 3654 9847 printed 27.02.2012 page 273 Eurobarometer 28 - October-November 1987,GESIS Variable Report,299,ZA1713
v271,v271 1 2 3 N Sum N Valid Sum,THIRD WORLD AID PRSPCTS SELF-SUFFICIENCY,isocntry M BE 490 (59.5) 333 (40.5) 182 1005 823 DE 473 (55.9) 373 (44.1) 111 957 846 DK 308 (39.0) 482 (61.0) 212 1002 790 ES 314 (41.6) 440 (58.4) 263 1017 754 FR 585 (66.8) 291 (33.2) 123 999 876 GB-GBN 483 (55.6) 385 (44.4) 125 993 868 GB-NIR 172 (59.7) 116 (40.3) 28 316 288 GR 318 (44.9) 390 (55.1) 292 1000 708 IE 580 (72.0) 225 (28.0) 192 997 805 IT 582 (69.0) 262 (31.0) 188 1032 844 LU 188 (70.7) 78 (29.3) 36 302 266 NL 521 (63.8) 295 (36.2) 148 964 816 PT 313 (42.4) 426 (57.6) 261 1000 739 N Sum 5327 4096 2161 11584 N Valid Sum 5327 4096 9423 printed 27.02.2012 page 274 Eurobarometer 28 - October-November 1987,isocntry M BE 490 (59.5) 333 (40.5) 182 1005 823 DE 473 (55.9) 373 (44.1) 111 957 846 DK 308 (39.0) 482 (61.0) 212 1002 790 ES 314 (41.6) 440 (58.4) 263 1017 754 FR 585 (66.8) 291 (33.2) 123 999 876 GB-GBN 483 (55.6) 385 (44.4) 125 993 868 GB-NIR 172 (59.7) 116 (40.3) 28 316 288 GR 318 (44.9) 390 (55.1) 292 1000 708 IE 580 (72.0) 225 (28.0) 192 997 805 IT 582 (69.0) 262 (31.0) 188 1032 844 LU 188 (70.7) 78 (29.3) 36 302 266 NL 521 (63.8) 295 (36.2) 148 964 816 PT 313 (42.4) 426 (57.6) 261 1000 739 N Sum 5327 4096 2161 11584 N Valid Sum 5327 4096 9423 printed 27.02.2012 page 274 Eurobarometer 28 - October-November 1987,GESIS Variable Report,300,ZA1713
v272,v272 1 2 3 N Sum N Valid Sum,THIRD WORLD AID PRSPCTS PARTNERTSHIP,isocntry M BE 189 (25.5) 552 (74.5) 264 1005 741 DE 252 (31.2) 556 (68.8) 149 957 808 DK 223 (29.6) 530 (70.4) 250 1003 753 ES 231 (31.6) 499 (68.4) 286 1016 730 FR 350 (42.8) 468 (57.2) 182 1000 818 GB-GBN 300 (35.1) 555 (64.9) 138 993 855 GB-NIR 97 (35.3) 178 (64.7) 41 316 275 GR 244 (38.0) 398 (62.0) 358 1000 642 IE 348 (50.4) 343 (49.6) 306 997 691 IT 251 (32.5) 522 (67.5) 259 1032 773 LU 148 (56.3) 115 (43.7) 39 302 263 NL 215 (28.0) 553 (72.0) 197 965 768 PT 218 (31.8) 467 (68.2) 315 1000 685 N Sum 3066 5736 2784 11586 N Valid Sum 3066 5736 8802 printed 27.02.2012 page 275 Eurobarometer 28 - October-November 1987,isocntry M BE 189 (25.5) 552 (74.5) 264 1005 741 DE 252 (31.2) 556 (68.8) 149 957 808 DK 223 (29.6) 530 (70.4) 250 1003 753 ES 231 (31.6) 499 (68.4) 286 1016 730 FR 350 (42.8) 468 (57.2) 182 1000 818 GB-GBN 300 (35.1) 555 (64.9) 138 993 855 GB-NIR 97 (35.3) 178 (64.7) 41 316 275 GR 244 (38.0) 398 (62.0) 358 1000 642 IE 348 (50.4) 343 (49.6) 306 997 691 IT 251 (32.5) 522 (67.5) 259 1032 773 LU 148 (56.3) 115 (43.7) 39 302 263 NL 215 (28.0) 553 (72.0) 197 965 768 PT 218 (31.8) 467 (68.2) 315 1000 685 N Sum 3066 5736 2784 11586 N Valid Sum 3066 5736 8802 printed 27.02.2012 page 275 Eurobarometer 28 - October-November 1987,GESIS Variable Report,301,ZA1713
v273,,THIRD WORLD POLICY - PREFERENCE,,THIRD WORLD POLICY - PREFERENCE,GESIS Variable Report,302,ZA1713
v274,v274 0 1 N Sum N Valid Sum,THIRD WORLD EXPERIENCE TOURISTIC VISIT,isocntry BE 922 (91.7) 83 (8.3) 1005 1005 DE 896 (93.6) 61 (6.4) 957 957 DK 859 (85.7) 143 (14.3) 1002 1002 ES 984 (96.8) 33 (3.2) 1017 1017 FR 901 (90.2) 98 (9.8) 999 999 GB-GBN 920 (92.6) 73 (7.4) 993 993 GB-NIR 304 (96.2) 12 (3.8) 316 316 GR 973 (97.3) 27 (2.7) 1000 1000 IE 972 (97.5) 25 (2.5) 997 997 IT 987 (95.6) 45 (4.4) 1032 1032 LU 273 (90.4) 29 (9.6) 302 302 NL 902 (93.5) 63 (6.5) 965 965 PT 984 (98.4) 16 (1.6) 1000 1000 N Sum 10877 708 11585 N Valid Sum 10877 708 11585 printed 27.02.2012 page 277 Eurobarometer 28 - October-November 1987,isocntry BE 922 (91.7) 83 (8.3) 1005 1005 DE 896 (93.6) 61 (6.4) 957 957 DK 859 (85.7) 143 (14.3) 1002 1002 ES 984 (96.8) 33 (3.2) 1017 1017 FR 901 (90.2) 98 (9.8) 999 999 GB-GBN 920 (92.6) 73 (7.4) 993 993 GB-NIR 304 (96.2) 12 (3.8) 316 316 GR 973 (97.3) 27 (2.7) 1000 1000 IE 972 (97.5) 25 (2.5) 997 997 IT 987 (95.6) 45 (4.4) 1032 1032 LU 273 (90.4) 29 (9.6) 302 302 NL 902 (93.5) 63 (6.5) 965 965 PT 984 (98.4) 16 (1.6) 1000 1000 N Sum 10877 708 11585 N Valid Sum 10877 708 11585 printed 27.02.2012 page 277 Eurobarometer 28 - October-November 1987,GESIS Variable Report,303,ZA1713
v275,v275 0 1 N Sum N Valid Sum,THIRD WORLD EXPERIENCE OTHER VISIT,isocntry BE 952 (94.7) 53 (5.3) 1005 1005 DE 930 (97.2) 27 (2.8) 957 957 DK 949 (94.7) 53 (5.3) 1002 1002 ES 1001 (98.5) 15 (1.5) 1016 1016 FR 952 (95.3) 47 (4.7) 999 999 GB-GBN 905 (91.1) 88 (8.9) 993 993 GB-NIR 309 (97.8) 7 (2.2) 316 316 GR 971 (97.1) 29 (2.9) 1000 1000 IE 981 (98.4) 16 (1.6) 997 997 IT 1014 (98.3) 18 (1.7) 1032 1032 LU 289 (95.7) 13 (4.3) 302 302 NL 935 (97.0) 29 (3.0) 964 964 PT 980 (98.0) 20 (2.0) 1000 1000 N Sum 11168 415 11583 N Valid Sum 11168 415 11583 printed 27.02.2012 page 278 Eurobarometer 28 - October-November 1987,isocntry BE 952 (94.7) 53 (5.3) 1005 1005 DE 930 (97.2) 27 (2.8) 957 957 DK 949 (94.7) 53 (5.3) 1002 1002 ES 1001 (98.5) 15 (1.5) 1016 1016 FR 952 (95.3) 47 (4.7) 999 999 GB-GBN 905 (91.1) 88 (8.9) 993 993 GB-NIR 309 (97.8) 7 (2.2) 316 316 GR 971 (97.1) 29 (2.9) 1000 1000 IE 981 (98.4) 16 (1.6) 997 997 IT 1014 (98.3) 18 (1.7) 1032 1032 LU 289 (95.7) 13 (4.3) 302 302 NL 935 (97.0) 29 (3.0) 964 964 PT 980 (98.0) 20 (2.0) 1000 1000 N Sum 11168 415 11583 N Valid Sum 11168 415 11583 printed 27.02.2012 page 278 Eurobarometer 28 - October-November 1987,GESIS Variable Report,304,ZA1713
v276,v276 0 1 N Sum N Valid Sum,THIRD WORLD EXPERIENCE R LIVED THERE,isocntry BE 966 (96.1) 39 (3.9) 1005 1005 DE 950 (99.3) 7 (0.7) 957 957 DK 980 (97.8) 22 (2.2) 1002 1002 ES 998 (98.1) 19 (1.9) 1017 1017 FR 937 (93.8) 62 (6.2) 999 999 GB-GBN 926 (93.3) 67 (6.7) 993 993 GB-NIR 312 (98.7) 4 (1.3) 316 316 GR 984 (98.4) 16 (1.6) 1000 1000 IE 990 (99.3) 7 (0.7) 997 997 IT 1021 (98.9) 11 (1.1) 1032 1032 LU 296 (98.0) 6 (2.0) 302 302 NL 932 (96.7) 32 (3.3) 964 964 PT 925 (92.5) 75 (7.5) 1000 1000 N Sum 11217 367 11584 N Valid Sum 11217 367 11584 printed 27.02.2012 page 279 Eurobarometer 28 - October-November 1987,isocntry BE 966 (96.1) 39 (3.9) 1005 1005 DE 950 (99.3) 7 (0.7) 957 957 DK 980 (97.8) 22 (2.2) 1002 1002 ES 998 (98.1) 19 (1.9) 1017 1017 FR 937 (93.8) 62 (6.2) 999 999 GB-GBN 926 (93.3) 67 (6.7) 993 993 GB-NIR 312 (98.7) 4 (1.3) 316 316 GR 984 (98.4) 16 (1.6) 1000 1000 IE 990 (99.3) 7 (0.7) 997 997 IT 1021 (98.9) 11 (1.1) 1032 1032 LU 296 (98.0) 6 (2.0) 302 302 NL 932 (96.7) 32 (3.3) 964 964 PT 925 (92.5) 75 (7.5) 1000 1000 N Sum 11217 367 11584 N Valid Sum 11217 367 11584 printed 27.02.2012 page 279 Eurobarometer 28 - October-November 1987,GESIS Variable Report,305,ZA1713
v277,v277 0 1 N Sum N Valid Sum,THIRD WORLD EXPERIENCE FAMILIY LIVING,isocntry BE 907 (90.2) 98 (9.8) 1005 1005 DE 928 (97.0) 29 (3.0) 957 957 DK 908 (90.6) 94 (9.4) 1002 1002 ES 970 (95.4) 47 (4.6) 1017 1017 FR 903 (90.4) 96 (9.6) 999 999 GB-GBN 896 (90.2) 97 (9.8) 993 993 GB-NIR 303 (95.9) 13 (4.1) 316 316 GR 964 (96.4) 36 (3.6) 1000 1000 IE 946 (94.9) 51 (5.1) 997 997 IT 987 (95.6) 45 (4.4) 1032 1032 LU 279 (92.4) 23 (7.6) 302 302 NL 865 (89.7) 99 (10.3) 964 964 PT 964 (96.4) 36 (3.6) 1000 1000 N Sum 10820 764 11584 N Valid Sum 10820 764 11584 printed 27.02.2012 page 280 Eurobarometer 28 - October-November 1987,isocntry BE 907 (90.2) 98 (9.8) 1005 1005 DE 928 (97.0) 29 (3.0) 957 957 DK 908 (90.6) 94 (9.4) 1002 1002 ES 970 (95.4) 47 (4.6) 1017 1017 FR 903 (90.4) 96 (9.6) 999 999 GB-GBN 896 (90.2) 97 (9.8) 993 993 GB-NIR 303 (95.9) 13 (4.1) 316 316 GR 964 (96.4) 36 (3.6) 1000 1000 IE 946 (94.9) 51 (5.1) 997 997 IT 987 (95.6) 45 (4.4) 1032 1032 LU 279 (92.4) 23 (7.6) 302 302 NL 865 (89.7) 99 (10.3) 964 964 PT 964 (96.4) 36 (3.6) 1000 1000 N Sum 10820 764 11584 N Valid Sum 10820 764 11584 printed 27.02.2012 page 280 Eurobarometer 28 - October-November 1987,GESIS Variable Report,306,ZA1713
v278,v278 0 1 N Sum N Valid Sum,THIRD WORLD EXPERIENCE CHILDRN AT SCHOOL,isocntry BE 955 (95.0) 50 (5.0) 1005 1005 DE 927 (96.9) 30 (3.1) 957 957 DK 904 (90.2) 98 (9.8) 1002 1002 ES 995 (97.9) 21 (2.1) 1016 1016 FR 915 (91.6) 84 (8.4) 999 999 GB-GBN 934 (94.1) 59 (5.9) 993 993 GB-NIR 311 (98.4) 5 (1.6) 316 316 GR 987 (98.7) 13 (1.3) 1000 1000 IE 983 (98.6) 14 (1.4) 997 997 IT 1019 (98.7) 13 (1.3) 1032 1032 LU 287 (95.0) 15 (5.0) 302 302 NL 906 (94.0) 58 (6.0) 964 964 PT 983 (98.3) 17 (1.7) 1000 1000 N Sum 11106 477 11583 N Valid Sum 11106 477 11583 printed 27.02.2012 page 281 Eurobarometer 28 - October-November 1987,isocntry BE 955 (95.0) 50 (5.0) 1005 1005 DE 927 (96.9) 30 (3.1) 957 957 DK 904 (90.2) 98 (9.8) 1002 1002 ES 995 (97.9) 21 (2.1) 1016 1016 FR 915 (91.6) 84 (8.4) 999 999 GB-GBN 934 (94.1) 59 (5.9) 993 993 GB-NIR 311 (98.4) 5 (1.6) 316 316 GR 987 (98.7) 13 (1.3) 1000 1000 IE 983 (98.6) 14 (1.4) 997 997 IT 1019 (98.7) 13 (1.3) 1032 1032 LU 287 (95.0) 15 (5.0) 302 302 NL 906 (94.0) 58 (6.0) 964 964 PT 983 (98.3) 17 (1.7) 1000 1000 N Sum 11106 477 11583 N Valid Sum 11106 477 11583 printed 27.02.2012 page 281 Eurobarometer 28 - October-November 1987,GESIS Variable Report,307,ZA1713
v279,v279 0 1 N Sum N Valid Sum,THIRD WORLD EXPERIENCE PERSONAL CONTACTS,isocntry BE 903 (89.9) 102 (10.1) 1005 1005 DE 871 (91.0) 86 (9.0) 957 957 DK 814 (81.3) 187 (18.7) 1001 1001 ES 975 (96.0) 41 (4.0) 1016 1016 FR 818 (81.9) 181 (18.1) 999 999 GB-GBN 831 (83.7) 162 (16.3) 993 993 GB-NIR 301 (95.3) 15 (4.7) 316 316 GR 970 (97.0) 30 (3.0) 1000 1000 IE 949 (95.2) 48 (4.8) 997 997 IT 951 (92.2) 81 (7.8) 1032 1032 LU 260 (86.1) 42 (13.9) 302 302 NL 837 (86.7) 128 (13.3) 965 965 PT 933 (93.3) 67 (6.7) 1000 1000 N Sum 10413 1170 11583 N Valid Sum 10413 1170 11583 printed 27.02.2012 page 282 Eurobarometer 28 - October-November 1987,isocntry BE 903 (89.9) 102 (10.1) 1005 1005 DE 871 (91.0) 86 (9.0) 957 957 DK 814 (81.3) 187 (18.7) 1001 1001 ES 975 (96.0) 41 (4.0) 1016 1016 FR 818 (81.9) 181 (18.1) 999 999 GB-GBN 831 (83.7) 162 (16.3) 993 993 GB-NIR 301 (95.3) 15 (4.7) 316 316 GR 970 (97.0) 30 (3.0) 1000 1000 IE 949 (95.2) 48 (4.8) 997 997 IT 951 (92.2) 81 (7.8) 1032 1032 LU 260 (86.1) 42 (13.9) 302 302 NL 837 (86.7) 128 (13.3) 965 965 PT 933 (93.3) 67 (6.7) 1000 1000 N Sum 10413 1170 11583 N Valid Sum 10413 1170 11583 printed 27.02.2012 page 282 Eurobarometer 28 - October-November 1987,GESIS Variable Report,308,ZA1713
v280,v280 0 1 N Sum N Valid Sum,THIRD WORLD EXPERIENCE PERSONAL RELATION,isocntry BE 919 (91.4) 86 (8.6) 1005 1005 DE 876 (91.5) 81 (8.5) 957 957 DK 868 (86.6) 134 (13.4) 1002 1002 ES 959 (94.4) 57 (5.6) 1016 1016 FR 871 (87.2) 128 (12.8) 999 999 GB-GBN 829 (83.5) 164 (16.5) 993 993 GB-NIR 297 (94.0) 19 (6.0) 316 316 GR 967 (96.7) 33 (3.3) 1000 1000 IE 881 (88.4) 116 (11.6) 997 997 IT 926 (89.7) 106 (10.3) 1032 1032 LU 264 (87.4) 38 (12.6) 302 302 NL 842 (87.3) 123 (12.7) 965 965 PT 903 (90.3) 97 (9.7) 1000 1000 N Sum 10402 1182 11584 N Valid Sum 10402 1182 11584 printed 27.02.2012 page 283 Eurobarometer 28 - October-November 1987,isocntry BE 919 (91.4) 86 (8.6) 1005 1005 DE 876 (91.5) 81 (8.5) 957 957 DK 868 (86.6) 134 (13.4) 1002 1002 ES 959 (94.4) 57 (5.6) 1016 1016 FR 871 (87.2) 128 (12.8) 999 999 GB-GBN 829 (83.5) 164 (16.5) 993 993 GB-NIR 297 (94.0) 19 (6.0) 316 316 GR 967 (96.7) 33 (3.3) 1000 1000 IE 881 (88.4) 116 (11.6) 997 997 IT 926 (89.7) 106 (10.3) 1032 1032 LU 264 (87.4) 38 (12.6) 302 302 NL 842 (87.3) 123 (12.7) 965 965 PT 903 (90.3) 97 (9.7) 1000 1000 N Sum 10402 1182 11584 N Valid Sum 10402 1182 11584 printed 27.02.2012 page 283 Eurobarometer 28 - October-November 1987,GESIS Variable Report,309,ZA1713
v281,v281 0 1 N Sum N Valid Sum,THIRD WORLD EXPERIENCE OTHER,isocntry BE 975 (97.0) 30 (3.0) 1005 1005 DE 936 (97.8) 21 (2.2) 957 957 DK 862 (86.0) 140 (14.0) 1002 1002 ES 1009 (99.3) 7 (0.7) 1016 1016 FR 987 (98.8) 12 (1.2) 999 999 GB-GBN 956 (96.3) 37 (3.7) 993 993 GB-NIR 295 (93.4) 21 (6.6) 316 316 GR 1000 (100.0) 1000 1000 IE 970 (97.3) 27 (2.7) 997 997 IT 1008 (97.7) 24 (2.3) 1032 1032 LU 292 (96.7) 10 (3.3) 302 302 NL 932 (96.6) 33 (3.4) 965 965 PT 990 (99.0) 10 (1.0) 1000 1000 N Sum 11212 372 11584 N Valid Sum 11212 372 11584 printed 27.02.2012 page 284 Eurobarometer 28 - October-November 1987,isocntry BE 975 (97.0) 30 (3.0) 1005 1005 DE 936 (97.8) 21 (2.2) 957 957 DK 862 (86.0) 140 (14.0) 1002 1002 ES 1009 (99.3) 7 (0.7) 1016 1016 FR 987 (98.8) 12 (1.2) 999 999 GB-GBN 956 (96.3) 37 (3.7) 993 993 GB-NIR 295 (93.4) 21 (6.6) 316 316 GR 1000 (100.0) 1000 1000 IE 970 (97.3) 27 (2.7) 997 997 IT 1008 (97.7) 24 (2.3) 1032 1032 LU 292 (96.7) 10 (3.3) 302 302 NL 932 (96.6) 33 (3.4) 965 965 PT 990 (99.0) 10 (1.0) 1000 1000 N Sum 11212 372 11584 N Valid Sum 11212 372 11584 printed 27.02.2012 page 284 Eurobarometer 28 - October-November 1987,GESIS Variable Report,310,ZA1713
v282,v282 0 1 N Sum N Valid Sum,THIRD WORLD EXPERIENCE NONE OF THESE,isocntry BE 378 (37.6) 627 (62.4) 1005 1005 DE 441 (46.1) 516 (53.9) 957 957 DK 517 (51.6) 485 (48.4) 1002 1002 ES 189 (18.6) 827 (81.4) 1016 1016 FR 444 (44.4) 555 (55.6) 999 999 GB-GBN 441 (44.4) 552 (55.6) 993 993 GB-NIR 84 (26.6) 232 (73.4) 316 316 GR 222 (22.2) 778 (77.8) 1000 1000 IE 273 (27.4) 724 (72.6) 997 997 IT 313 (30.3) 719 (69.7) 1032 1032 LU 112 (37.1) 190 (62.9) 302 302 NL 395 (40.9) 570 (59.1) 965 965 PT 221 (22.1) 779 (77.9) 1000 1000 N Sum 4030 7554 11584 N Valid Sum 4030 7554 11584 printed 27.02.2012 page 285 Eurobarometer 28 - October-November 1987,isocntry BE 378 (37.6) 627 (62.4) 1005 1005 DE 441 (46.1) 516 (53.9) 957 957 DK 517 (51.6) 485 (48.4) 1002 1002 ES 189 (18.6) 827 (81.4) 1016 1016 FR 444 (44.4) 555 (55.6) 999 999 GB-GBN 441 (44.4) 552 (55.6) 993 993 GB-NIR 84 (26.6) 232 (73.4) 316 316 GR 222 (22.2) 778 (77.8) 1000 1000 IE 273 (27.4) 724 (72.6) 997 997 IT 313 (30.3) 719 (69.7) 1032 1032 LU 112 (37.1) 190 (62.9) 302 302 NL 395 (40.9) 570 (59.1) 965 965 PT 221 (22.1) 779 (77.9) 1000 1000 N Sum 4030 7554 11584 N Valid Sum 4030 7554 11584 printed 27.02.2012 page 285 Eurobarometer 28 - October-November 1987,GESIS Variable Report,311,ZA1713
v283,v283 0 1 2 N Sum N Valid Sum,THIRD WORLD DEVELOPMENT AFFECTS US,isocntry M BE 271 362 (49.3) 372 (50.7) 1005 734 DE 175 423 (54.1) 359 (45.9) 957 782 DK 149 547 (64.1) 306 (35.9) 1002 853 ES 377 286 (44.7) 354 (55.3) 1017 640 FR 146 600 (70.3) 253 (29.7) 999 853 GB-GBN 86 622 (68.7) 284 (31.3) 992 906 GB-NIR 35 78 (27.8) 203 (72.2) 316 281 GR 303 356 (51.1) 341 (48.9) 1000 697 IE 267 367 (50.3) 363 (49.7) 997 730 IT 200 410 (49.3) 422 (50.7) 1032 832 LU 41 96 (36.8) 165 (63.2) 302 261 NL 133 525 (63.1) 307 (36.9) 965 832 PT 286 402 (56.3) 312 (43.7) 1000 714 N Sum 2469 5074 4041 11584 N Valid Sum 5074 4041 9115 printed 27.02.2012 page 286 Eurobarometer 28 - October-November 1987,isocntry M BE 271 362 (49.3) 372 (50.7) 1005 734 DE 175 423 (54.1) 359 (45.9) 957 782 DK 149 547 (64.1) 306 (35.9) 1002 853 ES 377 286 (44.7) 354 (55.3) 1017 640 FR 146 600 (70.3) 253 (29.7) 999 853 GB-GBN 86 622 (68.7) 284 (31.3) 992 906 GB-NIR 35 78 (27.8) 203 (72.2) 316 281 GR 303 356 (51.1) 341 (48.9) 1000 697 IE 267 367 (50.3) 363 (49.7) 997 730 IT 200 410 (49.3) 422 (50.7) 1032 832 LU 41 96 (36.8) 165 (63.2) 302 261 NL 133 525 (63.1) 307 (36.9) 965 832 PT 286 402 (56.3) 312 (43.7) 1000 714 N Sum 2469 5074 4041 11584 N Valid Sum 5074 4041 9115 printed 27.02.2012 page 286 Eurobarometer 28 - October-November 1987,GESIS Variable Report,312,ZA1713
v284,v284 0 1 2 N Sum N Valid Sum,THIRD WORLD RAW MATERIALS VITAL TO US,isocntry M BE 147 630 (73.4) 228 (26.6) 1005 858 DE 88 700 (80.6) 169 (19.4) 957 869 DK 98 805 (89.0) 100 (11.0) 1003 905 ES 365 452 (69.4) 199 (30.6) 1016 651 FR 120 666 (75.8) 213 (24.2) 999 879 GB-GBN 103 627 (70.4) 263 (29.6) 993 890 GB-NIR 54 147 (56.1) 115 (43.9) 316 262 GR 204 671 (84.3) 125 (15.7) 1000 796 IE 273 433 (59.8) 291 (40.2) 997 724 IT 153 596 (67.8) 283 (32.2) 1032 879 LU 26 229 (83.0) 47 (17.0) 302 276 NL 115 698 (82.1) 152 (17.9) 965 850 PT 324 516 (76.3) 160 (23.7) 1000 676 N Sum 2070 7170 2345 11585 N Valid Sum 7170 2345 9515 printed 27.02.2012 page 287 Eurobarometer 28 - October-November 1987,isocntry M BE 147 630 (73.4) 228 (26.6) 1005 858 DE 88 700 (80.6) 169 (19.4) 957 869 DK 98 805 (89.0) 100 (11.0) 1003 905 ES 365 452 (69.4) 199 (30.6) 1016 651 FR 120 666 (75.8) 213 (24.2) 999 879 GB-GBN 103 627 (70.4) 263 (29.6) 993 890 GB-NIR 54 147 (56.1) 115 (43.9) 316 262 GR 204 671 (84.3) 125 (15.7) 1000 796 IE 273 433 (59.8) 291 (40.2) 997 724 IT 153 596 (67.8) 283 (32.2) 1032 879 LU 26 229 (83.0) 47 (17.0) 302 276 NL 115 698 (82.1) 152 (17.9) 965 850 PT 324 516 (76.3) 160 (23.7) 1000 676 N Sum 2070 7170 2345 11585 N Valid Sum 7170 2345 9515 printed 27.02.2012 page 287 Eurobarometer 28 - October-November 1987,GESIS Variable Report,313,ZA1713
v285,v285 0 1 2 N Sum N Valid Sum,THIRD WORLD NEEDED AS CUSTOMERS,isocntry M BE 186 545 (66.5) 274 (33.5) 1005 819 DE 87 597 (68.6) 273 (31.4) 957 870 DK 140 551 (63.9) 311 (36.1) 1002 862 ES 339 431 (63.7) 246 (36.3) 1016 677 FR 99 653 (72.6) 246 (27.4) 998 899 GB-GBN 84 638 (70.2) 271 (29.8) 993 909 GB-NIR 48 169 (63.1) 99 (36.9) 316 268 GR 220 605 (77.6) 175 (22.4) 1000 780 IE 231 520 (67.9) 246 (32.1) 997 766 IT 147 552 (62.4) 333 (37.6) 1032 885 LU 27 214 (77.8) 61 (22.2) 302 275 NL 115 622 (73.3) 227 (26.7) 964 849 PT 306 549 (79.1) 145 (20.9) 1000 694 N Sum 2029 6646 2907 11582 N Valid Sum 6646 2907 9553 printed 27.02.2012 page 288 Eurobarometer 28 - October-November 1987,isocntry M BE 186 545 (66.5) 274 (33.5) 1005 819 DE 87 597 (68.6) 273 (31.4) 957 870 DK 140 551 (63.9) 311 (36.1) 1002 862 ES 339 431 (63.7) 246 (36.3) 1016 677 FR 99 653 (72.6) 246 (27.4) 998 899 GB-GBN 84 638 (70.2) 271 (29.8) 993 909 GB-NIR 48 169 (63.1) 99 (36.9) 316 268 GR 220 605 (77.6) 175 (22.4) 1000 780 IE 231 520 (67.9) 246 (32.1) 997 766 IT 147 552 (62.4) 333 (37.6) 1032 885 LU 27 214 (77.8) 61 (22.2) 302 275 NL 115 622 (73.3) 227 (26.7) 964 849 PT 306 549 (79.1) 145 (20.9) 1000 694 N Sum 2029 6646 2907 11582 N Valid Sum 6646 2907 9553 printed 27.02.2012 page 288 Eurobarometer 28 - October-November 1987,GESIS Variable Report,314,ZA1713
v286,v286 0 1 2 N Sum N Valid Sum,THIRD WORLD VIOLENT CONFRONTATIONS,isocntry M BE 202 516 (64.3) 287 (35.7) 1005 803 DE 87 643 (74.0) 226 (26.0) 956 869 DK 132 701 (80.6) 169 (19.4) 1002 870 ES 272 514 (69.1) 230 (30.9) 1016 744 FR 97 662 (73.3) 241 (26.7) 1000 903 GB-GBN 99 636 (71.1) 258 (28.9) 993 894 GB-NIR 40 172 (62.3) 104 (37.7) 316 276 GR 199 672 (83.9) 129 (16.1) 1000 801 IE 242 570 (75.5) 185 (24.5) 997 755 IT 145 602 (67.9) 285 (32.1) 1032 887 LU 15 265 (92.3) 22 (7.7) 302 287 NL 151 596 (73.2) 218 (26.8) 965 814 PT 270 556 (76.2) 174 (23.8) 1000 730 N Sum 1951 7105 2528 11584 N Valid Sum 7105 2528 9633 printed 27.02.2012 page 289 Eurobarometer 28 - October-November 1987,isocntry M BE 202 516 (64.3) 287 (35.7) 1005 803 DE 87 643 (74.0) 226 (26.0) 956 869 DK 132 701 (80.6) 169 (19.4) 1002 870 ES 272 514 (69.1) 230 (30.9) 1016 744 FR 97 662 (73.3) 241 (26.7) 1000 903 GB-GBN 99 636 (71.1) 258 (28.9) 993 894 GB-NIR 40 172 (62.3) 104 (37.7) 316 276 GR 199 672 (83.9) 129 (16.1) 1000 801 IE 242 570 (75.5) 185 (24.5) 997 755 IT 145 602 (67.9) 285 (32.1) 1032 887 LU 15 265 (92.3) 22 (7.7) 302 287 NL 151 596 (73.2) 218 (26.8) 965 814 PT 270 556 (76.2) 174 (23.8) 1000 730 N Sum 1951 7105 2528 11584 N Valid Sum 7105 2528 9633 printed 27.02.2012 page 289 Eurobarometer 28 - October-November 1987,GESIS Variable Report,315,ZA1713
v287,v287 0 1 2 N Sum N Valid Sum,THIRD WORLD POPULAT GROWTH RISK,isocntry M BE 172 473 (56.8) 360 (43.2) 1005 833 DE 79 575 (65.4) 304 (34.6) 958 879 DK 165 525 (62.7) 312 (37.3) 1002 837 ES 334 316 (46.3) 366 (53.7) 1016 682 FR 75 639 (69.2) 285 (30.8) 999 924 GB-GBN 67 582 (62.9) 344 (37.1) 993 926 GB-NIR 40 154 (55.8) 122 (44.2) 316 276 GR 259 421 (56.8) 320 (43.2) 1000 741 IE 213 359 (45.8) 425 (54.2) 997 784 IT 102 488 (52.5) 442 (47.5) 1032 930 LU 28 173 (63.1) 101 (36.9) 302 274 NL 140 351 (42.5) 474 (57.5) 965 825 PT 317 206 (30.2) 477 (69.8) 1000 683 N Sum 1991 5262 4332 11585 N Valid Sum 5262 4332 9594 printed 27.02.2012 page 290 Eurobarometer 28 - October-November 1987,isocntry M BE 172 473 (56.8) 360 (43.2) 1005 833 DE 79 575 (65.4) 304 (34.6) 958 879 DK 165 525 (62.7) 312 (37.3) 1002 837 ES 334 316 (46.3) 366 (53.7) 1016 682 FR 75 639 (69.2) 285 (30.8) 999 924 GB-GBN 67 582 (62.9) 344 (37.1) 993 926 GB-NIR 40 154 (55.8) 122 (44.2) 316 276 GR 259 421 (56.8) 320 (43.2) 1000 741 IE 213 359 (45.8) 425 (54.2) 997 784 IT 102 488 (52.5) 442 (47.5) 1032 930 LU 28 173 (63.1) 101 (36.9) 302 274 NL 140 351 (42.5) 474 (57.5) 965 825 PT 317 206 (30.2) 477 (69.8) 1000 683 N Sum 1991 5262 4332 11585 N Valid Sum 5262 4332 9594 printed 27.02.2012 page 290 Eurobarometer 28 - October-November 1987,GESIS Variable Report,316,ZA1713
v288,v288 0 1 2 N Sum N Valid Sum,THIRD WORLD POPULAT GROWTH LIFE STANDARD,isocntry M BE 258 489 (65.5) 258 (34.5) 1005 747 DE 96 606 (70.4) 255 (29.6) 957 861 DK 144 674 (78.6) 184 (21.4) 1002 858 ES 353 467 (70.3) 197 (29.7) 1017 664 FR 118 630 (71.5) 251 (28.5) 999 881 GB-GBN 111 639 (72.4) 243 (27.6) 993 882 GB-NIR 46 182 (67.4) 88 (32.6) 316 270 GR 239 533 (70.0) 228 (30.0) 1000 761 IE 240 539 (71.2) 218 (28.8) 997 757 IT 146 622 (70.2) 264 (29.8) 1032 886 LU 30 217 (79.8) 55 (20.2) 302 272 NL 144 602 (73.3) 219 (26.7) 965 821 PT 345 430 (65.6) 225 (34.4) 1000 655 N Sum 2270 6630 2685 11585 N Valid Sum 6630 2685 9315 printed 27.02.2012 page 291 Eurobarometer 28 - October-November 1987,isocntry M BE 258 489 (65.5) 258 (34.5) 1005 747 DE 96 606 (70.4) 255 (29.6) 957 861 DK 144 674 (78.6) 184 (21.4) 1002 858 ES 353 467 (70.3) 197 (29.7) 1017 664 FR 118 630 (71.5) 251 (28.5) 999 881 GB-GBN 111 639 (72.4) 243 (27.6) 993 882 GB-NIR 46 182 (67.4) 88 (32.6) 316 270 GR 239 533 (70.0) 228 (30.0) 1000 761 IE 240 539 (71.2) 218 (28.8) 997 757 IT 146 622 (70.2) 264 (29.8) 1032 886 LU 30 217 (79.8) 55 (20.2) 302 272 NL 144 602 (73.3) 219 (26.7) 965 821 PT 345 430 (65.6) 225 (34.4) 1000 655 N Sum 2270 6630 2685 11585 N Valid Sum 6630 2685 9315 printed 27.02.2012 page 291 Eurobarometer 28 - October-November 1987,GESIS Variable Report,317,ZA1713
v289,v289 0 1 2 N Sum N Valid Sum,THIRD WORLD DEBTS CANCELLATION,isocntry M BE 307 289 (41.4) 409 (58.6) 1005 698 DE 131 489 (59.2) 337 (40.8) 957 826 DK 236 443 (57.8) 323 (42.2) 1002 766 ES 445 328 (57.3) 244 (42.7) 1017 572 FR 238 486 (63.9) 275 (36.1) 999 761 GB-GBN 162 463 (55.7) 368 (44.3) 993 831 GB-NIR 63 129 (51.0) 124 (49.0) 316 253 GR 315 276 (40.3) 409 (59.7) 1000 685 IE 343 321 (49.1) 333 (50.9) 997 654 IT 247 481 (61.3) 304 (38.7) 1032 785 LU 51 158 (62.9) 93 (37.1) 302 251 NL 220 405 (54.4) 339 (45.6) 964 744 PT 352 201 (31.0) 447 (69.0) 1000 648 N Sum 3110 4469 4005 11584 N Valid Sum 4469 4005 8474 printed 27.02.2012 page 292 Eurobarometer 28 - October-November 1987,isocntry M BE 307 289 (41.4) 409 (58.6) 1005 698 DE 131 489 (59.2) 337 (40.8) 957 826 DK 236 443 (57.8) 323 (42.2) 1002 766 ES 445 328 (57.3) 244 (42.7) 1017 572 FR 238 486 (63.9) 275 (36.1) 999 761 GB-GBN 162 463 (55.7) 368 (44.3) 993 831 GB-NIR 63 129 (51.0) 124 (49.0) 316 253 GR 315 276 (40.3) 409 (59.7) 1000 685 IE 343 321 (49.1) 333 (50.9) 997 654 IT 247 481 (61.3) 304 (38.7) 1032 785 LU 51 158 (62.9) 93 (37.1) 302 251 NL 220 405 (54.4) 339 (45.6) 964 744 PT 352 201 (31.0) 447 (69.0) 1000 648 N Sum 3110 4469 4005 11584 N Valid Sum 4469 4005 8474 printed 27.02.2012 page 292 Eurobarometer 28 - October-November 1987,GESIS Variable Report,318,ZA1713
v290,v290 0 1 2 N Sum N Valid Sum,THIRD WORLD AS COMPETITOR,isocntry M BE 192 132 (16.2) 681 (83.8) 1005 813 DE 62 98 (10.9) 797 (89.1) 957 895 DK 94 90 (9.9) 818 (90.1) 1002 908 ES 223 125 (15.7) 669 (84.3) 1017 794 FR 97 138 (15.3) 764 (84.7) 999 902 GB-GBN 70 104 (11.3) 819 (88.7) 993 923 GB-NIR 23 24 (8.2) 269 (91.8) 316 293 GR 209 130 (16.4) 661 (83.6) 1000 791 IE 175 85 (10.3) 737 (89.7) 997 822 IT 105 79 (8.5) 848 (91.5) 1032 927 LU 24 48 (17.3) 230 (82.7) 302 278 NL 76 61 (6.9) 827 (93.1) 964 888 PT 328 106 (15.8) 566 (84.2) 1000 672 N Sum 1678 1220 8686 11584 N Valid Sum 1220 8686 9906 printed 27.02.2012 page 293 Eurobarometer 28 - October-November 1987,isocntry M BE 192 132 (16.2) 681 (83.8) 1005 813 DE 62 98 (10.9) 797 (89.1) 957 895 DK 94 90 (9.9) 818 (90.1) 1002 908 ES 223 125 (15.7) 669 (84.3) 1017 794 FR 97 138 (15.3) 764 (84.7) 999 902 GB-GBN 70 104 (11.3) 819 (88.7) 993 923 GB-NIR 23 24 (8.2) 269 (91.8) 316 293 GR 209 130 (16.4) 661 (83.6) 1000 791 IE 175 85 (10.3) 737 (89.7) 997 822 IT 105 79 (8.5) 848 (91.5) 1032 927 LU 24 48 (17.3) 230 (82.7) 302 278 NL 76 61 (6.9) 827 (93.1) 964 888 PT 328 106 (15.8) 566 (84.2) 1000 672 N Sum 1678 1220 8686 11584 N Valid Sum 1220 8686 9906 printed 27.02.2012 page 293 Eurobarometer 28 - October-November 1987,GESIS Variable Report,319,ZA1713
v291,v291 0 1 2 N Sum N Valid Sum,THIRD WORLD MUTUAL UNDERSTANDING,isocntry M BE 204 592 (73.9) 209 (26.1) 1005 801 DE 76 725 (82.3) 156 (17.7) 957 881 DK 133 720 (82.8) 150 (17.2) 1003 870 ES 215 717 (89.4) 85 (10.6) 1017 802 FR 103 765 (85.3) 132 (14.7) 1000 897 GB-GBN 80 781 (85.4) 133 (14.6) 994 914 GB-NIR 36 238 (85.0) 42 (15.0) 316 280 GR 176 784 (95.1) 40 (4.9) 1000 824 IE 139 789 (92.0) 69 (8.0) 997 858 IT 128 796 (88.1) 108 (11.9) 1032 904 LU 17 251 (88.1) 34 (11.9) 302 285 NL 121 710 (84.1) 134 (15.9) 965 844 PT 222 711 (91.4) 67 (8.6) 1000 778 N Sum 1650 8579 1359 11588 N Valid Sum 8579 1359 9938 printed 27.02.2012 page 294 Eurobarometer 28 - October-November 1987,isocntry M BE 204 592 (73.9) 209 (26.1) 1005 801 DE 76 725 (82.3) 156 (17.7) 957 881 DK 133 720 (82.8) 150 (17.2) 1003 870 ES 215 717 (89.4) 85 (10.6) 1017 802 FR 103 765 (85.3) 132 (14.7) 1000 897 GB-GBN 80 781 (85.4) 133 (14.6) 994 914 GB-NIR 36 238 (85.0) 42 (15.0) 316 280 GR 176 784 (95.1) 40 (4.9) 1000 824 IE 139 789 (92.0) 69 (8.0) 997 858 IT 128 796 (88.1) 108 (11.9) 1032 904 LU 17 251 (88.1) 34 (11.9) 302 285 NL 121 710 (84.1) 134 (15.9) 965 844 PT 222 711 (91.4) 67 (8.6) 1000 778 N Sum 1650 8579 1359 11588 N Valid Sum 8579 1359 9938 printed 27.02.2012 page 294 Eurobarometer 28 - October-November 1987,GESIS Variable Report,320,ZA1713
v292,v292 0 1 2 N Sum N Valid Sum,THIRD WORLD CONFLICT OF INTERESTS,isocntry M BE 268 332 (45.0) 405 (55.0) 1005 737 DE 123 390 (46.8) 444 (53.2) 957 834 DK 249 166 (22.0) 587 (78.0) 1002 753 ES 326 183 (26.5) 508 (73.5) 1017 691 FR 197 277 (34.5) 525 (65.5) 999 802 GB-GBN 196 336 (42.2) 461 (57.8) 993 797 GB-NIR 73 102 (42.0) 141 (58.0) 316 243 GR 291 191 (26.9) 518 (73.1) 1000 709 IE 291 202 (28.6) 504 (71.4) 997 706 IT 241 329 (41.6) 462 (58.4) 1032 791 LU 35 91 (34.1) 176 (65.9) 302 267 NL 202 328 (43.0) 435 (57.0) 965 763 PT 385 202 (32.8) 413 (67.2) 1000 615 N Sum 2877 3129 5579 11585 N Valid Sum 3129 5579 8708 printed 27.02.2012 page 295 Eurobarometer 28 - October-November 1987,isocntry M BE 268 332 (45.0) 405 (55.0) 1005 737 DE 123 390 (46.8) 444 (53.2) 957 834 DK 249 166 (22.0) 587 (78.0) 1002 753 ES 326 183 (26.5) 508 (73.5) 1017 691 FR 197 277 (34.5) 525 (65.5) 999 802 GB-GBN 196 336 (42.2) 461 (57.8) 993 797 GB-NIR 73 102 (42.0) 141 (58.0) 316 243 GR 291 191 (26.9) 518 (73.1) 1000 709 IE 291 202 (28.6) 504 (71.4) 997 706 IT 241 329 (41.6) 462 (58.4) 1032 791 LU 35 91 (34.1) 176 (65.9) 302 267 NL 202 328 (43.0) 435 (57.0) 965 763 PT 385 202 (32.8) 413 (67.2) 1000 615 N Sum 2877 3129 5579 11585 N Valid Sum 3129 5579 8708 printed 27.02.2012 page 295 Eurobarometer 28 - October-November 1987,GESIS Variable Report,321,ZA1713
v293,v293 1 2 3 N Sum N Valid Sum,THIRD WORLD AID BY GOVERNMENT,isocntry M BE 819 (85.9) 134 (14.1) 52 1005 953 DE 917 (96.4) 34 (3.6) 6 957 951 DK 917 (91.5) 85 (8.5) 1002 1002 ES 672 (78.4) 185 (21.6) 160 1017 857 FR 862 (95.4) 42 (4.6) 94 998 904 GB-GBN 910 (91.6) 83 (8.4) 993 993 GB-NIR 237 (88.1) 32 (11.9) 47 316 269 GR 575 (76.2) 180 (23.8) 245 1000 755 IE 847 (93.6) 58 (6.4) 92 997 905 IT 893 (94.7) 50 (5.3) 89 1032 943 LU 203 (89.0) 25 (11.0) 74 302 228 NL 899 (99.0) 9 (1.0) 57 965 908 PT 622 (71.7) 245 (28.3) 133 1000 867 N Sum 9373 1162 1049 11584 N Valid Sum 9373 1162 10535 printed 27.02.2012 page 296 Eurobarometer 28 - October-November 1987,isocntry M BE 819 (85.9) 134 (14.1) 52 1005 953 DE 917 (96.4) 34 (3.6) 6 957 951 DK 917 (91.5) 85 (8.5) 1002 1002 ES 672 (78.4) 185 (21.6) 160 1017 857 FR 862 (95.4) 42 (4.6) 94 998 904 GB-GBN 910 (91.6) 83 (8.4) 993 993 GB-NIR 237 (88.1) 32 (11.9) 47 316 269 GR 575 (76.2) 180 (23.8) 245 1000 755 IE 847 (93.6) 58 (6.4) 92 997 905 IT 893 (94.7) 50 (5.3) 89 1032 943 LU 203 (89.0) 25 (11.0) 74 302 228 NL 899 (99.0) 9 (1.0) 57 965 908 PT 622 (71.7) 245 (28.3) 133 1000 867 N Sum 9373 1162 1049 11584 N Valid Sum 9373 1162 10535 printed 27.02.2012 page 296 Eurobarometer 28 - October-November 1987,GESIS Variable Report,322,ZA1713
v294,v294 1 2 3 N Sum N Valid Sum,THIRD WORLD AID BY EUROPEAN COMMUNITY,isocntry M BE 815 (88.1) 110 (11.9) 80 1005 925 DE 786 (83.5) 155 (16.5) 17 958 941 DK 826 (82.4) 176 (17.6) 1002 1002 ES 633 (77.6) 183 (22.4) 200 1016 816 FR 725 (90.3) 78 (9.7) 196 999 803 GB-GBN 784 (79.0) 209 (21.0) 993 993 GB-NIR 225 (88.9) 28 (11.1) 63 316 253 GR 702 (89.5) 82 (10.5) 216 1000 784 IE 769 (93.6) 53 (6.4) 175 997 822 IT 840 (94.8) 46 (5.2) 146 1032 886 LU 234 (96.3) 9 (3.7) 59 302 243 NL 787 (96.8) 26 (3.2) 152 965 813 PT 732 (83.6) 144 (16.4) 124 1000 876 N Sum 8858 1299 1428 11585 N Valid Sum 8858 1299 10157 printed 27.02.2012 page 297 Eurobarometer 28 - October-November 1987,isocntry M BE 815 (88.1) 110 (11.9) 80 1005 925 DE 786 (83.5) 155 (16.5) 17 958 941 DK 826 (82.4) 176 (17.6) 1002 1002 ES 633 (77.6) 183 (22.4) 200 1016 816 FR 725 (90.3) 78 (9.7) 196 999 803 GB-GBN 784 (79.0) 209 (21.0) 993 993 GB-NIR 225 (88.9) 28 (11.1) 63 316 253 GR 702 (89.5) 82 (10.5) 216 1000 784 IE 769 (93.6) 53 (6.4) 175 997 822 IT 840 (94.8) 46 (5.2) 146 1032 886 LU 234 (96.3) 9 (3.7) 59 302 243 NL 787 (96.8) 26 (3.2) 152 965 813 PT 732 (83.6) 144 (16.4) 124 1000 876 N Sum 8858 1299 1428 11585 N Valid Sum 8858 1299 10157 printed 27.02.2012 page 297 Eurobarometer 28 - October-November 1987,GESIS Variable Report,323,ZA1713
v295,v295 1 2 3 N Sum N Valid Sum,THIRD WORLD AID BY UNITED NATIONS,isocntry M BE 851 (89.9) 96 (10.1) 58 1005 947 DE 810 (86.8) 123 (13.2) 23 956 933 DK 887 (88.5) 115 (11.5) 1002 1002 ES 747 (87.3) 109 (12.7) 161 1017 856 FR 768 (92.6) 61 (7.4) 171 1000 829 GB-GBN 875 (88.1) 118 (11.9) 993 993 GB-NIR 227 (87.3) 33 (12.7) 56 316 260 GR 738 (92.4) 61 (7.6) 201 1000 799 IE 750 (92.4) 62 (7.6) 185 997 812 IT 865 (96.5) 31 (3.5) 136 1032 896 LU 244 (94.9) 13 (5.1) 45 302 257 NL 834 (98.1) 16 (1.9) 115 965 850 PT 699 (79.4) 181 (20.6) 120 1000 880 N Sum 9295 1019 1271 11585 N Valid Sum 9295 1019 10314 printed 27.02.2012 page 298 Eurobarometer 28 - October-November 1987,isocntry M BE 851 (89.9) 96 (10.1) 58 1005 947 DE 810 (86.8) 123 (13.2) 23 956 933 DK 887 (88.5) 115 (11.5) 1002 1002 ES 747 (87.3) 109 (12.7) 161 1017 856 FR 768 (92.6) 61 (7.4) 171 1000 829 GB-GBN 875 (88.1) 118 (11.9) 993 993 GB-NIR 227 (87.3) 33 (12.7) 56 316 260 GR 738 (92.4) 61 (7.6) 201 1000 799 IE 750 (92.4) 62 (7.6) 185 997 812 IT 865 (96.5) 31 (3.5) 136 1032 896 LU 244 (94.9) 13 (5.1) 45 302 257 NL 834 (98.1) 16 (1.9) 115 965 850 PT 699 (79.4) 181 (20.6) 120 1000 880 N Sum 9295 1019 1271 11585 N Valid Sum 9295 1019 10314 printed 27.02.2012 page 298 Eurobarometer 28 - October-November 1987,GESIS Variable Report,324,ZA1713
v296,v296 1 2 3 N Sum N Valid Sum,THIRD WORLD AID BY INDUSTR INVESTMENTS,isocntry M BE 517 (59.1) 358 (40.9) 130 1005 875 DE 637 (68.3) 295 (31.7) 25 957 932 DK 565 (56.4) 437 (43.6) 1002 1002 ES 248 (34.5) 470 (65.5) 298 1016 718 FR 375 (53.6) 324 (46.4) 300 999 699 GB-GBN 603 (60.7) 390 (39.3) 993 993 GB-NIR 123 (59.4) 84 (40.6) 109 316 207 GR 316 (55.7) 251 (44.3) 433 1000 567 IE 425 (66.6) 213 (33.4) 359 997 638 IT 469 (64.1) 263 (35.9) 300 1032 732 LU 166 (76.5) 51 (23.5) 85 302 217 NL 625 (80.5) 151 (19.5) 188 964 776 PT 325 (39.9) 490 (60.1) 185 1000 815 N Sum 5394 3777 2412 11583 N Valid Sum 5394 3777 9171 printed 27.02.2012 page 299 Eurobarometer 28 - October-November 1987,isocntry M BE 517 (59.1) 358 (40.9) 130 1005 875 DE 637 (68.3) 295 (31.7) 25 957 932 DK 565 (56.4) 437 (43.6) 1002 1002 ES 248 (34.5) 470 (65.5) 298 1016 718 FR 375 (53.6) 324 (46.4) 300 999 699 GB-GBN 603 (60.7) 390 (39.3) 993 993 GB-NIR 123 (59.4) 84 (40.6) 109 316 207 GR 316 (55.7) 251 (44.3) 433 1000 567 IE 425 (66.6) 213 (33.4) 359 997 638 IT 469 (64.1) 263 (35.9) 300 1032 732 LU 166 (76.5) 51 (23.5) 85 302 217 NL 625 (80.5) 151 (19.5) 188 964 776 PT 325 (39.9) 490 (60.1) 185 1000 815 N Sum 5394 3777 2412 11583 N Valid Sum 5394 3777 9171 printed 27.02.2012 page 299 Eurobarometer 28 - October-November 1987,GESIS Variable Report,325,ZA1713
v297,v297 1 2 3 N Sum N Valid Sum,THIRD WORLD AID BY VOLUNTARY ORGANISAT,isocntry M BE 747 (82.0) 164 (18.0) 94 1005 911 DE 888 (94.2) 55 (5.8) 14 957 943 DK 945 (94.3) 57 (5.7) 1002 1002 ES 427 (56.5) 329 (43.5) 260 1016 756 FR 828 (92.6) 66 (7.4) 105 999 894 GB-GBN 959 (96.6) 34 (3.4) 993 993 GB-NIR 307 (99.7) 1 (0.3) 8 316 308 GR 378 (63.7) 215 (36.3) 407 1000 593 IE 957 (99.5) 5 (0.5) 35 997 962 IT 685 (83.6) 134 (16.4) 213 1032 819 LU 239 (93.7) 16 (6.3) 47 302 255 NL 803 (95.1) 41 (4.9) 121 965 844 PT 353 (44.2) 446 (55.8) 201 1000 799 N Sum 8516 1563 1505 11584 N Valid Sum 8516 1563 10079 printed 27.02.2012 page 300 Eurobarometer 28 - October-November 1987,isocntry M BE 747 (82.0) 164 (18.0) 94 1005 911 DE 888 (94.2) 55 (5.8) 14 957 943 DK 945 (94.3) 57 (5.7) 1002 1002 ES 427 (56.5) 329 (43.5) 260 1016 756 FR 828 (92.6) 66 (7.4) 105 999 894 GB-GBN 959 (96.6) 34 (3.4) 993 993 GB-NIR 307 (99.7) 1 (0.3) 8 316 308 GR 378 (63.7) 215 (36.3) 407 1000 593 IE 957 (99.5) 5 (0.5) 35 997 962 IT 685 (83.6) 134 (16.4) 213 1032 819 LU 239 (93.7) 16 (6.3) 47 302 255 NL 803 (95.1) 41 (4.9) 121 965 844 PT 353 (44.2) 446 (55.8) 201 1000 799 N Sum 8516 1563 1505 11584 N Valid Sum 8516 1563 10079 printed 27.02.2012 page 300 Eurobarometer 28 - October-November 1987,GESIS Variable Report,326,ZA1713
v298,v298 0 1 2 3 4 5 6 N Sum N Valid Sum,THIRD WORLD AID QUALITY - EVALUATION,isocntry M BE 151 50 (5.9) 167 (19.6) 335 (39.2) 51 (6.0) 217 (25.4) 34 (4.0) 1005 854 DE 131 159 (19.3) 91 (11.0) 151 (18.3) 36 (4.4) 355 (43.0) 33 (4.0) 956 825 DK 186 39 (4.8) 47 (5.8) 347 (42.5) 125 (15.3) 249 (30.5) 10 (1.2) 1003 817 ES 222 53 (6.7) 136 (17.1) 499 (62.8) 33 (4.2) 48 (6.0) 26 (3.3) 1017 795 FR 104 156 (17.4) 141 (15.8) 267 (29.8) 37 (4.1) 265 (29.6) 29 (3.2) 999 895 GB-GBN 62 83 (8.9) 58 (6.2) 200 (21.5) 56 (6.0) 529 (56.8) 5 (0.5) 993 931 GB-NIR 12 21 (6.9) 25 (8.2) 37 (12.2) 16 (5.3) 205 (67.4) 316 304 GR 257 22 (3.0) 178 (24.0) 458 (61.6) 15 (2.0) 28 (3.8) 42 (5.7) 1000 743 IE 84 52 (5.7) 90 (9.9) 185 (20.3) 10 (1.1) 571 (62.5) 5 (0.5) 997 913 IT 124 118 (13.0) 161 (17.7) 451 (49.7) 30 (3.3) 135 (14.9) 13 (1.4) 1032 908 LU 40 9 (3.4) 37 (14.1) 113 (43.1) 21 (8.0) 73 (27.9) 9 (3.4) 302 262 NL 103 121 (14.1) 143 (16.6) 329 (38.2) 72 (8.4) 185 (21.5) 11 (1.3) 964 861 PT 210 68 (8.6) 313 (39.6) 364 (46.1) 17 (2.2) 20 (2.5) 8 (1.0) 1000 790 N Sum 1686 951 1587 3736 519 2880 225 11584 N Valid Sum 951 1587 3736 519 2880 225 9898 printed 27.02.2012 page 301 Eurobarometer 28 - October-November 1987,isocntry M BE 151 50 (5.9) 167 (19.6) 335 (39.2) 51 (6.0) 217 (25.4) 34 (4.0) 1005 854 DE 131 159 (19.3) 91 (11.0) 151 (18.3) 36 (4.4) 355 (43.0) 33 (4.0) 956 825 DK 186 39 (4.8) 47 (5.8) 347 (42.5) 125 (15.3) 249 (30.5) 10 (1.2) 1003 817 ES 222 53 (6.7) 136 (17.1) 499 (62.8) 33 (4.2) 48 (6.0) 26 (3.3) 1017 795 FR 104 156 (17.4) 141 (15.8) 267 (29.8) 37 (4.1) 265 (29.6) 29 (3.2) 999 895 GB-GBN 62 83 (8.9) 58 (6.2) 200 (21.5) 56 (6.0) 529 (56.8) 5 (0.5) 993 931 GB-NIR 12 21 (6.9) 25 (8.2) 37 (12.2) 16 (5.3) 205 (67.4) 316 304 GR 257 22 (3.0) 178 (24.0) 458 (61.6) 15 (2.0) 28 (3.8) 42 (5.7) 1000 743 IE 84 52 (5.7) 90 (9.9) 185 (20.3) 10 (1.1) 571 (62.5) 5 (0.5) 997 913 IT 124 118 (13.0) 161 (17.7) 451 (49.7) 30 (3.3) 135 (14.9) 13 (1.4) 1032 908 LU 40 9 (3.4) 37 (14.1) 113 (43.1) 21 (8.0) 73 (27.9) 9 (3.4) 302 262 NL 103 121 (14.1) 143 (16.6) 329 (38.2) 72 (8.4) 185 (21.5) 11 (1.3) 964 861 PT 210 68 (8.6) 313 (39.6) 364 (46.1) 17 (2.2) 20 (2.5) 8 (1.0) 1000 790 N Sum 1686 951 1587 3736 519 2880 225 11584 N Valid Sum 951 1587 3736 519 2880 225 9898 printed 27.02.2012 page 301 Eurobarometer 28 - October-November 1987,GESIS Variable Report,327,ZA1713
v299,v299 1 2 3 N Sum N Valid Sum,THIRD WORLD AID ACTIONS - KNOWLEDGE,isocntry M BE 597 (64.1) 334 (35.9) 74 1005 931 DE 358 (39.6) 545 (60.4) 54 957 903 DK 307 (38.1) 499 (61.9) 195 1001 806 ES 310 (33.2) 623 (66.8) 83 1016 933 FR 387 (40.1) 579 (59.9) 33 999 966 GB-GBN 412 (42.8) 551 (57.2) 30 993 963 GB-NIR 169 (54.7) 140 (45.3) 7 316 309 GR 252 (26.7) 692 (73.3) 56 1000 944 IE 513 (53.5) 445 (46.5) 39 997 958 IT 371 (38.4) 595 (61.6) 66 1032 966 LU 147 (50.9) 142 (49.1) 13 302 289 NL 394 (43.9) 503 (56.1) 68 965 897 PT 160 (16.5) 808 (83.5) 32 1000 968 N Sum 4377 6456 750 11583 N Valid Sum 4377 6456 10833 printed 27.02.2012 page 302 Eurobarometer 28 - October-November 1987,isocntry M BE 597 (64.1) 334 (35.9) 74 1005 931 DE 358 (39.6) 545 (60.4) 54 957 903 DK 307 (38.1) 499 (61.9) 195 1001 806 ES 310 (33.2) 623 (66.8) 83 1016 933 FR 387 (40.1) 579 (59.9) 33 999 966 GB-GBN 412 (42.8) 551 (57.2) 30 993 963 GB-NIR 169 (54.7) 140 (45.3) 7 316 309 GR 252 (26.7) 692 (73.3) 56 1000 944 IE 513 (53.5) 445 (46.5) 39 997 958 IT 371 (38.4) 595 (61.6) 66 1032 966 LU 147 (50.9) 142 (49.1) 13 302 289 NL 394 (43.9) 503 (56.1) 68 965 897 PT 160 (16.5) 808 (83.5) 32 1000 968 N Sum 4377 6456 750 11583 N Valid Sum 4377 6456 10833 printed 27.02.2012 page 302 Eurobarometer 28 - October-November 1987,GESIS Variable Report,328,ZA1713
v300,v300 1 2 3 N Sum N Valid Sum,THIRD WORLD AID DONATIONS - BEEN ASKED,isocntry M BE 695 (72.2) 267 (27.8) 43 1005 962 DE 617 (65.5) 325 (34.5) 16 958 942 DK 619 (64.2) 345 (35.8) 38 1002 964 ES 497 (50.8) 482 (49.2) 37 1016 979 FR 541 (54.7) 448 (45.3) 10 999 989 GB-GBN 633 (64.6) 347 (35.4) 13 993 980 GB-NIR 243 (77.9) 69 (22.1) 4 316 312 GR 287 (29.5) 687 (70.5) 26 1000 974 IE 707 (71.7) 279 (28.3) 11 997 986 IT 579 (56.5) 445 (43.5) 8 1032 1024 LU 169 (57.1) 127 (42.9) 6 302 296 NL 604 (63.8) 343 (36.2) 18 965 947 PT 109 (11.2) 864 (88.8) 27 1000 973 N Sum 6300 5028 257 11585 N Valid Sum 6300 5028 11328 printed 27.02.2012 page 303 Eurobarometer 28 - October-November 1987,isocntry M BE 695 (72.2) 267 (27.8) 43 1005 962 DE 617 (65.5) 325 (34.5) 16 958 942 DK 619 (64.2) 345 (35.8) 38 1002 964 ES 497 (50.8) 482 (49.2) 37 1016 979 FR 541 (54.7) 448 (45.3) 10 999 989 GB-GBN 633 (64.6) 347 (35.4) 13 993 980 GB-NIR 243 (77.9) 69 (22.1) 4 316 312 GR 287 (29.5) 687 (70.5) 26 1000 974 IE 707 (71.7) 279 (28.3) 11 997 986 IT 579 (56.5) 445 (43.5) 8 1032 1024 LU 169 (57.1) 127 (42.9) 6 302 296 NL 604 (63.8) 343 (36.2) 18 965 947 PT 109 (11.2) 864 (88.8) 27 1000 973 N Sum 6300 5028 257 11585 N Valid Sum 6300 5028 11328 printed 27.02.2012 page 303 Eurobarometer 28 - October-November 1987,GESIS Variable Report,329,ZA1713
v301,v301 1 2 3 N Sum N Valid Sum,THIRD WORLD AID ACTIVITY - BEEN ASKED,isocntry M BE 191 (20.0) 765 (80.0) 49 1005 956 DE 215 (22.9) 725 (77.1) 17 957 940 DK 174 (17.9) 799 (82.1) 28 1001 973 ES 150 (15.4) 823 (84.6) 44 1017 973 FR 139 (14.1) 847 (85.9) 13 999 986 GB-GBN 167 (17.1) 811 (82.9) 15 993 978 GB-NIR 63 (20.0) 252 (80.0) 1 316 315 GR 71 (7.3) 906 (92.7) 23 1000 977 IE 152 (15.5) 829 (84.5) 16 997 981 IT 141 (13.8) 882 (86.2) 9 1032 1023 LU 59 (20.0) 236 (80.0) 7 302 295 NL 90 (9.6) 845 (90.4) 30 965 935 PT 33 (3.4) 932 (96.6) 35 1000 965 N Sum 1645 9652 287 11584 N Valid Sum 1645 9652 11297 printed 27.02.2012 page 304 Eurobarometer 28 - October-November 1987,isocntry M BE 191 (20.0) 765 (80.0) 49 1005 956 DE 215 (22.9) 725 (77.1) 17 957 940 DK 174 (17.9) 799 (82.1) 28 1001 973 ES 150 (15.4) 823 (84.6) 44 1017 973 FR 139 (14.1) 847 (85.9) 13 999 986 GB-GBN 167 (17.1) 811 (82.9) 15 993 978 GB-NIR 63 (20.0) 252 (80.0) 1 316 315 GR 71 (7.3) 906 (92.7) 23 1000 977 IE 152 (15.5) 829 (84.5) 16 997 981 IT 141 (13.8) 882 (86.2) 9 1032 1023 LU 59 (20.0) 236 (80.0) 7 302 295 NL 90 (9.6) 845 (90.4) 30 965 935 PT 33 (3.4) 932 (96.6) 35 1000 965 N Sum 1645 9652 287 11584 N Valid Sum 1645 9652 11297 printed 27.02.2012 page 304 Eurobarometer 28 - October-November 1987,GESIS Variable Report,330,ZA1713
v302,v302 1 2 3 N Sum N Valid Sum,THIRD WORLD AID GROUP - MEMBERSHIP,isocntry M BE 76 (8.0) 875 (92.0) 54 1005 951 DE 57 (6.1) 884 (93.9) 15 956 941 DK 98 (10.1) 869 (89.9) 34 1001 967 ES 44 (4.6) 919 (95.4) 53 1016 963 FR 51 (5.2) 936 (94.8) 12 999 987 GB-GBN 120 (12.2) 860 (87.8) 13 993 980 GB-NIR 28 (9.0) 282 (91.0) 6 316 310 GR 26 (2.7) 955 (97.3) 19 1000 981 IE 74 (7.5) 913 (92.5) 10 997 987 IT 58 (5.7) 958 (94.3) 16 1032 1016 LU 31 (10.4) 267 (89.6) 4 302 298 NL 97 (10.2) 851 (89.8) 17 965 948 PT 11 (1.1) 949 (98.9) 40 1000 960 N Sum 771 10518 293 11582 N Valid Sum 771 10518 11289 printed 27.02.2012 page 305 Eurobarometer 28 - October-November 1987,isocntry M BE 76 (8.0) 875 (92.0) 54 1005 951 DE 57 (6.1) 884 (93.9) 15 956 941 DK 98 (10.1) 869 (89.9) 34 1001 967 ES 44 (4.6) 919 (95.4) 53 1016 963 FR 51 (5.2) 936 (94.8) 12 999 987 GB-GBN 120 (12.2) 860 (87.8) 13 993 980 GB-NIR 28 (9.0) 282 (91.0) 6 316 310 GR 26 (2.7) 955 (97.3) 19 1000 981 IE 74 (7.5) 913 (92.5) 10 997 987 IT 58 (5.7) 958 (94.3) 16 1032 1016 LU 31 (10.4) 267 (89.6) 4 302 298 NL 97 (10.2) 851 (89.8) 17 965 948 PT 11 (1.1) 949 (98.9) 40 1000 960 N Sum 771 10518 293 11582 N Valid Sum 771 10518 11289 printed 27.02.2012 page 305 Eurobarometer 28 - October-November 1987,GESIS Variable Report,331,ZA1713
v303,v303 1 2 3 N Sum N Valid Sum,THIRD WORLD AID ACTION - WILLINGNESS,isocntry M BE 249 (30.2) 575 (69.8) 181 1005 824 DE 472 (57.8) 345 (42.2) 139 956 817 DK 367 (48.5) 389 (51.5) 246 1002 756 ES 459 (56.8) 349 (43.2) 208 1016 808 FR 361 (40.1) 540 (59.9) 98 999 901 GB-GBN 448 (51.0) 430 (49.0) 115 993 878 GB-NIR 188 (66.0) 97 (34.0) 31 316 285 GR 479 (56.4) 370 (43.6) 151 1000 849 IE 549 (67.9) 260 (32.1) 188 997 809 IT 493 (56.5) 380 (43.5) 159 1032 873 LU 155 (59.2) 107 (40.8) 40 302 262 NL 319 (38.8) 504 (61.2) 142 965 823 PT 440 (48.0) 476 (52.0) 84 1000 916 N Sum 4979 4822 1782 11583 N Valid Sum 4979 4822 9801 printed 27.02.2012 page 306 Eurobarometer 28 - October-November 1987,isocntry M BE 249 (30.2) 575 (69.8) 181 1005 824 DE 472 (57.8) 345 (42.2) 139 956 817 DK 367 (48.5) 389 (51.5) 246 1002 756 ES 459 (56.8) 349 (43.2) 208 1016 808 FR 361 (40.1) 540 (59.9) 98 999 901 GB-GBN 448 (51.0) 430 (49.0) 115 993 878 GB-NIR 188 (66.0) 97 (34.0) 31 316 285 GR 479 (56.4) 370 (43.6) 151 1000 849 IE 549 (67.9) 260 (32.1) 188 997 809 IT 493 (56.5) 380 (43.5) 159 1032 873 LU 155 (59.2) 107 (40.8) 40 302 262 NL 319 (38.8) 504 (61.2) 142 965 823 PT 440 (48.0) 476 (52.0) 84 1000 916 N Sum 4979 4822 1782 11583 N Valid Sum 4979 4822 9801 printed 27.02.2012 page 306 Eurobarometer 28 - October-November 1987,GESIS Variable Report,332,ZA1713
v304,v304 1 2 3 N Sum N Valid Sum,THIRD WORLD AID DONATION - WILLINGNESS,isocntry M BE 386 (45.7) 459 (54.3) 160 1005 845 DE 493 (58.6) 348 (41.4) 116 957 841 DK 454 (55.6) 363 (44.4) 185 1002 817 ES 605 (70.9) 248 (29.1) 163 1016 853 FR 345 (38.2) 558 (61.8) 95 998 903 GB-GBN 553 (60.7) 358 (39.3) 82 993 911 GB-NIR 245 (80.9) 58 (19.1) 13 316 303 GR 683 (78.4) 188 (21.6) 129 1000 871 IE 632 (74.5) 216 (25.5) 149 997 848 IT 630 (69.5) 276 (30.5) 126 1032 906 LU 208 (75.6) 67 (24.4) 27 302 275 NL 604 (70.6) 252 (29.4) 108 964 856 PT 484 (52.6) 436 (47.4) 80 1000 920 N Sum 6322 3827 1433 11582 N Valid Sum 6322 3827 10149 printed 27.02.2012 page 307 Eurobarometer 28 - October-November 1987,isocntry M BE 386 (45.7) 459 (54.3) 160 1005 845 DE 493 (58.6) 348 (41.4) 116 957 841 DK 454 (55.6) 363 (44.4) 185 1002 817 ES 605 (70.9) 248 (29.1) 163 1016 853 FR 345 (38.2) 558 (61.8) 95 998 903 GB-GBN 553 (60.7) 358 (39.3) 82 993 911 GB-NIR 245 (80.9) 58 (19.1) 13 316 303 GR 683 (78.4) 188 (21.6) 129 1000 871 IE 632 (74.5) 216 (25.5) 149 997 848 IT 630 (69.5) 276 (30.5) 126 1032 906 LU 208 (75.6) 67 (24.4) 27 302 275 NL 604 (70.6) 252 (29.4) 108 964 856 PT 484 (52.6) 436 (47.4) 80 1000 920 N Sum 6322 3827 1433 11582 N Valid Sum 6322 3827 10149 printed 27.02.2012 page 307 Eurobarometer 28 - October-November 1987,GESIS Variable Report,333,ZA1713
v305,v305 0 1 2 3 4 N Sum N Valid Sum,ENERGY PROBLEM TODAY - EVALUATION,isocntry M BE 105 64 (7.1) 179 (19.9) 231 (25.7) 426 (47.3) 1005 900 DE 26 120 (12.9) 302 (32.4) 266 (28.6) 243 (26.1) 957 931 DK 57 48 (5.1) 185 (19.6) 306 (32.3) 407 (43.0) 1003 946 ES 267 98 (13.1) 206 (27.5) 230 (30.7) 215 (28.7) 1016 749 FR 67 69 (7.4) 291 (31.2) 239 (25.6) 334 (35.8) 1000 933 GB-GBN 48 55 (5.8) 224 (23.7) 217 (23.0) 449 (47.5) 993 945 GB-NIR 30 17 (5.9) 47 (16.4) 61 (21.3) 161 (56.3) 316 286 GR 131 319 (36.7) 350 (40.3) 153 (17.6) 47 (5.4) 1000 869 IE 127 38 (4.4) 156 (17.9) 319 (36.7) 357 (41.0) 997 870 IT 48 442 (44.9) 399 (40.5) 82 (8.3) 61 (6.2) 1032 984 LU 23 8 (2.9) 23 (8.2) 57 (20.4) 191 (68.5) 302 279 NL 61 25 (2.8) 120 (13.3) 234 (25.9) 524 (58.0) 964 903 PT 192 69 (8.5) 241 (29.8) 297 (36.8) 201 (24.9) 1000 808 N Sum 1182 1372 2723 2692 3616 11585 N Valid Sum 1372 2723 2692 3616 10403 printed 27.02.2012 page 308 Eurobarometer 28 - October-November 1987,isocntry M BE 105 64 (7.1) 179 (19.9) 231 (25.7) 426 (47.3) 1005 900 DE 26 120 (12.9) 302 (32.4) 266 (28.6) 243 (26.1) 957 931 DK 57 48 (5.1) 185 (19.6) 306 (32.3) 407 (43.0) 1003 946 ES 267 98 (13.1) 206 (27.5) 230 (30.7) 215 (28.7) 1016 749 FR 67 69 (7.4) 291 (31.2) 239 (25.6) 334 (35.8) 1000 933 GB-GBN 48 55 (5.8) 224 (23.7) 217 (23.0) 449 (47.5) 993 945 GB-NIR 30 17 (5.9) 47 (16.4) 61 (21.3) 161 (56.3) 316 286 GR 131 319 (36.7) 350 (40.3) 153 (17.6) 47 (5.4) 1000 869 IE 127 38 (4.4) 156 (17.9) 319 (36.7) 357 (41.0) 997 870 IT 48 442 (44.9) 399 (40.5) 82 (8.3) 61 (6.2) 1032 984 LU 23 8 (2.9) 23 (8.2) 57 (20.4) 191 (68.5) 302 279 NL 61 25 (2.8) 120 (13.3) 234 (25.9) 524 (58.0) 964 903 PT 192 69 (8.5) 241 (29.8) 297 (36.8) 201 (24.9) 1000 808 N Sum 1182 1372 2723 2692 3616 11585 N Valid Sum 1372 2723 2692 3616 10403 printed 27.02.2012 page 308 Eurobarometer 28 - October-November 1987,GESIS Variable Report,334,ZA1713
v306,v306 0 1 2 3 4 N Sum N Valid Sum,ENERGY PROBLEM FUTURE - EVALUATION,isocntry M BE 180 133 (16.1) 243 (29.5) 219 (26.5) 230 (27.9) 1005 825 DE 59 178 (19.8) 304 (33.9) 263 (29.3) 153 (17.0) 957 898 DK 160 56 (6.6) 180 (21.4) 281 (33.3) 326 (38.7) 1003 843 ES 363 128 (19.6) 197 (30.2) 172 (26.3) 156 (23.9) 1016 653 FR 177 101 (12.3) 225 (27.4) 176 (21.4) 319 (38.9) 998 821 GB-GBN 102 129 (14.5) 305 (34.2) 174 (19.5) 283 (31.8) 993 891 GB-NIR 55 29 (11.1) 57 (21.8) 57 (21.8) 118 (45.2) 316 261 GR 268 321 (43.9) 203 (27.7) 169 (23.1) 39 (5.3) 1000 732 IE 227 108 (14.0) 232 (30.1) 207 (26.9) 223 (29.0) 997 770 IT 121 414 (45.4) 329 (36.1) 103 (11.3) 65 (7.1) 1032 911 LU 33 11 (4.1) 48 (17.8) 77 (28.6) 133 (49.4) 302 269 NL 136 50 (6.0) 206 (24.9) 246 (29.7) 326 (39.4) 964 828 PT 302 158 (22.6) 185 (26.5) 192 (27.5) 163 (23.4) 1000 698 N Sum 2183 1816 2714 2336 2534 11583 N Valid Sum 1816 2714 2336 2534 9400 printed 27.02.2012 page 309 Eurobarometer 28 - October-November 1987,isocntry M BE 180 133 (16.1) 243 (29.5) 219 (26.5) 230 (27.9) 1005 825 DE 59 178 (19.8) 304 (33.9) 263 (29.3) 153 (17.0) 957 898 DK 160 56 (6.6) 180 (21.4) 281 (33.3) 326 (38.7) 1003 843 ES 363 128 (19.6) 197 (30.2) 172 (26.3) 156 (23.9) 1016 653 FR 177 101 (12.3) 225 (27.4) 176 (21.4) 319 (38.9) 998 821 GB-GBN 102 129 (14.5) 305 (34.2) 174 (19.5) 283 (31.8) 993 891 GB-NIR 55 29 (11.1) 57 (21.8) 57 (21.8) 118 (45.2) 316 261 GR 268 321 (43.9) 203 (27.7) 169 (23.1) 39 (5.3) 1000 732 IE 227 108 (14.0) 232 (30.1) 207 (26.9) 223 (29.0) 997 770 IT 121 414 (45.4) 329 (36.1) 103 (11.3) 65 (7.1) 1032 911 LU 33 11 (4.1) 48 (17.8) 77 (28.6) 133 (49.4) 302 269 NL 136 50 (6.0) 206 (24.9) 246 (29.7) 326 (39.4) 964 828 PT 302 158 (22.6) 185 (26.5) 192 (27.5) 163 (23.4) 1000 698 N Sum 2183 1816 2714 2336 2534 11583 N Valid Sum 1816 2714 2336 2534 9400 printed 27.02.2012 page 309 Eurobarometer 28 - October-November 1987,GESIS Variable Report,335,ZA1713
v307,,ENERGY SUPPLIES NATIONAL INDEPENDENCE,,ENERGY SUPPLIES NATIONAL INDEPENDENCE,GESIS Variable Report,336,ZA1713
v308,v308 1 2 3 N Sum N Valid Sum,ENERGY SUPPLIER EC MEMBER COUNTRIES,isocntry M BE 731 (94.4) 43 (5.6) 231 1005 774 DE 856 (97.5) 22 (2.5) 78 956 878 DK 439 (94.8) 24 (5.2) 539 1002 463 ES 448 (86.5) 70 (13.5) 498 1016 518 FR 691 (87.2) 101 (12.8) 207 999 792 GB-GBN 603 (88.4) 79 (11.6) 311 993 682 GB-NIR 208 (95.4) 10 (4.6) 98 316 218 GR 493 (92.0) 43 (8.0) 464 1000 536 IE 665 (93.3) 48 (6.7) 284 997 713 IT 560 (86.4) 88 (13.6) 384 1032 648 LU 243 (97.6) 6 (2.4) 53 302 249 NL 713 (96.1) 29 (3.9) 223 965 742 PT 519 (91.4) 49 (8.6) 432 1000 568 N Sum 7169 612 3802 11583 N Valid Sum 7169 612 7781 printed 27.02.2012 page 312 Eurobarometer 28 - October-November 1987,isocntry M BE 731 (94.4) 43 (5.6) 231 1005 774 DE 856 (97.5) 22 (2.5) 78 956 878 DK 439 (94.8) 24 (5.2) 539 1002 463 ES 448 (86.5) 70 (13.5) 498 1016 518 FR 691 (87.2) 101 (12.8) 207 999 792 GB-GBN 603 (88.4) 79 (11.6) 311 993 682 GB-NIR 208 (95.4) 10 (4.6) 98 316 218 GR 493 (92.0) 43 (8.0) 464 1000 536 IE 665 (93.3) 48 (6.7) 284 997 713 IT 560 (86.4) 88 (13.6) 384 1032 648 LU 243 (97.6) 6 (2.4) 53 302 249 NL 713 (96.1) 29 (3.9) 223 965 742 PT 519 (91.4) 49 (8.6) 432 1000 568 N Sum 7169 612 3802 11583 N Valid Sum 7169 612 7781 printed 27.02.2012 page 312 Eurobarometer 28 - October-November 1987,GESIS Variable Report,338,ZA1713
v309,v309 1 2 3 N Sum N Valid Sum,ENERGY SUPPLIER WEST EUROPEAN COUNTRIES,isocntry M BE 527 (81.0) 124 (19.0) 354 1005 651 DE 715 (89.9) 80 (10.1) 161 956 795 DK 357 (93.7) 24 (6.3) 622 1003 381 ES 214 (58.2) 154 (41.8) 648 1016 368 FR 372 (60.4) 244 (39.6) 384 1000 616 GB-GBN 338 (74.8) 114 (25.2) 541 993 452 GB-NIR 85 (72.0) 33 (28.0) 198 316 118 GR 288 (82.5) 61 (17.5) 651 1000 349 IE 369 (75.8) 118 (24.2) 510 997 487 IT 219 (56.0) 172 (44.0) 641 1032 391 LU 93 (75.6) 30 (24.4) 179 302 123 NL 554 (91.6) 51 (8.4) 359 964 605 PT 232 (58.6) 164 (41.4) 604 1000 396 N Sum 4363 1369 5852 11584 N Valid Sum 4363 1369 5732 printed 27.02.2012 page 313 Eurobarometer 28 - October-November 1987,isocntry M BE 527 (81.0) 124 (19.0) 354 1005 651 DE 715 (89.9) 80 (10.1) 161 956 795 DK 357 (93.7) 24 (6.3) 622 1003 381 ES 214 (58.2) 154 (41.8) 648 1016 368 FR 372 (60.4) 244 (39.6) 384 1000 616 GB-GBN 338 (74.8) 114 (25.2) 541 993 452 GB-NIR 85 (72.0) 33 (28.0) 198 316 118 GR 288 (82.5) 61 (17.5) 651 1000 349 IE 369 (75.8) 118 (24.2) 510 997 487 IT 219 (56.0) 172 (44.0) 641 1032 391 LU 93 (75.6) 30 (24.4) 179 302 123 NL 554 (91.6) 51 (8.4) 359 964 605 PT 232 (58.6) 164 (41.4) 604 1000 396 N Sum 4363 1369 5852 11584 N Valid Sum 4363 1369 5732 printed 27.02.2012 page 313 Eurobarometer 28 - October-November 1987,GESIS Variable Report,339,ZA1713
v310,v310 1 2 3 N Sum N Valid Sum,ENERGY SUPPLIER NORTH AFRICA,isocntry M BE 178 (28.7) 443 (71.3) 384 1005 621 DE 206 (28.0) 531 (72.0) 220 957 737 DK 38 (18.4) 169 (81.6) 795 1002 207 ES 108 (29.4) 259 (70.6) 649 1016 367 FR 261 (39.1) 407 (60.9) 331 999 668 GB-GBN 71 (17.7) 330 (82.3) 592 993 401 GB-NIR 12 (11.8) 90 (88.2) 214 316 102 GR 125 (40.7) 182 (59.3) 693 1000 307 IE 89 (22.5) 306 (77.5) 602 997 395 IT 153 (33.9) 298 (66.1) 581 1032 451 LU 20 (18.9) 86 (81.1) 196 302 106 NL 130 (26.1) 368 (73.9) 467 965 498 PT 86 (22.9) 289 (77.1) 625 1000 375 N Sum 1477 3758 6349 11584 N Valid Sum 1477 3758 5235 printed 27.02.2012 page 314 Eurobarometer 28 - October-November 1987,isocntry M BE 178 (28.7) 443 (71.3) 384 1005 621 DE 206 (28.0) 531 (72.0) 220 957 737 DK 38 (18.4) 169 (81.6) 795 1002 207 ES 108 (29.4) 259 (70.6) 649 1016 367 FR 261 (39.1) 407 (60.9) 331 999 668 GB-GBN 71 (17.7) 330 (82.3) 592 993 401 GB-NIR 12 (11.8) 90 (88.2) 214 316 102 GR 125 (40.7) 182 (59.3) 693 1000 307 IE 89 (22.5) 306 (77.5) 602 997 395 IT 153 (33.9) 298 (66.1) 581 1032 451 LU 20 (18.9) 86 (81.1) 196 302 106 NL 130 (26.1) 368 (73.9) 467 965 498 PT 86 (22.9) 289 (77.1) 625 1000 375 N Sum 1477 3758 6349 11584 N Valid Sum 1477 3758 5235 printed 27.02.2012 page 314 Eurobarometer 28 - October-November 1987,GESIS Variable Report,340,ZA1713
v311,v311 1 2 3 N Sum N Valid Sum,ENERGY SUPPLIER USSR EASTERN EUROPE,isocntry M BE 230 (34.6) 434 (65.4) 341 1005 664 DE 456 (56.4) 353 (43.6) 149 958 809 DK 143 (39.6) 218 (60.4) 641 1002 361 ES 121 (30.7) 273 (69.3) 622 1016 394 FR 295 (40.7) 430 (59.3) 274 999 725 GB-GBN 126 (23.1) 420 (76.9) 447 993 546 GB-NIR 18 (12.9) 122 (87.1) 176 316 140 GR 376 (78.7) 102 (21.3) 522 1000 478 IE 152 (29.2) 368 (70.8) 477 997 520 IT 264 (51.0) 254 (49.0) 514 1032 518 LU 61 (37.9) 100 (62.1) 141 302 161 NL 253 (45.3) 306 (54.7) 405 964 559 PT 95 (22.4) 330 (77.6) 575 1000 425 N Sum 2590 3710 5284 11584 N Valid Sum 2590 3710 6300 printed 27.02.2012 page 315 Eurobarometer 28 - October-November 1987,isocntry M BE 230 (34.6) 434 (65.4) 341 1005 664 DE 456 (56.4) 353 (43.6) 149 958 809 DK 143 (39.6) 218 (60.4) 641 1002 361 ES 121 (30.7) 273 (69.3) 622 1016 394 FR 295 (40.7) 430 (59.3) 274 999 725 GB-GBN 126 (23.1) 420 (76.9) 447 993 546 GB-NIR 18 (12.9) 122 (87.1) 176 316 140 GR 376 (78.7) 102 (21.3) 522 1000 478 IE 152 (29.2) 368 (70.8) 477 997 520 IT 264 (51.0) 254 (49.0) 514 1032 518 LU 61 (37.9) 100 (62.1) 141 302 161 NL 253 (45.3) 306 (54.7) 405 964 559 PT 95 (22.4) 330 (77.6) 575 1000 425 N Sum 2590 3710 5284 11584 N Valid Sum 2590 3710 6300 printed 27.02.2012 page 315 Eurobarometer 28 - October-November 1987,GESIS Variable Report,341,ZA1713
v312,v312 1 2 3 N Sum N Valid Sum,ENERGY SUPPLIER SOUTH AMERICA,isocntry M BE 165 (28.0) 425 (72.0) 415 1005 590 DE 213 (28.9) 525 (71.1) 219 957 738 DK 54 (22.4) 187 (77.6) 760 1001 241 ES 200 (56.2) 156 (43.8) 660 1016 356 FR 197 (33.1) 398 (66.9) 405 1000 595 GB-GBN 76 (16.3) 390 (83.7) 527 993 466 GB-NIR 30 (26.5) 83 (73.5) 203 316 113 GR 65 (24.1) 205 (75.9) 730 1000 270 IE 129 (31.8) 277 (68.2) 591 997 406 IT 107 (30.6) 243 (69.4) 682 1032 350 LU 25 (25.5) 73 (74.5) 204 302 98 NL 102 (20.9) 387 (79.1) 476 965 489 PT 67 (17.9) 307 (82.1) 626 1000 374 N Sum 1430 3656 6498 11584 N Valid Sum 1430 3656 5086 printed 27.02.2012 page 316 Eurobarometer 28 - October-November 1987,isocntry M BE 165 (28.0) 425 (72.0) 415 1005 590 DE 213 (28.9) 525 (71.1) 219 957 738 DK 54 (22.4) 187 (77.6) 760 1001 241 ES 200 (56.2) 156 (43.8) 660 1016 356 FR 197 (33.1) 398 (66.9) 405 1000 595 GB-GBN 76 (16.3) 390 (83.7) 527 993 466 GB-NIR 30 (26.5) 83 (73.5) 203 316 113 GR 65 (24.1) 205 (75.9) 730 1000 270 IE 129 (31.8) 277 (68.2) 591 997 406 IT 107 (30.6) 243 (69.4) 682 1032 350 LU 25 (25.5) 73 (74.5) 204 302 98 NL 102 (20.9) 387 (79.1) 476 965 489 PT 67 (17.9) 307 (82.1) 626 1000 374 N Sum 1430 3656 6498 11584 N Valid Sum 1430 3656 5086 printed 27.02.2012 page 316 Eurobarometer 28 - October-November 1987,GESIS Variable Report,342,ZA1713
v313,v313 1 2 3 N Sum N Valid Sum,ENERGY SUPPLIER SOUTHERN AFRICA,isocntry M BE 117 (20.0) 467 (80.0) 421 1005 584 DE 127 (17.1) 615 (82.9) 215 957 742 DK 54 (13.8) 337 (86.2) 612 1003 391 ES 61 (18.3) 272 (81.7) 683 1016 333 FR 126 (20.7) 484 (79.3) 388 998 610 GB-GBN 64 (14.5) 378 (85.5) 552 994 442 GB-NIR 19 (16.2) 98 (83.8) 199 316 117 GR 45 (16.1) 235 (83.9) 720 1000 280 IE 46 (10.7) 384 (89.3) 567 997 430 IT 58 (17.0) 284 (83.0) 690 1032 342 LU 10 (9.1) 100 (90.9) 192 302 110 NL 74 (15.0) 418 (85.0) 472 964 492 PT 80 (20.5) 311 (79.5) 609 1000 391 N Sum 881 4383 6320 11584 N Valid Sum 881 4383 5264 printed 27.02.2012 page 317 Eurobarometer 28 - October-November 1987,isocntry M BE 117 (20.0) 467 (80.0) 421 1005 584 DE 127 (17.1) 615 (82.9) 215 957 742 DK 54 (13.8) 337 (86.2) 612 1003 391 ES 61 (18.3) 272 (81.7) 683 1016 333 FR 126 (20.7) 484 (79.3) 388 998 610 GB-GBN 64 (14.5) 378 (85.5) 552 994 442 GB-NIR 19 (16.2) 98 (83.8) 199 316 117 GR 45 (16.1) 235 (83.9) 720 1000 280 IE 46 (10.7) 384 (89.3) 567 997 430 IT 58 (17.0) 284 (83.0) 690 1032 342 LU 10 (9.1) 100 (90.9) 192 302 110 NL 74 (15.0) 418 (85.0) 472 964 492 PT 80 (20.5) 311 (79.5) 609 1000 391 N Sum 881 4383 6320 11584 N Valid Sum 881 4383 5264 printed 27.02.2012 page 317 Eurobarometer 28 - October-November 1987,GESIS Variable Report,343,ZA1713
v314,v314 1 2 3 N Sum N Valid Sum,ENERGY SUPPLIER USA CANADA,isocntry M BE 526 (76.9) 158 (23.1) 321 1005 684 DE 678 (84.2) 127 (15.8) 152 957 805 DK 260 (89.0) 32 (11.0) 710 1002 292 ES 206 (49.8) 208 (50.2) 602 1016 414 FR 526 (77.6) 152 (22.4) 321 999 678 GB-GBN 514 (87.0) 77 (13.0) 402 993 591 GB-NIR 143 (88.8) 18 (11.2) 155 316 161 GR 327 (70.2) 139 (29.8) 534 1000 466 IE 474 (86.3) 75 (13.7) 448 997 549 IT 388 (78.5) 106 (21.5) 538 1032 494 LU 113 (82.5) 24 (17.5) 165 302 137 NL 478 (83.6) 94 (16.4) 393 965 572 PT 275 (68.6) 126 (31.4) 599 1000 401 N Sum 4908 1336 5340 11584 N Valid Sum 4908 1336 6244 printed 27.02.2012 page 318 Eurobarometer 28 - October-November 1987,isocntry M BE 526 (76.9) 158 (23.1) 321 1005 684 DE 678 (84.2) 127 (15.8) 152 957 805 DK 260 (89.0) 32 (11.0) 710 1002 292 ES 206 (49.8) 208 (50.2) 602 1016 414 FR 526 (77.6) 152 (22.4) 321 999 678 GB-GBN 514 (87.0) 77 (13.0) 402 993 591 GB-NIR 143 (88.8) 18 (11.2) 155 316 161 GR 327 (70.2) 139 (29.8) 534 1000 466 IE 474 (86.3) 75 (13.7) 448 997 549 IT 388 (78.5) 106 (21.5) 538 1032 494 LU 113 (82.5) 24 (17.5) 165 302 137 NL 478 (83.6) 94 (16.4) 393 965 572 PT 275 (68.6) 126 (31.4) 599 1000 401 N Sum 4908 1336 5340 11584 N Valid Sum 4908 1336 6244 printed 27.02.2012 page 318 Eurobarometer 28 - October-November 1987,GESIS Variable Report,344,ZA1713
v315,v315 1 2 3 N Sum N Valid Sum,ENERGY SUPPLIER MIDDLE EAST,isocntry M BE 163 (22.1) 573 (77.9) 269 1005 736 DE 184 (23.5) 600 (76.5) 173 957 784 DK 208 (31.9) 445 (68.1) 348 1001 653 ES 199 (51.0) 191 (49.0) 627 1017 390 FR 258 (34.0) 501 (66.0) 240 999 759 GB-GBN 231 (32.4) 482 (67.6) 280 993 713 GB-NIR 47 (25.0) 141 (75.0) 128 316 188 GR 258 (57.6) 190 (42.4) 552 1000 448 IE 226 (36.4) 395 (63.6) 376 997 621 IT 254 (40.4) 374 (59.6) 404 1032 628 LU 65 (33.7) 128 (66.3) 109 302 193 NL 189 (27.0) 512 (73.0) 263 964 701 PT 145 (31.2) 320 (68.8) 535 1000 465 N Sum 2427 4852 4304 11583 N Valid Sum 2427 4852 7279 printed 27.02.2012 page 319 Eurobarometer 28 - October-November 1987,isocntry M BE 163 (22.1) 573 (77.9) 269 1005 736 DE 184 (23.5) 600 (76.5) 173 957 784 DK 208 (31.9) 445 (68.1) 348 1001 653 ES 199 (51.0) 191 (49.0) 627 1017 390 FR 258 (34.0) 501 (66.0) 240 999 759 GB-GBN 231 (32.4) 482 (67.6) 280 993 713 GB-NIR 47 (25.0) 141 (75.0) 128 316 188 GR 258 (57.6) 190 (42.4) 552 1000 448 IE 226 (36.4) 395 (63.6) 376 997 621 IT 254 (40.4) 374 (59.6) 404 1032 628 LU 65 (33.7) 128 (66.3) 109 302 193 NL 189 (27.0) 512 (73.0) 263 964 701 PT 145 (31.2) 320 (68.8) 535 1000 465 N Sum 2427 4852 4304 11583 N Valid Sum 2427 4852 7279 printed 27.02.2012 page 319 Eurobarometer 28 - October-November 1987,GESIS Variable Report,345,ZA1713
v316,v316 1 2 3 N Sum N Valid Sum,ENERGY SUPPLIER CENTRAL AFRICA,isocntry M BE 112 (19.1) 475 (80.9) 418 1005 587 DE 111 (14.8) 637 (85.2) 209 957 748 DK 16 (7.9) 187 (92.1) 799 1002 203 ES 48 (15.4) 264 (84.6) 704 1016 312 FR 171 (29.7) 405 (70.3) 423 999 576 GB-GBN 49 (11.1) 394 (88.9) 549 992 443 GB-NIR 6 (6.1) 92 (93.9) 218 316 98 GR 60 (25.2) 178 (74.8) 762 1000 238 IE 49 (12.1) 355 (87.9) 593 997 404 IT 53 (15.7) 284 (84.3) 695 1032 337 LU 5 (4.2) 114 (95.8) 183 302 119 NL 70 (15.4) 386 (84.6) 508 964 456 PT 51 (14.1) 311 (85.9) 638 1000 362 N Sum 801 4082 6699 11582 N Valid Sum 801 4082 4883 printed 27.02.2012 page 320 Eurobarometer 28 - October-November 1987,isocntry M BE 112 (19.1) 475 (80.9) 418 1005 587 DE 111 (14.8) 637 (85.2) 209 957 748 DK 16 (7.9) 187 (92.1) 799 1002 203 ES 48 (15.4) 264 (84.6) 704 1016 312 FR 171 (29.7) 405 (70.3) 423 999 576 GB-GBN 49 (11.1) 394 (88.9) 549 992 443 GB-NIR 6 (6.1) 92 (93.9) 218 316 98 GR 60 (25.2) 178 (74.8) 762 1000 238 IE 49 (12.1) 355 (87.9) 593 997 404 IT 53 (15.7) 284 (84.3) 695 1032 337 LU 5 (4.2) 114 (95.8) 183 302 119 NL 70 (15.4) 386 (84.6) 508 964 456 PT 51 (14.1) 311 (85.9) 638 1000 362 N Sum 801 4082 6699 11582 N Valid Sum 801 4082 4883 printed 27.02.2012 page 320 Eurobarometer 28 - October-November 1987,GESIS Variable Report,346,ZA1713
v317,v317 1 2 3 N Sum N Valid Sum,ENERGY SUPPLIER AUSTRALIA,isocntry M BE 342 (62.8) 203 (37.2) 460 1005 545 DE 467 (65.0) 251 (35.0) 239 957 718 DK 159 (85.5) 27 (14.5) 817 1003 186 ES 89 (28.5) 223 (71.5) 704 1016 312 FR 228 (39.4) 351 (60.6) 420 999 579 GB-GBN 391 (79.1) 103 (20.9) 499 993 494 GB-NIR 74 (64.9) 40 (35.1) 202 316 114 GR 191 (70.5) 80 (29.5) 729 1000 271 IE 266 (62.7) 158 (37.3) 573 997 424 IT 110 (33.7) 216 (66.3) 706 1032 326 LU 30 (32.3) 63 (67.7) 209 302 93 NL 404 (81.5) 92 (18.5) 469 965 496 PT 134 (36.8) 230 (63.2) 636 1000 364 N Sum 2885 2037 6663 11585 N Valid Sum 2885 2037 4922 printed 27.02.2012 page 321 Eurobarometer 28 - October-November 1987,isocntry M BE 342 (62.8) 203 (37.2) 460 1005 545 DE 467 (65.0) 251 (35.0) 239 957 718 DK 159 (85.5) 27 (14.5) 817 1003 186 ES 89 (28.5) 223 (71.5) 704 1016 312 FR 228 (39.4) 351 (60.6) 420 999 579 GB-GBN 391 (79.1) 103 (20.9) 499 993 494 GB-NIR 74 (64.9) 40 (35.1) 202 316 114 GR 191 (70.5) 80 (29.5) 729 1000 271 IE 266 (62.7) 158 (37.3) 573 997 424 IT 110 (33.7) 216 (66.3) 706 1032 326 LU 30 (32.3) 63 (67.7) 209 302 93 NL 404 (81.5) 92 (18.5) 469 965 496 PT 134 (36.8) 230 (63.2) 636 1000 364 N Sum 2885 2037 6663 11585 N Valid Sum 2885 2037 4922 printed 27.02.2012 page 321 Eurobarometer 28 - October-November 1987,GESIS Variable Report,347,ZA1713
v318,v318 0 1 2 3 N Sum N Valid Sum,ENERGY POLICY - SUPPLY PREFERENCE,isocntry M BE 133 228 (26.1) 354 (40.6) 290 (33.3) 1005 872 DE 53 82 (9.1) 387 (42.8) 435 (48.1) 957 904 DK 74 85 (9.1) 484 (52.1) 360 (38.8) 1003 929 ES 334 210 (30.8) 328 (48.1) 144 (21.1) 1016 682 FR 73 158 (17.1) 481 (51.9) 287 (31.0) 999 926 GB-GBN 61 129 (13.8) 494 (53.0) 309 (33.2) 993 932 GB-NIR 22 94 (32.0) 127 (43.2) 73 (24.8) 316 294 GR 179 157 (19.1) 464 (56.5) 200 (24.4) 1000 821 IE 117 189 (21.5) 494 (56.1) 197 (22.4) 997 880 IT 102 179 (19.2) 301 (32.4) 450 (48.4) 1032 930 LU 31 57 (21.0) 83 (30.6) 131 (48.3) 302 271 NL 86 103 (11.7) 250 (28.4) 526 (59.8) 965 879 PT 293 245 (34.7) 361 (51.1) 101 (14.3) 1000 707 N Sum 1558 1916 4608 3503 11585 N Valid Sum 1916 4608 3503 10027 printed 27.02.2012 page 322 Eurobarometer 28 - October-November 1987,isocntry M BE 133 228 (26.1) 354 (40.6) 290 (33.3) 1005 872 DE 53 82 (9.1) 387 (42.8) 435 (48.1) 957 904 DK 74 85 (9.1) 484 (52.1) 360 (38.8) 1003 929 ES 334 210 (30.8) 328 (48.1) 144 (21.1) 1016 682 FR 73 158 (17.1) 481 (51.9) 287 (31.0) 999 926 GB-GBN 61 129 (13.8) 494 (53.0) 309 (33.2) 993 932 GB-NIR 22 94 (32.0) 127 (43.2) 73 (24.8) 316 294 GR 179 157 (19.1) 464 (56.5) 200 (24.4) 1000 821 IE 117 189 (21.5) 494 (56.1) 197 (22.4) 997 880 IT 102 179 (19.2) 301 (32.4) 450 (48.4) 1032 930 LU 31 57 (21.0) 83 (30.6) 131 (48.3) 302 271 NL 86 103 (11.7) 250 (28.4) 526 (59.8) 965 879 PT 293 245 (34.7) 361 (51.1) 101 (14.3) 1000 707 N Sum 1558 1916 4608 3503 11585 N Valid Sum 1916 4608 3503 10027 printed 27.02.2012 page 322 Eurobarometer 28 - October-November 1987,GESIS Variable Report,348,ZA1713
v319,,ENERGY PROBLEM SOLUTION - 1ST PRIORITY,,ENERGY PROBLEM SOLUTION - 1ST PRIORITY,GESIS Variable Report,349,ZA1713
v320,,ENERGY PROBLEM SOLUTION - 2ND PRIORITY,,ENERGY PROBLEM SOLUTION - 2ND PRIORITY,GESIS Variable Report,350,ZA1713
v321,v321 0 1 2 3 4 N Sum N Valid Sum,ENERGY WASTED - EVALUATION,isocntry M BE 63 221 (23.5) 452 (48.0) 198 (21.0) 71 (7.5) 1005 942 DE 23 151 (16.2) 519 (55.6) 214 (22.9) 50 (5.4) 957 934 DK 51 306 (32.2) 518 (54.5) 113 (11.9) 13 (1.4) 1001 950 ES 193 161 (19.5) 387 (47.0) 163 (19.8) 113 (13.7) 1017 824 FR 46 170 (17.8) 482 (50.6) 225 (23.6) 76 (8.0) 999 953 GB-GBN 40 277 (29.1) 475 (49.8) 154 (16.2) 47 (4.9) 993 953 GB-NIR 25 66 (22.7) 106 (36.4) 93 (32.0) 26 (8.9) 316 291 GR 111 281 (31.6) 434 (48.8) 156 (17.5) 18 (2.0) 1000 889 IE 95 173 (19.2) 366 (40.6) 298 (33.0) 65 (7.2) 997 902 IT 32 385 (38.5) 483 (48.3) 109 (10.9) 23 (2.3) 1032 1000 LU 13 56 (19.4) 136 (47.1) 64 (22.1) 33 (11.4) 302 289 NL 63 174 (19.3) 427 (47.3) 249 (27.6) 52 (5.8) 965 902 PT 139 406 (47.2) 295 (34.3) 82 (9.5) 78 (9.1) 1000 861 N Sum 894 2827 5080 2118 665 11584 N Valid Sum 2827 5080 2118 665 10690 printed 27.02.2012 page 325 Eurobarometer 28 - October-November 1987,isocntry M BE 63 221 (23.5) 452 (48.0) 198 (21.0) 71 (7.5) 1005 942 DE 23 151 (16.2) 519 (55.6) 214 (22.9) 50 (5.4) 957 934 DK 51 306 (32.2) 518 (54.5) 113 (11.9) 13 (1.4) 1001 950 ES 193 161 (19.5) 387 (47.0) 163 (19.8) 113 (13.7) 1017 824 FR 46 170 (17.8) 482 (50.6) 225 (23.6) 76 (8.0) 999 953 GB-GBN 40 277 (29.1) 475 (49.8) 154 (16.2) 47 (4.9) 993 953 GB-NIR 25 66 (22.7) 106 (36.4) 93 (32.0) 26 (8.9) 316 291 GR 111 281 (31.6) 434 (48.8) 156 (17.5) 18 (2.0) 1000 889 IE 95 173 (19.2) 366 (40.6) 298 (33.0) 65 (7.2) 997 902 IT 32 385 (38.5) 483 (48.3) 109 (10.9) 23 (2.3) 1032 1000 LU 13 56 (19.4) 136 (47.1) 64 (22.1) 33 (11.4) 302 289 NL 63 174 (19.3) 427 (47.3) 249 (27.6) 52 (5.8) 965 902 PT 139 406 (47.2) 295 (34.3) 82 (9.5) 78 (9.1) 1000 861 N Sum 894 2827 5080 2118 665 11584 N Valid Sum 2827 5080 2118 665 10690 printed 27.02.2012 page 325 Eurobarometer 28 - October-November 1987,GESIS Variable Report,351,ZA1713
v322,v322 0 1 2 N Sum N Valid Sum,ENERGY POLICY - RESTRICTION PREFERENCE,isocntry M BE 69 396 (42.3) 540 (57.7) 1005 936 DE 69 378 (42.6) 509 (57.4) 956 887 DK 42 402 (41.9) 558 (58.1) 1002 960 ES 134 191 (21.6) 692 (78.4) 1017 883 FR 56 284 (30.1) 659 (69.9) 999 943 GB-GBN 39 293 (30.7) 661 (69.3) 993 954 GB-NIR 27 92 (31.8) 197 (68.2) 316 289 GR 172 326 (39.4) 502 (60.6) 1000 828 IE 136 251 (29.2) 610 (70.8) 997 861 IT 37 568 (57.1) 427 (42.9) 1032 995 LU 10 99 (33.9) 193 (66.1) 302 292 NL 59 522 (57.7) 383 (42.3) 964 905 PT 77 315 (34.1) 608 (65.9) 1000 923 N Sum 927 4117 6539 11583 N Valid Sum 4117 6539 10656 printed 27.02.2012 page 326 Eurobarometer 28 - October-November 1987,isocntry M BE 69 396 (42.3) 540 (57.7) 1005 936 DE 69 378 (42.6) 509 (57.4) 956 887 DK 42 402 (41.9) 558 (58.1) 1002 960 ES 134 191 (21.6) 692 (78.4) 1017 883 FR 56 284 (30.1) 659 (69.9) 999 943 GB-GBN 39 293 (30.7) 661 (69.3) 993 954 GB-NIR 27 92 (31.8) 197 (68.2) 316 289 GR 172 326 (39.4) 502 (60.6) 1000 828 IE 136 251 (29.2) 610 (70.8) 997 861 IT 37 568 (57.1) 427 (42.9) 1032 995 LU 10 99 (33.9) 193 (66.1) 302 292 NL 59 522 (57.7) 383 (42.3) 964 905 PT 77 315 (34.1) 608 (65.9) 1000 923 N Sum 927 4117 6539 11583 N Valid Sum 4117 6539 10656 printed 27.02.2012 page 326 Eurobarometer 28 - October-November 1987,GESIS Variable Report,352,ZA1713
v323,v323 0 1 2 3 4 N Sum N Valid Sum,ENERGY PUBL MONEY - RESEARCH NEW FORMS,isocntry M BE 79 526 (56.8) 297 (32.1) 77 (8.3) 26 (2.8) 1005 926 DE 27 575 (61.8) 312 (33.5) 39 (4.2) 4 (0.4) 957 930 DK 41 604 (62.8) 327 (34.0) 26 (2.7) 5 (0.5) 1003 962 ES 191 599 (72.4) 186 (22.5) 22 (2.7) 20 (2.4) 1018 827 FR 39 556 (57.9) 318 (33.1) 64 (6.7) 22 (2.3) 999 960 GB-GBN 25 591 (61.1) 313 (32.3) 41 (4.2) 23 (2.4) 993 968 GB-NIR 17 129 (43.1) 137 (45.8) 19 (6.4) 14 (4.7) 316 299 GR 228 545 (70.6) 190 (24.6) 26 (3.4) 11 (1.4) 1000 772 IE 103 384 (43.0) 386 (43.2) 75 (8.4) 49 (5.5) 997 894 IT 72 634 (66.0) 271 (28.2) 38 (4.0) 17 (1.8) 1032 960 LU 16 141 (49.3) 125 (43.7) 13 (4.5) 7 (2.4) 302 286 NL 45 620 (67.4) 269 (29.2) 23 (2.5) 8 (0.9) 965 920 PT 242 566 (74.7) 134 (17.7) 16 (2.1) 42 (5.5) 1000 758 N Sum 1125 6470 3265 479 248 11587 N Valid Sum 6470 3265 479 248 10462 printed 27.02.2012 page 327 Eurobarometer 28 - October-November 1987,isocntry M BE 79 526 (56.8) 297 (32.1) 77 (8.3) 26 (2.8) 1005 926 DE 27 575 (61.8) 312 (33.5) 39 (4.2) 4 (0.4) 957 930 DK 41 604 (62.8) 327 (34.0) 26 (2.7) 5 (0.5) 1003 962 ES 191 599 (72.4) 186 (22.5) 22 (2.7) 20 (2.4) 1018 827 FR 39 556 (57.9) 318 (33.1) 64 (6.7) 22 (2.3) 999 960 GB-GBN 25 591 (61.1) 313 (32.3) 41 (4.2) 23 (2.4) 993 968 GB-NIR 17 129 (43.1) 137 (45.8) 19 (6.4) 14 (4.7) 316 299 GR 228 545 (70.6) 190 (24.6) 26 (3.4) 11 (1.4) 1000 772 IE 103 384 (43.0) 386 (43.2) 75 (8.4) 49 (5.5) 997 894 IT 72 634 (66.0) 271 (28.2) 38 (4.0) 17 (1.8) 1032 960 LU 16 141 (49.3) 125 (43.7) 13 (4.5) 7 (2.4) 302 286 NL 45 620 (67.4) 269 (29.2) 23 (2.5) 8 (0.9) 965 920 PT 242 566 (74.7) 134 (17.7) 16 (2.1) 42 (5.5) 1000 758 N Sum 1125 6470 3265 479 248 11587 N Valid Sum 6470 3265 479 248 10462 printed 27.02.2012 page 327 Eurobarometer 28 - October-November 1987,GESIS Variable Report,353,ZA1713
v324,v324 0 1 2 3 4 N Sum N Valid Sum,ENERGY PUBL MONEY - SUPP ENERGY SAVING,isocntry M BE 80 374 (40.4) 355 (38.4) 142 (15.4) 54 (5.8) 1005 925 DE 26 424 (45.5) 405 (43.5) 90 (9.7) 12 (1.3) 957 931 DK 33 389 (40.1) 427 (44.0) 92 (9.5) 62 (6.4) 1003 970 ES 196 456 (55.6) 266 (32.4) 56 (6.8) 42 (5.1) 1016 820 FR 32 435 (45.0) 356 (36.8) 137 (14.2) 39 (4.0) 999 967 GB-GBN 21 346 (35.6) 462 (47.5) 101 (10.4) 63 (6.5) 993 972 GB-NIR 14 122 (40.4) 144 (47.7) 23 (7.6) 13 (4.3) 316 302 GR 234 384 (50.1) 264 (34.5) 83 (10.8) 35 (4.6) 1000 766 IE 109 295 (33.2) 434 (48.9) 97 (10.9) 62 (7.0) 997 888 IT 98 308 (33.0) 383 (41.0) 159 (17.0) 84 (9.0) 1032 934 LU 13 140 (48.4) 123 (42.6) 18 (6.2) 8 (2.8) 302 289 NL 53 378 (41.4) 377 (41.3) 86 (9.4) 71 (7.8) 965 912 PT 249 408 (54.3) 244 (32.5) 58 (7.7) 41 (5.5) 1000 751 N Sum 1158 4459 4240 1142 586 11585 N Valid Sum 4459 4240 1142 586 10427 printed 27.02.2012 page 328 Eurobarometer 28 - October-November 1987,isocntry M BE 80 374 (40.4) 355 (38.4) 142 (15.4) 54 (5.8) 1005 925 DE 26 424 (45.5) 405 (43.5) 90 (9.7) 12 (1.3) 957 931 DK 33 389 (40.1) 427 (44.0) 92 (9.5) 62 (6.4) 1003 970 ES 196 456 (55.6) 266 (32.4) 56 (6.8) 42 (5.1) 1016 820 FR 32 435 (45.0) 356 (36.8) 137 (14.2) 39 (4.0) 999 967 GB-GBN 21 346 (35.6) 462 (47.5) 101 (10.4) 63 (6.5) 993 972 GB-NIR 14 122 (40.4) 144 (47.7) 23 (7.6) 13 (4.3) 316 302 GR 234 384 (50.1) 264 (34.5) 83 (10.8) 35 (4.6) 1000 766 IE 109 295 (33.2) 434 (48.9) 97 (10.9) 62 (7.0) 997 888 IT 98 308 (33.0) 383 (41.0) 159 (17.0) 84 (9.0) 1032 934 LU 13 140 (48.4) 123 (42.6) 18 (6.2) 8 (2.8) 302 289 NL 53 378 (41.4) 377 (41.3) 86 (9.4) 71 (7.8) 965 912 PT 249 408 (54.3) 244 (32.5) 58 (7.7) 41 (5.5) 1000 751 N Sum 1158 4459 4240 1142 586 11585 N Valid Sum 4459 4240 1142 586 10427 printed 27.02.2012 page 328 Eurobarometer 28 - October-November 1987,GESIS Variable Report,354,ZA1713
v325,v325 0 1 2 3 4 N Sum N Valid Sum,ENERGY PUBL MONEY - SUBSIDIZE SOME FORM,isocntry M BE 106 376 (41.8) 289 (32.1) 152 (16.9) 82 (9.1) 1005 899 DE 39 334 (36.3) 421 (45.8) 137 (14.9) 27 (2.9) 958 919 DK 95 206 (22.7) 383 (42.2) 187 (20.6) 131 (14.4) 1002 907 ES 206 467 (57.6) 231 (28.5) 61 (7.5) 52 (6.4) 1017 811 FR 54 402 (42.5) 340 (36.0) 141 (14.9) 62 (6.6) 999 945 GB-GBN 33 327 (34.1) 383 (39.9) 113 (11.8) 137 (14.3) 993 960 GB-NIR 18 117 (39.3) 125 (41.9) 37 (12.4) 19 (6.4) 316 298 GR 252 388 (51.9) 242 (32.4) 53 (7.1) 65 (8.7) 1000 748 IE 115 272 (30.8) 374 (42.4) 126 (14.3) 110 (12.5) 997 882 IT 130 362 (40.1) 375 (41.6) 101 (11.2) 64 (7.1) 1032 902 LU 18 126 (44.4) 110 (38.7) 31 (10.9) 17 (6.0) 302 284 NL 86 255 (29.0) 323 (36.8) 172 (19.6) 128 (14.6) 964 878 PT 252 447 (59.8) 192 (25.7) 46 (6.1) 63 (8.4) 1000 748 N Sum 1404 4079 3788 1357 957 11585 N Valid Sum 4079 3788 1357 957 10181 printed 27.02.2012 page 329 Eurobarometer 28 - October-November 1987,isocntry M BE 106 376 (41.8) 289 (32.1) 152 (16.9) 82 (9.1) 1005 899 DE 39 334 (36.3) 421 (45.8) 137 (14.9) 27 (2.9) 958 919 DK 95 206 (22.7) 383 (42.2) 187 (20.6) 131 (14.4) 1002 907 ES 206 467 (57.6) 231 (28.5) 61 (7.5) 52 (6.4) 1017 811 FR 54 402 (42.5) 340 (36.0) 141 (14.9) 62 (6.6) 999 945 GB-GBN 33 327 (34.1) 383 (39.9) 113 (11.8) 137 (14.3) 993 960 GB-NIR 18 117 (39.3) 125 (41.9) 37 (12.4) 19 (6.4) 316 298 GR 252 388 (51.9) 242 (32.4) 53 (7.1) 65 (8.7) 1000 748 IE 115 272 (30.8) 374 (42.4) 126 (14.3) 110 (12.5) 997 882 IT 130 362 (40.1) 375 (41.6) 101 (11.2) 64 (7.1) 1032 902 LU 18 126 (44.4) 110 (38.7) 31 (10.9) 17 (6.0) 302 284 NL 86 255 (29.0) 323 (36.8) 172 (19.6) 128 (14.6) 964 878 PT 252 447 (59.8) 192 (25.7) 46 (6.1) 63 (8.4) 1000 748 N Sum 1404 4079 3788 1357 957 11585 N Valid Sum 4079 3788 1357 957 10181 printed 27.02.2012 page 329 Eurobarometer 28 - October-November 1987,GESIS Variable Report,355,ZA1713
v326,v326 0 1 2 3 4 5 N Sum N Valid Sum,ENERGY RESOURCES - MOST STABLE IN PRICE,isocntry M BE 82 204 (22.1) 63 (6.8) 319 (34.6) 208 (22.5) 129 (14.0) 1005 923 DE 96 147 (17.1) 96 (11.1) 256 (29.7) 206 (23.9) 156 (18.1) 957 861 DK 165 46 (5.5) 114 (13.6) 411 (49.1) 85 (10.2) 181 (21.6) 1002 837 ES 328 159 (23.1) 88 (12.8) 104 (15.1) 68 (9.9) 270 (39.2) 1017 689 FR 114 105 (11.9) 71 (8.0) 255 (28.8) 287 (32.4) 168 (19.0) 1000 886 GB-GBN 64 165 (17.8) 30 (3.2) 405 (43.6) 239 (25.8) 89 (9.6) 992 928 GB-NIR 24 214 (73.3) 22 (7.5) 30 (10.3) 13 (4.5) 13 (4.5) 316 292 GR 311 166 (24.1) 70 (10.2) 134 (19.4) 57 (8.3) 262 (38.0) 1000 689 IE 92 366 (40.4) 90 (9.9) 363 (40.1) 28 (3.1) 58 (6.4) 997 905 IT 148 156 (17.6) 65 (7.4) 337 (38.1) 123 (13.9) 203 (23.0) 1032 884 LU 38 40 (15.2) 29 (11.0) 125 (47.3) 42 (15.9) 28 (10.6) 302 264 NL 94 72 (8.3) 42 (4.8) 439 (50.5) 186 (21.4) 131 (15.1) 964 870 PT 428 196 (34.3) 70 (12.2) 57 (10.0) 64 (11.2) 185 (32.3) 1000 572 N Sum 1984 2036 850 3235 1606 1873 11584 N Valid Sum 2036 850 3235 1606 1873 9600 printed 27.02.2012 page 330 Eurobarometer 28 - October-November 1987,isocntry M BE 82 204 (22.1) 63 (6.8) 319 (34.6) 208 (22.5) 129 (14.0) 1005 923 DE 96 147 (17.1) 96 (11.1) 256 (29.7) 206 (23.9) 156 (18.1) 957 861 DK 165 46 (5.5) 114 (13.6) 411 (49.1) 85 (10.2) 181 (21.6) 1002 837 ES 328 159 (23.1) 88 (12.8) 104 (15.1) 68 (9.9) 270 (39.2) 1017 689 FR 114 105 (11.9) 71 (8.0) 255 (28.8) 287 (32.4) 168 (19.0) 1000 886 GB-GBN 64 165 (17.8) 30 (3.2) 405 (43.6) 239 (25.8) 89 (9.6) 992 928 GB-NIR 24 214 (73.3) 22 (7.5) 30 (10.3) 13 (4.5) 13 (4.5) 316 292 GR 311 166 (24.1) 70 (10.2) 134 (19.4) 57 (8.3) 262 (38.0) 1000 689 IE 92 366 (40.4) 90 (9.9) 363 (40.1) 28 (3.1) 58 (6.4) 997 905 IT 148 156 (17.6) 65 (7.4) 337 (38.1) 123 (13.9) 203 (23.0) 1032 884 LU 38 40 (15.2) 29 (11.0) 125 (47.3) 42 (15.9) 28 (10.6) 302 264 NL 94 72 (8.3) 42 (4.8) 439 (50.5) 186 (21.4) 131 (15.1) 964 870 PT 428 196 (34.3) 70 (12.2) 57 (10.0) 64 (11.2) 185 (32.3) 1000 572 N Sum 1984 2036 850 3235 1606 1873 11584 N Valid Sum 2036 850 3235 1606 1873 9600 printed 27.02.2012 page 330 Eurobarometer 28 - October-November 1987,GESIS Variable Report,356,ZA1713
v327,,ENERGY RESOURCES - MOST RELIABLE,,ENERGY RESOURCES - MOST RELIABLE,GESIS Variable Report,357,ZA1713
v328,,ENERGY RESOURCES - LOWEST POLLUTION RISK,,ENERGY RESOURCES - LOWEST POLLUTION RISK,GESIS Variable Report,358,ZA1713
v329,v329 0 1 N Sum N Valid Sum,INDUSTRIAL RISKS PETROL REFINERY,isocntry BE 750 (74.6) 255 (25.4) 1005 1005 DE 826 (86.3) 131 (13.7) 957 957 DK 776 (77.4) 226 (22.6) 1002 1002 ES 761 (74.9) 255 (25.1) 1016 1016 FR 722 (72.3) 277 (27.7) 999 999 GB-GBN 653 (65.8) 340 (34.2) 993 993 GB-NIR 237 (75.0) 79 (25.0) 316 316 GR 647 (64.7) 353 (35.3) 1000 1000 IE 787 (78.9) 210 (21.1) 997 997 IT 734 (71.1) 298 (28.9) 1032 1032 LU 216 (71.5) 86 (28.5) 302 302 NL 719 (74.5) 246 (25.5) 965 965 PT 780 (78.0) 220 (22.0) 1000 1000 N Sum 8608 2976 11584 N Valid Sum 8608 2976 11584 printed 27.02.2012 page 333 Eurobarometer 28 - October-November 1987,isocntry BE 750 (74.6) 255 (25.4) 1005 1005 DE 826 (86.3) 131 (13.7) 957 957 DK 776 (77.4) 226 (22.6) 1002 1002 ES 761 (74.9) 255 (25.1) 1016 1016 FR 722 (72.3) 277 (27.7) 999 999 GB-GBN 653 (65.8) 340 (34.2) 993 993 GB-NIR 237 (75.0) 79 (25.0) 316 316 GR 647 (64.7) 353 (35.3) 1000 1000 IE 787 (78.9) 210 (21.1) 997 997 IT 734 (71.1) 298 (28.9) 1032 1032 LU 216 (71.5) 86 (28.5) 302 302 NL 719 (74.5) 246 (25.5) 965 965 PT 780 (78.0) 220 (22.0) 1000 1000 N Sum 8608 2976 11584 N Valid Sum 8608 2976 11584 printed 27.02.2012 page 333 Eurobarometer 28 - October-November 1987,GESIS Variable Report,359,ZA1713
v330,v330 0 1 N Sum N Valid Sum,INDUSTRIAL RISKS COAL POWER STATION,isocntry BE 961 (95.6) 44 (4.4) 1005 1005 DE 806 (84.2) 151 (15.8) 957 957 DK 839 (83.7) 163 (16.3) 1002 1002 ES 968 (95.2) 49 (4.8) 1017 1017 FR 957 (95.8) 42 (4.2) 999 999 GB-GBN 917 (92.3) 76 (7.7) 993 993 GB-NIR 292 (92.4) 24 (7.6) 316 316 GR 911 (91.1) 89 (8.9) 1000 1000 IE 923 (92.6) 74 (7.4) 997 997 IT 888 (86.0) 144 (14.0) 1032 1032 LU 287 (95.0) 15 (5.0) 302 302 NL 866 (89.7) 99 (10.3) 965 965 PT 945 (94.5) 55 (5.5) 1000 1000 N Sum 10560 1025 11585 N Valid Sum 10560 1025 11585 printed 27.02.2012 page 334 Eurobarometer 28 - October-November 1987,isocntry BE 961 (95.6) 44 (4.4) 1005 1005 DE 806 (84.2) 151 (15.8) 957 957 DK 839 (83.7) 163 (16.3) 1002 1002 ES 968 (95.2) 49 (4.8) 1017 1017 FR 957 (95.8) 42 (4.2) 999 999 GB-GBN 917 (92.3) 76 (7.7) 993 993 GB-NIR 292 (92.4) 24 (7.6) 316 316 GR 911 (91.1) 89 (8.9) 1000 1000 IE 923 (92.6) 74 (7.4) 997 997 IT 888 (86.0) 144 (14.0) 1032 1032 LU 287 (95.0) 15 (5.0) 302 302 NL 866 (89.7) 99 (10.3) 965 965 PT 945 (94.5) 55 (5.5) 1000 1000 N Sum 10560 1025 11585 N Valid Sum 10560 1025 11585 printed 27.02.2012 page 334 Eurobarometer 28 - October-November 1987,GESIS Variable Report,360,ZA1713
v331,v331 0 1 N Sum N Valid Sum,INDUSTRIAL RISKS AIRFIELD/AIRPORT,isocntry BE 846 (84.2) 159 (15.8) 1005 1005 DE 776 (81.1) 181 (18.9) 957 957 DK 898 (89.6) 104 (10.4) 1002 1002 ES 943 (92.7) 74 (7.3) 1017 1017 FR 921 (92.2) 78 (7.8) 999 999 GB-GBN 848 (85.4) 145 (14.6) 993 993 GB-NIR 279 (88.3) 37 (11.7) 316 316 GR 926 (92.6) 74 (7.4) 1000 1000 IE 909 (91.2) 88 (8.8) 997 997 IT 990 (95.9) 42 (4.1) 1032 1032 LU 244 (80.8) 58 (19.2) 302 302 NL 887 (92.0) 77 (8.0) 964 964 PT 929 (92.9) 71 (7.1) 1000 1000 N Sum 10396 1188 11584 N Valid Sum 10396 1188 11584 printed 27.02.2012 page 335 Eurobarometer 28 - October-November 1987,isocntry BE 846 (84.2) 159 (15.8) 1005 1005 DE 776 (81.1) 181 (18.9) 957 957 DK 898 (89.6) 104 (10.4) 1002 1002 ES 943 (92.7) 74 (7.3) 1017 1017 FR 921 (92.2) 78 (7.8) 999 999 GB-GBN 848 (85.4) 145 (14.6) 993 993 GB-NIR 279 (88.3) 37 (11.7) 316 316 GR 926 (92.6) 74 (7.4) 1000 1000 IE 909 (91.2) 88 (8.8) 997 997 IT 990 (95.9) 42 (4.1) 1032 1032 LU 244 (80.8) 58 (19.2) 302 302 NL 887 (92.0) 77 (8.0) 964 964 PT 929 (92.9) 71 (7.1) 1000 1000 N Sum 10396 1188 11584 N Valid Sum 10396 1188 11584 printed 27.02.2012 page 335 Eurobarometer 28 - October-November 1987,GESIS Variable Report,361,ZA1713
v332,v332 0 1 N Sum N Valid Sum,INDUSTRIAL RISKS FOOD FACTORY,isocntry BE 979 (97.4) 26 (2.6) 1005 1005 DE 928 (97.0) 29 (3.0) 957 957 DK 986 (98.4) 16 (1.6) 1002 1002 ES 983 (96.8) 33 (3.2) 1016 1016 FR 976 (97.7) 23 (2.3) 999 999 GB-GBN 981 (98.8) 12 (1.2) 993 993 GB-NIR 313 (99.1) 3 (0.9) 316 316 GR 977 (97.7) 23 (2.3) 1000 1000 IE 988 (99.1) 9 (0.9) 997 997 IT 1027 (99.5) 5 (0.5) 1032 1032 LU 301 (99.7) 1 (0.3) 302 302 NL 956 (99.2) 8 (0.8) 964 964 PT 979 (97.9) 21 (2.1) 1000 1000 N Sum 11374 209 11583 N Valid Sum 11374 209 11583 printed 27.02.2012 page 336 Eurobarometer 28 - October-November 1987,isocntry BE 979 (97.4) 26 (2.6) 1005 1005 DE 928 (97.0) 29 (3.0) 957 957 DK 986 (98.4) 16 (1.6) 1002 1002 ES 983 (96.8) 33 (3.2) 1016 1016 FR 976 (97.7) 23 (2.3) 999 999 GB-GBN 981 (98.8) 12 (1.2) 993 993 GB-NIR 313 (99.1) 3 (0.9) 316 316 GR 977 (97.7) 23 (2.3) 1000 1000 IE 988 (99.1) 9 (0.9) 997 997 IT 1027 (99.5) 5 (0.5) 1032 1032 LU 301 (99.7) 1 (0.3) 302 302 NL 956 (99.2) 8 (0.8) 964 964 PT 979 (97.9) 21 (2.1) 1000 1000 N Sum 11374 209 11583 N Valid Sum 11374 209 11583 printed 27.02.2012 page 336 Eurobarometer 28 - October-November 1987,GESIS Variable Report,362,ZA1713
v333,v333 0 1 N Sum N Valid Sum,INDUSTRIAL RISKS NUCLEAR POWER STATION,isocntry BE 302 (30.0) 703 (70.0) 1005 1005 DE 253 (26.4) 704 (73.6) 957 957 DK 254 (25.3) 748 (74.7) 1002 1002 ES 295 (29.0) 721 (71.0) 1016 1016 FR 295 (29.5) 704 (70.5) 999 999 GB-GBN 286 (28.8) 707 (71.2) 993 993 GB-NIR 54 (17.1) 262 (82.9) 316 316 GR 207 (20.7) 793 (79.3) 1000 1000 IE 118 (11.8) 879 (88.2) 997 997 IT 218 (21.1) 814 (78.9) 1032 1032 LU 40 (13.2) 262 (86.8) 302 302 NL 207 (21.5) 757 (78.5) 964 964 PT 337 (33.7) 663 (66.3) 1000 1000 N Sum 2866 8717 11583 N Valid Sum 2866 8717 11583 printed 27.02.2012 page 337 Eurobarometer 28 - October-November 1987,isocntry BE 302 (30.0) 703 (70.0) 1005 1005 DE 253 (26.4) 704 (73.6) 957 957 DK 254 (25.3) 748 (74.7) 1002 1002 ES 295 (29.0) 721 (71.0) 1016 1016 FR 295 (29.5) 704 (70.5) 999 999 GB-GBN 286 (28.8) 707 (71.2) 993 993 GB-NIR 54 (17.1) 262 (82.9) 316 316 GR 207 (20.7) 793 (79.3) 1000 1000 IE 118 (11.8) 879 (88.2) 997 997 IT 218 (21.1) 814 (78.9) 1032 1032 LU 40 (13.2) 262 (86.8) 302 302 NL 207 (21.5) 757 (78.5) 964 964 PT 337 (33.7) 663 (66.3) 1000 1000 N Sum 2866 8717 11583 N Valid Sum 2866 8717 11583 printed 27.02.2012 page 337 Eurobarometer 28 - October-November 1987,GESIS Variable Report,363,ZA1713
v334,v334 0 1 N Sum N Valid Sum,INDUSTRIAL RISKS CHEMICAL FACTORY,isocntry BE 255 (25.4) 750 (74.6) 1005 1005 DE 229 (23.9) 728 (76.1) 957 957 DK 139 (13.9) 863 (86.1) 1002 1002 ES 370 (36.4) 647 (63.6) 1017 1017 FR 146 (14.6) 853 (85.4) 999 999 GB-GBN 158 (15.9) 835 (84.1) 993 993 GB-NIR 74 (23.4) 242 (76.6) 316 316 GR 344 (34.4) 656 (65.6) 1000 1000 IE 215 (21.6) 782 (78.4) 997 997 IT 183 (17.7) 849 (82.3) 1032 1032 LU 65 (21.5) 237 (78.5) 302 302 NL 119 (12.3) 846 (87.7) 965 965 PT 369 (36.9) 631 (63.1) 1000 1000 N Sum 2666 8919 11585 N Valid Sum 2666 8919 11585 printed 27.02.2012 page 338 Eurobarometer 28 - October-November 1987,isocntry BE 255 (25.4) 750 (74.6) 1005 1005 DE 229 (23.9) 728 (76.1) 957 957 DK 139 (13.9) 863 (86.1) 1002 1002 ES 370 (36.4) 647 (63.6) 1017 1017 FR 146 (14.6) 853 (85.4) 999 999 GB-GBN 158 (15.9) 835 (84.1) 993 993 GB-NIR 74 (23.4) 242 (76.6) 316 316 GR 344 (34.4) 656 (65.6) 1000 1000 IE 215 (21.6) 782 (78.4) 997 997 IT 183 (17.7) 849 (82.3) 1032 1032 LU 65 (21.5) 237 (78.5) 302 302 NL 119 (12.3) 846 (87.7) 965 965 PT 369 (36.9) 631 (63.1) 1000 1000 N Sum 2666 8919 11585 N Valid Sum 2666 8919 11585 printed 27.02.2012 page 338 Eurobarometer 28 - October-November 1987,GESIS Variable Report,364,ZA1713
v335,v335 0 1 N Sum N Valid Sum,INDUSTRIAL RISKS EXPLOSIVES FACTORY,isocntry BE 494 (49.2) 511 (50.8) 1005 1005 DE 485 (50.7) 472 (49.3) 957 957 DK 427 (42.6) 575 (57.4) 1002 1002 ES 351 (34.5) 666 (65.5) 1017 1017 FR 393 (39.3) 606 (60.7) 999 999 GB-GBN 398 (40.1) 595 (59.9) 993 993 GB-NIR 109 (34.5) 207 (65.5) 316 316 GR 564 (56.4) 436 (43.6) 1000 1000 IE 304 (30.5) 693 (69.5) 997 997 IT 448 (43.4) 584 (56.6) 1032 1032 LU 176 (58.3) 126 (41.7) 302 302 NL 342 (35.4) 623 (64.6) 965 965 PT 343 (34.3) 657 (65.7) 1000 1000 N Sum 4834 6751 11585 N Valid Sum 4834 6751 11585 printed 27.02.2012 page 339 Eurobarometer 28 - October-November 1987,isocntry BE 494 (49.2) 511 (50.8) 1005 1005 DE 485 (50.7) 472 (49.3) 957 957 DK 427 (42.6) 575 (57.4) 1002 1002 ES 351 (34.5) 666 (65.5) 1017 1017 FR 393 (39.3) 606 (60.7) 999 999 GB-GBN 398 (40.1) 595 (59.9) 993 993 GB-NIR 109 (34.5) 207 (65.5) 316 316 GR 564 (56.4) 436 (43.6) 1000 1000 IE 304 (30.5) 693 (69.5) 997 997 IT 448 (43.4) 584 (56.6) 1032 1032 LU 176 (58.3) 126 (41.7) 302 302 NL 342 (35.4) 623 (64.6) 965 965 PT 343 (34.3) 657 (65.7) 1000 1000 N Sum 4834 6751 11585 N Valid Sum 4834 6751 11585 printed 27.02.2012 page 339 Eurobarometer 28 - October-November 1987,GESIS Variable Report,365,ZA1713
v336,v336 0 1 N Sum N Valid Sum,INDUSTRIAL RISKS NATURAL GAS FACTORY,isocntry BE 886 (88.2) 119 (11.8) 1005 1005 DE 870 (90.9) 87 (9.1) 957 957 DK 961 (95.9) 41 (4.1) 1002 1002 ES 880 (86.5) 137 (13.5) 1017 1017 FR 903 (90.4) 96 (9.6) 999 999 GB-GBN 920 (92.6) 73 (7.4) 993 993 GB-NIR 277 (87.7) 39 (12.3) 316 316 GR 925 (92.5) 75 (7.5) 1000 1000 IE 873 (87.6) 124 (12.4) 997 997 IT 947 (91.8) 85 (8.2) 1032 1032 LU 254 (84.1) 48 (15.9) 302 302 NL 940 (97.4) 25 (2.6) 965 965 PT 909 (90.9) 91 (9.1) 1000 1000 N Sum 10545 1040 11585 N Valid Sum 10545 1040 11585 printed 27.02.2012 page 340 Eurobarometer 28 - October-November 1987,isocntry BE 886 (88.2) 119 (11.8) 1005 1005 DE 870 (90.9) 87 (9.1) 957 957 DK 961 (95.9) 41 (4.1) 1002 1002 ES 880 (86.5) 137 (13.5) 1017 1017 FR 903 (90.4) 96 (9.6) 999 999 GB-GBN 920 (92.6) 73 (7.4) 993 993 GB-NIR 277 (87.7) 39 (12.3) 316 316 GR 925 (92.5) 75 (7.5) 1000 1000 IE 873 (87.6) 124 (12.4) 997 997 IT 947 (91.8) 85 (8.2) 1032 1032 LU 254 (84.1) 48 (15.9) 302 302 NL 940 (97.4) 25 (2.6) 965 965 PT 909 (90.9) 91 (9.1) 1000 1000 N Sum 10545 1040 11585 N Valid Sum 10545 1040 11585 printed 27.02.2012 page 340 Eurobarometer 28 - October-November 1987,GESIS Variable Report,366,ZA1713
v337,v337 0 1 N Sum N Valid Sum,INDUSTRIAL RISKS FURNITURE FACTORY,isocntry BE 992 (98.7) 13 (1.3) 1005 1005 DE 947 (99.0) 10 (1.0) 957 957 DK 982 (98.0) 20 (2.0) 1002 1002 ES 1011 (99.5) 5 (0.5) 1016 1016 FR 996 (99.7) 3 (0.3) 999 999 GB-GBN 976 (98.3) 17 (1.7) 993 993 GB-NIR 315 (99.7) 1 (0.3) 316 316 GR 999 (99.9) 1 (0.1) 1000 1000 IE 989 (99.2) 8 (0.8) 997 997 IT 1025 (99.3) 7 (0.7) 1032 1032 LU 301 (99.7) 1 (0.3) 302 302 NL 956 (99.2) 8 (0.8) 964 964 PT 986 (98.6) 14 (1.4) 1000 1000 N Sum 11475 108 11583 N Valid Sum 11475 108 11583 printed 27.02.2012 page 341 Eurobarometer 28 - October-November 1987,isocntry BE 992 (98.7) 13 (1.3) 1005 1005 DE 947 (99.0) 10 (1.0) 957 957 DK 982 (98.0) 20 (2.0) 1002 1002 ES 1011 (99.5) 5 (0.5) 1016 1016 FR 996 (99.7) 3 (0.3) 999 999 GB-GBN 976 (98.3) 17 (1.7) 993 993 GB-NIR 315 (99.7) 1 (0.3) 316 316 GR 999 (99.9) 1 (0.1) 1000 1000 IE 989 (99.2) 8 (0.8) 997 997 IT 1025 (99.3) 7 (0.7) 1032 1032 LU 301 (99.7) 1 (0.3) 302 302 NL 956 (99.2) 8 (0.8) 964 964 PT 986 (98.6) 14 (1.4) 1000 1000 N Sum 11475 108 11583 N Valid Sum 11475 108 11583 printed 27.02.2012 page 341 Eurobarometer 28 - October-November 1987,GESIS Variable Report,367,ZA1713
v338,v338 0 1 N Sum N Valid Sum,INDUSTRIAL RISKS HYDROELECTRIC POWER DAM,isocntry BE 957 (95.2) 48 (4.8) 1005 1005 DE 906 (94.7) 51 (5.3) 957 957 DK 984 (98.2) 18 (1.8) 1002 1002 ES 979 (96.3) 38 (3.7) 1017 1017 FR 897 (89.8) 102 (10.2) 999 999 GB-GBN 937 (94.4) 56 (5.6) 993 993 GB-NIR 295 (93.4) 21 (6.6) 316 316 GR 986 (98.6) 14 (1.4) 1000 1000 IE 902 (90.5) 95 (9.5) 997 997 IT 978 (94.8) 54 (5.2) 1032 1032 LU 271 (89.7) 31 (10.3) 302 302 NL 944 (97.8) 21 (2.2) 965 965 PT 971 (97.1) 29 (2.9) 1000 1000 N Sum 11007 578 11585 N Valid Sum 11007 578 11585 printed 27.02.2012 page 342 Eurobarometer 28 - October-November 1987,isocntry BE 957 (95.2) 48 (4.8) 1005 1005 DE 906 (94.7) 51 (5.3) 957 957 DK 984 (98.2) 18 (1.8) 1002 1002 ES 979 (96.3) 38 (3.7) 1017 1017 FR 897 (89.8) 102 (10.2) 999 999 GB-GBN 937 (94.4) 56 (5.6) 993 993 GB-NIR 295 (93.4) 21 (6.6) 316 316 GR 986 (98.6) 14 (1.4) 1000 1000 IE 902 (90.5) 95 (9.5) 997 997 IT 978 (94.8) 54 (5.2) 1032 1032 LU 271 (89.7) 31 (10.3) 302 302 NL 944 (97.8) 21 (2.2) 965 965 PT 971 (97.1) 29 (2.9) 1000 1000 N Sum 11007 578 11585 N Valid Sum 11007 578 11585 printed 27.02.2012 page 342 Eurobarometer 28 - October-November 1987,GESIS Variable Report,368,ZA1713
v339,v339 0 1 2 3 N Sum N Valid Sum,NUCLEAR POWER - EVALUATION,isocntry M BE 139 368 (42.5) 76 (8.8) 422 (48.7) 1005 866 DE 114 306 (36.3) 47 (5.6) 490 (58.1) 957 843 DK 80 176 (19.1) 86 (9.3) 659 (71.6) 1001 921 ES 243 219 (28.4) 88 (11.4) 465 (60.2) 1015 772 FR 93 451 (49.8) 42 (4.6) 413 (45.6) 999 906 GB-GBN 54 406 (43.2) 132 (14.1) 401 (42.7) 993 939 GB-NIR 22 63 (21.4) 73 (24.8) 158 (53.7) 316 294 GR 149 166 (19.5) 39 (4.6) 646 (75.9) 1000 851 IE 101 75 (8.4) 117 (13.1) 704 (78.6) 997 896 IT 51 228 (23.2) 53 (5.4) 700 (71.4) 1032 981 LU 19 47 (16.6) 13 (4.6) 223 (78.8) 302 283 NL 107 266 (31.0) 73 (8.5) 519 (60.5) 965 858 PT 220 122 (15.6) 270 (34.6) 388 (49.7) 1000 780 N Sum 1392 2893 1109 6188 11582 N Valid Sum 2893 1109 6188 10190 printed 27.02.2012 page 343 Eurobarometer 28 - October-November 1987,isocntry M BE 139 368 (42.5) 76 (8.8) 422 (48.7) 1005 866 DE 114 306 (36.3) 47 (5.6) 490 (58.1) 957 843 DK 80 176 (19.1) 86 (9.3) 659 (71.6) 1001 921 ES 243 219 (28.4) 88 (11.4) 465 (60.2) 1015 772 FR 93 451 (49.8) 42 (4.6) 413 (45.6) 999 906 GB-GBN 54 406 (43.2) 132 (14.1) 401 (42.7) 993 939 GB-NIR 22 63 (21.4) 73 (24.8) 158 (53.7) 316 294 GR 149 166 (19.5) 39 (4.6) 646 (75.9) 1000 851 IE 101 75 (8.4) 117 (13.1) 704 (78.6) 997 896 IT 51 228 (23.2) 53 (5.4) 700 (71.4) 1032 981 LU 19 47 (16.6) 13 (4.6) 223 (78.8) 302 283 NL 107 266 (31.0) 73 (8.5) 519 (60.5) 965 858 PT 220 122 (15.6) 270 (34.6) 388 (49.7) 1000 780 N Sum 1392 2893 1109 6188 11582 N Valid Sum 2893 1109 6188 10190 printed 27.02.2012 page 343 Eurobarometer 28 - October-November 1987,GESIS Variable Report,369,ZA1713
v340,v340 0 1 2 N Sum N Valid Sum,NUCLEAR POWER AVOIDS CUT DOWN ON ELECTR,isocntry M BE 275 342 (46.8) 388 (53.2) 1005 730 DE 157 333 (41.6) 467 (58.4) 957 800 DK 172 245 (29.6) 584 (70.4) 1001 829 ES 417 211 (35.2) 388 (64.8) 1016 599 FR 163 456 (54.6) 379 (45.4) 998 835 GB-GBN 115 381 (43.4) 497 (56.6) 993 878 GB-NIR 48 74 (27.6) 194 (72.4) 316 268 GR 432 249 (43.8) 319 (56.2) 1000 568 IE 275 159 (22.0) 563 (78.0) 997 722 IT 159 473 (54.2) 400 (45.8) 1032 873 LU 34 113 (42.2) 155 (57.8) 302 268 NL 169 341 (42.8) 455 (57.2) 965 796 PT 369 164 (26.0) 467 (74.0) 1000 631 N Sum 2785 3541 5256 11582 N Valid Sum 3541 5256 8797 printed 27.02.2012 page 344 Eurobarometer 28 - October-November 1987,isocntry M BE 275 342 (46.8) 388 (53.2) 1005 730 DE 157 333 (41.6) 467 (58.4) 957 800 DK 172 245 (29.6) 584 (70.4) 1001 829 ES 417 211 (35.2) 388 (64.8) 1016 599 FR 163 456 (54.6) 379 (45.4) 998 835 GB-GBN 115 381 (43.4) 497 (56.6) 993 878 GB-NIR 48 74 (27.6) 194 (72.4) 316 268 GR 432 249 (43.8) 319 (56.2) 1000 568 IE 275 159 (22.0) 563 (78.0) 997 722 IT 159 473 (54.2) 400 (45.8) 1032 873 LU 34 113 (42.2) 155 (57.8) 302 268 NL 169 341 (42.8) 455 (57.2) 965 796 PT 369 164 (26.0) 467 (74.0) 1000 631 N Sum 2785 3541 5256 11582 N Valid Sum 3541 5256 8797 printed 27.02.2012 page 344 Eurobarometer 28 - October-November 1987,GESIS Variable Report,370,ZA1713
v341,v341 0 1 2 3 4 N Sum N Valid Sum,NUCLEAR POWER SERIOUS SITUATION WITHOUT,isocntry M BE 156 176 (20.7) 407 (47.9) 180 (21.2) 86 (10.1) 1005 849 DE 52 244 (27.0) 475 (52.5) 143 (15.8) 42 (4.6) 956 904 DK 120 155 (17.6) 307 (34.8) 331 (37.5) 89 (10.1) 1002 882 ES 317 247 (35.4) 312 (44.7) 105 (15.0) 34 (4.9) 1015 698 FR 70 288 (31.0) 491 (52.9) 116 (12.5) 34 (3.7) 999 929 GB-GBN 55 307 (32.7) 436 (46.5) 151 (16.1) 44 (4.7) 993 938 GB-NIR 28 87 (30.2) 131 (45.5) 41 (14.2) 29 (10.1) 316 288 GR 210 391 (49.5) 299 (37.8) 77 (9.7) 23 (2.9) 1000 790 IE 128 343 (39.5) 361 (41.5) 124 (14.3) 41 (4.7) 997 869 IT 84 265 (28.0) 424 (44.7) 183 (19.3) 76 (8.0) 1032 948 LU 20 37 (13.1) 110 (39.0) 96 (34.0) 39 (13.8) 302 282 NL 124 110 (13.1) 314 (37.3) 356 (42.3) 61 (7.3) 965 841 PT 226 301 (38.9) 359 (46.4) 95 (12.3) 19 (2.5) 1000 774 N Sum 1590 2951 4426 1998 617 11582 N Valid Sum 2951 4426 1998 617 9992 printed 27.02.2012 page 345 Eurobarometer 28 - October-November 1987,isocntry M BE 156 176 (20.7) 407 (47.9) 180 (21.2) 86 (10.1) 1005 849 DE 52 244 (27.0) 475 (52.5) 143 (15.8) 42 (4.6) 956 904 DK 120 155 (17.6) 307 (34.8) 331 (37.5) 89 (10.1) 1002 882 ES 317 247 (35.4) 312 (44.7) 105 (15.0) 34 (4.9) 1015 698 FR 70 288 (31.0) 491 (52.9) 116 (12.5) 34 (3.7) 999 929 GB-GBN 55 307 (32.7) 436 (46.5) 151 (16.1) 44 (4.7) 993 938 GB-NIR 28 87 (30.2) 131 (45.5) 41 (14.2) 29 (10.1) 316 288 GR 210 391 (49.5) 299 (37.8) 77 (9.7) 23 (2.9) 1000 790 IE 128 343 (39.5) 361 (41.5) 124 (14.3) 41 (4.7) 997 869 IT 84 265 (28.0) 424 (44.7) 183 (19.3) 76 (8.0) 1032 948 LU 20 37 (13.1) 110 (39.0) 96 (34.0) 39 (13.8) 302 282 NL 124 110 (13.1) 314 (37.3) 356 (42.3) 61 (7.3) 965 841 PT 226 301 (38.9) 359 (46.4) 95 (12.3) 19 (2.5) 1000 774 N Sum 1590 2951 4426 1998 617 11582 N Valid Sum 2951 4426 1998 617 9992 printed 27.02.2012 page 345 Eurobarometer 28 - October-November 1987,GESIS Variable Report,371,ZA1713
v342,v342 0 1 N Sum N Valid Sum,NUCLEAR POWER STAT DANGER EXPLOSION,isocntry BE 536 (53.3) 469 (46.7) 1005 1005 DE 374 (39.1) 583 (60.9) 957 957 DK 463 (46.2) 539 (53.8) 1002 1002 ES 339 (33.3) 678 (66.7) 1017 1017 FR 542 (54.3) 457 (45.7) 999 999 GB-GBN 439 (44.2) 554 (55.8) 993 993 GB-NIR 143 (45.3) 173 (54.7) 316 316 GR 277 (27.7) 723 (72.3) 1000 1000 IE 364 (36.5) 633 (63.5) 997 997 IT 444 (43.0) 588 (57.0) 1032 1032 LU 121 (40.1) 181 (59.9) 302 302 NL 576 (59.7) 389 (40.3) 965 965 PT 294 (29.4) 706 (70.6) 1000 1000 N Sum 4912 6673 11585 N Valid Sum 4912 6673 11585 printed 27.02.2012 page 346 Eurobarometer 28 - October-November 1987,isocntry BE 536 (53.3) 469 (46.7) 1005 1005 DE 374 (39.1) 583 (60.9) 957 957 DK 463 (46.2) 539 (53.8) 1002 1002 ES 339 (33.3) 678 (66.7) 1017 1017 FR 542 (54.3) 457 (45.7) 999 999 GB-GBN 439 (44.2) 554 (55.8) 993 993 GB-NIR 143 (45.3) 173 (54.7) 316 316 GR 277 (27.7) 723 (72.3) 1000 1000 IE 364 (36.5) 633 (63.5) 997 997 IT 444 (43.0) 588 (57.0) 1032 1032 LU 121 (40.1) 181 (59.9) 302 302 NL 576 (59.7) 389 (40.3) 965 965 PT 294 (29.4) 706 (70.6) 1000 1000 N Sum 4912 6673 11585 N Valid Sum 4912 6673 11585 printed 27.02.2012 page 346 Eurobarometer 28 - October-November 1987,GESIS Variable Report,372,ZA1713
v343,v343 0 1 N Sum N Valid Sum,NUCLEAR POWER STAT DANGER RADIOACTIVITY,isocntry BE 364 (36.2) 641 (63.8) 1005 1005 DE 261 (27.3) 696 (72.7) 957 957 DK 302 (30.1) 700 (69.9) 1002 1002 ES 415 (40.8) 602 (59.2) 1017 1017 FR 359 (35.9) 640 (64.1) 999 999 GB-GBN 315 (31.7) 678 (68.3) 993 993 GB-NIR 130 (41.1) 186 (58.9) 316 316 GR 544 (54.4) 456 (45.6) 1000 1000 IE 270 (27.1) 727 (72.9) 997 997 IT 228 (22.1) 804 (77.9) 1032 1032 LU 107 (35.4) 195 (64.6) 302 302 NL 413 (42.8) 552 (57.2) 965 965 PT 441 (44.1) 559 (55.9) 1000 1000 N Sum 4149 7436 11585 N Valid Sum 4149 7436 11585 printed 27.02.2012 page 347 Eurobarometer 28 - October-November 1987,isocntry BE 364 (36.2) 641 (63.8) 1005 1005 DE 261 (27.3) 696 (72.7) 957 957 DK 302 (30.1) 700 (69.9) 1002 1002 ES 415 (40.8) 602 (59.2) 1017 1017 FR 359 (35.9) 640 (64.1) 999 999 GB-GBN 315 (31.7) 678 (68.3) 993 993 GB-NIR 130 (41.1) 186 (58.9) 316 316 GR 544 (54.4) 456 (45.6) 1000 1000 IE 270 (27.1) 727 (72.9) 997 997 IT 228 (22.1) 804 (77.9) 1032 1032 LU 107 (35.4) 195 (64.6) 302 302 NL 413 (42.8) 552 (57.2) 965 965 PT 441 (44.1) 559 (55.9) 1000 1000 N Sum 4149 7436 11585 N Valid Sum 4149 7436 11585 printed 27.02.2012 page 347 Eurobarometer 28 - October-November 1987,GESIS Variable Report,373,ZA1713
v344,v344 0 1 N Sum N Valid Sum,NUCLEAR POWER STAT DANGER WASTE,isocntry BE 379 (37.7) 626 (62.3) 1005 1005 DE 204 (21.3) 753 (78.7) 957 957 DK 285 (28.4) 717 (71.6) 1002 1002 ES 453 (44.6) 563 (55.4) 1016 1016 FR 261 (26.1) 738 (73.9) 999 999 GB-GBN 222 (22.4) 771 (77.6) 993 993 GB-NIR 113 (35.8) 203 (64.2) 316 316 GR 552 (55.2) 448 (44.8) 1000 1000 IE 338 (33.9) 659 (66.1) 997 997 IT 298 (28.9) 734 (71.1) 1032 1032 LU 123 (40.7) 179 (59.3) 302 302 NL 359 (37.2) 605 (62.8) 964 964 PT 553 (55.3) 447 (44.7) 1000 1000 N Sum 4140 7443 11583 N Valid Sum 4140 7443 11583 printed 27.02.2012 page 348 Eurobarometer 28 - October-November 1987,isocntry BE 379 (37.7) 626 (62.3) 1005 1005 DE 204 (21.3) 753 (78.7) 957 957 DK 285 (28.4) 717 (71.6) 1002 1002 ES 453 (44.6) 563 (55.4) 1016 1016 FR 261 (26.1) 738 (73.9) 999 999 GB-GBN 222 (22.4) 771 (77.6) 993 993 GB-NIR 113 (35.8) 203 (64.2) 316 316 GR 552 (55.2) 448 (44.8) 1000 1000 IE 338 (33.9) 659 (66.1) 997 997 IT 298 (28.9) 734 (71.1) 1032 1032 LU 123 (40.7) 179 (59.3) 302 302 NL 359 (37.2) 605 (62.8) 964 964 PT 553 (55.3) 447 (44.7) 1000 1000 N Sum 4140 7443 11583 N Valid Sum 4140 7443 11583 printed 27.02.2012 page 348 Eurobarometer 28 - October-November 1987,GESIS Variable Report,374,ZA1713
v345,v345 0 1 N Sum N Valid Sum,NUCLEAR POWER STAT DANGER NONE,isocntry BE 984 (97.9) 21 (2.1) 1005 1005 DE 920 (96.1) 37 (3.9) 957 957 DK 981 (97.9) 21 (2.1) 1002 1002 ES 1005 (98.8) 12 (1.2) 1017 1017 FR 986 (98.7) 13 (1.3) 999 999 GB-GBN 973 (98.0) 20 (2.0) 993 993 GB-NIR 313 (99.1) 3 (0.9) 316 316 GR 991 (99.1) 9 (0.9) 1000 1000 IE 994 (99.7) 3 (0.3) 997 997 IT 1023 (99.1) 9 (0.9) 1032 1032 LU 300 (99.3) 2 (0.7) 302 302 NL 952 (98.8) 12 (1.2) 964 964 PT 989 (98.9) 11 (1.1) 1000 1000 N Sum 11411 173 11584 N Valid Sum 11411 173 11584 printed 27.02.2012 page 349 Eurobarometer 28 - October-November 1987,isocntry BE 984 (97.9) 21 (2.1) 1005 1005 DE 920 (96.1) 37 (3.9) 957 957 DK 981 (97.9) 21 (2.1) 1002 1002 ES 1005 (98.8) 12 (1.2) 1017 1017 FR 986 (98.7) 13 (1.3) 999 999 GB-GBN 973 (98.0) 20 (2.0) 993 993 GB-NIR 313 (99.1) 3 (0.9) 316 316 GR 991 (99.1) 9 (0.9) 1000 1000 IE 994 (99.7) 3 (0.3) 997 997 IT 1023 (99.1) 9 (0.9) 1032 1032 LU 300 (99.3) 2 (0.7) 302 302 NL 952 (98.8) 12 (1.2) 964 964 PT 989 (98.9) 11 (1.1) 1000 1000 N Sum 11411 173 11584 N Valid Sum 11411 173 11584 printed 27.02.2012 page 349 Eurobarometer 28 - October-November 1987,GESIS Variable Report,375,ZA1713
v346,v346 0 1 2 3 N Sum N Valid Sum,ELECTRICITY USE IN THE NEXT 10 YEARS,isocntry M BE 58 562 (59.3) 353 (37.3) 32 (3.4) 1005 947 DE 38 454 (49.3) 399 (43.4) 67 (7.3) 958 920 DK 42 626 (65.3) 287 (29.9) 46 (4.8) 1001 959 ES 219 557 (69.9) 216 (27.1) 24 (3.0) 1016 797 FR 38 629 (65.5) 309 (32.2) 22 (2.3) 998 960 GB-GBN 13 688 (70.3) 236 (24.1) 55 (5.6) 992 979 GB-NIR 12 208 (68.4) 89 (29.3) 7 (2.3) 316 304 GR 179 639 (77.8) 156 (19.0) 26 (3.2) 1000 821 IE 73 555 (60.1) 308 (33.3) 61 (6.6) 997 924 IT 33 747 (74.8) 227 (22.7) 25 (2.5) 1032 999 LU 11 184 (63.2) 102 (35.1) 5 (1.7) 302 291 NL 47 466 (50.8) 409 (44.6) 43 (4.7) 965 918 PT 90 829 (91.1) 75 (8.2) 6 (0.7) 1000 910 N Sum 853 7144 3166 419 11582 N Valid Sum 7144 3166 419 10729 printed 27.02.2012 page 350 Eurobarometer 28 - October-November 1987,isocntry M BE 58 562 (59.3) 353 (37.3) 32 (3.4) 1005 947 DE 38 454 (49.3) 399 (43.4) 67 (7.3) 958 920 DK 42 626 (65.3) 287 (29.9) 46 (4.8) 1001 959 ES 219 557 (69.9) 216 (27.1) 24 (3.0) 1016 797 FR 38 629 (65.5) 309 (32.2) 22 (2.3) 998 960 GB-GBN 13 688 (70.3) 236 (24.1) 55 (5.6) 992 979 GB-NIR 12 208 (68.4) 89 (29.3) 7 (2.3) 316 304 GR 179 639 (77.8) 156 (19.0) 26 (3.2) 1000 821 IE 73 555 (60.1) 308 (33.3) 61 (6.6) 997 924 IT 33 747 (74.8) 227 (22.7) 25 (2.5) 1032 999 LU 11 184 (63.2) 102 (35.1) 5 (1.7) 302 291 NL 47 466 (50.8) 409 (44.6) 43 (4.7) 965 918 PT 90 829 (91.1) 75 (8.2) 6 (0.7) 1000 910 N Sum 853 7144 3166 419 11582 N Valid Sum 7144 3166 419 10729 printed 27.02.2012 page 350 Eurobarometer 28 - October-November 1987,GESIS Variable Report,376,ZA1713
v347,v347 0 1 2 N Sum N Valid Sum,ELECTRICITY PRODUCTION REDUCING OIL USE,isocntry M BE 294 569 (80.0) 142 (20.0) 1005 711 DE 167 663 (83.8) 128 (16.2) 958 791 DK 151 755 (88.7) 96 (11.3) 1002 851 ES 422 518 (87.2) 76 (12.8) 1016 594 FR 129 752 (86.4) 118 (13.6) 999 870 GB-GBN 140 719 (84.2) 135 (15.8) 994 854 GB-NIR 59 216 (84.0) 41 (16.0) 316 257 GR 300 663 (94.7) 37 (5.3) 1000 700 IE 249 637 (85.2) 111 (14.8) 997 748 IT 152 775 (88.1) 105 (11.9) 1032 880 LU 62 175 (72.9) 65 (27.1) 302 240 NL 194 613 (79.6) 157 (20.4) 964 770 PT 243 674 (89.0) 83 (11.0) 1000 757 N Sum 2562 7729 1294 11585 N Valid Sum 7729 1294 9023 printed 27.02.2012 page 351 Eurobarometer 28 - October-November 1987,isocntry M BE 294 569 (80.0) 142 (20.0) 1005 711 DE 167 663 (83.8) 128 (16.2) 958 791 DK 151 755 (88.7) 96 (11.3) 1002 851 ES 422 518 (87.2) 76 (12.8) 1016 594 FR 129 752 (86.4) 118 (13.6) 999 870 GB-GBN 140 719 (84.2) 135 (15.8) 994 854 GB-NIR 59 216 (84.0) 41 (16.0) 316 257 GR 300 663 (94.7) 37 (5.3) 1000 700 IE 249 637 (85.2) 111 (14.8) 997 748 IT 152 775 (88.1) 105 (11.9) 1032 880 LU 62 175 (72.9) 65 (27.1) 302 240 NL 194 613 (79.6) 157 (20.4) 964 770 PT 243 674 (89.0) 83 (11.0) 1000 757 N Sum 2562 7729 1294 11585 N Valid Sum 7729 1294 9023 printed 27.02.2012 page 351 Eurobarometer 28 - October-November 1987,GESIS Variable Report,377,ZA1713
v348,v348 0 1 2 N Sum N Valid Sum,NUCLEAR/COAL POWER PREF - PRICE,isocntry M BE 197 392 (48.5) 416 (51.5) 1005 808 DE 151 426 (52.9) 380 (47.1) 957 806 DK 271 292 (39.9) 439 (60.1) 1002 731 ES 427 191 (32.4) 398 (67.6) 1016 589 FR 188 459 (56.6) 352 (43.4) 999 811 GB-GBN 165 430 (51.9) 398 (48.1) 993 828 GB-NIR 49 65 (24.3) 202 (75.7) 316 267 GR 353 206 (31.8) 441 (68.2) 1000 647 IE 215 149 (19.1) 633 (80.9) 997 782 IT 233 299 (37.4) 500 (62.6) 1032 799 LU 45 96 (37.4) 161 (62.6) 302 257 NL 180 307 (39.1) 478 (60.9) 965 785 PT 447 148 (26.8) 405 (73.2) 1000 553 N Sum 2921 3460 5203 11584 N Valid Sum 3460 5203 8663 printed 27.02.2012 page 352 Eurobarometer 28 - October-November 1987,isocntry M BE 197 392 (48.5) 416 (51.5) 1005 808 DE 151 426 (52.9) 380 (47.1) 957 806 DK 271 292 (39.9) 439 (60.1) 1002 731 ES 427 191 (32.4) 398 (67.6) 1016 589 FR 188 459 (56.6) 352 (43.4) 999 811 GB-GBN 165 430 (51.9) 398 (48.1) 993 828 GB-NIR 49 65 (24.3) 202 (75.7) 316 267 GR 353 206 (31.8) 441 (68.2) 1000 647 IE 215 149 (19.1) 633 (80.9) 997 782 IT 233 299 (37.4) 500 (62.6) 1032 799 LU 45 96 (37.4) 161 (62.6) 302 257 NL 180 307 (39.1) 478 (60.9) 965 785 PT 447 148 (26.8) 405 (73.2) 1000 553 N Sum 2921 3460 5203 11584 N Valid Sum 3460 5203 8663 printed 27.02.2012 page 352 Eurobarometer 28 - October-November 1987,GESIS Variable Report,378,ZA1713
v349,v349 0 1 2 N Sum N Valid Sum,NUCLEAR/COAL POWER PREF - RELIABILITY,isocntry M BE 180 377 (45.7) 448 (54.3) 1005 825 DE 127 339 (40.8) 491 (59.2) 957 830 DK 204 248 (31.1) 550 (68.9) 1002 798 ES 376 153 (23.9) 487 (76.1) 1016 640 FR 120 373 (42.5) 505 (57.5) 998 878 GB-GBN 120 505 (57.8) 368 (42.2) 993 873 GB-NIR 34 69 (24.5) 213 (75.5) 316 282 GR 313 271 (39.4) 416 (60.6) 1000 687 IE 166 160 (19.3) 671 (80.7) 997 831 IT 199 314 (37.7) 519 (62.3) 1032 833 LU 26 105 (38.0) 171 (62.0) 302 276 NL 210 311 (41.2) 444 (58.8) 965 755 PT 415 33 (5.6) 552 (94.4) 1000 585 N Sum 2490 3258 5835 11583 N Valid Sum 3258 5835 9093 printed 27.02.2012 page 353 Eurobarometer 28 - October-November 1987,isocntry M BE 180 377 (45.7) 448 (54.3) 1005 825 DE 127 339 (40.8) 491 (59.2) 957 830 DK 204 248 (31.1) 550 (68.9) 1002 798 ES 376 153 (23.9) 487 (76.1) 1016 640 FR 120 373 (42.5) 505 (57.5) 998 878 GB-GBN 120 505 (57.8) 368 (42.2) 993 873 GB-NIR 34 69 (24.5) 213 (75.5) 316 282 GR 313 271 (39.4) 416 (60.6) 1000 687 IE 166 160 (19.3) 671 (80.7) 997 831 IT 199 314 (37.7) 519 (62.3) 1032 833 LU 26 105 (38.0) 171 (62.0) 302 276 NL 210 311 (41.2) 444 (58.8) 965 755 PT 415 33 (5.6) 552 (94.4) 1000 585 N Sum 2490 3258 5835 11583 N Valid Sum 3258 5835 9093 printed 27.02.2012 page 353 Eurobarometer 28 - October-November 1987,GESIS Variable Report,379,ZA1713
v350,v350 0 1 2 N Sum N Valid Sum,NUCLEAR/COAL POWER PREF - ENVIRONMENT,isocntry M BE 246 184 (24.2) 575 (75.8) 1005 759 DE 198 300 (39.5) 459 (60.5) 957 759 DK 282 321 (44.6) 399 (55.4) 1002 720 ES 368 89 (13.7) 559 (86.3) 1016 648 FR 144 181 (21.2) 674 (78.8) 999 855 GB-GBN 153 269 (32.0) 571 (68.0) 993 840 GB-NIR 34 40 (14.2) 242 (85.8) 316 282 GR 304 93 (13.4) 603 (86.6) 1000 696 IE 213 81 (10.3) 703 (89.7) 997 784 IT 253 168 (21.6) 611 (78.4) 1032 779 LU 41 61 (23.4) 200 (76.6) 302 261 NL 231 294 (40.1) 440 (59.9) 965 734 PT 413 43 (7.3) 544 (92.7) 1000 587 N Sum 2880 2124 6580 11584 N Valid Sum 2124 6580 8704 printed 27.02.2012 page 354 Eurobarometer 28 - October-November 1987,isocntry M BE 246 184 (24.2) 575 (75.8) 1005 759 DE 198 300 (39.5) 459 (60.5) 957 759 DK 282 321 (44.6) 399 (55.4) 1002 720 ES 368 89 (13.7) 559 (86.3) 1016 648 FR 144 181 (21.2) 674 (78.8) 999 855 GB-GBN 153 269 (32.0) 571 (68.0) 993 840 GB-NIR 34 40 (14.2) 242 (85.8) 316 282 GR 304 93 (13.4) 603 (86.6) 1000 696 IE 213 81 (10.3) 703 (89.7) 997 784 IT 253 168 (21.6) 611 (78.4) 1032 779 LU 41 61 (23.4) 200 (76.6) 302 261 NL 231 294 (40.1) 440 (59.9) 965 734 PT 413 43 (7.3) 544 (92.7) 1000 587 N Sum 2880 2124 6580 11584 N Valid Sum 2124 6580 8704 printed 27.02.2012 page 354 Eurobarometer 28 - October-November 1987,GESIS Variable Report,380,ZA1713
v351,v351 0 1 N Sum N Valid Sum,ENERGY SAVING DONE - HOME INSULATION,isocntry BE 521 (51.8) 484 (48.2) 1005 1005 DE 409 (42.7) 548 (57.3) 957 957 DK 446 (44.5) 556 (55.5) 1002 1002 ES 895 (88.1) 121 (11.9) 1016 1016 FR 566 (56.7) 433 (43.3) 999 999 GB-GBN 344 (34.6) 649 (65.4) 993 993 GB-NIR 146 (46.2) 170 (53.8) 316 316 GR 787 (78.7) 213 (21.3) 1000 1000 IE 468 (46.9) 529 (53.1) 997 997 IT 560 (54.3) 472 (45.7) 1032 1032 LU 129 (42.7) 173 (57.3) 302 302 NL 430 (44.6) 535 (55.4) 965 965 PT 820 (82.0) 180 (18.0) 1000 1000 N Sum 6521 5063 11584 N Valid Sum 6521 5063 11584 printed 27.02.2012 page 355 Eurobarometer 28 - October-November 1987,isocntry BE 521 (51.8) 484 (48.2) 1005 1005 DE 409 (42.7) 548 (57.3) 957 957 DK 446 (44.5) 556 (55.5) 1002 1002 ES 895 (88.1) 121 (11.9) 1016 1016 FR 566 (56.7) 433 (43.3) 999 999 GB-GBN 344 (34.6) 649 (65.4) 993 993 GB-NIR 146 (46.2) 170 (53.8) 316 316 GR 787 (78.7) 213 (21.3) 1000 1000 IE 468 (46.9) 529 (53.1) 997 997 IT 560 (54.3) 472 (45.7) 1032 1032 LU 129 (42.7) 173 (57.3) 302 302 NL 430 (44.6) 535 (55.4) 965 965 PT 820 (82.0) 180 (18.0) 1000 1000 N Sum 6521 5063 11584 N Valid Sum 6521 5063 11584 printed 27.02.2012 page 355 Eurobarometer 28 - October-November 1987,GESIS Variable Report,381,ZA1713
v352,v352 0 1 N Sum N Valid Sum,ENERGY SAVING DONE - CUT DOWN HEATING,isocntry BE 627 (62.4) 378 (37.6) 1005 1005 DE 426 (44.5) 531 (55.5) 957 957 DK 572 (57.1) 430 (42.9) 1002 1002 ES 848 (83.5) 168 (16.5) 1016 1016 FR 580 (58.1) 419 (41.9) 999 999 GB-GBN 553 (55.7) 440 (44.3) 993 993 GB-NIR 255 (80.7) 61 (19.3) 316 316 GR 814 (81.4) 186 (18.6) 1000 1000 IE 709 (71.1) 288 (28.9) 997 997 IT 695 (67.3) 337 (32.7) 1032 1032 LU 164 (54.3) 138 (45.7) 302 302 NL 488 (50.6) 476 (49.4) 964 964 PT 829 (82.9) 171 (17.1) 1000 1000 N Sum 7560 4023 11583 N Valid Sum 7560 4023 11583 printed 27.02.2012 page 356 Eurobarometer 28 - October-November 1987,isocntry BE 627 (62.4) 378 (37.6) 1005 1005 DE 426 (44.5) 531 (55.5) 957 957 DK 572 (57.1) 430 (42.9) 1002 1002 ES 848 (83.5) 168 (16.5) 1016 1016 FR 580 (58.1) 419 (41.9) 999 999 GB-GBN 553 (55.7) 440 (44.3) 993 993 GB-NIR 255 (80.7) 61 (19.3) 316 316 GR 814 (81.4) 186 (18.6) 1000 1000 IE 709 (71.1) 288 (28.9) 997 997 IT 695 (67.3) 337 (32.7) 1032 1032 LU 164 (54.3) 138 (45.7) 302 302 NL 488 (50.6) 476 (49.4) 964 964 PT 829 (82.9) 171 (17.1) 1000 1000 N Sum 7560 4023 11583 N Valid Sum 7560 4023 11583 printed 27.02.2012 page 356 Eurobarometer 28 - October-November 1987,GESIS Variable Report,382,ZA1713
v353,v353 0 1 N Sum N Valid Sum,ENERGY SAVING DONE - CUT DOWN PETROL,isocntry BE 824 (82.0) 181 (18.0) 1005 1005 DE 541 (56.5) 416 (43.5) 957 957 DK 760 (75.8) 242 (24.2) 1002 1002 ES 859 (84.5) 157 (15.5) 1016 1016 FR 736 (73.7) 263 (26.3) 999 999 GB-GBN 757 (76.2) 236 (23.8) 993 993 GB-NIR 272 (86.1) 44 (13.9) 316 316 GR 869 (86.9) 131 (13.1) 1000 1000 IE 715 (71.7) 282 (28.3) 997 997 IT 731 (70.8) 301 (29.2) 1032 1032 LU 211 (69.9) 91 (30.1) 302 302 NL 779 (80.8) 185 (19.2) 964 964 PT 773 (77.3) 227 (22.7) 1000 1000 N Sum 8827 2756 11583 N Valid Sum 8827 2756 11583 printed 27.02.2012 page 357 Eurobarometer 28 - October-November 1987,isocntry BE 824 (82.0) 181 (18.0) 1005 1005 DE 541 (56.5) 416 (43.5) 957 957 DK 760 (75.8) 242 (24.2) 1002 1002 ES 859 (84.5) 157 (15.5) 1016 1016 FR 736 (73.7) 263 (26.3) 999 999 GB-GBN 757 (76.2) 236 (23.8) 993 993 GB-NIR 272 (86.1) 44 (13.9) 316 316 GR 869 (86.9) 131 (13.1) 1000 1000 IE 715 (71.7) 282 (28.3) 997 997 IT 731 (70.8) 301 (29.2) 1032 1032 LU 211 (69.9) 91 (30.1) 302 302 NL 779 (80.8) 185 (19.2) 964 964 PT 773 (77.3) 227 (22.7) 1000 1000 N Sum 8827 2756 11583 N Valid Sum 8827 2756 11583 printed 27.02.2012 page 357 Eurobarometer 28 - October-November 1987,GESIS Variable Report,383,ZA1713
v354,v354 0 1 N Sum N Valid Sum,ENERGY SAVING DONE - LESS ELECTRICITY,isocntry BE 733 (72.9) 272 (27.1) 1005 1005 DE 439 (45.9) 518 (54.1) 957 957 DK 544 (54.3) 458 (45.7) 1002 1002 ES 456 (44.9) 560 (55.1) 1016 1016 FR 699 (70.0) 300 (30.0) 999 999 GB-GBN 605 (60.9) 388 (39.1) 993 993 GB-NIR 212 (67.1) 104 (32.9) 316 316 GR 543 (54.3) 457 (45.7) 1000 1000 IE 575 (57.7) 422 (42.3) 997 997 IT 568 (55.0) 464 (45.0) 1032 1032 LU 211 (69.9) 91 (30.1) 302 302 NL 580 (60.1) 385 (39.9) 965 965 PT 278 (27.8) 722 (72.2) 1000 1000 N Sum 6443 5141 11584 N Valid Sum 6443 5141 11584 printed 27.02.2012 page 358 Eurobarometer 28 - October-November 1987,isocntry BE 733 (72.9) 272 (27.1) 1005 1005 DE 439 (45.9) 518 (54.1) 957 957 DK 544 (54.3) 458 (45.7) 1002 1002 ES 456 (44.9) 560 (55.1) 1016 1016 FR 699 (70.0) 300 (30.0) 999 999 GB-GBN 605 (60.9) 388 (39.1) 993 993 GB-NIR 212 (67.1) 104 (32.9) 316 316 GR 543 (54.3) 457 (45.7) 1000 1000 IE 575 (57.7) 422 (42.3) 997 997 IT 568 (55.0) 464 (45.0) 1032 1032 LU 211 (69.9) 91 (30.1) 302 302 NL 580 (60.1) 385 (39.9) 965 965 PT 278 (27.8) 722 (72.2) 1000 1000 N Sum 6443 5141 11584 N Valid Sum 6443 5141 11584 printed 27.02.2012 page 358 Eurobarometer 28 - October-November 1987,GESIS Variable Report,384,ZA1713
v355,v355 0 1 N Sum N Valid Sum,ENERGY SAVING MORE - HOME INSULATION,isocntry BE 674 (67.1) 331 (32.9) 1005 1005 DE 689 (72.0) 268 (28.0) 957 957 DK 731 (73.0) 271 (27.0) 1002 1002 ES 791 (77.8) 226 (22.2) 1017 1017 FR 853 (85.4) 146 (14.6) 999 999 GB-GBN 702 (70.7) 291 (29.3) 993 993 GB-NIR 231 (73.1) 85 (26.9) 316 316 GR 800 (80.0) 200 (20.0) 1000 1000 IE 749 (75.1) 248 (24.9) 997 997 IT 769 (74.5) 263 (25.5) 1032 1032 LU 184 (60.9) 118 (39.1) 302 302 NL 737 (76.4) 228 (23.6) 965 965 PT 807 (80.7) 193 (19.3) 1000 1000 N Sum 8717 2868 11585 N Valid Sum 8717 2868 11585 printed 27.02.2012 page 359 Eurobarometer 28 - October-November 1987,isocntry BE 674 (67.1) 331 (32.9) 1005 1005 DE 689 (72.0) 268 (28.0) 957 957 DK 731 (73.0) 271 (27.0) 1002 1002 ES 791 (77.8) 226 (22.2) 1017 1017 FR 853 (85.4) 146 (14.6) 999 999 GB-GBN 702 (70.7) 291 (29.3) 993 993 GB-NIR 231 (73.1) 85 (26.9) 316 316 GR 800 (80.0) 200 (20.0) 1000 1000 IE 749 (75.1) 248 (24.9) 997 997 IT 769 (74.5) 263 (25.5) 1032 1032 LU 184 (60.9) 118 (39.1) 302 302 NL 737 (76.4) 228 (23.6) 965 965 PT 807 (80.7) 193 (19.3) 1000 1000 N Sum 8717 2868 11585 N Valid Sum 8717 2868 11585 printed 27.02.2012 page 359 Eurobarometer 28 - October-November 1987,GESIS Variable Report,385,ZA1713
v356,v356 0 1 N Sum N Valid Sum,ENERGY SAVING MORE - CUT DOWN HEATING,isocntry BE 719 (71.5) 286 (28.5) 1005 1005 DE 631 (65.9) 326 (34.1) 957 957 DK 781 (77.9) 221 (22.1) 1002 1002 ES 800 (78.7) 217 (21.3) 1017 1017 FR 882 (88.3) 117 (11.7) 999 999 GB-GBN 761 (76.6) 232 (23.4) 993 993 GB-NIR 255 (80.7) 61 (19.3) 316 316 GR 816 (81.6) 184 (18.4) 1000 1000 IE 737 (73.9) 260 (26.1) 997 997 IT 852 (82.6) 180 (17.4) 1032 1032 LU 209 (69.2) 93 (30.8) 302 302 NL 741 (76.8) 224 (23.2) 965 965 PT 841 (84.1) 159 (15.9) 1000 1000 N Sum 9025 2560 11585 N Valid Sum 9025 2560 11585 printed 27.02.2012 page 360 Eurobarometer 28 - October-November 1987,isocntry BE 719 (71.5) 286 (28.5) 1005 1005 DE 631 (65.9) 326 (34.1) 957 957 DK 781 (77.9) 221 (22.1) 1002 1002 ES 800 (78.7) 217 (21.3) 1017 1017 FR 882 (88.3) 117 (11.7) 999 999 GB-GBN 761 (76.6) 232 (23.4) 993 993 GB-NIR 255 (80.7) 61 (19.3) 316 316 GR 816 (81.6) 184 (18.4) 1000 1000 IE 737 (73.9) 260 (26.1) 997 997 IT 852 (82.6) 180 (17.4) 1032 1032 LU 209 (69.2) 93 (30.8) 302 302 NL 741 (76.8) 224 (23.2) 965 965 PT 841 (84.1) 159 (15.9) 1000 1000 N Sum 9025 2560 11585 N Valid Sum 9025 2560 11585 printed 27.02.2012 page 360 Eurobarometer 28 - October-November 1987,GESIS Variable Report,386,ZA1713
v357,v357 0 1 N Sum N Valid Sum,ENERGY SAVING MORE - CUT DOWN PETROL,isocntry BE 703 (70.0) 302 (30.0) 1005 1005 DE 611 (63.8) 346 (36.2) 957 957 DK 755 (75.3) 247 (24.7) 1002 1002 ES 771 (75.9) 245 (24.1) 1016 1016 FR 791 (79.2) 208 (20.8) 999 999 GB-GBN 801 (80.7) 192 (19.3) 993 993 GB-NIR 244 (77.2) 72 (22.8) 316 316 GR 813 (81.3) 187 (18.7) 1000 1000 IE 731 (73.3) 266 (26.7) 997 997 IT 791 (76.6) 241 (23.4) 1032 1032 LU 187 (61.9) 115 (38.1) 302 302 NL 729 (75.6) 235 (24.4) 964 964 PT 790 (79.0) 210 (21.0) 1000 1000 N Sum 8717 2866 11583 N Valid Sum 8717 2866 11583 printed 27.02.2012 page 361 Eurobarometer 28 - October-November 1987,isocntry BE 703 (70.0) 302 (30.0) 1005 1005 DE 611 (63.8) 346 (36.2) 957 957 DK 755 (75.3) 247 (24.7) 1002 1002 ES 771 (75.9) 245 (24.1) 1016 1016 FR 791 (79.2) 208 (20.8) 999 999 GB-GBN 801 (80.7) 192 (19.3) 993 993 GB-NIR 244 (77.2) 72 (22.8) 316 316 GR 813 (81.3) 187 (18.7) 1000 1000 IE 731 (73.3) 266 (26.7) 997 997 IT 791 (76.6) 241 (23.4) 1032 1032 LU 187 (61.9) 115 (38.1) 302 302 NL 729 (75.6) 235 (24.4) 964 964 PT 790 (79.0) 210 (21.0) 1000 1000 N Sum 8717 2866 11583 N Valid Sum 8717 2866 11583 printed 27.02.2012 page 361 Eurobarometer 28 - October-November 1987,GESIS Variable Report,387,ZA1713
v358,v358 0 1 N Sum N Valid Sum,ENERGY SAVING MORE - LESS ELECTRICITY,isocntry BE 692 (68.9) 313 (31.1) 1005 1005 DE 520 (54.3) 437 (45.7) 957 957 DK 584 (58.3) 418 (41.7) 1002 1002 ES 358 (35.2) 659 (64.8) 1017 1017 FR 766 (76.7) 233 (23.3) 999 999 GB-GBN 661 (66.6) 332 (33.4) 993 993 GB-NIR 183 (57.9) 133 (42.1) 316 316 GR 473 (47.3) 527 (52.7) 1000 1000 IE 570 (57.2) 427 (42.8) 997 997 IT 580 (56.2) 452 (43.8) 1032 1032 LU 161 (53.3) 141 (46.7) 302 302 NL 657 (68.1) 308 (31.9) 965 965 PT 419 (41.9) 581 (58.1) 1000 1000 N Sum 6624 4961 11585 N Valid Sum 6624 4961 11585 printed 27.02.2012 page 362 Eurobarometer 28 - October-November 1987,isocntry BE 692 (68.9) 313 (31.1) 1005 1005 DE 520 (54.3) 437 (45.7) 957 957 DK 584 (58.3) 418 (41.7) 1002 1002 ES 358 (35.2) 659 (64.8) 1017 1017 FR 766 (76.7) 233 (23.3) 999 999 GB-GBN 661 (66.6) 332 (33.4) 993 993 GB-NIR 183 (57.9) 133 (42.1) 316 316 GR 473 (47.3) 527 (52.7) 1000 1000 IE 570 (57.2) 427 (42.8) 997 997 IT 580 (56.2) 452 (43.8) 1032 1032 LU 161 (53.3) 141 (46.7) 302 302 NL 657 (68.1) 308 (31.9) 965 965 PT 419 (41.9) 581 (58.1) 1000 1000 N Sum 6624 4961 11585 N Valid Sum 6624 4961 11585 printed 27.02.2012 page 362 Eurobarometer 28 - October-November 1987,GESIS Variable Report,388,ZA1713
v359,v359 0 1 N Sum N Valid Sum,ENERGY F HEATING NOW - COAL,isocntry BE 887 (88.3) 118 (11.7) 1005 1005 DE 842 (88.0) 115 (12.0) 957 957 DK 934 (93.2) 68 (6.8) 1002 1002 ES 900 (88.6) 116 (11.4) 1016 1016 FR 940 (94.1) 59 (5.9) 999 999 GB-GBN 887 (89.3) 106 (10.7) 993 993 GB-NIR 73 (23.1) 243 (76.9) 316 316 GR 911 (91.1) 89 (8.9) 1000 1000 IE 392 (39.3) 605 (60.7) 997 997 IT 995 (96.4) 37 (3.6) 1032 1032 LU 289 (95.7) 13 (4.3) 302 302 NL 962 (99.8) 2 (0.2) 964 964 PT 931 (93.1) 69 (6.9) 1000 1000 N Sum 9943 1640 11583 N Valid Sum 9943 1640 11583 printed 27.02.2012 page 363 Eurobarometer 28 - October-November 1987,isocntry BE 887 (88.3) 118 (11.7) 1005 1005 DE 842 (88.0) 115 (12.0) 957 957 DK 934 (93.2) 68 (6.8) 1002 1002 ES 900 (88.6) 116 (11.4) 1016 1016 FR 940 (94.1) 59 (5.9) 999 999 GB-GBN 887 (89.3) 106 (10.7) 993 993 GB-NIR 73 (23.1) 243 (76.9) 316 316 GR 911 (91.1) 89 (8.9) 1000 1000 IE 392 (39.3) 605 (60.7) 997 997 IT 995 (96.4) 37 (3.6) 1032 1032 LU 289 (95.7) 13 (4.3) 302 302 NL 962 (99.8) 2 (0.2) 964 964 PT 931 (93.1) 69 (6.9) 1000 1000 N Sum 9943 1640 11583 N Valid Sum 9943 1640 11583 printed 27.02.2012 page 363 Eurobarometer 28 - October-November 1987,GESIS Variable Report,389,ZA1713
v360,v360 0 1 N Sum N Valid Sum,ENERGY F HEATING NOW - OIL,isocntry BE 638 (63.5) 367 (36.5) 1005 1005 DE 551 (57.6) 406 (42.4) 957 957 DK 508 (50.7) 494 (49.3) 1002 1002 ES 960 (94.5) 56 (5.5) 1016 1016 FR 741 (74.2) 258 (25.8) 999 999 GB-GBN 958 (96.5) 35 (3.5) 993 993 GB-NIR 257 (81.3) 59 (18.7) 316 316 GR 461 (46.1) 539 (53.9) 1000 1000 IE 756 (75.8) 241 (24.2) 997 997 IT 752 (72.9) 280 (27.1) 1032 1032 LU 153 (50.7) 149 (49.3) 302 302 NL 935 (97.0) 29 (3.0) 964 964 PT 996 (99.6) 4 (0.4) 1000 1000 N Sum 8666 2917 11583 N Valid Sum 8666 2917 11583 printed 27.02.2012 page 364 Eurobarometer 28 - October-November 1987,isocntry BE 638 (63.5) 367 (36.5) 1005 1005 DE 551 (57.6) 406 (42.4) 957 957 DK 508 (50.7) 494 (49.3) 1002 1002 ES 960 (94.5) 56 (5.5) 1016 1016 FR 741 (74.2) 258 (25.8) 999 999 GB-GBN 958 (96.5) 35 (3.5) 993 993 GB-NIR 257 (81.3) 59 (18.7) 316 316 GR 461 (46.1) 539 (53.9) 1000 1000 IE 756 (75.8) 241 (24.2) 997 997 IT 752 (72.9) 280 (27.1) 1032 1032 LU 153 (50.7) 149 (49.3) 302 302 NL 935 (97.0) 29 (3.0) 964 964 PT 996 (99.6) 4 (0.4) 1000 1000 N Sum 8666 2917 11583 N Valid Sum 8666 2917 11583 printed 27.02.2012 page 364 Eurobarometer 28 - October-November 1987,GESIS Variable Report,390,ZA1713
v361,v361 0 1 N Sum N Valid Sum,ENERGY F HEATING NOW - GAS,isocntry BE 624 (62.1) 381 (37.9) 1005 1005 DE 582 (60.8) 375 (39.2) 957 957 DK 883 (88.1) 119 (11.9) 1002 1002 ES 759 (74.6) 258 (25.4) 1017 1017 FR 692 (69.3) 307 (30.7) 999 999 GB-GBN 230 (23.2) 763 (76.8) 993 993 GB-NIR 302 (95.6) 14 (4.4) 316 316 GR 963 (96.3) 37 (3.7) 1000 1000 IE 924 (92.7) 73 (7.3) 997 997 IT 461 (44.7) 571 (55.3) 1032 1032 LU 187 (61.9) 115 (38.1) 302 302 NL 119 (12.3) 846 (87.7) 965 965 PT 846 (84.6) 154 (15.4) 1000 1000 N Sum 7572 4013 11585 N Valid Sum 7572 4013 11585 printed 27.02.2012 page 365 Eurobarometer 28 - October-November 1987,isocntry BE 624 (62.1) 381 (37.9) 1005 1005 DE 582 (60.8) 375 (39.2) 957 957 DK 883 (88.1) 119 (11.9) 1002 1002 ES 759 (74.6) 258 (25.4) 1017 1017 FR 692 (69.3) 307 (30.7) 999 999 GB-GBN 230 (23.2) 763 (76.8) 993 993 GB-NIR 302 (95.6) 14 (4.4) 316 316 GR 963 (96.3) 37 (3.7) 1000 1000 IE 924 (92.7) 73 (7.3) 997 997 IT 461 (44.7) 571 (55.3) 1032 1032 LU 187 (61.9) 115 (38.1) 302 302 NL 119 (12.3) 846 (87.7) 965 965 PT 846 (84.6) 154 (15.4) 1000 1000 N Sum 7572 4013 11585 N Valid Sum 7572 4013 11585 printed 27.02.2012 page 365 Eurobarometer 28 - October-November 1987,GESIS Variable Report,391,ZA1713
v362,v362 0 1 N Sum N Valid Sum,ENERGY F HEATING NOW - ELEKTRICITY,isocntry BE 921 (91.6) 84 (8.4) 1005 1005 DE 837 (87.5) 120 (12.5) 957 957 DK 875 (87.3) 127 (12.7) 1002 1002 ES 607 (59.7) 409 (40.3) 1016 1016 FR 738 (73.9) 261 (26.1) 999 999 GB-GBN 806 (81.2) 187 (18.8) 993 993 GB-NIR 277 (87.7) 39 (12.3) 316 316 GR 889 (88.9) 111 (11.1) 1000 1000 IE 924 (92.7) 73 (7.3) 997 997 IT 980 (95.0) 52 (5.0) 1032 1032 LU 265 (87.7) 37 (12.3) 302 302 NL 904 (93.7) 61 (6.3) 965 965 PT 484 (48.4) 516 (51.6) 1000 1000 N Sum 9507 2077 11584 N Valid Sum 9507 2077 11584 printed 27.02.2012 page 366 Eurobarometer 28 - October-November 1987,isocntry BE 921 (91.6) 84 (8.4) 1005 1005 DE 837 (87.5) 120 (12.5) 957 957 DK 875 (87.3) 127 (12.7) 1002 1002 ES 607 (59.7) 409 (40.3) 1016 1016 FR 738 (73.9) 261 (26.1) 999 999 GB-GBN 806 (81.2) 187 (18.8) 993 993 GB-NIR 277 (87.7) 39 (12.3) 316 316 GR 889 (88.9) 111 (11.1) 1000 1000 IE 924 (92.7) 73 (7.3) 997 997 IT 980 (95.0) 52 (5.0) 1032 1032 LU 265 (87.7) 37 (12.3) 302 302 NL 904 (93.7) 61 (6.3) 965 965 PT 484 (48.4) 516 (51.6) 1000 1000 N Sum 9507 2077 11584 N Valid Sum 9507 2077 11584 printed 27.02.2012 page 366 Eurobarometer 28 - October-November 1987,GESIS Variable Report,392,ZA1713
v363,v363 0 1 N Sum N Valid Sum,ENERGY F HEATING NOW - OTHER,isocntry BE 960 (95.5) 45 (4.5) 1005 1005 DE 915 (95.6) 42 (4.4) 957 957 DK 714 (71.3) 288 (28.7) 1002 1002 ES 904 (88.9) 113 (11.1) 1017 1017 FR 906 (90.7) 93 (9.3) 999 999 GB-GBN 984 (99.1) 9 (0.9) 993 993 GB-NIR 310 (98.1) 6 (1.9) 316 316 GR 782 (78.2) 218 (21.8) 1000 1000 IE 811 (81.3) 186 (18.7) 997 997 IT 927 (89.8) 105 (10.2) 1032 1032 LU 283 (93.7) 19 (6.3) 302 302 NL 947 (98.2) 17 (1.8) 964 964 PT 720 (72.0) 280 (28.0) 1000 1000 N Sum 10163 1421 11584 N Valid Sum 10163 1421 11584 printed 27.02.2012 page 367 Eurobarometer 28 - October-November 1987,isocntry BE 960 (95.5) 45 (4.5) 1005 1005 DE 915 (95.6) 42 (4.4) 957 957 DK 714 (71.3) 288 (28.7) 1002 1002 ES 904 (88.9) 113 (11.1) 1017 1017 FR 906 (90.7) 93 (9.3) 999 999 GB-GBN 984 (99.1) 9 (0.9) 993 993 GB-NIR 310 (98.1) 6 (1.9) 316 316 GR 782 (78.2) 218 (21.8) 1000 1000 IE 811 (81.3) 186 (18.7) 997 997 IT 927 (89.8) 105 (10.2) 1032 1032 LU 283 (93.7) 19 (6.3) 302 302 NL 947 (98.2) 17 (1.8) 964 964 PT 720 (72.0) 280 (28.0) 1000 1000 N Sum 10163 1421 11584 N Valid Sum 10163 1421 11584 printed 27.02.2012 page 367 Eurobarometer 28 - October-November 1987,GESIS Variable Report,393,ZA1713
v364,v364 0 1 N Sum N Valid Sum,ENERGY F COOKING NOW - COAL,isocntry BE 1000 (99.5) 5 (0.5) 1005 1005 DE 921 (96.2) 36 (3.8) 957 957 DK 999 (99.7) 3 (0.3) 1002 1002 ES 989 (97.2) 28 (2.8) 1017 1017 FR 989 (99.0) 10 (1.0) 999 999 GB-GBN 987 (99.4) 6 (0.6) 993 993 GB-NIR 308 (97.5) 8 (2.5) 316 316 GR 990 (99.0) 10 (1.0) 1000 1000 IE 927 (93.0) 70 (7.0) 997 997 IT 1029 (99.7) 3 (0.3) 1032 1032 LU 293 (97.0) 9 (3.0) 302 302 NL 964 (99.9) 1 (0.1) 965 965 PT 967 (96.7) 33 (3.3) 1000 1000 N Sum 11363 222 11585 N Valid Sum 11363 222 11585 printed 27.02.2012 page 368 Eurobarometer 28 - October-November 1987,isocntry BE 1000 (99.5) 5 (0.5) 1005 1005 DE 921 (96.2) 36 (3.8) 957 957 DK 999 (99.7) 3 (0.3) 1002 1002 ES 989 (97.2) 28 (2.8) 1017 1017 FR 989 (99.0) 10 (1.0) 999 999 GB-GBN 987 (99.4) 6 (0.6) 993 993 GB-NIR 308 (97.5) 8 (2.5) 316 316 GR 990 (99.0) 10 (1.0) 1000 1000 IE 927 (93.0) 70 (7.0) 997 997 IT 1029 (99.7) 3 (0.3) 1032 1032 LU 293 (97.0) 9 (3.0) 302 302 NL 964 (99.9) 1 (0.1) 965 965 PT 967 (96.7) 33 (3.3) 1000 1000 N Sum 11363 222 11585 N Valid Sum 11363 222 11585 printed 27.02.2012 page 368 Eurobarometer 28 - October-November 1987,GESIS Variable Report,394,ZA1713
v365,v365 0 1 N Sum N Valid Sum,ENERGY F COOKING NOW - OIL,isocntry BE 1000 (99.5) 5 (0.5) 1005 1005 DE 944 (98.6) 13 (1.4) 957 957 DK 997 (99.5) 5 (0.5) 1002 1002 ES 1009 (99.3) 7 (0.7) 1016 1016 FR 995 (99.6) 4 (0.4) 999 999 GB-GBN 990 (99.7) 3 (0.3) 993 993 GB-NIR 313 (99.1) 3 (0.9) 316 316 GR 996 (99.6) 4 (0.4) 1000 1000 IE 974 (97.7) 23 (2.3) 997 997 IT 1028 (99.6) 4 (0.4) 1032 1032 LU 298 (98.7) 4 (1.3) 302 302 NL 965 (100.0) 965 965 PT 994 (99.4) 6 (0.6) 1000 1000 N Sum 11503 81 11584 N Valid Sum 11503 81 11584 printed 27.02.2012 page 369 Eurobarometer 28 - October-November 1987,isocntry BE 1000 (99.5) 5 (0.5) 1005 1005 DE 944 (98.6) 13 (1.4) 957 957 DK 997 (99.5) 5 (0.5) 1002 1002 ES 1009 (99.3) 7 (0.7) 1016 1016 FR 995 (99.6) 4 (0.4) 999 999 GB-GBN 990 (99.7) 3 (0.3) 993 993 GB-NIR 313 (99.1) 3 (0.9) 316 316 GR 996 (99.6) 4 (0.4) 1000 1000 IE 974 (97.7) 23 (2.3) 997 997 IT 1028 (99.6) 4 (0.4) 1032 1032 LU 298 (98.7) 4 (1.3) 302 302 NL 965 (100.0) 965 965 PT 994 (99.4) 6 (0.6) 1000 1000 N Sum 11503 81 11584 N Valid Sum 11503 81 11584 printed 27.02.2012 page 369 Eurobarometer 28 - October-November 1987,GESIS Variable Report,395,ZA1713
v366,v366 0 1 N Sum N Valid Sum,ENERGY F COOKING NOW - GAS,isocntry BE 398 (39.6) 607 (60.4) 1005 1005 DE 768 (80.3) 189 (19.7) 957 957 DK 822 (82.0) 180 (18.0) 1002 1002 ES 167 (16.4) 849 (83.6) 1016 1016 FR 125 (12.5) 874 (87.5) 999 999 GB-GBN 379 (38.2) 614 (61.8) 993 993 GB-NIR 236 (74.7) 80 (25.3) 316 316 GR 665 (66.5) 335 (33.5) 1000 1000 IE 537 (53.9) 460 (46.1) 997 997 IT 34 (3.3) 998 (96.7) 1032 1032 LU 156 (51.7) 146 (48.3) 302 302 NL 152 (15.8) 813 (84.2) 965 965 PT 183 (18.3) 817 (81.7) 1000 1000 N Sum 4622 6962 11584 N Valid Sum 4622 6962 11584 printed 27.02.2012 page 370 Eurobarometer 28 - October-November 1987,isocntry BE 398 (39.6) 607 (60.4) 1005 1005 DE 768 (80.3) 189 (19.7) 957 957 DK 822 (82.0) 180 (18.0) 1002 1002 ES 167 (16.4) 849 (83.6) 1016 1016 FR 125 (12.5) 874 (87.5) 999 999 GB-GBN 379 (38.2) 614 (61.8) 993 993 GB-NIR 236 (74.7) 80 (25.3) 316 316 GR 665 (66.5) 335 (33.5) 1000 1000 IE 537 (53.9) 460 (46.1) 997 997 IT 34 (3.3) 998 (96.7) 1032 1032 LU 156 (51.7) 146 (48.3) 302 302 NL 152 (15.8) 813 (84.2) 965 965 PT 183 (18.3) 817 (81.7) 1000 1000 N Sum 4622 6962 11584 N Valid Sum 4622 6962 11584 printed 27.02.2012 page 370 Eurobarometer 28 - October-November 1987,GESIS Variable Report,396,ZA1713
v367,v367 0 1 N Sum N Valid Sum,ENERGY F COOKING NOW - ELECTRICITY,isocntry BE 630 (62.7) 375 (37.3) 1005 1005 DE 223 (23.3) 734 (76.7) 957 957 DK 169 (16.9) 833 (83.1) 1002 1002 ES 917 (90.3) 99 (9.7) 1016 1016 FR 894 (89.5) 105 (10.5) 999 999 GB-GBN 563 (56.7) 430 (43.3) 993 993 GB-NIR 80 (25.3) 236 (74.7) 316 316 GR 374 (37.4) 626 (62.6) 1000 1000 IE 542 (54.4) 455 (45.6) 997 997 IT 984 (95.3) 48 (4.7) 1032 1032 LU 124 (41.1) 178 (58.9) 302 302 NL 816 (84.6) 148 (15.4) 964 964 PT 864 (86.4) 136 (13.6) 1000 1000 N Sum 7180 4403 11583 N Valid Sum 7180 4403 11583 printed 27.02.2012 page 371 Eurobarometer 28 - October-November 1987,isocntry BE 630 (62.7) 375 (37.3) 1005 1005 DE 223 (23.3) 734 (76.7) 957 957 DK 169 (16.9) 833 (83.1) 1002 1002 ES 917 (90.3) 99 (9.7) 1016 1016 FR 894 (89.5) 105 (10.5) 999 999 GB-GBN 563 (56.7) 430 (43.3) 993 993 GB-NIR 80 (25.3) 236 (74.7) 316 316 GR 374 (37.4) 626 (62.6) 1000 1000 IE 542 (54.4) 455 (45.6) 997 997 IT 984 (95.3) 48 (4.7) 1032 1032 LU 124 (41.1) 178 (58.9) 302 302 NL 816 (84.6) 148 (15.4) 964 964 PT 864 (86.4) 136 (13.6) 1000 1000 N Sum 7180 4403 11583 N Valid Sum 7180 4403 11583 printed 27.02.2012 page 371 Eurobarometer 28 - October-November 1987,GESIS Variable Report,397,ZA1713
v368,v368 0 1 N Sum N Valid Sum,ENERGY F COOKING NOW - OTHER,isocntry BE 1000 (99.5) 5 (0.5) 1005 1005 DE 953 (99.6) 4 (0.4) 957 957 DK 1000 (99.8) 2 (0.2) 1002 1002 ES 992 (97.6) 24 (2.4) 1016 1016 FR 996 (99.7) 3 (0.3) 999 999 GB-GBN 990 (99.7) 3 (0.3) 993 993 GB-NIR 313 (99.1) 3 (0.9) 316 316 GR 977 (97.7) 23 (2.3) 1000 1000 IE 914 (91.7) 83 (8.3) 997 997 IT 1019 (98.7) 13 (1.3) 1032 1032 LU 294 (97.4) 8 (2.6) 302 302 NL 965 (100.0) 965 965 PT 875 (87.5) 125 (12.5) 1000 1000 N Sum 11288 296 11584 N Valid Sum 11288 296 11584 printed 27.02.2012 page 372 Eurobarometer 28 - October-November 1987,isocntry BE 1000 (99.5) 5 (0.5) 1005 1005 DE 953 (99.6) 4 (0.4) 957 957 DK 1000 (99.8) 2 (0.2) 1002 1002 ES 992 (97.6) 24 (2.4) 1016 1016 FR 996 (99.7) 3 (0.3) 999 999 GB-GBN 990 (99.7) 3 (0.3) 993 993 GB-NIR 313 (99.1) 3 (0.9) 316 316 GR 977 (97.7) 23 (2.3) 1000 1000 IE 914 (91.7) 83 (8.3) 997 997 IT 1019 (98.7) 13 (1.3) 1032 1032 LU 294 (97.4) 8 (2.6) 302 302 NL 965 (100.0) 965 965 PT 875 (87.5) 125 (12.5) 1000 1000 N Sum 11288 296 11584 N Valid Sum 11288 296 11584 printed 27.02.2012 page 372 Eurobarometer 28 - October-November 1987,GESIS Variable Report,398,ZA1713
v369,v369 0 1 N Sum N Valid Sum,ENERGY F HEATING PREF - COAL,isocntry BE 883 (87.9) 122 (12.1) 1005 1005 DE 853 (89.1) 104 (10.9) 957 957 DK 953 (95.1) 49 (4.9) 1002 1002 ES 854 (84.1) 162 (15.9) 1016 1016 FR 944 (94.5) 55 (5.5) 999 999 GB-GBN 889 (89.5) 104 (10.5) 993 993 GB-NIR 148 (46.8) 168 (53.2) 316 316 GR 910 (91.0) 90 (9.0) 1000 1000 IE 630 (63.2) 367 (36.8) 997 997 IT 994 (96.3) 38 (3.7) 1032 1032 LU 284 (94.0) 18 (6.0) 302 302 NL 928 (96.3) 36 (3.7) 964 964 PT 959 (95.9) 41 (4.1) 1000 1000 N Sum 10229 1354 11583 N Valid Sum 10229 1354 11583 printed 27.02.2012 page 373 Eurobarometer 28 - October-November 1987,isocntry BE 883 (87.9) 122 (12.1) 1005 1005 DE 853 (89.1) 104 (10.9) 957 957 DK 953 (95.1) 49 (4.9) 1002 1002 ES 854 (84.1) 162 (15.9) 1016 1016 FR 944 (94.5) 55 (5.5) 999 999 GB-GBN 889 (89.5) 104 (10.5) 993 993 GB-NIR 148 (46.8) 168 (53.2) 316 316 GR 910 (91.0) 90 (9.0) 1000 1000 IE 630 (63.2) 367 (36.8) 997 997 IT 994 (96.3) 38 (3.7) 1032 1032 LU 284 (94.0) 18 (6.0) 302 302 NL 928 (96.3) 36 (3.7) 964 964 PT 959 (95.9) 41 (4.1) 1000 1000 N Sum 10229 1354 11583 N Valid Sum 10229 1354 11583 printed 27.02.2012 page 373 Eurobarometer 28 - October-November 1987,GESIS Variable Report,399,ZA1713
v370,v370 0 1 N Sum N Valid Sum,ENERGY F HEATING PREF - OIL,isocntry BE 740 (73.6) 265 (26.4) 1005 1005 DE 723 (75.5) 234 (24.5) 957 957 DK 720 (71.9) 282 (28.1) 1002 1002 ES 966 (95.1) 50 (4.9) 1016 1016 FR 854 (85.5) 145 (14.5) 999 999 GB-GBN 976 (98.3) 17 (1.7) 993 993 GB-NIR 222 (70.3) 94 (29.7) 316 316 GR 584 (58.4) 416 (41.6) 1000 1000 IE 676 (67.8) 321 (32.2) 997 997 IT 938 (90.9) 94 (9.1) 1032 1032 LU 218 (72.2) 84 (27.8) 302 302 NL 953 (98.8) 12 (1.2) 965 965 PT 995 (99.5) 5 (0.5) 1000 1000 N Sum 9565 2019 11584 N Valid Sum 9565 2019 11584 printed 27.02.2012 page 374 Eurobarometer 28 - October-November 1987,isocntry BE 740 (73.6) 265 (26.4) 1005 1005 DE 723 (75.5) 234 (24.5) 957 957 DK 720 (71.9) 282 (28.1) 1002 1002 ES 966 (95.1) 50 (4.9) 1016 1016 FR 854 (85.5) 145 (14.5) 999 999 GB-GBN 976 (98.3) 17 (1.7) 993 993 GB-NIR 222 (70.3) 94 (29.7) 316 316 GR 584 (58.4) 416 (41.6) 1000 1000 IE 676 (67.8) 321 (32.2) 997 997 IT 938 (90.9) 94 (9.1) 1032 1032 LU 218 (72.2) 84 (27.8) 302 302 NL 953 (98.8) 12 (1.2) 965 965 PT 995 (99.5) 5 (0.5) 1000 1000 N Sum 9565 2019 11584 N Valid Sum 9565 2019 11584 printed 27.02.2012 page 374 Eurobarometer 28 - October-November 1987,GESIS Variable Report,400,ZA1713
v371,v371 0 1 N Sum N Valid Sum,ENERGY F HEATING PREF - GAS,isocntry BE 637 (63.4) 368 (36.6) 1005 1005 DE 515 (53.8) 442 (46.2) 957 957 DK 762 (76.0) 240 (24.0) 1002 1002 ES 794 (78.1) 222 (21.9) 1016 1016 FR 719 (72.0) 280 (28.0) 999 999 GB-GBN 239 (24.1) 754 (75.9) 993 993 GB-NIR 298 (94.3) 18 (5.7) 316 316 GR 944 (94.4) 56 (5.6) 1000 1000 IE 895 (89.8) 102 (10.2) 997 997 IT 309 (29.9) 723 (70.1) 1032 1032 LU 160 (53.0) 142 (47.0) 302 302 NL 194 (20.1) 771 (79.9) 965 965 PT 874 (87.4) 126 (12.6) 1000 1000 N Sum 7340 4244 11584 N Valid Sum 7340 4244 11584 printed 27.02.2012 page 375 Eurobarometer 28 - October-November 1987,isocntry BE 637 (63.4) 368 (36.6) 1005 1005 DE 515 (53.8) 442 (46.2) 957 957 DK 762 (76.0) 240 (24.0) 1002 1002 ES 794 (78.1) 222 (21.9) 1016 1016 FR 719 (72.0) 280 (28.0) 999 999 GB-GBN 239 (24.1) 754 (75.9) 993 993 GB-NIR 298 (94.3) 18 (5.7) 316 316 GR 944 (94.4) 56 (5.6) 1000 1000 IE 895 (89.8) 102 (10.2) 997 997 IT 309 (29.9) 723 (70.1) 1032 1032 LU 160 (53.0) 142 (47.0) 302 302 NL 194 (20.1) 771 (79.9) 965 965 PT 874 (87.4) 126 (12.6) 1000 1000 N Sum 7340 4244 11584 N Valid Sum 7340 4244 11584 printed 27.02.2012 page 375 Eurobarometer 28 - October-November 1987,GESIS Variable Report,401,ZA1713
v372,v372 0 1 N Sum N Valid Sum,ENERGY F HEATING PREF - ELECTRICITY,isocntry BE 819 (81.5) 186 (18.5) 1005 1005 DE 828 (86.5) 129 (13.5) 957 957 DK 832 (83.0) 170 (17.0) 1002 1002 ES 587 (57.8) 429 (42.2) 1016 1016 FR 659 (66.0) 340 (34.0) 999 999 GB-GBN 878 (88.4) 115 (11.6) 993 993 GB-NIR 287 (90.8) 29 (9.2) 316 316 GR 718 (71.8) 282 (28.2) 1000 1000 IE 913 (91.6) 84 (8.4) 997 997 IT 979 (94.9) 53 (5.1) 1032 1032 LU 257 (85.1) 45 (14.9) 302 302 NL 891 (92.4) 73 (7.6) 964 964 PT 446 (44.6) 554 (55.4) 1000 1000 N Sum 9094 2489 11583 N Valid Sum 9094 2489 11583 printed 27.02.2012 page 376 Eurobarometer 28 - October-November 1987,isocntry BE 819 (81.5) 186 (18.5) 1005 1005 DE 828 (86.5) 129 (13.5) 957 957 DK 832 (83.0) 170 (17.0) 1002 1002 ES 587 (57.8) 429 (42.2) 1016 1016 FR 659 (66.0) 340 (34.0) 999 999 GB-GBN 878 (88.4) 115 (11.6) 993 993 GB-NIR 287 (90.8) 29 (9.2) 316 316 GR 718 (71.8) 282 (28.2) 1000 1000 IE 913 (91.6) 84 (8.4) 997 997 IT 979 (94.9) 53 (5.1) 1032 1032 LU 257 (85.1) 45 (14.9) 302 302 NL 891 (92.4) 73 (7.6) 964 964 PT 446 (44.6) 554 (55.4) 1000 1000 N Sum 9094 2489 11583 N Valid Sum 9094 2489 11583 printed 27.02.2012 page 376 Eurobarometer 28 - October-November 1987,GESIS Variable Report,402,ZA1713
v373,v373 0 1 N Sum N Valid Sum,ENERGY F HEATING PREF - OTHER,isocntry BE 964 (95.9) 41 (4.1) 1005 1005 DE 894 (93.4) 63 (6.6) 957 957 DK 731 (73.0) 271 (27.0) 1002 1002 ES 926 (91.1) 91 (8.9) 1017 1017 FR 871 (87.2) 128 (12.8) 999 999 GB-GBN 980 (98.7) 13 (1.3) 993 993 GB-NIR 313 (99.1) 3 (0.9) 316 316 GR 875 (87.5) 125 (12.5) 1000 1000 IE 870 (87.3) 127 (12.7) 997 997 IT 947 (91.8) 85 (8.2) 1032 1032 LU 275 (91.1) 27 (8.9) 302 302 NL 942 (97.6) 23 (2.4) 965 965 PT 775 (77.5) 225 (22.5) 1000 1000 N Sum 10363 1222 11585 N Valid Sum 10363 1222 11585 printed 27.02.2012 page 377 Eurobarometer 28 - October-November 1987,isocntry BE 964 (95.9) 41 (4.1) 1005 1005 DE 894 (93.4) 63 (6.6) 957 957 DK 731 (73.0) 271 (27.0) 1002 1002 ES 926 (91.1) 91 (8.9) 1017 1017 FR 871 (87.2) 128 (12.8) 999 999 GB-GBN 980 (98.7) 13 (1.3) 993 993 GB-NIR 313 (99.1) 3 (0.9) 316 316 GR 875 (87.5) 125 (12.5) 1000 1000 IE 870 (87.3) 127 (12.7) 997 997 IT 947 (91.8) 85 (8.2) 1032 1032 LU 275 (91.1) 27 (8.9) 302 302 NL 942 (97.6) 23 (2.4) 965 965 PT 775 (77.5) 225 (22.5) 1000 1000 N Sum 10363 1222 11585 N Valid Sum 10363 1222 11585 printed 27.02.2012 page 377 Eurobarometer 28 - October-November 1987,GESIS Variable Report,403,ZA1713
v374,v374 0 1 N Sum N Valid Sum,ENERGY F COOKING PREF - COAL,isocntry BE 999 (99.4) 6 (0.6) 1005 1005 DE 922 (96.3) 35 (3.7) 957 957 DK 995 (99.3) 7 (0.7) 1002 1002 ES 968 (95.2) 49 (4.8) 1017 1017 FR 982 (98.3) 17 (1.7) 999 999 GB-GBN 980 (98.7) 13 (1.3) 993 993 GB-NIR 310 (98.1) 6 (1.9) 316 316 GR 958 (95.8) 42 (4.2) 1000 1000 IE 954 (95.7) 43 (4.3) 997 997 IT 1020 (98.8) 12 (1.2) 1032 1032 LU 294 (97.4) 8 (2.6) 302 302 NL 963 (99.9) 1 (0.1) 964 964 PT 982 (98.2) 18 (1.8) 1000 1000 N Sum 11327 257 11584 N Valid Sum 11327 257 11584 printed 27.02.2012 page 378 Eurobarometer 28 - October-November 1987,isocntry BE 999 (99.4) 6 (0.6) 1005 1005 DE 922 (96.3) 35 (3.7) 957 957 DK 995 (99.3) 7 (0.7) 1002 1002 ES 968 (95.2) 49 (4.8) 1017 1017 FR 982 (98.3) 17 (1.7) 999 999 GB-GBN 980 (98.7) 13 (1.3) 993 993 GB-NIR 310 (98.1) 6 (1.9) 316 316 GR 958 (95.8) 42 (4.2) 1000 1000 IE 954 (95.7) 43 (4.3) 997 997 IT 1020 (98.8) 12 (1.2) 1032 1032 LU 294 (97.4) 8 (2.6) 302 302 NL 963 (99.9) 1 (0.1) 964 964 PT 982 (98.2) 18 (1.8) 1000 1000 N Sum 11327 257 11584 N Valid Sum 11327 257 11584 printed 27.02.2012 page 378 Eurobarometer 28 - October-November 1987,GESIS Variable Report,404,ZA1713
v375,v375 0 1 N Sum N Valid Sum,ENERGY F COOKING PREF - OIL,isocntry BE 1001 (99.6) 4 (0.4) 1005 1005 DE 947 (99.0) 10 (1.0) 957 957 DK 996 (99.4) 6 (0.6) 1002 1002 ES 1006 (99.0) 10 (1.0) 1016 1016 FR 991 (99.2) 8 (0.8) 999 999 GB-GBN 989 (99.6) 4 (0.4) 993 993 GB-NIR 313 (99.1) 3 (0.9) 316 316 GR 995 (99.5) 5 (0.5) 1000 1000 IE 970 (97.3) 27 (2.7) 997 997 IT 1030 (99.8) 2 (0.2) 1032 1032 LU 299 (99.0) 3 (1.0) 302 302 NL 964 (99.9) 1 (0.1) 965 965 PT 992 (99.2) 8 (0.8) 1000 1000 N Sum 11493 91 11584 N Valid Sum 11493 91 11584 printed 27.02.2012 page 379 Eurobarometer 28 - October-November 1987,isocntry BE 1001 (99.6) 4 (0.4) 1005 1005 DE 947 (99.0) 10 (1.0) 957 957 DK 996 (99.4) 6 (0.6) 1002 1002 ES 1006 (99.0) 10 (1.0) 1016 1016 FR 991 (99.2) 8 (0.8) 999 999 GB-GBN 989 (99.6) 4 (0.4) 993 993 GB-NIR 313 (99.1) 3 (0.9) 316 316 GR 995 (99.5) 5 (0.5) 1000 1000 IE 970 (97.3) 27 (2.7) 997 997 IT 1030 (99.8) 2 (0.2) 1032 1032 LU 299 (99.0) 3 (1.0) 302 302 NL 964 (99.9) 1 (0.1) 965 965 PT 992 (99.2) 8 (0.8) 1000 1000 N Sum 11493 91 11584 N Valid Sum 11493 91 11584 printed 27.02.2012 page 379 Eurobarometer 28 - October-November 1987,GESIS Variable Report,405,ZA1713
v376,v376 0 1 N Sum N Valid Sum,ENERGY F COOKING PREF - GAS,isocntry BE 442 (44.0) 563 (56.0) 1005 1005 DE 698 (72.9) 259 (27.1) 957 957 DK 707 (70.6) 295 (29.4) 1002 1002 ES 363 (35.7) 654 (64.3) 1017 1017 FR 290 (29.0) 709 (71.0) 999 999 GB-GBN 296 (29.8) 697 (70.2) 993 993 GB-NIR 230 (72.8) 86 (27.2) 316 316 GR 848 (84.8) 152 (15.2) 1000 1000 IE 627 (62.9) 370 (37.1) 997 997 IT 103 (10.0) 929 (90.0) 1032 1032 LU 171 (56.6) 131 (43.4) 302 302 NL 212 (22.0) 752 (78.0) 964 964 PT 286 (28.6) 714 (71.4) 1000 1000 N Sum 5273 6311 11584 N Valid Sum 5273 6311 11584 printed 27.02.2012 page 380 Eurobarometer 28 - October-November 1987,isocntry BE 442 (44.0) 563 (56.0) 1005 1005 DE 698 (72.9) 259 (27.1) 957 957 DK 707 (70.6) 295 (29.4) 1002 1002 ES 363 (35.7) 654 (64.3) 1017 1017 FR 290 (29.0) 709 (71.0) 999 999 GB-GBN 296 (29.8) 697 (70.2) 993 993 GB-NIR 230 (72.8) 86 (27.2) 316 316 GR 848 (84.8) 152 (15.2) 1000 1000 IE 627 (62.9) 370 (37.1) 997 997 IT 103 (10.0) 929 (90.0) 1032 1032 LU 171 (56.6) 131 (43.4) 302 302 NL 212 (22.0) 752 (78.0) 964 964 PT 286 (28.6) 714 (71.4) 1000 1000 N Sum 5273 6311 11584 N Valid Sum 5273 6311 11584 printed 27.02.2012 page 380 Eurobarometer 28 - October-November 1987,GESIS Variable Report,406,ZA1713
v377,v377 0 1 N Sum N Valid Sum,ENERGY F COOKING PREF - ELECTRICITY,isocntry BE 605 (60.2) 400 (39.8) 1005 1005 DE 346 (36.2) 611 (63.8) 957 957 DK 317 (31.6) 685 (68.4) 1002 1002 ES 772 (76.0) 244 (24.0) 1016 1016 FR 803 (80.4) 196 (19.6) 999 999 GB-GBN 692 (69.7) 301 (30.3) 993 993 GB-NIR 103 (32.6) 213 (67.4) 316 316 GR 262 (26.2) 738 (73.8) 1000 1000 IE 521 (52.3) 476 (47.7) 997 997 IT 986 (95.5) 46 (4.5) 1032 1032 LU 138 (45.7) 164 (54.3) 302 302 NL 804 (83.4) 160 (16.6) 964 964 PT 858 (85.8) 142 (14.2) 1000 1000 N Sum 7207 4376 11583 N Valid Sum 7207 4376 11583 printed 27.02.2012 page 381 Eurobarometer 28 - October-November 1987,isocntry BE 605 (60.2) 400 (39.8) 1005 1005 DE 346 (36.2) 611 (63.8) 957 957 DK 317 (31.6) 685 (68.4) 1002 1002 ES 772 (76.0) 244 (24.0) 1016 1016 FR 803 (80.4) 196 (19.6) 999 999 GB-GBN 692 (69.7) 301 (30.3) 993 993 GB-NIR 103 (32.6) 213 (67.4) 316 316 GR 262 (26.2) 738 (73.8) 1000 1000 IE 521 (52.3) 476 (47.7) 997 997 IT 986 (95.5) 46 (4.5) 1032 1032 LU 138 (45.7) 164 (54.3) 302 302 NL 804 (83.4) 160 (16.6) 964 964 PT 858 (85.8) 142 (14.2) 1000 1000 N Sum 7207 4376 11583 N Valid Sum 7207 4376 11583 printed 27.02.2012 page 381 Eurobarometer 28 - October-November 1987,GESIS Variable Report,407,ZA1713
v378,v378 0 1 N Sum N Valid Sum,ENERGY F COOKING PREF - OTHER,isocntry BE 990 (98.5) 15 (1.5) 1005 1005 DE 933 (97.5) 24 (2.5) 957 957 DK 994 (99.2) 8 (0.8) 1002 1002 ES 989 (97.3) 27 (2.7) 1016 1016 FR 966 (96.7) 33 (3.3) 999 999 GB-GBN 987 (99.4) 6 (0.6) 993 993 GB-NIR 315 (99.7) 1 (0.3) 316 316 GR 966 (96.6) 34 (3.4) 1000 1000 IE 940 (94.3) 57 (5.7) 997 997 IT 1011 (98.0) 21 (2.0) 1032 1032 LU 292 (96.7) 10 (3.3) 302 302 NL 962 (99.8) 2 (0.2) 964 964 PT 905 (90.5) 95 (9.5) 1000 1000 N Sum 11250 333 11583 N Valid Sum 11250 333 11583 printed 27.02.2012 page 382 Eurobarometer 28 - October-November 1987,isocntry BE 990 (98.5) 15 (1.5) 1005 1005 DE 933 (97.5) 24 (2.5) 957 957 DK 994 (99.2) 8 (0.8) 1002 1002 ES 989 (97.3) 27 (2.7) 1016 1016 FR 966 (96.7) 33 (3.3) 999 999 GB-GBN 987 (99.4) 6 (0.6) 993 993 GB-NIR 315 (99.7) 1 (0.3) 316 316 GR 966 (96.6) 34 (3.4) 1000 1000 IE 940 (94.3) 57 (5.7) 997 997 IT 1011 (98.0) 21 (2.0) 1032 1032 LU 292 (96.7) 10 (3.3) 302 302 NL 962 (99.8) 2 (0.2) 964 964 PT 905 (90.5) 95 (9.5) 1000 1000 N Sum 11250 333 11583 N Valid Sum 11250 333 11583 printed 27.02.2012 page 382 Eurobarometer 28 - October-November 1987,GESIS Variable Report,408,ZA1713
v379,v379 0 1 N Sum N Valid Sum,IN HH: CAR(S),isocntry BE 245 (24.4) 760 (75.6) 1005 1005 DE 250 (26.1) 707 (73.9) 957 957 DK 246 (24.6) 756 (75.4) 1002 1002 ES 423 (41.6) 593 (58.4) 1016 1016 FR 130 (13.0) 869 (87.0) 999 999 GB-GBN 271 (27.3) 722 (72.7) 993 993 GB-NIR 104 (32.9) 212 (67.1) 316 316 GR 453 (45.3) 547 (54.7) 1000 1000 IE 295 (29.6) 702 (70.4) 997 997 IT 162 (15.7) 870 (84.3) 1032 1032 LU 29 (9.6) 273 (90.4) 302 302 NL 294 (30.5) 670 (69.5) 964 964 PT 578 (57.8) 422 (42.2) 1000 1000 N Sum 3480 8103 11583 N Valid Sum 3480 8103 11583 printed 27.02.2012 page 383 Eurobarometer 28 - October-November 1987,isocntry BE 245 (24.4) 760 (75.6) 1005 1005 DE 250 (26.1) 707 (73.9) 957 957 DK 246 (24.6) 756 (75.4) 1002 1002 ES 423 (41.6) 593 (58.4) 1016 1016 FR 130 (13.0) 869 (87.0) 999 999 GB-GBN 271 (27.3) 722 (72.7) 993 993 GB-NIR 104 (32.9) 212 (67.1) 316 316 GR 453 (45.3) 547 (54.7) 1000 1000 IE 295 (29.6) 702 (70.4) 997 997 IT 162 (15.7) 870 (84.3) 1032 1032 LU 29 (9.6) 273 (90.4) 302 302 NL 294 (30.5) 670 (69.5) 964 964 PT 578 (57.8) 422 (42.2) 1000 1000 N Sum 3480 8103 11583 N Valid Sum 3480 8103 11583 printed 27.02.2012 page 383 Eurobarometer 28 - October-November 1987,GESIS Variable Report,409,ZA1713
v380,v380 0 1 N Sum N Valid Sum,IN HH: MOTORBIKE,isocntry BE 951 (94.6) 54 (5.4) 1005 1005 DE 886 (92.6) 71 (7.4) 957 957 DK 982 (98.0) 20 (2.0) 1002 1002 ES 933 (91.8) 83 (8.2) 1016 1016 FR 948 (94.9) 51 (5.1) 999 999 GB-GBN 926 (93.3) 67 (6.7) 993 993 GB-NIR 298 (94.3) 18 (5.7) 316 316 GR 928 (92.8) 72 (7.2) 1000 1000 IE 967 (97.0) 30 (3.0) 997 997 IT 876 (84.9) 156 (15.1) 1032 1032 LU 283 (93.7) 19 (6.3) 302 302 NL 914 (94.8) 50 (5.2) 964 964 PT 783 (78.3) 217 (21.7) 1000 1000 N Sum 10675 908 11583 N Valid Sum 10675 908 11583 printed 27.02.2012 page 384 Eurobarometer 28 - October-November 1987,isocntry BE 951 (94.6) 54 (5.4) 1005 1005 DE 886 (92.6) 71 (7.4) 957 957 DK 982 (98.0) 20 (2.0) 1002 1002 ES 933 (91.8) 83 (8.2) 1016 1016 FR 948 (94.9) 51 (5.1) 999 999 GB-GBN 926 (93.3) 67 (6.7) 993 993 GB-NIR 298 (94.3) 18 (5.7) 316 316 GR 928 (92.8) 72 (7.2) 1000 1000 IE 967 (97.0) 30 (3.0) 997 997 IT 876 (84.9) 156 (15.1) 1032 1032 LU 283 (93.7) 19 (6.3) 302 302 NL 914 (94.8) 50 (5.2) 964 964 PT 783 (78.3) 217 (21.7) 1000 1000 N Sum 10675 908 11583 N Valid Sum 10675 908 11583 printed 27.02.2012 page 384 Eurobarometer 28 - October-November 1987,GESIS Variable Report,410,ZA1713
v381,v381 0 1 N Sum N Valid Sum,IN HH: CENTRAL HEATING,isocntry BE 350 (34.8) 655 (65.2) 1005 1005 DE 201 (21.0) 756 (79.0) 957 957 DK 243 (24.3) 759 (75.7) 1002 1002 ES 885 (87.1) 131 (12.9) 1016 1016 FR 304 (30.4) 695 (69.6) 999 999 GB-GBN 263 (26.5) 730 (73.5) 993 993 GB-NIR 104 (32.9) 212 (67.1) 316 316 GR 614 (61.4) 386 (38.6) 1000 1000 IE 434 (43.5) 563 (56.5) 997 997 IT 488 (47.3) 544 (52.7) 1032 1032 LU 44 (14.6) 258 (85.4) 302 302 NL 217 (22.5) 747 (77.5) 964 964 PT 923 (92.3) 77 (7.7) 1000 1000 N Sum 5070 6513 11583 N Valid Sum 5070 6513 11583 printed 27.02.2012 page 385 Eurobarometer 28 - October-November 1987,isocntry BE 350 (34.8) 655 (65.2) 1005 1005 DE 201 (21.0) 756 (79.0) 957 957 DK 243 (24.3) 759 (75.7) 1002 1002 ES 885 (87.1) 131 (12.9) 1016 1016 FR 304 (30.4) 695 (69.6) 999 999 GB-GBN 263 (26.5) 730 (73.5) 993 993 GB-NIR 104 (32.9) 212 (67.1) 316 316 GR 614 (61.4) 386 (38.6) 1000 1000 IE 434 (43.5) 563 (56.5) 997 997 IT 488 (47.3) 544 (52.7) 1032 1032 LU 44 (14.6) 258 (85.4) 302 302 NL 217 (22.5) 747 (77.5) 964 964 PT 923 (92.3) 77 (7.7) 1000 1000 N Sum 5070 6513 11583 N Valid Sum 5070 6513 11583 printed 27.02.2012 page 385 Eurobarometer 28 - October-November 1987,GESIS Variable Report,411,ZA1713
v382,v382 0 1 N Sum N Valid Sum,IN HH: WASHING MACHINE,isocntry BE 121 (12.0) 884 (88.0) 1005 1005 DE 75 (7.8) 882 (92.2) 957 957 DK 230 (23.0) 771 (77.0) 1001 1001 ES 117 (11.5) 899 (88.5) 1016 1016 FR 56 (5.6) 943 (94.4) 999 999 GB-GBN 93 (9.4) 900 (90.6) 993 993 GB-NIR 29 (9.2) 287 (90.8) 316 316 GR 281 (28.1) 719 (71.9) 1000 1000 IE 127 (12.7) 870 (87.3) 997 997 IT 49 (4.7) 983 (95.3) 1032 1032 LU 9 (3.0) 293 (97.0) 302 302 NL 99 (10.3) 865 (89.7) 964 964 PT 489 (48.9) 511 (51.1) 1000 1000 N Sum 1775 9807 11582 N Valid Sum 1775 9807 11582 printed 27.02.2012 page 386 Eurobarometer 28 - October-November 1987,isocntry BE 121 (12.0) 884 (88.0) 1005 1005 DE 75 (7.8) 882 (92.2) 957 957 DK 230 (23.0) 771 (77.0) 1001 1001 ES 117 (11.5) 899 (88.5) 1016 1016 FR 56 (5.6) 943 (94.4) 999 999 GB-GBN 93 (9.4) 900 (90.6) 993 993 GB-NIR 29 (9.2) 287 (90.8) 316 316 GR 281 (28.1) 719 (71.9) 1000 1000 IE 127 (12.7) 870 (87.3) 997 997 IT 49 (4.7) 983 (95.3) 1032 1032 LU 9 (3.0) 293 (97.0) 302 302 NL 99 (10.3) 865 (89.7) 964 964 PT 489 (48.9) 511 (51.1) 1000 1000 N Sum 1775 9807 11582 N Valid Sum 1775 9807 11582 printed 27.02.2012 page 386 Eurobarometer 28 - October-November 1987,GESIS Variable Report,412,ZA1713
v383,v383 0 1 N Sum N Valid Sum,IN HH: DISHWASHER,isocntry BE 766 (76.2) 239 (23.8) 1005 1005 DE 678 (70.8) 279 (29.2) 957 957 DK 689 (68.8) 313 (31.2) 1002 1002 ES 902 (88.7) 115 (11.3) 1017 1017 FR 666 (66.7) 333 (33.3) 999 999 GB-GBN 900 (90.6) 93 (9.4) 993 993 GB-NIR 284 (89.9) 32 (10.1) 316 316 GR 911 (91.1) 89 (8.9) 1000 1000 IE 889 (89.2) 108 (10.8) 997 997 IT 821 (79.6) 211 (20.4) 1032 1032 LU 157 (52.0) 145 (48.0) 302 302 NL 874 (90.6) 91 (9.4) 965 965 PT 884 (88.4) 116 (11.6) 1000 1000 N Sum 9421 2164 11585 N Valid Sum 9421 2164 11585 printed 27.02.2012 page 387 Eurobarometer 28 - October-November 1987,isocntry BE 766 (76.2) 239 (23.8) 1005 1005 DE 678 (70.8) 279 (29.2) 957 957 DK 689 (68.8) 313 (31.2) 1002 1002 ES 902 (88.7) 115 (11.3) 1017 1017 FR 666 (66.7) 333 (33.3) 999 999 GB-GBN 900 (90.6) 93 (9.4) 993 993 GB-NIR 284 (89.9) 32 (10.1) 316 316 GR 911 (91.1) 89 (8.9) 1000 1000 IE 889 (89.2) 108 (10.8) 997 997 IT 821 (79.6) 211 (20.4) 1032 1032 LU 157 (52.0) 145 (48.0) 302 302 NL 874 (90.6) 91 (9.4) 965 965 PT 884 (88.4) 116 (11.6) 1000 1000 N Sum 9421 2164 11585 N Valid Sum 9421 2164 11585 printed 27.02.2012 page 387 Eurobarometer 28 - October-November 1987,GESIS Variable Report,413,ZA1713
v384,v384 0 1 N Sum N Valid Sum,IN HH: ELECTRIC/GAS WATERHEATER,isocntry BE 370 (36.8) 635 (63.2) 1005 1005 DE 437 (45.7) 520 (54.3) 957 957 DK 821 (81.9) 181 (18.1) 1002 1002 ES 323 (31.8) 694 (68.2) 1017 1017 FR 379 (37.9) 620 (62.1) 999 999 GB-GBN 428 (43.1) 565 (56.9) 993 993 GB-NIR 92 (29.1) 224 (70.9) 316 316 GR 286 (28.6) 714 (71.4) 1000 1000 IE 554 (55.6) 443 (44.4) 997 997 IT 532 (51.6) 500 (48.4) 1032 1032 LU 82 (27.2) 220 (72.8) 302 302 NL 223 (23.1) 741 (76.9) 964 964 PT 410 (41.0) 590 (59.0) 1000 1000 N Sum 4937 6647 11584 N Valid Sum 4937 6647 11584 printed 27.02.2012 page 388 Eurobarometer 28 - October-November 1987,isocntry BE 370 (36.8) 635 (63.2) 1005 1005 DE 437 (45.7) 520 (54.3) 957 957 DK 821 (81.9) 181 (18.1) 1002 1002 ES 323 (31.8) 694 (68.2) 1017 1017 FR 379 (37.9) 620 (62.1) 999 999 GB-GBN 428 (43.1) 565 (56.9) 993 993 GB-NIR 92 (29.1) 224 (70.9) 316 316 GR 286 (28.6) 714 (71.4) 1000 1000 IE 554 (55.6) 443 (44.4) 997 997 IT 532 (51.6) 500 (48.4) 1032 1032 LU 82 (27.2) 220 (72.8) 302 302 NL 223 (23.1) 741 (76.9) 964 964 PT 410 (41.0) 590 (59.0) 1000 1000 N Sum 4937 6647 11584 N Valid Sum 4937 6647 11584 printed 27.02.2012 page 388 Eurobarometer 28 - October-November 1987,GESIS Variable Report,414,ZA1713
v385,v385 0 1 N Sum N Valid Sum,IN HH: REFRIGERATOR,isocntry BE 53 (5.3) 952 (94.7) 1005 1005 DE 8 (0.8) 949 (99.2) 957 957 DK 27 (2.7) 975 (97.3) 1002 1002 ES 55 (5.4) 961 (94.6) 1016 1016 FR 12 (1.2) 987 (98.8) 999 999 GB-GBN 31 (3.1) 962 (96.9) 993 993 GB-NIR 4 (1.3) 312 (98.7) 316 316 GR 32 (3.2) 968 (96.8) 1000 1000 IE 24 (2.4) 973 (97.6) 997 997 IT 18 (1.7) 1014 (98.3) 1032 1032 LU 6 (2.0) 296 (98.0) 302 302 NL 36 (3.7) 929 (96.3) 965 965 PT 119 (11.9) 881 (88.1) 1000 1000 N Sum 425 11159 11584 N Valid Sum 425 11159 11584 printed 27.02.2012 page 389 Eurobarometer 28 - October-November 1987,isocntry BE 53 (5.3) 952 (94.7) 1005 1005 DE 8 (0.8) 949 (99.2) 957 957 DK 27 (2.7) 975 (97.3) 1002 1002 ES 55 (5.4) 961 (94.6) 1016 1016 FR 12 (1.2) 987 (98.8) 999 999 GB-GBN 31 (3.1) 962 (96.9) 993 993 GB-NIR 4 (1.3) 312 (98.7) 316 316 GR 32 (3.2) 968 (96.8) 1000 1000 IE 24 (2.4) 973 (97.6) 997 997 IT 18 (1.7) 1014 (98.3) 1032 1032 LU 6 (2.0) 296 (98.0) 302 302 NL 36 (3.7) 929 (96.3) 965 965 PT 119 (11.9) 881 (88.1) 1000 1000 N Sum 425 11159 11584 N Valid Sum 425 11159 11584 printed 27.02.2012 page 389 Eurobarometer 28 - October-November 1987,GESIS Variable Report,415,ZA1713
v386,v386 0 1 N Sum N Valid Sum,IN HH: SEPARATE FREEZER,isocntry BE 413 (41.1) 592 (58.9) 1005 1005 DE 383 (40.0) 574 (60.0) 957 957 DK 220 (22.0) 782 (78.0) 1002 1002 ES 924 (90.9) 93 (9.1) 1017 1017 FR 500 (50.1) 499 (49.9) 999 999 GB-GBN 444 (44.7) 549 (55.3) 993 993 GB-NIR 199 (63.0) 117 (37.0) 316 316 GR 919 (91.9) 81 (8.1) 1000 1000 IE 712 (71.4) 285 (28.6) 997 997 IT 687 (66.6) 345 (33.4) 1032 1032 LU 52 (17.2) 250 (82.8) 302 302 NL 574 (59.5) 391 (40.5) 965 965 PT 711 (71.1) 289 (28.9) 1000 1000 N Sum 6738 4847 11585 N Valid Sum 6738 4847 11585 printed 27.02.2012 page 390 Eurobarometer 28 - October-November 1987,isocntry BE 413 (41.1) 592 (58.9) 1005 1005 DE 383 (40.0) 574 (60.0) 957 957 DK 220 (22.0) 782 (78.0) 1002 1002 ES 924 (90.9) 93 (9.1) 1017 1017 FR 500 (50.1) 499 (49.9) 999 999 GB-GBN 444 (44.7) 549 (55.3) 993 993 GB-NIR 199 (63.0) 117 (37.0) 316 316 GR 919 (91.9) 81 (8.1) 1000 1000 IE 712 (71.4) 285 (28.6) 997 997 IT 687 (66.6) 345 (33.4) 1032 1032 LU 52 (17.2) 250 (82.8) 302 302 NL 574 (59.5) 391 (40.5) 965 965 PT 711 (71.1) 289 (28.9) 1000 1000 N Sum 6738 4847 11585 N Valid Sum 6738 4847 11585 printed 27.02.2012 page 390 Eurobarometer 28 - October-November 1987,GESIS Variable Report,416,ZA1713
v387,v387 0 1 N Sum N Valid Sum,IN HH: ELECTRIC POWER TOOLS,isocntry BE 364 (36.2) 641 (63.8) 1005 1005 DE 295 (30.8) 662 (69.2) 957 957 DK 308 (30.7) 694 (69.3) 1002 1002 ES 730 (71.9) 286 (28.1) 1016 1016 FR 311 (31.1) 688 (68.9) 999 999 GB-GBN 301 (30.3) 692 (69.7) 993 993 GB-NIR 113 (35.8) 203 (64.2) 316 316 GR 749 (74.9) 251 (25.1) 1000 1000 IE 583 (58.5) 414 (41.5) 997 997 IT 514 (49.8) 518 (50.2) 1032 1032 LU 48 (15.9) 254 (84.1) 302 302 NL 334 (34.6) 631 (65.4) 965 965 PT 649 (64.9) 351 (35.1) 1000 1000 N Sum 5299 6285 11584 N Valid Sum 5299 6285 11584 printed 27.02.2012 page 391 Eurobarometer 28 - October-November 1987,isocntry BE 364 (36.2) 641 (63.8) 1005 1005 DE 295 (30.8) 662 (69.2) 957 957 DK 308 (30.7) 694 (69.3) 1002 1002 ES 730 (71.9) 286 (28.1) 1016 1016 FR 311 (31.1) 688 (68.9) 999 999 GB-GBN 301 (30.3) 692 (69.7) 993 993 GB-NIR 113 (35.8) 203 (64.2) 316 316 GR 749 (74.9) 251 (25.1) 1000 1000 IE 583 (58.5) 414 (41.5) 997 997 IT 514 (49.8) 518 (50.2) 1032 1032 LU 48 (15.9) 254 (84.1) 302 302 NL 334 (34.6) 631 (65.4) 965 965 PT 649 (64.9) 351 (35.1) 1000 1000 N Sum 5299 6285 11584 N Valid Sum 5299 6285 11584 printed 27.02.2012 page 391 Eurobarometer 28 - October-November 1987,GESIS Variable Report,417,ZA1713
v388,v388 0 1 N Sum N Valid Sum,IN HH: COLOR TELEVISION,isocntry BE 122 (12.1) 883 (87.9) 1005 1005 DE 58 (6.1) 899 (93.9) 957 957 DK 94 (9.4) 908 (90.6) 1002 1002 ES 208 (20.5) 808 (79.5) 1016 1016 FR 156 (15.6) 843 (84.4) 999 999 GB-GBN 87 (8.8) 906 (91.2) 993 993 GB-NIR 18 (5.7) 298 (94.3) 316 316 GR 524 (52.4) 476 (47.6) 1000 1000 IE 106 (10.6) 891 (89.4) 997 997 IT 192 (18.6) 840 (81.4) 1032 1032 LU 23 (7.6) 279 (92.4) 302 302 NL 82 (8.5) 883 (91.5) 965 965 PT 426 (42.6) 574 (57.4) 1000 1000 N Sum 2096 9488 11584 N Valid Sum 2096 9488 11584 printed 27.02.2012 page 392 Eurobarometer 28 - October-November 1987,isocntry BE 122 (12.1) 883 (87.9) 1005 1005 DE 58 (6.1) 899 (93.9) 957 957 DK 94 (9.4) 908 (90.6) 1002 1002 ES 208 (20.5) 808 (79.5) 1016 1016 FR 156 (15.6) 843 (84.4) 999 999 GB-GBN 87 (8.8) 906 (91.2) 993 993 GB-NIR 18 (5.7) 298 (94.3) 316 316 GR 524 (52.4) 476 (47.6) 1000 1000 IE 106 (10.6) 891 (89.4) 997 997 IT 192 (18.6) 840 (81.4) 1032 1032 LU 23 (7.6) 279 (92.4) 302 302 NL 82 (8.5) 883 (91.5) 965 965 PT 426 (42.6) 574 (57.4) 1000 1000 N Sum 2096 9488 11584 N Valid Sum 2096 9488 11584 printed 27.02.2012 page 392 Eurobarometer 28 - October-November 1987,GESIS Variable Report,418,ZA1713
v389,v389 0 1 N Sum N Valid Sum,IN HH: TELEPHONE,isocntry BE 329 (32.7) 676 (67.3) 1005 1005 DE 134 (14.0) 823 (86.0) 957 957 DK 56 (5.6) 946 (94.4) 1002 1002 ES 409 (40.3) 607 (59.7) 1016 1016 FR 64 (6.4) 935 (93.6) 999 999 GB-GBN 158 (15.9) 835 (84.1) 993 993 GB-NIR 81 (25.6) 235 (74.4) 316 316 GR 331 (33.1) 669 (66.9) 1000 1000 IE 494 (49.5) 503 (50.5) 997 997 IT 104 (10.1) 928 (89.9) 1032 1032 LU 7 (2.3) 295 (97.7) 302 302 NL 85 (8.8) 879 (91.2) 964 964 PT 636 (63.6) 364 (36.4) 1000 1000 N Sum 2888 8695 11583 N Valid Sum 2888 8695 11583 printed 27.02.2012 page 393 Eurobarometer 28 - October-November 1987,isocntry BE 329 (32.7) 676 (67.3) 1005 1005 DE 134 (14.0) 823 (86.0) 957 957 DK 56 (5.6) 946 (94.4) 1002 1002 ES 409 (40.3) 607 (59.7) 1016 1016 FR 64 (6.4) 935 (93.6) 999 999 GB-GBN 158 (15.9) 835 (84.1) 993 993 GB-NIR 81 (25.6) 235 (74.4) 316 316 GR 331 (33.1) 669 (66.9) 1000 1000 IE 494 (49.5) 503 (50.5) 997 997 IT 104 (10.1) 928 (89.9) 1032 1032 LU 7 (2.3) 295 (97.7) 302 302 NL 85 (8.8) 879 (91.2) 964 964 PT 636 (63.6) 364 (36.4) 1000 1000 N Sum 2888 8695 11583 N Valid Sum 2888 8695 11583 printed 27.02.2012 page 393 Eurobarometer 28 - October-November 1987,GESIS Variable Report,419,ZA1713
v390,,NUCLEAR POWER - TECHNICAL ACHIEVEMENT,,NUCLEAR POWER - TECHNICAL ACHIEVEMENT,GESIS Variable Report,420,ZA1713
v391,,NUCLEAR POWER - TOO MUCH REGULATIONS,,NUCLEAR POWER - TOO MUCH REGULATIONS,GESIS Variable Report,421,ZA1713
v392,,NUCLEAR POWER - ENSURES ENERGY SUPPLIES,,NUCLEAR POWER - ENSURES ENERGY SUPPLIES,GESIS Variable Report,422,ZA1713
v393,v393 0 1 2 3 4 N Sum N Valid Sum,NUCLEAR ACCIDENT INT PROTECTIVE MEASURES,isocntry M BE 96 99 (10.9) 270 (29.7) 266 (29.3) 274 (30.1) 1005 909 DE 73 90 (10.2) 292 (33.0) 206 (23.3) 297 (33.6) 958 885 DK 66 87 (9.3) 331 (35.4) 232 (24.8) 285 (30.5) 1001 935 ES 208 66 (8.2) 252 (31.1) 121 (15.0) 370 (45.7) 1017 809 FR 60 66 (7.0) 204 (21.7) 101 (10.8) 568 (60.5) 999 939 GB-GBN 122 94 (10.8) 109 (12.5) 100 (11.5) 568 (65.2) 993 871 GB-NIR 57 17 (6.6) 42 (16.2) 37 (14.3) 163 (62.9) 316 259 GR 108 69 (7.7) 353 (39.6) 157 (17.6) 313 (35.1) 1000 892 IE 177 29 (3.5) 184 (22.4) 177 (21.6) 430 (52.4) 997 820 IT 104 87 (9.4) 319 (34.4) 189 (20.4) 333 (35.9) 1032 928 LU 22 18 (6.4) 103 (36.8) 58 (20.7) 101 (36.1) 302 280 NL 82 53 (6.0) 285 (32.3) 120 (13.6) 424 (48.1) 964 882 PT 138 41 (4.8) 117 (13.6) 137 (15.9) 567 (65.8) 1000 862 N Sum 1313 816 2861 1901 4693 11584 N Valid Sum 816 2861 1901 4693 10271 printed 27.02.2012 page 397 Eurobarometer 28 - October-November 1987,isocntry M BE 96 99 (10.9) 270 (29.7) 266 (29.3) 274 (30.1) 1005 909 DE 73 90 (10.2) 292 (33.0) 206 (23.3) 297 (33.6) 958 885 DK 66 87 (9.3) 331 (35.4) 232 (24.8) 285 (30.5) 1001 935 ES 208 66 (8.2) 252 (31.1) 121 (15.0) 370 (45.7) 1017 809 FR 60 66 (7.0) 204 (21.7) 101 (10.8) 568 (60.5) 999 939 GB-GBN 122 94 (10.8) 109 (12.5) 100 (11.5) 568 (65.2) 993 871 GB-NIR 57 17 (6.6) 42 (16.2) 37 (14.3) 163 (62.9) 316 259 GR 108 69 (7.7) 353 (39.6) 157 (17.6) 313 (35.1) 1000 892 IE 177 29 (3.5) 184 (22.4) 177 (21.6) 430 (52.4) 997 820 IT 104 87 (9.4) 319 (34.4) 189 (20.4) 333 (35.9) 1032 928 LU 22 18 (6.4) 103 (36.8) 58 (20.7) 101 (36.1) 302 280 NL 82 53 (6.0) 285 (32.3) 120 (13.6) 424 (48.1) 964 882 PT 138 41 (4.8) 117 (13.6) 137 (15.9) 567 (65.8) 1000 862 N Sum 1313 816 2861 1901 4693 11584 N Valid Sum 816 2861 1901 4693 10271 printed 27.02.2012 page 397 Eurobarometer 28 - October-November 1987,GESIS Variable Report,423,ZA1713
v394,v394 0 1 N Sum N Valid Sum,OIL SUPPLIES PROBL - RISING PRICES,isocntry BE 671 (66.8) 334 (33.2) 1005 1005 DE 728 (76.1) 229 (23.9) 957 957 DK 719 (71.8) 283 (28.2) 1002 1002 ES 804 (79.1) 213 (20.9) 1017 1017 FR 680 (68.1) 319 (31.9) 999 999 GB-GBN 728 (73.3) 265 (26.7) 993 993 GB-NIR 227 (71.8) 89 (28.2) 316 316 GR 661 (66.1) 339 (33.9) 1000 1000 IE 692 (69.4) 305 (30.6) 997 997 IT 707 (68.5) 325 (31.5) 1032 1032 LU 251 (83.1) 51 (16.9) 302 302 NL 814 (84.4) 150 (15.6) 964 964 PT 851 (85.1) 149 (14.9) 1000 1000 N Sum 8533 3051 11584 N Valid Sum 8533 3051 11584 printed 27.02.2012 page 398 Eurobarometer 28 - October-November 1987,isocntry BE 671 (66.8) 334 (33.2) 1005 1005 DE 728 (76.1) 229 (23.9) 957 957 DK 719 (71.8) 283 (28.2) 1002 1002 ES 804 (79.1) 213 (20.9) 1017 1017 FR 680 (68.1) 319 (31.9) 999 999 GB-GBN 728 (73.3) 265 (26.7) 993 993 GB-NIR 227 (71.8) 89 (28.2) 316 316 GR 661 (66.1) 339 (33.9) 1000 1000 IE 692 (69.4) 305 (30.6) 997 997 IT 707 (68.5) 325 (31.5) 1032 1032 LU 251 (83.1) 51 (16.9) 302 302 NL 814 (84.4) 150 (15.6) 964 964 PT 851 (85.1) 149 (14.9) 1000 1000 N Sum 8533 3051 11584 N Valid Sum 8533 3051 11584 printed 27.02.2012 page 398 Eurobarometer 28 - October-November 1987,GESIS Variable Report,424,ZA1713
v395,v395 0 1 N Sum N Valid Sum,OIL SUPPLIES PROBL - COT DOWN ENERGY,isocntry BE 881 (87.7) 124 (12.3) 1005 1005 DE 738 (77.1) 219 (22.9) 957 957 DK 732 (73.1) 270 (26.9) 1002 1002 ES 937 (92.2) 79 (7.8) 1016 1016 FR 900 (90.1) 99 (9.9) 999 999 GB-GBN 896 (90.2) 97 (9.8) 993 993 GB-NIR 292 (92.4) 24 (7.6) 316 316 GR 875 (87.5) 125 (12.5) 1000 1000 IE 883 (88.6) 114 (11.4) 997 997 IT 880 (85.3) 152 (14.7) 1032 1032 LU 293 (97.0) 9 (3.0) 302 302 NL 868 (90.0) 96 (10.0) 964 964 PT 926 (92.6) 74 (7.4) 1000 1000 N Sum 10101 1482 11583 N Valid Sum 10101 1482 11583 printed 27.02.2012 page 399 Eurobarometer 28 - October-November 1987,isocntry BE 881 (87.7) 124 (12.3) 1005 1005 DE 738 (77.1) 219 (22.9) 957 957 DK 732 (73.1) 270 (26.9) 1002 1002 ES 937 (92.2) 79 (7.8) 1016 1016 FR 900 (90.1) 99 (9.9) 999 999 GB-GBN 896 (90.2) 97 (9.8) 993 993 GB-NIR 292 (92.4) 24 (7.6) 316 316 GR 875 (87.5) 125 (12.5) 1000 1000 IE 883 (88.6) 114 (11.4) 997 997 IT 880 (85.3) 152 (14.7) 1032 1032 LU 293 (97.0) 9 (3.0) 302 302 NL 868 (90.0) 96 (10.0) 964 964 PT 926 (92.6) 74 (7.4) 1000 1000 N Sum 10101 1482 11583 N Valid Sum 10101 1482 11583 printed 27.02.2012 page 399 Eurobarometer 28 - October-November 1987,GESIS Variable Report,425,ZA1713
v396,v396 0 1 N Sum N Valid Sum,OIL SUPPLIES PROBL - ECONOM DIFFICULTIES,isocntry BE 786 (78.2) 219 (21.8) 1005 1005 DE 672 (70.2) 285 (29.8) 957 957 DK 610 (60.9) 392 (39.1) 1002 1002 ES 817 (80.4) 199 (19.6) 1016 1016 FR 729 (73.0) 270 (27.0) 999 999 GB-GBN 731 (73.6) 262 (26.4) 993 993 GB-NIR 234 (74.1) 82 (25.9) 316 316 GR 737 (73.7) 263 (26.3) 1000 1000 IE 726 (72.8) 271 (27.2) 997 997 IT 715 (69.3) 317 (30.7) 1032 1032 LU 276 (91.4) 26 (8.6) 302 302 NL 785 (81.4) 179 (18.6) 964 964 PT 713 (71.3) 287 (28.7) 1000 1000 N Sum 8531 3052 11583 N Valid Sum 8531 3052 11583 printed 27.02.2012 page 400 Eurobarometer 28 - October-November 1987,isocntry BE 786 (78.2) 219 (21.8) 1005 1005 DE 672 (70.2) 285 (29.8) 957 957 DK 610 (60.9) 392 (39.1) 1002 1002 ES 817 (80.4) 199 (19.6) 1016 1016 FR 729 (73.0) 270 (27.0) 999 999 GB-GBN 731 (73.6) 262 (26.4) 993 993 GB-NIR 234 (74.1) 82 (25.9) 316 316 GR 737 (73.7) 263 (26.3) 1000 1000 IE 726 (72.8) 271 (27.2) 997 997 IT 715 (69.3) 317 (30.7) 1032 1032 LU 276 (91.4) 26 (8.6) 302 302 NL 785 (81.4) 179 (18.6) 964 964 PT 713 (71.3) 287 (28.7) 1000 1000 N Sum 8531 3052 11583 N Valid Sum 8531 3052 11583 printed 27.02.2012 page 400 Eurobarometer 28 - October-November 1987,GESIS Variable Report,426,ZA1713
v397,v397 0 1 N Sum N Valid Sum,OIL SUPPLIES PROBL - OTHER,isocntry BE 979 (97.4) 26 (2.6) 1005 1005 DE 948 (99.1) 9 (0.9) 957 957 DK 969 (96.7) 33 (3.3) 1002 1002 ES 1010 (99.4) 6 (0.6) 1016 1016 FR 981 (98.2) 18 (1.8) 999 999 GB-GBN 894 (90.0) 99 (10.0) 993 993 GB-NIR 315 (99.7) 1 (0.3) 316 316 GR 999 (99.9) 1 (0.1) 1000 1000 IE 989 (99.2) 8 (0.8) 997 997 IT 1019 (98.7) 13 (1.3) 1032 1032 LU 300 (99.3) 2 (0.7) 302 302 NL 909 (94.3) 55 (5.7) 964 964 PT 996 (99.6) 4 (0.4) 1000 1000 N Sum 11308 275 11583 N Valid Sum 11308 275 11583 printed 27.02.2012 page 401 Eurobarometer 28 - October-November 1987,isocntry BE 979 (97.4) 26 (2.6) 1005 1005 DE 948 (99.1) 9 (0.9) 957 957 DK 969 (96.7) 33 (3.3) 1002 1002 ES 1010 (99.4) 6 (0.6) 1016 1016 FR 981 (98.2) 18 (1.8) 999 999 GB-GBN 894 (90.0) 99 (10.0) 993 993 GB-NIR 315 (99.7) 1 (0.3) 316 316 GR 999 (99.9) 1 (0.1) 1000 1000 IE 989 (99.2) 8 (0.8) 997 997 IT 1019 (98.7) 13 (1.3) 1032 1032 LU 300 (99.3) 2 (0.7) 302 302 NL 909 (94.3) 55 (5.7) 964 964 PT 996 (99.6) 4 (0.4) 1000 1000 N Sum 11308 275 11583 N Valid Sum 11308 275 11583 printed 27.02.2012 page 401 Eurobarometer 28 - October-November 1987,GESIS Variable Report,427,ZA1713
v398,v398 0 1 N Sum N Valid Sum,OIL SUPPLIES PROBL - NO PROBLEMS,isocntry BE 816 (81.2) 189 (18.8) 1005 1005 DE 814 (85.1) 143 (14.9) 957 957 DK 870 (86.8) 132 (13.2) 1002 1002 ES 864 (85.0) 152 (15.0) 1016 1016 FR 758 (75.9) 241 (24.1) 999 999 GB-GBN 822 (82.8) 171 (17.2) 993 993 GB-NIR 234 (74.1) 82 (25.9) 316 316 GR 943 (94.3) 57 (5.7) 1000 1000 IE 836 (83.9) 161 (16.1) 997 997 IT 933 (90.4) 99 (9.6) 1032 1032 LU 126 (41.7) 176 (58.3) 302 302 NL 535 (55.5) 429 (44.5) 964 964 PT 818 (81.8) 182 (18.2) 1000 1000 N Sum 9369 2214 11583 N Valid Sum 9369 2214 11583 printed 27.02.2012 page 402 Eurobarometer 28 - October-November 1987,isocntry BE 816 (81.2) 189 (18.8) 1005 1005 DE 814 (85.1) 143 (14.9) 957 957 DK 870 (86.8) 132 (13.2) 1002 1002 ES 864 (85.0) 152 (15.0) 1016 1016 FR 758 (75.9) 241 (24.1) 999 999 GB-GBN 822 (82.8) 171 (17.2) 993 993 GB-NIR 234 (74.1) 82 (25.9) 316 316 GR 943 (94.3) 57 (5.7) 1000 1000 IE 836 (83.9) 161 (16.1) 997 997 IT 933 (90.4) 99 (9.6) 1032 1032 LU 126 (41.7) 176 (58.3) 302 302 NL 535 (55.5) 429 (44.5) 964 964 PT 818 (81.8) 182 (18.2) 1000 1000 N Sum 9369 2214 11583 N Valid Sum 9369 2214 11583 printed 27.02.2012 page 402 Eurobarometer 28 - October-November 1987,GESIS Variable Report,428,ZA1713
v399,v399 0 1 2 N Sum N Valid Sum,EUROPEAN COMMISSION - HEARD,isocntry M BE 90 376 (41.1) 539 (58.9) 1005 915 DE 101 438 (51.2) 418 (48.8) 957 856 DK 45 639 (66.8) 318 (33.2) 1002 957 ES 111 420 (46.4) 486 (53.6) 1017 906 FR 28 477 (49.2) 493 (50.8) 998 970 GB-GBN 32 385 (40.1) 576 (59.9) 993 961 GB-NIR 4 99 (31.7) 213 (68.3) 316 312 GR 48 423 (44.4) 529 (55.6) 1000 952 IE 53 383 (40.6) 561 (59.4) 997 944 IT 48 397 (40.3) 587 (59.7) 1032 984 LU 6 172 (58.1) 124 (41.9) 302 296 NL 58 386 (42.6) 521 (57.4) 965 907 PT 58 644 (68.4) 298 (31.6) 1000 942 N Sum 682 5239 5663 11584 N Valid Sum 5239 5663 10902 printed 27.02.2012 page 403 Eurobarometer 28 - October-November 1987,isocntry M BE 90 376 (41.1) 539 (58.9) 1005 915 DE 101 438 (51.2) 418 (48.8) 957 856 DK 45 639 (66.8) 318 (33.2) 1002 957 ES 111 420 (46.4) 486 (53.6) 1017 906 FR 28 477 (49.2) 493 (50.8) 998 970 GB-GBN 32 385 (40.1) 576 (59.9) 993 961 GB-NIR 4 99 (31.7) 213 (68.3) 316 312 GR 48 423 (44.4) 529 (55.6) 1000 952 IE 53 383 (40.6) 561 (59.4) 997 944 IT 48 397 (40.3) 587 (59.7) 1032 984 LU 6 172 (58.1) 124 (41.9) 302 296 NL 58 386 (42.6) 521 (57.4) 965 907 PT 58 644 (68.4) 298 (31.6) 1000 942 N Sum 682 5239 5663 11584 N Valid Sum 5239 5663 10902 printed 27.02.2012 page 403 Eurobarometer 28 - October-November 1987,GESIS Variable Report,429,ZA1713
v400,v400 1 2 3 4 9 N Sum N Valid Sum,EUROPEAN COMMISSION - IMPRESSION,isocntry M M BE 168 (46.3) 135 (37.2) 60 (16.5) 13 629 1005 363 DE 116 (27.0) 120 (28.0) 193 (45.0) 9 519 957 429 DK 102 (17.3) 248 (42.0) 240 (40.7) 50 363 1003 590 ES 211 (57.2) 111 (30.1) 47 (12.7) 50 597 1016 369 FR 218 (48.9) 145 (32.5) 83 (18.6) 31 522 999 446 GB-GBN 96 (26.0) 87 (23.6) 186 (50.4) 16 608 993 369 GB-NIR 42 (46.7) 14 (15.6) 34 (37.8) 9 217 316 90 GR 220 (56.0) 115 (29.3) 58 (14.8) 30 577 1000 393 IE 219 (60.7) 80 (22.2) 62 (17.2) 22 614 997 361 IT 253 (66.9) 73 (19.3) 52 (13.8) 19 635 1032 378 LU 45 (26.5) 61 (35.9) 64 (37.6) 2 130 302 170 NL 99 (28.4) 77 (22.1) 172 (49.4) 37 578 963 348 PT 390 (64.0) 178 (29.2) 41 (6.7) 35 356 1000 609 N Sum 2179 1444 1292 323 6345 11583 N Valid Sum 2179 1444 1292 4915 printed 27.02.2012 page 404 Eurobarometer 28 - October-November 1987,isocntry M M BE 168 (46.3) 135 (37.2) 60 (16.5) 13 629 1005 363 DE 116 (27.0) 120 (28.0) 193 (45.0) 9 519 957 429 DK 102 (17.3) 248 (42.0) 240 (40.7) 50 363 1003 590 ES 211 (57.2) 111 (30.1) 47 (12.7) 50 597 1016 369 FR 218 (48.9) 145 (32.5) 83 (18.6) 31 522 999 446 GB-GBN 96 (26.0) 87 (23.6) 186 (50.4) 16 608 993 369 GB-NIR 42 (46.7) 14 (15.6) 34 (37.8) 9 217 316 90 GR 220 (56.0) 115 (29.3) 58 (14.8) 30 577 1000 393 IE 219 (60.7) 80 (22.2) 62 (17.2) 22 614 997 361 IT 253 (66.9) 73 (19.3) 52 (13.8) 19 635 1032 378 LU 45 (26.5) 61 (35.9) 64 (37.6) 2 130 302 170 NL 99 (28.4) 77 (22.1) 172 (49.4) 37 578 963 348 PT 390 (64.0) 178 (29.2) 41 (6.7) 35 356 1000 609 N Sum 2179 1444 1292 323 6345 11583 N Valid Sum 2179 1444 1292 4915 printed 27.02.2012 page 404 Eurobarometer 28 - October-November 1987,GESIS Variable Report,430,ZA1713
v401,v401 0 1 2 3 4 N Sum N Valid Sum,EUROPEAN UNIFICATION - FOR/AGAINST,isocntry M BE 191 290 (35.6) 467 (57.4) 49 (6.0) 8 (1.0) 1005 814 DE 93 272 (31.5) 465 (53.9) 100 (11.6) 26 (3.0) 956 863 DK 90 140 (15.4) 345 (37.8) 220 (24.1) 207 (22.7) 1002 912 ES 238 392 (50.3) 335 (43.0) 34 (4.4) 18 (2.3) 1017 779 FR 108 345 (38.7) 502 (56.3) 39 (4.4) 5 (0.6) 999 891 GB-GBN 121 244 (28.0) 446 (51.2) 113 (13.0) 68 (7.8) 992 871 GB-NIR 92 56 (25.0) 130 (58.0) 22 (9.8) 16 (7.1) 316 224 GR 165 366 (43.8) 321 (38.4) 94 (11.3) 54 (6.5) 1000 835 IE 261 218 (29.6) 391 (53.1) 97 (13.2) 30 (4.1) 997 736 IT 94 426 (45.4) 462 (49.3) 39 (4.2) 11 (1.2) 1032 938 LU 31 130 (48.0) 116 (42.8) 19 (7.0) 6 (2.2) 302 271 NL 104 307 (35.7) 447 (52.0) 79 (9.2) 27 (3.1) 964 860 PT 227 505 (65.3) 222 (28.7) 32 (4.1) 14 (1.8) 1000 773 N Sum 1815 3691 4649 937 490 11582 N Valid Sum 3691 4649 937 490 9767 printed 27.02.2012 page 405 Eurobarometer 28 - October-November 1987,isocntry M BE 191 290 (35.6) 467 (57.4) 49 (6.0) 8 (1.0) 1005 814 DE 93 272 (31.5) 465 (53.9) 100 (11.6) 26 (3.0) 956 863 DK 90 140 (15.4) 345 (37.8) 220 (24.1) 207 (22.7) 1002 912 ES 238 392 (50.3) 335 (43.0) 34 (4.4) 18 (2.3) 1017 779 FR 108 345 (38.7) 502 (56.3) 39 (4.4) 5 (0.6) 999 891 GB-GBN 121 244 (28.0) 446 (51.2) 113 (13.0) 68 (7.8) 992 871 GB-NIR 92 56 (25.0) 130 (58.0) 22 (9.8) 16 (7.1) 316 224 GR 165 366 (43.8) 321 (38.4) 94 (11.3) 54 (6.5) 1000 835 IE 261 218 (29.6) 391 (53.1) 97 (13.2) 30 (4.1) 997 736 IT 94 426 (45.4) 462 (49.3) 39 (4.2) 11 (1.2) 1032 938 LU 31 130 (48.0) 116 (42.8) 19 (7.0) 6 (2.2) 302 271 NL 104 307 (35.7) 447 (52.0) 79 (9.2) 27 (3.1) 964 860 PT 227 505 (65.3) 222 (28.7) 32 (4.1) 14 (1.8) 1000 773 N Sum 1815 3691 4649 937 490 11582 N Valid Sum 3691 4649 937 490 9767 printed 27.02.2012 page 405 Eurobarometer 28 - October-November 1987,GESIS Variable Report,431,ZA1713
v402,,EUROPEAN UNIFICATION SPEED - NOWADAYS,,EUROPEAN UNIFICATION SPEED - NOWADAYS,GESIS Variable Report,432,ZA1713
v403,,EUROPEAN UNIFICATION SPEED - PREFERENCE,,EUROPEAN UNIFICATION SPEED - PREFERENCE,GESIS Variable Report,433,ZA1713
v404,v404 0 1 2 3 N Sum N Valid Sum,EC MEMBERSHIP - GOOD/BAD,isocntry M BE 76 701 (75.5) 192 (20.7) 36 (3.9) 1005 929 DE 85 592 (67.9) 233 (26.7) 47 (5.4) 957 872 DK 43 388 (40.5) 285 (29.7) 285 (29.7) 1001 958 ES 149 650 (74.9) 163 (18.8) 55 (6.3) 1017 868 FR 30 743 (76.7) 183 (18.9) 43 (4.4) 999 969 GB-GBN 54 459 (48.9) 245 (26.1) 235 (25.0) 993 939 GB-NIR 25 136 (46.7) 97 (33.3) 58 (19.9) 316 291 GR 95 583 (64.4) 207 (22.9) 115 (12.7) 1000 905 IE 62 642 (68.7) 206 (22.0) 87 (9.3) 997 935 IT 33 819 (82.0) 150 (15.0) 30 (3.0) 1032 999 LU 10 263 (90.1) 26 (8.9) 3 (1.0) 302 292 NL 39 798 (86.2) 100 (10.8) 28 (3.0) 965 926 PT 74 684 (73.9) 205 (22.1) 37 (4.0) 1000 926 N Sum 775 7458 2292 1059 11584 N Valid Sum 7458 2292 1059 10809 printed 27.02.2012 page 408 Eurobarometer 28 - October-November 1987,isocntry M BE 76 701 (75.5) 192 (20.7) 36 (3.9) 1005 929 DE 85 592 (67.9) 233 (26.7) 47 (5.4) 957 872 DK 43 388 (40.5) 285 (29.7) 285 (29.7) 1001 958 ES 149 650 (74.9) 163 (18.8) 55 (6.3) 1017 868 FR 30 743 (76.7) 183 (18.9) 43 (4.4) 999 969 GB-GBN 54 459 (48.9) 245 (26.1) 235 (25.0) 993 939 GB-NIR 25 136 (46.7) 97 (33.3) 58 (19.9) 316 291 GR 95 583 (64.4) 207 (22.9) 115 (12.7) 1000 905 IE 62 642 (68.7) 206 (22.0) 87 (9.3) 997 935 IT 33 819 (82.0) 150 (15.0) 30 (3.0) 1032 999 LU 10 263 (90.1) 26 (8.9) 3 (1.0) 302 292 NL 39 798 (86.2) 100 (10.8) 28 (3.0) 965 926 PT 74 684 (73.9) 205 (22.1) 37 (4.0) 1000 926 N Sum 775 7458 2292 1059 11584 N Valid Sum 7458 2292 1059 10809 printed 27.02.2012 page 408 Eurobarometer 28 - October-November 1987,GESIS Variable Report,434,ZA1713
v405,,EC SINGLE MARKET ADV - CUSTOM CONTROLS,,EC SINGLE MARKET ADV - CUSTOM CONTROLS,GESIS Variable Report,435,ZA1713
v406,,EC SINGLE MARKET ADV - FREEDOM TO LIVE,,EC SINGLE MARKET ADV - FREEDOM TO LIVE,GESIS Variable Report,436,ZA1713
v407,,EC SINGLE MARKET ADV - FREEDOM TO WORK,,EC SINGLE MARKET ADV - FREEDOM TO WORK,GESIS Variable Report,437,ZA1713
v408,,EC SINGLE MARKET ADV - FOREIGN PRODUCTS,,EC SINGLE MARKET ADV - FOREIGN PRODUCTS,GESIS Variable Report,438,ZA1713
v409,,EC SINGLE MARKET ADV - VAT RATES,,EC SINGLE MARKET ADV - VAT RATES,GESIS Variable Report,439,ZA1713
v410,,EC SINGLE MARKET ADV - PAYMENT ABILITIES,,EC SINGLE MARKET ADV - PAYMENT ABILITIES,GESIS Variable Report,440,ZA1713
v411,,EC SINGLE MARKET ADV - TRAVEL ABILITIES,,EC SINGLE MARKET ADV - TRAVEL ABILITIES,GESIS Variable Report,441,ZA1713
v412,v412 1 2 3 N Sum N Valid Sum,EC SINGLE MARKET ADV - PROPERTIES,isocntry M BE 664 (84.5) 122 (15.5) 219 1005 786 DE 702 (82.3) 151 (17.7) 104 957 853 DK 269 (31.2) 594 (68.8) 139 1002 863 ES 663 (87.1) 98 (12.9) 255 1016 761 FR 712 (79.6) 183 (20.4) 104 999 895 GB-GBN 668 (74.7) 226 (25.3) 99 993 894 GB-NIR 227 (83.5) 45 (16.5) 44 316 272 GR 610 (70.9) 250 (29.1) 140 1000 860 IE 635 (77.2) 188 (22.8) 174 997 823 IT 752 (84.3) 140 (15.7) 140 1032 892 LU 226 (85.9) 37 (14.1) 39 302 263 NL 626 (80.9) 148 (19.1) 190 964 774 PT 733 (86.6) 113 (13.4) 154 1000 846 N Sum 7487 2295 1801 11583 N Valid Sum 7487 2295 9782 printed 27.02.2012 page 416 Eurobarometer 28 - October-November 1987,isocntry M BE 664 (84.5) 122 (15.5) 219 1005 786 DE 702 (82.3) 151 (17.7) 104 957 853 DK 269 (31.2) 594 (68.8) 139 1002 863 ES 663 (87.1) 98 (12.9) 255 1016 761 FR 712 (79.6) 183 (20.4) 104 999 895 GB-GBN 668 (74.7) 226 (25.3) 99 993 894 GB-NIR 227 (83.5) 45 (16.5) 44 316 272 GR 610 (70.9) 250 (29.1) 140 1000 860 IE 635 (77.2) 188 (22.8) 174 997 823 IT 752 (84.3) 140 (15.7) 140 1032 892 LU 226 (85.9) 37 (14.1) 39 302 263 NL 626 (80.9) 148 (19.1) 190 964 774 PT 733 (86.6) 113 (13.4) 154 1000 846 N Sum 7487 2295 1801 11583 N Valid Sum 7487 2295 9782 printed 27.02.2012 page 416 Eurobarometer 28 - October-November 1987,GESIS Variable Report,442,ZA1713
v413,v413 1 2 3 N Sum N Valid Sum,EC SINGLE MARKET ADV - BANK ACCOUNTS,isocntry M BE 713 (86.8) 108 (13.2) 184 1005 821 DE 702 (84.0) 134 (16.0) 121 957 836 DK 428 (52.3) 390 (47.7) 184 1002 818 ES 671 (87.9) 92 (12.1) 253 1016 763 FR 693 (78.5) 190 (21.5) 116 999 883 GB-GBN 740 (81.1) 173 (18.9) 80 993 913 GB-NIR 240 (87.3) 35 (12.7) 41 316 275 GR 672 (79.4) 174 (20.6) 154 1000 846 IE 735 (87.5) 105 (12.5) 157 997 840 IT 698 (78.3) 194 (21.7) 140 1032 892 LU 240 (88.6) 31 (11.4) 31 302 271 NL 623 (78.0) 176 (22.0) 166 965 799 PT 747 (88.4) 98 (11.6) 155 1000 845 N Sum 7902 1900 1782 11584 N Valid Sum 7902 1900 9802 printed 27.02.2012 page 417 Eurobarometer 28 - October-November 1987,isocntry M BE 713 (86.8) 108 (13.2) 184 1005 821 DE 702 (84.0) 134 (16.0) 121 957 836 DK 428 (52.3) 390 (47.7) 184 1002 818 ES 671 (87.9) 92 (12.1) 253 1016 763 FR 693 (78.5) 190 (21.5) 116 999 883 GB-GBN 740 (81.1) 173 (18.9) 80 993 913 GB-NIR 240 (87.3) 35 (12.7) 41 316 275 GR 672 (79.4) 174 (20.6) 154 1000 846 IE 735 (87.5) 105 (12.5) 157 997 840 IT 698 (78.3) 194 (21.7) 140 1032 892 LU 240 (88.6) 31 (11.4) 31 302 271 NL 623 (78.0) 176 (22.0) 166 965 799 PT 747 (88.4) 98 (11.6) 155 1000 845 N Sum 7902 1900 1782 11584 N Valid Sum 7902 1900 9802 printed 27.02.2012 page 417 Eurobarometer 28 - October-November 1987,GESIS Variable Report,443,ZA1713
v414,,EC SINGLE MARKET ADV - PUBLIC WORKS,,EC SINGLE MARKET ADV - PUBLIC WORKS,GESIS Variable Report,444,ZA1713
v415,v415 0 1 2 3 N Sum N Valid Sum,EC SINGLE MARKET - GOOD/BAD,isocntry M BE 97 660 (72.7) 220 (24.2) 28 (3.1) 1005 908 DE 96 502 (58.3) 311 (36.1) 48 (5.6) 957 861 DK 204 287 (36.0) 280 (35.1) 231 (28.9) 1002 798 ES 199 601 (73.6) 173 (21.2) 43 (5.3) 1016 817 FR 65 554 (59.3) 323 (34.5) 58 (6.2) 1000 935 GB-GBN 134 430 (50.1) 282 (32.8) 147 (17.1) 993 859 GB-NIR 47 142 (52.8) 101 (37.5) 26 (9.7) 316 269 GR 189 538 (66.3) 202 (24.9) 71 (8.8) 1000 811 IE 230 548 (71.4) 171 (22.3) 48 (6.3) 997 767 IT 77 796 (83.4) 138 (14.5) 21 (2.2) 1032 955 LU 29 184 (67.4) 74 (27.1) 15 (5.5) 302 273 NL 118 551 (65.1) 266 (31.4) 29 (3.4) 964 846 PT 261 599 (81.1) 122 (16.5) 18 (2.4) 1000 739 N Sum 1746 6392 2663 783 11584 N Valid Sum 6392 2663 783 9838 printed 27.02.2012 page 419 Eurobarometer 28 - October-November 1987,isocntry M BE 97 660 (72.7) 220 (24.2) 28 (3.1) 1005 908 DE 96 502 (58.3) 311 (36.1) 48 (5.6) 957 861 DK 204 287 (36.0) 280 (35.1) 231 (28.9) 1002 798 ES 199 601 (73.6) 173 (21.2) 43 (5.3) 1016 817 FR 65 554 (59.3) 323 (34.5) 58 (6.2) 1000 935 GB-GBN 134 430 (50.1) 282 (32.8) 147 (17.1) 993 859 GB-NIR 47 142 (52.8) 101 (37.5) 26 (9.7) 316 269 GR 189 538 (66.3) 202 (24.9) 71 (8.8) 1000 811 IE 230 548 (71.4) 171 (22.3) 48 (6.3) 997 767 IT 77 796 (83.4) 138 (14.5) 21 (2.2) 1032 955 LU 29 184 (67.4) 74 (27.1) 15 (5.5) 302 273 NL 118 551 (65.1) 266 (31.4) 29 (3.4) 964 846 PT 261 599 (81.1) 122 (16.5) 18 (2.4) 1000 739 N Sum 1746 6392 2663 783 11584 N Valid Sum 6392 2663 783 9838 printed 27.02.2012 page 419 Eurobarometer 28 - October-November 1987,GESIS Variable Report,445,ZA1713
v416,v416 0 1 2 N Sum N Valid Sum,EUROPEAN UNIFICATION GOING FURTHER,isocntry M BE 231 560 (72.4) 214 (27.6) 1005 774 DE 241 456 (63.7) 260 (36.3) 957 716 DK 228 161 (20.8) 613 (79.2) 1002 774 ES 425 387 (65.5) 204 (34.5) 1016 591 FR 181 469 (57.3) 349 (42.7) 999 818 GB-GBN 219 284 (36.7) 490 (63.3) 993 774 GB-NIR 104 69 (32.5) 143 (67.5) 316 212 GR 351 500 (77.0) 149 (23.0) 1000 649 IE 430 273 (48.1) 294 (51.9) 997 567 IT 123 811 (89.2) 98 (10.8) 1032 909 LU 59 134 (55.1) 109 (44.9) 302 243 NL 194 463 (60.1) 307 (39.9) 964 770 PT 333 457 (68.5) 210 (31.5) 1000 667 N Sum 3119 5024 3440 11583 N Valid Sum 5024 3440 8464 printed 27.02.2012 page 420 Eurobarometer 28 - October-November 1987,isocntry M BE 231 560 (72.4) 214 (27.6) 1005 774 DE 241 456 (63.7) 260 (36.3) 957 716 DK 228 161 (20.8) 613 (79.2) 1002 774 ES 425 387 (65.5) 204 (34.5) 1016 591 FR 181 469 (57.3) 349 (42.7) 999 818 GB-GBN 219 284 (36.7) 490 (63.3) 993 774 GB-NIR 104 69 (32.5) 143 (67.5) 316 212 GR 351 500 (77.0) 149 (23.0) 1000 649 IE 430 273 (48.1) 294 (51.9) 997 567 IT 123 811 (89.2) 98 (10.8) 1032 909 LU 59 134 (55.1) 109 (44.9) 302 243 NL 194 463 (60.1) 307 (39.9) 964 770 PT 333 457 (68.5) 210 (31.5) 1000 667 N Sum 3119 5024 3440 11583 N Valid Sum 5024 3440 8464 printed 27.02.2012 page 420 Eurobarometer 28 - October-November 1987,GESIS Variable Report,446,ZA1713
v417,v417 0 1 9 N Sum N Valid Sum,EUROP UNIFICATION - POLITICAL UNION,isocntry M BE 361 (64.5) 199 (35.5) 445 1005 560 DE 238 (52.2) 218 (47.8) 501 957 456 DK 111 (68.9) 50 (31.1) 841 1002 161 ES 207 (53.5) 180 (46.5) 629 1016 387 FR 300 (64.0) 169 (36.0) 530 999 469 GB-GBN 167 (58.8) 117 (41.2) 709 993 284 GB-NIR 39 (56.5) 30 (43.5) 247 316 69 GR 267 (53.4) 233 (46.6) 500 1000 500 IE 151 (55.3) 122 (44.7) 724 997 273 IT 454 (56.0) 357 (44.0) 221 1032 811 LU 62 (46.3) 72 (53.7) 168 302 134 NL 317 (68.5) 146 (31.5) 501 964 463 PT 266 (58.2) 191 (41.8) 543 1000 457 N Sum 2940 2084 6559 11583 N Valid Sum 2940 2084 5024 printed 27.02.2012 page 421 Eurobarometer 28 - October-November 1987,isocntry M BE 361 (64.5) 199 (35.5) 445 1005 560 DE 238 (52.2) 218 (47.8) 501 957 456 DK 111 (68.9) 50 (31.1) 841 1002 161 ES 207 (53.5) 180 (46.5) 629 1016 387 FR 300 (64.0) 169 (36.0) 530 999 469 GB-GBN 167 (58.8) 117 (41.2) 709 993 284 GB-NIR 39 (56.5) 30 (43.5) 247 316 69 GR 267 (53.4) 233 (46.6) 500 1000 500 IE 151 (55.3) 122 (44.7) 724 997 273 IT 454 (56.0) 357 (44.0) 221 1032 811 LU 62 (46.3) 72 (53.7) 168 302 134 NL 317 (68.5) 146 (31.5) 501 964 463 PT 266 (58.2) 191 (41.8) 543 1000 457 N Sum 2940 2084 6559 11583 N Valid Sum 2940 2084 5024 printed 27.02.2012 page 421 Eurobarometer 28 - October-November 1987,GESIS Variable Report,447,ZA1713
v418,v418 0 1 9 N Sum N Valid Sum,EUROP UNIFICATION - COMMON DEFENCE,isocntry M BE 356 (63.6) 204 (36.4) 445 1005 560 DE 311 (68.1) 146 (31.9) 501 958 457 DK 91 (56.2) 71 (43.8) 841 1003 162 ES 266 (68.6) 122 (31.4) 629 1017 388 FR 274 (58.4) 195 (41.6) 530 999 469 GB-GBN 126 (44.4) 158 (55.6) 709 993 284 GB-NIR 43 (62.3) 26 (37.7) 247 316 69 GR 255 (51.0) 245 (49.0) 500 1000 500 IE 177 (64.8) 96 (35.2) 724 997 273 IT 548 (67.6) 263 (32.4) 221 1032 811 LU 87 (64.9) 47 (35.1) 168 302 134 NL 361 (77.8) 103 (22.2) 501 965 464 PT 290 (63.5) 167 (36.5) 543 1000 457 N Sum 3185 1843 6559 11587 N Valid Sum 3185 1843 5028 printed 27.02.2012 page 422 Eurobarometer 28 - October-November 1987,isocntry M BE 356 (63.6) 204 (36.4) 445 1005 560 DE 311 (68.1) 146 (31.9) 501 958 457 DK 91 (56.2) 71 (43.8) 841 1003 162 ES 266 (68.6) 122 (31.4) 629 1017 388 FR 274 (58.4) 195 (41.6) 530 999 469 GB-GBN 126 (44.4) 158 (55.6) 709 993 284 GB-NIR 43 (62.3) 26 (37.7) 247 316 69 GR 255 (51.0) 245 (49.0) 500 1000 500 IE 177 (64.8) 96 (35.2) 724 997 273 IT 548 (67.6) 263 (32.4) 221 1032 811 LU 87 (64.9) 47 (35.1) 168 302 134 NL 361 (77.8) 103 (22.2) 501 965 464 PT 290 (63.5) 167 (36.5) 543 1000 457 N Sum 3185 1843 6559 11587 N Valid Sum 3185 1843 5028 printed 27.02.2012 page 422 Eurobarometer 28 - October-November 1987,GESIS Variable Report,448,ZA1713
v419,v419 0 1 9 N Sum N Valid Sum,EUROP UNIFICATION - COMMON CURRENCY,isocntry M BE 217 (38.8) 343 (61.3) 445 1005 560 DE 256 (56.1) 200 (43.9) 501 957 456 DK 78 (48.4) 83 (51.6) 841 1002 161 ES 243 (62.8) 144 (37.2) 629 1016 387 FR 152 (32.4) 317 (67.6) 530 999 469 GB-GBN 187 (65.8) 97 (34.2) 709 993 284 GB-NIR 48 (69.6) 21 (30.4) 247 316 69 GR 271 (54.2) 229 (45.8) 500 1000 500 IE 144 (52.7) 129 (47.3) 724 997 273 IT 385 (47.5) 426 (52.5) 221 1032 811 LU 48 (35.8) 86 (64.2) 168 302 134 NL 280 (60.5) 183 (39.5) 501 964 463 PT 303 (66.3) 154 (33.7) 543 1000 457 N Sum 2612 2412 6559 11583 N Valid Sum 2612 2412 5024 printed 27.02.2012 page 423 Eurobarometer 28 - October-November 1987,isocntry M BE 217 (38.8) 343 (61.3) 445 1005 560 DE 256 (56.1) 200 (43.9) 501 957 456 DK 78 (48.4) 83 (51.6) 841 1002 161 ES 243 (62.8) 144 (37.2) 629 1016 387 FR 152 (32.4) 317 (67.6) 530 999 469 GB-GBN 187 (65.8) 97 (34.2) 709 993 284 GB-NIR 48 (69.6) 21 (30.4) 247 316 69 GR 271 (54.2) 229 (45.8) 500 1000 500 IE 144 (52.7) 129 (47.3) 724 997 273 IT 385 (47.5) 426 (52.5) 221 1032 811 LU 48 (35.8) 86 (64.2) 168 302 134 NL 280 (60.5) 183 (39.5) 501 964 463 PT 303 (66.3) 154 (33.7) 543 1000 457 N Sum 2612 2412 6559 11583 N Valid Sum 2612 2412 5024 printed 27.02.2012 page 423 Eurobarometer 28 - October-November 1987,GESIS Variable Report,449,ZA1713
v420,v420 0 1 9 N Sum N Valid Sum,EUROP UNIFICATION - SCIENTIF/TECHN COOP,isocntry M BE 248 (44.3) 312 (55.7) 445 1005 560 DE 140 (30.7) 316 (69.3) 501 957 456 DK 33 (20.5) 128 (79.5) 841 1002 161 ES 159 (41.0) 229 (59.0) 629 1017 388 FR 143 (30.5) 326 (69.5) 530 999 469 GB-GBN 118 (41.5) 166 (58.5) 709 993 284 GB-NIR 35 (50.7) 34 (49.3) 247 316 69 GR 198 (39.6) 302 (60.4) 500 1000 500 IE 130 (47.6) 143 (52.4) 724 997 273 IT 296 (36.5) 515 (63.5) 221 1032 811 LU 53 (39.6) 81 (60.4) 168 302 134 NL 132 (28.5) 331 (71.5) 501 964 463 PT 256 (56.0) 201 (44.0) 543 1000 457 N Sum 1941 3084 6559 11584 N Valid Sum 1941 3084 5025 printed 27.02.2012 page 424 Eurobarometer 28 - October-November 1987,isocntry M BE 248 (44.3) 312 (55.7) 445 1005 560 DE 140 (30.7) 316 (69.3) 501 957 456 DK 33 (20.5) 128 (79.5) 841 1002 161 ES 159 (41.0) 229 (59.0) 629 1017 388 FR 143 (30.5) 326 (69.5) 530 999 469 GB-GBN 118 (41.5) 166 (58.5) 709 993 284 GB-NIR 35 (50.7) 34 (49.3) 247 316 69 GR 198 (39.6) 302 (60.4) 500 1000 500 IE 130 (47.6) 143 (52.4) 724 997 273 IT 296 (36.5) 515 (63.5) 221 1032 811 LU 53 (39.6) 81 (60.4) 168 302 134 NL 132 (28.5) 331 (71.5) 501 964 463 PT 256 (56.0) 201 (44.0) 543 1000 457 N Sum 1941 3084 6559 11584 N Valid Sum 1941 3084 5025 printed 27.02.2012 page 424 Eurobarometer 28 - October-November 1987,GESIS Variable Report,450,ZA1713
v421,v421 0 1 9 N Sum N Valid Sum,EUROP UNIFICATION - OTHER,isocntry M BE 549 (98.0) 11 (2.0) 445 1005 560 DE 441 (96.7) 15 (3.3) 501 957 456 DK 157 (97.5) 4 (2.5) 841 1002 161 ES 380 (97.9) 8 (2.1) 629 1017 388 FR 451 (96.2) 18 (3.8) 530 999 469 GB-GBN 276 (97.2) 8 (2.8) 709 993 284 GB-NIR 67 (97.1) 2 (2.9) 247 316 69 GR 498 (99.6) 2 (0.4) 500 1000 500 IE 269 (98.5) 4 (1.5) 724 997 273 IT 803 (99.0) 8 (1.0) 221 1032 811 LU 132 (98.5) 2 (1.5) 168 302 134 NL 430 (92.7) 34 (7.3) 501 965 464 PT 448 (98.0) 9 (2.0) 543 1000 457 N Sum 4901 125 6559 11585 N Valid Sum 4901 125 5026 printed 27.02.2012 page 425 Eurobarometer 28 - October-November 1987,isocntry M BE 549 (98.0) 11 (2.0) 445 1005 560 DE 441 (96.7) 15 (3.3) 501 957 456 DK 157 (97.5) 4 (2.5) 841 1002 161 ES 380 (97.9) 8 (2.1) 629 1017 388 FR 451 (96.2) 18 (3.8) 530 999 469 GB-GBN 276 (97.2) 8 (2.8) 709 993 284 GB-NIR 67 (97.1) 2 (2.9) 247 316 69 GR 498 (99.6) 2 (0.4) 500 1000 500 IE 269 (98.5) 4 (1.5) 724 997 273 IT 803 (99.0) 8 (1.0) 221 1032 811 LU 132 (98.5) 2 (1.5) 168 302 134 NL 430 (92.7) 34 (7.3) 501 965 464 PT 448 (98.0) 9 (2.0) 543 1000 457 N Sum 4901 125 6559 11585 N Valid Sum 4901 125 5026 printed 27.02.2012 page 425 Eurobarometer 28 - October-November 1987,GESIS Variable Report,451,ZA1713
v422,v422 0 1 9 N Sum N Valid Sum,EUROP UNIFICATION - DK,isocntry M BE 534 (95.4) 26 (4.6) 445 1005 560 DE 450 (98.7) 6 (1.3) 501 957 456 DK 153 (95.0) 8 (5.0) 841 1002 161 ES 354 (91.5) 33 (8.5) 629 1016 387 FR 463 (98.7) 6 (1.3) 530 999 469 GB-GBN 270 (95.1) 14 (4.9) 709 993 284 GB-NIR 66 (95.7) 3 (4.3) 247 316 69 GR 477 (95.4) 23 (4.6) 500 1000 500 IE 265 (97.1) 8 (2.9) 724 997 273 IT 792 (97.7) 19 (2.3) 221 1032 811 LU 131 (97.8) 3 (2.2) 168 302 134 NL 450 (97.2) 13 (2.8) 501 964 463 PT 422 (92.3) 35 (7.7) 543 1000 457 N Sum 4827 197 6559 11583 N Valid Sum 4827 197 5024 printed 27.02.2012 page 426 Eurobarometer 28 - October-November 1987,isocntry M BE 534 (95.4) 26 (4.6) 445 1005 560 DE 450 (98.7) 6 (1.3) 501 957 456 DK 153 (95.0) 8 (5.0) 841 1002 161 ES 354 (91.5) 33 (8.5) 629 1016 387 FR 463 (98.7) 6 (1.3) 530 999 469 GB-GBN 270 (95.1) 14 (4.9) 709 993 284 GB-NIR 66 (95.7) 3 (4.3) 247 316 69 GR 477 (95.4) 23 (4.6) 500 1000 500 IE 265 (97.1) 8 (2.9) 724 997 273 IT 792 (97.7) 19 (2.3) 221 1032 811 LU 131 (97.8) 3 (2.2) 168 302 134 NL 450 (97.2) 13 (2.8) 501 964 463 PT 422 (92.3) 35 (7.7) 543 1000 457 N Sum 4827 197 6559 11583 N Valid Sum 4827 197 5024 printed 27.02.2012 page 426 Eurobarometer 28 - October-November 1987,GESIS Variable Report,452,ZA1713
v423,,EC PRESIDENCY DENMARK - HEARD ABOUT,,EC PRESIDENCY DENMARK - HEARD ABOUT,GESIS Variable Report,453,ZA1713
v424,,EC PRESIDENCY DENMARK - IMPORTANCE,,EC PRESIDENCY DENMARK - IMPORTANCE,GESIS Variable Report,454,ZA1713
v425,v425 0 1 2 N Sum N Valid Sum,EC MEMBERSHIP - COUNTRY BENEFIT,isocntry M BE 187 643 (78.6) 175 (21.4) 1005 818 DE 181 516 (66.5) 260 (33.5) 957 776 DK 181 529 (64.4) 292 (35.6) 1002 821 ES 228 238 (30.2) 550 (69.8) 1016 788 FR 197 587 (73.2) 215 (26.8) 999 802 GB-GBN 92 483 (53.7) 417 (46.3) 992 900 GB-NIR 52 169 (64.0) 95 (36.0) 316 264 GR 169 642 (77.3) 189 (22.7) 1000 831 IE 89 784 (86.3) 124 (13.7) 997 908 IT 152 741 (84.2) 139 (15.8) 1032 880 LU 31 253 (93.4) 18 (6.6) 302 271 NL 131 713 (85.6) 120 (14.4) 964 833 PT 145 726 (84.9) 129 (15.1) 1000 855 N Sum 1835 7024 2723 11582 N Valid Sum 7024 2723 9747 printed 27.02.2012 page 429 Eurobarometer 28 - October-November 1987,isocntry M BE 187 643 (78.6) 175 (21.4) 1005 818 DE 181 516 (66.5) 260 (33.5) 957 776 DK 181 529 (64.4) 292 (35.6) 1002 821 ES 228 238 (30.2) 550 (69.8) 1016 788 FR 197 587 (73.2) 215 (26.8) 999 802 GB-GBN 92 483 (53.7) 417 (46.3) 992 900 GB-NIR 52 169 (64.0) 95 (36.0) 316 264 GR 169 642 (77.3) 189 (22.7) 1000 831 IE 89 784 (86.3) 124 (13.7) 997 908 IT 152 741 (84.2) 139 (15.8) 1032 880 LU 31 253 (93.4) 18 (6.6) 302 271 NL 131 713 (85.6) 120 (14.4) 964 833 PT 145 726 (84.9) 129 (15.1) 1000 855 N Sum 1835 7024 2723 11582 N Valid Sum 7024 2723 9747 printed 27.02.2012 page 429 Eurobarometer 28 - October-November 1987,GESIS Variable Report,455,ZA1713
v426,v426 0 1 2 3 N Sum N Valid Sum,EC DISSOLUTION - REGRET,isocntry M BE 94 426 (46.8) 452 (49.6) 33 (3.6) 1005 911 DE 119 487 (58.2) 294 (35.1) 56 (6.7) 956 837 DK 135 303 (34.9) 295 (34.0) 269 (31.0) 1002 867 ES 217 438 (54.8) 324 (40.6) 37 (4.6) 1016 799 FR 89 519 (57.0) 363 (39.9) 28 (3.1) 999 910 GB-GBN 39 260 (27.3) 477 (50.0) 217 (22.7) 993 954 GB-NIR 25 69 (23.7) 177 (60.8) 45 (15.5) 316 291 GR 158 356 (42.3) 403 (47.9) 83 (9.9) 1000 842 IE 83 519 (56.8) 336 (36.8) 59 (6.5) 997 914 IT 99 541 (58.0) 372 (39.9) 20 (2.1) 1032 933 LU 22 211 (75.4) 67 (23.9) 2 (0.7) 302 280 NL 121 508 (60.3) 317 (37.6) 18 (2.1) 964 843 PT 95 419 (46.3) 455 (50.3) 31 (3.4) 1000 905 N Sum 1296 5056 4332 898 11582 N Valid Sum 5056 4332 898 10286 printed 27.02.2012 page 430 Eurobarometer 28 - October-November 1987,isocntry M BE 94 426 (46.8) 452 (49.6) 33 (3.6) 1005 911 DE 119 487 (58.2) 294 (35.1) 56 (6.7) 956 837 DK 135 303 (34.9) 295 (34.0) 269 (31.0) 1002 867 ES 217 438 (54.8) 324 (40.6) 37 (4.6) 1016 799 FR 89 519 (57.0) 363 (39.9) 28 (3.1) 999 910 GB-GBN 39 260 (27.3) 477 (50.0) 217 (22.7) 993 954 GB-NIR 25 69 (23.7) 177 (60.8) 45 (15.5) 316 291 GR 158 356 (42.3) 403 (47.9) 83 (9.9) 1000 842 IE 83 519 (56.8) 336 (36.8) 59 (6.5) 997 914 IT 99 541 (58.0) 372 (39.9) 20 (2.1) 1032 933 LU 22 211 (75.4) 67 (23.9) 2 (0.7) 302 280 NL 121 508 (60.3) 317 (37.6) 18 (2.1) 964 843 PT 95 419 (46.3) 455 (50.3) 31 (3.4) 1000 905 N Sum 1296 5056 4332 898 11582 N Valid Sum 5056 4332 898 10286 printed 27.02.2012 page 430 Eurobarometer 28 - October-November 1987,GESIS Variable Report,456,ZA1713
v427,v427 0 1 2 3 N Sum N Valid Sum,EC MEMBER COUNTRIES - UNDERSTANDING,isocntry M BE 100 283 (31.3) 487 (53.8) 135 (14.9) 1005 905 DE 115 255 (30.3) 467 (55.5) 120 (14.3) 957 842 DK 74 202 (21.8) 584 (62.9) 142 (15.3) 1002 928 ES 267 395 (52.7) 303 (40.5) 51 (6.8) 1016 749 FR 80 392 (42.7) 449 (48.9) 78 (8.5) 999 919 GB-GBN 66 176 (19.0) 619 (66.7) 133 (14.3) 994 928 GB-NIR 38 51 (18.3) 199 (71.6) 28 (10.1) 316 278 GR 302 304 (43.6) 322 (46.1) 72 (10.3) 1000 698 IE 172 323 (39.2) 439 (53.2) 63 (7.6) 997 825 IT 201 263 (31.6) 516 (62.1) 52 (6.3) 1032 831 LU 28 69 (25.2) 177 (64.6) 28 (10.2) 302 274 NL 123 151 (17.9) 561 (66.6) 130 (15.4) 965 842 PT 203 539 (67.6) 225 (28.2) 33 (4.1) 1000 797 N Sum 1769 3403 5348 1065 11585 N Valid Sum 3403 5348 1065 9816 printed 27.02.2012 page 431 Eurobarometer 28 - October-November 1987,isocntry M BE 100 283 (31.3) 487 (53.8) 135 (14.9) 1005 905 DE 115 255 (30.3) 467 (55.5) 120 (14.3) 957 842 DK 74 202 (21.8) 584 (62.9) 142 (15.3) 1002 928 ES 267 395 (52.7) 303 (40.5) 51 (6.8) 1016 749 FR 80 392 (42.7) 449 (48.9) 78 (8.5) 999 919 GB-GBN 66 176 (19.0) 619 (66.7) 133 (14.3) 994 928 GB-NIR 38 51 (18.3) 199 (71.6) 28 (10.1) 316 278 GR 302 304 (43.6) 322 (46.1) 72 (10.3) 1000 698 IE 172 323 (39.2) 439 (53.2) 63 (7.6) 997 825 IT 201 263 (31.6) 516 (62.1) 52 (6.3) 1032 831 LU 28 69 (25.2) 177 (64.6) 28 (10.2) 302 274 NL 123 151 (17.9) 561 (66.6) 130 (15.4) 965 842 PT 203 539 (67.6) 225 (28.2) 33 (4.1) 1000 797 N Sum 1769 3403 5348 1065 11585 N Valid Sum 3403 5348 1065 9816 printed 27.02.2012 page 431 Eurobarometer 28 - October-November 1987,GESIS Variable Report,457,ZA1713
v428,v428 0 1 2 N Sum N Valid Sum,EUROP PARLIAMENT - HEARD,isocntry M BE 107 478 (53.2) 420 (46.8) 1005 898 DE 118 349 (41.6) 490 (58.4) 957 839 DK 72 594 (63.9) 336 (36.1) 1002 930 ES 95 552 (59.9) 370 (40.1) 1017 922 FR 57 459 (48.7) 483 (51.3) 999 942 GB-GBN 29 406 (42.1) 558 (57.9) 993 964 GB-NIR 7 118 (38.2) 191 (61.8) 316 309 GR 104 401 (44.8) 495 (55.2) 1000 896 IE 64 392 (42.0) 541 (58.0) 997 933 IT 47 477 (48.4) 508 (51.6) 1032 985 LU 11 181 (62.2) 110 (37.8) 302 291 NL 66 309 (34.4) 589 (65.6) 964 898 PT 128 545 (62.5) 327 (37.5) 1000 872 N Sum 905 5261 5418 11584 N Valid Sum 5261 5418 10679 printed 27.02.2012 page 432 Eurobarometer 28 - October-November 1987,isocntry M BE 107 478 (53.2) 420 (46.8) 1005 898 DE 118 349 (41.6) 490 (58.4) 957 839 DK 72 594 (63.9) 336 (36.1) 1002 930 ES 95 552 (59.9) 370 (40.1) 1017 922 FR 57 459 (48.7) 483 (51.3) 999 942 GB-GBN 29 406 (42.1) 558 (57.9) 993 964 GB-NIR 7 118 (38.2) 191 (61.8) 316 309 GR 104 401 (44.8) 495 (55.2) 1000 896 IE 64 392 (42.0) 541 (58.0) 997 933 IT 47 477 (48.4) 508 (51.6) 1032 985 LU 11 181 (62.2) 110 (37.8) 302 291 NL 66 309 (34.4) 589 (65.6) 964 898 PT 128 545 (62.5) 327 (37.5) 1000 872 N Sum 905 5261 5418 11584 N Valid Sum 5261 5418 10679 printed 27.02.2012 page 432 Eurobarometer 28 - October-November 1987,GESIS Variable Report,458,ZA1713
v429,,EUROP PARLIAMENT - IMPRESSION,,EUROP PARLIAMENT - IMPRESSION,GESIS Variable Report,459,ZA1713
v430,v430 0 1 2 3 4 5 N Sum N Valid Sum,ELECTORAL PARTICIPATION - EUROPEAN,isocntry M BE 14 309 (31.2) 259 (26.1) 121 (12.2) 210 (21.2) 92 (9.3) 1005 991 DE 63 278 (31.1) 345 (38.6) 154 (17.2) 92 (10.3) 25 (2.8) 957 894 DK 66 571 (61.0) 172 (18.4) 87 (9.3) 106 (11.3) 1002 936 ES 131 508 (57.4) 229 (25.9) 42 (4.7) 67 (7.6) 39 (4.4) 1016 885 FR 53 479 (50.6) 241 (25.5) 80 (8.5) 99 (10.5) 47 (5.0) 999 946 GB-GBN 336 (33.8) 265 (26.7) 202 (20.3) 142 (14.3) 48 (4.8) 993 993 GB-NIR 14 100 (33.1) 82 (27.2) 65 (21.5) 38 (12.6) 17 (5.6) 316 302 GR 16 664 (67.5) 169 (17.2) 39 (4.0) 92 (9.3) 20 (2.0) 1000 984 IE 117 381 (43.3) 326 (37.0) 69 (7.8) 78 (8.9) 26 (3.0) 997 880 IT 17 728 (71.7) 184 (18.1) 55 (5.4) 29 (2.9) 19 (1.9) 1032 1015 LU 9 160 (54.6) 58 (19.8) 25 (8.5) 42 (14.3) 8 (2.7) 302 293 NL 51 434 (47.5) 219 (24.0) 112 (12.3) 114 (12.5) 35 (3.8) 965 914 PT 85 394 (43.1) 286 (31.3) 57 (6.2) 118 (12.9) 60 (6.6) 1000 915 N Sum 636 5342 2835 1108 1227 436 11584 N Valid Sum 5342 2835 1108 1227 436 10948 printed 27.02.2012 page 434 Eurobarometer 28 - October-November 1987,isocntry M BE 14 309 (31.2) 259 (26.1) 121 (12.2) 210 (21.2) 92 (9.3) 1005 991 DE 63 278 (31.1) 345 (38.6) 154 (17.2) 92 (10.3) 25 (2.8) 957 894 DK 66 571 (61.0) 172 (18.4) 87 (9.3) 106 (11.3) 1002 936 ES 131 508 (57.4) 229 (25.9) 42 (4.7) 67 (7.6) 39 (4.4) 1016 885 FR 53 479 (50.6) 241 (25.5) 80 (8.5) 99 (10.5) 47 (5.0) 999 946 GB-GBN 336 (33.8) 265 (26.7) 202 (20.3) 142 (14.3) 48 (4.8) 993 993 GB-NIR 14 100 (33.1) 82 (27.2) 65 (21.5) 38 (12.6) 17 (5.6) 316 302 GR 16 664 (67.5) 169 (17.2) 39 (4.0) 92 (9.3) 20 (2.0) 1000 984 IE 117 381 (43.3) 326 (37.0) 69 (7.8) 78 (8.9) 26 (3.0) 997 880 IT 17 728 (71.7) 184 (18.1) 55 (5.4) 29 (2.9) 19 (1.9) 1032 1015 LU 9 160 (54.6) 58 (19.8) 25 (8.5) 42 (14.3) 8 (2.7) 302 293 NL 51 434 (47.5) 219 (24.0) 112 (12.3) 114 (12.5) 35 (3.8) 965 914 PT 85 394 (43.1) 286 (31.3) 57 (6.2) 118 (12.9) 60 (6.6) 1000 915 N Sum 636 5342 2835 1108 1227 436 11584 N Valid Sum 5342 2835 1108 1227 436 10948 printed 27.02.2012 page 434 Eurobarometer 28 - October-November 1987,GESIS Variable Report,460,ZA1713
v431,v431 0 1 2 3 4 N Sum N Valid Sum,EUROP PARLIAMENT - IMPORTANCE,isocntry M BE 136 104 (12.0) 439 (50.5) 267 (30.7) 59 (6.8) 1005 869 DE 147 48 (5.9) 327 (40.3) 339 (41.8) 97 (12.0) 958 811 DK 207 170 (21.4) 415 (52.2) 144 (18.1) 66 (8.3) 1002 795 ES 265 274 (36.4) 361 (47.9) 92 (12.2) 26 (3.5) 1018 753 FR 143 100 (11.7) 510 (59.6) 225 (26.3) 20 (2.3) 998 855 GB-GBN 115 129 (14.7) 410 (46.7) 282 (32.1) 57 (6.5) 993 878 GB-NIR 55 50 (19.2) 117 (44.8) 74 (28.4) 20 (7.7) 316 261 GR 194 228 (28.3) 415 (51.5) 125 (15.5) 38 (4.7) 1000 806 IE 159 234 (27.9) 425 (50.7) 140 (16.7) 39 (4.7) 997 838 IT 134 155 (17.3) 445 (49.6) 264 (29.4) 34 (3.8) 1032 898 LU 49 33 (13.0) 165 (65.2) 44 (17.4) 11 (4.3) 302 253 NL 145 68 (8.3) 363 (44.3) 332 (40.5) 57 (7.0) 965 820 PT 357 217 (33.7) 362 (56.3) 50 (7.8) 14 (2.2) 1000 643 N Sum 2106 1810 4754 2378 538 11586 N Valid Sum 1810 4754 2378 538 9480 printed 27.02.2012 page 435 Eurobarometer 28 - October-November 1987,isocntry M BE 136 104 (12.0) 439 (50.5) 267 (30.7) 59 (6.8) 1005 869 DE 147 48 (5.9) 327 (40.3) 339 (41.8) 97 (12.0) 958 811 DK 207 170 (21.4) 415 (52.2) 144 (18.1) 66 (8.3) 1002 795 ES 265 274 (36.4) 361 (47.9) 92 (12.2) 26 (3.5) 1018 753 FR 143 100 (11.7) 510 (59.6) 225 (26.3) 20 (2.3) 998 855 GB-GBN 115 129 (14.7) 410 (46.7) 282 (32.1) 57 (6.5) 993 878 GB-NIR 55 50 (19.2) 117 (44.8) 74 (28.4) 20 (7.7) 316 261 GR 194 228 (28.3) 415 (51.5) 125 (15.5) 38 (4.7) 1000 806 IE 159 234 (27.9) 425 (50.7) 140 (16.7) 39 (4.7) 997 838 IT 134 155 (17.3) 445 (49.6) 264 (29.4) 34 (3.8) 1032 898 LU 49 33 (13.0) 165 (65.2) 44 (17.4) 11 (4.3) 302 253 NL 145 68 (8.3) 363 (44.3) 332 (40.5) 57 (7.0) 965 820 PT 357 217 (33.7) 362 (56.3) 50 (7.8) 14 (2.2) 1000 643 N Sum 2106 1810 4754 2378 538 11586 N Valid Sum 1810 4754 2378 538 9480 printed 27.02.2012 page 435 Eurobarometer 28 - October-November 1987,GESIS Variable Report,461,ZA1713
v432,v432 0 1 2 3 N Sum N Valid Sum,EUROP PARLIAMENT - PREFERENCE,isocntry M BE 170 477 (57.1) 287 (34.4) 71 (8.5) 1005 835 DE 186 444 (57.6) 187 (24.3) 140 (18.2) 957 771 DK 279 163 (22.5) 313 (43.3) 247 (34.2) 1002 723 ES 384 462 (73.1) 122 (19.3) 48 (7.6) 1016 632 FR 155 553 (65.5) 241 (28.6) 50 (5.9) 999 844 GB-GBN 157 359 (43.0) 236 (28.3) 240 (28.7) 992 835 GB-NIR 82 114 (48.7) 74 (31.6) 46 (19.7) 316 234 GR 250 555 (74.0) 144 (19.2) 51 (6.8) 1000 750 IE 264 354 (48.3) 284 (38.7) 95 (13.0) 997 733 IT 158 743 (85.0) 116 (13.3) 15 (1.7) 1032 874 LU 47 145 (56.9) 96 (37.6) 14 (5.5) 302 255 NL 195 459 (59.7) 220 (28.6) 90 (11.7) 964 769 PT 374 480 (76.7) 128 (20.4) 18 (2.9) 1000 626 N Sum 2701 5308 2448 1125 11582 N Valid Sum 5308 2448 1125 8881 printed 27.02.2012 page 436 Eurobarometer 28 - October-November 1987,isocntry M BE 170 477 (57.1) 287 (34.4) 71 (8.5) 1005 835 DE 186 444 (57.6) 187 (24.3) 140 (18.2) 957 771 DK 279 163 (22.5) 313 (43.3) 247 (34.2) 1002 723 ES 384 462 (73.1) 122 (19.3) 48 (7.6) 1016 632 FR 155 553 (65.5) 241 (28.6) 50 (5.9) 999 844 GB-GBN 157 359 (43.0) 236 (28.3) 240 (28.7) 992 835 GB-NIR 82 114 (48.7) 74 (31.6) 46 (19.7) 316 234 GR 250 555 (74.0) 144 (19.2) 51 (6.8) 1000 750 IE 264 354 (48.3) 284 (38.7) 95 (13.0) 997 733 IT 158 743 (85.0) 116 (13.3) 15 (1.7) 1032 874 LU 47 145 (56.9) 96 (37.6) 14 (5.5) 302 255 NL 195 459 (59.7) 220 (28.6) 90 (11.7) 964 769 PT 374 480 (76.7) 128 (20.4) 18 (2.9) 1000 626 N Sum 2701 5308 2448 1125 11582 N Valid Sum 5308 2448 1125 8881 printed 27.02.2012 page 436 Eurobarometer 28 - October-November 1987,GESIS Variable Report,462,ZA1713
v433,v433 0 1 2 N Sum N Valid Sum,EUROP PARLIAM PASSING LAWS - FOR/AGAINST,isocntry M BE 263 576 (77.6) 166 (22.4) 1005 742 DE 248 390 (55.0) 319 (45.0) 957 709 DK 156 169 (20.0) 676 (80.0) 1001 845 ES 405 490 (80.1) 122 (19.9) 1017 612 FR 199 582 (72.8) 218 (27.3) 999 800 GB-GBN 123 344 (39.5) 526 (60.5) 993 870 GB-NIR 64 96 (38.1) 156 (61.9) 316 252 GR 392 351 (57.7) 257 (42.3) 1000 608 IE 287 356 (50.1) 354 (49.9) 997 710 IT 166 708 (81.8) 158 (18.2) 1032 866 LU 68 137 (58.5) 97 (41.5) 302 234 NL 237 486 (66.9) 241 (33.1) 964 727 PT 378 447 (71.9) 175 (28.1) 1000 622 N Sum 2986 5132 3465 11583 N Valid Sum 5132 3465 8597 printed 27.02.2012 page 437 Eurobarometer 28 - October-November 1987,isocntry M BE 263 576 (77.6) 166 (22.4) 1005 742 DE 248 390 (55.0) 319 (45.0) 957 709 DK 156 169 (20.0) 676 (80.0) 1001 845 ES 405 490 (80.1) 122 (19.9) 1017 612 FR 199 582 (72.8) 218 (27.3) 999 800 GB-GBN 123 344 (39.5) 526 (60.5) 993 870 GB-NIR 64 96 (38.1) 156 (61.9) 316 252 GR 392 351 (57.7) 257 (42.3) 1000 608 IE 287 356 (50.1) 354 (49.9) 997 710 IT 166 708 (81.8) 158 (18.2) 1032 866 LU 68 137 (58.5) 97 (41.5) 302 234 NL 237 486 (66.9) 241 (33.1) 964 727 PT 378 447 (71.9) 175 (28.1) 1000 622 N Sum 2986 5132 3465 11583 N Valid Sum 5132 3465 8597 printed 27.02.2012 page 437 Eurobarometer 28 - October-November 1987,GESIS Variable Report,463,ZA1713
v434,v434 0 1 2 N Sum N Valid Sum,EUROPEAN GOVERNMENT - FOR/AGAINST,isocntry M BE 330 550 (81.5) 125 (18.5) 1005 675 DE 300 389 (59.2) 268 (40.8) 957 657 DK 233 131 (17.0) 638 (83.0) 1002 769 ES 409 503 (82.7) 105 (17.3) 1017 608 FR 209 603 (76.3) 187 (23.7) 999 790 GB-GBN 236 306 (40.5) 450 (59.5) 992 756 GB-NIR 117 89 (44.7) 110 (55.3) 316 199 GR 407 386 (65.1) 207 (34.9) 1000 593 IE 379 392 (63.4) 226 (36.6) 997 618 IT 195 722 (86.3) 115 (13.7) 1032 837 LU 84 156 (71.6) 62 (28.4) 302 218 NL 284 436 (64.0) 245 (36.0) 965 681 PT 441 418 (74.8) 141 (25.2) 1000 559 N Sum 3624 5081 2879 11584 N Valid Sum 5081 2879 7960 printed 27.02.2012 page 438 Eurobarometer 28 - October-November 1987,isocntry M BE 330 550 (81.5) 125 (18.5) 1005 675 DE 300 389 (59.2) 268 (40.8) 957 657 DK 233 131 (17.0) 638 (83.0) 1002 769 ES 409 503 (82.7) 105 (17.3) 1017 608 FR 209 603 (76.3) 187 (23.7) 999 790 GB-GBN 236 306 (40.5) 450 (59.5) 992 756 GB-NIR 117 89 (44.7) 110 (55.3) 316 199 GR 407 386 (65.1) 207 (34.9) 1000 593 IE 379 392 (63.4) 226 (36.6) 997 618 IT 195 722 (86.3) 115 (13.7) 1032 837 LU 84 156 (71.6) 62 (28.4) 302 218 NL 284 436 (64.0) 245 (36.0) 965 681 PT 441 418 (74.8) 141 (25.2) 1000 559 N Sum 3624 5081 2879 11584 N Valid Sum 5081 2879 7960 printed 27.02.2012 page 438 Eurobarometer 28 - October-November 1987,GESIS Variable Report,464,ZA1713
v435,v435 0 1 9 N Sum N Valid Sum,EUROP GOVERNMENT RESP - SECURITY/DEFENCE,isocntry M BE 219 (39.8) 331 (60.2) 455 1005 550 DE 168 (43.2) 221 (56.8) 568 957 389 DK 41 (31.3) 90 (68.7) 871 1002 131 ES 211 (41.9) 292 (58.1) 514 1017 503 FR 170 (28.1) 434 (71.9) 396 1000 604 GB-GBN 108 (35.3) 198 (64.7) 687 993 306 GB-NIR 45 (50.6) 44 (49.4) 227 316 89 GR 155 (40.2) 231 (59.8) 614 1000 386 IE 198 (50.5) 194 (49.5) 605 997 392 IT 341 (47.2) 381 (52.8) 310 1032 722 LU 62 (39.7) 94 (60.3) 146 302 156 NL 202 (46.2) 235 (53.8) 528 965 437 PT 251 (60.0) 167 (40.0) 582 1000 418 N Sum 2171 2912 6503 11586 N Valid Sum 2171 2912 5083 printed 27.02.2012 page 439 Eurobarometer 28 - October-November 1987,isocntry M BE 219 (39.8) 331 (60.2) 455 1005 550 DE 168 (43.2) 221 (56.8) 568 957 389 DK 41 (31.3) 90 (68.7) 871 1002 131 ES 211 (41.9) 292 (58.1) 514 1017 503 FR 170 (28.1) 434 (71.9) 396 1000 604 GB-GBN 108 (35.3) 198 (64.7) 687 993 306 GB-NIR 45 (50.6) 44 (49.4) 227 316 89 GR 155 (40.2) 231 (59.8) 614 1000 386 IE 198 (50.5) 194 (49.5) 605 997 392 IT 341 (47.2) 381 (52.8) 310 1032 722 LU 62 (39.7) 94 (60.3) 146 302 156 NL 202 (46.2) 235 (53.8) 528 965 437 PT 251 (60.0) 167 (40.0) 582 1000 418 N Sum 2171 2912 6503 11586 N Valid Sum 2171 2912 5083 printed 27.02.2012 page 439 Eurobarometer 28 - October-November 1987,GESIS Variable Report,465,ZA1713
v436,v436 0 1 9 N Sum N Valid Sum,EUROP GOVERNMENT RESP - ENVIRONMENT PROT,isocntry M BE 260 (47.3) 290 (52.7) 455 1005 550 DE 70 (18.0) 319 (82.0) 568 957 389 DK 19 (14.5) 112 (85.5) 871 1002 131 ES 217 (43.1) 286 (56.9) 514 1017 503 FR 308 (51.1) 295 (48.9) 396 999 603 GB-GBN 115 (37.6) 191 (62.4) 687 993 306 GB-NIR 48 (53.9) 41 (46.1) 227 316 89 GR 164 (42.5) 222 (57.5) 614 1000 386 IE 208 (53.1) 184 (46.9) 605 997 392 IT 316 (43.8) 406 (56.2) 310 1032 722 LU 35 (22.4) 121 (77.6) 146 302 156 NL 90 (20.6) 346 (79.4) 528 964 436 PT 206 (49.3) 212 (50.7) 582 1000 418 N Sum 2056 3025 6503 11584 N Valid Sum 2056 3025 5081 printed 27.02.2012 page 440 Eurobarometer 28 - October-November 1987,isocntry M BE 260 (47.3) 290 (52.7) 455 1005 550 DE 70 (18.0) 319 (82.0) 568 957 389 DK 19 (14.5) 112 (85.5) 871 1002 131 ES 217 (43.1) 286 (56.9) 514 1017 503 FR 308 (51.1) 295 (48.9) 396 999 603 GB-GBN 115 (37.6) 191 (62.4) 687 993 306 GB-NIR 48 (53.9) 41 (46.1) 227 316 89 GR 164 (42.5) 222 (57.5) 614 1000 386 IE 208 (53.1) 184 (46.9) 605 997 392 IT 316 (43.8) 406 (56.2) 310 1032 722 LU 35 (22.4) 121 (77.6) 146 302 156 NL 90 (20.6) 346 (79.4) 528 964 436 PT 206 (49.3) 212 (50.7) 582 1000 418 N Sum 2056 3025 6503 11584 N Valid Sum 2056 3025 5081 printed 27.02.2012 page 440 Eurobarometer 28 - October-November 1987,GESIS Variable Report,466,ZA1713
v437,v437 0 1 9 N Sum N Valid Sum,EUROP GOVERNMENT RESP - CURRENCY,isocntry M BE 295 (53.6) 255 (46.4) 455 1005 550 DE 190 (48.8) 199 (51.2) 568 957 389 DK 66 (50.4) 65 (49.6) 871 1002 131 ES 329 (65.5) 173 (34.5) 514 1016 502 FR 243 (40.3) 360 (59.7) 396 999 603 GB-GBN 207 (67.6) 99 (32.4) 687 993 306 GB-NIR 74 (83.1) 15 (16.9) 227 316 89 GR 185 (47.9) 201 (52.1) 614 1000 386 IE 232 (59.2) 160 (40.8) 605 997 392 IT 488 (67.6) 234 (32.4) 310 1032 722 LU 64 (41.0) 92 (59.0) 146 302 156 NL 261 (59.9) 175 (40.1) 528 964 436 PT 306 (73.2) 112 (26.8) 582 1000 418 N Sum 2940 2140 6503 11583 N Valid Sum 2940 2140 5080 printed 27.02.2012 page 441 Eurobarometer 28 - October-November 1987,isocntry M BE 295 (53.6) 255 (46.4) 455 1005 550 DE 190 (48.8) 199 (51.2) 568 957 389 DK 66 (50.4) 65 (49.6) 871 1002 131 ES 329 (65.5) 173 (34.5) 514 1016 502 FR 243 (40.3) 360 (59.7) 396 999 603 GB-GBN 207 (67.6) 99 (32.4) 687 993 306 GB-NIR 74 (83.1) 15 (16.9) 227 316 89 GR 185 (47.9) 201 (52.1) 614 1000 386 IE 232 (59.2) 160 (40.8) 605 997 392 IT 488 (67.6) 234 (32.4) 310 1032 722 LU 64 (41.0) 92 (59.0) 146 302 156 NL 261 (59.9) 175 (40.1) 528 964 436 PT 306 (73.2) 112 (26.8) 582 1000 418 N Sum 2940 2140 6503 11583 N Valid Sum 2940 2140 5080 printed 27.02.2012 page 441 Eurobarometer 28 - October-November 1987,GESIS Variable Report,467,ZA1713
v438,v438 0 1 9 N Sum N Valid Sum,EUROP GOVERNMENT RESP - DEVEL CNTRY COOP,isocntry M BE 331 (60.2) 219 (39.8) 455 1005 550 DE 192 (49.4) 197 (50.6) 568 957 389 DK 68 (52.3) 62 (47.7) 871 1001 130 ES 242 (48.2) 260 (51.8) 514 1016 502 FR 380 (63.0) 223 (37.0) 396 999 603 GB-GBN 152 (49.7) 154 (50.3) 687 993 306 GB-NIR 60 (67.4) 29 (32.6) 227 316 89 GR 245 (63.5) 141 (36.5) 614 1000 386 IE 223 (56.9) 169 (43.1) 605 997 392 IT 479 (66.3) 243 (33.7) 310 1032 722 LU 86 (55.1) 70 (44.9) 146 302 156 NL 227 (52.1) 209 (47.9) 528 964 436 PT 254 (60.8) 164 (39.2) 582 1000 418 N Sum 2939 2140 6503 11582 N Valid Sum 2939 2140 5079 printed 27.02.2012 page 442 Eurobarometer 28 - October-November 1987,isocntry M BE 331 (60.2) 219 (39.8) 455 1005 550 DE 192 (49.4) 197 (50.6) 568 957 389 DK 68 (52.3) 62 (47.7) 871 1001 130 ES 242 (48.2) 260 (51.8) 514 1016 502 FR 380 (63.0) 223 (37.0) 396 999 603 GB-GBN 152 (49.7) 154 (50.3) 687 993 306 GB-NIR 60 (67.4) 29 (32.6) 227 316 89 GR 245 (63.5) 141 (36.5) 614 1000 386 IE 223 (56.9) 169 (43.1) 605 997 392 IT 479 (66.3) 243 (33.7) 310 1032 722 LU 86 (55.1) 70 (44.9) 146 302 156 NL 227 (52.1) 209 (47.9) 528 964 436 PT 254 (60.8) 164 (39.2) 582 1000 418 N Sum 2939 2140 6503 11582 N Valid Sum 2939 2140 5079 printed 27.02.2012 page 442 Eurobarometer 28 - October-November 1987,GESIS Variable Report,468,ZA1713
v439,v439 0 1 9 N Sum N Valid Sum,EUROP GOVERNMENT RESP - FOREIGN POLICY,isocntry M BE 279 (50.7) 271 (49.3) 455 1005 550 DE 163 (41.9) 226 (58.1) 568 957 389 DK 65 (49.6) 66 (50.4) 871 1002 131 ES 309 (61.4) 194 (38.6) 514 1017 503 FR 350 (58.0) 253 (42.0) 396 999 603 GB-GBN 141 (46.1) 165 (53.9) 687 993 306 GB-NIR 53 (59.6) 36 (40.4) 227 316 89 GR 257 (66.6) 129 (33.4) 614 1000 386 IE 253 (64.5) 139 (35.5) 605 997 392 IT 455 (63.0) 267 (37.0) 310 1032 722 LU 77 (49.4) 79 (50.6) 146 302 156 NL 225 (51.6) 211 (48.4) 528 964 436 PT 319 (76.3) 99 (23.7) 582 1000 418 N Sum 2946 2135 6503 11584 N Valid Sum 2946 2135 5081 printed 27.02.2012 page 443 Eurobarometer 28 - October-November 1987,isocntry M BE 279 (50.7) 271 (49.3) 455 1005 550 DE 163 (41.9) 226 (58.1) 568 957 389 DK 65 (49.6) 66 (50.4) 871 1002 131 ES 309 (61.4) 194 (38.6) 514 1017 503 FR 350 (58.0) 253 (42.0) 396 999 603 GB-GBN 141 (46.1) 165 (53.9) 687 993 306 GB-NIR 53 (59.6) 36 (40.4) 227 316 89 GR 257 (66.6) 129 (33.4) 614 1000 386 IE 253 (64.5) 139 (35.5) 605 997 392 IT 455 (63.0) 267 (37.0) 310 1032 722 LU 77 (49.4) 79 (50.6) 146 302 156 NL 225 (51.6) 211 (48.4) 528 964 436 PT 319 (76.3) 99 (23.7) 582 1000 418 N Sum 2946 2135 6503 11584 N Valid Sum 2946 2135 5081 printed 27.02.2012 page 443 Eurobarometer 28 - October-November 1987,GESIS Variable Report,469,ZA1713
v440,v440 0 1 9 N Sum N Valid Sum,EUROP GOVERNMENT RESP - SCIENT RESEARCH,isocntry M BE 202 (36.7) 348 (63.3) 455 1005 550 DE 131 (33.7) 258 (66.3) 568 957 389 DK 39 (29.8) 92 (70.2) 871 1002 131 ES 209 (41.6) 293 (58.4) 514 1016 502 FR 201 (33.3) 403 (66.7) 396 1000 604 GB-GBN 130 (42.5) 176 (57.5) 687 993 306 GB-NIR 47 (52.8) 42 (47.2) 227 316 89 GR 197 (51.0) 189 (49.0) 614 1000 386 IE 186 (47.4) 206 (52.6) 605 997 392 IT 315 (43.6) 407 (56.4) 310 1032 722 LU 44 (28.2) 112 (71.8) 146 302 156 NL 210 (48.2) 226 (51.8) 528 964 436 PT 287 (68.7) 131 (31.3) 582 1000 418 N Sum 2198 2883 6503 11584 N Valid Sum 2198 2883 5081 printed 27.02.2012 page 444 Eurobarometer 28 - October-November 1987,isocntry M BE 202 (36.7) 348 (63.3) 455 1005 550 DE 131 (33.7) 258 (66.3) 568 957 389 DK 39 (29.8) 92 (70.2) 871 1002 131 ES 209 (41.6) 293 (58.4) 514 1016 502 FR 201 (33.3) 403 (66.7) 396 1000 604 GB-GBN 130 (42.5) 176 (57.5) 687 993 306 GB-NIR 47 (52.8) 42 (47.2) 227 316 89 GR 197 (51.0) 189 (49.0) 614 1000 386 IE 186 (47.4) 206 (52.6) 605 997 392 IT 315 (43.6) 407 (56.4) 310 1032 722 LU 44 (28.2) 112 (71.8) 146 302 156 NL 210 (48.2) 226 (51.8) 528 964 436 PT 287 (68.7) 131 (31.3) 582 1000 418 N Sum 2198 2883 6503 11584 N Valid Sum 2198 2883 5081 printed 27.02.2012 page 444 Eurobarometer 28 - October-November 1987,GESIS Variable Report,470,ZA1713
v441,v441 0 1 9 N Sum N Valid Sum,EUROP GOVERNMENT RESP - DK,isocntry M BE 542 (98.5) 8 (1.5) 455 1005 550 DE 377 (96.9) 12 (3.1) 568 957 389 DK 127 (96.9) 4 (3.1) 871 1002 131 ES 470 (93.6) 32 (6.4) 514 1016 502 FR 597 (98.8) 7 (1.2) 396 1000 604 GB-GBN 299 (97.7) 7 (2.3) 687 993 306 GB-NIR 84 (94.4) 5 (5.6) 227 316 89 GR 379 (98.2) 7 (1.8) 614 1000 386 IE 378 (96.4) 14 (3.6) 605 997 392 IT 714 (98.9) 8 (1.1) 310 1032 722 LU 156 (100.0) 146 302 156 NL 434 (99.5) 2 (0.5) 528 964 436 PT 392 (93.8) 26 (6.2) 582 1000 418 N Sum 4949 132 6503 11584 N Valid Sum 4949 132 5081 printed 27.02.2012 page 445 Eurobarometer 28 - October-November 1987,isocntry M BE 542 (98.5) 8 (1.5) 455 1005 550 DE 377 (96.9) 12 (3.1) 568 957 389 DK 127 (96.9) 4 (3.1) 871 1002 131 ES 470 (93.6) 32 (6.4) 514 1016 502 FR 597 (98.8) 7 (1.2) 396 1000 604 GB-GBN 299 (97.7) 7 (2.3) 687 993 306 GB-NIR 84 (94.4) 5 (5.6) 227 316 89 GR 379 (98.2) 7 (1.8) 614 1000 386 IE 378 (96.4) 14 (3.6) 605 997 392 IT 714 (98.9) 8 (1.1) 310 1032 722 LU 156 (100.0) 146 302 156 NL 434 (99.5) 2 (0.5) 528 964 436 PT 392 (93.8) 26 (6.2) 582 1000 418 N Sum 4949 132 6503 11584 N Valid Sum 4949 132 5081 printed 27.02.2012 page 445 Eurobarometer 28 - October-November 1987,GESIS Variable Report,471,ZA1713
v442,v442 0 1 2 3 N Sum N Valid Sum,EUROPEAN UNIFICATION - MINORITY DISAGREE,isocntry M BE 245 546 (71.8) 197 (25.9) 17 (2.2) 1005 760 DE 189 469 (61.1) 293 (38.2) 6 (0.8) 957 768 DK 146 196 (22.9) 644 (75.2) 16 (1.9) 1002 856 ES 375 486 (75.8) 140 (21.8) 15 (2.3) 1016 641 FR 134 625 (72.3) 221 (25.5) 19 (2.2) 999 865 GB-GBN 137 332 (38.8) 486 (56.8) 38 (4.4) 993 856 GB-NIR 74 112 (46.3) 118 (48.8) 12 (5.0) 316 242 GR 385 368 (59.8) 246 (40.0) 1 (0.2) 1000 615 IE 292 342 (48.5) 340 (48.2) 23 (3.3) 997 705 IT 128 769 (85.1) 135 (14.9) 1032 904 LU 42 190 (73.1) 69 (26.5) 1 (0.4) 302 260 NL 187 465 (59.8) 288 (37.0) 25 (3.2) 965 778 PT 274 592 (81.5) 128 (17.6) 6 (0.8) 1000 726 N Sum 2608 5492 3305 179 11584 N Valid Sum 5492 3305 179 8976 printed 27.02.2012 page 446 Eurobarometer 28 - October-November 1987,isocntry M BE 245 546 (71.8) 197 (25.9) 17 (2.2) 1005 760 DE 189 469 (61.1) 293 (38.2) 6 (0.8) 957 768 DK 146 196 (22.9) 644 (75.2) 16 (1.9) 1002 856 ES 375 486 (75.8) 140 (21.8) 15 (2.3) 1016 641 FR 134 625 (72.3) 221 (25.5) 19 (2.2) 999 865 GB-GBN 137 332 (38.8) 486 (56.8) 38 (4.4) 993 856 GB-NIR 74 112 (46.3) 118 (48.8) 12 (5.0) 316 242 GR 385 368 (59.8) 246 (40.0) 1 (0.2) 1000 615 IE 292 342 (48.5) 340 (48.2) 23 (3.3) 997 705 IT 128 769 (85.1) 135 (14.9) 1032 904 LU 42 190 (73.1) 69 (26.5) 1 (0.4) 302 260 NL 187 465 (59.8) 288 (37.0) 25 (3.2) 965 778 PT 274 592 (81.5) 128 (17.6) 6 (0.8) 1000 726 N Sum 2608 5492 3305 179 11584 N Valid Sum 5492 3305 179 8976 printed 27.02.2012 page 446 Eurobarometer 28 - October-November 1987,GESIS Variable Report,472,ZA1713
v443,v443 0 1 2 N Sum N Valid Sum,EUROP PARLIAMENT PREPARING CONSTITUTION,isocntry M BE 334 608 (90.6) 63 (9.4) 1005 671 DE 216 557 (75.2) 184 (24.8) 957 741 DK 276 200 (27.5) 526 (72.5) 1002 726 ES 425 518 (87.6) 73 (12.4) 1016 591 FR 249 691 (92.3) 58 (7.7) 998 749 GB-GBN 288 446 (63.3) 259 (36.7) 993 705 GB-NIR 140 123 (69.9) 53 (30.1) 316 176 GR 473 375 (71.2) 152 (28.8) 1000 527 IE 435 414 (73.7) 148 (26.3) 997 562 IT 203 783 (94.5) 46 (5.5) 1032 829 LU 80 203 (91.4) 19 (8.6) 302 222 NL 301 536 (80.8) 127 (19.2) 964 663 PT 450 496 (90.2) 54 (9.8) 1000 550 N Sum 3870 5950 1762 11582 N Valid Sum 5950 1762 7712 printed 27.02.2012 page 447 Eurobarometer 28 - October-November 1987,isocntry M BE 334 608 (90.6) 63 (9.4) 1005 671 DE 216 557 (75.2) 184 (24.8) 957 741 DK 276 200 (27.5) 526 (72.5) 1002 726 ES 425 518 (87.6) 73 (12.4) 1016 591 FR 249 691 (92.3) 58 (7.7) 998 749 GB-GBN 288 446 (63.3) 259 (36.7) 993 705 GB-NIR 140 123 (69.9) 53 (30.1) 316 176 GR 473 375 (71.2) 152 (28.8) 1000 527 IE 435 414 (73.7) 148 (26.3) 997 562 IT 203 783 (94.5) 46 (5.5) 1032 829 LU 80 203 (91.4) 19 (8.6) 302 222 NL 301 536 (80.8) 127 (19.2) 964 663 PT 450 496 (90.2) 54 (9.8) 1000 550 N Sum 3870 5950 1762 11582 N Valid Sum 5950 1762 7712 printed 27.02.2012 page 447 Eurobarometer 28 - October-November 1987,GESIS Variable Report,473,ZA1713
v444,v444 0 1 N Sum N Valid Sum,EC SPORT EVENTS HEARD WEIGHT LIFT ATHENS,isocntry BE 937 (93.2) 68 (6.8) 1005 1005 DE 898 (93.8) 59 (6.2) 957 957 DK 975 (97.3) 27 (2.7) 1002 1002 ES 958 (94.3) 58 (5.7) 1016 1016 FR 916 (91.7) 83 (8.3) 999 999 GB-GBN 909 (91.5) 84 (8.5) 993 993 GB-NIR 291 (92.1) 25 (7.9) 316 316 GR 905 (90.5) 95 (9.5) 1000 1000 IE 946 (94.9) 51 (5.1) 997 997 IT 953 (92.3) 79 (7.7) 1032 1032 LU 288 (95.4) 14 (4.6) 302 302 NL 918 (95.2) 46 (4.8) 964 964 PT 943 (94.3) 57 (5.7) 1000 1000 N Sum 10837 746 11583 N Valid Sum 10837 746 11583 printed 27.02.2012 page 448 Eurobarometer 28 - October-November 1987,isocntry BE 937 (93.2) 68 (6.8) 1005 1005 DE 898 (93.8) 59 (6.2) 957 957 DK 975 (97.3) 27 (2.7) 1002 1002 ES 958 (94.3) 58 (5.7) 1016 1016 FR 916 (91.7) 83 (8.3) 999 999 GB-GBN 909 (91.5) 84 (8.5) 993 993 GB-NIR 291 (92.1) 25 (7.9) 316 316 GR 905 (90.5) 95 (9.5) 1000 1000 IE 946 (94.9) 51 (5.1) 997 997 IT 953 (92.3) 79 (7.7) 1032 1032 LU 288 (95.4) 14 (4.6) 302 302 NL 918 (95.2) 46 (4.8) 964 964 PT 943 (94.3) 57 (5.7) 1000 1000 N Sum 10837 746 11583 N Valid Sum 10837 746 11583 printed 27.02.2012 page 448 Eurobarometer 28 - October-November 1987,GESIS Variable Report,474,ZA1713
v445,v445 0 1 N Sum N Valid Sum,EC SPORT EVENTS HEARD SWIMMING LEEDS,isocntry BE 912 (90.7) 93 (9.3) 1005 1005 DE 839 (87.7) 118 (12.3) 957 957 DK 950 (94.8) 52 (5.2) 1002 1002 ES 878 (86.3) 139 (13.7) 1017 1017 FR 911 (91.2) 88 (8.8) 999 999 GB-GBN 812 (81.8) 181 (18.2) 993 993 GB-NIR 266 (84.2) 50 (15.8) 316 316 GR 946 (94.6) 54 (5.4) 1000 1000 IE 864 (86.7) 133 (13.3) 997 997 IT 921 (89.2) 111 (10.8) 1032 1032 LU 263 (87.1) 39 (12.9) 302 302 NL 829 (85.9) 136 (14.1) 965 965 PT 904 (90.4) 96 (9.6) 1000 1000 N Sum 10295 1290 11585 N Valid Sum 10295 1290 11585 printed 27.02.2012 page 449 Eurobarometer 28 - October-November 1987,isocntry BE 912 (90.7) 93 (9.3) 1005 1005 DE 839 (87.7) 118 (12.3) 957 957 DK 950 (94.8) 52 (5.2) 1002 1002 ES 878 (86.3) 139 (13.7) 1017 1017 FR 911 (91.2) 88 (8.8) 999 999 GB-GBN 812 (81.8) 181 (18.2) 993 993 GB-NIR 266 (84.2) 50 (15.8) 316 316 GR 946 (94.6) 54 (5.4) 1000 1000 IE 864 (86.7) 133 (13.3) 997 997 IT 921 (89.2) 111 (10.8) 1032 1032 LU 263 (87.1) 39 (12.9) 302 302 NL 829 (85.9) 136 (14.1) 965 965 PT 904 (90.4) 96 (9.6) 1000 1000 N Sum 10295 1290 11585 N Valid Sum 10295 1290 11585 printed 27.02.2012 page 449 Eurobarometer 28 - October-November 1987,GESIS Variable Report,475,ZA1713
v446,v446 0 1 N Sum N Valid Sum,EC SPORT EVENTS HEARD YACHT RACE TRANSAT,isocntry BE 893 (88.9) 112 (11.1) 1005 1005 DE 854 (89.2) 103 (10.8) 957 957 DK 931 (92.9) 71 (7.1) 1002 1002 ES 952 (93.7) 64 (6.3) 1016 1016 FR 839 (84.0) 160 (16.0) 999 999 GB-GBN 860 (86.6) 133 (13.4) 993 993 GB-NIR 264 (83.5) 52 (16.5) 316 316 GR 967 (96.7) 33 (3.3) 1000 1000 IE 879 (88.2) 118 (11.8) 997 997 IT 942 (91.3) 90 (8.7) 1032 1032 LU 174 (57.6) 128 (42.4) 302 302 NL 875 (90.8) 89 (9.2) 964 964 PT 934 (93.4) 66 (6.6) 1000 1000 N Sum 10364 1219 11583 N Valid Sum 10364 1219 11583 printed 27.02.2012 page 450 Eurobarometer 28 - October-November 1987,isocntry BE 893 (88.9) 112 (11.1) 1005 1005 DE 854 (89.2) 103 (10.8) 957 957 DK 931 (92.9) 71 (7.1) 1002 1002 ES 952 (93.7) 64 (6.3) 1016 1016 FR 839 (84.0) 160 (16.0) 999 999 GB-GBN 860 (86.6) 133 (13.4) 993 993 GB-NIR 264 (83.5) 52 (16.5) 316 316 GR 967 (96.7) 33 (3.3) 1000 1000 IE 879 (88.2) 118 (11.8) 997 997 IT 942 (91.3) 90 (8.7) 1032 1032 LU 174 (57.6) 128 (42.4) 302 302 NL 875 (90.8) 89 (9.2) 964 964 PT 934 (93.4) 66 (6.6) 1000 1000 N Sum 10364 1219 11583 N Valid Sum 10364 1219 11583 printed 27.02.2012 page 450 Eurobarometer 28 - October-November 1987,GESIS Variable Report,476,ZA1713
v447,v447 0 1 N Sum N Valid Sum,EC SPORT EVENTS HEARD YACHT RACE EUROPE,isocntry BE 839 (83.5) 166 (16.5) 1005 1005 DE 875 (91.4) 82 (8.6) 957 957 DK 934 (93.2) 68 (6.8) 1002 1002 ES 924 (90.9) 93 (9.1) 1017 1017 FR 702 (70.3) 297 (29.7) 999 999 GB-GBN 820 (82.6) 173 (17.4) 993 993 GB-NIR 266 (84.2) 50 (15.8) 316 316 GR 959 (95.9) 41 (4.1) 1000 1000 IE 839 (84.2) 158 (15.8) 997 997 IT 932 (90.3) 100 (9.7) 1032 1032 LU 224 (74.2) 78 (25.8) 302 302 NL 830 (86.1) 134 (13.9) 964 964 PT 918 (91.8) 82 (8.2) 1000 1000 N Sum 10062 1522 11584 N Valid Sum 10062 1522 11584 printed 27.02.2012 page 451 Eurobarometer 28 - October-November 1987,isocntry BE 839 (83.5) 166 (16.5) 1005 1005 DE 875 (91.4) 82 (8.6) 957 957 DK 934 (93.2) 68 (6.8) 1002 1002 ES 924 (90.9) 93 (9.1) 1017 1017 FR 702 (70.3) 297 (29.7) 999 999 GB-GBN 820 (82.6) 173 (17.4) 993 993 GB-NIR 266 (84.2) 50 (15.8) 316 316 GR 959 (95.9) 41 (4.1) 1000 1000 IE 839 (84.2) 158 (15.8) 997 997 IT 932 (90.3) 100 (9.7) 1032 1032 LU 224 (74.2) 78 (25.8) 302 302 NL 830 (86.1) 134 (13.9) 964 964 PT 918 (91.8) 82 (8.2) 1000 1000 N Sum 10062 1522 11584 N Valid Sum 10062 1522 11584 printed 27.02.2012 page 451 Eurobarometer 28 - October-November 1987,GESIS Variable Report,477,ZA1713
v448,v448 0 1 N Sum N Valid Sum,EC SPORT EVENTS HEARD GOLF TROPH ANTWERP,isocntry BE 911 (90.6) 94 (9.4) 1005 1005 DE 899 (93.9) 58 (6.1) 957 957 DK 980 (97.8) 22 (2.2) 1002 1002 ES 938 (92.2) 79 (7.8) 1017 1017 FR 948 (94.9) 51 (5.1) 999 999 GB-GBN 857 (86.3) 136 (13.7) 993 993 GB-NIR 277 (87.7) 39 (12.3) 316 316 GR 974 (97.4) 26 (2.6) 1000 1000 IE 903 (90.6) 94 (9.4) 997 997 IT 1003 (97.2) 29 (2.8) 1032 1032 LU 284 (94.0) 18 (6.0) 302 302 NL 901 (93.4) 64 (6.6) 965 965 PT 958 (95.8) 42 (4.2) 1000 1000 N Sum 10833 752 11585 N Valid Sum 10833 752 11585 printed 27.02.2012 page 452 Eurobarometer 28 - October-November 1987,isocntry BE 911 (90.6) 94 (9.4) 1005 1005 DE 899 (93.9) 58 (6.1) 957 957 DK 980 (97.8) 22 (2.2) 1002 1002 ES 938 (92.2) 79 (7.8) 1017 1017 FR 948 (94.9) 51 (5.1) 999 999 GB-GBN 857 (86.3) 136 (13.7) 993 993 GB-NIR 277 (87.7) 39 (12.3) 316 316 GR 974 (97.4) 26 (2.6) 1000 1000 IE 903 (90.6) 94 (9.4) 997 997 IT 1003 (97.2) 29 (2.8) 1032 1032 LU 284 (94.0) 18 (6.0) 302 302 NL 901 (93.4) 64 (6.6) 965 965 PT 958 (95.8) 42 (4.2) 1000 1000 N Sum 10833 752 11585 N Valid Sum 10833 752 11585 printed 27.02.2012 page 452 Eurobarometer 28 - October-November 1987,GESIS Variable Report,478,ZA1713
v449,v449 0 1 N Sum N Valid Sum,EC SPORT EVENTS HEARD CYCLING ROME-BRUSS,isocntry BE 867 (86.3) 138 (13.7) 1005 1005 DE 829 (86.6) 128 (13.4) 957 957 DK 872 (87.0) 130 (13.0) 1002 1002 ES 850 (83.7) 166 (16.3) 1016 1016 FR 754 (75.5) 245 (24.5) 999 999 GB-GBN 794 (80.0) 199 (20.0) 993 993 GB-NIR 243 (76.9) 73 (23.1) 316 316 GR 926 (92.6) 74 (7.4) 1000 1000 IE 660 (66.2) 337 (33.8) 997 997 IT 868 (84.1) 164 (15.9) 1032 1032 LU 243 (80.5) 59 (19.5) 302 302 NL 780 (80.9) 184 (19.1) 964 964 PT 772 (77.2) 228 (22.8) 1000 1000 N Sum 9458 2125 11583 N Valid Sum 9458 2125 11583 printed 27.02.2012 page 453 Eurobarometer 28 - October-November 1987,isocntry BE 867 (86.3) 138 (13.7) 1005 1005 DE 829 (86.6) 128 (13.4) 957 957 DK 872 (87.0) 130 (13.0) 1002 1002 ES 850 (83.7) 166 (16.3) 1016 1016 FR 754 (75.5) 245 (24.5) 999 999 GB-GBN 794 (80.0) 199 (20.0) 993 993 GB-NIR 243 (76.9) 73 (23.1) 316 316 GR 926 (92.6) 74 (7.4) 1000 1000 IE 660 (66.2) 337 (33.8) 997 997 IT 868 (84.1) 164 (15.9) 1032 1032 LU 243 (80.5) 59 (19.5) 302 302 NL 780 (80.9) 184 (19.1) 964 964 PT 772 (77.2) 228 (22.8) 1000 1000 N Sum 9458 2125 11583 N Valid Sum 9458 2125 11583 printed 27.02.2012 page 453 Eurobarometer 28 - October-November 1987,GESIS Variable Report,479,ZA1713
v450,v450 0 1 N Sum N Valid Sum,EC SPORT EVENTS HEARD TENNIS ANTWERP,isocntry BE 562 (55.9) 443 (44.1) 1005 1005 DE 869 (90.8) 88 (9.2) 957 957 DK 924 (92.2) 78 (7.8) 1002 1002 ES 928 (91.3) 88 (8.7) 1016 1016 FR 840 (84.1) 159 (15.9) 999 999 GB-GBN 864 (87.0) 129 (13.0) 993 993 GB-NIR 282 (89.2) 34 (10.8) 316 316 GR 955 (95.5) 45 (4.5) 1000 1000 IE 870 (87.3) 127 (12.7) 997 997 IT 879 (85.2) 153 (14.8) 1032 1032 LU 245 (81.1) 57 (18.9) 302 302 NL 686 (71.1) 279 (28.9) 965 965 PT 903 (90.3) 97 (9.7) 1000 1000 N Sum 9807 1777 11584 N Valid Sum 9807 1777 11584 printed 27.02.2012 page 454 Eurobarometer 28 - October-November 1987,isocntry BE 562 (55.9) 443 (44.1) 1005 1005 DE 869 (90.8) 88 (9.2) 957 957 DK 924 (92.2) 78 (7.8) 1002 1002 ES 928 (91.3) 88 (8.7) 1016 1016 FR 840 (84.1) 159 (15.9) 999 999 GB-GBN 864 (87.0) 129 (13.0) 993 993 GB-NIR 282 (89.2) 34 (10.8) 316 316 GR 955 (95.5) 45 (4.5) 1000 1000 IE 870 (87.3) 127 (12.7) 997 997 IT 879 (85.2) 153 (14.8) 1032 1032 LU 245 (81.1) 57 (18.9) 302 302 NL 686 (71.1) 279 (28.9) 965 965 PT 903 (90.3) 97 (9.7) 1000 1000 N Sum 9807 1777 11584 N Valid Sum 9807 1777 11584 printed 27.02.2012 page 454 Eurobarometer 28 - October-November 1987,GESIS Variable Report,480,ZA1713
v451,v451 0 1 N Sum N Valid Sum,EC SPORT EVENTS HEARD OTHER REPLIES,isocntry BE 994 (98.9) 11 (1.1) 1005 1005 DE 937 (97.9) 20 (2.1) 957 957 DK 924 (92.2) 78 (7.8) 1002 1002 ES 1003 (98.7) 13 (1.3) 1016 1016 FR 969 (97.0) 30 (3.0) 999 999 GB-GBN 929 (93.6) 64 (6.4) 993 993 GB-NIR 310 (98.1) 6 (1.9) 316 316 GR 999 (99.9) 1 (0.1) 1000 1000 IE 973 (97.6) 24 (2.4) 997 997 IT 1030 (99.8) 2 (0.2) 1032 1032 LU 277 (91.7) 25 (8.3) 302 302 NL 951 (98.5) 14 (1.5) 965 965 PT 987 (98.7) 13 (1.3) 1000 1000 N Sum 11283 301 11584 N Valid Sum 11283 301 11584 printed 27.02.2012 page 455 Eurobarometer 28 - October-November 1987,isocntry BE 994 (98.9) 11 (1.1) 1005 1005 DE 937 (97.9) 20 (2.1) 957 957 DK 924 (92.2) 78 (7.8) 1002 1002 ES 1003 (98.7) 13 (1.3) 1016 1016 FR 969 (97.0) 30 (3.0) 999 999 GB-GBN 929 (93.6) 64 (6.4) 993 993 GB-NIR 310 (98.1) 6 (1.9) 316 316 GR 999 (99.9) 1 (0.1) 1000 1000 IE 973 (97.6) 24 (2.4) 997 997 IT 1030 (99.8) 2 (0.2) 1032 1032 LU 277 (91.7) 25 (8.3) 302 302 NL 951 (98.5) 14 (1.5) 965 965 PT 987 (98.7) 13 (1.3) 1000 1000 N Sum 11283 301 11584 N Valid Sum 11283 301 11584 printed 27.02.2012 page 455 Eurobarometer 28 - October-November 1987,GESIS Variable Report,481,ZA1713
v452,v452 0 1 2 3 N Sum N Valid Sum,EC SPORT EVENTS MAKE EC BETTER KNOWN,isocntry M BE 181 163 (19.8) 456 (55.3) 205 (24.9) 1005 824 DE 151 253 (31.4) 367 (45.5) 186 (23.1) 957 806 DK 230 99 (12.8) 277 (35.9) 395 (51.2) 1001 771 ES 240 311 (40.1) 397 (51.2) 68 (8.8) 1016 776 FR 96 275 (30.5) 456 (50.5) 172 (19.0) 999 903 GB-GBN 59 224 (24.0) 390 (41.7) 321 (34.3) 994 935 GB-NIR 33 91 (32.2) 114 (40.3) 78 (27.6) 316 283 GR 187 480 (59.0) 286 (35.2) 47 (5.8) 1000 813 IE 143 348 (40.7) 345 (40.4) 161 (18.9) 997 854 IT 95 388 (41.4) 437 (46.6) 112 (12.0) 1032 937 LU 31 86 (31.7) 158 (58.3) 27 (10.0) 302 271 NL 197 179 (23.3) 349 (45.4) 241 (31.3) 966 769 PT 137 443 (51.3) 378 (43.8) 42 (4.9) 1000 863 N Sum 1780 3340 4410 2055 11585 N Valid Sum 3340 4410 2055 9805 printed 27.02.2012 page 456 Eurobarometer 28 - October-November 1987,isocntry M BE 181 163 (19.8) 456 (55.3) 205 (24.9) 1005 824 DE 151 253 (31.4) 367 (45.5) 186 (23.1) 957 806 DK 230 99 (12.8) 277 (35.9) 395 (51.2) 1001 771 ES 240 311 (40.1) 397 (51.2) 68 (8.8) 1016 776 FR 96 275 (30.5) 456 (50.5) 172 (19.0) 999 903 GB-GBN 59 224 (24.0) 390 (41.7) 321 (34.3) 994 935 GB-NIR 33 91 (32.2) 114 (40.3) 78 (27.6) 316 283 GR 187 480 (59.0) 286 (35.2) 47 (5.8) 1000 813 IE 143 348 (40.7) 345 (40.4) 161 (18.9) 997 854 IT 95 388 (41.4) 437 (46.6) 112 (12.0) 1032 937 LU 31 86 (31.7) 158 (58.3) 27 (10.0) 302 271 NL 197 179 (23.3) 349 (45.4) 241 (31.3) 966 769 PT 137 443 (51.3) 378 (43.8) 42 (4.9) 1000 863 N Sum 1780 3340 4410 2055 11585 N Valid Sum 3340 4410 2055 9805 printed 27.02.2012 page 456 Eurobarometer 28 - October-November 1987,GESIS Variable Report,482,ZA1713
v453,v453 0 1 2 3 N Sum N Valid Sum,EC SPORT EVENTS - GOOD/BAD,isocntry M BE 118 466 (52.5) 334 (37.7) 87 (9.8) 1005 887 DE 110 527 (62.2) 267 (31.5) 53 (6.3) 957 847 DK 173 354 (42.7) 220 (26.5) 255 (30.8) 1002 829 ES 225 670 (84.7) 85 (10.7) 36 (4.6) 1016 791 FR 56 728 (77.1) 161 (17.1) 55 (5.8) 1000 944 GB-GBN 47 753 (79.6) 107 (11.3) 86 (9.1) 993 946 GB-NIR 23 248 (84.6) 29 (9.9) 16 (5.5) 316 293 GR 144 684 (79.9) 150 (17.5) 22 (2.6) 1000 856 IE 97 767 (85.2) 99 (11.0) 34 (3.8) 997 900 IT 78 779 (81.7) 134 (14.0) 41 (4.3) 1032 954 LU 24 208 (74.8) 58 (20.9) 12 (4.3) 302 278 NL 145 443 (54.1) 235 (28.7) 141 (17.2) 964 819 PT 97 810 (89.7) 80 (8.9) 13 (1.4) 1000 903 N Sum 1337 7437 1959 851 11584 N Valid Sum 7437 1959 851 10247 printed 27.02.2012 page 457 Eurobarometer 28 - October-November 1987,isocntry M BE 118 466 (52.5) 334 (37.7) 87 (9.8) 1005 887 DE 110 527 (62.2) 267 (31.5) 53 (6.3) 957 847 DK 173 354 (42.7) 220 (26.5) 255 (30.8) 1002 829 ES 225 670 (84.7) 85 (10.7) 36 (4.6) 1016 791 FR 56 728 (77.1) 161 (17.1) 55 (5.8) 1000 944 GB-GBN 47 753 (79.6) 107 (11.3) 86 (9.1) 993 946 GB-NIR 23 248 (84.6) 29 (9.9) 16 (5.5) 316 293 GR 144 684 (79.9) 150 (17.5) 22 (2.6) 1000 856 IE 97 767 (85.2) 99 (11.0) 34 (3.8) 997 900 IT 78 779 (81.7) 134 (14.0) 41 (4.3) 1032 954 LU 24 208 (74.8) 58 (20.9) 12 (4.3) 302 278 NL 145 443 (54.1) 235 (28.7) 141 (17.2) 964 819 PT 97 810 (89.7) 80 (8.9) 13 (1.4) 1000 903 N Sum 1337 7437 1959 851 11584 N Valid Sum 7437 1959 851 10247 printed 27.02.2012 page 457 Eurobarometer 28 - October-November 1987,GESIS Variable Report,483,ZA1713
v454,v454 0 1 2 3 4 5 N Sum N Valid Sum,OWN FEELINGS TOWARDS USA,isocntry M BE 81 78 (8.4) 342 (37.0) 355 (38.4) 122 (13.2) 27 (2.9) 1005 924 DE 18 73 (7.8) 411 (43.8) 362 (38.6) 82 (8.7) 11 (1.2) 957 939 DK 53 77 (8.1) 377 (39.7) 237 (24.9) 229 (24.1) 30 (3.2) 1003 950 ES 147 72 (8.3) 261 (30.0) 282 (32.5) 192 (22.1) 62 (7.1) 1016 869 FR 38 57 (5.9) 430 (44.7) 235 (24.5) 205 (21.3) 34 (3.5) 999 961 GB-GBN 14 107 (10.9) 512 (52.3) 102 (10.4) 194 (19.8) 64 (6.5) 993 979 GB-NIR 6 57 (18.4) 170 (54.8) 36 (11.6) 32 (10.3) 15 (4.8) 316 310 GR 96 106 (11.7) 237 (26.2) 275 (30.4) 187 (20.7) 99 (11.0) 1000 904 IE 46 255 (26.8) 473 (49.7) 138 (14.5) 68 (7.2) 17 (1.8) 997 951 IT 18 111 (10.9) 510 (50.3) 241 (23.8) 121 (11.9) 31 (3.1) 1032 1014 LU 21 62 (22.1) 145 (51.6) 37 (13.2) 31 (11.0) 6 (2.1) 302 281 NL 59 48 (5.3) 470 (51.9) 129 (14.3) 221 (24.4) 37 (4.1) 964 905 PT 88 133 (14.6) 403 (44.2) 331 (36.3) 42 (4.6) 3 (0.3) 1000 912 N Sum 685 1236 4741 2760 1726 436 11584 N Valid Sum 1236 4741 2760 1726 436 10899 printed 27.02.2012 page 458 Eurobarometer 28 - October-November 1987,isocntry M BE 81 78 (8.4) 342 (37.0) 355 (38.4) 122 (13.2) 27 (2.9) 1005 924 DE 18 73 (7.8) 411 (43.8) 362 (38.6) 82 (8.7) 11 (1.2) 957 939 DK 53 77 (8.1) 377 (39.7) 237 (24.9) 229 (24.1) 30 (3.2) 1003 950 ES 147 72 (8.3) 261 (30.0) 282 (32.5) 192 (22.1) 62 (7.1) 1016 869 FR 38 57 (5.9) 430 (44.7) 235 (24.5) 205 (21.3) 34 (3.5) 999 961 GB-GBN 14 107 (10.9) 512 (52.3) 102 (10.4) 194 (19.8) 64 (6.5) 993 979 GB-NIR 6 57 (18.4) 170 (54.8) 36 (11.6) 32 (10.3) 15 (4.8) 316 310 GR 96 106 (11.7) 237 (26.2) 275 (30.4) 187 (20.7) 99 (11.0) 1000 904 IE 46 255 (26.8) 473 (49.7) 138 (14.5) 68 (7.2) 17 (1.8) 997 951 IT 18 111 (10.9) 510 (50.3) 241 (23.8) 121 (11.9) 31 (3.1) 1032 1014 LU 21 62 (22.1) 145 (51.6) 37 (13.2) 31 (11.0) 6 (2.1) 302 281 NL 59 48 (5.3) 470 (51.9) 129 (14.3) 221 (24.4) 37 (4.1) 964 905 PT 88 133 (14.6) 403 (44.2) 331 (36.3) 42 (4.6) 3 (0.3) 1000 912 N Sum 685 1236 4741 2760 1726 436 11584 N Valid Sum 1236 4741 2760 1726 436 10899 printed 27.02.2012 page 458 Eurobarometer 28 - October-November 1987,GESIS Variable Report,484,ZA1713
v455,,INTERNAT POLICY - USA TOWARDS EC,,INTERNAT POLICY - USA TOWARDS EC,GESIS Variable Report,485,ZA1713
v456,v456 0 1 2 N Sum N Valid Sum,EC TIES WITH USA - IMPORTANCE,isocntry M BE 162 620 (73.5) 223 (26.5) 1005 843 DE 135 563 (68.5) 259 (31.5) 957 822 DK 140 642 (74.5) 220 (25.5) 1002 862 ES 358 446 (67.7) 213 (32.3) 1017 659 FR 133 629 (72.5) 238 (27.5) 1000 867 GB-GBN 77 630 (68.8) 286 (31.2) 993 916 GB-NIR 46 174 (64.4) 96 (35.6) 316 270 GR 239 561 (73.7) 200 (26.3) 1000 761 IE 184 621 (76.4) 192 (23.6) 997 813 IT 142 648 (72.8) 242 (27.2) 1032 890 LU 33 215 (79.9) 54 (20.1) 302 269 NL 132 630 (75.7) 202 (24.3) 964 832 PT 306 563 (81.1) 131 (18.9) 1000 694 N Sum 2087 6942 2556 11585 N Valid Sum 6942 2556 9498 printed 27.02.2012 page 460 Eurobarometer 28 - October-November 1987,isocntry M BE 162 620 (73.5) 223 (26.5) 1005 843 DE 135 563 (68.5) 259 (31.5) 957 822 DK 140 642 (74.5) 220 (25.5) 1002 862 ES 358 446 (67.7) 213 (32.3) 1017 659 FR 133 629 (72.5) 238 (27.5) 1000 867 GB-GBN 77 630 (68.8) 286 (31.2) 993 916 GB-NIR 46 174 (64.4) 96 (35.6) 316 270 GR 239 561 (73.7) 200 (26.3) 1000 761 IE 184 621 (76.4) 192 (23.6) 997 813 IT 142 648 (72.8) 242 (27.2) 1032 890 LU 33 215 (79.9) 54 (20.1) 302 269 NL 132 630 (75.7) 202 (24.3) 964 832 PT 306 563 (81.1) 131 (18.9) 1000 694 N Sum 2087 6942 2556 11585 N Valid Sum 6942 2556 9498 printed 27.02.2012 page 460 Eurobarometer 28 - October-November 1987,GESIS Variable Report,486,ZA1713
v457,v457 0 1 2 N Sum N Valid Sum,EC TIES WITH USA - COMPARED 10 Y AGO,isocntry M BE 243 480 (63.0) 282 (37.0) 1005 762 DE 216 462 (62.3) 279 (37.7) 957 741 DK 373 390 (62.0) 239 (38.0) 1002 629 ES 468 326 (59.5) 222 (40.5) 1016 548 FR 308 350 (50.7) 341 (49.3) 999 691 GB-GBN 199 482 (60.7) 312 (39.3) 993 794 GB-NIR 97 129 (58.9) 90 (41.1) 316 219 GR 324 458 (67.8) 218 (32.2) 1000 676 IE 307 453 (65.7) 237 (34.3) 997 690 IT 277 455 (60.3) 300 (39.7) 1032 755 LU 67 154 (65.5) 81 (34.5) 302 235 NL 241 390 (53.9) 334 (46.1) 965 724 PT 410 385 (65.3) 205 (34.7) 1000 590 N Sum 3530 4914 3140 11584 N Valid Sum 4914 3140 8054 printed 27.02.2012 page 461 Eurobarometer 28 - October-November 1987,isocntry M BE 243 480 (63.0) 282 (37.0) 1005 762 DE 216 462 (62.3) 279 (37.7) 957 741 DK 373 390 (62.0) 239 (38.0) 1002 629 ES 468 326 (59.5) 222 (40.5) 1016 548 FR 308 350 (50.7) 341 (49.3) 999 691 GB-GBN 199 482 (60.7) 312 (39.3) 993 794 GB-NIR 97 129 (58.9) 90 (41.1) 316 219 GR 324 458 (67.8) 218 (32.2) 1000 676 IE 307 453 (65.7) 237 (34.3) 997 690 IT 277 455 (60.3) 300 (39.7) 1032 755 LU 67 154 (65.5) 81 (34.5) 302 235 NL 241 390 (53.9) 334 (46.1) 965 724 PT 410 385 (65.3) 205 (34.7) 1000 590 N Sum 3530 4914 3140 11584 N Valid Sum 4914 3140 8054 printed 27.02.2012 page 461 Eurobarometer 28 - October-November 1987,GESIS Variable Report,487,ZA1713
v458,,LEFT-RIGHT PLACEMENT,,LEFT-RIGHT PLACEMENT,GESIS Variable Report,488,ZA1713
v459,,LEFT-RIGHT PLACEMENT - RECODED,,LEFT-RIGHT PLACEMENT - RECODED,GESIS Variable Report,490,ZA1713
v460,v460 0 1 2 3 N Sum N Valid Sum,SOCIAL CHANGE - ATTIT TOW SOCIETY,isocntry M BE 90 44 (4.8) 698 (76.3) 173 (18.9) 1005 915 DE 78 20 (2.3) 549 (62.5) 310 (35.3) 957 879 DK 15 15 (1.5) 567 (57.4) 405 (41.0) 1002 987 ES 134 59 (6.7) 755 (85.6) 68 (7.7) 1016 882 FR 59 50 (5.3) 638 (67.9) 252 (26.8) 999 940 GB-GBN 57 42 (4.5) 654 (69.9) 240 (25.6) 993 936 GB-NIR 29 10 (3.5) 211 (73.5) 66 (23.0) 316 287 GR 116 82 (9.3) 647 (73.2) 155 (17.5) 1000 884 IE 80 51 (5.6) 642 (70.0) 224 (24.4) 997 917 IT 46 49 (5.0) 758 (76.9) 179 (18.2) 1032 986 LU 42 1 (0.4) 176 (67.7) 83 (31.9) 302 260 NL 72 24 (2.7) 634 (71.0) 235 (26.3) 965 893 PT 126 37 (4.2) 703 (80.4) 134 (15.3) 1000 874 N Sum 944 484 7632 2524 11584 N Valid Sum 484 7632 2524 10640 printed 27.02.2012 page 465 Eurobarometer 28 - October-November 1987,isocntry M BE 90 44 (4.8) 698 (76.3) 173 (18.9) 1005 915 DE 78 20 (2.3) 549 (62.5) 310 (35.3) 957 879 DK 15 15 (1.5) 567 (57.4) 405 (41.0) 1002 987 ES 134 59 (6.7) 755 (85.6) 68 (7.7) 1016 882 FR 59 50 (5.3) 638 (67.9) 252 (26.8) 999 940 GB-GBN 57 42 (4.5) 654 (69.9) 240 (25.6) 993 936 GB-NIR 29 10 (3.5) 211 (73.5) 66 (23.0) 316 287 GR 116 82 (9.3) 647 (73.2) 155 (17.5) 1000 884 IE 80 51 (5.6) 642 (70.0) 224 (24.4) 997 917 IT 46 49 (5.0) 758 (76.9) 179 (18.2) 1032 986 LU 42 1 (0.4) 176 (67.7) 83 (31.9) 302 260 NL 72 24 (2.7) 634 (71.0) 235 (26.3) 965 893 PT 126 37 (4.2) 703 (80.4) 134 (15.3) 1000 874 N Sum 944 484 7632 2524 11584 N Valid Sum 484 7632 2524 10640 printed 27.02.2012 page 465 Eurobarometer 28 - October-November 1987,GESIS Variable Report,491,ZA1713
v461,v461 0 1 2 3 4 N Sum N Valid Sum,PARTY ATTACHMENT,isocntry M BE 72 41 (4.4) 120 (12.9) 310 (33.2) 462 (49.5) 1005 933 DE 26 67 (7.2) 185 (19.9) 360 (38.7) 318 (34.2) 956 930 DK 23 145 (14.8) 169 (17.2) 423 (43.2) 243 (24.8) 1003 980 ES 104 57 (6.3) 90 (9.9) 226 (24.8) 538 (59.1) 1015 911 FR 30 58 (6.0) 112 (11.6) 353 (36.5) 445 (46.0) 998 968 GB-GBN 12 101 (10.3) 272 (27.8) 179 (18.3) 428 (43.7) 992 980 GB-NIR 21 17 (5.8) 46 (15.6) 44 (14.9) 188 (63.7) 316 295 GR 23 100 (10.2) 187 (19.1) 311 (31.8) 379 (38.8) 1000 977 IE 75 65 (7.0) 160 (17.4) 179 (19.4) 518 (56.2) 997 922 IT 66 134 (13.9) 210 (21.7) 306 (31.7) 316 (32.7) 1032 966 LU 19 24 (8.5) 48 (17.0) 91 (32.2) 120 (42.4) 302 283 NL 61 83 (9.2) 161 (17.8) 402 (44.5) 257 (28.5) 964 903 PT 46 42 (4.4) 73 (7.7) 540 (56.6) 299 (31.3) 1000 954 N Sum 578 934 1833 3724 4511 11580 N Valid Sum 934 1833 3724 4511 11002 printed 27.02.2012 page 466 Eurobarometer 28 - October-November 1987,isocntry M BE 72 41 (4.4) 120 (12.9) 310 (33.2) 462 (49.5) 1005 933 DE 26 67 (7.2) 185 (19.9) 360 (38.7) 318 (34.2) 956 930 DK 23 145 (14.8) 169 (17.2) 423 (43.2) 243 (24.8) 1003 980 ES 104 57 (6.3) 90 (9.9) 226 (24.8) 538 (59.1) 1015 911 FR 30 58 (6.0) 112 (11.6) 353 (36.5) 445 (46.0) 998 968 GB-GBN 12 101 (10.3) 272 (27.8) 179 (18.3) 428 (43.7) 992 980 GB-NIR 21 17 (5.8) 46 (15.6) 44 (14.9) 188 (63.7) 316 295 GR 23 100 (10.2) 187 (19.1) 311 (31.8) 379 (38.8) 1000 977 IE 75 65 (7.0) 160 (17.4) 179 (19.4) 518 (56.2) 997 922 IT 66 134 (13.9) 210 (21.7) 306 (31.7) 316 (32.7) 1032 966 LU 19 24 (8.5) 48 (17.0) 91 (32.2) 120 (42.4) 302 283 NL 61 83 (9.2) 161 (17.8) 402 (44.5) 257 (28.5) 964 903 PT 46 42 (4.4) 73 (7.7) 540 (56.6) 299 (31.3) 1000 954 N Sum 578 934 1833 3724 4511 11580 N Valid Sum 934 1833 3724 4511 11002 printed 27.02.2012 page 466 Eurobarometer 28 - October-November 1987,GESIS Variable Report,492,ZA1713
v462,v462 0 1 2 3 4 5 6 N Sum N Valid Sum,MARITAL STATUS,isocntry M BE 278 (27.7) 574 (57.1) 25 (2.5) 40 (4.0) 26 (2.6) 62 (6.2) 1005 1005 DE 297 (31.0) 463 (48.3) 23 (2.4) 49 (5.1) 11 (1.1) 115 (12.0) 958 958 DK 228 (22.7) 515 (51.3) 145 (14.5) 42 (4.2) 11 (1.1) 62 (6.2) 1003 1003 ES 308 (30.3) 604 (59.3) 2 (0.2) 2 (0.2) 13 (1.3) 89 (8.7) 1018 1018 FR 221 (22.1) 617 (61.8) 56 (5.6) 27 (2.7) 16 (1.6) 62 (6.2) 999 999 GB-GBN 198 (20.0) 624 (62.9) 25 (2.5) 44 (4.4) 18 (1.8) 83 (8.4) 992 992 GB-NIR 102 (32.3) 177 (56.0) 3 (0.9) 7 (2.2) 3 (0.9) 24 (7.6) 316 316 GR 243 (24.3) 658 (65.8) 10 (1.0) 11 (1.1) 5 (0.5) 73 (7.3) 1000 1000 IE 340 (34.1) 560 (56.2) 3 (0.3) 1 (0.1) 14 (1.4) 79 (7.9) 997 997 IT 334 (32.4) 601 (58.2) 6 (0.6) 8 (0.8) 16 (1.6) 67 (6.5) 1032 1032 LU 76 (25.2) 194 (64.2) 2 (0.7) 9 (3.0) 2 (0.7) 19 (6.3) 302 302 NL 8 259 (27.0) 529 (55.2) 49 (5.1) 40 (4.2) 3 (0.3) 78 (8.1) 966 958 PT 265 (26.5) 623 (62.3) 10 (1.0) 14 (1.4) 14 (1.4) 74 (7.4) 1000 1000 N Sum 8 3149 6739 359 294 152 887 11588 N Valid Sum 3149 6739 359 294 152 887 11580 printed 27.02.2012 page 467 Eurobarometer 28 - October-November 1987,isocntry M BE 278 (27.7) 574 (57.1) 25 (2.5) 40 (4.0) 26 (2.6) 62 (6.2) 1005 1005 DE 297 (31.0) 463 (48.3) 23 (2.4) 49 (5.1) 11 (1.1) 115 (12.0) 958 958 DK 228 (22.7) 515 (51.3) 145 (14.5) 42 (4.2) 11 (1.1) 62 (6.2) 1003 1003 ES 308 (30.3) 604 (59.3) 2 (0.2) 2 (0.2) 13 (1.3) 89 (8.7) 1018 1018 FR 221 (22.1) 617 (61.8) 56 (5.6) 27 (2.7) 16 (1.6) 62 (6.2) 999 999 GB-GBN 198 (20.0) 624 (62.9) 25 (2.5) 44 (4.4) 18 (1.8) 83 (8.4) 992 992 GB-NIR 102 (32.3) 177 (56.0) 3 (0.9) 7 (2.2) 3 (0.9) 24 (7.6) 316 316 GR 243 (24.3) 658 (65.8) 10 (1.0) 11 (1.1) 5 (0.5) 73 (7.3) 1000 1000 IE 340 (34.1) 560 (56.2) 3 (0.3) 1 (0.1) 14 (1.4) 79 (7.9) 997 997 IT 334 (32.4) 601 (58.2) 6 (0.6) 8 (0.8) 16 (1.6) 67 (6.5) 1032 1032 LU 76 (25.2) 194 (64.2) 2 (0.7) 9 (3.0) 2 (0.7) 19 (6.3) 302 302 NL 8 259 (27.0) 529 (55.2) 49 (5.1) 40 (4.2) 3 (0.3) 78 (8.1) 966 958 PT 265 (26.5) 623 (62.3) 10 (1.0) 14 (1.4) 14 (1.4) 74 (7.4) 1000 1000 N Sum 8 3149 6739 359 294 152 887 11588 N Valid Sum 3149 6739 359 294 152 887 11580 printed 27.02.2012 page 467 Eurobarometer 28 - October-November 1987,GESIS Variable Report,493,ZA1713
v463,,AGE EDUCATION,,AGE EDUCATION,GESIS Variable Report,494,ZA1713
v464,v464 1 2 3 4 N Sum N Valid Sum,AGE EDUCATION - RECODED,isocntry BE 242 (24.1) 409 (40.7) 244 (24.3) 110 (10.9) 1005 1005 DE 319 (33.4) 362 (37.9) 147 (15.4) 128 (13.4) 956 956 DK 322 (32.2) 359 (35.9) 212 (21.2) 108 (10.8) 1001 1001 ES 607 (59.7) 169 (16.6) 124 (12.2) 116 (11.4) 1016 1016 FR 320 (32.0) 425 (42.5) 181 (18.1) 73 (7.3) 999 999 GB-GBN 404 (40.6) 424 (42.7) 123 (12.4) 43 (4.3) 994 994 GB-NIR 135 (42.7) 137 (43.4) 20 (6.3) 24 (7.6) 316 316 GR 518 (51.8) 239 (23.9) 130 (13.0) 113 (11.3) 1000 1000 IE 324 (32.5) 501 (50.3) 81 (8.1) 91 (9.1) 997 997 IT 596 (57.8) 203 (19.7) 131 (12.7) 102 (9.9) 1032 1032 LU 93 (30.8) 122 (40.4) 55 (18.2) 32 (10.6) 302 302 NL 244 (25.3) 347 (36.0) 234 (24.2) 140 (14.5) 965 965 PT 725 (72.5) 143 (14.3) 59 (5.9) 73 (7.3) 1000 1000 N Sum 4849 3840 1741 1153 11583 N Valid Sum 4849 3840 1741 1153 11583 printed 27.02.2012 page 470 Eurobarometer 28 - October-November 1987,isocntry BE 242 (24.1) 409 (40.7) 244 (24.3) 110 (10.9) 1005 1005 DE 319 (33.4) 362 (37.9) 147 (15.4) 128 (13.4) 956 956 DK 322 (32.2) 359 (35.9) 212 (21.2) 108 (10.8) 1001 1001 ES 607 (59.7) 169 (16.6) 124 (12.2) 116 (11.4) 1016 1016 FR 320 (32.0) 425 (42.5) 181 (18.1) 73 (7.3) 999 999 GB-GBN 404 (40.6) 424 (42.7) 123 (12.4) 43 (4.3) 994 994 GB-NIR 135 (42.7) 137 (43.4) 20 (6.3) 24 (7.6) 316 316 GR 518 (51.8) 239 (23.9) 130 (13.0) 113 (11.3) 1000 1000 IE 324 (32.5) 501 (50.3) 81 (8.1) 91 (9.1) 997 997 IT 596 (57.8) 203 (19.7) 131 (12.7) 102 (9.9) 1032 1032 LU 93 (30.8) 122 (40.4) 55 (18.2) 32 (10.6) 302 302 NL 244 (25.3) 347 (36.0) 234 (24.2) 140 (14.5) 965 965 PT 725 (72.5) 143 (14.3) 59 (5.9) 73 (7.3) 1000 1000 N Sum 4849 3840 1741 1153 11583 N Valid Sum 4849 3840 1741 1153 11583 printed 27.02.2012 page 470 Eurobarometer 28 - October-November 1987,GESIS Variable Report,496,ZA1713
v465,,VOTE INTENTION,,VOTE INTENTION,GESIS Variable Report,497,ZA1713
v466,,VOTE INTENTION PROBE (IRL NIRL GB),,VOTE INTENTION PROBE (IRL NIRL GB),GESIS Variable Report,503,ZA1713
v467,,VOTING BEHAVIOUR LAST NAT ELEC (E P),,VOTING BEHAVIOUR LAST NAT ELEC (E P),GESIS Variable Report,506,ZA1713
v468,,PARTY PREFERENCE (IRL NIRL),,PARTY PREFERENCE (IRL NIRL),GESIS Variable Report,508,ZA1713
v469,v469 0 1 2 N Sum N Valid Sum,SEX,isocntry M BE 494 (49.2) 511 (50.8) 1005 1005 DE 452 (47.2) 505 (52.8) 957 957 DK 512 (51.1) 490 (48.9) 1002 1002 ES 489 (48.1) 527 (51.9) 1016 1016 FR 5 480 (48.3) 514 (51.7) 999 994 GB-GBN 477 (48.0) 516 (52.0) 993 993 GB-NIR 4 156 (50.0) 156 (50.0) 316 312 GR 484 (48.4) 516 (51.6) 1000 1000 IE 4 494 (49.7) 499 (50.3) 997 993 IT 504 (48.8) 528 (51.2) 1032 1032 LU 153 (50.7) 149 (49.3) 302 302 NL 473 (49.1) 491 (50.9) 964 964 PT 475 (47.5) 525 (52.5) 1000 1000 N Sum 13 5643 5927 11583 N Valid Sum 5643 5927 11570 printed 27.02.2012 page 484 Eurobarometer 28 - October-November 1987,isocntry M BE 494 (49.2) 511 (50.8) 1005 1005 DE 452 (47.2) 505 (52.8) 957 957 DK 512 (51.1) 490 (48.9) 1002 1002 ES 489 (48.1) 527 (51.9) 1016 1016 FR 5 480 (48.3) 514 (51.7) 999 994 GB-GBN 477 (48.0) 516 (52.0) 993 993 GB-NIR 4 156 (50.0) 156 (50.0) 316 312 GR 484 (48.4) 516 (51.6) 1000 1000 IE 4 494 (49.7) 499 (50.3) 997 993 IT 504 (48.8) 528 (51.2) 1032 1032 LU 153 (50.7) 149 (49.3) 302 302 NL 473 (49.1) 491 (50.9) 964 964 PT 475 (47.5) 525 (52.5) 1000 1000 N Sum 13 5643 5927 11583 N Valid Sum 5643 5927 11570 printed 27.02.2012 page 484 Eurobarometer 28 - October-November 1987,GESIS Variable Report,510,ZA1713
v470,,AGE EXACT,,AGE EXACT,GESIS Variable Report,511,ZA1713
v471,v471 0 1 2 3 4 N Sum N Valid Sum,AGE RECODED,isocntry M BE 235 (23.4) 312 (31.0) 220 (21.9) 238 (23.7) 1005 1005 DE 183 (19.1) 212 (22.2) 236 (24.7) 325 (34.0) 956 956 DK 205 (20.4) 255 (25.4) 239 (23.8) 304 (30.3) 1003 1003 ES 226 (22.2) 261 (25.7) 243 (23.9) 287 (28.2) 1017 1017 FR 6 196 (19.7) 285 (28.7) 205 (20.6) 307 (30.9) 999 993 GB-GBN 175 (17.6) 309 (31.1) 217 (21.9) 292 (29.4) 993 993 GB-NIR 85 (26.9) 73 (23.1) 72 (22.8) 86 (27.2) 316 316 GR 190 (19.0) 257 (25.7) 261 (26.1) 292 (29.2) 1000 1000 IE 244 (24.5) 272 (27.3) 207 (20.8) 274 (27.5) 997 997 IT 199 (19.3) 274 (26.6) 266 (25.8) 293 (28.4) 1032 1032 LU 57 (18.9) 81 (26.8) 86 (28.5) 78 (25.8) 302 302 NL 201 (20.9) 291 (30.2) 212 (22.0) 260 (27.0) 964 964 PT 232 (23.2) 249 (24.9) 235 (23.5) 284 (28.4) 1000 1000 N Sum 6 2428 3131 2699 3320 11584 N Valid Sum 2428 3131 2699 3320 11578 printed 27.02.2012 page 486 Eurobarometer 28 - October-November 1987,isocntry M BE 235 (23.4) 312 (31.0) 220 (21.9) 238 (23.7) 1005 1005 DE 183 (19.1) 212 (22.2) 236 (24.7) 325 (34.0) 956 956 DK 205 (20.4) 255 (25.4) 239 (23.8) 304 (30.3) 1003 1003 ES 226 (22.2) 261 (25.7) 243 (23.9) 287 (28.2) 1017 1017 FR 6 196 (19.7) 285 (28.7) 205 (20.6) 307 (30.9) 999 993 GB-GBN 175 (17.6) 309 (31.1) 217 (21.9) 292 (29.4) 993 993 GB-NIR 85 (26.9) 73 (23.1) 72 (22.8) 86 (27.2) 316 316 GR 190 (19.0) 257 (25.7) 261 (26.1) 292 (29.2) 1000 1000 IE 244 (24.5) 272 (27.3) 207 (20.8) 274 (27.5) 997 997 IT 199 (19.3) 274 (26.6) 266 (25.8) 293 (28.4) 1032 1032 LU 57 (18.9) 81 (26.8) 86 (28.5) 78 (25.8) 302 302 NL 201 (20.9) 291 (30.2) 212 (22.0) 260 (27.0) 964 964 PT 232 (23.2) 249 (24.9) 235 (23.5) 284 (28.4) 1000 1000 N Sum 6 2428 3131 2699 3320 11584 N Valid Sum 2428 3131 2699 3320 11578 printed 27.02.2012 page 486 Eurobarometer 28 - October-November 1987,GESIS Variable Report,512,ZA1713
v472,,HOUSEHOLD SIZE,,HOUSEHOLD SIZE,GESIS Variable Report,513,ZA1713
v473,,HOUSEHOLD CHILDREN 8-15,,HOUSEHOLD CHILDREN 8-15,GESIS Variable Report,514,ZA1713
v474,UNDER 8 YEARS,HOUSEHOLD CHILDREN UNDER 8,1 NO CHILDREN,1 NO CHILDREN,GESIS Variable Report,515,ZA1713
v475,,INCOME HH,,INCOME HH,GESIS Variable Report,516,ZA1713
v476,,OCCUPATION OF RESPONDENT,,OCCUPATION OF RESPONDENT,GESIS Variable Report,522,ZA1713
v477,v477 0 1 2 3 4 9 N Sum N Valid Sum,OCCUPATION - SIZE OF COMPANY,isocntry M M BE 152 101 (29.0) 110 (31.6) 83 (23.9) 54 (15.5) 505 1005 348 DE 36 69 (16.8) 146 (35.6) 108 (26.3) 87 (21.2) 511 957 410 DK 24 95 (16.2) 217 (36.9) 193 (32.8) 83 (14.1) 389 1001 588 ES 32 152 (43.8) 150 (43.2) 30 (8.6) 15 (4.3) 638 1017 347 FR 69 112 (26.4) 138 (32.5) 102 (24.0) 73 (17.2) 505 999 425 GB-GBN 81 (15.0) 142 (26.3) 243 (45.0) 74 (13.7) 453 993 540 GB-NIR 25 35 (29.9) 44 (37.6) 24 (20.5) 14 (12.0) 174 316 117 GR 285 (67.9) 79 (18.8) 36 (8.6) 20 (4.8) 580 1000 420 IE 68 143 (42.1) 128 (37.6) 54 (15.9) 15 (4.4) 589 997 340 IT 192 (40.4) 145 (30.5) 85 (17.9) 53 (11.2) 557 1032 475 LU 1 33 (24.3) 56 (41.2) 26 (19.1) 21 (15.4) 165 302 136 NL 55 35 (10.3) 123 (36.3) 105 (31.0) 76 (22.4) 570 964 339 PT 53 243 (50.8) 152 (31.8) 61 (12.8) 22 (4.6) 469 1000 478 N Sum 515 1576 1630 1150 607 6105 11583 N Valid Sum 1576 1630 1150 607 4963 printed 27.02.2012 page 498 Eurobarometer 28 - October-November 1987,isocntry M M BE 152 101 (29.0) 110 (31.6) 83 (23.9) 54 (15.5) 505 1005 348 DE 36 69 (16.8) 146 (35.6) 108 (26.3) 87 (21.2) 511 957 410 DK 24 95 (16.2) 217 (36.9) 193 (32.8) 83 (14.1) 389 1001 588 ES 32 152 (43.8) 150 (43.2) 30 (8.6) 15 (4.3) 638 1017 347 FR 69 112 (26.4) 138 (32.5) 102 (24.0) 73 (17.2) 505 999 425 GB-GBN 81 (15.0) 142 (26.3) 243 (45.0) 74 (13.7) 453 993 540 GB-NIR 25 35 (29.9) 44 (37.6) 24 (20.5) 14 (12.0) 174 316 117 GR 285 (67.9) 79 (18.8) 36 (8.6) 20 (4.8) 580 1000 420 IE 68 143 (42.1) 128 (37.6) 54 (15.9) 15 (4.4) 589 997 340 IT 192 (40.4) 145 (30.5) 85 (17.9) 53 (11.2) 557 1032 475 LU 1 33 (24.3) 56 (41.2) 26 (19.1) 21 (15.4) 165 302 136 NL 55 35 (10.3) 123 (36.3) 105 (31.0) 76 (22.4) 570 964 339 PT 53 243 (50.8) 152 (31.8) 61 (12.8) 22 (4.6) 469 1000 478 N Sum 515 1576 1630 1150 607 6105 11583 N Valid Sum 1576 1630 1150 607 4963 printed 27.02.2012 page 498 Eurobarometer 28 - October-November 1987,GESIS Variable Report,524,ZA1713
v478,v478 1 2 N Sum N Valid Sum,HEAD OF HOUSEHOLD,isocntry BE 549 (54.6) 456 (45.4) 1005 1005 DE 645 (67.4) 312 (32.6) 957 957 DK 660 (65.9) 342 (34.1) 1002 1002 ES 408 (40.1) 609 (59.9) 1017 1017 FR 492 (49.2) 507 (50.8) 999 999 GB-GBN 554 (55.8) 439 (44.2) 993 993 GB-NIR 151 (47.8) 165 (52.2) 316 316 GR 433 (43.3) 567 (56.7) 1000 1000 IE 443 (44.4) 554 (55.6) 997 997 IT 447 (43.3) 585 (56.7) 1032 1032 LU 151 (50.0) 151 (50.0) 302 302 NL 558 (57.9) 406 (42.1) 964 964 PT 457 (45.7) 543 (54.3) 1000 1000 N Sum 5948 5636 11584 N Valid Sum 5948 5636 11584 printed 27.02.2012 page 499 Eurobarometer 28 - October-November 1987,isocntry BE 549 (54.6) 456 (45.4) 1005 1005 DE 645 (67.4) 312 (32.6) 957 957 DK 660 (65.9) 342 (34.1) 1002 1002 ES 408 (40.1) 609 (59.9) 1017 1017 FR 492 (49.2) 507 (50.8) 999 999 GB-GBN 554 (55.8) 439 (44.2) 993 993 GB-NIR 151 (47.8) 165 (52.2) 316 316 GR 433 (43.3) 567 (56.7) 1000 1000 IE 443 (44.4) 554 (55.6) 997 997 IT 447 (43.3) 585 (56.7) 1032 1032 LU 151 (50.0) 151 (50.0) 302 302 NL 558 (57.9) 406 (42.1) 964 964 PT 457 (45.7) 543 (54.3) 1000 1000 N Sum 5948 5636 11584 N Valid Sum 5948 5636 11584 printed 27.02.2012 page 499 Eurobarometer 28 - October-November 1987,GESIS Variable Report,525,ZA1713
v479,,OCCUPATION HEAD OF HOUSEHOLD,,OCCUPATION HEAD OF HOUSEHOLD,GESIS Variable Report,526,ZA1713
v480,,SIZE OF COMMUNITY,,SIZE OF COMMUNITY,GESIS Variable Report,528,ZA1713
v481,v481 0 1 2 3 N Sum N Valid Sum,TYPE OF COMMUNITY,isocntry M BE 434 (43.2) 330 (32.8) 241 (24.0) 1005 1005 DE 8 237 (24.9) 315 (33.2) 398 (41.9) 958 950 DK 252 (25.1) 412 (41.1) 338 (33.7) 1002 1002 ES 461 (45.3) 294 (28.9) 262 (25.8) 1017 1017 FR 12 423 (42.9) 337 (34.1) 227 (23.0) 999 987 GB-GBN 190 (19.1) 527 (53.1) 276 (27.8) 993 993 GB-NIR 4 116 (37.2) 77 (24.7) 119 (38.1) 316 312 GR 371 (37.1) 186 (18.6) 443 (44.3) 1000 1000 IE 9 446 (45.1) 152 (15.4) 390 (39.5) 997 988 IT 358 (34.7) 382 (37.0) 292 (28.3) 1032 1032 LU 137 (45.4) 140 (46.4) 25 (8.3) 302 302 NL 405 (42.0) 337 (35.0) 222 (23.0) 964 964 PT 41 380 (39.6) 346 (36.1) 233 (24.3) 1000 959 N Sum 74 4210 3835 3466 11585 N Valid Sum 4210 3835 3466 11511 printed 27.02.2012 page 506 Eurobarometer 28 - October-November 1987,isocntry M BE 434 (43.2) 330 (32.8) 241 (24.0) 1005 1005 DE 8 237 (24.9) 315 (33.2) 398 (41.9) 958 950 DK 252 (25.1) 412 (41.1) 338 (33.7) 1002 1002 ES 461 (45.3) 294 (28.9) 262 (25.8) 1017 1017 FR 12 423 (42.9) 337 (34.1) 227 (23.0) 999 987 GB-GBN 190 (19.1) 527 (53.1) 276 (27.8) 993 993 GB-NIR 4 116 (37.2) 77 (24.7) 119 (38.1) 316 312 GR 371 (37.1) 186 (18.6) 443 (44.3) 1000 1000 IE 9 446 (45.1) 152 (15.4) 390 (39.5) 997 988 IT 358 (34.7) 382 (37.0) 292 (28.3) 1032 1032 LU 137 (45.4) 140 (46.4) 25 (8.3) 302 302 NL 405 (42.0) 337 (35.0) 222 (23.0) 964 964 PT 41 380 (39.6) 346 (36.1) 233 (24.3) 1000 959 N Sum 74 4210 3835 3466 11585 N Valid Sum 4210 3835 3466 11511 printed 27.02.2012 page 506 Eurobarometer 28 - October-November 1987,GESIS Variable Report,532,ZA1713
v482,v482 1 2 3 4 5 N Sum N Valid Sum,INCOME HH - QUARTILES,isocntry M BE 163 (20.2) 304 (37.7) 181 (22.4) 159 (19.7) 198 1005 807 DE 153 (19.5) 171 (21.8) 187 (23.9) 273 (34.8) 173 957 784 DK 167 (20.4) 183 (22.3) 202 (24.7) 267 (32.6) 183 1002 819 ES 188 (25.3) 128 (17.3) 166 (22.4) 260 (35.0) 274 1016 742 FR 190 (21.7) 266 (30.4) 265 (30.3) 155 (17.7) 122 998 876 GB-GBN 208 (25.9) 165 (20.5) 229 (28.5) 201 (25.0) 190 993 803 GB-NIR 54 (28.1) 39 (20.3) 55 (28.6) 44 (22.9) 124 316 192 GR 382 (45.6) 230 (27.5) 128 (15.3) 97 (11.6) 163 1000 837 IE 155 (26.1) 146 (24.6) 152 (25.6) 140 (23.6) 404 997 593 IT 156 (17.1) 253 (27.8) 246 (27.0) 256 (28.1) 121 1032 911 LU 63 (27.2) 46 (19.8) 37 (15.9) 86 (37.1) 70 302 232 NL 227 (28.7) 195 (24.6) 160 (20.2) 210 (26.5) 172 964 792 PT 258 (27.0) 146 (15.3) 250 (26.1) 303 (31.7) 43 1000 957 N Sum 2364 2272 2258 2451 2237 11582 N Valid Sum 2364 2272 2258 2451 9345 printed 27.02.2012 page 507 Eurobarometer 28 - October-November 1987,isocntry M BE 163 (20.2) 304 (37.7) 181 (22.4) 159 (19.7) 198 1005 807 DE 153 (19.5) 171 (21.8) 187 (23.9) 273 (34.8) 173 957 784 DK 167 (20.4) 183 (22.3) 202 (24.7) 267 (32.6) 183 1002 819 ES 188 (25.3) 128 (17.3) 166 (22.4) 260 (35.0) 274 1016 742 FR 190 (21.7) 266 (30.4) 265 (30.3) 155 (17.7) 122 998 876 GB-GBN 208 (25.9) 165 (20.5) 229 (28.5) 201 (25.0) 190 993 803 GB-NIR 54 (28.1) 39 (20.3) 55 (28.6) 44 (22.9) 124 316 192 GR 382 (45.6) 230 (27.5) 128 (15.3) 97 (11.6) 163 1000 837 IE 155 (26.1) 146 (24.6) 152 (25.6) 140 (23.6) 404 997 593 IT 156 (17.1) 253 (27.8) 246 (27.0) 256 (28.1) 121 1032 911 LU 63 (27.2) 46 (19.8) 37 (15.9) 86 (37.1) 70 302 232 NL 227 (28.7) 195 (24.6) 160 (20.2) 210 (26.5) 172 964 792 PT 258 (27.0) 146 (15.3) 250 (26.1) 303 (31.7) 43 1000 957 N Sum 2364 2272 2258 2451 2237 11582 N Valid Sum 2364 2272 2258 2451 9345 printed 27.02.2012 page 507 Eurobarometer 28 - October-November 1987,GESIS Variable Report,533,ZA1713
v483,v483 1 2 3 9 N Sum N Valid Sum,LANGUAGE HH (B),isocntry M BE 558 (55.5) 430 (42.8) 17 (1.7) 1005 1005 DE 957 957 DK 1002 1002 ES 1016 1016 FR 999 999 GB-GBN 993 993 GB-NIR 316 316 GR 1000 1000 IE 997 997 IT 1032 1032 LU 302 302 NL 965 965 PT 1000 1000 N Sum 558 430 17 10579 11584 N Valid Sum 558 430 17 1005 printed 27.02.2012 page 508 Eurobarometer 28 - October-November 1987,isocntry M BE 558 (55.5) 430 (42.8) 17 (1.7) 1005 1005 DE 957 957 DK 1002 1002 ES 1016 1016 FR 999 999 GB-GBN 993 993 GB-NIR 316 316 GR 1000 1000 IE 997 997 IT 1032 1032 LU 302 302 NL 965 965 PT 1000 1000 N Sum 558 430 17 10579 11584 N Valid Sum 558 430 17 1005 printed 27.02.2012 page 508 Eurobarometer 28 - October-November 1987,GESIS Variable Report,534,ZA1713
v484,,REGION,,REGION,GESIS Variable Report,535,ZA1713
v485,,PROVINCE,,PROVINCE,GESIS Variable Report,539,ZA1713
v486,v486,IRISH LANGUAGE SPEAKING IMPORTANT (IRL),Value Label Missing Count Percent Valid Percent,Value Label Missing Count Percent Valid Percent,GESIS Variable Report,545,ZA1713
v487,,OPINION LEADERSHIP INDEX,,OPINION LEADERSHIP INDEX,GESIS Variable Report,546,ZA1713
v488,,VALUE ORIENTATION (POST-MATERIALISM),,VALUE ORIENTATION (POST-MATERIALISM),GESIS Variable Report,547,ZA1713
v489,,POLITICAL ORIENTATION (TYPOLOGY 7),,POLITICAL ORIENTATION (TYPOLOGY 7),GESIS Variable Report,548,ZA1713
v490,,EC SUPPORT - COMMITMENT INDEX,,EC SUPPORT - COMMITMENT INDEX,GESIS Variable Report,550,ZA1713
v491,,COGNITIVE MOBILIZATION INDEX,,COGNITIVE MOBILIZATION INDEX,GESIS Variable Report,551,ZA1713
v492,,POLITICAL MOBILIZATION INDEX,,POLITICAL MOBILIZATION INDEX,GESIS Variable Report,552,ZA1713
v493,,EUROPEAN POL PARTY PREFERENCE,,EUROPEAN POL PARTY PREFERENCE,GESIS Variable Report,553,ZA1713
v494,AND V5 CODED 11,LEFT-RIGHT PLACEMENT - HARMONIZED,"CODE 2: CODED 5-6 FOR V458 AND V5 CODED 2-4,6-7, 9-10,12; CODED 5 FOR V458 AND V5 CODED 1,5; CODED 6-7 FOR V458 AND V5 CODED 8; CODED 4-5 FOR V458 AND V5 CODED 11 CODE 3: CODED 7-10 FOR V458 AND V5 CODED 2-4,6-7, 9-10,12; CODED 6-10 FOR V458 AND V5 CODED 1,5,11; CODED 8-","CODE 2: CODED 5-6 FOR V458 AND V5 CODED 2-4,6-7, 9-10,12; CODED 5 FOR V458 AND V5 CODED 1,5; CODED 6-7 FOR V458 AND V5 CODED 8; CODED 4-5 FOR V458 AND V5 CODED 11 CODE 3: CODED 7-10 FOR V458 AND V5 CODED 2-4,6-7, 9-10,12; CODED 6-10 FOR V458 AND V5 CODED 1,5,11; CODED 8-",GESIS Variable Report,556,ZA1713
