variable,question_number,variable_label,question_text,question_text_filled,source,source_page,za_id
v4,v4,EUROBAROMETER NUMBER,Value Label Missing Count Percent Valid Percent,Value Label Missing Count Percent Valid Percent,GESIS Variable Report,31,ZA3509
v6,,NATION I (UNITED KINGDOM),,NATION I (UNITED KINGDOM),GESIS Variable Report,34,ZA3509
v8,,NATION II (GB AND NORTHERN IRELAND),,NATION II (GB AND NORTHERN IRELAND),GESIS Variable Report,37,ZA3509
v10,,NATION III (UNITED GERMANY),,NATION III (UNITED GERMANY),GESIS Variable Report,40,ZA3509
v12,,NATION IV (UK + UNITED GERMANY),,NATION IV (UK + UNITED GERMANY),GESIS Variable Report,43,ZA3509
v23,v23 0 1 N Sum N Valid Sum,Q1 NATIONALITY BELGIUM,isocntry AT 1018 (99.9) 1 (0.1) 1019 1019 BE 62 (5.9) 996 (94.1) 1058 1058 DE-E 1026 (100.0) 1026 1026 DE-W 1012 (100.0) 1012 1012 DK 998 (99.8) 2 (0.2) 1000 1000 ES 1000 (100.0) 1000 1000 FI 1022 (100.0) 1022 1022 FR 1004 (100.0) 1004 1004 GB-GBN 1000 (100.0) 1000 1000 GB-NIR 304 (100.0) 304 304 GR 1004 (100.0) 1004 1004 IE 1006 (100.0) 1006 1006 IT 995 (100.0) 995 995 LU 591 (95.5) 28 (4.5) 619 619 NL 1054 (99.3) 7 (0.7) 1061 1061 PT 1000 (100.0) 1000 1000 SE 1000 (100.0) 1000 1000 N Sum 15096 1034 16130 N Valid Sum 15096 1034 16130 printed 24.01.2012 page 28 Eurobarometer 55.2 - May-June 2001,isocntry AT 1018 (99.9) 1 (0.1) 1019 1019 BE 62 (5.9) 996 (94.1) 1058 1058 DE-E 1026 (100.0) 1026 1026 DE-W 1012 (100.0) 1012 1012 DK 998 (99.8) 2 (0.2) 1000 1000 ES 1000 (100.0) 1000 1000 FI 1022 (100.0) 1022 1022 FR 1004 (100.0) 1004 1004 GB-GBN 1000 (100.0) 1000 1000 GB-NIR 304 (100.0) 304 304 GR 1004 (100.0) 1004 1004 IE 1006 (100.0) 1006 1006 IT 995 (100.0) 995 995 LU 591 (95.5) 28 (4.5) 619 619 NL 1054 (99.3) 7 (0.7) 1061 1061 PT 1000 (100.0) 1000 1000 SE 1000 (100.0) 1000 1000 N Sum 15096 1034 16130 N Valid Sum 15096 1034 16130 printed 24.01.2012 page 28 Eurobarometer 55.2 - May-June 2001,GESIS Variable Report,54,ZA3509
v24,v24 0 1 N Sum N Valid Sum,Q1 NATIONALITY DENMARK,isocntry AT 1019 (100.0) 1019 1019 BE 1058 (100.0) 1058 1058 DE-E 1025 (99.9) 1 (0.1) 1026 1026 DE-W 1008 (99.6) 4 (0.4) 1012 1012 DK 12 (1.2) 988 (98.8) 1000 1000 ES 1000 (100.0) 1000 1000 FI 1022 (100.0) 1022 1022 FR 1004 (100.0) 1004 1004 GB-GBN 999 (99.9) 1 (0.1) 1000 1000 GB-NIR 304 (100.0) 304 304 GR 1004 (100.0) 1004 1004 IE 1006 (100.0) 1006 1006 IT 995 (100.0) 995 995 LU 618 (99.8) 1 (0.2) 619 619 NL 1061 (100.0) 1061 1061 PT 1000 (100.0) 1000 1000 SE 995 (99.5) 5 (0.5) 1000 1000 N Sum 15130 1000 16130 N Valid Sum 15130 1000 16130 printed 24.01.2012 page 29 Eurobarometer 55.2 - May-June 2001,isocntry AT 1019 (100.0) 1019 1019 BE 1058 (100.0) 1058 1058 DE-E 1025 (99.9) 1 (0.1) 1026 1026 DE-W 1008 (99.6) 4 (0.4) 1012 1012 DK 12 (1.2) 988 (98.8) 1000 1000 ES 1000 (100.0) 1000 1000 FI 1022 (100.0) 1022 1022 FR 1004 (100.0) 1004 1004 GB-GBN 999 (99.9) 1 (0.1) 1000 1000 GB-NIR 304 (100.0) 304 304 GR 1004 (100.0) 1004 1004 IE 1006 (100.0) 1006 1006 IT 995 (100.0) 995 995 LU 618 (99.8) 1 (0.2) 619 619 NL 1061 (100.0) 1061 1061 PT 1000 (100.0) 1000 1000 SE 995 (99.5) 5 (0.5) 1000 1000 N Sum 15130 1000 16130 N Valid Sum 15130 1000 16130 printed 24.01.2012 page 29 Eurobarometer 55.2 - May-June 2001,GESIS Variable Report,55,ZA3509
v25,v25 0 1 N Sum N Valid Sum,Q1 NATIONALITY GERMANY,isocntry AT 1011 (99.2) 8 (0.8) 1019 1019 BE 1056 (99.8) 2 (0.2) 1058 1058 DE-E 1 (0.1) 1025 (99.9) 1026 1026 DE-W 31 (3.1) 981 (96.9) 1012 1012 DK 998 (99.8) 2 (0.2) 1000 1000 ES 1000 (100.0) 1000 1000 FI 1022 (100.0) 1022 1022 FR 1002 (99.8) 2 (0.2) 1004 1004 GB-GBN 998 (99.8) 2 (0.2) 1000 1000 GB-NIR 303 (99.7) 1 (0.3) 304 304 GR 1002 (99.8) 2 (0.2) 1004 1004 IE 1003 (99.7) 3 (0.3) 1006 1006 IT 995 (100.0) 995 995 LU 606 (97.9) 13 (2.1) 619 619 NL 1060 (99.9) 1 (0.1) 1061 1061 PT 1000 (100.0) 0 (0.0) 1000 1000 SE 1000 (100.0) 1000 1000 N Sum 14088 2042 16130 N Valid Sum 14088 2042 16130 printed 24.01.2012 page 30 Eurobarometer 55.2 - May-June 2001,isocntry AT 1011 (99.2) 8 (0.8) 1019 1019 BE 1056 (99.8) 2 (0.2) 1058 1058 DE-E 1 (0.1) 1025 (99.9) 1026 1026 DE-W 31 (3.1) 981 (96.9) 1012 1012 DK 998 (99.8) 2 (0.2) 1000 1000 ES 1000 (100.0) 1000 1000 FI 1022 (100.0) 1022 1022 FR 1002 (99.8) 2 (0.2) 1004 1004 GB-GBN 998 (99.8) 2 (0.2) 1000 1000 GB-NIR 303 (99.7) 1 (0.3) 304 304 GR 1002 (99.8) 2 (0.2) 1004 1004 IE 1003 (99.7) 3 (0.3) 1006 1006 IT 995 (100.0) 995 995 LU 606 (97.9) 13 (2.1) 619 619 NL 1060 (99.9) 1 (0.1) 1061 1061 PT 1000 (100.0) 0 (0.0) 1000 1000 SE 1000 (100.0) 1000 1000 N Sum 14088 2042 16130 N Valid Sum 14088 2042 16130 printed 24.01.2012 page 30 Eurobarometer 55.2 - May-June 2001,GESIS Variable Report,56,ZA3509
v26,v26 0 1 N Sum N Valid Sum,Q1 NATIONALITY GREECE,isocntry AT 1019 (100.0) 1019 1019 BE 1056 (99.8) 2 (0.2) 1058 1058 DE-E 1025 (99.9) 1 (0.1) 1026 1026 DE-W 1005 (99.3) 7 (0.7) 1012 1012 DK 1000 (100.0) 1000 1000 ES 998 (99.8) 2 (0.2) 1000 1000 FI 1022 (100.0) 1022 1022 FR 1004 (100.0) 1004 1004 GB-GBN 999 (99.9) 1 (0.1) 1000 1000 GB-NIR 304 (100.0) 304 304 GR 7 (0.7) 997 (99.3) 1004 1004 IE 1006 (100.0) 1006 1006 IT 995 (100.0) 995 995 LU 619 (100.0) 619 619 NL 1061 (100.0) 1061 1061 PT 1000 (100.0) 1000 1000 SE 998 (99.8) 2 (0.2) 1000 1000 N Sum 15118 1012 16130 N Valid Sum 15118 1012 16130 printed 24.01.2012 page 31 Eurobarometer 55.2 - May-June 2001,isocntry AT 1019 (100.0) 1019 1019 BE 1056 (99.8) 2 (0.2) 1058 1058 DE-E 1025 (99.9) 1 (0.1) 1026 1026 DE-W 1005 (99.3) 7 (0.7) 1012 1012 DK 1000 (100.0) 1000 1000 ES 998 (99.8) 2 (0.2) 1000 1000 FI 1022 (100.0) 1022 1022 FR 1004 (100.0) 1004 1004 GB-GBN 999 (99.9) 1 (0.1) 1000 1000 GB-NIR 304 (100.0) 304 304 GR 7 (0.7) 997 (99.3) 1004 1004 IE 1006 (100.0) 1006 1006 IT 995 (100.0) 995 995 LU 619 (100.0) 619 619 NL 1061 (100.0) 1061 1061 PT 1000 (100.0) 1000 1000 SE 998 (99.8) 2 (0.2) 1000 1000 N Sum 15118 1012 16130 N Valid Sum 15118 1012 16130 printed 24.01.2012 page 31 Eurobarometer 55.2 - May-June 2001,GESIS Variable Report,57,ZA3509
v27,v27 0 1 N Sum N Valid Sum,Q1 NATIONALITY SPAIN,isocntry AT 1019 (100.0) 1019 1019 BE 1052 (99.4) 6 (0.6) 1058 1058 DE-E 1026 (100.0) 1026 1026 DE-W 1007 (99.5) 5 (0.5) 1012 1012 DK 1000 (100.0) 1000 1000 ES 7 (0.7) 993 (99.3) 1000 1000 FI 1022 (100.0) 1022 1022 FR 995 (99.1) 9 (0.9) 1004 1004 GB-GBN 999 (99.9) 1 (0.1) 1000 1000 GB-NIR 304 (100.0) 304 304 GR 1000 (99.6) 4 (0.4) 1004 1004 IE 1005 (99.9) 1 (0.1) 1006 1006 IT 995 (100.0) 995 995 LU 618 (99.8) 1 (0.2) 619 619 NL 1060 (99.9) 1 (0.1) 1061 1061 PT 1000 (100.0) 1000 1000 SE 1000 (100.0) 1000 1000 N Sum 15109 1021 16130 N Valid Sum 15109 1021 16130 printed 24.01.2012 page 32 Eurobarometer 55.2 - May-June 2001,isocntry AT 1019 (100.0) 1019 1019 BE 1052 (99.4) 6 (0.6) 1058 1058 DE-E 1026 (100.0) 1026 1026 DE-W 1007 (99.5) 5 (0.5) 1012 1012 DK 1000 (100.0) 1000 1000 ES 7 (0.7) 993 (99.3) 1000 1000 FI 1022 (100.0) 1022 1022 FR 995 (99.1) 9 (0.9) 1004 1004 GB-GBN 999 (99.9) 1 (0.1) 1000 1000 GB-NIR 304 (100.0) 304 304 GR 1000 (99.6) 4 (0.4) 1004 1004 IE 1005 (99.9) 1 (0.1) 1006 1006 IT 995 (100.0) 995 995 LU 618 (99.8) 1 (0.2) 619 619 NL 1060 (99.9) 1 (0.1) 1061 1061 PT 1000 (100.0) 1000 1000 SE 1000 (100.0) 1000 1000 N Sum 15109 1021 16130 N Valid Sum 15109 1021 16130 printed 24.01.2012 page 32 Eurobarometer 55.2 - May-June 2001,GESIS Variable Report,58,ZA3509
v28,v28 0 1 N Sum N Valid Sum,Q1 NATIONALITY FRANCE,isocntry AT 1019 (100.0) 1019 1019 BE 1049 (99.1) 9 (0.9) 1058 1058 DE-E 1025 (99.9) 1 (0.1) 1026 1026 DE-W 1011 (99.9) 1 (0.1) 1012 1012 DK 1000 (100.0) 1000 1000 ES 999 (99.9) 1 (0.1) 1000 1000 FI 1022 (100.0) 1022 1022 FR 16 (1.6) 988 (98.4) 1004 1004 GB-GBN 996 (99.6) 4 (0.4) 1000 1000 GB-NIR 304 (100.0) 304 304 GR 1004 (100.0) 1004 1004 IE 1000 (99.4) 6 (0.6) 1006 1006 IT 995 (100.0) 995 995 LU 598 (96.6) 21 (3.4) 619 619 NL 1061 (100.0) 1061 1061 PT 998 (99.8) 2 (0.2) 1000 1000 SE 1000 (100.0) 1000 1000 N Sum 15097 1033 16130 N Valid Sum 15097 1033 16130 printed 24.01.2012 page 33 Eurobarometer 55.2 - May-June 2001,isocntry AT 1019 (100.0) 1019 1019 BE 1049 (99.1) 9 (0.9) 1058 1058 DE-E 1025 (99.9) 1 (0.1) 1026 1026 DE-W 1011 (99.9) 1 (0.1) 1012 1012 DK 1000 (100.0) 1000 1000 ES 999 (99.9) 1 (0.1) 1000 1000 FI 1022 (100.0) 1022 1022 FR 16 (1.6) 988 (98.4) 1004 1004 GB-GBN 996 (99.6) 4 (0.4) 1000 1000 GB-NIR 304 (100.0) 304 304 GR 1004 (100.0) 1004 1004 IE 1000 (99.4) 6 (0.6) 1006 1006 IT 995 (100.0) 995 995 LU 598 (96.6) 21 (3.4) 619 619 NL 1061 (100.0) 1061 1061 PT 998 (99.8) 2 (0.2) 1000 1000 SE 1000 (100.0) 1000 1000 N Sum 15097 1033 16130 N Valid Sum 15097 1033 16130 printed 24.01.2012 page 33 Eurobarometer 55.2 - May-June 2001,GESIS Variable Report,59,ZA3509
v29,v29 0 1 N Sum N Valid Sum,Q1 NATIONALITY IRELAND,isocntry AT 1019 (100.0) 1019 1019 BE 1058 (100.0) 1058 1058 DE-E 1026 (100.0) 1026 1026 DE-W 1012 (100.0) 1012 1012 DK 998 (99.8) 2 (0.2) 1000 1000 ES 1000 (100.0) 1000 1000 FI 1022 (100.0) 1022 1022 FR 1001 (99.7) 3 (0.3) 1004 1004 GB-GBN 994 (99.4) 6 (0.6) 1000 1000 GB-NIR 264 (86.8) 40 (13.2) 304 304 GR 1004 (100.0) 1004 1004 IE 32 (3.2) 974 (96.8) 1006 1006 IT 993 (99.8) 2 (0.2) 995 995 LU 619 (100.0) 619 619 NL 1061 (100.0) 1061 1061 PT 1000 (100.0) 1000 1000 SE 1000 (100.0) 1000 1000 N Sum 15103 1027 16130 N Valid Sum 15103 1027 16130 printed 24.01.2012 page 34 Eurobarometer 55.2 - May-June 2001,isocntry AT 1019 (100.0) 1019 1019 BE 1058 (100.0) 1058 1058 DE-E 1026 (100.0) 1026 1026 DE-W 1012 (100.0) 1012 1012 DK 998 (99.8) 2 (0.2) 1000 1000 ES 1000 (100.0) 1000 1000 FI 1022 (100.0) 1022 1022 FR 1001 (99.7) 3 (0.3) 1004 1004 GB-GBN 994 (99.4) 6 (0.6) 1000 1000 GB-NIR 264 (86.8) 40 (13.2) 304 304 GR 1004 (100.0) 1004 1004 IE 32 (3.2) 974 (96.8) 1006 1006 IT 993 (99.8) 2 (0.2) 995 995 LU 619 (100.0) 619 619 NL 1061 (100.0) 1061 1061 PT 1000 (100.0) 1000 1000 SE 1000 (100.0) 1000 1000 N Sum 15103 1027 16130 N Valid Sum 15103 1027 16130 printed 24.01.2012 page 34 Eurobarometer 55.2 - May-June 2001,GESIS Variable Report,60,ZA3509
v30,v30 0 1 N Sum N Valid Sum,Q1 NATIONALITY ITALY,isocntry AT 1017 (99.8) 2 (0.2) 1019 1019 BE 1029 (97.3) 29 (2.7) 1058 1058 DE-E 1026 (100.0) 1026 1026 DE-W 1005 (99.3) 7 (0.7) 1012 1012 DK 1000 (100.0) 1000 1000 ES 1000 (100.0) 1000 1000 FI 1022 (100.0) 1022 1022 FR 1002 (99.8) 2 (0.2) 1004 1004 GB-GBN 999 (99.9) 1 (0.1) 1000 1000 GB-NIR 302 (99.3) 2 (0.7) 304 304 GR 1004 (100.0) 1004 1004 IE 1002 (99.6) 4 (0.4) 1006 1006 IT 3 (0.3) 992 (99.7) 995 995 LU 583 (94.2) 36 (5.8) 619 619 NL 1059 (99.8) 2 (0.2) 1061 1061 PT 1000 (100.0) 1000 1000 SE 1000 (100.0) 1000 1000 N Sum 15053 1077 16130 N Valid Sum 15053 1077 16130 printed 24.01.2012 page 35 Eurobarometer 55.2 - May-June 2001,isocntry AT 1017 (99.8) 2 (0.2) 1019 1019 BE 1029 (97.3) 29 (2.7) 1058 1058 DE-E 1026 (100.0) 1026 1026 DE-W 1005 (99.3) 7 (0.7) 1012 1012 DK 1000 (100.0) 1000 1000 ES 1000 (100.0) 1000 1000 FI 1022 (100.0) 1022 1022 FR 1002 (99.8) 2 (0.2) 1004 1004 GB-GBN 999 (99.9) 1 (0.1) 1000 1000 GB-NIR 302 (99.3) 2 (0.7) 304 304 GR 1004 (100.0) 1004 1004 IE 1002 (99.6) 4 (0.4) 1006 1006 IT 3 (0.3) 992 (99.7) 995 995 LU 583 (94.2) 36 (5.8) 619 619 NL 1059 (99.8) 2 (0.2) 1061 1061 PT 1000 (100.0) 1000 1000 SE 1000 (100.0) 1000 1000 N Sum 15053 1077 16130 N Valid Sum 15053 1077 16130 printed 24.01.2012 page 35 Eurobarometer 55.2 - May-June 2001,GESIS Variable Report,61,ZA3509
v31,v31 0 1 N Sum N Valid Sum,Q1 NATIONALITY LUXEMBOURG,isocntry AT 1019 (100.0) 1019 1019 BE 1057 (99.9) 1 (0.1) 1058 1058 DE-E 1025 (99.9) 1 (0.1) 1026 1026 DE-W 1012 (100.0) 1012 1012 DK 1000 (100.0) 1000 1000 ES 1000 (100.0) 1000 1000 FI 1022 (100.0) 1022 1022 FR 1004 (100.0) 1004 1004 GB-GBN 1000 (100.0) 1000 1000 GB-NIR 304 (100.0) 304 304 GR 1004 (100.0) 1004 1004 IE 1006 (100.0) 1006 1006 IT 995 (100.0) 995 995 LU 176 (28.4) 443 (71.6) 619 619 NL 1061 (100.0) 1061 1061 PT 1000 (100.0) 1000 1000 SE 1000 (100.0) 1000 1000 N Sum 15685 445 16130 N Valid Sum 15685 445 16130 printed 24.01.2012 page 36 Eurobarometer 55.2 - May-June 2001,isocntry AT 1019 (100.0) 1019 1019 BE 1057 (99.9) 1 (0.1) 1058 1058 DE-E 1025 (99.9) 1 (0.1) 1026 1026 DE-W 1012 (100.0) 1012 1012 DK 1000 (100.0) 1000 1000 ES 1000 (100.0) 1000 1000 FI 1022 (100.0) 1022 1022 FR 1004 (100.0) 1004 1004 GB-GBN 1000 (100.0) 1000 1000 GB-NIR 304 (100.0) 304 304 GR 1004 (100.0) 1004 1004 IE 1006 (100.0) 1006 1006 IT 995 (100.0) 995 995 LU 176 (28.4) 443 (71.6) 619 619 NL 1061 (100.0) 1061 1061 PT 1000 (100.0) 1000 1000 SE 1000 (100.0) 1000 1000 N Sum 15685 445 16130 N Valid Sum 15685 445 16130 printed 24.01.2012 page 36 Eurobarometer 55.2 - May-June 2001,GESIS Variable Report,62,ZA3509
v32,v32 0 1 N Sum N Valid Sum,Q1 NATIONALITY NETHERLANDS,isocntry AT 1018 (99.9) 1 (0.1) 1019 1019 BE 1050 (99.2) 8 (0.8) 1058 1058 DE-E 1026 (100.0) 1026 1026 DE-W 1009 (99.7) 3 (0.3) 1012 1012 DK 1000 (100.0) 1000 1000 ES 1000 (100.0) 1000 1000 FI 1022 (100.0) 1022 1022 FR 1004 (100.0) 1004 1004 GB-GBN 999 (99.9) 1 (0.1) 1000 1000 GB-NIR 304 (100.0) 304 304 GR 1004 (100.0) 1004 1004 IE 1005 (99.9) 1 (0.1) 1006 1006 IT 995 (100.0) 995 995 LU 614 (99.2) 5 (0.8) 619 619 NL 12 (1.1) 1049 (98.9) 1061 1061 PT 1000 (100.0) 1000 1000 SE 999 (99.9) 1 (0.1) 1000 1000 N Sum 15061 1069 16130 N Valid Sum 15061 1069 16130 printed 24.01.2012 page 37 Eurobarometer 55.2 - May-June 2001,isocntry AT 1018 (99.9) 1 (0.1) 1019 1019 BE 1050 (99.2) 8 (0.8) 1058 1058 DE-E 1026 (100.0) 1026 1026 DE-W 1009 (99.7) 3 (0.3) 1012 1012 DK 1000 (100.0) 1000 1000 ES 1000 (100.0) 1000 1000 FI 1022 (100.0) 1022 1022 FR 1004 (100.0) 1004 1004 GB-GBN 999 (99.9) 1 (0.1) 1000 1000 GB-NIR 304 (100.0) 304 304 GR 1004 (100.0) 1004 1004 IE 1005 (99.9) 1 (0.1) 1006 1006 IT 995 (100.0) 995 995 LU 614 (99.2) 5 (0.8) 619 619 NL 12 (1.1) 1049 (98.9) 1061 1061 PT 1000 (100.0) 1000 1000 SE 999 (99.9) 1 (0.1) 1000 1000 N Sum 15061 1069 16130 N Valid Sum 15061 1069 16130 printed 24.01.2012 page 37 Eurobarometer 55.2 - May-June 2001,GESIS Variable Report,63,ZA3509
v33,v33 0 1 N Sum N Valid Sum,Q1 NATIONALITY PORTUGAL,isocntry AT 1019 (100.0) 1019 1019 BE 1056 (99.8) 2 (0.2) 1058 1058 DE-E 1025 (99.9) 1 (0.1) 1026 1026 DE-W 1012 (100.0) 1012 1012 DK 1000 (100.0) 1000 1000 ES 998 (99.8) 2 (0.2) 1000 1000 FI 1022 (100.0) 1022 1022 FR 1002 (99.8) 2 (0.2) 1004 1004 GB-GBN 997 (99.7) 3 (0.3) 1000 1000 GB-NIR 304 (100.0) 304 304 GR 1004 (100.0) 1004 1004 IE 1006 (100.0) 1006 1006 IT 995 (100.0) 995 995 LU 558 (90.1) 61 (9.9) 619 619 NL 1061 (100.0) 1061 1061 PT 1000 (100.0) 1000 1000 SE 1000 (100.0) 1000 1000 N Sum 15059 1071 16130 N Valid Sum 15059 1071 16130 printed 24.01.2012 page 38 Eurobarometer 55.2 - May-June 2001,isocntry AT 1019 (100.0) 1019 1019 BE 1056 (99.8) 2 (0.2) 1058 1058 DE-E 1025 (99.9) 1 (0.1) 1026 1026 DE-W 1012 (100.0) 1012 1012 DK 1000 (100.0) 1000 1000 ES 998 (99.8) 2 (0.2) 1000 1000 FI 1022 (100.0) 1022 1022 FR 1002 (99.8) 2 (0.2) 1004 1004 GB-GBN 997 (99.7) 3 (0.3) 1000 1000 GB-NIR 304 (100.0) 304 304 GR 1004 (100.0) 1004 1004 IE 1006 (100.0) 1006 1006 IT 995 (100.0) 995 995 LU 558 (90.1) 61 (9.9) 619 619 NL 1061 (100.0) 1061 1061 PT 1000 (100.0) 1000 1000 SE 1000 (100.0) 1000 1000 N Sum 15059 1071 16130 N Valid Sum 15059 1071 16130 printed 24.01.2012 page 38 Eurobarometer 55.2 - May-June 2001,GESIS Variable Report,64,ZA3509
v34,v34 0 1 N Sum N Valid Sum,Q1 NATIONALITY UNITED KINGDOM,isocntry AT 1018 (99.9) 1 (0.1) 1019 1019 BE 1055 (99.7) 3 (0.3) 1058 1058 DE-E 1026 (100.0) 1026 1026 DE-W 1012 (100.0) 1012 1012 DK 997 (99.7) 3 (0.3) 1000 1000 ES 998 (99.8) 2 (0.2) 1000 1000 FI 1022 (100.0) 1022 1022 FR 1004 (100.0) 1004 1004 GB-GBN 18 (1.8) 982 (98.2) 1000 1000 GB-NIR 41 (13.5) 263 (86.5) 304 304 GR 1003 (99.9) 1 (0.1) 1004 1004 IE 989 (98.3) 17 (1.7) 1006 1006 IT 994 (99.9) 1 (0.1) 995 995 LU 616 (99.5) 3 (0.5) 619 619 NL 1060 (99.9) 1 (0.1) 1061 1061 PT 1000 (100.0) 1000 1000 SE 999 (99.9) 1 (0.1) 1000 1000 N Sum 14852 1278 16130 N Valid Sum 14852 1278 16130 printed 24.01.2012 page 39 Eurobarometer 55.2 - May-June 2001,isocntry AT 1018 (99.9) 1 (0.1) 1019 1019 BE 1055 (99.7) 3 (0.3) 1058 1058 DE-E 1026 (100.0) 1026 1026 DE-W 1012 (100.0) 1012 1012 DK 997 (99.7) 3 (0.3) 1000 1000 ES 998 (99.8) 2 (0.2) 1000 1000 FI 1022 (100.0) 1022 1022 FR 1004 (100.0) 1004 1004 GB-GBN 18 (1.8) 982 (98.2) 1000 1000 GB-NIR 41 (13.5) 263 (86.5) 304 304 GR 1003 (99.9) 1 (0.1) 1004 1004 IE 989 (98.3) 17 (1.7) 1006 1006 IT 994 (99.9) 1 (0.1) 995 995 LU 616 (99.5) 3 (0.5) 619 619 NL 1060 (99.9) 1 (0.1) 1061 1061 PT 1000 (100.0) 1000 1000 SE 999 (99.9) 1 (0.1) 1000 1000 N Sum 14852 1278 16130 N Valid Sum 14852 1278 16130 printed 24.01.2012 page 39 Eurobarometer 55.2 - May-June 2001,GESIS Variable Report,65,ZA3509
v35,v35 0 1 N Sum N Valid Sum,Q1 NATIONALITY AUSTRIA,isocntry AT 15 (1.5) 1004 (98.5) 1019 1019 BE 1058 (100.0) 1058 1058 DE-E 1026 (100.0) 1026 1026 DE-W 1007 (99.5) 5 (0.5) 1012 1012 DK 1000 (100.0) 1000 1000 ES 1000 (100.0) 1000 1000 FI 1022 (100.0) 1022 1022 FR 1004 (100.0) 1004 1004 GB-GBN 1000 (100.0) 1000 1000 GB-NIR 304 (100.0) 304 304 GR 1004 (100.0) 1004 1004 IE 1006 (100.0) 1006 1006 IT 995 (100.0) 995 995 LU 617 (99.7) 2 (0.3) 619 619 NL 1058 (99.7) 3 (0.3) 1061 1061 PT 1000 (100.0) 1000 1000 SE 999 (99.9) 1 (0.1) 1000 1000 N Sum 15115 1015 16130 N Valid Sum 15115 1015 16130 printed 24.01.2012 page 40 Eurobarometer 55.2 - May-June 2001,isocntry AT 15 (1.5) 1004 (98.5) 1019 1019 BE 1058 (100.0) 1058 1058 DE-E 1026 (100.0) 1026 1026 DE-W 1007 (99.5) 5 (0.5) 1012 1012 DK 1000 (100.0) 1000 1000 ES 1000 (100.0) 1000 1000 FI 1022 (100.0) 1022 1022 FR 1004 (100.0) 1004 1004 GB-GBN 1000 (100.0) 1000 1000 GB-NIR 304 (100.0) 304 304 GR 1004 (100.0) 1004 1004 IE 1006 (100.0) 1006 1006 IT 995 (100.0) 995 995 LU 617 (99.7) 2 (0.3) 619 619 NL 1058 (99.7) 3 (0.3) 1061 1061 PT 1000 (100.0) 1000 1000 SE 999 (99.9) 1 (0.1) 1000 1000 N Sum 15115 1015 16130 N Valid Sum 15115 1015 16130 printed 24.01.2012 page 40 Eurobarometer 55.2 - May-June 2001,GESIS Variable Report,66,ZA3509
v36,v36 0 1 N Sum N Valid Sum,Q1 NATIONALITY SWEDEN,isocntry AT 1016 (99.7) 3 (0.3) 1019 1019 BE 1058 (100.0) 1058 1058 DE-E 1026 (100.0) 1026 1026 DE-W 1012 (100.0) 1012 1012 DK 997 (99.7) 3 (0.3) 1000 1000 ES 1000 (100.0) 1000 1000 FI 1017 (99.5) 5 (0.5) 1022 1022 FR 1004 (100.0) 1004 1004 GB-GBN 1000 (100.0) 1000 1000 GB-NIR 304 (100.0) 304 304 GR 1004 (100.0) 1004 1004 IE 1005 (99.9) 1 (0.1) 1006 1006 IT 995 (100.0) 995 995 LU 617 (99.7) 2 (0.3) 619 619 NL 1061 (100.0) 1061 1061 PT 1000 (100.0) 1000 1000 SE 7 (0.7) 993 (99.3) 1000 1000 N Sum 15123 1007 16130 N Valid Sum 15123 1007 16130 printed 24.01.2012 page 41 Eurobarometer 55.2 - May-June 2001,isocntry AT 1016 (99.7) 3 (0.3) 1019 1019 BE 1058 (100.0) 1058 1058 DE-E 1026 (100.0) 1026 1026 DE-W 1012 (100.0) 1012 1012 DK 997 (99.7) 3 (0.3) 1000 1000 ES 1000 (100.0) 1000 1000 FI 1017 (99.5) 5 (0.5) 1022 1022 FR 1004 (100.0) 1004 1004 GB-GBN 1000 (100.0) 1000 1000 GB-NIR 304 (100.0) 304 304 GR 1004 (100.0) 1004 1004 IE 1005 (99.9) 1 (0.1) 1006 1006 IT 995 (100.0) 995 995 LU 617 (99.7) 2 (0.3) 619 619 NL 1061 (100.0) 1061 1061 PT 1000 (100.0) 1000 1000 SE 7 (0.7) 993 (99.3) 1000 1000 N Sum 15123 1007 16130 N Valid Sum 15123 1007 16130 printed 24.01.2012 page 41 Eurobarometer 55.2 - May-June 2001,GESIS Variable Report,67,ZA3509
v37,v37 0 1 N Sum N Valid Sum,Q1 NATIONALITY FINLAND,isocntry AT 1019 (100.0) 1019 1019 BE 1058 (100.0) 1058 1058 DE-E 1026 (100.0) 1026 1026 DE-W 1011 (99.9) 1 (0.1) 1012 1012 DK 1000 (100.0) 1000 1000 ES 1000 (100.0) 1000 1000 FI 5 (0.5) 1017 (99.5) 1022 1022 FR 1004 (100.0) 1004 1004 GB-GBN 999 (99.9) 1 (0.1) 1000 1000 GB-NIR 304 (100.0) 304 304 GR 1004 (100.0) 1004 1004 IE 1005 (99.9) 1 (0.1) 1006 1006 IT 995 (100.0) 995 995 LU 617 (99.7) 2 (0.3) 619 619 NL 1060 (99.9) 1 (0.1) 1061 1061 PT 1000 (100.0) 1000 1000 SE 996 (99.6) 4 (0.4) 1000 1000 N Sum 15103 1027 16130 N Valid Sum 15103 1027 16130 printed 24.01.2012 page 42 Eurobarometer 55.2 - May-June 2001,isocntry AT 1019 (100.0) 1019 1019 BE 1058 (100.0) 1058 1058 DE-E 1026 (100.0) 1026 1026 DE-W 1011 (99.9) 1 (0.1) 1012 1012 DK 1000 (100.0) 1000 1000 ES 1000 (100.0) 1000 1000 FI 5 (0.5) 1017 (99.5) 1022 1022 FR 1004 (100.0) 1004 1004 GB-GBN 999 (99.9) 1 (0.1) 1000 1000 GB-NIR 304 (100.0) 304 304 GR 1004 (100.0) 1004 1004 IE 1005 (99.9) 1 (0.1) 1006 1006 IT 995 (100.0) 995 995 LU 617 (99.7) 2 (0.3) 619 619 NL 1060 (99.9) 1 (0.1) 1061 1061 PT 1000 (100.0) 1000 1000 SE 996 (99.6) 4 (0.4) 1000 1000 N Sum 15103 1027 16130 N Valid Sum 15103 1027 16130 printed 24.01.2012 page 42 Eurobarometer 55.2 - May-June 2001,GESIS Variable Report,68,ZA3509
v38,v38 1 2 3 N Sum N Valid Sum,Q2 INFORMATION LEVEL: SPORTS,isocntry M AT 561 (56.3) 436 (43.7) 22 1019 997 BE 626 (62.9) 369 (37.1) 63 1058 995 DE-E 523 (52.3) 477 (47.7) 26 1026 1000 DE-W 495 (49.8) 499 (50.2) 18 1012 994 DK 632 (63.3) 366 (36.7) 3 1001 998 ES 533 (53.9) 455 (46.1) 12 1000 988 FI 581 (57.4) 431 (42.6) 10 1022 1012 FR 745 (77.8) 213 (22.2) 46 1004 958 GB-GBN 628 (63.9) 355 (36.1) 17 1000 983 GB-NIR 187 (62.1) 114 (37.9) 3 304 301 GR 423 (42.4) 574 (57.6) 7 1004 997 IE 638 (64.1) 358 (35.9) 11 1007 996 IT 509 (53.3) 446 (46.7) 40 995 955 LU 374 (61.5) 234 (38.5) 10 618 608 NL 605 (58.3) 432 (41.7) 24 1061 1037 PT 522 (52.9) 465 (47.1) 14 1001 987 SE 527 (53.7) 454 (46.3) 19 1000 981 N Sum 9109 6678 345 16132 N Valid Sum 9109 6678 15787 printed 24.01.2012 page 43 Eurobarometer 55.2 - May-June 2001,isocntry M AT 561 (56.3) 436 (43.7) 22 1019 997 BE 626 (62.9) 369 (37.1) 63 1058 995 DE-E 523 (52.3) 477 (47.7) 26 1026 1000 DE-W 495 (49.8) 499 (50.2) 18 1012 994 DK 632 (63.3) 366 (36.7) 3 1001 998 ES 533 (53.9) 455 (46.1) 12 1000 988 FI 581 (57.4) 431 (42.6) 10 1022 1012 FR 745 (77.8) 213 (22.2) 46 1004 958 GB-GBN 628 (63.9) 355 (36.1) 17 1000 983 GB-NIR 187 (62.1) 114 (37.9) 3 304 301 GR 423 (42.4) 574 (57.6) 7 1004 997 IE 638 (64.1) 358 (35.9) 11 1007 996 IT 509 (53.3) 446 (46.7) 40 995 955 LU 374 (61.5) 234 (38.5) 10 618 608 NL 605 (58.3) 432 (41.7) 24 1061 1037 PT 522 (52.9) 465 (47.1) 14 1001 987 SE 527 (53.7) 454 (46.3) 19 1000 981 N Sum 9109 6678 345 16132 N Valid Sum 9109 6678 15787 printed 24.01.2012 page 43 Eurobarometer 55.2 - May-June 2001,GESIS Variable Report,69,ZA3509
v39,v39 1 2 3 N Sum N Valid Sum,Q2 INFORMATION LEVEL: POLITICS,isocntry M AT 519 (52.6) 468 (47.4) 32 1019 987 BE 400 (41.6) 561 (58.4) 98 1059 961 DE-E 440 (44.5) 548 (55.5) 38 1026 988 DE-W 438 (44.2) 553 (55.8) 21 1012 991 DK 665 (67.4) 322 (32.6) 14 1001 987 ES 355 (36.0) 632 (64.0) 14 1001 987 FI 408 (40.5) 600 (59.5) 14 1022 1008 FR 532 (56.2) 414 (43.8) 58 1004 946 GB-GBN 465 (47.4) 516 (52.6) 18 999 981 GB-NIR 141 (47.0) 159 (53.0) 4 304 300 GR 460 (46.0) 540 (54.0) 4 1004 1000 IE 404 (41.1) 578 (58.9) 24 1006 982 IT 420 (44.9) 516 (55.1) 59 995 936 LU 360 (60.0) 240 (40.0) 19 619 600 NL 449 (44.7) 556 (55.3) 56 1061 1005 PT 274 (27.7) 714 (72.3) 12 1000 988 SE 495 (51.0) 476 (49.0) 29 1000 971 N Sum 7225 8393 514 16132 N Valid Sum 7225 8393 15618 printed 24.01.2012 page 44 Eurobarometer 55.2 - May-June 2001,isocntry M AT 519 (52.6) 468 (47.4) 32 1019 987 BE 400 (41.6) 561 (58.4) 98 1059 961 DE-E 440 (44.5) 548 (55.5) 38 1026 988 DE-W 438 (44.2) 553 (55.8) 21 1012 991 DK 665 (67.4) 322 (32.6) 14 1001 987 ES 355 (36.0) 632 (64.0) 14 1001 987 FI 408 (40.5) 600 (59.5) 14 1022 1008 FR 532 (56.2) 414 (43.8) 58 1004 946 GB-GBN 465 (47.4) 516 (52.6) 18 999 981 GB-NIR 141 (47.0) 159 (53.0) 4 304 300 GR 460 (46.0) 540 (54.0) 4 1004 1000 IE 404 (41.1) 578 (58.9) 24 1006 982 IT 420 (44.9) 516 (55.1) 59 995 936 LU 360 (60.0) 240 (40.0) 19 619 600 NL 449 (44.7) 556 (55.3) 56 1061 1005 PT 274 (27.7) 714 (72.3) 12 1000 988 SE 495 (51.0) 476 (49.0) 29 1000 971 N Sum 7225 8393 514 16132 N Valid Sum 7225 8393 15618 printed 24.01.2012 page 44 Eurobarometer 55.2 - May-June 2001,GESIS Variable Report,70,ZA3509
v40,v40 1 2 3 N Sum N Valid Sum,Q2 INFORMATION LEVEL: ECONOMICS/FINANCE,isocntry M AT 367 (38.1) 597 (61.9) 55 1019 964 BE 299 (31.5) 650 (68.5) 109 1058 949 DE-E 335 (34.6) 634 (65.4) 58 1027 969 DE-W 325 (33.1) 657 (66.9) 30 1012 982 DK 572 (58.1) 413 (41.9) 16 1001 985 ES 208 (21.2) 771 (78.8) 21 1000 979 FI 418 (41.7) 584 (58.3) 20 1022 1002 FR 384 (41.2) 549 (58.8) 71 1004 933 GB-GBN 359 (37.0) 610 (63.0) 31 1000 969 GB-NIR 95 (31.9) 203 (68.1) 6 304 298 GR 413 (41.5) 583 (58.5) 8 1004 996 IE 260 (27.0) 702 (73.0) 44 1006 962 IT 227 (24.8) 690 (75.2) 78 995 917 LU 278 (47.5) 307 (52.5) 34 619 585 NL 368 (37.0) 627 (63.0) 65 1060 995 PT 226 (23.0) 756 (77.0) 18 1000 982 SE 482 (49.7) 487 (50.3) 31 1000 969 N Sum 5616 9820 695 16131 N Valid Sum 5616 9820 15436 printed 24.01.2012 page 45 Eurobarometer 55.2 - May-June 2001,isocntry M AT 367 (38.1) 597 (61.9) 55 1019 964 BE 299 (31.5) 650 (68.5) 109 1058 949 DE-E 335 (34.6) 634 (65.4) 58 1027 969 DE-W 325 (33.1) 657 (66.9) 30 1012 982 DK 572 (58.1) 413 (41.9) 16 1001 985 ES 208 (21.2) 771 (78.8) 21 1000 979 FI 418 (41.7) 584 (58.3) 20 1022 1002 FR 384 (41.2) 549 (58.8) 71 1004 933 GB-GBN 359 (37.0) 610 (63.0) 31 1000 969 GB-NIR 95 (31.9) 203 (68.1) 6 304 298 GR 413 (41.5) 583 (58.5) 8 1004 996 IE 260 (27.0) 702 (73.0) 44 1006 962 IT 227 (24.8) 690 (75.2) 78 995 917 LU 278 (47.5) 307 (52.5) 34 619 585 NL 368 (37.0) 627 (63.0) 65 1060 995 PT 226 (23.0) 756 (77.0) 18 1000 982 SE 482 (49.7) 487 (50.3) 31 1000 969 N Sum 5616 9820 695 16131 N Valid Sum 5616 9820 15436 printed 24.01.2012 page 45 Eurobarometer 55.2 - May-June 2001,GESIS Variable Report,71,ZA3509
v41,v41 1 2 3 N Sum N Valid Sum,Q2 INFORMATION LEVEL: SCIENCE/TECHNOLOGY,isocntry M AT 275 (28.5) 691 (71.5) 53 1019 966 BE 314 (32.5) 653 (67.5) 91 1058 967 DE-E 275 (28.7) 684 (71.3) 68 1027 959 DE-W 232 (24.3) 721 (75.7) 59 1012 953 DK 510 (51.9) 473 (48.1) 17 1000 983 ES 277 (28.3) 702 (71.7) 20 999 979 FI 341 (34.4) 650 (65.6) 31 1022 991 FR 435 (46.0) 511 (54.0) 59 1005 946 GB-GBN 398 (40.7) 581 (59.3) 21 1000 979 GB-NIR 96 (32.1) 203 (67.9) 5 304 299 GR 377 (37.9) 619 (62.1) 8 1004 996 IE 226 (23.5) 734 (76.5) 46 1006 960 IT 340 (38.0) 555 (62.0) 101 996 895 LU 258 (44.3) 325 (55.7) 36 619 583 NL 379 (38.3) 611 (61.7) 70 1060 990 PT 257 (26.0) 732 (74.0) 11 1000 989 SE 443 (46.0) 520 (54.0) 37 1000 963 N Sum 5433 9965 733 16131 N Valid Sum 5433 9965 15398 printed 24.01.2012 page 46 Eurobarometer 55.2 - May-June 2001,isocntry M AT 275 (28.5) 691 (71.5) 53 1019 966 BE 314 (32.5) 653 (67.5) 91 1058 967 DE-E 275 (28.7) 684 (71.3) 68 1027 959 DE-W 232 (24.3) 721 (75.7) 59 1012 953 DK 510 (51.9) 473 (48.1) 17 1000 983 ES 277 (28.3) 702 (71.7) 20 999 979 FI 341 (34.4) 650 (65.6) 31 1022 991 FR 435 (46.0) 511 (54.0) 59 1005 946 GB-GBN 398 (40.7) 581 (59.3) 21 1000 979 GB-NIR 96 (32.1) 203 (67.9) 5 304 299 GR 377 (37.9) 619 (62.1) 8 1004 996 IE 226 (23.5) 734 (76.5) 46 1006 960 IT 340 (38.0) 555 (62.0) 101 996 895 LU 258 (44.3) 325 (55.7) 36 619 583 NL 379 (38.3) 611 (61.7) 70 1060 990 PT 257 (26.0) 732 (74.0) 11 1000 989 SE 443 (46.0) 520 (54.0) 37 1000 963 N Sum 5433 9965 733 16131 N Valid Sum 5433 9965 15398 printed 24.01.2012 page 46 Eurobarometer 55.2 - May-June 2001,GESIS Variable Report,72,ZA3509
v42,v42 1 2 3 N Sum N Valid Sum,Q2 INFORMATION LEVEL: CULTURE,isocntry M AT 340 (35.0) 631 (65.0) 49 1020 971 BE 467 (49.4) 479 (50.6) 112 1058 946 DE-E 395 (40.5) 580 (59.5) 51 1026 975 DE-W 281 (29.6) 669 (70.4) 61 1011 950 DK 623 (63.5) 358 (36.5) 19 1000 981 ES 510 (51.9) 472 (48.1) 18 1000 982 FI 485 (48.5) 515 (51.5) 22 1022 1000 FR 640 (66.9) 316 (33.1) 48 1004 956 GB-GBN 471 (48.4) 503 (51.6) 26 1000 974 GB-NIR 156 (52.2) 143 (47.8) 5 304 299 GR 523 (52.3) 477 (47.7) 4 1004 1000 IE 437 (45.6) 522 (54.4) 46 1005 959 IT 598 (64.6) 328 (35.4) 70 996 926 LU 378 (63.6) 216 (36.4) 25 619 594 NL 575 (56.8) 438 (43.2) 48 1061 1013 PT 447 (45.4) 538 (54.6) 15 1000 985 SE 496 (51.7) 464 (48.3) 41 1001 960 N Sum 7822 7649 660 16131 N Valid Sum 7822 7649 15471 printed 24.01.2012 page 47 Eurobarometer 55.2 - May-June 2001,isocntry M AT 340 (35.0) 631 (65.0) 49 1020 971 BE 467 (49.4) 479 (50.6) 112 1058 946 DE-E 395 (40.5) 580 (59.5) 51 1026 975 DE-W 281 (29.6) 669 (70.4) 61 1011 950 DK 623 (63.5) 358 (36.5) 19 1000 981 ES 510 (51.9) 472 (48.1) 18 1000 982 FI 485 (48.5) 515 (51.5) 22 1022 1000 FR 640 (66.9) 316 (33.1) 48 1004 956 GB-GBN 471 (48.4) 503 (51.6) 26 1000 974 GB-NIR 156 (52.2) 143 (47.8) 5 304 299 GR 523 (52.3) 477 (47.7) 4 1004 1000 IE 437 (45.6) 522 (54.4) 46 1005 959 IT 598 (64.6) 328 (35.4) 70 996 926 LU 378 (63.6) 216 (36.4) 25 619 594 NL 575 (56.8) 438 (43.2) 48 1061 1013 PT 447 (45.4) 538 (54.6) 15 1000 985 SE 496 (51.7) 464 (48.3) 41 1001 960 N Sum 7822 7649 660 16131 N Valid Sum 7822 7649 15471 printed 24.01.2012 page 47 Eurobarometer 55.2 - May-June 2001,GESIS Variable Report,73,ZA3509
v43,v43 1 2 3 N Sum N Valid Sum,Q3 INTERESTS: SPORTS,isocntry M AT 574 (57.1) 432 (42.9) 13 1019 1006 BE 560 (55.5) 449 (44.5) 49 1058 1009 DE-E 506 (49.8) 511 (50.2) 8 1025 1017 DE-W 486 (48.5) 517 (51.5) 8 1011 1003 DK 612 (61.4) 385 (38.6) 2 999 997 ES 499 (50.1) 498 (49.9) 3 1000 997 FI 649 (63.8) 368 (36.2) 6 1023 1017 FR 542 (54.4) 454 (45.6) 8 1004 996 GB-GBN 595 (60.0) 397 (40.0) 8 1000 992 GB-NIR 191 (62.8) 113 (37.2) 304 304 GR 526 (52.7) 472 (47.3) 6 1004 998 IE 711 (71.5) 283 (28.5) 12 1006 994 IT 542 (55.4) 436 (44.6) 17 995 978 LU 359 (58.5) 255 (41.5) 5 619 614 NL 740 (70.3) 312 (29.7) 9 1061 1052 PT 511 (51.2) 487 (48.8) 2 1000 998 SE 612 (61.5) 383 (38.5) 6 1001 995 N Sum 9215 6752 162 16129 N Valid Sum 9215 6752 15967 printed 24.01.2012 page 48 Eurobarometer 55.2 - May-June 2001,isocntry M AT 574 (57.1) 432 (42.9) 13 1019 1006 BE 560 (55.5) 449 (44.5) 49 1058 1009 DE-E 506 (49.8) 511 (50.2) 8 1025 1017 DE-W 486 (48.5) 517 (51.5) 8 1011 1003 DK 612 (61.4) 385 (38.6) 2 999 997 ES 499 (50.1) 498 (49.9) 3 1000 997 FI 649 (63.8) 368 (36.2) 6 1023 1017 FR 542 (54.4) 454 (45.6) 8 1004 996 GB-GBN 595 (60.0) 397 (40.0) 8 1000 992 GB-NIR 191 (62.8) 113 (37.2) 304 304 GR 526 (52.7) 472 (47.3) 6 1004 998 IE 711 (71.5) 283 (28.5) 12 1006 994 IT 542 (55.4) 436 (44.6) 17 995 978 LU 359 (58.5) 255 (41.5) 5 619 614 NL 740 (70.3) 312 (29.7) 9 1061 1052 PT 511 (51.2) 487 (48.8) 2 1000 998 SE 612 (61.5) 383 (38.5) 6 1001 995 N Sum 9215 6752 162 16129 N Valid Sum 9215 6752 15967 printed 24.01.2012 page 48 Eurobarometer 55.2 - May-June 2001,GESIS Variable Report,74,ZA3509
v44,v44 1 2 3 N Sum N Valid Sum,Q3 INTERESTS: POLITICS,isocntry M AT 510 (51.5) 480 (48.5) 29 1019 990 BE 360 (36.1) 637 (63.9) 61 1058 997 DE-E 396 (39.2) 614 (60.8) 16 1026 1010 DE-W 434 (43.3) 568 (56.7) 10 1012 1002 DK 643 (64.8) 349 (35.2) 8 1000 992 ES 312 (31.5) 680 (68.5) 8 1000 992 FI 426 (42.2) 583 (57.8) 13 1022 1009 FR 375 (38.0) 613 (62.0) 16 1004 988 GB-GBN 369 (37.4) 618 (62.6) 13 1000 987 GB-NIR 104 (34.2) 200 (65.8) 304 304 GR 537 (53.8) 461 (46.2) 5 1003 998 IE 405 (41.0) 583 (59.0) 18 1006 988 IT 481 (49.9) 482 (50.1) 32 995 963 LU 368 (60.4) 241 (39.6) 10 619 609 NL 594 (57.1) 446 (42.9) 21 1061 1040 PT 235 (23.6) 762 (76.4) 3 1000 997 SE 534 (53.7) 461 (46.3) 5 1000 995 N Sum 7083 8778 268 16129 N Valid Sum 7083 8778 15861 printed 24.01.2012 page 49 Eurobarometer 55.2 - May-June 2001,isocntry M AT 510 (51.5) 480 (48.5) 29 1019 990 BE 360 (36.1) 637 (63.9) 61 1058 997 DE-E 396 (39.2) 614 (60.8) 16 1026 1010 DE-W 434 (43.3) 568 (56.7) 10 1012 1002 DK 643 (64.8) 349 (35.2) 8 1000 992 ES 312 (31.5) 680 (68.5) 8 1000 992 FI 426 (42.2) 583 (57.8) 13 1022 1009 FR 375 (38.0) 613 (62.0) 16 1004 988 GB-GBN 369 (37.4) 618 (62.6) 13 1000 987 GB-NIR 104 (34.2) 200 (65.8) 304 304 GR 537 (53.8) 461 (46.2) 5 1003 998 IE 405 (41.0) 583 (59.0) 18 1006 988 IT 481 (49.9) 482 (50.1) 32 995 963 LU 368 (60.4) 241 (39.6) 10 619 609 NL 594 (57.1) 446 (42.9) 21 1061 1040 PT 235 (23.6) 762 (76.4) 3 1000 997 SE 534 (53.7) 461 (46.3) 5 1000 995 N Sum 7083 8778 268 16129 N Valid Sum 7083 8778 15861 printed 24.01.2012 page 49 Eurobarometer 55.2 - May-June 2001,GESIS Variable Report,75,ZA3509
v45,v45 1 2 3 N Sum N Valid Sum,Q3 INTERESTS: ECONOMICS/FINANCE,isocntry M AT 441 (44.9) 542 (55.1) 37 1020 983 BE 361 (37.2) 609 (62.8) 88 1058 970 DE-E 379 (38.2) 612 (61.8) 36 1027 991 DE-W 373 (37.8) 613 (62.2) 26 1012 986 DK 593 (60.0) 396 (40.0) 12 1001 989 ES 297 (30.2) 688 (69.8) 15 1000 985 FI 515 (51.1) 492 (48.9) 15 1022 1007 FR 381 (38.6) 605 (61.4) 18 1004 986 GB-GBN 375 (37.9) 615 (62.1) 10 1000 990 GB-NIR 95 (31.6) 206 (68.4) 3 304 301 GR 669 (66.8) 333 (33.2) 2 1004 1002 IE 333 (34.0) 646 (66.0) 27 1006 979 IT 323 (33.8) 634 (66.2) 37 994 957 LU 292 (48.0) 316 (52.0) 12 620 608 NL 516 (49.7) 522 (50.3) 23 1061 1038 PT 311 (31.2) 685 (68.8) 4 1000 996 SE 606 (61.1) 386 (38.9) 9 1001 992 N Sum 6860 8900 374 16134 N Valid Sum 6860 8900 15760 printed 24.01.2012 page 50 Eurobarometer 55.2 - May-June 2001,isocntry M AT 441 (44.9) 542 (55.1) 37 1020 983 BE 361 (37.2) 609 (62.8) 88 1058 970 DE-E 379 (38.2) 612 (61.8) 36 1027 991 DE-W 373 (37.8) 613 (62.2) 26 1012 986 DK 593 (60.0) 396 (40.0) 12 1001 989 ES 297 (30.2) 688 (69.8) 15 1000 985 FI 515 (51.1) 492 (48.9) 15 1022 1007 FR 381 (38.6) 605 (61.4) 18 1004 986 GB-GBN 375 (37.9) 615 (62.1) 10 1000 990 GB-NIR 95 (31.6) 206 (68.4) 3 304 301 GR 669 (66.8) 333 (33.2) 2 1004 1002 IE 333 (34.0) 646 (66.0) 27 1006 979 IT 323 (33.8) 634 (66.2) 37 994 957 LU 292 (48.0) 316 (52.0) 12 620 608 NL 516 (49.7) 522 (50.3) 23 1061 1038 PT 311 (31.2) 685 (68.8) 4 1000 996 SE 606 (61.1) 386 (38.9) 9 1001 992 N Sum 6860 8900 374 16134 N Valid Sum 6860 8900 15760 printed 24.01.2012 page 50 Eurobarometer 55.2 - May-June 2001,GESIS Variable Report,76,ZA3509
v46,v46 1 2 3 N Sum N Valid Sum,Q3 INTERESTS: SCIENCE/TECHNOLOGY,isocntry M AT 385 (39.0) 602 (61.0) 31 1018 987 BE 446 (44.6) 555 (55.4) 57 1058 1001 DE-E 333 (33.8) 651 (66.2) 42 1026 984 DE-W 295 (30.2) 682 (69.8) 35 1012 977 DK 609 (61.6) 379 (38.4) 12 1000 988 ES 428 (43.2) 562 (56.8) 10 1000 990 FI 539 (53.4) 471 (46.6) 12 1022 1010 FR 542 (55.4) 436 (44.6) 26 1004 978 GB-GBN 474 (47.7) 520 (52.3) 6 1000 994 GB-NIR 124 (40.9) 179 (59.1) 1 304 303 GR 611 (61.2) 387 (38.8) 6 1004 998 IE 317 (32.6) 656 (67.4) 33 1006 973 IT 510 (53.3) 446 (46.7) 39 995 956 LU 323 (53.2) 284 (46.8) 12 619 607 NL 625 (60.3) 412 (39.7) 24 1061 1037 PT 379 (38.2) 613 (61.8) 8 1000 992 SE 643 (64.7) 351 (35.3) 6 1000 994 N Sum 7583 8186 360 16129 N Valid Sum 7583 8186 15769 printed 24.01.2012 page 51 Eurobarometer 55.2 - May-June 2001,isocntry M AT 385 (39.0) 602 (61.0) 31 1018 987 BE 446 (44.6) 555 (55.4) 57 1058 1001 DE-E 333 (33.8) 651 (66.2) 42 1026 984 DE-W 295 (30.2) 682 (69.8) 35 1012 977 DK 609 (61.6) 379 (38.4) 12 1000 988 ES 428 (43.2) 562 (56.8) 10 1000 990 FI 539 (53.4) 471 (46.6) 12 1022 1010 FR 542 (55.4) 436 (44.6) 26 1004 978 GB-GBN 474 (47.7) 520 (52.3) 6 1000 994 GB-NIR 124 (40.9) 179 (59.1) 1 304 303 GR 611 (61.2) 387 (38.8) 6 1004 998 IE 317 (32.6) 656 (67.4) 33 1006 973 IT 510 (53.3) 446 (46.7) 39 995 956 LU 323 (53.2) 284 (46.8) 12 619 607 NL 625 (60.3) 412 (39.7) 24 1061 1037 PT 379 (38.2) 613 (61.8) 8 1000 992 SE 643 (64.7) 351 (35.3) 6 1000 994 N Sum 7583 8186 360 16129 N Valid Sum 7583 8186 15769 printed 24.01.2012 page 51 Eurobarometer 55.2 - May-June 2001,GESIS Variable Report,77,ZA3509
v47,v47 1 2 3 N Sum N Valid Sum,Q3 INTERESTS: CULTURE,isocntry M AT 366 (37.3) 615 (62.7) 38 1019 981 BE 552 (56.7) 421 (43.3) 85 1058 973 DE-E 436 (44.0) 556 (56.0) 34 1026 992 DE-W 324 (33.2) 651 (66.8) 37 1012 975 DK 697 (70.4) 293 (29.6) 10 1000 990 ES 639 (64.3) 355 (35.7) 6 1000 994 FI 621 (61.5) 389 (38.5) 13 1023 1010 FR 688 (69.7) 299 (30.3) 17 1004 987 GB-GBN 501 (50.8) 485 (49.2) 14 1000 986 GB-NIR 161 (53.3) 141 (46.7) 2 304 302 GR 703 (70.2) 299 (29.8) 2 1004 1002 IE 517 (53.0) 458 (47.0) 31 1006 975 IT 742 (76.9) 223 (23.1) 30 995 965 LU 413 (67.7) 197 (32.3) 9 619 610 NL 745 (71.9) 291 (28.1) 25 1061 1036 PT 608 (61.2) 386 (38.8) 7 1001 994 SE 665 (66.8) 330 (33.2) 6 1001 995 N Sum 9378 6389 366 16133 N Valid Sum 9378 6389 15767 printed 24.01.2012 page 52 Eurobarometer 55.2 - May-June 2001,isocntry M AT 366 (37.3) 615 (62.7) 38 1019 981 BE 552 (56.7) 421 (43.3) 85 1058 973 DE-E 436 (44.0) 556 (56.0) 34 1026 992 DE-W 324 (33.2) 651 (66.8) 37 1012 975 DK 697 (70.4) 293 (29.6) 10 1000 990 ES 639 (64.3) 355 (35.7) 6 1000 994 FI 621 (61.5) 389 (38.5) 13 1023 1010 FR 688 (69.7) 299 (30.3) 17 1004 987 GB-GBN 501 (50.8) 485 (49.2) 14 1000 986 GB-NIR 161 (53.3) 141 (46.7) 2 304 302 GR 703 (70.2) 299 (29.8) 2 1004 1002 IE 517 (53.0) 458 (47.0) 31 1006 975 IT 742 (76.9) 223 (23.1) 30 995 965 LU 413 (67.7) 197 (32.3) 9 619 610 NL 745 (71.9) 291 (28.1) 25 1061 1036 PT 608 (61.2) 386 (38.8) 7 1001 994 SE 665 (66.8) 330 (33.2) 6 1001 995 N Sum 9378 6389 366 16133 N Valid Sum 9378 6389 15767 printed 24.01.2012 page 52 Eurobarometer 55.2 - May-June 2001,GESIS Variable Report,78,ZA3509
v48,v48 0 1 N Sum N Valid Sum,Q4 SCIENCE&TEC INTEREST: MEDICINE,isocntry AT 388 (38.1) 631 (61.9) 1019 1019 BE 456 (43.1) 602 (56.9) 1058 1058 DE-E 384 (37.4) 642 (62.6) 1026 1026 DE-W 466 (46.0) 546 (54.0) 1012 1012 DK 582 (58.2) 418 (41.8) 1000 1000 ES 393 (39.3) 607 (60.7) 1000 1000 FI 528 (51.7) 494 (48.3) 1022 1022 FR 306 (30.5) 698 (69.5) 1004 1004 GB-GBN 540 (54.0) 460 (46.0) 1000 1000 GB-NIR 156 (51.3) 148 (48.7) 304 304 GR 328 (32.7) 676 (67.3) 1004 1004 IE 633 (62.9) 373 (37.1) 1006 1006 IT 235 (23.6) 760 (76.4) 995 995 LU 175 (28.3) 444 (71.7) 619 619 NL 485 (45.7) 576 (54.3) 1061 1061 PT 340 (34.0) 660 (66.0) 1000 1000 SE 438 (43.8) 562 (56.2) 1000 1000 N Sum 6833 9297 16130 N Valid Sum 6833 9297 16130 printed 24.01.2012 page 53 Eurobarometer 55.2 - May-June 2001,isocntry AT 388 (38.1) 631 (61.9) 1019 1019 BE 456 (43.1) 602 (56.9) 1058 1058 DE-E 384 (37.4) 642 (62.6) 1026 1026 DE-W 466 (46.0) 546 (54.0) 1012 1012 DK 582 (58.2) 418 (41.8) 1000 1000 ES 393 (39.3) 607 (60.7) 1000 1000 FI 528 (51.7) 494 (48.3) 1022 1022 FR 306 (30.5) 698 (69.5) 1004 1004 GB-GBN 540 (54.0) 460 (46.0) 1000 1000 GB-NIR 156 (51.3) 148 (48.7) 304 304 GR 328 (32.7) 676 (67.3) 1004 1004 IE 633 (62.9) 373 (37.1) 1006 1006 IT 235 (23.6) 760 (76.4) 995 995 LU 175 (28.3) 444 (71.7) 619 619 NL 485 (45.7) 576 (54.3) 1061 1061 PT 340 (34.0) 660 (66.0) 1000 1000 SE 438 (43.8) 562 (56.2) 1000 1000 N Sum 6833 9297 16130 N Valid Sum 6833 9297 16130 printed 24.01.2012 page 53 Eurobarometer 55.2 - May-June 2001,GESIS Variable Report,79,ZA3509
v49,v49 0 1 N Sum N Valid Sum,Q4 SCIENCE&TEC INTEREST: INTERNET,isocntry AT 740 (72.6) 279 (27.4) 1019 1019 BE 777 (73.4) 281 (26.6) 1058 1058 DE-E 807 (78.7) 219 (21.3) 1026 1026 DE-W 779 (77.0) 233 (23.0) 1012 1012 DK 730 (73.0) 270 (27.0) 1000 1000 ES 729 (72.9) 271 (27.1) 1000 1000 FI 757 (74.1) 265 (25.9) 1022 1022 FR 750 (74.7) 254 (25.3) 1004 1004 GB-GBN 681 (68.1) 319 (31.9) 1000 1000 GB-NIR 193 (63.5) 111 (36.5) 304 304 GR 805 (80.2) 199 (19.8) 1004 1004 IE 730 (72.6) 276 (27.4) 1006 1006 IT 685 (68.8) 310 (31.2) 995 995 LU 379 (61.2) 240 (38.8) 619 619 NL 552 (52.0) 509 (48.0) 1061 1061 PT 809 (80.9) 191 (19.1) 1000 1000 SE 659 (65.9) 341 (34.1) 1000 1000 N Sum 11562 4568 16130 N Valid Sum 11562 4568 16130 printed 24.01.2012 page 54 Eurobarometer 55.2 - May-June 2001,isocntry AT 740 (72.6) 279 (27.4) 1019 1019 BE 777 (73.4) 281 (26.6) 1058 1058 DE-E 807 (78.7) 219 (21.3) 1026 1026 DE-W 779 (77.0) 233 (23.0) 1012 1012 DK 730 (73.0) 270 (27.0) 1000 1000 ES 729 (72.9) 271 (27.1) 1000 1000 FI 757 (74.1) 265 (25.9) 1022 1022 FR 750 (74.7) 254 (25.3) 1004 1004 GB-GBN 681 (68.1) 319 (31.9) 1000 1000 GB-NIR 193 (63.5) 111 (36.5) 304 304 GR 805 (80.2) 199 (19.8) 1004 1004 IE 730 (72.6) 276 (27.4) 1006 1006 IT 685 (68.8) 310 (31.2) 995 995 LU 379 (61.2) 240 (38.8) 619 619 NL 552 (52.0) 509 (48.0) 1061 1061 PT 809 (80.9) 191 (19.1) 1000 1000 SE 659 (65.9) 341 (34.1) 1000 1000 N Sum 11562 4568 16130 N Valid Sum 11562 4568 16130 printed 24.01.2012 page 54 Eurobarometer 55.2 - May-June 2001,GESIS Variable Report,80,ZA3509
v50,v50 0 1 N Sum N Valid Sum,Q4 SCIENCE&TEC INTEREST: ENVIRONMENT,isocntry AT 490 (48.1) 529 (51.9) 1019 1019 BE 506 (47.8) 552 (52.2) 1058 1058 DE-E 538 (52.4) 488 (47.6) 1026 1026 DE-W 524 (51.8) 488 (48.2) 1012 1012 DK 674 (67.4) 326 (32.6) 1000 1000 ES 437 (43.7) 563 (56.3) 1000 1000 FI 504 (49.3) 518 (50.7) 1022 1022 FR 416 (41.4) 588 (58.6) 1004 1004 GB-GBN 570 (57.0) 430 (43.0) 1000 1000 GB-NIR 186 (61.2) 118 (38.8) 304 304 GR 439 (43.7) 565 (56.3) 1004 1004 IE 617 (61.3) 389 (38.7) 1006 1006 IT 410 (41.2) 585 (58.8) 995 995 LU 212 (34.2) 407 (65.8) 619 619 NL 520 (49.0) 541 (51.0) 1061 1061 PT 634 (63.4) 366 (36.6) 1000 1000 SE 448 (44.8) 552 (55.2) 1000 1000 N Sum 8125 8005 16130 N Valid Sum 8125 8005 16130 printed 24.01.2012 page 55 Eurobarometer 55.2 - May-June 2001,isocntry AT 490 (48.1) 529 (51.9) 1019 1019 BE 506 (47.8) 552 (52.2) 1058 1058 DE-E 538 (52.4) 488 (47.6) 1026 1026 DE-W 524 (51.8) 488 (48.2) 1012 1012 DK 674 (67.4) 326 (32.6) 1000 1000 ES 437 (43.7) 563 (56.3) 1000 1000 FI 504 (49.3) 518 (50.7) 1022 1022 FR 416 (41.4) 588 (58.6) 1004 1004 GB-GBN 570 (57.0) 430 (43.0) 1000 1000 GB-NIR 186 (61.2) 118 (38.8) 304 304 GR 439 (43.7) 565 (56.3) 1004 1004 IE 617 (61.3) 389 (38.7) 1006 1006 IT 410 (41.2) 585 (58.8) 995 995 LU 212 (34.2) 407 (65.8) 619 619 NL 520 (49.0) 541 (51.0) 1061 1061 PT 634 (63.4) 366 (36.6) 1000 1000 SE 448 (44.8) 552 (55.2) 1000 1000 N Sum 8125 8005 16130 N Valid Sum 8125 8005 16130 printed 24.01.2012 page 55 Eurobarometer 55.2 - May-June 2001,GESIS Variable Report,81,ZA3509
v51,v51 0 1 N Sum N Valid Sum,Q4 SCIENCE&TEC INTEREST: ASTRONOMY,isocntry AT 829 (81.4) 190 (18.6) 1019 1019 BE 876 (82.8) 182 (17.2) 1058 1058 DE-E 865 (84.3) 161 (15.7) 1026 1026 DE-W 846 (83.6) 166 (16.4) 1012 1012 DK 813 (81.3) 187 (18.7) 1000 1000 ES 868 (86.8) 132 (13.2) 1000 1000 FI 831 (81.3) 191 (18.7) 1022 1022 FR 814 (81.1) 190 (18.9) 1004 1004 GB-GBN 776 (77.6) 224 (22.4) 1000 1000 GB-NIR 260 (85.5) 44 (14.5) 304 304 GR 900 (89.6) 104 (10.4) 1004 1004 IE 910 (90.5) 96 (9.5) 1006 1006 IT 847 (85.1) 148 (14.9) 995 995 LU 512 (82.7) 107 (17.3) 619 619 NL 827 (77.9) 234 (22.1) 1061 1061 PT 881 (88.1) 119 (11.9) 1000 1000 SE 729 (72.9) 271 (27.1) 1000 1000 N Sum 13384 2746 16130 N Valid Sum 13384 2746 16130 printed 24.01.2012 page 56 Eurobarometer 55.2 - May-June 2001,isocntry AT 829 (81.4) 190 (18.6) 1019 1019 BE 876 (82.8) 182 (17.2) 1058 1058 DE-E 865 (84.3) 161 (15.7) 1026 1026 DE-W 846 (83.6) 166 (16.4) 1012 1012 DK 813 (81.3) 187 (18.7) 1000 1000 ES 868 (86.8) 132 (13.2) 1000 1000 FI 831 (81.3) 191 (18.7) 1022 1022 FR 814 (81.1) 190 (18.9) 1004 1004 GB-GBN 776 (77.6) 224 (22.4) 1000 1000 GB-NIR 260 (85.5) 44 (14.5) 304 304 GR 900 (89.6) 104 (10.4) 1004 1004 IE 910 (90.5) 96 (9.5) 1006 1006 IT 847 (85.1) 148 (14.9) 995 995 LU 512 (82.7) 107 (17.3) 619 619 NL 827 (77.9) 234 (22.1) 1061 1061 PT 881 (88.1) 119 (11.9) 1000 1000 SE 729 (72.9) 271 (27.1) 1000 1000 N Sum 13384 2746 16130 N Valid Sum 13384 2746 16130 printed 24.01.2012 page 56 Eurobarometer 55.2 - May-June 2001,GESIS Variable Report,82,ZA3509
v52,v52 0 1 N Sum N Valid Sum,Q4 SCIENCE&TEC INTEREST: GENETICS,isocntry AT 836 (82.0) 183 (18.0) 1019 1019 BE 862 (81.5) 196 (18.5) 1058 1058 DE-E 870 (84.8) 156 (15.2) 1026 1026 DE-W 820 (81.0) 192 (19.0) 1012 1012 DK 810 (81.0) 190 (19.0) 1000 1000 ES 813 (81.3) 187 (18.7) 1000 1000 FI 835 (81.7) 187 (18.3) 1022 1022 FR 670 (66.7) 334 (33.3) 1004 1004 GB-GBN 813 (81.3) 187 (18.7) 1000 1000 GB-NIR 250 (82.2) 54 (17.8) 304 304 GR 779 (77.6) 225 (22.4) 1004 1004 IE 906 (90.1) 100 (9.9) 1006 1006 IT 733 (73.7) 262 (26.3) 995 995 LU 442 (71.4) 177 (28.6) 619 619 NL 772 (72.8) 289 (27.2) 1061 1061 PT 895 (89.5) 105 (10.5) 1000 1000 SE 778 (77.8) 222 (22.2) 1000 1000 N Sum 12884 3246 16130 N Valid Sum 12884 3246 16130 printed 24.01.2012 page 57 Eurobarometer 55.2 - May-June 2001,isocntry AT 836 (82.0) 183 (18.0) 1019 1019 BE 862 (81.5) 196 (18.5) 1058 1058 DE-E 870 (84.8) 156 (15.2) 1026 1026 DE-W 820 (81.0) 192 (19.0) 1012 1012 DK 810 (81.0) 190 (19.0) 1000 1000 ES 813 (81.3) 187 (18.7) 1000 1000 FI 835 (81.7) 187 (18.3) 1022 1022 FR 670 (66.7) 334 (33.3) 1004 1004 GB-GBN 813 (81.3) 187 (18.7) 1000 1000 GB-NIR 250 (82.2) 54 (17.8) 304 304 GR 779 (77.6) 225 (22.4) 1004 1004 IE 906 (90.1) 100 (9.9) 1006 1006 IT 733 (73.7) 262 (26.3) 995 995 LU 442 (71.4) 177 (28.6) 619 619 NL 772 (72.8) 289 (27.2) 1061 1061 PT 895 (89.5) 105 (10.5) 1000 1000 SE 778 (77.8) 222 (22.2) 1000 1000 N Sum 12884 3246 16130 N Valid Sum 12884 3246 16130 printed 24.01.2012 page 57 Eurobarometer 55.2 - May-June 2001,GESIS Variable Report,83,ZA3509
v53,v53 0 1 N Sum N Valid Sum,Q4 SCIENCE&TEC INTEREST: NANOTECHN,isocntry AT 960 (94.2) 59 (5.8) 1019 1019 BE 1010 (95.5) 48 (4.5) 1058 1058 DE-E 995 (97.0) 31 (3.0) 1026 1026 DE-W 980 (96.8) 32 (3.2) 1012 1012 DK 947 (94.7) 53 (5.3) 1000 1000 ES 973 (97.3) 27 (2.7) 1000 1000 FI 983 (96.2) 39 (3.8) 1022 1022 FR 952 (94.8) 52 (5.2) 1004 1004 GB-GBN 968 (96.8) 32 (3.2) 1000 1000 GB-NIR 297 (97.7) 7 (2.3) 304 304 GR 967 (96.3) 37 (3.7) 1004 1004 IE 995 (98.9) 11 (1.1) 1006 1006 IT 951 (95.6) 44 (4.4) 995 995 LU 581 (93.9) 38 (6.1) 619 619 NL 991 (93.4) 70 (6.6) 1061 1061 PT 971 (97.1) 29 (2.9) 1000 1000 SE 957 (95.7) 43 (4.3) 1000 1000 N Sum 15478 652 16130 N Valid Sum 15478 652 16130 printed 24.01.2012 page 58 Eurobarometer 55.2 - May-June 2001,isocntry AT 960 (94.2) 59 (5.8) 1019 1019 BE 1010 (95.5) 48 (4.5) 1058 1058 DE-E 995 (97.0) 31 (3.0) 1026 1026 DE-W 980 (96.8) 32 (3.2) 1012 1012 DK 947 (94.7) 53 (5.3) 1000 1000 ES 973 (97.3) 27 (2.7) 1000 1000 FI 983 (96.2) 39 (3.8) 1022 1022 FR 952 (94.8) 52 (5.2) 1004 1004 GB-GBN 968 (96.8) 32 (3.2) 1000 1000 GB-NIR 297 (97.7) 7 (2.3) 304 304 GR 967 (96.3) 37 (3.7) 1004 1004 IE 995 (98.9) 11 (1.1) 1006 1006 IT 951 (95.6) 44 (4.4) 995 995 LU 581 (93.9) 38 (6.1) 619 619 NL 991 (93.4) 70 (6.6) 1061 1061 PT 971 (97.1) 29 (2.9) 1000 1000 SE 957 (95.7) 43 (4.3) 1000 1000 N Sum 15478 652 16130 N Valid Sum 15478 652 16130 printed 24.01.2012 page 58 Eurobarometer 55.2 - May-June 2001,GESIS Variable Report,84,ZA3509
v54,v54 0 1 N Sum N Valid Sum,Q4 SCIENCE&TEC INTEREST: ECON/SOC SC,isocntry AT 747 (73.3) 272 (26.7) 1019 1019 BE 813 (76.8) 245 (23.2) 1058 1058 DE-E 825 (80.4) 201 (19.6) 1026 1026 DE-W 804 (79.4) 208 (20.6) 1012 1012 DK 606 (60.6) 394 (39.4) 1000 1000 ES 823 (82.3) 177 (17.7) 1000 1000 FI 769 (75.2) 253 (24.8) 1022 1022 FR 765 (76.2) 239 (23.8) 1004 1004 GB-GBN 853 (85.3) 147 (14.7) 1000 1000 GB-NIR 261 (85.9) 43 (14.1) 304 304 GR 715 (71.2) 289 (28.8) 1004 1004 IE 875 (87.0) 131 (13.0) 1006 1006 IT 771 (77.5) 224 (22.5) 995 995 LU 436 (70.4) 183 (29.6) 619 619 NL 694 (65.4) 367 (34.6) 1061 1061 PT 857 (85.7) 143 (14.3) 1000 1000 SE 591 (59.1) 409 (40.9) 1000 1000 N Sum 12205 3925 16130 N Valid Sum 12205 3925 16130 printed 24.01.2012 page 59 Eurobarometer 55.2 - May-June 2001,isocntry AT 747 (73.3) 272 (26.7) 1019 1019 BE 813 (76.8) 245 (23.2) 1058 1058 DE-E 825 (80.4) 201 (19.6) 1026 1026 DE-W 804 (79.4) 208 (20.6) 1012 1012 DK 606 (60.6) 394 (39.4) 1000 1000 ES 823 (82.3) 177 (17.7) 1000 1000 FI 769 (75.2) 253 (24.8) 1022 1022 FR 765 (76.2) 239 (23.8) 1004 1004 GB-GBN 853 (85.3) 147 (14.7) 1000 1000 GB-NIR 261 (85.9) 43 (14.1) 304 304 GR 715 (71.2) 289 (28.8) 1004 1004 IE 875 (87.0) 131 (13.0) 1006 1006 IT 771 (77.5) 224 (22.5) 995 995 LU 436 (70.4) 183 (29.6) 619 619 NL 694 (65.4) 367 (34.6) 1061 1061 PT 857 (85.7) 143 (14.3) 1000 1000 SE 591 (59.1) 409 (40.9) 1000 1000 N Sum 12205 3925 16130 N Valid Sum 12205 3925 16130 printed 24.01.2012 page 59 Eurobarometer 55.2 - May-June 2001,GESIS Variable Report,85,ZA3509
v55,v55 0 1 N Sum N Valid Sum,Q4 SCIENCE&TEC INTEREST: NONE,isocntry AT 900 (88.3) 119 (11.7) 1019 1019 BE 934 (88.3) 124 (11.7) 1058 1058 DE-E 917 (89.4) 109 (10.6) 1026 1026 DE-W 919 (90.8) 93 (9.2) 1012 1012 DK 985 (98.5) 15 (1.5) 1000 1000 ES 880 (88.0) 120 (12.0) 1000 1000 FI 974 (95.3) 48 (4.7) 1022 1022 FR 941 (93.7) 63 (6.3) 1004 1004 GB-GBN 862 (86.2) 138 (13.8) 1000 1000 GB-NIR 252 (82.9) 52 (17.1) 304 304 GR 931 (92.7) 73 (7.3) 1004 1004 IE 806 (80.1) 200 (19.9) 1006 1006 IT 953 (95.8) 42 (4.2) 995 995 LU 612 (98.9) 7 (1.1) 619 619 NL 968 (91.2) 93 (8.8) 1061 1061 PT 912 (91.2) 88 (8.8) 1000 1000 SE 968 (96.8) 32 (3.2) 1000 1000 N Sum 14714 1416 16130 N Valid Sum 14714 1416 16130 printed 24.01.2012 page 60 Eurobarometer 55.2 - May-June 2001,isocntry AT 900 (88.3) 119 (11.7) 1019 1019 BE 934 (88.3) 124 (11.7) 1058 1058 DE-E 917 (89.4) 109 (10.6) 1026 1026 DE-W 919 (90.8) 93 (9.2) 1012 1012 DK 985 (98.5) 15 (1.5) 1000 1000 ES 880 (88.0) 120 (12.0) 1000 1000 FI 974 (95.3) 48 (4.7) 1022 1022 FR 941 (93.7) 63 (6.3) 1004 1004 GB-GBN 862 (86.2) 138 (13.8) 1000 1000 GB-NIR 252 (82.9) 52 (17.1) 304 304 GR 931 (92.7) 73 (7.3) 1004 1004 IE 806 (80.1) 200 (19.9) 1006 1006 IT 953 (95.8) 42 (4.2) 995 995 LU 612 (98.9) 7 (1.1) 619 619 NL 968 (91.2) 93 (8.8) 1061 1061 PT 912 (91.2) 88 (8.8) 1000 1000 SE 968 (96.8) 32 (3.2) 1000 1000 N Sum 14714 1416 16130 N Valid Sum 14714 1416 16130 printed 24.01.2012 page 60 Eurobarometer 55.2 - May-June 2001,GESIS Variable Report,86,ZA3509
v56,v56 0 1 N Sum N Valid Sum,Q4 SCIENCE&TEC INTEREST: DK,isocntry AT 1009 (99.0) 10 (1.0) 1019 1019 BE 1040 (98.3) 18 (1.7) 1058 1058 DE-E 993 (96.8) 33 (3.2) 1026 1026 DE-W 975 (96.3) 37 (3.7) 1012 1012 DK 998 (99.8) 2 (0.2) 1000 1000 ES 977 (97.7) 23 (2.3) 1000 1000 FI 993 (97.2) 29 (2.8) 1022 1022 FR 996 (99.2) 8 (0.8) 1004 1004 GB-GBN 958 (95.8) 42 (4.2) 1000 1000 GB-NIR 296 (97.4) 8 (2.6) 304 304 GR 1001 (99.7) 3 (0.3) 1004 1004 IE 922 (91.7) 84 (8.3) 1006 1006 IT 992 (99.7) 3 (0.3) 995 995 LU 614 (99.2) 5 (0.8) 619 619 NL 1045 (98.5) 16 (1.5) 1061 1061 PT 949 (94.9) 51 (5.1) 1000 1000 SE 991 (99.1) 9 (0.9) 1000 1000 N Sum 15749 381 16130 N Valid Sum 15749 381 16130 printed 24.01.2012 page 61 Eurobarometer 55.2 - May-June 2001,isocntry AT 1009 (99.0) 10 (1.0) 1019 1019 BE 1040 (98.3) 18 (1.7) 1058 1058 DE-E 993 (96.8) 33 (3.2) 1026 1026 DE-W 975 (96.3) 37 (3.7) 1012 1012 DK 998 (99.8) 2 (0.2) 1000 1000 ES 977 (97.7) 23 (2.3) 1000 1000 FI 993 (97.2) 29 (2.8) 1022 1022 FR 996 (99.2) 8 (0.8) 1004 1004 GB-GBN 958 (95.8) 42 (4.2) 1000 1000 GB-NIR 296 (97.4) 8 (2.6) 304 304 GR 1001 (99.7) 3 (0.3) 1004 1004 IE 922 (91.7) 84 (8.3) 1006 1006 IT 992 (99.7) 3 (0.3) 995 995 LU 614 (99.2) 5 (0.8) 619 619 NL 1045 (98.5) 16 (1.5) 1061 1061 PT 949 (94.9) 51 (5.1) 1000 1000 SE 991 (99.1) 9 (0.9) 1000 1000 N Sum 15749 381 16130 N Valid Sum 15749 381 16130 printed 24.01.2012 page 61 Eurobarometer 55.2 - May-June 2001,GESIS Variable Report,87,ZA3509
v57,,Q5 SCIENCE INFO SOURCES: TV,,Q5 SCIENCE INFO SOURCES: TV,GESIS Variable Report,88,ZA3509
v58,,Q5 SCIENCE INFO SOURCES: RADIO,,Q5 SCIENCE INFO SOURCES: RADIO,GESIS Variable Report,89,ZA3509
v59,,Q5 SCIENCE INFO SOURCES: NEWSP/MAGAZ,,Q5 SCIENCE INFO SOURCES: NEWSP/MAGAZ,GESIS Variable Report,90,ZA3509
v60,,Q5 SCIENCE INFO SOURCES: SC MAGAZINES,,Q5 SCIENCE INFO SOURCES: SC MAGAZINES,GESIS Variable Report,91,ZA3509
v61,,Q5 SCIENCE INFO SOURCES: INTERNET,,Q5 SCIENCE INFO SOURCES: INTERNET,GESIS Variable Report,92,ZA3509
v62,,Q5 SCIENCE INFO SOURCES: SCHOOL/UNIV,,Q5 SCIENCE INFO SOURCES: SCHOOL/UNIV,GESIS Variable Report,93,ZA3509
v63,v63 0 1 N Sum N Valid Sum,Q6A SCIENCE&TEC MUSEUM VISIT: YES,isocntry AT 814 (79.9) 205 (20.1) 1019 1019 BE 927 (87.6) 131 (12.4) 1058 1058 DE-E 820 (79.9) 206 (20.1) 1026 1026 DE-W 831 (82.1) 181 (17.9) 1012 1012 DK 769 (76.9) 231 (23.1) 1000 1000 ES 792 (79.2) 208 (20.8) 1000 1000 FI 884 (86.5) 138 (13.5) 1022 1022 FR 837 (83.4) 167 (16.6) 1004 1004 GB-GBN 780 (78.0) 220 (22.0) 1000 1000 GB-NIR 271 (89.1) 33 (10.9) 304 304 GR 853 (85.0) 151 (15.0) 1004 1004 IE 902 (89.7) 104 (10.3) 1006 1006 IT 872 (87.6) 123 (12.4) 995 995 LU 488 (78.8) 131 (21.2) 619 619 NL 819 (77.2) 242 (22.8) 1061 1061 PT 881 (88.1) 119 (11.9) 1000 1000 SE 766 (76.6) 234 (23.4) 1000 1000 N Sum 13306 2824 16130 N Valid Sum 13306 2824 16130 printed 24.01.2012 page 68 Eurobarometer 55.2 - May-June 2001,isocntry AT 814 (79.9) 205 (20.1) 1019 1019 BE 927 (87.6) 131 (12.4) 1058 1058 DE-E 820 (79.9) 206 (20.1) 1026 1026 DE-W 831 (82.1) 181 (17.9) 1012 1012 DK 769 (76.9) 231 (23.1) 1000 1000 ES 792 (79.2) 208 (20.8) 1000 1000 FI 884 (86.5) 138 (13.5) 1022 1022 FR 837 (83.4) 167 (16.6) 1004 1004 GB-GBN 780 (78.0) 220 (22.0) 1000 1000 GB-NIR 271 (89.1) 33 (10.9) 304 304 GR 853 (85.0) 151 (15.0) 1004 1004 IE 902 (89.7) 104 (10.3) 1006 1006 IT 872 (87.6) 123 (12.4) 995 995 LU 488 (78.8) 131 (21.2) 619 619 NL 819 (77.2) 242 (22.8) 1061 1061 PT 881 (88.1) 119 (11.9) 1000 1000 SE 766 (76.6) 234 (23.4) 1000 1000 N Sum 13306 2824 16130 N Valid Sum 13306 2824 16130 printed 24.01.2012 page 68 Eurobarometer 55.2 - May-June 2001,GESIS Variable Report,94,ZA3509
v64,v64 0 1 9 N Sum N Valid Sum,Q6A SCIENCE&TEC MUSEUM VISIT: NO TIME,isocntry M AT 533 (65.5) 281 (34.5) 205 1019 814 BE 616 (66.5) 311 (33.5) 131 1058 927 DE-E 600 (73.2) 220 (26.8) 206 1026 820 DE-W 581 (69.9) 250 (30.1) 181 1012 831 DK 461 (59.9) 308 (40.1) 231 1000 769 ES 463 (58.5) 329 (41.5) 208 1000 792 FI 598 (67.6) 286 (32.4) 138 1022 884 FR 574 (68.6) 263 (31.4) 167 1004 837 GB-GBN 520 (66.7) 260 (33.3) 220 1000 780 GB-NIR 174 (64.2) 97 (35.8) 33 304 271 GR 475 (55.7) 378 (44.3) 151 1004 853 IE 719 (79.7) 183 (20.3) 104 1006 902 IT 480 (55.0) 393 (45.0) 123 996 873 LU 280 (57.4) 208 (42.6) 131 619 488 NL 554 (67.6) 265 (32.4) 242 1061 819 PT 532 (60.4) 349 (39.6) 119 1000 881 SE 490 (64.0) 276 (36.0) 234 1000 766 N Sum 8650 4657 2824 16131 N Valid Sum 8650 4657 13307 printed 24.01.2012 page 69 Eurobarometer 55.2 - May-June 2001,isocntry M AT 533 (65.5) 281 (34.5) 205 1019 814 BE 616 (66.5) 311 (33.5) 131 1058 927 DE-E 600 (73.2) 220 (26.8) 206 1026 820 DE-W 581 (69.9) 250 (30.1) 181 1012 831 DK 461 (59.9) 308 (40.1) 231 1000 769 ES 463 (58.5) 329 (41.5) 208 1000 792 FI 598 (67.6) 286 (32.4) 138 1022 884 FR 574 (68.6) 263 (31.4) 167 1004 837 GB-GBN 520 (66.7) 260 (33.3) 220 1000 780 GB-NIR 174 (64.2) 97 (35.8) 33 304 271 GR 475 (55.7) 378 (44.3) 151 1004 853 IE 719 (79.7) 183 (20.3) 104 1006 902 IT 480 (55.0) 393 (45.0) 123 996 873 LU 280 (57.4) 208 (42.6) 131 619 488 NL 554 (67.6) 265 (32.4) 242 1061 819 PT 532 (60.4) 349 (39.6) 119 1000 881 SE 490 (64.0) 276 (36.0) 234 1000 766 N Sum 8650 4657 2824 16131 N Valid Sum 8650 4657 13307 printed 24.01.2012 page 69 Eurobarometer 55.2 - May-June 2001,GESIS Variable Report,95,ZA3509
v65,v65 0 1 9 N Sum N Valid Sum,Q6A SCIENCE&TEC MUSEUM VISIT: FAR AWAY,isocntry M AT 643 (79.1) 170 (20.9) 205 1018 813 BE 856 (92.3) 71 (7.7) 131 1058 927 DE-E 704 (86.0) 115 (14.0) 206 1025 819 DE-W 724 (87.1) 107 (12.9) 181 1012 831 DK 602 (78.3) 167 (21.7) 231 1000 769 ES 673 (85.0) 119 (15.0) 208 1000 792 FI 595 (67.3) 289 (32.7) 138 1022 884 FR 688 (82.2) 149 (17.8) 167 1004 837 GB-GBN 658 (84.4) 122 (15.6) 220 1000 780 GB-NIR 225 (83.0) 46 (17.0) 33 304 271 GR 714 (83.6) 140 (16.4) 151 1005 854 IE 759 (84.1) 143 (15.9) 104 1006 902 IT 806 (92.4) 66 (7.6) 123 995 872 LU 444 (91.0) 44 (9.0) 131 619 488 NL 732 (89.4) 87 (10.6) 242 1061 819 PT 707 (80.2) 175 (19.8) 119 1001 882 SE 536 (70.0) 230 (30.0) 234 1000 766 N Sum 11066 2240 2824 16130 N Valid Sum 11066 2240 13306 printed 24.01.2012 page 70 Eurobarometer 55.2 - May-June 2001,isocntry M AT 643 (79.1) 170 (20.9) 205 1018 813 BE 856 (92.3) 71 (7.7) 131 1058 927 DE-E 704 (86.0) 115 (14.0) 206 1025 819 DE-W 724 (87.1) 107 (12.9) 181 1012 831 DK 602 (78.3) 167 (21.7) 231 1000 769 ES 673 (85.0) 119 (15.0) 208 1000 792 FI 595 (67.3) 289 (32.7) 138 1022 884 FR 688 (82.2) 149 (17.8) 167 1004 837 GB-GBN 658 (84.4) 122 (15.6) 220 1000 780 GB-NIR 225 (83.0) 46 (17.0) 33 304 271 GR 714 (83.6) 140 (16.4) 151 1005 854 IE 759 (84.1) 143 (15.9) 104 1006 902 IT 806 (92.4) 66 (7.6) 123 995 872 LU 444 (91.0) 44 (9.0) 131 619 488 NL 732 (89.4) 87 (10.6) 242 1061 819 PT 707 (80.2) 175 (19.8) 119 1001 882 SE 536 (70.0) 230 (30.0) 234 1000 766 N Sum 11066 2240 2824 16130 N Valid Sum 11066 2240 13306 printed 24.01.2012 page 70 Eurobarometer 55.2 - May-June 2001,GESIS Variable Report,96,ZA3509
v66,v66 0 1 9 N Sum N Valid Sum,Q6A SCIENCE&TEC MUSEUM VISIT: HIGH FEE,isocntry M AT 783 (96.2) 31 (3.8) 205 1019 814 BE 892 (96.2) 35 (3.8) 131 1058 927 DE-E 766 (93.4) 54 (6.6) 206 1026 820 DE-W 817 (98.3) 14 (1.7) 181 1012 831 DK 757 (98.3) 13 (1.7) 231 1001 770 ES 740 (93.4) 52 (6.6) 208 1000 792 FI 862 (97.5) 22 (2.5) 138 1022 884 FR 783 (93.5) 54 (6.5) 167 1004 837 GB-GBN 755 (96.8) 25 (3.2) 220 1000 780 GB-NIR 267 (98.5) 4 (1.5) 33 304 271 GR 830 (97.2) 24 (2.8) 151 1005 854 IE 894 (99.1) 8 (0.9) 104 1006 902 IT 857 (98.3) 15 (1.7) 123 995 872 LU 484 (99.0) 5 (1.0) 131 620 489 NL 792 (96.7) 27 (3.3) 242 1061 819 PT 789 (89.6) 92 (10.4) 119 1000 881 SE 747 (97.5) 19 (2.5) 234 1000 766 N Sum 12815 494 2824 16133 N Valid Sum 12815 494 13309 printed 24.01.2012 page 71 Eurobarometer 55.2 - May-June 2001,isocntry M AT 783 (96.2) 31 (3.8) 205 1019 814 BE 892 (96.2) 35 (3.8) 131 1058 927 DE-E 766 (93.4) 54 (6.6) 206 1026 820 DE-W 817 (98.3) 14 (1.7) 181 1012 831 DK 757 (98.3) 13 (1.7) 231 1001 770 ES 740 (93.4) 52 (6.6) 208 1000 792 FI 862 (97.5) 22 (2.5) 138 1022 884 FR 783 (93.5) 54 (6.5) 167 1004 837 GB-GBN 755 (96.8) 25 (3.2) 220 1000 780 GB-NIR 267 (98.5) 4 (1.5) 33 304 271 GR 830 (97.2) 24 (2.8) 151 1005 854 IE 894 (99.1) 8 (0.9) 104 1006 902 IT 857 (98.3) 15 (1.7) 123 995 872 LU 484 (99.0) 5 (1.0) 131 620 489 NL 792 (96.7) 27 (3.3) 242 1061 819 PT 789 (89.6) 92 (10.4) 119 1000 881 SE 747 (97.5) 19 (2.5) 234 1000 766 N Sum 12815 494 2824 16133 N Valid Sum 12815 494 13309 printed 24.01.2012 page 71 Eurobarometer 55.2 - May-June 2001,GESIS Variable Report,97,ZA3509
v67,v67 0 1 9 N Sum N Valid Sum,Q6A SCIENCE&TEC MUSEUM VISIT: DK WHERE,isocntry M AT 770 (94.6) 44 (5.4) 205 1019 814 BE 816 (87.9) 112 (12.1) 131 1059 928 DE-E 700 (85.4) 120 (14.6) 206 1026 820 DE-W 723 (87.0) 108 (13.0) 181 1012 831 DK 689 (89.6) 80 (10.4) 231 1000 769 ES 726 (91.7) 66 (8.3) 208 1000 792 FI 785 (88.8) 99 (11.2) 138 1022 884 FR 750 (89.6) 87 (10.4) 167 1004 837 GB-GBN 715 (91.5) 66 (8.5) 220 1001 781 GB-NIR 243 (89.7) 28 (10.3) 33 304 271 GR 765 (89.6) 89 (10.4) 151 1005 854 IE 755 (83.7) 147 (16.3) 104 1006 902 IT 715 (81.9) 158 (18.1) 123 996 873 LU 427 (87.5) 61 (12.5) 131 619 488 NL 734 (89.6) 85 (10.4) 242 1061 819 PT 771 (87.5) 110 (12.5) 119 1000 881 SE 683 (89.2) 83 (10.8) 234 1000 766 N Sum 11767 1543 2824 16134 N Valid Sum 11767 1543 13310 printed 24.01.2012 page 72 Eurobarometer 55.2 - May-June 2001,isocntry M AT 770 (94.6) 44 (5.4) 205 1019 814 BE 816 (87.9) 112 (12.1) 131 1059 928 DE-E 700 (85.4) 120 (14.6) 206 1026 820 DE-W 723 (87.0) 108 (13.0) 181 1012 831 DK 689 (89.6) 80 (10.4) 231 1000 769 ES 726 (91.7) 66 (8.3) 208 1000 792 FI 785 (88.8) 99 (11.2) 138 1022 884 FR 750 (89.6) 87 (10.4) 167 1004 837 GB-GBN 715 (91.5) 66 (8.5) 220 1001 781 GB-NIR 243 (89.7) 28 (10.3) 33 304 271 GR 765 (89.6) 89 (10.4) 151 1005 854 IE 755 (83.7) 147 (16.3) 104 1006 902 IT 715 (81.9) 158 (18.1) 123 996 873 LU 427 (87.5) 61 (12.5) 131 619 488 NL 734 (89.6) 85 (10.4) 242 1061 819 PT 771 (87.5) 110 (12.5) 119 1000 881 SE 683 (89.2) 83 (10.8) 234 1000 766 N Sum 11767 1543 2824 16134 N Valid Sum 11767 1543 13310 printed 24.01.2012 page 72 Eurobarometer 55.2 - May-June 2001,GESIS Variable Report,98,ZA3509
v68,v68 0 1 9 N Sum N Valid Sum,Q6A SCIENCE&TEC MUSEUM VISIT: NO INTERST,isocntry M AT 455 (55.9) 359 (44.1) 205 1019 814 BE 441 (47.6) 486 (52.4) 131 1058 927 DE-E 450 (54.9) 369 (45.1) 206 1025 819 DE-W 430 (51.7) 401 (48.3) 181 1012 831 DK 499 (64.8) 271 (35.2) 231 1001 770 ES 479 (60.5) 313 (39.5) 208 1000 792 FI 624 (70.6) 260 (29.4) 138 1022 884 FR 493 (58.9) 344 (41.1) 167 1004 837 GB-GBN 464 (59.4) 317 (40.6) 220 1001 781 GB-NIR 158 (58.3) 113 (41.7) 33 304 271 GR 598 (70.1) 255 (29.9) 151 1004 853 IE 484 (53.7) 418 (46.3) 104 1006 902 IT 632 (72.5) 240 (27.5) 123 995 872 LU 295 (60.5) 193 (39.5) 131 619 488 NL 396 (48.4) 423 (51.6) 242 1061 819 PT 650 (73.8) 231 (26.2) 119 1000 881 SE 555 (72.5) 210 (27.5) 234 999 765 N Sum 8103 5203 2824 16130 N Valid Sum 8103 5203 13306 printed 24.01.2012 page 73 Eurobarometer 55.2 - May-June 2001,isocntry M AT 455 (55.9) 359 (44.1) 205 1019 814 BE 441 (47.6) 486 (52.4) 131 1058 927 DE-E 450 (54.9) 369 (45.1) 206 1025 819 DE-W 430 (51.7) 401 (48.3) 181 1012 831 DK 499 (64.8) 271 (35.2) 231 1001 770 ES 479 (60.5) 313 (39.5) 208 1000 792 FI 624 (70.6) 260 (29.4) 138 1022 884 FR 493 (58.9) 344 (41.1) 167 1004 837 GB-GBN 464 (59.4) 317 (40.6) 220 1001 781 GB-NIR 158 (58.3) 113 (41.7) 33 304 271 GR 598 (70.1) 255 (29.9) 151 1004 853 IE 484 (53.7) 418 (46.3) 104 1006 902 IT 632 (72.5) 240 (27.5) 123 995 872 LU 295 (60.5) 193 (39.5) 131 619 488 NL 396 (48.4) 423 (51.6) 242 1061 819 PT 650 (73.8) 231 (26.2) 119 1000 881 SE 555 (72.5) 210 (27.5) 234 999 765 N Sum 8103 5203 2824 16130 N Valid Sum 8103 5203 13306 printed 24.01.2012 page 73 Eurobarometer 55.2 - May-June 2001,GESIS Variable Report,99,ZA3509
v69,v69 0 1 9 N Sum N Valid Sum,Q6A SCIENCE&TEC MUSEUM VISIT: DK,isocntry M AT 797 (97.9) 17 (2.1) 205 1019 814 BE 901 (97.2) 26 (2.8) 131 1058 927 DE-E 804 (98.0) 16 (2.0) 206 1026 820 DE-W 818 (98.6) 12 (1.4) 181 1011 830 DK 745 (96.8) 25 (3.2) 231 1001 770 ES 780 (98.5) 12 (1.5) 208 1000 792 FI 870 (98.4) 14 (1.6) 138 1022 884 FR 823 (98.3) 14 (1.7) 167 1004 837 GB-GBN 743 (95.3) 37 (4.7) 220 1000 780 GB-NIR 268 (98.9) 3 (1.1) 33 304 271 GR 839 (98.2) 15 (1.8) 151 1005 854 IE 863 (95.7) 39 (4.3) 104 1006 902 IT 844 (96.8) 28 (3.2) 123 995 872 LU 477 (97.7) 11 (2.3) 131 619 488 NL 772 (94.3) 47 (5.7) 242 1061 819 PT 851 (96.6) 30 (3.4) 119 1000 881 SE 746 (97.4) 20 (2.6) 234 1000 766 N Sum 12941 366 2824 16131 N Valid Sum 12941 366 13307 printed 24.01.2012 page 74 Eurobarometer 55.2 - May-June 2001,isocntry M AT 797 (97.9) 17 (2.1) 205 1019 814 BE 901 (97.2) 26 (2.8) 131 1058 927 DE-E 804 (98.0) 16 (2.0) 206 1026 820 DE-W 818 (98.6) 12 (1.4) 181 1011 830 DK 745 (96.8) 25 (3.2) 231 1001 770 ES 780 (98.5) 12 (1.5) 208 1000 792 FI 870 (98.4) 14 (1.6) 138 1022 884 FR 823 (98.3) 14 (1.7) 167 1004 837 GB-GBN 743 (95.3) 37 (4.7) 220 1000 780 GB-NIR 268 (98.9) 3 (1.1) 33 304 271 GR 839 (98.2) 15 (1.8) 151 1005 854 IE 863 (95.7) 39 (4.3) 104 1006 902 IT 844 (96.8) 28 (3.2) 123 995 872 LU 477 (97.7) 11 (2.3) 131 619 488 NL 772 (94.3) 47 (5.7) 242 1061 819 PT 851 (96.6) 30 (3.4) 119 1000 881 SE 746 (97.4) 20 (2.6) 234 1000 766 N Sum 12941 366 2824 16131 N Valid Sum 12941 366 13307 printed 24.01.2012 page 74 Eurobarometer 55.2 - May-June 2001,GESIS Variable Report,100,ZA3509
v70,v70 0 1 N Sum N Valid Sum,Q6B VISITED LAST 12 M: ZOO/AQUARIUM,isocntry AT 711 (69.8) 308 (30.2) 1019 1019 BE 824 (77.9) 234 (22.1) 1058 1058 DE-E 655 (63.8) 371 (36.2) 1026 1026 DE-W 680 (67.2) 332 (32.8) 1012 1012 DK 575 (57.5) 425 (42.5) 1000 1000 ES 869 (86.9) 131 (13.1) 1000 1000 FI 810 (79.3) 212 (20.7) 1022 1022 FR 729 (72.6) 275 (27.4) 1004 1004 GB-GBN 728 (72.8) 272 (27.2) 1000 1000 GB-NIR 232 (76.3) 72 (23.7) 304 304 GR 886 (88.2) 118 (11.8) 1004 1004 IE 809 (80.4) 197 (19.6) 1006 1006 IT 819 (82.3) 176 (17.7) 995 995 LU 470 (75.9) 149 (24.1) 619 619 NL 590 (55.6) 471 (44.4) 1061 1061 PT 823 (82.3) 177 (17.7) 1000 1000 SE 716 (71.6) 284 (28.4) 1000 1000 N Sum 11926 4204 16130 N Valid Sum 11926 4204 16130 printed 24.01.2012 page 75 Eurobarometer 55.2 - May-June 2001,isocntry AT 711 (69.8) 308 (30.2) 1019 1019 BE 824 (77.9) 234 (22.1) 1058 1058 DE-E 655 (63.8) 371 (36.2) 1026 1026 DE-W 680 (67.2) 332 (32.8) 1012 1012 DK 575 (57.5) 425 (42.5) 1000 1000 ES 869 (86.9) 131 (13.1) 1000 1000 FI 810 (79.3) 212 (20.7) 1022 1022 FR 729 (72.6) 275 (27.4) 1004 1004 GB-GBN 728 (72.8) 272 (27.2) 1000 1000 GB-NIR 232 (76.3) 72 (23.7) 304 304 GR 886 (88.2) 118 (11.8) 1004 1004 IE 809 (80.4) 197 (19.6) 1006 1006 IT 819 (82.3) 176 (17.7) 995 995 LU 470 (75.9) 149 (24.1) 619 619 NL 590 (55.6) 471 (44.4) 1061 1061 PT 823 (82.3) 177 (17.7) 1000 1000 SE 716 (71.6) 284 (28.4) 1000 1000 N Sum 11926 4204 16130 N Valid Sum 11926 4204 16130 printed 24.01.2012 page 75 Eurobarometer 55.2 - May-June 2001,GESIS Variable Report,101,ZA3509
v71,v71 0 1 N Sum N Valid Sum,Q6B VISITED LAST 12 M: SCIENTIF MUSEUM,isocntry AT 900 (88.3) 119 (11.7) 1019 1019 BE 955 (90.3) 103 (9.7) 1058 1058 DE-E 911 (88.8) 115 (11.2) 1026 1026 DE-W 885 (87.5) 127 (12.5) 1012 1012 DK 831 (83.1) 169 (16.9) 1000 1000 ES 888 (88.8) 112 (11.2) 1000 1000 FI 917 (89.7) 105 (10.3) 1022 1022 FR 924 (92.0) 80 (8.0) 1004 1004 GB-GBN 840 (84.0) 160 (16.0) 1000 1000 GB-NIR 284 (93.4) 20 (6.6) 304 304 GR 952 (94.8) 52 (5.2) 1004 1004 IE 965 (95.9) 41 (4.1) 1006 1006 IT 908 (91.3) 87 (8.7) 995 995 LU 533 (86.1) 86 (13.9) 619 619 NL 916 (86.3) 145 (13.7) 1061 1061 PT 911 (91.1) 89 (8.9) 1000 1000 SE 806 (80.6) 194 (19.4) 1000 1000 N Sum 14326 1804 16130 N Valid Sum 14326 1804 16130 printed 24.01.2012 page 76 Eurobarometer 55.2 - May-June 2001,isocntry AT 900 (88.3) 119 (11.7) 1019 1019 BE 955 (90.3) 103 (9.7) 1058 1058 DE-E 911 (88.8) 115 (11.2) 1026 1026 DE-W 885 (87.5) 127 (12.5) 1012 1012 DK 831 (83.1) 169 (16.9) 1000 1000 ES 888 (88.8) 112 (11.2) 1000 1000 FI 917 (89.7) 105 (10.3) 1022 1022 FR 924 (92.0) 80 (8.0) 1004 1004 GB-GBN 840 (84.0) 160 (16.0) 1000 1000 GB-NIR 284 (93.4) 20 (6.6) 304 304 GR 952 (94.8) 52 (5.2) 1004 1004 IE 965 (95.9) 41 (4.1) 1006 1006 IT 908 (91.3) 87 (8.7) 995 995 LU 533 (86.1) 86 (13.9) 619 619 NL 916 (86.3) 145 (13.7) 1061 1061 PT 911 (91.1) 89 (8.9) 1000 1000 SE 806 (80.6) 194 (19.4) 1000 1000 N Sum 14326 1804 16130 N Valid Sum 14326 1804 16130 printed 24.01.2012 page 76 Eurobarometer 55.2 - May-June 2001,GESIS Variable Report,102,ZA3509
v72,v72 0 1 N Sum N Valid Sum,Q6B VISITED LAST 12 M: LIBRARY,isocntry AT 858 (84.2) 161 (15.8) 1019 1019 BE 731 (69.1) 327 (30.9) 1058 1058 DE-E 798 (77.8) 228 (22.2) 1026 1026 DE-W 782 (77.3) 230 (22.7) 1012 1012 DK 335 (33.5) 665 (66.5) 1000 1000 ES 846 (84.6) 154 (15.4) 1000 1000 FI 274 (26.8) 748 (73.2) 1022 1022 FR 745 (74.2) 259 (25.8) 1004 1004 GB-GBN 486 (48.6) 514 (51.4) 1000 1000 GB-NIR 168 (55.3) 136 (44.7) 304 304 GR 923 (91.9) 81 (8.1) 1004 1004 IE 691 (68.7) 315 (31.3) 1006 1006 IT 749 (75.3) 246 (24.7) 995 995 LU 521 (84.2) 98 (15.8) 619 619 NL 420 (39.6) 641 (60.4) 1061 1061 PT 853 (85.3) 147 (14.7) 1000 1000 SE 247 (24.7) 753 (75.3) 1000 1000 N Sum 10427 5703 16130 N Valid Sum 10427 5703 16130 printed 24.01.2012 page 77 Eurobarometer 55.2 - May-June 2001,isocntry AT 858 (84.2) 161 (15.8) 1019 1019 BE 731 (69.1) 327 (30.9) 1058 1058 DE-E 798 (77.8) 228 (22.2) 1026 1026 DE-W 782 (77.3) 230 (22.7) 1012 1012 DK 335 (33.5) 665 (66.5) 1000 1000 ES 846 (84.6) 154 (15.4) 1000 1000 FI 274 (26.8) 748 (73.2) 1022 1022 FR 745 (74.2) 259 (25.8) 1004 1004 GB-GBN 486 (48.6) 514 (51.4) 1000 1000 GB-NIR 168 (55.3) 136 (44.7) 304 304 GR 923 (91.9) 81 (8.1) 1004 1004 IE 691 (68.7) 315 (31.3) 1006 1006 IT 749 (75.3) 246 (24.7) 995 995 LU 521 (84.2) 98 (15.8) 619 619 NL 420 (39.6) 641 (60.4) 1061 1061 PT 853 (85.3) 147 (14.7) 1000 1000 SE 247 (24.7) 753 (75.3) 1000 1000 N Sum 10427 5703 16130 N Valid Sum 10427 5703 16130 printed 24.01.2012 page 77 Eurobarometer 55.2 - May-June 2001,GESIS Variable Report,103,ZA3509
v73,v73 0 1 N Sum N Valid Sum,Q6B VISITED LAST 12 M: ART MUSEUM,isocntry AT 860 (84.4) 159 (15.6) 1019 1019 BE 851 (80.4) 207 (19.6) 1058 1058 DE-E 866 (84.4) 160 (15.6) 1026 1026 DE-W 847 (83.7) 165 (16.3) 1012 1012 DK 617 (61.7) 383 (38.3) 1000 1000 ES 860 (86.0) 140 (14.0) 1000 1000 FI 744 (72.8) 278 (27.2) 1022 1022 FR 771 (76.8) 233 (23.2) 1004 1004 GB-GBN 776 (77.6) 224 (22.4) 1000 1000 GB-NIR 260 (85.5) 44 (14.5) 304 304 GR 893 (88.9) 111 (11.1) 1004 1004 IE 894 (88.9) 112 (11.1) 1006 1006 IT 735 (73.9) 260 (26.1) 995 995 LU 468 (75.6) 151 (24.4) 619 619 NL 673 (63.4) 388 (36.6) 1061 1061 PT 920 (92.0) 80 (8.0) 1000 1000 SE 639 (63.9) 361 (36.1) 1000 1000 N Sum 12674 3456 16130 N Valid Sum 12674 3456 16130 printed 24.01.2012 page 78 Eurobarometer 55.2 - May-June 2001,isocntry AT 860 (84.4) 159 (15.6) 1019 1019 BE 851 (80.4) 207 (19.6) 1058 1058 DE-E 866 (84.4) 160 (15.6) 1026 1026 DE-W 847 (83.7) 165 (16.3) 1012 1012 DK 617 (61.7) 383 (38.3) 1000 1000 ES 860 (86.0) 140 (14.0) 1000 1000 FI 744 (72.8) 278 (27.2) 1022 1022 FR 771 (76.8) 233 (23.2) 1004 1004 GB-GBN 776 (77.6) 224 (22.4) 1000 1000 GB-NIR 260 (85.5) 44 (14.5) 304 304 GR 893 (88.9) 111 (11.1) 1004 1004 IE 894 (88.9) 112 (11.1) 1006 1006 IT 735 (73.9) 260 (26.1) 995 995 LU 468 (75.6) 151 (24.4) 619 619 NL 673 (63.4) 388 (36.6) 1061 1061 PT 920 (92.0) 80 (8.0) 1000 1000 SE 639 (63.9) 361 (36.1) 1000 1000 N Sum 12674 3456 16130 N Valid Sum 12674 3456 16130 printed 24.01.2012 page 78 Eurobarometer 55.2 - May-June 2001,GESIS Variable Report,104,ZA3509
v74,v74 0 1 N Sum N Valid Sum,Q6B VISITED LAST 12 M: NONE,isocntry AT 499 (49.0) 520 (51.0) 1019 1019 BE 554 (52.4) 504 (47.6) 1058 1058 DE-E 606 (59.1) 420 (40.9) 1026 1026 DE-W 567 (56.0) 445 (44.0) 1012 1012 DK 831 (83.1) 169 (16.9) 1000 1000 ES 369 (36.9) 631 (63.1) 1000 1000 FI 854 (83.6) 168 (16.4) 1022 1022 FR 566 (56.4) 438 (43.6) 1004 1004 GB-GBN 698 (69.8) 302 (30.2) 1000 1000 GB-NIR 175 (57.6) 129 (42.4) 304 304 GR 272 (27.1) 732 (72.9) 1004 1004 IE 493 (49.0) 513 (51.0) 1006 1006 IT 480 (48.2) 515 (51.8) 995 995 LU 334 (54.0) 285 (46.0) 619 619 NL 856 (80.7) 205 (19.3) 1061 1061 PT 324 (32.4) 676 (67.6) 1000 1000 SE 862 (86.2) 138 (13.8) 1000 1000 N Sum 9340 6790 16130 N Valid Sum 9340 6790 16130 printed 24.01.2012 page 79 Eurobarometer 55.2 - May-June 2001,isocntry AT 499 (49.0) 520 (51.0) 1019 1019 BE 554 (52.4) 504 (47.6) 1058 1058 DE-E 606 (59.1) 420 (40.9) 1026 1026 DE-W 567 (56.0) 445 (44.0) 1012 1012 DK 831 (83.1) 169 (16.9) 1000 1000 ES 369 (36.9) 631 (63.1) 1000 1000 FI 854 (83.6) 168 (16.4) 1022 1022 FR 566 (56.4) 438 (43.6) 1004 1004 GB-GBN 698 (69.8) 302 (30.2) 1000 1000 GB-NIR 175 (57.6) 129 (42.4) 304 304 GR 272 (27.1) 732 (72.9) 1004 1004 IE 493 (49.0) 513 (51.0) 1006 1006 IT 480 (48.2) 515 (51.8) 995 995 LU 334 (54.0) 285 (46.0) 619 619 NL 856 (80.7) 205 (19.3) 1061 1061 PT 324 (32.4) 676 (67.6) 1000 1000 SE 862 (86.2) 138 (13.8) 1000 1000 N Sum 9340 6790 16130 N Valid Sum 9340 6790 16130 printed 24.01.2012 page 79 Eurobarometer 55.2 - May-June 2001,GESIS Variable Report,105,ZA3509
v75,v75 0 1 N Sum N Valid Sum,Q6B VISITED LAST 12 M: DK,isocntry AT 997 (97.8) 22 (2.2) 1019 1019 BE 1030 (97.4) 28 (2.6) 1058 1058 DE-E 992 (96.7) 34 (3.3) 1026 1026 DE-W 993 (98.1) 19 (1.9) 1012 1012 DK 995 (99.5) 5 (0.5) 1000 1000 ES 962 (96.2) 38 (3.8) 1000 1000 FI 981 (96.0) 41 (4.0) 1022 1022 FR 955 (95.1) 49 (4.9) 1004 1004 GB-GBN 972 (97.2) 28 (2.8) 1000 1000 GB-NIR 301 (99.0) 3 (1.0) 304 304 GR 986 (98.2) 18 (1.8) 1004 1004 IE 947 (94.1) 59 (5.9) 1006 1006 IT 990 (99.5) 5 (0.5) 995 995 LU 589 (95.2) 30 (4.8) 619 619 NL 1057 (99.6) 4 (0.4) 1061 1061 PT 980 (98.0) 20 (2.0) 1000 1000 SE 991 (99.1) 9 (0.9) 1000 1000 N Sum 15718 412 16130 N Valid Sum 15718 412 16130 printed 24.01.2012 page 80 Eurobarometer 55.2 - May-June 2001,isocntry AT 997 (97.8) 22 (2.2) 1019 1019 BE 1030 (97.4) 28 (2.6) 1058 1058 DE-E 992 (96.7) 34 (3.3) 1026 1026 DE-W 993 (98.1) 19 (1.9) 1012 1012 DK 995 (99.5) 5 (0.5) 1000 1000 ES 962 (96.2) 38 (3.8) 1000 1000 FI 981 (96.0) 41 (4.0) 1022 1022 FR 955 (95.1) 49 (4.9) 1004 1004 GB-GBN 972 (97.2) 28 (2.8) 1000 1000 GB-NIR 301 (99.0) 3 (1.0) 304 304 GR 986 (98.2) 18 (1.8) 1004 1004 IE 947 (94.1) 59 (5.9) 1006 1006 IT 990 (99.5) 5 (0.5) 995 995 LU 589 (95.2) 30 (4.8) 619 619 NL 1057 (99.6) 4 (0.4) 1061 1061 PT 980 (98.0) 20 (2.0) 1000 1000 SE 991 (99.1) 9 (0.9) 1000 1000 N Sum 15718 412 16130 N Valid Sum 15718 412 16130 printed 24.01.2012 page 80 Eurobarometer 55.2 - May-June 2001,GESIS Variable Report,106,ZA3509
v76,v76 1 2 3 N Sum N Valid Sum,Q7 SCIENTIFIC SUBJECTS: BIOLOGY,isocntry M AT 850 (90.3) 91 (9.7) 78 1019 941 BE 951 (94.3) 58 (5.7) 49 1058 1009 DE-E 927 (92.9) 71 (7.1) 28 1026 998 DE-W 885 (91.0) 87 (9.0) 39 1011 972 DK 895 (92.9) 68 (7.1) 37 1000 963 ES 827 (93.3) 59 (6.7) 113 999 886 FI 913 (94.2) 56 (5.8) 53 1022 969 FR 923 (95.0) 49 (5.0) 32 1004 972 GB-GBN 877 (92.9) 67 (7.1) 56 1000 944 GB-NIR 274 (97.5) 7 (2.5) 23 304 281 GR 920 (95.6) 42 (4.4) 42 1004 962 IE 880 (96.6) 31 (3.4) 95 1006 911 IT 897 (96.8) 30 (3.2) 68 995 927 LU 548 (92.6) 44 (7.4) 27 619 592 NL 950 (92.6) 76 (7.4) 35 1061 1026 PT 758 (92.0) 66 (8.0) 176 1000 824 SE 903 (93.0) 68 (7.0) 29 1000 971 N Sum 14178 970 980 16128 N Valid Sum 14178 970 15148 printed 24.01.2012 page 81 Eurobarometer 55.2 - May-June 2001,isocntry M AT 850 (90.3) 91 (9.7) 78 1019 941 BE 951 (94.3) 58 (5.7) 49 1058 1009 DE-E 927 (92.9) 71 (7.1) 28 1026 998 DE-W 885 (91.0) 87 (9.0) 39 1011 972 DK 895 (92.9) 68 (7.1) 37 1000 963 ES 827 (93.3) 59 (6.7) 113 999 886 FI 913 (94.2) 56 (5.8) 53 1022 969 FR 923 (95.0) 49 (5.0) 32 1004 972 GB-GBN 877 (92.9) 67 (7.1) 56 1000 944 GB-NIR 274 (97.5) 7 (2.5) 23 304 281 GR 920 (95.6) 42 (4.4) 42 1004 962 IE 880 (96.6) 31 (3.4) 95 1006 911 IT 897 (96.8) 30 (3.2) 68 995 927 LU 548 (92.6) 44 (7.4) 27 619 592 NL 950 (92.6) 76 (7.4) 35 1061 1026 PT 758 (92.0) 66 (8.0) 176 1000 824 SE 903 (93.0) 68 (7.0) 29 1000 971 N Sum 14178 970 980 16128 N Valid Sum 14178 970 15148 printed 24.01.2012 page 81 Eurobarometer 55.2 - May-June 2001,GESIS Variable Report,107,ZA3509
v77,v77 1 2 3 N Sum N Valid Sum,Q7 SCIENTIFIC SUBJECTS: ASTRONOMY,isocntry M AT 781 (83.1) 159 (16.9) 79 1019 940 BE 744 (76.3) 231 (23.7) 83 1058 975 DE-E 877 (90.3) 94 (9.7) 55 1026 971 DE-W 773 (82.2) 167 (17.8) 72 1012 940 DK 895 (92.7) 70 (7.3) 35 1000 965 ES 737 (85.1) 129 (14.9) 134 1000 866 FI 952 (96.6) 33 (3.4) 37 1022 985 FR 792 (82.2) 172 (17.8) 40 1004 964 GB-GBN 771 (82.5) 163 (17.5) 66 1000 934 GB-NIR 243 (88.4) 32 (11.6) 29 304 275 GR 884 (92.8) 69 (7.2) 52 1005 953 IE 692 (80.4) 169 (19.6) 145 1006 861 IT 765 (84.2) 144 (15.8) 85 994 909 LU 479 (83.6) 94 (16.4) 47 620 573 NL 874 (88.2) 117 (11.8) 71 1062 991 PT 644 (78.2) 180 (21.8) 177 1001 824 SE 931 (95.0) 49 (5.0) 20 1000 980 N Sum 12834 2072 1227 16133 N Valid Sum 12834 2072 14906 printed 24.01.2012 page 82 Eurobarometer 55.2 - May-June 2001,isocntry M AT 781 (83.1) 159 (16.9) 79 1019 940 BE 744 (76.3) 231 (23.7) 83 1058 975 DE-E 877 (90.3) 94 (9.7) 55 1026 971 DE-W 773 (82.2) 167 (17.8) 72 1012 940 DK 895 (92.7) 70 (7.3) 35 1000 965 ES 737 (85.1) 129 (14.9) 134 1000 866 FI 952 (96.6) 33 (3.4) 37 1022 985 FR 792 (82.2) 172 (17.8) 40 1004 964 GB-GBN 771 (82.5) 163 (17.5) 66 1000 934 GB-NIR 243 (88.4) 32 (11.6) 29 304 275 GR 884 (92.8) 69 (7.2) 52 1005 953 IE 692 (80.4) 169 (19.6) 145 1006 861 IT 765 (84.2) 144 (15.8) 85 994 909 LU 479 (83.6) 94 (16.4) 47 620 573 NL 874 (88.2) 117 (11.8) 71 1062 991 PT 644 (78.2) 180 (21.8) 177 1001 824 SE 931 (95.0) 49 (5.0) 20 1000 980 N Sum 12834 2072 1227 16133 N Valid Sum 12834 2072 14906 printed 24.01.2012 page 82 Eurobarometer 55.2 - May-June 2001,GESIS Variable Report,108,ZA3509
v78,v78 1 2 3 N Sum N Valid Sum,Q7 SCIENTIFIC SUBJECTS: HISTORY,isocntry M AT 589 (63.3) 341 (36.7) 89 1019 930 BE 316 (32.0) 672 (68.0) 70 1058 988 DE-E 567 (60.2) 375 (39.8) 84 1026 942 DE-W 467 (49.7) 472 (50.3) 73 1012 939 DK 542 (56.5) 417 (43.5) 41 1000 959 ES 198 (22.2) 694 (77.8) 108 1000 892 FI 576 (59.6) 391 (40.4) 55 1022 967 FR 193 (19.9) 778 (80.1) 33 1004 971 GB-GBN 234 (24.6) 717 (75.4) 49 1000 951 GB-NIR 68 (24.6) 208 (75.4) 28 304 276 GR 660 (68.0) 311 (32.0) 33 1004 971 IE 188 (21.1) 703 (78.9) 115 1006 891 IT 182 (19.4) 755 (80.6) 58 995 937 LU 327 (56.4) 253 (43.6) 38 618 580 NL 677 (67.4) 328 (32.6) 56 1061 1005 PT 354 (41.7) 494 (58.3) 152 1000 848 SE 643 (67.4) 311 (32.6) 46 1000 954 N Sum 6781 8220 1128 16129 N Valid Sum 6781 8220 15001 printed 24.01.2012 page 83 Eurobarometer 55.2 - May-June 2001,isocntry M AT 589 (63.3) 341 (36.7) 89 1019 930 BE 316 (32.0) 672 (68.0) 70 1058 988 DE-E 567 (60.2) 375 (39.8) 84 1026 942 DE-W 467 (49.7) 472 (50.3) 73 1012 939 DK 542 (56.5) 417 (43.5) 41 1000 959 ES 198 (22.2) 694 (77.8) 108 1000 892 FI 576 (59.6) 391 (40.4) 55 1022 967 FR 193 (19.9) 778 (80.1) 33 1004 971 GB-GBN 234 (24.6) 717 (75.4) 49 1000 951 GB-NIR 68 (24.6) 208 (75.4) 28 304 276 GR 660 (68.0) 311 (32.0) 33 1004 971 IE 188 (21.1) 703 (78.9) 115 1006 891 IT 182 (19.4) 755 (80.6) 58 995 937 LU 327 (56.4) 253 (43.6) 38 618 580 NL 677 (67.4) 328 (32.6) 56 1061 1005 PT 354 (41.7) 494 (58.3) 152 1000 848 SE 643 (67.4) 311 (32.6) 46 1000 954 N Sum 6781 8220 1128 16129 N Valid Sum 6781 8220 15001 printed 24.01.2012 page 83 Eurobarometer 55.2 - May-June 2001,GESIS Variable Report,109,ZA3509
v79,v79 1 2 3 N Sum N Valid Sum,Q7 SCIENTIFIC SUBJECTS: PHYSICS,isocntry M AT 881 (91.6) 81 (8.4) 57 1019 962 BE 873 (88.0) 119 (12.0) 66 1058 992 DE-E 947 (95.0) 50 (5.0) 30 1027 997 DE-W 920 (94.0) 59 (6.0) 32 1011 979 DK 934 (94.8) 51 (5.2) 14 999 985 ES 859 (93.1) 64 (6.9) 77 1000 923 FI 921 (94.1) 58 (5.9) 44 1023 979 FR 922 (93.9) 60 (6.1) 22 1004 982 GB-GBN 886 (92.4) 73 (7.6) 41 1000 959 GB-NIR 264 (94.0) 17 (6.0) 23 304 281 GR 959 (98.2) 18 (1.8) 27 1004 977 IE 844 (94.8) 46 (5.2) 116 1006 890 IT 891 (94.5) 52 (5.5) 52 995 943 LU 525 (89.4) 62 (10.6) 32 619 587 NL 987 (94.6) 56 (5.4) 18 1061 1043 PT 763 (88.3) 101 (11.7) 136 1000 864 SE 938 (95.4) 45 (4.6) 17 1000 983 N Sum 14314 1012 804 16130 N Valid Sum 14314 1012 15326 printed 24.01.2012 page 84 Eurobarometer 55.2 - May-June 2001,isocntry M AT 881 (91.6) 81 (8.4) 57 1019 962 BE 873 (88.0) 119 (12.0) 66 1058 992 DE-E 947 (95.0) 50 (5.0) 30 1027 997 DE-W 920 (94.0) 59 (6.0) 32 1011 979 DK 934 (94.8) 51 (5.2) 14 999 985 ES 859 (93.1) 64 (6.9) 77 1000 923 FI 921 (94.1) 58 (5.9) 44 1023 979 FR 922 (93.9) 60 (6.1) 22 1004 982 GB-GBN 886 (92.4) 73 (7.6) 41 1000 959 GB-NIR 264 (94.0) 17 (6.0) 23 304 281 GR 959 (98.2) 18 (1.8) 27 1004 977 IE 844 (94.8) 46 (5.2) 116 1006 890 IT 891 (94.5) 52 (5.5) 52 995 943 LU 525 (89.4) 62 (10.6) 32 619 587 NL 987 (94.6) 56 (5.4) 18 1061 1043 PT 763 (88.3) 101 (11.7) 136 1000 864 SE 938 (95.4) 45 (4.6) 17 1000 983 N Sum 14314 1012 804 16130 N Valid Sum 14314 1012 15326 printed 24.01.2012 page 84 Eurobarometer 55.2 - May-June 2001,GESIS Variable Report,110,ZA3509
v80,v80 1 2 3 N Sum N Valid Sum,Q7 SCIENTIFIC SUBJECTS: ASTROLOGY,isocntry M AT 556 (59.9) 372 (40.1) 91 1019 928 BE 483 (51.2) 460 (48.8) 116 1059 943 DE-E 617 (65.4) 327 (34.6) 82 1026 944 DE-W 561 (60.2) 371 (39.8) 81 1013 932 DK 555 (58.2) 398 (41.8) 47 1000 953 ES 604 (70.2) 257 (29.8) 139 1000 861 FI 679 (70.4) 285 (29.6) 57 1021 964 FR 488 (51.2) 466 (48.8) 50 1004 954 GB-GBN 552 (59.1) 382 (40.9) 66 1000 934 GB-NIR 174 (65.2) 93 (34.8) 37 304 267 GR 588 (61.6) 367 (38.4) 49 1004 955 IE 570 (67.6) 273 (32.4) 163 1006 843 IT 418 (46.9) 474 (53.1) 104 996 892 LU 327 (58.6) 231 (41.4) 61 619 558 NL 543 (54.7) 449 (45.3) 69 1061 992 PT 575 (68.9) 260 (31.1) 165 1000 835 SE 486 (50.5) 477 (49.5) 36 999 963 N Sum 8776 5942 1413 16131 N Valid Sum 8776 5942 14718 printed 24.01.2012 page 85 Eurobarometer 55.2 - May-June 2001,isocntry M AT 556 (59.9) 372 (40.1) 91 1019 928 BE 483 (51.2) 460 (48.8) 116 1059 943 DE-E 617 (65.4) 327 (34.6) 82 1026 944 DE-W 561 (60.2) 371 (39.8) 81 1013 932 DK 555 (58.2) 398 (41.8) 47 1000 953 ES 604 (70.2) 257 (29.8) 139 1000 861 FI 679 (70.4) 285 (29.6) 57 1021 964 FR 488 (51.2) 466 (48.8) 50 1004 954 GB-GBN 552 (59.1) 382 (40.9) 66 1000 934 GB-NIR 174 (65.2) 93 (34.8) 37 304 267 GR 588 (61.6) 367 (38.4) 49 1004 955 IE 570 (67.6) 273 (32.4) 163 1006 843 IT 418 (46.9) 474 (53.1) 104 996 892 LU 327 (58.6) 231 (41.4) 61 619 558 NL 543 (54.7) 449 (45.3) 69 1061 992 PT 575 (68.9) 260 (31.1) 165 1000 835 SE 486 (50.5) 477 (49.5) 36 999 963 N Sum 8776 5942 1413 16131 N Valid Sum 8776 5942 14718 printed 24.01.2012 page 85 Eurobarometer 55.2 - May-June 2001,GESIS Variable Report,111,ZA3509
v81,v81 1 2 3 N Sum N Valid Sum,Q7 SCIENTIFIC SUBJECTS: ECONOMICS,isocntry M AT 545 (58.3) 390 (41.7) 84 1019 935 BE 400 (41.9) 555 (58.1) 103 1058 955 DE-E 592 (63.7) 337 (36.3) 97 1026 929 DE-W 520 (55.0) 425 (45.0) 67 1012 945 DK 481 (51.0) 462 (49.0) 57 1000 943 ES 275 (31.0) 612 (69.0) 113 1000 887 FI 737 (75.7) 236 (24.3) 49 1022 973 FR 310 (32.1) 656 (67.9) 38 1004 966 GB-GBN 358 (39.0) 560 (61.0) 82 1000 918 GB-NIR 120 (46.7) 137 (53.3) 47 304 257 GR 811 (83.4) 162 (16.6) 31 1004 973 IE 352 (40.7) 512 (59.3) 142 1006 864 IT 367 (41.3) 521 (58.7) 107 995 888 LU 320 (56.9) 242 (43.1) 57 619 562 NL 712 (71.1) 289 (28.9) 61 1062 1001 PT 367 (43.6) 474 (56.4) 159 1000 841 SE 543 (57.0) 409 (43.0) 48 1000 952 N Sum 7810 6979 1342 16131 N Valid Sum 7810 6979 14789 printed 24.01.2012 page 86 Eurobarometer 55.2 - May-June 2001,isocntry M AT 545 (58.3) 390 (41.7) 84 1019 935 BE 400 (41.9) 555 (58.1) 103 1058 955 DE-E 592 (63.7) 337 (36.3) 97 1026 929 DE-W 520 (55.0) 425 (45.0) 67 1012 945 DK 481 (51.0) 462 (49.0) 57 1000 943 ES 275 (31.0) 612 (69.0) 113 1000 887 FI 737 (75.7) 236 (24.3) 49 1022 973 FR 310 (32.1) 656 (67.9) 38 1004 966 GB-GBN 358 (39.0) 560 (61.0) 82 1000 918 GB-NIR 120 (46.7) 137 (53.3) 47 304 257 GR 811 (83.4) 162 (16.6) 31 1004 973 IE 352 (40.7) 512 (59.3) 142 1006 864 IT 367 (41.3) 521 (58.7) 107 995 888 LU 320 (56.9) 242 (43.1) 57 619 562 NL 712 (71.1) 289 (28.9) 61 1062 1001 PT 367 (43.6) 474 (56.4) 159 1000 841 SE 543 (57.0) 409 (43.0) 48 1000 952 N Sum 7810 6979 1342 16131 N Valid Sum 7810 6979 14789 printed 24.01.2012 page 86 Eurobarometer 55.2 - May-June 2001,GESIS Variable Report,112,ZA3509
v82,v82 1 2 3 N Sum N Valid Sum,Q7 SCIENTIFIC SUBJECTS: MEDICINE,isocntry M AT 937 (95.7) 42 (4.3) 39 1018 979 BE 943 (93.8) 62 (6.2) 53 1058 1005 DE-E 974 (96.9) 31 (3.1) 21 1026 1005 DE-W 943 (94.6) 54 (5.4) 15 1012 997 DK 985 (99.1) 9 (0.9) 5 999 994 ES 874 (92.6) 70 (7.4) 56 1000 944 FI 976 (97.8) 22 (2.2) 24 1022 998 FR 944 (95.6) 43 (4.4) 18 1005 987 GB-GBN 922 (95.2) 46 (4.8) 32 1000 968 GB-NIR 280 (98.2) 5 (1.8) 19 304 285 GR 982 (99.5) 5 (0.5) 17 1004 987 IE 871 (93.7) 59 (6.3) 76 1006 930 IT 914 (95.0) 48 (5.0) 33 995 962 LU 577 (95.1) 30 (4.9) 12 619 607 NL 1004 (96.5) 36 (3.5) 22 1062 1040 PT 914 (98.4) 15 (1.6) 71 1000 929 SE 981 (98.6) 14 (1.4) 5 1000 995 N Sum 15021 591 518 16130 N Valid Sum 15021 591 15612 printed 24.01.2012 page 87 Eurobarometer 55.2 - May-June 2001,isocntry M AT 937 (95.7) 42 (4.3) 39 1018 979 BE 943 (93.8) 62 (6.2) 53 1058 1005 DE-E 974 (96.9) 31 (3.1) 21 1026 1005 DE-W 943 (94.6) 54 (5.4) 15 1012 997 DK 985 (99.1) 9 (0.9) 5 999 994 ES 874 (92.6) 70 (7.4) 56 1000 944 FI 976 (97.8) 22 (2.2) 24 1022 998 FR 944 (95.6) 43 (4.4) 18 1005 987 GB-GBN 922 (95.2) 46 (4.8) 32 1000 968 GB-NIR 280 (98.2) 5 (1.8) 19 304 285 GR 982 (99.5) 5 (0.5) 17 1004 987 IE 871 (93.7) 59 (6.3) 76 1006 930 IT 914 (95.0) 48 (5.0) 33 995 962 LU 577 (95.1) 30 (4.9) 12 619 607 NL 1004 (96.5) 36 (3.5) 22 1062 1040 PT 914 (98.4) 15 (1.6) 71 1000 929 SE 981 (98.6) 14 (1.4) 5 1000 995 N Sum 15021 591 518 16130 N Valid Sum 15021 591 15612 printed 24.01.2012 page 87 Eurobarometer 55.2 - May-June 2001,GESIS Variable Report,113,ZA3509
v83,v83 1 2 3 N Sum N Valid Sum,Q7 SCIENTIFIC SUBJECTS: PSYCHOLOGY,isocntry M AT 794 (84.4) 147 (15.6) 77 1018 941 BE 656 (67.6) 314 (32.4) 89 1059 970 DE-E 771 (80.5) 187 (19.5) 69 1027 958 DE-W 779 (81.0) 183 (19.0) 49 1011 962 DK 745 (79.4) 193 (20.6) 63 1001 938 ES 470 (53.5) 409 (46.5) 122 1001 879 FI 762 (78.8) 205 (21.2) 56 1023 967 FR 559 (57.8) 408 (42.2) 37 1004 967 GB-GBN 608 (65.7) 318 (34.3) 74 1000 926 GB-NIR 174 (66.7) 87 (33.3) 42 303 261 GR 879 (91.1) 86 (8.9) 39 1004 965 IE 656 (75.7) 211 (24.3) 139 1006 867 IT 556 (62.4) 335 (37.6) 104 995 891 LU 413 (73.9) 146 (26.1) 60 619 559 NL 883 (87.0) 132 (13.0) 46 1061 1015 PT 678 (80.1) 168 (19.9) 154 1000 846 SE 781 (80.8) 185 (19.2) 35 1001 966 N Sum 11164 3714 1255 16133 N Valid Sum 11164 3714 14878 printed 24.01.2012 page 88 Eurobarometer 55.2 - May-June 2001,isocntry M AT 794 (84.4) 147 (15.6) 77 1018 941 BE 656 (67.6) 314 (32.4) 89 1059 970 DE-E 771 (80.5) 187 (19.5) 69 1027 958 DE-W 779 (81.0) 183 (19.0) 49 1011 962 DK 745 (79.4) 193 (20.6) 63 1001 938 ES 470 (53.5) 409 (46.5) 122 1001 879 FI 762 (78.8) 205 (21.2) 56 1023 967 FR 559 (57.8) 408 (42.2) 37 1004 967 GB-GBN 608 (65.7) 318 (34.3) 74 1000 926 GB-NIR 174 (66.7) 87 (33.3) 42 303 261 GR 879 (91.1) 86 (8.9) 39 1004 965 IE 656 (75.7) 211 (24.3) 139 1006 867 IT 556 (62.4) 335 (37.6) 104 995 891 LU 413 (73.9) 146 (26.1) 60 619 559 NL 883 (87.0) 132 (13.0) 46 1061 1015 PT 678 (80.1) 168 (19.9) 154 1000 846 SE 781 (80.8) 185 (19.2) 35 1001 966 N Sum 11164 3714 1255 16133 N Valid Sum 11164 3714 14878 printed 24.01.2012 page 88 Eurobarometer 55.2 - May-June 2001,GESIS Variable Report,114,ZA3509
v84,v84 1 2 3 N Sum N Valid Sum,Q7 SCIENTIFIC SUBJECTS: MATHEMATICS,isocntry M AT 712 (76.3) 221 (23.7) 86 1019 933 BE 682 (69.6) 298 (30.4) 78 1058 980 DE-E 854 (86.5) 133 (13.5) 39 1026 987 DE-W 713 (75.1) 237 (24.9) 62 1012 950 DK 719 (75.2) 237 (24.8) 44 1000 956 ES 636 (70.8) 262 (29.2) 102 1000 898 FI 799 (82.6) 168 (17.4) 55 1022 967 FR 777 (79.3) 203 (20.7) 24 1004 980 GB-GBN 642 (68.1) 301 (31.9) 57 1000 943 GB-NIR 195 (70.9) 80 (29.1) 29 304 275 GR 903 (92.2) 76 (7.8) 24 1003 979 IE 600 (67.1) 294 (32.9) 112 1006 894 IT 771 (82.4) 165 (17.6) 60 996 936 LU 429 (74.0) 151 (26.0) 39 619 580 NL 826 (82.2) 179 (17.8) 56 1061 1005 PT 671 (76.5) 206 (23.5) 122 999 877 SE 791 (82.1) 173 (17.9) 36 1000 964 N Sum 11720 3384 1025 16129 N Valid Sum 11720 3384 15104 printed 24.01.2012 page 89 Eurobarometer 55.2 - May-June 2001,isocntry M AT 712 (76.3) 221 (23.7) 86 1019 933 BE 682 (69.6) 298 (30.4) 78 1058 980 DE-E 854 (86.5) 133 (13.5) 39 1026 987 DE-W 713 (75.1) 237 (24.9) 62 1012 950 DK 719 (75.2) 237 (24.8) 44 1000 956 ES 636 (70.8) 262 (29.2) 102 1000 898 FI 799 (82.6) 168 (17.4) 55 1022 967 FR 777 (79.3) 203 (20.7) 24 1004 980 GB-GBN 642 (68.1) 301 (31.9) 57 1000 943 GB-NIR 195 (70.9) 80 (29.1) 29 304 275 GR 903 (92.2) 76 (7.8) 24 1003 979 IE 600 (67.1) 294 (32.9) 112 1006 894 IT 771 (82.4) 165 (17.6) 60 996 936 LU 429 (74.0) 151 (26.0) 39 619 580 NL 826 (82.2) 179 (17.8) 56 1061 1005 PT 671 (76.5) 206 (23.5) 122 999 877 SE 791 (82.1) 173 (17.9) 36 1000 964 N Sum 11720 3384 1025 16129 N Valid Sum 11720 3384 15104 printed 24.01.2012 page 89 Eurobarometer 55.2 - May-June 2001,GESIS Variable Report,115,ZA3509
v85,v85 1 2 3 N Sum N Valid Sum,Q8 SCIENTIFIC KNOWL: CENTRE OF EARTH,isocntry M AT 943 (98.2) 17 (1.8) 59 1019 960 BE 896 (95.4) 43 (4.6) 119 1058 939 DE-E 916 (96.9) 29 (3.1) 80 1025 945 DE-W 916 (97.7) 22 (2.3) 74 1012 938 DK 935 (98.3) 16 (1.7) 49 1000 951 ES 873 (97.2) 25 (2.8) 102 1000 898 FI 879 (93.6) 60 (6.4) 84 1023 939 FR 893 (95.3) 44 (4.7) 68 1005 937 GB-GBN 908 (97.0) 28 (3.0) 64 1000 936 GB-NIR 266 (96.7) 9 (3.3) 28 303 275 GR 823 (95.5) 39 (4.5) 142 1004 862 IE 812 (92.4) 67 (7.6) 127 1006 879 IT 855 (95.1) 44 (4.9) 96 995 899 LU 524 (93.1) 39 (6.9) 56 619 563 NL 970 (95.4) 47 (4.6) 44 1061 1017 PT 760 (89.1) 93 (10.9) 147 1000 853 SE 903 (95.7) 41 (4.3) 55 999 944 N Sum 14072 663 1394 16129 N Valid Sum 14072 663 14735 printed 24.01.2012 page 90 Eurobarometer 55.2 - May-June 2001,isocntry M AT 943 (98.2) 17 (1.8) 59 1019 960 BE 896 (95.4) 43 (4.6) 119 1058 939 DE-E 916 (96.9) 29 (3.1) 80 1025 945 DE-W 916 (97.7) 22 (2.3) 74 1012 938 DK 935 (98.3) 16 (1.7) 49 1000 951 ES 873 (97.2) 25 (2.8) 102 1000 898 FI 879 (93.6) 60 (6.4) 84 1023 939 FR 893 (95.3) 44 (4.7) 68 1005 937 GB-GBN 908 (97.0) 28 (3.0) 64 1000 936 GB-NIR 266 (96.7) 9 (3.3) 28 303 275 GR 823 (95.5) 39 (4.5) 142 1004 862 IE 812 (92.4) 67 (7.6) 127 1006 879 IT 855 (95.1) 44 (4.9) 96 995 899 LU 524 (93.1) 39 (6.9) 56 619 563 NL 970 (95.4) 47 (4.6) 44 1061 1017 PT 760 (89.1) 93 (10.9) 147 1000 853 SE 903 (95.7) 41 (4.3) 55 999 944 N Sum 14072 663 1394 16129 N Valid Sum 14072 663 14735 printed 24.01.2012 page 90 Eurobarometer 55.2 - May-June 2001,GESIS Variable Report,116,ZA3509
v86,v86 1 2 3 N Sum N Valid Sum,Q8 SCIENTIFIC KNOWL: OXYGEN FROM PLANTS,isocntry M AT 904 (94.3) 55 (5.7) 60 1019 959 BE 646 (69.5) 283 (30.5) 128 1057 929 DE-E 848 (90.3) 91 (9.7) 86 1025 939 DE-W 836 (89.6) 97 (10.4) 80 1013 933 DK 880 (92.7) 69 (7.3) 51 1000 949 ES 769 (84.3) 143 (15.7) 89 1001 912 FI 843 (87.9) 116 (12.1) 63 1022 959 FR 769 (80.5) 186 (19.5) 49 1004 955 GB-GBN 793 (85.2) 138 (14.8) 69 1000 931 GB-NIR 241 (87.6) 34 (12.4) 30 305 275 GR 849 (88.6) 109 (11.4) 46 1004 958 IE 759 (85.6) 128 (14.4) 119 1006 887 IT 769 (82.3) 165 (17.7) 60 994 934 LU 529 (90.1) 58 (9.9) 31 618 587 NL 906 (87.7) 127 (12.3) 28 1061 1033 PT 862 (90.7) 88 (9.3) 50 1000 950 SE 880 (92.0) 77 (8.0) 43 1000 957 N Sum 13083 1964 1082 16129 N Valid Sum 13083 1964 15047 printed 24.01.2012 page 91 Eurobarometer 55.2 - May-June 2001,isocntry M AT 904 (94.3) 55 (5.7) 60 1019 959 BE 646 (69.5) 283 (30.5) 128 1057 929 DE-E 848 (90.3) 91 (9.7) 86 1025 939 DE-W 836 (89.6) 97 (10.4) 80 1013 933 DK 880 (92.7) 69 (7.3) 51 1000 949 ES 769 (84.3) 143 (15.7) 89 1001 912 FI 843 (87.9) 116 (12.1) 63 1022 959 FR 769 (80.5) 186 (19.5) 49 1004 955 GB-GBN 793 (85.2) 138 (14.8) 69 1000 931 GB-NIR 241 (87.6) 34 (12.4) 30 305 275 GR 849 (88.6) 109 (11.4) 46 1004 958 IE 759 (85.6) 128 (14.4) 119 1006 887 IT 769 (82.3) 165 (17.7) 60 994 934 LU 529 (90.1) 58 (9.9) 31 618 587 NL 906 (87.7) 127 (12.3) 28 1061 1033 PT 862 (90.7) 88 (9.3) 50 1000 950 SE 880 (92.0) 77 (8.0) 43 1000 957 N Sum 13083 1964 1082 16129 N Valid Sum 13083 1964 15047 printed 24.01.2012 page 91 Eurobarometer 55.2 - May-June 2001,GESIS Variable Report,117,ZA3509
v87,v87 1 2 3 N Sum N Valid Sum,Q8 SCIENTIFIC KNOWL: RADIOACTIVE MILK,isocntry M AT 96 (11.3) 757 (88.7) 166 1019 853 BE 133 (16.1) 691 (83.9) 233 1057 824 DE-E 78 (9.3) 761 (90.7) 188 1027 839 DE-W 114 (13.5) 732 (86.5) 166 1012 846 DK 69 (9.4) 667 (90.6) 264 1000 736 ES 201 (35.6) 364 (64.4) 435 1000 565 FI 61 (7.2) 791 (92.8) 170 1022 852 FR 125 (16.9) 613 (83.1) 267 1005 738 GB-GBN 131 (17.8) 606 (82.2) 263 1000 737 GB-NIR 35 (16.1) 182 (83.9) 87 304 217 GR 190 (21.8) 683 (78.2) 131 1004 873 IE 196 (27.5) 517 (72.5) 293 1006 713 IT 68 (8.8) 708 (91.2) 219 995 776 LU 67 (13.4) 432 (86.6) 120 619 499 NL 86 (9.3) 836 (90.7) 139 1061 922 PT 188 (29.0) 461 (71.0) 351 1000 649 SE 36 (4.3) 806 (95.7) 158 1000 842 N Sum 1874 10607 3650 16131 N Valid Sum 1874 10607 12481 printed 24.01.2012 page 92 Eurobarometer 55.2 - May-June 2001,isocntry M AT 96 (11.3) 757 (88.7) 166 1019 853 BE 133 (16.1) 691 (83.9) 233 1057 824 DE-E 78 (9.3) 761 (90.7) 188 1027 839 DE-W 114 (13.5) 732 (86.5) 166 1012 846 DK 69 (9.4) 667 (90.6) 264 1000 736 ES 201 (35.6) 364 (64.4) 435 1000 565 FI 61 (7.2) 791 (92.8) 170 1022 852 FR 125 (16.9) 613 (83.1) 267 1005 738 GB-GBN 131 (17.8) 606 (82.2) 263 1000 737 GB-NIR 35 (16.1) 182 (83.9) 87 304 217 GR 190 (21.8) 683 (78.2) 131 1004 873 IE 196 (27.5) 517 (72.5) 293 1006 713 IT 68 (8.8) 708 (91.2) 219 995 776 LU 67 (13.4) 432 (86.6) 120 619 499 NL 86 (9.3) 836 (90.7) 139 1061 922 PT 188 (29.0) 461 (71.0) 351 1000 649 SE 36 (4.3) 806 (95.7) 158 1000 842 N Sum 1874 10607 3650 16131 N Valid Sum 1874 10607 12481 printed 24.01.2012 page 92 Eurobarometer 55.2 - May-June 2001,GESIS Variable Report,118,ZA3509
v88,v88 1 2 3 N Sum N Valid Sum,Q8 SCIENTIFIC KNOWL: ELECTRONS/ATOMS,isocntry M AT 305 (44.6) 379 (55.4) 335 1019 684 BE 456 (65.6) 239 (34.4) 363 1058 695 DE-E 466 (65.1) 250 (34.9) 309 1025 716 DE-W 338 (50.1) 337 (49.9) 337 1012 675 DK 419 (59.7) 283 (40.3) 298 1000 702 ES 424 (73.7) 151 (26.3) 425 1000 575 FI 458 (59.5) 312 (40.5) 252 1022 770 FR 466 (73.5) 168 (26.5) 370 1004 634 GB-GBN 407 (61.4) 256 (38.6) 337 1000 663 GB-NIR 78 (50.3) 77 (49.7) 149 304 155 GR 390 (70.5) 163 (29.5) 451 1004 553 IE 313 (60.5) 204 (39.5) 489 1006 517 IT 465 (76.0) 147 (24.0) 383 995 612 LU 221 (56.4) 171 (43.6) 227 619 392 NL 482 (56.8) 367 (43.2) 211 1060 849 PT 292 (70.7) 121 (29.3) 587 1000 413 SE 464 (56.3) 360 (43.7) 176 1000 824 N Sum 6444 3985 5699 16128 N Valid Sum 6444 3985 10429 printed 24.01.2012 page 93 Eurobarometer 55.2 - May-June 2001,isocntry M AT 305 (44.6) 379 (55.4) 335 1019 684 BE 456 (65.6) 239 (34.4) 363 1058 695 DE-E 466 (65.1) 250 (34.9) 309 1025 716 DE-W 338 (50.1) 337 (49.9) 337 1012 675 DK 419 (59.7) 283 (40.3) 298 1000 702 ES 424 (73.7) 151 (26.3) 425 1000 575 FI 458 (59.5) 312 (40.5) 252 1022 770 FR 466 (73.5) 168 (26.5) 370 1004 634 GB-GBN 407 (61.4) 256 (38.6) 337 1000 663 GB-NIR 78 (50.3) 77 (49.7) 149 304 155 GR 390 (70.5) 163 (29.5) 451 1004 553 IE 313 (60.5) 204 (39.5) 489 1006 517 IT 465 (76.0) 147 (24.0) 383 995 612 LU 221 (56.4) 171 (43.6) 227 619 392 NL 482 (56.8) 367 (43.2) 211 1060 849 PT 292 (70.7) 121 (29.3) 587 1000 413 SE 464 (56.3) 360 (43.7) 176 1000 824 N Sum 6444 3985 5699 16128 N Valid Sum 6444 3985 10429 printed 24.01.2012 page 93 Eurobarometer 55.2 - May-June 2001,GESIS Variable Report,119,ZA3509
v89,v89 1 2 3 N Sum N Valid Sum,Q8 SCIENTIFIC KNOWL: MOVING OF CONTINENTS,isocntry M AT 820 (91.0) 81 (9.0) 118 1019 901 BE 798 (88.6) 103 (11.4) 157 1058 901 DE-E 860 (95.9) 37 (4.1) 129 1026 897 DE-W 854 (94.4) 51 (5.6) 107 1012 905 DK 923 (97.7) 22 (2.3) 55 1000 945 ES 779 (91.1) 76 (8.9) 145 1000 855 FI 867 (93.2) 63 (6.8) 92 1022 930 FR 868 (94.8) 48 (5.2) 88 1004 916 GB-GBN 829 (94.4) 49 (5.6) 122 1000 878 GB-NIR 250 (96.2) 10 (3.8) 43 303 260 GR 761 (92.7) 60 (7.3) 183 1004 821 IE 722 (92.6) 58 (7.4) 226 1006 780 IT 753 (93.2) 55 (6.8) 187 995 808 LU 503 (93.5) 35 (6.5) 81 619 538 NL 966 (96.5) 35 (3.5) 60 1061 1001 PT 670 (88.0) 91 (12.0) 239 1000 761 SE 914 (96.8) 30 (3.2) 56 1000 944 N Sum 13137 904 2088 16129 N Valid Sum 13137 904 14041 printed 24.01.2012 page 94 Eurobarometer 55.2 - May-June 2001,isocntry M AT 820 (91.0) 81 (9.0) 118 1019 901 BE 798 (88.6) 103 (11.4) 157 1058 901 DE-E 860 (95.9) 37 (4.1) 129 1026 897 DE-W 854 (94.4) 51 (5.6) 107 1012 905 DK 923 (97.7) 22 (2.3) 55 1000 945 ES 779 (91.1) 76 (8.9) 145 1000 855 FI 867 (93.2) 63 (6.8) 92 1022 930 FR 868 (94.8) 48 (5.2) 88 1004 916 GB-GBN 829 (94.4) 49 (5.6) 122 1000 878 GB-NIR 250 (96.2) 10 (3.8) 43 303 260 GR 761 (92.7) 60 (7.3) 183 1004 821 IE 722 (92.6) 58 (7.4) 226 1006 780 IT 753 (93.2) 55 (6.8) 187 995 808 LU 503 (93.5) 35 (6.5) 81 619 538 NL 966 (96.5) 35 (3.5) 60 1061 1001 PT 670 (88.0) 91 (12.0) 239 1000 761 SE 914 (96.8) 30 (3.2) 56 1000 944 N Sum 13137 904 2088 16129 N Valid Sum 13137 904 14041 printed 24.01.2012 page 94 Eurobarometer 55.2 - May-June 2001,GESIS Variable Report,120,ZA3509
v90,v90 1 2 3 N Sum N Valid Sum,Q8 SCIENTIFIC KNOWL: GENE DECIDE ON SEX,isocntry M AT 410 (52.8) 366 (47.2) 243 1019 776 BE 514 (60.7) 333 (39.3) 212 1059 847 DE-E 487 (63.2) 284 (36.8) 255 1026 771 DE-W 389 (52.7) 349 (47.3) 273 1011 738 DK 405 (50.5) 397 (49.5) 197 999 802 ES 389 (52.9) 347 (47.1) 264 1000 736 FI 525 (61.8) 325 (38.2) 172 1022 850 FR 544 (65.9) 281 (34.1) 179 1004 825 GB-GBN 507 (63.3) 294 (36.7) 199 1000 801 GB-NIR 171 (73.1) 63 (26.9) 70 304 234 GR 625 (78.0) 176 (22.0) 203 1004 801 IE 554 (74.8) 187 (25.2) 264 1005 741 IT 582 (72.0) 226 (28.0) 187 995 808 LU 295 (60.6) 192 (39.4) 132 619 487 NL 406 (45.2) 493 (54.8) 162 1061 899 PT 508 (70.9) 209 (29.1) 283 1000 717 SE 438 (51.7) 409 (48.3) 153 1000 847 N Sum 7749 4931 3448 16128 N Valid Sum 7749 4931 12680 printed 24.01.2012 page 95 Eurobarometer 55.2 - May-June 2001,isocntry M AT 410 (52.8) 366 (47.2) 243 1019 776 BE 514 (60.7) 333 (39.3) 212 1059 847 DE-E 487 (63.2) 284 (36.8) 255 1026 771 DE-W 389 (52.7) 349 (47.3) 273 1011 738 DK 405 (50.5) 397 (49.5) 197 999 802 ES 389 (52.9) 347 (47.1) 264 1000 736 FI 525 (61.8) 325 (38.2) 172 1022 850 FR 544 (65.9) 281 (34.1) 179 1004 825 GB-GBN 507 (63.3) 294 (36.7) 199 1000 801 GB-NIR 171 (73.1) 63 (26.9) 70 304 234 GR 625 (78.0) 176 (22.0) 203 1004 801 IE 554 (74.8) 187 (25.2) 264 1005 741 IT 582 (72.0) 226 (28.0) 187 995 808 LU 295 (60.6) 192 (39.4) 132 619 487 NL 406 (45.2) 493 (54.8) 162 1061 899 PT 508 (70.9) 209 (29.1) 283 1000 717 SE 438 (51.7) 409 (48.3) 153 1000 847 N Sum 7749 4931 3448 16128 N Valid Sum 7749 4931 12680 printed 24.01.2012 page 95 Eurobarometer 55.2 - May-June 2001,GESIS Variable Report,121,ZA3509
v91,v91 1 2 3 N Sum N Valid Sum,Q8 SCIENTIFIC KNOWL: EARLST HUMAN BEINGS,isocntry M AT 111 (13.9) 685 (86.1) 222 1018 796 BE 293 (33.8) 573 (66.2) 192 1058 866 DE-E 86 (10.9) 706 (89.1) 234 1026 792 DE-W 134 (17.8) 617 (82.2) 261 1012 751 DK 158 (18.9) 679 (81.1) 163 1000 837 ES 260 (34.1) 503 (65.9) 236 999 763 FI 166 (20.1) 661 (79.9) 195 1022 827 FR 255 (29.3) 615 (70.7) 134 1004 870 GB-GBN 207 (25.0) 622 (75.0) 171 1000 829 GB-NIR 78 (33.8) 153 (66.2) 72 303 231 GR 323 (42.7) 433 (57.3) 248 1004 756 IE 297 (42.6) 401 (57.4) 307 1005 698 IT 226 (28.8) 558 (71.2) 211 995 784 LU 89 (17.8) 410 (82.2) 121 620 499 NL 164 (17.9) 754 (82.1) 143 1061 918 PT 238 (34.4) 454 (65.6) 308 1000 692 SE 114 (12.8) 779 (87.2) 107 1000 893 N Sum 3199 9603 3325 16127 N Valid Sum 3199 9603 12802 printed 24.01.2012 page 96 Eurobarometer 55.2 - May-June 2001,isocntry M AT 111 (13.9) 685 (86.1) 222 1018 796 BE 293 (33.8) 573 (66.2) 192 1058 866 DE-E 86 (10.9) 706 (89.1) 234 1026 792 DE-W 134 (17.8) 617 (82.2) 261 1012 751 DK 158 (18.9) 679 (81.1) 163 1000 837 ES 260 (34.1) 503 (65.9) 236 999 763 FI 166 (20.1) 661 (79.9) 195 1022 827 FR 255 (29.3) 615 (70.7) 134 1004 870 GB-GBN 207 (25.0) 622 (75.0) 171 1000 829 GB-NIR 78 (33.8) 153 (66.2) 72 303 231 GR 323 (42.7) 433 (57.3) 248 1004 756 IE 297 (42.6) 401 (57.4) 307 1005 698 IT 226 (28.8) 558 (71.2) 211 995 784 LU 89 (17.8) 410 (82.2) 121 620 499 NL 164 (17.9) 754 (82.1) 143 1061 918 PT 238 (34.4) 454 (65.6) 308 1000 692 SE 114 (12.8) 779 (87.2) 107 1000 893 N Sum 3199 9603 3325 16127 N Valid Sum 3199 9603 12802 printed 24.01.2012 page 96 Eurobarometer 55.2 - May-June 2001,GESIS Variable Report,122,ZA3509
v92,v92 1 2 3 N Sum N Valid Sum,Q8 SCIENTIFIC KNOWL: ANTIBIOTICS,isocntry M AT 372 (47.6) 409 (52.4) 237 1018 781 BE 443 (51.3) 421 (48.7) 194 1058 864 DE-E 494 (65.0) 266 (35.0) 267 1027 760 DE-W 458 (57.5) 339 (42.5) 215 1012 797 DK 370 (41.0) 532 (59.0) 98 1000 902 ES 459 (63.1) 268 (36.9) 273 1000 727 FI 155 (17.9) 710 (82.1) 157 1022 865 FR 437 (51.1) 418 (48.9) 150 1005 855 GB-GBN 386 (45.1) 470 (54.9) 143 999 856 GB-NIR 143 (57.0) 108 (43.0) 53 304 251 GR 626 (73.6) 225 (26.4) 154 1005 851 IE 411 (50.7) 399 (49.3) 196 1006 810 IT 353 (45.3) 426 (54.7) 216 995 779 LU 304 (56.4) 235 (43.6) 81 620 539 NL 308 (32.5) 640 (67.5) 114 1062 948 PT 557 (73.8) 198 (26.2) 245 1000 755 SE 200 (21.4) 734 (78.6) 66 1000 934 N Sum 6476 6798 2859 16133 N Valid Sum 6476 6798 13274 printed 24.01.2012 page 97 Eurobarometer 55.2 - May-June 2001,isocntry M AT 372 (47.6) 409 (52.4) 237 1018 781 BE 443 (51.3) 421 (48.7) 194 1058 864 DE-E 494 (65.0) 266 (35.0) 267 1027 760 DE-W 458 (57.5) 339 (42.5) 215 1012 797 DK 370 (41.0) 532 (59.0) 98 1000 902 ES 459 (63.1) 268 (36.9) 273 1000 727 FI 155 (17.9) 710 (82.1) 157 1022 865 FR 437 (51.1) 418 (48.9) 150 1005 855 GB-GBN 386 (45.1) 470 (54.9) 143 999 856 GB-NIR 143 (57.0) 108 (43.0) 53 304 251 GR 626 (73.6) 225 (26.4) 154 1005 851 IE 411 (50.7) 399 (49.3) 196 1006 810 IT 353 (45.3) 426 (54.7) 216 995 779 LU 304 (56.4) 235 (43.6) 81 620 539 NL 308 (32.5) 640 (67.5) 114 1062 948 PT 557 (73.8) 198 (26.2) 245 1000 755 SE 200 (21.4) 734 (78.6) 66 1000 934 N Sum 6476 6798 2859 16133 N Valid Sum 6476 6798 13274 printed 24.01.2012 page 97 Eurobarometer 55.2 - May-June 2001,GESIS Variable Report,123,ZA3509
v93,v93 1 2 3 N Sum N Valid Sum,Q8 SCIENTIFIC KNOWL: LASER,isocntry M AT 356 (49.2) 367 (50.8) 296 1019 723 BE 302 (44.9) 371 (55.1) 384 1057 673 DE-E 327 (48.6) 346 (51.4) 353 1026 673 DE-W 383 (54.8) 316 (45.2) 312 1011 699 DK 217 (32.1) 458 (67.9) 324 999 675 ES 258 (50.1) 257 (49.9) 486 1001 515 FI 202 (30.7) 455 (69.3) 365 1022 657 FR 272 (42.8) 363 (57.2) 368 1003 635 GB-GBN 274 (40.8) 397 (59.2) 329 1000 671 GB-NIR 83 (48.3) 89 (51.7) 131 303 172 GR 273 (54.8) 225 (45.2) 506 1004 498 IE 323 (58.7) 227 (41.3) 457 1007 550 IT 125 (25.6) 364 (74.4) 506 995 489 LU 129 (37.5) 215 (62.5) 274 618 344 NL 257 (30.9) 574 (69.1) 230 1061 831 PT 219 (49.3) 225 (50.7) 556 1000 444 SE 230 (26.9) 624 (73.1) 147 1001 854 N Sum 4230 5873 6024 16127 N Valid Sum 4230 5873 10103 printed 24.01.2012 page 98 Eurobarometer 55.2 - May-June 2001,isocntry M AT 356 (49.2) 367 (50.8) 296 1019 723 BE 302 (44.9) 371 (55.1) 384 1057 673 DE-E 327 (48.6) 346 (51.4) 353 1026 673 DE-W 383 (54.8) 316 (45.2) 312 1011 699 DK 217 (32.1) 458 (67.9) 324 999 675 ES 258 (50.1) 257 (49.9) 486 1001 515 FI 202 (30.7) 455 (69.3) 365 1022 657 FR 272 (42.8) 363 (57.2) 368 1003 635 GB-GBN 274 (40.8) 397 (59.2) 329 1000 671 GB-NIR 83 (48.3) 89 (51.7) 131 303 172 GR 273 (54.8) 225 (45.2) 506 1004 498 IE 323 (58.7) 227 (41.3) 457 1007 550 IT 125 (25.6) 364 (74.4) 506 995 489 LU 129 (37.5) 215 (62.5) 274 618 344 NL 257 (30.9) 574 (69.1) 230 1061 831 PT 219 (49.3) 225 (50.7) 556 1000 444 SE 230 (26.9) 624 (73.1) 147 1001 854 N Sum 4230 5873 6024 16127 N Valid Sum 4230 5873 10103 printed 24.01.2012 page 98 Eurobarometer 55.2 - May-June 2001,GESIS Variable Report,124,ZA3509
v94,v94 1 2 3 N Sum N Valid Sum,Q8 SCIENTIFIC KNOWL: RADIOACTIVITY,isocntry M AT 250 (31.0) 557 (69.0) 212 1019 807 BE 355 (41.9) 493 (58.1) 209 1057 848 DE-E 281 (33.8) 551 (66.2) 194 1026 832 DE-W 284 (33.6) 562 (66.4) 166 1012 846 DK 206 (23.1) 685 (76.9) 109 1000 891 ES 255 (35.2) 470 (64.8) 275 1000 725 FI 206 (23.1) 684 (76.9) 132 1022 890 FR 295 (37.6) 490 (62.4) 219 1004 785 GB-GBN 218 (27.7) 569 (72.3) 213 1000 787 GB-NIR 63 (29.6) 150 (70.4) 91 304 213 GR 524 (64.7) 286 (35.3) 193 1003 810 IE 234 (34.9) 436 (65.1) 336 1006 670 IT 230 (30.8) 517 (69.2) 248 995 747 LU 203 (40.4) 300 (59.6) 116 619 503 NL 201 (20.7) 769 (79.3) 91 1061 970 PT 438 (66.8) 218 (33.2) 344 1000 656 SE 156 (17.2) 750 (82.8) 95 1001 906 N Sum 4399 8487 3243 16129 N Valid Sum 4399 8487 12886 printed 24.01.2012 page 99 Eurobarometer 55.2 - May-June 2001,isocntry M AT 250 (31.0) 557 (69.0) 212 1019 807 BE 355 (41.9) 493 (58.1) 209 1057 848 DE-E 281 (33.8) 551 (66.2) 194 1026 832 DE-W 284 (33.6) 562 (66.4) 166 1012 846 DK 206 (23.1) 685 (76.9) 109 1000 891 ES 255 (35.2) 470 (64.8) 275 1000 725 FI 206 (23.1) 684 (76.9) 132 1022 890 FR 295 (37.6) 490 (62.4) 219 1004 785 GB-GBN 218 (27.7) 569 (72.3) 213 1000 787 GB-NIR 63 (29.6) 150 (70.4) 91 304 213 GR 524 (64.7) 286 (35.3) 193 1003 810 IE 234 (34.9) 436 (65.1) 336 1006 670 IT 230 (30.8) 517 (69.2) 248 995 747 LU 203 (40.4) 300 (59.6) 116 619 503 NL 201 (20.7) 769 (79.3) 91 1061 970 PT 438 (66.8) 218 (33.2) 344 1000 656 SE 156 (17.2) 750 (82.8) 95 1001 906 N Sum 4399 8487 3243 16129 N Valid Sum 4399 8487 12886 printed 24.01.2012 page 99 Eurobarometer 55.2 - May-June 2001,GESIS Variable Report,125,ZA3509
v95,v95 1 2 3 N Sum N Valid Sum,Q8 SCIENTIFIC KNOWL: HUMAN SPEC DEVELOPMNT,isocntry M AT 573 (68.7) 261 (31.3) 186 1020 834 BE 596 (69.1) 267 (30.9) 196 1059 863 DE-E 790 (89.1) 97 (10.9) 139 1026 887 DE-W 618 (75.4) 202 (24.6) 193 1013 820 DK 791 (85.1) 139 (14.9) 70 1000 930 ES 742 (85.4) 127 (14.6) 131 1000 869 FI 667 (75.6) 215 (24.4) 140 1022 882 FR 747 (84.9) 133 (15.1) 124 1004 880 GB-GBN 728 (83.4) 145 (16.6) 127 1000 873 GB-NIR 187 (70.8) 77 (29.2) 40 304 264 GR 494 (58.4) 352 (41.6) 157 1003 846 IE 695 (84.1) 131 (15.9) 180 1006 826 IT 698 (84.2) 131 (15.8) 167 996 829 LU 356 (68.2) 166 (31.8) 97 619 522 NL 680 (71.4) 273 (28.6) 108 1061 953 PT 633 (78.9) 169 (21.1) 198 1000 802 SE 721 (78.7) 195 (21.3) 85 1001 916 N Sum 10716 3080 2338 16134 N Valid Sum 10716 3080 13796 printed 24.01.2012 page 100 Eurobarometer 55.2 - May-June 2001,isocntry M AT 573 (68.7) 261 (31.3) 186 1020 834 BE 596 (69.1) 267 (30.9) 196 1059 863 DE-E 790 (89.1) 97 (10.9) 139 1026 887 DE-W 618 (75.4) 202 (24.6) 193 1013 820 DK 791 (85.1) 139 (14.9) 70 1000 930 ES 742 (85.4) 127 (14.6) 131 1000 869 FI 667 (75.6) 215 (24.4) 140 1022 882 FR 747 (84.9) 133 (15.1) 124 1004 880 GB-GBN 728 (83.4) 145 (16.6) 127 1000 873 GB-NIR 187 (70.8) 77 (29.2) 40 304 264 GR 494 (58.4) 352 (41.6) 157 1003 846 IE 695 (84.1) 131 (15.9) 180 1006 826 IT 698 (84.2) 131 (15.8) 167 996 829 LU 356 (68.2) 166 (31.8) 97 619 522 NL 680 (71.4) 273 (28.6) 108 1061 953 PT 633 (78.9) 169 (21.1) 198 1000 802 SE 721 (78.7) 195 (21.3) 85 1001 916 N Sum 10716 3080 2338 16134 N Valid Sum 10716 3080 13796 printed 24.01.2012 page 100 Eurobarometer 55.2 - May-June 2001,GESIS Variable Report,126,ZA3509
v96,v96 1 2 3 N Sum N Valid Sum,Q8 SCIENTIFIC KNOWL: SUN AROUND EARTH,isocntry M AT 171 (18.7) 742 (81.3) 106 1019 913 BE 353 (36.8) 607 (63.2) 98 1058 960 DE-E 219 (23.4) 717 (76.6) 90 1026 936 DE-W 257 (27.4) 681 (72.6) 74 1012 938 DK 280 (28.9) 688 (71.1) 32 1000 968 ES 254 (28.0) 653 (72.0) 93 1000 907 FI 227 (23.3) 749 (76.7) 46 1022 976 FR 343 (35.5) 623 (64.5) 38 1004 966 GB-GBN 341 (37.8) 560 (62.2) 99 1000 901 GB-NIR 110 (40.7) 160 (59.3) 33 303 270 GR 400 (43.6) 517 (56.4) 87 1004 917 IE 388 (46.1) 453 (53.9) 165 1006 841 IT 108 (11.5) 829 (88.5) 57 994 937 LU 154 (26.1) 435 (73.9) 29 618 589 NL 248 (24.0) 786 (76.0) 28 1062 1034 PT 336 (36.9) 574 (63.1) 89 999 910 SE 159 (16.4) 811 (83.6) 31 1001 970 N Sum 4348 10585 1195 16128 N Valid Sum 4348 10585 14933 printed 24.01.2012 page 101 Eurobarometer 55.2 - May-June 2001,isocntry M AT 171 (18.7) 742 (81.3) 106 1019 913 BE 353 (36.8) 607 (63.2) 98 1058 960 DE-E 219 (23.4) 717 (76.6) 90 1026 936 DE-W 257 (27.4) 681 (72.6) 74 1012 938 DK 280 (28.9) 688 (71.1) 32 1000 968 ES 254 (28.0) 653 (72.0) 93 1000 907 FI 227 (23.3) 749 (76.7) 46 1022 976 FR 343 (35.5) 623 (64.5) 38 1004 966 GB-GBN 341 (37.8) 560 (62.2) 99 1000 901 GB-NIR 110 (40.7) 160 (59.3) 33 303 270 GR 400 (43.6) 517 (56.4) 87 1004 917 IE 388 (46.1) 453 (53.9) 165 1006 841 IT 108 (11.5) 829 (88.5) 57 994 937 LU 154 (26.1) 435 (73.9) 29 618 589 NL 248 (24.0) 786 (76.0) 28 1062 1034 PT 336 (36.9) 574 (63.1) 89 999 910 SE 159 (16.4) 811 (83.6) 31 1001 970 N Sum 4348 10585 1195 16128 N Valid Sum 4348 10585 14933 printed 24.01.2012 page 101 Eurobarometer 55.2 - May-June 2001,GESIS Variable Report,127,ZA3509
v97,v97 1 2 3 N Sum N Valid Sum,Q8 SCIENTIFIC KNOWL: EARTH AROUND SUN,isocntry M AT 259 (31.4) 567 (68.6) 193 1019 826 BE 251 (30.0) 585 (70.0) 222 1058 836 DE-E 232 (28.0) 597 (72.0) 198 1027 829 DE-W 298 (38.5) 476 (61.5) 237 1011 774 DK 213 (27.2) 569 (72.8) 218 1000 782 ES 139 (17.3) 664 (82.7) 197 1000 803 FI 248 (27.8) 644 (72.2) 130 1022 892 FR 223 (26.9) 605 (73.1) 176 1004 828 GB-GBN 230 (31.0) 512 (69.0) 258 1000 742 GB-NIR 87 (40.5) 128 (59.5) 89 304 215 GR 327 (42.8) 437 (57.2) 239 1003 764 IE 290 (42.3) 396 (57.7) 320 1006 686 IT 218 (27.4) 579 (72.6) 198 995 797 LU 116 (22.8) 393 (77.2) 110 619 509 NL 224 (23.8) 719 (76.2) 119 1062 943 PT 175 (24.1) 552 (75.9) 273 1000 727 SE 141 (16.1) 735 (83.9) 124 1000 876 N Sum 3671 9158 3301 16130 N Valid Sum 3671 9158 12829 printed 24.01.2012 page 102 Eurobarometer 55.2 - May-June 2001,isocntry M AT 259 (31.4) 567 (68.6) 193 1019 826 BE 251 (30.0) 585 (70.0) 222 1058 836 DE-E 232 (28.0) 597 (72.0) 198 1027 829 DE-W 298 (38.5) 476 (61.5) 237 1011 774 DK 213 (27.2) 569 (72.8) 218 1000 782 ES 139 (17.3) 664 (82.7) 197 1000 803 FI 248 (27.8) 644 (72.2) 130 1022 892 FR 223 (26.9) 605 (73.1) 176 1004 828 GB-GBN 230 (31.0) 512 (69.0) 258 1000 742 GB-NIR 87 (40.5) 128 (59.5) 89 304 215 GR 327 (42.8) 437 (57.2) 239 1003 764 IE 290 (42.3) 396 (57.7) 320 1006 686 IT 218 (27.4) 579 (72.6) 198 995 797 LU 116 (22.8) 393 (77.2) 110 619 509 NL 224 (23.8) 719 (76.2) 119 1062 943 PT 175 (24.1) 552 (75.9) 273 1000 727 SE 141 (16.1) 735 (83.9) 124 1000 876 N Sum 3671 9158 3301 16130 N Valid Sum 3671 9158 12829 printed 24.01.2012 page 102 Eurobarometer 55.2 - May-June 2001,GESIS Variable Report,128,ZA3509
v98,,Q9 SCIENTIFIC APPROACH - TESTING DRUGS,,Q9 SCIENTIFIC APPROACH - TESTING DRUGS,GESIS Variable Report,129,ZA3509
v99,v99 1 2 3 4 5 N Sum N Valid Sum,Q10 SCIENTIF KNOWL DISEASE HERITABILITY,isocntry M AT 72 (9.2) 88 (11.3) 579 (74.1) 42 (5.4) 237 1018 781 BE 41 (4.5) 80 (8.8) 727 (79.5) 66 (7.2) 143 1057 914 DE-E 17 (2.1) 58 (7.2) 668 (82.6) 66 (8.2) 216 1025 809 DE-W 23 (2.7) 76 (9.1) 675 (80.6) 63 (7.5) 175 1012 837 DK 30 (3.2) 35 (3.7) 823 (88.1) 46 (4.9) 65 999 934 ES 22 (2.7) 48 (6.0) 661 (82.1) 74 (9.2) 195 1000 805 FI 21 (2.3) 41 (4.4) 826 (89.5) 35 (3.8) 100 1023 923 FR 17 (2.1) 63 (7.7) 682 (83.8) 52 (6.4) 190 1004 814 GB-GBN 28 (3.3) 63 (7.4) 728 (85.0) 37 (4.3) 144 1000 856 GB-NIR 3 (1.1) 9 (3.3) 251 (93.3) 6 (2.2) 35 304 269 GR 44 (5.4) 101 (12.3) 596 (72.8) 78 (9.5) 185 1004 819 IE 23 (2.9) 49 (6.2) 676 (85.5) 43 (5.4) 215 1006 791 IT 21 (2.6) 56 (6.9) 674 (82.8) 63 (7.7) 181 995 814 LU 9 (1.7) 26 (4.8) 455 (84.6) 48 (8.9) 81 619 538 NL 13 (1.3) 39 (4.0) 894 (90.9) 38 (3.9) 77 1061 984 PT 36 (4.7) 94 (12.4) 535 (70.3) 96 (12.6) 239 1000 761 SE 14 (1.5) 51 (5.6) 819 (90.5) 21 (2.3) 95 1000 905 N Sum 434 977 11269 874 2573 16127 N Valid Sum 434 977 11269 874 13554 printed 24.01.2012 page 104 Eurobarometer 55.2 - May-June 2001,isocntry M AT 72 (9.2) 88 (11.3) 579 (74.1) 42 (5.4) 237 1018 781 BE 41 (4.5) 80 (8.8) 727 (79.5) 66 (7.2) 143 1057 914 DE-E 17 (2.1) 58 (7.2) 668 (82.6) 66 (8.2) 216 1025 809 DE-W 23 (2.7) 76 (9.1) 675 (80.6) 63 (7.5) 175 1012 837 DK 30 (3.2) 35 (3.7) 823 (88.1) 46 (4.9) 65 999 934 ES 22 (2.7) 48 (6.0) 661 (82.1) 74 (9.2) 195 1000 805 FI 21 (2.3) 41 (4.4) 826 (89.5) 35 (3.8) 100 1023 923 FR 17 (2.1) 63 (7.7) 682 (83.8) 52 (6.4) 190 1004 814 GB-GBN 28 (3.3) 63 (7.4) 728 (85.0) 37 (4.3) 144 1000 856 GB-NIR 3 (1.1) 9 (3.3) 251 (93.3) 6 (2.2) 35 304 269 GR 44 (5.4) 101 (12.3) 596 (72.8) 78 (9.5) 185 1004 819 IE 23 (2.9) 49 (6.2) 676 (85.5) 43 (5.4) 215 1006 791 IT 21 (2.6) 56 (6.9) 674 (82.8) 63 (7.7) 181 995 814 LU 9 (1.7) 26 (4.8) 455 (84.6) 48 (8.9) 81 619 538 NL 13 (1.3) 39 (4.0) 894 (90.9) 38 (3.9) 77 1061 984 PT 36 (4.7) 94 (12.4) 535 (70.3) 96 (12.6) 239 1000 761 SE 14 (1.5) 51 (5.6) 819 (90.5) 21 (2.3) 95 1000 905 N Sum 434 977 11269 874 2573 16127 N Valid Sum 434 977 11269 874 13554 printed 24.01.2012 page 104 Eurobarometer 55.2 - May-June 2001,GESIS Variable Report,130,ZA3509
v100,v100 1 2 3 N Sum N Valid Sum,Q11 UNDERSTANDING: AIR POLLUTION,isocntry M AT 945 (94.2) 58 (5.8) 16 1019 1003 BE 939 (90.7) 96 (9.3) 22 1057 1035 DE-E 955 (95.1) 49 (4.9) 21 1025 1004 DE-W 913 (93.2) 67 (6.8) 32 1012 980 DK 910 (92.1) 78 (7.9) 12 1000 988 ES 632 (65.1) 339 (34.9) 30 1001 971 FI 931 (93.2) 68 (6.8) 23 1022 999 FR 860 (86.8) 131 (13.2) 13 1004 991 GB-GBN 795 (84.2) 149 (15.8) 56 1000 944 GB-NIR 238 (80.7) 57 (19.3) 9 304 295 GR 953 (95.5) 45 (4.5) 6 1004 998 IE 751 (79.1) 199 (20.9) 56 1006 950 IT 903 (92.2) 76 (7.8) 16 995 979 LU 548 (90.0) 61 (10.0) 10 619 609 NL 947 (90.8) 96 (9.2) 17 1060 1043 PT 903 (91.1) 88 (8.9) 10 1001 991 SE 920 (93.6) 63 (6.4) 17 1000 983 N Sum 14043 1720 366 16129 N Valid Sum 14043 1720 15763 printed 24.01.2012 page 105 Eurobarometer 55.2 - May-June 2001,isocntry M AT 945 (94.2) 58 (5.8) 16 1019 1003 BE 939 (90.7) 96 (9.3) 22 1057 1035 DE-E 955 (95.1) 49 (4.9) 21 1025 1004 DE-W 913 (93.2) 67 (6.8) 32 1012 980 DK 910 (92.1) 78 (7.9) 12 1000 988 ES 632 (65.1) 339 (34.9) 30 1001 971 FI 931 (93.2) 68 (6.8) 23 1022 999 FR 860 (86.8) 131 (13.2) 13 1004 991 GB-GBN 795 (84.2) 149 (15.8) 56 1000 944 GB-NIR 238 (80.7) 57 (19.3) 9 304 295 GR 953 (95.5) 45 (4.5) 6 1004 998 IE 751 (79.1) 199 (20.9) 56 1006 950 IT 903 (92.2) 76 (7.8) 16 995 979 LU 548 (90.0) 61 (10.0) 10 619 609 NL 947 (90.8) 96 (9.2) 17 1060 1043 PT 903 (91.1) 88 (8.9) 10 1001 991 SE 920 (93.6) 63 (6.4) 17 1000 983 N Sum 14043 1720 366 16129 N Valid Sum 14043 1720 15763 printed 24.01.2012 page 105 Eurobarometer 55.2 - May-June 2001,GESIS Variable Report,131,ZA3509
v101,v101 1 2 3 N Sum N Valid Sum,Q11 UNDERSTANDING: GLOBAL WARMING,isocntry M AT 807 (82.4) 172 (17.6) 40 1019 979 BE 751 (75.2) 248 (24.8) 60 1059 999 DE-E 782 (79.6) 200 (20.4) 43 1025 982 DE-W 714 (76.0) 225 (24.0) 73 1012 939 DK 758 (77.4) 221 (22.6) 21 1000 979 ES 433 (44.9) 531 (55.1) 35 999 964 FI 875 (88.0) 119 (12.0) 27 1021 994 FR 773 (78.2) 215 (21.8) 15 1003 988 GB-GBN 764 (80.9) 180 (19.1) 56 1000 944 GB-NIR 220 (74.3) 76 (25.7) 8 304 296 GR 896 (90.9) 90 (9.1) 18 1004 986 IE 657 (69.8) 284 (30.2) 66 1007 941 IT 757 (79.6) 194 (20.4) 44 995 951 LU 477 (79.4) 124 (20.6) 18 619 601 NL 932 (89.1) 114 (10.9) 15 1061 1046 PT 723 (74.2) 251 (25.8) 26 1000 974 SE 653 (68.7) 298 (31.3) 49 1000 951 N Sum 11972 3542 614 16128 N Valid Sum 11972 3542 15514 printed 24.01.2012 page 106 Eurobarometer 55.2 - May-June 2001,isocntry M AT 807 (82.4) 172 (17.6) 40 1019 979 BE 751 (75.2) 248 (24.8) 60 1059 999 DE-E 782 (79.6) 200 (20.4) 43 1025 982 DE-W 714 (76.0) 225 (24.0) 73 1012 939 DK 758 (77.4) 221 (22.6) 21 1000 979 ES 433 (44.9) 531 (55.1) 35 999 964 FI 875 (88.0) 119 (12.0) 27 1021 994 FR 773 (78.2) 215 (21.8) 15 1003 988 GB-GBN 764 (80.9) 180 (19.1) 56 1000 944 GB-NIR 220 (74.3) 76 (25.7) 8 304 296 GR 896 (90.9) 90 (9.1) 18 1004 986 IE 657 (69.8) 284 (30.2) 66 1007 941 IT 757 (79.6) 194 (20.4) 44 995 951 LU 477 (79.4) 124 (20.6) 18 619 601 NL 932 (89.1) 114 (10.9) 15 1061 1046 PT 723 (74.2) 251 (25.8) 26 1000 974 SE 653 (68.7) 298 (31.3) 49 1000 951 N Sum 11972 3542 614 16128 N Valid Sum 11972 3542 15514 printed 24.01.2012 page 106 Eurobarometer 55.2 - May-June 2001,GESIS Variable Report,132,ZA3509
v102,v102 1 2 3 N Sum N Valid Sum,Q11 UNDERSTANDING: GREENHOUSE EFFECT,isocntry M AT 796 (81.4) 182 (18.6) 41 1019 978 BE 713 (70.7) 296 (29.3) 50 1059 1009 DE-E 816 (83.5) 161 (16.5) 49 1026 977 DE-W 745 (79.3) 195 (20.7) 71 1011 940 DK 867 (88.3) 115 (11.7) 17 999 982 ES 483 (50.7) 470 (49.3) 47 1000 953 FI 882 (88.8) 111 (11.2) 29 1022 993 FR 691 (71.8) 271 (28.2) 42 1004 962 GB-GBN 747 (80.0) 187 (20.0) 66 1000 934 GB-NIR 211 (72.0) 82 (28.0) 11 304 293 GR 740 (76.0) 234 (24.0) 30 1004 974 IE 598 (64.3) 332 (35.7) 76 1006 930 IT 819 (85.0) 145 (15.0) 31 995 964 LU 395 (71.4) 158 (28.6) 66 619 553 NL 972 (92.5) 79 (7.5) 10 1061 1051 PT 621 (65.0) 335 (35.0) 44 1000 956 SE 867 (88.6) 112 (11.4) 22 1001 979 N Sum 11963 3465 702 16130 N Valid Sum 11963 3465 15428 printed 24.01.2012 page 107 Eurobarometer 55.2 - May-June 2001,isocntry M AT 796 (81.4) 182 (18.6) 41 1019 978 BE 713 (70.7) 296 (29.3) 50 1059 1009 DE-E 816 (83.5) 161 (16.5) 49 1026 977 DE-W 745 (79.3) 195 (20.7) 71 1011 940 DK 867 (88.3) 115 (11.7) 17 999 982 ES 483 (50.7) 470 (49.3) 47 1000 953 FI 882 (88.8) 111 (11.2) 29 1022 993 FR 691 (71.8) 271 (28.2) 42 1004 962 GB-GBN 747 (80.0) 187 (20.0) 66 1000 934 GB-NIR 211 (72.0) 82 (28.0) 11 304 293 GR 740 (76.0) 234 (24.0) 30 1004 974 IE 598 (64.3) 332 (35.7) 76 1006 930 IT 819 (85.0) 145 (15.0) 31 995 964 LU 395 (71.4) 158 (28.6) 66 619 553 NL 972 (92.5) 79 (7.5) 10 1061 1051 PT 621 (65.0) 335 (35.0) 44 1000 956 SE 867 (88.6) 112 (11.4) 22 1001 979 N Sum 11963 3465 702 16130 N Valid Sum 11963 3465 15428 printed 24.01.2012 page 107 Eurobarometer 55.2 - May-June 2001,GESIS Variable Report,133,ZA3509
v103,v103 1 2 3 N Sum N Valid Sum,Q11 UNDERSTANDING: FUEL CELLS ENGINE,isocntry M AT 458 (48.7) 482 (51.3) 79 1019 940 BE 383 (39.2) 594 (60.8) 81 1058 977 DE-E 361 (40.1) 540 (59.9) 125 1026 901 DE-W 324 (36.4) 566 (63.6) 123 1013 890 DK 302 (33.2) 609 (66.8) 89 1000 911 ES 243 (25.7) 704 (74.3) 53 1000 947 FI 276 (28.7) 686 (71.3) 60 1022 962 FR 268 (29.5) 642 (70.5) 94 1004 910 GB-GBN 285 (33.8) 558 (66.2) 157 1000 843 GB-NIR 70 (27.5) 185 (72.5) 48 303 255 GR 674 (69.2) 300 (30.8) 30 1004 974 IE 197 (23.3) 650 (76.7) 160 1007 847 IT 464 (51.2) 442 (48.8) 89 995 906 LU 179 (33.5) 356 (66.5) 84 619 535 NL 248 (24.8) 752 (75.2) 61 1061 1000 PT 244 (27.1) 656 (72.9) 100 1000 900 SE 243 (26.4) 679 (73.6) 77 999 922 N Sum 5219 9401 1510 16130 N Valid Sum 5219 9401 14620 printed 24.01.2012 page 108 Eurobarometer 55.2 - May-June 2001,isocntry M AT 458 (48.7) 482 (51.3) 79 1019 940 BE 383 (39.2) 594 (60.8) 81 1058 977 DE-E 361 (40.1) 540 (59.9) 125 1026 901 DE-W 324 (36.4) 566 (63.6) 123 1013 890 DK 302 (33.2) 609 (66.8) 89 1000 911 ES 243 (25.7) 704 (74.3) 53 1000 947 FI 276 (28.7) 686 (71.3) 60 1022 962 FR 268 (29.5) 642 (70.5) 94 1004 910 GB-GBN 285 (33.8) 558 (66.2) 157 1000 843 GB-NIR 70 (27.5) 185 (72.5) 48 303 255 GR 674 (69.2) 300 (30.8) 30 1004 974 IE 197 (23.3) 650 (76.7) 160 1007 847 IT 464 (51.2) 442 (48.8) 89 995 906 LU 179 (33.5) 356 (66.5) 84 619 535 NL 248 (24.8) 752 (75.2) 61 1061 1000 PT 244 (27.1) 656 (72.9) 100 1000 900 SE 243 (26.4) 679 (73.6) 77 999 922 N Sum 5219 9401 1510 16130 N Valid Sum 5219 9401 14620 printed 24.01.2012 page 108 Eurobarometer 55.2 - May-June 2001,GESIS Variable Report,134,ZA3509
v104,v104 1 2 3 N Sum N Valid Sum,Q11 UNDERSTANDING: HOLES IN OZONE LAYER,isocntry M AT 748 (77.3) 220 (22.7) 52 1020 968 BE 709 (70.0) 304 (30.0) 45 1058 1013 DE-E 749 (77.3) 220 (22.7) 57 1026 969 DE-W 751 (79.3) 196 (20.7) 64 1011 947 DK 862 (87.5) 123 (12.5) 15 1000 985 ES 548 (56.7) 419 (43.3) 33 1000 967 FI 813 (82.7) 170 (17.3) 39 1022 983 FR 691 (70.4) 290 (29.6) 23 1004 981 GB-GBN 733 (78.4) 202 (21.6) 65 1000 935 GB-NIR 215 (72.6) 81 (27.4) 8 304 296 GR 774 (78.5) 212 (21.5) 19 1005 986 IE 619 (65.9) 321 (34.1) 66 1006 940 IT 794 (82.8) 165 (17.2) 35 994 959 LU 501 (83.1) 102 (16.9) 16 619 603 NL 915 (87.4) 132 (12.6) 14 1061 1047 PT 676 (70.3) 285 (29.7) 39 1000 961 SE 862 (88.1) 116 (11.9) 22 1000 978 N Sum 11960 3558 612 16130 N Valid Sum 11960 3558 15518 printed 24.01.2012 page 109 Eurobarometer 55.2 - May-June 2001,isocntry M AT 748 (77.3) 220 (22.7) 52 1020 968 BE 709 (70.0) 304 (30.0) 45 1058 1013 DE-E 749 (77.3) 220 (22.7) 57 1026 969 DE-W 751 (79.3) 196 (20.7) 64 1011 947 DK 862 (87.5) 123 (12.5) 15 1000 985 ES 548 (56.7) 419 (43.3) 33 1000 967 FI 813 (82.7) 170 (17.3) 39 1022 983 FR 691 (70.4) 290 (29.6) 23 1004 981 GB-GBN 733 (78.4) 202 (21.6) 65 1000 935 GB-NIR 215 (72.6) 81 (27.4) 8 304 296 GR 774 (78.5) 212 (21.5) 19 1005 986 IE 619 (65.9) 321 (34.1) 66 1006 940 IT 794 (82.8) 165 (17.2) 35 994 959 LU 501 (83.1) 102 (16.9) 16 619 603 NL 915 (87.4) 132 (12.6) 14 1061 1047 PT 676 (70.3) 285 (29.7) 39 1000 961 SE 862 (88.1) 116 (11.9) 22 1000 978 N Sum 11960 3558 612 16130 N Valid Sum 11960 3558 15518 printed 24.01.2012 page 109 Eurobarometer 55.2 - May-June 2001,GESIS Variable Report,135,ZA3509
v105,v105 1 2 3 N Sum N Valid Sum,Q11 UNDERSTANDING: NANOTECHNOLOGY,isocntry M AT 182 (20.3) 713 (79.7) 124 1019 895 BE 119 (13.8) 744 (86.2) 195 1058 863 DE-E 148 (18.0) 673 (82.0) 205 1026 821 DE-W 137 (16.9) 674 (83.1) 201 1012 811 DK 156 (18.5) 686 (81.5) 158 1000 842 ES 68 (7.9) 796 (92.1) 136 1000 864 FI 167 (17.5) 787 (82.5) 68 1022 954 FR 144 (18.0) 654 (82.0) 206 1004 798 GB-GBN 153 (20.8) 584 (79.2) 263 1000 737 GB-NIR 19 (8.7) 199 (91.3) 85 303 218 GR 176 (20.3) 693 (79.7) 135 1004 869 IE 104 (13.2) 683 (86.8) 219 1006 787 IT 168 (21.5) 615 (78.5) 212 995 783 LU 124 (24.9) 374 (75.1) 121 619 498 NL 143 (14.6) 836 (85.4) 82 1061 979 PT 102 (11.9) 753 (88.1) 144 999 855 SE 116 (13.6) 737 (86.4) 147 1000 853 N Sum 2226 11201 2701 16128 N Valid Sum 2226 11201 13427 printed 24.01.2012 page 110 Eurobarometer 55.2 - May-June 2001,isocntry M AT 182 (20.3) 713 (79.7) 124 1019 895 BE 119 (13.8) 744 (86.2) 195 1058 863 DE-E 148 (18.0) 673 (82.0) 205 1026 821 DE-W 137 (16.9) 674 (83.1) 201 1012 811 DK 156 (18.5) 686 (81.5) 158 1000 842 ES 68 (7.9) 796 (92.1) 136 1000 864 FI 167 (17.5) 787 (82.5) 68 1022 954 FR 144 (18.0) 654 (82.0) 206 1004 798 GB-GBN 153 (20.8) 584 (79.2) 263 1000 737 GB-NIR 19 (8.7) 199 (91.3) 85 303 218 GR 176 (20.3) 693 (79.7) 135 1004 869 IE 104 (13.2) 683 (86.8) 219 1006 787 IT 168 (21.5) 615 (78.5) 212 995 783 LU 124 (24.9) 374 (75.1) 121 619 498 NL 143 (14.6) 836 (85.4) 82 1061 979 PT 102 (11.9) 753 (88.1) 144 999 855 SE 116 (13.6) 737 (86.4) 147 1000 853 N Sum 2226 11201 2701 16128 N Valid Sum 2226 11201 13427 printed 24.01.2012 page 110 Eurobarometer 55.2 - May-June 2001,GESIS Variable Report,136,ZA3509
v106,v106 1 2 3 N Sum N Valid Sum,Q11 UNDERSTANDING: GENETIC ENGINEERING,isocntry M AT 454 (48.9) 474 (51.1) 92 1020 928 BE 421 (44.4) 528 (55.6) 109 1058 949 DE-E 476 (52.4) 433 (47.6) 117 1026 909 DE-W 460 (50.5) 451 (49.5) 101 1012 911 DK 661 (69.1) 295 (30.9) 44 1000 956 ES 213 (22.8) 721 (77.2) 67 1001 934 FI 431 (45.5) 517 (54.5) 74 1022 948 FR 467 (50.3) 461 (49.7) 75 1003 928 GB-GBN 470 (52.8) 420 (47.2) 110 1000 890 GB-NIR 128 (47.1) 144 (52.9) 32 304 272 GR 380 (41.1) 544 (58.9) 80 1004 924 IE 317 (36.9) 543 (63.1) 146 1006 860 IT 482 (53.6) 418 (46.4) 95 995 900 LU 269 (49.1) 279 (50.9) 71 619 548 NL 475 (46.6) 544 (53.4) 42 1061 1019 PT 396 (43.7) 510 (56.3) 95 1001 906 SE 526 (56.6) 404 (43.4) 70 1000 930 N Sum 7026 7686 1420 16132 N Valid Sum 7026 7686 14712 printed 24.01.2012 page 111 Eurobarometer 55.2 - May-June 2001,isocntry M AT 454 (48.9) 474 (51.1) 92 1020 928 BE 421 (44.4) 528 (55.6) 109 1058 949 DE-E 476 (52.4) 433 (47.6) 117 1026 909 DE-W 460 (50.5) 451 (49.5) 101 1012 911 DK 661 (69.1) 295 (30.9) 44 1000 956 ES 213 (22.8) 721 (77.2) 67 1001 934 FI 431 (45.5) 517 (54.5) 74 1022 948 FR 467 (50.3) 461 (49.7) 75 1003 928 GB-GBN 470 (52.8) 420 (47.2) 110 1000 890 GB-NIR 128 (47.1) 144 (52.9) 32 304 272 GR 380 (41.1) 544 (58.9) 80 1004 924 IE 317 (36.9) 543 (63.1) 146 1006 860 IT 482 (53.6) 418 (46.4) 95 995 900 LU 269 (49.1) 279 (50.9) 71 619 548 NL 475 (46.6) 544 (53.4) 42 1061 1019 PT 396 (43.7) 510 (56.3) 95 1001 906 SE 526 (56.6) 404 (43.4) 70 1000 930 N Sum 7026 7686 1420 16132 N Valid Sum 7026 7686 14712 printed 24.01.2012 page 111 Eurobarometer 55.2 - May-June 2001,GESIS Variable Report,137,ZA3509
v107,v107 1 2 3 N Sum N Valid Sum,Q11 UNDERSTANDING: GENETICLY MODIF FOOD,isocntry M AT 631 (66.4) 320 (33.6) 67 1018 951 BE 508 (52.5) 460 (47.5) 90 1058 968 DE-E 633 (67.0) 312 (33.0) 82 1027 945 DE-W 600 (64.2) 335 (35.8) 77 1012 935 DK 802 (82.5) 170 (17.5) 27 999 972 ES 341 (35.9) 609 (64.1) 50 1000 950 FI 622 (64.7) 339 (35.3) 61 1022 961 FR 618 (63.3) 358 (36.7) 28 1004 976 GB-GBN 663 (71.8) 261 (28.2) 76 1000 924 GB-NIR 190 (66.2) 97 (33.8) 17 304 287 GR 712 (73.1) 262 (26.9) 30 1004 974 IE 486 (53.2) 427 (46.8) 93 1006 913 IT 621 (66.3) 315 (33.7) 59 995 936 LU 400 (69.6) 175 (30.4) 44 619 575 NL 745 (72.1) 289 (27.9) 28 1062 1034 PT 455 (48.9) 475 (51.1) 69 999 930 SE 736 (76.7) 223 (23.3) 41 1000 959 N Sum 9763 5427 939 16129 N Valid Sum 9763 5427 15190 printed 24.01.2012 page 112 Eurobarometer 55.2 - May-June 2001,isocntry M AT 631 (66.4) 320 (33.6) 67 1018 951 BE 508 (52.5) 460 (47.5) 90 1058 968 DE-E 633 (67.0) 312 (33.0) 82 1027 945 DE-W 600 (64.2) 335 (35.8) 77 1012 935 DK 802 (82.5) 170 (17.5) 27 999 972 ES 341 (35.9) 609 (64.1) 50 1000 950 FI 622 (64.7) 339 (35.3) 61 1022 961 FR 618 (63.3) 358 (36.7) 28 1004 976 GB-GBN 663 (71.8) 261 (28.2) 76 1000 924 GB-NIR 190 (66.2) 97 (33.8) 17 304 287 GR 712 (73.1) 262 (26.9) 30 1004 974 IE 486 (53.2) 427 (46.8) 93 1006 913 IT 621 (66.3) 315 (33.7) 59 995 936 LU 400 (69.6) 175 (30.4) 44 619 575 NL 745 (72.1) 289 (27.9) 28 1062 1034 PT 455 (48.9) 475 (51.1) 69 999 930 SE 736 (76.7) 223 (23.3) 41 1000 959 N Sum 9763 5427 939 16129 N Valid Sum 9763 5427 15190 printed 24.01.2012 page 112 Eurobarometer 55.2 - May-June 2001,GESIS Variable Report,138,ZA3509
v108,v108 1 2 3 N Sum N Valid Sum,Q11 UNDERSTANDING: INTERNET,isocntry M AT 619 (64.8) 336 (35.2) 64 1019 955 BE 571 (58.3) 409 (41.7) 78 1058 980 DE-E 584 (61.9) 359 (38.1) 83 1026 943 DE-W 571 (60.9) 366 (39.1) 75 1012 937 DK 791 (81.0) 186 (19.0) 23 1000 977 ES 382 (40.2) 569 (59.8) 49 1000 951 FI 768 (78.6) 209 (21.4) 45 1022 977 FR 558 (59.1) 386 (40.9) 60 1004 944 GB-GBN 659 (71.4) 264 (28.6) 77 1000 923 GB-NIR 197 (68.4) 91 (31.6) 16 304 288 GR 520 (54.2) 439 (45.8) 45 1004 959 IE 571 (61.5) 357 (38.5) 78 1006 928 IT 585 (63.1) 342 (36.9) 68 995 927 LU 377 (65.1) 202 (34.9) 41 620 579 NL 834 (80.0) 209 (20.0) 18 1061 1043 PT 533 (55.5) 428 (44.5) 38 999 961 SE 777 (79.5) 200 (20.5) 23 1000 977 N Sum 9897 5352 881 16130 N Valid Sum 9897 5352 15249 printed 24.01.2012 page 113 Eurobarometer 55.2 - May-June 2001,isocntry M AT 619 (64.8) 336 (35.2) 64 1019 955 BE 571 (58.3) 409 (41.7) 78 1058 980 DE-E 584 (61.9) 359 (38.1) 83 1026 943 DE-W 571 (60.9) 366 (39.1) 75 1012 937 DK 791 (81.0) 186 (19.0) 23 1000 977 ES 382 (40.2) 569 (59.8) 49 1000 951 FI 768 (78.6) 209 (21.4) 45 1022 977 FR 558 (59.1) 386 (40.9) 60 1004 944 GB-GBN 659 (71.4) 264 (28.6) 77 1000 923 GB-NIR 197 (68.4) 91 (31.6) 16 304 288 GR 520 (54.2) 439 (45.8) 45 1004 959 IE 571 (61.5) 357 (38.5) 78 1006 928 IT 585 (63.1) 342 (36.9) 68 995 927 LU 377 (65.1) 202 (34.9) 41 620 579 NL 834 (80.0) 209 (20.0) 18 1061 1043 PT 533 (55.5) 428 (44.5) 38 999 961 SE 777 (79.5) 200 (20.5) 23 1000 977 N Sum 9897 5352 881 16130 N Valid Sum 9897 5352 15249 printed 24.01.2012 page 113 Eurobarometer 55.2 - May-June 2001,GESIS Variable Report,139,ZA3509
v109,v109 1 2 3 N Sum N Valid Sum,Q11 UNDERSTANDING: BSE,isocntry M AT 731 (76.0) 231 (24.0) 57 1019 962 BE 638 (66.6) 320 (33.4) 101 1059 958 DE-E 838 (86.7) 128 (13.3) 59 1025 966 DE-W 813 (85.1) 142 (14.9) 57 1012 955 DK 899 (91.3) 86 (8.7) 15 1000 985 ES 645 (67.8) 307 (32.2) 48 1000 952 FI 818 (83.3) 164 (16.7) 40 1022 982 FR 721 (73.7) 257 (26.3) 26 1004 978 GB-GBN 693 (75.6) 224 (24.4) 83 1000 917 GB-NIR 232 (78.6) 63 (21.4) 8 303 295 GR 947 (95.2) 48 (4.8) 9 1004 995 IE 617 (66.8) 306 (33.2) 83 1006 923 IT 832 (86.1) 134 (13.9) 29 995 966 LU 544 (89.8) 62 (10.2) 13 619 606 NL 980 (93.4) 69 (6.6) 12 1061 1049 PT 827 (84.6) 151 (15.4) 22 1000 978 SE 856 (88.0) 117 (12.0) 27 1000 973 N Sum 12631 2809 689 16129 N Valid Sum 12631 2809 15440 printed 24.01.2012 page 114 Eurobarometer 55.2 - May-June 2001,isocntry M AT 731 (76.0) 231 (24.0) 57 1019 962 BE 638 (66.6) 320 (33.4) 101 1059 958 DE-E 838 (86.7) 128 (13.3) 59 1025 966 DE-W 813 (85.1) 142 (14.9) 57 1012 955 DK 899 (91.3) 86 (8.7) 15 1000 985 ES 645 (67.8) 307 (32.2) 48 1000 952 FI 818 (83.3) 164 (16.7) 40 1022 982 FR 721 (73.7) 257 (26.3) 26 1004 978 GB-GBN 693 (75.6) 224 (24.4) 83 1000 917 GB-NIR 232 (78.6) 63 (21.4) 8 303 295 GR 947 (95.2) 48 (4.8) 9 1004 995 IE 617 (66.8) 306 (33.2) 83 1006 923 IT 832 (86.1) 134 (13.9) 29 995 966 LU 544 (89.8) 62 (10.2) 13 619 606 NL 980 (93.4) 69 (6.6) 12 1061 1049 PT 827 (84.6) 151 (15.4) 22 1000 978 SE 856 (88.0) 117 (12.0) 27 1000 973 N Sum 12631 2809 689 16129 N Valid Sum 12631 2809 15440 printed 24.01.2012 page 114 Eurobarometer 55.2 - May-June 2001,GESIS Variable Report,140,ZA3509
v110,v110 1 2 3 N Sum N Valid Sum,Q12 SCIENTIF KNOWL: HOLES IN OZONE LAYER,isocntry M AT 627 (73.9) 222 (26.1) 171 1020 849 BE 448 (55.8) 355 (44.2) 255 1058 803 DE-E 663 (79.9) 167 (20.1) 196 1026 830 DE-W 583 (73.1) 214 (26.9) 216 1013 797 DK 392 (50.1) 390 (49.9) 218 1000 782 ES 601 (79.8) 152 (20.2) 247 1000 753 FI 395 (48.0) 428 (52.0) 199 1022 823 FR 593 (74.1) 207 (25.9) 203 1003 800 GB-GBN 600 (73.8) 213 (26.2) 188 1001 813 GB-NIR 165 (73.3) 60 (26.7) 79 304 225 GR 663 (82.6) 140 (17.4) 201 1004 803 IE 578 (75.8) 185 (24.2) 243 1006 763 IT 535 (71.8) 210 (28.2) 250 995 745 LU 342 (67.6) 164 (32.4) 113 619 506 NL 285 (33.6) 563 (66.4) 213 1061 848 PT 615 (85.4) 105 (14.6) 279 999 720 SE 351 (41.6) 493 (58.4) 157 1001 844 N Sum 8436 4268 3428 16132 N Valid Sum 8436 4268 12704 printed 24.01.2012 page 115 Eurobarometer 55.2 - May-June 2001,isocntry M AT 627 (73.9) 222 (26.1) 171 1020 849 BE 448 (55.8) 355 (44.2) 255 1058 803 DE-E 663 (79.9) 167 (20.1) 196 1026 830 DE-W 583 (73.1) 214 (26.9) 216 1013 797 DK 392 (50.1) 390 (49.9) 218 1000 782 ES 601 (79.8) 152 (20.2) 247 1000 753 FI 395 (48.0) 428 (52.0) 199 1022 823 FR 593 (74.1) 207 (25.9) 203 1003 800 GB-GBN 600 (73.8) 213 (26.2) 188 1001 813 GB-NIR 165 (73.3) 60 (26.7) 79 304 225 GR 663 (82.6) 140 (17.4) 201 1004 803 IE 578 (75.8) 185 (24.2) 243 1006 763 IT 535 (71.8) 210 (28.2) 250 995 745 LU 342 (67.6) 164 (32.4) 113 619 506 NL 285 (33.6) 563 (66.4) 213 1061 848 PT 615 (85.4) 105 (14.6) 279 999 720 SE 351 (41.6) 493 (58.4) 157 1001 844 N Sum 8436 4268 3428 16132 N Valid Sum 8436 4268 12704 printed 24.01.2012 page 115 Eurobarometer 55.2 - May-June 2001,GESIS Variable Report,141,ZA3509
v111,v111 1 2 3 N Sum N Valid Sum,Q12 SCIENTIF KNOWL: GREENHOUSE EFFECT,isocntry M AT 798 (90.7) 82 (9.3) 139 1019 880 BE 743 (86.3) 118 (13.7) 197 1058 861 DE-E 850 (95.3) 42 (4.7) 134 1026 892 DE-W 794 (91.7) 72 (8.3) 145 1011 866 DK 843 (91.0) 83 (9.0) 74 1000 926 ES 634 (85.7) 106 (14.3) 259 999 740 FI 755 (85.8) 125 (14.2) 142 1022 880 FR 734 (86.9) 111 (13.1) 160 1005 845 GB-GBN 783 (91.7) 71 (8.3) 147 1001 854 GB-NIR 211 (92.5) 17 (7.5) 77 305 228 GR 599 (81.2) 139 (18.8) 265 1003 738 IE 678 (91.0) 67 (9.0) 262 1007 745 IT 743 (88.2) 99 (11.8) 153 995 842 LU 432 (89.4) 51 (10.6) 136 619 483 NL 938 (93.4) 66 (6.6) 57 1061 1004 PT 595 (85.1) 104 (14.9) 301 1000 699 SE 820 (90.9) 82 (9.1) 98 1000 902 N Sum 11950 1435 2746 16131 N Valid Sum 11950 1435 13385 printed 24.01.2012 page 116 Eurobarometer 55.2 - May-June 2001,isocntry M AT 798 (90.7) 82 (9.3) 139 1019 880 BE 743 (86.3) 118 (13.7) 197 1058 861 DE-E 850 (95.3) 42 (4.7) 134 1026 892 DE-W 794 (91.7) 72 (8.3) 145 1011 866 DK 843 (91.0) 83 (9.0) 74 1000 926 ES 634 (85.7) 106 (14.3) 259 999 740 FI 755 (85.8) 125 (14.2) 142 1022 880 FR 734 (86.9) 111 (13.1) 160 1005 845 GB-GBN 783 (91.7) 71 (8.3) 147 1001 854 GB-NIR 211 (92.5) 17 (7.5) 77 305 228 GR 599 (81.2) 139 (18.8) 265 1003 738 IE 678 (91.0) 67 (9.0) 262 1007 745 IT 743 (88.2) 99 (11.8) 153 995 842 LU 432 (89.4) 51 (10.6) 136 619 483 NL 938 (93.4) 66 (6.6) 57 1061 1004 PT 595 (85.1) 104 (14.9) 301 1000 699 SE 820 (90.9) 82 (9.1) 98 1000 902 N Sum 11950 1435 2746 16131 N Valid Sum 11950 1435 13385 printed 24.01.2012 page 116 Eurobarometer 55.2 - May-June 2001,GESIS Variable Report,142,ZA3509
v112,v112 1 2 3 N Sum N Valid Sum,Q12 SCIENTIF KNOWL: GENETICLY MODIF FOOD,isocntry M AT 656 (81.1) 153 (18.9) 210 1019 809 BE 544 (70.6) 226 (29.4) 288 1058 770 DE-E 552 (78.1) 155 (21.9) 318 1025 707 DE-W 544 (77.1) 162 (22.9) 306 1012 706 DK 489 (65.5) 258 (34.5) 254 1001 747 ES 608 (81.1) 142 (18.9) 250 1000 750 FI 439 (55.6) 350 (44.4) 233 1022 789 FR 678 (84.4) 125 (15.6) 201 1004 803 GB-GBN 445 (65.0) 240 (35.0) 314 999 685 GB-NIR 163 (72.4) 62 (27.6) 79 304 225 GR 892 (96.5) 32 (3.5) 80 1004 924 IE 586 (81.3) 135 (18.7) 285 1006 721 IT 595 (80.4) 145 (19.6) 255 995 740 LU 412 (86.0) 67 (14.0) 139 618 479 NL 402 (54.5) 336 (45.5) 323 1061 738 PT 572 (84.5) 105 (15.5) 323 1000 677 SE 466 (65.1) 250 (34.9) 284 1000 716 N Sum 9043 2943 4142 16128 N Valid Sum 9043 2943 11986 printed 24.01.2012 page 117 Eurobarometer 55.2 - May-June 2001,isocntry M AT 656 (81.1) 153 (18.9) 210 1019 809 BE 544 (70.6) 226 (29.4) 288 1058 770 DE-E 552 (78.1) 155 (21.9) 318 1025 707 DE-W 544 (77.1) 162 (22.9) 306 1012 706 DK 489 (65.5) 258 (34.5) 254 1001 747 ES 608 (81.1) 142 (18.9) 250 1000 750 FI 439 (55.6) 350 (44.4) 233 1022 789 FR 678 (84.4) 125 (15.6) 201 1004 803 GB-GBN 445 (65.0) 240 (35.0) 314 999 685 GB-NIR 163 (72.4) 62 (27.6) 79 304 225 GR 892 (96.5) 32 (3.5) 80 1004 924 IE 586 (81.3) 135 (18.7) 285 1006 721 IT 595 (80.4) 145 (19.6) 255 995 740 LU 412 (86.0) 67 (14.0) 139 618 479 NL 402 (54.5) 336 (45.5) 323 1061 738 PT 572 (84.5) 105 (15.5) 323 1000 677 SE 466 (65.1) 250 (34.9) 284 1000 716 N Sum 9043 2943 4142 16128 N Valid Sum 9043 2943 11986 printed 24.01.2012 page 117 Eurobarometer 55.2 - May-June 2001,GESIS Variable Report,143,ZA3509
v113,v113 1 2 3 N Sum N Valid Sum,Q12 SCIENTIF KNOWL: BSE CAUSES,isocntry M AT 518 (63.1) 303 (36.9) 198 1019 821 BE 481 (58.3) 344 (41.7) 233 1058 825 DE-E 495 (63.0) 291 (37.0) 240 1026 786 DE-W 462 (56.7) 353 (43.3) 197 1012 815 DK 297 (34.5) 564 (65.5) 139 1000 861 ES 589 (71.9) 230 (28.1) 180 999 819 FI 342 (38.5) 547 (61.5) 133 1022 889 FR 451 (52.7) 405 (47.3) 148 1004 856 GB-GBN 416 (57.4) 309 (42.6) 275 1000 725 GB-NIR 171 (73.4) 62 (26.6) 71 304 233 GR 815 (90.1) 90 (9.9) 99 1004 905 IE 502 (68.2) 234 (31.8) 269 1005 736 IT 546 (64.6) 299 (35.4) 150 995 845 LU 380 (67.7) 181 (32.3) 58 619 561 NL 495 (56.4) 383 (43.6) 183 1061 878 PT 724 (89.5) 85 (10.5) 191 1000 809 SE 319 (36.8) 549 (63.2) 132 1000 868 N Sum 8003 5229 2896 16128 N Valid Sum 8003 5229 13232 printed 24.01.2012 page 118 Eurobarometer 55.2 - May-June 2001,isocntry M AT 518 (63.1) 303 (36.9) 198 1019 821 BE 481 (58.3) 344 (41.7) 233 1058 825 DE-E 495 (63.0) 291 (37.0) 240 1026 786 DE-W 462 (56.7) 353 (43.3) 197 1012 815 DK 297 (34.5) 564 (65.5) 139 1000 861 ES 589 (71.9) 230 (28.1) 180 999 819 FI 342 (38.5) 547 (61.5) 133 1022 889 FR 451 (52.7) 405 (47.3) 148 1004 856 GB-GBN 416 (57.4) 309 (42.6) 275 1000 725 GB-NIR 171 (73.4) 62 (26.6) 71 304 233 GR 815 (90.1) 90 (9.9) 99 1004 905 IE 502 (68.2) 234 (31.8) 269 1005 736 IT 546 (64.6) 299 (35.4) 150 995 845 LU 380 (67.7) 181 (32.3) 58 619 561 NL 495 (56.4) 383 (43.6) 183 1061 878 PT 724 (89.5) 85 (10.5) 191 1000 809 SE 319 (36.8) 549 (63.2) 132 1000 868 N Sum 8003 5229 2896 16128 N Valid Sum 8003 5229 13232 printed 24.01.2012 page 118 Eurobarometer 55.2 - May-June 2001,GESIS Variable Report,144,ZA3509
v114,v114 1 2 3 N Sum N Valid Sum,Q12 SCIENTIF KNOWL: FOOD PROD IMPROVEMNT,isocntry M AT 541 (67.8) 257 (32.2) 221 1019 798 BE 620 (71.8) 244 (28.2) 194 1058 864 DE-E 678 (83.0) 139 (17.0) 209 1026 817 DE-W 592 (74.7) 201 (25.3) 219 1012 793 DK 780 (86.2) 125 (13.8) 95 1000 905 ES 554 (72.1) 214 (27.9) 232 1000 768 FI 800 (88.9) 100 (11.1) 122 1022 900 FR 494 (60.9) 317 (39.1) 193 1004 811 GB-GBN 654 (79.7) 167 (20.3) 179 1000 821 GB-NIR 211 (84.1) 40 (15.9) 53 304 251 GR 698 (82.4) 149 (17.6) 157 1004 847 IE 627 (81.9) 139 (18.1) 239 1005 766 IT 517 (69.2) 230 (30.8) 248 995 747 LU 319 (64.1) 179 (35.9) 121 619 498 NL 803 (86.3) 127 (13.7) 131 1061 930 PT 580 (79.8) 147 (20.2) 273 1000 727 SE 757 (85.9) 124 (14.1) 119 1000 881 N Sum 10225 2899 3005 16129 N Valid Sum 10225 2899 13124 printed 24.01.2012 page 119 Eurobarometer 55.2 - May-June 2001,isocntry M AT 541 (67.8) 257 (32.2) 221 1019 798 BE 620 (71.8) 244 (28.2) 194 1058 864 DE-E 678 (83.0) 139 (17.0) 209 1026 817 DE-W 592 (74.7) 201 (25.3) 219 1012 793 DK 780 (86.2) 125 (13.8) 95 1000 905 ES 554 (72.1) 214 (27.9) 232 1000 768 FI 800 (88.9) 100 (11.1) 122 1022 900 FR 494 (60.9) 317 (39.1) 193 1004 811 GB-GBN 654 (79.7) 167 (20.3) 179 1000 821 GB-NIR 211 (84.1) 40 (15.9) 53 304 251 GR 698 (82.4) 149 (17.6) 157 1004 847 IE 627 (81.9) 139 (18.1) 239 1005 766 IT 517 (69.2) 230 (30.8) 248 995 747 LU 319 (64.1) 179 (35.9) 121 619 498 NL 803 (86.3) 127 (13.7) 131 1061 930 PT 580 (79.8) 147 (20.2) 273 1000 727 SE 757 (85.9) 124 (14.1) 119 1000 881 N Sum 10225 2899 3005 16129 N Valid Sum 10225 2899 13124 printed 24.01.2012 page 119 Eurobarometer 55.2 - May-June 2001,GESIS Variable Report,145,ZA3509
v115,v115 1 2 3 N Sum N Valid Sum,Q12 SCIENTIF KNOWL: BSE DANGER TO HUMANS,isocntry M AT 97 (10.6) 814 (89.4) 109 1020 911 BE 251 (26.1) 710 (73.9) 97 1058 961 DE-E 101 (10.9) 828 (89.1) 97 1026 929 DE-W 119 (12.7) 819 (87.3) 74 1012 938 DK 276 (28.7) 686 (71.3) 38 1000 962 ES 150 (16.1) 783 (83.9) 67 1000 933 FI 94 (9.7) 880 (90.3) 48 1022 974 FR 175 (18.4) 774 (81.6) 55 1004 949 GB-GBN 134 (15.1) 755 (84.9) 111 1000 889 GB-NIR 27 (9.9) 247 (90.1) 30 304 274 GR 290 (29.8) 683 (70.2) 31 1004 973 IE 167 (18.5) 738 (81.5) 101 1006 905 IT 101 (10.7) 844 (89.3) 49 994 945 LU 152 (26.9) 414 (73.1) 54 620 566 NL 193 (19.2) 811 (80.8) 57 1061 1004 PT 253 (27.9) 654 (72.1) 93 1000 907 SE 134 (13.9) 830 (86.1) 37 1001 964 N Sum 2714 12270 1148 16132 N Valid Sum 2714 12270 14984 printed 24.01.2012 page 120 Eurobarometer 55.2 - May-June 2001,isocntry M AT 97 (10.6) 814 (89.4) 109 1020 911 BE 251 (26.1) 710 (73.9) 97 1058 961 DE-E 101 (10.9) 828 (89.1) 97 1026 929 DE-W 119 (12.7) 819 (87.3) 74 1012 938 DK 276 (28.7) 686 (71.3) 38 1000 962 ES 150 (16.1) 783 (83.9) 67 1000 933 FI 94 (9.7) 880 (90.3) 48 1022 974 FR 175 (18.4) 774 (81.6) 55 1004 949 GB-GBN 134 (15.1) 755 (84.9) 111 1000 889 GB-NIR 27 (9.9) 247 (90.1) 30 304 274 GR 290 (29.8) 683 (70.2) 31 1004 973 IE 167 (18.5) 738 (81.5) 101 1006 905 IT 101 (10.7) 844 (89.3) 49 994 945 LU 152 (26.9) 414 (73.1) 54 620 566 NL 193 (19.2) 811 (80.8) 57 1061 1004 PT 253 (27.9) 654 (72.1) 93 1000 907 SE 134 (13.9) 830 (86.1) 37 1001 964 N Sum 2714 12270 1148 16132 N Valid Sum 2714 12270 14984 printed 24.01.2012 page 120 Eurobarometer 55.2 - May-June 2001,GESIS Variable Report,146,ZA3509
v116,v116 1 2 3 N Sum N Valid Sum,Q12 SCIENTIF KNOWL: SUNSHINE,isocntry M AT 895 (94.1) 56 (5.9) 68 1019 951 BE 855 (86.7) 131 (13.3) 72 1058 986 DE-E 951 (97.3) 26 (2.7) 49 1026 977 DE-W 913 (94.5) 53 (5.5) 47 1013 966 DK 970 (97.9) 21 (2.1) 9 1000 991 ES 898 (95.1) 46 (4.9) 56 1000 944 FI 951 (96.1) 39 (3.9) 32 1022 990 FR 864 (89.3) 103 (10.7) 37 1004 967 GB-GBN 875 (93.3) 63 (6.7) 61 999 938 GB-NIR 286 (98.3) 5 (1.7) 13 304 291 GR 868 (92.3) 72 (7.7) 65 1005 940 IE 896 (95.7) 40 (4.3) 70 1006 936 IT 804 (86.9) 121 (13.1) 71 996 925 LU 534 (90.4) 57 (9.6) 27 618 591 NL 1005 (95.9) 43 (4.1) 14 1062 1048 PT 777 (88.3) 103 (11.7) 120 1000 880 SE 981 (98.4) 16 (1.6) 2 999 997 N Sum 14323 995 813 16131 N Valid Sum 14323 995 15318 printed 24.01.2012 page 121 Eurobarometer 55.2 - May-June 2001,isocntry M AT 895 (94.1) 56 (5.9) 68 1019 951 BE 855 (86.7) 131 (13.3) 72 1058 986 DE-E 951 (97.3) 26 (2.7) 49 1026 977 DE-W 913 (94.5) 53 (5.5) 47 1013 966 DK 970 (97.9) 21 (2.1) 9 1000 991 ES 898 (95.1) 46 (4.9) 56 1000 944 FI 951 (96.1) 39 (3.9) 32 1022 990 FR 864 (89.3) 103 (10.7) 37 1004 967 GB-GBN 875 (93.3) 63 (6.7) 61 999 938 GB-NIR 286 (98.3) 5 (1.7) 13 304 291 GR 868 (92.3) 72 (7.7) 65 1005 940 IE 896 (95.7) 40 (4.3) 70 1006 936 IT 804 (86.9) 121 (13.1) 71 996 925 LU 534 (90.4) 57 (9.6) 27 618 591 NL 1005 (95.9) 43 (4.1) 14 1062 1048 PT 777 (88.3) 103 (11.7) 120 1000 880 SE 981 (98.4) 16 (1.6) 2 999 997 N Sum 14323 995 813 16131 N Valid Sum 14323 995 15318 printed 24.01.2012 page 121 Eurobarometer 55.2 - May-June 2001,GESIS Variable Report,147,ZA3509
v117,v117 1 2 3 N Sum N Valid Sum,Q13 SCIENCE&TECHNOLOGY: LIFE COMFORT,isocntry M AT 743 (83.1) 151 (16.9) 126 1020 894 BE 713 (75.3) 234 (24.7) 111 1058 947 DE-E 830 (89.0) 103 (11.0) 93 1026 933 DE-W 787 (85.4) 135 (14.6) 91 1013 922 DK 738 (78.8) 198 (21.2) 63 999 936 ES 663 (72.5) 251 (27.5) 86 1000 914 FI 707 (75.2) 233 (24.8) 82 1022 940 FR 652 (70.2) 277 (29.8) 75 1004 929 GB-GBN 755 (84.1) 143 (15.9) 102 1000 898 GB-NIR 237 (85.9) 39 (14.1) 28 304 276 GR 676 (72.8) 253 (27.2) 75 1004 929 IE 650 (78.9) 174 (21.1) 182 1006 824 IT 639 (71.9) 250 (28.1) 107 996 889 LU 440 (77.6) 127 (22.4) 53 620 567 NL 767 (79.6) 196 (20.4) 99 1062 963 PT 599 (71.1) 244 (28.9) 157 1000 843 SE 827 (88.1) 112 (11.9) 61 1000 939 N Sum 11423 3120 1591 16134 N Valid Sum 11423 3120 14543 printed 24.01.2012 page 122 Eurobarometer 55.2 - May-June 2001,isocntry M AT 743 (83.1) 151 (16.9) 126 1020 894 BE 713 (75.3) 234 (24.7) 111 1058 947 DE-E 830 (89.0) 103 (11.0) 93 1026 933 DE-W 787 (85.4) 135 (14.6) 91 1013 922 DK 738 (78.8) 198 (21.2) 63 999 936 ES 663 (72.5) 251 (27.5) 86 1000 914 FI 707 (75.2) 233 (24.8) 82 1022 940 FR 652 (70.2) 277 (29.8) 75 1004 929 GB-GBN 755 (84.1) 143 (15.9) 102 1000 898 GB-NIR 237 (85.9) 39 (14.1) 28 304 276 GR 676 (72.8) 253 (27.2) 75 1004 929 IE 650 (78.9) 174 (21.1) 182 1006 824 IT 639 (71.9) 250 (28.1) 107 996 889 LU 440 (77.6) 127 (22.4) 53 620 567 NL 767 (79.6) 196 (20.4) 99 1062 963 PT 599 (71.1) 244 (28.9) 157 1000 843 SE 827 (88.1) 112 (11.9) 61 1000 939 N Sum 11423 3120 1591 16134 N Valid Sum 11423 3120 14543 printed 24.01.2012 page 122 Eurobarometer 55.2 - May-June 2001,GESIS Variable Report,148,ZA3509
v118,v118 1 2 3 N Sum N Valid Sum,Q13 SCIENCE&TECHNOLOGY: RESOURCES,isocntry M AT 194 (23.3) 640 (76.7) 184 1018 834 BE 240 (26.6) 663 (73.4) 155 1058 903 DE-E 253 (30.5) 577 (69.5) 196 1026 830 DE-W 232 (28.5) 581 (71.5) 199 1012 813 DK 192 (21.0) 722 (79.0) 87 1001 914 ES 246 (30.3) 565 (69.7) 189 1000 811 FI 102 (10.6) 859 (89.4) 60 1021 961 FR 184 (20.9) 696 (79.1) 125 1005 880 GB-GBN 199 (25.1) 593 (74.9) 208 1000 792 GB-NIR 36 (15.8) 192 (84.2) 76 304 228 GR 388 (46.9) 439 (53.1) 177 1004 827 IE 224 (33.7) 441 (66.3) 340 1005 665 IT 222 (27.1) 598 (72.9) 174 994 820 LU 130 (25.6) 377 (74.4) 112 619 507 NL 160 (16.8) 792 (83.2) 108 1060 952 PT 278 (35.1) 515 (64.9) 208 1001 793 SE 87 (9.3) 850 (90.7) 63 1000 937 N Sum 3367 10100 2661 16128 N Valid Sum 3367 10100 13467 printed 24.01.2012 page 123 Eurobarometer 55.2 - May-June 2001,isocntry M AT 194 (23.3) 640 (76.7) 184 1018 834 BE 240 (26.6) 663 (73.4) 155 1058 903 DE-E 253 (30.5) 577 (69.5) 196 1026 830 DE-W 232 (28.5) 581 (71.5) 199 1012 813 DK 192 (21.0) 722 (79.0) 87 1001 914 ES 246 (30.3) 565 (69.7) 189 1000 811 FI 102 (10.6) 859 (89.4) 60 1021 961 FR 184 (20.9) 696 (79.1) 125 1005 880 GB-GBN 199 (25.1) 593 (74.9) 208 1000 792 GB-NIR 36 (15.8) 192 (84.2) 76 304 228 GR 388 (46.9) 439 (53.1) 177 1004 827 IE 224 (33.7) 441 (66.3) 340 1005 665 IT 222 (27.1) 598 (72.9) 174 994 820 LU 130 (25.6) 377 (74.4) 112 619 507 NL 160 (16.8) 792 (83.2) 108 1060 952 PT 278 (35.1) 515 (64.9) 208 1001 793 SE 87 (9.3) 850 (90.7) 63 1000 937 N Sum 3367 10100 2661 16128 N Valid Sum 3367 10100 13467 printed 24.01.2012 page 123 Eurobarometer 55.2 - May-June 2001,GESIS Variable Report,149,ZA3509
v119,v119 1 2 3 N Sum N Valid Sum,Q13 SCIENCE&TECHNOLOGY: SORT OUT PROBL,isocntry M AT 168 (18.2) 756 (81.8) 95 1019 924 BE 181 (19.0) 772 (81.0) 105 1058 953 DE-E 179 (20.9) 677 (79.1) 169 1025 856 DE-W 132 (14.7) 763 (85.3) 117 1012 895 DK 69 (7.1) 903 (92.9) 28 1000 972 ES 254 (28.8) 627 (71.2) 118 999 881 FI 84 (8.7) 878 (91.3) 60 1022 962 FR 146 (15.7) 786 (84.3) 72 1004 932 GB-GBN 161 (18.4) 715 (81.6) 125 1001 876 GB-NIR 30 (11.4) 234 (88.6) 40 304 264 GR 376 (42.1) 518 (57.9) 110 1004 894 IE 175 (22.4) 607 (77.6) 224 1006 782 IT 177 (20.3) 693 (79.7) 125 995 870 LU 71 (12.4) 502 (87.6) 46 619 573 NL 88 (8.7) 919 (91.3) 55 1062 1007 PT 199 (22.7) 676 (77.3) 125 1000 875 SE 32 (3.2) 955 (96.8) 14 1001 987 N Sum 2522 11981 1628 16131 N Valid Sum 2522 11981 14503 printed 24.01.2012 page 124 Eurobarometer 55.2 - May-June 2001,isocntry M AT 168 (18.2) 756 (81.8) 95 1019 924 BE 181 (19.0) 772 (81.0) 105 1058 953 DE-E 179 (20.9) 677 (79.1) 169 1025 856 DE-W 132 (14.7) 763 (85.3) 117 1012 895 DK 69 (7.1) 903 (92.9) 28 1000 972 ES 254 (28.8) 627 (71.2) 118 999 881 FI 84 (8.7) 878 (91.3) 60 1022 962 FR 146 (15.7) 786 (84.3) 72 1004 932 GB-GBN 161 (18.4) 715 (81.6) 125 1001 876 GB-NIR 30 (11.4) 234 (88.6) 40 304 264 GR 376 (42.1) 518 (57.9) 110 1004 894 IE 175 (22.4) 607 (77.6) 224 1006 782 IT 177 (20.3) 693 (79.7) 125 995 870 LU 71 (12.4) 502 (87.6) 46 619 573 NL 88 (8.7) 919 (91.3) 55 1062 1007 PT 199 (22.7) 676 (77.3) 125 1000 875 SE 32 (3.2) 955 (96.8) 14 1001 987 N Sum 2522 11981 1628 16131 N Valid Sum 2522 11981 14503 printed 24.01.2012 page 124 Eurobarometer 55.2 - May-June 2001,GESIS Variable Report,150,ZA3509
v120,v120 1 2 3 N Sum N Valid Sum,Q13 SCIENCE&TECHNOLOGY: FAITH,isocntry M AT 490 (60.6) 319 (39.4) 210 1019 809 BE 401 (46.0) 470 (54.0) 186 1057 871 DE-E 439 (52.5) 397 (47.5) 190 1026 836 DE-W 537 (62.0) 329 (38.0) 146 1012 866 DK 437 (50.8) 424 (49.2) 139 1000 861 ES 489 (60.3) 322 (39.7) 190 1001 811 FI 422 (49.1) 438 (50.9) 162 1022 860 FR 358 (44.9) 440 (55.1) 206 1004 798 GB-GBN 462 (57.5) 341 (42.5) 197 1000 803 GB-NIR 155 (61.5) 97 (38.5) 52 304 252 GR 574 (63.8) 326 (36.2) 104 1004 900 IE 494 (65.3) 262 (34.7) 250 1006 756 IT 422 (53.1) 373 (46.9) 200 995 795 LU 299 (56.6) 229 (43.4) 92 620 528 NL 363 (40.6) 531 (59.4) 166 1060 894 PT 551 (65.3) 293 (34.7) 156 1000 844 SE 536 (60.2) 354 (39.8) 110 1000 890 N Sum 7429 5945 2756 16130 N Valid Sum 7429 5945 13374 printed 24.01.2012 page 125 Eurobarometer 55.2 - May-June 2001,isocntry M AT 490 (60.6) 319 (39.4) 210 1019 809 BE 401 (46.0) 470 (54.0) 186 1057 871 DE-E 439 (52.5) 397 (47.5) 190 1026 836 DE-W 537 (62.0) 329 (38.0) 146 1012 866 DK 437 (50.8) 424 (49.2) 139 1000 861 ES 489 (60.3) 322 (39.7) 190 1001 811 FI 422 (49.1) 438 (50.9) 162 1022 860 FR 358 (44.9) 440 (55.1) 206 1004 798 GB-GBN 462 (57.5) 341 (42.5) 197 1000 803 GB-NIR 155 (61.5) 97 (38.5) 52 304 252 GR 574 (63.8) 326 (36.2) 104 1004 900 IE 494 (65.3) 262 (34.7) 250 1006 756 IT 422 (53.1) 373 (46.9) 200 995 795 LU 299 (56.6) 229 (43.4) 92 620 528 NL 363 (40.6) 531 (59.4) 166 1060 894 PT 551 (65.3) 293 (34.7) 156 1000 844 SE 536 (60.2) 354 (39.8) 110 1000 890 N Sum 7429 5945 2756 16130 N Valid Sum 7429 5945 13374 printed 24.01.2012 page 125 Eurobarometer 55.2 - May-June 2001,GESIS Variable Report,151,ZA3509
v121,v121 1 2 3 N Sum N Valid Sum,Q13 SCIENCE&TECHNOLOGY: ENVIRONMENT,isocntry M AT 264 (31.7) 570 (68.3) 185 1019 834 BE 312 (34.2) 601 (65.8) 144 1057 913 DE-E 228 (25.2) 678 (74.8) 120 1026 906 DE-W 261 (29.4) 628 (70.6) 124 1013 889 DK 148 (15.4) 815 (84.6) 37 1000 963 ES 283 (34.0) 550 (66.0) 167 1000 833 FI 227 (24.3) 709 (75.7) 86 1022 936 FR 363 (40.6) 530 (59.4) 111 1004 893 GB-GBN 259 (30.2) 599 (69.8) 142 1000 858 GB-NIR 56 (22.1) 197 (77.9) 50 303 253 GR 455 (51.1) 435 (48.9) 115 1005 890 IE 283 (37.2) 478 (62.8) 245 1006 761 IT 306 (36.4) 535 (63.6) 154 995 841 LU 217 (41.0) 312 (59.0) 90 619 529 NL 146 (14.5) 861 (85.5) 54 1061 1007 PT 293 (37.4) 490 (62.6) 216 999 783 SE 115 (12.1) 836 (87.9) 50 1001 951 N Sum 4216 9824 2090 16130 N Valid Sum 4216 9824 14040 printed 24.01.2012 page 126 Eurobarometer 55.2 - May-June 2001,isocntry M AT 264 (31.7) 570 (68.3) 185 1019 834 BE 312 (34.2) 601 (65.8) 144 1057 913 DE-E 228 (25.2) 678 (74.8) 120 1026 906 DE-W 261 (29.4) 628 (70.6) 124 1013 889 DK 148 (15.4) 815 (84.6) 37 1000 963 ES 283 (34.0) 550 (66.0) 167 1000 833 FI 227 (24.3) 709 (75.7) 86 1022 936 FR 363 (40.6) 530 (59.4) 111 1004 893 GB-GBN 259 (30.2) 599 (69.8) 142 1000 858 GB-NIR 56 (22.1) 197 (77.9) 50 303 253 GR 455 (51.1) 435 (48.9) 115 1005 890 IE 283 (37.2) 478 (62.8) 245 1006 761 IT 306 (36.4) 535 (63.6) 154 995 841 LU 217 (41.0) 312 (59.0) 90 619 529 NL 146 (14.5) 861 (85.5) 54 1061 1007 PT 293 (37.4) 490 (62.6) 216 999 783 SE 115 (12.1) 836 (87.9) 50 1001 951 N Sum 4216 9824 2090 16130 N Valid Sum 4216 9824 14040 printed 24.01.2012 page 126 Eurobarometer 55.2 - May-June 2001,GESIS Variable Report,152,ZA3509
v122,,Q13 SCIENCE&TECHNOLOGY: ANIMALS,,Q13 SCIENCE&TECHNOLOGY: ANIMALS,GESIS Variable Report,153,ZA3509
v123,v123 1 2 3 N Sum N Valid Sum,Q13 SCIENCE&TECHNOLOGY: RESEARCHERS,isocntry M AT 733 (81.4) 168 (18.6) 117 1018 901 BE 643 (70.8) 265 (29.2) 149 1057 908 DE-E 688 (77.6) 199 (22.4) 139 1026 887 DE-W 707 (79.2) 186 (20.8) 119 1012 893 DK 607 (64.4) 336 (35.6) 57 1000 943 ES 559 (65.2) 299 (34.8) 142 1000 858 FI 318 (34.6) 601 (65.4) 103 1022 919 FR 757 (81.3) 174 (18.7) 74 1005 931 GB-GBN 613 (70.1) 261 (29.9) 126 1000 874 GB-NIR 209 (76.3) 65 (23.7) 30 304 274 GR 686 (75.1) 227 (24.9) 91 1004 913 IE 579 (74.3) 200 (25.7) 227 1006 779 IT 532 (62.4) 320 (37.6) 143 995 852 LU 428 (77.3) 126 (22.7) 65 619 554 NL 602 (63.0) 353 (37.0) 107 1062 955 PT 591 (73.5) 213 (26.5) 197 1001 804 SE 625 (69.3) 277 (30.7) 98 1000 902 N Sum 9877 4270 1984 16131 N Valid Sum 9877 4270 14147 printed 24.01.2012 page 128 Eurobarometer 55.2 - May-June 2001,isocntry M AT 733 (81.4) 168 (18.6) 117 1018 901 BE 643 (70.8) 265 (29.2) 149 1057 908 DE-E 688 (77.6) 199 (22.4) 139 1026 887 DE-W 707 (79.2) 186 (20.8) 119 1012 893 DK 607 (64.4) 336 (35.6) 57 1000 943 ES 559 (65.2) 299 (34.8) 142 1000 858 FI 318 (34.6) 601 (65.4) 103 1022 919 FR 757 (81.3) 174 (18.7) 74 1005 931 GB-GBN 613 (70.1) 261 (29.9) 126 1000 874 GB-NIR 209 (76.3) 65 (23.7) 30 304 274 GR 686 (75.1) 227 (24.9) 91 1004 913 IE 579 (74.3) 200 (25.7) 227 1006 779 IT 532 (62.4) 320 (37.6) 143 995 852 LU 428 (77.3) 126 (22.7) 65 619 554 NL 602 (63.0) 353 (37.0) 107 1062 955 PT 591 (73.5) 213 (26.5) 197 1001 804 SE 625 (69.3) 277 (30.7) 98 1000 902 N Sum 9877 4270 1984 16131 N Valid Sum 9877 4270 14147 printed 24.01.2012 page 128 Eurobarometer 55.2 - May-June 2001,GESIS Variable Report,154,ZA3509
v124,v124 1 2 3 N Sum N Valid Sum,Q13 SCIENCE&TECHNOLOGY: WORK,isocntry M AT 645 (78.0) 182 (22.0) 192 1019 827 BE 611 (69.5) 268 (30.5) 179 1058 879 DE-E 786 (89.5) 92 (10.5) 148 1026 878 DE-W 655 (77.7) 188 (22.3) 169 1012 843 DK 692 (75.9) 220 (24.1) 88 1000 912 ES 606 (75.3) 199 (24.7) 195 1000 805 FI 716 (82.0) 157 (18.0) 150 1023 873 FR 571 (69.0) 256 (31.0) 176 1003 827 GB-GBN 597 (72.9) 222 (27.1) 182 1001 819 GB-NIR 180 (73.8) 64 (26.2) 60 304 244 GR 671 (80.2) 166 (19.8) 167 1004 837 IE 584 (81.6) 132 (18.4) 290 1006 716 IT 617 (77.9) 175 (22.1) 203 995 792 LU 428 (80.5) 104 (19.5) 87 619 532 NL 704 (78.7) 190 (21.3) 168 1062 894 PT 626 (79.8) 158 (20.2) 217 1001 784 SE 689 (79.0) 183 (21.0) 128 1000 872 N Sum 10378 2956 2799 16133 N Valid Sum 10378 2956 13334 printed 24.01.2012 page 129 Eurobarometer 55.2 - May-June 2001,isocntry M AT 645 (78.0) 182 (22.0) 192 1019 827 BE 611 (69.5) 268 (30.5) 179 1058 879 DE-E 786 (89.5) 92 (10.5) 148 1026 878 DE-W 655 (77.7) 188 (22.3) 169 1012 843 DK 692 (75.9) 220 (24.1) 88 1000 912 ES 606 (75.3) 199 (24.7) 195 1000 805 FI 716 (82.0) 157 (18.0) 150 1023 873 FR 571 (69.0) 256 (31.0) 176 1003 827 GB-GBN 597 (72.9) 222 (27.1) 182 1001 819 GB-NIR 180 (73.8) 64 (26.2) 60 304 244 GR 671 (80.2) 166 (19.8) 167 1004 837 IE 584 (81.6) 132 (18.4) 290 1006 716 IT 617 (77.9) 175 (22.1) 203 995 792 LU 428 (80.5) 104 (19.5) 87 619 532 NL 704 (78.7) 190 (21.3) 168 1062 894 PT 626 (79.8) 158 (20.2) 217 1001 784 SE 689 (79.0) 183 (21.0) 128 1000 872 N Sum 10378 2956 2799 16133 N Valid Sum 10378 2956 13334 printed 24.01.2012 page 129 Eurobarometer 55.2 - May-June 2001,GESIS Variable Report,155,ZA3509
v125,v125 1 2 3 N Sum N Valid Sum,Q13 SCIENCE&TECHNOLOGY: DAILY LIFE,isocntry M AT 431 (49.1) 446 (50.9) 142 1019 877 BE 487 (51.6) 457 (48.4) 114 1058 944 DE-E 478 (51.7) 446 (48.3) 102 1026 924 DE-W 486 (53.4) 424 (46.6) 102 1012 910 DK 313 (31.8) 670 (68.2) 18 1001 983 ES 518 (56.6) 397 (43.4) 86 1001 915 FI 425 (44.5) 531 (55.5) 66 1022 956 FR 473 (49.6) 481 (50.4) 50 1004 954 GB-GBN 400 (44.0) 510 (56.0) 90 1000 910 GB-NIR 133 (46.7) 152 (53.3) 19 304 285 GR 568 (59.3) 390 (40.7) 46 1004 958 IE 457 (52.7) 410 (47.3) 139 1006 867 IT 280 (32.6) 579 (67.4) 136 995 859 LU 263 (45.7) 313 (54.3) 43 619 576 NL 256 (25.5) 749 (74.5) 57 1062 1005 PT 566 (61.6) 353 (38.4) 82 1001 919 SE 317 (32.9) 647 (67.1) 36 1000 964 N Sum 6851 7955 1328 16134 N Valid Sum 6851 7955 14806 printed 24.01.2012 page 130 Eurobarometer 55.2 - May-June 2001,isocntry M AT 431 (49.1) 446 (50.9) 142 1019 877 BE 487 (51.6) 457 (48.4) 114 1058 944 DE-E 478 (51.7) 446 (48.3) 102 1026 924 DE-W 486 (53.4) 424 (46.6) 102 1012 910 DK 313 (31.8) 670 (68.2) 18 1001 983 ES 518 (56.6) 397 (43.4) 86 1001 915 FI 425 (44.5) 531 (55.5) 66 1022 956 FR 473 (49.6) 481 (50.4) 50 1004 954 GB-GBN 400 (44.0) 510 (56.0) 90 1000 910 GB-NIR 133 (46.7) 152 (53.3) 19 304 285 GR 568 (59.3) 390 (40.7) 46 1004 958 IE 457 (52.7) 410 (47.3) 139 1006 867 IT 280 (32.6) 579 (67.4) 136 995 859 LU 263 (45.7) 313 (54.3) 43 619 576 NL 256 (25.5) 749 (74.5) 57 1062 1005 PT 566 (61.6) 353 (38.4) 82 1001 919 SE 317 (32.9) 647 (67.1) 36 1000 964 N Sum 6851 7955 1328 16134 N Valid Sum 6851 7955 14806 printed 24.01.2012 page 130 Eurobarometer 55.2 - May-June 2001,GESIS Variable Report,156,ZA3509
v126,v126 1 2 3 N Sum N Valid Sum,Q13 SCIENCE&TECHNOLOGY: WAY OF LIFE,isocntry M AT 563 (65.8) 293 (34.2) 163 1019 856 BE 629 (68.5) 289 (31.5) 139 1057 918 DE-E 607 (69.0) 273 (31.0) 146 1026 880 DE-W 605 (68.8) 275 (31.3) 132 1012 880 DK 586 (62.0) 359 (38.0) 56 1001 945 ES 793 (87.7) 111 (12.3) 96 1000 904 FI 549 (59.5) 373 (40.5) 99 1021 922 FR 606 (65.0) 327 (35.0) 71 1004 933 GB-GBN 491 (56.9) 372 (43.1) 137 1000 863 GB-NIR 153 (58.0) 111 (42.0) 40 304 264 GR 821 (87.1) 122 (12.9) 61 1004 943 IE 526 (66.2) 268 (33.8) 212 1006 794 IT 636 (72.2) 245 (27.8) 115 996 881 LU 380 (67.0) 187 (33.0) 52 619 567 NL 570 (58.8) 400 (41.2) 91 1061 970 PT 663 (76.6) 203 (23.4) 133 999 866 SE 641 (70.1) 274 (29.9) 85 1000 915 N Sum 9819 4482 1828 16129 N Valid Sum 9819 4482 14301 printed 24.01.2012 page 131 Eurobarometer 55.2 - May-June 2001,isocntry M AT 563 (65.8) 293 (34.2) 163 1019 856 BE 629 (68.5) 289 (31.5) 139 1057 918 DE-E 607 (69.0) 273 (31.0) 146 1026 880 DE-W 605 (68.8) 275 (31.3) 132 1012 880 DK 586 (62.0) 359 (38.0) 56 1001 945 ES 793 (87.7) 111 (12.3) 96 1000 904 FI 549 (59.5) 373 (40.5) 99 1021 922 FR 606 (65.0) 327 (35.0) 71 1004 933 GB-GBN 491 (56.9) 372 (43.1) 137 1000 863 GB-NIR 153 (58.0) 111 (42.0) 40 304 264 GR 821 (87.1) 122 (12.9) 61 1004 943 IE 526 (66.2) 268 (33.8) 212 1006 794 IT 636 (72.2) 245 (27.8) 115 996 881 LU 380 (67.0) 187 (33.0) 52 619 567 NL 570 (58.8) 400 (41.2) 91 1061 970 PT 663 (76.6) 203 (23.4) 133 999 866 SE 641 (70.1) 274 (29.9) 85 1000 915 N Sum 9819 4482 1828 16129 N Valid Sum 9819 4482 14301 printed 24.01.2012 page 131 Eurobarometer 55.2 - May-June 2001,GESIS Variable Report,157,ZA3509
v127,v127 1 2 3 N Sum N Valid Sum,Q13 SCIENCE&TECHNOLOGY: FUTURE,isocntry M AT 754 (86.2) 121 (13.8) 144 1019 875 BE 760 (82.4) 162 (17.6) 137 1059 922 DE-E 853 (93.3) 61 (6.7) 112 1026 914 DE-W 768 (87.3) 112 (12.7) 132 1012 880 DK 898 (93.5) 62 (6.5) 39 999 960 ES 669 (81.0) 157 (19.0) 174 1000 826 FI 839 (89.5) 98 (10.5) 86 1023 937 FR 699 (79.4) 181 (20.6) 124 1004 880 GB-GBN 709 (83.0) 145 (17.0) 146 1000 854 GB-NIR 232 (87.5) 33 (12.5) 39 304 265 GR 687 (80.1) 171 (19.9) 146 1004 858 IE 683 (90.0) 76 (10.0) 246 1005 759 IT 670 (81.9) 148 (18.1) 177 995 818 LU 473 (87.1) 70 (12.9) 76 619 543 NL 894 (91.1) 87 (8.9) 80 1061 981 PT 675 (82.9) 139 (17.1) 187 1001 814 SE 830 (90.5) 87 (9.5) 83 1000 917 N Sum 12093 1910 2128 16131 N Valid Sum 12093 1910 14003 printed 24.01.2012 page 132 Eurobarometer 55.2 - May-June 2001,isocntry M AT 754 (86.2) 121 (13.8) 144 1019 875 BE 760 (82.4) 162 (17.6) 137 1059 922 DE-E 853 (93.3) 61 (6.7) 112 1026 914 DE-W 768 (87.3) 112 (12.7) 132 1012 880 DK 898 (93.5) 62 (6.5) 39 999 960 ES 669 (81.0) 157 (19.0) 174 1000 826 FI 839 (89.5) 98 (10.5) 86 1023 937 FR 699 (79.4) 181 (20.6) 124 1004 880 GB-GBN 709 (83.0) 145 (17.0) 146 1000 854 GB-NIR 232 (87.5) 33 (12.5) 39 304 265 GR 687 (80.1) 171 (19.9) 146 1004 858 IE 683 (90.0) 76 (10.0) 246 1005 759 IT 670 (81.9) 148 (18.1) 177 995 818 LU 473 (87.1) 70 (12.9) 76 619 543 NL 894 (91.1) 87 (8.9) 80 1061 981 PT 675 (82.9) 139 (17.1) 187 1001 814 SE 830 (90.5) 87 (9.5) 83 1000 917 N Sum 12093 1910 2128 16131 N Valid Sum 12093 1910 14003 printed 24.01.2012 page 132 Eurobarometer 55.2 - May-June 2001,GESIS Variable Report,158,ZA3509
v128,v128 1 2 3 N Sum N Valid Sum,Q13 SCIENCE&TECHNOLOGY: POVERTY,isocntry M AT 321 (38.0) 524 (62.0) 175 1020 845 BE 275 (31.4) 601 (68.6) 181 1057 876 DE-E 350 (41.5) 494 (58.5) 182 1026 844 DE-W 344 (42.5) 466 (57.5) 202 1012 810 DK 381 (41.4) 539 (58.6) 81 1001 920 ES 282 (35.0) 523 (65.0) 195 1000 805 FI 446 (48.5) 474 (51.5) 103 1023 920 FR 215 (25.5) 629 (74.5) 160 1004 844 GB-GBN 408 (50.4) 402 (49.6) 190 1000 810 GB-NIR 101 (40.1) 151 (59.9) 52 304 252 GR 392 (46.8) 445 (53.2) 168 1005 837 IE 329 (46.3) 382 (53.7) 295 1006 711 IT 285 (35.2) 525 (64.8) 185 995 810 LU 182 (33.5) 362 (66.5) 75 619 544 NL 164 (17.2) 792 (82.8) 106 1062 956 PT 362 (44.1) 458 (55.9) 179 999 820 SE 117 (12.6) 808 (87.4) 75 1000 925 N Sum 4954 8575 2604 16133 N Valid Sum 4954 8575 13529 printed 24.01.2012 page 133 Eurobarometer 55.2 - May-June 2001,isocntry M AT 321 (38.0) 524 (62.0) 175 1020 845 BE 275 (31.4) 601 (68.6) 181 1057 876 DE-E 350 (41.5) 494 (58.5) 182 1026 844 DE-W 344 (42.5) 466 (57.5) 202 1012 810 DK 381 (41.4) 539 (58.6) 81 1001 920 ES 282 (35.0) 523 (65.0) 195 1000 805 FI 446 (48.5) 474 (51.5) 103 1023 920 FR 215 (25.5) 629 (74.5) 160 1004 844 GB-GBN 408 (50.4) 402 (49.6) 190 1000 810 GB-NIR 101 (40.1) 151 (59.9) 52 304 252 GR 392 (46.8) 445 (53.2) 168 1005 837 IE 329 (46.3) 382 (53.7) 295 1006 711 IT 285 (35.2) 525 (64.8) 185 995 810 LU 182 (33.5) 362 (66.5) 75 619 544 NL 164 (17.2) 792 (82.8) 106 1062 956 PT 362 (44.1) 458 (55.9) 179 999 820 SE 117 (12.6) 808 (87.4) 75 1000 925 N Sum 4954 8575 2604 16133 N Valid Sum 4954 8575 13529 printed 24.01.2012 page 133 Eurobarometer 55.2 - May-June 2001,GESIS Variable Report,159,ZA3509
v129,v129 1 2 3 N Sum N Valid Sum,Q14 SCIENCE&TECHNOLOGY: NEW TECHNOLOGIES,isocntry M AT 786 (93.2) 57 (6.8) 176 1019 843 BE 880 (93.8) 58 (6.2) 120 1058 938 DE-E 903 (96.5) 33 (3.5) 90 1026 936 DE-W 853 (93.0) 64 (7.0) 95 1012 917 DK 883 (97.4) 24 (2.6) 93 1000 907 ES 837 (95.4) 40 (4.6) 123 1000 877 FI 843 (95.8) 37 (4.2) 141 1021 880 FR 815 (91.6) 75 (8.4) 114 1004 890 GB-GBN 820 (94.9) 44 (5.1) 136 1000 864 GB-NIR 254 (96.9) 8 (3.1) 43 305 262 GR 819 (95.5) 39 (4.5) 146 1004 858 IE 763 (95.1) 39 (4.9) 204 1006 802 IT 835 (95.2) 42 (4.8) 118 995 877 LU 483 (92.5) 39 (7.5) 97 619 522 NL 894 (96.9) 29 (3.1) 138 1061 923 PT 761 (93.6) 52 (6.4) 187 1000 813 SE 955 (98.6) 14 (1.4) 31 1000 969 N Sum 13384 694 2052 16130 N Valid Sum 13384 694 14078 printed 24.01.2012 page 134 Eurobarometer 55.2 - May-June 2001,isocntry M AT 786 (93.2) 57 (6.8) 176 1019 843 BE 880 (93.8) 58 (6.2) 120 1058 938 DE-E 903 (96.5) 33 (3.5) 90 1026 936 DE-W 853 (93.0) 64 (7.0) 95 1012 917 DK 883 (97.4) 24 (2.6) 93 1000 907 ES 837 (95.4) 40 (4.6) 123 1000 877 FI 843 (95.8) 37 (4.2) 141 1021 880 FR 815 (91.6) 75 (8.4) 114 1004 890 GB-GBN 820 (94.9) 44 (5.1) 136 1000 864 GB-NIR 254 (96.9) 8 (3.1) 43 305 262 GR 819 (95.5) 39 (4.5) 146 1004 858 IE 763 (95.1) 39 (4.9) 204 1006 802 IT 835 (95.2) 42 (4.8) 118 995 877 LU 483 (92.5) 39 (7.5) 97 619 522 NL 894 (96.9) 29 (3.1) 138 1061 923 PT 761 (93.6) 52 (6.4) 187 1000 813 SE 955 (98.6) 14 (1.4) 31 1000 969 N Sum 13384 694 2052 16130 N Valid Sum 13384 694 14078 printed 24.01.2012 page 134 Eurobarometer 55.2 - May-June 2001,GESIS Variable Report,160,ZA3509
v130,v130 1 2 3 N Sum N Valid Sum,Q14 SCIENCE&TECHNOLOGY: JOBS,isocntry M AT 302 (35.9) 540 (64.1) 177 1019 842 BE 326 (37.3) 549 (62.7) 183 1058 875 DE-E 233 (27.4) 616 (72.6) 177 1026 849 DE-W 260 (29.7) 616 (70.3) 136 1012 876 DK 362 (42.1) 497 (57.9) 141 1000 859 ES 340 (43.2) 447 (56.8) 214 1001 787 FI 311 (34.4) 594 (65.6) 117 1022 905 FR 201 (23.7) 648 (76.3) 155 1004 849 GB-GBN 339 (42.0) 468 (58.0) 193 1000 807 GB-NIR 82 (33.9) 160 (66.1) 62 304 242 GR 430 (54.0) 366 (46.0) 208 1004 796 IE 373 (48.2) 401 (51.8) 232 1006 774 IT 270 (34.5) 513 (65.5) 212 995 783 LU 156 (28.9) 384 (71.1) 78 618 540 NL 278 (32.8) 569 (67.2) 214 1061 847 PT 327 (40.3) 484 (59.7) 189 1000 811 SE 196 (22.5) 677 (77.5) 126 999 873 N Sum 4786 8529 2814 16129 N Valid Sum 4786 8529 13315 printed 24.01.2012 page 135 Eurobarometer 55.2 - May-June 2001,isocntry M AT 302 (35.9) 540 (64.1) 177 1019 842 BE 326 (37.3) 549 (62.7) 183 1058 875 DE-E 233 (27.4) 616 (72.6) 177 1026 849 DE-W 260 (29.7) 616 (70.3) 136 1012 876 DK 362 (42.1) 497 (57.9) 141 1000 859 ES 340 (43.2) 447 (56.8) 214 1001 787 FI 311 (34.4) 594 (65.6) 117 1022 905 FR 201 (23.7) 648 (76.3) 155 1004 849 GB-GBN 339 (42.0) 468 (58.0) 193 1000 807 GB-NIR 82 (33.9) 160 (66.1) 62 304 242 GR 430 (54.0) 366 (46.0) 208 1004 796 IE 373 (48.2) 401 (51.8) 232 1006 774 IT 270 (34.5) 513 (65.5) 212 995 783 LU 156 (28.9) 384 (71.1) 78 618 540 NL 278 (32.8) 569 (67.2) 214 1061 847 PT 327 (40.3) 484 (59.7) 189 1000 811 SE 196 (22.5) 677 (77.5) 126 999 873 N Sum 4786 8529 2814 16129 N Valid Sum 4786 8529 13315 printed 24.01.2012 page 135 Eurobarometer 55.2 - May-June 2001,GESIS Variable Report,161,ZA3509
v131,v131 1 2 3 N Sum N Valid Sum,Q14 SCIENCE&TECHNOLOGY: INTERNET,isocntry M AT 406 (53.2) 357 (46.8) 257 1020 763 BE 381 (46.1) 446 (53.9) 232 1059 827 DE-E 446 (60.2) 295 (39.8) 285 1026 741 DE-W 372 (47.6) 410 (52.4) 230 1012 782 DK 265 (30.1) 614 (69.9) 122 1001 879 ES 484 (62.5) 291 (37.5) 225 1000 775 FI 338 (38.7) 536 (61.3) 148 1022 874 FR 345 (42.8) 462 (57.2) 197 1004 807 GB-GBN 381 (48.0) 413 (52.0) 207 1001 794 GB-NIR 114 (48.7) 120 (51.3) 71 305 234 GR 452 (63.8) 257 (36.2) 295 1004 709 IE 475 (63.7) 271 (36.3) 260 1006 746 IT 432 (58.9) 302 (41.1) 261 995 734 LU 304 (59.3) 209 (40.7) 106 619 513 NL 340 (38.9) 535 (61.1) 185 1060 875 PT 500 (68.7) 228 (31.3) 271 999 728 SE 313 (35.7) 564 (64.3) 123 1000 877 N Sum 6348 6310 3475 16133 N Valid Sum 6348 6310 12658 printed 24.01.2012 page 136 Eurobarometer 55.2 - May-June 2001,isocntry M AT 406 (53.2) 357 (46.8) 257 1020 763 BE 381 (46.1) 446 (53.9) 232 1059 827 DE-E 446 (60.2) 295 (39.8) 285 1026 741 DE-W 372 (47.6) 410 (52.4) 230 1012 782 DK 265 (30.1) 614 (69.9) 122 1001 879 ES 484 (62.5) 291 (37.5) 225 1000 775 FI 338 (38.7) 536 (61.3) 148 1022 874 FR 345 (42.8) 462 (57.2) 197 1004 807 GB-GBN 381 (48.0) 413 (52.0) 207 1001 794 GB-NIR 114 (48.7) 120 (51.3) 71 305 234 GR 452 (63.8) 257 (36.2) 295 1004 709 IE 475 (63.7) 271 (36.3) 260 1006 746 IT 432 (58.9) 302 (41.1) 261 995 734 LU 304 (59.3) 209 (40.7) 106 619 513 NL 340 (38.9) 535 (61.1) 185 1060 875 PT 500 (68.7) 228 (31.3) 271 999 728 SE 313 (35.7) 564 (64.3) 123 1000 877 N Sum 6348 6310 3475 16133 N Valid Sum 6348 6310 12658 printed 24.01.2012 page 136 Eurobarometer 55.2 - May-June 2001,GESIS Variable Report,162,ZA3509
v132,v132 1 2 3 N Sum N Valid Sum,Q14 SCIENCE&TECHNOLOGY: GOVERNMENT,isocntry M AT 658 (81.5) 149 (18.5) 211 1018 807 BE 774 (84.0) 147 (16.0) 138 1059 921 DE-E 783 (89.2) 95 (10.8) 147 1025 878 DE-W 702 (81.8) 156 (18.2) 155 1013 858 DK 824 (89.4) 98 (10.6) 78 1000 922 ES 778 (91.5) 72 (8.5) 149 999 850 FI 636 (73.0) 235 (27.0) 151 1022 871 FR 810 (89.1) 99 (10.9) 94 1003 909 GB-GBN 741 (89.2) 90 (10.8) 169 1000 831 GB-NIR 236 (91.5) 22 (8.5) 46 304 258 GR 743 (86.6) 115 (13.4) 146 1004 858 IE 699 (90.7) 72 (9.3) 236 1007 771 IT 749 (90.8) 76 (9.2) 170 995 825 LU 453 (88.5) 59 (11.5) 107 619 512 NL 843 (88.0) 115 (12.0) 103 1061 958 PT 679 (86.8) 103 (13.2) 218 1000 782 SE 865 (94.0) 55 (6.0) 80 1000 920 N Sum 11973 1758 2398 16129 N Valid Sum 11973 1758 13731 printed 24.01.2012 page 137 Eurobarometer 55.2 - May-June 2001,isocntry M AT 658 (81.5) 149 (18.5) 211 1018 807 BE 774 (84.0) 147 (16.0) 138 1059 921 DE-E 783 (89.2) 95 (10.8) 147 1025 878 DE-W 702 (81.8) 156 (18.2) 155 1013 858 DK 824 (89.4) 98 (10.6) 78 1000 922 ES 778 (91.5) 72 (8.5) 149 999 850 FI 636 (73.0) 235 (27.0) 151 1022 871 FR 810 (89.1) 99 (10.9) 94 1003 909 GB-GBN 741 (89.2) 90 (10.8) 169 1000 831 GB-NIR 236 (91.5) 22 (8.5) 46 304 258 GR 743 (86.6) 115 (13.4) 146 1004 858 IE 699 (90.7) 72 (9.3) 236 1007 771 IT 749 (90.8) 76 (9.2) 170 995 825 LU 453 (88.5) 59 (11.5) 107 619 512 NL 843 (88.0) 115 (12.0) 103 1061 958 PT 679 (86.8) 103 (13.2) 218 1000 782 SE 865 (94.0) 55 (6.0) 80 1000 920 N Sum 11973 1758 2398 16129 N Valid Sum 11973 1758 13731 printed 24.01.2012 page 137 Eurobarometer 55.2 - May-June 2001,GESIS Variable Report,163,ZA3509
v133,v133 1 2 3 N Sum N Valid Sum,Q14 SCIENCE&TECHNOLOGY: GADGET,isocntry M AT 543 (66.1) 279 (33.9) 197 1019 822 BE 504 (61.2) 320 (38.8) 234 1058 824 DE-E 440 (53.9) 376 (46.1) 211 1027 816 DE-W 528 (62.9) 311 (37.1) 173 1012 839 DK 523 (65.7) 273 (34.3) 204 1000 796 ES 506 (63.2) 295 (36.8) 200 1001 801 FI 495 (58.2) 355 (41.8) 172 1022 850 FR 567 (71.8) 223 (28.2) 214 1004 790 GB-GBN 637 (74.2) 222 (25.8) 141 1000 859 GB-NIR 226 (82.5) 48 (17.5) 30 304 274 GR 527 (66.7) 263 (33.3) 214 1004 790 IE 561 (70.0) 240 (30.0) 205 1006 801 IT 324 (63.9) 183 (36.1) 488 995 507 LU 373 (69.9) 161 (30.1) 86 620 534 NL 623 (65.5) 328 (34.5) 110 1061 951 PT 463 (60.9) 297 (39.1) 240 1000 760 SE 725 (79.9) 182 (20.1) 93 1000 907 N Sum 8565 4356 3212 16133 N Valid Sum 8565 4356 12921 printed 24.01.2012 page 138 Eurobarometer 55.2 - May-June 2001,isocntry M AT 543 (66.1) 279 (33.9) 197 1019 822 BE 504 (61.2) 320 (38.8) 234 1058 824 DE-E 440 (53.9) 376 (46.1) 211 1027 816 DE-W 528 (62.9) 311 (37.1) 173 1012 839 DK 523 (65.7) 273 (34.3) 204 1000 796 ES 506 (63.2) 295 (36.8) 200 1001 801 FI 495 (58.2) 355 (41.8) 172 1022 850 FR 567 (71.8) 223 (28.2) 214 1004 790 GB-GBN 637 (74.2) 222 (25.8) 141 1000 859 GB-NIR 226 (82.5) 48 (17.5) 30 304 274 GR 527 (66.7) 263 (33.3) 214 1004 790 IE 561 (70.0) 240 (30.0) 205 1006 801 IT 324 (63.9) 183 (36.1) 488 995 507 LU 373 (69.9) 161 (30.1) 86 620 534 NL 623 (65.5) 328 (34.5) 110 1061 951 PT 463 (60.9) 297 (39.1) 240 1000 760 SE 725 (79.9) 182 (20.1) 93 1000 907 N Sum 8565 4356 3212 16133 N Valid Sum 8565 4356 12921 printed 24.01.2012 page 138 Eurobarometer 55.2 - May-June 2001,GESIS Variable Report,164,ZA3509
v134,v134 1 2 3 N Sum N Valid Sum,Q14 SCIENCE&TECHNOLOGY: INDUSTRY,isocntry M AT 808 (89.9) 91 (10.1) 120 1019 899 BE 828 (90.6) 86 (9.4) 144 1058 914 DE-E 911 (96.6) 32 (3.4) 83 1026 943 DE-W 864 (92.6) 69 (7.4) 79 1012 933 DK 960 (98.6) 14 (1.4) 26 1000 974 ES 838 (94.1) 53 (5.9) 109 1000 891 FI 898 (95.4) 43 (4.6) 81 1022 941 FR 855 (91.4) 80 (8.6) 70 1005 935 GB-GBN 811 (93.2) 59 (6.8) 130 1000 870 GB-NIR 259 (95.6) 12 (4.4) 33 304 271 GR 788 (88.3) 104 (11.7) 112 1004 892 IE 759 (93.0) 57 (7.0) 191 1007 816 IT 843 (94.4) 50 (5.6) 102 995 893 LU 534 (93.2) 39 (6.8) 46 619 573 NL 976 (97.2) 28 (2.8) 57 1061 1004 PT 761 (89.2) 92 (10.8) 148 1001 853 SE 959 (99.1) 9 (0.9) 32 1000 968 N Sum 13652 918 1563 16133 N Valid Sum 13652 918 14570 printed 24.01.2012 page 139 Eurobarometer 55.2 - May-June 2001,isocntry M AT 808 (89.9) 91 (10.1) 120 1019 899 BE 828 (90.6) 86 (9.4) 144 1058 914 DE-E 911 (96.6) 32 (3.4) 83 1026 943 DE-W 864 (92.6) 69 (7.4) 79 1012 933 DK 960 (98.6) 14 (1.4) 26 1000 974 ES 838 (94.1) 53 (5.9) 109 1000 891 FI 898 (95.4) 43 (4.6) 81 1022 941 FR 855 (91.4) 80 (8.6) 70 1005 935 GB-GBN 811 (93.2) 59 (6.8) 130 1000 870 GB-NIR 259 (95.6) 12 (4.4) 33 304 271 GR 788 (88.3) 104 (11.7) 112 1004 892 IE 759 (93.0) 57 (7.0) 191 1007 816 IT 843 (94.4) 50 (5.6) 102 995 893 LU 534 (93.2) 39 (6.8) 46 619 573 NL 976 (97.2) 28 (2.8) 57 1061 1004 PT 761 (89.2) 92 (10.8) 148 1001 853 SE 959 (99.1) 9 (0.9) 32 1000 968 N Sum 13652 918 1563 16133 N Valid Sum 13652 918 14570 printed 24.01.2012 page 139 Eurobarometer 55.2 - May-June 2001,GESIS Variable Report,165,ZA3509
v135,v135 1 2 3 N Sum N Valid Sum,Q14 SCIENCE&TECHNOLOGY: INVENTIONS,isocntry M AT 589 (75.4) 192 (24.6) 238 1019 781 BE 478 (57.5) 354 (42.5) 226 1058 832 DE-E 728 (89.8) 83 (10.2) 216 1027 811 DE-W 670 (82.2) 145 (17.8) 197 1012 815 DK 234 (27.6) 615 (72.4) 151 1000 849 ES 463 (61.0) 296 (39.0) 242 1001 759 FI 480 (57.1) 360 (42.9) 182 1022 840 FR 410 (52.0) 378 (48.0) 216 1004 788 GB-GBN 356 (48.6) 377 (51.4) 266 999 733 GB-NIR 91 (41.9) 126 (58.1) 87 304 217 GR 585 (73.6) 210 (26.4) 209 1004 795 IE 360 (57.0) 272 (43.0) 373 1005 632 IT 438 (61.8) 271 (38.2) 286 995 709 LU 391 (79.3) 102 (20.7) 126 619 493 NL 492 (58.1) 355 (41.9) 214 1061 847 PT 460 (65.1) 247 (34.9) 293 1000 707 SE 626 (75.3) 205 (24.7) 169 1000 831 N Sum 7851 4588 3691 16130 N Valid Sum 7851 4588 12439 printed 24.01.2012 page 140 Eurobarometer 55.2 - May-June 2001,isocntry M AT 589 (75.4) 192 (24.6) 238 1019 781 BE 478 (57.5) 354 (42.5) 226 1058 832 DE-E 728 (89.8) 83 (10.2) 216 1027 811 DE-W 670 (82.2) 145 (17.8) 197 1012 815 DK 234 (27.6) 615 (72.4) 151 1000 849 ES 463 (61.0) 296 (39.0) 242 1001 759 FI 480 (57.1) 360 (42.9) 182 1022 840 FR 410 (52.0) 378 (48.0) 216 1004 788 GB-GBN 356 (48.6) 377 (51.4) 266 999 733 GB-NIR 91 (41.9) 126 (58.1) 87 304 217 GR 585 (73.6) 210 (26.4) 209 1004 795 IE 360 (57.0) 272 (43.0) 373 1005 632 IT 438 (61.8) 271 (38.2) 286 995 709 LU 391 (79.3) 102 (20.7) 126 619 493 NL 492 (58.1) 355 (41.9) 214 1061 847 PT 460 (65.1) 247 (34.9) 293 1000 707 SE 626 (75.3) 205 (24.7) 169 1000 831 N Sum 7851 4588 3691 16130 N Valid Sum 7851 4588 12439 printed 24.01.2012 page 140 Eurobarometer 55.2 - May-June 2001,GESIS Variable Report,166,ZA3509
v136,v136 1 2 3 N Sum N Valid Sum,Q14 SCIENCE&TECHNOLOGY: PRODUCTS,isocntry M AT 500 (61.5) 313 (38.5) 206 1019 813 BE 626 (70.0) 268 (30.0) 165 1059 894 DE-E 622 (73.7) 222 (26.3) 182 1026 844 DE-W 547 (67.0) 269 (33.0) 196 1012 816 DK 465 (53.6) 402 (46.4) 133 1000 867 ES 436 (61.9) 268 (38.1) 297 1001 704 FI 603 (67.1) 296 (32.9) 123 1022 899 FR 649 (72.8) 242 (27.2) 114 1005 891 GB-GBN 505 (65.7) 264 (34.3) 231 1000 769 GB-NIR 149 (66.5) 75 (33.5) 79 303 224 GR 540 (67.0) 266 (33.0) 198 1004 806 IE 541 (74.2) 188 (25.8) 277 1006 729 IT 465 (64.5) 256 (35.5) 274 995 721 LU 322 (62.6) 192 (37.4) 106 620 514 NL 511 (59.8) 344 (40.2) 206 1061 855 PT 478 (62.5) 287 (37.5) 235 1000 765 SE 403 (48.8) 423 (51.2) 174 1000 826 N Sum 8362 4575 3196 16133 N Valid Sum 8362 4575 12937 printed 24.01.2012 page 141 Eurobarometer 55.2 - May-June 2001,isocntry M AT 500 (61.5) 313 (38.5) 206 1019 813 BE 626 (70.0) 268 (30.0) 165 1059 894 DE-E 622 (73.7) 222 (26.3) 182 1026 844 DE-W 547 (67.0) 269 (33.0) 196 1012 816 DK 465 (53.6) 402 (46.4) 133 1000 867 ES 436 (61.9) 268 (38.1) 297 1001 704 FI 603 (67.1) 296 (32.9) 123 1022 899 FR 649 (72.8) 242 (27.2) 114 1005 891 GB-GBN 505 (65.7) 264 (34.3) 231 1000 769 GB-NIR 149 (66.5) 75 (33.5) 79 303 224 GR 540 (67.0) 266 (33.0) 198 1004 806 IE 541 (74.2) 188 (25.8) 277 1006 729 IT 465 (64.5) 256 (35.5) 274 995 721 LU 322 (62.6) 192 (37.4) 106 620 514 NL 511 (59.8) 344 (40.2) 206 1061 855 PT 478 (62.5) 287 (37.5) 235 1000 765 SE 403 (48.8) 423 (51.2) 174 1000 826 N Sum 8362 4575 3196 16133 N Valid Sum 8362 4575 12937 printed 24.01.2012 page 141 Eurobarometer 55.2 - May-June 2001,GESIS Variable Report,167,ZA3509
v137,v137 1 2 3 N Sum N Valid Sum,Q14 SCIENCE&TECHNOLOGY: ECONOMY,isocntry M AT 707 (83.9) 136 (16.1) 176 1019 843 BE 533 (67.9) 252 (32.1) 273 1058 785 DE-E 845 (93.3) 61 (6.7) 120 1026 906 DE-W 748 (86.8) 114 (13.2) 150 1012 862 DK 664 (75.4) 217 (24.6) 119 1000 881 ES 601 (82.8) 125 (17.2) 273 999 726 FI 553 (64.5) 304 (35.5) 165 1022 857 FR 633 (76.1) 199 (23.9) 172 1004 832 GB-GBN 560 (72.6) 211 (27.4) 229 1000 771 GB-NIR 177 (75.6) 57 (24.4) 69 303 234 GR 617 (78.8) 166 (21.2) 221 1004 783 IE 566 (78.6) 154 (21.4) 286 1006 720 IT 644 (82.5) 137 (17.5) 214 995 781 LU 385 (78.6) 105 (21.4) 129 619 490 NL 585 (67.0) 288 (33.0) 188 1061 873 PT 660 (85.4) 113 (14.6) 227 1000 773 SE 452 (56.8) 344 (43.2) 204 1000 796 N Sum 9930 2983 3215 16128 N Valid Sum 9930 2983 12913 printed 24.01.2012 page 142 Eurobarometer 55.2 - May-June 2001,isocntry M AT 707 (83.9) 136 (16.1) 176 1019 843 BE 533 (67.9) 252 (32.1) 273 1058 785 DE-E 845 (93.3) 61 (6.7) 120 1026 906 DE-W 748 (86.8) 114 (13.2) 150 1012 862 DK 664 (75.4) 217 (24.6) 119 1000 881 ES 601 (82.8) 125 (17.2) 273 999 726 FI 553 (64.5) 304 (35.5) 165 1022 857 FR 633 (76.1) 199 (23.9) 172 1004 832 GB-GBN 560 (72.6) 211 (27.4) 229 1000 771 GB-NIR 177 (75.6) 57 (24.4) 69 303 234 GR 617 (78.8) 166 (21.2) 221 1004 783 IE 566 (78.6) 154 (21.4) 286 1006 720 IT 644 (82.5) 137 (17.5) 214 995 781 LU 385 (78.6) 105 (21.4) 129 619 490 NL 585 (67.0) 288 (33.0) 188 1061 873 PT 660 (85.4) 113 (14.6) 227 1000 773 SE 452 (56.8) 344 (43.2) 204 1000 796 N Sum 9930 2983 3215 16128 N Valid Sum 9930 2983 12913 printed 24.01.2012 page 142 Eurobarometer 55.2 - May-June 2001,GESIS Variable Report,168,ZA3509
v138,v138 1 2 3 N Sum N Valid Sum,Q14 SCIENCE&TECHNOLOGY: ILLNESS,isocntry M AT 758 (85.8) 125 (14.2) 135 1018 883 BE 792 (86.4) 125 (13.6) 141 1058 917 DE-E 849 (93.2) 62 (6.8) 115 1026 911 DE-W 735 (84.5) 135 (15.5) 143 1013 870 DK 941 (96.3) 36 (3.7) 23 1000 977 ES 820 (92.3) 68 (7.7) 113 1001 888 FI 854 (91.0) 84 (9.0) 84 1022 938 FR 837 (88.6) 108 (11.4) 60 1005 945 GB-GBN 772 (88.5) 100 (11.5) 129 1001 872 GB-NIR 229 (87.1) 34 (12.9) 41 304 263 GR 829 (91.0) 82 (9.0) 93 1004 911 IE 695 (88.3) 92 (11.7) 219 1006 787 IT 848 (93.8) 56 (6.2) 90 994 904 LU 483 (85.0) 85 (15.0) 51 619 568 NL 994 (96.6) 35 (3.4) 32 1061 1029 PT 779 (89.0) 96 (11.0) 124 999 875 SE 846 (91.7) 77 (8.3) 77 1000 923 N Sum 13061 1400 1670 16131 N Valid Sum 13061 1400 14461 printed 24.01.2012 page 143 Eurobarometer 55.2 - May-June 2001,isocntry M AT 758 (85.8) 125 (14.2) 135 1018 883 BE 792 (86.4) 125 (13.6) 141 1058 917 DE-E 849 (93.2) 62 (6.8) 115 1026 911 DE-W 735 (84.5) 135 (15.5) 143 1013 870 DK 941 (96.3) 36 (3.7) 23 1000 977 ES 820 (92.3) 68 (7.7) 113 1001 888 FI 854 (91.0) 84 (9.0) 84 1022 938 FR 837 (88.6) 108 (11.4) 60 1005 945 GB-GBN 772 (88.5) 100 (11.5) 129 1001 872 GB-NIR 229 (87.1) 34 (12.9) 41 304 263 GR 829 (91.0) 82 (9.0) 93 1004 911 IE 695 (88.3) 92 (11.7) 219 1006 787 IT 848 (93.8) 56 (6.2) 90 994 904 LU 483 (85.0) 85 (15.0) 51 619 568 NL 994 (96.6) 35 (3.4) 32 1061 1029 PT 779 (89.0) 96 (11.0) 124 999 875 SE 846 (91.7) 77 (8.3) 77 1000 923 N Sum 13061 1400 1670 16131 N Valid Sum 13061 1400 14461 printed 24.01.2012 page 143 Eurobarometer 55.2 - May-June 2001,GESIS Variable Report,169,ZA3509
v139,v139 1 2 3 N Sum N Valid Sum,Q14 SCIENCE&TECHNOLOGY: BENEFIT,isocntry M AT 488 (69.4) 215 (30.6) 317 1020 703 BE 498 (62.5) 299 (37.5) 261 1058 797 DE-E 620 (83.9) 119 (16.1) 287 1026 739 DE-W 518 (70.9) 213 (29.1) 281 1012 731 DK 558 (70.2) 237 (29.8) 205 1000 795 ES 439 (55.2) 356 (44.8) 205 1000 795 FI 503 (60.9) 323 (39.1) 195 1021 826 FR 518 (66.1) 266 (33.9) 220 1004 784 GB-GBN 510 (68.8) 231 (31.2) 259 1000 741 GB-NIR 162 (72.0) 63 (28.0) 79 304 225 GR 587 (70.8) 242 (29.2) 175 1004 829 IE 503 (73.2) 184 (26.8) 320 1007 687 IT 465 (68.7) 212 (31.3) 318 995 677 LU 295 (62.6) 176 (37.4) 148 619 471 NL 429 (51.0) 413 (49.0) 220 1062 842 PT 588 (80.0) 147 (20.0) 265 1000 735 SE 719 (87.4) 104 (12.6) 177 1000 823 N Sum 8400 3800 3932 16132 N Valid Sum 8400 3800 12200 printed 24.01.2012 page 144 Eurobarometer 55.2 - May-June 2001,isocntry M AT 488 (69.4) 215 (30.6) 317 1020 703 BE 498 (62.5) 299 (37.5) 261 1058 797 DE-E 620 (83.9) 119 (16.1) 287 1026 739 DE-W 518 (70.9) 213 (29.1) 281 1012 731 DK 558 (70.2) 237 (29.8) 205 1000 795 ES 439 (55.2) 356 (44.8) 205 1000 795 FI 503 (60.9) 323 (39.1) 195 1021 826 FR 518 (66.1) 266 (33.9) 220 1004 784 GB-GBN 510 (68.8) 231 (31.2) 259 1000 741 GB-NIR 162 (72.0) 63 (28.0) 79 304 225 GR 587 (70.8) 242 (29.2) 175 1004 829 IE 503 (73.2) 184 (26.8) 320 1007 687 IT 465 (68.7) 212 (31.3) 318 995 677 LU 295 (62.6) 176 (37.4) 148 619 471 NL 429 (51.0) 413 (49.0) 220 1062 842 PT 588 (80.0) 147 (20.0) 265 1000 735 SE 719 (87.4) 104 (12.6) 177 1000 823 N Sum 8400 3800 3932 16132 N Valid Sum 8400 3800 12200 printed 24.01.2012 page 144 Eurobarometer 55.2 - May-June 2001,GESIS Variable Report,170,ZA3509
v140,v140 1 2 3 N Sum N Valid Sum,Q14 SCIENCE&TECHNOLOGY: INTERNET,isocntry M AT 616 (79.2) 162 (20.8) 241 1019 778 BE 527 (65.1) 282 (34.9) 249 1058 809 DE-E 626 (79.9) 157 (20.1) 243 1026 783 DE-W 535 (68.9) 242 (31.1) 235 1012 777 DK 496 (59.7) 335 (40.3) 169 1000 831 ES 583 (77.6) 168 (22.4) 249 1000 751 FI 646 (73.6) 232 (26.4) 144 1022 878 FR 533 (66.0) 275 (34.0) 196 1004 808 GB-GBN 489 (64.0) 275 (36.0) 236 1000 764 GB-NIR 160 (71.7) 63 (28.3) 81 304 223 GR 528 (73.9) 186 (26.1) 289 1003 714 IE 545 (76.0) 172 (24.0) 289 1006 717 IT 630 (81.5) 143 (18.5) 222 995 773 LU 378 (76.8) 114 (23.2) 128 620 492 NL 785 (86.2) 126 (13.8) 151 1062 911 PT 579 (80.4) 141 (19.6) 280 1000 720 SE 548 (63.5) 315 (36.5) 138 1001 863 N Sum 9204 3388 3540 16132 N Valid Sum 9204 3388 12592 printed 24.01.2012 page 145 Eurobarometer 55.2 - May-June 2001,isocntry M AT 616 (79.2) 162 (20.8) 241 1019 778 BE 527 (65.1) 282 (34.9) 249 1058 809 DE-E 626 (79.9) 157 (20.1) 243 1026 783 DE-W 535 (68.9) 242 (31.1) 235 1012 777 DK 496 (59.7) 335 (40.3) 169 1000 831 ES 583 (77.6) 168 (22.4) 249 1000 751 FI 646 (73.6) 232 (26.4) 144 1022 878 FR 533 (66.0) 275 (34.0) 196 1004 808 GB-GBN 489 (64.0) 275 (36.0) 236 1000 764 GB-NIR 160 (71.7) 63 (28.3) 81 304 223 GR 528 (73.9) 186 (26.1) 289 1003 714 IE 545 (76.0) 172 (24.0) 289 1006 717 IT 630 (81.5) 143 (18.5) 222 995 773 LU 378 (76.8) 114 (23.2) 128 620 492 NL 785 (86.2) 126 (13.8) 151 1062 911 PT 579 (80.4) 141 (19.6) 280 1000 720 SE 548 (63.5) 315 (36.5) 138 1001 863 N Sum 9204 3388 3540 16132 N Valid Sum 9204 3388 12592 printed 24.01.2012 page 145 Eurobarometer 55.2 - May-June 2001,GESIS Variable Report,171,ZA3509
v141,v141 1 2 3 N Sum N Valid Sum,Q14 SCIENCE&TECHNOLOGY: LUCKY NUMBERS,isocntry M AT 493 (64.3) 274 (35.7) 252 1019 767 BE 382 (45.4) 459 (54.6) 216 1057 841 DE-E 522 (63.9) 295 (36.1) 209 1026 817 DE-W 473 (56.4) 366 (43.6) 173 1012 839 DK 521 (57.6) 384 (42.4) 95 1000 905 ES 444 (53.6) 384 (46.4) 172 1000 828 FI 591 (64.3) 328 (35.7) 103 1022 919 FR 419 (51.2) 400 (48.8) 185 1004 819 GB-GBN 409 (49.9) 410 (50.1) 181 1000 819 GB-NIR 139 (51.9) 129 (48.1) 36 304 268 GR 433 (52.5) 392 (47.5) 180 1005 825 IE 599 (73.0) 221 (27.0) 186 1006 820 IT 555 (72.7) 208 (27.3) 232 995 763 LU 176 (33.1) 355 (66.9) 88 619 531 NL 362 (37.6) 600 (62.4) 100 1062 962 PT 602 (71.8) 237 (28.2) 161 1000 839 SE 409 (44.2) 516 (55.8) 75 1000 925 N Sum 7529 5958 2644 16131 N Valid Sum 7529 5958 13487 printed 24.01.2012 page 146 Eurobarometer 55.2 - May-June 2001,isocntry M AT 493 (64.3) 274 (35.7) 252 1019 767 BE 382 (45.4) 459 (54.6) 216 1057 841 DE-E 522 (63.9) 295 (36.1) 209 1026 817 DE-W 473 (56.4) 366 (43.6) 173 1012 839 DK 521 (57.6) 384 (42.4) 95 1000 905 ES 444 (53.6) 384 (46.4) 172 1000 828 FI 591 (64.3) 328 (35.7) 103 1022 919 FR 419 (51.2) 400 (48.8) 185 1004 819 GB-GBN 409 (49.9) 410 (50.1) 181 1000 819 GB-NIR 139 (51.9) 129 (48.1) 36 304 268 GR 433 (52.5) 392 (47.5) 180 1005 825 IE 599 (73.0) 221 (27.0) 186 1006 820 IT 555 (72.7) 208 (27.3) 232 995 763 LU 176 (33.1) 355 (66.9) 88 619 531 NL 362 (37.6) 600 (62.4) 100 1062 962 PT 602 (71.8) 237 (28.2) 161 1000 839 SE 409 (44.2) 516 (55.8) 75 1000 925 N Sum 7529 5958 2644 16131 N Valid Sum 7529 5958 13487 printed 24.01.2012 page 146 Eurobarometer 55.2 - May-June 2001,GESIS Variable Report,172,ZA3509
v142,v142 1 2 3 N Sum N Valid Sum,Q15 SCIENCE&TECHNOLOGY: MISUSE,isocntry M AT 470 (55.0) 385 (45.0) 164 1019 855 BE 469 (51.0) 450 (49.0) 139 1058 919 DE-E 505 (59.0) 351 (41.0) 170 1026 856 DE-W 508 (57.5) 376 (42.5) 128 1012 884 DK 308 (33.0) 626 (67.0) 66 1000 934 ES 305 (35.4) 557 (64.6) 138 1000 862 FI 302 (33.2) 608 (66.8) 111 1021 910 FR 554 (62.7) 329 (37.3) 122 1005 883 GB-GBN 365 (46.1) 426 (53.9) 209 1000 791 GB-NIR 115 (45.8) 136 (54.2) 53 304 251 GR 704 (75.3) 231 (24.7) 69 1004 935 IE 375 (51.2) 358 (48.8) 273 1006 733 IT 354 (43.3) 464 (56.7) 177 995 818 LU 242 (45.7) 287 (54.3) 91 620 529 NL 397 (41.6) 557 (58.4) 106 1060 954 PT 483 (59.4) 330 (40.6) 187 1000 813 SE 219 (24.2) 686 (75.8) 94 999 905 N Sum 6675 7157 2297 16129 N Valid Sum 6675 7157 13832 printed 24.01.2012 page 147 Eurobarometer 55.2 - May-June 2001,isocntry M AT 470 (55.0) 385 (45.0) 164 1019 855 BE 469 (51.0) 450 (49.0) 139 1058 919 DE-E 505 (59.0) 351 (41.0) 170 1026 856 DE-W 508 (57.5) 376 (42.5) 128 1012 884 DK 308 (33.0) 626 (67.0) 66 1000 934 ES 305 (35.4) 557 (64.6) 138 1000 862 FI 302 (33.2) 608 (66.8) 111 1021 910 FR 554 (62.7) 329 (37.3) 122 1005 883 GB-GBN 365 (46.1) 426 (53.9) 209 1000 791 GB-NIR 115 (45.8) 136 (54.2) 53 304 251 GR 704 (75.3) 231 (24.7) 69 1004 935 IE 375 (51.2) 358 (48.8) 273 1006 733 IT 354 (43.3) 464 (56.7) 177 995 818 LU 242 (45.7) 287 (54.3) 91 620 529 NL 397 (41.6) 557 (58.4) 106 1060 954 PT 483 (59.4) 330 (40.6) 187 1000 813 SE 219 (24.2) 686 (75.8) 94 999 905 N Sum 6675 7157 2297 16129 N Valid Sum 6675 7157 13832 printed 24.01.2012 page 147 Eurobarometer 55.2 - May-June 2001,GESIS Variable Report,173,ZA3509
v143,v143 1 2 3 N Sum N Valid Sum,Q15 SCIENCE&TECHNOLOGY: DISCOVERY,isocntry M AT 803 (87.9) 111 (12.1) 105 1019 914 BE 888 (90.9) 89 (9.1) 81 1058 977 DE-E 906 (95.2) 46 (4.8) 74 1026 952 DE-W 861 (91.4) 81 (8.6) 69 1011 942 DK 840 (89.5) 99 (10.5) 61 1000 939 ES 811 (90.6) 84 (9.4) 105 1000 895 FI 881 (91.2) 85 (8.8) 56 1022 966 FR 896 (92.4) 74 (7.6) 33 1003 970 GB-GBN 783 (90.5) 82 (9.5) 135 1000 865 GB-NIR 267 (95.0) 14 (5.0) 23 304 281 GR 951 (97.5) 24 (2.5) 29 1004 975 IE 748 (89.6) 87 (10.4) 171 1006 835 IT 860 (91.6) 79 (8.4) 56 995 939 LU 513 (90.2) 56 (9.8) 50 619 569 NL 923 (89.9) 104 (10.1) 34 1061 1027 PT 737 (84.6) 134 (15.4) 129 1000 871 SE 830 (87.7) 116 (12.3) 54 1000 946 N Sum 13498 1365 1265 16128 N Valid Sum 13498 1365 14863 printed 24.01.2012 page 148 Eurobarometer 55.2 - May-June 2001,isocntry M AT 803 (87.9) 111 (12.1) 105 1019 914 BE 888 (90.9) 89 (9.1) 81 1058 977 DE-E 906 (95.2) 46 (4.8) 74 1026 952 DE-W 861 (91.4) 81 (8.6) 69 1011 942 DK 840 (89.5) 99 (10.5) 61 1000 939 ES 811 (90.6) 84 (9.4) 105 1000 895 FI 881 (91.2) 85 (8.8) 56 1022 966 FR 896 (92.4) 74 (7.6) 33 1003 970 GB-GBN 783 (90.5) 82 (9.5) 135 1000 865 GB-NIR 267 (95.0) 14 (5.0) 23 304 281 GR 951 (97.5) 24 (2.5) 29 1004 975 IE 748 (89.6) 87 (10.4) 171 1006 835 IT 860 (91.6) 79 (8.4) 56 995 939 LU 513 (90.2) 56 (9.8) 50 619 569 NL 923 (89.9) 104 (10.1) 34 1061 1027 PT 737 (84.6) 134 (15.4) 129 1000 871 SE 830 (87.7) 116 (12.3) 54 1000 946 N Sum 13498 1365 1265 16128 N Valid Sum 13498 1365 14863 printed 24.01.2012 page 148 Eurobarometer 55.2 - May-June 2001,GESIS Variable Report,174,ZA3509
v144,v144 1 2 3 N Sum N Valid Sum,Q15 SCIENCE&TECHNOLOGY: RESPONSIBILITY,isocntry M AT 700 (79.3) 183 (20.7) 136 1019 883 BE 703 (75.8) 225 (24.2) 129 1057 928 DE-E 764 (87.3) 111 (12.7) 150 1025 875 DE-W 691 (80.2) 171 (19.8) 150 1012 862 DK 648 (70.7) 268 (29.3) 85 1001 916 ES 656 (77.1) 195 (22.9) 149 1000 851 FI 487 (55.5) 390 (44.5) 145 1022 877 FR 788 (83.7) 153 (16.3) 63 1004 941 GB-GBN 672 (80.9) 159 (19.1) 169 1000 831 GB-NIR 221 (84.4) 41 (15.6) 42 304 262 GR 872 (91.3) 83 (8.7) 49 1004 955 IE 647 (81.8) 144 (18.2) 215 1006 791 IT 663 (75.0) 221 (25.0) 110 994 884 LU 449 (81.2) 104 (18.8) 66 619 553 NL 661 (69.1) 295 (30.9) 106 1062 956 PT 716 (83.9) 137 (16.1) 147 1000 853 SE 581 (64.4) 321 (35.6) 98 1000 902 N Sum 10919 3201 2009 16129 N Valid Sum 10919 3201 14120 printed 24.01.2012 page 149 Eurobarometer 55.2 - May-June 2001,isocntry M AT 700 (79.3) 183 (20.7) 136 1019 883 BE 703 (75.8) 225 (24.2) 129 1057 928 DE-E 764 (87.3) 111 (12.7) 150 1025 875 DE-W 691 (80.2) 171 (19.8) 150 1012 862 DK 648 (70.7) 268 (29.3) 85 1001 916 ES 656 (77.1) 195 (22.9) 149 1000 851 FI 487 (55.5) 390 (44.5) 145 1022 877 FR 788 (83.7) 153 (16.3) 63 1004 941 GB-GBN 672 (80.9) 159 (19.1) 169 1000 831 GB-NIR 221 (84.4) 41 (15.6) 42 304 262 GR 872 (91.3) 83 (8.7) 49 1004 955 IE 647 (81.8) 144 (18.2) 215 1006 791 IT 663 (75.0) 221 (25.0) 110 994 884 LU 449 (81.2) 104 (18.8) 66 619 553 NL 661 (69.1) 295 (30.9) 106 1062 956 PT 716 (83.9) 137 (16.1) 147 1000 853 SE 581 (64.4) 321 (35.6) 98 1000 902 N Sum 10919 3201 2009 16129 N Valid Sum 10919 3201 14120 printed 24.01.2012 page 149 Eurobarometer 55.2 - May-June 2001,GESIS Variable Report,175,ZA3509
v145,v145 1 2 3 N Sum N Valid Sum,Q15 SCIENCE&TECHNOLOGY: ETHIC STANDARDS,isocntry M AT 787 (88.1) 106 (11.9) 127 1020 893 BE 830 (89.4) 98 (10.6) 131 1059 928 DE-E 842 (91.8) 75 (8.2) 109 1026 917 DE-W 813 (89.6) 94 (10.4) 105 1012 907 DK 856 (91.3) 82 (8.7) 61 999 938 ES 778 (92.1) 67 (7.9) 155 1000 845 FI 858 (91.7) 78 (8.3) 86 1022 936 FR 855 (92.8) 66 (7.2) 83 1004 921 GB-GBN 802 (93.1) 59 (6.9) 138 999 861 GB-NIR 271 (97.1) 8 (2.9) 25 304 279 GR 906 (95.7) 41 (4.3) 57 1004 947 IE 787 (94.0) 50 (6.0) 169 1006 837 IT 771 (87.2) 113 (12.8) 111 995 884 LU 492 (90.8) 50 (9.2) 77 619 542 NL 760 (81.1) 177 (18.9) 124 1061 937 PT 782 (91.4) 74 (8.6) 144 1000 856 SE 821 (91.4) 77 (8.6) 102 1000 898 N Sum 13011 1315 1804 16130 N Valid Sum 13011 1315 14326 printed 24.01.2012 page 150 Eurobarometer 55.2 - May-June 2001,isocntry M AT 787 (88.1) 106 (11.9) 127 1020 893 BE 830 (89.4) 98 (10.6) 131 1059 928 DE-E 842 (91.8) 75 (8.2) 109 1026 917 DE-W 813 (89.6) 94 (10.4) 105 1012 907 DK 856 (91.3) 82 (8.7) 61 999 938 ES 778 (92.1) 67 (7.9) 155 1000 845 FI 858 (91.7) 78 (8.3) 86 1022 936 FR 855 (92.8) 66 (7.2) 83 1004 921 GB-GBN 802 (93.1) 59 (6.9) 138 999 861 GB-NIR 271 (97.1) 8 (2.9) 25 304 279 GR 906 (95.7) 41 (4.3) 57 1004 947 IE 787 (94.0) 50 (6.0) 169 1006 837 IT 771 (87.2) 113 (12.8) 111 995 884 LU 492 (90.8) 50 (9.2) 77 619 542 NL 760 (81.1) 177 (18.9) 124 1061 937 PT 782 (91.4) 74 (8.6) 144 1000 856 SE 821 (91.4) 77 (8.6) 102 1000 898 N Sum 13011 1315 1804 16130 N Valid Sum 13011 1315 14326 printed 24.01.2012 page 150 Eurobarometer 55.2 - May-June 2001,GESIS Variable Report,176,ZA3509
v146,v146 1 2 3 N Sum N Valid Sum,Q15 SCIENCE&TECHNOLOGY: FREE RESEARCH,isocntry M AT 710 (81.3) 163 (18.7) 146 1019 873 BE 755 (81.4) 172 (18.6) 130 1057 927 DE-E 734 (80.4) 179 (19.6) 112 1025 913 DE-W 693 (78.3) 192 (21.7) 127 1012 885 DK 813 (87.0) 122 (13.0) 65 1000 935 ES 761 (87.6) 108 (12.4) 132 1001 869 FI 752 (83.4) 150 (16.6) 120 1022 902 FR 802 (86.7) 123 (13.3) 79 1004 925 GB-GBN 703 (83.5) 139 (16.5) 157 999 842 GB-NIR 237 (85.6) 40 (14.4) 26 303 277 GR 905 (95.4) 44 (4.6) 55 1004 949 IE 702 (87.0) 105 (13.0) 200 1007 807 IT 722 (82.5) 153 (17.5) 120 995 875 LU 464 (84.8) 83 (15.2) 71 618 547 NL 754 (78.1) 212 (21.9) 95 1061 966 PT 758 (89.0) 94 (11.0) 148 1000 852 SE 740 (80.9) 175 (19.1) 85 1000 915 N Sum 12005 2254 1868 16127 N Valid Sum 12005 2254 14259 printed 24.01.2012 page 151 Eurobarometer 55.2 - May-June 2001,isocntry M AT 710 (81.3) 163 (18.7) 146 1019 873 BE 755 (81.4) 172 (18.6) 130 1057 927 DE-E 734 (80.4) 179 (19.6) 112 1025 913 DE-W 693 (78.3) 192 (21.7) 127 1012 885 DK 813 (87.0) 122 (13.0) 65 1000 935 ES 761 (87.6) 108 (12.4) 132 1001 869 FI 752 (83.4) 150 (16.6) 120 1022 902 FR 802 (86.7) 123 (13.3) 79 1004 925 GB-GBN 703 (83.5) 139 (16.5) 157 999 842 GB-NIR 237 (85.6) 40 (14.4) 26 303 277 GR 905 (95.4) 44 (4.6) 55 1004 949 IE 702 (87.0) 105 (13.0) 200 1007 807 IT 722 (82.5) 153 (17.5) 120 995 875 LU 464 (84.8) 83 (15.2) 71 618 547 NL 754 (78.1) 212 (21.9) 95 1061 966 PT 758 (89.0) 94 (11.0) 148 1000 852 SE 740 (80.9) 175 (19.1) 85 1000 915 N Sum 12005 2254 1868 16127 N Valid Sum 12005 2254 14259 printed 24.01.2012 page 151 Eurobarometer 55.2 - May-June 2001,GESIS Variable Report,177,ZA3509
v147,v147 1 2 3 N Sum N Valid Sum,Q16 RESPONSIBLTY F BSE: SCIENTISTS,isocntry M AT 540 (64.7) 295 (35.3) 184 1019 835 BE 489 (58.1) 353 (41.9) 216 1058 842 DE-E 573 (66.2) 293 (33.8) 159 1025 866 DE-W 556 (63.5) 320 (36.5) 136 1012 876 DK 114 (13.6) 724 (86.4) 162 1000 838 ES 466 (56.6) 358 (43.4) 176 1000 824 FI 305 (35.8) 547 (64.2) 170 1022 852 FR 612 (68.2) 286 (31.8) 106 1004 898 GB-GBN 442 (57.0) 333 (43.0) 225 1000 775 GB-NIR 164 (62.8) 97 (37.2) 43 304 261 GR 852 (89.6) 99 (10.4) 54 1005 951 IE 392 (56.6) 301 (43.4) 313 1006 693 IT 480 (57.8) 350 (42.2) 165 995 830 LU 390 (67.9) 184 (32.1) 45 619 574 NL 401 (45.4) 483 (54.6) 177 1061 884 PT 522 (67.1) 256 (32.9) 223 1001 778 SE 352 (41.9) 488 (58.1) 160 1000 840 N Sum 7650 5767 2714 16131 N Valid Sum 7650 5767 13417 printed 24.01.2012 page 152 Eurobarometer 55.2 - May-June 2001,isocntry M AT 540 (64.7) 295 (35.3) 184 1019 835 BE 489 (58.1) 353 (41.9) 216 1058 842 DE-E 573 (66.2) 293 (33.8) 159 1025 866 DE-W 556 (63.5) 320 (36.5) 136 1012 876 DK 114 (13.6) 724 (86.4) 162 1000 838 ES 466 (56.6) 358 (43.4) 176 1000 824 FI 305 (35.8) 547 (64.2) 170 1022 852 FR 612 (68.2) 286 (31.8) 106 1004 898 GB-GBN 442 (57.0) 333 (43.0) 225 1000 775 GB-NIR 164 (62.8) 97 (37.2) 43 304 261 GR 852 (89.6) 99 (10.4) 54 1005 951 IE 392 (56.6) 301 (43.4) 313 1006 693 IT 480 (57.8) 350 (42.2) 165 995 830 LU 390 (67.9) 184 (32.1) 45 619 574 NL 401 (45.4) 483 (54.6) 177 1061 884 PT 522 (67.1) 256 (32.9) 223 1001 778 SE 352 (41.9) 488 (58.1) 160 1000 840 N Sum 7650 5767 2714 16131 N Valid Sum 7650 5767 13417 printed 24.01.2012 page 152 Eurobarometer 55.2 - May-June 2001,GESIS Variable Report,178,ZA3509
v148,v148 1 2 3 N Sum N Valid Sum,Q16 RESPONSIBLTY F BSE: POLITICIANS,isocntry M AT 673 (77.4) 197 (22.6) 150 1020 870 BE 662 (75.1) 219 (24.9) 177 1058 881 DE-E 809 (89.6) 94 (10.4) 123 1026 903 DE-W 751 (82.3) 162 (17.7) 98 1011 913 DK 260 (30.7) 588 (69.3) 152 1000 848 ES 668 (78.1) 187 (21.9) 145 1000 855 FI 392 (46.0) 460 (54.0) 171 1023 852 FR 826 (88.5) 107 (11.5) 71 1004 933 GB-GBN 567 (70.4) 238 (29.6) 195 1000 805 GB-NIR 196 (71.8) 77 (28.2) 31 304 273 GR 811 (86.8) 123 (13.2) 70 1004 934 IE 456 (63.9) 258 (36.1) 291 1005 714 IT 697 (81.3) 160 (18.7) 137 994 857 LU 501 (85.9) 82 (14.1) 36 619 583 NL 628 (68.7) 286 (31.3) 147 1061 914 PT 644 (77.5) 187 (22.5) 169 1000 831 SE 614 (69.5) 270 (30.5) 116 1000 884 N Sum 10155 3695 2279 16129 N Valid Sum 10155 3695 13850 printed 24.01.2012 page 153 Eurobarometer 55.2 - May-June 2001,isocntry M AT 673 (77.4) 197 (22.6) 150 1020 870 BE 662 (75.1) 219 (24.9) 177 1058 881 DE-E 809 (89.6) 94 (10.4) 123 1026 903 DE-W 751 (82.3) 162 (17.7) 98 1011 913 DK 260 (30.7) 588 (69.3) 152 1000 848 ES 668 (78.1) 187 (21.9) 145 1000 855 FI 392 (46.0) 460 (54.0) 171 1023 852 FR 826 (88.5) 107 (11.5) 71 1004 933 GB-GBN 567 (70.4) 238 (29.6) 195 1000 805 GB-NIR 196 (71.8) 77 (28.2) 31 304 273 GR 811 (86.8) 123 (13.2) 70 1004 934 IE 456 (63.9) 258 (36.1) 291 1005 714 IT 697 (81.3) 160 (18.7) 137 994 857 LU 501 (85.9) 82 (14.1) 36 619 583 NL 628 (68.7) 286 (31.3) 147 1061 914 PT 644 (77.5) 187 (22.5) 169 1000 831 SE 614 (69.5) 270 (30.5) 116 1000 884 N Sum 10155 3695 2279 16129 N Valid Sum 10155 3695 13850 printed 24.01.2012 page 153 Eurobarometer 55.2 - May-June 2001,GESIS Variable Report,179,ZA3509
v149,v149 1 2 3 N Sum N Valid Sum,Q16 RESPONSIBLTY F BSE: FARMERS,isocntry M AT 660 (75.3) 216 (24.7) 144 1020 876 BE 575 (65.5) 303 (34.5) 180 1058 878 DE-E 654 (73.6) 235 (26.4) 137 1026 889 DE-W 667 (73.9) 235 (26.1) 110 1012 902 DK 353 (41.1) 505 (58.9) 142 1000 858 ES 469 (54.3) 395 (45.7) 136 1000 864 FI 362 (42.0) 499 (58.0) 161 1022 861 FR 581 (62.7) 346 (37.3) 77 1004 927 GB-GBN 544 (67.0) 268 (33.0) 188 1000 812 GB-NIR 201 (73.4) 73 (26.6) 30 304 274 GR 671 (70.3) 284 (29.7) 49 1004 955 IE 615 (79.0) 163 (21.0) 227 1005 778 IT 710 (81.1) 165 (18.9) 119 994 875 LU 447 (76.4) 138 (23.6) 34 619 585 NL 527 (55.8) 417 (44.2) 117 1061 944 PT 458 (54.5) 383 (45.5) 159 1000 841 SE 595 (66.5) 300 (33.5) 105 1000 895 N Sum 9089 4925 2115 16129 N Valid Sum 9089 4925 14014 printed 24.01.2012 page 154 Eurobarometer 55.2 - May-June 2001,isocntry M AT 660 (75.3) 216 (24.7) 144 1020 876 BE 575 (65.5) 303 (34.5) 180 1058 878 DE-E 654 (73.6) 235 (26.4) 137 1026 889 DE-W 667 (73.9) 235 (26.1) 110 1012 902 DK 353 (41.1) 505 (58.9) 142 1000 858 ES 469 (54.3) 395 (45.7) 136 1000 864 FI 362 (42.0) 499 (58.0) 161 1022 861 FR 581 (62.7) 346 (37.3) 77 1004 927 GB-GBN 544 (67.0) 268 (33.0) 188 1000 812 GB-NIR 201 (73.4) 73 (26.6) 30 304 274 GR 671 (70.3) 284 (29.7) 49 1004 955 IE 615 (79.0) 163 (21.0) 227 1005 778 IT 710 (81.1) 165 (18.9) 119 994 875 LU 447 (76.4) 138 (23.6) 34 619 585 NL 527 (55.8) 417 (44.2) 117 1061 944 PT 458 (54.5) 383 (45.5) 159 1000 841 SE 595 (66.5) 300 (33.5) 105 1000 895 N Sum 9089 4925 2115 16129 N Valid Sum 9089 4925 14014 printed 24.01.2012 page 154 Eurobarometer 55.2 - May-June 2001,GESIS Variable Report,180,ZA3509
v150,v150 1 2 3 N Sum N Valid Sum,Q16 RESPONSIBLTY F BSE: FOOD INDUSTRY,isocntry M AT 716 (81.0) 168 (19.0) 136 1020 884 BE 722 (83.1) 147 (16.9) 190 1059 869 DE-E 687 (78.7) 186 (21.3) 152 1025 873 DE-W 754 (83.6) 148 (16.4) 110 1012 902 DK 460 (53.5) 400 (46.5) 140 1000 860 ES 723 (85.1) 127 (14.9) 150 1000 850 FI 569 (65.9) 294 (34.1) 159 1022 863 FR 875 (92.4) 72 (7.6) 57 1004 947 GB-GBN 648 (79.8) 164 (20.2) 187 999 812 GB-NIR 214 (79.6) 55 (20.4) 36 305 269 GR 926 (95.8) 41 (4.2) 37 1004 967 IE 597 (80.9) 141 (19.1) 269 1007 738 IT 797 (90.5) 84 (9.5) 114 995 881 LU 517 (89.3) 62 (10.7) 41 620 579 NL 741 (78.7) 201 (21.3) 119 1061 942 PT 714 (85.9) 117 (14.1) 168 999 831 SE 690 (77.8) 197 (22.2) 113 1000 887 N Sum 11350 2604 2178 16132 N Valid Sum 11350 2604 13954 printed 24.01.2012 page 155 Eurobarometer 55.2 - May-June 2001,isocntry M AT 716 (81.0) 168 (19.0) 136 1020 884 BE 722 (83.1) 147 (16.9) 190 1059 869 DE-E 687 (78.7) 186 (21.3) 152 1025 873 DE-W 754 (83.6) 148 (16.4) 110 1012 902 DK 460 (53.5) 400 (46.5) 140 1000 860 ES 723 (85.1) 127 (14.9) 150 1000 850 FI 569 (65.9) 294 (34.1) 159 1022 863 FR 875 (92.4) 72 (7.6) 57 1004 947 GB-GBN 648 (79.8) 164 (20.2) 187 999 812 GB-NIR 214 (79.6) 55 (20.4) 36 305 269 GR 926 (95.8) 41 (4.2) 37 1004 967 IE 597 (80.9) 141 (19.1) 269 1007 738 IT 797 (90.5) 84 (9.5) 114 995 881 LU 517 (89.3) 62 (10.7) 41 620 579 NL 741 (78.7) 201 (21.3) 119 1061 942 PT 714 (85.9) 117 (14.1) 168 999 831 SE 690 (77.8) 197 (22.2) 113 1000 887 N Sum 11350 2604 2178 16132 N Valid Sum 11350 2604 13954 printed 24.01.2012 page 155 Eurobarometer 55.2 - May-June 2001,GESIS Variable Report,181,ZA3509
v151,v151 1 2 3 N Sum N Valid Sum,Q16 RESPONSIBLTY F BSE: NOT ENOUGH INFO,isocntry M AT 373 (45.9) 440 (54.1) 206 1019 813 BE 507 (60.7) 328 (39.3) 223 1058 835 DE-E 458 (54.4) 384 (45.6) 185 1027 842 DE-W 399 (49.2) 412 (50.8) 201 1012 811 DK 537 (64.3) 298 (35.7) 165 1000 835 ES 497 (60.1) 330 (39.9) 174 1001 827 FI 514 (58.3) 367 (41.7) 141 1022 881 FR 476 (53.2) 418 (46.8) 110 1004 894 GB-GBN 491 (58.9) 343 (41.1) 166 1000 834 GB-NIR 156 (57.8) 114 (42.2) 34 304 270 GR 449 (48.9) 469 (51.1) 86 1004 918 IE 562 (68.5) 258 (31.5) 186 1006 820 IT 328 (40.6) 479 (59.4) 188 995 807 LU 221 (41.5) 311 (58.5) 86 618 532 NL 567 (59.5) 386 (40.5) 107 1060 953 PT 614 (75.1) 204 (24.9) 182 1000 818 SE 473 (54.4) 396 (45.6) 132 1001 869 N Sum 7622 5937 2572 16131 N Valid Sum 7622 5937 13559 printed 24.01.2012 page 156 Eurobarometer 55.2 - May-June 2001,isocntry M AT 373 (45.9) 440 (54.1) 206 1019 813 BE 507 (60.7) 328 (39.3) 223 1058 835 DE-E 458 (54.4) 384 (45.6) 185 1027 842 DE-W 399 (49.2) 412 (50.8) 201 1012 811 DK 537 (64.3) 298 (35.7) 165 1000 835 ES 497 (60.1) 330 (39.9) 174 1001 827 FI 514 (58.3) 367 (41.7) 141 1022 881 FR 476 (53.2) 418 (46.8) 110 1004 894 GB-GBN 491 (58.9) 343 (41.1) 166 1000 834 GB-NIR 156 (57.8) 114 (42.2) 34 304 270 GR 449 (48.9) 469 (51.1) 86 1004 918 IE 562 (68.5) 258 (31.5) 186 1006 820 IT 328 (40.6) 479 (59.4) 188 995 807 LU 221 (41.5) 311 (58.5) 86 618 532 NL 567 (59.5) 386 (40.5) 107 1060 953 PT 614 (75.1) 204 (24.9) 182 1000 818 SE 473 (54.4) 396 (45.6) 132 1001 869 N Sum 7622 5937 2572 16131 N Valid Sum 7622 5937 13559 printed 24.01.2012 page 156 Eurobarometer 55.2 - May-June 2001,GESIS Variable Report,182,ZA3509
v152,v152 1 2 3 N Sum N Valid Sum,Q17 AVOID TECHN HAZARDS: INFO ON RISKS,isocntry M AT 880 (94.1) 55 (5.9) 84 1019 935 BE 848 (90.9) 85 (9.1) 125 1058 933 DE-E 902 (95.2) 45 (4.8) 79 1026 947 DE-W 866 (92.0) 75 (8.0) 70 1011 941 DK 825 (87.2) 121 (12.8) 54 1000 946 ES 930 (97.0) 29 (3.0) 41 1000 959 FI 889 (92.2) 75 (7.8) 58 1022 964 FR 919 (95.2) 46 (4.8) 39 1004 965 GB-GBN 903 (95.6) 42 (4.4) 55 1000 945 GB-NIR 282 (98.3) 5 (1.7) 17 304 287 GR 972 (99.7) 3 (0.3) 29 1004 975 IE 851 (97.3) 24 (2.7) 131 1006 875 IT 907 (95.8) 40 (4.2) 48 995 947 LU 544 (93.8) 36 (6.2) 39 619 580 NL 886 (88.2) 119 (11.8) 55 1060 1005 PT 858 (94.5) 50 (5.5) 92 1000 908 SE 824 (88.0) 112 (12.0) 64 1000 936 N Sum 14086 962 1080 16128 N Valid Sum 14086 962 15048 printed 24.01.2012 page 157 Eurobarometer 55.2 - May-June 2001,isocntry M AT 880 (94.1) 55 (5.9) 84 1019 935 BE 848 (90.9) 85 (9.1) 125 1058 933 DE-E 902 (95.2) 45 (4.8) 79 1026 947 DE-W 866 (92.0) 75 (8.0) 70 1011 941 DK 825 (87.2) 121 (12.8) 54 1000 946 ES 930 (97.0) 29 (3.0) 41 1000 959 FI 889 (92.2) 75 (7.8) 58 1022 964 FR 919 (95.2) 46 (4.8) 39 1004 965 GB-GBN 903 (95.6) 42 (4.4) 55 1000 945 GB-NIR 282 (98.3) 5 (1.7) 17 304 287 GR 972 (99.7) 3 (0.3) 29 1004 975 IE 851 (97.3) 24 (2.7) 131 1006 875 IT 907 (95.8) 40 (4.2) 48 995 947 LU 544 (93.8) 36 (6.2) 39 619 580 NL 886 (88.2) 119 (11.8) 55 1060 1005 PT 858 (94.5) 50 (5.5) 92 1000 908 SE 824 (88.0) 112 (12.0) 64 1000 936 N Sum 14086 962 1080 16128 N Valid Sum 14086 962 15048 printed 24.01.2012 page 157 Eurobarometer 55.2 - May-June 2001,GESIS Variable Report,183,ZA3509
v153,v153 1 2 3 N Sum N Valid Sum,Q17 AVOID TECHN HAZARDS: COMMUNICATION,isocntry M AT 841 (89.9) 94 (10.1) 84 1019 935 BE 826 (88.9) 103 (11.1) 130 1059 929 DE-E 895 (94.3) 54 (5.7) 77 1026 949 DE-W 830 (90.3) 89 (9.7) 94 1013 919 DK 844 (90.9) 84 (9.1) 72 1000 928 ES 894 (94.6) 51 (5.4) 56 1001 945 FI 863 (90.6) 90 (9.4) 69 1022 953 FR 880 (91.9) 78 (8.1) 47 1005 958 GB-GBN 877 (94.7) 49 (5.3) 74 1000 926 GB-NIR 282 (98.3) 5 (1.7) 17 304 287 GR 934 (99.0) 9 (1.0) 61 1004 943 IE 809 (95.0) 43 (5.0) 154 1006 852 IT 882 (94.8) 48 (5.2) 66 996 930 LU 532 (92.2) 45 (7.8) 42 619 577 NL 799 (84.5) 147 (15.5) 115 1061 946 PT 843 (91.1) 82 (8.9) 75 1000 925 SE 843 (92.1) 72 (7.9) 85 1000 915 N Sum 13674 1143 1318 16135 N Valid Sum 13674 1143 14817 printed 24.01.2012 page 158 Eurobarometer 55.2 - May-June 2001,isocntry M AT 841 (89.9) 94 (10.1) 84 1019 935 BE 826 (88.9) 103 (11.1) 130 1059 929 DE-E 895 (94.3) 54 (5.7) 77 1026 949 DE-W 830 (90.3) 89 (9.7) 94 1013 919 DK 844 (90.9) 84 (9.1) 72 1000 928 ES 894 (94.6) 51 (5.4) 56 1001 945 FI 863 (90.6) 90 (9.4) 69 1022 953 FR 880 (91.9) 78 (8.1) 47 1005 958 GB-GBN 877 (94.7) 49 (5.3) 74 1000 926 GB-NIR 282 (98.3) 5 (1.7) 17 304 287 GR 934 (99.0) 9 (1.0) 61 1004 943 IE 809 (95.0) 43 (5.0) 154 1006 852 IT 882 (94.8) 48 (5.2) 66 996 930 LU 532 (92.2) 45 (7.8) 42 619 577 NL 799 (84.5) 147 (15.5) 115 1061 946 PT 843 (91.1) 82 (8.9) 75 1000 925 SE 843 (92.1) 72 (7.9) 85 1000 915 N Sum 13674 1143 1318 16135 N Valid Sum 13674 1143 14817 printed 24.01.2012 page 158 Eurobarometer 55.2 - May-June 2001,GESIS Variable Report,184,ZA3509
v154,v154 1 2 3 N Sum N Valid Sum,Q17 AVOID TECHN HAZARDS: REGULATIONS,isocntry M AT 712 (84.2) 134 (15.8) 173 1019 846 BE 771 (87.1) 114 (12.9) 173 1058 885 DE-E 817 (92.5) 66 (7.5) 143 1026 883 DE-W 757 (87.4) 109 (12.6) 146 1012 866 DK 653 (79.7) 166 (20.3) 180 999 819 ES 902 (97.6) 22 (2.4) 75 999 924 FI 751 (85.9) 123 (14.1) 148 1022 874 FR 900 (95.2) 45 (4.8) 59 1004 945 GB-GBN 849 (93.8) 56 (6.2) 95 1000 905 GB-NIR 272 (96.5) 10 (3.5) 23 305 282 GR 953 (98.5) 15 (1.5) 36 1004 968 IE 817 (96.6) 29 (3.4) 160 1006 846 IT 875 (95.4) 42 (4.6) 78 995 917 LU 481 (91.1) 47 (8.9) 91 619 528 NL 746 (87.8) 104 (12.2) 211 1061 850 PT 833 (94.2) 51 (5.8) 116 1000 884 SE 561 (69.5) 246 (30.5) 193 1000 807 N Sum 12650 1379 2100 16129 N Valid Sum 12650 1379 14029 printed 24.01.2012 page 159 Eurobarometer 55.2 - May-June 2001,isocntry M AT 712 (84.2) 134 (15.8) 173 1019 846 BE 771 (87.1) 114 (12.9) 173 1058 885 DE-E 817 (92.5) 66 (7.5) 143 1026 883 DE-W 757 (87.4) 109 (12.6) 146 1012 866 DK 653 (79.7) 166 (20.3) 180 999 819 ES 902 (97.6) 22 (2.4) 75 999 924 FI 751 (85.9) 123 (14.1) 148 1022 874 FR 900 (95.2) 45 (4.8) 59 1004 945 GB-GBN 849 (93.8) 56 (6.2) 95 1000 905 GB-NIR 272 (96.5) 10 (3.5) 23 305 282 GR 953 (98.5) 15 (1.5) 36 1004 968 IE 817 (96.6) 29 (3.4) 160 1006 846 IT 875 (95.4) 42 (4.6) 78 995 917 LU 481 (91.1) 47 (8.9) 91 619 528 NL 746 (87.8) 104 (12.2) 211 1061 850 PT 833 (94.2) 51 (5.8) 116 1000 884 SE 561 (69.5) 246 (30.5) 193 1000 807 N Sum 12650 1379 2100 16129 N Valid Sum 12650 1379 14029 printed 24.01.2012 page 159 Eurobarometer 55.2 - May-June 2001,GESIS Variable Report,185,ZA3509
v155,v155 1 2 3 N Sum N Valid Sum,Q17 AVOID TECHN HAZARDS: POLITICIANS,isocntry M AT 677 (83.6) 133 (16.4) 209 1019 810 BE 721 (82.6) 152 (17.4) 186 1059 873 DE-E 821 (91.1) 80 (8.9) 125 1026 901 DE-W 699 (84.5) 128 (15.5) 185 1012 827 DK 643 (76.7) 195 (23.3) 162 1000 838 ES 760 (91.6) 70 (8.4) 170 1000 830 FI 745 (85.9) 122 (14.1) 156 1023 867 FR 805 (89.4) 95 (10.6) 104 1004 900 GB-GBN 688 (82.6) 145 (17.4) 167 1000 833 GB-NIR 232 (89.2) 28 (10.8) 45 305 260 GR 851 (91.3) 81 (8.7) 72 1004 932 IE 624 (83.2) 126 (16.8) 256 1006 750 IT 659 (84.1) 125 (15.9) 211 995 784 LU 461 (86.2) 74 (13.8) 84 619 535 NL 623 (74.2) 217 (25.8) 221 1061 840 PT 762 (90.9) 76 (9.1) 162 1000 838 SE 882 (96.6) 31 (3.4) 87 1000 913 N Sum 11653 1878 2602 16133 N Valid Sum 11653 1878 13531 printed 24.01.2012 page 160 Eurobarometer 55.2 - May-June 2001,isocntry M AT 677 (83.6) 133 (16.4) 209 1019 810 BE 721 (82.6) 152 (17.4) 186 1059 873 DE-E 821 (91.1) 80 (8.9) 125 1026 901 DE-W 699 (84.5) 128 (15.5) 185 1012 827 DK 643 (76.7) 195 (23.3) 162 1000 838 ES 760 (91.6) 70 (8.4) 170 1000 830 FI 745 (85.9) 122 (14.1) 156 1023 867 FR 805 (89.4) 95 (10.6) 104 1004 900 GB-GBN 688 (82.6) 145 (17.4) 167 1000 833 GB-NIR 232 (89.2) 28 (10.8) 45 305 260 GR 851 (91.3) 81 (8.7) 72 1004 932 IE 624 (83.2) 126 (16.8) 256 1006 750 IT 659 (84.1) 125 (15.9) 211 995 784 LU 461 (86.2) 74 (13.8) 84 619 535 NL 623 (74.2) 217 (25.8) 221 1061 840 PT 762 (90.9) 76 (9.1) 162 1000 838 SE 882 (96.6) 31 (3.4) 87 1000 913 N Sum 11653 1878 2602 16133 N Valid Sum 11653 1878 13531 printed 24.01.2012 page 160 Eurobarometer 55.2 - May-June 2001,GESIS Variable Report,186,ZA3509
v156,v156 1 2 3 N Sum N Valid Sum,Q18 GENETIC MODIF FOOD: REJECTIONS,isocntry M AT 797 (85.6) 134 (14.4) 89 1020 931 BE 677 (76.3) 210 (23.7) 171 1058 887 DE-E 736 (81.9) 163 (18.1) 127 1026 899 DE-W 734 (79.8) 186 (20.2) 92 1012 920 DK 675 (71.5) 269 (28.5) 56 1000 944 ES 748 (85.5) 127 (14.5) 125 1000 875 FI 783 (84.1) 148 (15.9) 91 1022 931 FR 795 (86.1) 128 (13.9) 81 1004 923 GB-GBN 582 (70.9) 239 (29.1) 179 1000 821 GB-NIR 192 (75.0) 64 (25.0) 48 304 256 GR 937 (97.3) 26 (2.7) 41 1004 963 IE 664 (83.9) 127 (16.1) 215 1006 791 IT 711 (83.1) 145 (16.9) 140 996 856 LU 474 (83.3) 95 (16.7) 50 619 569 NL 556 (61.8) 344 (38.2) 161 1061 900 PT 674 (85.1) 118 (14.9) 208 1000 792 SE 773 (82.5) 164 (17.5) 64 1001 937 N Sum 11508 2687 1938 16133 N Valid Sum 11508 2687 14195 printed 24.01.2012 page 161 Eurobarometer 55.2 - May-June 2001,isocntry M AT 797 (85.6) 134 (14.4) 89 1020 931 BE 677 (76.3) 210 (23.7) 171 1058 887 DE-E 736 (81.9) 163 (18.1) 127 1026 899 DE-W 734 (79.8) 186 (20.2) 92 1012 920 DK 675 (71.5) 269 (28.5) 56 1000 944 ES 748 (85.5) 127 (14.5) 125 1000 875 FI 783 (84.1) 148 (15.9) 91 1022 931 FR 795 (86.1) 128 (13.9) 81 1004 923 GB-GBN 582 (70.9) 239 (29.1) 179 1000 821 GB-NIR 192 (75.0) 64 (25.0) 48 304 256 GR 937 (97.3) 26 (2.7) 41 1004 963 IE 664 (83.9) 127 (16.1) 215 1006 791 IT 711 (83.1) 145 (16.9) 140 996 856 LU 474 (83.3) 95 (16.7) 50 619 569 NL 556 (61.8) 344 (38.2) 161 1061 900 PT 674 (85.1) 118 (14.9) 208 1000 792 SE 773 (82.5) 164 (17.5) 64 1001 937 N Sum 11508 2687 1938 16133 N Valid Sum 11508 2687 14195 printed 24.01.2012 page 161 Eurobarometer 55.2 - May-June 2001,GESIS Variable Report,187,ZA3509
v157,v157 1 2 3 N Sum N Valid Sum,Q18 GENETIC MODIF FOOD: MEDIA EXAGGERATE,isocntry M AT 235 (28.4) 592 (71.6) 193 1020 827 BE 323 (41.1) 463 (58.9) 272 1058 786 DE-E 302 (38.1) 490 (61.9) 234 1026 792 DE-W 288 (34.7) 543 (65.3) 181 1012 831 DK 418 (50.5) 410 (49.5) 172 1000 828 ES 299 (41.1) 428 (58.9) 273 1000 727 FI 223 (27.2) 596 (72.8) 203 1022 819 FR 357 (42.8) 477 (57.2) 170 1004 834 GB-GBN 442 (57.8) 323 (42.2) 236 1001 765 GB-NIR 104 (47.3) 116 (52.7) 84 304 220 GR 520 (57.9) 378 (42.1) 106 1004 898 IE 262 (39.1) 408 (60.9) 336 1006 670 IT 267 (37.3) 448 (62.7) 280 995 715 LU 187 (36.4) 327 (63.6) 106 620 514 NL 383 (51.4) 362 (48.6) 317 1062 745 PT 358 (55.7) 285 (44.3) 357 1000 643 SE 298 (36.9) 509 (63.1) 193 1000 807 N Sum 5266 7155 3713 16134 N Valid Sum 5266 7155 12421 printed 24.01.2012 page 162 Eurobarometer 55.2 - May-June 2001,isocntry M AT 235 (28.4) 592 (71.6) 193 1020 827 BE 323 (41.1) 463 (58.9) 272 1058 786 DE-E 302 (38.1) 490 (61.9) 234 1026 792 DE-W 288 (34.7) 543 (65.3) 181 1012 831 DK 418 (50.5) 410 (49.5) 172 1000 828 ES 299 (41.1) 428 (58.9) 273 1000 727 FI 223 (27.2) 596 (72.8) 203 1022 819 FR 357 (42.8) 477 (57.2) 170 1004 834 GB-GBN 442 (57.8) 323 (42.2) 236 1001 765 GB-NIR 104 (47.3) 116 (52.7) 84 304 220 GR 520 (57.9) 378 (42.1) 106 1004 898 IE 262 (39.1) 408 (60.9) 336 1006 670 IT 267 (37.3) 448 (62.7) 280 995 715 LU 187 (36.4) 327 (63.6) 106 620 514 NL 383 (51.4) 362 (48.6) 317 1062 745 PT 358 (55.7) 285 (44.3) 357 1000 643 SE 298 (36.9) 509 (63.1) 193 1000 807 N Sum 5266 7155 3713 16134 N Valid Sum 5266 7155 12421 printed 24.01.2012 page 162 Eurobarometer 55.2 - May-June 2001,GESIS Variable Report,188,ZA3509
v158,v158 1 2 3 N Sum N Valid Sum,Q18 GENETIC MODIF FOOD: MORE INFO,isocntry M AT 854 (89.4) 101 (10.6) 64 1019 955 BE 841 (85.3) 145 (14.7) 72 1058 986 DE-E 865 (89.5) 102 (10.5) 58 1025 967 DE-W 854 (89.2) 103 (10.8) 55 1012 957 DK 849 (87.8) 118 (12.2) 33 1000 967 ES 882 (93.8) 58 (6.2) 60 1000 940 FI 906 (92.2) 77 (7.8) 39 1022 983 FR 844 (86.6) 131 (13.4) 29 1004 975 GB-GBN 831 (88.8) 105 (11.2) 65 1001 936 GB-NIR 269 (91.2) 26 (8.8) 10 305 295 GR 950 (96.3) 36 (3.7) 19 1005 986 IE 867 (93.6) 59 (6.4) 80 1006 926 IT 915 (94.3) 55 (5.7) 26 996 970 LU 501 (85.5) 85 (14.5) 33 619 586 NL 846 (83.9) 162 (16.1) 53 1061 1008 PT 822 (92.9) 63 (7.1) 114 999 885 SE 905 (93.1) 67 (6.9) 28 1000 972 N Sum 13801 1493 838 16132 N Valid Sum 13801 1493 15294 printed 24.01.2012 page 163 Eurobarometer 55.2 - May-June 2001,isocntry M AT 854 (89.4) 101 (10.6) 64 1019 955 BE 841 (85.3) 145 (14.7) 72 1058 986 DE-E 865 (89.5) 102 (10.5) 58 1025 967 DE-W 854 (89.2) 103 (10.8) 55 1012 957 DK 849 (87.8) 118 (12.2) 33 1000 967 ES 882 (93.8) 58 (6.2) 60 1000 940 FI 906 (92.2) 77 (7.8) 39 1022 983 FR 844 (86.6) 131 (13.4) 29 1004 975 GB-GBN 831 (88.8) 105 (11.2) 65 1001 936 GB-NIR 269 (91.2) 26 (8.8) 10 305 295 GR 950 (96.3) 36 (3.7) 19 1005 986 IE 867 (93.6) 59 (6.4) 80 1006 926 IT 915 (94.3) 55 (5.7) 26 996 970 LU 501 (85.5) 85 (14.5) 33 619 586 NL 846 (83.9) 162 (16.1) 53 1061 1008 PT 822 (92.9) 63 (7.1) 114 999 885 SE 905 (93.1) 67 (6.9) 28 1000 972 N Sum 13801 1493 838 16132 N Valid Sum 13801 1493 15294 printed 24.01.2012 page 163 Eurobarometer 55.2 - May-June 2001,GESIS Variable Report,189,ZA3509
v159,v159 1 2 3 N Sum N Valid Sum,Q18 GENETIC MODIF FOOD: RIGHT TO CHOOSE,isocntry M AT 945 (96.3) 36 (3.7) 38 1019 981 BE 925 (93.6) 63 (6.4) 71 1059 988 DE-E 981 (98.9) 11 (1.1) 34 1026 992 DE-W 960 (97.1) 29 (2.9) 23 1012 989 DK 984 (99.0) 10 (1.0) 6 1000 994 ES 944 (97.9) 20 (2.1) 36 1000 964 FI 981 (98.6) 14 (1.4) 27 1022 995 FR 955 (96.9) 31 (3.1) 17 1003 986 GB-GBN 929 (96.8) 31 (3.2) 40 1000 960 GB-NIR 295 (99.7) 1 (0.3) 8 304 296 GR 967 (97.9) 21 (2.1) 16 1004 988 IE 918 (97.7) 22 (2.3) 66 1006 940 IT 959 (98.2) 18 (1.8) 19 996 977 LU 572 (95.2) 29 (4.8) 18 619 601 NL 1031 (98.6) 15 (1.4) 16 1062 1046 PT 879 (96.7) 30 (3.3) 91 1000 909 SE 978 (98.7) 13 (1.3) 9 1000 991 N Sum 15203 394 535 16132 N Valid Sum 15203 394 15597 printed 24.01.2012 page 164 Eurobarometer 55.2 - May-June 2001,isocntry M AT 945 (96.3) 36 (3.7) 38 1019 981 BE 925 (93.6) 63 (6.4) 71 1059 988 DE-E 981 (98.9) 11 (1.1) 34 1026 992 DE-W 960 (97.1) 29 (2.9) 23 1012 989 DK 984 (99.0) 10 (1.0) 6 1000 994 ES 944 (97.9) 20 (2.1) 36 1000 964 FI 981 (98.6) 14 (1.4) 27 1022 995 FR 955 (96.9) 31 (3.1) 17 1003 986 GB-GBN 929 (96.8) 31 (3.2) 40 1000 960 GB-NIR 295 (99.7) 1 (0.3) 8 304 296 GR 967 (97.9) 21 (2.1) 16 1004 988 IE 918 (97.7) 22 (2.3) 66 1006 940 IT 959 (98.2) 18 (1.8) 19 996 977 LU 572 (95.2) 29 (4.8) 18 619 601 NL 1031 (98.6) 15 (1.4) 16 1062 1046 PT 879 (96.7) 30 (3.3) 91 1000 909 SE 978 (98.7) 13 (1.3) 9 1000 991 N Sum 15203 394 535 16132 N Valid Sum 15203 394 15597 printed 24.01.2012 page 164 Eurobarometer 55.2 - May-June 2001,GESIS Variable Report,190,ZA3509
v160,v160 1 2 3 N Sum N Valid Sum,Q18 GENETIC MODIF FOOD: IF PROVEN SAFETY,isocntry M AT 840 (88.7) 107 (11.3) 72 1019 947 BE 879 (90.7) 90 (9.3) 89 1058 969 DE-E 914 (94.1) 57 (5.9) 55 1026 971 DE-W 825 (88.5) 107 (11.5) 80 1012 932 DK 885 (92.0) 77 (8.0) 38 1000 962 ES 855 (92.8) 66 (7.2) 80 1001 921 FI 866 (90.9) 87 (9.1) 69 1022 953 FR 871 (90.5) 91 (9.5) 43 1005 962 GB-GBN 848 (91.4) 80 (8.6) 72 1000 928 GB-NIR 267 (93.0) 20 (7.0) 17 304 287 GR 959 (97.6) 24 (2.4) 21 1004 983 IE 851 (94.5) 50 (5.5) 105 1006 901 IT 886 (92.2) 75 (7.8) 34 995 961 LU 471 (82.3) 101 (17.7) 47 619 572 NL 927 (91.9) 82 (8.1) 53 1062 1009 PT 804 (94.3) 49 (5.7) 147 1000 853 SE 923 (95.0) 49 (5.0) 28 1000 972 N Sum 13871 1212 1050 16133 N Valid Sum 13871 1212 15083 printed 24.01.2012 page 165 Eurobarometer 55.2 - May-June 2001,isocntry M AT 840 (88.7) 107 (11.3) 72 1019 947 BE 879 (90.7) 90 (9.3) 89 1058 969 DE-E 914 (94.1) 57 (5.9) 55 1026 971 DE-W 825 (88.5) 107 (11.5) 80 1012 932 DK 885 (92.0) 77 (8.0) 38 1000 962 ES 855 (92.8) 66 (7.2) 80 1001 921 FI 866 (90.9) 87 (9.1) 69 1022 953 FR 871 (90.5) 91 (9.5) 43 1005 962 GB-GBN 848 (91.4) 80 (8.6) 72 1000 928 GB-NIR 267 (93.0) 20 (7.0) 17 304 287 GR 959 (97.6) 24 (2.4) 21 1004 983 IE 851 (94.5) 50 (5.5) 105 1006 901 IT 886 (92.2) 75 (7.8) 34 995 961 LU 471 (82.3) 101 (17.7) 47 619 572 NL 927 (91.9) 82 (8.1) 53 1062 1009 PT 804 (94.3) 49 (5.7) 147 1000 853 SE 923 (95.0) 49 (5.0) 28 1000 972 N Sum 13871 1212 1050 16133 N Valid Sum 13871 1212 15083 printed 24.01.2012 page 165 Eurobarometer 55.2 - May-June 2001,GESIS Variable Report,191,ZA3509
v161,v161 1 2 3 N Sum N Valid Sum,Q18 GENETIC MODIF FOOD: NO DANGER,isocntry M AT 145 (17.4) 690 (82.6) 183 1018 835 BE 201 (28.0) 518 (72.0) 339 1058 719 DE-E 149 (21.6) 541 (78.4) 336 1026 690 DE-W 129 (17.5) 607 (82.5) 277 1013 736 DK 140 (19.0) 598 (81.0) 262 1000 738 ES 149 (20.7) 571 (79.3) 280 1000 720 FI 135 (17.5) 636 (82.5) 251 1022 771 FR 130 (17.4) 618 (82.6) 256 1004 748 GB-GBN 151 (24.6) 462 (75.4) 387 1000 613 GB-NIR 31 (18.1) 140 (81.9) 134 305 171 GR 146 (15.8) 779 (84.2) 80 1005 925 IE 145 (24.1) 456 (75.9) 405 1006 601 IT 141 (22.7) 480 (77.3) 374 995 621 LU 99 (19.6) 407 (80.4) 112 618 506 NL 245 (37.7) 405 (62.3) 411 1061 650 PT 243 (34.3) 465 (65.7) 292 1000 708 SE 90 (11.5) 693 (88.5) 217 1000 783 N Sum 2469 9066 4596 16131 N Valid Sum 2469 9066 11535 printed 24.01.2012 page 166 Eurobarometer 55.2 - May-June 2001,isocntry M AT 145 (17.4) 690 (82.6) 183 1018 835 BE 201 (28.0) 518 (72.0) 339 1058 719 DE-E 149 (21.6) 541 (78.4) 336 1026 690 DE-W 129 (17.5) 607 (82.5) 277 1013 736 DK 140 (19.0) 598 (81.0) 262 1000 738 ES 149 (20.7) 571 (79.3) 280 1000 720 FI 135 (17.5) 636 (82.5) 251 1022 771 FR 130 (17.4) 618 (82.6) 256 1004 748 GB-GBN 151 (24.6) 462 (75.4) 387 1000 613 GB-NIR 31 (18.1) 140 (81.9) 134 305 171 GR 146 (15.8) 779 (84.2) 80 1005 925 IE 145 (24.1) 456 (75.9) 405 1006 601 IT 141 (22.7) 480 (77.3) 374 995 621 LU 99 (19.6) 407 (80.4) 112 618 506 NL 245 (37.7) 405 (62.3) 411 1061 650 PT 243 (34.3) 465 (65.7) 292 1000 708 SE 90 (11.5) 693 (88.5) 217 1000 783 N Sum 2469 9066 4596 16131 N Valid Sum 2469 9066 11535 printed 24.01.2012 page 166 Eurobarometer 55.2 - May-June 2001,GESIS Variable Report,192,ZA3509
v162,v162 1 2 3 N Sum N Valid Sum,Q18 GENETIC MODIF FOOD: ENVIRONM EFFECTS,isocntry M AT 702 (85.1) 123 (14.9) 194 1019 825 BE 544 (76.3) 169 (23.7) 344 1057 713 DE-E 528 (77.4) 154 (22.6) 343 1025 682 DE-W 604 (81.1) 141 (18.9) 267 1012 745 DK 739 (88.2) 99 (11.8) 162 1000 838 ES 551 (83.5) 109 (16.5) 340 1000 660 FI 770 (91.2) 74 (8.8) 177 1021 844 FR 691 (87.5) 99 (12.5) 213 1003 790 GB-GBN 541 (78.6) 147 (21.4) 312 1000 688 GB-NIR 158 (84.9) 28 (15.1) 118 304 186 GR 795 (93.3) 57 (6.7) 152 1004 852 IE 502 (84.9) 89 (15.1) 415 1006 591 IT 542 (83.8) 105 (16.2) 349 996 647 LU 419 (83.0) 86 (17.0) 114 619 505 NL 550 (79.0) 146 (21.0) 365 1061 696 PT 601 (88.0) 82 (12.0) 317 1000 683 SE 738 (91.6) 68 (8.4) 194 1000 806 N Sum 9975 1776 4376 16127 N Valid Sum 9975 1776 11751 printed 24.01.2012 page 167 Eurobarometer 55.2 - May-June 2001,isocntry M AT 702 (85.1) 123 (14.9) 194 1019 825 BE 544 (76.3) 169 (23.7) 344 1057 713 DE-E 528 (77.4) 154 (22.6) 343 1025 682 DE-W 604 (81.1) 141 (18.9) 267 1012 745 DK 739 (88.2) 99 (11.8) 162 1000 838 ES 551 (83.5) 109 (16.5) 340 1000 660 FI 770 (91.2) 74 (8.8) 177 1021 844 FR 691 (87.5) 99 (12.5) 213 1003 790 GB-GBN 541 (78.6) 147 (21.4) 312 1000 688 GB-NIR 158 (84.9) 28 (15.1) 118 304 186 GR 795 (93.3) 57 (6.7) 152 1004 852 IE 502 (84.9) 89 (15.1) 415 1006 591 IT 542 (83.8) 105 (16.2) 349 996 647 LU 419 (83.0) 86 (17.0) 114 619 505 NL 550 (79.0) 146 (21.0) 365 1061 696 PT 601 (88.0) 82 (12.0) 317 1000 683 SE 738 (91.6) 68 (8.4) 194 1000 806 N Sum 9975 1776 4376 16127 N Valid Sum 9975 1776 11751 printed 24.01.2012 page 167 Eurobarometer 55.2 - May-June 2001,GESIS Variable Report,193,ZA3509
v163,v163 0 1 N Sum N Valid Sum,Q19 RESPECT PROFESSIONS: JUDGES,isocntry AT 723 (71.0) 296 (29.0) 1019 1019 BE 833 (78.7) 225 (21.3) 1058 1058 DE-E 720 (70.2) 306 (29.8) 1026 1026 DE-W 637 (62.9) 375 (37.1) 1012 1012 DK 581 (58.1) 419 (41.9) 1000 1000 ES 791 (79.1) 209 (20.9) 1000 1000 FI 753 (73.7) 269 (26.3) 1022 1022 FR 803 (80.0) 201 (20.0) 1004 1004 GB-GBN 726 (72.6) 274 (27.4) 1000 1000 GB-NIR 242 (79.6) 62 (20.4) 304 304 GR 743 (74.0) 261 (26.0) 1004 1004 IE 765 (76.0) 241 (24.0) 1006 1006 IT 763 (76.7) 232 (23.3) 995 995 LU 418 (67.5) 201 (32.5) 619 619 NL 646 (60.9) 415 (39.1) 1061 1061 PT 696 (69.6) 304 (30.4) 1000 1000 SE 626 (62.6) 374 (37.4) 1000 1000 N Sum 11466 4664 16130 N Valid Sum 11466 4664 16130 printed 24.01.2012 page 168 Eurobarometer 55.2 - May-June 2001,isocntry AT 723 (71.0) 296 (29.0) 1019 1019 BE 833 (78.7) 225 (21.3) 1058 1058 DE-E 720 (70.2) 306 (29.8) 1026 1026 DE-W 637 (62.9) 375 (37.1) 1012 1012 DK 581 (58.1) 419 (41.9) 1000 1000 ES 791 (79.1) 209 (20.9) 1000 1000 FI 753 (73.7) 269 (26.3) 1022 1022 FR 803 (80.0) 201 (20.0) 1004 1004 GB-GBN 726 (72.6) 274 (27.4) 1000 1000 GB-NIR 242 (79.6) 62 (20.4) 304 304 GR 743 (74.0) 261 (26.0) 1004 1004 IE 765 (76.0) 241 (24.0) 1006 1006 IT 763 (76.7) 232 (23.3) 995 995 LU 418 (67.5) 201 (32.5) 619 619 NL 646 (60.9) 415 (39.1) 1061 1061 PT 696 (69.6) 304 (30.4) 1000 1000 SE 626 (62.6) 374 (37.4) 1000 1000 N Sum 11466 4664 16130 N Valid Sum 11466 4664 16130 printed 24.01.2012 page 168 Eurobarometer 55.2 - May-June 2001,GESIS Variable Report,194,ZA3509
v164,v164 0 1 N Sum N Valid Sum,Q19 RESPECT PROFESSIONS: MEDICAL DOCTOR,isocntry AT 354 (34.7) 665 (65.3) 1019 1019 BE 272 (25.7) 786 (74.3) 1058 1058 DE-E 276 (26.9) 750 (73.1) 1026 1026 DE-W 383 (37.8) 629 (62.2) 1012 1012 DK 411 (41.1) 589 (58.9) 1000 1000 ES 320 (32.0) 680 (68.0) 1000 1000 FI 245 (24.0) 777 (76.0) 1022 1022 FR 197 (19.6) 807 (80.4) 1004 1004 GB-GBN 222 (22.2) 778 (77.8) 1000 1000 GB-NIR 49 (16.1) 255 (83.9) 304 304 GR 321 (32.0) 683 (68.0) 1004 1004 IE 305 (30.3) 701 (69.7) 1006 1006 IT 324 (32.6) 671 (67.4) 995 995 LU 128 (20.7) 491 (79.3) 619 619 NL 295 (27.8) 766 (72.2) 1061 1061 PT 235 (23.5) 765 (76.5) 1000 1000 SE 261 (26.1) 739 (73.9) 1000 1000 N Sum 4598 11532 16130 N Valid Sum 4598 11532 16130 printed 24.01.2012 page 169 Eurobarometer 55.2 - May-June 2001,isocntry AT 354 (34.7) 665 (65.3) 1019 1019 BE 272 (25.7) 786 (74.3) 1058 1058 DE-E 276 (26.9) 750 (73.1) 1026 1026 DE-W 383 (37.8) 629 (62.2) 1012 1012 DK 411 (41.1) 589 (58.9) 1000 1000 ES 320 (32.0) 680 (68.0) 1000 1000 FI 245 (24.0) 777 (76.0) 1022 1022 FR 197 (19.6) 807 (80.4) 1004 1004 GB-GBN 222 (22.2) 778 (77.8) 1000 1000 GB-NIR 49 (16.1) 255 (83.9) 304 304 GR 321 (32.0) 683 (68.0) 1004 1004 IE 305 (30.3) 701 (69.7) 1006 1006 IT 324 (32.6) 671 (67.4) 995 995 LU 128 (20.7) 491 (79.3) 619 619 NL 295 (27.8) 766 (72.2) 1061 1061 PT 235 (23.5) 765 (76.5) 1000 1000 SE 261 (26.1) 739 (73.9) 1000 1000 N Sum 4598 11532 16130 N Valid Sum 4598 11532 16130 printed 24.01.2012 page 169 Eurobarometer 55.2 - May-June 2001,GESIS Variable Report,195,ZA3509
v165,v165 0 1 N Sum N Valid Sum,Q19 RESPECT PROFESSIONS: LEGAL PROFESS,isocntry AT 860 (84.4) 159 (15.6) 1019 1019 BE 873 (82.5) 185 (17.5) 1058 1058 DE-E 832 (81.1) 194 (18.9) 1026 1026 DE-W 793 (78.4) 219 (21.6) 1012 1012 DK 787 (78.7) 213 (21.3) 1000 1000 ES 848 (84.8) 152 (15.2) 1000 1000 FI 879 (86.0) 143 (14.0) 1022 1022 FR 849 (84.6) 155 (15.4) 1004 1004 GB-GBN 772 (77.2) 228 (22.8) 1000 1000 GB-NIR 234 (77.0) 70 (23.0) 304 304 GR 828 (82.5) 176 (17.5) 1004 1004 IE 843 (83.8) 163 (16.2) 1006 1006 IT 870 (87.4) 125 (12.6) 995 995 LU 493 (79.6) 126 (20.4) 619 619 NL 799 (75.3) 262 (24.7) 1061 1061 PT 845 (84.5) 155 (15.5) 1000 1000 SE 797 (79.7) 203 (20.3) 1000 1000 N Sum 13202 2928 16130 N Valid Sum 13202 2928 16130 printed 24.01.2012 page 170 Eurobarometer 55.2 - May-June 2001,isocntry AT 860 (84.4) 159 (15.6) 1019 1019 BE 873 (82.5) 185 (17.5) 1058 1058 DE-E 832 (81.1) 194 (18.9) 1026 1026 DE-W 793 (78.4) 219 (21.6) 1012 1012 DK 787 (78.7) 213 (21.3) 1000 1000 ES 848 (84.8) 152 (15.2) 1000 1000 FI 879 (86.0) 143 (14.0) 1022 1022 FR 849 (84.6) 155 (15.4) 1004 1004 GB-GBN 772 (77.2) 228 (22.8) 1000 1000 GB-NIR 234 (77.0) 70 (23.0) 304 304 GR 828 (82.5) 176 (17.5) 1004 1004 IE 843 (83.8) 163 (16.2) 1006 1006 IT 870 (87.4) 125 (12.6) 995 995 LU 493 (79.6) 126 (20.4) 619 619 NL 799 (75.3) 262 (24.7) 1061 1061 PT 845 (84.5) 155 (15.5) 1000 1000 SE 797 (79.7) 203 (20.3) 1000 1000 N Sum 13202 2928 16130 N Valid Sum 13202 2928 16130 printed 24.01.2012 page 170 Eurobarometer 55.2 - May-June 2001,GESIS Variable Report,196,ZA3509
v166,v166 0 1 N Sum N Valid Sum,Q19 RESPECT PROFESSIONS: POLITICIANS,isocntry AT 930 (91.3) 89 (8.7) 1019 1019 BE 966 (91.3) 92 (8.7) 1058 1058 DE-E 953 (92.9) 73 (7.1) 1026 1026 DE-W 931 (92.0) 81 (8.0) 1012 1012 DK 869 (86.9) 131 (13.1) 1000 1000 ES 938 (93.8) 62 (6.2) 1000 1000 FI 949 (92.9) 73 (7.1) 1022 1022 FR 972 (96.8) 32 (3.2) 1004 1004 GB-GBN 937 (93.7) 63 (6.3) 1000 1000 GB-NIR 278 (91.4) 26 (8.6) 304 304 GR 945 (94.1) 59 (5.9) 1004 1004 IE 945 (93.9) 61 (6.1) 1006 1006 IT 951 (95.6) 44 (4.4) 995 995 LU 515 (83.2) 104 (16.8) 619 619 NL 903 (85.1) 158 (14.9) 1061 1061 PT 941 (94.1) 59 (5.9) 1000 1000 SE 902 (90.2) 98 (9.8) 1000 1000 N Sum 14825 1305 16130 N Valid Sum 14825 1305 16130 printed 24.01.2012 page 171 Eurobarometer 55.2 - May-June 2001,isocntry AT 930 (91.3) 89 (8.7) 1019 1019 BE 966 (91.3) 92 (8.7) 1058 1058 DE-E 953 (92.9) 73 (7.1) 1026 1026 DE-W 931 (92.0) 81 (8.0) 1012 1012 DK 869 (86.9) 131 (13.1) 1000 1000 ES 938 (93.8) 62 (6.2) 1000 1000 FI 949 (92.9) 73 (7.1) 1022 1022 FR 972 (96.8) 32 (3.2) 1004 1004 GB-GBN 937 (93.7) 63 (6.3) 1000 1000 GB-NIR 278 (91.4) 26 (8.6) 304 304 GR 945 (94.1) 59 (5.9) 1004 1004 IE 945 (93.9) 61 (6.1) 1006 1006 IT 951 (95.6) 44 (4.4) 995 995 LU 515 (83.2) 104 (16.8) 619 619 NL 903 (85.1) 158 (14.9) 1061 1061 PT 941 (94.1) 59 (5.9) 1000 1000 SE 902 (90.2) 98 (9.8) 1000 1000 N Sum 14825 1305 16130 N Valid Sum 14825 1305 16130 printed 24.01.2012 page 171 Eurobarometer 55.2 - May-June 2001,GESIS Variable Report,197,ZA3509
v167,v167 0 1 N Sum N Valid Sum,Q19 RESPECT PROFESSIONS: SCIENTISTS,isocntry AT 650 (63.8) 369 (36.2) 1019 1019 BE 544 (51.4) 514 (48.6) 1058 1058 DE-E 549 (53.5) 477 (46.5) 1026 1026 DE-W 590 (58.3) 422 (41.7) 1012 1012 DK 499 (49.9) 501 (50.1) 1000 1000 ES 526 (52.6) 474 (47.4) 1000 1000 FI 577 (56.5) 445 (43.5) 1022 1022 FR 523 (52.1) 481 (47.9) 1004 1004 GB-GBN 589 (58.9) 411 (41.1) 1000 1000 GB-NIR 201 (66.1) 103 (33.9) 304 304 GR 469 (46.7) 535 (53.3) 1004 1004 IE 775 (77.0) 231 (23.0) 1006 1006 IT 534 (53.7) 461 (46.3) 995 995 LU 309 (49.9) 310 (50.1) 619 619 NL 531 (50.0) 530 (50.0) 1061 1061 PT 648 (64.8) 352 (35.2) 1000 1000 SE 452 (45.2) 548 (54.8) 1000 1000 N Sum 8966 7164 16130 N Valid Sum 8966 7164 16130 printed 24.01.2012 page 172 Eurobarometer 55.2 - May-June 2001,isocntry AT 650 (63.8) 369 (36.2) 1019 1019 BE 544 (51.4) 514 (48.6) 1058 1058 DE-E 549 (53.5) 477 (46.5) 1026 1026 DE-W 590 (58.3) 422 (41.7) 1012 1012 DK 499 (49.9) 501 (50.1) 1000 1000 ES 526 (52.6) 474 (47.4) 1000 1000 FI 577 (56.5) 445 (43.5) 1022 1022 FR 523 (52.1) 481 (47.9) 1004 1004 GB-GBN 589 (58.9) 411 (41.1) 1000 1000 GB-NIR 201 (66.1) 103 (33.9) 304 304 GR 469 (46.7) 535 (53.3) 1004 1004 IE 775 (77.0) 231 (23.0) 1006 1006 IT 534 (53.7) 461 (46.3) 995 995 LU 309 (49.9) 310 (50.1) 619 619 NL 531 (50.0) 530 (50.0) 1061 1061 PT 648 (64.8) 352 (35.2) 1000 1000 SE 452 (45.2) 548 (54.8) 1000 1000 N Sum 8966 7164 16130 N Valid Sum 8966 7164 16130 printed 24.01.2012 page 172 Eurobarometer 55.2 - May-June 2001,GESIS Variable Report,198,ZA3509
v168,v168 0 1 N Sum N Valid Sum,Q19 RESPECT PROFESSIONS: BUSINESSMEN,isocntry AT 856 (84.0) 163 (16.0) 1019 1019 BE 870 (82.2) 188 (17.8) 1058 1058 DE-E 924 (90.1) 102 (9.9) 1026 1026 DE-W 924 (91.3) 88 (8.7) 1012 1012 DK 881 (88.1) 119 (11.9) 1000 1000 ES 840 (84.0) 160 (16.0) 1000 1000 FI 832 (81.4) 190 (18.6) 1022 1022 FR 897 (89.3) 107 (10.7) 1004 1004 GB-GBN 854 (85.4) 146 (14.6) 1000 1000 GB-NIR 264 (86.8) 40 (13.2) 304 304 GR 859 (85.6) 145 (14.4) 1004 1004 IE 821 (81.6) 185 (18.4) 1006 1006 IT 815 (81.9) 180 (18.1) 995 995 LU 513 (82.9) 106 (17.1) 619 619 NL 915 (86.2) 146 (13.8) 1061 1061 PT 844 (84.4) 156 (15.6) 1000 1000 SE 888 (88.8) 112 (11.2) 1000 1000 N Sum 13797 2333 16130 N Valid Sum 13797 2333 16130 printed 24.01.2012 page 173 Eurobarometer 55.2 - May-June 2001,isocntry AT 856 (84.0) 163 (16.0) 1019 1019 BE 870 (82.2) 188 (17.8) 1058 1058 DE-E 924 (90.1) 102 (9.9) 1026 1026 DE-W 924 (91.3) 88 (8.7) 1012 1012 DK 881 (88.1) 119 (11.9) 1000 1000 ES 840 (84.0) 160 (16.0) 1000 1000 FI 832 (81.4) 190 (18.6) 1022 1022 FR 897 (89.3) 107 (10.7) 1004 1004 GB-GBN 854 (85.4) 146 (14.6) 1000 1000 GB-NIR 264 (86.8) 40 (13.2) 304 304 GR 859 (85.6) 145 (14.4) 1004 1004 IE 821 (81.6) 185 (18.4) 1006 1006 IT 815 (81.9) 180 (18.1) 995 995 LU 513 (82.9) 106 (17.1) 619 619 NL 915 (86.2) 146 (13.8) 1061 1061 PT 844 (84.4) 156 (15.6) 1000 1000 SE 888 (88.8) 112 (11.2) 1000 1000 N Sum 13797 2333 16130 N Valid Sum 13797 2333 16130 printed 24.01.2012 page 173 Eurobarometer 55.2 - May-June 2001,GESIS Variable Report,199,ZA3509
v169,v169 0 1 N Sum N Valid Sum,Q19 RESPECT PROFESSIONS: JOURNALISTS,isocntry AT 937 (92.0) 82 (8.0) 1019 1019 BE 843 (79.7) 215 (20.3) 1058 1058 DE-E 944 (92.0) 82 (8.0) 1026 1026 DE-W 923 (91.2) 89 (8.8) 1012 1012 DK 912 (91.2) 88 (8.8) 1000 1000 ES 733 (73.3) 267 (26.7) 1000 1000 FI 920 (90.0) 102 (10.0) 1022 1022 FR 827 (82.4) 177 (17.6) 1004 1004 GB-GBN 950 (95.0) 50 (5.0) 1000 1000 GB-NIR 284 (93.4) 20 (6.6) 304 304 GR 759 (75.6) 245 (24.4) 1004 1004 IE 864 (85.9) 142 (14.1) 1006 1006 IT 872 (87.6) 123 (12.4) 995 995 LU 453 (73.2) 166 (26.8) 619 619 NL 892 (84.1) 169 (15.9) 1061 1061 PT 742 (74.2) 258 (25.8) 1000 1000 SE 907 (90.7) 93 (9.3) 1000 1000 N Sum 13762 2368 16130 N Valid Sum 13762 2368 16130 printed 24.01.2012 page 174 Eurobarometer 55.2 - May-June 2001,isocntry AT 937 (92.0) 82 (8.0) 1019 1019 BE 843 (79.7) 215 (20.3) 1058 1058 DE-E 944 (92.0) 82 (8.0) 1026 1026 DE-W 923 (91.2) 89 (8.8) 1012 1012 DK 912 (91.2) 88 (8.8) 1000 1000 ES 733 (73.3) 267 (26.7) 1000 1000 FI 920 (90.0) 102 (10.0) 1022 1022 FR 827 (82.4) 177 (17.6) 1004 1004 GB-GBN 950 (95.0) 50 (5.0) 1000 1000 GB-NIR 284 (93.4) 20 (6.6) 304 304 GR 759 (75.6) 245 (24.4) 1004 1004 IE 864 (85.9) 142 (14.1) 1006 1006 IT 872 (87.6) 123 (12.4) 995 995 LU 453 (73.2) 166 (26.8) 619 619 NL 892 (84.1) 169 (15.9) 1061 1061 PT 742 (74.2) 258 (25.8) 1000 1000 SE 907 (90.7) 93 (9.3) 1000 1000 N Sum 13762 2368 16130 N Valid Sum 13762 2368 16130 printed 24.01.2012 page 174 Eurobarometer 55.2 - May-June 2001,GESIS Variable Report,200,ZA3509
v170,v170 0 1 N Sum N Valid Sum,Q19 RESPECT PROFESSIONS: ARTISTS,isocntry AT 879 (86.3) 140 (13.7) 1019 1019 BE 717 (67.8) 341 (32.2) 1058 1058 DE-E 844 (82.3) 182 (17.7) 1026 1026 DE-W 850 (84.0) 162 (16.0) 1012 1012 DK 808 (80.8) 192 (19.2) 1000 1000 ES 742 (74.2) 258 (25.8) 1000 1000 FI 760 (74.4) 262 (25.6) 1022 1022 FR 700 (69.7) 304 (30.3) 1004 1004 GB-GBN 851 (85.1) 149 (14.9) 1000 1000 GB-NIR 267 (87.8) 37 (12.2) 304 304 GR 684 (68.1) 320 (31.9) 1004 1004 IE 871 (86.6) 135 (13.4) 1006 1006 IT 698 (70.2) 297 (29.8) 995 995 LU 455 (73.5) 164 (26.5) 619 619 NL 746 (70.3) 315 (29.7) 1061 1061 PT 751 (75.1) 249 (24.9) 1000 1000 SE 825 (82.5) 175 (17.5) 1000 1000 N Sum 12448 3682 16130 N Valid Sum 12448 3682 16130 printed 24.01.2012 page 175 Eurobarometer 55.2 - May-June 2001,isocntry AT 879 (86.3) 140 (13.7) 1019 1019 BE 717 (67.8) 341 (32.2) 1058 1058 DE-E 844 (82.3) 182 (17.7) 1026 1026 DE-W 850 (84.0) 162 (16.0) 1012 1012 DK 808 (80.8) 192 (19.2) 1000 1000 ES 742 (74.2) 258 (25.8) 1000 1000 FI 760 (74.4) 262 (25.6) 1022 1022 FR 700 (69.7) 304 (30.3) 1004 1004 GB-GBN 851 (85.1) 149 (14.9) 1000 1000 GB-NIR 267 (87.8) 37 (12.2) 304 304 GR 684 (68.1) 320 (31.9) 1004 1004 IE 871 (86.6) 135 (13.4) 1006 1006 IT 698 (70.2) 297 (29.8) 995 995 LU 455 (73.5) 164 (26.5) 619 619 NL 746 (70.3) 315 (29.7) 1061 1061 PT 751 (75.1) 249 (24.9) 1000 1000 SE 825 (82.5) 175 (17.5) 1000 1000 N Sum 12448 3682 16130 N Valid Sum 12448 3682 16130 printed 24.01.2012 page 175 Eurobarometer 55.2 - May-June 2001,GESIS Variable Report,201,ZA3509
v171,v171 0 1 N Sum N Valid Sum,Q19 RESPECT PROFESSIONS: ENGINEERS,isocntry AT 851 (83.5) 168 (16.5) 1019 1019 BE 724 (68.4) 334 (31.6) 1058 1058 DE-E 760 (74.1) 266 (25.9) 1026 1026 DE-W 741 (73.2) 271 (26.8) 1012 1012 DK 713 (71.3) 287 (28.7) 1000 1000 ES 679 (67.9) 321 (32.1) 1000 1000 FI 741 (72.5) 281 (27.5) 1022 1022 FR 664 (66.1) 340 (33.9) 1004 1004 GB-GBN 635 (63.5) 365 (36.5) 1000 1000 GB-NIR 222 (73.0) 82 (27.0) 304 304 GR 756 (75.3) 248 (24.7) 1004 1004 IE 761 (75.6) 245 (24.4) 1006 1006 IT 726 (73.0) 269 (27.0) 995 995 LU 422 (68.2) 197 (31.8) 619 619 NL 751 (70.8) 310 (29.2) 1061 1061 PT 736 (73.6) 264 (26.4) 1000 1000 SE 755 (75.5) 245 (24.5) 1000 1000 N Sum 11637 4493 16130 N Valid Sum 11637 4493 16130 printed 24.01.2012 page 176 Eurobarometer 55.2 - May-June 2001,isocntry AT 851 (83.5) 168 (16.5) 1019 1019 BE 724 (68.4) 334 (31.6) 1058 1058 DE-E 760 (74.1) 266 (25.9) 1026 1026 DE-W 741 (73.2) 271 (26.8) 1012 1012 DK 713 (71.3) 287 (28.7) 1000 1000 ES 679 (67.9) 321 (32.1) 1000 1000 FI 741 (72.5) 281 (27.5) 1022 1022 FR 664 (66.1) 340 (33.9) 1004 1004 GB-GBN 635 (63.5) 365 (36.5) 1000 1000 GB-NIR 222 (73.0) 82 (27.0) 304 304 GR 756 (75.3) 248 (24.7) 1004 1004 IE 761 (75.6) 245 (24.4) 1006 1006 IT 726 (73.0) 269 (27.0) 995 995 LU 422 (68.2) 197 (31.8) 619 619 NL 751 (70.8) 310 (29.2) 1061 1061 PT 736 (73.6) 264 (26.4) 1000 1000 SE 755 (75.5) 245 (24.5) 1000 1000 N Sum 11637 4493 16130 N Valid Sum 11637 4493 16130 printed 24.01.2012 page 176 Eurobarometer 55.2 - May-June 2001,GESIS Variable Report,202,ZA3509
v172,v172 0 1 N Sum N Valid Sum,Q19 RESPECT PROFESSIONS: SPORTSMEN,isocntry AT 783 (76.8) 236 (23.2) 1019 1019 BE 735 (69.5) 323 (30.5) 1058 1058 DE-E 780 (76.0) 246 (24.0) 1026 1026 DE-W 861 (85.1) 151 (14.9) 1012 1012 DK 853 (85.3) 147 (14.7) 1000 1000 ES 672 (67.2) 328 (32.8) 1000 1000 FI 848 (83.0) 174 (17.0) 1022 1022 FR 739 (73.6) 265 (26.4) 1004 1004 GB-GBN 767 (76.7) 233 (23.3) 1000 1000 GB-NIR 228 (75.0) 76 (25.0) 304 304 GR 511 (50.9) 493 (49.1) 1004 1004 IE 654 (65.0) 352 (35.0) 1006 1006 IT 803 (80.7) 192 (19.3) 995 995 LU 480 (77.5) 139 (22.5) 619 619 NL 769 (72.5) 292 (27.5) 1061 1061 PT 777 (77.7) 223 (22.3) 1000 1000 SE 871 (87.1) 129 (12.9) 1000 1000 N Sum 12131 3999 16130 N Valid Sum 12131 3999 16130 printed 24.01.2012 page 177 Eurobarometer 55.2 - May-June 2001,isocntry AT 783 (76.8) 236 (23.2) 1019 1019 BE 735 (69.5) 323 (30.5) 1058 1058 DE-E 780 (76.0) 246 (24.0) 1026 1026 DE-W 861 (85.1) 151 (14.9) 1012 1012 DK 853 (85.3) 147 (14.7) 1000 1000 ES 672 (67.2) 328 (32.8) 1000 1000 FI 848 (83.0) 174 (17.0) 1022 1022 FR 739 (73.6) 265 (26.4) 1004 1004 GB-GBN 767 (76.7) 233 (23.3) 1000 1000 GB-NIR 228 (75.0) 76 (25.0) 304 304 GR 511 (50.9) 493 (49.1) 1004 1004 IE 654 (65.0) 352 (35.0) 1006 1006 IT 803 (80.7) 192 (19.3) 995 995 LU 480 (77.5) 139 (22.5) 619 619 NL 769 (72.5) 292 (27.5) 1061 1061 PT 777 (77.7) 223 (22.3) 1000 1000 SE 871 (87.1) 129 (12.9) 1000 1000 N Sum 12131 3999 16130 N Valid Sum 12131 3999 16130 printed 24.01.2012 page 177 Eurobarometer 55.2 - May-June 2001,GESIS Variable Report,203,ZA3509
v173,v173 0 1 N Sum N Valid Sum,Q19 RESPECT PROFESSIONS: NONE,isocntry AT 927 (91.0) 92 (9.0) 1019 1019 BE 1009 (95.4) 49 (4.6) 1058 1058 DE-E 952 (92.8) 74 (7.2) 1026 1026 DE-W 918 (90.7) 94 (9.3) 1012 1012 DK 921 (92.1) 79 (7.9) 1000 1000 ES 920 (92.0) 80 (8.0) 1000 1000 FI 981 (96.0) 41 (4.0) 1022 1022 FR 947 (94.3) 57 (5.7) 1004 1004 GB-GBN 949 (94.9) 51 (5.1) 1000 1000 GB-NIR 291 (95.7) 13 (4.3) 304 304 GR 939 (93.5) 65 (6.5) 1004 1004 IE 943 (93.7) 63 (6.3) 1006 1006 IT 928 (93.3) 67 (6.7) 995 995 LU 597 (96.4) 22 (3.6) 619 619 NL 981 (92.5) 80 (7.5) 1061 1061 PT 952 (95.2) 48 (4.8) 1000 1000 SE 931 (93.1) 69 (6.9) 1000 1000 N Sum 15086 1044 16130 N Valid Sum 15086 1044 16130 printed 24.01.2012 page 178 Eurobarometer 55.2 - May-June 2001,isocntry AT 927 (91.0) 92 (9.0) 1019 1019 BE 1009 (95.4) 49 (4.6) 1058 1058 DE-E 952 (92.8) 74 (7.2) 1026 1026 DE-W 918 (90.7) 94 (9.3) 1012 1012 DK 921 (92.1) 79 (7.9) 1000 1000 ES 920 (92.0) 80 (8.0) 1000 1000 FI 981 (96.0) 41 (4.0) 1022 1022 FR 947 (94.3) 57 (5.7) 1004 1004 GB-GBN 949 (94.9) 51 (5.1) 1000 1000 GB-NIR 291 (95.7) 13 (4.3) 304 304 GR 939 (93.5) 65 (6.5) 1004 1004 IE 943 (93.7) 63 (6.3) 1006 1006 IT 928 (93.3) 67 (6.7) 995 995 LU 597 (96.4) 22 (3.6) 619 619 NL 981 (92.5) 80 (7.5) 1061 1061 PT 952 (95.2) 48 (4.8) 1000 1000 SE 931 (93.1) 69 (6.9) 1000 1000 N Sum 15086 1044 16130 N Valid Sum 15086 1044 16130 printed 24.01.2012 page 178 Eurobarometer 55.2 - May-June 2001,GESIS Variable Report,204,ZA3509
v174,v174 0 1 N Sum N Valid Sum,Q19 RESPECT PROFESSIONS: DK,isocntry AT 985 (96.7) 34 (3.3) 1019 1019 BE 1030 (97.4) 28 (2.6) 1058 1058 DE-E 985 (96.0) 41 (4.0) 1026 1026 DE-W 978 (96.6) 34 (3.4) 1012 1012 DK 970 (97.0) 30 (3.0) 1000 1000 ES 958 (95.8) 42 (4.2) 1000 1000 FI 1002 (98.0) 20 (2.0) 1022 1022 FR 989 (98.5) 15 (1.5) 1004 1004 GB-GBN 964 (96.4) 36 (3.6) 1000 1000 GB-NIR 300 (98.7) 4 (1.3) 304 304 GR 1000 (99.6) 4 (0.4) 1004 1004 IE 951 (94.5) 55 (5.5) 1006 1006 IT 970 (97.5) 25 (2.5) 995 995 LU 602 (97.3) 17 (2.7) 619 619 NL 1024 (96.5) 37 (3.5) 1061 1061 PT 967 (96.7) 33 (3.3) 1000 1000 SE 973 (97.3) 27 (2.7) 1000 1000 N Sum 15648 482 16130 N Valid Sum 15648 482 16130 printed 24.01.2012 page 179 Eurobarometer 55.2 - May-June 2001,isocntry AT 985 (96.7) 34 (3.3) 1019 1019 BE 1030 (97.4) 28 (2.6) 1058 1058 DE-E 985 (96.0) 41 (4.0) 1026 1026 DE-W 978 (96.6) 34 (3.4) 1012 1012 DK 970 (97.0) 30 (3.0) 1000 1000 ES 958 (95.8) 42 (4.2) 1000 1000 FI 1002 (98.0) 20 (2.0) 1022 1022 FR 989 (98.5) 15 (1.5) 1004 1004 GB-GBN 964 (96.4) 36 (3.6) 1000 1000 GB-NIR 300 (98.7) 4 (1.3) 304 304 GR 1000 (99.6) 4 (0.4) 1004 1004 IE 951 (94.5) 55 (5.5) 1006 1006 IT 970 (97.5) 25 (2.5) 995 995 LU 602 (97.3) 17 (2.7) 619 619 NL 1024 (96.5) 37 (3.5) 1061 1061 PT 967 (96.7) 33 (3.3) 1000 1000 SE 973 (97.3) 27 (2.7) 1000 1000 N Sum 15648 482 16130 N Valid Sum 15648 482 16130 printed 24.01.2012 page 179 Eurobarometer 55.2 - May-June 2001,GESIS Variable Report,205,ZA3509
v175,v175 1 2 3 N Sum N Valid Sum,Q20 SCIENCE&TEC IN MEDIA: TOO MANY INFO,isocntry M AT 177 (22.2) 621 (77.8) 221 1019 798 BE 175 (20.1) 695 (79.9) 188 1058 870 DE-E 187 (23.6) 606 (76.4) 232 1025 793 DE-W 208 (25.3) 613 (74.7) 190 1011 821 DK 131 (14.0) 806 (86.0) 63 1000 937 ES 142 (18.3) 634 (81.7) 224 1000 776 FI 140 (15.5) 761 (84.5) 121 1022 901 FR 142 (15.7) 763 (84.3) 98 1003 905 GB-GBN 201 (22.9) 676 (77.1) 123 1000 877 GB-NIR 59 (23.6) 191 (76.4) 53 303 250 GR 541 (64.3) 301 (35.7) 163 1005 842 IE 194 (26.6) 534 (73.4) 277 1005 728 IT 163 (19.3) 683 (80.7) 150 996 846 LU 115 (21.4) 423 (78.6) 81 619 538 NL 109 (12.2) 784 (87.8) 168 1061 893 PT 226 (31.1) 500 (68.9) 274 1000 726 SE 119 (13.3) 776 (86.7) 105 1000 895 N Sum 3029 10367 2731 16127 N Valid Sum 3029 10367 13396 printed 24.01.2012 page 180 Eurobarometer 55.2 - May-June 2001,isocntry M AT 177 (22.2) 621 (77.8) 221 1019 798 BE 175 (20.1) 695 (79.9) 188 1058 870 DE-E 187 (23.6) 606 (76.4) 232 1025 793 DE-W 208 (25.3) 613 (74.7) 190 1011 821 DK 131 (14.0) 806 (86.0) 63 1000 937 ES 142 (18.3) 634 (81.7) 224 1000 776 FI 140 (15.5) 761 (84.5) 121 1022 901 FR 142 (15.7) 763 (84.3) 98 1003 905 GB-GBN 201 (22.9) 676 (77.1) 123 1000 877 GB-NIR 59 (23.6) 191 (76.4) 53 303 250 GR 541 (64.3) 301 (35.7) 163 1005 842 IE 194 (26.6) 534 (73.4) 277 1005 728 IT 163 (19.3) 683 (80.7) 150 996 846 LU 115 (21.4) 423 (78.6) 81 619 538 NL 109 (12.2) 784 (87.8) 168 1061 893 PT 226 (31.1) 500 (68.9) 274 1000 726 SE 119 (13.3) 776 (86.7) 105 1000 895 N Sum 3029 10367 2731 16127 N Valid Sum 3029 10367 13396 printed 24.01.2012 page 180 Eurobarometer 55.2 - May-June 2001,GESIS Variable Report,206,ZA3509
v176,v176 1 2 3 N Sum N Valid Sum,Q20 SCIENCE&TEC IN MEDIA: NEGATIVE IMAGE,isocntry M AT 364 (50.0) 364 (50.0) 291 1019 728 BE 346 (43.7) 445 (56.3) 267 1058 791 DE-E 345 (45.9) 406 (54.1) 275 1026 751 DE-W 372 (49.4) 381 (50.6) 259 1012 753 DK 409 (46.4) 473 (53.6) 118 1000 882 ES 339 (46.2) 394 (53.8) 267 1000 733 FI 263 (31.8) 565 (68.2) 194 1022 828 FR 342 (41.5) 483 (58.5) 179 1004 825 GB-GBN 447 (60.2) 295 (39.8) 258 1000 742 GB-NIR 132 (63.2) 77 (36.8) 95 304 209 GR 540 (68.4) 249 (31.6) 215 1004 789 IE 364 (61.1) 232 (38.9) 410 1006 596 IT 359 (48.0) 389 (52.0) 247 995 748 LU 247 (50.2) 245 (49.8) 127 619 492 NL 322 (40.6) 471 (59.4) 268 1061 793 PT 293 (44.9) 360 (55.1) 347 1000 653 SE 233 (28.8) 575 (71.2) 191 999 808 N Sum 5717 6404 4008 16129 N Valid Sum 5717 6404 12121 printed 24.01.2012 page 181 Eurobarometer 55.2 - May-June 2001,isocntry M AT 364 (50.0) 364 (50.0) 291 1019 728 BE 346 (43.7) 445 (56.3) 267 1058 791 DE-E 345 (45.9) 406 (54.1) 275 1026 751 DE-W 372 (49.4) 381 (50.6) 259 1012 753 DK 409 (46.4) 473 (53.6) 118 1000 882 ES 339 (46.2) 394 (53.8) 267 1000 733 FI 263 (31.8) 565 (68.2) 194 1022 828 FR 342 (41.5) 483 (58.5) 179 1004 825 GB-GBN 447 (60.2) 295 (39.8) 258 1000 742 GB-NIR 132 (63.2) 77 (36.8) 95 304 209 GR 540 (68.4) 249 (31.6) 215 1004 789 IE 364 (61.1) 232 (38.9) 410 1006 596 IT 359 (48.0) 389 (52.0) 247 995 748 LU 247 (50.2) 245 (49.8) 127 619 492 NL 322 (40.6) 471 (59.4) 268 1061 793 PT 293 (44.9) 360 (55.1) 347 1000 653 SE 233 (28.8) 575 (71.2) 191 999 808 N Sum 5717 6404 4008 16129 N Valid Sum 5717 6404 12121 printed 24.01.2012 page 181 Eurobarometer 55.2 - May-June 2001,GESIS Variable Report,207,ZA3509
v177,v177 1 2 3 N Sum N Valid Sum,Q20 SCIENCE&TEC IN MEDIA: JOURNALISTS,isocntry M AT 528 (71.2) 214 (28.8) 277 1019 742 BE 469 (60.8) 303 (39.2) 286 1058 772 DE-E 556 (78.4) 153 (21.6) 317 1026 709 DE-W 589 (77.7) 169 (22.3) 255 1013 758 DK 596 (77.4) 174 (22.6) 231 1001 770 ES 433 (64.0) 244 (36.0) 323 1000 677 FI 515 (70.9) 211 (29.1) 297 1023 726 FR 572 (69.5) 251 (30.5) 182 1005 823 GB-GBN 535 (76.6) 163 (23.4) 302 1000 698 GB-NIR 162 (84.4) 30 (15.6) 112 304 192 GR 650 (79.6) 167 (20.4) 187 1004 817 IE 449 (77.3) 132 (22.7) 425 1006 581 IT 545 (73.2) 200 (26.8) 251 996 745 LU 365 (74.2) 127 (25.8) 127 619 492 NL 444 (66.4) 225 (33.6) 393 1062 669 PT 431 (64.5) 237 (35.5) 332 1000 668 SE 591 (78.1) 166 (21.9) 243 1000 757 N Sum 8430 3166 4540 16136 N Valid Sum 8430 3166 11596 printed 24.01.2012 page 182 Eurobarometer 55.2 - May-June 2001,isocntry M AT 528 (71.2) 214 (28.8) 277 1019 742 BE 469 (60.8) 303 (39.2) 286 1058 772 DE-E 556 (78.4) 153 (21.6) 317 1026 709 DE-W 589 (77.7) 169 (22.3) 255 1013 758 DK 596 (77.4) 174 (22.6) 231 1001 770 ES 433 (64.0) 244 (36.0) 323 1000 677 FI 515 (70.9) 211 (29.1) 297 1023 726 FR 572 (69.5) 251 (30.5) 182 1005 823 GB-GBN 535 (76.6) 163 (23.4) 302 1000 698 GB-NIR 162 (84.4) 30 (15.6) 112 304 192 GR 650 (79.6) 167 (20.4) 187 1004 817 IE 449 (77.3) 132 (22.7) 425 1006 581 IT 545 (73.2) 200 (26.8) 251 996 745 LU 365 (74.2) 127 (25.8) 127 619 492 NL 444 (66.4) 225 (33.6) 393 1062 669 PT 431 (64.5) 237 (35.5) 332 1000 668 SE 591 (78.1) 166 (21.9) 243 1000 757 N Sum 8430 3166 4540 16136 N Valid Sum 8430 3166 11596 printed 24.01.2012 page 182 Eurobarometer 55.2 - May-June 2001,GESIS Variable Report,208,ZA3509
v178,v178 1 2 3 N Sum N Valid Sum,Q20 SCIENCE&TEC IN MEDIA: PREFER TV,isocntry M AT 625 (72.1) 242 (27.9) 152 1019 867 BE 657 (70.2) 279 (29.8) 122 1058 936 DE-E 720 (79.2) 189 (20.8) 117 1026 909 DE-W 693 (75.2) 229 (24.8) 90 1012 922 DK 704 (73.5) 254 (26.5) 42 1000 958 ES 689 (78.6) 188 (21.4) 124 1001 877 FI 702 (74.7) 238 (25.3) 82 1022 940 FR 627 (67.4) 303 (32.6) 74 1004 930 GB-GBN 642 (72.1) 248 (27.9) 109 999 890 GB-NIR 218 (78.7) 59 (21.3) 27 304 277 GR 756 (80.3) 185 (19.7) 62 1003 941 IE 610 (73.4) 221 (26.6) 174 1005 831 IT 645 (72.9) 240 (27.1) 110 995 885 LU 426 (75.0) 142 (25.0) 52 620 568 NL 671 (68.7) 306 (31.3) 84 1061 977 PT 756 (86.5) 118 (13.5) 126 1000 874 SE 726 (76.0) 229 (24.0) 45 1000 955 N Sum 10867 3670 1592 16129 N Valid Sum 10867 3670 14537 printed 24.01.2012 page 183 Eurobarometer 55.2 - May-June 2001,isocntry M AT 625 (72.1) 242 (27.9) 152 1019 867 BE 657 (70.2) 279 (29.8) 122 1058 936 DE-E 720 (79.2) 189 (20.8) 117 1026 909 DE-W 693 (75.2) 229 (24.8) 90 1012 922 DK 704 (73.5) 254 (26.5) 42 1000 958 ES 689 (78.6) 188 (21.4) 124 1001 877 FI 702 (74.7) 238 (25.3) 82 1022 940 FR 627 (67.4) 303 (32.6) 74 1004 930 GB-GBN 642 (72.1) 248 (27.9) 109 999 890 GB-NIR 218 (78.7) 59 (21.3) 27 304 277 GR 756 (80.3) 185 (19.7) 62 1003 941 IE 610 (73.4) 221 (26.6) 174 1005 831 IT 645 (72.9) 240 (27.1) 110 995 885 LU 426 (75.0) 142 (25.0) 52 620 568 NL 671 (68.7) 306 (31.3) 84 1061 977 PT 756 (86.5) 118 (13.5) 126 1000 874 SE 726 (76.0) 229 (24.0) 45 1000 955 N Sum 10867 3670 1592 16129 N Valid Sum 10867 3670 14537 printed 24.01.2012 page 183 Eurobarometer 55.2 - May-June 2001,GESIS Variable Report,209,ZA3509
v179,v179 1 2 3 N Sum N Valid Sum,Q20 SCIENCE&TEC IN MEDIA: RARELY READ,isocntry M AT 534 (60.2) 353 (39.8) 132 1019 887 BE 653 (66.4) 331 (33.6) 74 1058 984 DE-E 634 (67.2) 310 (32.8) 81 1025 944 DE-W 609 (63.9) 344 (36.1) 59 1012 953 DK 414 (41.8) 577 (58.2) 10 1001 991 ES 601 (65.3) 319 (34.7) 80 1000 920 FI 552 (56.6) 424 (43.4) 46 1022 976 FR 639 (66.1) 328 (33.9) 37 1004 967 GB-GBN 587 (62.1) 359 (37.9) 54 1000 946 GB-NIR 209 (71.8) 82 (28.2) 13 304 291 GR 736 (77.7) 211 (22.3) 57 1004 947 IE 654 (73.2) 239 (26.8) 113 1006 893 IT 614 (66.4) 311 (33.6) 70 995 925 LU 343 (59.2) 236 (40.8) 40 619 579 NL 506 (49.2) 522 (50.8) 33 1061 1028 PT 787 (86.9) 119 (13.1) 94 1000 906 SE 533 (54.2) 451 (45.8) 16 1000 984 N Sum 9605 5516 1009 16130 N Valid Sum 9605 5516 15121 printed 24.01.2012 page 184 Eurobarometer 55.2 - May-June 2001,isocntry M AT 534 (60.2) 353 (39.8) 132 1019 887 BE 653 (66.4) 331 (33.6) 74 1058 984 DE-E 634 (67.2) 310 (32.8) 81 1025 944 DE-W 609 (63.9) 344 (36.1) 59 1012 953 DK 414 (41.8) 577 (58.2) 10 1001 991 ES 601 (65.3) 319 (34.7) 80 1000 920 FI 552 (56.6) 424 (43.4) 46 1022 976 FR 639 (66.1) 328 (33.9) 37 1004 967 GB-GBN 587 (62.1) 359 (37.9) 54 1000 946 GB-NIR 209 (71.8) 82 (28.2) 13 304 291 GR 736 (77.7) 211 (22.3) 57 1004 947 IE 654 (73.2) 239 (26.8) 113 1006 893 IT 614 (66.4) 311 (33.6) 70 995 925 LU 343 (59.2) 236 (40.8) 40 619 579 NL 506 (49.2) 522 (50.8) 33 1061 1028 PT 787 (86.9) 119 (13.1) 94 1000 906 SE 533 (54.2) 451 (45.8) 16 1000 984 N Sum 9605 5516 1009 16130 N Valid Sum 9605 5516 15121 printed 24.01.2012 page 184 Eurobarometer 55.2 - May-June 2001,GESIS Variable Report,210,ZA3509
v180,,Q21 DISASTER EXPLANATION TRUST - 1ST,,Q21 DISASTER EXPLANATION TRUST - 1ST,GESIS Variable Report,211,ZA3509
v181,,Q21 DISASTER EXPLANATION TRUST - 2ND,,Q21 DISASTER EXPLANATION TRUST - 2ND,GESIS Variable Report,212,ZA3509
v182,,Q21 DISASTER EXPLANATION TRUST - 3RD,,Q21 DISASTER EXPLANATION TRUST - 3RD,GESIS Variable Report,214,ZA3509
v183,v183 0 1 N Sum N Valid Sum,Q21T DISASTER EXPL TRUST: SCIENTIST,isocntry AT 361 (35.4) 658 (64.6) 1019 1019 BE 446 (42.2) 612 (57.8) 1058 1058 DE-E 371 (36.2) 655 (63.8) 1026 1026 DE-W 435 (43.0) 577 (57.0) 1012 1012 DK 253 (25.3) 747 (74.7) 1000 1000 ES 330 (33.0) 670 (67.0) 1000 1000 FI 295 (28.9) 727 (71.1) 1022 1022 FR 442 (44.0) 562 (56.0) 1004 1004 GB-GBN 401 (40.1) 599 (59.9) 1000 1000 GB-NIR 117 (38.5) 187 (61.5) 304 304 GR 167 (16.6) 837 (83.4) 1004 1004 IE 500 (49.7) 506 (50.3) 1006 1006 IT 325 (32.7) 670 (67.3) 995 995 LU 264 (42.6) 355 (57.4) 619 619 NL 327 (30.8) 734 (69.2) 1061 1061 PT 410 (41.0) 590 (59.0) 1000 1000 SE 214 (21.4) 786 (78.6) 1000 1000 N Sum 5658 10472 16130 N Valid Sum 5658 10472 16130 printed 24.01.2012 page 190 Eurobarometer 55.2 - May-June 2001,isocntry AT 361 (35.4) 658 (64.6) 1019 1019 BE 446 (42.2) 612 (57.8) 1058 1058 DE-E 371 (36.2) 655 (63.8) 1026 1026 DE-W 435 (43.0) 577 (57.0) 1012 1012 DK 253 (25.3) 747 (74.7) 1000 1000 ES 330 (33.0) 670 (67.0) 1000 1000 FI 295 (28.9) 727 (71.1) 1022 1022 FR 442 (44.0) 562 (56.0) 1004 1004 GB-GBN 401 (40.1) 599 (59.9) 1000 1000 GB-NIR 117 (38.5) 187 (61.5) 304 304 GR 167 (16.6) 837 (83.4) 1004 1004 IE 500 (49.7) 506 (50.3) 1006 1006 IT 325 (32.7) 670 (67.3) 995 995 LU 264 (42.6) 355 (57.4) 619 619 NL 327 (30.8) 734 (69.2) 1061 1061 PT 410 (41.0) 590 (59.0) 1000 1000 SE 214 (21.4) 786 (78.6) 1000 1000 N Sum 5658 10472 16130 N Valid Sum 5658 10472 16130 printed 24.01.2012 page 190 Eurobarometer 55.2 - May-June 2001,GESIS Variable Report,216,ZA3509
v184,v184 0 1 N Sum N Valid Sum,Q21T DISASTER EXPL TRUST: JOURNALIST,isocntry AT 841 (82.5) 178 (17.5) 1019 1019 BE 800 (75.6) 258 (24.4) 1058 1058 DE-E 927 (90.4) 99 (9.6) 1026 1026 DE-W 900 (88.9) 112 (11.1) 1012 1012 DK 806 (80.6) 194 (19.4) 1000 1000 ES 746 (74.6) 254 (25.4) 1000 1000 FI 861 (84.2) 161 (15.8) 1022 1022 FR 813 (81.0) 191 (19.0) 1004 1004 GB-GBN 879 (87.9) 121 (12.1) 1000 1000 GB-NIR 260 (85.5) 44 (14.5) 304 304 GR 728 (72.5) 276 (27.5) 1004 1004 IE 767 (76.2) 239 (23.8) 1006 1006 IT 808 (81.2) 187 (18.8) 995 995 LU 476 (76.9) 143 (23.1) 619 619 NL 827 (77.9) 234 (22.1) 1061 1061 PT 664 (66.4) 336 (33.6) 1000 1000 SE 798 (79.8) 202 (20.2) 1000 1000 N Sum 12901 3229 16130 N Valid Sum 12901 3229 16130 printed 24.01.2012 page 191 Eurobarometer 55.2 - May-June 2001,isocntry AT 841 (82.5) 178 (17.5) 1019 1019 BE 800 (75.6) 258 (24.4) 1058 1058 DE-E 927 (90.4) 99 (9.6) 1026 1026 DE-W 900 (88.9) 112 (11.1) 1012 1012 DK 806 (80.6) 194 (19.4) 1000 1000 ES 746 (74.6) 254 (25.4) 1000 1000 FI 861 (84.2) 161 (15.8) 1022 1022 FR 813 (81.0) 191 (19.0) 1004 1004 GB-GBN 879 (87.9) 121 (12.1) 1000 1000 GB-NIR 260 (85.5) 44 (14.5) 304 304 GR 728 (72.5) 276 (27.5) 1004 1004 IE 767 (76.2) 239 (23.8) 1006 1006 IT 808 (81.2) 187 (18.8) 995 995 LU 476 (76.9) 143 (23.1) 619 619 NL 827 (77.9) 234 (22.1) 1061 1061 PT 664 (66.4) 336 (33.6) 1000 1000 SE 798 (79.8) 202 (20.2) 1000 1000 N Sum 12901 3229 16130 N Valid Sum 12901 3229 16130 printed 24.01.2012 page 191 Eurobarometer 55.2 - May-June 2001,GESIS Variable Report,217,ZA3509
v185,v185 0 1 N Sum N Valid Sum,Q21T DISASTER EXPL TRUST: CONSUMER ORG,isocntry AT 703 (69.0) 316 (31.0) 1019 1019 BE 730 (69.0) 328 (31.0) 1058 1058 DE-E 600 (58.5) 426 (41.5) 1026 1026 DE-W 548 (54.2) 464 (45.8) 1012 1012 DK 727 (72.7) 273 (27.3) 1000 1000 ES 697 (69.7) 303 (30.3) 1000 1000 FI 829 (81.1) 193 (18.9) 1022 1022 FR 584 (58.2) 420 (41.8) 1004 1004 GB-GBN 776 (77.6) 224 (22.4) 1000 1000 GB-NIR 242 (79.6) 62 (20.4) 304 304 GR 792 (78.9) 212 (21.1) 1004 1004 IE 717 (71.3) 289 (28.7) 1006 1006 IT 762 (76.6) 233 (23.4) 995 995 LU 431 (69.6) 188 (30.4) 619 619 NL 790 (74.5) 271 (25.5) 1061 1061 PT 838 (83.8) 162 (16.2) 1000 1000 SE 890 (89.0) 110 (11.0) 1000 1000 N Sum 11656 4474 16130 N Valid Sum 11656 4474 16130 printed 24.01.2012 page 192 Eurobarometer 55.2 - May-June 2001,isocntry AT 703 (69.0) 316 (31.0) 1019 1019 BE 730 (69.0) 328 (31.0) 1058 1058 DE-E 600 (58.5) 426 (41.5) 1026 1026 DE-W 548 (54.2) 464 (45.8) 1012 1012 DK 727 (72.7) 273 (27.3) 1000 1000 ES 697 (69.7) 303 (30.3) 1000 1000 FI 829 (81.1) 193 (18.9) 1022 1022 FR 584 (58.2) 420 (41.8) 1004 1004 GB-GBN 776 (77.6) 224 (22.4) 1000 1000 GB-NIR 242 (79.6) 62 (20.4) 304 304 GR 792 (78.9) 212 (21.1) 1004 1004 IE 717 (71.3) 289 (28.7) 1006 1006 IT 762 (76.6) 233 (23.4) 995 995 LU 431 (69.6) 188 (30.4) 619 619 NL 790 (74.5) 271 (25.5) 1061 1061 PT 838 (83.8) 162 (16.2) 1000 1000 SE 890 (89.0) 110 (11.0) 1000 1000 N Sum 11656 4474 16130 N Valid Sum 11656 4474 16130 printed 24.01.2012 page 192 Eurobarometer 55.2 - May-June 2001,GESIS Variable Report,218,ZA3509
v186,v186 0 1 N Sum N Valid Sum,Q21T DISASTER EXPL TRUST: ENVIRONMT ASS,isocntry AT 412 (40.4) 607 (59.6) 1019 1019 BE 490 (46.3) 568 (53.7) 1058 1058 DE-E 445 (43.4) 581 (56.6) 1026 1026 DE-W 397 (39.2) 615 (60.8) 1012 1012 DK 412 (41.2) 588 (58.8) 1000 1000 ES 421 (42.1) 579 (57.9) 1000 1000 FI 301 (29.5) 721 (70.5) 1022 1022 FR 365 (36.4) 639 (63.6) 1004 1004 GB-GBN 384 (38.4) 616 (61.6) 1000 1000 GB-NIR 101 (33.2) 203 (66.8) 304 304 GR 333 (33.2) 671 (66.8) 1004 1004 IE 357 (35.5) 649 (64.5) 1006 1006 IT 401 (40.3) 594 (59.7) 995 995 LU 280 (45.2) 339 (54.8) 619 619 NL 582 (54.9) 479 (45.1) 1061 1061 PT 498 (49.8) 502 (50.2) 1000 1000 SE 397 (39.7) 603 (60.3) 1000 1000 N Sum 6576 9554 16130 N Valid Sum 6576 9554 16130 printed 24.01.2012 page 193 Eurobarometer 55.2 - May-June 2001,isocntry AT 412 (40.4) 607 (59.6) 1019 1019 BE 490 (46.3) 568 (53.7) 1058 1058 DE-E 445 (43.4) 581 (56.6) 1026 1026 DE-W 397 (39.2) 615 (60.8) 1012 1012 DK 412 (41.2) 588 (58.8) 1000 1000 ES 421 (42.1) 579 (57.9) 1000 1000 FI 301 (29.5) 721 (70.5) 1022 1022 FR 365 (36.4) 639 (63.6) 1004 1004 GB-GBN 384 (38.4) 616 (61.6) 1000 1000 GB-NIR 101 (33.2) 203 (66.8) 304 304 GR 333 (33.2) 671 (66.8) 1004 1004 IE 357 (35.5) 649 (64.5) 1006 1006 IT 401 (40.3) 594 (59.7) 995 995 LU 280 (45.2) 339 (54.8) 619 619 NL 582 (54.9) 479 (45.1) 1061 1061 PT 498 (49.8) 502 (50.2) 1000 1000 SE 397 (39.7) 603 (60.3) 1000 1000 N Sum 6576 9554 16130 N Valid Sum 6576 9554 16130 printed 24.01.2012 page 193 Eurobarometer 55.2 - May-June 2001,GESIS Variable Report,219,ZA3509
v187,v187 0 1 N Sum N Valid Sum,Q21T DISASTER EXPL TRUST: GOVERNMENT,isocntry AT 829 (81.4) 190 (18.6) 1019 1019 BE 864 (81.7) 194 (18.3) 1058 1058 DE-E 867 (84.5) 159 (15.5) 1026 1026 DE-W 884 (87.4) 128 (12.6) 1012 1012 DK 708 (70.8) 292 (29.2) 1000 1000 ES 699 (69.9) 301 (30.1) 1000 1000 FI 747 (73.1) 275 (26.9) 1022 1022 FR 889 (88.5) 115 (11.5) 1004 1004 GB-GBN 771 (77.1) 229 (22.9) 1000 1000 GB-NIR 209 (68.8) 95 (31.3) 304 304 GR 822 (81.9) 182 (18.1) 1004 1004 IE 783 (77.8) 223 (22.2) 1006 1006 IT 838 (84.2) 157 (15.8) 995 995 LU 504 (81.4) 115 (18.6) 619 619 NL 592 (55.8) 469 (44.2) 1061 1061 PT 634 (63.4) 366 (36.6) 1000 1000 SE 694 (69.4) 306 (30.6) 1000 1000 N Sum 12334 3796 16130 N Valid Sum 12334 3796 16130 printed 24.01.2012 page 194 Eurobarometer 55.2 - May-June 2001,isocntry AT 829 (81.4) 190 (18.6) 1019 1019 BE 864 (81.7) 194 (18.3) 1058 1058 DE-E 867 (84.5) 159 (15.5) 1026 1026 DE-W 884 (87.4) 128 (12.6) 1012 1012 DK 708 (70.8) 292 (29.2) 1000 1000 ES 699 (69.9) 301 (30.1) 1000 1000 FI 747 (73.1) 275 (26.9) 1022 1022 FR 889 (88.5) 115 (11.5) 1004 1004 GB-GBN 771 (77.1) 229 (22.9) 1000 1000 GB-NIR 209 (68.8) 95 (31.3) 304 304 GR 822 (81.9) 182 (18.1) 1004 1004 IE 783 (77.8) 223 (22.2) 1006 1006 IT 838 (84.2) 157 (15.8) 995 995 LU 504 (81.4) 115 (18.6) 619 619 NL 592 (55.8) 469 (44.2) 1061 1061 PT 634 (63.4) 366 (36.6) 1000 1000 SE 694 (69.4) 306 (30.6) 1000 1000 N Sum 12334 3796 16130 N Valid Sum 12334 3796 16130 printed 24.01.2012 page 194 Eurobarometer 55.2 - May-June 2001,GESIS Variable Report,220,ZA3509
v188,v188 0 1 N Sum N Valid Sum,Q21T DISASTER EXPL TRUST: MEDICAL DOCTOR,isocntry AT 413 (40.5) 606 (59.5) 1019 1019 BE 347 (32.8) 711 (67.2) 1058 1058 DE-E 441 (43.0) 585 (57.0) 1026 1026 DE-W 473 (46.7) 539 (53.3) 1012 1012 DK 469 (46.9) 531 (53.1) 1000 1000 ES 481 (48.1) 519 (51.9) 1000 1000 FI 397 (38.8) 625 (61.2) 1022 1022 FR 407 (40.5) 597 (59.5) 1004 1004 GB-GBN 399 (39.9) 601 (60.1) 1000 1000 GB-NIR 117 (38.5) 187 (61.5) 304 304 GR 485 (48.3) 519 (51.7) 1004 1004 IE 438 (43.5) 568 (56.5) 1006 1006 IT 513 (51.6) 482 (48.4) 995 995 LU 341 (55.1) 278 (44.9) 619 619 NL 476 (44.9) 585 (55.1) 1061 1061 PT 473 (47.3) 527 (52.7) 1000 1000 SE 424 (42.4) 576 (57.6) 1000 1000 N Sum 7094 9036 16130 N Valid Sum 7094 9036 16130 printed 24.01.2012 page 195 Eurobarometer 55.2 - May-June 2001,isocntry AT 413 (40.5) 606 (59.5) 1019 1019 BE 347 (32.8) 711 (67.2) 1058 1058 DE-E 441 (43.0) 585 (57.0) 1026 1026 DE-W 473 (46.7) 539 (53.3) 1012 1012 DK 469 (46.9) 531 (53.1) 1000 1000 ES 481 (48.1) 519 (51.9) 1000 1000 FI 397 (38.8) 625 (61.2) 1022 1022 FR 407 (40.5) 597 (59.5) 1004 1004 GB-GBN 399 (39.9) 601 (60.1) 1000 1000 GB-NIR 117 (38.5) 187 (61.5) 304 304 GR 485 (48.3) 519 (51.7) 1004 1004 IE 438 (43.5) 568 (56.5) 1006 1006 IT 513 (51.6) 482 (48.4) 995 995 LU 341 (55.1) 278 (44.9) 619 619 NL 476 (44.9) 585 (55.1) 1061 1061 PT 473 (47.3) 527 (52.7) 1000 1000 SE 424 (42.4) 576 (57.6) 1000 1000 N Sum 7094 9036 16130 N Valid Sum 7094 9036 16130 printed 24.01.2012 page 195 Eurobarometer 55.2 - May-June 2001,GESIS Variable Report,221,ZA3509
v189,v189 0 1 N Sum N Valid Sum,Q21T DISASTER EXPL TRUST: COMPANIES,isocntry AT 941 (92.3) 78 (7.7) 1019 1019 BE 957 (90.5) 101 (9.5) 1058 1058 DE-E 973 (94.8) 53 (5.2) 1026 1026 DE-W 976 (96.4) 36 (3.6) 1012 1012 DK 897 (89.7) 103 (10.3) 1000 1000 ES 963 (96.3) 37 (3.7) 1000 1000 FI 981 (96.0) 41 (4.0) 1022 1022 FR 951 (94.7) 53 (5.3) 1004 1004 GB-GBN 959 (95.9) 41 (4.1) 1000 1000 GB-NIR 294 (96.7) 10 (3.3) 304 304 GR 982 (97.8) 22 (2.2) 1004 1004 IE 934 (92.8) 72 (7.2) 1006 1006 IT 964 (96.9) 31 (3.1) 995 995 LU 560 (90.5) 59 (9.5) 619 619 NL 1000 (94.3) 61 (5.7) 1061 1061 PT 960 (96.0) 40 (4.0) 1000 1000 SE 928 (92.8) 72 (7.2) 1000 1000 N Sum 15220 910 16130 N Valid Sum 15220 910 16130 printed 24.01.2012 page 196 Eurobarometer 55.2 - May-June 2001,isocntry AT 941 (92.3) 78 (7.7) 1019 1019 BE 957 (90.5) 101 (9.5) 1058 1058 DE-E 973 (94.8) 53 (5.2) 1026 1026 DE-W 976 (96.4) 36 (3.6) 1012 1012 DK 897 (89.7) 103 (10.3) 1000 1000 ES 963 (96.3) 37 (3.7) 1000 1000 FI 981 (96.0) 41 (4.0) 1022 1022 FR 951 (94.7) 53 (5.3) 1004 1004 GB-GBN 959 (95.9) 41 (4.1) 1000 1000 GB-NIR 294 (96.7) 10 (3.3) 304 304 GR 982 (97.8) 22 (2.2) 1004 1004 IE 934 (92.8) 72 (7.2) 1006 1006 IT 964 (96.9) 31 (3.1) 995 995 LU 560 (90.5) 59 (9.5) 619 619 NL 1000 (94.3) 61 (5.7) 1061 1061 PT 960 (96.0) 40 (4.0) 1000 1000 SE 928 (92.8) 72 (7.2) 1000 1000 N Sum 15220 910 16130 N Valid Sum 15220 910 16130 printed 24.01.2012 page 196 Eurobarometer 55.2 - May-June 2001,GESIS Variable Report,222,ZA3509
v190,v190 0 1 N Sum N Valid Sum,Q21T DISASTER EXPL TRUST: OTHER,isocntry AT 997 (97.8) 22 (2.2) 1019 1019 BE 1026 (97.0) 32 (3.0) 1058 1058 DE-E 986 (96.1) 40 (3.9) 1026 1026 DE-W 964 (95.3) 48 (4.7) 1012 1012 DK 990 (99.0) 10 (1.0) 1000 1000 ES 982 (98.2) 18 (1.8) 1000 1000 FI 991 (97.0) 31 (3.0) 1022 1022 FR 981 (97.7) 23 (2.3) 1004 1004 GB-GBN 980 (98.0) 20 (2.0) 1000 1000 GB-NIR 298 (98.0) 6 (2.0) 304 304 GR 998 (99.4) 6 (0.6) 1004 1004 IE 970 (96.4) 36 (3.6) 1006 1006 IT 959 (96.4) 36 (3.6) 995 995 LU 593 (95.8) 26 (4.2) 619 619 NL 990 (93.3) 71 (6.7) 1061 1061 PT 972 (97.2) 28 (2.8) 1000 1000 SE 962 (96.2) 38 (3.8) 1000 1000 N Sum 15639 491 16130 N Valid Sum 15639 491 16130 printed 24.01.2012 page 197 Eurobarometer 55.2 - May-June 2001,isocntry AT 997 (97.8) 22 (2.2) 1019 1019 BE 1026 (97.0) 32 (3.0) 1058 1058 DE-E 986 (96.1) 40 (3.9) 1026 1026 DE-W 964 (95.3) 48 (4.7) 1012 1012 DK 990 (99.0) 10 (1.0) 1000 1000 ES 982 (98.2) 18 (1.8) 1000 1000 FI 991 (97.0) 31 (3.0) 1022 1022 FR 981 (97.7) 23 (2.3) 1004 1004 GB-GBN 980 (98.0) 20 (2.0) 1000 1000 GB-NIR 298 (98.0) 6 (2.0) 304 304 GR 998 (99.4) 6 (0.6) 1004 1004 IE 970 (96.4) 36 (3.6) 1006 1006 IT 959 (96.4) 36 (3.6) 995 995 LU 593 (95.8) 26 (4.2) 619 619 NL 990 (93.3) 71 (6.7) 1061 1061 PT 972 (97.2) 28 (2.8) 1000 1000 SE 962 (96.2) 38 (3.8) 1000 1000 N Sum 15639 491 16130 N Valid Sum 15639 491 16130 printed 24.01.2012 page 197 Eurobarometer 55.2 - May-June 2001,GESIS Variable Report,223,ZA3509
v191,v191 0 1 N Sum N Valid Sum,Q21T DISASTER EXPL TRUST: NONE,isocntry AT 889 (87.2) 130 (12.8) 1019 1019 BE 922 (87.1) 136 (12.9) 1058 1058 DE-E 863 (84.1) 163 (15.9) 1026 1026 DE-W 829 (81.9) 183 (18.1) 1012 1012 DK 901 (90.1) 99 (9.9) 1000 1000 ES 891 (89.1) 109 (10.9) 1000 1000 FI 928 (90.8) 94 (9.2) 1022 1022 FR 853 (85.0) 151 (15.0) 1004 1004 GB-GBN 799 (79.9) 201 (20.1) 1000 1000 GB-NIR 262 (86.2) 42 (13.8) 304 304 GR 882 (87.8) 122 (12.2) 1004 1004 IE 864 (85.9) 142 (14.1) 1006 1006 IT 789 (79.3) 206 (20.7) 995 995 LU 508 (82.1) 111 (17.9) 619 619 NL 938 (88.4) 123 (11.6) 1061 1061 PT 851 (85.1) 149 (14.9) 1000 1000 SE 887 (88.7) 113 (11.3) 1000 1000 N Sum 13856 2274 16130 N Valid Sum 13856 2274 16130 printed 24.01.2012 page 198 Eurobarometer 55.2 - May-June 2001,isocntry AT 889 (87.2) 130 (12.8) 1019 1019 BE 922 (87.1) 136 (12.9) 1058 1058 DE-E 863 (84.1) 163 (15.9) 1026 1026 DE-W 829 (81.9) 183 (18.1) 1012 1012 DK 901 (90.1) 99 (9.9) 1000 1000 ES 891 (89.1) 109 (10.9) 1000 1000 FI 928 (90.8) 94 (9.2) 1022 1022 FR 853 (85.0) 151 (15.0) 1004 1004 GB-GBN 799 (79.9) 201 (20.1) 1000 1000 GB-NIR 262 (86.2) 42 (13.8) 304 304 GR 882 (87.8) 122 (12.2) 1004 1004 IE 864 (85.9) 142 (14.1) 1006 1006 IT 789 (79.3) 206 (20.7) 995 995 LU 508 (82.1) 111 (17.9) 619 619 NL 938 (88.4) 123 (11.6) 1061 1061 PT 851 (85.1) 149 (14.9) 1000 1000 SE 887 (88.7) 113 (11.3) 1000 1000 N Sum 13856 2274 16130 N Valid Sum 13856 2274 16130 printed 24.01.2012 page 198 Eurobarometer 55.2 - May-June 2001,GESIS Variable Report,224,ZA3509
v192,v192 0 1 N Sum N Valid Sum,Q21T DISASTER EXPL TRUST: DK,isocntry AT 914 (89.7) 105 (10.3) 1019 1019 BE 945 (89.3) 113 (10.7) 1058 1058 DE-E 902 (87.9) 124 (12.1) 1026 1026 DE-W 898 (88.7) 114 (11.3) 1012 1012 DK 933 (93.3) 67 (6.7) 1000 1000 ES 899 (89.9) 101 (10.1) 1000 1000 FI 919 (89.9) 103 (10.1) 1022 1022 FR 880 (87.6) 124 (12.4) 1004 1004 GB-GBN 854 (85.4) 146 (14.6) 1000 1000 GB-NIR 277 (91.1) 27 (8.9) 304 304 GR 977 (97.3) 27 (2.7) 1004 1004 IE 848 (84.3) 158 (15.7) 1006 1006 IT 820 (82.4) 175 (17.6) 995 995 LU 474 (76.6) 145 (23.4) 619 619 NL 1016 (95.8) 45 (4.2) 1061 1061 PT 822 (82.2) 178 (17.8) 1000 1000 SE 919 (91.9) 81 (8.1) 1000 1000 N Sum 14297 1833 16130 N Valid Sum 14297 1833 16130 printed 24.01.2012 page 199 Eurobarometer 55.2 - May-June 2001,isocntry AT 914 (89.7) 105 (10.3) 1019 1019 BE 945 (89.3) 113 (10.7) 1058 1058 DE-E 902 (87.9) 124 (12.1) 1026 1026 DE-W 898 (88.7) 114 (11.3) 1012 1012 DK 933 (93.3) 67 (6.7) 1000 1000 ES 899 (89.9) 101 (10.1) 1000 1000 FI 919 (89.9) 103 (10.1) 1022 1022 FR 880 (87.6) 124 (12.4) 1004 1004 GB-GBN 854 (85.4) 146 (14.6) 1000 1000 GB-NIR 277 (91.1) 27 (8.9) 304 304 GR 977 (97.3) 27 (2.7) 1004 1004 IE 848 (84.3) 158 (15.7) 1006 1006 IT 820 (82.4) 175 (17.6) 995 995 LU 474 (76.6) 145 (23.4) 619 619 NL 1016 (95.8) 45 (4.2) 1061 1061 PT 822 (82.2) 178 (17.8) 1000 1000 SE 919 (91.9) 81 (8.1) 1000 1000 N Sum 14297 1833 16130 N Valid Sum 14297 1833 16130 printed 24.01.2012 page 199 Eurobarometer 55.2 - May-June 2001,GESIS Variable Report,225,ZA3509
v193,,Q22 SCIENTIF STUD LESS INTEREST - 1ST,,Q22 SCIENTIF STUD LESS INTEREST - 1ST,GESIS Variable Report,226,ZA3509
v194,,Q22 SCIENTIF STUD LESS INTEREST - 2ND,,Q22 SCIENTIF STUD LESS INTEREST - 2ND,GESIS Variable Report,227,ZA3509
v195,,Q22 SCIENTIF STUD LESS INTEREST - 3RD,,Q22 SCIENTIF STUD LESS INTEREST - 3RD,GESIS Variable Report,229,ZA3509
v196,v196 0 1 N Sum N Valid Sum,Q22T SCIENTIF STUD LESS INT: NEGAT IMAGE,isocntry AT 682 (66.9) 337 (33.1) 1019 1019 BE 747 (70.6) 311 (29.4) 1058 1058 DE-E 698 (68.0) 328 (32.0) 1026 1026 DE-W 673 (66.5) 339 (33.5) 1012 1012 DK 581 (58.1) 419 (41.9) 1000 1000 ES 723 (72.3) 277 (27.7) 1000 1000 FI 670 (65.6) 352 (34.4) 1022 1022 FR 742 (73.9) 262 (26.1) 1004 1004 GB-GBN 617 (61.7) 383 (38.3) 1000 1000 GB-NIR 221 (72.7) 83 (27.3) 304 304 GR 760 (75.7) 244 (24.3) 1004 1004 IE 697 (69.3) 309 (30.7) 1006 1006 IT 768 (77.2) 227 (22.8) 995 995 LU 478 (77.2) 141 (22.8) 619 619 NL 740 (69.7) 321 (30.3) 1061 1061 PT 750 (75.0) 250 (25.0) 1000 1000 SE 701 (70.1) 299 (29.9) 1000 1000 N Sum 11248 4882 16130 N Valid Sum 11248 4882 16130 printed 24.01.2012 page 205 Eurobarometer 55.2 - May-June 2001,isocntry AT 682 (66.9) 337 (33.1) 1019 1019 BE 747 (70.6) 311 (29.4) 1058 1058 DE-E 698 (68.0) 328 (32.0) 1026 1026 DE-W 673 (66.5) 339 (33.5) 1012 1012 DK 581 (58.1) 419 (41.9) 1000 1000 ES 723 (72.3) 277 (27.7) 1000 1000 FI 670 (65.6) 352 (34.4) 1022 1022 FR 742 (73.9) 262 (26.1) 1004 1004 GB-GBN 617 (61.7) 383 (38.3) 1000 1000 GB-NIR 221 (72.7) 83 (27.3) 304 304 GR 760 (75.7) 244 (24.3) 1004 1004 IE 697 (69.3) 309 (30.7) 1006 1006 IT 768 (77.2) 227 (22.8) 995 995 LU 478 (77.2) 141 (22.8) 619 619 NL 740 (69.7) 321 (30.3) 1061 1061 PT 750 (75.0) 250 (25.0) 1000 1000 SE 701 (70.1) 299 (29.9) 1000 1000 N Sum 11248 4882 16130 N Valid Sum 11248 4882 16130 printed 24.01.2012 page 205 Eurobarometer 55.2 - May-June 2001,GESIS Variable Report,231,ZA3509
v197,v197 0 1 N Sum N Valid Sum,Q22T SCIENTIF STUD LESS INT: SCHOOL,isocntry AT 393 (38.6) 626 (61.4) 1019 1019 BE 407 (38.5) 651 (61.5) 1058 1058 DE-E 343 (33.4) 683 (66.6) 1026 1026 DE-W 362 (35.8) 650 (64.2) 1012 1012 DK 318 (31.8) 682 (68.2) 1000 1000 ES 470 (47.0) 530 (53.0) 1000 1000 FI 386 (37.8) 636 (62.2) 1022 1022 FR 451 (44.9) 553 (55.1) 1004 1004 GB-GBN 366 (36.6) 634 (63.4) 1000 1000 GB-NIR 124 (40.8) 180 (59.2) 304 304 GR 442 (44.0) 562 (56.0) 1004 1004 IE 423 (42.0) 583 (58.0) 1006 1006 IT 451 (45.3) 544 (54.7) 995 995 LU 296 (47.8) 323 (52.2) 619 619 NL 431 (40.6) 630 (59.4) 1061 1061 PT 493 (49.3) 507 (50.7) 1000 1000 SE 208 (20.8) 792 (79.2) 1000 1000 N Sum 6364 9766 16130 N Valid Sum 6364 9766 16130 printed 24.01.2012 page 206 Eurobarometer 55.2 - May-June 2001,isocntry AT 393 (38.6) 626 (61.4) 1019 1019 BE 407 (38.5) 651 (61.5) 1058 1058 DE-E 343 (33.4) 683 (66.6) 1026 1026 DE-W 362 (35.8) 650 (64.2) 1012 1012 DK 318 (31.8) 682 (68.2) 1000 1000 ES 470 (47.0) 530 (53.0) 1000 1000 FI 386 (37.8) 636 (62.2) 1022 1022 FR 451 (44.9) 553 (55.1) 1004 1004 GB-GBN 366 (36.6) 634 (63.4) 1000 1000 GB-NIR 124 (40.8) 180 (59.2) 304 304 GR 442 (44.0) 562 (56.0) 1004 1004 IE 423 (42.0) 583 (58.0) 1006 1006 IT 451 (45.3) 544 (54.7) 995 995 LU 296 (47.8) 323 (52.2) 619 619 NL 431 (40.6) 630 (59.4) 1061 1061 PT 493 (49.3) 507 (50.7) 1000 1000 SE 208 (20.8) 792 (79.2) 1000 1000 N Sum 6364 9766 16130 N Valid Sum 6364 9766 16130 printed 24.01.2012 page 206 Eurobarometer 55.2 - May-June 2001,GESIS Variable Report,232,ZA3509
v198,v198 0 1 N Sum N Valid Sum,Q22T SCIENTIF STUD LESS INT: DIFFICULT,isocntry AT 457 (44.8) 562 (55.2) 1019 1019 BE 374 (35.3) 684 (64.7) 1058 1058 DE-E 466 (45.4) 560 (54.6) 1026 1026 DE-W 458 (45.3) 554 (54.7) 1012 1012 DK 485 (48.5) 515 (51.5) 1000 1000 ES 384 (38.4) 616 (61.6) 1000 1000 FI 424 (41.5) 598 (58.5) 1022 1022 FR 399 (39.7) 605 (60.3) 1004 1004 GB-GBN 567 (56.7) 433 (43.3) 1000 1000 GB-NIR 136 (44.7) 168 (55.3) 304 304 GR 361 (36.0) 643 (64.0) 1004 1004 IE 377 (37.5) 629 (62.5) 1006 1006 IT 435 (43.7) 560 (56.3) 995 995 LU 311 (50.2) 308 (49.8) 619 619 NL 651 (61.4) 410 (38.6) 1061 1061 PT 410 (41.0) 590 (59.0) 1000 1000 SE 414 (41.4) 586 (58.6) 1000 1000 N Sum 7109 9021 16130 N Valid Sum 7109 9021 16130 printed 24.01.2012 page 207 Eurobarometer 55.2 - May-June 2001,isocntry AT 457 (44.8) 562 (55.2) 1019 1019 BE 374 (35.3) 684 (64.7) 1058 1058 DE-E 466 (45.4) 560 (54.6) 1026 1026 DE-W 458 (45.3) 554 (54.7) 1012 1012 DK 485 (48.5) 515 (51.5) 1000 1000 ES 384 (38.4) 616 (61.6) 1000 1000 FI 424 (41.5) 598 (58.5) 1022 1022 FR 399 (39.7) 605 (60.3) 1004 1004 GB-GBN 567 (56.7) 433 (43.3) 1000 1000 GB-NIR 136 (44.7) 168 (55.3) 304 304 GR 361 (36.0) 643 (64.0) 1004 1004 IE 377 (37.5) 629 (62.5) 1006 1006 IT 435 (43.7) 560 (56.3) 995 995 LU 311 (50.2) 308 (49.8) 619 619 NL 651 (61.4) 410 (38.6) 1061 1061 PT 410 (41.0) 590 (59.0) 1000 1000 SE 414 (41.4) 586 (58.6) 1000 1000 N Sum 7109 9021 16130 N Valid Sum 7109 9021 16130 printed 24.01.2012 page 207 Eurobarometer 55.2 - May-June 2001,GESIS Variable Report,233,ZA3509
v199,v199 0 1 N Sum N Valid Sum,Q22T SCIENTIF STUD LESS INT: SALARIES,isocntry AT 591 (58.0) 428 (42.0) 1019 1019 BE 580 (54.8) 478 (45.2) 1058 1058 DE-E 610 (59.5) 416 (40.5) 1026 1026 DE-W 602 (59.5) 410 (40.5) 1012 1012 DK 622 (62.2) 378 (37.8) 1000 1000 ES 630 (63.0) 370 (37.0) 1000 1000 FI 512 (50.1) 510 (49.9) 1022 1022 FR 511 (50.9) 493 (49.1) 1004 1004 GB-GBN 629 (62.9) 371 (37.1) 1000 1000 GB-NIR 197 (64.8) 107 (35.2) 304 304 GR 470 (46.8) 534 (53.2) 1004 1004 IE 698 (69.4) 308 (30.6) 1006 1006 IT 530 (53.3) 465 (46.7) 995 995 LU 382 (61.7) 237 (38.3) 619 619 NL 643 (60.6) 418 (39.4) 1061 1061 PT 659 (65.9) 341 (34.1) 1000 1000 SE 483 (48.3) 517 (51.7) 1000 1000 N Sum 9349 6781 16130 N Valid Sum 9349 6781 16130 printed 24.01.2012 page 208 Eurobarometer 55.2 - May-June 2001,isocntry AT 591 (58.0) 428 (42.0) 1019 1019 BE 580 (54.8) 478 (45.2) 1058 1058 DE-E 610 (59.5) 416 (40.5) 1026 1026 DE-W 602 (59.5) 410 (40.5) 1012 1012 DK 622 (62.2) 378 (37.8) 1000 1000 ES 630 (63.0) 370 (37.0) 1000 1000 FI 512 (50.1) 510 (49.9) 1022 1022 FR 511 (50.9) 493 (49.1) 1004 1004 GB-GBN 629 (62.9) 371 (37.1) 1000 1000 GB-NIR 197 (64.8) 107 (35.2) 304 304 GR 470 (46.8) 534 (53.2) 1004 1004 IE 698 (69.4) 308 (30.6) 1006 1006 IT 530 (53.3) 465 (46.7) 995 995 LU 382 (61.7) 237 (38.3) 619 619 NL 643 (60.6) 418 (39.4) 1061 1061 PT 659 (65.9) 341 (34.1) 1000 1000 SE 483 (48.3) 517 (51.7) 1000 1000 N Sum 9349 6781 16130 N Valid Sum 9349 6781 16130 printed 24.01.2012 page 208 Eurobarometer 55.2 - May-June 2001,GESIS Variable Report,234,ZA3509
v200,v200 0 1 N Sum N Valid Sum,Q22T SCIENTIF STUD LESS INT: NO INTEREST,isocntry AT 504 (49.5) 515 (50.5) 1019 1019 BE 542 (51.2) 516 (48.8) 1058 1058 DE-E 471 (45.9) 555 (54.1) 1026 1026 DE-W 445 (44.0) 567 (56.0) 1012 1012 DK 463 (46.3) 537 (53.7) 1000 1000 ES 580 (58.0) 420 (42.0) 1000 1000 FI 434 (42.5) 588 (57.5) 1022 1022 FR 566 (56.4) 438 (43.6) 1004 1004 GB-GBN 496 (49.6) 504 (50.4) 1000 1000 GB-NIR 136 (44.7) 168 (55.3) 304 304 GR 638 (63.5) 366 (36.5) 1004 1004 IE 567 (56.4) 439 (43.6) 1006 1006 IT 481 (48.3) 514 (51.7) 995 995 LU 324 (52.3) 295 (47.7) 619 619 NL 495 (46.7) 566 (53.3) 1061 1061 PT 548 (54.8) 452 (45.2) 1000 1000 SE 472 (47.2) 528 (52.8) 1000 1000 N Sum 8162 7968 16130 N Valid Sum 8162 7968 16130 printed 24.01.2012 page 209 Eurobarometer 55.2 - May-June 2001,isocntry AT 504 (49.5) 515 (50.5) 1019 1019 BE 542 (51.2) 516 (48.8) 1058 1058 DE-E 471 (45.9) 555 (54.1) 1026 1026 DE-W 445 (44.0) 567 (56.0) 1012 1012 DK 463 (46.3) 537 (53.7) 1000 1000 ES 580 (58.0) 420 (42.0) 1000 1000 FI 434 (42.5) 588 (57.5) 1022 1022 FR 566 (56.4) 438 (43.6) 1004 1004 GB-GBN 496 (49.6) 504 (50.4) 1000 1000 GB-NIR 136 (44.7) 168 (55.3) 304 304 GR 638 (63.5) 366 (36.5) 1004 1004 IE 567 (56.4) 439 (43.6) 1006 1006 IT 481 (48.3) 514 (51.7) 995 995 LU 324 (52.3) 295 (47.7) 619 619 NL 495 (46.7) 566 (53.3) 1061 1061 PT 548 (54.8) 452 (45.2) 1000 1000 SE 472 (47.2) 528 (52.8) 1000 1000 N Sum 8162 7968 16130 N Valid Sum 8162 7968 16130 printed 24.01.2012 page 209 Eurobarometer 55.2 - May-June 2001,GESIS Variable Report,235,ZA3509
v201,v201 0 1 N Sum N Valid Sum,Q22T SCIENTIF STUD LESS INT: OTHER,isocntry AT 1002 (98.3) 17 (1.7) 1019 1019 BE 1012 (95.7) 46 (4.3) 1058 1058 DE-E 995 (97.0) 31 (3.0) 1026 1026 DE-W 960 (94.9) 52 (5.1) 1012 1012 DK 969 (96.9) 31 (3.1) 1000 1000 ES 963 (96.3) 37 (3.7) 1000 1000 FI 987 (96.6) 35 (3.4) 1022 1022 FR 969 (96.5) 35 (3.5) 1004 1004 GB-GBN 978 (97.8) 22 (2.2) 1000 1000 GB-NIR 304 (100.0) 304 304 GR 986 (98.2) 18 (1.8) 1004 1004 IE 989 (98.3) 17 (1.7) 1006 1006 IT 963 (96.8) 32 (3.2) 995 995 LU 578 (93.4) 41 (6.6) 619 619 NL 981 (92.5) 80 (7.5) 1061 1061 PT 966 (96.6) 34 (3.4) 1000 1000 SE 982 (98.2) 18 (1.8) 1000 1000 N Sum 15584 546 16130 N Valid Sum 15584 546 16130 printed 24.01.2012 page 210 Eurobarometer 55.2 - May-June 2001,isocntry AT 1002 (98.3) 17 (1.7) 1019 1019 BE 1012 (95.7) 46 (4.3) 1058 1058 DE-E 995 (97.0) 31 (3.0) 1026 1026 DE-W 960 (94.9) 52 (5.1) 1012 1012 DK 969 (96.9) 31 (3.1) 1000 1000 ES 963 (96.3) 37 (3.7) 1000 1000 FI 987 (96.6) 35 (3.4) 1022 1022 FR 969 (96.5) 35 (3.5) 1004 1004 GB-GBN 978 (97.8) 22 (2.2) 1000 1000 GB-NIR 304 (100.0) 304 304 GR 986 (98.2) 18 (1.8) 1004 1004 IE 989 (98.3) 17 (1.7) 1006 1006 IT 963 (96.8) 32 (3.2) 995 995 LU 578 (93.4) 41 (6.6) 619 619 NL 981 (92.5) 80 (7.5) 1061 1061 PT 966 (96.6) 34 (3.4) 1000 1000 SE 982 (98.2) 18 (1.8) 1000 1000 N Sum 15584 546 16130 N Valid Sum 15584 546 16130 printed 24.01.2012 page 210 Eurobarometer 55.2 - May-June 2001,GESIS Variable Report,236,ZA3509
v202,v202 0 1 N Sum N Valid Sum,Q22T SCIENTIF STUD LESS INT: NONE,isocntry AT 834 (81.9) 184 (18.1) 1018 1018 BE 895 (84.6) 163 (15.4) 1058 1058 DE-E 868 (84.6) 158 (15.4) 1026 1026 DE-W 857 (84.7) 155 (15.3) 1012 1012 DK 846 (84.6) 154 (15.4) 1000 1000 ES 747 (74.7) 253 (25.3) 1000 1000 FI 902 (88.3) 120 (11.7) 1022 1022 FR 787 (78.4) 217 (21.6) 1004 1004 GB-GBN 767 (76.7) 233 (23.3) 1000 1000 GB-NIR 238 (78.3) 66 (21.7) 304 304 GR 775 (77.2) 229 (22.8) 1004 1004 IE 769 (76.4) 237 (23.6) 1006 1006 IT 776 (78.0) 219 (22.0) 995 995 LU 448 (72.4) 171 (27.6) 619 619 NL 757 (71.3) 304 (28.7) 1061 1061 PT 718 (71.8) 282 (28.2) 1000 1000 SE 903 (90.3) 97 (9.7) 1000 1000 N Sum 12887 3242 16129 N Valid Sum 12887 3242 16129 printed 24.01.2012 page 211 Eurobarometer 55.2 - May-June 2001,isocntry AT 834 (81.9) 184 (18.1) 1018 1018 BE 895 (84.6) 163 (15.4) 1058 1058 DE-E 868 (84.6) 158 (15.4) 1026 1026 DE-W 857 (84.7) 155 (15.3) 1012 1012 DK 846 (84.6) 154 (15.4) 1000 1000 ES 747 (74.7) 253 (25.3) 1000 1000 FI 902 (88.3) 120 (11.7) 1022 1022 FR 787 (78.4) 217 (21.6) 1004 1004 GB-GBN 767 (76.7) 233 (23.3) 1000 1000 GB-NIR 238 (78.3) 66 (21.7) 304 304 GR 775 (77.2) 229 (22.8) 1004 1004 IE 769 (76.4) 237 (23.6) 1006 1006 IT 776 (78.0) 219 (22.0) 995 995 LU 448 (72.4) 171 (27.6) 619 619 NL 757 (71.3) 304 (28.7) 1061 1061 PT 718 (71.8) 282 (28.2) 1000 1000 SE 903 (90.3) 97 (9.7) 1000 1000 N Sum 12887 3242 16129 N Valid Sum 12887 3242 16129 printed 24.01.2012 page 211 Eurobarometer 55.2 - May-June 2001,GESIS Variable Report,237,ZA3509
v203,v203 0 1 N Sum N Valid Sum,Q22T SCIENTIF STUD LESS INT: DK,isocntry AT 803 (78.8) 216 (21.2) 1019 1019 BE 873 (82.5) 185 (17.5) 1058 1058 DE-E 837 (81.6) 189 (18.4) 1026 1026 DE-W 867 (85.7) 145 (14.3) 1012 1012 DK 869 (86.9) 131 (13.1) 1000 1000 ES 766 (76.6) 234 (23.4) 1000 1000 FI 889 (87.0) 133 (13.0) 1022 1022 FR 761 (75.8) 243 (24.2) 1004 1004 GB-GBN 775 (77.5) 225 (22.5) 1000 1000 GB-NIR 229 (75.3) 75 (24.7) 304 304 GR 827 (82.4) 177 (17.6) 1004 1004 IE 720 (71.6) 286 (28.4) 1006 1006 IT 761 (76.5) 234 (23.5) 995 995 LU 408 (65.9) 211 (34.1) 619 619 NL 872 (82.2) 189 (17.8) 1061 1061 PT 685 (68.5) 315 (31.5) 1000 1000 SE 899 (89.9) 101 (10.1) 1000 1000 N Sum 12841 3289 16130 N Valid Sum 12841 3289 16130 printed 24.01.2012 page 212 Eurobarometer 55.2 - May-June 2001,isocntry AT 803 (78.8) 216 (21.2) 1019 1019 BE 873 (82.5) 185 (17.5) 1058 1058 DE-E 837 (81.6) 189 (18.4) 1026 1026 DE-W 867 (85.7) 145 (14.3) 1012 1012 DK 869 (86.9) 131 (13.1) 1000 1000 ES 766 (76.6) 234 (23.4) 1000 1000 FI 889 (87.0) 133 (13.0) 1022 1022 FR 761 (75.8) 243 (24.2) 1004 1004 GB-GBN 775 (77.5) 225 (22.5) 1000 1000 GB-NIR 229 (75.3) 75 (24.7) 304 304 GR 827 (82.4) 177 (17.6) 1004 1004 IE 720 (71.6) 286 (28.4) 1006 1006 IT 761 (76.5) 234 (23.5) 995 995 LU 408 (65.9) 211 (34.1) 619 619 NL 872 (82.2) 189 (17.8) 1061 1061 PT 685 (68.5) 315 (31.5) 1000 1000 SE 899 (89.9) 101 (10.1) 1000 1000 N Sum 12841 3289 16130 N Valid Sum 12841 3289 16130 printed 24.01.2012 page 212 Eurobarometer 55.2 - May-June 2001,GESIS Variable Report,238,ZA3509
v204,v204 1 2 3 N Sum N Valid Sum,Q23 SCIENTIF INTEREST YOUNG: THREAT,isocntry M AT 400 (59.8) 269 (40.2) 350 1019 669 BE 542 (68.5) 249 (31.5) 267 1058 791 DE-E 440 (65.1) 236 (34.9) 350 1026 676 DE-W 450 (63.7) 256 (36.3) 306 1012 706 DK 491 (67.4) 237 (32.6) 272 1000 728 ES 314 (42.6) 423 (57.4) 263 1000 737 FI 525 (62.4) 317 (37.6) 180 1022 842 FR 548 (66.7) 273 (33.3) 183 1004 821 GB-GBN 374 (55.7) 298 (44.3) 328 1000 672 GB-NIR 116 (65.5) 61 (34.5) 127 304 177 GR 556 (75.0) 185 (25.0) 263 1004 741 IE 344 (60.0) 229 (40.0) 433 1006 573 IT 345 (46.8) 392 (53.2) 258 995 737 LU 289 (64.1) 162 (35.9) 168 619 451 NL 478 (60.1) 318 (39.9) 265 1061 796 PT 405 (63.0) 238 (37.0) 357 1000 643 SE 463 (62.8) 274 (37.2) 263 1000 737 N Sum 7080 4417 4633 16130 N Valid Sum 7080 4417 11497 printed 24.01.2012 page 213 Eurobarometer 55.2 - May-June 2001,isocntry M AT 400 (59.8) 269 (40.2) 350 1019 669 BE 542 (68.5) 249 (31.5) 267 1058 791 DE-E 440 (65.1) 236 (34.9) 350 1026 676 DE-W 450 (63.7) 256 (36.3) 306 1012 706 DK 491 (67.4) 237 (32.6) 272 1000 728 ES 314 (42.6) 423 (57.4) 263 1000 737 FI 525 (62.4) 317 (37.6) 180 1022 842 FR 548 (66.7) 273 (33.3) 183 1004 821 GB-GBN 374 (55.7) 298 (44.3) 328 1000 672 GB-NIR 116 (65.5) 61 (34.5) 127 304 177 GR 556 (75.0) 185 (25.0) 263 1004 741 IE 344 (60.0) 229 (40.0) 433 1006 573 IT 345 (46.8) 392 (53.2) 258 995 737 LU 289 (64.1) 162 (35.9) 168 619 451 NL 478 (60.1) 318 (39.9) 265 1061 796 PT 405 (63.0) 238 (37.0) 357 1000 643 SE 463 (62.8) 274 (37.2) 263 1000 737 N Sum 7080 4417 4633 16130 N Valid Sum 7080 4417 11497 printed 24.01.2012 page 213 Eurobarometer 55.2 - May-June 2001,GESIS Variable Report,239,ZA3509
v205,v205 1 2 3 N Sum N Valid Sum,Q23 SCIENTIF INTEREST YOUNG: BUSINESS,isocntry M AT 518 (66.6) 260 (33.4) 241 1019 778 BE 539 (62.4) 325 (37.6) 193 1057 864 DE-E 586 (73.5) 211 (26.5) 229 1026 797 DE-W 518 (62.8) 307 (37.2) 188 1013 825 DK 612 (64.8) 333 (35.2) 55 1000 945 ES 554 (71.6) 220 (28.4) 226 1000 774 FI 566 (63.6) 324 (36.4) 131 1021 890 FR 547 (63.0) 321 (37.0) 136 1004 868 GB-GBN 606 (74.5) 207 (25.5) 187 1000 813 GB-NIR 190 (81.9) 42 (18.1) 72 304 232 GR 724 (89.2) 88 (10.8) 191 1003 812 IE 609 (81.9) 135 (18.1) 262 1006 744 IT 508 (66.7) 254 (33.3) 233 995 762 LU 325 (61.3) 205 (38.7) 90 620 530 NL 715 (74.6) 243 (25.4) 103 1061 958 PT 441 (63.0) 259 (37.0) 300 1000 700 SE 398 (45.0) 486 (55.0) 116 1000 884 N Sum 8956 4220 2953 16129 N Valid Sum 8956 4220 13176 printed 24.01.2012 page 214 Eurobarometer 55.2 - May-June 2001,isocntry M AT 518 (66.6) 260 (33.4) 241 1019 778 BE 539 (62.4) 325 (37.6) 193 1057 864 DE-E 586 (73.5) 211 (26.5) 229 1026 797 DE-W 518 (62.8) 307 (37.2) 188 1013 825 DK 612 (64.8) 333 (35.2) 55 1000 945 ES 554 (71.6) 220 (28.4) 226 1000 774 FI 566 (63.6) 324 (36.4) 131 1021 890 FR 547 (63.0) 321 (37.0) 136 1004 868 GB-GBN 606 (74.5) 207 (25.5) 187 1000 813 GB-NIR 190 (81.9) 42 (18.1) 72 304 232 GR 724 (89.2) 88 (10.8) 191 1003 812 IE 609 (81.9) 135 (18.1) 262 1006 744 IT 508 (66.7) 254 (33.3) 233 995 762 LU 325 (61.3) 205 (38.7) 90 620 530 NL 715 (74.6) 243 (25.4) 103 1061 958 PT 441 (63.0) 259 (37.0) 300 1000 700 SE 398 (45.0) 486 (55.0) 116 1000 884 N Sum 8956 4220 2953 16129 N Valid Sum 8956 4220 13176 printed 24.01.2012 page 214 Eurobarometer 55.2 - May-June 2001,GESIS Variable Report,240,ZA3509
v206,v206 1 2 3 N Sum N Valid Sum,Q23 SCIENTIF INTEREST YOUNG: AUTHORITIES,isocntry M AT 461 (61.3) 291 (38.7) 267 1019 752 BE 655 (77.1) 195 (22.9) 208 1058 850 DE-E 569 (67.7) 271 (32.3) 186 1026 840 DE-W 499 (62.5) 299 (37.5) 214 1012 798 DK 678 (75.1) 225 (24.9) 97 1000 903 ES 696 (86.1) 112 (13.9) 193 1001 808 FI 567 (66.5) 286 (33.5) 169 1022 853 FR 652 (77.0) 195 (23.0) 157 1004 847 GB-GBN 615 (79.6) 158 (20.4) 226 999 773 GB-NIR 205 (88.4) 27 (11.6) 72 304 232 GR 725 (89.5) 85 (10.5) 194 1004 810 IE 564 (87.6) 80 (12.4) 362 1006 644 IT 583 (76.6) 178 (23.4) 234 995 761 LU 413 (83.8) 80 (16.2) 126 619 493 NL 701 (75.3) 230 (24.7) 131 1062 931 PT 586 (79.2) 154 (20.8) 260 1000 740 SE 749 (84.5) 137 (15.5) 115 1001 886 N Sum 9918 3003 3211 16132 N Valid Sum 9918 3003 12921 printed 24.01.2012 page 215 Eurobarometer 55.2 - May-June 2001,isocntry M AT 461 (61.3) 291 (38.7) 267 1019 752 BE 655 (77.1) 195 (22.9) 208 1058 850 DE-E 569 (67.7) 271 (32.3) 186 1026 840 DE-W 499 (62.5) 299 (37.5) 214 1012 798 DK 678 (75.1) 225 (24.9) 97 1000 903 ES 696 (86.1) 112 (13.9) 193 1001 808 FI 567 (66.5) 286 (33.5) 169 1022 853 FR 652 (77.0) 195 (23.0) 157 1004 847 GB-GBN 615 (79.6) 158 (20.4) 226 999 773 GB-NIR 205 (88.4) 27 (11.6) 72 304 232 GR 725 (89.5) 85 (10.5) 194 1004 810 IE 564 (87.6) 80 (12.4) 362 1006 644 IT 583 (76.6) 178 (23.4) 234 995 761 LU 413 (83.8) 80 (16.2) 126 619 493 NL 701 (75.3) 230 (24.7) 131 1062 931 PT 586 (79.2) 154 (20.8) 260 1000 740 SE 749 (84.5) 137 (15.5) 115 1001 886 N Sum 9918 3003 3211 16132 N Valid Sum 9918 3003 12921 printed 24.01.2012 page 215 Eurobarometer 55.2 - May-June 2001,GESIS Variable Report,241,ZA3509
v207,v207 1 2 3 N Sum N Valid Sum,Q23 SCIENTIF INTEREST YOUNG: FREEDOM,isocntry M AT 445 (60.2) 294 (39.8) 280 1019 739 BE 435 (52.5) 393 (47.5) 230 1058 828 DE-E 446 (57.4) 331 (42.6) 250 1027 777 DE-W 491 (64.7) 268 (35.3) 253 1012 759 DK 487 (54.8) 401 (45.2) 112 1000 888 ES 429 (57.7) 315 (42.3) 257 1001 744 FI 429 (51.8) 399 (48.2) 194 1022 828 FR 498 (61.3) 315 (38.7) 191 1004 813 GB-GBN 380 (51.0) 365 (49.0) 255 1000 745 GB-NIR 105 (47.5) 116 (52.5) 83 304 221 GR 692 (86.0) 113 (14.0) 199 1004 805 IE 394 (60.6) 256 (39.4) 356 1006 650 IT 438 (56.9) 332 (43.1) 226 996 770 LU 226 (48.0) 245 (52.0) 148 619 471 NL 392 (44.9) 482 (55.1) 187 1061 874 PT 460 (66.4) 233 (33.6) 307 1000 693 SE 370 (43.5) 480 (56.5) 151 1001 850 N Sum 7117 5338 3679 16134 N Valid Sum 7117 5338 12455 printed 24.01.2012 page 216 Eurobarometer 55.2 - May-June 2001,isocntry M AT 445 (60.2) 294 (39.8) 280 1019 739 BE 435 (52.5) 393 (47.5) 230 1058 828 DE-E 446 (57.4) 331 (42.6) 250 1027 777 DE-W 491 (64.7) 268 (35.3) 253 1012 759 DK 487 (54.8) 401 (45.2) 112 1000 888 ES 429 (57.7) 315 (42.3) 257 1001 744 FI 429 (51.8) 399 (48.2) 194 1022 828 FR 498 (61.3) 315 (38.7) 191 1004 813 GB-GBN 380 (51.0) 365 (49.0) 255 1000 745 GB-NIR 105 (47.5) 116 (52.5) 83 304 221 GR 692 (86.0) 113 (14.0) 199 1004 805 IE 394 (60.6) 256 (39.4) 356 1006 650 IT 438 (56.9) 332 (43.1) 226 996 770 LU 226 (48.0) 245 (52.0) 148 619 471 NL 392 (44.9) 482 (55.1) 187 1061 874 PT 460 (66.4) 233 (33.6) 307 1000 693 SE 370 (43.5) 480 (56.5) 151 1001 850 N Sum 7117 5338 3679 16134 N Valid Sum 7117 5338 12455 printed 24.01.2012 page 216 Eurobarometer 55.2 - May-June 2001,GESIS Variable Report,242,ZA3509
v208,v208 1 2 3 N Sum N Valid Sum,Q23 SCIENTIF INTEREST YOUNG: GENDER,isocntry M AT 679 (85.7) 113 (14.3) 228 1020 792 BE 692 (78.8) 186 (21.2) 180 1058 878 DE-E 808 (93.2) 59 (6.8) 159 1026 867 DE-W 770 (89.4) 91 (10.6) 151 1012 861 DK 693 (76.7) 210 (23.3) 98 1001 903 ES 688 (83.5) 136 (16.5) 175 999 824 FI 833 (90.8) 84 (9.2) 105 1022 917 FR 736 (84.8) 132 (15.2) 136 1004 868 GB-GBN 717 (88.8) 90 (11.2) 192 999 807 GB-NIR 227 (90.4) 24 (9.6) 53 304 251 GR 748 (90.2) 81 (9.8) 175 1004 829 IE 624 (86.7) 96 (13.3) 285 1005 720 IT 591 (74.0) 208 (26.0) 195 994 799 LU 445 (83.5) 88 (16.5) 86 619 533 NL 736 (77.6) 213 (22.4) 112 1061 949 PT 719 (90.0) 80 (10.0) 201 1000 799 SE 835 (93.2) 61 (6.8) 104 1000 896 N Sum 11541 1952 2635 16128 N Valid Sum 11541 1952 13493 printed 24.01.2012 page 217 Eurobarometer 55.2 - May-June 2001,isocntry M AT 679 (85.7) 113 (14.3) 228 1020 792 BE 692 (78.8) 186 (21.2) 180 1058 878 DE-E 808 (93.2) 59 (6.8) 159 1026 867 DE-W 770 (89.4) 91 (10.6) 151 1012 861 DK 693 (76.7) 210 (23.3) 98 1001 903 ES 688 (83.5) 136 (16.5) 175 999 824 FI 833 (90.8) 84 (9.2) 105 1022 917 FR 736 (84.8) 132 (15.2) 136 1004 868 GB-GBN 717 (88.8) 90 (11.2) 192 999 807 GB-NIR 227 (90.4) 24 (9.6) 53 304 251 GR 748 (90.2) 81 (9.8) 175 1004 829 IE 624 (86.7) 96 (13.3) 285 1005 720 IT 591 (74.0) 208 (26.0) 195 994 799 LU 445 (83.5) 88 (16.5) 86 619 533 NL 736 (77.6) 213 (22.4) 112 1061 949 PT 719 (90.0) 80 (10.0) 201 1000 799 SE 835 (93.2) 61 (6.8) 104 1000 896 N Sum 11541 1952 2635 16128 N Valid Sum 11541 1952 13493 printed 24.01.2012 page 217 Eurobarometer 55.2 - May-June 2001,GESIS Variable Report,243,ZA3509
v209,v209 1 2 3 N Sum N Valid Sum,Q23 SCIENTIF INTEREST YOUNG: FOREIGN SC,isocntry M AT 504 (68.0) 237 (32.0) 278 1019 741 BE 620 (73.9) 219 (26.1) 219 1058 839 DE-E 595 (74.1) 208 (25.9) 223 1026 803 DE-W 628 (76.8) 190 (23.2) 194 1012 818 DK 811 (92.1) 70 (7.9) 119 1000 881 ES 643 (80.3) 158 (19.7) 199 1000 801 FI 759 (90.8) 77 (9.2) 186 1022 836 FR 692 (81.7) 155 (18.3) 157 1004 847 GB-GBN 614 (85.3) 106 (14.7) 279 999 720 GB-NIR 187 (89.0) 23 (11.0) 94 304 210 GR 751 (91.5) 70 (8.5) 182 1003 821 IE 575 (89.6) 67 (10.4) 364 1006 642 IT 600 (80.4) 146 (19.6) 249 995 746 LU 372 (75.8) 119 (24.2) 128 619 491 NL 580 (67.8) 276 (32.2) 205 1061 856 PT 602 (84.1) 114 (15.9) 284 1000 716 SE 744 (94.1) 47 (5.9) 209 1000 791 N Sum 10277 2282 3569 16128 N Valid Sum 10277 2282 12559 printed 24.01.2012 page 218 Eurobarometer 55.2 - May-June 2001,isocntry M AT 504 (68.0) 237 (32.0) 278 1019 741 BE 620 (73.9) 219 (26.1) 219 1058 839 DE-E 595 (74.1) 208 (25.9) 223 1026 803 DE-W 628 (76.8) 190 (23.2) 194 1012 818 DK 811 (92.1) 70 (7.9) 119 1000 881 ES 643 (80.3) 158 (19.7) 199 1000 801 FI 759 (90.8) 77 (9.2) 186 1022 836 FR 692 (81.7) 155 (18.3) 157 1004 847 GB-GBN 614 (85.3) 106 (14.7) 279 999 720 GB-NIR 187 (89.0) 23 (11.0) 94 304 210 GR 751 (91.5) 70 (8.5) 182 1003 821 IE 575 (89.6) 67 (10.4) 364 1006 642 IT 600 (80.4) 146 (19.6) 249 995 746 LU 372 (75.8) 119 (24.2) 128 619 491 NL 580 (67.8) 276 (32.2) 205 1061 856 PT 602 (84.1) 114 (15.9) 284 1000 716 SE 744 (94.1) 47 (5.9) 209 1000 791 N Sum 10277 2282 3569 16128 N Valid Sum 10277 2282 12559 printed 24.01.2012 page 218 Eurobarometer 55.2 - May-June 2001,GESIS Variable Report,244,ZA3509
v210,v210 0 1 N Sum N Valid Sum,Q24 EU ACTIVITIES: AGRICULTURE,isocntry AT 317 (31.1) 702 (68.9) 1019 1019 BE 309 (29.2) 749 (70.8) 1058 1058 DE-E 315 (30.7) 711 (69.3) 1026 1026 DE-W 280 (27.7) 732 (72.3) 1012 1012 DK 135 (13.5) 865 (86.5) 1000 1000 ES 442 (44.2) 558 (55.8) 1000 1000 FI 358 (35.0) 664 (65.0) 1022 1022 FR 369 (36.8) 635 (63.2) 1004 1004 GB-GBN 477 (47.7) 523 (52.3) 1000 1000 GB-NIR 115 (37.8) 189 (62.2) 304 304 GR 630 (62.7) 374 (37.3) 1004 1004 IE 386 (38.4) 620 (61.6) 1006 1006 IT 637 (64.0) 358 (36.0) 995 995 LU 172 (27.8) 447 (72.2) 619 619 NL 142 (13.4) 919 (86.6) 1061 1061 PT 648 (64.8) 352 (35.2) 1000 1000 SE 123 (12.3) 877 (87.7) 1000 1000 N Sum 5855 10275 16130 N Valid Sum 5855 10275 16130 printed 24.01.2012 page 219 Eurobarometer 55.2 - May-June 2001,isocntry AT 317 (31.1) 702 (68.9) 1019 1019 BE 309 (29.2) 749 (70.8) 1058 1058 DE-E 315 (30.7) 711 (69.3) 1026 1026 DE-W 280 (27.7) 732 (72.3) 1012 1012 DK 135 (13.5) 865 (86.5) 1000 1000 ES 442 (44.2) 558 (55.8) 1000 1000 FI 358 (35.0) 664 (65.0) 1022 1022 FR 369 (36.8) 635 (63.2) 1004 1004 GB-GBN 477 (47.7) 523 (52.3) 1000 1000 GB-NIR 115 (37.8) 189 (62.2) 304 304 GR 630 (62.7) 374 (37.3) 1004 1004 IE 386 (38.4) 620 (61.6) 1006 1006 IT 637 (64.0) 358 (36.0) 995 995 LU 172 (27.8) 447 (72.2) 619 619 NL 142 (13.4) 919 (86.6) 1061 1061 PT 648 (64.8) 352 (35.2) 1000 1000 SE 123 (12.3) 877 (87.7) 1000 1000 N Sum 5855 10275 16130 N Valid Sum 5855 10275 16130 printed 24.01.2012 page 219 Eurobarometer 55.2 - May-June 2001,GESIS Variable Report,245,ZA3509
v211,v211 0 1 N Sum N Valid Sum,Q24 EU ACTIVITIES: ENVIRONMENT,isocntry AT 514 (50.4) 505 (49.6) 1019 1019 BE 450 (42.5) 608 (57.5) 1058 1058 DE-E 376 (36.6) 650 (63.4) 1026 1026 DE-W 354 (35.0) 658 (65.0) 1012 1012 DK 273 (27.3) 727 (72.7) 1000 1000 ES 577 (57.7) 423 (42.3) 1000 1000 FI 610 (59.7) 412 (40.3) 1022 1022 FR 494 (49.2) 510 (50.8) 1004 1004 GB-GBN 586 (58.6) 414 (41.4) 1000 1000 GB-NIR 180 (59.2) 124 (40.8) 304 304 GR 662 (65.9) 342 (34.1) 1004 1004 IE 553 (55.0) 453 (45.0) 1006 1006 IT 640 (64.3) 355 (35.7) 995 995 LU 214 (34.6) 405 (65.4) 619 619 NL 182 (17.2) 879 (82.8) 1061 1061 PT 621 (62.1) 379 (37.9) 1000 1000 SE 227 (22.7) 773 (77.3) 1000 1000 N Sum 7513 8617 16130 N Valid Sum 7513 8617 16130 printed 24.01.2012 page 220 Eurobarometer 55.2 - May-June 2001,isocntry AT 514 (50.4) 505 (49.6) 1019 1019 BE 450 (42.5) 608 (57.5) 1058 1058 DE-E 376 (36.6) 650 (63.4) 1026 1026 DE-W 354 (35.0) 658 (65.0) 1012 1012 DK 273 (27.3) 727 (72.7) 1000 1000 ES 577 (57.7) 423 (42.3) 1000 1000 FI 610 (59.7) 412 (40.3) 1022 1022 FR 494 (49.2) 510 (50.8) 1004 1004 GB-GBN 586 (58.6) 414 (41.4) 1000 1000 GB-NIR 180 (59.2) 124 (40.8) 304 304 GR 662 (65.9) 342 (34.1) 1004 1004 IE 553 (55.0) 453 (45.0) 1006 1006 IT 640 (64.3) 355 (35.7) 995 995 LU 214 (34.6) 405 (65.4) 619 619 NL 182 (17.2) 879 (82.8) 1061 1061 PT 621 (62.1) 379 (37.9) 1000 1000 SE 227 (22.7) 773 (77.3) 1000 1000 N Sum 7513 8617 16130 N Valid Sum 7513 8617 16130 printed 24.01.2012 page 220 Eurobarometer 55.2 - May-June 2001,GESIS Variable Report,246,ZA3509
v212,v212 0 1 N Sum N Valid Sum,Q24 EU ACTIVITIES: INTERNAT TRADE,isocntry AT 481 (47.2) 538 (52.8) 1019 1019 BE 426 (40.3) 632 (59.7) 1058 1058 DE-E 401 (39.1) 625 (60.9) 1026 1026 DE-W 372 (36.8) 640 (63.2) 1012 1012 DK 372 (37.2) 628 (62.8) 1000 1000 ES 522 (52.2) 478 (47.8) 1000 1000 FI 568 (55.6) 454 (44.4) 1022 1022 FR 420 (41.8) 584 (58.2) 1004 1004 GB-GBN 524 (52.4) 476 (47.6) 1000 1000 GB-NIR 152 (50.0) 152 (50.0) 304 304 GR 644 (64.1) 360 (35.9) 1004 1004 IE 584 (58.1) 422 (41.9) 1006 1006 IT 557 (56.0) 438 (44.0) 995 995 LU 246 (39.7) 373 (60.3) 619 619 NL 272 (25.6) 789 (74.4) 1061 1061 PT 743 (74.3) 257 (25.7) 1000 1000 SE 272 (27.2) 728 (72.8) 1000 1000 N Sum 7556 8574 16130 N Valid Sum 7556 8574 16130 printed 24.01.2012 page 221 Eurobarometer 55.2 - May-June 2001,isocntry AT 481 (47.2) 538 (52.8) 1019 1019 BE 426 (40.3) 632 (59.7) 1058 1058 DE-E 401 (39.1) 625 (60.9) 1026 1026 DE-W 372 (36.8) 640 (63.2) 1012 1012 DK 372 (37.2) 628 (62.8) 1000 1000 ES 522 (52.2) 478 (47.8) 1000 1000 FI 568 (55.6) 454 (44.4) 1022 1022 FR 420 (41.8) 584 (58.2) 1004 1004 GB-GBN 524 (52.4) 476 (47.6) 1000 1000 GB-NIR 152 (50.0) 152 (50.0) 304 304 GR 644 (64.1) 360 (35.9) 1004 1004 IE 584 (58.1) 422 (41.9) 1006 1006 IT 557 (56.0) 438 (44.0) 995 995 LU 246 (39.7) 373 (60.3) 619 619 NL 272 (25.6) 789 (74.4) 1061 1061 PT 743 (74.3) 257 (25.7) 1000 1000 SE 272 (27.2) 728 (72.8) 1000 1000 N Sum 7556 8574 16130 N Valid Sum 7556 8574 16130 printed 24.01.2012 page 221 Eurobarometer 55.2 - May-June 2001,GESIS Variable Report,247,ZA3509
v213,v213 0 1 N Sum N Valid Sum,Q24 EU ACTIVITIES: FOREIGN AFFAIRS,isocntry AT 448 (44.0) 571 (56.0) 1019 1019 BE 527 (49.8) 531 (50.2) 1058 1058 DE-E 413 (40.3) 613 (59.7) 1026 1026 DE-W 463 (45.8) 549 (54.2) 1012 1012 DK 392 (39.2) 608 (60.8) 1000 1000 ES 577 (57.7) 423 (42.3) 1000 1000 FI 764 (74.8) 258 (25.2) 1022 1022 FR 584 (58.2) 420 (41.8) 1004 1004 GB-GBN 572 (57.2) 428 (42.8) 1000 1000 GB-NIR 190 (62.5) 114 (37.5) 304 304 GR 724 (72.1) 280 (27.9) 1004 1004 IE 561 (55.8) 445 (44.2) 1006 1006 IT 668 (67.1) 327 (32.9) 995 995 LU 247 (39.9) 372 (60.1) 619 619 NL 425 (40.1) 636 (59.9) 1061 1061 PT 822 (82.2) 178 (17.8) 1000 1000 SE 343 (34.3) 657 (65.7) 1000 1000 N Sum 8720 7410 16130 N Valid Sum 8720 7410 16130 printed 24.01.2012 page 222 Eurobarometer 55.2 - May-June 2001,isocntry AT 448 (44.0) 571 (56.0) 1019 1019 BE 527 (49.8) 531 (50.2) 1058 1058 DE-E 413 (40.3) 613 (59.7) 1026 1026 DE-W 463 (45.8) 549 (54.2) 1012 1012 DK 392 (39.2) 608 (60.8) 1000 1000 ES 577 (57.7) 423 (42.3) 1000 1000 FI 764 (74.8) 258 (25.2) 1022 1022 FR 584 (58.2) 420 (41.8) 1004 1004 GB-GBN 572 (57.2) 428 (42.8) 1000 1000 GB-NIR 190 (62.5) 114 (37.5) 304 304 GR 724 (72.1) 280 (27.9) 1004 1004 IE 561 (55.8) 445 (44.2) 1006 1006 IT 668 (67.1) 327 (32.9) 995 995 LU 247 (39.9) 372 (60.1) 619 619 NL 425 (40.1) 636 (59.9) 1061 1061 PT 822 (82.2) 178 (17.8) 1000 1000 SE 343 (34.3) 657 (65.7) 1000 1000 N Sum 8720 7410 16130 N Valid Sum 8720 7410 16130 printed 24.01.2012 page 222 Eurobarometer 55.2 - May-June 2001,GESIS Variable Report,248,ZA3509
v214,v214 0 1 N Sum N Valid Sum,Q24 EU ACTIVITIES: SCIENCE&TECHNOLOGY,isocntry AT 549 (53.9) 470 (46.1) 1019 1019 BE 568 (53.7) 490 (46.3) 1058 1058 DE-E 482 (47.0) 544 (53.0) 1026 1026 DE-W 478 (47.2) 534 (52.8) 1012 1012 DK 532 (53.2) 468 (46.8) 1000 1000 ES 637 (63.7) 363 (36.3) 1000 1000 FI 834 (81.6) 188 (18.4) 1022 1022 FR 675 (67.2) 329 (32.8) 1004 1004 GB-GBN 679 (67.9) 321 (32.1) 1000 1000 GB-NIR 213 (70.1) 91 (29.9) 304 304 GR 710 (70.7) 294 (29.3) 1004 1004 IE 708 (70.4) 298 (29.6) 1006 1006 IT 758 (76.2) 237 (23.8) 995 995 LU 296 (47.8) 323 (52.2) 619 619 NL 372 (35.1) 689 (64.9) 1061 1061 PT 817 (81.7) 183 (18.3) 1000 1000 SE 472 (47.2) 528 (52.8) 1000 1000 N Sum 9780 6350 16130 N Valid Sum 9780 6350 16130 printed 24.01.2012 page 223 Eurobarometer 55.2 - May-June 2001,isocntry AT 549 (53.9) 470 (46.1) 1019 1019 BE 568 (53.7) 490 (46.3) 1058 1058 DE-E 482 (47.0) 544 (53.0) 1026 1026 DE-W 478 (47.2) 534 (52.8) 1012 1012 DK 532 (53.2) 468 (46.8) 1000 1000 ES 637 (63.7) 363 (36.3) 1000 1000 FI 834 (81.6) 188 (18.4) 1022 1022 FR 675 (67.2) 329 (32.8) 1004 1004 GB-GBN 679 (67.9) 321 (32.1) 1000 1000 GB-NIR 213 (70.1) 91 (29.9) 304 304 GR 710 (70.7) 294 (29.3) 1004 1004 IE 708 (70.4) 298 (29.6) 1006 1006 IT 758 (76.2) 237 (23.8) 995 995 LU 296 (47.8) 323 (52.2) 619 619 NL 372 (35.1) 689 (64.9) 1061 1061 PT 817 (81.7) 183 (18.3) 1000 1000 SE 472 (47.2) 528 (52.8) 1000 1000 N Sum 9780 6350 16130 N Valid Sum 9780 6350 16130 printed 24.01.2012 page 223 Eurobarometer 55.2 - May-June 2001,GESIS Variable Report,249,ZA3509
v215,v215 0 1 N Sum N Valid Sum,Q24 EU ACTIVITIES: DEFENCE,isocntry AT 543 (53.3) 476 (46.7) 1019 1019 BE 536 (50.7) 522 (49.3) 1058 1058 DE-E 536 (52.2) 490 (47.8) 1026 1026 DE-W 546 (54.0) 466 (46.0) 1012 1012 DK 400 (40.0) 600 (60.0) 1000 1000 ES 594 (59.4) 406 (40.6) 1000 1000 FI 606 (59.3) 416 (40.7) 1022 1022 FR 568 (56.6) 436 (43.4) 1004 1004 GB-GBN 563 (56.3) 437 (43.7) 1000 1000 GB-NIR 207 (68.1) 97 (31.9) 304 304 GR 686 (68.3) 318 (31.7) 1004 1004 IE 699 (69.5) 307 (30.5) 1006 1006 IT 759 (76.3) 236 (23.7) 995 995 LU 319 (51.5) 300 (48.5) 619 619 NL 372 (35.1) 689 (64.9) 1061 1061 PT 815 (81.5) 185 (18.5) 1000 1000 SE 316 (31.6) 684 (68.4) 1000 1000 N Sum 9065 7065 16130 N Valid Sum 9065 7065 16130 printed 24.01.2012 page 224 Eurobarometer 55.2 - May-June 2001,isocntry AT 543 (53.3) 476 (46.7) 1019 1019 BE 536 (50.7) 522 (49.3) 1058 1058 DE-E 536 (52.2) 490 (47.8) 1026 1026 DE-W 546 (54.0) 466 (46.0) 1012 1012 DK 400 (40.0) 600 (60.0) 1000 1000 ES 594 (59.4) 406 (40.6) 1000 1000 FI 606 (59.3) 416 (40.7) 1022 1022 FR 568 (56.6) 436 (43.4) 1004 1004 GB-GBN 563 (56.3) 437 (43.7) 1000 1000 GB-NIR 207 (68.1) 97 (31.9) 304 304 GR 686 (68.3) 318 (31.7) 1004 1004 IE 699 (69.5) 307 (30.5) 1006 1006 IT 759 (76.3) 236 (23.7) 995 995 LU 319 (51.5) 300 (48.5) 619 619 NL 372 (35.1) 689 (64.9) 1061 1061 PT 815 (81.5) 185 (18.5) 1000 1000 SE 316 (31.6) 684 (68.4) 1000 1000 N Sum 9065 7065 16130 N Valid Sum 9065 7065 16130 printed 24.01.2012 page 224 Eurobarometer 55.2 - May-June 2001,GESIS Variable Report,250,ZA3509
v216,v216 0 1 N Sum N Valid Sum,Q24 EU ACTIVITIES: ENERGY,isocntry AT 628 (61.6) 391 (38.4) 1019 1019 BE 579 (54.7) 479 (45.3) 1058 1058 DE-E 639 (62.3) 387 (37.7) 1026 1026 DE-W 604 (59.7) 408 (40.3) 1012 1012 DK 499 (49.9) 501 (50.1) 1000 1000 ES 736 (73.6) 264 (26.4) 1000 1000 FI 839 (82.1) 183 (17.9) 1022 1022 FR 642 (63.9) 362 (36.1) 1004 1004 GB-GBN 724 (72.4) 276 (27.6) 1000 1000 GB-NIR 227 (74.7) 77 (25.3) 304 304 GR 794 (79.1) 210 (20.9) 1004 1004 IE 730 (72.6) 276 (27.4) 1006 1006 IT 774 (77.8) 221 (22.2) 995 995 LU 303 (48.9) 316 (51.1) 619 619 NL 412 (38.8) 649 (61.2) 1061 1061 PT 856 (85.6) 144 (14.4) 1000 1000 SE 486 (48.6) 514 (51.4) 1000 1000 N Sum 10472 5658 16130 N Valid Sum 10472 5658 16130 printed 24.01.2012 page 225 Eurobarometer 55.2 - May-June 2001,isocntry AT 628 (61.6) 391 (38.4) 1019 1019 BE 579 (54.7) 479 (45.3) 1058 1058 DE-E 639 (62.3) 387 (37.7) 1026 1026 DE-W 604 (59.7) 408 (40.3) 1012 1012 DK 499 (49.9) 501 (50.1) 1000 1000 ES 736 (73.6) 264 (26.4) 1000 1000 FI 839 (82.1) 183 (17.9) 1022 1022 FR 642 (63.9) 362 (36.1) 1004 1004 GB-GBN 724 (72.4) 276 (27.6) 1000 1000 GB-NIR 227 (74.7) 77 (25.3) 304 304 GR 794 (79.1) 210 (20.9) 1004 1004 IE 730 (72.6) 276 (27.4) 1006 1006 IT 774 (77.8) 221 (22.2) 995 995 LU 303 (48.9) 316 (51.1) 619 619 NL 412 (38.8) 649 (61.2) 1061 1061 PT 856 (85.6) 144 (14.4) 1000 1000 SE 486 (48.6) 514 (51.4) 1000 1000 N Sum 10472 5658 16130 N Valid Sum 10472 5658 16130 printed 24.01.2012 page 225 Eurobarometer 55.2 - May-June 2001,GESIS Variable Report,251,ZA3509
v217,v217 0 1 N Sum N Valid Sum,Q24 EU ACTIVITIES: CONSUMER PROTECTION,isocntry AT 667 (65.5) 352 (34.5) 1019 1019 BE 725 (68.5) 333 (31.5) 1058 1058 DE-E 600 (58.5) 426 (41.5) 1026 1026 DE-W 526 (52.0) 486 (48.0) 1012 1012 DK 608 (60.8) 392 (39.2) 1000 1000 ES 779 (77.9) 221 (22.1) 1000 1000 FI 885 (86.6) 137 (13.4) 1022 1022 FR 779 (77.6) 225 (22.4) 1004 1004 GB-GBN 740 (74.0) 260 (26.0) 1000 1000 GB-NIR 218 (71.7) 86 (28.3) 304 304 GR 806 (80.3) 198 (19.7) 1004 1004 IE 659 (65.5) 347 (34.5) 1006 1006 IT 849 (85.3) 146 (14.7) 995 995 LU 371 (59.9) 248 (40.1) 619 619 NL 620 (58.4) 441 (41.6) 1061 1061 PT 831 (83.1) 169 (16.9) 1000 1000 SE 611 (61.1) 389 (38.9) 1000 1000 N Sum 11274 4856 16130 N Valid Sum 11274 4856 16130 printed 24.01.2012 page 226 Eurobarometer 55.2 - May-June 2001,isocntry AT 667 (65.5) 352 (34.5) 1019 1019 BE 725 (68.5) 333 (31.5) 1058 1058 DE-E 600 (58.5) 426 (41.5) 1026 1026 DE-W 526 (52.0) 486 (48.0) 1012 1012 DK 608 (60.8) 392 (39.2) 1000 1000 ES 779 (77.9) 221 (22.1) 1000 1000 FI 885 (86.6) 137 (13.4) 1022 1022 FR 779 (77.6) 225 (22.4) 1004 1004 GB-GBN 740 (74.0) 260 (26.0) 1000 1000 GB-NIR 218 (71.7) 86 (28.3) 304 304 GR 806 (80.3) 198 (19.7) 1004 1004 IE 659 (65.5) 347 (34.5) 1006 1006 IT 849 (85.3) 146 (14.7) 995 995 LU 371 (59.9) 248 (40.1) 619 619 NL 620 (58.4) 441 (41.6) 1061 1061 PT 831 (83.1) 169 (16.9) 1000 1000 SE 611 (61.1) 389 (38.9) 1000 1000 N Sum 11274 4856 16130 N Valid Sum 11274 4856 16130 printed 24.01.2012 page 226 Eurobarometer 55.2 - May-June 2001,GESIS Variable Report,252,ZA3509
v218,v218 0 1 N Sum N Valid Sum,Q24 EU ACTIVITIES: EMPLOYM&SOC AFFAIRS,isocntry AT 654 (64.2) 365 (35.8) 1019 1019 BE 684 (64.7) 374 (35.3) 1058 1058 DE-E 668 (65.1) 358 (34.9) 1026 1026 DE-W 644 (63.6) 368 (36.4) 1012 1012 DK 625 (62.5) 375 (37.5) 1000 1000 ES 743 (74.3) 257 (25.7) 1000 1000 FI 835 (81.7) 187 (18.3) 1022 1022 FR 812 (80.9) 192 (19.1) 1004 1004 GB-GBN 685 (68.5) 315 (31.5) 1000 1000 GB-NIR 207 (68.1) 97 (31.9) 304 304 GR 836 (83.3) 168 (16.7) 1004 1004 IE 672 (66.8) 334 (33.2) 1006 1006 IT 816 (82.0) 179 (18.0) 995 995 LU 333 (53.8) 286 (46.2) 619 619 NL 518 (48.8) 543 (51.2) 1061 1061 PT 780 (78.0) 220 (22.0) 1000 1000 SE 438 (43.8) 562 (56.2) 1000 1000 N Sum 10950 5180 16130 N Valid Sum 10950 5180 16130 printed 24.01.2012 page 227 Eurobarometer 55.2 - May-June 2001,isocntry AT 654 (64.2) 365 (35.8) 1019 1019 BE 684 (64.7) 374 (35.3) 1058 1058 DE-E 668 (65.1) 358 (34.9) 1026 1026 DE-W 644 (63.6) 368 (36.4) 1012 1012 DK 625 (62.5) 375 (37.5) 1000 1000 ES 743 (74.3) 257 (25.7) 1000 1000 FI 835 (81.7) 187 (18.3) 1022 1022 FR 812 (80.9) 192 (19.1) 1004 1004 GB-GBN 685 (68.5) 315 (31.5) 1000 1000 GB-NIR 207 (68.1) 97 (31.9) 304 304 GR 836 (83.3) 168 (16.7) 1004 1004 IE 672 (66.8) 334 (33.2) 1006 1006 IT 816 (82.0) 179 (18.0) 995 995 LU 333 (53.8) 286 (46.2) 619 619 NL 518 (48.8) 543 (51.2) 1061 1061 PT 780 (78.0) 220 (22.0) 1000 1000 SE 438 (43.8) 562 (56.2) 1000 1000 N Sum 10950 5180 16130 N Valid Sum 10950 5180 16130 printed 24.01.2012 page 227 Eurobarometer 55.2 - May-June 2001,GESIS Variable Report,253,ZA3509
v219,v219 0 1 N Sum N Valid Sum,Q24 EU ACTIVITIES: REGIONAL DEVELOPMENT,isocntry AT 677 (66.4) 342 (33.6) 1019 1019 BE 748 (70.7) 310 (29.3) 1058 1058 DE-E 709 (69.1) 317 (30.9) 1026 1026 DE-W 752 (74.3) 260 (25.7) 1012 1012 DK 554 (55.4) 446 (44.6) 1000 1000 ES 853 (85.3) 147 (14.7) 1000 1000 FI 775 (75.8) 247 (24.2) 1022 1022 FR 843 (84.0) 161 (16.0) 1004 1004 GB-GBN 715 (71.5) 285 (28.5) 1000 1000 GB-NIR 194 (63.8) 110 (36.2) 304 304 GR 805 (80.2) 199 (19.8) 1004 1004 IE 582 (57.9) 424 (42.1) 1006 1006 IT 895 (89.9) 100 (10.1) 995 995 LU 399 (64.5) 220 (35.5) 619 619 NL 682 (64.3) 379 (35.7) 1061 1061 PT 850 (85.0) 150 (15.0) 1000 1000 SE 540 (54.0) 460 (46.0) 1000 1000 N Sum 11573 4557 16130 N Valid Sum 11573 4557 16130 printed 24.01.2012 page 228 Eurobarometer 55.2 - May-June 2001,isocntry AT 677 (66.4) 342 (33.6) 1019 1019 BE 748 (70.7) 310 (29.3) 1058 1058 DE-E 709 (69.1) 317 (30.9) 1026 1026 DE-W 752 (74.3) 260 (25.7) 1012 1012 DK 554 (55.4) 446 (44.6) 1000 1000 ES 853 (85.3) 147 (14.7) 1000 1000 FI 775 (75.8) 247 (24.2) 1022 1022 FR 843 (84.0) 161 (16.0) 1004 1004 GB-GBN 715 (71.5) 285 (28.5) 1000 1000 GB-NIR 194 (63.8) 110 (36.2) 304 304 GR 805 (80.2) 199 (19.8) 1004 1004 IE 582 (57.9) 424 (42.1) 1006 1006 IT 895 (89.9) 100 (10.1) 995 995 LU 399 (64.5) 220 (35.5) 619 619 NL 682 (64.3) 379 (35.7) 1061 1061 PT 850 (85.0) 150 (15.0) 1000 1000 SE 540 (54.0) 460 (46.0) 1000 1000 N Sum 11573 4557 16130 N Valid Sum 11573 4557 16130 printed 24.01.2012 page 228 Eurobarometer 55.2 - May-June 2001,GESIS Variable Report,254,ZA3509
v220,v220 0 1 N Sum N Valid Sum,Q24 EU ACTIVITIES: OTHER,isocntry AT 1017 (99.8) 2 (0.2) 1019 1019 BE 1019 (96.3) 39 (3.7) 1058 1058 DE-E 1003 (97.8) 23 (2.2) 1026 1026 DE-W 984 (97.2) 28 (2.8) 1012 1012 DK 985 (98.5) 15 (1.5) 1000 1000 ES 994 (99.4) 6 (0.6) 1000 1000 FI 1003 (98.1) 19 (1.9) 1022 1022 FR 995 (99.1) 9 (0.9) 1004 1004 GB-GBN 996 (99.6) 4 (0.4) 1000 1000 GB-NIR 299 (98.4) 5 (1.6) 304 304 GR 997 (99.3) 7 (0.7) 1004 1004 IE 967 (96.1) 39 (3.9) 1006 1006 IT 978 (98.3) 17 (1.7) 995 995 LU 605 (97.7) 14 (2.3) 619 619 NL 1045 (98.5) 16 (1.5) 1061 1061 PT 991 (99.1) 9 (0.9) 1000 1000 SE 992 (99.2) 8 (0.8) 1000 1000 N Sum 15870 260 16130 N Valid Sum 15870 260 16130 printed 24.01.2012 page 229 Eurobarometer 55.2 - May-June 2001,isocntry AT 1017 (99.8) 2 (0.2) 1019 1019 BE 1019 (96.3) 39 (3.7) 1058 1058 DE-E 1003 (97.8) 23 (2.2) 1026 1026 DE-W 984 (97.2) 28 (2.8) 1012 1012 DK 985 (98.5) 15 (1.5) 1000 1000 ES 994 (99.4) 6 (0.6) 1000 1000 FI 1003 (98.1) 19 (1.9) 1022 1022 FR 995 (99.1) 9 (0.9) 1004 1004 GB-GBN 996 (99.6) 4 (0.4) 1000 1000 GB-NIR 299 (98.4) 5 (1.6) 304 304 GR 997 (99.3) 7 (0.7) 1004 1004 IE 967 (96.1) 39 (3.9) 1006 1006 IT 978 (98.3) 17 (1.7) 995 995 LU 605 (97.7) 14 (2.3) 619 619 NL 1045 (98.5) 16 (1.5) 1061 1061 PT 991 (99.1) 9 (0.9) 1000 1000 SE 992 (99.2) 8 (0.8) 1000 1000 N Sum 15870 260 16130 N Valid Sum 15870 260 16130 printed 24.01.2012 page 229 Eurobarometer 55.2 - May-June 2001,GESIS Variable Report,255,ZA3509
v221,v221 0 1 N Sum N Valid Sum,Q24 EU ACTIVITIES: NONE OF THESE,isocntry AT 972 (95.4) 47 (4.6) 1019 1019 BE 1046 (98.9) 12 (1.1) 1058 1058 DE-E 1022 (99.6) 4 (0.4) 1026 1026 DE-W 1006 (99.4) 6 (0.6) 1012 1012 DK 991 (99.1) 9 (0.9) 1000 1000 ES 975 (97.5) 25 (2.5) 1000 1000 FI 1003 (98.1) 19 (1.9) 1022 1022 FR 986 (98.2) 18 (1.8) 1004 1004 GB-GBN 989 (98.9) 11 (1.1) 1000 1000 GB-NIR 303 (99.7) 1 (0.3) 304 304 GR 948 (94.4) 56 (5.6) 1004 1004 IE 1000 (99.4) 6 (0.6) 1006 1006 IT 935 (94.0) 60 (6.0) 995 995 LU 613 (99.0) 6 (1.0) 619 619 NL 1057 (99.6) 4 (0.4) 1061 1061 PT 948 (94.8) 52 (5.2) 1000 1000 SE 990 (99.0) 10 (1.0) 1000 1000 N Sum 15784 346 16130 N Valid Sum 15784 346 16130 printed 24.01.2012 page 230 Eurobarometer 55.2 - May-June 2001,isocntry AT 972 (95.4) 47 (4.6) 1019 1019 BE 1046 (98.9) 12 (1.1) 1058 1058 DE-E 1022 (99.6) 4 (0.4) 1026 1026 DE-W 1006 (99.4) 6 (0.6) 1012 1012 DK 991 (99.1) 9 (0.9) 1000 1000 ES 975 (97.5) 25 (2.5) 1000 1000 FI 1003 (98.1) 19 (1.9) 1022 1022 FR 986 (98.2) 18 (1.8) 1004 1004 GB-GBN 989 (98.9) 11 (1.1) 1000 1000 GB-NIR 303 (99.7) 1 (0.3) 304 304 GR 948 (94.4) 56 (5.6) 1004 1004 IE 1000 (99.4) 6 (0.6) 1006 1006 IT 935 (94.0) 60 (6.0) 995 995 LU 613 (99.0) 6 (1.0) 619 619 NL 1057 (99.6) 4 (0.4) 1061 1061 PT 948 (94.8) 52 (5.2) 1000 1000 SE 990 (99.0) 10 (1.0) 1000 1000 N Sum 15784 346 16130 N Valid Sum 15784 346 16130 printed 24.01.2012 page 230 Eurobarometer 55.2 - May-June 2001,GESIS Variable Report,256,ZA3509
v222,v222 0 1 N Sum N Valid Sum,Q24 EU ACTIVITIES: DK,isocntry AT 953 (93.5) 66 (6.5) 1019 1019 BE 968 (91.5) 90 (8.5) 1058 1058 DE-E 918 (89.5) 108 (10.5) 1026 1026 DE-W 911 (90.0) 101 (10.0) 1012 1012 DK 979 (97.9) 21 (2.1) 1000 1000 ES 803 (80.3) 197 (19.7) 1000 1000 FI 937 (91.7) 85 (8.3) 1022 1022 FR 922 (91.8) 82 (8.2) 1004 1004 GB-GBN 756 (75.6) 244 (24.4) 1000 1000 GB-NIR 235 (77.3) 69 (22.7) 304 304 GR 884 (88.0) 120 (12.0) 1004 1004 IE 860 (85.5) 146 (14.5) 1006 1006 IT 820 (82.4) 175 (17.6) 995 995 LU 575 (92.9) 44 (7.1) 619 619 NL 999 (94.2) 62 (5.8) 1061 1061 PT 760 (76.0) 240 (24.0) 1000 1000 SE 970 (97.0) 30 (3.0) 1000 1000 N Sum 14250 1880 16130 N Valid Sum 14250 1880 16130 printed 24.01.2012 page 231 Eurobarometer 55.2 - May-June 2001,isocntry AT 953 (93.5) 66 (6.5) 1019 1019 BE 968 (91.5) 90 (8.5) 1058 1058 DE-E 918 (89.5) 108 (10.5) 1026 1026 DE-W 911 (90.0) 101 (10.0) 1012 1012 DK 979 (97.9) 21 (2.1) 1000 1000 ES 803 (80.3) 197 (19.7) 1000 1000 FI 937 (91.7) 85 (8.3) 1022 1022 FR 922 (91.8) 82 (8.2) 1004 1004 GB-GBN 756 (75.6) 244 (24.4) 1000 1000 GB-NIR 235 (77.3) 69 (22.7) 304 304 GR 884 (88.0) 120 (12.0) 1004 1004 IE 860 (85.5) 146 (14.5) 1006 1006 IT 820 (82.4) 175 (17.6) 995 995 LU 575 (92.9) 44 (7.1) 619 619 NL 999 (94.2) 62 (5.8) 1061 1061 PT 760 (76.0) 240 (24.0) 1000 1000 SE 970 (97.0) 30 (3.0) 1000 1000 N Sum 14250 1880 16130 N Valid Sum 14250 1880 16130 printed 24.01.2012 page 231 Eurobarometer 55.2 - May-June 2001,GESIS Variable Report,257,ZA3509
v223,v223 1 2 3 N Sum N Valid Sum,Q25 EU ACTIV PREF: AGRICULTURE,isocntry M AT 802 (86.4) 126 (13.6) 91 1019 928 BE 877 (91.7) 79 (8.3) 102 1058 956 DE-E 815 (87.1) 121 (12.9) 89 1025 936 DE-W 779 (85.0) 138 (15.0) 96 1013 917 DK 800 (83.9) 153 (16.1) 48 1001 953 ES 921 (96.6) 32 (3.4) 48 1001 953 FI 701 (78.3) 194 (21.7) 126 1021 895 FR 812 (88.5) 105 (11.5) 88 1005 917 GB-GBN 629 (77.4) 184 (22.6) 187 1000 813 GB-NIR 215 (86.7) 33 (13.3) 56 304 248 GR 965 (98.7) 13 (1.3) 26 1004 978 IE 849 (94.5) 49 (5.5) 108 1006 898 IT 866 (94.5) 50 (5.5) 79 995 916 LU 519 (90.3) 56 (9.7) 44 619 575 NL 944 (93.1) 70 (6.9) 47 1061 1014 PT 925 (96.4) 35 (3.6) 40 1000 960 SE 817 (85.0) 144 (15.0) 39 1000 961 N Sum 13236 1582 1314 16132 N Valid Sum 13236 1582 14818 printed 24.01.2012 page 232 Eurobarometer 55.2 - May-June 2001,isocntry M AT 802 (86.4) 126 (13.6) 91 1019 928 BE 877 (91.7) 79 (8.3) 102 1058 956 DE-E 815 (87.1) 121 (12.9) 89 1025 936 DE-W 779 (85.0) 138 (15.0) 96 1013 917 DK 800 (83.9) 153 (16.1) 48 1001 953 ES 921 (96.6) 32 (3.4) 48 1001 953 FI 701 (78.3) 194 (21.7) 126 1021 895 FR 812 (88.5) 105 (11.5) 88 1005 917 GB-GBN 629 (77.4) 184 (22.6) 187 1000 813 GB-NIR 215 (86.7) 33 (13.3) 56 304 248 GR 965 (98.7) 13 (1.3) 26 1004 978 IE 849 (94.5) 49 (5.5) 108 1006 898 IT 866 (94.5) 50 (5.5) 79 995 916 LU 519 (90.3) 56 (9.7) 44 619 575 NL 944 (93.1) 70 (6.9) 47 1061 1014 PT 925 (96.4) 35 (3.6) 40 1000 960 SE 817 (85.0) 144 (15.0) 39 1000 961 N Sum 13236 1582 1314 16132 N Valid Sum 13236 1582 14818 printed 24.01.2012 page 232 Eurobarometer 55.2 - May-June 2001,GESIS Variable Report,258,ZA3509
v224,v224 1 2 3 N Sum N Valid Sum,Q25 EU ACTIV PREF: ENVIRONMENT,isocntry M AT 862 (90.7) 88 (9.3) 69 1019 950 BE 873 (92.0) 76 (8.0) 109 1058 949 DE-E 931 (96.3) 36 (3.7) 59 1026 967 DE-W 869 (92.9) 66 (7.1) 78 1013 935 DK 905 (92.9) 69 (7.1) 27 1001 974 ES 938 (97.9) 20 (2.1) 42 1000 958 FI 851 (90.3) 91 (9.7) 80 1022 942 FR 854 (91.5) 79 (8.5) 71 1004 933 GB-GBN 728 (87.4) 105 (12.6) 167 1000 833 GB-NIR 244 (94.9) 13 (5.1) 47 304 257 GR 963 (98.3) 17 (1.7) 24 1004 980 IE 863 (94.3) 52 (5.7) 91 1006 915 IT 894 (95.9) 38 (4.1) 64 996 932 LU 571 (97.1) 17 (2.9) 31 619 588 NL 1004 (97.2) 29 (2.8) 28 1061 1033 PT 907 (95.5) 43 (4.5) 50 1000 950 SE 959 (97.3) 27 (2.7) 14 1000 986 N Sum 14216 866 1051 16133 N Valid Sum 14216 866 15082 printed 24.01.2012 page 233 Eurobarometer 55.2 - May-June 2001,isocntry M AT 862 (90.7) 88 (9.3) 69 1019 950 BE 873 (92.0) 76 (8.0) 109 1058 949 DE-E 931 (96.3) 36 (3.7) 59 1026 967 DE-W 869 (92.9) 66 (7.1) 78 1013 935 DK 905 (92.9) 69 (7.1) 27 1001 974 ES 938 (97.9) 20 (2.1) 42 1000 958 FI 851 (90.3) 91 (9.7) 80 1022 942 FR 854 (91.5) 79 (8.5) 71 1004 933 GB-GBN 728 (87.4) 105 (12.6) 167 1000 833 GB-NIR 244 (94.9) 13 (5.1) 47 304 257 GR 963 (98.3) 17 (1.7) 24 1004 980 IE 863 (94.3) 52 (5.7) 91 1006 915 IT 894 (95.9) 38 (4.1) 64 996 932 LU 571 (97.1) 17 (2.9) 31 619 588 NL 1004 (97.2) 29 (2.8) 28 1061 1033 PT 907 (95.5) 43 (4.5) 50 1000 950 SE 959 (97.3) 27 (2.7) 14 1000 986 N Sum 14216 866 1051 16133 N Valid Sum 14216 866 15082 printed 24.01.2012 page 233 Eurobarometer 55.2 - May-June 2001,GESIS Variable Report,259,ZA3509
v225,v225 1 2 3 N Sum N Valid Sum,Q25 EU ACTIV PREF: INTERNAT TRADE,isocntry M AT 801 (87.4) 115 (12.6) 103 1019 916 BE 788 (86.8) 120 (13.2) 149 1057 908 DE-E 819 (89.6) 95 (10.4) 112 1026 914 DE-W 755 (85.5) 128 (14.5) 129 1012 883 DK 756 (81.5) 172 (18.5) 72 1000 928 ES 871 (94.0) 56 (6.0) 73 1000 927 FI 674 (79.1) 178 (20.9) 170 1022 852 FR 790 (88.0) 108 (12.0) 106 1004 898 GB-GBN 664 (84.5) 122 (15.5) 214 1000 786 GB-NIR 225 (92.2) 19 (7.8) 61 305 244 GR 893 (94.4) 53 (5.6) 58 1004 946 IE 778 (92.7) 61 (7.3) 167 1006 839 IT 808 (92.2) 68 (7.8) 119 995 876 LU 502 (89.8) 57 (10.2) 61 620 559 NL 904 (91.3) 86 (8.7) 70 1060 990 PT 712 (82.4) 152 (17.6) 136 1000 864 SE 831 (89.1) 102 (10.9) 67 1000 933 N Sum 12571 1692 1867 16130 N Valid Sum 12571 1692 14263 printed 24.01.2012 page 234 Eurobarometer 55.2 - May-June 2001,isocntry M AT 801 (87.4) 115 (12.6) 103 1019 916 BE 788 (86.8) 120 (13.2) 149 1057 908 DE-E 819 (89.6) 95 (10.4) 112 1026 914 DE-W 755 (85.5) 128 (14.5) 129 1012 883 DK 756 (81.5) 172 (18.5) 72 1000 928 ES 871 (94.0) 56 (6.0) 73 1000 927 FI 674 (79.1) 178 (20.9) 170 1022 852 FR 790 (88.0) 108 (12.0) 106 1004 898 GB-GBN 664 (84.5) 122 (15.5) 214 1000 786 GB-NIR 225 (92.2) 19 (7.8) 61 305 244 GR 893 (94.4) 53 (5.6) 58 1004 946 IE 778 (92.7) 61 (7.3) 167 1006 839 IT 808 (92.2) 68 (7.8) 119 995 876 LU 502 (89.8) 57 (10.2) 61 620 559 NL 904 (91.3) 86 (8.7) 70 1060 990 PT 712 (82.4) 152 (17.6) 136 1000 864 SE 831 (89.1) 102 (10.9) 67 1000 933 N Sum 12571 1692 1867 16130 N Valid Sum 12571 1692 14263 printed 24.01.2012 page 234 Eurobarometer 55.2 - May-June 2001,GESIS Variable Report,260,ZA3509
v226,v226 1 2 3 N Sum N Valid Sum,Q25 EU ACTIV PREF: FOREIGN AFFAIRS,isocntry M AT 709 (79.0) 189 (21.0) 121 1019 898 BE 740 (82.1) 161 (17.9) 157 1058 901 DE-E 771 (83.7) 150 (16.3) 105 1026 921 DE-W 718 (81.5) 163 (18.5) 131 1012 881 DK 686 (74.4) 236 (25.6) 77 999 922 ES 861 (93.5) 60 (6.5) 79 1000 921 FI 606 (74.2) 211 (25.8) 204 1021 817 FR 692 (79.6) 177 (20.4) 135 1004 869 GB-GBN 596 (74.8) 201 (25.2) 202 999 797 GB-NIR 192 (80.3) 47 (19.7) 64 303 239 GR 853 (90.3) 92 (9.7) 59 1004 945 IE 761 (90.7) 78 (9.3) 167 1006 839 IT 769 (90.5) 81 (9.5) 144 994 850 LU 488 (87.6) 69 (12.4) 62 619 557 NL 805 (84.0) 153 (16.0) 103 1061 958 PT 691 (79.5) 178 (20.5) 132 1001 869 SE 778 (83.6) 153 (16.4) 69 1000 931 N Sum 11716 2399 2011 16126 N Valid Sum 11716 2399 14115 printed 24.01.2012 page 235 Eurobarometer 55.2 - May-June 2001,isocntry M AT 709 (79.0) 189 (21.0) 121 1019 898 BE 740 (82.1) 161 (17.9) 157 1058 901 DE-E 771 (83.7) 150 (16.3) 105 1026 921 DE-W 718 (81.5) 163 (18.5) 131 1012 881 DK 686 (74.4) 236 (25.6) 77 999 922 ES 861 (93.5) 60 (6.5) 79 1000 921 FI 606 (74.2) 211 (25.8) 204 1021 817 FR 692 (79.6) 177 (20.4) 135 1004 869 GB-GBN 596 (74.8) 201 (25.2) 202 999 797 GB-NIR 192 (80.3) 47 (19.7) 64 303 239 GR 853 (90.3) 92 (9.7) 59 1004 945 IE 761 (90.7) 78 (9.3) 167 1006 839 IT 769 (90.5) 81 (9.5) 144 994 850 LU 488 (87.6) 69 (12.4) 62 619 557 NL 805 (84.0) 153 (16.0) 103 1061 958 PT 691 (79.5) 178 (20.5) 132 1001 869 SE 778 (83.6) 153 (16.4) 69 1000 931 N Sum 11716 2399 2011 16126 N Valid Sum 11716 2399 14115 printed 24.01.2012 page 235 Eurobarometer 55.2 - May-June 2001,GESIS Variable Report,261,ZA3509
v227,v227 1 2 3 N Sum N Valid Sum,Q25 EU ACTIV PREF: SCIENCE&TECHNOLOGY,isocntry M AT 821 (90.0) 91 (10.0) 106 1018 912 BE 773 (86.3) 123 (13.7) 163 1059 896 DE-E 847 (91.7) 77 (8.3) 102 1026 924 DE-W 801 (89.1) 98 (10.9) 113 1012 899 DK 822 (87.9) 113 (12.1) 65 1000 935 ES 915 (96.4) 34 (3.6) 51 1000 949 FI 744 (86.3) 118 (13.7) 160 1022 862 FR 800 (87.2) 117 (12.8) 87 1004 917 GB-GBN 666 (83.3) 134 (16.8) 200 1000 800 GB-NIR 221 (92.1) 19 (7.9) 64 304 240 GR 943 (98.0) 19 (2.0) 42 1004 962 IE 753 (92.4) 62 (7.6) 191 1006 815 IT 835 (94.0) 53 (6.0) 107 995 888 LU 515 (91.3) 49 (8.7) 55 619 564 NL 912 (91.7) 83 (8.3) 66 1061 995 PT 812 (90.5) 85 (9.5) 103 1000 897 SE 859 (90.8) 87 (9.2) 54 1000 946 N Sum 13039 1362 1729 16130 N Valid Sum 13039 1362 14401 printed 24.01.2012 page 236 Eurobarometer 55.2 - May-June 2001,isocntry M AT 821 (90.0) 91 (10.0) 106 1018 912 BE 773 (86.3) 123 (13.7) 163 1059 896 DE-E 847 (91.7) 77 (8.3) 102 1026 924 DE-W 801 (89.1) 98 (10.9) 113 1012 899 DK 822 (87.9) 113 (12.1) 65 1000 935 ES 915 (96.4) 34 (3.6) 51 1000 949 FI 744 (86.3) 118 (13.7) 160 1022 862 FR 800 (87.2) 117 (12.8) 87 1004 917 GB-GBN 666 (83.3) 134 (16.8) 200 1000 800 GB-NIR 221 (92.1) 19 (7.9) 64 304 240 GR 943 (98.0) 19 (2.0) 42 1004 962 IE 753 (92.4) 62 (7.6) 191 1006 815 IT 835 (94.0) 53 (6.0) 107 995 888 LU 515 (91.3) 49 (8.7) 55 619 564 NL 912 (91.7) 83 (8.3) 66 1061 995 PT 812 (90.5) 85 (9.5) 103 1000 897 SE 859 (90.8) 87 (9.2) 54 1000 946 N Sum 13039 1362 1729 16130 N Valid Sum 13039 1362 14401 printed 24.01.2012 page 236 Eurobarometer 55.2 - May-June 2001,GESIS Variable Report,262,ZA3509
v228,v228 1 2 3 N Sum N Valid Sum,Q25 EU ACTIV PREF: DEFENCE,isocntry M AT 591 (65.8) 307 (34.2) 122 1020 898 BE 716 (78.5) 196 (21.5) 147 1059 912 DE-E 651 (72.7) 244 (27.3) 131 1026 895 DE-W 640 (74.2) 222 (25.8) 151 1013 862 DK 565 (61.8) 349 (38.2) 86 1000 914 ES 791 (85.7) 132 (14.3) 77 1000 923 FI 532 (62.7) 317 (37.3) 173 1022 849 FR 740 (82.6) 156 (17.4) 108 1004 896 GB-GBN 577 (71.7) 228 (28.3) 195 1000 805 GB-NIR 170 (73.3) 62 (26.7) 72 304 232 GR 891 (93.1) 66 (6.9) 47 1004 957 IE 623 (78.4) 172 (21.6) 211 1006 795 IT 738 (85.9) 121 (14.1) 136 995 859 LU 465 (84.9) 83 (15.1) 70 618 548 NL 765 (78.2) 213 (21.8) 83 1061 978 PT 763 (84.3) 142 (15.7) 95 1000 905 SE 671 (72.5) 254 (27.5) 76 1001 925 N Sum 10889 3264 1980 16133 N Valid Sum 10889 3264 14153 printed 24.01.2012 page 237 Eurobarometer 55.2 - May-June 2001,isocntry M AT 591 (65.8) 307 (34.2) 122 1020 898 BE 716 (78.5) 196 (21.5) 147 1059 912 DE-E 651 (72.7) 244 (27.3) 131 1026 895 DE-W 640 (74.2) 222 (25.8) 151 1013 862 DK 565 (61.8) 349 (38.2) 86 1000 914 ES 791 (85.7) 132 (14.3) 77 1000 923 FI 532 (62.7) 317 (37.3) 173 1022 849 FR 740 (82.6) 156 (17.4) 108 1004 896 GB-GBN 577 (71.7) 228 (28.3) 195 1000 805 GB-NIR 170 (73.3) 62 (26.7) 72 304 232 GR 891 (93.1) 66 (6.9) 47 1004 957 IE 623 (78.4) 172 (21.6) 211 1006 795 IT 738 (85.9) 121 (14.1) 136 995 859 LU 465 (84.9) 83 (15.1) 70 618 548 NL 765 (78.2) 213 (21.8) 83 1061 978 PT 763 (84.3) 142 (15.7) 95 1000 905 SE 671 (72.5) 254 (27.5) 76 1001 925 N Sum 10889 3264 1980 16133 N Valid Sum 10889 3264 14153 printed 24.01.2012 page 237 Eurobarometer 55.2 - May-June 2001,GESIS Variable Report,263,ZA3509
v229,v229 1 2 3 N Sum N Valid Sum,Q25 EU ACTIV PREF: ENERGY,isocntry M AT 713 (79.8) 180 (20.2) 126 1019 893 BE 774 (85.8) 128 (14.2) 156 1058 902 DE-E 727 (80.7) 174 (19.3) 125 1026 901 DE-W 705 (79.9) 177 (20.1) 130 1012 882 DK 802 (85.0) 141 (15.0) 56 999 943 ES 877 (95.1) 45 (4.9) 77 999 922 FI 739 (83.8) 143 (16.2) 139 1021 882 FR 785 (86.9) 118 (13.1) 101 1004 903 GB-GBN 629 (79.1) 166 (20.9) 205 1000 795 GB-NIR 218 (90.1) 24 (9.9) 62 304 242 GR 919 (96.4) 34 (3.6) 50 1003 953 IE 726 (90.0) 81 (10.0) 200 1007 807 IT 781 (89.6) 91 (10.4) 123 995 872 LU 519 (91.9) 46 (8.1) 54 619 565 NL 904 (91.1) 88 (8.9) 69 1061 992 PT 778 (87.6) 110 (12.4) 112 1000 888 SE 844 (89.7) 97 (10.3) 59 1000 941 N Sum 12440 1843 1844 16127 N Valid Sum 12440 1843 14283 printed 24.01.2012 page 238 Eurobarometer 55.2 - May-June 2001,isocntry M AT 713 (79.8) 180 (20.2) 126 1019 893 BE 774 (85.8) 128 (14.2) 156 1058 902 DE-E 727 (80.7) 174 (19.3) 125 1026 901 DE-W 705 (79.9) 177 (20.1) 130 1012 882 DK 802 (85.0) 141 (15.0) 56 999 943 ES 877 (95.1) 45 (4.9) 77 999 922 FI 739 (83.8) 143 (16.2) 139 1021 882 FR 785 (86.9) 118 (13.1) 101 1004 903 GB-GBN 629 (79.1) 166 (20.9) 205 1000 795 GB-NIR 218 (90.1) 24 (9.9) 62 304 242 GR 919 (96.4) 34 (3.6) 50 1003 953 IE 726 (90.0) 81 (10.0) 200 1007 807 IT 781 (89.6) 91 (10.4) 123 995 872 LU 519 (91.9) 46 (8.1) 54 619 565 NL 904 (91.1) 88 (8.9) 69 1061 992 PT 778 (87.6) 110 (12.4) 112 1000 888 SE 844 (89.7) 97 (10.3) 59 1000 941 N Sum 12440 1843 1844 16127 N Valid Sum 12440 1843 14283 printed 24.01.2012 page 238 Eurobarometer 55.2 - May-June 2001,GESIS Variable Report,264,ZA3509
v230,v230 1 2 3 N Sum N Valid Sum,Q25 EU ACTIV PREF: CONSUMER PROTECTION,isocntry M AT 781 (85.0) 138 (15.0) 100 1019 919 BE 754 (82.8) 157 (17.2) 146 1057 911 DE-E 797 (85.2) 138 (14.8) 91 1026 935 DE-W 796 (86.4) 125 (13.6) 91 1012 921 DK 789 (83.3) 158 (16.7) 53 1000 947 ES 894 (94.0) 57 (6.0) 49 1000 951 FI 740 (83.0) 152 (17.0) 130 1022 892 FR 765 (83.9) 147 (16.1) 92 1004 912 GB-GBN 603 (75.8) 192 (24.2) 205 1000 795 GB-NIR 223 (90.7) 23 (9.3) 58 304 246 GR 959 (98.3) 17 (1.7) 27 1003 976 IE 801 (92.6) 64 (7.4) 140 1005 865 IT 824 (91.7) 75 (8.3) 95 994 899 LU 486 (87.1) 72 (12.9) 61 619 558 NL 813 (83.4) 162 (16.6) 86 1061 975 PT 875 (93.9) 57 (6.1) 68 1000 932 SE 790 (84.6) 144 (15.4) 66 1000 934 N Sum 12690 1878 1558 16126 N Valid Sum 12690 1878 14568 printed 24.01.2012 page 239 Eurobarometer 55.2 - May-June 2001,isocntry M AT 781 (85.0) 138 (15.0) 100 1019 919 BE 754 (82.8) 157 (17.2) 146 1057 911 DE-E 797 (85.2) 138 (14.8) 91 1026 935 DE-W 796 (86.4) 125 (13.6) 91 1012 921 DK 789 (83.3) 158 (16.7) 53 1000 947 ES 894 (94.0) 57 (6.0) 49 1000 951 FI 740 (83.0) 152 (17.0) 130 1022 892 FR 765 (83.9) 147 (16.1) 92 1004 912 GB-GBN 603 (75.8) 192 (24.2) 205 1000 795 GB-NIR 223 (90.7) 23 (9.3) 58 304 246 GR 959 (98.3) 17 (1.7) 27 1003 976 IE 801 (92.6) 64 (7.4) 140 1005 865 IT 824 (91.7) 75 (8.3) 95 994 899 LU 486 (87.1) 72 (12.9) 61 619 558 NL 813 (83.4) 162 (16.6) 86 1061 975 PT 875 (93.9) 57 (6.1) 68 1000 932 SE 790 (84.6) 144 (15.4) 66 1000 934 N Sum 12690 1878 1558 16126 N Valid Sum 12690 1878 14568 printed 24.01.2012 page 239 Eurobarometer 55.2 - May-June 2001,GESIS Variable Report,265,ZA3509
v231,v231 1 2 3 N Sum N Valid Sum,Q25 EU ACTIV PREF: EMPLOYM&SOC AFFAIRS,isocntry M AT 747 (82.2) 162 (17.8) 110 1019 909 BE 723 (79.2) 190 (20.8) 145 1058 913 DE-E 743 (80.6) 179 (19.4) 104 1026 922 DE-W 631 (74.1) 220 (25.9) 161 1012 851 DK 659 (69.8) 285 (30.2) 56 1000 944 ES 884 (93.8) 58 (6.2) 58 1000 942 FI 843 (90.3) 91 (9.7) 88 1022 934 FR 713 (79.5) 184 (20.5) 107 1004 897 GB-GBN 550 (69.4) 242 (30.6) 208 1000 792 GB-NIR 211 (84.4) 39 (15.6) 55 305 250 GR 947 (97.4) 25 (2.6) 32 1004 972 IE 765 (90.6) 79 (9.4) 162 1006 844 IT 772 (89.5) 91 (10.5) 132 995 863 LU 501 (88.8) 63 (11.2) 54 618 564 NL 812 (83.1) 165 (16.9) 84 1061 977 PT 853 (90.6) 89 (9.4) 58 1000 942 SE 849 (88.6) 109 (11.4) 42 1000 958 N Sum 12203 2271 1656 16130 N Valid Sum 12203 2271 14474 printed 24.01.2012 page 240 Eurobarometer 55.2 - May-June 2001,isocntry M AT 747 (82.2) 162 (17.8) 110 1019 909 BE 723 (79.2) 190 (20.8) 145 1058 913 DE-E 743 (80.6) 179 (19.4) 104 1026 922 DE-W 631 (74.1) 220 (25.9) 161 1012 851 DK 659 (69.8) 285 (30.2) 56 1000 944 ES 884 (93.8) 58 (6.2) 58 1000 942 FI 843 (90.3) 91 (9.7) 88 1022 934 FR 713 (79.5) 184 (20.5) 107 1004 897 GB-GBN 550 (69.4) 242 (30.6) 208 1000 792 GB-NIR 211 (84.4) 39 (15.6) 55 305 250 GR 947 (97.4) 25 (2.6) 32 1004 972 IE 765 (90.6) 79 (9.4) 162 1006 844 IT 772 (89.5) 91 (10.5) 132 995 863 LU 501 (88.8) 63 (11.2) 54 618 564 NL 812 (83.1) 165 (16.9) 84 1061 977 PT 853 (90.6) 89 (9.4) 58 1000 942 SE 849 (88.6) 109 (11.4) 42 1000 958 N Sum 12203 2271 1656 16130 N Valid Sum 12203 2271 14474 printed 24.01.2012 page 240 Eurobarometer 55.2 - May-June 2001,GESIS Variable Report,266,ZA3509
v232,v232 1 2 3 N Sum N Valid Sum,Q25 EU ACTIV PREF: REGIONAL DEVELOPM,isocntry M AT 611 (69.2) 272 (30.8) 136 1019 883 BE 562 (65.0) 302 (35.0) 194 1058 864 DE-E 510 (58.4) 363 (41.6) 153 1026 873 DE-W 393 (48.5) 417 (51.5) 201 1011 810 DK 598 (65.7) 312 (34.3) 90 1000 910 ES 699 (77.2) 206 (22.8) 96 1001 905 FI 683 (79.0) 182 (21.0) 157 1022 865 FR 561 (64.6) 307 (35.4) 136 1004 868 GB-GBN 499 (64.3) 277 (35.7) 224 1000 776 GB-NIR 181 (79.0) 48 (21.0) 75 304 229 GR 925 (97.0) 29 (3.0) 49 1003 954 IE 759 (90.1) 83 (9.9) 163 1005 842 IT 621 (75.1) 206 (24.9) 169 996 827 LU 405 (75.3) 133 (24.7) 82 620 538 NL 559 (60.0) 372 (40.0) 130 1061 931 PT 835 (90.9) 84 (9.1) 81 1000 919 SE 656 (73.0) 243 (27.0) 101 1000 899 N Sum 10057 3836 2237 16130 N Valid Sum 10057 3836 13893 printed 24.01.2012 page 241 Eurobarometer 55.2 - May-June 2001,isocntry M AT 611 (69.2) 272 (30.8) 136 1019 883 BE 562 (65.0) 302 (35.0) 194 1058 864 DE-E 510 (58.4) 363 (41.6) 153 1026 873 DE-W 393 (48.5) 417 (51.5) 201 1011 810 DK 598 (65.7) 312 (34.3) 90 1000 910 ES 699 (77.2) 206 (22.8) 96 1001 905 FI 683 (79.0) 182 (21.0) 157 1022 865 FR 561 (64.6) 307 (35.4) 136 1004 868 GB-GBN 499 (64.3) 277 (35.7) 224 1000 776 GB-NIR 181 (79.0) 48 (21.0) 75 304 229 GR 925 (97.0) 29 (3.0) 49 1003 954 IE 759 (90.1) 83 (9.9) 163 1005 842 IT 621 (75.1) 206 (24.9) 169 996 827 LU 405 (75.3) 133 (24.7) 82 620 538 NL 559 (60.0) 372 (40.0) 130 1061 931 PT 835 (90.9) 84 (9.1) 81 1000 919 SE 656 (73.0) 243 (27.0) 101 1000 899 N Sum 10057 3836 2237 16130 N Valid Sum 10057 3836 13893 printed 24.01.2012 page 241 Eurobarometer 55.2 - May-June 2001,GESIS Variable Report,267,ZA3509
v233,v233 1 2 3 N Sum N Valid Sum,Q26 EU LEVEL RESEARCH: SAVES MONEY,isocntry M AT 471 (61.7) 292 (38.3) 257 1020 763 BE 518 (66.2) 264 (33.8) 276 1058 782 DE-E 531 (62.9) 313 (37.1) 182 1026 844 DE-W 498 (60.7) 322 (39.3) 192 1012 820 DK 482 (59.9) 323 (40.1) 194 999 805 ES 459 (68.2) 214 (31.8) 327 1000 673 FI 447 (61.0) 286 (39.0) 289 1022 733 FR 434 (56.4) 335 (43.6) 235 1004 769 GB-GBN 277 (43.3) 362 (56.7) 360 999 639 GB-NIR 107 (60.5) 70 (39.5) 126 303 177 GR 520 (74.9) 174 (25.1) 310 1004 694 IE 372 (64.8) 202 (35.2) 432 1006 574 IT 475 (70.3) 201 (29.7) 319 995 676 LU 327 (71.4) 131 (28.6) 162 620 458 NL 528 (60.7) 342 (39.3) 191 1061 870 PT 436 (69.0) 196 (31.0) 368 1000 632 SE 398 (47.7) 436 (52.3) 166 1000 834 N Sum 7280 4463 4386 16129 N Valid Sum 7280 4463 11743 printed 24.01.2012 page 242 Eurobarometer 55.2 - May-June 2001,isocntry M AT 471 (61.7) 292 (38.3) 257 1020 763 BE 518 (66.2) 264 (33.8) 276 1058 782 DE-E 531 (62.9) 313 (37.1) 182 1026 844 DE-W 498 (60.7) 322 (39.3) 192 1012 820 DK 482 (59.9) 323 (40.1) 194 999 805 ES 459 (68.2) 214 (31.8) 327 1000 673 FI 447 (61.0) 286 (39.0) 289 1022 733 FR 434 (56.4) 335 (43.6) 235 1004 769 GB-GBN 277 (43.3) 362 (56.7) 360 999 639 GB-NIR 107 (60.5) 70 (39.5) 126 303 177 GR 520 (74.9) 174 (25.1) 310 1004 694 IE 372 (64.8) 202 (35.2) 432 1006 574 IT 475 (70.3) 201 (29.7) 319 995 676 LU 327 (71.4) 131 (28.6) 162 620 458 NL 528 (60.7) 342 (39.3) 191 1061 870 PT 436 (69.0) 196 (31.0) 368 1000 632 SE 398 (47.7) 436 (52.3) 166 1000 834 N Sum 7280 4463 4386 16129 N Valid Sum 7280 4463 11743 printed 24.01.2012 page 242 Eurobarometer 55.2 - May-June 2001,GESIS Variable Report,268,ZA3509
v234,v234 1 2 3 N Sum N Valid Sum,Q26 EU LEVEL RESEARCH: MORE EFFECTIVE,isocntry M AT 569 (75.9) 181 (24.1) 269 1019 750 BE 628 (77.7) 180 (22.3) 250 1058 808 DE-E 685 (81.8) 152 (18.2) 190 1027 837 DE-W 649 (77.5) 188 (22.5) 175 1012 837 DK 499 (60.9) 320 (39.1) 181 1000 819 ES 645 (86.7) 99 (13.3) 256 1000 744 FI 424 (57.5) 313 (42.5) 285 1022 737 FR 629 (76.2) 196 (23.8) 179 1004 825 GB-GBN 366 (55.3) 296 (44.7) 339 1001 662 GB-NIR 128 (68.4) 59 (31.6) 117 304 187 GR 671 (87.9) 92 (12.1) 241 1004 763 IE 473 (78.6) 129 (21.4) 404 1006 602 IT 647 (84.7) 117 (15.3) 231 995 764 LU 371 (77.6) 107 (22.4) 141 619 478 NL 627 (72.1) 243 (27.9) 191 1061 870 PT 550 (81.7) 123 (18.3) 327 1000 673 SE 451 (54.1) 383 (45.9) 166 1000 834 N Sum 9012 3178 3942 16132 N Valid Sum 9012 3178 12190 printed 24.01.2012 page 243 Eurobarometer 55.2 - May-June 2001,isocntry M AT 569 (75.9) 181 (24.1) 269 1019 750 BE 628 (77.7) 180 (22.3) 250 1058 808 DE-E 685 (81.8) 152 (18.2) 190 1027 837 DE-W 649 (77.5) 188 (22.5) 175 1012 837 DK 499 (60.9) 320 (39.1) 181 1000 819 ES 645 (86.7) 99 (13.3) 256 1000 744 FI 424 (57.5) 313 (42.5) 285 1022 737 FR 629 (76.2) 196 (23.8) 179 1004 825 GB-GBN 366 (55.3) 296 (44.7) 339 1001 662 GB-NIR 128 (68.4) 59 (31.6) 117 304 187 GR 671 (87.9) 92 (12.1) 241 1004 763 IE 473 (78.6) 129 (21.4) 404 1006 602 IT 647 (84.7) 117 (15.3) 231 995 764 LU 371 (77.6) 107 (22.4) 141 619 478 NL 627 (72.1) 243 (27.9) 191 1061 870 PT 550 (81.7) 123 (18.3) 327 1000 673 SE 451 (54.1) 383 (45.9) 166 1000 834 N Sum 9012 3178 3942 16132 N Valid Sum 9012 3178 12190 printed 24.01.2012 page 243 Eurobarometer 55.2 - May-June 2001,GESIS Variable Report,269,ZA3509
v235,v235 1 2 3 N Sum N Valid Sum,Q26 EU LEVEL RESEARCH: MORE IMPORTANT,isocntry M AT 731 (89.3) 88 (10.7) 200 1019 819 BE 722 (85.3) 124 (14.7) 212 1058 846 DE-E 815 (92.7) 64 (7.3) 148 1027 879 DE-W 774 (90.0) 86 (10.0) 153 1013 860 DK 743 (85.5) 126 (14.5) 131 1000 869 ES 747 (94.7) 42 (5.3) 211 1000 789 FI 734 (88.1) 99 (11.9) 189 1022 833 FR 756 (90.5) 79 (9.5) 169 1004 835 GB-GBN 555 (75.8) 177 (24.2) 268 1000 732 GB-NIR 187 (89.5) 22 (10.5) 95 304 209 GR 686 (86.5) 107 (13.5) 211 1004 793 IE 605 (89.8) 69 (10.2) 331 1005 674 IT 753 (92.8) 58 (7.2) 184 995 811 LU 464 (91.2) 45 (8.8) 111 620 509 NL 878 (92.3) 73 (7.7) 110 1061 951 PT 648 (86.4) 102 (13.6) 250 1000 750 SE 787 (88.8) 99 (11.2) 114 1000 886 N Sum 11585 1460 3087 16132 N Valid Sum 11585 1460 13045 printed 24.01.2012 page 244 Eurobarometer 55.2 - May-June 2001,isocntry M AT 731 (89.3) 88 (10.7) 200 1019 819 BE 722 (85.3) 124 (14.7) 212 1058 846 DE-E 815 (92.7) 64 (7.3) 148 1027 879 DE-W 774 (90.0) 86 (10.0) 153 1013 860 DK 743 (85.5) 126 (14.5) 131 1000 869 ES 747 (94.7) 42 (5.3) 211 1000 789 FI 734 (88.1) 99 (11.9) 189 1022 833 FR 756 (90.5) 79 (9.5) 169 1004 835 GB-GBN 555 (75.8) 177 (24.2) 268 1000 732 GB-NIR 187 (89.5) 22 (10.5) 95 304 209 GR 686 (86.5) 107 (13.5) 211 1004 793 IE 605 (89.8) 69 (10.2) 331 1005 674 IT 753 (92.8) 58 (7.2) 184 995 811 LU 464 (91.2) 45 (8.8) 111 620 509 NL 878 (92.3) 73 (7.7) 110 1061 951 PT 648 (86.4) 102 (13.6) 250 1000 750 SE 787 (88.8) 99 (11.2) 114 1000 886 N Sum 11585 1460 3087 16132 N Valid Sum 11585 1460 13045 printed 24.01.2012 page 244 Eurobarometer 55.2 - May-June 2001,GESIS Variable Report,270,ZA3509
v236,v236 1 2 3 N Sum N Valid Sum,Q26 EU LEVEL RESEARCH: ECONOMIC GROWTH,isocntry M AT 683 (87.0) 102 (13.0) 233 1018 785 BE 602 (75.9) 191 (24.1) 265 1058 793 DE-E 781 (89.8) 89 (10.2) 156 1026 870 DE-W 699 (85.3) 120 (14.7) 193 1012 819 DK 529 (70.0) 227 (30.0) 244 1000 756 ES 581 (83.7) 113 (16.3) 306 1000 694 FI 690 (87.1) 102 (12.9) 229 1021 792 FR 589 (76.7) 179 (23.3) 236 1004 768 GB-GBN 482 (70.3) 204 (29.7) 315 1001 686 GB-NIR 161 (84.3) 30 (15.7) 114 305 191 GR 653 (85.0) 115 (15.0) 236 1004 768 IE 577 (90.7) 59 (9.3) 370 1006 636 IT 616 (84.6) 112 (15.4) 267 995 728 LU 398 (85.4) 68 (14.6) 153 619 466 NL 584 (73.6) 209 (26.4) 268 1061 793 PT 593 (85.4) 101 (14.6) 305 999 694 SE 559 (71.4) 224 (28.6) 217 1000 783 N Sum 9777 2245 4107 16129 N Valid Sum 9777 2245 12022 printed 24.01.2012 page 245 Eurobarometer 55.2 - May-June 2001,isocntry M AT 683 (87.0) 102 (13.0) 233 1018 785 BE 602 (75.9) 191 (24.1) 265 1058 793 DE-E 781 (89.8) 89 (10.2) 156 1026 870 DE-W 699 (85.3) 120 (14.7) 193 1012 819 DK 529 (70.0) 227 (30.0) 244 1000 756 ES 581 (83.7) 113 (16.3) 306 1000 694 FI 690 (87.1) 102 (12.9) 229 1021 792 FR 589 (76.7) 179 (23.3) 236 1004 768 GB-GBN 482 (70.3) 204 (29.7) 315 1001 686 GB-NIR 161 (84.3) 30 (15.7) 114 305 191 GR 653 (85.0) 115 (15.0) 236 1004 768 IE 577 (90.7) 59 (9.3) 370 1006 636 IT 616 (84.6) 112 (15.4) 267 995 728 LU 398 (85.4) 68 (14.6) 153 619 466 NL 584 (73.6) 209 (26.4) 268 1061 793 PT 593 (85.4) 101 (14.6) 305 999 694 SE 559 (71.4) 224 (28.6) 217 1000 783 N Sum 9777 2245 4107 16129 N Valid Sum 9777 2245 12022 printed 24.01.2012 page 245 Eurobarometer 55.2 - May-June 2001,GESIS Variable Report,271,ZA3509
v237,v237 1 2 3 N Sum N Valid Sum,Q26 EU LEVEL RESEARCH: NATIONAL INTEREST,isocntry M AT 524 (69.2) 233 (30.8) 262 1019 757 BE 570 (71.7) 225 (28.3) 263 1058 795 DE-E 673 (85.1) 118 (14.9) 236 1027 791 DE-W 627 (77.6) 181 (22.4) 204 1012 808 DK 673 (77.3) 198 (22.7) 129 1000 871 ES 596 (79.6) 153 (20.4) 251 1000 749 FI 660 (82.1) 144 (17.9) 218 1022 804 FR 566 (71.3) 228 (28.7) 210 1004 794 GB-GBN 436 (62.7) 259 (37.3) 305 1000 695 GB-NIR 142 (73.6) 51 (26.4) 110 303 193 GR 543 (79.0) 144 (21.0) 317 1004 687 IE 541 (81.1) 126 (18.9) 339 1006 667 IT 646 (82.7) 135 (17.3) 215 996 781 LU 388 (79.7) 99 (20.3) 131 618 487 NL 583 (67.9) 276 (32.1) 202 1061 859 PT 634 (86.3) 101 (13.7) 264 999 735 SE 720 (83.6) 141 (16.4) 139 1000 861 N Sum 9522 2812 3795 16129 N Valid Sum 9522 2812 12334 printed 24.01.2012 page 246 Eurobarometer 55.2 - May-June 2001,isocntry M AT 524 (69.2) 233 (30.8) 262 1019 757 BE 570 (71.7) 225 (28.3) 263 1058 795 DE-E 673 (85.1) 118 (14.9) 236 1027 791 DE-W 627 (77.6) 181 (22.4) 204 1012 808 DK 673 (77.3) 198 (22.7) 129 1000 871 ES 596 (79.6) 153 (20.4) 251 1000 749 FI 660 (82.1) 144 (17.9) 218 1022 804 FR 566 (71.3) 228 (28.7) 210 1004 794 GB-GBN 436 (62.7) 259 (37.3) 305 1000 695 GB-NIR 142 (73.6) 51 (26.4) 110 303 193 GR 543 (79.0) 144 (21.0) 317 1004 687 IE 541 (81.1) 126 (18.9) 339 1006 667 IT 646 (82.7) 135 (17.3) 215 996 781 LU 388 (79.7) 99 (20.3) 131 618 487 NL 583 (67.9) 276 (32.1) 202 1061 859 PT 634 (86.3) 101 (13.7) 264 999 735 SE 720 (83.6) 141 (16.4) 139 1000 861 N Sum 9522 2812 3795 16129 N Valid Sum 9522 2812 12334 printed 24.01.2012 page 246 Eurobarometer 55.2 - May-June 2001,GESIS Variable Report,272,ZA3509
v238,v238 1 2 3 N Sum N Valid Sum,Q26 EU LEVEL RESEARCH: INDUSTRY INTEREST,isocntry M AT 697 (87.8) 97 (12.2) 224 1018 794 BE 691 (83.5) 137 (16.5) 231 1059 828 DE-E 768 (89.4) 91 (10.6) 167 1026 859 DE-W 747 (89.0) 92 (11.0) 173 1012 839 DK 866 (93.8) 57 (6.2) 77 1000 923 ES 722 (93.8) 48 (6.2) 230 1000 770 FI 754 (90.5) 79 (9.5) 189 1022 833 FR 696 (85.7) 116 (14.3) 193 1005 812 GB-GBN 569 (78.4) 157 (21.6) 274 1000 726 GB-NIR 182 (89.7) 21 (10.3) 101 304 203 GR 690 (90.0) 77 (10.0) 237 1004 767 IE 631 (92.1) 54 (7.9) 321 1006 685 IT 620 (84.6) 113 (15.4) 262 995 733 LU 432 (87.1) 64 (12.9) 123 619 496 NL 778 (89.7) 89 (10.3) 195 1062 867 PT 668 (89.4) 79 (10.6) 253 1000 747 SE 852 (95.4) 41 (4.6) 107 1000 893 N Sum 11363 1412 3357 16132 N Valid Sum 11363 1412 12775 printed 24.01.2012 page 247 Eurobarometer 55.2 - May-June 2001,isocntry M AT 697 (87.8) 97 (12.2) 224 1018 794 BE 691 (83.5) 137 (16.5) 231 1059 828 DE-E 768 (89.4) 91 (10.6) 167 1026 859 DE-W 747 (89.0) 92 (11.0) 173 1012 839 DK 866 (93.8) 57 (6.2) 77 1000 923 ES 722 (93.8) 48 (6.2) 230 1000 770 FI 754 (90.5) 79 (9.5) 189 1022 833 FR 696 (85.7) 116 (14.3) 193 1005 812 GB-GBN 569 (78.4) 157 (21.6) 274 1000 726 GB-NIR 182 (89.7) 21 (10.3) 101 304 203 GR 690 (90.0) 77 (10.0) 237 1004 767 IE 631 (92.1) 54 (7.9) 321 1006 685 IT 620 (84.6) 113 (15.4) 262 995 733 LU 432 (87.1) 64 (12.9) 123 619 496 NL 778 (89.7) 89 (10.3) 195 1062 867 PT 668 (89.4) 79 (10.6) 253 1000 747 SE 852 (95.4) 41 (4.6) 107 1000 893 N Sum 11363 1412 3357 16132 N Valid Sum 11363 1412 12775 printed 24.01.2012 page 247 Eurobarometer 55.2 - May-June 2001,GESIS Variable Report,273,ZA3509
v239,v239 1 2 3 N Sum N Valid Sum,Q26 EU LEVEL RESEARCH: GENERAL INTEREST,isocntry M AT 524 (71.7) 207 (28.3) 289 1020 731 BE 618 (73.8) 219 (26.2) 221 1058 837 DE-E 659 (82.0) 145 (18.0) 221 1025 804 DE-W 648 (79.2) 170 (20.8) 194 1012 818 DK 615 (71.6) 244 (28.4) 141 1000 859 ES 706 (87.7) 99 (12.3) 195 1000 805 FI 574 (72.0) 223 (28.0) 225 1022 797 FR 605 (74.4) 208 (25.6) 192 1005 813 GB-GBN 426 (59.4) 291 (40.6) 283 1000 717 GB-NIR 146 (74.1) 51 (25.9) 106 303 197 GR 536 (74.9) 180 (25.1) 289 1005 716 IE 551 (83.4) 110 (16.6) 345 1006 661 IT 680 (85.2) 118 (14.8) 197 995 798 LU 374 (74.7) 127 (25.3) 118 619 501 NL 529 (62.5) 318 (37.5) 214 1061 847 PT 588 (79.9) 148 (20.1) 264 1000 736 SE 644 (75.3) 211 (24.7) 145 1000 855 N Sum 9423 3069 3639 16131 N Valid Sum 9423 3069 12492 printed 24.01.2012 page 248 Eurobarometer 55.2 - May-June 2001,isocntry M AT 524 (71.7) 207 (28.3) 289 1020 731 BE 618 (73.8) 219 (26.2) 221 1058 837 DE-E 659 (82.0) 145 (18.0) 221 1025 804 DE-W 648 (79.2) 170 (20.8) 194 1012 818 DK 615 (71.6) 244 (28.4) 141 1000 859 ES 706 (87.7) 99 (12.3) 195 1000 805 FI 574 (72.0) 223 (28.0) 225 1022 797 FR 605 (74.4) 208 (25.6) 192 1005 813 GB-GBN 426 (59.4) 291 (40.6) 283 1000 717 GB-NIR 146 (74.1) 51 (25.9) 106 303 197 GR 536 (74.9) 180 (25.1) 289 1005 716 IE 551 (83.4) 110 (16.6) 345 1006 661 IT 680 (85.2) 118 (14.8) 197 995 798 LU 374 (74.7) 127 (25.3) 118 619 501 NL 529 (62.5) 318 (37.5) 214 1061 847 PT 588 (79.9) 148 (20.1) 264 1000 736 SE 644 (75.3) 211 (24.7) 145 1000 855 N Sum 9423 3069 3639 16131 N Valid Sum 9423 3069 12492 printed 24.01.2012 page 248 Eurobarometer 55.2 - May-June 2001,GESIS Variable Report,274,ZA3509
v240,v240 1 2 3 N Sum N Valid Sum,Q26 EU LEVEL RESEARCH: DUPLICATION,isocntry M AT 479 (72.0) 186 (28.0) 354 1019 665 BE 423 (58.1) 305 (41.9) 330 1058 728 DE-E 330 (55.7) 262 (44.3) 433 1025 592 DE-W 369 (57.1) 277 (42.9) 366 1012 646 DK 250 (30.9) 558 (69.1) 192 1000 808 ES 443 (72.9) 165 (27.1) 392 1000 608 FI 251 (39.8) 380 (60.2) 391 1022 631 FR 345 (45.3) 417 (54.7) 243 1005 762 GB-GBN 369 (60.3) 243 (39.7) 388 1000 612 GB-NIR 91 (53.8) 78 (46.2) 135 304 169 GR 484 (72.6) 183 (27.4) 337 1004 667 IE 352 (63.3) 204 (36.7) 450 1006 556 IT 411 (63.3) 238 (36.7) 346 995 649 LU 149 (34.6) 282 (65.4) 187 618 431 NL 414 (53.0) 367 (47.0) 280 1061 781 PT 526 (83.2) 106 (16.8) 368 1000 632 SE 235 (34.3) 451 (65.7) 314 1000 686 N Sum 5921 4702 5506 16129 N Valid Sum 5921 4702 10623 printed 24.01.2012 page 249 Eurobarometer 55.2 - May-June 2001,isocntry M AT 479 (72.0) 186 (28.0) 354 1019 665 BE 423 (58.1) 305 (41.9) 330 1058 728 DE-E 330 (55.7) 262 (44.3) 433 1025 592 DE-W 369 (57.1) 277 (42.9) 366 1012 646 DK 250 (30.9) 558 (69.1) 192 1000 808 ES 443 (72.9) 165 (27.1) 392 1000 608 FI 251 (39.8) 380 (60.2) 391 1022 631 FR 345 (45.3) 417 (54.7) 243 1005 762 GB-GBN 369 (60.3) 243 (39.7) 388 1000 612 GB-NIR 91 (53.8) 78 (46.2) 135 304 169 GR 484 (72.6) 183 (27.4) 337 1004 667 IE 352 (63.3) 204 (36.7) 450 1006 556 IT 411 (63.3) 238 (36.7) 346 995 649 LU 149 (34.6) 282 (65.4) 187 618 431 NL 414 (53.0) 367 (47.0) 280 1061 781 PT 526 (83.2) 106 (16.8) 368 1000 632 SE 235 (34.3) 451 (65.7) 314 1000 686 N Sum 5921 4702 5506 16129 N Valid Sum 5921 4702 10623 printed 24.01.2012 page 249 Eurobarometer 55.2 - May-June 2001,GESIS Variable Report,275,ZA3509
v241,v241 1 2 3 N Sum N Valid Sum,Q27 EU RESEARCH ISSUES: PUBLIC BUDGET,isocntry M AT 520 (71.8) 204 (28.2) 295 1019 724 BE 647 (75.9) 205 (24.1) 207 1059 852 DE-E 692 (82.3) 149 (17.7) 185 1026 841 DE-W 636 (80.6) 153 (19.4) 223 1012 789 DK 506 (66.1) 260 (33.9) 234 1000 766 ES 674 (84.8) 121 (15.2) 204 999 795 FI 494 (70.8) 204 (29.2) 324 1022 698 FR 682 (81.6) 154 (18.4) 168 1004 836 GB-GBN 408 (62.6) 244 (37.4) 349 1001 652 GB-NIR 159 (76.8) 48 (23.2) 97 304 207 GR 723 (91.3) 69 (8.7) 212 1004 792 IE 460 (82.7) 96 (17.3) 450 1006 556 IT 683 (86.5) 107 (13.5) 205 995 790 LU 384 (83.7) 75 (16.3) 160 619 459 NL 504 (70.1) 215 (29.9) 341 1060 719 PT 500 (78.6) 136 (21.4) 364 1000 636 SE 537 (78.5) 147 (21.5) 315 999 684 N Sum 9209 2587 4333 16129 N Valid Sum 9209 2587 11796 printed 24.01.2012 page 250 Eurobarometer 55.2 - May-June 2001,isocntry M AT 520 (71.8) 204 (28.2) 295 1019 724 BE 647 (75.9) 205 (24.1) 207 1059 852 DE-E 692 (82.3) 149 (17.7) 185 1026 841 DE-W 636 (80.6) 153 (19.4) 223 1012 789 DK 506 (66.1) 260 (33.9) 234 1000 766 ES 674 (84.8) 121 (15.2) 204 999 795 FI 494 (70.8) 204 (29.2) 324 1022 698 FR 682 (81.6) 154 (18.4) 168 1004 836 GB-GBN 408 (62.6) 244 (37.4) 349 1001 652 GB-NIR 159 (76.8) 48 (23.2) 97 304 207 GR 723 (91.3) 69 (8.7) 212 1004 792 IE 460 (82.7) 96 (17.3) 450 1006 556 IT 683 (86.5) 107 (13.5) 205 995 790 LU 384 (83.7) 75 (16.3) 160 619 459 NL 504 (70.1) 215 (29.9) 341 1060 719 PT 500 (78.6) 136 (21.4) 364 1000 636 SE 537 (78.5) 147 (21.5) 315 999 684 N Sum 9209 2587 4333 16129 N Valid Sum 9209 2587 11796 printed 24.01.2012 page 250 Eurobarometer 55.2 - May-June 2001,GESIS Variable Report,276,ZA3509
v242,v242 1 2 3 N Sum N Valid Sum,Q27 EU RESEARCH ISSUES: MORE RESEARCH,isocntry M AT 559 (73.3) 204 (26.7) 256 1019 763 BE 668 (77.0) 199 (23.0) 191 1058 867 DE-E 689 (79.9) 173 (20.1) 164 1026 862 DE-W 617 (75.6) 199 (24.4) 196 1012 816 DK 568 (71.1) 231 (28.9) 201 1000 799 ES 724 (85.0) 128 (15.0) 149 1001 852 FI 554 (71.8) 218 (28.2) 249 1021 772 FR 694 (80.8) 165 (19.2) 145 1004 859 GB-GBN 545 (78.2) 152 (21.8) 303 1000 697 GB-NIR 181 (81.2) 42 (18.8) 81 304 223 GR 715 (89.7) 82 (10.3) 207 1004 797 IE 542 (85.1) 95 (14.9) 369 1006 637 IT 726 (87.4) 105 (12.6) 164 995 831 LU 416 (85.1) 73 (14.9) 129 618 489 NL 607 (76.0) 192 (24.0) 262 1061 799 PT 558 (78.0) 157 (22.0) 285 1000 715 SE 630 (79.9) 158 (20.1) 212 1000 788 N Sum 9993 2573 3563 16129 N Valid Sum 9993 2573 12566 printed 24.01.2012 page 251 Eurobarometer 55.2 - May-June 2001,isocntry M AT 559 (73.3) 204 (26.7) 256 1019 763 BE 668 (77.0) 199 (23.0) 191 1058 867 DE-E 689 (79.9) 173 (20.1) 164 1026 862 DE-W 617 (75.6) 199 (24.4) 196 1012 816 DK 568 (71.1) 231 (28.9) 201 1000 799 ES 724 (85.0) 128 (15.0) 149 1001 852 FI 554 (71.8) 218 (28.2) 249 1021 772 FR 694 (80.8) 165 (19.2) 145 1004 859 GB-GBN 545 (78.2) 152 (21.8) 303 1000 697 GB-NIR 181 (81.2) 42 (18.8) 81 304 223 GR 715 (89.7) 82 (10.3) 207 1004 797 IE 542 (85.1) 95 (14.9) 369 1006 637 IT 726 (87.4) 105 (12.6) 164 995 831 LU 416 (85.1) 73 (14.9) 129 618 489 NL 607 (76.0) 192 (24.0) 262 1061 799 PT 558 (78.0) 157 (22.0) 285 1000 715 SE 630 (79.9) 158 (20.1) 212 1000 788 N Sum 9993 2573 3563 16129 N Valid Sum 9993 2573 12566 printed 24.01.2012 page 251 Eurobarometer 55.2 - May-June 2001,GESIS Variable Report,277,ZA3509
v243,v243 1 2 3 N Sum N Valid Sum,Q27 EU RESEARCH ISSUES: RESEARCHERS,isocntry M AT 799 (91.7) 72 (8.3) 148 1019 871 BE 863 (90.9) 86 (9.1) 109 1058 949 DE-E 933 (96.1) 38 (3.9) 55 1026 971 DE-W 856 (93.8) 57 (6.2) 99 1012 913 DK 909 (97.5) 23 (2.5) 68 1000 932 ES 854 (96.2) 34 (3.8) 112 1000 888 FI 851 (94.1) 53 (5.9) 119 1023 904 FR 879 (95.0) 46 (5.0) 79 1004 925 GB-GBN 746 (93.3) 54 (6.8) 200 1000 800 GB-NIR 243 (96.0) 10 (4.0) 52 305 253 GR 838 (94.8) 46 (5.2) 120 1004 884 IE 714 (95.8) 31 (4.2) 260 1005 745 IT 866 (96.9) 28 (3.1) 101 995 894 LU 503 (93.8) 33 (6.2) 83 619 536 NL 947 (96.7) 32 (3.3) 81 1060 979 PT 746 (89.8) 85 (10.2) 169 1000 831 SE 937 (98.4) 15 (1.6) 47 999 952 N Sum 13484 743 1902 16129 N Valid Sum 13484 743 14227 printed 24.01.2012 page 252 Eurobarometer 55.2 - May-June 2001,isocntry M AT 799 (91.7) 72 (8.3) 148 1019 871 BE 863 (90.9) 86 (9.1) 109 1058 949 DE-E 933 (96.1) 38 (3.9) 55 1026 971 DE-W 856 (93.8) 57 (6.2) 99 1012 913 DK 909 (97.5) 23 (2.5) 68 1000 932 ES 854 (96.2) 34 (3.8) 112 1000 888 FI 851 (94.1) 53 (5.9) 119 1023 904 FR 879 (95.0) 46 (5.0) 79 1004 925 GB-GBN 746 (93.3) 54 (6.8) 200 1000 800 GB-NIR 243 (96.0) 10 (4.0) 52 305 253 GR 838 (94.8) 46 (5.2) 120 1004 884 IE 714 (95.8) 31 (4.2) 260 1005 745 IT 866 (96.9) 28 (3.1) 101 995 894 LU 503 (93.8) 33 (6.2) 83 619 536 NL 947 (96.7) 32 (3.3) 81 1060 979 PT 746 (89.8) 85 (10.2) 169 1000 831 SE 937 (98.4) 15 (1.6) 47 999 952 N Sum 13484 743 1902 16129 N Valid Sum 13484 743 14227 printed 24.01.2012 page 252 Eurobarometer 55.2 - May-June 2001,GESIS Variable Report,278,ZA3509
v244,v244 1 2 3 N Sum N Valid Sum,Q27 EU RESEARCH ISSUES: MORE JOBS,isocntry M AT 640 (86.0) 104 (14.0) 274 1018 744 BE 727 (81.6) 164 (18.4) 167 1058 891 DE-E 769 (89.5) 90 (10.5) 167 1026 859 DE-W 708 (87.2) 104 (12.8) 200 1012 812 DK 579 (75.7) 186 (24.3) 235 1000 765 ES 758 (91.9) 67 (8.1) 175 1000 825 FI 606 (79.1) 160 (20.9) 256 1022 766 FR 714 (85.5) 121 (14.5) 169 1004 835 GB-GBN 540 (81.2) 125 (18.8) 334 999 665 GB-NIR 186 (84.5) 34 (15.5) 84 304 220 GR 808 (94.9) 43 (5.1) 153 1004 851 IE 573 (89.5) 67 (10.5) 366 1006 640 IT 761 (90.5) 80 (9.5) 154 995 841 LU 432 (89.3) 52 (10.7) 135 619 484 NL 642 (82.3) 138 (17.7) 281 1061 780 PT 668 (88.5) 87 (11.5) 245 1000 755 SE 920 (98.2) 17 (1.8) 63 1000 937 N Sum 11031 1639 3458 16128 N Valid Sum 11031 1639 12670 printed 24.01.2012 page 253 Eurobarometer 55.2 - May-June 2001,isocntry M AT 640 (86.0) 104 (14.0) 274 1018 744 BE 727 (81.6) 164 (18.4) 167 1058 891 DE-E 769 (89.5) 90 (10.5) 167 1026 859 DE-W 708 (87.2) 104 (12.8) 200 1012 812 DK 579 (75.7) 186 (24.3) 235 1000 765 ES 758 (91.9) 67 (8.1) 175 1000 825 FI 606 (79.1) 160 (20.9) 256 1022 766 FR 714 (85.5) 121 (14.5) 169 1004 835 GB-GBN 540 (81.2) 125 (18.8) 334 999 665 GB-NIR 186 (84.5) 34 (15.5) 84 304 220 GR 808 (94.9) 43 (5.1) 153 1004 851 IE 573 (89.5) 67 (10.5) 366 1006 640 IT 761 (90.5) 80 (9.5) 154 995 841 LU 432 (89.3) 52 (10.7) 135 619 484 NL 642 (82.3) 138 (17.7) 281 1061 780 PT 668 (88.5) 87 (11.5) 245 1000 755 SE 920 (98.2) 17 (1.8) 63 1000 937 N Sum 11031 1639 3458 16128 N Valid Sum 11031 1639 12670 printed 24.01.2012 page 253 Eurobarometer 55.2 - May-June 2001,GESIS Variable Report,279,ZA3509
v245,v245 1 2 3 N Sum N Valid Sum,Q27 EU RESEARCH ISSUES: BRAIN DRAIN,isocntry M AT 440 (67.6) 211 (32.4) 368 1019 651 BE 553 (72.6) 209 (27.4) 296 1058 762 DE-E 602 (77.8) 172 (22.2) 252 1026 774 DE-W 593 (77.6) 171 (22.4) 249 1013 764 DK 475 (70.1) 203 (29.9) 322 1000 678 ES 658 (89.3) 79 (10.7) 263 1000 737 FI 463 (64.6) 254 (35.4) 305 1022 717 FR 701 (85.9) 115 (14.1) 188 1004 816 GB-GBN 528 (79.4) 137 (20.6) 335 1000 665 GB-NIR 133 (80.1) 33 (19.9) 139 305 166 GR 686 (85.5) 116 (14.5) 202 1004 802 IE 398 (77.4) 116 (22.6) 492 1006 514 IT 616 (83.2) 124 (16.8) 255 995 740 LU 267 (65.9) 138 (34.1) 213 618 405 NL 406 (63.2) 236 (36.8) 419 1061 642 PT 503 (83.4) 100 (16.6) 397 1000 603 SE 391 (59.9) 262 (40.1) 348 1001 653 N Sum 8413 2676 5043 16132 N Valid Sum 8413 2676 11089 printed 24.01.2012 page 254 Eurobarometer 55.2 - May-June 2001,isocntry M AT 440 (67.6) 211 (32.4) 368 1019 651 BE 553 (72.6) 209 (27.4) 296 1058 762 DE-E 602 (77.8) 172 (22.2) 252 1026 774 DE-W 593 (77.6) 171 (22.4) 249 1013 764 DK 475 (70.1) 203 (29.9) 322 1000 678 ES 658 (89.3) 79 (10.7) 263 1000 737 FI 463 (64.6) 254 (35.4) 305 1022 717 FR 701 (85.9) 115 (14.1) 188 1004 816 GB-GBN 528 (79.4) 137 (20.6) 335 1000 665 GB-NIR 133 (80.1) 33 (19.9) 139 305 166 GR 686 (85.5) 116 (14.5) 202 1004 802 IE 398 (77.4) 116 (22.6) 492 1006 514 IT 616 (83.2) 124 (16.8) 255 995 740 LU 267 (65.9) 138 (34.1) 213 618 405 NL 406 (63.2) 236 (36.8) 419 1061 642 PT 503 (83.4) 100 (16.6) 397 1000 603 SE 391 (59.9) 262 (40.1) 348 1001 653 N Sum 8413 2676 5043 16132 N Valid Sum 8413 2676 11089 printed 24.01.2012 page 254 Eurobarometer 55.2 - May-June 2001,GESIS Variable Report,280,ZA3509
v246,v246 1 2 3 N Sum N Valid Sum,Q27 EU RESEARCH ISSUES: MORE COORDINAT,isocntry M AT 817 (94.8) 45 (5.2) 157 1019 862 BE 836 (91.2) 81 (8.8) 141 1058 917 DE-E 863 (95.6) 40 (4.4) 123 1026 903 DE-W 799 (91.7) 72 (8.3) 141 1012 871 DK 830 (95.3) 41 (4.7) 129 1000 871 ES 834 (97.0) 26 (3.0) 140 1000 860 FI 753 (92.6) 60 (7.4) 209 1022 813 FR 878 (94.5) 51 (5.5) 75 1004 929 GB-GBN 716 (92.6) 57 (7.4) 226 999 773 GB-NIR 232 (96.3) 9 (3.7) 63 304 241 GR 827 (95.2) 42 (4.8) 135 1004 869 IE 676 (95.1) 35 (4.9) 296 1007 711 IT 830 (96.4) 31 (3.6) 134 995 861 LU 474 (93.9) 31 (6.1) 114 619 505 NL 859 (94.7) 48 (5.3) 154 1061 907 PT 726 (91.3) 69 (8.7) 204 999 795 SE 775 (92.0) 67 (8.0) 158 1000 842 N Sum 12725 805 2599 16129 N Valid Sum 12725 805 13530 printed 24.01.2012 page 255 Eurobarometer 55.2 - May-June 2001,isocntry M AT 817 (94.8) 45 (5.2) 157 1019 862 BE 836 (91.2) 81 (8.8) 141 1058 917 DE-E 863 (95.6) 40 (4.4) 123 1026 903 DE-W 799 (91.7) 72 (8.3) 141 1012 871 DK 830 (95.3) 41 (4.7) 129 1000 871 ES 834 (97.0) 26 (3.0) 140 1000 860 FI 753 (92.6) 60 (7.4) 209 1022 813 FR 878 (94.5) 51 (5.5) 75 1004 929 GB-GBN 716 (92.6) 57 (7.4) 226 999 773 GB-NIR 232 (96.3) 9 (3.7) 63 304 241 GR 827 (95.2) 42 (4.8) 135 1004 869 IE 676 (95.1) 35 (4.9) 296 1007 711 IT 830 (96.4) 31 (3.6) 134 995 861 LU 474 (93.9) 31 (6.1) 114 619 505 NL 859 (94.7) 48 (5.3) 154 1061 907 PT 726 (91.3) 69 (8.7) 204 999 795 SE 775 (92.0) 67 (8.0) 158 1000 842 N Sum 12725 805 2599 16129 N Valid Sum 12725 805 13530 printed 24.01.2012 page 255 Eurobarometer 55.2 - May-June 2001,GESIS Variable Report,281,ZA3509
v247,v247 1 2 3 N Sum N Valid Sum,Q27 EU RESEARCH ISSUES: INDUSTRY,isocntry M AT 789 (90.4) 84 (9.6) 146 1019 873 BE 832 (90.3) 89 (9.7) 137 1058 921 DE-E 878 (95.0) 46 (5.0) 102 1026 924 DE-W 769 (88.2) 103 (11.8) 140 1012 872 DK 858 (93.4) 61 (6.6) 81 1000 919 ES 832 (95.6) 38 (4.4) 130 1000 870 FI 822 (93.2) 60 (6.8) 140 1022 882 FR 823 (91.6) 75 (8.4) 106 1004 898 GB-GBN 750 (94.0) 48 (6.0) 202 1000 798 GB-NIR 250 (99.2) 2 (0.8) 52 304 252 GR 791 (91.4) 74 (8.6) 140 1005 865 IE 700 (95.0) 37 (5.0) 269 1006 737 IT 755 (89.5) 89 (10.5) 151 995 844 LU 466 (90.8) 47 (9.2) 106 619 513 NL 865 (92.2) 73 (7.8) 123 1061 938 PT 744 (90.8) 75 (9.2) 180 999 819 SE 876 (93.4) 62 (6.6) 62 1000 938 N Sum 12800 1063 2267 16130 N Valid Sum 12800 1063 13863 printed 24.01.2012 page 256 Eurobarometer 55.2 - May-June 2001,isocntry M AT 789 (90.4) 84 (9.6) 146 1019 873 BE 832 (90.3) 89 (9.7) 137 1058 921 DE-E 878 (95.0) 46 (5.0) 102 1026 924 DE-W 769 (88.2) 103 (11.8) 140 1012 872 DK 858 (93.4) 61 (6.6) 81 1000 919 ES 832 (95.6) 38 (4.4) 130 1000 870 FI 822 (93.2) 60 (6.8) 140 1022 882 FR 823 (91.6) 75 (8.4) 106 1004 898 GB-GBN 750 (94.0) 48 (6.0) 202 1000 798 GB-NIR 250 (99.2) 2 (0.8) 52 304 252 GR 791 (91.4) 74 (8.6) 140 1005 865 IE 700 (95.0) 37 (5.0) 269 1006 737 IT 755 (89.5) 89 (10.5) 151 995 844 LU 466 (90.8) 47 (9.2) 106 619 513 NL 865 (92.2) 73 (7.8) 123 1061 938 PT 744 (90.8) 75 (9.2) 180 999 819 SE 876 (93.4) 62 (6.6) 62 1000 938 N Sum 12800 1063 2267 16130 N Valid Sum 12800 1063 13863 printed 24.01.2012 page 256 Eurobarometer 55.2 - May-June 2001,GESIS Variable Report,282,ZA3509
v248,v248 1 2 3 N Sum N Valid Sum,Q27 EU RESEARCH ISSUES: SOCIETY'S NEED,isocntry M AT 342 (51.6) 321 (48.4) 356 1019 663 BE 502 (66.6) 252 (33.4) 304 1058 754 DE-E 310 (45.8) 367 (54.2) 349 1026 677 DE-W 321 (47.0) 362 (53.0) 329 1012 683 DK 462 (67.0) 228 (33.0) 310 1000 690 ES 396 (59.6) 268 (40.4) 336 1000 664 FI 324 (49.2) 335 (50.8) 363 1022 659 FR 526 (70.4) 221 (29.6) 257 1004 747 GB-GBN 331 (55.7) 263 (44.3) 406 1000 594 GB-NIR 101 (60.1) 67 (39.9) 137 305 168 GR 600 (80.4) 146 (19.6) 258 1004 746 IE 340 (65.1) 182 (34.9) 483 1005 522 IT 376 (56.0) 295 (44.0) 324 995 671 LU 253 (60.5) 165 (39.5) 201 619 418 NL 286 (40.4) 422 (59.6) 353 1061 708 PT 434 (72.9) 161 (27.1) 404 999 595 SE 264 (40.9) 382 (59.1) 354 1000 646 N Sum 6168 4437 5524 16129 N Valid Sum 6168 4437 10605 printed 24.01.2012 page 257 Eurobarometer 55.2 - May-June 2001,isocntry M AT 342 (51.6) 321 (48.4) 356 1019 663 BE 502 (66.6) 252 (33.4) 304 1058 754 DE-E 310 (45.8) 367 (54.2) 349 1026 677 DE-W 321 (47.0) 362 (53.0) 329 1012 683 DK 462 (67.0) 228 (33.0) 310 1000 690 ES 396 (59.6) 268 (40.4) 336 1000 664 FI 324 (49.2) 335 (50.8) 363 1022 659 FR 526 (70.4) 221 (29.6) 257 1004 747 GB-GBN 331 (55.7) 263 (44.3) 406 1000 594 GB-NIR 101 (60.1) 67 (39.9) 137 305 168 GR 600 (80.4) 146 (19.6) 258 1004 746 IE 340 (65.1) 182 (34.9) 483 1005 522 IT 376 (56.0) 295 (44.0) 324 995 671 LU 253 (60.5) 165 (39.5) 201 619 418 NL 286 (40.4) 422 (59.6) 353 1061 708 PT 434 (72.9) 161 (27.1) 404 999 595 SE 264 (40.9) 382 (59.1) 354 1000 646 N Sum 6168 4437 5524 16129 N Valid Sum 6168 4437 10605 printed 24.01.2012 page 257 Eurobarometer 55.2 - May-June 2001,GESIS Variable Report,283,ZA3509
v249,v249 1 2 3 N Sum N Valid Sum,Q27 EU RESEARCH ISSUES: USEFULNESS,isocntry M AT 538 (72.8) 201 (27.2) 281 1020 739 BE 609 (79.8) 154 (20.2) 295 1058 763 DE-E 647 (87.2) 95 (12.8) 284 1026 742 DE-W 500 (68.8) 227 (31.2) 285 1012 727 DK 482 (64.1) 270 (35.9) 248 1000 752 ES 618 (82.3) 133 (17.7) 250 1001 751 FI 571 (78.7) 155 (21.3) 296 1022 726 FR 659 (85.0) 116 (15.0) 229 1004 775 GB-GBN 482 (72.0) 187 (28.0) 331 1000 669 GB-NIR 155 (79.9) 39 (20.1) 110 304 194 GR 752 (92.7) 59 (7.3) 193 1004 811 IE 520 (84.8) 93 (15.2) 392 1005 613 IT 527 (76.6) 161 (23.4) 306 994 688 LU 344 (82.3) 74 (17.7) 200 618 418 NL 499 (71.9) 195 (28.1) 367 1061 694 PT 545 (83.2) 110 (16.8) 344 999 655 SE 508 (73.4) 184 (26.6) 308 1000 692 N Sum 8956 2453 4719 16128 N Valid Sum 8956 2453 11409 printed 24.01.2012 page 258 Eurobarometer 55.2 - May-June 2001,isocntry M AT 538 (72.8) 201 (27.2) 281 1020 739 BE 609 (79.8) 154 (20.2) 295 1058 763 DE-E 647 (87.2) 95 (12.8) 284 1026 742 DE-W 500 (68.8) 227 (31.2) 285 1012 727 DK 482 (64.1) 270 (35.9) 248 1000 752 ES 618 (82.3) 133 (17.7) 250 1001 751 FI 571 (78.7) 155 (21.3) 296 1022 726 FR 659 (85.0) 116 (15.0) 229 1004 775 GB-GBN 482 (72.0) 187 (28.0) 331 1000 669 GB-NIR 155 (79.9) 39 (20.1) 110 304 194 GR 752 (92.7) 59 (7.3) 193 1004 811 IE 520 (84.8) 93 (15.2) 392 1005 613 IT 527 (76.6) 161 (23.4) 306 994 688 LU 344 (82.3) 74 (17.7) 200 618 418 NL 499 (71.9) 195 (28.1) 367 1061 694 PT 545 (83.2) 110 (16.8) 344 999 655 SE 508 (73.4) 184 (26.6) 308 1000 692 N Sum 8956 2453 4719 16128 N Valid Sum 8956 2453 11409 printed 24.01.2012 page 258 Eurobarometer 55.2 - May-June 2001,GESIS Variable Report,284,ZA3509
v250,v250 1 2 3 N Sum N Valid Sum,Q27 EU RESEARCH ISSUES: ETHICAL ISSUES,isocntry M AT 351 (45.9) 413 (54.1) 255 1019 764 BE 366 (44.4) 459 (55.6) 233 1058 825 DE-E 342 (42.1) 470 (57.9) 214 1026 812 DE-W 321 (39.1) 501 (60.9) 190 1012 822 DK 240 (28.0) 617 (72.0) 143 1000 857 ES 405 (52.8) 362 (47.2) 233 1000 767 FI 256 (30.4) 585 (69.6) 181 1022 841 FR 317 (39.9) 477 (60.1) 210 1004 794 GB-GBN 276 (39.5) 422 (60.5) 302 1000 698 GB-NIR 77 (38.3) 124 (61.7) 104 305 201 GR 358 (43.7) 462 (56.3) 184 1004 820 IE 271 (42.7) 363 (57.3) 372 1006 634 IT 269 (36.8) 461 (63.2) 265 995 730 LU 194 (39.4) 299 (60.6) 126 619 493 NL 259 (30.2) 600 (69.8) 203 1062 859 PT 430 (60.4) 282 (39.6) 288 1000 712 SE 156 (19.5) 645 (80.5) 199 1000 801 N Sum 4888 7542 3702 16132 N Valid Sum 4888 7542 12430 printed 24.01.2012 page 259 Eurobarometer 55.2 - May-June 2001,isocntry M AT 351 (45.9) 413 (54.1) 255 1019 764 BE 366 (44.4) 459 (55.6) 233 1058 825 DE-E 342 (42.1) 470 (57.9) 214 1026 812 DE-W 321 (39.1) 501 (60.9) 190 1012 822 DK 240 (28.0) 617 (72.0) 143 1000 857 ES 405 (52.8) 362 (47.2) 233 1000 767 FI 256 (30.4) 585 (69.6) 181 1022 841 FR 317 (39.9) 477 (60.1) 210 1004 794 GB-GBN 276 (39.5) 422 (60.5) 302 1000 698 GB-NIR 77 (38.3) 124 (61.7) 104 305 201 GR 358 (43.7) 462 (56.3) 184 1004 820 IE 271 (42.7) 363 (57.3) 372 1006 634 IT 269 (36.8) 461 (63.2) 265 995 730 LU 194 (39.4) 299 (60.6) 126 619 493 NL 259 (30.2) 600 (69.8) 203 1062 859 PT 430 (60.4) 282 (39.6) 288 1000 712 SE 156 (19.5) 645 (80.5) 199 1000 801 N Sum 4888 7542 3702 16132 N Valid Sum 4888 7542 12430 printed 24.01.2012 page 259 Eurobarometer 55.2 - May-June 2001,GESIS Variable Report,285,ZA3509
v251,v251 1 2 3 N Sum N Valid Sum,Q27 EU RESEARCH ISSUES: GENDER,isocntry M AT 593 (82.1) 129 (17.9) 297 1019 722 BE 624 (78.7) 169 (21.3) 265 1058 793 DE-E 764 (91.5) 71 (8.5) 191 1026 835 DE-W 701 (88.2) 94 (11.8) 216 1011 795 DK 681 (86.3) 108 (13.7) 211 1000 789 ES 771 (94.0) 49 (6.0) 180 1000 820 FI 756 (91.6) 69 (8.4) 197 1022 825 FR 716 (89.1) 88 (10.9) 200 1004 804 GB-GBN 598 (87.6) 85 (12.4) 317 1000 683 GB-NIR 210 (91.7) 19 (8.3) 76 305 229 GR 782 (92.2) 66 (7.8) 155 1003 848 IE 612 (92.2) 52 (7.8) 342 1006 664 IT 574 (82.1) 125 (17.9) 296 995 699 LU 420 (85.9) 69 (14.1) 130 619 489 NL 720 (82.2) 156 (17.8) 185 1061 876 PT 723 (92.5) 59 (7.5) 218 1000 782 SE 817 (95.6) 38 (4.4) 145 1000 855 N Sum 11062 1446 3621 16129 N Valid Sum 11062 1446 12508 printed 24.01.2012 page 260 Eurobarometer 55.2 - May-June 2001,isocntry M AT 593 (82.1) 129 (17.9) 297 1019 722 BE 624 (78.7) 169 (21.3) 265 1058 793 DE-E 764 (91.5) 71 (8.5) 191 1026 835 DE-W 701 (88.2) 94 (11.8) 216 1011 795 DK 681 (86.3) 108 (13.7) 211 1000 789 ES 771 (94.0) 49 (6.0) 180 1000 820 FI 756 (91.6) 69 (8.4) 197 1022 825 FR 716 (89.1) 88 (10.9) 200 1004 804 GB-GBN 598 (87.6) 85 (12.4) 317 1000 683 GB-NIR 210 (91.7) 19 (8.3) 76 305 229 GR 782 (92.2) 66 (7.8) 155 1003 848 IE 612 (92.2) 52 (7.8) 342 1006 664 IT 574 (82.1) 125 (17.9) 296 995 699 LU 420 (85.9) 69 (14.1) 130 619 489 NL 720 (82.2) 156 (17.8) 185 1061 876 PT 723 (92.5) 59 (7.5) 218 1000 782 SE 817 (95.6) 38 (4.4) 145 1000 855 N Sum 11062 1446 3621 16129 N Valid Sum 11062 1446 12508 printed 24.01.2012 page 260 Eurobarometer 55.2 - May-June 2001,GESIS Variable Report,286,ZA3509
v252,v252 1 2 3 N Sum N Valid Sum,Q28 EU ENLARGM: MORE RESEARCH OLD MEMBRS,isocntry M AT 402 (54.3) 338 (45.7) 279 1019 740 BE 520 (64.3) 289 (35.7) 250 1059 809 DE-E 634 (80.3) 156 (19.7) 237 1027 790 DE-W 519 (67.4) 251 (32.6) 242 1012 770 DK 456 (53.1) 402 (46.9) 141 999 858 ES 610 (82.9) 126 (17.1) 264 1000 736 FI 460 (57.6) 339 (42.4) 223 1022 799 FR 563 (69.2) 251 (30.8) 190 1004 814 GB-GBN 460 (70.0) 197 (30.0) 342 999 657 GB-NIR 147 (73.9) 52 (26.1) 105 304 199 GR 592 (84.1) 112 (15.9) 300 1004 704 IE 466 (77.0) 139 (23.0) 400 1005 605 IT 550 (76.9) 165 (23.1) 280 995 715 LU 276 (55.0) 226 (45.0) 117 619 502 NL 587 (66.1) 301 (33.9) 173 1061 888 PT 578 (82.1) 126 (17.9) 296 1000 704 SE 478 (59.1) 331 (40.9) 191 1000 809 N Sum 8298 3801 4030 16129 N Valid Sum 8298 3801 12099 printed 24.01.2012 page 261 Eurobarometer 55.2 - May-June 2001,isocntry M AT 402 (54.3) 338 (45.7) 279 1019 740 BE 520 (64.3) 289 (35.7) 250 1059 809 DE-E 634 (80.3) 156 (19.7) 237 1027 790 DE-W 519 (67.4) 251 (32.6) 242 1012 770 DK 456 (53.1) 402 (46.9) 141 999 858 ES 610 (82.9) 126 (17.1) 264 1000 736 FI 460 (57.6) 339 (42.4) 223 1022 799 FR 563 (69.2) 251 (30.8) 190 1004 814 GB-GBN 460 (70.0) 197 (30.0) 342 999 657 GB-NIR 147 (73.9) 52 (26.1) 105 304 199 GR 592 (84.1) 112 (15.9) 300 1004 704 IE 466 (77.0) 139 (23.0) 400 1005 605 IT 550 (76.9) 165 (23.1) 280 995 715 LU 276 (55.0) 226 (45.0) 117 619 502 NL 587 (66.1) 301 (33.9) 173 1061 888 PT 578 (82.1) 126 (17.9) 296 1000 704 SE 478 (59.1) 331 (40.9) 191 1000 809 N Sum 8298 3801 4030 16129 N Valid Sum 8298 3801 12099 printed 24.01.2012 page 261 Eurobarometer 55.2 - May-June 2001,GESIS Variable Report,287,ZA3509
v253,v253 1 2 3 N Sum N Valid Sum,Q28 EU ENLARGM: MORE RESEARCH NEW MEMBRS,isocntry M AT 580 (78.1) 163 (21.9) 276 1019 743 BE 607 (74.9) 203 (25.1) 248 1058 810 DE-E 650 (84.6) 118 (15.4) 258 1026 768 DE-W 619 (81.8) 138 (18.2) 255 1012 757 DK 825 (91.2) 80 (8.8) 94 999 905 ES 662 (90.7) 68 (9.3) 270 1000 730 FI 714 (86.5) 111 (13.5) 197 1022 825 FR 667 (82.1) 145 (17.9) 193 1005 812 GB-GBN 532 (80.6) 128 (19.4) 340 1000 660 GB-NIR 173 (86.1) 28 (13.9) 104 305 201 GR 607 (88.5) 79 (11.5) 318 1004 686 IE 485 (83.6) 95 (16.4) 426 1006 580 IT 643 (88.0) 88 (12.0) 265 996 731 LU 427 (82.6) 90 (17.4) 103 620 517 NL 735 (81.8) 164 (18.2) 162 1061 899 PT 625 (89.5) 73 (10.5) 302 1000 698 SE 759 (89.2) 92 (10.8) 149 1000 851 N Sum 10310 1863 3960 16133 N Valid Sum 10310 1863 12173 printed 24.01.2012 page 262 Eurobarometer 55.2 - May-June 2001,isocntry M AT 580 (78.1) 163 (21.9) 276 1019 743 BE 607 (74.9) 203 (25.1) 248 1058 810 DE-E 650 (84.6) 118 (15.4) 258 1026 768 DE-W 619 (81.8) 138 (18.2) 255 1012 757 DK 825 (91.2) 80 (8.8) 94 999 905 ES 662 (90.7) 68 (9.3) 270 1000 730 FI 714 (86.5) 111 (13.5) 197 1022 825 FR 667 (82.1) 145 (17.9) 193 1005 812 GB-GBN 532 (80.6) 128 (19.4) 340 1000 660 GB-NIR 173 (86.1) 28 (13.9) 104 305 201 GR 607 (88.5) 79 (11.5) 318 1004 686 IE 485 (83.6) 95 (16.4) 426 1006 580 IT 643 (88.0) 88 (12.0) 265 996 731 LU 427 (82.6) 90 (17.4) 103 620 517 NL 735 (81.8) 164 (18.2) 162 1061 899 PT 625 (89.5) 73 (10.5) 302 1000 698 SE 759 (89.2) 92 (10.8) 149 1000 851 N Sum 10310 1863 3960 16133 N Valid Sum 10310 1863 12173 printed 24.01.2012 page 262 Eurobarometer 55.2 - May-June 2001,GESIS Variable Report,288,ZA3509
v254,v254 0 1 N Sum N Valid Sum,Q29 EU AGRICULT POL EFF: SAFE FOOD,isocntry AT 720 (70.7) 299 (29.3) 1019 1019 BE 729 (68.9) 329 (31.1) 1058 1058 DE-E 714 (69.6) 312 (30.4) 1026 1026 DE-W 741 (73.2) 271 (26.8) 1012 1012 DK 696 (69.6) 304 (30.4) 1000 1000 ES 533 (53.3) 467 (46.7) 1000 1000 FI 596 (58.3) 426 (41.7) 1022 1022 FR 718 (71.5) 286 (28.5) 1004 1004 GB-GBN 599 (59.9) 401 (40.1) 1000 1000 GB-NIR 136 (44.7) 168 (55.3) 304 304 GR 712 (70.9) 292 (29.1) 1004 1004 IE 506 (50.3) 500 (49.7) 1006 1006 IT 537 (54.0) 458 (46.0) 995 995 LU 402 (64.9) 217 (35.1) 619 619 NL 493 (46.5) 568 (53.5) 1061 1061 PT 761 (76.1) 239 (23.9) 1000 1000 SE 770 (77.0) 230 (23.0) 1000 1000 N Sum 10363 5767 16130 N Valid Sum 10363 5767 16130 printed 24.01.2012 page 263 Eurobarometer 55.2 - May-June 2001,isocntry AT 720 (70.7) 299 (29.3) 1019 1019 BE 729 (68.9) 329 (31.1) 1058 1058 DE-E 714 (69.6) 312 (30.4) 1026 1026 DE-W 741 (73.2) 271 (26.8) 1012 1012 DK 696 (69.6) 304 (30.4) 1000 1000 ES 533 (53.3) 467 (46.7) 1000 1000 FI 596 (58.3) 426 (41.7) 1022 1022 FR 718 (71.5) 286 (28.5) 1004 1004 GB-GBN 599 (59.9) 401 (40.1) 1000 1000 GB-NIR 136 (44.7) 168 (55.3) 304 304 GR 712 (70.9) 292 (29.1) 1004 1004 IE 506 (50.3) 500 (49.7) 1006 1006 IT 537 (54.0) 458 (46.0) 995 995 LU 402 (64.9) 217 (35.1) 619 619 NL 493 (46.5) 568 (53.5) 1061 1061 PT 761 (76.1) 239 (23.9) 1000 1000 SE 770 (77.0) 230 (23.0) 1000 1000 N Sum 10363 5767 16130 N Valid Sum 10363 5767 16130 printed 24.01.2012 page 263 Eurobarometer 55.2 - May-June 2001,GESIS Variable Report,289,ZA3509
v255,v255 0 1 N Sum N Valid Sum,Q29 EU AGRICULT POL EFF: GOOD QUALITY,isocntry AT 695 (68.2) 324 (31.8) 1019 1019 BE 710 (67.1) 348 (32.9) 1058 1058 DE-E 683 (66.6) 343 (33.4) 1026 1026 DE-W 663 (65.5) 349 (34.5) 1012 1012 DK 680 (68.0) 320 (32.0) 1000 1000 ES 610 (61.0) 390 (39.0) 1000 1000 FI 642 (62.8) 380 (37.2) 1022 1022 FR 709 (70.6) 295 (29.4) 1004 1004 GB-GBN 682 (68.2) 318 (31.8) 1000 1000 GB-NIR 153 (50.3) 151 (49.7) 304 304 GR 683 (68.0) 321 (32.0) 1004 1004 IE 583 (58.0) 423 (42.0) 1006 1006 IT 612 (61.5) 383 (38.5) 995 995 LU 405 (65.4) 214 (34.6) 619 619 NL 574 (54.1) 487 (45.9) 1061 1061 PT 707 (70.7) 293 (29.3) 1000 1000 SE 759 (75.9) 241 (24.1) 1000 1000 N Sum 10550 5580 16130 N Valid Sum 10550 5580 16130 printed 24.01.2012 page 264 Eurobarometer 55.2 - May-June 2001,isocntry AT 695 (68.2) 324 (31.8) 1019 1019 BE 710 (67.1) 348 (32.9) 1058 1058 DE-E 683 (66.6) 343 (33.4) 1026 1026 DE-W 663 (65.5) 349 (34.5) 1012 1012 DK 680 (68.0) 320 (32.0) 1000 1000 ES 610 (61.0) 390 (39.0) 1000 1000 FI 642 (62.8) 380 (37.2) 1022 1022 FR 709 (70.6) 295 (29.4) 1004 1004 GB-GBN 682 (68.2) 318 (31.8) 1000 1000 GB-NIR 153 (50.3) 151 (49.7) 304 304 GR 683 (68.0) 321 (32.0) 1004 1004 IE 583 (58.0) 423 (42.0) 1006 1006 IT 612 (61.5) 383 (38.5) 995 995 LU 405 (65.4) 214 (34.6) 619 619 NL 574 (54.1) 487 (45.9) 1061 1061 PT 707 (70.7) 293 (29.3) 1000 1000 SE 759 (75.9) 241 (24.1) 1000 1000 N Sum 10550 5580 16130 N Valid Sum 10550 5580 16130 printed 24.01.2012 page 264 Eurobarometer 55.2 - May-June 2001,GESIS Variable Report,290,ZA3509
v256,v256 0 1 N Sum N Valid Sum,Q29 EU AGRICULT POL EFF: HEALTHY FOOD,isocntry AT 798 (78.3) 221 (21.7) 1019 1019 BE 752 (71.1) 306 (28.9) 1058 1058 DE-E 731 (71.2) 295 (28.8) 1026 1026 DE-W 753 (74.4) 259 (25.6) 1012 1012 DK 747 (74.7) 253 (25.3) 1000 1000 ES 653 (65.3) 347 (34.7) 1000 1000 FI 743 (72.7) 279 (27.3) 1022 1022 FR 734 (73.1) 270 (26.9) 1004 1004 GB-GBN 696 (69.6) 304 (30.4) 1000 1000 GB-NIR 172 (56.6) 132 (43.4) 304 304 GR 665 (66.2) 339 (33.8) 1004 1004 IE 590 (58.6) 416 (41.4) 1006 1006 IT 586 (58.9) 409 (41.1) 995 995 LU 458 (74.0) 161 (26.0) 619 619 NL 687 (64.8) 374 (35.2) 1061 1061 PT 755 (75.5) 245 (24.5) 1000 1000 SE 843 (84.3) 157 (15.7) 1000 1000 N Sum 11363 4767 16130 N Valid Sum 11363 4767 16130 printed 24.01.2012 page 265 Eurobarometer 55.2 - May-June 2001,isocntry AT 798 (78.3) 221 (21.7) 1019 1019 BE 752 (71.1) 306 (28.9) 1058 1058 DE-E 731 (71.2) 295 (28.8) 1026 1026 DE-W 753 (74.4) 259 (25.6) 1012 1012 DK 747 (74.7) 253 (25.3) 1000 1000 ES 653 (65.3) 347 (34.7) 1000 1000 FI 743 (72.7) 279 (27.3) 1022 1022 FR 734 (73.1) 270 (26.9) 1004 1004 GB-GBN 696 (69.6) 304 (30.4) 1000 1000 GB-NIR 172 (56.6) 132 (43.4) 304 304 GR 665 (66.2) 339 (33.8) 1004 1004 IE 590 (58.6) 416 (41.4) 1006 1006 IT 586 (58.9) 409 (41.1) 995 995 LU 458 (74.0) 161 (26.0) 619 619 NL 687 (64.8) 374 (35.2) 1061 1061 PT 755 (75.5) 245 (24.5) 1000 1000 SE 843 (84.3) 157 (15.7) 1000 1000 N Sum 11363 4767 16130 N Valid Sum 11363 4767 16130 printed 24.01.2012 page 265 Eurobarometer 55.2 - May-June 2001,GESIS Variable Report,291,ZA3509
v257,v257 0 1 N Sum N Valid Sum,Q29 EU AGRICULT POL EFF: PRICE,isocntry AT 719 (70.6) 300 (29.4) 1019 1019 BE 694 (65.6) 364 (34.4) 1058 1058 DE-E 769 (75.0) 257 (25.0) 1026 1026 DE-W 704 (69.6) 308 (30.4) 1012 1012 DK 662 (66.2) 338 (33.8) 1000 1000 ES 796 (79.6) 204 (20.4) 1000 1000 FI 618 (60.5) 404 (39.5) 1022 1022 FR 827 (82.4) 177 (17.6) 1004 1004 GB-GBN 743 (74.3) 257 (25.7) 1000 1000 GB-NIR 204 (67.1) 100 (32.9) 304 304 GR 727 (72.4) 277 (27.6) 1004 1004 IE 747 (74.3) 259 (25.7) 1006 1006 IT 758 (76.2) 237 (23.8) 995 995 LU 419 (67.7) 200 (32.3) 619 619 NL 640 (60.3) 421 (39.7) 1061 1061 PT 835 (83.5) 165 (16.5) 1000 1000 SE 748 (74.8) 252 (25.2) 1000 1000 N Sum 11610 4520 16130 N Valid Sum 11610 4520 16130 printed 24.01.2012 page 266 Eurobarometer 55.2 - May-June 2001,isocntry AT 719 (70.6) 300 (29.4) 1019 1019 BE 694 (65.6) 364 (34.4) 1058 1058 DE-E 769 (75.0) 257 (25.0) 1026 1026 DE-W 704 (69.6) 308 (30.4) 1012 1012 DK 662 (66.2) 338 (33.8) 1000 1000 ES 796 (79.6) 204 (20.4) 1000 1000 FI 618 (60.5) 404 (39.5) 1022 1022 FR 827 (82.4) 177 (17.6) 1004 1004 GB-GBN 743 (74.3) 257 (25.7) 1000 1000 GB-NIR 204 (67.1) 100 (32.9) 304 304 GR 727 (72.4) 277 (27.6) 1004 1004 IE 747 (74.3) 259 (25.7) 1006 1006 IT 758 (76.2) 237 (23.8) 995 995 LU 419 (67.7) 200 (32.3) 619 619 NL 640 (60.3) 421 (39.7) 1061 1061 PT 835 (83.5) 165 (16.5) 1000 1000 SE 748 (74.8) 252 (25.2) 1000 1000 N Sum 11610 4520 16130 N Valid Sum 11610 4520 16130 printed 24.01.2012 page 266 Eurobarometer 55.2 - May-June 2001,GESIS Variable Report,292,ZA3509
v258,v258 0 1 N Sum N Valid Sum,Q29 EU AGRICULT POL EFF: GEOGRAPHIC ORIG,isocntry AT 788 (77.3) 231 (22.7) 1019 1019 BE 833 (78.7) 225 (21.3) 1058 1058 DE-E 765 (74.6) 261 (25.4) 1026 1026 DE-W 720 (71.1) 292 (28.9) 1012 1012 DK 701 (70.1) 299 (29.9) 1000 1000 ES 698 (69.8) 302 (30.2) 1000 1000 FI 728 (71.2) 294 (28.8) 1022 1022 FR 738 (73.5) 266 (26.5) 1004 1004 GB-GBN 805 (80.5) 195 (19.5) 1000 1000 GB-NIR 230 (75.7) 74 (24.3) 304 304 GR 747 (74.4) 257 (25.6) 1004 1004 IE 747 (74.3) 259 (25.7) 1006 1006 IT 719 (72.3) 276 (27.7) 995 995 LU 457 (73.8) 162 (26.2) 619 619 NL 736 (69.4) 325 (30.6) 1061 1061 PT 903 (90.3) 97 (9.7) 1000 1000 SE 817 (81.7) 183 (18.3) 1000 1000 N Sum 12132 3998 16130 N Valid Sum 12132 3998 16130 printed 24.01.2012 page 267 Eurobarometer 55.2 - May-June 2001,isocntry AT 788 (77.3) 231 (22.7) 1019 1019 BE 833 (78.7) 225 (21.3) 1058 1058 DE-E 765 (74.6) 261 (25.4) 1026 1026 DE-W 720 (71.1) 292 (28.9) 1012 1012 DK 701 (70.1) 299 (29.9) 1000 1000 ES 698 (69.8) 302 (30.2) 1000 1000 FI 728 (71.2) 294 (28.8) 1022 1022 FR 738 (73.5) 266 (26.5) 1004 1004 GB-GBN 805 (80.5) 195 (19.5) 1000 1000 GB-NIR 230 (75.7) 74 (24.3) 304 304 GR 747 (74.4) 257 (25.6) 1004 1004 IE 747 (74.3) 259 (25.7) 1006 1006 IT 719 (72.3) 276 (27.7) 995 995 LU 457 (73.8) 162 (26.2) 619 619 NL 736 (69.4) 325 (30.6) 1061 1061 PT 903 (90.3) 97 (9.7) 1000 1000 SE 817 (81.7) 183 (18.3) 1000 1000 N Sum 12132 3998 16130 N Valid Sum 12132 3998 16130 printed 24.01.2012 page 267 Eurobarometer 55.2 - May-June 2001,GESIS Variable Report,293,ZA3509
v259,v259 0 1 N Sum N Valid Sum,Q29 EU AGRICULT POL EFF: PRODUCTION,isocntry AT 849 (83.3) 170 (16.7) 1019 1019 BE 880 (83.2) 178 (16.8) 1058 1058 DE-E 822 (80.1) 204 (19.9) 1026 1026 DE-W 798 (78.9) 214 (21.1) 1012 1012 DK 788 (78.8) 212 (21.2) 1000 1000 ES 789 (78.9) 211 (21.1) 1000 1000 FI 766 (75.0) 256 (25.0) 1022 1022 FR 792 (78.9) 212 (21.1) 1004 1004 GB-GBN 826 (82.6) 174 (17.4) 1000 1000 GB-NIR 221 (72.7) 83 (27.3) 304 304 GR 798 (79.5) 206 (20.5) 1004 1004 IE 755 (75.0) 251 (25.0) 1006 1006 IT 700 (70.4) 295 (29.6) 995 995 LU 465 (75.1) 154 (24.9) 619 619 NL 712 (67.1) 349 (32.9) 1061 1061 PT 877 (87.7) 123 (12.3) 1000 1000 SE 855 (85.5) 145 (14.5) 1000 1000 N Sum 12693 3437 16130 N Valid Sum 12693 3437 16130 printed 24.01.2012 page 268 Eurobarometer 55.2 - May-June 2001,isocntry AT 849 (83.3) 170 (16.7) 1019 1019 BE 880 (83.2) 178 (16.8) 1058 1058 DE-E 822 (80.1) 204 (19.9) 1026 1026 DE-W 798 (78.9) 214 (21.1) 1012 1012 DK 788 (78.8) 212 (21.2) 1000 1000 ES 789 (78.9) 211 (21.1) 1000 1000 FI 766 (75.0) 256 (25.0) 1022 1022 FR 792 (78.9) 212 (21.1) 1004 1004 GB-GBN 826 (82.6) 174 (17.4) 1000 1000 GB-NIR 221 (72.7) 83 (27.3) 304 304 GR 798 (79.5) 206 (20.5) 1004 1004 IE 755 (75.0) 251 (25.0) 1006 1006 IT 700 (70.4) 295 (29.6) 995 995 LU 465 (75.1) 154 (24.9) 619 619 NL 712 (67.1) 349 (32.9) 1061 1061 PT 877 (87.7) 123 (12.3) 1000 1000 SE 855 (85.5) 145 (14.5) 1000 1000 N Sum 12693 3437 16130 N Valid Sum 12693 3437 16130 printed 24.01.2012 page 268 Eurobarometer 55.2 - May-June 2001,GESIS Variable Report,294,ZA3509
v260,v260 0 1 N Sum N Valid Sum,Q29 EU AGRICULT POL EFF: ANIMALS,isocntry AT 866 (85.0) 153 (15.0) 1019 1019 BE 899 (85.0) 159 (15.0) 1058 1058 DE-E 881 (85.9) 145 (14.1) 1026 1026 DE-W 828 (81.8) 184 (18.2) 1012 1012 DK 747 (74.7) 253 (25.3) 1000 1000 ES 760 (76.0) 240 (24.0) 1000 1000 FI 791 (77.4) 231 (22.6) 1022 1022 FR 875 (87.2) 129 (12.8) 1004 1004 GB-GBN 801 (80.1) 199 (19.9) 1000 1000 GB-NIR 229 (75.3) 75 (24.7) 304 304 GR 868 (86.5) 136 (13.5) 1004 1004 IE 742 (73.8) 264 (26.2) 1006 1006 IT 796 (80.0) 199 (20.0) 995 995 LU 509 (82.2) 110 (17.8) 619 619 NL 851 (80.2) 210 (19.8) 1061 1061 PT 899 (89.9) 101 (10.1) 1000 1000 SE 855 (85.5) 145 (14.5) 1000 1000 N Sum 13197 2933 16130 N Valid Sum 13197 2933 16130 printed 24.01.2012 page 269 Eurobarometer 55.2 - May-June 2001,isocntry AT 866 (85.0) 153 (15.0) 1019 1019 BE 899 (85.0) 159 (15.0) 1058 1058 DE-E 881 (85.9) 145 (14.1) 1026 1026 DE-W 828 (81.8) 184 (18.2) 1012 1012 DK 747 (74.7) 253 (25.3) 1000 1000 ES 760 (76.0) 240 (24.0) 1000 1000 FI 791 (77.4) 231 (22.6) 1022 1022 FR 875 (87.2) 129 (12.8) 1004 1004 GB-GBN 801 (80.1) 199 (19.9) 1000 1000 GB-NIR 229 (75.3) 75 (24.7) 304 304 GR 868 (86.5) 136 (13.5) 1004 1004 IE 742 (73.8) 264 (26.2) 1006 1006 IT 796 (80.0) 199 (20.0) 995 995 LU 509 (82.2) 110 (17.8) 619 619 NL 851 (80.2) 210 (19.8) 1061 1061 PT 899 (89.9) 101 (10.1) 1000 1000 SE 855 (85.5) 145 (14.5) 1000 1000 N Sum 13197 2933 16130 N Valid Sum 13197 2933 16130 printed 24.01.2012 page 269 Eurobarometer 55.2 - May-June 2001,GESIS Variable Report,295,ZA3509
v261,v261 0 1 N Sum N Valid Sum,Q29 EU AGRICULT POL EFF: FAVOUR CONSUMER,isocntry AT 834 (81.8) 185 (18.2) 1019 1019 BE 911 (86.1) 147 (13.9) 1058 1058 DE-E 946 (92.2) 80 (7.8) 1026 1026 DE-W 889 (87.8) 123 (12.2) 1012 1012 DK 863 (86.3) 137 (13.7) 1000 1000 ES 804 (80.4) 196 (19.6) 1000 1000 FI 732 (71.6) 290 (28.4) 1022 1022 FR 855 (85.2) 149 (14.8) 1004 1004 GB-GBN 819 (81.9) 181 (18.1) 1000 1000 GB-NIR 247 (81.3) 57 (18.8) 304 304 GR 825 (82.2) 179 (17.8) 1004 1004 IE 860 (85.5) 146 (14.5) 1006 1006 IT 918 (92.3) 77 (7.7) 995 995 LU 518 (83.7) 101 (16.3) 619 619 NL 831 (78.3) 230 (21.7) 1061 1061 PT 866 (86.6) 134 (13.4) 1000 1000 SE 860 (86.0) 140 (14.0) 1000 1000 N Sum 13578 2552 16130 N Valid Sum 13578 2552 16130 printed 24.01.2012 page 270 Eurobarometer 55.2 - May-June 2001,isocntry AT 834 (81.8) 185 (18.2) 1019 1019 BE 911 (86.1) 147 (13.9) 1058 1058 DE-E 946 (92.2) 80 (7.8) 1026 1026 DE-W 889 (87.8) 123 (12.2) 1012 1012 DK 863 (86.3) 137 (13.7) 1000 1000 ES 804 (80.4) 196 (19.6) 1000 1000 FI 732 (71.6) 290 (28.4) 1022 1022 FR 855 (85.2) 149 (14.8) 1004 1004 GB-GBN 819 (81.9) 181 (18.1) 1000 1000 GB-NIR 247 (81.3) 57 (18.8) 304 304 GR 825 (82.2) 179 (17.8) 1004 1004 IE 860 (85.5) 146 (14.5) 1006 1006 IT 918 (92.3) 77 (7.7) 995 995 LU 518 (83.7) 101 (16.3) 619 619 NL 831 (78.3) 230 (21.7) 1061 1061 PT 866 (86.6) 134 (13.4) 1000 1000 SE 860 (86.0) 140 (14.0) 1000 1000 N Sum 13578 2552 16130 N Valid Sum 13578 2552 16130 printed 24.01.2012 page 270 Eurobarometer 55.2 - May-June 2001,GESIS Variable Report,296,ZA3509
v262,v262 0 1 N Sum N Valid Sum,Q29 EU AGRICULT POL EFF: FAVOUR FARMER,isocntry AT 900 (88.3) 119 (11.7) 1019 1019 BE 898 (84.9) 160 (15.1) 1058 1058 DE-E 924 (90.1) 102 (9.9) 1026 1026 DE-W 871 (86.1) 141 (13.9) 1012 1012 DK 663 (66.3) 337 (33.7) 1000 1000 ES 899 (89.9) 101 (10.1) 1000 1000 FI 910 (89.0) 112 (11.0) 1022 1022 FR 853 (85.0) 151 (15.0) 1004 1004 GB-GBN 868 (86.8) 132 (13.2) 1000 1000 GB-NIR 262 (86.2) 42 (13.8) 304 304 GR 929 (92.5) 75 (7.5) 1004 1004 IE 876 (87.1) 130 (12.9) 1006 1006 IT 922 (92.7) 73 (7.3) 995 995 LU 530 (85.6) 89 (14.4) 619 619 NL 920 (86.7) 141 (13.3) 1061 1061 PT 880 (88.0) 120 (12.0) 1000 1000 SE 750 (75.0) 250 (25.0) 1000 1000 N Sum 13855 2275 16130 N Valid Sum 13855 2275 16130 printed 24.01.2012 page 271 Eurobarometer 55.2 - May-June 2001,isocntry AT 900 (88.3) 119 (11.7) 1019 1019 BE 898 (84.9) 160 (15.1) 1058 1058 DE-E 924 (90.1) 102 (9.9) 1026 1026 DE-W 871 (86.1) 141 (13.9) 1012 1012 DK 663 (66.3) 337 (33.7) 1000 1000 ES 899 (89.9) 101 (10.1) 1000 1000 FI 910 (89.0) 112 (11.0) 1022 1022 FR 853 (85.0) 151 (15.0) 1004 1004 GB-GBN 868 (86.8) 132 (13.2) 1000 1000 GB-NIR 262 (86.2) 42 (13.8) 304 304 GR 929 (92.5) 75 (7.5) 1004 1004 IE 876 (87.1) 130 (12.9) 1006 1006 IT 922 (92.7) 73 (7.3) 995 995 LU 530 (85.6) 89 (14.4) 619 619 NL 920 (86.7) 141 (13.3) 1061 1061 PT 880 (88.0) 120 (12.0) 1000 1000 SE 750 (75.0) 250 (25.0) 1000 1000 N Sum 13855 2275 16130 N Valid Sum 13855 2275 16130 printed 24.01.2012 page 271 Eurobarometer 55.2 - May-June 2001,GESIS Variable Report,297,ZA3509
v263,v263 0 1 N Sum N Valid Sum,Q29 EU AGRICULT POL EFF: FAV CONSUM&FARM,isocntry AT 888 (87.1) 131 (12.9) 1019 1019 BE 899 (85.0) 159 (15.0) 1058 1058 DE-E 818 (79.7) 208 (20.3) 1026 1026 DE-W 832 (82.2) 180 (17.8) 1012 1012 DK 775 (77.5) 225 (22.5) 1000 1000 ES 810 (81.0) 190 (19.0) 1000 1000 FI 870 (85.1) 152 (14.9) 1022 1022 FR 814 (81.1) 190 (18.9) 1004 1004 GB-GBN 848 (84.8) 152 (15.2) 1000 1000 GB-NIR 237 (78.0) 67 (22.0) 304 304 GR 769 (76.6) 235 (23.4) 1004 1004 IE 788 (78.3) 218 (21.7) 1006 1006 IT 745 (74.9) 250 (25.1) 995 995 LU 515 (83.2) 104 (16.8) 619 619 NL 853 (80.4) 208 (19.6) 1061 1061 PT 852 (85.2) 148 (14.8) 1000 1000 SE 822 (82.2) 178 (17.8) 1000 1000 N Sum 13135 2995 16130 N Valid Sum 13135 2995 16130 printed 24.01.2012 page 272 Eurobarometer 55.2 - May-June 2001,isocntry AT 888 (87.1) 131 (12.9) 1019 1019 BE 899 (85.0) 159 (15.0) 1058 1058 DE-E 818 (79.7) 208 (20.3) 1026 1026 DE-W 832 (82.2) 180 (17.8) 1012 1012 DK 775 (77.5) 225 (22.5) 1000 1000 ES 810 (81.0) 190 (19.0) 1000 1000 FI 870 (85.1) 152 (14.9) 1022 1022 FR 814 (81.1) 190 (18.9) 1004 1004 GB-GBN 848 (84.8) 152 (15.2) 1000 1000 GB-NIR 237 (78.0) 67 (22.0) 304 304 GR 769 (76.6) 235 (23.4) 1004 1004 IE 788 (78.3) 218 (21.7) 1006 1006 IT 745 (74.9) 250 (25.1) 995 995 LU 515 (83.2) 104 (16.8) 619 619 NL 853 (80.4) 208 (19.6) 1061 1061 PT 852 (85.2) 148 (14.8) 1000 1000 SE 822 (82.2) 178 (17.8) 1000 1000 N Sum 13135 2995 16130 N Valid Sum 13135 2995 16130 printed 24.01.2012 page 272 Eurobarometer 55.2 - May-June 2001,GESIS Variable Report,298,ZA3509
v264,v264 0 1 N Sum N Valid Sum,Q29 EU AGRICULT POL EFF: NONE,isocntry AT 884 (86.8) 135 (13.2) 1019 1019 BE 943 (89.1) 115 (10.9) 1058 1058 DE-E 902 (87.9) 124 (12.1) 1026 1026 DE-W 889 (87.8) 123 (12.2) 1012 1012 DK 933 (93.3) 67 (6.7) 1000 1000 ES 918 (91.8) 82 (8.2) 1000 1000 FI 944 (92.4) 78 (7.6) 1022 1022 FR 860 (85.7) 144 (14.3) 1004 1004 GB-GBN 916 (91.6) 84 (8.4) 1000 1000 GB-NIR 289 (95.1) 15 (4.9) 304 304 GR 873 (87.0) 131 (13.0) 1004 1004 IE 979 (97.3) 27 (2.7) 1006 1006 IT 946 (95.1) 49 (4.9) 995 995 LU 545 (88.0) 74 (12.0) 619 619 NL 985 (92.8) 76 (7.2) 1061 1061 PT 873 (87.3) 127 (12.7) 1000 1000 SE 838 (83.8) 162 (16.2) 1000 1000 N Sum 14517 1613 16130 N Valid Sum 14517 1613 16130 printed 24.01.2012 page 273 Eurobarometer 55.2 - May-June 2001,isocntry AT 884 (86.8) 135 (13.2) 1019 1019 BE 943 (89.1) 115 (10.9) 1058 1058 DE-E 902 (87.9) 124 (12.1) 1026 1026 DE-W 889 (87.8) 123 (12.2) 1012 1012 DK 933 (93.3) 67 (6.7) 1000 1000 ES 918 (91.8) 82 (8.2) 1000 1000 FI 944 (92.4) 78 (7.6) 1022 1022 FR 860 (85.7) 144 (14.3) 1004 1004 GB-GBN 916 (91.6) 84 (8.4) 1000 1000 GB-NIR 289 (95.1) 15 (4.9) 304 304 GR 873 (87.0) 131 (13.0) 1004 1004 IE 979 (97.3) 27 (2.7) 1006 1006 IT 946 (95.1) 49 (4.9) 995 995 LU 545 (88.0) 74 (12.0) 619 619 NL 985 (92.8) 76 (7.2) 1061 1061 PT 873 (87.3) 127 (12.7) 1000 1000 SE 838 (83.8) 162 (16.2) 1000 1000 N Sum 14517 1613 16130 N Valid Sum 14517 1613 16130 printed 24.01.2012 page 273 Eurobarometer 55.2 - May-June 2001,GESIS Variable Report,299,ZA3509
v265,v265 0 1 N Sum N Valid Sum,Q29 EU AGRICULT POL EFF: DK,isocntry AT 916 (90.0) 102 (10.0) 1018 1018 BE 922 (87.1) 136 (12.9) 1058 1058 DE-E 843 (82.2) 183 (17.8) 1026 1026 DE-W 851 (84.1) 161 (15.9) 1012 1012 DK 963 (96.3) 37 (3.7) 1000 1000 ES 848 (84.8) 152 (15.2) 1000 1000 FI 956 (93.5) 66 (6.5) 1022 1022 FR 884 (88.0) 120 (12.0) 1004 1004 GB-GBN 810 (81.0) 190 (19.0) 1000 1000 GB-NIR 260 (85.5) 44 (14.5) 304 304 GR 902 (89.8) 102 (10.2) 1004 1004 IE 821 (81.6) 185 (18.4) 1006 1006 IT 878 (88.2) 117 (11.8) 995 995 LU 548 (88.5) 71 (11.5) 619 619 NL 988 (93.1) 73 (6.9) 1061 1061 PT 782 (78.2) 218 (21.8) 1000 1000 SE 891 (89.1) 109 (10.9) 1000 1000 N Sum 14063 2066 16129 N Valid Sum 14063 2066 16129 printed 24.01.2012 page 274 Eurobarometer 55.2 - May-June 2001,isocntry AT 916 (90.0) 102 (10.0) 1018 1018 BE 922 (87.1) 136 (12.9) 1058 1058 DE-E 843 (82.2) 183 (17.8) 1026 1026 DE-W 851 (84.1) 161 (15.9) 1012 1012 DK 963 (96.3) 37 (3.7) 1000 1000 ES 848 (84.8) 152 (15.2) 1000 1000 FI 956 (93.5) 66 (6.5) 1022 1022 FR 884 (88.0) 120 (12.0) 1004 1004 GB-GBN 810 (81.0) 190 (19.0) 1000 1000 GB-NIR 260 (85.5) 44 (14.5) 304 304 GR 902 (89.8) 102 (10.2) 1004 1004 IE 821 (81.6) 185 (18.4) 1006 1006 IT 878 (88.2) 117 (11.8) 995 995 LU 548 (88.5) 71 (11.5) 619 619 NL 988 (93.1) 73 (6.9) 1061 1061 PT 782 (78.2) 218 (21.8) 1000 1000 SE 891 (89.1) 109 (10.9) 1000 1000 N Sum 14063 2066 16129 N Valid Sum 14063 2066 16129 printed 24.01.2012 page 274 Eurobarometer 55.2 - May-June 2001,GESIS Variable Report,300,ZA3509
v266,v266 1 2 3 N Sum N Valid Sum,Q30 EU AGRICULT POL AIM: INCOME FARMER,isocntry M AT 796 (87.5) 114 (12.5) 109 1019 910 BE 746 (82.2) 161 (17.8) 151 1058 907 DE-E 805 (88.0) 110 (12.0) 111 1026 915 DE-W 766 (85.0) 135 (15.0) 111 1012 901 DK 558 (60.5) 365 (39.5) 77 1000 923 ES 926 (97.2) 27 (2.8) 47 1000 953 FI 896 (93.4) 63 (6.6) 64 1023 959 FR 755 (82.9) 156 (17.1) 93 1004 911 GB-GBN 707 (83.9) 136 (16.1) 157 1000 843 GB-NIR 216 (84.4) 40 (15.6) 47 303 256 GR 910 (95.5) 43 (4.5) 50 1003 953 IE 768 (92.8) 60 (7.2) 178 1006 828 IT 769 (91.1) 75 (8.9) 151 995 844 LU 474 (86.2) 76 (13.8) 69 619 550 NL 821 (84.0) 156 (16.0) 84 1061 977 PT 902 (95.9) 39 (4.1) 59 1000 941 SE 607 (66.1) 311 (33.9) 82 1000 918 N Sum 12422 2067 1640 16129 N Valid Sum 12422 2067 14489 printed 24.01.2012 page 275 Eurobarometer 55.2 - May-June 2001,isocntry M AT 796 (87.5) 114 (12.5) 109 1019 910 BE 746 (82.2) 161 (17.8) 151 1058 907 DE-E 805 (88.0) 110 (12.0) 111 1026 915 DE-W 766 (85.0) 135 (15.0) 111 1012 901 DK 558 (60.5) 365 (39.5) 77 1000 923 ES 926 (97.2) 27 (2.8) 47 1000 953 FI 896 (93.4) 63 (6.6) 64 1023 959 FR 755 (82.9) 156 (17.1) 93 1004 911 GB-GBN 707 (83.9) 136 (16.1) 157 1000 843 GB-NIR 216 (84.4) 40 (15.6) 47 303 256 GR 910 (95.5) 43 (4.5) 50 1003 953 IE 768 (92.8) 60 (7.2) 178 1006 828 IT 769 (91.1) 75 (8.9) 151 995 844 LU 474 (86.2) 76 (13.8) 69 619 550 NL 821 (84.0) 156 (16.0) 84 1061 977 PT 902 (95.9) 39 (4.1) 59 1000 941 SE 607 (66.1) 311 (33.9) 82 1000 918 N Sum 12422 2067 1640 16129 N Valid Sum 12422 2067 14489 printed 24.01.2012 page 275 Eurobarometer 55.2 - May-June 2001,GESIS Variable Report,301,ZA3509
v267,v267 1 2 3 N Sum N Valid Sum,Q30 EU AGRICULT POL AIM: WORLD MARKET,isocntry M AT 762 (85.8) 126 (14.2) 131 1019 888 BE 759 (85.9) 125 (14.1) 174 1058 884 DE-E 853 (93.1) 63 (6.9) 109 1025 916 DE-W 786 (88.4) 103 (11.6) 122 1011 889 DK 777 (82.8) 161 (17.2) 61 999 938 ES 881 (95.8) 39 (4.2) 81 1001 920 FI 732 (79.8) 185 (20.2) 105 1022 917 FR 778 (84.0) 148 (16.0) 79 1005 926 GB-GBN 671 (87.1) 99 (12.9) 230 1000 770 GB-NIR 222 (90.2) 24 (9.8) 57 303 246 GR 905 (95.7) 41 (4.3) 59 1005 946 IE 735 (91.9) 65 (8.1) 206 1006 800 IT 837 (93.6) 57 (6.4) 100 994 894 LU 415 (79.8) 105 (20.2) 99 619 520 NL 751 (79.5) 194 (20.5) 116 1061 945 PT 830 (91.2) 80 (8.8) 90 1000 910 SE 671 (74.6) 229 (25.4) 100 1000 900 N Sum 12365 1844 1919 16128 N Valid Sum 12365 1844 14209 printed 24.01.2012 page 276 Eurobarometer 55.2 - May-June 2001,isocntry M AT 762 (85.8) 126 (14.2) 131 1019 888 BE 759 (85.9) 125 (14.1) 174 1058 884 DE-E 853 (93.1) 63 (6.9) 109 1025 916 DE-W 786 (88.4) 103 (11.6) 122 1011 889 DK 777 (82.8) 161 (17.2) 61 999 938 ES 881 (95.8) 39 (4.2) 81 1001 920 FI 732 (79.8) 185 (20.2) 105 1022 917 FR 778 (84.0) 148 (16.0) 79 1005 926 GB-GBN 671 (87.1) 99 (12.9) 230 1000 770 GB-NIR 222 (90.2) 24 (9.8) 57 303 246 GR 905 (95.7) 41 (4.3) 59 1005 946 IE 735 (91.9) 65 (8.1) 206 1006 800 IT 837 (93.6) 57 (6.4) 100 994 894 LU 415 (79.8) 105 (20.2) 99 619 520 NL 751 (79.5) 194 (20.5) 116 1061 945 PT 830 (91.2) 80 (8.8) 90 1000 910 SE 671 (74.6) 229 (25.4) 100 1000 900 N Sum 12365 1844 1919 16128 N Valid Sum 12365 1844 14209 printed 24.01.2012 page 276 Eurobarometer 55.2 - May-June 2001,GESIS Variable Report,302,ZA3509
v268,v268 1 2 3 N Sum N Valid Sum,Q30 EU AGRICULT POL AIM: EXPECTATION,isocntry M AT 805 (88.0) 110 (12.0) 104 1019 915 BE 773 (83.7) 151 (16.3) 135 1059 924 DE-E 873 (93.2) 64 (6.8) 89 1026 937 DE-W 819 (90.7) 84 (9.3) 109 1012 903 DK 804 (84.9) 143 (15.1) 53 1000 947 ES 901 (96.6) 32 (3.4) 67 1000 933 FI 875 (93.5) 61 (6.5) 85 1021 936 FR 827 (87.8) 115 (12.2) 62 1004 942 GB-GBN 719 (88.8) 91 (11.2) 190 1000 810 GB-NIR 233 (90.7) 24 (9.3) 47 304 257 GR 920 (96.8) 30 (3.2) 54 1004 950 IE 766 (93.6) 52 (6.4) 188 1006 818 IT 815 (92.5) 66 (7.5) 114 995 881 LU 500 (91.2) 48 (8.8) 71 619 548 NL 789 (82.0) 173 (18.0) 100 1062 962 PT 856 (92.9) 65 (7.1) 78 999 921 SE 830 (90.5) 87 (9.5) 82 999 917 N Sum 13105 1396 1628 16129 N Valid Sum 13105 1396 14501 printed 24.01.2012 page 277 Eurobarometer 55.2 - May-June 2001,isocntry M AT 805 (88.0) 110 (12.0) 104 1019 915 BE 773 (83.7) 151 (16.3) 135 1059 924 DE-E 873 (93.2) 64 (6.8) 89 1026 937 DE-W 819 (90.7) 84 (9.3) 109 1012 903 DK 804 (84.9) 143 (15.1) 53 1000 947 ES 901 (96.6) 32 (3.4) 67 1000 933 FI 875 (93.5) 61 (6.5) 85 1021 936 FR 827 (87.8) 115 (12.2) 62 1004 942 GB-GBN 719 (88.8) 91 (11.2) 190 1000 810 GB-NIR 233 (90.7) 24 (9.3) 47 304 257 GR 920 (96.8) 30 (3.2) 54 1004 950 IE 766 (93.6) 52 (6.4) 188 1006 818 IT 815 (92.5) 66 (7.5) 114 995 881 LU 500 (91.2) 48 (8.8) 71 619 548 NL 789 (82.0) 173 (18.0) 100 1062 962 PT 856 (92.9) 65 (7.1) 78 999 921 SE 830 (90.5) 87 (9.5) 82 999 917 N Sum 13105 1396 1628 16129 N Valid Sum 13105 1396 14501 printed 24.01.2012 page 277 Eurobarometer 55.2 - May-June 2001,GESIS Variable Report,303,ZA3509
v269,v269 1 2 3 N Sum N Valid Sum,Q30 EU AGRICULT POL AIM: DEFEND FARMER,isocntry M AT 758 (87.3) 110 (12.7) 150 1018 868 BE 685 (77.3) 201 (22.7) 172 1058 886 DE-E 726 (85.5) 123 (14.5) 177 1026 849 DE-W 616 (76.5) 189 (23.5) 207 1012 805 DK 454 (52.6) 409 (47.4) 137 1000 863 ES 893 (95.9) 38 (4.1) 69 1000 931 FI 813 (87.3) 118 (12.7) 90 1021 931 FR 775 (86.0) 126 (14.0) 103 1004 901 GB-GBN 640 (82.6) 135 (17.4) 225 1000 775 GB-NIR 210 (86.1) 34 (13.9) 60 304 244 GR 876 (93.1) 65 (6.9) 62 1003 941 IE 671 (88.4) 88 (11.6) 246 1005 759 IT 721 (89.0) 89 (11.0) 184 994 810 LU 415 (82.2) 90 (17.8) 114 619 505 NL 699 (76.1) 220 (23.9) 141 1060 919 PT 855 (92.7) 67 (7.3) 78 1000 922 SE 591 (69.2) 263 (30.8) 146 1000 854 N Sum 11398 2365 2361 16124 N Valid Sum 11398 2365 13763 printed 24.01.2012 page 278 Eurobarometer 55.2 - May-June 2001,isocntry M AT 758 (87.3) 110 (12.7) 150 1018 868 BE 685 (77.3) 201 (22.7) 172 1058 886 DE-E 726 (85.5) 123 (14.5) 177 1026 849 DE-W 616 (76.5) 189 (23.5) 207 1012 805 DK 454 (52.6) 409 (47.4) 137 1000 863 ES 893 (95.9) 38 (4.1) 69 1000 931 FI 813 (87.3) 118 (12.7) 90 1021 931 FR 775 (86.0) 126 (14.0) 103 1004 901 GB-GBN 640 (82.6) 135 (17.4) 225 1000 775 GB-NIR 210 (86.1) 34 (13.9) 60 304 244 GR 876 (93.1) 65 (6.9) 62 1003 941 IE 671 (88.4) 88 (11.6) 246 1005 759 IT 721 (89.0) 89 (11.0) 184 994 810 LU 415 (82.2) 90 (17.8) 114 619 505 NL 699 (76.1) 220 (23.9) 141 1060 919 PT 855 (92.7) 67 (7.3) 78 1000 922 SE 591 (69.2) 263 (30.8) 146 1000 854 N Sum 11398 2365 2361 16124 N Valid Sum 11398 2365 13763 printed 24.01.2012 page 278 Eurobarometer 55.2 - May-June 2001,GESIS Variable Report,304,ZA3509
v270,v270 1 2 3 N Sum N Valid Sum,Q30 EU AGRICULT POL AIM: COUNTRYSIDE,isocntry M AT 804 (88.4) 106 (11.6) 108 1018 910 BE 733 (80.4) 179 (19.6) 146 1058 912 DE-E 886 (94.3) 54 (5.7) 86 1026 940 DE-W 775 (87.6) 110 (12.4) 126 1011 885 DK 624 (66.4) 316 (33.6) 60 1000 940 ES 945 (98.4) 15 (1.6) 40 1000 960 FI 893 (92.3) 74 (7.7) 55 1022 967 FR 764 (81.4) 174 (18.6) 66 1004 938 GB-GBN 765 (89.0) 95 (11.0) 141 1001 860 GB-NIR 246 (92.8) 19 (7.2) 39 304 265 GR 918 (95.8) 40 (4.2) 45 1003 958 IE 800 (93.7) 54 (6.3) 152 1006 854 IT 807 (90.2) 88 (9.8) 100 995 895 LU 493 (88.0) 67 (12.0) 59 619 560 NL 764 (78.7) 207 (21.3) 90 1061 971 PT 918 (96.5) 33 (3.5) 49 1000 951 SE 828 (88.7) 105 (11.3) 67 1000 933 N Sum 12963 1736 1429 16128 N Valid Sum 12963 1736 14699 printed 24.01.2012 page 279 Eurobarometer 55.2 - May-June 2001,isocntry M AT 804 (88.4) 106 (11.6) 108 1018 910 BE 733 (80.4) 179 (19.6) 146 1058 912 DE-E 886 (94.3) 54 (5.7) 86 1026 940 DE-W 775 (87.6) 110 (12.4) 126 1011 885 DK 624 (66.4) 316 (33.6) 60 1000 940 ES 945 (98.4) 15 (1.6) 40 1000 960 FI 893 (92.3) 74 (7.7) 55 1022 967 FR 764 (81.4) 174 (18.6) 66 1004 938 GB-GBN 765 (89.0) 95 (11.0) 141 1001 860 GB-NIR 246 (92.8) 19 (7.2) 39 304 265 GR 918 (95.8) 40 (4.2) 45 1003 958 IE 800 (93.7) 54 (6.3) 152 1006 854 IT 807 (90.2) 88 (9.8) 100 995 895 LU 493 (88.0) 67 (12.0) 59 619 560 NL 764 (78.7) 207 (21.3) 90 1061 971 PT 918 (96.5) 33 (3.5) 49 1000 951 SE 828 (88.7) 105 (11.3) 67 1000 933 N Sum 12963 1736 1429 16128 N Valid Sum 12963 1736 14699 printed 24.01.2012 page 279 Eurobarometer 55.2 - May-June 2001,GESIS Variable Report,305,ZA3509
v271,v271 1 2 3 N Sum N Valid Sum,Q30 EU AGRICULT POL AIM: DEVELOPM GAPS,isocntry M AT 726 (83.8) 140 (16.2) 152 1018 866 BE 678 (80.4) 165 (19.6) 215 1058 843 DE-E 806 (90.1) 89 (9.9) 131 1026 895 DE-W 688 (82.0) 151 (18.0) 173 1012 839 DK 644 (72.8) 241 (27.2) 115 1000 885 ES 894 (96.0) 37 (4.0) 70 1001 931 FI 870 (91.4) 82 (8.6) 70 1022 952 FR 746 (81.5) 169 (18.5) 89 1004 915 GB-GBN 579 (79.6) 148 (20.4) 273 1000 727 GB-NIR 208 (88.5) 27 (11.5) 70 305 235 GR 919 (96.3) 35 (3.7) 50 1004 954 IE 711 (93.6) 49 (6.4) 246 1006 760 IT 795 (92.4) 65 (7.6) 134 994 860 LU 390 (78.6) 106 (21.4) 123 619 496 NL 784 (83.1) 159 (16.9) 118 1061 943 PT 860 (93.9) 56 (6.1) 84 1000 916 SE 723 (84.9) 129 (15.1) 148 1000 852 N Sum 12021 1848 2261 16130 N Valid Sum 12021 1848 13869 printed 24.01.2012 page 280 Eurobarometer 55.2 - May-June 2001,isocntry M AT 726 (83.8) 140 (16.2) 152 1018 866 BE 678 (80.4) 165 (19.6) 215 1058 843 DE-E 806 (90.1) 89 (9.9) 131 1026 895 DE-W 688 (82.0) 151 (18.0) 173 1012 839 DK 644 (72.8) 241 (27.2) 115 1000 885 ES 894 (96.0) 37 (4.0) 70 1001 931 FI 870 (91.4) 82 (8.6) 70 1022 952 FR 746 (81.5) 169 (18.5) 89 1004 915 GB-GBN 579 (79.6) 148 (20.4) 273 1000 727 GB-NIR 208 (88.5) 27 (11.5) 70 305 235 GR 919 (96.3) 35 (3.7) 50 1004 954 IE 711 (93.6) 49 (6.4) 246 1006 760 IT 795 (92.4) 65 (7.6) 134 994 860 LU 390 (78.6) 106 (21.4) 123 619 496 NL 784 (83.1) 159 (16.9) 118 1061 943 PT 860 (93.9) 56 (6.1) 84 1000 916 SE 723 (84.9) 129 (15.1) 148 1000 852 N Sum 12021 1848 2261 16130 N Valid Sum 12021 1848 13869 printed 24.01.2012 page 280 Eurobarometer 55.2 - May-June 2001,GESIS Variable Report,306,ZA3509
v272,v272 1 2 3 N Sum N Valid Sum,Q30 EU AGRICULT POL AIM: DIVERSIFICATN,isocntry M AT 796 (89.3) 95 (10.7) 129 1020 891 BE 760 (85.5) 129 (14.5) 169 1058 889 DE-E 843 (93.4) 60 (6.6) 123 1026 903 DE-W 760 (87.6) 108 (12.4) 144 1012 868 DK 707 (79.6) 181 (20.4) 112 1000 888 ES 860 (96.3) 33 (3.7) 107 1000 893 FI 842 (90.7) 86 (9.3) 95 1023 928 FR 812 (87.9) 112 (12.1) 80 1004 924 GB-GBN 579 (82.8) 120 (17.2) 302 1001 699 GB-NIR 204 (89.9) 23 (10.1) 77 304 227 GR 927 (96.9) 30 (3.1) 48 1005 957 IE 649 (92.5) 53 (7.5) 304 1006 702 IT 754 (92.3) 63 (7.7) 179 996 817 LU 452 (86.3) 72 (13.7) 95 619 524 NL 811 (86.8) 123 (13.2) 127 1061 934 PT 855 (94.0) 55 (6.0) 90 1000 910 SE 800 (91.3) 76 (8.7) 123 999 876 N Sum 12411 1419 2304 16134 N Valid Sum 12411 1419 13830 printed 24.01.2012 page 281 Eurobarometer 55.2 - May-June 2001,isocntry M AT 796 (89.3) 95 (10.7) 129 1020 891 BE 760 (85.5) 129 (14.5) 169 1058 889 DE-E 843 (93.4) 60 (6.6) 123 1026 903 DE-W 760 (87.6) 108 (12.4) 144 1012 868 DK 707 (79.6) 181 (20.4) 112 1000 888 ES 860 (96.3) 33 (3.7) 107 1000 893 FI 842 (90.7) 86 (9.3) 95 1023 928 FR 812 (87.9) 112 (12.1) 80 1004 924 GB-GBN 579 (82.8) 120 (17.2) 302 1001 699 GB-NIR 204 (89.9) 23 (10.1) 77 304 227 GR 927 (96.9) 30 (3.1) 48 1005 957 IE 649 (92.5) 53 (7.5) 304 1006 702 IT 754 (92.3) 63 (7.7) 179 996 817 LU 452 (86.3) 72 (13.7) 95 619 524 NL 811 (86.8) 123 (13.2) 127 1061 934 PT 855 (94.0) 55 (6.0) 90 1000 910 SE 800 (91.3) 76 (8.7) 123 999 876 N Sum 12411 1419 2304 16134 N Valid Sum 12411 1419 13830 printed 24.01.2012 page 281 Eurobarometer 55.2 - May-June 2001,GESIS Variable Report,307,ZA3509
v273,v273 1 2 3 N Sum N Valid Sum,Q30 EU AGRICULT POL AIM: ORGANIC PROD,isocntry M AT 836 (91.6) 77 (8.4) 107 1020 913 BE 778 (84.6) 142 (15.4) 138 1058 920 DE-E 902 (95.2) 45 (4.8) 79 1026 947 DE-W 843 (92.9) 64 (7.1) 105 1012 907 DK 793 (83.5) 157 (16.5) 50 1000 950 ES 674 (81.7) 151 (18.3) 174 999 825 FI 839 (90.5) 88 (9.5) 95 1022 927 FR 761 (82.8) 158 (17.2) 84 1003 919 GB-GBN 629 (79.6) 161 (20.4) 210 1000 790 GB-NIR 206 (85.1) 36 (14.9) 62 304 242 GR 859 (93.5) 60 (6.5) 85 1004 919 IE 701 (90.1) 77 (9.9) 227 1005 778 IT 723 (87.7) 101 (12.3) 171 995 824 LU 487 (87.1) 72 (12.9) 61 620 559 NL 866 (88.8) 109 (11.2) 86 1061 975 PT 631 (77.8) 180 (22.2) 190 1001 811 SE 728 (80.3) 179 (19.7) 93 1000 907 N Sum 12256 1857 2017 16130 N Valid Sum 12256 1857 14113 printed 24.01.2012 page 282 Eurobarometer 55.2 - May-June 2001,isocntry M AT 836 (91.6) 77 (8.4) 107 1020 913 BE 778 (84.6) 142 (15.4) 138 1058 920 DE-E 902 (95.2) 45 (4.8) 79 1026 947 DE-W 843 (92.9) 64 (7.1) 105 1012 907 DK 793 (83.5) 157 (16.5) 50 1000 950 ES 674 (81.7) 151 (18.3) 174 999 825 FI 839 (90.5) 88 (9.5) 95 1022 927 FR 761 (82.8) 158 (17.2) 84 1003 919 GB-GBN 629 (79.6) 161 (20.4) 210 1000 790 GB-NIR 206 (85.1) 36 (14.9) 62 304 242 GR 859 (93.5) 60 (6.5) 85 1004 919 IE 701 (90.1) 77 (9.9) 227 1005 778 IT 723 (87.7) 101 (12.3) 171 995 824 LU 487 (87.1) 72 (12.9) 61 620 559 NL 866 (88.8) 109 (11.2) 86 1061 975 PT 631 (77.8) 180 (22.2) 190 1001 811 SE 728 (80.3) 179 (19.7) 93 1000 907 N Sum 12256 1857 2017 16130 N Valid Sum 12256 1857 14113 printed 24.01.2012 page 282 Eurobarometer 55.2 - May-June 2001,GESIS Variable Report,308,ZA3509
v274,v274 1 2 3 N Sum N Valid Sum,Q30 EU AGRICULT POL AIM: ENVIRONMENT,isocntry M AT 869 (92.7) 68 (7.3) 82 1019 937 BE 868 (90.8) 88 (9.2) 102 1058 956 DE-E 945 (98.1) 18 (1.9) 63 1026 963 DE-W 885 (94.9) 48 (5.1) 78 1011 933 DK 945 (95.6) 43 (4.4) 12 1000 988 ES 940 (98.9) 10 (1.1) 51 1001 950 FI 961 (97.6) 24 (2.4) 37 1022 985 FR 905 (94.5) 53 (5.5) 46 1004 958 GB-GBN 813 (94.5) 47 (5.5) 140 1000 860 GB-NIR 253 (96.2) 10 (3.8) 41 304 263 GR 929 (96.7) 32 (3.3) 43 1004 961 IE 813 (96.9) 26 (3.1) 167 1006 839 IT 901 (97.1) 27 (2.9) 67 995 928 LU 550 (95.3) 27 (4.7) 42 619 577 NL 965 (94.9) 52 (5.1) 44 1061 1017 PT 884 (95.5) 42 (4.5) 73 999 926 SE 936 (96.9) 30 (3.1) 35 1001 966 N Sum 14362 645 1123 16130 N Valid Sum 14362 645 15007 printed 24.01.2012 page 283 Eurobarometer 55.2 - May-June 2001,isocntry M AT 869 (92.7) 68 (7.3) 82 1019 937 BE 868 (90.8) 88 (9.2) 102 1058 956 DE-E 945 (98.1) 18 (1.9) 63 1026 963 DE-W 885 (94.9) 48 (5.1) 78 1011 933 DK 945 (95.6) 43 (4.4) 12 1000 988 ES 940 (98.9) 10 (1.1) 51 1001 950 FI 961 (97.6) 24 (2.4) 37 1022 985 FR 905 (94.5) 53 (5.5) 46 1004 958 GB-GBN 813 (94.5) 47 (5.5) 140 1000 860 GB-NIR 253 (96.2) 10 (3.8) 41 304 263 GR 929 (96.7) 32 (3.3) 43 1004 961 IE 813 (96.9) 26 (3.1) 167 1006 839 IT 901 (97.1) 27 (2.9) 67 995 928 LU 550 (95.3) 27 (4.7) 42 619 577 NL 965 (94.9) 52 (5.1) 44 1061 1017 PT 884 (95.5) 42 (4.5) 73 999 926 SE 936 (96.9) 30 (3.1) 35 1001 966 N Sum 14362 645 1123 16130 N Valid Sum 14362 645 15007 printed 24.01.2012 page 283 Eurobarometer 55.2 - May-June 2001,GESIS Variable Report,309,ZA3509
v275,v275 1 2 3 N Sum N Valid Sum,Q30 EU AGRICULT POL AIM: SPECIFICITY,isocntry M AT 806 (90.4) 86 (9.6) 127 1019 892 BE 770 (87.3) 112 (12.7) 175 1057 882 DE-E 822 (93.2) 60 (6.8) 144 1026 882 DE-W 739 (86.9) 111 (13.1) 162 1012 850 DK 607 (68.7) 276 (31.3) 117 1000 883 ES 853 (96.1) 35 (3.9) 112 1000 888 FI 755 (85.7) 126 (14.3) 142 1023 881 FR 818 (90.0) 91 (10.0) 95 1004 909 GB-GBN 518 (76.6) 158 (23.4) 324 1000 676 GB-NIR 212 (89.5) 25 (10.5) 66 303 237 GR 912 (96.5) 33 (3.5) 59 1004 945 IE 703 (94.1) 44 (5.9) 259 1006 747 IT 830 (94.7) 46 (5.3) 119 995 876 LU 476 (90.8) 48 (9.2) 95 619 524 NL 754 (81.6) 170 (18.4) 137 1061 924 PT 829 (92.9) 63 (7.1) 108 1000 892 SE 727 (85.4) 124 (14.6) 149 1000 851 N Sum 12131 1608 2390 16129 N Valid Sum 12131 1608 13739 printed 24.01.2012 page 284 Eurobarometer 55.2 - May-June 2001,isocntry M AT 806 (90.4) 86 (9.6) 127 1019 892 BE 770 (87.3) 112 (12.7) 175 1057 882 DE-E 822 (93.2) 60 (6.8) 144 1026 882 DE-W 739 (86.9) 111 (13.1) 162 1012 850 DK 607 (68.7) 276 (31.3) 117 1000 883 ES 853 (96.1) 35 (3.9) 112 1000 888 FI 755 (85.7) 126 (14.3) 142 1023 881 FR 818 (90.0) 91 (10.0) 95 1004 909 GB-GBN 518 (76.6) 158 (23.4) 324 1000 676 GB-NIR 212 (89.5) 25 (10.5) 66 303 237 GR 912 (96.5) 33 (3.5) 59 1004 945 IE 703 (94.1) 44 (5.9) 259 1006 747 IT 830 (94.7) 46 (5.3) 119 995 876 LU 476 (90.8) 48 (9.2) 95 619 524 NL 754 (81.6) 170 (18.4) 137 1061 924 PT 829 (92.9) 63 (7.1) 108 1000 892 SE 727 (85.4) 124 (14.6) 149 1000 851 N Sum 12131 1608 2390 16129 N Valid Sum 12131 1608 13739 printed 24.01.2012 page 284 Eurobarometer 55.2 - May-June 2001,GESIS Variable Report,310,ZA3509
v276,v276 1 2 3 N Sum N Valid Sum,Q30 EU AGRICULT POL AIM: TASTE,isocntry M AT 756 (86.9) 114 (13.1) 149 1019 870 BE 777 (86.2) 124 (13.8) 157 1058 901 DE-E 760 (87.7) 107 (12.3) 159 1026 867 DE-W 646 (79.3) 169 (20.7) 196 1011 815 DK 602 (68.7) 274 (31.3) 124 1000 876 ES 874 (95.0) 46 (5.0) 80 1000 920 FI 752 (84.5) 138 (15.5) 132 1022 890 FR 854 (91.5) 79 (8.5) 71 1004 933 GB-GBN 604 (80.4) 147 (19.6) 249 1000 751 GB-NIR 219 (89.8) 25 (10.2) 60 304 244 GR 914 (96.6) 32 (3.4) 58 1004 946 IE 717 (93.1) 53 (6.9) 236 1006 770 IT 799 (92.1) 69 (7.9) 127 995 868 LU 469 (87.7) 66 (12.3) 84 619 535 NL 711 (78.2) 198 (21.8) 152 1061 909 PT 851 (92.7) 67 (7.3) 82 1000 918 SE 600 (75.2) 198 (24.8) 202 1000 798 N Sum 11905 1906 2318 16129 N Valid Sum 11905 1906 13811 printed 24.01.2012 page 285 Eurobarometer 55.2 - May-June 2001,isocntry M AT 756 (86.9) 114 (13.1) 149 1019 870 BE 777 (86.2) 124 (13.8) 157 1058 901 DE-E 760 (87.7) 107 (12.3) 159 1026 867 DE-W 646 (79.3) 169 (20.7) 196 1011 815 DK 602 (68.7) 274 (31.3) 124 1000 876 ES 874 (95.0) 46 (5.0) 80 1000 920 FI 752 (84.5) 138 (15.5) 132 1022 890 FR 854 (91.5) 79 (8.5) 71 1004 933 GB-GBN 604 (80.4) 147 (19.6) 249 1000 751 GB-NIR 219 (89.8) 25 (10.2) 60 304 244 GR 914 (96.6) 32 (3.4) 58 1004 946 IE 717 (93.1) 53 (6.9) 236 1006 770 IT 799 (92.1) 69 (7.9) 127 995 868 LU 469 (87.7) 66 (12.3) 84 619 535 NL 711 (78.2) 198 (21.8) 152 1061 909 PT 851 (92.7) 67 (7.3) 82 1000 918 SE 600 (75.2) 198 (24.8) 202 1000 798 N Sum 11905 1906 2318 16129 N Valid Sum 11905 1906 13811 printed 24.01.2012 page 285 Eurobarometer 55.2 - May-June 2001,GESIS Variable Report,311,ZA3509
v277,v277 1 2 3 N Sum N Valid Sum,Q30 EU AGRICULT POL AIM: SMALL FARMS,isocntry M AT 836 (92.0) 73 (8.0) 109 1018 909 BE 806 (88.5) 105 (11.5) 147 1058 911 DE-E 870 (92.7) 69 (7.3) 87 1026 939 DE-W 833 (91.2) 80 (8.8) 99 1012 913 DK 678 (73.2) 248 (26.8) 74 1000 926 ES 942 (98.3) 16 (1.7) 41 999 958 FI 872 (92.1) 75 (7.9) 75 1022 947 FR 829 (88.4) 109 (11.6) 66 1004 938 GB-GBN 732 (88.0) 100 (12.0) 168 1000 832 GB-NIR 223 (89.9) 25 (10.1) 56 304 248 GR 921 (95.8) 40 (4.2) 42 1003 961 IE 791 (93.6) 54 (6.4) 162 1007 845 IT 811 (92.8) 63 (7.2) 121 995 874 LU 517 (90.9) 52 (9.1) 49 618 569 NL 849 (86.7) 130 (13.3) 82 1061 979 PT 887 (94.7) 50 (5.3) 64 1001 937 SE 823 (88.3) 109 (11.7) 68 1000 932 N Sum 13220 1398 1510 16128 N Valid Sum 13220 1398 14618 printed 24.01.2012 page 286 Eurobarometer 55.2 - May-June 2001,isocntry M AT 836 (92.0) 73 (8.0) 109 1018 909 BE 806 (88.5) 105 (11.5) 147 1058 911 DE-E 870 (92.7) 69 (7.3) 87 1026 939 DE-W 833 (91.2) 80 (8.8) 99 1012 913 DK 678 (73.2) 248 (26.8) 74 1000 926 ES 942 (98.3) 16 (1.7) 41 999 958 FI 872 (92.1) 75 (7.9) 75 1022 947 FR 829 (88.4) 109 (11.6) 66 1004 938 GB-GBN 732 (88.0) 100 (12.0) 168 1000 832 GB-NIR 223 (89.9) 25 (10.1) 56 304 248 GR 921 (95.8) 40 (4.2) 42 1003 961 IE 791 (93.6) 54 (6.4) 162 1007 845 IT 811 (92.8) 63 (7.2) 121 995 874 LU 517 (90.9) 52 (9.1) 49 618 569 NL 849 (86.7) 130 (13.3) 82 1061 979 PT 887 (94.7) 50 (5.3) 64 1001 937 SE 823 (88.3) 109 (11.7) 68 1000 932 N Sum 13220 1398 1510 16128 N Valid Sum 13220 1398 14618 printed 24.01.2012 page 286 Eurobarometer 55.2 - May-June 2001,GESIS Variable Report,312,ZA3509
v278,v278 1 2 3 N Sum N Valid Sum,Q30 EU AGRICULT POL AIM: HEALTHY PROD,isocntry M AT 857 (93.1) 64 (6.9) 98 1019 921 BE 885 (93.2) 65 (6.8) 107 1057 950 DE-E 958 (98.6) 14 (1.4) 54 1026 972 DE-W 900 (94.9) 48 (5.1) 64 1012 948 DK 946 (96.5) 34 (3.5) 20 1000 980 ES 944 (98.2) 17 (1.8) 39 1000 961 FI 954 (97.0) 29 (3.0) 39 1022 983 FR 907 (93.8) 60 (6.2) 36 1003 967 GB-GBN 823 (95.9) 35 (4.1) 142 1000 858 GB-NIR 272 (98.2) 5 (1.8) 27 304 277 GR 942 (97.0) 29 (3.0) 33 1004 971 IE 835 (96.8) 28 (3.2) 143 1006 863 IT 922 (97.9) 20 (2.1) 53 995 942 LU 551 (94.5) 32 (5.5) 36 619 583 NL 991 (96.9) 32 (3.1) 38 1061 1023 PT 924 (97.7) 22 (2.3) 54 1000 946 SE 931 (97.1) 28 (2.9) 40 999 959 N Sum 14542 562 1023 16127 N Valid Sum 14542 562 15104 printed 24.01.2012 page 287 Eurobarometer 55.2 - May-June 2001,isocntry M AT 857 (93.1) 64 (6.9) 98 1019 921 BE 885 (93.2) 65 (6.8) 107 1057 950 DE-E 958 (98.6) 14 (1.4) 54 1026 972 DE-W 900 (94.9) 48 (5.1) 64 1012 948 DK 946 (96.5) 34 (3.5) 20 1000 980 ES 944 (98.2) 17 (1.8) 39 1000 961 FI 954 (97.0) 29 (3.0) 39 1022 983 FR 907 (93.8) 60 (6.2) 36 1003 967 GB-GBN 823 (95.9) 35 (4.1) 142 1000 858 GB-NIR 272 (98.2) 5 (1.8) 27 304 277 GR 942 (97.0) 29 (3.0) 33 1004 971 IE 835 (96.8) 28 (3.2) 143 1006 863 IT 922 (97.9) 20 (2.1) 53 995 942 LU 551 (94.5) 32 (5.5) 36 619 583 NL 991 (96.9) 32 (3.1) 38 1061 1023 PT 924 (97.7) 22 (2.3) 54 1000 946 SE 931 (97.1) 28 (2.9) 40 999 959 N Sum 14542 562 1023 16127 N Valid Sum 14542 562 15104 printed 24.01.2012 page 287 Eurobarometer 55.2 - May-June 2001,GESIS Variable Report,313,ZA3509
v279,v279 1 2 3 N Sum N Valid Sum,Q31 EU AGRICULT POL ROLE: INCOME FARMER,isocntry M AT 324 (41.0) 466 (59.0) 229 1019 790 BE 306 (38.0) 499 (62.0) 253 1058 805 DE-E 378 (46.7) 432 (53.3) 216 1026 810 DE-W 495 (60.2) 327 (39.8) 190 1012 822 DK 428 (51.6) 402 (48.4) 171 1001 830 ES 224 (29.6) 534 (70.4) 242 1000 758 FI 231 (27.5) 608 (72.5) 183 1022 839 FR 269 (33.0) 547 (67.0) 188 1004 816 GB-GBN 170 (27.7) 444 (72.3) 386 1000 614 GB-NIR 71 (38.6) 113 (61.4) 120 304 184 GR 305 (37.2) 514 (62.8) 185 1004 819 IE 418 (65.9) 216 (34.1) 372 1006 634 IT 185 (30.7) 418 (69.3) 392 995 603 LU 238 (47.7) 261 (52.3) 119 618 499 NL 413 (53.0) 366 (47.0) 282 1061 779 PT 217 (29.8) 511 (70.2) 272 1000 728 SE 258 (36.4) 451 (63.6) 290 999 709 N Sum 4930 7109 4090 16129 N Valid Sum 4930 7109 12039 printed 24.01.2012 page 288 Eurobarometer 55.2 - May-June 2001,isocntry M AT 324 (41.0) 466 (59.0) 229 1019 790 BE 306 (38.0) 499 (62.0) 253 1058 805 DE-E 378 (46.7) 432 (53.3) 216 1026 810 DE-W 495 (60.2) 327 (39.8) 190 1012 822 DK 428 (51.6) 402 (48.4) 171 1001 830 ES 224 (29.6) 534 (70.4) 242 1000 758 FI 231 (27.5) 608 (72.5) 183 1022 839 FR 269 (33.0) 547 (67.0) 188 1004 816 GB-GBN 170 (27.7) 444 (72.3) 386 1000 614 GB-NIR 71 (38.6) 113 (61.4) 120 304 184 GR 305 (37.2) 514 (62.8) 185 1004 819 IE 418 (65.9) 216 (34.1) 372 1006 634 IT 185 (30.7) 418 (69.3) 392 995 603 LU 238 (47.7) 261 (52.3) 119 618 499 NL 413 (53.0) 366 (47.0) 282 1061 779 PT 217 (29.8) 511 (70.2) 272 1000 728 SE 258 (36.4) 451 (63.6) 290 999 709 N Sum 4930 7109 4090 16129 N Valid Sum 4930 7109 12039 printed 24.01.2012 page 288 Eurobarometer 55.2 - May-June 2001,GESIS Variable Report,314,ZA3509
v280,v280 1 2 3 N Sum N Valid Sum,Q31 EU AGRICULT POL ROLE: WORLD MARKET,isocntry M AT 369 (49.3) 379 (50.7) 270 1018 748 BE 344 (44.8) 424 (55.2) 290 1058 768 DE-E 427 (56.6) 328 (43.4) 271 1026 755 DE-W 554 (71.2) 224 (28.8) 234 1012 778 DK 392 (51.9) 363 (48.1) 245 1000 755 ES 372 (51.2) 354 (48.8) 274 1000 726 FI 315 (41.4) 446 (58.6) 261 1022 761 FR 354 (45.3) 428 (54.7) 222 1004 782 GB-GBN 222 (40.4) 327 (59.6) 450 999 549 GB-NIR 87 (49.2) 90 (50.8) 127 304 177 GR 459 (58.5) 326 (41.5) 219 1004 785 IE 431 (71.6) 171 (28.4) 404 1006 602 IT 263 (42.7) 353 (57.3) 379 995 616 LU 233 (51.4) 220 (48.6) 166 619 453 NL 516 (70.3) 218 (29.7) 327 1061 734 PT 253 (39.2) 392 (60.8) 355 1000 645 SE 283 (42.8) 378 (57.2) 340 1001 661 N Sum 5874 5421 4834 16129 N Valid Sum 5874 5421 11295 printed 24.01.2012 page 289 Eurobarometer 55.2 - May-June 2001,isocntry M AT 369 (49.3) 379 (50.7) 270 1018 748 BE 344 (44.8) 424 (55.2) 290 1058 768 DE-E 427 (56.6) 328 (43.4) 271 1026 755 DE-W 554 (71.2) 224 (28.8) 234 1012 778 DK 392 (51.9) 363 (48.1) 245 1000 755 ES 372 (51.2) 354 (48.8) 274 1000 726 FI 315 (41.4) 446 (58.6) 261 1022 761 FR 354 (45.3) 428 (54.7) 222 1004 782 GB-GBN 222 (40.4) 327 (59.6) 450 999 549 GB-NIR 87 (49.2) 90 (50.8) 127 304 177 GR 459 (58.5) 326 (41.5) 219 1004 785 IE 431 (71.6) 171 (28.4) 404 1006 602 IT 263 (42.7) 353 (57.3) 379 995 616 LU 233 (51.4) 220 (48.6) 166 619 453 NL 516 (70.3) 218 (29.7) 327 1061 734 PT 253 (39.2) 392 (60.8) 355 1000 645 SE 283 (42.8) 378 (57.2) 340 1001 661 N Sum 5874 5421 4834 16129 N Valid Sum 5874 5421 11295 printed 24.01.2012 page 289 Eurobarometer 55.2 - May-June 2001,GESIS Variable Report,315,ZA3509
v281,v281 1 2 3 N Sum N Valid Sum,Q31 EU AGRICULT POL ROLE: EXPECTATION,isocntry M AT 366 (46.9) 414 (53.1) 239 1019 780 BE 354 (44.7) 438 (55.3) 266 1058 792 DE-E 456 (58.8) 319 (41.2) 251 1026 775 DE-W 519 (66.4) 263 (33.6) 230 1012 782 DK 305 (38.3) 491 (61.7) 204 1000 796 ES 368 (50.3) 364 (49.7) 268 1000 732 FI 353 (44.6) 439 (55.4) 230 1022 792 FR 309 (37.9) 507 (62.1) 188 1004 816 GB-GBN 178 (32.1) 377 (67.9) 445 1000 555 GB-NIR 89 (47.6) 98 (52.4) 117 304 187 GR 463 (58.0) 335 (42.0) 206 1004 798 IE 443 (69.5) 194 (30.5) 369 1006 637 IT 246 (40.3) 365 (59.7) 383 994 611 LU 238 (48.3) 255 (51.7) 127 620 493 NL 435 (63.0) 255 (37.0) 371 1061 690 PT 270 (37.6) 449 (62.4) 281 1000 719 SE 302 (42.4) 410 (57.6) 289 1001 712 N Sum 5694 5973 4464 16131 N Valid Sum 5694 5973 11667 printed 24.01.2012 page 290 Eurobarometer 55.2 - May-June 2001,isocntry M AT 366 (46.9) 414 (53.1) 239 1019 780 BE 354 (44.7) 438 (55.3) 266 1058 792 DE-E 456 (58.8) 319 (41.2) 251 1026 775 DE-W 519 (66.4) 263 (33.6) 230 1012 782 DK 305 (38.3) 491 (61.7) 204 1000 796 ES 368 (50.3) 364 (49.7) 268 1000 732 FI 353 (44.6) 439 (55.4) 230 1022 792 FR 309 (37.9) 507 (62.1) 188 1004 816 GB-GBN 178 (32.1) 377 (67.9) 445 1000 555 GB-NIR 89 (47.6) 98 (52.4) 117 304 187 GR 463 (58.0) 335 (42.0) 206 1004 798 IE 443 (69.5) 194 (30.5) 369 1006 637 IT 246 (40.3) 365 (59.7) 383 994 611 LU 238 (48.3) 255 (51.7) 127 620 493 NL 435 (63.0) 255 (37.0) 371 1061 690 PT 270 (37.6) 449 (62.4) 281 1000 719 SE 302 (42.4) 410 (57.6) 289 1001 712 N Sum 5694 5973 4464 16131 N Valid Sum 5694 5973 11667 printed 24.01.2012 page 290 Eurobarometer 55.2 - May-June 2001,GESIS Variable Report,316,ZA3509
v282,v282 1 2 3 N Sum N Valid Sum,Q31 EU AGRICULT POL ROLE: DEFEND FARMER,isocntry M AT 327 (43.1) 432 (56.9) 259 1018 759 BE 319 (43.3) 417 (56.7) 322 1058 736 DE-E 361 (51.2) 344 (48.8) 322 1027 705 DE-W 419 (57.7) 307 (42.3) 286 1012 726 DK 190 (32.4) 396 (67.6) 414 1000 586 ES 251 (34.7) 472 (65.3) 277 1000 723 FI 234 (31.0) 520 (69.0) 268 1022 754 FR 277 (35.1) 512 (64.9) 214 1003 789 GB-GBN 152 (28.6) 380 (71.4) 468 1000 532 GB-NIR 73 (42.2) 100 (57.8) 131 304 173 GR 368 (46.1) 431 (53.9) 205 1004 799 IE 367 (64.5) 202 (35.5) 437 1006 569 IT 209 (36.2) 368 (63.8) 418 995 577 LU 212 (47.7) 232 (52.3) 175 619 444 NL 391 (60.2) 259 (39.8) 411 1061 650 PT 221 (31.8) 474 (68.2) 305 1000 695 SE 230 (38.0) 376 (62.0) 394 1000 606 N Sum 4601 6222 5306 16129 N Valid Sum 4601 6222 10823 printed 24.01.2012 page 291 Eurobarometer 55.2 - May-June 2001,isocntry M AT 327 (43.1) 432 (56.9) 259 1018 759 BE 319 (43.3) 417 (56.7) 322 1058 736 DE-E 361 (51.2) 344 (48.8) 322 1027 705 DE-W 419 (57.7) 307 (42.3) 286 1012 726 DK 190 (32.4) 396 (67.6) 414 1000 586 ES 251 (34.7) 472 (65.3) 277 1000 723 FI 234 (31.0) 520 (69.0) 268 1022 754 FR 277 (35.1) 512 (64.9) 214 1003 789 GB-GBN 152 (28.6) 380 (71.4) 468 1000 532 GB-NIR 73 (42.2) 100 (57.8) 131 304 173 GR 368 (46.1) 431 (53.9) 205 1004 799 IE 367 (64.5) 202 (35.5) 437 1006 569 IT 209 (36.2) 368 (63.8) 418 995 577 LU 212 (47.7) 232 (52.3) 175 619 444 NL 391 (60.2) 259 (39.8) 411 1061 650 PT 221 (31.8) 474 (68.2) 305 1000 695 SE 230 (38.0) 376 (62.0) 394 1000 606 N Sum 4601 6222 5306 16129 N Valid Sum 4601 6222 10823 printed 24.01.2012 page 291 Eurobarometer 55.2 - May-June 2001,GESIS Variable Report,317,ZA3509
v283,v283 1 2 3 N Sum N Valid Sum,Q31 EU AGRICULT POL ROLE: COUNTRYSIDE,isocntry M AT 374 (46.6) 428 (53.4) 218 1020 802 BE 334 (41.5) 470 (58.5) 255 1059 804 DE-E 485 (59.1) 336 (40.9) 205 1026 821 DE-W 486 (61.5) 304 (38.5) 222 1012 790 DK 194 (23.5) 631 (76.5) 174 999 825 ES 310 (39.9) 466 (60.1) 224 1000 776 FI 240 (28.5) 601 (71.5) 180 1021 841 FR 275 (33.8) 539 (66.2) 191 1005 814 GB-GBN 203 (33.7) 399 (66.3) 398 1000 602 GB-NIR 101 (49.8) 102 (50.2) 101 304 203 GR 418 (48.8) 438 (51.2) 148 1004 856 IE 456 (67.5) 220 (32.5) 330 1006 676 IT 235 (38.1) 382 (61.9) 377 994 617 LU 228 (47.9) 248 (52.1) 144 620 476 NL 377 (50.9) 363 (49.1) 321 1061 740 PT 261 (33.2) 525 (66.8) 214 1000 786 SE 310 (40.2) 462 (59.8) 228 1000 772 N Sum 5287 6914 3930 16131 N Valid Sum 5287 6914 12201 printed 24.01.2012 page 292 Eurobarometer 55.2 - May-June 2001,isocntry M AT 374 (46.6) 428 (53.4) 218 1020 802 BE 334 (41.5) 470 (58.5) 255 1059 804 DE-E 485 (59.1) 336 (40.9) 205 1026 821 DE-W 486 (61.5) 304 (38.5) 222 1012 790 DK 194 (23.5) 631 (76.5) 174 999 825 ES 310 (39.9) 466 (60.1) 224 1000 776 FI 240 (28.5) 601 (71.5) 180 1021 841 FR 275 (33.8) 539 (66.2) 191 1005 814 GB-GBN 203 (33.7) 399 (66.3) 398 1000 602 GB-NIR 101 (49.8) 102 (50.2) 101 304 203 GR 418 (48.8) 438 (51.2) 148 1004 856 IE 456 (67.5) 220 (32.5) 330 1006 676 IT 235 (38.1) 382 (61.9) 377 994 617 LU 228 (47.9) 248 (52.1) 144 620 476 NL 377 (50.9) 363 (49.1) 321 1061 740 PT 261 (33.2) 525 (66.8) 214 1000 786 SE 310 (40.2) 462 (59.8) 228 1000 772 N Sum 5287 6914 3930 16131 N Valid Sum 5287 6914 12201 printed 24.01.2012 page 292 Eurobarometer 55.2 - May-June 2001,GESIS Variable Report,318,ZA3509
v284,v284 1 2 3 N Sum N Valid Sum,Q31 EU AGRICULT POL ROLE: DEVELOPM GAPS,isocntry M AT 390 (51.6) 366 (48.4) 264 1020 756 BE 322 (43.0) 427 (57.0) 309 1058 749 DE-E 414 (54.5) 346 (45.5) 265 1025 760 DE-W 469 (62.4) 283 (37.6) 260 1012 752 DK 267 (34.5) 506 (65.5) 227 1000 773 ES 303 (42.8) 405 (57.2) 292 1000 708 FI 261 (31.7) 562 (68.3) 198 1021 823 FR 260 (33.9) 508 (66.1) 237 1005 768 GB-GBN 198 (37.3) 333 (62.7) 469 1000 531 GB-NIR 87 (51.5) 82 (48.5) 136 305 169 GR 391 (48.6) 414 (51.4) 200 1005 805 IE 394 (66.3) 200 (33.7) 411 1005 594 IT 212 (35.8) 381 (64.2) 402 995 593 LU 227 (53.3) 199 (46.7) 193 619 426 NL 487 (69.6) 213 (30.4) 362 1062 700 PT 244 (34.6) 461 (65.4) 295 1000 705 SE 296 (43.0) 392 (57.0) 312 1000 688 N Sum 5222 6078 4832 16132 N Valid Sum 5222 6078 11300 printed 24.01.2012 page 293 Eurobarometer 55.2 - May-June 2001,isocntry M AT 390 (51.6) 366 (48.4) 264 1020 756 BE 322 (43.0) 427 (57.0) 309 1058 749 DE-E 414 (54.5) 346 (45.5) 265 1025 760 DE-W 469 (62.4) 283 (37.6) 260 1012 752 DK 267 (34.5) 506 (65.5) 227 1000 773 ES 303 (42.8) 405 (57.2) 292 1000 708 FI 261 (31.7) 562 (68.3) 198 1021 823 FR 260 (33.9) 508 (66.1) 237 1005 768 GB-GBN 198 (37.3) 333 (62.7) 469 1000 531 GB-NIR 87 (51.5) 82 (48.5) 136 305 169 GR 391 (48.6) 414 (51.4) 200 1005 805 IE 394 (66.3) 200 (33.7) 411 1005 594 IT 212 (35.8) 381 (64.2) 402 995 593 LU 227 (53.3) 199 (46.7) 193 619 426 NL 487 (69.6) 213 (30.4) 362 1062 700 PT 244 (34.6) 461 (65.4) 295 1000 705 SE 296 (43.0) 392 (57.0) 312 1000 688 N Sum 5222 6078 4832 16132 N Valid Sum 5222 6078 11300 printed 24.01.2012 page 293 Eurobarometer 55.2 - May-June 2001,GESIS Variable Report,319,ZA3509
v285,v285 1 2 3 N Sum N Valid Sum,Q31 EU AGRICULT POL ROLE: DIVERSIFICATION,isocntry M AT 381 (50.1) 379 (49.9) 260 1020 760 BE 428 (54.6) 356 (45.4) 274 1058 784 DE-E 483 (63.9) 273 (36.1) 269 1025 756 DE-W 534 (69.4) 235 (30.6) 242 1011 769 DK 295 (41.3) 420 (58.7) 285 1000 715 ES 375 (53.9) 321 (46.1) 304 1000 696 FI 421 (54.1) 357 (45.9) 244 1022 778 FR 358 (45.9) 422 (54.1) 224 1004 780 GB-GBN 209 (41.9) 290 (58.1) 500 999 499 GB-NIR 89 (56.7) 68 (43.3) 148 305 157 GR 484 (61.0) 310 (39.0) 211 1005 794 IE 363 (67.6) 174 (32.4) 469 1006 537 IT 266 (46.3) 309 (53.7) 420 995 575 LU 238 (53.0) 211 (47.0) 170 619 449 NL 455 (66.0) 234 (34.0) 373 1062 689 PT 256 (39.3) 396 (60.7) 349 1001 652 SE 268 (39.8) 406 (60.2) 326 1000 674 N Sum 5903 5161 5068 16132 N Valid Sum 5903 5161 11064 printed 24.01.2012 page 294 Eurobarometer 55.2 - May-June 2001,isocntry M AT 381 (50.1) 379 (49.9) 260 1020 760 BE 428 (54.6) 356 (45.4) 274 1058 784 DE-E 483 (63.9) 273 (36.1) 269 1025 756 DE-W 534 (69.4) 235 (30.6) 242 1011 769 DK 295 (41.3) 420 (58.7) 285 1000 715 ES 375 (53.9) 321 (46.1) 304 1000 696 FI 421 (54.1) 357 (45.9) 244 1022 778 FR 358 (45.9) 422 (54.1) 224 1004 780 GB-GBN 209 (41.9) 290 (58.1) 500 999 499 GB-NIR 89 (56.7) 68 (43.3) 148 305 157 GR 484 (61.0) 310 (39.0) 211 1005 794 IE 363 (67.6) 174 (32.4) 469 1006 537 IT 266 (46.3) 309 (53.7) 420 995 575 LU 238 (53.0) 211 (47.0) 170 619 449 NL 455 (66.0) 234 (34.0) 373 1062 689 PT 256 (39.3) 396 (60.7) 349 1001 652 SE 268 (39.8) 406 (60.2) 326 1000 674 N Sum 5903 5161 5068 16132 N Valid Sum 5903 5161 11064 printed 24.01.2012 page 294 Eurobarometer 55.2 - May-June 2001,GESIS Variable Report,320,ZA3509
v286,v286 1 2 3 N Sum N Valid Sum,Q31 EU AGRICULT POL ROLE: ORGANIC PROD,isocntry M AT 394 (49.9) 396 (50.1) 229 1019 790 BE 377 (47.1) 424 (52.9) 257 1058 801 DE-E 568 (70.4) 239 (29.6) 220 1027 807 DE-W 575 (72.0) 224 (28.0) 212 1011 799 DK 390 (44.9) 478 (55.1) 132 1000 868 ES 271 (43.7) 349 (56.3) 379 999 620 FI 400 (49.3) 411 (50.7) 210 1021 811 FR 366 (46.4) 423 (53.6) 215 1004 789 GB-GBN 243 (42.6) 328 (57.4) 429 1000 571 GB-NIR 101 (54.0) 86 (46.0) 117 304 187 GR 461 (61.5) 289 (38.5) 254 1004 750 IE 363 (60.1) 241 (39.9) 402 1006 604 IT 312 (52.6) 281 (47.4) 402 995 593 LU 229 (46.3) 266 (53.7) 125 620 495 NL 478 (64.5) 263 (35.5) 320 1061 741 PT 251 (45.2) 304 (54.8) 445 1000 555 SE 246 (33.7) 484 (66.3) 270 1000 730 N Sum 6025 5486 4618 16129 N Valid Sum 6025 5486 11511 printed 24.01.2012 page 295 Eurobarometer 55.2 - May-June 2001,isocntry M AT 394 (49.9) 396 (50.1) 229 1019 790 BE 377 (47.1) 424 (52.9) 257 1058 801 DE-E 568 (70.4) 239 (29.6) 220 1027 807 DE-W 575 (72.0) 224 (28.0) 212 1011 799 DK 390 (44.9) 478 (55.1) 132 1000 868 ES 271 (43.7) 349 (56.3) 379 999 620 FI 400 (49.3) 411 (50.7) 210 1021 811 FR 366 (46.4) 423 (53.6) 215 1004 789 GB-GBN 243 (42.6) 328 (57.4) 429 1000 571 GB-NIR 101 (54.0) 86 (46.0) 117 304 187 GR 461 (61.5) 289 (38.5) 254 1004 750 IE 363 (60.1) 241 (39.9) 402 1006 604 IT 312 (52.6) 281 (47.4) 402 995 593 LU 229 (46.3) 266 (53.7) 125 620 495 NL 478 (64.5) 263 (35.5) 320 1061 741 PT 251 (45.2) 304 (54.8) 445 1000 555 SE 246 (33.7) 484 (66.3) 270 1000 730 N Sum 6025 5486 4618 16129 N Valid Sum 6025 5486 11511 printed 24.01.2012 page 295 Eurobarometer 55.2 - May-June 2001,GESIS Variable Report,321,ZA3509
v287,v287 1 2 3 N Sum N Valid Sum,Q31 EU AGRICULT POL ROLE: ENVIRONMENT,isocntry M AT 398 (49.4) 407 (50.6) 214 1019 805 BE 445 (53.2) 392 (46.8) 220 1057 837 DE-E 546 (67.5) 263 (32.5) 217 1026 809 DE-W 553 (68.5) 254 (31.5) 205 1012 807 DK 368 (40.5) 541 (59.5) 91 1000 909 ES 425 (54.1) 360 (45.9) 215 1000 785 FI 464 (55.1) 378 (44.9) 180 1022 842 FR 391 (46.1) 458 (53.9) 155 1004 849 GB-GBN 271 (44.2) 342 (55.8) 387 1000 613 GB-NIR 119 (61.0) 76 (39.0) 109 304 195 GR 420 (49.9) 422 (50.1) 163 1005 842 IE 481 (72.9) 179 (27.1) 346 1006 660 IT 328 (49.3) 337 (50.7) 330 995 665 LU 287 (56.1) 225 (43.9) 108 620 512 NL 551 (70.2) 234 (29.8) 276 1061 785 PT 378 (53.4) 330 (46.6) 292 1000 708 SE 327 (41.7) 458 (58.3) 214 999 785 N Sum 6752 5656 3722 16130 N Valid Sum 6752 5656 12408 printed 24.01.2012 page 296 Eurobarometer 55.2 - May-June 2001,isocntry M AT 398 (49.4) 407 (50.6) 214 1019 805 BE 445 (53.2) 392 (46.8) 220 1057 837 DE-E 546 (67.5) 263 (32.5) 217 1026 809 DE-W 553 (68.5) 254 (31.5) 205 1012 807 DK 368 (40.5) 541 (59.5) 91 1000 909 ES 425 (54.1) 360 (45.9) 215 1000 785 FI 464 (55.1) 378 (44.9) 180 1022 842 FR 391 (46.1) 458 (53.9) 155 1004 849 GB-GBN 271 (44.2) 342 (55.8) 387 1000 613 GB-NIR 119 (61.0) 76 (39.0) 109 304 195 GR 420 (49.9) 422 (50.1) 163 1005 842 IE 481 (72.9) 179 (27.1) 346 1006 660 IT 328 (49.3) 337 (50.7) 330 995 665 LU 287 (56.1) 225 (43.9) 108 620 512 NL 551 (70.2) 234 (29.8) 276 1061 785 PT 378 (53.4) 330 (46.6) 292 1000 708 SE 327 (41.7) 458 (58.3) 214 999 785 N Sum 6752 5656 3722 16130 N Valid Sum 6752 5656 12408 printed 24.01.2012 page 296 Eurobarometer 55.2 - May-June 2001,GESIS Variable Report,322,ZA3509
v288,v288 1 2 3 N Sum N Valid Sum,Q31 EU AGRICULT POL ROLE: SPECIFICITY,isocntry M AT 383 (50.0) 383 (50.0) 253 1019 766 BE 437 (55.7) 348 (44.3) 273 1058 785 DE-E 449 (62.2) 273 (37.8) 304 1026 722 DE-W 519 (69.9) 224 (30.1) 270 1013 743 DK 293 (43.3) 384 (56.7) 323 1000 677 ES 388 (56.5) 299 (43.5) 313 1000 687 FI 349 (47.7) 382 (52.3) 291 1022 731 FR 371 (47.0) 418 (53.0) 215 1004 789 GB-GBN 218 (45.1) 265 (54.9) 517 1000 483 GB-NIR 105 (62.9) 62 (37.1) 137 304 167 GR 446 (56.8) 339 (43.2) 219 1004 785 IE 397 (71.9) 155 (28.1) 454 1006 552 IT 274 (46.3) 318 (53.7) 403 995 592 LU 247 (53.7) 213 (46.3) 159 619 460 NL 482 (69.8) 209 (30.2) 370 1061 691 PT 268 (42.7) 359 (57.3) 373 1000 627 SE 246 (39.3) 380 (60.7) 373 999 626 N Sum 5872 5011 5247 16130 N Valid Sum 5872 5011 10883 printed 24.01.2012 page 297 Eurobarometer 55.2 - May-June 2001,isocntry M AT 383 (50.0) 383 (50.0) 253 1019 766 BE 437 (55.7) 348 (44.3) 273 1058 785 DE-E 449 (62.2) 273 (37.8) 304 1026 722 DE-W 519 (69.9) 224 (30.1) 270 1013 743 DK 293 (43.3) 384 (56.7) 323 1000 677 ES 388 (56.5) 299 (43.5) 313 1000 687 FI 349 (47.7) 382 (52.3) 291 1022 731 FR 371 (47.0) 418 (53.0) 215 1004 789 GB-GBN 218 (45.1) 265 (54.9) 517 1000 483 GB-NIR 105 (62.9) 62 (37.1) 137 304 167 GR 446 (56.8) 339 (43.2) 219 1004 785 IE 397 (71.9) 155 (28.1) 454 1006 552 IT 274 (46.3) 318 (53.7) 403 995 592 LU 247 (53.7) 213 (46.3) 159 619 460 NL 482 (69.8) 209 (30.2) 370 1061 691 PT 268 (42.7) 359 (57.3) 373 1000 627 SE 246 (39.3) 380 (60.7) 373 999 626 N Sum 5872 5011 5247 16130 N Valid Sum 5872 5011 10883 printed 24.01.2012 page 297 Eurobarometer 55.2 - May-June 2001,GESIS Variable Report,323,ZA3509
v289,v289 1 2 3 N Sum N Valid Sum,Q31 EU AGRICULT POL ROLE: TASTE,isocntry M AT 347 (46.3) 403 (53.7) 269 1019 750 BE 383 (49.9) 385 (50.1) 291 1059 768 DE-E 422 (59.3) 290 (40.7) 314 1026 712 DE-W 410 (59.9) 274 (40.1) 328 1012 684 DK 217 (33.5) 431 (66.5) 352 1000 648 ES 328 (49.0) 342 (51.0) 330 1000 670 FI 298 (42.8) 399 (57.2) 326 1023 697 FR 311 (39.6) 474 (60.4) 218 1003 785 GB-GBN 202 (40.4) 298 (59.6) 500 1000 500 GB-NIR 87 (52.4) 79 (47.6) 138 304 166 GR 434 (53.5) 377 (46.5) 193 1004 811 IE 384 (68.9) 173 (31.1) 449 1006 557 IT 245 (42.7) 329 (57.3) 420 994 574 LU 218 (45.8) 258 (54.2) 144 620 476 NL 412 (69.4) 182 (30.6) 467 1061 594 PT 271 (42.9) 360 (57.1) 370 1001 631 SE 200 (35.7) 360 (64.3) 440 1000 560 N Sum 5169 5414 5549 16132 N Valid Sum 5169 5414 10583 printed 24.01.2012 page 298 Eurobarometer 55.2 - May-June 2001,isocntry M AT 347 (46.3) 403 (53.7) 269 1019 750 BE 383 (49.9) 385 (50.1) 291 1059 768 DE-E 422 (59.3) 290 (40.7) 314 1026 712 DE-W 410 (59.9) 274 (40.1) 328 1012 684 DK 217 (33.5) 431 (66.5) 352 1000 648 ES 328 (49.0) 342 (51.0) 330 1000 670 FI 298 (42.8) 399 (57.2) 326 1023 697 FR 311 (39.6) 474 (60.4) 218 1003 785 GB-GBN 202 (40.4) 298 (59.6) 500 1000 500 GB-NIR 87 (52.4) 79 (47.6) 138 304 166 GR 434 (53.5) 377 (46.5) 193 1004 811 IE 384 (68.9) 173 (31.1) 449 1006 557 IT 245 (42.7) 329 (57.3) 420 994 574 LU 218 (45.8) 258 (54.2) 144 620 476 NL 412 (69.4) 182 (30.6) 467 1061 594 PT 271 (42.9) 360 (57.1) 370 1001 631 SE 200 (35.7) 360 (64.3) 440 1000 560 N Sum 5169 5414 5549 16132 N Valid Sum 5169 5414 10583 printed 24.01.2012 page 298 Eurobarometer 55.2 - May-June 2001,GESIS Variable Report,324,ZA3509
v290,v290 1 2 3 N Sum N Valid Sum,Q31 EU AGRICULT POL ROLE: SMALL FARMS,isocntry M AT 331 (41.4) 469 (58.6) 219 1019 800 BE 332 (41.3) 471 (58.7) 254 1057 803 DE-E 413 (50.9) 398 (49.1) 215 1026 811 DE-W 466 (56.9) 353 (43.1) 193 1012 819 DK 180 (22.0) 640 (78.0) 180 1000 820 ES 245 (32.9) 500 (67.1) 255 1000 745 FI 175 (20.9) 664 (79.1) 183 1022 839 FR 213 (26.8) 583 (73.2) 209 1005 796 GB-GBN 171 (28.9) 420 (71.1) 410 1001 591 GB-NIR 75 (42.1) 103 (57.9) 126 304 178 GR 354 (42.3) 483 (57.7) 167 1004 837 IE 337 (53.2) 297 (46.8) 373 1007 634 IT 211 (35.8) 379 (64.2) 405 995 590 LU 237 (47.0) 267 (53.0) 116 620 504 NL 378 (48.3) 405 (51.7) 278 1061 783 PT 242 (33.3) 485 (66.7) 272 999 727 SE 237 (30.5) 540 (69.5) 223 1000 777 N Sum 4597 7457 4078 16132 N Valid Sum 4597 7457 12054 printed 24.01.2012 page 299 Eurobarometer 55.2 - May-June 2001,isocntry M AT 331 (41.4) 469 (58.6) 219 1019 800 BE 332 (41.3) 471 (58.7) 254 1057 803 DE-E 413 (50.9) 398 (49.1) 215 1026 811 DE-W 466 (56.9) 353 (43.1) 193 1012 819 DK 180 (22.0) 640 (78.0) 180 1000 820 ES 245 (32.9) 500 (67.1) 255 1000 745 FI 175 (20.9) 664 (79.1) 183 1022 839 FR 213 (26.8) 583 (73.2) 209 1005 796 GB-GBN 171 (28.9) 420 (71.1) 410 1001 591 GB-NIR 75 (42.1) 103 (57.9) 126 304 178 GR 354 (42.3) 483 (57.7) 167 1004 837 IE 337 (53.2) 297 (46.8) 373 1007 634 IT 211 (35.8) 379 (64.2) 405 995 590 LU 237 (47.0) 267 (53.0) 116 620 504 NL 378 (48.3) 405 (51.7) 278 1061 783 PT 242 (33.3) 485 (66.7) 272 999 727 SE 237 (30.5) 540 (69.5) 223 1000 777 N Sum 4597 7457 4078 16132 N Valid Sum 4597 7457 12054 printed 24.01.2012 page 299 Eurobarometer 55.2 - May-June 2001,GESIS Variable Report,325,ZA3509
v291,v291 1 2 3 N Sum N Valid Sum,Q31 EU AGRICULT POL ROLE: HEALTHY PROD,isocntry M AT 368 (45.9) 434 (54.1) 217 1019 802 BE 366 (45.5) 438 (54.5) 254 1058 804 DE-E 497 (59.2) 342 (40.8) 186 1025 839 DE-W 558 (68.5) 257 (31.5) 197 1012 815 DK 271 (31.5) 590 (68.5) 139 1000 861 ES 358 (48.1) 386 (51.9) 256 1000 744 FI 395 (47.5) 437 (52.5) 190 1022 832 FR 332 (39.9) 500 (60.1) 172 1004 832 GB-GBN 244 (40.6) 357 (59.4) 398 999 601 GB-NIR 102 (51.8) 95 (48.2) 106 303 197 GR 430 (50.4) 423 (49.6) 151 1004 853 IE 480 (71.2) 194 (28.8) 331 1005 674 IT 274 (43.0) 363 (57.0) 357 994 637 LU 223 (44.4) 279 (55.6) 117 619 502 NL 600 (75.9) 191 (24.1) 270 1061 791 PT 340 (47.0) 384 (53.0) 276 1000 724 SE 207 (26.1) 585 (73.9) 208 1000 792 N Sum 6045 6255 3825 16125 N Valid Sum 6045 6255 12300 printed 24.01.2012 page 300 Eurobarometer 55.2 - May-June 2001,isocntry M AT 368 (45.9) 434 (54.1) 217 1019 802 BE 366 (45.5) 438 (54.5) 254 1058 804 DE-E 497 (59.2) 342 (40.8) 186 1025 839 DE-W 558 (68.5) 257 (31.5) 197 1012 815 DK 271 (31.5) 590 (68.5) 139 1000 861 ES 358 (48.1) 386 (51.9) 256 1000 744 FI 395 (47.5) 437 (52.5) 190 1022 832 FR 332 (39.9) 500 (60.1) 172 1004 832 GB-GBN 244 (40.6) 357 (59.4) 398 999 601 GB-NIR 102 (51.8) 95 (48.2) 106 303 197 GR 430 (50.4) 423 (49.6) 151 1004 853 IE 480 (71.2) 194 (28.8) 331 1005 674 IT 274 (43.0) 363 (57.0) 357 994 637 LU 223 (44.4) 279 (55.6) 117 619 502 NL 600 (75.9) 191 (24.1) 270 1061 791 PT 340 (47.0) 384 (53.0) 276 1000 724 SE 207 (26.1) 585 (73.9) 208 1000 792 N Sum 6045 6255 3825 16125 N Valid Sum 6045 6255 12300 printed 24.01.2012 page 300 Eurobarometer 55.2 - May-June 2001,GESIS Variable Report,326,ZA3509
v292,v292 1 2 3 4 5 6 N Sum N Valid Sum,Q32 EU AGRICULT POLICY DEVELOPMENT,isocntry M AT 147 (17.5) 401 (47.9) 114 (13.6) 37 (4.4) 139 (16.6) 181 1019 838 BE 135 (15.4) 409 (46.6) 145 (16.5) 43 (4.9) 146 (16.6) 180 1058 878 DE-E 115 (13.0) 538 (60.7) 93 (10.5) 27 (3.0) 114 (12.9) 139 1026 887 DE-W 119 (13.6) 512 (58.4) 99 (11.3) 20 (2.3) 126 (14.4) 135 1011 876 DK 55 (6.3) 375 (43.1) 287 (33.0) 60 (6.9) 93 (10.7) 131 1001 870 ES 92 (11.3) 488 (60.0) 97 (11.9) 23 (2.8) 114 (14.0) 187 1001 814 FI 132 (14.7) 445 (49.4) 208 (23.1) 68 (7.6) 47 (5.2) 122 1022 900 FR 118 (13.9) 452 (53.2) 92 (10.8) 48 (5.7) 139 (16.4) 156 1005 849 GB-GBN 183 (22.5) 428 (52.5) 78 (9.6) 39 (4.8) 87 (10.7) 185 1000 815 GB-NIR 72 (30.6) 110 (46.8) 22 (9.4) 14 (6.0) 17 (7.2) 69 304 235 GR 126 (14.4) 344 (39.4) 144 (16.5) 62 (7.1) 198 (22.7) 130 1004 874 IE 209 (26.5) 395 (50.1) 45 (5.7) 33 (4.2) 107 (13.6) 218 1007 789 IT 85 (11.4) 347 (46.6) 119 (16.0) 37 (5.0) 156 (21.0) 250 994 744 LU 191 (36.2) 180 (34.1) 57 (10.8) 28 (5.3) 72 (13.6) 91 619 528 NL 103 (9.7) 639 (60.2) 126 (11.9) 31 (2.9) 163 (15.3) 1062 1062 PT 92 (11.3) 449 (55.1) 88 (10.8) 47 (5.8) 139 (17.1) 184 999 815 SE 72 (8.4) 411 (48.1) 199 (23.3) 87 (10.2) 86 (10.1) 145 1000 855 N Sum 2046 6923 2013 704 1943 2503 16132 N Valid Sum 2046 6923 2013 704 1943 13629 printed 24.01.2012 page 301 Eurobarometer 55.2 - May-June 2001,isocntry M AT 147 (17.5) 401 (47.9) 114 (13.6) 37 (4.4) 139 (16.6) 181 1019 838 BE 135 (15.4) 409 (46.6) 145 (16.5) 43 (4.9) 146 (16.6) 180 1058 878 DE-E 115 (13.0) 538 (60.7) 93 (10.5) 27 (3.0) 114 (12.9) 139 1026 887 DE-W 119 (13.6) 512 (58.4) 99 (11.3) 20 (2.3) 126 (14.4) 135 1011 876 DK 55 (6.3) 375 (43.1) 287 (33.0) 60 (6.9) 93 (10.7) 131 1001 870 ES 92 (11.3) 488 (60.0) 97 (11.9) 23 (2.8) 114 (14.0) 187 1001 814 FI 132 (14.7) 445 (49.4) 208 (23.1) 68 (7.6) 47 (5.2) 122 1022 900 FR 118 (13.9) 452 (53.2) 92 (10.8) 48 (5.7) 139 (16.4) 156 1005 849 GB-GBN 183 (22.5) 428 (52.5) 78 (9.6) 39 (4.8) 87 (10.7) 185 1000 815 GB-NIR 72 (30.6) 110 (46.8) 22 (9.4) 14 (6.0) 17 (7.2) 69 304 235 GR 126 (14.4) 344 (39.4) 144 (16.5) 62 (7.1) 198 (22.7) 130 1004 874 IE 209 (26.5) 395 (50.1) 45 (5.7) 33 (4.2) 107 (13.6) 218 1007 789 IT 85 (11.4) 347 (46.6) 119 (16.0) 37 (5.0) 156 (21.0) 250 994 744 LU 191 (36.2) 180 (34.1) 57 (10.8) 28 (5.3) 72 (13.6) 91 619 528 NL 103 (9.7) 639 (60.2) 126 (11.9) 31 (2.9) 163 (15.3) 1062 1062 PT 92 (11.3) 449 (55.1) 88 (10.8) 47 (5.8) 139 (17.1) 184 999 815 SE 72 (8.4) 411 (48.1) 199 (23.3) 87 (10.2) 86 (10.1) 145 1000 855 N Sum 2046 6923 2013 704 1943 2503 16132 N Valid Sum 2046 6923 2013 704 1943 13629 printed 24.01.2012 page 301 Eurobarometer 55.2 - May-June 2001,GESIS Variable Report,327,ZA3509
v293,,Q33 COMMON CURRENCY - INFORMATION LEVEL,,Q33 COMMON CURRENCY - INFORMATION LEVEL,GESIS Variable Report,328,ZA3509
v294,v294 1 2 3 4 5 N Sum N Valid Sum,Q34 COMMON CURRENCY - INTEREST,isocntry M AT 202 (20.2) 467 (46.8) 264 (26.5) 65 (6.5) 21 1019 998 BE 133 (12.8) 504 (48.4) 283 (27.2) 121 (11.6) 18 1059 1041 DE-E 104 (10.3) 395 (39.1) 356 (35.2) 155 (15.3) 16 1026 1010 DE-W 139 (13.9) 430 (43.1) 317 (31.8) 112 (11.2) 14 1012 998 DK 116 (11.6) 433 (43.3) 330 (33.0) 120 (12.0) 1 1000 999 ES 93 (9.4) 494 (49.7) 317 (31.9) 89 (9.0) 6 999 993 FI 95 (9.4) 398 (39.2) 385 (37.9) 137 (13.5) 7 1022 1015 FR 79 (8.0) 397 (40.0) 316 (31.8) 201 (20.2) 11 1004 993 GB-GBN 100 (10.2) 330 (33.6) 265 (27.0) 288 (29.3) 16 999 983 GB-NIR 27 (8.9) 65 (21.5) 113 (37.4) 97 (32.1) 1 303 302 GR 505 (50.4) 341 (34.0) 102 (10.2) 54 (5.4) 4 1006 1002 IE 139 (14.1) 467 (47.4) 273 (27.7) 106 (10.8) 21 1006 985 IT 195 (19.8) 473 (48.1) 242 (24.6) 73 (7.4) 12 995 983 LU 154 (24.9) 321 (51.9) 82 (13.3) 61 (9.9) 2 620 618 NL 113 (10.7) 526 (49.9) 340 (32.2) 76 (7.2) 6 1061 1055 PT 207 (21.2) 562 (57.6) 135 (13.8) 72 (7.4) 24 1000 976 SE 53 (5.3) 293 (29.5) 432 (43.5) 214 (21.6) 8 1000 992 N Sum 2454 6896 4552 2041 188 16131 N Valid Sum 2454 6896 4552 2041 15943 printed 24.01.2012 page 303 Eurobarometer 55.2 - May-June 2001,isocntry M AT 202 (20.2) 467 (46.8) 264 (26.5) 65 (6.5) 21 1019 998 BE 133 (12.8) 504 (48.4) 283 (27.2) 121 (11.6) 18 1059 1041 DE-E 104 (10.3) 395 (39.1) 356 (35.2) 155 (15.3) 16 1026 1010 DE-W 139 (13.9) 430 (43.1) 317 (31.8) 112 (11.2) 14 1012 998 DK 116 (11.6) 433 (43.3) 330 (33.0) 120 (12.0) 1 1000 999 ES 93 (9.4) 494 (49.7) 317 (31.9) 89 (9.0) 6 999 993 FI 95 (9.4) 398 (39.2) 385 (37.9) 137 (13.5) 7 1022 1015 FR 79 (8.0) 397 (40.0) 316 (31.8) 201 (20.2) 11 1004 993 GB-GBN 100 (10.2) 330 (33.6) 265 (27.0) 288 (29.3) 16 999 983 GB-NIR 27 (8.9) 65 (21.5) 113 (37.4) 97 (32.1) 1 303 302 GR 505 (50.4) 341 (34.0) 102 (10.2) 54 (5.4) 4 1006 1002 IE 139 (14.1) 467 (47.4) 273 (27.7) 106 (10.8) 21 1006 985 IT 195 (19.8) 473 (48.1) 242 (24.6) 73 (7.4) 12 995 983 LU 154 (24.9) 321 (51.9) 82 (13.3) 61 (9.9) 2 620 618 NL 113 (10.7) 526 (49.9) 340 (32.2) 76 (7.2) 6 1061 1055 PT 207 (21.2) 562 (57.6) 135 (13.8) 72 (7.4) 24 1000 976 SE 53 (5.3) 293 (29.5) 432 (43.5) 214 (21.6) 8 1000 992 N Sum 2454 6896 4552 2041 188 16131 N Valid Sum 2454 6896 4552 2041 15943 printed 24.01.2012 page 303 Eurobarometer 55.2 - May-June 2001,GESIS Variable Report,329,ZA3509
v295,v295 1 2 3 N Sum N Valid Sum,Q35 COMMON CURRENCY FIXATION - HEARD,isocntry M AT 851 (94.5) 50 (5.5) 118 1019 901 BE 861 (89.8) 98 (10.2) 99 1058 959 DE-E 756 (86.7) 116 (13.3) 154 1026 872 DE-W 724 (85.5) 123 (14.5) 165 1012 847 DK 225 (29.0) 551 (71.0) 224 1000 776 ES 621 (82.9) 128 (17.1) 250 999 749 FI 724 (87.9) 100 (12.1) 199 1023 824 FR 798 (87.7) 112 (12.3) 94 1004 910 GB-GBN 113 (22.0) 401 (78.0) 486 1000 514 GB-NIR 28 (23.0) 94 (77.0) 181 303 122 GR 666 (74.6) 227 (25.4) 111 1004 893 IE 677 (89.8) 77 (10.2) 253 1007 754 IT 797 (91.7) 72 (8.3) 125 994 869 LU 551 (95.3) 27 (4.7) 41 619 578 NL 828 (84.8) 148 (15.2) 84 1060 976 PT 730 (88.4) 96 (11.6) 173 999 826 SE 141 (20.2) 557 (79.8) 301 999 698 N Sum 10091 2977 3058 16126 N Valid Sum 10091 2977 13068 printed 24.01.2012 page 304 Eurobarometer 55.2 - May-June 2001,isocntry M AT 851 (94.5) 50 (5.5) 118 1019 901 BE 861 (89.8) 98 (10.2) 99 1058 959 DE-E 756 (86.7) 116 (13.3) 154 1026 872 DE-W 724 (85.5) 123 (14.5) 165 1012 847 DK 225 (29.0) 551 (71.0) 224 1000 776 ES 621 (82.9) 128 (17.1) 250 999 749 FI 724 (87.9) 100 (12.1) 199 1023 824 FR 798 (87.7) 112 (12.3) 94 1004 910 GB-GBN 113 (22.0) 401 (78.0) 486 1000 514 GB-NIR 28 (23.0) 94 (77.0) 181 303 122 GR 666 (74.6) 227 (25.4) 111 1004 893 IE 677 (89.8) 77 (10.2) 253 1007 754 IT 797 (91.7) 72 (8.3) 125 994 869 LU 551 (95.3) 27 (4.7) 41 619 578 NL 828 (84.8) 148 (15.2) 84 1060 976 PT 730 (88.4) 96 (11.6) 173 999 826 SE 141 (20.2) 557 (79.8) 301 999 698 N Sum 10091 2977 3058 16126 N Valid Sum 10091 2977 13068 printed 24.01.2012 page 304 Eurobarometer 55.2 - May-June 2001,GESIS Variable Report,330,ZA3509
v296,,Q36 COMMON CURRENCY VALUE - KNOWLEDGE,,Q36 COMMON CURRENCY VALUE - KNOWLEDGE,GESIS Variable Report,331,ZA3509
v297,,Q37A COMMON CURRENCY START - OWN CTRY,,Q37A COMMON CURRENCY START - OWN CTRY,GESIS Variable Report,333,ZA3509
v298,,Q37B COMMON CURRENCY START - OTH CTRY,,Q37B COMMON CURRENCY START - OTH CTRY,GESIS Variable Report,334,ZA3509
v299,,Q38 NATIONAL CURRENCY LAST PAYMENT,,Q38 NATIONAL CURRENCY LAST PAYMENT,GESIS Variable Report,336,ZA3509
v300,,Q39 COMMON CURRENCY PAID: CARD,,Q39 COMMON CURRENCY PAID: CARD,GESIS Variable Report,339,ZA3509
v301,,Q39 COMMON CURRENCY PAID: CHEQUE,,Q39 COMMON CURRENCY PAID: CHEQUE,GESIS Variable Report,340,ZA3509
v302,,Q39 COMMON CURRENCY PAID: STANDING ORDER,,Q39 COMMON CURRENCY PAID: STANDING ORDER,GESIS Variable Report,341,ZA3509
v303,,Q40 COMMON CURRENCY PAID: OWN CTRY,,Q40 COMMON CURRENCY PAID: OWN CTRY,GESIS Variable Report,342,ZA3509
v304,,Q40 COMMON CURRENCY PAID: OTHER CTRY,,Q40 COMMON CURRENCY PAID: OTHER CTRY,GESIS Variable Report,344,ZA3509
v305,,Q40 COMMON CURRENCY PAID: DK,,Q40 COMMON CURRENCY PAID: DK,GESIS Variable Report,346,ZA3509
v306,,Q41 COMMON CURR NOT PAID: CONFUSING,,Q41 COMMON CURR NOT PAID: CONFUSING,GESIS Variable Report,348,ZA3509
v307,,Q41 COMMON CURR NOT PAID: NO ACCOUNT,,Q41 COMMON CURR NOT PAID: NO ACCOUNT,GESIS Variable Report,349,ZA3509
v308,,Q41 COMMON CURR NOT PAID: NO CHEQUE BOOK,,Q41 COMMON CURR NOT PAID: NO CHEQUE BOOK,GESIS Variable Report,350,ZA3509
v309,,Q41 COMMON CURR NOT PAID: CHEQUE REFUSED,,Q41 COMMON CURR NOT PAID: CHEQUE REFUSED,GESIS Variable Report,351,ZA3509
v310,,Q41 COMMON CURR NOT PAID: CHARGES,,Q41 COMMON CURR NOT PAID: CHARGES,GESIS Variable Report,352,ZA3509
v311,,Q41 COMMON CURR NOT PAID: ACCEPT,,Q41 COMMON CURR NOT PAID: ACCEPT,GESIS Variable Report,353,ZA3509
v312,,Q41 COMMON CURR NOT PAID: DID NOT KNOW,,Q41 COMMON CURR NOT PAID: DID NOT KNOW,GESIS Variable Report,354,ZA3509
v313,,Q41 COMMON CURR NOT PAID: NOT NECESSARY,,Q41 COMMON CURR NOT PAID: NOT NECESSARY,GESIS Variable Report,355,ZA3509
v314,,Q41 COMMON CURR NOT PAID: DIFFICULT,,Q41 COMMON CURR NOT PAID: DIFFICULT,GESIS Variable Report,356,ZA3509
v315,,Q41 COMMON CURR NOT PAID: NO NEED,,Q41 COMMON CURR NOT PAID: NO NEED,GESIS Variable Report,357,ZA3509
v316,,Q42 COMMON CURRENCY START - PERSONAL,,Q42 COMMON CURRENCY START - PERSONAL,GESIS Variable Report,358,ZA3509
v317,,Q43 EURO PAYMENT BY CARD: GET USED TO,,Q43 EURO PAYMENT BY CARD: GET USED TO,GESIS Variable Report,359,ZA3509
v318,,Q43 EURO PAYMENT BY CARD: NOT EASIER,,Q43 EURO PAYMENT BY CARD: NOT EASIER,GESIS Variable Report,360,ZA3509
v319,,Q43 EURO PAYMENT BY CARD: CHEAPER,,Q43 EURO PAYMENT BY CARD: CHEAPER,GESIS Variable Report,361,ZA3509
v320,,Q43 EURO PAYMENT BY CARD: MORE EXPENSIVE,,Q43 EURO PAYMENT BY CARD: MORE EXPENSIVE,GESIS Variable Report,362,ZA3509
v321,,Q43 EURO PAYMENT BY CARD: EASIER,,Q43 EURO PAYMENT BY CARD: EASIER,GESIS Variable Report,363,ZA3509
v322,,Q43 EURO PAYMENT BY CARD: COMPLICATED,,Q43 EURO PAYMENT BY CARD: COMPLICATED,GESIS Variable Report,364,ZA3509
v323,,Q43 EURO PAYMENT BY CARD: USEFUL,,Q43 EURO PAYMENT BY CARD: USEFUL,GESIS Variable Report,365,ZA3509
v324,,Q43 EURO PAYMENT BY CARD: NOT USEFUL,,Q43 EURO PAYMENT BY CARD: NOT USEFUL,GESIS Variable Report,366,ZA3509
v325,,Q43 EURO PAYMENT BY CARD: NO INTEREST,,Q43 EURO PAYMENT BY CARD: NO INTEREST,GESIS Variable Report,367,ZA3509
v326,,Q43 EURO PAYMENT BY CARD: NONE OF THESE,,Q43 EURO PAYMENT BY CARD: NONE OF THESE,GESIS Variable Report,368,ZA3509
v327,,Q43 EURO PAYMENT BY CARD: DK,,Q43 EURO PAYMENT BY CARD: DK,GESIS Variable Report,369,ZA3509
v328,v328 1 2 3 9 N Sum N Valid Sum,Q44 FINANCIAL INVESTMENT IN EURO,isocntry M M AT 60 (6.1) 930 (93.9) 28 1018 990 BE 74 (7.0) 978 (93.0) 6 1058 1052 DE-E 38 (3.8) 973 (96.2) 15 1026 1011 DE-W 79 (7.9) 919 (92.1) 13 1011 998 DK 1000 1000 ES 29 (2.9) 961 (97.1) 9 999 990 FI 40 (4.0) 970 (96.0) 13 1023 1010 FR 28 (2.8) 973 (97.2) 3 1004 1001 GB-GBN 1000 1000 GB-NIR 304 304 GR 24 (2.4) 979 (97.6) 1 1004 1003 IE 40 (4.1) 945 (95.9) 21 1006 985 IT 57 (5.7) 935 (94.3) 3 995 992 LU 86 (14.0) 528 (86.0) 5 619 614 NL 126 (11.9) 930 (88.1) 5 1061 1056 PT 31 (3.2) 937 (96.8) 32 1000 968 SE 1000 1000 N Sum 712 11958 154 3304 16128 N Valid Sum 712 11958 12670 printed 24.01.2012 page 344 Eurobarometer 55.2 - May-June 2001,isocntry M M AT 60 (6.1) 930 (93.9) 28 1018 990 BE 74 (7.0) 978 (93.0) 6 1058 1052 DE-E 38 (3.8) 973 (96.2) 15 1026 1011 DE-W 79 (7.9) 919 (92.1) 13 1011 998 DK 1000 1000 ES 29 (2.9) 961 (97.1) 9 999 990 FI 40 (4.0) 970 (96.0) 13 1023 1010 FR 28 (2.8) 973 (97.2) 3 1004 1001 GB-GBN 1000 1000 GB-NIR 304 304 GR 24 (2.4) 979 (97.6) 1 1004 1003 IE 40 (4.1) 945 (95.9) 21 1006 985 IT 57 (5.7) 935 (94.3) 3 995 992 LU 86 (14.0) 528 (86.0) 5 619 614 NL 126 (11.9) 930 (88.1) 5 1061 1056 PT 31 (3.2) 937 (96.8) 32 1000 968 SE 1000 1000 N Sum 712 11958 154 3304 16128 N Valid Sum 712 11958 12670 printed 24.01.2012 page 344 Eurobarometer 55.2 - May-June 2001,GESIS Variable Report,370,ZA3509
v329,,Q45 BANK ACCOUNT IN EURO,,Q45 BANK ACCOUNT IN EURO,GESIS Variable Report,371,ZA3509
v330,,Q46 COMMON CURRENCY DUAL PRICING - SEEN,,Q46 COMMON CURRENCY DUAL PRICING - SEEN,GESIS Variable Report,372,ZA3509
v331,,Q46 COMMON CURRENCY DUAL PRICING - SHOPS,,Q46 COMMON CURRENCY DUAL PRICING - SHOPS,GESIS Variable Report,373,ZA3509
v332,,Q47A COMMON CURRENCY DUAL PRICING - VIEW,,Q47A COMMON CURRENCY DUAL PRICING - VIEW,GESIS Variable Report,375,ZA3509
v333,,Q47B COMMON CURRENCY DUAL PRICING - PROD,,Q47B COMMON CURRENCY DUAL PRICING - PROD,GESIS Variable Report,376,ZA3509
v334,,Q48 PRICE IN EURO: CIGARETTES,,Q48 PRICE IN EURO: CIGARETTES,GESIS Variable Report,377,ZA3509
v335,,Q48 PRICE IN EURO: PETROL,,Q48 PRICE IN EURO: PETROL,GESIS Variable Report,378,ZA3509
v336,,Q48 PRICE IN EURO: SHOES,,Q48 PRICE IN EURO: SHOES,GESIS Variable Report,379,ZA3509
v337,,Q48 PRICE IN EURO: EGGS,,Q48 PRICE IN EURO: EGGS,GESIS Variable Report,380,ZA3509
v338,,Q48 PRICE IN EURO: CD,,Q48 PRICE IN EURO: CD,GESIS Variable Report,381,ZA3509
v339,,Q48 PRICE IN EURO: MILK,,Q48 PRICE IN EURO: MILK,GESIS Variable Report,382,ZA3509
v340,,Q48 PRICE IN EURO: PIZZA,,Q48 PRICE IN EURO: PIZZA,GESIS Variable Report,383,ZA3509
v341,v341 1 2 3 9 N Sum N Valid Sum,Q49 COMMON CURRENCY LOGO - NOTICED,isocntry M AT 1019 1019 BE 382 (36.1) 644 (60.9) 32 (3.0) 1058 1058 DE-E 1026 1026 DE-W 1012 1012 DK 1000 1000 ES 450 (45.0) 519 (52.0) 30 (3.0) 999 999 FI 362 (35.4) 604 (59.1) 56 (5.5) 1022 1022 FR 458 (45.6) 509 (50.7) 37 (3.7) 1004 1004 GB-GBN 1000 1000 GB-NIR 304 304 GR 342 (34.1) 649 (64.6) 13 (1.3) 1004 1004 IE 1006 (100.0) 1006 1006 IT 430 (43.2) 497 (49.9) 68 (6.8) 995 995 LU 227 (36.7) 362 (58.5) 30 (4.8) 619 619 NL 1061 1061 PT 357 (35.7) 623 (62.3) 20 (2.0) 1000 1000 SE 1000 1000 N Sum 3008 4407 1292 7422 16129 N Valid Sum 3008 4407 1292 8707 printed 24.01.2012 page 358 Eurobarometer 55.2 - May-June 2001,isocntry M AT 1019 1019 BE 382 (36.1) 644 (60.9) 32 (3.0) 1058 1058 DE-E 1026 1026 DE-W 1012 1012 DK 1000 1000 ES 450 (45.0) 519 (52.0) 30 (3.0) 999 999 FI 362 (35.4) 604 (59.1) 56 (5.5) 1022 1022 FR 458 (45.6) 509 (50.7) 37 (3.7) 1004 1004 GB-GBN 1000 1000 GB-NIR 304 304 GR 342 (34.1) 649 (64.6) 13 (1.3) 1004 1004 IE 1006 (100.0) 1006 1006 IT 430 (43.2) 497 (49.9) 68 (6.8) 995 995 LU 227 (36.7) 362 (58.5) 30 (4.8) 619 619 NL 1061 1061 PT 357 (35.7) 623 (62.3) 20 (2.0) 1000 1000 SE 1000 1000 N Sum 3008 4407 1292 7422 16129 N Valid Sum 3008 4407 1292 8707 printed 24.01.2012 page 358 Eurobarometer 55.2 - May-June 2001,GESIS Variable Report,384,ZA3509
v342,v342 0 1 9 N Sum N Valid Sum,Q50 COMMON CURRENCY LOGO: PAY WITH EURO,isocntry M AT 1019 1019 BE 529 (50.0) 529 (50.0) 1058 1058 DE-E 1026 1026 DE-W 1012 1012 DK 1000 1000 ES 550 (55.0) 450 (45.0) 1000 1000 FI 634 (62.0) 388 (38.0) 1022 1022 FR 414 (41.2) 590 (58.8) 1004 1004 GB-GBN 1000 1000 GB-NIR 304 304 GR 786 (78.3) 218 (21.7) 1004 1004 IE 1006 (100.0) 1006 1006 IT 407 (40.9) 588 (59.1) 995 995 LU 408 (65.9) 211 (34.1) 619 619 NL 1061 1061 PT 492 (49.2) 508 (50.8) 1000 1000 SE 1000 1000 N Sum 5226 3482 7422 16130 N Valid Sum 5226 3482 8708 printed 24.01.2012 page 359 Eurobarometer 55.2 - May-June 2001,isocntry M AT 1019 1019 BE 529 (50.0) 529 (50.0) 1058 1058 DE-E 1026 1026 DE-W 1012 1012 DK 1000 1000 ES 550 (55.0) 450 (45.0) 1000 1000 FI 634 (62.0) 388 (38.0) 1022 1022 FR 414 (41.2) 590 (58.8) 1004 1004 GB-GBN 1000 1000 GB-NIR 304 304 GR 786 (78.3) 218 (21.7) 1004 1004 IE 1006 (100.0) 1006 1006 IT 407 (40.9) 588 (59.1) 995 995 LU 408 (65.9) 211 (34.1) 619 619 NL 1061 1061 PT 492 (49.2) 508 (50.8) 1000 1000 SE 1000 1000 N Sum 5226 3482 7422 16130 N Valid Sum 5226 3482 8708 printed 24.01.2012 page 359 Eurobarometer 55.2 - May-June 2001,GESIS Variable Report,385,ZA3509
v343,v343 0 1 9 N Sum N Valid Sum,Q50 COMMON CURRENCY LOGO: INFO ON EURO,isocntry M AT 1019 1019 BE 960 (90.7) 98 (9.3) 1058 1058 DE-E 1026 1026 DE-W 1012 1012 DK 1000 1000 ES 824 (82.4) 176 (17.6) 1000 1000 FI 784 (76.7) 238 (23.3) 1022 1022 FR 922 (91.8) 82 (8.2) 1004 1004 GB-GBN 1000 1000 GB-NIR 304 304 GR 861 (85.8) 143 (14.2) 1004 1004 IE 1006 (100.0) 1006 1006 IT 938 (94.3) 57 (5.7) 995 995 LU 517 (83.5) 102 (16.5) 619 619 NL 1061 1061 PT 939 (93.9) 61 (6.1) 1000 1000 SE 1000 1000 N Sum 7751 957 7422 16130 N Valid Sum 7751 957 8708 printed 24.01.2012 page 360 Eurobarometer 55.2 - May-June 2001,isocntry M AT 1019 1019 BE 960 (90.7) 98 (9.3) 1058 1058 DE-E 1026 1026 DE-W 1012 1012 DK 1000 1000 ES 824 (82.4) 176 (17.6) 1000 1000 FI 784 (76.7) 238 (23.3) 1022 1022 FR 922 (91.8) 82 (8.2) 1004 1004 GB-GBN 1000 1000 GB-NIR 304 304 GR 861 (85.8) 143 (14.2) 1004 1004 IE 1006 (100.0) 1006 1006 IT 938 (94.3) 57 (5.7) 995 995 LU 517 (83.5) 102 (16.5) 619 619 NL 1061 1061 PT 939 (93.9) 61 (6.1) 1000 1000 SE 1000 1000 N Sum 7751 957 7422 16130 N Valid Sum 7751 957 8708 printed 24.01.2012 page 360 Eurobarometer 55.2 - May-June 2001,GESIS Variable Report,386,ZA3509
v344,v344 0 1 9 N Sum N Valid Sum,Q50 COMMON CURRENCY LOGO: DUAL PRICING,isocntry M AT 1019 1019 BE 696 (65.8) 362 (34.2) 1058 1058 DE-E 1026 1026 DE-W 1012 1012 DK 1000 1000 ES 617 (61.7) 383 (38.3) 1000 1000 FI 612 (59.9) 410 (40.1) 1022 1022 FR 658 (65.5) 346 (34.5) 1004 1004 GB-GBN 1000 1000 GB-NIR 304 304 GR 615 (61.3) 389 (38.7) 1004 1004 IE 1006 (100.0) 1006 1006 IT 725 (72.9) 270 (27.1) 995 995 LU 336 (54.3) 283 (45.7) 619 619 NL 1061 1061 PT 855 (85.5) 145 (14.5) 1000 1000 SE 1000 1000 N Sum 6120 2588 7422 16130 N Valid Sum 6120 2588 8708 printed 24.01.2012 page 361 Eurobarometer 55.2 - May-June 2001,isocntry M AT 1019 1019 BE 696 (65.8) 362 (34.2) 1058 1058 DE-E 1026 1026 DE-W 1012 1012 DK 1000 1000 ES 617 (61.7) 383 (38.3) 1000 1000 FI 612 (59.9) 410 (40.1) 1022 1022 FR 658 (65.5) 346 (34.5) 1004 1004 GB-GBN 1000 1000 GB-NIR 304 304 GR 615 (61.3) 389 (38.7) 1004 1004 IE 1006 (100.0) 1006 1006 IT 725 (72.9) 270 (27.1) 995 995 LU 336 (54.3) 283 (45.7) 619 619 NL 1061 1061 PT 855 (85.5) 145 (14.5) 1000 1000 SE 1000 1000 N Sum 6120 2588 7422 16130 N Valid Sum 6120 2588 8708 printed 24.01.2012 page 361 Eurobarometer 55.2 - May-June 2001,GESIS Variable Report,387,ZA3509
v345,v345 0 1 9 N Sum N Valid Sum,Q50 COMMON CURRENCY LOGO: OTHER MEANS,isocntry M AT 1019 1019 BE 1035 (97.8) 23 (2.2) 1058 1058 DE-E 1026 1026 DE-W 1012 1012 DK 1000 1000 ES 992 (99.2) 8 (0.8) 1000 1000 FI 998 (97.7) 24 (2.3) 1022 1022 FR 993 (98.9) 11 (1.1) 1004 1004 GB-GBN 1000 1000 GB-NIR 304 304 GR 967 (96.3) 37 (3.7) 1004 1004 IE 1006 (100.0) 1006 1006 IT 986 (99.1) 9 (0.9) 995 995 LU 595 (96.1) 24 (3.9) 619 619 NL 1061 1061 PT 956 (95.6) 44 (4.4) 1000 1000 SE 1000 1000 N Sum 8528 180 7422 16130 N Valid Sum 8528 180 8708 printed 24.01.2012 page 362 Eurobarometer 55.2 - May-June 2001,isocntry M AT 1019 1019 BE 1035 (97.8) 23 (2.2) 1058 1058 DE-E 1026 1026 DE-W 1012 1012 DK 1000 1000 ES 992 (99.2) 8 (0.8) 1000 1000 FI 998 (97.7) 24 (2.3) 1022 1022 FR 993 (98.9) 11 (1.1) 1004 1004 GB-GBN 1000 1000 GB-NIR 304 304 GR 967 (96.3) 37 (3.7) 1004 1004 IE 1006 (100.0) 1006 1006 IT 986 (99.1) 9 (0.9) 995 995 LU 595 (96.1) 24 (3.9) 619 619 NL 1061 1061 PT 956 (95.6) 44 (4.4) 1000 1000 SE 1000 1000 N Sum 8528 180 7422 16130 N Valid Sum 8528 180 8708 printed 24.01.2012 page 362 Eurobarometer 55.2 - May-June 2001,GESIS Variable Report,388,ZA3509
v346,v346 0 1 9 N Sum N Valid Sum,Q50 COMMON CURRENCY LOGO: DK,isocntry M AT 1019 1019 BE 865 (81.8) 193 (18.2) 1058 1058 DE-E 1026 1026 DE-W 1012 1012 DK 1000 1000 ES 823 (82.3) 177 (17.7) 1000 1000 FI 891 (87.2) 131 (12.8) 1022 1022 FR 848 (84.5) 156 (15.5) 1004 1004 GB-GBN 1000 1000 GB-NIR 304 304 GR 707 (70.4) 297 (29.6) 1004 1004 IE 1006 (100.0) 1006 1006 IT 839 (84.3) 156 (15.7) 995 995 LU 504 (81.4) 115 (18.6) 619 619 NL 1061 1061 PT 725 (72.5) 275 (27.5) 1000 1000 SE 1000 1000 N Sum 6202 2506 7422 16130 N Valid Sum 6202 2506 8708 printed 24.01.2012 page 363 Eurobarometer 55.2 - May-June 2001,isocntry M AT 1019 1019 BE 865 (81.8) 193 (18.2) 1058 1058 DE-E 1026 1026 DE-W 1012 1012 DK 1000 1000 ES 823 (82.3) 177 (17.7) 1000 1000 FI 891 (87.2) 131 (12.8) 1022 1022 FR 848 (84.5) 156 (15.5) 1004 1004 GB-GBN 1000 1000 GB-NIR 304 304 GR 707 (70.4) 297 (29.6) 1004 1004 IE 1006 (100.0) 1006 1006 IT 839 (84.3) 156 (15.7) 995 995 LU 504 (81.4) 115 (18.6) 619 619 NL 1061 1061 PT 725 (72.5) 275 (27.5) 1000 1000 SE 1000 1000 N Sum 6202 2506 7422 16130 N Valid Sum 6202 2506 8708 printed 24.01.2012 page 363 Eurobarometer 55.2 - May-June 2001,GESIS Variable Report,389,ZA3509
v347,,Q51 COMMON CURRENCY LOGO - CONFIDENCE,,Q51 COMMON CURRENCY LOGO - CONFIDENCE,GESIS Variable Report,390,ZA3509
v348,,Q52 COMMON CURRENCY CHANGEOVR - GEN DIFF,,Q52 COMMON CURRENCY CHANGEOVR - GEN DIFF,GESIS Variable Report,391,ZA3509
v349,,Q53 COMMON CURRENCY CHANGEOVR - PRS DIFF,,Q53 COMMON CURRENCY CHANGEOVR - PRS DIFF,GESIS Variable Report,392,ZA3509
v350,,Q54 EURO WORRIES: KEEP APART,,Q54 EURO WORRIES: KEEP APART,GESIS Variable Report,393,ZA3509
v351,,Q54 EURO WORRIES: CHEATING BY CHANGE,,Q54 EURO WORRIES: CHEATING BY CHANGE,GESIS Variable Report,394,ZA3509
v352,,Q54 EURO WORRIES: CHEATING BY PRICES,,Q54 EURO WORRIES: CHEATING BY PRICES,GESIS Variable Report,395,ZA3509
v353,,Q54 EURO WORRIES: COMPARE PRICES,,Q54 EURO WORRIES: COMPARE PRICES,GESIS Variable Report,396,ZA3509
v354,,Q54 EURO WORRIES: REMEMBER PRICES,,Q54 EURO WORRIES: REMEMBER PRICES,GESIS Variable Report,397,ZA3509
v355,,Q54 EURO WORRIES: CONVERT FROM EURO,,Q54 EURO WORRIES: CONVERT FROM EURO,GESIS Variable Report,398,ZA3509
v356,,Q54 EURO WORRIES: UNDERSTAND BILLS,,Q54 EURO WORRIES: UNDERSTAND BILLS,GESIS Variable Report,399,ZA3509
v357,,Q54 EURO WORRIES: CONVERT IN EURO,,Q54 EURO WORRIES: CONVERT IN EURO,GESIS Variable Report,400,ZA3509
v358,v358 0 1 N Sum N Valid Sum,Q55A INFO TECHNOLOGY USE: COMPUTER,isocntry AT 572 (56.1) 447 (43.9) 1019 1019 BE 627 (59.3) 431 (40.7) 1058 1058 DE-E 641 (62.5) 385 (37.5) 1026 1026 DE-W 589 (58.2) 423 (41.8) 1012 1012 DK 278 (27.8) 722 (72.2) 1000 1000 ES 630 (63.0) 370 (37.0) 1000 1000 FI 451 (44.1) 571 (55.9) 1022 1022 FR 627 (62.5) 377 (37.5) 1004 1004 GB-GBN 441 (44.1) 559 (55.9) 1000 1000 GB-NIR 168 (55.3) 136 (44.7) 304 304 GR 780 (77.7) 224 (22.3) 1004 1004 IE 588 (58.4) 418 (41.6) 1006 1006 IT 585 (58.8) 410 (41.2) 995 995 LU 287 (46.4) 332 (53.6) 619 619 NL 271 (25.5) 790 (74.5) 1061 1061 PT 729 (72.9) 271 (27.1) 1000 1000 SE 283 (28.3) 717 (71.7) 1000 1000 N Sum 8547 7583 16130 N Valid Sum 8547 7583 16130 printed 24.01.2012 page 375 Eurobarometer 55.2 - May-June 2001,isocntry AT 572 (56.1) 447 (43.9) 1019 1019 BE 627 (59.3) 431 (40.7) 1058 1058 DE-E 641 (62.5) 385 (37.5) 1026 1026 DE-W 589 (58.2) 423 (41.8) 1012 1012 DK 278 (27.8) 722 (72.2) 1000 1000 ES 630 (63.0) 370 (37.0) 1000 1000 FI 451 (44.1) 571 (55.9) 1022 1022 FR 627 (62.5) 377 (37.5) 1004 1004 GB-GBN 441 (44.1) 559 (55.9) 1000 1000 GB-NIR 168 (55.3) 136 (44.7) 304 304 GR 780 (77.7) 224 (22.3) 1004 1004 IE 588 (58.4) 418 (41.6) 1006 1006 IT 585 (58.8) 410 (41.2) 995 995 LU 287 (46.4) 332 (53.6) 619 619 NL 271 (25.5) 790 (74.5) 1061 1061 PT 729 (72.9) 271 (27.1) 1000 1000 SE 283 (28.3) 717 (71.7) 1000 1000 N Sum 8547 7583 16130 N Valid Sum 8547 7583 16130 printed 24.01.2012 page 375 Eurobarometer 55.2 - May-June 2001,GESIS Variable Report,401,ZA3509
v359,v359 0 1 N Sum N Valid Sum,Q55A INFO TECHNOLOGY USE: INTERNET,isocntry AT 695 (68.2) 324 (31.8) 1019 1019 BE 749 (70.8) 309 (29.2) 1058 1058 DE-E 783 (76.3) 243 (23.7) 1026 1026 DE-W 688 (68.0) 324 (32.0) 1012 1012 DK 361 (36.1) 639 (63.9) 1000 1000 ES 721 (72.1) 279 (27.9) 1000 1000 FI 520 (50.9) 502 (49.1) 1022 1022 FR 746 (74.3) 258 (25.7) 1004 1004 GB-GBN 548 (54.8) 452 (45.2) 1000 1000 GB-NIR 195 (64.1) 109 (35.9) 304 304 GR 848 (84.5) 156 (15.5) 1004 1004 IE 655 (65.1) 351 (34.9) 1006 1006 IT 675 (67.8) 320 (32.2) 995 995 LU 345 (55.7) 274 (44.3) 619 619 NL 366 (34.5) 695 (65.5) 1061 1061 PT 811 (81.1) 189 (18.9) 1000 1000 SE 338 (33.8) 662 (66.2) 1000 1000 N Sum 10044 6086 16130 N Valid Sum 10044 6086 16130 printed 24.01.2012 page 376 Eurobarometer 55.2 - May-June 2001,isocntry AT 695 (68.2) 324 (31.8) 1019 1019 BE 749 (70.8) 309 (29.2) 1058 1058 DE-E 783 (76.3) 243 (23.7) 1026 1026 DE-W 688 (68.0) 324 (32.0) 1012 1012 DK 361 (36.1) 639 (63.9) 1000 1000 ES 721 (72.1) 279 (27.9) 1000 1000 FI 520 (50.9) 502 (49.1) 1022 1022 FR 746 (74.3) 258 (25.7) 1004 1004 GB-GBN 548 (54.8) 452 (45.2) 1000 1000 GB-NIR 195 (64.1) 109 (35.9) 304 304 GR 848 (84.5) 156 (15.5) 1004 1004 IE 655 (65.1) 351 (34.9) 1006 1006 IT 675 (67.8) 320 (32.2) 995 995 LU 345 (55.7) 274 (44.3) 619 619 NL 366 (34.5) 695 (65.5) 1061 1061 PT 811 (81.1) 189 (18.9) 1000 1000 SE 338 (33.8) 662 (66.2) 1000 1000 N Sum 10044 6086 16130 N Valid Sum 10044 6086 16130 printed 24.01.2012 page 376 Eurobarometer 55.2 - May-June 2001,GESIS Variable Report,402,ZA3509
v360,v360 0 1 N Sum N Valid Sum,Q55A INFO TECHNOLOGY USE: MOBILE PHONE,isocntry AT 379 (37.2) 640 (62.8) 1019 1019 BE 389 (36.8) 669 (63.2) 1058 1058 DE-E 483 (47.1) 543 (52.9) 1026 1026 DE-W 426 (42.1) 586 (57.9) 1012 1012 DK 321 (32.1) 679 (67.9) 1000 1000 ES 386 (38.6) 614 (61.4) 1000 1000 FI 224 (21.9) 798 (78.1) 1022 1022 FR 481 (47.9) 523 (52.1) 1004 1004 GB-GBN 301 (30.1) 699 (69.9) 1000 1000 GB-NIR 100 (32.9) 204 (67.1) 304 304 GR 618 (61.6) 386 (38.4) 1004 1004 IE 375 (37.3) 631 (62.7) 1006 1006 IT 262 (26.3) 733 (73.7) 995 995 LU 174 (28.1) 445 (71.9) 619 619 NL 274 (25.8) 787 (74.2) 1061 1061 PT 506 (50.6) 494 (49.4) 1000 1000 SE 213 (21.3) 787 (78.7) 1000 1000 N Sum 5912 10218 16130 N Valid Sum 5912 10218 16130 printed 24.01.2012 page 377 Eurobarometer 55.2 - May-June 2001,isocntry AT 379 (37.2) 640 (62.8) 1019 1019 BE 389 (36.8) 669 (63.2) 1058 1058 DE-E 483 (47.1) 543 (52.9) 1026 1026 DE-W 426 (42.1) 586 (57.9) 1012 1012 DK 321 (32.1) 679 (67.9) 1000 1000 ES 386 (38.6) 614 (61.4) 1000 1000 FI 224 (21.9) 798 (78.1) 1022 1022 FR 481 (47.9) 523 (52.1) 1004 1004 GB-GBN 301 (30.1) 699 (69.9) 1000 1000 GB-NIR 100 (32.9) 204 (67.1) 304 304 GR 618 (61.6) 386 (38.4) 1004 1004 IE 375 (37.3) 631 (62.7) 1006 1006 IT 262 (26.3) 733 (73.7) 995 995 LU 174 (28.1) 445 (71.9) 619 619 NL 274 (25.8) 787 (74.2) 1061 1061 PT 506 (50.6) 494 (49.4) 1000 1000 SE 213 (21.3) 787 (78.7) 1000 1000 N Sum 5912 10218 16130 N Valid Sum 5912 10218 16130 printed 24.01.2012 page 377 Eurobarometer 55.2 - May-June 2001,GESIS Variable Report,403,ZA3509
v361,v361 0 1 N Sum N Valid Sum,Q55A INFO TECHNOLOGY USE: CABLE TV,isocntry AT 504 (49.5) 515 (50.5) 1019 1019 BE 108 (10.2) 950 (89.8) 1058 1058 DE-E 413 (40.3) 613 (59.7) 1026 1026 DE-W 326 (32.2) 686 (67.8) 1012 1012 DK 448 (44.8) 552 (55.2) 1000 1000 ES 909 (90.9) 91 (9.1) 1000 1000 FI 737 (72.1) 285 (27.9) 1022 1022 FR 847 (84.4) 157 (15.6) 1004 1004 GB-GBN 787 (78.7) 213 (21.3) 1000 1000 GB-NIR 270 (88.8) 34 (11.2) 304 304 GR 921 (91.7) 83 (8.3) 1004 1004 IE 520 (51.7) 486 (48.3) 1006 1006 IT 995 (100.0) 995 995 LU 139 (22.5) 480 (77.5) 619 619 NL 94 (8.9) 967 (91.1) 1061 1061 PT 769 (76.9) 231 (23.1) 1000 1000 SE 483 (48.3) 517 (51.7) 1000 1000 N Sum 9270 6860 16130 N Valid Sum 9270 6860 16130 printed 24.01.2012 page 378 Eurobarometer 55.2 - May-June 2001,isocntry AT 504 (49.5) 515 (50.5) 1019 1019 BE 108 (10.2) 950 (89.8) 1058 1058 DE-E 413 (40.3) 613 (59.7) 1026 1026 DE-W 326 (32.2) 686 (67.8) 1012 1012 DK 448 (44.8) 552 (55.2) 1000 1000 ES 909 (90.9) 91 (9.1) 1000 1000 FI 737 (72.1) 285 (27.9) 1022 1022 FR 847 (84.4) 157 (15.6) 1004 1004 GB-GBN 787 (78.7) 213 (21.3) 1000 1000 GB-NIR 270 (88.8) 34 (11.2) 304 304 GR 921 (91.7) 83 (8.3) 1004 1004 IE 520 (51.7) 486 (48.3) 1006 1006 IT 995 (100.0) 995 995 LU 139 (22.5) 480 (77.5) 619 619 NL 94 (8.9) 967 (91.1) 1061 1061 PT 769 (76.9) 231 (23.1) 1000 1000 SE 483 (48.3) 517 (51.7) 1000 1000 N Sum 9270 6860 16130 N Valid Sum 9270 6860 16130 printed 24.01.2012 page 378 Eurobarometer 55.2 - May-June 2001,GESIS Variable Report,404,ZA3509
v362,v362 0 1 N Sum N Valid Sum,Q55A INFO TECHNOLOGY USE: DIGITAL TV,isocntry AT 950 (93.2) 69 (6.8) 1019 1019 BE 983 (92.9) 75 (7.1) 1058 1058 DE-E 965 (94.1) 61 (5.9) 1026 1026 DE-W 956 (94.5) 56 (5.5) 1012 1012 DK 870 (87.0) 130 (13.0) 1000 1000 ES 880 (88.0) 120 (12.0) 1000 1000 FI 1003 (98.1) 19 (1.9) 1022 1022 FR 912 (90.8) 92 (9.2) 1004 1004 GB-GBN 673 (67.3) 327 (32.7) 1000 1000 GB-NIR 195 (64.1) 109 (35.9) 304 304 GR 971 (96.7) 33 (3.3) 1004 1004 IE 898 (89.3) 108 (10.7) 1006 1006 IT 905 (91.0) 90 (9.0) 995 995 LU 559 (90.3) 60 (9.7) 619 619 NL 1003 (94.5) 58 (5.5) 1061 1061 PT 976 (97.6) 24 (2.4) 1000 1000 SE 874 (87.4) 126 (12.6) 1000 1000 N Sum 14573 1557 16130 N Valid Sum 14573 1557 16130 printed 24.01.2012 page 379 Eurobarometer 55.2 - May-June 2001,isocntry AT 950 (93.2) 69 (6.8) 1019 1019 BE 983 (92.9) 75 (7.1) 1058 1058 DE-E 965 (94.1) 61 (5.9) 1026 1026 DE-W 956 (94.5) 56 (5.5) 1012 1012 DK 870 (87.0) 130 (13.0) 1000 1000 ES 880 (88.0) 120 (12.0) 1000 1000 FI 1003 (98.1) 19 (1.9) 1022 1022 FR 912 (90.8) 92 (9.2) 1004 1004 GB-GBN 673 (67.3) 327 (32.7) 1000 1000 GB-NIR 195 (64.1) 109 (35.9) 304 304 GR 971 (96.7) 33 (3.3) 1004 1004 IE 898 (89.3) 108 (10.7) 1006 1006 IT 905 (91.0) 90 (9.0) 995 995 LU 559 (90.3) 60 (9.7) 619 619 NL 1003 (94.5) 58 (5.5) 1061 1061 PT 976 (97.6) 24 (2.4) 1000 1000 SE 874 (87.4) 126 (12.6) 1000 1000 N Sum 14573 1557 16130 N Valid Sum 14573 1557 16130 printed 24.01.2012 page 379 Eurobarometer 55.2 - May-June 2001,GESIS Variable Report,405,ZA3509
v363,v363 0 1 N Sum N Valid Sum,Q55A INFO TECHNOLOGY USE: NONE,isocntry AT 821 (80.6) 198 (19.4) 1019 1019 BE 1019 (96.3) 39 (3.7) 1058 1058 DE-E 852 (83.0) 174 (17.0) 1026 1026 DE-W 880 (87.0) 132 (13.0) 1012 1012 DK 914 (91.4) 86 (8.6) 1000 1000 ES 702 (70.2) 298 (29.8) 1000 1000 FI 867 (84.8) 155 (15.2) 1022 1022 FR 681 (67.8) 323 (32.2) 1004 1004 GB-GBN 843 (84.3) 157 (15.7) 1000 1000 GB-NIR 237 (78.0) 67 (22.0) 304 304 GR 505 (50.3) 499 (49.7) 1004 1004 IE 806 (80.1) 200 (19.9) 1006 1006 IT 765 (76.9) 230 (23.1) 995 995 LU 585 (94.5) 34 (5.5) 619 619 NL 1040 (98.0) 21 (2.0) 1061 1061 PT 604 (60.4) 396 (39.6) 1000 1000 SE 929 (92.9) 71 (7.1) 1000 1000 N Sum 13050 3080 16130 N Valid Sum 13050 3080 16130 printed 24.01.2012 page 380 Eurobarometer 55.2 - May-June 2001,isocntry AT 821 (80.6) 198 (19.4) 1019 1019 BE 1019 (96.3) 39 (3.7) 1058 1058 DE-E 852 (83.0) 174 (17.0) 1026 1026 DE-W 880 (87.0) 132 (13.0) 1012 1012 DK 914 (91.4) 86 (8.6) 1000 1000 ES 702 (70.2) 298 (29.8) 1000 1000 FI 867 (84.8) 155 (15.2) 1022 1022 FR 681 (67.8) 323 (32.2) 1004 1004 GB-GBN 843 (84.3) 157 (15.7) 1000 1000 GB-NIR 237 (78.0) 67 (22.0) 304 304 GR 505 (50.3) 499 (49.7) 1004 1004 IE 806 (80.1) 200 (19.9) 1006 1006 IT 765 (76.9) 230 (23.1) 995 995 LU 585 (94.5) 34 (5.5) 619 619 NL 1040 (98.0) 21 (2.0) 1061 1061 PT 604 (60.4) 396 (39.6) 1000 1000 SE 929 (92.9) 71 (7.1) 1000 1000 N Sum 13050 3080 16130 N Valid Sum 13050 3080 16130 printed 24.01.2012 page 380 Eurobarometer 55.2 - May-June 2001,GESIS Variable Report,406,ZA3509
v364,v364 0 1 N Sum N Valid Sum,Q55A INFO TECHNOLOGY USE: DK,isocntry AT 1014 (99.5) 5 (0.5) 1019 1019 BE 1055 (99.7) 3 (0.3) 1058 1058 DE-E 1017 (99.1) 9 (0.9) 1026 1026 DE-W 1005 (99.3) 7 (0.7) 1012 1012 DK 1000 (100.0) 1000 1000 ES 997 (99.7) 3 (0.3) 1000 1000 FI 1013 (99.1) 9 (0.9) 1022 1022 FR 999 (99.5) 5 (0.5) 1004 1004 GB-GBN 994 (99.4) 6 (0.6) 1000 1000 GB-NIR 304 (100.0) 304 304 GR 994 (99.0) 10 (1.0) 1004 1004 IE 993 (98.7) 13 (1.3) 1006 1006 IT 995 (100.0) 995 995 LU 614 (99.2) 5 (0.8) 619 619 NL 1057 (99.6) 4 (0.4) 1061 1061 PT 978 (97.8) 22 (2.2) 1000 1000 SE 998 (99.8) 2 (0.2) 1000 1000 N Sum 16027 103 16130 N Valid Sum 16027 103 16130 printed 24.01.2012 page 381 Eurobarometer 55.2 - May-June 2001,isocntry AT 1014 (99.5) 5 (0.5) 1019 1019 BE 1055 (99.7) 3 (0.3) 1058 1058 DE-E 1017 (99.1) 9 (0.9) 1026 1026 DE-W 1005 (99.3) 7 (0.7) 1012 1012 DK 1000 (100.0) 1000 1000 ES 997 (99.7) 3 (0.3) 1000 1000 FI 1013 (99.1) 9 (0.9) 1022 1022 FR 999 (99.5) 5 (0.5) 1004 1004 GB-GBN 994 (99.4) 6 (0.6) 1000 1000 GB-NIR 304 (100.0) 304 304 GR 994 (99.0) 10 (1.0) 1004 1004 IE 993 (98.7) 13 (1.3) 1006 1006 IT 995 (100.0) 995 995 LU 614 (99.2) 5 (0.8) 619 619 NL 1057 (99.6) 4 (0.4) 1061 1061 PT 978 (97.8) 22 (2.2) 1000 1000 SE 998 (99.8) 2 (0.2) 1000 1000 N Sum 16027 103 16130 N Valid Sum 16027 103 16130 printed 24.01.2012 page 381 Eurobarometer 55.2 - May-June 2001,GESIS Variable Report,407,ZA3509
v365,,Q55B INTERNET USE: AT WORK,,Q55B INTERNET USE: AT WORK,GESIS Variable Report,408,ZA3509
v366,,Q55B INTERNET USE: AT HOME F WORK,,Q55B INTERNET USE: AT HOME F WORK,GESIS Variable Report,409,ZA3509
v367,,Q55B INTERNET USE: AT HOME F OTH REASON,,Q55B INTERNET USE: AT HOME F OTH REASON,GESIS Variable Report,410,ZA3509
v368,,Q55B INTERNET USE: AT SCHOOL,,Q55B INTERNET USE: AT SCHOOL,GESIS Variable Report,411,ZA3509
v369,,Q55B INTERNET USE: AT UNIV,,Q55B INTERNET USE: AT UNIV,GESIS Variable Report,412,ZA3509
v370,,Q55B INTERNET USE: FRIENDS HOUSE,,Q55B INTERNET USE: FRIENDS HOUSE,GESIS Variable Report,413,ZA3509
v371,,Q55B INTERNET USE: PUBLIC PLACE,,Q55B INTERNET USE: PUBLIC PLACE,GESIS Variable Report,414,ZA3509
v372,,Q55B INTERNET USE: CYBER CAFE,,Q55B INTERNET USE: CYBER CAFE,GESIS Variable Report,415,ZA3509
v373,,Q55B INTERNET USE: ELSEWHERE,,Q55B INTERNET USE: ELSEWHERE,GESIS Variable Report,416,ZA3509
v374,,Q55B INTERNET USE: DK,,Q55B INTERNET USE: DK,GESIS Variable Report,417,ZA3509
v375,,Q56 INTERNET NOT USE: NO IDEA ABOUT,,Q56 INTERNET NOT USE: NO IDEA ABOUT,GESIS Variable Report,418,ZA3509
v376,,Q56 INTERNET NOT USE: NO TIME,,Q56 INTERNET NOT USE: NO TIME,GESIS Variable Report,419,ZA3509
v377,,Q56 INTERNET NOT USE: NO COMPUT AT HOME,,Q56 INTERNET NOT USE: NO COMPUT AT HOME,GESIS Variable Report,420,ZA3509
v378,,Q56 INTERNET NOT USE: NO COMPUT AT WORK,,Q56 INTERNET NOT USE: NO COMPUT AT WORK,GESIS Variable Report,421,ZA3509
v379,,Q56 INTERNET NOT USE: CONNECT EXPENSIVE,,Q56 INTERNET NOT USE: CONNECT EXPENSIVE,GESIS Variable Report,422,ZA3509
v380,,Q56 INTERNET NOT USE: COMPUTER EXPENSIVE,,Q56 INTERNET NOT USE: COMPUTER EXPENSIVE,GESIS Variable Report,423,ZA3509
v381,,Q56 INTERNET NOT USE: NO PUBLIC ACCESS,,Q56 INTERNET NOT USE: NO PUBLIC ACCESS,GESIS Variable Report,424,ZA3509
v382,,Q56 INTERNET NOT USE: TOO COMPLICATED,,Q56 INTERNET NOT USE: TOO COMPLICATED,GESIS Variable Report,425,ZA3509
v383,,Q56 INTERNET NOT USE: CANNOT USE COMP,,Q56 INTERNET NOT USE: CANNOT USE COMP,GESIS Variable Report,426,ZA3509
v384,,Q56 INTERNET NOT USE: TECHNICAL BARRIERS,,Q56 INTERNET NOT USE: TECHNICAL BARRIERS,GESIS Variable Report,427,ZA3509
v385,,Q56 INTERNET NOT USE: NOT USEFUL,,Q56 INTERNET NOT USE: NOT USEFUL,GESIS Variable Report,428,ZA3509
v386,,Q56 INTERNET NOT USE: NOT SECURE,,Q56 INTERNET NOT USE: NOT SECURE,GESIS Variable Report,429,ZA3509
v387,,Q56 INTERNET NOT USE: LANGUAGE BARRIERS,,Q56 INTERNET NOT USE: LANGUAGE BARRIERS,GESIS Variable Report,430,ZA3509
v388,,Q56 INTERNET NOT USE: SERVICE PROVIDER,,Q56 INTERNET NOT USE: SERVICE PROVIDER,GESIS Variable Report,431,ZA3509
v389,,Q56 INTERNET NOT USE: OTHER REASON,,Q56 INTERNET NOT USE: OTHER REASON,GESIS Variable Report,432,ZA3509
v390,,Q56 INTERNET NOT USE: NO INTEREST,,Q56 INTERNET NOT USE: NO INTEREST,GESIS Variable Report,433,ZA3509
v391,,Q56 INTERNET NOT USE: DK,,Q56 INTERNET NOT USE: DK,GESIS Variable Report,434,ZA3509
v392,v392 0 1 N Sum N Valid Sum,Q57 INTERNET OPPORTUNIT: GET JOB,isocntry AT 886 (86.9) 133 (13.1) 1019 1019 BE 937 (88.6) 121 (11.4) 1058 1058 DE-E 880 (85.8) 146 (14.2) 1026 1026 DE-W 897 (88.6) 115 (11.4) 1012 1012 DK 695 (69.5) 305 (30.5) 1000 1000 ES 855 (85.5) 145 (14.5) 1000 1000 FI 781 (76.4) 241 (23.6) 1022 1022 FR 860 (85.7) 144 (14.3) 1004 1004 GB-GBN 810 (81.0) 190 (19.0) 1000 1000 GB-NIR 245 (80.6) 59 (19.4) 304 304 GR 867 (86.4) 137 (13.6) 1004 1004 IE 869 (86.4) 137 (13.6) 1006 1006 IT 841 (84.5) 154 (15.5) 995 995 LU 525 (84.8) 94 (15.2) 619 619 NL 942 (88.8) 119 (11.2) 1061 1061 PT 908 (90.8) 92 (9.2) 1000 1000 SE 750 (75.0) 250 (25.0) 1000 1000 N Sum 13548 2582 16130 N Valid Sum 13548 2582 16130 printed 24.01.2012 page 409 Eurobarometer 55.2 - May-June 2001,isocntry AT 886 (86.9) 133 (13.1) 1019 1019 BE 937 (88.6) 121 (11.4) 1058 1058 DE-E 880 (85.8) 146 (14.2) 1026 1026 DE-W 897 (88.6) 115 (11.4) 1012 1012 DK 695 (69.5) 305 (30.5) 1000 1000 ES 855 (85.5) 145 (14.5) 1000 1000 FI 781 (76.4) 241 (23.6) 1022 1022 FR 860 (85.7) 144 (14.3) 1004 1004 GB-GBN 810 (81.0) 190 (19.0) 1000 1000 GB-NIR 245 (80.6) 59 (19.4) 304 304 GR 867 (86.4) 137 (13.6) 1004 1004 IE 869 (86.4) 137 (13.6) 1006 1006 IT 841 (84.5) 154 (15.5) 995 995 LU 525 (84.8) 94 (15.2) 619 619 NL 942 (88.8) 119 (11.2) 1061 1061 PT 908 (90.8) 92 (9.2) 1000 1000 SE 750 (75.0) 250 (25.0) 1000 1000 N Sum 13548 2582 16130 N Valid Sum 13548 2582 16130 printed 24.01.2012 page 409 Eurobarometer 55.2 - May-June 2001,GESIS Variable Report,435,ZA3509
v393,v393 0 1 N Sum N Valid Sum,Q57 INTERNET OPPORTUNIT: IMPROVE JOB,isocntry AT 837 (82.1) 182 (17.9) 1019 1019 BE 944 (89.2) 114 (10.8) 1058 1058 DE-E 891 (86.8) 135 (13.2) 1026 1026 DE-W 873 (86.3) 139 (13.7) 1012 1012 DK 826 (82.6) 174 (17.4) 1000 1000 ES 854 (85.4) 146 (14.6) 1000 1000 FI 766 (75.0) 256 (25.0) 1022 1022 FR 859 (85.6) 145 (14.4) 1004 1004 GB-GBN 849 (84.9) 151 (15.1) 1000 1000 GB-NIR 242 (79.6) 62 (20.4) 304 304 GR 856 (85.3) 148 (14.7) 1004 1004 IE 854 (84.9) 152 (15.1) 1006 1006 IT 799 (80.3) 196 (19.7) 995 995 LU 492 (79.5) 127 (20.5) 619 619 NL 908 (85.6) 153 (14.4) 1061 1061 PT 851 (85.1) 149 (14.9) 1000 1000 SE 782 (78.2) 218 (21.8) 1000 1000 N Sum 13483 2647 16130 N Valid Sum 13483 2647 16130 printed 24.01.2012 page 410 Eurobarometer 55.2 - May-June 2001,isocntry AT 837 (82.1) 182 (17.9) 1019 1019 BE 944 (89.2) 114 (10.8) 1058 1058 DE-E 891 (86.8) 135 (13.2) 1026 1026 DE-W 873 (86.3) 139 (13.7) 1012 1012 DK 826 (82.6) 174 (17.4) 1000 1000 ES 854 (85.4) 146 (14.6) 1000 1000 FI 766 (75.0) 256 (25.0) 1022 1022 FR 859 (85.6) 145 (14.4) 1004 1004 GB-GBN 849 (84.9) 151 (15.1) 1000 1000 GB-NIR 242 (79.6) 62 (20.4) 304 304 GR 856 (85.3) 148 (14.7) 1004 1004 IE 854 (84.9) 152 (15.1) 1006 1006 IT 799 (80.3) 196 (19.7) 995 995 LU 492 (79.5) 127 (20.5) 619 619 NL 908 (85.6) 153 (14.4) 1061 1061 PT 851 (85.1) 149 (14.9) 1000 1000 SE 782 (78.2) 218 (21.8) 1000 1000 N Sum 13483 2647 16130 N Valid Sum 13483 2647 16130 printed 24.01.2012 page 410 Eurobarometer 55.2 - May-June 2001,GESIS Variable Report,436,ZA3509
v394,v394 0 1 N Sum N Valid Sum,Q57 INTERNET OPPORTUNIT: TRAINING,isocntry AT 763 (74.9) 256 (25.1) 1019 1019 BE 906 (85.6) 152 (14.4) 1058 1058 DE-E 793 (77.3) 233 (22.7) 1026 1026 DE-W 787 (77.8) 225 (22.2) 1012 1012 DK 769 (76.9) 231 (23.1) 1000 1000 ES 728 (72.8) 272 (27.2) 1000 1000 FI 881 (86.2) 141 (13.8) 1022 1022 FR 788 (78.5) 216 (21.5) 1004 1004 GB-GBN 688 (68.8) 312 (31.2) 1000 1000 GB-NIR 197 (64.8) 107 (35.2) 304 304 GR 716 (71.3) 288 (28.7) 1004 1004 IE 730 (72.6) 276 (27.4) 1006 1006 IT 853 (85.7) 142 (14.3) 995 995 LU 481 (77.7) 138 (22.3) 619 619 NL 905 (85.3) 156 (14.7) 1061 1061 PT 787 (78.7) 213 (21.3) 1000 1000 SE 723 (72.3) 277 (27.7) 1000 1000 N Sum 12495 3635 16130 N Valid Sum 12495 3635 16130 printed 24.01.2012 page 411 Eurobarometer 55.2 - May-June 2001,isocntry AT 763 (74.9) 256 (25.1) 1019 1019 BE 906 (85.6) 152 (14.4) 1058 1058 DE-E 793 (77.3) 233 (22.7) 1026 1026 DE-W 787 (77.8) 225 (22.2) 1012 1012 DK 769 (76.9) 231 (23.1) 1000 1000 ES 728 (72.8) 272 (27.2) 1000 1000 FI 881 (86.2) 141 (13.8) 1022 1022 FR 788 (78.5) 216 (21.5) 1004 1004 GB-GBN 688 (68.8) 312 (31.2) 1000 1000 GB-NIR 197 (64.8) 107 (35.2) 304 304 GR 716 (71.3) 288 (28.7) 1004 1004 IE 730 (72.6) 276 (27.4) 1006 1006 IT 853 (85.7) 142 (14.3) 995 995 LU 481 (77.7) 138 (22.3) 619 619 NL 905 (85.3) 156 (14.7) 1061 1061 PT 787 (78.7) 213 (21.3) 1000 1000 SE 723 (72.3) 277 (27.7) 1000 1000 N Sum 12495 3635 16130 N Valid Sum 12495 3635 16130 printed 24.01.2012 page 411 Eurobarometer 55.2 - May-June 2001,GESIS Variable Report,437,ZA3509
v395,v395 0 1 N Sum N Valid Sum,Q57 INTERNET OPPORTUNIT: BUY/SELL,isocntry AT 782 (76.7) 237 (23.3) 1019 1019 BE 926 (87.5) 132 (12.5) 1058 1058 DE-E 839 (81.8) 187 (18.2) 1026 1026 DE-W 775 (76.6) 237 (23.4) 1012 1012 DK 599 (59.9) 401 (40.1) 1000 1000 ES 853 (85.3) 147 (14.7) 1000 1000 FI 652 (63.8) 370 (36.2) 1022 1022 FR 861 (85.8) 143 (14.2) 1004 1004 GB-GBN 692 (69.2) 308 (30.8) 1000 1000 GB-NIR 209 (68.8) 95 (31.3) 304 304 GR 893 (88.9) 111 (11.1) 1004 1004 IE 842 (83.7) 164 (16.3) 1006 1006 IT 835 (83.9) 160 (16.1) 995 995 LU 516 (83.4) 103 (16.6) 619 619 NL 739 (69.7) 322 (30.3) 1061 1061 PT 955 (95.5) 45 (4.5) 1000 1000 SE 549 (54.9) 451 (45.1) 1000 1000 N Sum 12517 3613 16130 N Valid Sum 12517 3613 16130 printed 24.01.2012 page 412 Eurobarometer 55.2 - May-June 2001,isocntry AT 782 (76.7) 237 (23.3) 1019 1019 BE 926 (87.5) 132 (12.5) 1058 1058 DE-E 839 (81.8) 187 (18.2) 1026 1026 DE-W 775 (76.6) 237 (23.4) 1012 1012 DK 599 (59.9) 401 (40.1) 1000 1000 ES 853 (85.3) 147 (14.7) 1000 1000 FI 652 (63.8) 370 (36.2) 1022 1022 FR 861 (85.8) 143 (14.2) 1004 1004 GB-GBN 692 (69.2) 308 (30.8) 1000 1000 GB-NIR 209 (68.8) 95 (31.3) 304 304 GR 893 (88.9) 111 (11.1) 1004 1004 IE 842 (83.7) 164 (16.3) 1006 1006 IT 835 (83.9) 160 (16.1) 995 995 LU 516 (83.4) 103 (16.6) 619 619 NL 739 (69.7) 322 (30.3) 1061 1061 PT 955 (95.5) 45 (4.5) 1000 1000 SE 549 (54.9) 451 (45.1) 1000 1000 N Sum 12517 3613 16130 N Valid Sum 12517 3613 16130 printed 24.01.2012 page 412 Eurobarometer 55.2 - May-June 2001,GESIS Variable Report,438,ZA3509
v396,v396 0 1 N Sum N Valid Sum,Q57 INTERNET OPPORTUNIT: SELECT GOODS,isocntry AT 833 (81.7) 186 (18.3) 1019 1019 BE 948 (89.6) 110 (10.4) 1058 1058 DE-E 887 (86.5) 139 (13.5) 1026 1026 DE-W 861 (85.1) 151 (14.9) 1012 1012 DK 801 (80.1) 199 (19.9) 1000 1000 ES 893 (89.3) 107 (10.7) 1000 1000 FI 885 (86.6) 137 (13.4) 1022 1022 FR 907 (90.3) 97 (9.7) 1004 1004 GB-GBN 827 (82.7) 173 (17.3) 1000 1000 GB-NIR 249 (81.9) 55 (18.1) 304 304 GR 885 (88.1) 119 (11.9) 1004 1004 IE 870 (86.5) 136 (13.5) 1006 1006 IT 885 (88.9) 110 (11.1) 995 995 LU 532 (85.9) 87 (14.1) 619 619 NL 824 (77.7) 237 (22.3) 1061 1061 PT 930 (93.0) 70 (7.0) 1000 1000 SE 702 (70.2) 298 (29.8) 1000 1000 N Sum 13719 2411 16130 N Valid Sum 13719 2411 16130 printed 24.01.2012 page 413 Eurobarometer 55.2 - May-June 2001,isocntry AT 833 (81.7) 186 (18.3) 1019 1019 BE 948 (89.6) 110 (10.4) 1058 1058 DE-E 887 (86.5) 139 (13.5) 1026 1026 DE-W 861 (85.1) 151 (14.9) 1012 1012 DK 801 (80.1) 199 (19.9) 1000 1000 ES 893 (89.3) 107 (10.7) 1000 1000 FI 885 (86.6) 137 (13.4) 1022 1022 FR 907 (90.3) 97 (9.7) 1004 1004 GB-GBN 827 (82.7) 173 (17.3) 1000 1000 GB-NIR 249 (81.9) 55 (18.1) 304 304 GR 885 (88.1) 119 (11.9) 1004 1004 IE 870 (86.5) 136 (13.5) 1006 1006 IT 885 (88.9) 110 (11.1) 995 995 LU 532 (85.9) 87 (14.1) 619 619 NL 824 (77.7) 237 (22.3) 1061 1061 PT 930 (93.0) 70 (7.0) 1000 1000 SE 702 (70.2) 298 (29.8) 1000 1000 N Sum 13719 2411 16130 N Valid Sum 13719 2411 16130 printed 24.01.2012 page 413 Eurobarometer 55.2 - May-June 2001,GESIS Variable Report,439,ZA3509
v397,v397 0 1 N Sum N Valid Sum,Q57 INTERNET OPPORTUNIT: INFO,isocntry AT 597 (58.6) 422 (41.4) 1019 1019 BE 628 (59.4) 430 (40.6) 1058 1058 DE-E 658 (64.1) 368 (35.9) 1026 1026 DE-W 616 (60.9) 396 (39.1) 1012 1012 DK 404 (40.4) 596 (59.6) 1000 1000 ES 508 (50.8) 492 (49.2) 1000 1000 FI 576 (56.4) 446 (43.6) 1022 1022 FR 670 (66.7) 334 (33.3) 1004 1004 GB-GBN 490 (49.0) 510 (51.0) 1000 1000 GB-NIR 150 (49.3) 154 (50.7) 304 304 GR 672 (66.9) 332 (33.1) 1004 1004 IE 575 (57.2) 431 (42.8) 1006 1006 IT 568 (57.1) 427 (42.9) 995 995 LU 337 (54.4) 282 (45.6) 619 619 NL 365 (34.4) 696 (65.6) 1061 1061 PT 674 (67.4) 326 (32.6) 1000 1000 SE 338 (33.8) 662 (66.2) 1000 1000 N Sum 8826 7304 16130 N Valid Sum 8826 7304 16130 printed 24.01.2012 page 414 Eurobarometer 55.2 - May-June 2001,isocntry AT 597 (58.6) 422 (41.4) 1019 1019 BE 628 (59.4) 430 (40.6) 1058 1058 DE-E 658 (64.1) 368 (35.9) 1026 1026 DE-W 616 (60.9) 396 (39.1) 1012 1012 DK 404 (40.4) 596 (59.6) 1000 1000 ES 508 (50.8) 492 (49.2) 1000 1000 FI 576 (56.4) 446 (43.6) 1022 1022 FR 670 (66.7) 334 (33.3) 1004 1004 GB-GBN 490 (49.0) 510 (51.0) 1000 1000 GB-NIR 150 (49.3) 154 (50.7) 304 304 GR 672 (66.9) 332 (33.1) 1004 1004 IE 575 (57.2) 431 (42.8) 1006 1006 IT 568 (57.1) 427 (42.9) 995 995 LU 337 (54.4) 282 (45.6) 619 619 NL 365 (34.4) 696 (65.6) 1061 1061 PT 674 (67.4) 326 (32.6) 1000 1000 SE 338 (33.8) 662 (66.2) 1000 1000 N Sum 8826 7304 16130 N Valid Sum 8826 7304 16130 printed 24.01.2012 page 414 Eurobarometer 55.2 - May-June 2001,GESIS Variable Report,440,ZA3509
v398,v398 0 1 N Sum N Valid Sum,Q57 INTERNET OPPORTUNIT: ONLINE SERVICE,isocntry AT 775 (76.1) 244 (23.9) 1019 1019 BE 891 (84.2) 167 (15.8) 1058 1058 DE-E 825 (80.4) 201 (19.6) 1026 1026 DE-W 774 (76.5) 238 (23.5) 1012 1012 DK 583 (58.3) 417 (41.7) 1000 1000 ES 855 (85.5) 145 (14.5) 1000 1000 FI 644 (63.0) 378 (37.0) 1022 1022 FR 888 (88.4) 116 (11.6) 1004 1004 GB-GBN 735 (73.5) 265 (26.5) 1000 1000 GB-NIR 219 (72.0) 85 (28.0) 304 304 GR 885 (88.1) 119 (11.9) 1004 1004 IE 860 (85.5) 146 (14.5) 1006 1006 IT 757 (76.1) 238 (23.9) 995 995 LU 478 (77.2) 141 (22.8) 619 619 NL 631 (59.5) 430 (40.5) 1061 1061 PT 932 (93.2) 68 (6.8) 1000 1000 SE 550 (55.0) 450 (45.0) 1000 1000 N Sum 12282 3848 16130 N Valid Sum 12282 3848 16130 printed 24.01.2012 page 415 Eurobarometer 55.2 - May-June 2001,isocntry AT 775 (76.1) 244 (23.9) 1019 1019 BE 891 (84.2) 167 (15.8) 1058 1058 DE-E 825 (80.4) 201 (19.6) 1026 1026 DE-W 774 (76.5) 238 (23.5) 1012 1012 DK 583 (58.3) 417 (41.7) 1000 1000 ES 855 (85.5) 145 (14.5) 1000 1000 FI 644 (63.0) 378 (37.0) 1022 1022 FR 888 (88.4) 116 (11.6) 1004 1004 GB-GBN 735 (73.5) 265 (26.5) 1000 1000 GB-NIR 219 (72.0) 85 (28.0) 304 304 GR 885 (88.1) 119 (11.9) 1004 1004 IE 860 (85.5) 146 (14.5) 1006 1006 IT 757 (76.1) 238 (23.9) 995 995 LU 478 (77.2) 141 (22.8) 619 619 NL 631 (59.5) 430 (40.5) 1061 1061 PT 932 (93.2) 68 (6.8) 1000 1000 SE 550 (55.0) 450 (45.0) 1000 1000 N Sum 12282 3848 16130 N Valid Sum 12282 3848 16130 printed 24.01.2012 page 415 Eurobarometer 55.2 - May-June 2001,GESIS Variable Report,441,ZA3509
v399,v399 0 1 N Sum N Valid Sum,Q57 INTERNET OPPORTUNIT: PUBLIC SERVICE,isocntry AT 839 (82.3) 180 (17.7) 1019 1019 BE 889 (84.0) 169 (16.0) 1058 1058 DE-E 894 (87.1) 132 (12.9) 1026 1026 DE-W 864 (85.4) 148 (14.6) 1012 1012 DK 582 (58.2) 418 (41.8) 1000 1000 ES 872 (87.2) 128 (12.8) 1000 1000 FI 716 (70.1) 306 (29.9) 1022 1022 FR 846 (84.3) 158 (15.7) 1004 1004 GB-GBN 825 (82.5) 175 (17.5) 1000 1000 GB-NIR 259 (85.2) 45 (14.8) 304 304 GR 905 (90.1) 99 (9.9) 1004 1004 IE 921 (91.6) 85 (8.4) 1006 1006 IT 810 (81.4) 185 (18.6) 995 995 LU 493 (79.6) 126 (20.4) 619 619 NL 780 (73.5) 281 (26.5) 1061 1061 PT 918 (91.8) 82 (8.2) 1000 1000 SE 748 (74.8) 252 (25.2) 1000 1000 N Sum 13161 2969 16130 N Valid Sum 13161 2969 16130 printed 24.01.2012 page 416 Eurobarometer 55.2 - May-June 2001,isocntry AT 839 (82.3) 180 (17.7) 1019 1019 BE 889 (84.0) 169 (16.0) 1058 1058 DE-E 894 (87.1) 132 (12.9) 1026 1026 DE-W 864 (85.4) 148 (14.6) 1012 1012 DK 582 (58.2) 418 (41.8) 1000 1000 ES 872 (87.2) 128 (12.8) 1000 1000 FI 716 (70.1) 306 (29.9) 1022 1022 FR 846 (84.3) 158 (15.7) 1004 1004 GB-GBN 825 (82.5) 175 (17.5) 1000 1000 GB-NIR 259 (85.2) 45 (14.8) 304 304 GR 905 (90.1) 99 (9.9) 1004 1004 IE 921 (91.6) 85 (8.4) 1006 1006 IT 810 (81.4) 185 (18.6) 995 995 LU 493 (79.6) 126 (20.4) 619 619 NL 780 (73.5) 281 (26.5) 1061 1061 PT 918 (91.8) 82 (8.2) 1000 1000 SE 748 (74.8) 252 (25.2) 1000 1000 N Sum 13161 2969 16130 N Valid Sum 13161 2969 16130 printed 24.01.2012 page 416 Eurobarometer 55.2 - May-June 2001,GESIS Variable Report,442,ZA3509
v400,v400 0 1 N Sum N Valid Sum,Q57 INTERNET OPPORTUNIT: CONTACT FRIENDS,isocntry AT 844 (82.8) 175 (17.2) 1019 1019 BE 878 (83.0) 180 (17.0) 1058 1058 DE-E 867 (84.5) 159 (15.5) 1026 1026 DE-W 854 (84.4) 158 (15.6) 1012 1012 DK 746 (74.6) 254 (25.4) 1000 1000 ES 744 (74.4) 256 (25.6) 1000 1000 FI 876 (85.7) 146 (14.3) 1022 1022 FR 813 (81.0) 191 (19.0) 1004 1004 GB-GBN 737 (73.7) 263 (26.3) 1000 1000 GB-NIR 220 (72.4) 84 (27.6) 304 304 GR 804 (80.1) 200 (19.9) 1004 1004 IE 833 (82.8) 173 (17.2) 1006 1006 IT 822 (82.6) 173 (17.4) 995 995 LU 505 (81.6) 114 (18.4) 619 619 NL 785 (74.0) 276 (26.0) 1061 1061 PT 873 (87.3) 127 (12.7) 1000 1000 SE 744 (74.4) 256 (25.6) 1000 1000 N Sum 12945 3185 16130 N Valid Sum 12945 3185 16130 printed 24.01.2012 page 417 Eurobarometer 55.2 - May-June 2001,isocntry AT 844 (82.8) 175 (17.2) 1019 1019 BE 878 (83.0) 180 (17.0) 1058 1058 DE-E 867 (84.5) 159 (15.5) 1026 1026 DE-W 854 (84.4) 158 (15.6) 1012 1012 DK 746 (74.6) 254 (25.4) 1000 1000 ES 744 (74.4) 256 (25.6) 1000 1000 FI 876 (85.7) 146 (14.3) 1022 1022 FR 813 (81.0) 191 (19.0) 1004 1004 GB-GBN 737 (73.7) 263 (26.3) 1000 1000 GB-NIR 220 (72.4) 84 (27.6) 304 304 GR 804 (80.1) 200 (19.9) 1004 1004 IE 833 (82.8) 173 (17.2) 1006 1006 IT 822 (82.6) 173 (17.4) 995 995 LU 505 (81.6) 114 (18.4) 619 619 NL 785 (74.0) 276 (26.0) 1061 1061 PT 873 (87.3) 127 (12.7) 1000 1000 SE 744 (74.4) 256 (25.6) 1000 1000 N Sum 12945 3185 16130 N Valid Sum 12945 3185 16130 printed 24.01.2012 page 417 Eurobarometer 55.2 - May-June 2001,GESIS Variable Report,443,ZA3509
v401,v401 0 1 N Sum N Valid Sum,Q57 INTERNET OPPORTUNIT: E-MAIL,isocntry AT 721 (70.8) 298 (29.2) 1019 1019 BE 800 (75.6) 258 (24.4) 1058 1058 DE-E 818 (79.7) 208 (20.3) 1026 1026 DE-W 751 (74.2) 261 (25.8) 1012 1012 DK 468 (46.8) 532 (53.2) 1000 1000 ES 818 (81.8) 182 (18.2) 1000 1000 FI 654 (64.0) 368 (36.0) 1022 1022 FR 784 (78.1) 220 (21.9) 1004 1004 GB-GBN 652 (65.2) 348 (34.8) 1000 1000 GB-NIR 197 (64.8) 107 (35.2) 304 304 GR 860 (85.7) 144 (14.3) 1004 1004 IE 757 (75.2) 249 (24.8) 1006 1006 IT 762 (76.6) 233 (23.4) 995 995 LU 454 (73.3) 165 (26.7) 619 619 NL 509 (48.0) 552 (52.0) 1061 1061 PT 908 (90.8) 92 (9.2) 1000 1000 SE 384 (38.4) 616 (61.6) 1000 1000 N Sum 11297 4833 16130 N Valid Sum 11297 4833 16130 printed 24.01.2012 page 418 Eurobarometer 55.2 - May-June 2001,isocntry AT 721 (70.8) 298 (29.2) 1019 1019 BE 800 (75.6) 258 (24.4) 1058 1058 DE-E 818 (79.7) 208 (20.3) 1026 1026 DE-W 751 (74.2) 261 (25.8) 1012 1012 DK 468 (46.8) 532 (53.2) 1000 1000 ES 818 (81.8) 182 (18.2) 1000 1000 FI 654 (64.0) 368 (36.0) 1022 1022 FR 784 (78.1) 220 (21.9) 1004 1004 GB-GBN 652 (65.2) 348 (34.8) 1000 1000 GB-NIR 197 (64.8) 107 (35.2) 304 304 GR 860 (85.7) 144 (14.3) 1004 1004 IE 757 (75.2) 249 (24.8) 1006 1006 IT 762 (76.6) 233 (23.4) 995 995 LU 454 (73.3) 165 (26.7) 619 619 NL 509 (48.0) 552 (52.0) 1061 1061 PT 908 (90.8) 92 (9.2) 1000 1000 SE 384 (38.4) 616 (61.6) 1000 1000 N Sum 11297 4833 16130 N Valid Sum 11297 4833 16130 printed 24.01.2012 page 418 Eurobarometer 55.2 - May-June 2001,GESIS Variable Report,444,ZA3509
v402,v402 0 1 N Sum N Valid Sum,Q57 INTERNET OPPORTUNIT: GAMES,isocntry AT 844 (82.8) 175 (17.2) 1019 1019 BE 900 (85.1) 158 (14.9) 1058 1058 DE-E 891 (86.8) 135 (13.2) 1026 1026 DE-W 893 (88.2) 119 (11.8) 1012 1012 DK 830 (83.0) 170 (17.0) 1000 1000 ES 795 (79.5) 205 (20.5) 1000 1000 FI 875 (85.6) 147 (14.4) 1022 1022 FR 819 (81.6) 185 (18.4) 1004 1004 GB-GBN 818 (81.8) 182 (18.2) 1000 1000 GB-NIR 265 (87.2) 39 (12.8) 304 304 GR 839 (83.6) 165 (16.4) 1004 1004 IE 891 (88.6) 115 (11.4) 1006 1006 IT 873 (87.7) 122 (12.3) 995 995 LU 537 (86.8) 82 (13.2) 619 619 NL 794 (74.8) 267 (25.2) 1061 1061 PT 875 (87.5) 125 (12.5) 1000 1000 SE 790 (79.0) 210 (21.0) 1000 1000 N Sum 13529 2601 16130 N Valid Sum 13529 2601 16130 printed 24.01.2012 page 419 Eurobarometer 55.2 - May-June 2001,isocntry AT 844 (82.8) 175 (17.2) 1019 1019 BE 900 (85.1) 158 (14.9) 1058 1058 DE-E 891 (86.8) 135 (13.2) 1026 1026 DE-W 893 (88.2) 119 (11.8) 1012 1012 DK 830 (83.0) 170 (17.0) 1000 1000 ES 795 (79.5) 205 (20.5) 1000 1000 FI 875 (85.6) 147 (14.4) 1022 1022 FR 819 (81.6) 185 (18.4) 1004 1004 GB-GBN 818 (81.8) 182 (18.2) 1000 1000 GB-NIR 265 (87.2) 39 (12.8) 304 304 GR 839 (83.6) 165 (16.4) 1004 1004 IE 891 (88.6) 115 (11.4) 1006 1006 IT 873 (87.7) 122 (12.3) 995 995 LU 537 (86.8) 82 (13.2) 619 619 NL 794 (74.8) 267 (25.2) 1061 1061 PT 875 (87.5) 125 (12.5) 1000 1000 SE 790 (79.0) 210 (21.0) 1000 1000 N Sum 13529 2601 16130 N Valid Sum 13529 2601 16130 printed 24.01.2012 page 419 Eurobarometer 55.2 - May-June 2001,GESIS Variable Report,445,ZA3509
v403,v403 0 1 N Sum N Valid Sum,Q57 INTERNET OPPORTUNIT: CONTACT PEOPLE,isocntry AT 826 (81.1) 193 (18.9) 1019 1019 BE 883 (83.5) 175 (16.5) 1058 1058 DE-E 868 (84.6) 158 (15.4) 1026 1026 DE-W 855 (84.5) 157 (15.5) 1012 1012 DK 790 (79.0) 210 (21.0) 1000 1000 ES 766 (76.6) 234 (23.4) 1000 1000 FI 950 (93.0) 72 (7.0) 1022 1022 FR 840 (83.7) 164 (16.3) 1004 1004 GB-GBN 829 (82.9) 171 (17.1) 1000 1000 GB-NIR 231 (76.0) 73 (24.0) 304 304 GR 865 (86.2) 139 (13.8) 1004 1004 IE 865 (86.0) 141 (14.0) 1006 1006 IT 811 (81.5) 184 (18.5) 995 995 LU 508 (82.1) 111 (17.9) 619 619 NL 843 (79.5) 218 (20.5) 1061 1061 PT 833 (83.3) 167 (16.7) 1000 1000 SE 743 (74.3) 257 (25.7) 1000 1000 N Sum 13306 2824 16130 N Valid Sum 13306 2824 16130 printed 24.01.2012 page 420 Eurobarometer 55.2 - May-June 2001,isocntry AT 826 (81.1) 193 (18.9) 1019 1019 BE 883 (83.5) 175 (16.5) 1058 1058 DE-E 868 (84.6) 158 (15.4) 1026 1026 DE-W 855 (84.5) 157 (15.5) 1012 1012 DK 790 (79.0) 210 (21.0) 1000 1000 ES 766 (76.6) 234 (23.4) 1000 1000 FI 950 (93.0) 72 (7.0) 1022 1022 FR 840 (83.7) 164 (16.3) 1004 1004 GB-GBN 829 (82.9) 171 (17.1) 1000 1000 GB-NIR 231 (76.0) 73 (24.0) 304 304 GR 865 (86.2) 139 (13.8) 1004 1004 IE 865 (86.0) 141 (14.0) 1006 1006 IT 811 (81.5) 184 (18.5) 995 995 LU 508 (82.1) 111 (17.9) 619 619 NL 843 (79.5) 218 (20.5) 1061 1061 PT 833 (83.3) 167 (16.7) 1000 1000 SE 743 (74.3) 257 (25.7) 1000 1000 N Sum 13306 2824 16130 N Valid Sum 13306 2824 16130 printed 24.01.2012 page 420 Eurobarometer 55.2 - May-June 2001,GESIS Variable Report,446,ZA3509
v404,v404 0 1 N Sum N Valid Sum,Q57 INTERNET OPPORTUNIT: LOCAL COMMUNITY,isocntry AT 952 (93.4) 67 (6.6) 1019 1019 BE 1012 (95.7) 46 (4.3) 1058 1058 DE-E 989 (96.4) 37 (3.6) 1026 1026 DE-W 967 (95.6) 45 (4.4) 1012 1012 DK 911 (91.1) 89 (8.9) 1000 1000 ES 947 (94.7) 53 (5.3) 1000 1000 FI 992 (97.1) 30 (2.9) 1022 1022 FR 971 (96.7) 33 (3.3) 1004 1004 GB-GBN 923 (92.3) 77 (7.7) 1000 1000 GB-NIR 284 (93.4) 20 (6.6) 304 304 GR 955 (95.1) 49 (4.9) 1004 1004 IE 963 (95.7) 43 (4.3) 1006 1006 IT 923 (92.8) 72 (7.2) 995 995 LU 585 (94.5) 34 (5.5) 619 619 NL 1024 (96.5) 37 (3.5) 1061 1061 PT 950 (95.0) 50 (5.0) 1000 1000 SE 900 (90.0) 100 (10.0) 1000 1000 N Sum 15248 882 16130 N Valid Sum 15248 882 16130 printed 24.01.2012 page 421 Eurobarometer 55.2 - May-June 2001,isocntry AT 952 (93.4) 67 (6.6) 1019 1019 BE 1012 (95.7) 46 (4.3) 1058 1058 DE-E 989 (96.4) 37 (3.6) 1026 1026 DE-W 967 (95.6) 45 (4.4) 1012 1012 DK 911 (91.1) 89 (8.9) 1000 1000 ES 947 (94.7) 53 (5.3) 1000 1000 FI 992 (97.1) 30 (2.9) 1022 1022 FR 971 (96.7) 33 (3.3) 1004 1004 GB-GBN 923 (92.3) 77 (7.7) 1000 1000 GB-NIR 284 (93.4) 20 (6.6) 304 304 GR 955 (95.1) 49 (4.9) 1004 1004 IE 963 (95.7) 43 (4.3) 1006 1006 IT 923 (92.8) 72 (7.2) 995 995 LU 585 (94.5) 34 (5.5) 619 619 NL 1024 (96.5) 37 (3.5) 1061 1061 PT 950 (95.0) 50 (5.0) 1000 1000 SE 900 (90.0) 100 (10.0) 1000 1000 N Sum 15248 882 16130 N Valid Sum 15248 882 16130 printed 24.01.2012 page 421 Eurobarometer 55.2 - May-June 2001,GESIS Variable Report,447,ZA3509
v405,v405 0 1 N Sum N Valid Sum,Q57 INTERNET OPPORTUNIT: OTHER,isocntry AT 925 (90.8) 94 (9.2) 1019 1019 BE 959 (90.6) 99 (9.4) 1058 1058 DE-E 941 (91.7) 85 (8.3) 1026 1026 DE-W 910 (89.9) 102 (10.1) 1012 1012 DK 854 (85.4) 146 (14.6) 1000 1000 ES 885 (88.5) 115 (11.5) 1000 1000 FI 933 (91.3) 89 (8.7) 1022 1022 FR 929 (92.5) 75 (7.5) 1004 1004 GB-GBN 884 (88.4) 116 (11.6) 1000 1000 GB-NIR 276 (90.8) 28 (9.2) 304 304 GR 963 (95.9) 41 (4.1) 1004 1004 IE 927 (92.1) 79 (7.9) 1006 1006 IT 900 (90.5) 95 (9.5) 995 995 LU 574 (92.7) 45 (7.3) 619 619 NL 938 (88.4) 123 (11.6) 1061 1061 PT 889 (88.9) 111 (11.1) 1000 1000 SE 813 (81.3) 187 (18.7) 1000 1000 N Sum 14500 1630 16130 N Valid Sum 14500 1630 16130 printed 24.01.2012 page 422 Eurobarometer 55.2 - May-June 2001,isocntry AT 925 (90.8) 94 (9.2) 1019 1019 BE 959 (90.6) 99 (9.4) 1058 1058 DE-E 941 (91.7) 85 (8.3) 1026 1026 DE-W 910 (89.9) 102 (10.1) 1012 1012 DK 854 (85.4) 146 (14.6) 1000 1000 ES 885 (88.5) 115 (11.5) 1000 1000 FI 933 (91.3) 89 (8.7) 1022 1022 FR 929 (92.5) 75 (7.5) 1004 1004 GB-GBN 884 (88.4) 116 (11.6) 1000 1000 GB-NIR 276 (90.8) 28 (9.2) 304 304 GR 963 (95.9) 41 (4.1) 1004 1004 IE 927 (92.1) 79 (7.9) 1006 1006 IT 900 (90.5) 95 (9.5) 995 995 LU 574 (92.7) 45 (7.3) 619 619 NL 938 (88.4) 123 (11.6) 1061 1061 PT 889 (88.9) 111 (11.1) 1000 1000 SE 813 (81.3) 187 (18.7) 1000 1000 N Sum 14500 1630 16130 N Valid Sum 14500 1630 16130 printed 24.01.2012 page 422 Eurobarometer 55.2 - May-June 2001,GESIS Variable Report,448,ZA3509
v406,v406 0 1 N Sum N Valid Sum,Q57 INTERNET OPPORTUNIT: DO NOT MISS,isocntry AT 895 (87.8) 124 (12.2) 1019 1019 BE 862 (81.5) 196 (18.5) 1058 1058 DE-E 725 (70.7) 301 (29.3) 1026 1026 DE-W 708 (70.0) 304 (30.0) 1012 1012 DK 870 (87.0) 130 (13.0) 1000 1000 ES 831 (83.1) 169 (16.9) 1000 1000 FI 887 (86.8) 135 (13.2) 1022 1022 FR 797 (79.4) 207 (20.6) 1004 1004 GB-GBN 831 (83.1) 169 (16.9) 1000 1000 GB-NIR 281 (92.4) 23 (7.6) 304 304 GR 841 (83.8) 163 (16.2) 1004 1004 IE 904 (89.9) 102 (10.1) 1006 1006 IT 839 (84.3) 156 (15.7) 995 995 LU 516 (83.4) 103 (16.6) 619 619 NL 924 (87.1) 137 (12.9) 1061 1061 PT 903 (90.3) 97 (9.7) 1000 1000 SE 912 (91.2) 88 (8.8) 1000 1000 N Sum 13526 2604 16130 N Valid Sum 13526 2604 16130 printed 24.01.2012 page 423 Eurobarometer 55.2 - May-June 2001,isocntry AT 895 (87.8) 124 (12.2) 1019 1019 BE 862 (81.5) 196 (18.5) 1058 1058 DE-E 725 (70.7) 301 (29.3) 1026 1026 DE-W 708 (70.0) 304 (30.0) 1012 1012 DK 870 (87.0) 130 (13.0) 1000 1000 ES 831 (83.1) 169 (16.9) 1000 1000 FI 887 (86.8) 135 (13.2) 1022 1022 FR 797 (79.4) 207 (20.6) 1004 1004 GB-GBN 831 (83.1) 169 (16.9) 1000 1000 GB-NIR 281 (92.4) 23 (7.6) 304 304 GR 841 (83.8) 163 (16.2) 1004 1004 IE 904 (89.9) 102 (10.1) 1006 1006 IT 839 (84.3) 156 (15.7) 995 995 LU 516 (83.4) 103 (16.6) 619 619 NL 924 (87.1) 137 (12.9) 1061 1061 PT 903 (90.3) 97 (9.7) 1000 1000 SE 912 (91.2) 88 (8.8) 1000 1000 N Sum 13526 2604 16130 N Valid Sum 13526 2604 16130 printed 24.01.2012 page 423 Eurobarometer 55.2 - May-June 2001,GESIS Variable Report,449,ZA3509
v407,v407 0 1 N Sum N Valid Sum,Q57 INTERNET OPPORTUNIT: NONE OF THESE,isocntry AT 891 (87.4) 128 (12.6) 1019 1019 BE 955 (90.3) 103 (9.7) 1058 1058 DE-E 945 (92.1) 81 (7.9) 1026 1026 DE-W 925 (91.4) 87 (8.6) 1012 1012 DK 951 (95.1) 49 (4.9) 1000 1000 ES 941 (94.1) 59 (5.9) 1000 1000 FI 989 (96.8) 33 (3.2) 1022 1022 FR 868 (86.5) 136 (13.5) 1004 1004 GB-GBN 938 (93.8) 62 (6.2) 1000 1000 GB-NIR 282 (92.8) 22 (7.2) 304 304 GR 896 (89.2) 108 (10.8) 1004 1004 IE 922 (91.7) 84 (8.3) 1006 1006 IT 924 (92.9) 71 (7.1) 995 995 LU 555 (89.7) 64 (10.3) 619 619 NL 1028 (96.9) 33 (3.1) 1061 1061 PT 857 (85.7) 143 (14.3) 1000 1000 SE 973 (97.3) 27 (2.7) 1000 1000 N Sum 14840 1290 16130 N Valid Sum 14840 1290 16130 printed 24.01.2012 page 424 Eurobarometer 55.2 - May-June 2001,isocntry AT 891 (87.4) 128 (12.6) 1019 1019 BE 955 (90.3) 103 (9.7) 1058 1058 DE-E 945 (92.1) 81 (7.9) 1026 1026 DE-W 925 (91.4) 87 (8.6) 1012 1012 DK 951 (95.1) 49 (4.9) 1000 1000 ES 941 (94.1) 59 (5.9) 1000 1000 FI 989 (96.8) 33 (3.2) 1022 1022 FR 868 (86.5) 136 (13.5) 1004 1004 GB-GBN 938 (93.8) 62 (6.2) 1000 1000 GB-NIR 282 (92.8) 22 (7.2) 304 304 GR 896 (89.2) 108 (10.8) 1004 1004 IE 922 (91.7) 84 (8.3) 1006 1006 IT 924 (92.9) 71 (7.1) 995 995 LU 555 (89.7) 64 (10.3) 619 619 NL 1028 (96.9) 33 (3.1) 1061 1061 PT 857 (85.7) 143 (14.3) 1000 1000 SE 973 (97.3) 27 (2.7) 1000 1000 N Sum 14840 1290 16130 N Valid Sum 14840 1290 16130 printed 24.01.2012 page 424 Eurobarometer 55.2 - May-June 2001,GESIS Variable Report,450,ZA3509
v408,v408 0 1 N Sum N Valid Sum,Q57 INTERNET OPPORTUNIT: DK,isocntry AT 898 (88.1) 121 (11.9) 1019 1019 BE 928 (87.7) 130 (12.3) 1058 1058 DE-E 914 (89.1) 112 (10.9) 1026 1026 DE-W 936 (92.5) 76 (7.5) 1012 1012 DK 958 (95.8) 42 (4.2) 1000 1000 ES 849 (84.9) 151 (15.1) 1000 1000 FI 928 (90.8) 94 (9.2) 1022 1022 FR 931 (92.7) 73 (7.3) 1004 1004 GB-GBN 894 (89.4) 106 (10.6) 1000 1000 GB-NIR 260 (85.5) 44 (14.5) 304 304 GR 831 (82.8) 173 (17.2) 1004 1004 IE 842 (83.7) 164 (16.3) 1006 1006 IT 863 (86.7) 132 (13.3) 995 995 LU 558 (90.1) 61 (9.9) 619 619 NL 994 (93.7) 67 (6.3) 1061 1061 PT 759 (75.9) 241 (24.1) 1000 1000 SE 962 (96.2) 38 (3.8) 1000 1000 N Sum 14305 1825 16130 N Valid Sum 14305 1825 16130 printed 24.01.2012 page 425 Eurobarometer 55.2 - May-June 2001,isocntry AT 898 (88.1) 121 (11.9) 1019 1019 BE 928 (87.7) 130 (12.3) 1058 1058 DE-E 914 (89.1) 112 (10.9) 1026 1026 DE-W 936 (92.5) 76 (7.5) 1012 1012 DK 958 (95.8) 42 (4.2) 1000 1000 ES 849 (84.9) 151 (15.1) 1000 1000 FI 928 (90.8) 94 (9.2) 1022 1022 FR 931 (92.7) 73 (7.3) 1004 1004 GB-GBN 894 (89.4) 106 (10.6) 1000 1000 GB-NIR 260 (85.5) 44 (14.5) 304 304 GR 831 (82.8) 173 (17.2) 1004 1004 IE 842 (83.7) 164 (16.3) 1006 1006 IT 863 (86.7) 132 (13.3) 995 995 LU 558 (90.1) 61 (9.9) 619 619 NL 994 (93.7) 67 (6.3) 1061 1061 PT 759 (75.9) 241 (24.1) 1000 1000 SE 962 (96.2) 38 (3.8) 1000 1000 N Sum 14305 1825 16130 N Valid Sum 14305 1825 16130 printed 24.01.2012 page 425 Eurobarometer 55.2 - May-June 2001,GESIS Variable Report,451,ZA3509
v409,v409 0 1 N Sum N Valid Sum,Q58 INTERNET ACCESS DISADV: PUBL POINTS,isocntry AT 655 (64.3) 364 (35.7) 1019 1019 BE 631 (59.6) 427 (40.4) 1058 1058 DE-E 715 (69.7) 311 (30.3) 1026 1026 DE-W 687 (67.9) 325 (32.1) 1012 1012 DK 481 (48.1) 519 (51.9) 1000 1000 ES 583 (58.3) 417 (41.7) 1000 1000 FI 394 (38.6) 628 (61.4) 1022 1022 FR 589 (58.7) 415 (41.3) 1004 1004 GB-GBN 576 (57.6) 424 (42.4) 1000 1000 GB-NIR 151 (49.7) 153 (50.3) 304 304 GR 779 (77.6) 225 (22.4) 1004 1004 IE 689 (68.5) 317 (31.5) 1006 1006 IT 588 (59.1) 407 (40.9) 995 995 LU 375 (60.6) 244 (39.4) 619 619 NL 460 (43.4) 601 (56.6) 1061 1061 PT 630 (63.0) 370 (37.0) 1000 1000 SE 493 (49.3) 507 (50.7) 1000 1000 N Sum 9476 6654 16130 N Valid Sum 9476 6654 16130 printed 24.01.2012 page 426 Eurobarometer 55.2 - May-June 2001,isocntry AT 655 (64.3) 364 (35.7) 1019 1019 BE 631 (59.6) 427 (40.4) 1058 1058 DE-E 715 (69.7) 311 (30.3) 1026 1026 DE-W 687 (67.9) 325 (32.1) 1012 1012 DK 481 (48.1) 519 (51.9) 1000 1000 ES 583 (58.3) 417 (41.7) 1000 1000 FI 394 (38.6) 628 (61.4) 1022 1022 FR 589 (58.7) 415 (41.3) 1004 1004 GB-GBN 576 (57.6) 424 (42.4) 1000 1000 GB-NIR 151 (49.7) 153 (50.3) 304 304 GR 779 (77.6) 225 (22.4) 1004 1004 IE 689 (68.5) 317 (31.5) 1006 1006 IT 588 (59.1) 407 (40.9) 995 995 LU 375 (60.6) 244 (39.4) 619 619 NL 460 (43.4) 601 (56.6) 1061 1061 PT 630 (63.0) 370 (37.0) 1000 1000 SE 493 (49.3) 507 (50.7) 1000 1000 N Sum 9476 6654 16130 N Valid Sum 9476 6654 16130 printed 24.01.2012 page 426 Eurobarometer 55.2 - May-June 2001,GESIS Variable Report,452,ZA3509
v410,v410 0 1 N Sum N Valid Sum,Q58 INTERNET ACCESS DISADV: COMP SUBSID,isocntry AT 856 (84.0) 163 (16.0) 1019 1019 BE 832 (78.6) 226 (21.4) 1058 1058 DE-E 786 (76.6) 240 (23.4) 1026 1026 DE-W 783 (77.4) 229 (22.6) 1012 1012 DK 791 (79.1) 209 (20.9) 1000 1000 ES 752 (75.2) 248 (24.8) 1000 1000 FI 788 (77.1) 234 (22.9) 1022 1022 FR 846 (84.3) 158 (15.7) 1004 1004 GB-GBN 823 (82.3) 177 (17.7) 1000 1000 GB-NIR 233 (76.6) 71 (23.4) 304 304 GR 736 (73.3) 268 (26.7) 1004 1004 IE 782 (77.7) 224 (22.3) 1006 1006 IT 736 (74.0) 259 (26.0) 995 995 LU 492 (79.5) 127 (20.5) 619 619 NL 655 (61.7) 406 (38.3) 1061 1061 PT 774 (77.4) 226 (22.6) 1000 1000 SE 688 (68.8) 312 (31.2) 1000 1000 N Sum 12353 3777 16130 N Valid Sum 12353 3777 16130 printed 24.01.2012 page 427 Eurobarometer 55.2 - May-June 2001,isocntry AT 856 (84.0) 163 (16.0) 1019 1019 BE 832 (78.6) 226 (21.4) 1058 1058 DE-E 786 (76.6) 240 (23.4) 1026 1026 DE-W 783 (77.4) 229 (22.6) 1012 1012 DK 791 (79.1) 209 (20.9) 1000 1000 ES 752 (75.2) 248 (24.8) 1000 1000 FI 788 (77.1) 234 (22.9) 1022 1022 FR 846 (84.3) 158 (15.7) 1004 1004 GB-GBN 823 (82.3) 177 (17.7) 1000 1000 GB-NIR 233 (76.6) 71 (23.4) 304 304 GR 736 (73.3) 268 (26.7) 1004 1004 IE 782 (77.7) 224 (22.3) 1006 1006 IT 736 (74.0) 259 (26.0) 995 995 LU 492 (79.5) 127 (20.5) 619 619 NL 655 (61.7) 406 (38.3) 1061 1061 PT 774 (77.4) 226 (22.6) 1000 1000 SE 688 (68.8) 312 (31.2) 1000 1000 N Sum 12353 3777 16130 N Valid Sum 12353 3777 16130 printed 24.01.2012 page 427 Eurobarometer 55.2 - May-June 2001,GESIS Variable Report,453,ZA3509
v411,v411 0 1 N Sum N Valid Sum,Q58 INTERNET ACCESS DISADV: INFRASTRUCT,isocntry AT 865 (84.9) 154 (15.1) 1019 1019 BE 871 (82.3) 187 (17.7) 1058 1058 DE-E 938 (91.4) 88 (8.6) 1026 1026 DE-W 902 (89.1) 110 (10.9) 1012 1012 DK 843 (84.3) 157 (15.7) 1000 1000 ES 831 (83.1) 169 (16.9) 1000 1000 FI 837 (81.9) 185 (18.1) 1022 1022 FR 832 (82.9) 172 (17.1) 1004 1004 GB-GBN 808 (80.8) 192 (19.2) 1000 1000 GB-NIR 237 (78.0) 67 (22.0) 304 304 GR 807 (80.4) 197 (19.6) 1004 1004 IE 801 (79.6) 205 (20.4) 1006 1006 IT 860 (86.4) 135 (13.6) 995 995 LU 522 (84.3) 97 (15.7) 619 619 NL 784 (73.9) 277 (26.1) 1061 1061 PT 814 (81.4) 186 (18.6) 1000 1000 SE 758 (75.8) 242 (24.2) 1000 1000 N Sum 13310 2820 16130 N Valid Sum 13310 2820 16130 printed 24.01.2012 page 428 Eurobarometer 55.2 - May-June 2001,isocntry AT 865 (84.9) 154 (15.1) 1019 1019 BE 871 (82.3) 187 (17.7) 1058 1058 DE-E 938 (91.4) 88 (8.6) 1026 1026 DE-W 902 (89.1) 110 (10.9) 1012 1012 DK 843 (84.3) 157 (15.7) 1000 1000 ES 831 (83.1) 169 (16.9) 1000 1000 FI 837 (81.9) 185 (18.1) 1022 1022 FR 832 (82.9) 172 (17.1) 1004 1004 GB-GBN 808 (80.8) 192 (19.2) 1000 1000 GB-NIR 237 (78.0) 67 (22.0) 304 304 GR 807 (80.4) 197 (19.6) 1004 1004 IE 801 (79.6) 205 (20.4) 1006 1006 IT 860 (86.4) 135 (13.6) 995 995 LU 522 (84.3) 97 (15.7) 619 619 NL 784 (73.9) 277 (26.1) 1061 1061 PT 814 (81.4) 186 (18.6) 1000 1000 SE 758 (75.8) 242 (24.2) 1000 1000 N Sum 13310 2820 16130 N Valid Sum 13310 2820 16130 printed 24.01.2012 page 428 Eurobarometer 55.2 - May-June 2001,GESIS Variable Report,454,ZA3509
v412,v412 0 1 N Sum N Valid Sum,Q58 INTERNET ACCESS DISADV: TRAINING,isocntry AT 836 (82.0) 183 (18.0) 1019 1019 BE 774 (73.2) 284 (26.8) 1058 1058 DE-E 775 (75.5) 251 (24.5) 1026 1026 DE-W 763 (75.4) 249 (24.6) 1012 1012 DK 621 (62.1) 379 (37.9) 1000 1000 ES 748 (74.8) 252 (25.2) 1000 1000 FI 719 (70.4) 303 (29.6) 1022 1022 FR 775 (77.2) 229 (22.8) 1004 1004 GB-GBN 748 (74.8) 252 (25.2) 1000 1000 GB-NIR 186 (61.2) 118 (38.8) 304 304 GR 743 (74.0) 261 (26.0) 1004 1004 IE 683 (67.9) 323 (32.1) 1006 1006 IT 660 (66.3) 335 (33.7) 995 995 LU 453 (73.2) 166 (26.8) 619 619 NL 640 (60.3) 421 (39.7) 1061 1061 PT 789 (78.9) 211 (21.1) 1000 1000 SE 607 (60.7) 393 (39.3) 1000 1000 N Sum 11520 4610 16130 N Valid Sum 11520 4610 16130 printed 24.01.2012 page 429 Eurobarometer 55.2 - May-June 2001,isocntry AT 836 (82.0) 183 (18.0) 1019 1019 BE 774 (73.2) 284 (26.8) 1058 1058 DE-E 775 (75.5) 251 (24.5) 1026 1026 DE-W 763 (75.4) 249 (24.6) 1012 1012 DK 621 (62.1) 379 (37.9) 1000 1000 ES 748 (74.8) 252 (25.2) 1000 1000 FI 719 (70.4) 303 (29.6) 1022 1022 FR 775 (77.2) 229 (22.8) 1004 1004 GB-GBN 748 (74.8) 252 (25.2) 1000 1000 GB-NIR 186 (61.2) 118 (38.8) 304 304 GR 743 (74.0) 261 (26.0) 1004 1004 IE 683 (67.9) 323 (32.1) 1006 1006 IT 660 (66.3) 335 (33.7) 995 995 LU 453 (73.2) 166 (26.8) 619 619 NL 640 (60.3) 421 (39.7) 1061 1061 PT 789 (78.9) 211 (21.1) 1000 1000 SE 607 (60.7) 393 (39.3) 1000 1000 N Sum 11520 4610 16130 N Valid Sum 11520 4610 16130 printed 24.01.2012 page 429 Eurobarometer 55.2 - May-June 2001,GESIS Variable Report,455,ZA3509
v413,v413 0 1 N Sum N Valid Sum,Q58 INTERNET ACCESS DISADV: PUBL SERVICE,isocntry AT 855 (83.9) 164 (16.1) 1019 1019 BE 851 (80.4) 207 (19.6) 1058 1058 DE-E 890 (86.7) 136 (13.3) 1026 1026 DE-W 877 (86.7) 135 (13.3) 1012 1012 DK 889 (88.9) 111 (11.1) 1000 1000 ES 693 (69.3) 307 (30.7) 1000 1000 FI 868 (84.9) 154 (15.1) 1022 1022 FR 804 (80.1) 200 (19.9) 1004 1004 GB-GBN 750 (75.0) 250 (25.0) 1000 1000 GB-NIR 231 (76.0) 73 (24.0) 304 304 GR 855 (85.2) 149 (14.8) 1004 1004 IE 813 (80.8) 193 (19.2) 1006 1006 IT 823 (82.7) 172 (17.3) 995 995 LU 458 (74.0) 161 (26.0) 619 619 NL 792 (74.6) 269 (25.4) 1061 1061 PT 781 (78.1) 219 (21.9) 1000 1000 SE 820 (82.0) 180 (18.0) 1000 1000 N Sum 13050 3080 16130 N Valid Sum 13050 3080 16130 printed 24.01.2012 page 430 Eurobarometer 55.2 - May-June 2001,isocntry AT 855 (83.9) 164 (16.1) 1019 1019 BE 851 (80.4) 207 (19.6) 1058 1058 DE-E 890 (86.7) 136 (13.3) 1026 1026 DE-W 877 (86.7) 135 (13.3) 1012 1012 DK 889 (88.9) 111 (11.1) 1000 1000 ES 693 (69.3) 307 (30.7) 1000 1000 FI 868 (84.9) 154 (15.1) 1022 1022 FR 804 (80.1) 200 (19.9) 1004 1004 GB-GBN 750 (75.0) 250 (25.0) 1000 1000 GB-NIR 231 (76.0) 73 (24.0) 304 304 GR 855 (85.2) 149 (14.8) 1004 1004 IE 813 (80.8) 193 (19.2) 1006 1006 IT 823 (82.7) 172 (17.3) 995 995 LU 458 (74.0) 161 (26.0) 619 619 NL 792 (74.6) 269 (25.4) 1061 1061 PT 781 (78.1) 219 (21.9) 1000 1000 SE 820 (82.0) 180 (18.0) 1000 1000 N Sum 13050 3080 16130 N Valid Sum 13050 3080 16130 printed 24.01.2012 page 430 Eurobarometer 55.2 - May-June 2001,GESIS Variable Report,456,ZA3509
v414,v414 0 1 N Sum N Valid Sum,Q58 INTERNET ACCESS DISADV: SOC NETWORK,isocntry AT 913 (89.6) 106 (10.4) 1019 1019 BE 929 (87.8) 129 (12.2) 1058 1058 DE-E 918 (89.5) 108 (10.5) 1026 1026 DE-W 913 (90.2) 99 (9.8) 1012 1012 DK 807 (80.7) 193 (19.3) 1000 1000 ES 883 (88.3) 117 (11.7) 1000 1000 FI 909 (88.9) 113 (11.1) 1022 1022 FR 870 (86.7) 134 (13.3) 1004 1004 GB-GBN 851 (85.1) 149 (14.9) 1000 1000 GB-NIR 243 (79.9) 61 (20.1) 304 304 GR 904 (90.0) 100 (10.0) 1004 1004 IE 831 (82.6) 175 (17.4) 1006 1006 IT 888 (89.2) 107 (10.8) 995 995 LU 562 (90.8) 57 (9.2) 619 619 NL 859 (81.0) 202 (19.0) 1061 1061 PT 863 (86.2) 138 (13.8) 1001 1001 SE 835 (83.5) 165 (16.5) 1000 1000 N Sum 13978 2153 16131 N Valid Sum 13978 2153 16131 printed 24.01.2012 page 431 Eurobarometer 55.2 - May-June 2001,isocntry AT 913 (89.6) 106 (10.4) 1019 1019 BE 929 (87.8) 129 (12.2) 1058 1058 DE-E 918 (89.5) 108 (10.5) 1026 1026 DE-W 913 (90.2) 99 (9.8) 1012 1012 DK 807 (80.7) 193 (19.3) 1000 1000 ES 883 (88.3) 117 (11.7) 1000 1000 FI 909 (88.9) 113 (11.1) 1022 1022 FR 870 (86.7) 134 (13.3) 1004 1004 GB-GBN 851 (85.1) 149 (14.9) 1000 1000 GB-NIR 243 (79.9) 61 (20.1) 304 304 GR 904 (90.0) 100 (10.0) 1004 1004 IE 831 (82.6) 175 (17.4) 1006 1006 IT 888 (89.2) 107 (10.8) 995 995 LU 562 (90.8) 57 (9.2) 619 619 NL 859 (81.0) 202 (19.0) 1061 1061 PT 863 (86.2) 138 (13.8) 1001 1001 SE 835 (83.5) 165 (16.5) 1000 1000 N Sum 13978 2153 16131 N Valid Sum 13978 2153 16131 printed 24.01.2012 page 431 Eurobarometer 55.2 - May-June 2001,GESIS Variable Report,457,ZA3509
v415,v415 0 1 N Sum N Valid Sum,Q58 INTERNET ACCESS DISADV: RELEVNT INFO,isocntry AT 915 (89.8) 104 (10.2) 1019 1019 BE 906 (85.6) 152 (14.4) 1058 1058 DE-E 893 (87.0) 133 (13.0) 1026 1026 DE-W 855 (84.5) 157 (15.5) 1012 1012 DK 809 (80.9) 191 (19.1) 1000 1000 ES 807 (80.7) 193 (19.3) 1000 1000 FI 872 (85.3) 150 (14.7) 1022 1022 FR 868 (86.5) 136 (13.5) 1004 1004 GB-GBN 829 (82.9) 171 (17.1) 1000 1000 GB-NIR 225 (74.0) 79 (26.0) 304 304 GR 912 (90.8) 92 (9.2) 1004 1004 IE 790 (78.5) 216 (21.5) 1006 1006 IT 872 (87.6) 123 (12.4) 995 995 LU 538 (86.9) 81 (13.1) 619 619 NL 807 (76.1) 254 (23.9) 1061 1061 PT 874 (87.4) 126 (12.6) 1000 1000 SE 829 (82.9) 171 (17.1) 1000 1000 N Sum 13601 2529 16130 N Valid Sum 13601 2529 16130 printed 24.01.2012 page 432 Eurobarometer 55.2 - May-June 2001,isocntry AT 915 (89.8) 104 (10.2) 1019 1019 BE 906 (85.6) 152 (14.4) 1058 1058 DE-E 893 (87.0) 133 (13.0) 1026 1026 DE-W 855 (84.5) 157 (15.5) 1012 1012 DK 809 (80.9) 191 (19.1) 1000 1000 ES 807 (80.7) 193 (19.3) 1000 1000 FI 872 (85.3) 150 (14.7) 1022 1022 FR 868 (86.5) 136 (13.5) 1004 1004 GB-GBN 829 (82.9) 171 (17.1) 1000 1000 GB-NIR 225 (74.0) 79 (26.0) 304 304 GR 912 (90.8) 92 (9.2) 1004 1004 IE 790 (78.5) 216 (21.5) 1006 1006 IT 872 (87.6) 123 (12.4) 995 995 LU 538 (86.9) 81 (13.1) 619 619 NL 807 (76.1) 254 (23.9) 1061 1061 PT 874 (87.4) 126 (12.6) 1000 1000 SE 829 (82.9) 171 (17.1) 1000 1000 N Sum 13601 2529 16130 N Valid Sum 13601 2529 16130 printed 24.01.2012 page 432 Eurobarometer 55.2 - May-June 2001,GESIS Variable Report,458,ZA3509
v416,v416 0 1 N Sum N Valid Sum,Q58 INTERNET ACCESS DISADV: TEC BARRIER,isocntry AT 860 (84.4) 159 (15.6) 1019 1019 BE 847 (80.1) 211 (19.9) 1058 1058 DE-E 872 (85.0) 154 (15.0) 1026 1026 DE-W 832 (82.2) 180 (17.8) 1012 1012 DK 754 (75.4) 246 (24.6) 1000 1000 ES 844 (84.4) 156 (15.6) 1000 1000 FI 763 (74.7) 259 (25.3) 1022 1022 FR 830 (82.7) 174 (17.3) 1004 1004 GB-GBN 807 (80.7) 193 (19.3) 1000 1000 GB-NIR 228 (75.0) 76 (25.0) 304 304 GR 915 (91.1) 89 (8.9) 1004 1004 IE 855 (85.0) 151 (15.0) 1006 1006 IT 877 (88.1) 118 (11.9) 995 995 LU 508 (82.1) 111 (17.9) 619 619 NL 672 (63.3) 389 (36.7) 1061 1061 PT 863 (86.3) 137 (13.7) 1000 1000 SE 655 (65.5) 345 (34.5) 1000 1000 N Sum 12982 3148 16130 N Valid Sum 12982 3148 16130 printed 24.01.2012 page 433 Eurobarometer 55.2 - May-June 2001,isocntry AT 860 (84.4) 159 (15.6) 1019 1019 BE 847 (80.1) 211 (19.9) 1058 1058 DE-E 872 (85.0) 154 (15.0) 1026 1026 DE-W 832 (82.2) 180 (17.8) 1012 1012 DK 754 (75.4) 246 (24.6) 1000 1000 ES 844 (84.4) 156 (15.6) 1000 1000 FI 763 (74.7) 259 (25.3) 1022 1022 FR 830 (82.7) 174 (17.3) 1004 1004 GB-GBN 807 (80.7) 193 (19.3) 1000 1000 GB-NIR 228 (75.0) 76 (25.0) 304 304 GR 915 (91.1) 89 (8.9) 1004 1004 IE 855 (85.0) 151 (15.0) 1006 1006 IT 877 (88.1) 118 (11.9) 995 995 LU 508 (82.1) 111 (17.9) 619 619 NL 672 (63.3) 389 (36.7) 1061 1061 PT 863 (86.3) 137 (13.7) 1000 1000 SE 655 (65.5) 345 (34.5) 1000 1000 N Sum 12982 3148 16130 N Valid Sum 12982 3148 16130 printed 24.01.2012 page 433 Eurobarometer 55.2 - May-June 2001,GESIS Variable Report,459,ZA3509
v417,v417 0 1 N Sum N Valid Sum,Q58 INTERNET ACCESS DISADV: INCENTIVES,isocntry AT 918 (90.1) 101 (9.9) 1019 1019 BE 914 (86.4) 144 (13.6) 1058 1058 DE-E 862 (84.0) 164 (16.0) 1026 1026 DE-W 850 (84.0) 162 (16.0) 1012 1012 DK 857 (85.7) 143 (14.3) 1000 1000 ES 872 (87.2) 128 (12.8) 1000 1000 FI 858 (84.0) 164 (16.0) 1022 1022 FR 940 (93.6) 64 (6.4) 1004 1004 GB-GBN 890 (89.0) 110 (11.0) 1000 1000 GB-NIR 240 (78.9) 64 (21.1) 304 304 GR 944 (94.0) 60 (6.0) 1004 1004 IE 893 (88.8) 113 (11.2) 1006 1006 IT 923 (92.8) 72 (7.2) 995 995 LU 541 (87.4) 78 (12.6) 619 619 NL 817 (77.0) 244 (23.0) 1061 1061 PT 932 (93.2) 68 (6.8) 1000 1000 SE 761 (76.1) 239 (23.9) 1000 1000 N Sum 14012 2118 16130 N Valid Sum 14012 2118 16130 printed 24.01.2012 page 434 Eurobarometer 55.2 - May-June 2001,isocntry AT 918 (90.1) 101 (9.9) 1019 1019 BE 914 (86.4) 144 (13.6) 1058 1058 DE-E 862 (84.0) 164 (16.0) 1026 1026 DE-W 850 (84.0) 162 (16.0) 1012 1012 DK 857 (85.7) 143 (14.3) 1000 1000 ES 872 (87.2) 128 (12.8) 1000 1000 FI 858 (84.0) 164 (16.0) 1022 1022 FR 940 (93.6) 64 (6.4) 1004 1004 GB-GBN 890 (89.0) 110 (11.0) 1000 1000 GB-NIR 240 (78.9) 64 (21.1) 304 304 GR 944 (94.0) 60 (6.0) 1004 1004 IE 893 (88.8) 113 (11.2) 1006 1006 IT 923 (92.8) 72 (7.2) 995 995 LU 541 (87.4) 78 (12.6) 619 619 NL 817 (77.0) 244 (23.0) 1061 1061 PT 932 (93.2) 68 (6.8) 1000 1000 SE 761 (76.1) 239 (23.9) 1000 1000 N Sum 14012 2118 16130 N Valid Sum 14012 2118 16130 printed 24.01.2012 page 434 Eurobarometer 55.2 - May-June 2001,GESIS Variable Report,460,ZA3509
v418,v418 0 1 N Sum N Valid Sum,Q58 INTERNET ACCESS DISADV: DIGITAL TV,isocntry AT 919 (90.2) 100 (9.8) 1019 1019 BE 971 (91.8) 87 (8.2) 1058 1058 DE-E 971 (94.6) 55 (5.4) 1026 1026 DE-W 946 (93.5) 66 (6.5) 1012 1012 DK 931 (93.1) 69 (6.9) 1000 1000 ES 944 (94.4) 56 (5.6) 1000 1000 FI 967 (94.6) 55 (5.4) 1022 1022 FR 946 (94.2) 58 (5.8) 1004 1004 GB-GBN 873 (87.3) 127 (12.7) 1000 1000 GB-NIR 250 (82.2) 54 (17.8) 304 304 GR 967 (96.3) 37 (3.7) 1004 1004 IE 941 (93.5) 65 (6.5) 1006 1006 IT 945 (95.0) 50 (5.0) 995 995 LU 594 (96.0) 25 (4.0) 619 619 NL 1011 (95.3) 50 (4.7) 1061 1061 PT 932 (93.2) 68 (6.8) 1000 1000 SE 893 (89.3) 107 (10.7) 1000 1000 N Sum 15001 1129 16130 N Valid Sum 15001 1129 16130 printed 24.01.2012 page 435 Eurobarometer 55.2 - May-June 2001,isocntry AT 919 (90.2) 100 (9.8) 1019 1019 BE 971 (91.8) 87 (8.2) 1058 1058 DE-E 971 (94.6) 55 (5.4) 1026 1026 DE-W 946 (93.5) 66 (6.5) 1012 1012 DK 931 (93.1) 69 (6.9) 1000 1000 ES 944 (94.4) 56 (5.6) 1000 1000 FI 967 (94.6) 55 (5.4) 1022 1022 FR 946 (94.2) 58 (5.8) 1004 1004 GB-GBN 873 (87.3) 127 (12.7) 1000 1000 GB-NIR 250 (82.2) 54 (17.8) 304 304 GR 967 (96.3) 37 (3.7) 1004 1004 IE 941 (93.5) 65 (6.5) 1006 1006 IT 945 (95.0) 50 (5.0) 995 995 LU 594 (96.0) 25 (4.0) 619 619 NL 1011 (95.3) 50 (4.7) 1061 1061 PT 932 (93.2) 68 (6.8) 1000 1000 SE 893 (89.3) 107 (10.7) 1000 1000 N Sum 15001 1129 16130 N Valid Sum 15001 1129 16130 printed 24.01.2012 page 435 Eurobarometer 55.2 - May-June 2001,GESIS Variable Report,461,ZA3509
v419,v419 0 1 N Sum N Valid Sum,Q58 INTERNET ACCESS DISADV: OTHER ACTION,isocntry AT 1000 (98.1) 19 (1.9) 1019 1019 BE 1022 (96.6) 36 (3.4) 1058 1058 DE-E 993 (96.8) 33 (3.2) 1026 1026 DE-W 996 (98.4) 16 (1.6) 1012 1012 DK 977 (97.7) 23 (2.3) 1000 1000 ES 969 (96.9) 31 (3.1) 1000 1000 FI 1001 (97.9) 21 (2.1) 1022 1022 FR 983 (97.9) 21 (2.1) 1004 1004 GB-GBN 982 (98.2) 18 (1.8) 1000 1000 GB-NIR 304 (100.0) 304 304 GR 992 (98.8) 12 (1.2) 1004 1004 IE 998 (99.2) 8 (0.8) 1006 1006 IT 978 (98.3) 17 (1.7) 995 995 LU 601 (97.1) 18 (2.9) 619 619 NL 1031 (97.2) 30 (2.8) 1061 1061 PT 966 (96.6) 34 (3.4) 1000 1000 SE 981 (98.1) 19 (1.9) 1000 1000 N Sum 15774 356 16130 N Valid Sum 15774 356 16130 printed 24.01.2012 page 436 Eurobarometer 55.2 - May-June 2001,isocntry AT 1000 (98.1) 19 (1.9) 1019 1019 BE 1022 (96.6) 36 (3.4) 1058 1058 DE-E 993 (96.8) 33 (3.2) 1026 1026 DE-W 996 (98.4) 16 (1.6) 1012 1012 DK 977 (97.7) 23 (2.3) 1000 1000 ES 969 (96.9) 31 (3.1) 1000 1000 FI 1001 (97.9) 21 (2.1) 1022 1022 FR 983 (97.9) 21 (2.1) 1004 1004 GB-GBN 982 (98.2) 18 (1.8) 1000 1000 GB-NIR 304 (100.0) 304 304 GR 992 (98.8) 12 (1.2) 1004 1004 IE 998 (99.2) 8 (0.8) 1006 1006 IT 978 (98.3) 17 (1.7) 995 995 LU 601 (97.1) 18 (2.9) 619 619 NL 1031 (97.2) 30 (2.8) 1061 1061 PT 966 (96.6) 34 (3.4) 1000 1000 SE 981 (98.1) 19 (1.9) 1000 1000 N Sum 15774 356 16130 N Valid Sum 15774 356 16130 printed 24.01.2012 page 436 Eurobarometer 55.2 - May-June 2001,GESIS Variable Report,462,ZA3509
v420,v420 0 1 N Sum N Valid Sum,Q58 INTERNET ACCESS DISADV: NO ACTION,isocntry AT 793 (77.8) 226 (22.2) 1019 1019 BE 931 (88.0) 127 (12.0) 1058 1058 DE-E 830 (80.9) 196 (19.1) 1026 1026 DE-W 793 (78.4) 219 (21.6) 1012 1012 DK 842 (84.2) 158 (15.8) 1000 1000 ES 927 (92.7) 73 (7.3) 1000 1000 FI 963 (94.2) 59 (5.8) 1022 1022 FR 846 (84.3) 158 (15.7) 1004 1004 GB-GBN 854 (85.4) 146 (14.6) 1000 1000 GB-NIR 283 (93.1) 21 (6.9) 304 304 GR 893 (88.9) 111 (11.1) 1004 1004 IE 918 (91.3) 88 (8.7) 1006 1006 IT 922 (92.7) 73 (7.3) 995 995 LU 549 (88.7) 70 (11.3) 619 619 NL 961 (90.6) 100 (9.4) 1061 1061 PT 909 (90.9) 91 (9.1) 1000 1000 SE 940 (94.0) 60 (6.0) 1000 1000 N Sum 14154 1976 16130 N Valid Sum 14154 1976 16130 printed 24.01.2012 page 437 Eurobarometer 55.2 - May-June 2001,isocntry AT 793 (77.8) 226 (22.2) 1019 1019 BE 931 (88.0) 127 (12.0) 1058 1058 DE-E 830 (80.9) 196 (19.1) 1026 1026 DE-W 793 (78.4) 219 (21.6) 1012 1012 DK 842 (84.2) 158 (15.8) 1000 1000 ES 927 (92.7) 73 (7.3) 1000 1000 FI 963 (94.2) 59 (5.8) 1022 1022 FR 846 (84.3) 158 (15.7) 1004 1004 GB-GBN 854 (85.4) 146 (14.6) 1000 1000 GB-NIR 283 (93.1) 21 (6.9) 304 304 GR 893 (88.9) 111 (11.1) 1004 1004 IE 918 (91.3) 88 (8.7) 1006 1006 IT 922 (92.7) 73 (7.3) 995 995 LU 549 (88.7) 70 (11.3) 619 619 NL 961 (90.6) 100 (9.4) 1061 1061 PT 909 (90.9) 91 (9.1) 1000 1000 SE 940 (94.0) 60 (6.0) 1000 1000 N Sum 14154 1976 16130 N Valid Sum 14154 1976 16130 printed 24.01.2012 page 437 Eurobarometer 55.2 - May-June 2001,GESIS Variable Report,463,ZA3509
v421,v421 0 1 N Sum N Valid Sum,Q58 INTERNET ACCESS DISADV: DK,isocntry AT 840 (82.4) 179 (17.6) 1019 1019 BE 853 (80.6) 205 (19.4) 1058 1058 DE-E 803 (78.3) 223 (21.7) 1026 1026 DE-W 805 (79.5) 207 (20.5) 1012 1012 DK 925 (92.5) 75 (7.5) 1000 1000 ES 780 (78.0) 220 (22.0) 1000 1000 FI 899 (88.0) 123 (12.0) 1022 1022 FR 828 (82.5) 176 (17.5) 1004 1004 GB-GBN 804 (80.4) 196 (19.6) 1000 1000 GB-NIR 252 (82.9) 52 (17.1) 304 304 GR 704 (70.1) 300 (29.9) 1004 1004 IE 804 (79.9) 202 (20.1) 1006 1006 IT 780 (78.4) 215 (21.6) 995 995 LU 485 (78.4) 134 (21.6) 619 619 NL 970 (91.4) 91 (8.6) 1061 1061 PT 742 (74.2) 258 (25.8) 1000 1000 SE 893 (89.3) 107 (10.7) 1000 1000 N Sum 13167 2963 16130 N Valid Sum 13167 2963 16130 printed 24.01.2012 page 438 Eurobarometer 55.2 - May-June 2001,isocntry AT 840 (82.4) 179 (17.6) 1019 1019 BE 853 (80.6) 205 (19.4) 1058 1058 DE-E 803 (78.3) 223 (21.7) 1026 1026 DE-W 805 (79.5) 207 (20.5) 1012 1012 DK 925 (92.5) 75 (7.5) 1000 1000 ES 780 (78.0) 220 (22.0) 1000 1000 FI 899 (88.0) 123 (12.0) 1022 1022 FR 828 (82.5) 176 (17.5) 1004 1004 GB-GBN 804 (80.4) 196 (19.6) 1000 1000 GB-NIR 252 (82.9) 52 (17.1) 304 304 GR 704 (70.1) 300 (29.9) 1004 1004 IE 804 (79.9) 202 (20.1) 1006 1006 IT 780 (78.4) 215 (21.6) 995 995 LU 485 (78.4) 134 (21.6) 619 619 NL 970 (91.4) 91 (8.6) 1061 1061 PT 742 (74.2) 258 (25.8) 1000 1000 SE 893 (89.3) 107 (10.7) 1000 1000 N Sum 13167 2963 16130 N Valid Sum 13167 2963 16130 printed 24.01.2012 page 438 Eurobarometer 55.2 - May-June 2001,GESIS Variable Report,464,ZA3509
v422,,Q59 INTERNET ENCOURAGEMNT: USEF TRAINING,,Q59 INTERNET ENCOURAGEMNT: USEF TRAINING,GESIS Variable Report,465,ZA3509
v423,,Q59 INTERNET ENCOURAGEMNT: FREE TRAINING,,Q59 INTERNET ENCOURAGEMNT: FREE TRAINING,GESIS Variable Report,466,ZA3509
v424,,Q59 INTERNET ENCOURAGEMNT: COMPUTER COSTS,,Q59 INTERNET ENCOURAGEMNT: COMPUTER COSTS,GESIS Variable Report,467,ZA3509
v425,,Q59 INTERNET ENCOURAGEMNT: SUBSIDIES,,Q59 INTERNET ENCOURAGEMNT: SUBSIDIES,GESIS Variable Report,468,ZA3509
v426,,Q59 INTERNET ENCOURAGEMNT: CONNECT COSTS,,Q59 INTERNET ENCOURAGEMNT: CONNECT COSTS,GESIS Variable Report,469,ZA3509
v427,,Q59 INTERNET ENCOURAGEMNT: PUBLIC POINTS,,Q59 INTERNET ENCOURAGEMNT: PUBLIC POINTS,GESIS Variable Report,470,ZA3509
v428,,Q59 INTERNET ENCOURAGEMNT: FREE ACCESS,,Q59 INTERNET ENCOURAGEMNT: FREE ACCESS,GESIS Variable Report,471,ZA3509
v429,,Q59 INTERNET ENCOURAGEMNT: TEC BARRIERS,,Q59 INTERNET ENCOURAGEMNT: TEC BARRIERS,GESIS Variable Report,472,ZA3509
v430,,Q59 INTERNET ENCOURAGEMNT: MORE INFO,,Q59 INTERNET ENCOURAGEMNT: MORE INFO,GESIS Variable Report,473,ZA3509
v431,,Q59 INTERNET ENCOURAGEMNT: USEFUL INFO,,Q59 INTERNET ENCOURAGEMNT: USEFUL INFO,GESIS Variable Report,474,ZA3509
v432,,Q59 INTERNET ENCOURAGEMNT: PUBL UTILITY,,Q59 INTERNET ENCOURAGEMNT: PUBL UTILITY,GESIS Variable Report,475,ZA3509
v433,,Q59 INTERNET ENCOURAGEMNT: COMMUNITY,,Q59 INTERNET ENCOURAGEMNT: COMMUNITY,GESIS Variable Report,476,ZA3509
v434,,Q59 INTERNET ENCOURAGEMNT: NATV LANGUAG,,Q59 INTERNET ENCOURAGEMNT: NATV LANGUAG,GESIS Variable Report,477,ZA3509
v435,,Q59 INTERNET ENCOURAGEMNT: NOTHING,,Q59 INTERNET ENCOURAGEMNT: NOTHING,GESIS Variable Report,478,ZA3509
v436,,Q59 INTERNET ENCOURAGEMNT: DK,,Q59 INTERNET ENCOURAGEMNT: DK,GESIS Variable Report,479,ZA3509
v437,v437 0 1 N Sum N Valid Sum,Q60 PUBLIC INTERNET ACCESS: PUBL BUILDING,isocntry AT 848 (83.2) 171 (16.8) 1019 1019 BE 883 (83.5) 175 (16.5) 1058 1058 DE-E 915 (89.2) 111 (10.8) 1026 1026 DE-W 862 (85.2) 150 (14.8) 1012 1012 DK 796 (79.6) 204 (20.4) 1000 1000 ES 854 (85.4) 146 (14.6) 1000 1000 FI 868 (84.9) 154 (15.1) 1022 1022 FR 829 (82.6) 175 (17.4) 1004 1004 GB-GBN 899 (89.9) 101 (10.1) 1000 1000 GB-NIR 280 (92.1) 24 (7.9) 304 304 GR 898 (89.4) 106 (10.6) 1004 1004 IE 907 (90.2) 99 (9.8) 1006 1006 IT 827 (83.1) 168 (16.9) 995 995 LU 498 (80.5) 121 (19.5) 619 619 NL 778 (73.3) 283 (26.7) 1061 1061 PT 873 (87.3) 127 (12.7) 1000 1000 SE 774 (77.4) 226 (22.6) 1000 1000 N Sum 13589 2541 16130 N Valid Sum 13589 2541 16130 printed 24.01.2012 page 454 Eurobarometer 55.2 - May-June 2001,isocntry AT 848 (83.2) 171 (16.8) 1019 1019 BE 883 (83.5) 175 (16.5) 1058 1058 DE-E 915 (89.2) 111 (10.8) 1026 1026 DE-W 862 (85.2) 150 (14.8) 1012 1012 DK 796 (79.6) 204 (20.4) 1000 1000 ES 854 (85.4) 146 (14.6) 1000 1000 FI 868 (84.9) 154 (15.1) 1022 1022 FR 829 (82.6) 175 (17.4) 1004 1004 GB-GBN 899 (89.9) 101 (10.1) 1000 1000 GB-NIR 280 (92.1) 24 (7.9) 304 304 GR 898 (89.4) 106 (10.6) 1004 1004 IE 907 (90.2) 99 (9.8) 1006 1006 IT 827 (83.1) 168 (16.9) 995 995 LU 498 (80.5) 121 (19.5) 619 619 NL 778 (73.3) 283 (26.7) 1061 1061 PT 873 (87.3) 127 (12.7) 1000 1000 SE 774 (77.4) 226 (22.6) 1000 1000 N Sum 13589 2541 16130 N Valid Sum 13589 2541 16130 printed 24.01.2012 page 454 Eurobarometer 55.2 - May-June 2001,GESIS Variable Report,480,ZA3509
v438,v438 0 1 N Sum N Valid Sum,Q60 PUBLIC INTERNET ACCESS: EMPLOYM AGENCY,isocntry AT 936 (91.9) 83 (8.1) 1019 1019 BE 988 (93.4) 70 (6.6) 1058 1058 DE-E 935 (91.1) 91 (8.9) 1026 1026 DE-W 925 (91.4) 87 (8.6) 1012 1012 DK 897 (89.7) 103 (10.3) 1000 1000 ES 932 (93.2) 68 (6.8) 1000 1000 FI 908 (88.8) 114 (11.2) 1022 1022 FR 904 (90.0) 100 (10.0) 1004 1004 GB-GBN 919 (91.9) 81 (8.1) 1000 1000 GB-NIR 282 (92.8) 22 (7.2) 304 304 GR 931 (92.7) 73 (7.3) 1004 1004 IE 953 (94.7) 53 (5.3) 1006 1006 IT 932 (93.7) 63 (6.3) 995 995 LU 562 (90.8) 57 (9.2) 619 619 NL 916 (86.3) 145 (13.7) 1061 1061 PT 912 (91.2) 88 (8.8) 1000 1000 SE 830 (83.0) 170 (17.0) 1000 1000 N Sum 14662 1468 16130 N Valid Sum 14662 1468 16130 printed 24.01.2012 page 455 Eurobarometer 55.2 - May-June 2001,isocntry AT 936 (91.9) 83 (8.1) 1019 1019 BE 988 (93.4) 70 (6.6) 1058 1058 DE-E 935 (91.1) 91 (8.9) 1026 1026 DE-W 925 (91.4) 87 (8.6) 1012 1012 DK 897 (89.7) 103 (10.3) 1000 1000 ES 932 (93.2) 68 (6.8) 1000 1000 FI 908 (88.8) 114 (11.2) 1022 1022 FR 904 (90.0) 100 (10.0) 1004 1004 GB-GBN 919 (91.9) 81 (8.1) 1000 1000 GB-NIR 282 (92.8) 22 (7.2) 304 304 GR 931 (92.7) 73 (7.3) 1004 1004 IE 953 (94.7) 53 (5.3) 1006 1006 IT 932 (93.7) 63 (6.3) 995 995 LU 562 (90.8) 57 (9.2) 619 619 NL 916 (86.3) 145 (13.7) 1061 1061 PT 912 (91.2) 88 (8.8) 1000 1000 SE 830 (83.0) 170 (17.0) 1000 1000 N Sum 14662 1468 16130 N Valid Sum 14662 1468 16130 printed 24.01.2012 page 455 Eurobarometer 55.2 - May-June 2001,GESIS Variable Report,481,ZA3509
v439,v439 0 1 N Sum N Valid Sum,Q60 PUBLIC INTERNET ACCESS: LIBRARY,isocntry AT 878 (86.2) 141 (13.8) 1019 1019 BE 867 (81.9) 191 (18.1) 1058 1058 DE-E 909 (88.6) 117 (11.4) 1026 1026 DE-W 855 (84.5) 157 (15.5) 1012 1012 DK 622 (62.2) 378 (37.8) 1000 1000 ES 799 (79.9) 201 (20.1) 1000 1000 FI 719 (70.4) 303 (29.6) 1022 1022 FR 838 (83.5) 166 (16.5) 1004 1004 GB-GBN 722 (72.2) 278 (27.8) 1000 1000 GB-NIR 209 (68.8) 95 (31.3) 304 304 GR 856 (85.3) 148 (14.7) 1004 1004 IE 807 (80.2) 199 (19.8) 1006 1006 IT 802 (80.6) 193 (19.4) 995 995 LU 520 (84.0) 99 (16.0) 619 619 NL 625 (58.9) 436 (41.1) 1061 1061 PT 859 (85.9) 141 (14.1) 1000 1000 SE 635 (63.5) 365 (36.5) 1000 1000 N Sum 12522 3608 16130 N Valid Sum 12522 3608 16130 printed 24.01.2012 page 456 Eurobarometer 55.2 - May-June 2001,isocntry AT 878 (86.2) 141 (13.8) 1019 1019 BE 867 (81.9) 191 (18.1) 1058 1058 DE-E 909 (88.6) 117 (11.4) 1026 1026 DE-W 855 (84.5) 157 (15.5) 1012 1012 DK 622 (62.2) 378 (37.8) 1000 1000 ES 799 (79.9) 201 (20.1) 1000 1000 FI 719 (70.4) 303 (29.6) 1022 1022 FR 838 (83.5) 166 (16.5) 1004 1004 GB-GBN 722 (72.2) 278 (27.8) 1000 1000 GB-NIR 209 (68.8) 95 (31.3) 304 304 GR 856 (85.3) 148 (14.7) 1004 1004 IE 807 (80.2) 199 (19.8) 1006 1006 IT 802 (80.6) 193 (19.4) 995 995 LU 520 (84.0) 99 (16.0) 619 619 NL 625 (58.9) 436 (41.1) 1061 1061 PT 859 (85.9) 141 (14.1) 1000 1000 SE 635 (63.5) 365 (36.5) 1000 1000 N Sum 12522 3608 16130 N Valid Sum 12522 3608 16130 printed 24.01.2012 page 456 Eurobarometer 55.2 - May-June 2001,GESIS Variable Report,482,ZA3509
v440,v440 0 1 N Sum N Valid Sum,Q60 PUBLIC INTERNET ACCESS: POST OFFICE,isocntry AT 871 (85.5) 148 (14.5) 1019 1019 BE 962 (90.9) 96 (9.1) 1058 1058 DE-E 965 (94.1) 61 (5.9) 1026 1026 DE-W 923 (91.2) 89 (8.8) 1012 1012 DK 878 (87.8) 122 (12.2) 1000 1000 ES 943 (94.3) 57 (5.7) 1000 1000 FI 914 (89.4) 108 (10.6) 1022 1022 FR 841 (83.8) 163 (16.2) 1004 1004 GB-GBN 890 (89.0) 110 (11.0) 1000 1000 GB-NIR 255 (83.9) 49 (16.1) 304 304 GR 930 (92.6) 74 (7.4) 1004 1004 IE 873 (86.8) 133 (13.2) 1006 1006 IT 907 (91.2) 88 (8.8) 995 995 LU 524 (84.7) 95 (15.3) 619 619 NL 814 (76.7) 247 (23.3) 1061 1061 PT 908 (90.8) 92 (9.2) 1000 1000 SE 833 (83.3) 167 (16.7) 1000 1000 N Sum 14231 1899 16130 N Valid Sum 14231 1899 16130 printed 24.01.2012 page 457 Eurobarometer 55.2 - May-June 2001,isocntry AT 871 (85.5) 148 (14.5) 1019 1019 BE 962 (90.9) 96 (9.1) 1058 1058 DE-E 965 (94.1) 61 (5.9) 1026 1026 DE-W 923 (91.2) 89 (8.8) 1012 1012 DK 878 (87.8) 122 (12.2) 1000 1000 ES 943 (94.3) 57 (5.7) 1000 1000 FI 914 (89.4) 108 (10.6) 1022 1022 FR 841 (83.8) 163 (16.2) 1004 1004 GB-GBN 890 (89.0) 110 (11.0) 1000 1000 GB-NIR 255 (83.9) 49 (16.1) 304 304 GR 930 (92.6) 74 (7.4) 1004 1004 IE 873 (86.8) 133 (13.2) 1006 1006 IT 907 (91.2) 88 (8.8) 995 995 LU 524 (84.7) 95 (15.3) 619 619 NL 814 (76.7) 247 (23.3) 1061 1061 PT 908 (90.8) 92 (9.2) 1000 1000 SE 833 (83.3) 167 (16.7) 1000 1000 N Sum 14231 1899 16130 N Valid Sum 14231 1899 16130 printed 24.01.2012 page 457 Eurobarometer 55.2 - May-June 2001,GESIS Variable Report,483,ZA3509
v441,v441 0 1 N Sum N Valid Sum,Q60 PUBLIC INTERNET ACCESS: LEISURE CNTR,isocntry AT 889 (87.2) 130 (12.8) 1019 1019 BE 896 (84.7) 162 (15.3) 1058 1058 DE-E 906 (88.3) 120 (11.7) 1026 1026 DE-W 886 (87.5) 126 (12.5) 1012 1012 DK 860 (86.0) 140 (14.0) 1000 1000 ES 819 (81.9) 181 (18.1) 1000 1000 FI 871 (85.2) 151 (14.8) 1022 1022 FR 916 (91.2) 88 (8.8) 1004 1004 GB-GBN 866 (86.6) 134 (13.4) 1000 1000 GB-NIR 243 (79.9) 61 (20.1) 304 304 GR 901 (89.7) 103 (10.3) 1004 1004 IE 891 (88.6) 115 (11.4) 1006 1006 IT 839 (84.3) 156 (15.7) 995 995 LU 536 (86.6) 83 (13.4) 619 619 NL 749 (70.6) 312 (29.4) 1061 1061 PT 883 (88.3) 117 (11.7) 1000 1000 SE 821 (82.1) 179 (17.9) 1000 1000 N Sum 13772 2358 16130 N Valid Sum 13772 2358 16130 printed 24.01.2012 page 458 Eurobarometer 55.2 - May-June 2001,isocntry AT 889 (87.2) 130 (12.8) 1019 1019 BE 896 (84.7) 162 (15.3) 1058 1058 DE-E 906 (88.3) 120 (11.7) 1026 1026 DE-W 886 (87.5) 126 (12.5) 1012 1012 DK 860 (86.0) 140 (14.0) 1000 1000 ES 819 (81.9) 181 (18.1) 1000 1000 FI 871 (85.2) 151 (14.8) 1022 1022 FR 916 (91.2) 88 (8.8) 1004 1004 GB-GBN 866 (86.6) 134 (13.4) 1000 1000 GB-NIR 243 (79.9) 61 (20.1) 304 304 GR 901 (89.7) 103 (10.3) 1004 1004 IE 891 (88.6) 115 (11.4) 1006 1006 IT 839 (84.3) 156 (15.7) 995 995 LU 536 (86.6) 83 (13.4) 619 619 NL 749 (70.6) 312 (29.4) 1061 1061 PT 883 (88.3) 117 (11.7) 1000 1000 SE 821 (82.1) 179 (17.9) 1000 1000 N Sum 13772 2358 16130 N Valid Sum 13772 2358 16130 printed 24.01.2012 page 458 Eurobarometer 55.2 - May-June 2001,GESIS Variable Report,484,ZA3509
v442,v442 0 1 N Sum N Valid Sum,Q60 PUBLIC INTERNET ACCESS: STREETS,isocntry AT 878 (86.2) 141 (13.8) 1019 1019 BE 955 (90.3) 103 (9.7) 1058 1058 DE-E 959 (93.5) 67 (6.5) 1026 1026 DE-W 935 (92.4) 77 (7.6) 1012 1012 DK 862 (86.2) 138 (13.8) 1000 1000 ES 908 (90.8) 92 (9.2) 1000 1000 FI 908 (88.8) 114 (11.2) 1022 1022 FR 855 (85.2) 149 (14.8) 1004 1004 GB-GBN 894 (89.4) 106 (10.6) 1000 1000 GB-NIR 262 (86.2) 42 (13.8) 304 304 GR 909 (90.5) 95 (9.5) 1004 1004 IE 896 (89.1) 110 (10.9) 1006 1006 IT 884 (88.8) 111 (11.2) 995 995 LU 549 (88.7) 70 (11.3) 619 619 NL 899 (84.7) 162 (15.3) 1061 1061 PT 900 (90.0) 100 (10.0) 1000 1000 SE 876 (87.6) 124 (12.4) 1000 1000 N Sum 14329 1801 16130 N Valid Sum 14329 1801 16130 printed 24.01.2012 page 459 Eurobarometer 55.2 - May-June 2001,isocntry AT 878 (86.2) 141 (13.8) 1019 1019 BE 955 (90.3) 103 (9.7) 1058 1058 DE-E 959 (93.5) 67 (6.5) 1026 1026 DE-W 935 (92.4) 77 (7.6) 1012 1012 DK 862 (86.2) 138 (13.8) 1000 1000 ES 908 (90.8) 92 (9.2) 1000 1000 FI 908 (88.8) 114 (11.2) 1022 1022 FR 855 (85.2) 149 (14.8) 1004 1004 GB-GBN 894 (89.4) 106 (10.6) 1000 1000 GB-NIR 262 (86.2) 42 (13.8) 304 304 GR 909 (90.5) 95 (9.5) 1004 1004 IE 896 (89.1) 110 (10.9) 1006 1006 IT 884 (88.8) 111 (11.2) 995 995 LU 549 (88.7) 70 (11.3) 619 619 NL 899 (84.7) 162 (15.3) 1061 1061 PT 900 (90.0) 100 (10.0) 1000 1000 SE 876 (87.6) 124 (12.4) 1000 1000 N Sum 14329 1801 16130 N Valid Sum 14329 1801 16130 printed 24.01.2012 page 459 Eurobarometer 55.2 - May-June 2001,GESIS Variable Report,485,ZA3509
v443,v443 0 1 N Sum N Valid Sum,Q60 PUBLIC INTERNET ACCESS: CYBER CAFE,isocntry AT 878 (86.2) 141 (13.8) 1019 1019 BE 997 (94.2) 61 (5.8) 1058 1058 DE-E 918 (89.5) 108 (10.5) 1026 1026 DE-W 895 (88.4) 117 (11.6) 1012 1012 DK 854 (85.4) 146 (14.6) 1000 1000 ES 905 (90.5) 95 (9.5) 1000 1000 FI 884 (86.5) 138 (13.5) 1022 1022 FR 940 (93.6) 64 (6.4) 1004 1004 GB-GBN 882 (88.2) 118 (11.8) 1000 1000 GB-NIR 268 (88.2) 36 (11.8) 304 304 GR 933 (92.9) 71 (7.1) 1004 1004 IE 901 (89.6) 105 (10.4) 1006 1006 IT 916 (92.1) 79 (7.9) 995 995 LU 563 (91.0) 56 (9.0) 619 619 NL 802 (75.6) 259 (24.4) 1061 1061 PT 918 (91.8) 82 (8.2) 1000 1000 SE 836 (83.6) 164 (16.4) 1000 1000 N Sum 14290 1840 16130 N Valid Sum 14290 1840 16130 printed 24.01.2012 page 460 Eurobarometer 55.2 - May-June 2001,isocntry AT 878 (86.2) 141 (13.8) 1019 1019 BE 997 (94.2) 61 (5.8) 1058 1058 DE-E 918 (89.5) 108 (10.5) 1026 1026 DE-W 895 (88.4) 117 (11.6) 1012 1012 DK 854 (85.4) 146 (14.6) 1000 1000 ES 905 (90.5) 95 (9.5) 1000 1000 FI 884 (86.5) 138 (13.5) 1022 1022 FR 940 (93.6) 64 (6.4) 1004 1004 GB-GBN 882 (88.2) 118 (11.8) 1000 1000 GB-NIR 268 (88.2) 36 (11.8) 304 304 GR 933 (92.9) 71 (7.1) 1004 1004 IE 901 (89.6) 105 (10.4) 1006 1006 IT 916 (92.1) 79 (7.9) 995 995 LU 563 (91.0) 56 (9.0) 619 619 NL 802 (75.6) 259 (24.4) 1061 1061 PT 918 (91.8) 82 (8.2) 1000 1000 SE 836 (83.6) 164 (16.4) 1000 1000 N Sum 14290 1840 16130 N Valid Sum 14290 1840 16130 printed 24.01.2012 page 460 Eurobarometer 55.2 - May-June 2001,GESIS Variable Report,486,ZA3509
v444,v444 0 1 N Sum N Valid Sum,Q60 PUBLIC INTERNET ACCESS: CLOSE TO HOME,isocntry AT 806 (79.1) 213 (20.9) 1019 1019 BE 810 (76.6) 248 (23.4) 1058 1058 DE-E 803 (78.3) 223 (21.7) 1026 1026 DE-W 825 (81.5) 187 (18.5) 1012 1012 DK 765 (76.5) 235 (23.5) 1000 1000 ES 761 (76.1) 239 (23.9) 1000 1000 FI 786 (76.9) 236 (23.1) 1022 1022 FR 767 (76.4) 237 (23.6) 1004 1004 GB-GBN 761 (76.1) 239 (23.9) 1000 1000 GB-NIR 219 (72.0) 85 (28.0) 304 304 GR 757 (75.4) 247 (24.6) 1004 1004 IE 796 (79.1) 210 (20.9) 1006 1006 IT 851 (85.5) 144 (14.5) 995 995 LU 538 (86.9) 81 (13.1) 619 619 NL 805 (75.9) 256 (24.1) 1061 1061 PT 802 (80.2) 198 (19.8) 1000 1000 SE 741 (74.1) 259 (25.9) 1000 1000 N Sum 12593 3537 16130 N Valid Sum 12593 3537 16130 printed 24.01.2012 page 461 Eurobarometer 55.2 - May-June 2001,isocntry AT 806 (79.1) 213 (20.9) 1019 1019 BE 810 (76.6) 248 (23.4) 1058 1058 DE-E 803 (78.3) 223 (21.7) 1026 1026 DE-W 825 (81.5) 187 (18.5) 1012 1012 DK 765 (76.5) 235 (23.5) 1000 1000 ES 761 (76.1) 239 (23.9) 1000 1000 FI 786 (76.9) 236 (23.1) 1022 1022 FR 767 (76.4) 237 (23.6) 1004 1004 GB-GBN 761 (76.1) 239 (23.9) 1000 1000 GB-NIR 219 (72.0) 85 (28.0) 304 304 GR 757 (75.4) 247 (24.6) 1004 1004 IE 796 (79.1) 210 (20.9) 1006 1006 IT 851 (85.5) 144 (14.5) 995 995 LU 538 (86.9) 81 (13.1) 619 619 NL 805 (75.9) 256 (24.1) 1061 1061 PT 802 (80.2) 198 (19.8) 1000 1000 SE 741 (74.1) 259 (25.9) 1000 1000 N Sum 12593 3537 16130 N Valid Sum 12593 3537 16130 printed 24.01.2012 page 461 Eurobarometer 55.2 - May-June 2001,GESIS Variable Report,487,ZA3509
v445,v445 0 1 N Sum N Valid Sum,Q60 PUBLIC INTERNET ACCESS: ENOUGH POINTS,isocntry AT 896 (87.9) 123 (12.1) 1019 1019 BE 908 (85.8) 150 (14.2) 1058 1058 DE-E 881 (85.9) 145 (14.1) 1026 1026 DE-W 885 (87.5) 127 (12.5) 1012 1012 DK 781 (78.1) 219 (21.9) 1000 1000 ES 844 (84.4) 156 (15.6) 1000 1000 FI 740 (72.4) 282 (27.6) 1022 1022 FR 852 (84.9) 152 (15.1) 1004 1004 GB-GBN 886 (88.6) 114 (11.4) 1000 1000 GB-NIR 256 (84.2) 48 (15.8) 304 304 GR 865 (86.2) 139 (13.8) 1004 1004 IE 909 (90.4) 97 (9.6) 1006 1006 IT 841 (84.5) 154 (15.5) 995 995 LU 556 (89.8) 63 (10.2) 619 619 NL 854 (80.5) 207 (19.5) 1061 1061 PT 902 (90.2) 98 (9.8) 1000 1000 SE 776 (77.6) 224 (22.4) 1000 1000 N Sum 13632 2498 16130 N Valid Sum 13632 2498 16130 printed 24.01.2012 page 462 Eurobarometer 55.2 - May-June 2001,isocntry AT 896 (87.9) 123 (12.1) 1019 1019 BE 908 (85.8) 150 (14.2) 1058 1058 DE-E 881 (85.9) 145 (14.1) 1026 1026 DE-W 885 (87.5) 127 (12.5) 1012 1012 DK 781 (78.1) 219 (21.9) 1000 1000 ES 844 (84.4) 156 (15.6) 1000 1000 FI 740 (72.4) 282 (27.6) 1022 1022 FR 852 (84.9) 152 (15.1) 1004 1004 GB-GBN 886 (88.6) 114 (11.4) 1000 1000 GB-NIR 256 (84.2) 48 (15.8) 304 304 GR 865 (86.2) 139 (13.8) 1004 1004 IE 909 (90.4) 97 (9.6) 1006 1006 IT 841 (84.5) 154 (15.5) 995 995 LU 556 (89.8) 63 (10.2) 619 619 NL 854 (80.5) 207 (19.5) 1061 1061 PT 902 (90.2) 98 (9.8) 1000 1000 SE 776 (77.6) 224 (22.4) 1000 1000 N Sum 13632 2498 16130 N Valid Sum 13632 2498 16130 printed 24.01.2012 page 462 Eurobarometer 55.2 - May-June 2001,GESIS Variable Report,488,ZA3509
v446,v446 0 1 N Sum N Valid Sum,Q60 PUBLIC INTERNET ACCESS: OPENING HOURS,isocntry AT 881 (86.5) 138 (13.5) 1019 1019 BE 888 (83.9) 170 (16.1) 1058 1058 DE-E 901 (87.8) 125 (12.2) 1026 1026 DE-W 889 (87.8) 123 (12.2) 1012 1012 DK 751 (75.1) 249 (24.9) 1000 1000 ES 871 (87.1) 129 (12.9) 1000 1000 FI 811 (79.4) 211 (20.6) 1022 1022 FR 884 (88.0) 120 (12.0) 1004 1004 GB-GBN 836 (83.6) 164 (16.4) 1000 1000 GB-NIR 242 (79.6) 62 (20.4) 304 304 GR 816 (81.3) 188 (18.7) 1004 1004 IE 889 (88.4) 117 (11.6) 1006 1006 IT 902 (90.6) 94 (9.4) 996 996 LU 562 (90.8) 57 (9.2) 619 619 NL 865 (81.5) 196 (18.5) 1061 1061 PT 906 (90.6) 94 (9.4) 1000 1000 SE 781 (78.1) 219 (21.9) 1000 1000 N Sum 13675 2456 16131 N Valid Sum 13675 2456 16131 printed 24.01.2012 page 463 Eurobarometer 55.2 - May-June 2001,isocntry AT 881 (86.5) 138 (13.5) 1019 1019 BE 888 (83.9) 170 (16.1) 1058 1058 DE-E 901 (87.8) 125 (12.2) 1026 1026 DE-W 889 (87.8) 123 (12.2) 1012 1012 DK 751 (75.1) 249 (24.9) 1000 1000 ES 871 (87.1) 129 (12.9) 1000 1000 FI 811 (79.4) 211 (20.6) 1022 1022 FR 884 (88.0) 120 (12.0) 1004 1004 GB-GBN 836 (83.6) 164 (16.4) 1000 1000 GB-NIR 242 (79.6) 62 (20.4) 304 304 GR 816 (81.3) 188 (18.7) 1004 1004 IE 889 (88.4) 117 (11.6) 1006 1006 IT 902 (90.6) 94 (9.4) 996 996 LU 562 (90.8) 57 (9.2) 619 619 NL 865 (81.5) 196 (18.5) 1061 1061 PT 906 (90.6) 94 (9.4) 1000 1000 SE 781 (78.1) 219 (21.9) 1000 1000 N Sum 13675 2456 16131 N Valid Sum 13675 2456 16131 printed 24.01.2012 page 463 Eurobarometer 55.2 - May-June 2001,GESIS Variable Report,489,ZA3509
v447,v447 0 1 N Sum N Valid Sum,Q60 PUBLIC INTERNET ACCESS: TRAINING,isocntry AT 910 (89.3) 109 (10.7) 1019 1019 BE 903 (85.3) 155 (14.7) 1058 1058 DE-E 904 (88.1) 122 (11.9) 1026 1026 DE-W 875 (86.5) 137 (13.5) 1012 1012 DK 831 (83.1) 169 (16.9) 1000 1000 ES 889 (88.9) 111 (11.1) 1000 1000 FI 846 (82.8) 176 (17.2) 1022 1022 FR 897 (89.3) 107 (10.7) 1004 1004 GB-GBN 890 (89.0) 110 (11.0) 1000 1000 GB-NIR 252 (82.9) 52 (17.1) 304 304 GR 870 (86.7) 134 (13.3) 1004 1004 IE 910 (90.5) 96 (9.5) 1006 1006 IT 843 (84.7) 152 (15.3) 995 995 LU 554 (89.5) 65 (10.5) 619 619 NL 905 (85.3) 156 (14.7) 1061 1061 PT 899 (89.9) 101 (10.1) 1000 1000 SE 756 (75.6) 244 (24.4) 1000 1000 N Sum 13934 2196 16130 N Valid Sum 13934 2196 16130 printed 24.01.2012 page 464 Eurobarometer 55.2 - May-June 2001,isocntry AT 910 (89.3) 109 (10.7) 1019 1019 BE 903 (85.3) 155 (14.7) 1058 1058 DE-E 904 (88.1) 122 (11.9) 1026 1026 DE-W 875 (86.5) 137 (13.5) 1012 1012 DK 831 (83.1) 169 (16.9) 1000 1000 ES 889 (88.9) 111 (11.1) 1000 1000 FI 846 (82.8) 176 (17.2) 1022 1022 FR 897 (89.3) 107 (10.7) 1004 1004 GB-GBN 890 (89.0) 110 (11.0) 1000 1000 GB-NIR 252 (82.9) 52 (17.1) 304 304 GR 870 (86.7) 134 (13.3) 1004 1004 IE 910 (90.5) 96 (9.5) 1006 1006 IT 843 (84.7) 152 (15.3) 995 995 LU 554 (89.5) 65 (10.5) 619 619 NL 905 (85.3) 156 (14.7) 1061 1061 PT 899 (89.9) 101 (10.1) 1000 1000 SE 756 (75.6) 244 (24.4) 1000 1000 N Sum 13934 2196 16130 N Valid Sum 13934 2196 16130 printed 24.01.2012 page 464 Eurobarometer 55.2 - May-June 2001,GESIS Variable Report,490,ZA3509
v448,v448 0 1 N Sum N Valid Sum,Q60 PUBLIC INTERNET ACCESS: FOR FREE,isocntry AT 757 (74.3) 262 (25.7) 1019 1019 BE 660 (62.4) 398 (37.6) 1058 1058 DE-E 667 (65.0) 359 (35.0) 1026 1026 DE-W 723 (71.4) 289 (28.6) 1012 1012 DK 568 (56.8) 432 (43.2) 1000 1000 ES 582 (58.2) 418 (41.8) 1000 1000 FI 619 (60.6) 403 (39.4) 1022 1022 FR 616 (61.4) 388 (38.6) 1004 1004 GB-GBN 647 (64.7) 353 (35.3) 1000 1000 GB-NIR 182 (59.9) 122 (40.1) 304 304 GR 704 (70.1) 300 (29.9) 1004 1004 IE 744 (74.0) 262 (26.0) 1006 1006 IT 717 (72.1) 278 (27.9) 995 995 LU 448 (72.4) 171 (27.6) 619 619 NL 569 (53.6) 492 (46.4) 1061 1061 PT 654 (65.4) 346 (34.6) 1000 1000 SE 487 (48.7) 513 (51.3) 1000 1000 N Sum 10344 5786 16130 N Valid Sum 10344 5786 16130 printed 24.01.2012 page 465 Eurobarometer 55.2 - May-June 2001,isocntry AT 757 (74.3) 262 (25.7) 1019 1019 BE 660 (62.4) 398 (37.6) 1058 1058 DE-E 667 (65.0) 359 (35.0) 1026 1026 DE-W 723 (71.4) 289 (28.6) 1012 1012 DK 568 (56.8) 432 (43.2) 1000 1000 ES 582 (58.2) 418 (41.8) 1000 1000 FI 619 (60.6) 403 (39.4) 1022 1022 FR 616 (61.4) 388 (38.6) 1004 1004 GB-GBN 647 (64.7) 353 (35.3) 1000 1000 GB-NIR 182 (59.9) 122 (40.1) 304 304 GR 704 (70.1) 300 (29.9) 1004 1004 IE 744 (74.0) 262 (26.0) 1006 1006 IT 717 (72.1) 278 (27.9) 995 995 LU 448 (72.4) 171 (27.6) 619 619 NL 569 (53.6) 492 (46.4) 1061 1061 PT 654 (65.4) 346 (34.6) 1000 1000 SE 487 (48.7) 513 (51.3) 1000 1000 N Sum 10344 5786 16130 N Valid Sum 10344 5786 16130 printed 24.01.2012 page 465 Eurobarometer 55.2 - May-June 2001,GESIS Variable Report,491,ZA3509
v449,v449 0 1 N Sum N Valid Sum,Q60 PUBLIC INTERNET ACCESS: DISABLED PPL,isocntry AT 958 (94.0) 61 (6.0) 1019 1019 BE 1006 (95.1) 52 (4.9) 1058 1058 DE-E 986 (96.1) 40 (3.9) 1026 1026 DE-W 979 (96.7) 33 (3.3) 1012 1012 DK 890 (89.0) 110 (11.0) 1000 1000 ES 931 (93.1) 69 (6.9) 1000 1000 FI 970 (94.9) 52 (5.1) 1022 1022 FR 941 (93.7) 63 (6.3) 1004 1004 GB-GBN 924 (92.4) 76 (7.6) 1000 1000 GB-NIR 279 (91.8) 25 (8.2) 304 304 GR 946 (94.2) 58 (5.8) 1004 1004 IE 978 (97.2) 28 (2.8) 1006 1006 IT 956 (96.1) 39 (3.9) 995 995 LU 572 (92.4) 47 (7.6) 619 619 NL 925 (87.2) 136 (12.8) 1061 1061 PT 945 (94.5) 55 (5.5) 1000 1000 SE 857 (85.7) 143 (14.3) 1000 1000 N Sum 15043 1087 16130 N Valid Sum 15043 1087 16130 printed 24.01.2012 page 466 Eurobarometer 55.2 - May-June 2001,isocntry AT 958 (94.0) 61 (6.0) 1019 1019 BE 1006 (95.1) 52 (4.9) 1058 1058 DE-E 986 (96.1) 40 (3.9) 1026 1026 DE-W 979 (96.7) 33 (3.3) 1012 1012 DK 890 (89.0) 110 (11.0) 1000 1000 ES 931 (93.1) 69 (6.9) 1000 1000 FI 970 (94.9) 52 (5.1) 1022 1022 FR 941 (93.7) 63 (6.3) 1004 1004 GB-GBN 924 (92.4) 76 (7.6) 1000 1000 GB-NIR 279 (91.8) 25 (8.2) 304 304 GR 946 (94.2) 58 (5.8) 1004 1004 IE 978 (97.2) 28 (2.8) 1006 1006 IT 956 (96.1) 39 (3.9) 995 995 LU 572 (92.4) 47 (7.6) 619 619 NL 925 (87.2) 136 (12.8) 1061 1061 PT 945 (94.5) 55 (5.5) 1000 1000 SE 857 (85.7) 143 (14.3) 1000 1000 N Sum 15043 1087 16130 N Valid Sum 15043 1087 16130 printed 24.01.2012 page 466 Eurobarometer 55.2 - May-June 2001,GESIS Variable Report,492,ZA3509
v450,v450 0 1 N Sum N Valid Sum,Q60 PUBLIC INTERNET ACCESS: NOTHING,isocntry AT 651 (63.9) 368 (36.1) 1019 1019 BE 737 (69.7) 321 (30.3) 1058 1058 DE-E 701 (68.3) 325 (31.7) 1026 1026 DE-W 656 (64.8) 356 (35.2) 1012 1012 DK 712 (71.2) 288 (28.8) 1000 1000 ES 710 (71.0) 290 (29.0) 1000 1000 FI 822 (80.4) 200 (19.6) 1022 1022 FR 666 (66.3) 338 (33.7) 1004 1004 GB-GBN 661 (66.1) 339 (33.9) 1000 1000 GB-NIR 211 (69.4) 93 (30.6) 304 304 GR 633 (63.0) 371 (37.0) 1004 1004 IE 703 (69.9) 303 (30.1) 1006 1006 IT 704 (70.8) 291 (29.2) 995 995 LU 395 (63.8) 224 (36.2) 619 619 NL 851 (80.2) 210 (19.8) 1061 1061 PT 746 (74.6) 254 (25.4) 1000 1000 SE 824 (82.4) 176 (17.6) 1000 1000 N Sum 11383 4747 16130 N Valid Sum 11383 4747 16130 printed 24.01.2012 page 467 Eurobarometer 55.2 - May-June 2001,isocntry AT 651 (63.9) 368 (36.1) 1019 1019 BE 737 (69.7) 321 (30.3) 1058 1058 DE-E 701 (68.3) 325 (31.7) 1026 1026 DE-W 656 (64.8) 356 (35.2) 1012 1012 DK 712 (71.2) 288 (28.8) 1000 1000 ES 710 (71.0) 290 (29.0) 1000 1000 FI 822 (80.4) 200 (19.6) 1022 1022 FR 666 (66.3) 338 (33.7) 1004 1004 GB-GBN 661 (66.1) 339 (33.9) 1000 1000 GB-NIR 211 (69.4) 93 (30.6) 304 304 GR 633 (63.0) 371 (37.0) 1004 1004 IE 703 (69.9) 303 (30.1) 1006 1006 IT 704 (70.8) 291 (29.2) 995 995 LU 395 (63.8) 224 (36.2) 619 619 NL 851 (80.2) 210 (19.8) 1061 1061 PT 746 (74.6) 254 (25.4) 1000 1000 SE 824 (82.4) 176 (17.6) 1000 1000 N Sum 11383 4747 16130 N Valid Sum 11383 4747 16130 printed 24.01.2012 page 467 Eurobarometer 55.2 - May-June 2001,GESIS Variable Report,493,ZA3509
v451,v451 0 1 N Sum N Valid Sum,Q60 PUBLIC INTERNET ACCESS: DK,isocntry AT 937 (92.0) 82 (8.0) 1019 1019 BE 981 (92.7) 77 (7.3) 1058 1058 DE-E 908 (88.5) 118 (11.5) 1026 1026 DE-W 907 (89.6) 105 (10.4) 1012 1012 DK 966 (96.6) 34 (3.4) 1000 1000 ES 923 (92.3) 77 (7.7) 1000 1000 FI 945 (92.5) 77 (7.5) 1022 1022 FR 959 (95.5) 45 (4.5) 1004 1004 GB-GBN 935 (93.5) 65 (6.5) 1000 1000 GB-NIR 293 (96.4) 11 (3.6) 304 304 GR 950 (94.6) 54 (5.4) 1004 1004 IE 888 (88.3) 118 (11.7) 1006 1006 IT 888 (89.2) 107 (10.8) 995 995 LU 555 (89.7) 64 (10.3) 619 619 NL 1002 (94.4) 59 (5.6) 1061 1061 PT 835 (83.5) 165 (16.5) 1000 1000 SE 945 (94.5) 55 (5.5) 1000 1000 N Sum 14817 1313 16130 N Valid Sum 14817 1313 16130 printed 24.01.2012 page 468 Eurobarometer 55.2 - May-June 2001,isocntry AT 937 (92.0) 82 (8.0) 1019 1019 BE 981 (92.7) 77 (7.3) 1058 1058 DE-E 908 (88.5) 118 (11.5) 1026 1026 DE-W 907 (89.6) 105 (10.4) 1012 1012 DK 966 (96.6) 34 (3.4) 1000 1000 ES 923 (92.3) 77 (7.7) 1000 1000 FI 945 (92.5) 77 (7.5) 1022 1022 FR 959 (95.5) 45 (4.5) 1004 1004 GB-GBN 935 (93.5) 65 (6.5) 1000 1000 GB-NIR 293 (96.4) 11 (3.6) 304 304 GR 950 (94.6) 54 (5.4) 1004 1004 IE 888 (88.3) 118 (11.7) 1006 1006 IT 888 (89.2) 107 (10.8) 995 995 LU 555 (89.7) 64 (10.3) 619 619 NL 1002 (94.4) 59 (5.6) 1061 1061 PT 835 (83.5) 165 (16.5) 1000 1000 SE 945 (94.5) 55 (5.5) 1000 1000 N Sum 14817 1313 16130 N Valid Sum 14817 1313 16130 printed 24.01.2012 page 468 Eurobarometer 55.2 - May-June 2001,GESIS Variable Report,494,ZA3509
v452,v452 1 2 3 N Sum N Valid Sum,Q61A COMPUTER TRAINING,isocntry M AT 315 (31.0) 702 (69.0) 2 1019 1017 BE 303 (29.1) 740 (70.9) 14 1057 1043 DE-E 285 (28.1) 731 (71.9) 10 1026 1016 DE-W 295 (29.3) 713 (70.7) 4 1012 1008 DK 678 (68.0) 319 (32.0) 3 1000 997 ES 315 (31.6) 682 (68.4) 4 1001 997 FI 627 (61.6) 391 (38.4) 4 1022 1018 FR 300 (29.9) 703 (70.1) 1 1004 1003 GB-GBN 459 (46.3) 532 (53.7) 10 1001 991 GB-NIR 129 (42.9) 172 (57.1) 2 303 301 GR 193 (19.3) 809 (80.7) 1 1003 1002 IE 365 (36.8) 626 (63.2) 15 1006 991 IT 181 (18.2) 814 (81.8) 995 995 LU 234 (38.2) 378 (61.8) 6 618 612 NL 611 (57.6) 449 (42.4) 1 1061 1060 PT 195 (19.5) 803 (80.5) 2 1000 998 SE 704 (70.6) 293 (29.4) 3 1000 997 N Sum 6189 9857 82 16128 N Valid Sum 6189 9857 16046 printed 24.01.2012 page 469 Eurobarometer 55.2 - May-June 2001,isocntry M AT 315 (31.0) 702 (69.0) 2 1019 1017 BE 303 (29.1) 740 (70.9) 14 1057 1043 DE-E 285 (28.1) 731 (71.9) 10 1026 1016 DE-W 295 (29.3) 713 (70.7) 4 1012 1008 DK 678 (68.0) 319 (32.0) 3 1000 997 ES 315 (31.6) 682 (68.4) 4 1001 997 FI 627 (61.6) 391 (38.4) 4 1022 1018 FR 300 (29.9) 703 (70.1) 1 1004 1003 GB-GBN 459 (46.3) 532 (53.7) 10 1001 991 GB-NIR 129 (42.9) 172 (57.1) 2 303 301 GR 193 (19.3) 809 (80.7) 1 1003 1002 IE 365 (36.8) 626 (63.2) 15 1006 991 IT 181 (18.2) 814 (81.8) 995 995 LU 234 (38.2) 378 (61.8) 6 618 612 NL 611 (57.6) 449 (42.4) 1 1061 1060 PT 195 (19.5) 803 (80.5) 2 1000 998 SE 704 (70.6) 293 (29.4) 3 1000 997 N Sum 6189 9857 82 16128 N Valid Sum 6189 9857 16046 printed 24.01.2012 page 469 Eurobarometer 55.2 - May-June 2001,GESIS Variable Report,495,ZA3509
v453,v453 0 1 9 N Sum N Valid Sum,Q61B COMPUTER TRAINING: AT SCHOOL,isocntry M AT 200 (63.7) 114 (36.3) 704 1018 314 BE 134 (44.2) 169 (55.8) 755 1058 303 DE-E 185 (64.9) 100 (35.1) 741 1026 285 DE-W 215 (72.9) 80 (27.1) 717 1012 295 DK 414 (61.0) 265 (39.0) 322 1001 679 ES 197 (62.5) 118 (37.5) 685 1000 315 FI 347 (55.3) 280 (44.7) 395 1022 627 FR 203 (67.7) 97 (32.3) 704 1004 300 GB-GBN 288 (62.7) 171 (37.3) 541 1000 459 GB-NIR 66 (51.2) 63 (48.8) 175 304 129 GR 129 (66.5) 65 (33.5) 811 1005 194 IE 216 (59.2) 149 (40.8) 641 1006 365 IT 126 (69.6) 55 (30.4) 814 995 181 LU 118 (50.4) 116 (49.6) 385 619 234 NL 281 (46.0) 330 (54.0) 450 1061 611 PT 101 (52.1) 93 (47.9) 805 999 194 SE 436 (62.0) 267 (38.0) 296 999 703 N Sum 3656 2532 9941 16129 N Valid Sum 3656 2532 6188 printed 24.01.2012 page 470 Eurobarometer 55.2 - May-June 2001,isocntry M AT 200 (63.7) 114 (36.3) 704 1018 314 BE 134 (44.2) 169 (55.8) 755 1058 303 DE-E 185 (64.9) 100 (35.1) 741 1026 285 DE-W 215 (72.9) 80 (27.1) 717 1012 295 DK 414 (61.0) 265 (39.0) 322 1001 679 ES 197 (62.5) 118 (37.5) 685 1000 315 FI 347 (55.3) 280 (44.7) 395 1022 627 FR 203 (67.7) 97 (32.3) 704 1004 300 GB-GBN 288 (62.7) 171 (37.3) 541 1000 459 GB-NIR 66 (51.2) 63 (48.8) 175 304 129 GR 129 (66.5) 65 (33.5) 811 1005 194 IE 216 (59.2) 149 (40.8) 641 1006 365 IT 126 (69.6) 55 (30.4) 814 995 181 LU 118 (50.4) 116 (49.6) 385 619 234 NL 281 (46.0) 330 (54.0) 450 1061 611 PT 101 (52.1) 93 (47.9) 805 999 194 SE 436 (62.0) 267 (38.0) 296 999 703 N Sum 3656 2532 9941 16129 N Valid Sum 3656 2532 6188 printed 24.01.2012 page 470 Eurobarometer 55.2 - May-June 2001,GESIS Variable Report,496,ZA3509
v454,v454 0 1 9 N Sum N Valid Sum,Q61B COMPUTER TRAINING: AT UNIVERSITY,isocntry M AT 275 (87.3) 40 (12.7) 704 1019 315 BE 257 (84.8) 46 (15.2) 755 1058 303 DE-E 262 (91.9) 23 (8.1) 741 1026 285 DE-W 271 (91.9) 24 (8.1) 717 1012 295 DK 523 (77.0) 156 (23.0) 322 1001 679 ES 247 (78.4) 68 (21.6) 685 1000 315 FI 532 (84.8) 95 (15.2) 395 1022 627 FR 249 (83.0) 51 (17.0) 704 1004 300 GB-GBN 373 (81.3) 86 (18.7) 541 1000 459 GB-NIR 105 (80.8) 25 (19.2) 175 305 130 GR 141 (72.7) 53 (27.3) 811 1005 194 IE 305 (83.8) 59 (16.2) 641 1005 364 IT 162 (89.5) 19 (10.5) 814 995 181 LU 206 (88.0) 28 (12.0) 385 619 234 NL 510 (83.3) 102 (16.7) 450 1062 612 PT 167 (86.1) 27 (13.9) 805 999 194 SE 596 (84.8) 107 (15.2) 296 999 703 N Sum 5181 1009 9941 16131 N Valid Sum 5181 1009 6190 printed 24.01.2012 page 471 Eurobarometer 55.2 - May-June 2001,isocntry M AT 275 (87.3) 40 (12.7) 704 1019 315 BE 257 (84.8) 46 (15.2) 755 1058 303 DE-E 262 (91.9) 23 (8.1) 741 1026 285 DE-W 271 (91.9) 24 (8.1) 717 1012 295 DK 523 (77.0) 156 (23.0) 322 1001 679 ES 247 (78.4) 68 (21.6) 685 1000 315 FI 532 (84.8) 95 (15.2) 395 1022 627 FR 249 (83.0) 51 (17.0) 704 1004 300 GB-GBN 373 (81.3) 86 (18.7) 541 1000 459 GB-NIR 105 (80.8) 25 (19.2) 175 305 130 GR 141 (72.7) 53 (27.3) 811 1005 194 IE 305 (83.8) 59 (16.2) 641 1005 364 IT 162 (89.5) 19 (10.5) 814 995 181 LU 206 (88.0) 28 (12.0) 385 619 234 NL 510 (83.3) 102 (16.7) 450 1062 612 PT 167 (86.1) 27 (13.9) 805 999 194 SE 596 (84.8) 107 (15.2) 296 999 703 N Sum 5181 1009 9941 16131 N Valid Sum 5181 1009 6190 printed 24.01.2012 page 471 Eurobarometer 55.2 - May-June 2001,GESIS Variable Report,497,ZA3509
v455,v455 0 1 9 N Sum N Valid Sum,Q61B COMPUTER TRAINING: PAID BY EMPLOYER,isocntry M AT 180 (57.1) 135 (42.9) 704 1019 315 BE 235 (77.6) 68 (22.4) 755 1058 303 DE-E 205 (71.9) 80 (28.1) 741 1026 285 DE-W 192 (65.1) 103 (34.9) 717 1012 295 DK 389 (57.4) 289 (42.6) 322 1000 678 ES 258 (81.9) 57 (18.1) 685 1000 315 FI 369 (58.9) 258 (41.1) 395 1022 627 FR 193 (64.3) 107 (35.7) 704 1004 300 GB-GBN 278 (60.6) 181 (39.4) 541 1000 459 GB-NIR 87 (67.4) 42 (32.6) 175 304 129 GR 179 (92.7) 14 (7.3) 811 1004 193 IE 280 (76.7) 85 (23.3) 641 1006 365 IT 129 (71.3) 52 (28.7) 814 995 181 LU 149 (63.4) 86 (36.6) 385 620 235 NL 407 (66.5) 205 (33.5) 450 1062 612 PT 174 (89.2) 21 (10.8) 805 1000 195 SE 356 (50.6) 348 (49.4) 296 1000 704 N Sum 4060 2131 9941 16132 N Valid Sum 4060 2131 6191 printed 24.01.2012 page 472 Eurobarometer 55.2 - May-June 2001,isocntry M AT 180 (57.1) 135 (42.9) 704 1019 315 BE 235 (77.6) 68 (22.4) 755 1058 303 DE-E 205 (71.9) 80 (28.1) 741 1026 285 DE-W 192 (65.1) 103 (34.9) 717 1012 295 DK 389 (57.4) 289 (42.6) 322 1000 678 ES 258 (81.9) 57 (18.1) 685 1000 315 FI 369 (58.9) 258 (41.1) 395 1022 627 FR 193 (64.3) 107 (35.7) 704 1004 300 GB-GBN 278 (60.6) 181 (39.4) 541 1000 459 GB-NIR 87 (67.4) 42 (32.6) 175 304 129 GR 179 (92.7) 14 (7.3) 811 1004 193 IE 280 (76.7) 85 (23.3) 641 1006 365 IT 129 (71.3) 52 (28.7) 814 995 181 LU 149 (63.4) 86 (36.6) 385 620 235 NL 407 (66.5) 205 (33.5) 450 1062 612 PT 174 (89.2) 21 (10.8) 805 1000 195 SE 356 (50.6) 348 (49.4) 296 1000 704 N Sum 4060 2131 9941 16132 N Valid Sum 4060 2131 6191 printed 24.01.2012 page 472 Eurobarometer 55.2 - May-June 2001,GESIS Variable Report,498,ZA3509
v456,v456 0 1 9 N Sum N Valid Sum,Q61B COMPUTER TRAINING: PUBLIC SERVICE,isocntry M AT 299 (94.9) 16 (5.1) 704 1019 315 BE 293 (96.7) 10 (3.3) 755 1058 303 DE-E 230 (80.7) 55 (19.3) 741 1026 285 DE-W 267 (90.5) 28 (9.5) 717 1012 295 DK 652 (96.0) 27 (4.0) 322 1001 679 ES 295 (93.9) 19 (6.1) 685 999 314 FI 593 (94.6) 34 (5.4) 395 1022 627 FR 287 (95.3) 14 (4.7) 704 1005 301 GB-GBN 453 (98.7) 6 (1.3) 541 1000 459 GB-NIR 124 (96.1) 5 (3.9) 175 304 129 GR 184 (95.3) 9 (4.7) 811 1004 193 IE 345 (94.5) 20 (5.5) 641 1006 365 IT 165 (91.2) 16 (8.8) 814 995 181 LU 214 (91.1) 21 (8.9) 385 620 235 NL 590 (96.6) 21 (3.4) 450 1061 611 PT 182 (93.8) 12 (6.2) 805 999 194 SE 639 (90.9) 64 (9.1) 296 999 703 N Sum 5812 377 9941 16130 N Valid Sum 5812 377 6189 printed 24.01.2012 page 473 Eurobarometer 55.2 - May-June 2001,isocntry M AT 299 (94.9) 16 (5.1) 704 1019 315 BE 293 (96.7) 10 (3.3) 755 1058 303 DE-E 230 (80.7) 55 (19.3) 741 1026 285 DE-W 267 (90.5) 28 (9.5) 717 1012 295 DK 652 (96.0) 27 (4.0) 322 1001 679 ES 295 (93.9) 19 (6.1) 685 999 314 FI 593 (94.6) 34 (5.4) 395 1022 627 FR 287 (95.3) 14 (4.7) 704 1005 301 GB-GBN 453 (98.7) 6 (1.3) 541 1000 459 GB-NIR 124 (96.1) 5 (3.9) 175 304 129 GR 184 (95.3) 9 (4.7) 811 1004 193 IE 345 (94.5) 20 (5.5) 641 1006 365 IT 165 (91.2) 16 (8.8) 814 995 181 LU 214 (91.1) 21 (8.9) 385 620 235 NL 590 (96.6) 21 (3.4) 450 1061 611 PT 182 (93.8) 12 (6.2) 805 999 194 SE 639 (90.9) 64 (9.1) 296 999 703 N Sum 5812 377 9941 16130 N Valid Sum 5812 377 6189 printed 24.01.2012 page 473 Eurobarometer 55.2 - May-June 2001,GESIS Variable Report,499,ZA3509
v457,v457 0 1 9 N Sum N Valid Sum,Q61B COMPUTER TRAINING: VOCATIONAL INST,isocntry M AT 265 (84.4) 49 (15.6) 704 1018 314 BE 289 (95.4) 14 (4.6) 755 1058 303 DE-E 250 (87.7) 35 (12.3) 741 1026 285 DE-W 262 (88.8) 33 (11.2) 717 1012 295 DK 544 (80.2) 134 (19.8) 322 1000 678 ES 297 (94.6) 17 (5.4) 685 999 314 FI 522 (83.3) 105 (16.7) 395 1022 627 FR 276 (92.0) 24 (8.0) 704 1004 300 GB-GBN 430 (93.7) 29 (6.3) 541 1000 459 GB-NIR 117 (90.7) 12 (9.3) 175 304 129 GR 175 (90.2) 19 (9.8) 811 1005 194 IE 331 (90.7) 34 (9.3) 641 1006 365 IT 159 (87.8) 22 (12.2) 814 995 181 LU 210 (89.7) 24 (10.3) 385 619 234 NL 567 (92.8) 44 (7.2) 450 1061 611 PT 161 (82.6) 34 (17.4) 805 1000 195 SE 682 (96.9) 22 (3.1) 296 1000 704 N Sum 5537 651 9941 16129 N Valid Sum 5537 651 6188 printed 24.01.2012 page 474 Eurobarometer 55.2 - May-June 2001,isocntry M AT 265 (84.4) 49 (15.6) 704 1018 314 BE 289 (95.4) 14 (4.6) 755 1058 303 DE-E 250 (87.7) 35 (12.3) 741 1026 285 DE-W 262 (88.8) 33 (11.2) 717 1012 295 DK 544 (80.2) 134 (19.8) 322 1000 678 ES 297 (94.6) 17 (5.4) 685 999 314 FI 522 (83.3) 105 (16.7) 395 1022 627 FR 276 (92.0) 24 (8.0) 704 1004 300 GB-GBN 430 (93.7) 29 (6.3) 541 1000 459 GB-NIR 117 (90.7) 12 (9.3) 175 304 129 GR 175 (90.2) 19 (9.8) 811 1005 194 IE 331 (90.7) 34 (9.3) 641 1006 365 IT 159 (87.8) 22 (12.2) 814 995 181 LU 210 (89.7) 24 (10.3) 385 619 234 NL 567 (92.8) 44 (7.2) 450 1061 611 PT 161 (82.6) 34 (17.4) 805 1000 195 SE 682 (96.9) 22 (3.1) 296 1000 704 N Sum 5537 651 9941 16129 N Valid Sum 5537 651 6188 printed 24.01.2012 page 474 Eurobarometer 55.2 - May-June 2001,GESIS Variable Report,500,ZA3509
v458,v458 0 1 9 N Sum N Valid Sum,Q61B COMPUTER TRAINING: ADULT EDUCATION,isocntry M AT 295 (93.7) 20 (6.3) 704 1019 315 BE 283 (93.4) 20 (6.6) 755 1058 303 DE-E 263 (92.3) 22 (7.7) 741 1026 285 DE-W 234 (79.3) 61 (20.7) 717 1012 295 DK 530 (78.2) 148 (21.8) 322 1000 678 ES 303 (96.2) 12 (3.8) 685 1000 315 FI 493 (78.6) 134 (21.4) 395 1022 627 FR 271 (90.0) 30 (10.0) 704 1005 301 GB-GBN 362 (78.9) 97 (21.1) 541 1000 459 GB-NIR 106 (82.2) 23 (17.8) 175 304 129 GR 184 (94.8) 10 (5.2) 811 1005 194 IE 314 (86.3) 50 (13.7) 641 1005 364 IT 166 (91.7) 15 (8.3) 814 995 181 LU 205 (87.6) 29 (12.4) 385 619 234 NL 566 (92.6) 45 (7.4) 450 1061 611 PT 188 (96.4) 7 (3.6) 805 1000 195 SE 568 (80.7) 136 (19.3) 296 1000 704 N Sum 5331 859 9941 16131 N Valid Sum 5331 859 6190 printed 24.01.2012 page 475 Eurobarometer 55.2 - May-June 2001,isocntry M AT 295 (93.7) 20 (6.3) 704 1019 315 BE 283 (93.4) 20 (6.6) 755 1058 303 DE-E 263 (92.3) 22 (7.7) 741 1026 285 DE-W 234 (79.3) 61 (20.7) 717 1012 295 DK 530 (78.2) 148 (21.8) 322 1000 678 ES 303 (96.2) 12 (3.8) 685 1000 315 FI 493 (78.6) 134 (21.4) 395 1022 627 FR 271 (90.0) 30 (10.0) 704 1005 301 GB-GBN 362 (78.9) 97 (21.1) 541 1000 459 GB-NIR 106 (82.2) 23 (17.8) 175 304 129 GR 184 (94.8) 10 (5.2) 811 1005 194 IE 314 (86.3) 50 (13.7) 641 1005 364 IT 166 (91.7) 15 (8.3) 814 995 181 LU 205 (87.6) 29 (12.4) 385 619 234 NL 566 (92.6) 45 (7.4) 450 1061 611 PT 188 (96.4) 7 (3.6) 805 1000 195 SE 568 (80.7) 136 (19.3) 296 1000 704 N Sum 5331 859 9941 16131 N Valid Sum 5331 859 6190 printed 24.01.2012 page 475 Eurobarometer 55.2 - May-June 2001,GESIS Variable Report,501,ZA3509
v459,v459 0 1 9 N Sum N Valid Sum,Q61B COMPUTER TRAINING: PUBL INTERNET POINT,isocntry M AT 309 (98.1) 6 (1.9) 704 1019 315 BE 303 (100.0) 755 1058 303 DE-E 282 (98.9) 3 (1.1) 741 1026 285 DE-W 293 (99.7) 1 (0.3) 717 1011 294 DK 662 (97.6) 16 (2.4) 322 1000 678 ES 303 (96.2) 12 (3.8) 685 1000 315 FI 618 (98.6) 9 (1.4) 395 1022 627 FR 298 (99.3) 2 (0.7) 704 1004 300 GB-GBN 453 (98.9) 5 (1.1) 541 999 458 GB-NIR 126 (96.9) 4 (3.1) 175 305 130 GR 192 (99.0) 2 (1.0) 811 1005 194 IE 355 (97.3) 10 (2.7) 641 1006 365 IT 181 (100.0) 814 995 181 LU 229 (97.9) 5 (2.1) 385 619 234 NL 597 (97.7) 14 (2.3) 450 1061 611 PT 192 (98.5) 3 (1.5) 805 1000 195 SE 694 (98.6) 10 (1.4) 296 1000 704 N Sum 6087 102 9941 16130 N Valid Sum 6087 102 6189 printed 24.01.2012 page 476 Eurobarometer 55.2 - May-June 2001,isocntry M AT 309 (98.1) 6 (1.9) 704 1019 315 BE 303 (100.0) 755 1058 303 DE-E 282 (98.9) 3 (1.1) 741 1026 285 DE-W 293 (99.7) 1 (0.3) 717 1011 294 DK 662 (97.6) 16 (2.4) 322 1000 678 ES 303 (96.2) 12 (3.8) 685 1000 315 FI 618 (98.6) 9 (1.4) 395 1022 627 FR 298 (99.3) 2 (0.7) 704 1004 300 GB-GBN 453 (98.9) 5 (1.1) 541 999 458 GB-NIR 126 (96.9) 4 (3.1) 175 305 130 GR 192 (99.0) 2 (1.0) 811 1005 194 IE 355 (97.3) 10 (2.7) 641 1006 365 IT 181 (100.0) 814 995 181 LU 229 (97.9) 5 (2.1) 385 619 234 NL 597 (97.7) 14 (2.3) 450 1061 611 PT 192 (98.5) 3 (1.5) 805 1000 195 SE 694 (98.6) 10 (1.4) 296 1000 704 N Sum 6087 102 9941 16130 N Valid Sum 6087 102 6189 printed 24.01.2012 page 476 Eurobarometer 55.2 - May-June 2001,GESIS Variable Report,502,ZA3509
v460,v460 0 1 9 N Sum N Valid Sum,Q61B COMPUTER TRAINING: PRIVATE INST,isocntry M AT 287 (91.1) 28 (8.9) 704 1019 315 BE 293 (96.7) 10 (3.3) 755 1058 303 DE-E 266 (93.3) 19 (6.7) 741 1026 285 DE-W 270 (91.5) 25 (8.5) 717 1012 295 DK 633 (93.4) 45 (6.6) 322 1000 678 ES 261 (82.9) 54 (17.1) 685 1000 315 FI 604 (96.3) 23 (3.7) 395 1022 627 FR 291 (97.0) 9 (3.0) 704 1004 300 GB-GBN 437 (95.2) 22 (4.8) 541 1000 459 GB-NIR 126 (96.9) 4 (3.1) 175 305 130 GR 160 (82.5) 34 (17.5) 811 1005 194 IE 341 (93.4) 24 (6.6) 641 1006 365 IT 170 (93.9) 11 (6.1) 814 995 181 LU 218 (92.8) 17 (7.2) 385 620 235 NL 573 (93.6) 39 (6.4) 450 1062 612 PT 183 (93.8) 12 (6.2) 805 1000 195 SE 681 (96.9) 22 (3.1) 296 999 703 N Sum 5794 398 9941 16133 N Valid Sum 5794 398 6192 printed 24.01.2012 page 477 Eurobarometer 55.2 - May-June 2001,isocntry M AT 287 (91.1) 28 (8.9) 704 1019 315 BE 293 (96.7) 10 (3.3) 755 1058 303 DE-E 266 (93.3) 19 (6.7) 741 1026 285 DE-W 270 (91.5) 25 (8.5) 717 1012 295 DK 633 (93.4) 45 (6.6) 322 1000 678 ES 261 (82.9) 54 (17.1) 685 1000 315 FI 604 (96.3) 23 (3.7) 395 1022 627 FR 291 (97.0) 9 (3.0) 704 1004 300 GB-GBN 437 (95.2) 22 (4.8) 541 1000 459 GB-NIR 126 (96.9) 4 (3.1) 175 305 130 GR 160 (82.5) 34 (17.5) 811 1005 194 IE 341 (93.4) 24 (6.6) 641 1006 365 IT 170 (93.9) 11 (6.1) 814 995 181 LU 218 (92.8) 17 (7.2) 385 620 235 NL 573 (93.6) 39 (6.4) 450 1062 612 PT 183 (93.8) 12 (6.2) 805 1000 195 SE 681 (96.9) 22 (3.1) 296 999 703 N Sum 5794 398 9941 16133 N Valid Sum 5794 398 6192 printed 24.01.2012 page 477 Eurobarometer 55.2 - May-June 2001,GESIS Variable Report,503,ZA3509
v461,v461 0 1 9 N Sum N Valid Sum,Q61B COMPUTER TRAINING: FAMILY/FRIENDS,isocntry M AT 259 (82.2) 56 (17.8) 704 1019 315 BE 248 (81.8) 55 (18.2) 755 1058 303 DE-E 218 (76.5) 67 (23.5) 741 1026 285 DE-W 227 (76.9) 68 (23.1) 717 1012 295 DK 451 (66.4) 228 (33.6) 322 1001 679 ES 244 (77.5) 71 (22.5) 685 1000 315 FI 469 (74.8) 158 (25.2) 395 1022 627 FR 251 (83.7) 49 (16.3) 704 1004 300 GB-GBN 385 (83.9) 74 (16.1) 541 1000 459 GB-NIR 107 (82.9) 22 (17.1) 175 304 129 GR 169 (87.6) 24 (12.4) 811 1004 193 IE 335 (92.0) 29 (8.0) 641 1005 364 IT 166 (91.7) 15 (8.3) 814 995 181 LU 205 (87.2) 30 (12.8) 385 620 235 NL 397 (65.0) 214 (35.0) 450 1061 611 PT 160 (82.5) 34 (17.5) 805 999 194 SE 461 (65.5) 243 (34.5) 296 1000 704 N Sum 4752 1437 9941 16130 N Valid Sum 4752 1437 6189 printed 24.01.2012 page 478 Eurobarometer 55.2 - May-June 2001,isocntry M AT 259 (82.2) 56 (17.8) 704 1019 315 BE 248 (81.8) 55 (18.2) 755 1058 303 DE-E 218 (76.5) 67 (23.5) 741 1026 285 DE-W 227 (76.9) 68 (23.1) 717 1012 295 DK 451 (66.4) 228 (33.6) 322 1001 679 ES 244 (77.5) 71 (22.5) 685 1000 315 FI 469 (74.8) 158 (25.2) 395 1022 627 FR 251 (83.7) 49 (16.3) 704 1004 300 GB-GBN 385 (83.9) 74 (16.1) 541 1000 459 GB-NIR 107 (82.9) 22 (17.1) 175 304 129 GR 169 (87.6) 24 (12.4) 811 1004 193 IE 335 (92.0) 29 (8.0) 641 1005 364 IT 166 (91.7) 15 (8.3) 814 995 181 LU 205 (87.2) 30 (12.8) 385 620 235 NL 397 (65.0) 214 (35.0) 450 1061 611 PT 160 (82.5) 34 (17.5) 805 999 194 SE 461 (65.5) 243 (34.5) 296 1000 704 N Sum 4752 1437 9941 16130 N Valid Sum 4752 1437 6189 printed 24.01.2012 page 478 Eurobarometer 55.2 - May-June 2001,GESIS Variable Report,504,ZA3509
v462,v462 0 1 9 N Sum N Valid Sum,Q61B COMPUTER TRAINING: COLLEAGUES,isocntry M AT 260 (82.5) 55 (17.5) 704 1019 315 BE 269 (88.8) 34 (11.2) 755 1058 303 DE-E 257 (90.2) 28 (9.8) 741 1026 285 DE-W 249 (84.4) 46 (15.6) 717 1012 295 DK 490 (72.3) 188 (27.7) 322 1000 678 ES 284 (90.2) 31 (9.8) 685 1000 315 FI 514 (82.0) 113 (18.0) 395 1022 627 FR 254 (84.7) 46 (15.3) 704 1004 300 GB-GBN 368 (80.3) 90 (19.7) 541 999 458 GB-NIR 115 (88.5) 15 (11.5) 175 305 130 GR 170 (88.1) 23 (11.9) 811 1004 193 IE 336 (92.1) 29 (7.9) 641 1006 365 IT 165 (91.2) 16 (8.8) 814 995 181 LU 209 (88.9) 26 (11.1) 385 620 235 NL 490 (80.2) 121 (19.8) 450 1061 611 PT 184 (94.4) 11 (5.6) 805 1000 195 SE 517 (73.4) 187 (26.6) 296 1000 704 N Sum 5131 1059 9941 16131 N Valid Sum 5131 1059 6190 printed 24.01.2012 page 479 Eurobarometer 55.2 - May-June 2001,isocntry M AT 260 (82.5) 55 (17.5) 704 1019 315 BE 269 (88.8) 34 (11.2) 755 1058 303 DE-E 257 (90.2) 28 (9.8) 741 1026 285 DE-W 249 (84.4) 46 (15.6) 717 1012 295 DK 490 (72.3) 188 (27.7) 322 1000 678 ES 284 (90.2) 31 (9.8) 685 1000 315 FI 514 (82.0) 113 (18.0) 395 1022 627 FR 254 (84.7) 46 (15.3) 704 1004 300 GB-GBN 368 (80.3) 90 (19.7) 541 999 458 GB-NIR 115 (88.5) 15 (11.5) 175 305 130 GR 170 (88.1) 23 (11.9) 811 1004 193 IE 336 (92.1) 29 (7.9) 641 1006 365 IT 165 (91.2) 16 (8.8) 814 995 181 LU 209 (88.9) 26 (11.1) 385 620 235 NL 490 (80.2) 121 (19.8) 450 1061 611 PT 184 (94.4) 11 (5.6) 805 1000 195 SE 517 (73.4) 187 (26.6) 296 1000 704 N Sum 5131 1059 9941 16131 N Valid Sum 5131 1059 6190 printed 24.01.2012 page 479 Eurobarometer 55.2 - May-June 2001,GESIS Variable Report,505,ZA3509
v463,v463 0 1 9 N Sum N Valid Sum,Q61B COMPUTER TRAINING: OTHER TRAINING,isocntry M AT 308 (97.8) 7 (2.2) 704 1019 315 BE 293 (96.4) 11 (3.6) 755 1059 304 DE-E 277 (96.9) 9 (3.1) 741 1027 286 DE-W 284 (96.3) 11 (3.7) 717 1012 295 DK 673 (99.1) 6 (0.9) 322 1001 679 ES 303 (96.2) 12 (3.8) 685 1000 315 FI 606 (96.7) 21 (3.3) 395 1022 627 FR 289 (96.0) 12 (4.0) 704 1005 301 GB-GBN 435 (94.8) 24 (5.2) 541 1000 459 GB-NIR 126 (96.9) 4 (3.1) 175 305 130 GR 187 (96.4) 7 (3.6) 811 1005 194 IE 345 (94.8) 19 (5.2) 641 1005 364 IT 173 (95.6) 8 (4.4) 814 995 181 LU 226 (96.6) 8 (3.4) 385 619 234 NL 585 (95.7) 26 (4.3) 450 1061 611 PT 179 (91.8) 16 (8.2) 805 1000 195 SE 679 (96.6) 24 (3.4) 296 999 703 N Sum 5968 225 9941 16134 N Valid Sum 5968 225 6193 printed 24.01.2012 page 480 Eurobarometer 55.2 - May-June 2001,isocntry M AT 308 (97.8) 7 (2.2) 704 1019 315 BE 293 (96.4) 11 (3.6) 755 1059 304 DE-E 277 (96.9) 9 (3.1) 741 1027 286 DE-W 284 (96.3) 11 (3.7) 717 1012 295 DK 673 (99.1) 6 (0.9) 322 1001 679 ES 303 (96.2) 12 (3.8) 685 1000 315 FI 606 (96.7) 21 (3.3) 395 1022 627 FR 289 (96.0) 12 (4.0) 704 1005 301 GB-GBN 435 (94.8) 24 (5.2) 541 1000 459 GB-NIR 126 (96.9) 4 (3.1) 175 305 130 GR 187 (96.4) 7 (3.6) 811 1005 194 IE 345 (94.8) 19 (5.2) 641 1005 364 IT 173 (95.6) 8 (4.4) 814 995 181 LU 226 (96.6) 8 (3.4) 385 619 234 NL 585 (95.7) 26 (4.3) 450 1061 611 PT 179 (91.8) 16 (8.2) 805 1000 195 SE 679 (96.6) 24 (3.4) 296 999 703 N Sum 5968 225 9941 16134 N Valid Sum 5968 225 6193 printed 24.01.2012 page 480 Eurobarometer 55.2 - May-June 2001,GESIS Variable Report,506,ZA3509
v464,v464 0 1 9 N Sum N Valid Sum,Q61B COMPUTER TRAINING: DK,isocntry M AT 314 (99.7) 1 (0.3) 704 1019 315 BE 301 (99.3) 2 (0.7) 755 1058 303 DE-E 285 (100.0) 741 1026 285 DE-W 294 (100.0) 0 (0.0) 717 1011 294 DK 676 (99.7) 2 (0.3) 322 1000 678 ES 315 (100.0) 685 1000 315 FI 625 (99.7) 2 (0.3) 395 1022 627 FR 300 (100.0) 704 1004 300 GB-GBN 458 (99.8) 1 (0.2) 541 1000 459 GB-NIR 129 (100.0) 175 304 129 GR 193 (99.5) 1 (0.5) 811 1005 194 IE 362 (99.2) 3 (0.8) 641 1006 365 IT 181 (100.0) 814 995 181 LU 234 (100.0) 385 619 234 NL 610 (99.8) 1 (0.2) 450 1061 611 PT 195 (100.0) 805 1000 195 SE 703 (99.9) 1 (0.1) 296 1000 704 N Sum 6175 14 9941 16130 N Valid Sum 6175 14 6189 printed 24.01.2012 page 481 Eurobarometer 55.2 - May-June 2001,isocntry M AT 314 (99.7) 1 (0.3) 704 1019 315 BE 301 (99.3) 2 (0.7) 755 1058 303 DE-E 285 (100.0) 741 1026 285 DE-W 294 (100.0) 0 (0.0) 717 1011 294 DK 676 (99.7) 2 (0.3) 322 1000 678 ES 315 (100.0) 685 1000 315 FI 625 (99.7) 2 (0.3) 395 1022 627 FR 300 (100.0) 704 1004 300 GB-GBN 458 (99.8) 1 (0.2) 541 1000 459 GB-NIR 129 (100.0) 175 304 129 GR 193 (99.5) 1 (0.5) 811 1005 194 IE 362 (99.2) 3 (0.8) 641 1006 365 IT 181 (100.0) 814 995 181 LU 234 (100.0) 385 619 234 NL 610 (99.8) 1 (0.2) 450 1061 611 PT 195 (100.0) 805 1000 195 SE 703 (99.9) 1 (0.1) 296 1000 704 N Sum 6175 14 9941 16130 N Valid Sum 6175 14 6189 printed 24.01.2012 page 481 Eurobarometer 55.2 - May-June 2001,GESIS Variable Report,507,ZA3509
v465,v465 0 1 N Sum N Valid Sum,Q62 INTERNET OFFERS: GOVERNM OFFICES,isocntry AT 865 (84.9) 154 (15.1) 1019 1019 BE 759 (71.7) 299 (28.3) 1058 1058 DE-E 900 (87.7) 126 (12.3) 1026 1026 DE-W 842 (83.2) 170 (16.8) 1012 1012 DK 534 (53.4) 466 (46.6) 1000 1000 ES 770 (77.0) 230 (23.0) 1000 1000 FI 680 (66.5) 342 (33.5) 1022 1022 FR 697 (69.4) 307 (30.6) 1004 1004 GB-GBN 824 (82.4) 176 (17.6) 1000 1000 GB-NIR 242 (79.6) 62 (20.4) 304 304 GR 876 (87.3) 128 (12.7) 1004 1004 IE 861 (85.6) 145 (14.4) 1006 1006 IT 655 (65.8) 340 (34.2) 995 995 LU 413 (66.7) 206 (33.3) 619 619 NL 733 (69.1) 328 (30.9) 1061 1061 PT 854 (85.4) 146 (14.6) 1000 1000 SE 501 (50.1) 499 (49.9) 1000 1000 N Sum 12006 4124 16130 N Valid Sum 12006 4124 16130 printed 24.01.2012 page 482 Eurobarometer 55.2 - May-June 2001,isocntry AT 865 (84.9) 154 (15.1) 1019 1019 BE 759 (71.7) 299 (28.3) 1058 1058 DE-E 900 (87.7) 126 (12.3) 1026 1026 DE-W 842 (83.2) 170 (16.8) 1012 1012 DK 534 (53.4) 466 (46.6) 1000 1000 ES 770 (77.0) 230 (23.0) 1000 1000 FI 680 (66.5) 342 (33.5) 1022 1022 FR 697 (69.4) 307 (30.6) 1004 1004 GB-GBN 824 (82.4) 176 (17.6) 1000 1000 GB-NIR 242 (79.6) 62 (20.4) 304 304 GR 876 (87.3) 128 (12.7) 1004 1004 IE 861 (85.6) 145 (14.4) 1006 1006 IT 655 (65.8) 340 (34.2) 995 995 LU 413 (66.7) 206 (33.3) 619 619 NL 733 (69.1) 328 (30.9) 1061 1061 PT 854 (85.4) 146 (14.6) 1000 1000 SE 501 (50.1) 499 (49.9) 1000 1000 N Sum 12006 4124 16130 N Valid Sum 12006 4124 16130 printed 24.01.2012 page 482 Eurobarometer 55.2 - May-June 2001,GESIS Variable Report,508,ZA3509
v466,v466 0 1 N Sum N Valid Sum,Q62 INTERNET OFFERS: RECRUITM SERVICES,isocntry AT 801 (78.6) 218 (21.4) 1019 1019 BE 824 (77.9) 234 (22.1) 1058 1058 DE-E 686 (66.9) 340 (33.1) 1026 1026 DE-W 747 (73.8) 265 (26.2) 1012 1012 DK 509 (50.9) 491 (49.1) 1000 1000 ES 946 (94.6) 54 (5.4) 1000 1000 FI 722 (70.6) 300 (29.4) 1022 1022 FR 766 (76.3) 238 (23.7) 1004 1004 GB-GBN 779 (77.9) 221 (22.1) 1000 1000 GB-NIR 239 (78.6) 65 (21.4) 304 304 GR 780 (77.7) 224 (22.3) 1004 1004 IE 778 (77.3) 228 (22.7) 1006 1006 IT 658 (66.1) 337 (33.9) 995 995 LU 440 (71.1) 179 (28.9) 619 619 NL 696 (65.6) 365 (34.4) 1061 1061 PT 806 (80.6) 194 (19.4) 1000 1000 SE 722 (72.2) 278 (27.8) 1000 1000 N Sum 11899 4231 16130 N Valid Sum 11899 4231 16130 printed 24.01.2012 page 483 Eurobarometer 55.2 - May-June 2001,isocntry AT 801 (78.6) 218 (21.4) 1019 1019 BE 824 (77.9) 234 (22.1) 1058 1058 DE-E 686 (66.9) 340 (33.1) 1026 1026 DE-W 747 (73.8) 265 (26.2) 1012 1012 DK 509 (50.9) 491 (49.1) 1000 1000 ES 946 (94.6) 54 (5.4) 1000 1000 FI 722 (70.6) 300 (29.4) 1022 1022 FR 766 (76.3) 238 (23.7) 1004 1004 GB-GBN 779 (77.9) 221 (22.1) 1000 1000 GB-NIR 239 (78.6) 65 (21.4) 304 304 GR 780 (77.7) 224 (22.3) 1004 1004 IE 778 (77.3) 228 (22.7) 1006 1006 IT 658 (66.1) 337 (33.9) 995 995 LU 440 (71.1) 179 (28.9) 619 619 NL 696 (65.6) 365 (34.4) 1061 1061 PT 806 (80.6) 194 (19.4) 1000 1000 SE 722 (72.2) 278 (27.8) 1000 1000 N Sum 11899 4231 16130 N Valid Sum 11899 4231 16130 printed 24.01.2012 page 483 Eurobarometer 55.2 - May-June 2001,GESIS Variable Report,509,ZA3509
v467,v467 0 1 N Sum N Valid Sum,Q62 INTERNET OFFERS: EDUCATION,isocntry AT 815 (80.0) 204 (20.0) 1019 1019 BE 880 (83.2) 178 (16.8) 1058 1058 DE-E 836 (81.5) 190 (18.5) 1026 1026 DE-W 804 (79.4) 208 (20.6) 1012 1012 DK 541 (54.1) 459 (45.9) 1000 1000 ES 735 (73.5) 265 (26.5) 1000 1000 FI 812 (79.5) 210 (20.5) 1022 1022 FR 757 (75.4) 247 (24.6) 1004 1004 GB-GBN 715 (71.5) 285 (28.5) 1000 1000 GB-NIR 217 (71.4) 87 (28.6) 304 304 GR 808 (80.5) 196 (19.5) 1004 1004 IE 759 (75.4) 247 (24.6) 1006 1006 IT 842 (84.6) 153 (15.4) 995 995 LU 469 (75.8) 150 (24.2) 619 619 NL 769 (72.5) 292 (27.5) 1061 1061 PT 899 (89.9) 101 (10.1) 1000 1000 SE 596 (59.6) 404 (40.4) 1000 1000 N Sum 12254 3876 16130 N Valid Sum 12254 3876 16130 printed 24.01.2012 page 484 Eurobarometer 55.2 - May-June 2001,isocntry AT 815 (80.0) 204 (20.0) 1019 1019 BE 880 (83.2) 178 (16.8) 1058 1058 DE-E 836 (81.5) 190 (18.5) 1026 1026 DE-W 804 (79.4) 208 (20.6) 1012 1012 DK 541 (54.1) 459 (45.9) 1000 1000 ES 735 (73.5) 265 (26.5) 1000 1000 FI 812 (79.5) 210 (20.5) 1022 1022 FR 757 (75.4) 247 (24.6) 1004 1004 GB-GBN 715 (71.5) 285 (28.5) 1000 1000 GB-NIR 217 (71.4) 87 (28.6) 304 304 GR 808 (80.5) 196 (19.5) 1004 1004 IE 759 (75.4) 247 (24.6) 1006 1006 IT 842 (84.6) 153 (15.4) 995 995 LU 469 (75.8) 150 (24.2) 619 619 NL 769 (72.5) 292 (27.5) 1061 1061 PT 899 (89.9) 101 (10.1) 1000 1000 SE 596 (59.6) 404 (40.4) 1000 1000 N Sum 12254 3876 16130 N Valid Sum 12254 3876 16130 printed 24.01.2012 page 484 Eurobarometer 55.2 - May-June 2001,GESIS Variable Report,510,ZA3509
v468,v468 0 1 N Sum N Valid Sum,Q62 INTERNET OFFERS: HEALTH INFO,isocntry AT 738 (72.4) 281 (27.6) 1019 1019 BE 733 (69.3) 325 (30.7) 1058 1058 DE-E 752 (73.3) 274 (26.7) 1026 1026 DE-W 744 (73.5) 268 (26.5) 1012 1012 DK 460 (46.0) 540 (54.0) 1000 1000 ES 643 (64.3) 357 (35.7) 1000 1000 FI 663 (64.9) 359 (35.1) 1022 1022 FR 748 (74.5) 256 (25.5) 1004 1004 GB-GBN 633 (63.3) 367 (36.7) 1000 1000 GB-NIR 187 (61.5) 117 (38.5) 304 304 GR 683 (68.0) 321 (32.0) 1004 1004 IE 686 (68.2) 320 (31.8) 1006 1006 IT 641 (64.4) 354 (35.6) 995 995 LU 375 (60.6) 244 (39.4) 619 619 NL 660 (62.2) 401 (37.8) 1061 1061 PT 754 (75.4) 246 (24.6) 1000 1000 SE 404 (40.4) 596 (59.6) 1000 1000 N Sum 10504 5626 16130 N Valid Sum 10504 5626 16130 printed 24.01.2012 page 485 Eurobarometer 55.2 - May-June 2001,isocntry AT 738 (72.4) 281 (27.6) 1019 1019 BE 733 (69.3) 325 (30.7) 1058 1058 DE-E 752 (73.3) 274 (26.7) 1026 1026 DE-W 744 (73.5) 268 (26.5) 1012 1012 DK 460 (46.0) 540 (54.0) 1000 1000 ES 643 (64.3) 357 (35.7) 1000 1000 FI 663 (64.9) 359 (35.1) 1022 1022 FR 748 (74.5) 256 (25.5) 1004 1004 GB-GBN 633 (63.3) 367 (36.7) 1000 1000 GB-NIR 187 (61.5) 117 (38.5) 304 304 GR 683 (68.0) 321 (32.0) 1004 1004 IE 686 (68.2) 320 (31.8) 1006 1006 IT 641 (64.4) 354 (35.6) 995 995 LU 375 (60.6) 244 (39.4) 619 619 NL 660 (62.2) 401 (37.8) 1061 1061 PT 754 (75.4) 246 (24.6) 1000 1000 SE 404 (40.4) 596 (59.6) 1000 1000 N Sum 10504 5626 16130 N Valid Sum 10504 5626 16130 printed 24.01.2012 page 485 Eurobarometer 55.2 - May-June 2001,GESIS Variable Report,511,ZA3509
v469,v469 0 1 N Sum N Valid Sum,Q62 INTERNET OFFERS: HOUSING INFO,isocntry AT 845 (82.9) 174 (17.1) 1019 1019 BE 880 (83.2) 178 (16.8) 1058 1058 DE-E 891 (86.8) 135 (13.2) 1026 1026 DE-W 816 (80.6) 196 (19.4) 1012 1012 DK 567 (56.7) 433 (43.3) 1000 1000 ES 814 (81.4) 186 (18.6) 1000 1000 FI 766 (75.0) 256 (25.0) 1022 1022 FR 840 (83.7) 164 (16.3) 1004 1004 GB-GBN 805 (80.5) 195 (19.5) 1000 1000 GB-NIR 256 (84.2) 48 (15.8) 304 304 GR 904 (90.0) 100 (10.0) 1004 1004 IE 875 (87.0) 131 (13.0) 1006 1006 IT 844 (84.8) 151 (15.2) 995 995 LU 463 (74.8) 156 (25.2) 619 619 NL 701 (66.1) 360 (33.9) 1061 1061 PT 963 (96.3) 37 (3.7) 1000 1000 SE 581 (58.1) 419 (41.9) 1000 1000 N Sum 12811 3319 16130 N Valid Sum 12811 3319 16130 printed 24.01.2012 page 486 Eurobarometer 55.2 - May-June 2001,isocntry AT 845 (82.9) 174 (17.1) 1019 1019 BE 880 (83.2) 178 (16.8) 1058 1058 DE-E 891 (86.8) 135 (13.2) 1026 1026 DE-W 816 (80.6) 196 (19.4) 1012 1012 DK 567 (56.7) 433 (43.3) 1000 1000 ES 814 (81.4) 186 (18.6) 1000 1000 FI 766 (75.0) 256 (25.0) 1022 1022 FR 840 (83.7) 164 (16.3) 1004 1004 GB-GBN 805 (80.5) 195 (19.5) 1000 1000 GB-NIR 256 (84.2) 48 (15.8) 304 304 GR 904 (90.0) 100 (10.0) 1004 1004 IE 875 (87.0) 131 (13.0) 1006 1006 IT 844 (84.8) 151 (15.2) 995 995 LU 463 (74.8) 156 (25.2) 619 619 NL 701 (66.1) 360 (33.9) 1061 1061 PT 963 (96.3) 37 (3.7) 1000 1000 SE 581 (58.1) 419 (41.9) 1000 1000 N Sum 12811 3319 16130 N Valid Sum 12811 3319 16130 printed 24.01.2012 page 486 Eurobarometer 55.2 - May-June 2001,GESIS Variable Report,512,ZA3509
v470,v470 0 1 N Sum N Valid Sum,Q62 INTERNET OFFERS: EQUAL OPPORT INFO,isocntry AT 896 (87.9) 123 (12.1) 1019 1019 BE 925 (87.4) 133 (12.6) 1058 1058 DE-E 972 (94.7) 54 (5.3) 1026 1026 DE-W 920 (90.9) 92 (9.1) 1012 1012 DK 808 (80.8) 192 (19.2) 1000 1000 ES 829 (82.9) 171 (17.1) 1000 1000 FI 927 (90.7) 95 (9.3) 1022 1022 FR 934 (93.0) 70 (7.0) 1004 1004 GB-GBN 851 (85.1) 149 (14.9) 1000 1000 GB-NIR 255 (83.9) 49 (16.1) 304 304 GR 911 (90.7) 93 (9.3) 1004 1004 IE 888 (88.3) 118 (11.7) 1006 1006 IT 865 (86.9) 130 (13.1) 995 995 LU 525 (84.8) 94 (15.2) 619 619 NL 841 (79.3) 220 (20.7) 1061 1061 PT 857 (85.7) 143 (14.3) 1000 1000 SE 816 (81.6) 184 (18.4) 1000 1000 N Sum 14020 2110 16130 N Valid Sum 14020 2110 16130 printed 24.01.2012 page 487 Eurobarometer 55.2 - May-June 2001,isocntry AT 896 (87.9) 123 (12.1) 1019 1019 BE 925 (87.4) 133 (12.6) 1058 1058 DE-E 972 (94.7) 54 (5.3) 1026 1026 DE-W 920 (90.9) 92 (9.1) 1012 1012 DK 808 (80.8) 192 (19.2) 1000 1000 ES 829 (82.9) 171 (17.1) 1000 1000 FI 927 (90.7) 95 (9.3) 1022 1022 FR 934 (93.0) 70 (7.0) 1004 1004 GB-GBN 851 (85.1) 149 (14.9) 1000 1000 GB-NIR 255 (83.9) 49 (16.1) 304 304 GR 911 (90.7) 93 (9.3) 1004 1004 IE 888 (88.3) 118 (11.7) 1006 1006 IT 865 (86.9) 130 (13.1) 995 995 LU 525 (84.8) 94 (15.2) 619 619 NL 841 (79.3) 220 (20.7) 1061 1061 PT 857 (85.7) 143 (14.3) 1000 1000 SE 816 (81.6) 184 (18.4) 1000 1000 N Sum 14020 2110 16130 N Valid Sum 14020 2110 16130 printed 24.01.2012 page 487 Eurobarometer 55.2 - May-June 2001,GESIS Variable Report,513,ZA3509
v471,v471 0 1 N Sum N Valid Sum,Q62 INTERNET OFFERS: FAMILY/YOUTH,isocntry AT 812 (79.7) 207 (20.3) 1019 1019 BE 840 (79.4) 218 (20.6) 1058 1058 DE-E 840 (81.9) 186 (18.1) 1026 1026 DE-W 819 (80.9) 193 (19.1) 1012 1012 DK 653 (65.3) 347 (34.7) 1000 1000 ES 767 (76.7) 233 (23.3) 1000 1000 FI 834 (81.7) 187 (18.3) 1021 1021 FR 801 (79.8) 203 (20.2) 1004 1004 GB-GBN 811 (81.1) 189 (18.9) 1000 1000 GB-NIR 233 (76.6) 71 (23.4) 304 304 GR 806 (80.3) 198 (19.7) 1004 1004 IE 840 (83.5) 166 (16.5) 1006 1006 IT 802 (80.6) 193 (19.4) 995 995 LU 440 (71.1) 179 (28.9) 619 619 NL 807 (76.1) 254 (23.9) 1061 1061 PT 831 (83.1) 169 (16.9) 1000 1000 SE 690 (69.0) 310 (31.0) 1000 1000 N Sum 12626 3503 16129 N Valid Sum 12626 3503 16129 printed 24.01.2012 page 488 Eurobarometer 55.2 - May-June 2001,isocntry AT 812 (79.7) 207 (20.3) 1019 1019 BE 840 (79.4) 218 (20.6) 1058 1058 DE-E 840 (81.9) 186 (18.1) 1026 1026 DE-W 819 (80.9) 193 (19.1) 1012 1012 DK 653 (65.3) 347 (34.7) 1000 1000 ES 767 (76.7) 233 (23.3) 1000 1000 FI 834 (81.7) 187 (18.3) 1021 1021 FR 801 (79.8) 203 (20.2) 1004 1004 GB-GBN 811 (81.1) 189 (18.9) 1000 1000 GB-NIR 233 (76.6) 71 (23.4) 304 304 GR 806 (80.3) 198 (19.7) 1004 1004 IE 840 (83.5) 166 (16.5) 1006 1006 IT 802 (80.6) 193 (19.4) 995 995 LU 440 (71.1) 179 (28.9) 619 619 NL 807 (76.1) 254 (23.9) 1061 1061 PT 831 (83.1) 169 (16.9) 1000 1000 SE 690 (69.0) 310 (31.0) 1000 1000 N Sum 12626 3503 16129 N Valid Sum 12626 3503 16129 printed 24.01.2012 page 488 Eurobarometer 55.2 - May-June 2001,GESIS Variable Report,514,ZA3509
v472,v472 0 1 N Sum N Valid Sum,Q62 INTERNET OFFERS: MINORITIES,isocntry AT 923 (90.6) 96 (9.4) 1019 1019 BE 937 (88.6) 121 (11.4) 1058 1058 DE-E 957 (93.3) 69 (6.7) 1026 1026 DE-W 910 (89.9) 102 (10.1) 1012 1012 DK 760 (76.0) 240 (24.0) 1000 1000 ES 888 (88.8) 112 (11.2) 1000 1000 FI 922 (90.2) 100 (9.8) 1022 1022 FR 921 (91.7) 83 (8.3) 1004 1004 GB-GBN 878 (87.8) 122 (12.2) 1000 1000 GB-NIR 274 (90.1) 30 (9.9) 304 304 GR 955 (95.1) 49 (4.9) 1004 1004 IE 949 (94.3) 57 (5.7) 1006 1006 IT 871 (87.5) 124 (12.5) 995 995 LU 507 (81.9) 112 (18.1) 619 619 NL 901 (84.9) 160 (15.1) 1061 1061 PT 935 (93.5) 65 (6.5) 1000 1000 SE 789 (78.9) 211 (21.1) 1000 1000 N Sum 14277 1853 16130 N Valid Sum 14277 1853 16130 printed 24.01.2012 page 489 Eurobarometer 55.2 - May-June 2001,isocntry AT 923 (90.6) 96 (9.4) 1019 1019 BE 937 (88.6) 121 (11.4) 1058 1058 DE-E 957 (93.3) 69 (6.7) 1026 1026 DE-W 910 (89.9) 102 (10.1) 1012 1012 DK 760 (76.0) 240 (24.0) 1000 1000 ES 888 (88.8) 112 (11.2) 1000 1000 FI 922 (90.2) 100 (9.8) 1022 1022 FR 921 (91.7) 83 (8.3) 1004 1004 GB-GBN 878 (87.8) 122 (12.2) 1000 1000 GB-NIR 274 (90.1) 30 (9.9) 304 304 GR 955 (95.1) 49 (4.9) 1004 1004 IE 949 (94.3) 57 (5.7) 1006 1006 IT 871 (87.5) 124 (12.5) 995 995 LU 507 (81.9) 112 (18.1) 619 619 NL 901 (84.9) 160 (15.1) 1061 1061 PT 935 (93.5) 65 (6.5) 1000 1000 SE 789 (78.9) 211 (21.1) 1000 1000 N Sum 14277 1853 16130 N Valid Sum 14277 1853 16130 printed 24.01.2012 page 489 Eurobarometer 55.2 - May-June 2001,GESIS Variable Report,515,ZA3509
v473,v473 0 1 N Sum N Valid Sum,Q62 INTERNET OFFERS: DISABLED PEOPLE,isocntry AT 922 (90.5) 97 (9.5) 1019 1019 BE 924 (87.3) 134 (12.7) 1058 1058 DE-E 941 (91.7) 85 (8.3) 1026 1026 DE-W 901 (89.0) 111 (11.0) 1012 1012 DK 709 (70.9) 291 (29.1) 1000 1000 ES 872 (87.2) 128 (12.8) 1000 1000 FI 914 (89.4) 108 (10.6) 1022 1022 FR 871 (86.8) 133 (13.2) 1004 1004 GB-GBN 802 (80.2) 198 (19.8) 1000 1000 GB-NIR 243 (79.9) 61 (20.1) 304 304 GR 917 (91.3) 87 (8.7) 1004 1004 IE 904 (89.9) 102 (10.1) 1006 1006 IT 858 (86.2) 137 (13.8) 995 995 LU 477 (77.1) 142 (22.9) 619 619 NL 866 (81.6) 195 (18.4) 1061 1061 PT 901 (90.1) 99 (9.9) 1000 1000 SE 728 (72.8) 272 (27.2) 1000 1000 N Sum 13750 2380 16130 N Valid Sum 13750 2380 16130 printed 24.01.2012 page 490 Eurobarometer 55.2 - May-June 2001,isocntry AT 922 (90.5) 97 (9.5) 1019 1019 BE 924 (87.3) 134 (12.7) 1058 1058 DE-E 941 (91.7) 85 (8.3) 1026 1026 DE-W 901 (89.0) 111 (11.0) 1012 1012 DK 709 (70.9) 291 (29.1) 1000 1000 ES 872 (87.2) 128 (12.8) 1000 1000 FI 914 (89.4) 108 (10.6) 1022 1022 FR 871 (86.8) 133 (13.2) 1004 1004 GB-GBN 802 (80.2) 198 (19.8) 1000 1000 GB-NIR 243 (79.9) 61 (20.1) 304 304 GR 917 (91.3) 87 (8.7) 1004 1004 IE 904 (89.9) 102 (10.1) 1006 1006 IT 858 (86.2) 137 (13.8) 995 995 LU 477 (77.1) 142 (22.9) 619 619 NL 866 (81.6) 195 (18.4) 1061 1061 PT 901 (90.1) 99 (9.9) 1000 1000 SE 728 (72.8) 272 (27.2) 1000 1000 N Sum 13750 2380 16130 N Valid Sum 13750 2380 16130 printed 24.01.2012 page 490 Eurobarometer 55.2 - May-June 2001,GESIS Variable Report,516,ZA3509
v474,v474 0 1 N Sum N Valid Sum,Q62 INTERNET OFFERS: LOW-INCOME GROUPS,isocntry AT 870 (85.4) 149 (14.6) 1019 1019 BE 882 (83.4) 176 (16.6) 1058 1058 DE-E 857 (83.5) 169 (16.5) 1026 1026 DE-W 901 (89.0) 111 (11.0) 1012 1012 DK 743 (74.3) 257 (25.7) 1000 1000 ES 869 (86.9) 131 (13.1) 1000 1000 FI 859 (84.1) 163 (15.9) 1022 1022 FR 859 (85.6) 145 (14.4) 1004 1004 GB-GBN 835 (83.5) 165 (16.5) 1000 1000 GB-NIR 259 (85.2) 45 (14.8) 304 304 GR 871 (86.8) 133 (13.2) 1004 1004 IE 933 (92.7) 73 (7.3) 1006 1006 IT 861 (86.5) 134 (13.5) 995 995 LU 499 (80.6) 120 (19.4) 619 619 NL 895 (84.4) 166 (15.6) 1061 1061 PT 898 (89.8) 102 (10.2) 1000 1000 SE 716 (71.6) 284 (28.4) 1000 1000 N Sum 13607 2523 16130 N Valid Sum 13607 2523 16130 printed 24.01.2012 page 491 Eurobarometer 55.2 - May-June 2001,isocntry AT 870 (85.4) 149 (14.6) 1019 1019 BE 882 (83.4) 176 (16.6) 1058 1058 DE-E 857 (83.5) 169 (16.5) 1026 1026 DE-W 901 (89.0) 111 (11.0) 1012 1012 DK 743 (74.3) 257 (25.7) 1000 1000 ES 869 (86.9) 131 (13.1) 1000 1000 FI 859 (84.1) 163 (15.9) 1022 1022 FR 859 (85.6) 145 (14.4) 1004 1004 GB-GBN 835 (83.5) 165 (16.5) 1000 1000 GB-NIR 259 (85.2) 45 (14.8) 304 304 GR 871 (86.8) 133 (13.2) 1004 1004 IE 933 (92.7) 73 (7.3) 1006 1006 IT 861 (86.5) 134 (13.5) 995 995 LU 499 (80.6) 120 (19.4) 619 619 NL 895 (84.4) 166 (15.6) 1061 1061 PT 898 (89.8) 102 (10.2) 1000 1000 SE 716 (71.6) 284 (28.4) 1000 1000 N Sum 13607 2523 16130 N Valid Sum 13607 2523 16130 printed 24.01.2012 page 491 Eurobarometer 55.2 - May-June 2001,GESIS Variable Report,517,ZA3509
v475,v475 0 1 N Sum N Valid Sum,Q62 INTERNET OFFERS: PENSIONS,isocntry AT 860 (84.4) 159 (15.6) 1019 1019 BE 850 (80.3) 208 (19.7) 1058 1058 DE-E 830 (80.9) 196 (19.1) 1026 1026 DE-W 821 (81.1) 191 (18.9) 1012 1012 DK 659 (65.9) 341 (34.1) 1000 1000 ES 860 (86.0) 140 (14.0) 1000 1000 FI 841 (82.3) 181 (17.7) 1022 1022 FR 874 (87.1) 130 (12.9) 1004 1004 GB-GBN 815 (81.5) 185 (18.5) 1000 1000 GB-NIR 251 (82.6) 53 (17.4) 304 304 GR 864 (86.1) 140 (13.9) 1004 1004 IE 910 (90.5) 96 (9.5) 1006 1006 IT 818 (82.2) 177 (17.8) 995 995 LU 476 (76.9) 143 (23.1) 619 619 NL 839 (79.1) 222 (20.9) 1061 1061 PT 884 (88.4) 116 (11.6) 1000 1000 SE 655 (65.5) 345 (34.5) 1000 1000 N Sum 13107 3023 16130 N Valid Sum 13107 3023 16130 printed 24.01.2012 page 492 Eurobarometer 55.2 - May-June 2001,isocntry AT 860 (84.4) 159 (15.6) 1019 1019 BE 850 (80.3) 208 (19.7) 1058 1058 DE-E 830 (80.9) 196 (19.1) 1026 1026 DE-W 821 (81.1) 191 (18.9) 1012 1012 DK 659 (65.9) 341 (34.1) 1000 1000 ES 860 (86.0) 140 (14.0) 1000 1000 FI 841 (82.3) 181 (17.7) 1022 1022 FR 874 (87.1) 130 (12.9) 1004 1004 GB-GBN 815 (81.5) 185 (18.5) 1000 1000 GB-NIR 251 (82.6) 53 (17.4) 304 304 GR 864 (86.1) 140 (13.9) 1004 1004 IE 910 (90.5) 96 (9.5) 1006 1006 IT 818 (82.2) 177 (17.8) 995 995 LU 476 (76.9) 143 (23.1) 619 619 NL 839 (79.1) 222 (20.9) 1061 1061 PT 884 (88.4) 116 (11.6) 1000 1000 SE 655 (65.5) 345 (34.5) 1000 1000 N Sum 13107 3023 16130 N Valid Sum 13107 3023 16130 printed 24.01.2012 page 492 Eurobarometer 55.2 - May-June 2001,GESIS Variable Report,518,ZA3509
v476,v476 0 1 N Sum N Valid Sum,Q62 INTERNET OFFERS: COMMUNITY,isocntry AT 815 (80.0) 204 (20.0) 1019 1019 BE 810 (76.6) 248 (23.4) 1058 1058 DE-E 883 (86.1) 143 (13.9) 1026 1026 DE-W 800 (79.1) 212 (20.9) 1012 1012 DK 524 (52.4) 476 (47.6) 1000 1000 ES 724 (72.4) 276 (27.6) 1000 1000 FI 738 (72.2) 284 (27.8) 1022 1022 FR 896 (89.2) 108 (10.8) 1004 1004 GB-GBN 691 (69.1) 309 (30.9) 1000 1000 GB-NIR 206 (67.8) 98 (32.2) 304 304 GR 728 (72.5) 276 (27.5) 1004 1004 IE 792 (78.7) 214 (21.3) 1006 1006 IT 818 (82.2) 177 (17.8) 995 995 LU 418 (67.5) 201 (32.5) 619 619 NL 739 (69.7) 322 (30.3) 1061 1061 PT 864 (86.4) 136 (13.6) 1000 1000 SE 592 (59.2) 408 (40.8) 1000 1000 N Sum 12038 4092 16130 N Valid Sum 12038 4092 16130 printed 24.01.2012 page 493 Eurobarometer 55.2 - May-June 2001,isocntry AT 815 (80.0) 204 (20.0) 1019 1019 BE 810 (76.6) 248 (23.4) 1058 1058 DE-E 883 (86.1) 143 (13.9) 1026 1026 DE-W 800 (79.1) 212 (20.9) 1012 1012 DK 524 (52.4) 476 (47.6) 1000 1000 ES 724 (72.4) 276 (27.6) 1000 1000 FI 738 (72.2) 284 (27.8) 1022 1022 FR 896 (89.2) 108 (10.8) 1004 1004 GB-GBN 691 (69.1) 309 (30.9) 1000 1000 GB-NIR 206 (67.8) 98 (32.2) 304 304 GR 728 (72.5) 276 (27.5) 1004 1004 IE 792 (78.7) 214 (21.3) 1006 1006 IT 818 (82.2) 177 (17.8) 995 995 LU 418 (67.5) 201 (32.5) 619 619 NL 739 (69.7) 322 (30.3) 1061 1061 PT 864 (86.4) 136 (13.6) 1000 1000 SE 592 (59.2) 408 (40.8) 1000 1000 N Sum 12038 4092 16130 N Valid Sum 12038 4092 16130 printed 24.01.2012 page 493 Eurobarometer 55.2 - May-June 2001,GESIS Variable Report,519,ZA3509
v477,v477 0 1 N Sum N Valid Sum,Q62 INTERNET OFFERS: CULTURE,isocntry AT 807 (79.2) 212 (20.8) 1019 1019 BE 723 (68.3) 335 (31.7) 1058 1058 DE-E 775 (75.5) 251 (24.5) 1026 1026 DE-W 748 (73.9) 264 (26.1) 1012 1012 DK 540 (54.0) 460 (46.0) 1000 1000 ES 662 (66.2) 338 (33.8) 1000 1000 FI 734 (71.8) 288 (28.2) 1022 1022 FR 644 (64.1) 360 (35.9) 1004 1004 GB-GBN 792 (79.2) 208 (20.8) 1000 1000 GB-NIR 219 (72.0) 85 (28.0) 304 304 GR 732 (72.9) 272 (27.1) 1004 1004 IE 822 (81.7) 184 (18.3) 1006 1006 IT 619 (62.2) 376 (37.8) 995 995 LU 398 (64.3) 221 (35.7) 619 619 NL 670 (63.1) 391 (36.9) 1061 1061 PT 794 (79.4) 206 (20.6) 1000 1000 SE 598 (59.8) 402 (40.2) 1000 1000 N Sum 11277 4853 16130 N Valid Sum 11277 4853 16130 printed 24.01.2012 page 494 Eurobarometer 55.2 - May-June 2001,isocntry AT 807 (79.2) 212 (20.8) 1019 1019 BE 723 (68.3) 335 (31.7) 1058 1058 DE-E 775 (75.5) 251 (24.5) 1026 1026 DE-W 748 (73.9) 264 (26.1) 1012 1012 DK 540 (54.0) 460 (46.0) 1000 1000 ES 662 (66.2) 338 (33.8) 1000 1000 FI 734 (71.8) 288 (28.2) 1022 1022 FR 644 (64.1) 360 (35.9) 1004 1004 GB-GBN 792 (79.2) 208 (20.8) 1000 1000 GB-NIR 219 (72.0) 85 (28.0) 304 304 GR 732 (72.9) 272 (27.1) 1004 1004 IE 822 (81.7) 184 (18.3) 1006 1006 IT 619 (62.2) 376 (37.8) 995 995 LU 398 (64.3) 221 (35.7) 619 619 NL 670 (63.1) 391 (36.9) 1061 1061 PT 794 (79.4) 206 (20.6) 1000 1000 SE 598 (59.8) 402 (40.2) 1000 1000 N Sum 11277 4853 16130 N Valid Sum 11277 4853 16130 printed 24.01.2012 page 494 Eurobarometer 55.2 - May-June 2001,GESIS Variable Report,520,ZA3509
v478,v478 0 1 N Sum N Valid Sum,Q62 INTERNET OFFERS: TOURISM,isocntry AT 805 (79.0) 214 (21.0) 1019 1019 BE 670 (63.3) 388 (36.7) 1058 1058 DE-E 750 (73.1) 276 (26.9) 1026 1026 DE-W 733 (72.4) 279 (27.6) 1012 1012 DK 532 (53.2) 468 (46.8) 1000 1000 ES 746 (74.6) 254 (25.4) 1000 1000 FI 661 (64.7) 361 (35.3) 1022 1022 FR 661 (65.8) 343 (34.2) 1004 1004 GB-GBN 685 (68.5) 315 (31.5) 1000 1000 GB-NIR 218 (71.7) 86 (28.3) 304 304 GR 719 (71.6) 285 (28.4) 1004 1004 IE 805 (80.0) 201 (20.0) 1006 1006 IT 656 (65.9) 339 (34.1) 995 995 LU 404 (65.3) 215 (34.7) 619 619 NL 581 (54.8) 480 (45.2) 1061 1061 PT 885 (88.5) 115 (11.5) 1000 1000 SE 484 (48.4) 516 (51.6) 1000 1000 N Sum 10995 5135 16130 N Valid Sum 10995 5135 16130 printed 24.01.2012 page 495 Eurobarometer 55.2 - May-June 2001,isocntry AT 805 (79.0) 214 (21.0) 1019 1019 BE 670 (63.3) 388 (36.7) 1058 1058 DE-E 750 (73.1) 276 (26.9) 1026 1026 DE-W 733 (72.4) 279 (27.6) 1012 1012 DK 532 (53.2) 468 (46.8) 1000 1000 ES 746 (74.6) 254 (25.4) 1000 1000 FI 661 (64.7) 361 (35.3) 1022 1022 FR 661 (65.8) 343 (34.2) 1004 1004 GB-GBN 685 (68.5) 315 (31.5) 1000 1000 GB-NIR 218 (71.7) 86 (28.3) 304 304 GR 719 (71.6) 285 (28.4) 1004 1004 IE 805 (80.0) 201 (20.0) 1006 1006 IT 656 (65.9) 339 (34.1) 995 995 LU 404 (65.3) 215 (34.7) 619 619 NL 581 (54.8) 480 (45.2) 1061 1061 PT 885 (88.5) 115 (11.5) 1000 1000 SE 484 (48.4) 516 (51.6) 1000 1000 N Sum 10995 5135 16130 N Valid Sum 10995 5135 16130 printed 24.01.2012 page 495 Eurobarometer 55.2 - May-June 2001,GESIS Variable Report,521,ZA3509
v479,v479 0 1 N Sum N Valid Sum,Q62 INTERNET OFFERS: OTHER,isocntry AT 963 (94.5) 56 (5.5) 1019 1019 BE 961 (90.8) 97 (9.2) 1058 1058 DE-E 964 (94.0) 62 (6.0) 1026 1026 DE-W 935 (92.4) 77 (7.6) 1012 1012 DK 976 (97.6) 24 (2.4) 1000 1000 ES 921 (92.1) 79 (7.9) 1000 1000 FI 979 (95.8) 43 (4.2) 1022 1022 FR 962 (95.8) 42 (4.2) 1004 1004 GB-GBN 979 (97.9) 21 (2.1) 1000 1000 GB-NIR 291 (95.7) 13 (4.3) 304 304 GR 981 (97.7) 23 (2.3) 1004 1004 IE 962 (95.6) 44 (4.4) 1006 1006 IT 927 (93.2) 68 (6.8) 995 995 LU 595 (96.1) 24 (3.9) 619 619 NL 938 (88.4) 123 (11.6) 1061 1061 PT 941 (94.1) 59 (5.9) 1000 1000 SE 955 (95.5) 45 (4.5) 1000 1000 N Sum 15230 900 16130 N Valid Sum 15230 900 16130 printed 24.01.2012 page 496 Eurobarometer 55.2 - May-June 2001,isocntry AT 963 (94.5) 56 (5.5) 1019 1019 BE 961 (90.8) 97 (9.2) 1058 1058 DE-E 964 (94.0) 62 (6.0) 1026 1026 DE-W 935 (92.4) 77 (7.6) 1012 1012 DK 976 (97.6) 24 (2.4) 1000 1000 ES 921 (92.1) 79 (7.9) 1000 1000 FI 979 (95.8) 43 (4.2) 1022 1022 FR 962 (95.8) 42 (4.2) 1004 1004 GB-GBN 979 (97.9) 21 (2.1) 1000 1000 GB-NIR 291 (95.7) 13 (4.3) 304 304 GR 981 (97.7) 23 (2.3) 1004 1004 IE 962 (95.6) 44 (4.4) 1006 1006 IT 927 (93.2) 68 (6.8) 995 995 LU 595 (96.1) 24 (3.9) 619 619 NL 938 (88.4) 123 (11.6) 1061 1061 PT 941 (94.1) 59 (5.9) 1000 1000 SE 955 (95.5) 45 (4.5) 1000 1000 N Sum 15230 900 16130 N Valid Sum 15230 900 16130 printed 24.01.2012 page 496 Eurobarometer 55.2 - May-June 2001,GESIS Variable Report,522,ZA3509
v480,v480 0 1 N Sum N Valid Sum,Q62 INTERNET OFFERS: NONE,isocntry AT 769 (75.5) 250 (24.5) 1019 1019 BE 860 (81.3) 198 (18.7) 1058 1058 DE-E 741 (72.2) 285 (27.8) 1026 1026 DE-W 746 (73.7) 266 (26.3) 1012 1012 DK 861 (86.1) 139 (13.9) 1000 1000 ES 795 (79.5) 205 (20.5) 1000 1000 FI 831 (81.3) 191 (18.7) 1022 1022 FR 756 (75.3) 248 (24.7) 1004 1004 GB-GBN 761 (76.1) 239 (23.9) 1000 1000 GB-NIR 247 (81.3) 57 (18.8) 304 304 GR 735 (73.2) 269 (26.8) 1004 1004 IE 798 (79.3) 208 (20.7) 1006 1006 IT 839 (84.3) 156 (15.7) 995 995 LU 504 (81.4) 115 (18.6) 619 619 NL 921 (86.8) 140 (13.2) 1061 1061 PT 787 (78.7) 213 (21.3) 1000 1000 SE 916 (91.6) 84 (8.4) 1000 1000 N Sum 12867 3263 16130 N Valid Sum 12867 3263 16130 printed 24.01.2012 page 497 Eurobarometer 55.2 - May-June 2001,isocntry AT 769 (75.5) 250 (24.5) 1019 1019 BE 860 (81.3) 198 (18.7) 1058 1058 DE-E 741 (72.2) 285 (27.8) 1026 1026 DE-W 746 (73.7) 266 (26.3) 1012 1012 DK 861 (86.1) 139 (13.9) 1000 1000 ES 795 (79.5) 205 (20.5) 1000 1000 FI 831 (81.3) 191 (18.7) 1022 1022 FR 756 (75.3) 248 (24.7) 1004 1004 GB-GBN 761 (76.1) 239 (23.9) 1000 1000 GB-NIR 247 (81.3) 57 (18.8) 304 304 GR 735 (73.2) 269 (26.8) 1004 1004 IE 798 (79.3) 208 (20.7) 1006 1006 IT 839 (84.3) 156 (15.7) 995 995 LU 504 (81.4) 115 (18.6) 619 619 NL 921 (86.8) 140 (13.2) 1061 1061 PT 787 (78.7) 213 (21.3) 1000 1000 SE 916 (91.6) 84 (8.4) 1000 1000 N Sum 12867 3263 16130 N Valid Sum 12867 3263 16130 printed 24.01.2012 page 497 Eurobarometer 55.2 - May-June 2001,GESIS Variable Report,523,ZA3509
v481,v481 0 1 N Sum N Valid Sum,Q62 INTERNET OFFERS: DK,isocntry AT 890 (87.3) 129 (12.7) 1019 1019 BE 935 (88.4) 123 (11.6) 1058 1058 DE-E 939 (91.5) 87 (8.5) 1026 1026 DE-W 889 (87.8) 123 (12.2) 1012 1012 DK 948 (94.8) 52 (5.2) 1000 1000 ES 870 (87.0) 130 (13.0) 1000 1000 FI 951 (93.1) 71 (6.9) 1022 1022 FR 921 (91.7) 83 (8.3) 1004 1004 GB-GBN 896 (89.6) 104 (10.4) 1000 1000 GB-NIR 265 (87.2) 39 (12.8) 304 304 GR 913 (90.9) 91 (9.1) 1004 1004 IE 880 (87.5) 126 (12.5) 1006 1006 IT 886 (89.0) 109 (11.0) 995 995 LU 553 (89.3) 66 (10.7) 619 619 NL 990 (93.3) 71 (6.7) 1061 1061 PT 755 (75.5) 245 (24.5) 1000 1000 SE 938 (93.8) 62 (6.2) 1000 1000 N Sum 14419 1711 16130 N Valid Sum 14419 1711 16130 printed 24.01.2012 page 498 Eurobarometer 55.2 - May-June 2001,isocntry AT 890 (87.3) 129 (12.7) 1019 1019 BE 935 (88.4) 123 (11.6) 1058 1058 DE-E 939 (91.5) 87 (8.5) 1026 1026 DE-W 889 (87.8) 123 (12.2) 1012 1012 DK 948 (94.8) 52 (5.2) 1000 1000 ES 870 (87.0) 130 (13.0) 1000 1000 FI 951 (93.1) 71 (6.9) 1022 1022 FR 921 (91.7) 83 (8.3) 1004 1004 GB-GBN 896 (89.6) 104 (10.4) 1000 1000 GB-NIR 265 (87.2) 39 (12.8) 304 304 GR 913 (90.9) 91 (9.1) 1004 1004 IE 880 (87.5) 126 (12.5) 1006 1006 IT 886 (89.0) 109 (11.0) 995 995 LU 553 (89.3) 66 (10.7) 619 619 NL 990 (93.3) 71 (6.7) 1061 1061 PT 755 (75.5) 245 (24.5) 1000 1000 SE 938 (93.8) 62 (6.2) 1000 1000 N Sum 14419 1711 16130 N Valid Sum 14419 1711 16130 printed 24.01.2012 page 498 Eurobarometer 55.2 - May-June 2001,GESIS Variable Report,524,ZA3509
v482,,Q63A INTERNET CH LIFE: MR CONTACT,,Q63A INTERNET CH LIFE: MR CONTACT,GESIS Variable Report,525,ZA3509
v483,,Q63A INTERNET CH LIFE: LS CONTACT,,Q63A INTERNET CH LIFE: LS CONTACT,GESIS Variable Report,526,ZA3509
v484,,Q63A INTERNET CH LIFE: MR INTEGRATED,,Q63A INTERNET CH LIFE: MR INTEGRATED,GESIS Variable Report,527,ZA3509
v485,,Q63A INTERNET CH LIFE: LS INTEGRATED,,Q63A INTERNET CH LIFE: LS INTEGRATED,GESIS Variable Report,528,ZA3509
v486,,Q63A INTERNET CH LIFE: BTR INFORMED,,Q63A INTERNET CH LIFE: BTR INFORMED,GESIS Variable Report,529,ZA3509
v487,,Q63A INTERNET CH LIFE: LS INFORMED,,Q63A INTERNET CH LIFE: LS INFORMED,GESIS Variable Report,530,ZA3509
v488,,Q63A INTERNET CH LIFE: PUBL SERV EAS,,Q63A INTERNET CH LIFE: PUBL SERV EAS,GESIS Variable Report,531,ZA3509
v489,,Q63A INTERNET CH LIFE: PUBL SERV DIF,,Q63A INTERNET CH LIFE: PUBL SERV DIF,GESIS Variable Report,532,ZA3509
v490,,Q63A INTERNET CH LIFE: SAVE MONEY,,Q63A INTERNET CH LIFE: SAVE MONEY,GESIS Variable Report,533,ZA3509
v491,,Q63A INTERNET CH LIFE: SPEND M MONEY,,Q63A INTERNET CH LIFE: SPEND M MONEY,GESIS Variable Report,534,ZA3509
v492,,Q63A INTERNET CH LIFE: SAVE TIME,,Q63A INTERNET CH LIFE: SAVE TIME,GESIS Variable Report,535,ZA3509
v493,,Q63A INTERNET CH LIFE: WASTE TIME,,Q63A INTERNET CH LIFE: WASTE TIME,GESIS Variable Report,536,ZA3509
v494,,Q63A INTERNET CH LIFE: MR INCLUDED,,Q63A INTERNET CH LIFE: MR INCLUDED,GESIS Variable Report,537,ZA3509
v495,,Q63A INTERNET CH LIFE: LS INCLUDED,,Q63A INTERNET CH LIFE: LS INCLUDED,GESIS Variable Report,538,ZA3509
v496,,Q63A INTERNET CH LIFE: OTHER,,Q63A INTERNET CH LIFE: OTHER,GESIS Variable Report,539,ZA3509
v497,,Q63A INTERNET CH LIFE: NO CHANGE,,Q63A INTERNET CH LIFE: NO CHANGE,GESIS Variable Report,540,ZA3509
v498,,Q63A INTERNET CH LIFE: DK,,Q63A INTERNET CH LIFE: DK,GESIS Variable Report,541,ZA3509
v499,,Q63B INTERNET WLD CH LIFE: MR CONTACT,,Q63B INTERNET WLD CH LIFE: MR CONTACT,GESIS Variable Report,542,ZA3509
v500,,Q63B INTERNET WLD CH LIFE: LS CONTACT,,Q63B INTERNET WLD CH LIFE: LS CONTACT,GESIS Variable Report,543,ZA3509
v501,,Q63B INTERNET WLD CH LIFE: MR INTEGRATED,,Q63B INTERNET WLD CH LIFE: MR INTEGRATED,GESIS Variable Report,544,ZA3509
v502,,Q63B INTERNET WLD CH LIFE: LS INTEGRATED,,Q63B INTERNET WLD CH LIFE: LS INTEGRATED,GESIS Variable Report,545,ZA3509
v503,,Q63B INTERNET WLD CH LIFE: BTR INFORMED,,Q63B INTERNET WLD CH LIFE: BTR INFORMED,GESIS Variable Report,546,ZA3509
v504,,Q63B INTERNET WLD CH LIFE: LS INFORMED,,Q63B INTERNET WLD CH LIFE: LS INFORMED,GESIS Variable Report,547,ZA3509
v505,,Q63B INTERNET WLD CH LIFE: PUBL SERV EAS,,Q63B INTERNET WLD CH LIFE: PUBL SERV EAS,GESIS Variable Report,548,ZA3509
v506,,Q63B INTERNET WLD CH LIFE: PUBL SERV DIF,,Q63B INTERNET WLD CH LIFE: PUBL SERV DIF,GESIS Variable Report,549,ZA3509
v507,,Q63B INTERNET WLD CH LIFE: SAVE MONEY,,Q63B INTERNET WLD CH LIFE: SAVE MONEY,GESIS Variable Report,550,ZA3509
v508,,Q63B INTERNET WLD CH LIFE: SPEND M MONEY,,Q63B INTERNET WLD CH LIFE: SPEND M MONEY,GESIS Variable Report,551,ZA3509
v509,,Q63B INTERNET WLD CH LIFE: SAVE TIME,,Q63B INTERNET WLD CH LIFE: SAVE TIME,GESIS Variable Report,552,ZA3509
v510,,Q63B INTERNET WLD CH LIFE: WASTE TIME,,Q63B INTERNET WLD CH LIFE: WASTE TIME,GESIS Variable Report,553,ZA3509
v511,,Q63B INTERNET WLD CH LIFE: MR INCLUDED,,Q63B INTERNET WLD CH LIFE: MR INCLUDED,GESIS Variable Report,554,ZA3509
v512,,Q63B INTERNET WLD CH LIFE: LS INCLUDED,,Q63B INTERNET WLD CH LIFE: LS INCLUDED,GESIS Variable Report,555,ZA3509
v513,,Q63B INTERNET WLD CH LIFE: OTHER,,Q63B INTERNET WLD CH LIFE: OTHER,GESIS Variable Report,556,ZA3509
v514,,Q63B INTERNET WLD CH LIFE: NO CHANGE,,Q63B INTERNET WLD CH LIFE: NO CHANGE,GESIS Variable Report,557,ZA3509
v515,,Q63B INTERNET WLD CH LIFE: DK,,Q63B INTERNET WLD CH LIFE: DK,GESIS Variable Report,558,ZA3509
v516,,D1 LEFT-RIGHT PLACEMENT,,D1 LEFT-RIGHT PLACEMENT,GESIS Variable Report,559,ZA3509
v517,v517 1 2 3 4 N Sum N Valid Sum,D1 LEFT-RIGHT PLACEMENT - RECODED,isocntry M AT 279 (37.7) 316 (42.7) 145 (19.6) 280 1020 740 BE 254 (32.7) 354 (45.6) 168 (21.6) 282 1058 776 DE-E 331 (40.5) 397 (48.6) 89 (10.9) 210 1027 817 DE-W 253 (31.8) 371 (46.6) 172 (21.6) 216 1012 796 DK 257 (27.5) 343 (36.7) 334 (35.8) 66 1000 934 ES 314 (40.4) 329 (42.3) 135 (17.4) 222 1000 778 FI 218 (26.7) 347 (42.4) 253 (30.9) 203 1021 818 FR 365 (47.5) 256 (33.3) 147 (19.1) 236 1004 768 GB-GBN 236 (29.0) 421 (51.8) 156 (19.2) 187 1000 813 GB-NIR 43 (19.3) 133 (59.6) 47 (21.1) 81 304 223 GR 118 (22.1) 269 (50.3) 148 (27.7) 470 1005 535 IE 136 (19.2) 346 (48.8) 227 (32.0) 296 1005 709 IT 248 (39.5) 160 (25.5) 220 (35.0) 367 995 628 LU 136 (30.2) 239 (53.1) 75 (16.7) 170 620 450 NL 309 (33.4) 429 (46.4) 187 (20.2) 137 1062 925 PT 196 (26.3) 377 (50.6) 172 (23.1) 255 1000 745 SE 289 (33.0) 307 (35.1) 279 (31.9) 125 1000 875 N Sum 3982 5394 2954 3803 16133 N Valid Sum 3982 5394 2954 12330 printed 24.01.2012 page 535 Eurobarometer 55.2 - May-June 2001,isocntry M AT 279 (37.7) 316 (42.7) 145 (19.6) 280 1020 740 BE 254 (32.7) 354 (45.6) 168 (21.6) 282 1058 776 DE-E 331 (40.5) 397 (48.6) 89 (10.9) 210 1027 817 DE-W 253 (31.8) 371 (46.6) 172 (21.6) 216 1012 796 DK 257 (27.5) 343 (36.7) 334 (35.8) 66 1000 934 ES 314 (40.4) 329 (42.3) 135 (17.4) 222 1000 778 FI 218 (26.7) 347 (42.4) 253 (30.9) 203 1021 818 FR 365 (47.5) 256 (33.3) 147 (19.1) 236 1004 768 GB-GBN 236 (29.0) 421 (51.8) 156 (19.2) 187 1000 813 GB-NIR 43 (19.3) 133 (59.6) 47 (21.1) 81 304 223 GR 118 (22.1) 269 (50.3) 148 (27.7) 470 1005 535 IE 136 (19.2) 346 (48.8) 227 (32.0) 296 1005 709 IT 248 (39.5) 160 (25.5) 220 (35.0) 367 995 628 LU 136 (30.2) 239 (53.1) 75 (16.7) 170 620 450 NL 309 (33.4) 429 (46.4) 187 (20.2) 137 1062 925 PT 196 (26.3) 377 (50.6) 172 (23.1) 255 1000 745 SE 289 (33.0) 307 (35.1) 279 (31.9) 125 1000 875 N Sum 3982 5394 2954 3803 16133 N Valid Sum 3982 5394 2954 12330 printed 24.01.2012 page 535 Eurobarometer 55.2 - May-June 2001,GESIS Variable Report,561,ZA3509
v518,,D7 MARITAL STATUS,,D7 MARITAL STATUS,GESIS Variable Report,562,ZA3509
v519,,D8 AGE EDUCATION,,D8 AGE EDUCATION,GESIS Variable Report,564,ZA3509
v520,,D8 AGE EDUCATION - RECODED,,D8 AGE EDUCATION - RECODED,GESIS Variable Report,565,ZA3509
v521,v521 1 2 N Sum N Valid Sum,D10 SEX,isocntry AT 489 (48.0) 530 (52.0) 1019 1019 BE 512 (48.4) 546 (51.6) 1058 1058 DE-E 495 (48.2) 531 (51.8) 1026 1026 DE-W 487 (48.1) 525 (51.9) 1012 1012 DK 490 (49.0) 510 (51.0) 1000 1000 ES 485 (48.5) 515 (51.5) 1000 1000 FI 493 (48.2) 529 (51.8) 1022 1022 FR 483 (48.1) 521 (51.9) 1004 1004 GB-GBN 484 (48.4) 516 (51.6) 1000 1000 GB-NIR 147 (48.4) 157 (51.6) 304 304 GR 491 (48.9) 513 (51.1) 1004 1004 IE 488 (48.5) 518 (51.5) 1006 1006 IT 478 (48.0) 517 (52.0) 995 995 LU 294 (47.5) 325 (52.5) 619 619 NL 521 (49.1) 540 (50.9) 1061 1061 PT 475 (47.5) 525 (52.5) 1000 1000 SE 490 (49.0) 510 (51.0) 1000 1000 N Sum 7802 8328 16130 N Valid Sum 7802 8328 16130 printed 24.01.2012 page 541 Eurobarometer 55.2 - May-June 2001,isocntry AT 489 (48.0) 530 (52.0) 1019 1019 BE 512 (48.4) 546 (51.6) 1058 1058 DE-E 495 (48.2) 531 (51.8) 1026 1026 DE-W 487 (48.1) 525 (51.9) 1012 1012 DK 490 (49.0) 510 (51.0) 1000 1000 ES 485 (48.5) 515 (51.5) 1000 1000 FI 493 (48.2) 529 (51.8) 1022 1022 FR 483 (48.1) 521 (51.9) 1004 1004 GB-GBN 484 (48.4) 516 (51.6) 1000 1000 GB-NIR 147 (48.4) 157 (51.6) 304 304 GR 491 (48.9) 513 (51.1) 1004 1004 IE 488 (48.5) 518 (51.5) 1006 1006 IT 478 (48.0) 517 (52.0) 995 995 LU 294 (47.5) 325 (52.5) 619 619 NL 521 (49.1) 540 (50.9) 1061 1061 PT 475 (47.5) 525 (52.5) 1000 1000 SE 490 (49.0) 510 (51.0) 1000 1000 N Sum 7802 8328 16130 N Valid Sum 7802 8328 16130 printed 24.01.2012 page 541 Eurobarometer 55.2 - May-June 2001,GESIS Variable Report,567,ZA3509
v522,,D11 AGE EXACT,,D11 AGE EXACT,GESIS Variable Report,568,ZA3509
v523,v523 1 2 3 4 N Sum N Valid Sum,D11 AGE RECODED - FOUR GROUPS,isocntry AT 150 (14.7) 324 (31.8) 225 (22.1) 320 (31.4) 1019 1019 BE 163 (15.4) 292 (27.6) 258 (24.4) 345 (32.6) 1058 1058 DE-E 148 (14.4) 291 (28.4) 236 (23.0) 351 (34.2) 1026 1026 DE-W 130 (12.8) 294 (29.1) 241 (23.8) 347 (34.3) 1012 1012 DK 156 (15.6) 291 (29.1) 248 (24.8) 305 (30.5) 1000 1000 ES 191 (19.1) 283 (28.3) 216 (21.6) 310 (31.0) 1000 1000 FI 156 (15.3) 260 (25.4) 294 (28.8) 312 (30.5) 1022 1022 FR 172 (17.1) 270 (26.9) 255 (25.4) 308 (30.6) 1005 1005 GB-GBN 155 (15.5) 294 (29.4) 233 (23.3) 318 (31.8) 1000 1000 GB-NIR 65 (21.4) 80 (26.3) 68 (22.4) 91 (29.9) 304 304 GR 176 (17.5) 275 (27.4) 218 (21.7) 336 (33.4) 1005 1005 IE 216 (21.5) 239 (23.8) 250 (24.9) 300 (29.9) 1005 1005 IT 155 (15.6) 280 (28.1) 221 (22.2) 339 (34.1) 995 995 LU 82 (13.2) 174 (28.1) 150 (24.2) 214 (34.5) 620 620 NL 163 (15.4) 325 (30.6) 275 (25.9) 298 (28.1) 1061 1061 PT 194 (19.4) 275 (27.5) 221 (22.1) 310 (31.0) 1000 1000 SE 148 (14.8) 271 (27.1) 245 (24.5) 336 (33.6) 1000 1000 N Sum 2620 4518 3854 5140 16132 N Valid Sum 2620 4518 3854 5140 16132 printed 24.01.2012 page 543 Eurobarometer 55.2 - May-June 2001,isocntry AT 150 (14.7) 324 (31.8) 225 (22.1) 320 (31.4) 1019 1019 BE 163 (15.4) 292 (27.6) 258 (24.4) 345 (32.6) 1058 1058 DE-E 148 (14.4) 291 (28.4) 236 (23.0) 351 (34.2) 1026 1026 DE-W 130 (12.8) 294 (29.1) 241 (23.8) 347 (34.3) 1012 1012 DK 156 (15.6) 291 (29.1) 248 (24.8) 305 (30.5) 1000 1000 ES 191 (19.1) 283 (28.3) 216 (21.6) 310 (31.0) 1000 1000 FI 156 (15.3) 260 (25.4) 294 (28.8) 312 (30.5) 1022 1022 FR 172 (17.1) 270 (26.9) 255 (25.4) 308 (30.6) 1005 1005 GB-GBN 155 (15.5) 294 (29.4) 233 (23.3) 318 (31.8) 1000 1000 GB-NIR 65 (21.4) 80 (26.3) 68 (22.4) 91 (29.9) 304 304 GR 176 (17.5) 275 (27.4) 218 (21.7) 336 (33.4) 1005 1005 IE 216 (21.5) 239 (23.8) 250 (24.9) 300 (29.9) 1005 1005 IT 155 (15.6) 280 (28.1) 221 (22.2) 339 (34.1) 995 995 LU 82 (13.2) 174 (28.1) 150 (24.2) 214 (34.5) 620 620 NL 163 (15.4) 325 (30.6) 275 (25.9) 298 (28.1) 1061 1061 PT 194 (19.4) 275 (27.5) 221 (22.1) 310 (31.0) 1000 1000 SE 148 (14.8) 271 (27.1) 245 (24.5) 336 (33.6) 1000 1000 N Sum 2620 4518 3854 5140 16132 N Valid Sum 2620 4518 3854 5140 16132 printed 24.01.2012 page 543 Eurobarometer 55.2 - May-June 2001,GESIS Variable Report,569,ZA3509
v524,,D11 AGE RECODED - SIX GROUPS,,D11 AGE RECODED - SIX GROUPS,GESIS Variable Report,570,ZA3509
v525,,D15A OCCUPATION OF RESPONDENT,,D15A OCCUPATION OF RESPONDENT,GESIS Variable Report,571,ZA3509
v526,,D15B OCCUPATION OF RESPONDENT - LAST JOB,,D15B OCCUPATION OF RESPONDENT - LAST JOB,GESIS Variable Report,573,ZA3509
v527,,D19 MAIN INCOME EARNER,,D19 MAIN INCOME EARNER,GESIS Variable Report,575,ZA3509
v528,IF CODE 2 AT D.19,D21A OCCUPATION OF HEAD OF HOUSEHOLD,What is the current occupation of the person who contributes most to the household income? NON-ACTIVE,What is the current occupation of the person who contributes most to the household income? NON-ACTIVE,GESIS Variable Report,576,ZA3509
v529,,D21B OCCUPATION OF HEAD OF HH - LAST JOB,,D21B OCCUPATION OF HEAD OF HH - LAST JOB,GESIS Variable Report,578,ZA3509
v530,,D25 TYPE OF COMMUNITY,,D25 TYPE OF COMMUNITY,GESIS Variable Report,580,ZA3509
v531,,D29 INCOME HH - FRANCE,,D29 INCOME HH - FRANCE,GESIS Variable Report,581,ZA3509
v532,,D29 INCOME HH - BELGIUM,,D29 INCOME HH - BELGIUM,GESIS Variable Report,583,ZA3509
v533,,D29 INCOME HH - NETHERLANDS,,D29 INCOME HH - NETHERLANDS,GESIS Variable Report,585,ZA3509
v534,,D29 INCOME HH - GERMANY WEST,,D29 INCOME HH - GERMANY WEST,GESIS Variable Report,587,ZA3509
v535,,D29 INCOME HH - ITALY,,D29 INCOME HH - ITALY,GESIS Variable Report,589,ZA3509
v536,,D29 INCOME HH - LUXEMBOURG,,D29 INCOME HH - LUXEMBOURG,GESIS Variable Report,591,ZA3509
v537,,D29 INCOME HH - DENMARK,,D29 INCOME HH - DENMARK,GESIS Variable Report,593,ZA3509
v538,,D29 INCOME HH - IRELAND,,D29 INCOME HH - IRELAND,GESIS Variable Report,595,ZA3509
v539,,D29 INCOME HH - GREAT BRITAIN,,D29 INCOME HH - GREAT BRITAIN,GESIS Variable Report,597,ZA3509
v540,,D29 INCOME HH - NORTHERN IRELAND,,D29 INCOME HH - NORTHERN IRELAND,GESIS Variable Report,599,ZA3509
v541,,D29 INCOME HH - GREECE,,D29 INCOME HH - GREECE,GESIS Variable Report,601,ZA3509
v542,,D29 INCOME HH - SPAIN,,D29 INCOME HH - SPAIN,GESIS Variable Report,603,ZA3509
v543,,D29 INCOME HH - PORTUGAL,,D29 INCOME HH - PORTUGAL,GESIS Variable Report,605,ZA3509
v544,,D29 INCOME HH - GERMANY EAST,,D29 INCOME HH - GERMANY EAST,GESIS Variable Report,607,ZA3509
v545,,D29 INCOME HH - FINLAND,,D29 INCOME HH - FINLAND,GESIS Variable Report,609,ZA3509
v546,,D29 INCOME HH - SWEDEN,,D29 INCOME HH - SWEDEN,GESIS Variable Report,611,ZA3509
v547,,D29 INCOME HH - AUSTRIA,,D29 INCOME HH - AUSTRIA,GESIS Variable Report,613,ZA3509
v548,,D29 INCOME HH - ALL COUNTRIES,,D29 INCOME HH - ALL COUNTRIES,GESIS Variable Report,615,ZA3509
v549,,D29 INCOME HH QUARTILES,,D29 INCOME HH QUARTILES,GESIS Variable Report,621,ZA3509
v550,,P1 DATE OF INTERVIEW,,P1 DATE OF INTERVIEW,GESIS Variable Report,622,ZA3509
v551,v551 1 2 3 4 5 6 N Sum N Valid Sum,P2 TIME OF INTERVIEW,isocntry AT 5 (0.5) 314 (30.8) 442 (43.4) 228 (22.4) 29 (2.8) 1 (0.1) 1019 1019 BE 380 (35.9) 378 (35.7) 237 (22.4) 63 (6.0) 1058 1058 DE-E 291 (28.4) 472 (46.0) 249 (24.3) 14 (1.4) 1026 1026 DE-W 266 (26.3) 417 (41.2) 293 (29.0) 36 (3.6) 1012 1012 DK 173 (17.3) 466 (46.6) 313 (31.3) 48 (4.8) 1000 1000 ES 379 (37.9) 308 (30.8) 241 (24.1) 71 (7.1) 1 (0.1) 1000 1000 FI 246 (24.1) 406 (39.7) 338 (33.1) 32 (3.1) 1022 1022 FR 231 (23.0) 354 (35.3) 393 (39.1) 26 (2.6) 1004 1004 GB-GBN 470 (47.0) 426 (42.6) 98 (9.8) 6 (0.6) 1000 1000 GB-NIR 96 (31.6) 139 (45.7) 65 (21.4) 4 (1.3) 304 304 GR 340 (33.9) 162 (16.1) 381 (37.9) 121 (12.1) 1004 1004 IE 4 (0.4) 281 (27.9) 432 (42.9) 247 (24.6) 42 (4.2) 1006 1006 IT 221 (22.2) 312 (31.4) 354 (35.6) 107 (10.8) 1 (0.1) 995 995 LU 1 (0.2) 116 (18.7) 242 (39.1) 206 (33.3) 54 (8.7) 619 619 NL 5 (0.5) 311 (29.3) 346 (32.6) 242 (22.8) 148 (13.9) 9 (0.8) 1061 1061 PT 280 (28.0) 346 (34.6) 312 (31.2) 62 (6.2) 1000 1000 SE 264 (26.4) 322 (32.2) 339 (33.9) 74 (7.4) 1 (0.1) 1000 1000 N Sum 15 4659 5970 4536 937 13 16130 N Valid Sum 15 4659 5970 4536 937 13 16130 printed 24.01.2012 page 598 Eurobarometer 55.2 - May-June 2001,isocntry AT 5 (0.5) 314 (30.8) 442 (43.4) 228 (22.4) 29 (2.8) 1 (0.1) 1019 1019 BE 380 (35.9) 378 (35.7) 237 (22.4) 63 (6.0) 1058 1058 DE-E 291 (28.4) 472 (46.0) 249 (24.3) 14 (1.4) 1026 1026 DE-W 266 (26.3) 417 (41.2) 293 (29.0) 36 (3.6) 1012 1012 DK 173 (17.3) 466 (46.6) 313 (31.3) 48 (4.8) 1000 1000 ES 379 (37.9) 308 (30.8) 241 (24.1) 71 (7.1) 1 (0.1) 1000 1000 FI 246 (24.1) 406 (39.7) 338 (33.1) 32 (3.1) 1022 1022 FR 231 (23.0) 354 (35.3) 393 (39.1) 26 (2.6) 1004 1004 GB-GBN 470 (47.0) 426 (42.6) 98 (9.8) 6 (0.6) 1000 1000 GB-NIR 96 (31.6) 139 (45.7) 65 (21.4) 4 (1.3) 304 304 GR 340 (33.9) 162 (16.1) 381 (37.9) 121 (12.1) 1004 1004 IE 4 (0.4) 281 (27.9) 432 (42.9) 247 (24.6) 42 (4.2) 1006 1006 IT 221 (22.2) 312 (31.4) 354 (35.6) 107 (10.8) 1 (0.1) 995 995 LU 1 (0.2) 116 (18.7) 242 (39.1) 206 (33.3) 54 (8.7) 619 619 NL 5 (0.5) 311 (29.3) 346 (32.6) 242 (22.8) 148 (13.9) 9 (0.8) 1061 1061 PT 280 (28.0) 346 (34.6) 312 (31.2) 62 (6.2) 1000 1000 SE 264 (26.4) 322 (32.2) 339 (33.9) 74 (7.4) 1 (0.1) 1000 1000 N Sum 15 4659 5970 4536 937 13 16130 N Valid Sum 15 4659 5970 4536 937 13 16130 printed 24.01.2012 page 598 Eurobarometer 55.2 - May-June 2001,GESIS Variable Report,624,ZA3509
v552,v552 3 4 5 6 7 N Sum N Valid Sum,P3 DURATION OF INTERVIEW,isocntry AT 197 (19.3) 348 (34.2) 404 (39.6) 62 (6.1) 8 (0.8) 1019 1019 BE 490 (46.3) 462 (43.7) 106 (10.0) 1058 1058 DE-E 137 (13.4) 454 (44.2) 344 (33.5) 59 (5.8) 32 (3.1) 1026 1026 DE-W 190 (18.8) 403 (39.8) 287 (28.4) 75 (7.4) 57 (5.6) 1012 1012 DK 177 (17.7) 492 (49.2) 253 (25.3) 69 (6.9) 9 (0.9) 1000 1000 ES 342 (34.2) 444 (44.4) 179 (17.9) 24 (2.4) 11 (1.1) 1000 1000 FI 237 (23.2) 403 (39.4) 294 (28.8) 62 (6.1) 26 (2.5) 1022 1022 FR 191 (19.0) 371 (37.0) 372 (37.1) 48 (4.8) 22 (2.2) 1004 1004 GB-GBN 620 (62.0) 309 (30.9) 59 (5.9) 12 (1.2) 1000 1000 GB-NIR 53 (17.4) 204 (67.1) 44 (14.5) 2 (0.7) 1 (0.3) 304 304 GR 508 (50.6) 418 (41.6) 74 (7.4) 2 (0.2) 2 (0.2) 1004 1004 IE 360 (35.8) 440 (43.7) 188 (18.7) 2 (0.2) 16 (1.6) 1006 1006 IT 227 (22.8) 284 (28.5) 382 (38.4) 63 (6.3) 39 (3.9) 995 995 LU 66 (10.7) 202 (32.6) 232 (37.5) 68 (11.0) 51 (8.2) 619 619 NL 322 (30.3) 446 (42.0) 174 (16.4) 72 (6.8) 47 (4.4) 1061 1061 PT 398 (39.8) 512 (51.2) 71 (7.1) 19 (1.9) 1000 1000 SE 88 (8.8) 294 (29.4) 452 (45.2) 109 (10.9) 57 (5.7) 1000 1000 N Sum 4603 6486 3915 748 378 16130 N Valid Sum 4603 6486 3915 748 378 16130 printed 24.01.2012 page 599 Eurobarometer 55.2 - May-June 2001,isocntry AT 197 (19.3) 348 (34.2) 404 (39.6) 62 (6.1) 8 (0.8) 1019 1019 BE 490 (46.3) 462 (43.7) 106 (10.0) 1058 1058 DE-E 137 (13.4) 454 (44.2) 344 (33.5) 59 (5.8) 32 (3.1) 1026 1026 DE-W 190 (18.8) 403 (39.8) 287 (28.4) 75 (7.4) 57 (5.6) 1012 1012 DK 177 (17.7) 492 (49.2) 253 (25.3) 69 (6.9) 9 (0.9) 1000 1000 ES 342 (34.2) 444 (44.4) 179 (17.9) 24 (2.4) 11 (1.1) 1000 1000 FI 237 (23.2) 403 (39.4) 294 (28.8) 62 (6.1) 26 (2.5) 1022 1022 FR 191 (19.0) 371 (37.0) 372 (37.1) 48 (4.8) 22 (2.2) 1004 1004 GB-GBN 620 (62.0) 309 (30.9) 59 (5.9) 12 (1.2) 1000 1000 GB-NIR 53 (17.4) 204 (67.1) 44 (14.5) 2 (0.7) 1 (0.3) 304 304 GR 508 (50.6) 418 (41.6) 74 (7.4) 2 (0.2) 2 (0.2) 1004 1004 IE 360 (35.8) 440 (43.7) 188 (18.7) 2 (0.2) 16 (1.6) 1006 1006 IT 227 (22.8) 284 (28.5) 382 (38.4) 63 (6.3) 39 (3.9) 995 995 LU 66 (10.7) 202 (32.6) 232 (37.5) 68 (11.0) 51 (8.2) 619 619 NL 322 (30.3) 446 (42.0) 174 (16.4) 72 (6.8) 47 (4.4) 1061 1061 PT 398 (39.8) 512 (51.2) 71 (7.1) 19 (1.9) 1000 1000 SE 88 (8.8) 294 (29.4) 452 (45.2) 109 (10.9) 57 (5.7) 1000 1000 N Sum 4603 6486 3915 748 378 16130 N Valid Sum 4603 6486 3915 748 378 16130 printed 24.01.2012 page 599 Eurobarometer 55.2 - May-June 2001,GESIS Variable Report,625,ZA3509
v553,v553 1 2 3 4 N Sum N Valid Sum,P4 N OF PERSONS PRESENT DURING INTERVIEW,isocntry AT 796 (78.1) 195 (19.1) 25 (2.5) 3 (0.3) 1019 1019 BE 812 (76.7) 202 (19.1) 39 (3.7) 5 (0.5) 1058 1058 DE-E 843 (82.2) 169 (16.5) 12 (1.2) 2 (0.2) 1026 1026 DE-W 838 (82.8) 157 (15.5) 14 (1.4) 3 (0.3) 1012 1012 DK 834 (83.4) 148 (14.8) 12 (1.2) 6 (0.6) 1000 1000 ES 825 (82.5) 150 (15.0) 23 (2.3) 2 (0.2) 1000 1000 FI 768 (75.1) 195 (19.1) 44 (4.3) 15 (1.5) 1022 1022 FR 798 (79.5) 174 (17.3) 25 (2.5) 7 (0.7) 1004 1004 GB-GBN 816 (81.6) 152 (15.2) 23 (2.3) 9 (0.9) 1000 1000 GB-NIR 253 (83.2) 41 (13.5) 9 (3.0) 1 (0.3) 304 304 GR 651 (64.8) 271 (27.0) 68 (6.8) 14 (1.4) 1004 1004 IE 818 (81.3) 147 (14.6) 32 (3.2) 9 (0.9) 1006 1006 IT 763 (76.7) 188 (18.9) 35 (3.5) 9 (0.9) 995 995 LU 468 (75.6) 132 (21.3) 16 (2.6) 3 (0.5) 619 619 NL 803 (75.7) 183 (17.2) 54 (5.1) 21 (2.0) 1061 1061 PT 891 (89.1) 97 (9.7) 11 (1.1) 1 (0.1) 1000 1000 SE 916 (91.6) 70 (7.0) 13 (1.3) 1 (0.1) 1000 1000 N Sum 12893 2671 455 111 16130 N Valid Sum 12893 2671 455 111 16130 printed 24.01.2012 page 600 Eurobarometer 55.2 - May-June 2001,isocntry AT 796 (78.1) 195 (19.1) 25 (2.5) 3 (0.3) 1019 1019 BE 812 (76.7) 202 (19.1) 39 (3.7) 5 (0.5) 1058 1058 DE-E 843 (82.2) 169 (16.5) 12 (1.2) 2 (0.2) 1026 1026 DE-W 838 (82.8) 157 (15.5) 14 (1.4) 3 (0.3) 1012 1012 DK 834 (83.4) 148 (14.8) 12 (1.2) 6 (0.6) 1000 1000 ES 825 (82.5) 150 (15.0) 23 (2.3) 2 (0.2) 1000 1000 FI 768 (75.1) 195 (19.1) 44 (4.3) 15 (1.5) 1022 1022 FR 798 (79.5) 174 (17.3) 25 (2.5) 7 (0.7) 1004 1004 GB-GBN 816 (81.6) 152 (15.2) 23 (2.3) 9 (0.9) 1000 1000 GB-NIR 253 (83.2) 41 (13.5) 9 (3.0) 1 (0.3) 304 304 GR 651 (64.8) 271 (27.0) 68 (6.8) 14 (1.4) 1004 1004 IE 818 (81.3) 147 (14.6) 32 (3.2) 9 (0.9) 1006 1006 IT 763 (76.7) 188 (18.9) 35 (3.5) 9 (0.9) 995 995 LU 468 (75.6) 132 (21.3) 16 (2.6) 3 (0.5) 619 619 NL 803 (75.7) 183 (17.2) 54 (5.1) 21 (2.0) 1061 1061 PT 891 (89.1) 97 (9.7) 11 (1.1) 1 (0.1) 1000 1000 SE 916 (91.6) 70 (7.0) 13 (1.3) 1 (0.1) 1000 1000 N Sum 12893 2671 455 111 16130 N Valid Sum 12893 2671 455 111 16130 printed 24.01.2012 page 600 Eurobarometer 55.2 - May-June 2001,GESIS Variable Report,626,ZA3509
v554,v554 1 2 3 4 N Sum N Valid Sum,P5 RESPONDENT COOPERATION,isocntry AT 597 (58.6) 251 (24.6) 146 (14.3) 25 (2.5) 1019 1019 BE 651 (61.5) 306 (28.9) 89 (8.4) 12 (1.1) 1058 1058 DE-E 426 (41.5) 434 (42.3) 156 (15.2) 10 (1.0) 1026 1026 DE-W 393 (38.8) 430 (42.5) 166 (16.4) 23 (2.3) 1012 1012 DK 673 (67.3) 233 (23.3) 79 (7.9) 15 (1.5) 1000 1000 ES 502 (50.2) 398 (39.8) 82 (8.2) 18 (1.8) 1000 1000 FI 727 (71.1) 217 (21.2) 70 (6.8) 8 (0.8) 1022 1022 FR 656 (65.3) 268 (26.7) 72 (7.2) 8 (0.8) 1004 1004 GB-GBN 605 (60.5) 204 (20.4) 175 (17.5) 16 (1.6) 1000 1000 GB-NIR 178 (58.6) 78 (25.7) 40 (13.2) 8 (2.6) 304 304 GR 510 (50.8) 421 (41.9) 60 (6.0) 13 (1.3) 1004 1004 IE 493 (49.0) 266 (26.4) 158 (15.7) 89 (8.8) 1006 1006 IT 337 (33.9) 471 (47.3) 140 (14.1) 47 (4.7) 995 995 LU 393 (63.5) 163 (26.3) 46 (7.4) 17 (2.7) 619 619 NL 766 (72.2) 256 (24.1) 34 (3.2) 5 (0.5) 1061 1061 PT 203 (20.3) 446 (44.6) 261 (26.1) 90 (9.0) 1000 1000 SE 890 (89.0) 95 (9.5) 13 (1.3) 2 (0.2) 1000 1000 N Sum 9000 4937 1787 406 16130 N Valid Sum 9000 4937 1787 406 16130 printed 24.01.2012 page 601 Eurobarometer 55.2 - May-June 2001,isocntry AT 597 (58.6) 251 (24.6) 146 (14.3) 25 (2.5) 1019 1019 BE 651 (61.5) 306 (28.9) 89 (8.4) 12 (1.1) 1058 1058 DE-E 426 (41.5) 434 (42.3) 156 (15.2) 10 (1.0) 1026 1026 DE-W 393 (38.8) 430 (42.5) 166 (16.4) 23 (2.3) 1012 1012 DK 673 (67.3) 233 (23.3) 79 (7.9) 15 (1.5) 1000 1000 ES 502 (50.2) 398 (39.8) 82 (8.2) 18 (1.8) 1000 1000 FI 727 (71.1) 217 (21.2) 70 (6.8) 8 (0.8) 1022 1022 FR 656 (65.3) 268 (26.7) 72 (7.2) 8 (0.8) 1004 1004 GB-GBN 605 (60.5) 204 (20.4) 175 (17.5) 16 (1.6) 1000 1000 GB-NIR 178 (58.6) 78 (25.7) 40 (13.2) 8 (2.6) 304 304 GR 510 (50.8) 421 (41.9) 60 (6.0) 13 (1.3) 1004 1004 IE 493 (49.0) 266 (26.4) 158 (15.7) 89 (8.8) 1006 1006 IT 337 (33.9) 471 (47.3) 140 (14.1) 47 (4.7) 995 995 LU 393 (63.5) 163 (26.3) 46 (7.4) 17 (2.7) 619 619 NL 766 (72.2) 256 (24.1) 34 (3.2) 5 (0.5) 1061 1061 PT 203 (20.3) 446 (44.6) 261 (26.1) 90 (9.0) 1000 1000 SE 890 (89.0) 95 (9.5) 13 (1.3) 2 (0.2) 1000 1000 N Sum 9000 4937 1787 406 16130 N Valid Sum 9000 4937 1787 406 16130 printed 24.01.2012 page 601 Eurobarometer 55.2 - May-June 2001,GESIS Variable Report,627,ZA3509
v555,,P6 SIZE OF COMMUNITY - FRANCE,,P6 SIZE OF COMMUNITY - FRANCE,GESIS Variable Report,628,ZA3509
v556,,P6 SIZE OF COMMUNITY - BELGIUM,,P6 SIZE OF COMMUNITY - BELGIUM,GESIS Variable Report,629,ZA3509
v557,,P6 SIZE OF COMMUNITY - NETHERLANDS,,P6 SIZE OF COMMUNITY - NETHERLANDS,GESIS Variable Report,630,ZA3509
v558,,P6 SIZE OF COMMUNITY - GERMANY WEST,,P6 SIZE OF COMMUNITY - GERMANY WEST,GESIS Variable Report,631,ZA3509
v559,,P6 SIZE OF COMMUNITY - ITALY,,P6 SIZE OF COMMUNITY - ITALY,GESIS Variable Report,632,ZA3509
v560,,P6 SIZE OF COMMUNITY - LUXEMBOURG,,P6 SIZE OF COMMUNITY - LUXEMBOURG,GESIS Variable Report,633,ZA3509
v561,,P6 SIZE OF COMMUNITY - DENMARK,,P6 SIZE OF COMMUNITY - DENMARK,GESIS Variable Report,634,ZA3509
v562,,P6 SIZE OF COMMUNITY - IRELAND,,P6 SIZE OF COMMUNITY - IRELAND,GESIS Variable Report,635,ZA3509
v563,,P6 SIZE OF COMMUNITY - GREAT BRITAIN,,P6 SIZE OF COMMUNITY - GREAT BRITAIN,GESIS Variable Report,636,ZA3509
v564,,P6 SIZE OF COMMUNITY - NORTHERN IRELAND,,P6 SIZE OF COMMUNITY - NORTHERN IRELAND,GESIS Variable Report,637,ZA3509
v565,,P6 SIZE OF COMMUNITY - GREECE,,P6 SIZE OF COMMUNITY - GREECE,GESIS Variable Report,638,ZA3509
v566,,P6 SIZE OF COMMUNITY - SPAIN,,P6 SIZE OF COMMUNITY - SPAIN,GESIS Variable Report,639,ZA3509
v567,,P6 SIZE OF COMMUNITY - PORTUGAL,,P6 SIZE OF COMMUNITY - PORTUGAL,GESIS Variable Report,640,ZA3509
v568,,P6 SIZE OF COMMUNITY - GERMANY EAST,,P6 SIZE OF COMMUNITY - GERMANY EAST,GESIS Variable Report,641,ZA3509
v569,,P6 SIZE OF COMMUNITY - FINLAND,,P6 SIZE OF COMMUNITY - FINLAND,GESIS Variable Report,642,ZA3509
v570,,P6 SIZE OF COMMUNITY - SWEDEN,,P6 SIZE OF COMMUNITY - SWEDEN,GESIS Variable Report,643,ZA3509
v571,,P6 SIZE OF COMMUNITY - AUSTRIA,,P6 SIZE OF COMMUNITY - AUSTRIA,GESIS Variable Report,644,ZA3509
v572,,P7 REGION I - FRANCE,,P7 REGION I - FRANCE,GESIS Variable Report,645,ZA3509
v573,,P7 REGION I - BELGIUM,,P7 REGION I - BELGIUM,GESIS Variable Report,647,ZA3509
v574,,P7 REGION I - NETHERLANDS,,P7 REGION I - NETHERLANDS,GESIS Variable Report,648,ZA3509
v575,,P7 REGION I - GERMANY,,P7 REGION I - GERMANY,GESIS Variable Report,649,ZA3509
v576,,P7 REGION I - ITALY,,P7 REGION I - ITALY,GESIS Variable Report,652,ZA3509
v577,,P7 REGION I - LUXEMBOURG,,P7 REGION I - LUXEMBOURG,GESIS Variable Report,654,ZA3509
v578,,P7 REGION I - DENMARK,,P7 REGION I - DENMARK,GESIS Variable Report,655,ZA3509
v579,,P7 REGION I - IRELAND,,P7 REGION I - IRELAND,GESIS Variable Report,656,ZA3509
v580,,P7 REGION I - UNITED KINGDOM,,P7 REGION I - UNITED KINGDOM,GESIS Variable Report,657,ZA3509
v581,,P7 REGION I - GREECE,,P7 REGION I - GREECE,GESIS Variable Report,659,ZA3509
v582,,P7 REGION I - SPAIN,,P7 REGION I - SPAIN,GESIS Variable Report,660,ZA3509
v583,,P7 REGION I - PORTUGAL,,P7 REGION I - PORTUGAL,GESIS Variable Report,662,ZA3509
v584,,P7 REGION I - FINLAND,,P7 REGION I - FINLAND,GESIS Variable Report,663,ZA3509
v585,,P7 REGION I - SWEDEN,,P7 REGION I - SWEDEN,GESIS Variable Report,665,ZA3509
v586,,P7 REGION I - AUSTRIA,,P7 REGION I - AUSTRIA,GESIS Variable Report,666,ZA3509
v587,,P7 REGION II - FRANCE,,P7 REGION II - FRANCE,GESIS Variable Report,667,ZA3509
v588,,P7 REGION II - BELGIUM,,P7 REGION II - BELGIUM,GESIS Variable Report,668,ZA3509
v589,,P7 REGION II - NETHERLANDS,,P7 REGION II - NETHERLANDS,GESIS Variable Report,669,ZA3509
v590,,P7 REGION II - GERMANY,,P7 REGION II - GERMANY,GESIS Variable Report,670,ZA3509
v591,,P7 REGION II - ITALY,,P7 REGION II - ITALY,GESIS Variable Report,672,ZA3509
v592,,P7 REGION II - IRELAND,,P7 REGION II - IRELAND,GESIS Variable Report,673,ZA3509
v593,,P7 REGION II - UNITED KINGDOM,,P7 REGION II - UNITED KINGDOM,GESIS Variable Report,674,ZA3509
v594,,P7 REGION II - GREECE,,P7 REGION II - GREECE,GESIS Variable Report,675,ZA3509
v595,,P7 REGION II - SPAIN,,P7 REGION II - SPAIN,GESIS Variable Report,676,ZA3509
v596,,P7 REGION II - SPAIN (7 CATEGORIES),,P7 REGION II - SPAIN (7 CATEGORIES),GESIS Variable Report,677,ZA3509
v597,,P7 REGION II - FINLAND,,P7 REGION II - FINLAND,GESIS Variable Report,678,ZA3509
v598,,P7 REGION II - AUSTRIA,,P7 REGION II - AUSTRIA,GESIS Variable Report,679,ZA3509
v599,v599 1 2 N Sum N Valid Sum,P12 TELEPHONE AVAILABLE IN HH,isocntry AT 902 (88.5) 117 (11.5) 1019 1019 BE 904 (85.4) 154 (14.6) 1058 1058 DE-E 878 (85.6) 148 (14.4) 1026 1026 DE-W 935 (92.4) 77 (7.6) 1012 1012 DK 994 (99.4) 6 (0.6) 1000 1000 ES 864 (86.4) 136 (13.6) 1000 1000 FI 990 (96.9) 32 (3.1) 1022 1022 FR 972 (96.8) 32 (3.2) 1004 1004 GB-GBN 895 (89.5) 105 (10.5) 1000 1000 GB-NIR 284 (93.4) 20 (6.6) 304 304 GR 937 (93.3) 67 (6.7) 1004 1004 IE 857 (85.2) 149 (14.8) 1006 1006 IT 819 (82.3) 176 (17.7) 995 995 LU 602 (97.3) 17 (2.7) 619 619 NL 1017 (95.9) 44 (4.1) 1061 1061 PT 717 (71.7) 283 (28.3) 1000 1000 SE 986 (98.6) 14 (1.4) 1000 1000 N Sum 14553 1577 16130 N Valid Sum 14553 1577 16130 printed 24.01.2012 page 654 Eurobarometer 55.2 - May-June 2001,isocntry AT 902 (88.5) 117 (11.5) 1019 1019 BE 904 (85.4) 154 (14.6) 1058 1058 DE-E 878 (85.6) 148 (14.4) 1026 1026 DE-W 935 (92.4) 77 (7.6) 1012 1012 DK 994 (99.4) 6 (0.6) 1000 1000 ES 864 (86.4) 136 (13.6) 1000 1000 FI 990 (96.9) 32 (3.1) 1022 1022 FR 972 (96.8) 32 (3.2) 1004 1004 GB-GBN 895 (89.5) 105 (10.5) 1000 1000 GB-NIR 284 (93.4) 20 (6.6) 304 304 GR 937 (93.3) 67 (6.7) 1004 1004 IE 857 (85.2) 149 (14.8) 1006 1006 IT 819 (82.3) 176 (17.7) 995 995 LU 602 (97.3) 17 (2.7) 619 619 NL 1017 (95.9) 44 (4.1) 1061 1061 PT 717 (71.7) 283 (28.3) 1000 1000 SE 986 (98.6) 14 (1.4) 1000 1000 N Sum 14553 1577 16130 N Valid Sum 14553 1577 16130 printed 24.01.2012 page 654 Eurobarometer 55.2 - May-June 2001,GESIS Variable Report,680,ZA3509
v600,v600,P13 LANGUAGE OF INTERVIEW - BELGIUM,Value Label Missing Count Percent Valid Percent,Value Label Missing Count Percent Valid Percent,GESIS Variable Report,681,ZA3509
v601,v601,P13 LANGUAGE OF INTERVIEW - LUXEMBOURG,Value Label Missing Count Percent Valid Percent,Value Label Missing Count Percent Valid Percent,GESIS Variable Report,682,ZA3509
v602,v602,P13 LANGUAGE OF INTERVIEW - FINLAND,Value Label Missing Count Percent Valid Percent,Value Label Missing Count Percent Valid Percent,GESIS Variable Report,683,ZA3509
v603,,C4 SOCIO PROFESSIONAL STATUS,,C4 SOCIO PROFESSIONAL STATUS,GESIS Variable Report,684,ZA3509
v604,,C14 RESPONDENT OCCUPATION SCALE,,C14 RESPONDENT OCCUPATION SCALE,GESIS Variable Report,686,ZA3509
v605,v605,SPLIT: EURO/NON-EURO COUNTRIES (GREECE NON-EURO),Value Label Missing Count Percent Valid Percent,Value Label Missing Count Percent Valid Percent,GESIS Variable Report,687,ZA3509
v606,v606,SPLIT: EURO/NON-EURO COUNTRIES (GREECE EURO),Value Label Missing Count Percent Valid Percent,Value Label Missing Count Percent Valid Percent,GESIS Variable Report,688,ZA3509
