variable,question_number,variable_label,question_text,question_text_filled,source,source_page,za_id
v4,v4,EUROBAROMETER NUMBER,Value Label Missing Count Percent Valid Percent,Value Label Missing Count Percent Valid Percent,GESIS Variable Report,31,ZA3886
v6,,NATION I (UNITED KINGDOM),,NATION I (UNITED KINGDOM),GESIS Variable Report,34,ZA3886
v8,,NATION II (GB AND NORTHERN IRELAND),,NATION II (GB AND NORTHERN IRELAND),GESIS Variable Report,37,ZA3886
v10,,NATION III (UNITED GERMANY),,NATION III (UNITED GERMANY),GESIS Variable Report,40,ZA3886
v12,,NATION IV (UK + UNITED GERMANY),,NATION IV (UK + UNITED GERMANY),GESIS Variable Report,43,ZA3886
v23,v23 0 1 N Sum N Valid Sum,Q1 NATIONALITY BELGIUM,isocntry AT 1022 (99.9) 1 (0.1) 1023 1023 BE 48 (4.3) 1062 (95.7) 1110 1110 DE-E 1020 (100.0) 1020 1020 DE-W 1022 (100.0) 1022 1022 DK 1000 (100.0) 1000 1000 ES 999 (99.9) 1 (0.1) 1000 1000 FI 1023 (99.9) 1 (0.1) 1024 1024 FR 1035 (99.8) 2 (0.2) 1037 1037 GB-GBN 1006 (99.6) 4 (0.4) 1010 1010 GB-NIR 302 (100.0) 302 302 GR 1002 (99.9) 1 (0.1) 1003 1003 IE 1011 (99.8) 2 (0.2) 1013 1013 IT 1027 (100.0) 1027 1027 LU 587 (97.5) 15 (2.5) 602 602 NL 1034 (99.9) 1 (0.1) 1035 1035 PT 1002 (100.0) 1002 1002 SE 998 (99.8) 2 (0.2) 1000 1000 N Sum 15138 1092 16230 N Valid Sum 15138 1092 16230 printed 25.01.2012 page 28 Eurobarometer 58.2 - October-December 2002,isocntry AT 1022 (99.9) 1 (0.1) 1023 1023 BE 48 (4.3) 1062 (95.7) 1110 1110 DE-E 1020 (100.0) 1020 1020 DE-W 1022 (100.0) 1022 1022 DK 1000 (100.0) 1000 1000 ES 999 (99.9) 1 (0.1) 1000 1000 FI 1023 (99.9) 1 (0.1) 1024 1024 FR 1035 (99.8) 2 (0.2) 1037 1037 GB-GBN 1006 (99.6) 4 (0.4) 1010 1010 GB-NIR 302 (100.0) 302 302 GR 1002 (99.9) 1 (0.1) 1003 1003 IE 1011 (99.8) 2 (0.2) 1013 1013 IT 1027 (100.0) 1027 1027 LU 587 (97.5) 15 (2.5) 602 602 NL 1034 (99.9) 1 (0.1) 1035 1035 PT 1002 (100.0) 1002 1002 SE 998 (99.8) 2 (0.2) 1000 1000 N Sum 15138 1092 16230 N Valid Sum 15138 1092 16230 printed 25.01.2012 page 28 Eurobarometer 58.2 - October-December 2002,GESIS Variable Report,54,ZA3886
v24,v24 0 1 N Sum N Valid Sum,Q1 NATIONALITY DENMARK,isocntry AT 1023 (100.0) 1023 1023 BE 1110 (100.0) 1110 1110 DE-E 1019 (99.9) 1 (0.1) 1020 1020 DE-W 1020 (99.8) 2 (0.2) 1022 1022 DK 5 (0.5) 995 (99.5) 1000 1000 ES 1000 (100.0) 1000 1000 FI 1023 (99.9) 1 (0.1) 1024 1024 FR 1037 (100.0) 1037 1037 GB-GBN 1010 (100.0) 1010 1010 GB-NIR 302 (100.0) 302 302 GR 1003 (100.0) 1003 1003 IE 1011 (99.8) 2 (0.2) 1013 1013 IT 1027 (100.0) 1027 1027 LU 601 (99.8) 1 (0.2) 602 602 NL 1035 (100.0) 1035 1035 PT 1002 (100.0) 1002 1002 SE 992 (99.2) 8 (0.8) 1000 1000 N Sum 15220 1010 16230 N Valid Sum 15220 1010 16230 printed 25.01.2012 page 29 Eurobarometer 58.2 - October-December 2002,isocntry AT 1023 (100.0) 1023 1023 BE 1110 (100.0) 1110 1110 DE-E 1019 (99.9) 1 (0.1) 1020 1020 DE-W 1020 (99.8) 2 (0.2) 1022 1022 DK 5 (0.5) 995 (99.5) 1000 1000 ES 1000 (100.0) 1000 1000 FI 1023 (99.9) 1 (0.1) 1024 1024 FR 1037 (100.0) 1037 1037 GB-GBN 1010 (100.0) 1010 1010 GB-NIR 302 (100.0) 302 302 GR 1003 (100.0) 1003 1003 IE 1011 (99.8) 2 (0.2) 1013 1013 IT 1027 (100.0) 1027 1027 LU 601 (99.8) 1 (0.2) 602 602 NL 1035 (100.0) 1035 1035 PT 1002 (100.0) 1002 1002 SE 992 (99.2) 8 (0.8) 1000 1000 N Sum 15220 1010 16230 N Valid Sum 15220 1010 16230 printed 25.01.2012 page 29 Eurobarometer 58.2 - October-December 2002,GESIS Variable Report,55,ZA3886
v25,v25 0 1 N Sum N Valid Sum,Q1 NATIONALITY GERMANY,isocntry AT 1021 (99.8) 2 (0.2) 1023 1023 BE 1108 (99.8) 2 (0.2) 1110 1110 DE-E 3 (0.3) 1017 (99.7) 1020 1020 DE-W 17 (1.7) 1005 (98.3) 1022 1022 DK 1000 (100.0) 1000 1000 ES 1000 (100.0) 1000 1000 FI 1023 (99.9) 1 (0.1) 1024 1024 FR 1036 (99.9) 1 (0.1) 1037 1037 GB-GBN 1010 (100.0) 1010 1010 GB-NIR 302 (100.0) 302 302 GR 1000 (99.7) 3 (0.3) 1003 1003 IE 1012 (99.9) 1 (0.1) 1013 1013 IT 1027 (100.0) 1027 1027 LU 586 (97.3) 16 (2.7) 602 602 NL 1028 (99.3) 7 (0.7) 1035 1035 PT 1001 (99.9) 1 (0.1) 1002 1002 SE 993 (99.3) 7 (0.7) 1000 1000 N Sum 14167 2063 16230 N Valid Sum 14167 2063 16230 printed 25.01.2012 page 30 Eurobarometer 58.2 - October-December 2002,isocntry AT 1021 (99.8) 2 (0.2) 1023 1023 BE 1108 (99.8) 2 (0.2) 1110 1110 DE-E 3 (0.3) 1017 (99.7) 1020 1020 DE-W 17 (1.7) 1005 (98.3) 1022 1022 DK 1000 (100.0) 1000 1000 ES 1000 (100.0) 1000 1000 FI 1023 (99.9) 1 (0.1) 1024 1024 FR 1036 (99.9) 1 (0.1) 1037 1037 GB-GBN 1010 (100.0) 1010 1010 GB-NIR 302 (100.0) 302 302 GR 1000 (99.7) 3 (0.3) 1003 1003 IE 1012 (99.9) 1 (0.1) 1013 1013 IT 1027 (100.0) 1027 1027 LU 586 (97.3) 16 (2.7) 602 602 NL 1028 (99.3) 7 (0.7) 1035 1035 PT 1001 (99.9) 1 (0.1) 1002 1002 SE 993 (99.3) 7 (0.7) 1000 1000 N Sum 14167 2063 16230 N Valid Sum 14167 2063 16230 printed 25.01.2012 page 30 Eurobarometer 58.2 - October-December 2002,GESIS Variable Report,56,ZA3886
v26,v26 0 1 N Sum N Valid Sum,Q1 NATIONALITY GREECE,isocntry AT 1023 (100.0) 1023 1023 BE 1108 (99.8) 2 (0.2) 1110 1110 DE-E 1017 (99.7) 3 (0.3) 1020 1020 DE-W 1018 (99.6) 4 (0.4) 1022 1022 DK 1000 (100.0) 1000 1000 ES 1000 (100.0) 1000 1000 FI 1023 (99.9) 1 (0.1) 1024 1024 FR 1037 (100.0) 1037 1037 GB-GBN 1009 (99.9) 1 (0.1) 1010 1010 GB-NIR 302 (100.0) 302 302 GR 5 (0.5) 998 (99.5) 1003 1003 IE 1011 (99.8) 2 (0.2) 1013 1013 IT 1027 (100.0) 1027 1027 LU 600 (99.7) 2 (0.3) 602 602 NL 1034 (99.9) 1 (0.1) 1035 1035 PT 1002 (100.0) 1002 1002 SE 999 (99.9) 1 (0.1) 1000 1000 N Sum 15215 1015 16230 N Valid Sum 15215 1015 16230 printed 25.01.2012 page 31 Eurobarometer 58.2 - October-December 2002,isocntry AT 1023 (100.0) 1023 1023 BE 1108 (99.8) 2 (0.2) 1110 1110 DE-E 1017 (99.7) 3 (0.3) 1020 1020 DE-W 1018 (99.6) 4 (0.4) 1022 1022 DK 1000 (100.0) 1000 1000 ES 1000 (100.0) 1000 1000 FI 1023 (99.9) 1 (0.1) 1024 1024 FR 1037 (100.0) 1037 1037 GB-GBN 1009 (99.9) 1 (0.1) 1010 1010 GB-NIR 302 (100.0) 302 302 GR 5 (0.5) 998 (99.5) 1003 1003 IE 1011 (99.8) 2 (0.2) 1013 1013 IT 1027 (100.0) 1027 1027 LU 600 (99.7) 2 (0.3) 602 602 NL 1034 (99.9) 1 (0.1) 1035 1035 PT 1002 (100.0) 1002 1002 SE 999 (99.9) 1 (0.1) 1000 1000 N Sum 15215 1015 16230 N Valid Sum 15215 1015 16230 printed 25.01.2012 page 31 Eurobarometer 58.2 - October-December 2002,GESIS Variable Report,57,ZA3886
v27,v27 0 1 N Sum N Valid Sum,Q1 NATIONALITY SPAIN,isocntry AT 1023 (100.0) 1023 1023 BE 1106 (99.6) 4 (0.4) 1110 1110 DE-E 1019 (99.9) 1 (0.1) 1020 1020 DE-W 1022 (100.0) 1022 1022 DK 1000 (100.0) 1000 1000 ES 7 (0.7) 993 (99.3) 1000 1000 FI 1024 (100.0) 1024 1024 FR 1028 (99.1) 9 (0.9) 1037 1037 GB-GBN 1010 (100.0) 1010 1010 GB-NIR 302 (100.0) 302 302 GR 1000 (99.7) 3 (0.3) 1003 1003 IE 1009 (99.6) 4 (0.4) 1013 1013 IT 1027 (100.0) 1027 1027 LU 601 (99.8) 1 (0.2) 602 602 NL 1034 (99.9) 1 (0.1) 1035 1035 PT 1001 (99.9) 1 (0.1) 1002 1002 SE 1000 (100.0) 1000 1000 N Sum 15213 1017 16230 N Valid Sum 15213 1017 16230 printed 25.01.2012 page 32 Eurobarometer 58.2 - October-December 2002,isocntry AT 1023 (100.0) 1023 1023 BE 1106 (99.6) 4 (0.4) 1110 1110 DE-E 1019 (99.9) 1 (0.1) 1020 1020 DE-W 1022 (100.0) 1022 1022 DK 1000 (100.0) 1000 1000 ES 7 (0.7) 993 (99.3) 1000 1000 FI 1024 (100.0) 1024 1024 FR 1028 (99.1) 9 (0.9) 1037 1037 GB-GBN 1010 (100.0) 1010 1010 GB-NIR 302 (100.0) 302 302 GR 1000 (99.7) 3 (0.3) 1003 1003 IE 1009 (99.6) 4 (0.4) 1013 1013 IT 1027 (100.0) 1027 1027 LU 601 (99.8) 1 (0.2) 602 602 NL 1034 (99.9) 1 (0.1) 1035 1035 PT 1001 (99.9) 1 (0.1) 1002 1002 SE 1000 (100.0) 1000 1000 N Sum 15213 1017 16230 N Valid Sum 15213 1017 16230 printed 25.01.2012 page 32 Eurobarometer 58.2 - October-December 2002,GESIS Variable Report,58,ZA3886
v28,v28 0 1 N Sum N Valid Sum,Q1 NATIONALITY FRANCE,isocntry AT 1023 (100.0) 1023 1023 BE 1096 (98.7) 14 (1.3) 1110 1110 DE-E 1020 (100.0) 1020 1020 DE-W 1019 (99.7) 3 (0.3) 1022 1022 DK 998 (99.8) 2 (0.2) 1000 1000 ES 998 (99.8) 2 (0.2) 1000 1000 FI 1024 (100.0) 1024 1024 FR 13 (1.3) 1024 (98.7) 1037 1037 GB-GBN 1009 (99.9) 1 (0.1) 1010 1010 GB-NIR 302 (100.0) 302 302 GR 1003 (100.0) 1003 1003 IE 1012 (99.9) 1 (0.1) 1013 1013 IT 1027 (100.0) 1027 1027 LU 577 (95.8) 25 (4.2) 602 602 NL 1035 (100.0) 1035 1035 PT 1001 (99.9) 1 (0.1) 1002 1002 SE 1000 (100.0) 1000 1000 N Sum 15157 1073 16230 N Valid Sum 15157 1073 16230 printed 25.01.2012 page 33 Eurobarometer 58.2 - October-December 2002,isocntry AT 1023 (100.0) 1023 1023 BE 1096 (98.7) 14 (1.3) 1110 1110 DE-E 1020 (100.0) 1020 1020 DE-W 1019 (99.7) 3 (0.3) 1022 1022 DK 998 (99.8) 2 (0.2) 1000 1000 ES 998 (99.8) 2 (0.2) 1000 1000 FI 1024 (100.0) 1024 1024 FR 13 (1.3) 1024 (98.7) 1037 1037 GB-GBN 1009 (99.9) 1 (0.1) 1010 1010 GB-NIR 302 (100.0) 302 302 GR 1003 (100.0) 1003 1003 IE 1012 (99.9) 1 (0.1) 1013 1013 IT 1027 (100.0) 1027 1027 LU 577 (95.8) 25 (4.2) 602 602 NL 1035 (100.0) 1035 1035 PT 1001 (99.9) 1 (0.1) 1002 1002 SE 1000 (100.0) 1000 1000 N Sum 15157 1073 16230 N Valid Sum 15157 1073 16230 printed 25.01.2012 page 33 Eurobarometer 58.2 - October-December 2002,GESIS Variable Report,59,ZA3886
v29,v29 0 1 N Sum N Valid Sum,Q1 NATIONALITY IRELAND,isocntry AT 1023 (100.0) 1023 1023 BE 1110 (100.0) 1110 1110 DE-E 1020 (100.0) 1020 1020 DE-W 1021 (99.9) 1 (0.1) 1022 1022 DK 1000 (100.0) 1000 1000 ES 1000 (100.0) 1000 1000 FI 1022 (99.8) 2 (0.2) 1024 1024 FR 1037 (100.0) 1037 1037 GB-GBN 1010 (100.0) 1010 1010 GB-NIR 263 (87.1) 39 (12.9) 302 302 GR 1002 (99.9) 1 (0.1) 1003 1003 IE 21 (2.1) 992 (97.9) 1013 1013 IT 1027 (100.0) 1027 1027 LU 602 (100.0) 602 602 NL 1035 (100.0) 1035 1035 PT 1002 (100.0) 1002 1002 SE 1000 (100.0) 1000 1000 N Sum 15195 1035 16230 N Valid Sum 15195 1035 16230 printed 25.01.2012 page 34 Eurobarometer 58.2 - October-December 2002,isocntry AT 1023 (100.0) 1023 1023 BE 1110 (100.0) 1110 1110 DE-E 1020 (100.0) 1020 1020 DE-W 1021 (99.9) 1 (0.1) 1022 1022 DK 1000 (100.0) 1000 1000 ES 1000 (100.0) 1000 1000 FI 1022 (99.8) 2 (0.2) 1024 1024 FR 1037 (100.0) 1037 1037 GB-GBN 1010 (100.0) 1010 1010 GB-NIR 263 (87.1) 39 (12.9) 302 302 GR 1002 (99.9) 1 (0.1) 1003 1003 IE 21 (2.1) 992 (97.9) 1013 1013 IT 1027 (100.0) 1027 1027 LU 602 (100.0) 602 602 NL 1035 (100.0) 1035 1035 PT 1002 (100.0) 1002 1002 SE 1000 (100.0) 1000 1000 N Sum 15195 1035 16230 N Valid Sum 15195 1035 16230 printed 25.01.2012 page 34 Eurobarometer 58.2 - October-December 2002,GESIS Variable Report,60,ZA3886
v30,v30 0 1 N Sum N Valid Sum,Q1 NATIONALITY ITALY,isocntry AT 1023 (100.0) 1023 1023 BE 1092 (98.4) 18 (1.6) 1110 1110 DE-E 1020 (100.0) 1020 1020 DE-W 1017 (99.5) 5 (0.5) 1022 1022 DK 1000 (100.0) 1000 1000 ES 998 (99.8) 2 (0.2) 1000 1000 FI 1024 (100.0) 1024 1024 FR 1035 (99.8) 2 (0.2) 1037 1037 GB-GBN 1010 (100.0) 1010 1010 GB-NIR 302 (100.0) 302 302 GR 1003 (100.0) 1003 1003 IE 1011 (99.8) 2 (0.2) 1013 1013 IT 1027 (100.0) 1027 1027 LU 581 (96.5) 21 (3.5) 602 602 NL 1034 (99.9) 1 (0.1) 1035 1035 PT 1001 (99.9) 1 (0.1) 1002 1002 SE 1000 (100.0) 1000 1000 N Sum 15151 1079 16230 N Valid Sum 15151 1079 16230 printed 25.01.2012 page 35 Eurobarometer 58.2 - October-December 2002,isocntry AT 1023 (100.0) 1023 1023 BE 1092 (98.4) 18 (1.6) 1110 1110 DE-E 1020 (100.0) 1020 1020 DE-W 1017 (99.5) 5 (0.5) 1022 1022 DK 1000 (100.0) 1000 1000 ES 998 (99.8) 2 (0.2) 1000 1000 FI 1024 (100.0) 1024 1024 FR 1035 (99.8) 2 (0.2) 1037 1037 GB-GBN 1010 (100.0) 1010 1010 GB-NIR 302 (100.0) 302 302 GR 1003 (100.0) 1003 1003 IE 1011 (99.8) 2 (0.2) 1013 1013 IT 1027 (100.0) 1027 1027 LU 581 (96.5) 21 (3.5) 602 602 NL 1034 (99.9) 1 (0.1) 1035 1035 PT 1001 (99.9) 1 (0.1) 1002 1002 SE 1000 (100.0) 1000 1000 N Sum 15151 1079 16230 N Valid Sum 15151 1079 16230 printed 25.01.2012 page 35 Eurobarometer 58.2 - October-December 2002,GESIS Variable Report,61,ZA3886
v31,v31 0 1 N Sum N Valid Sum,Q1 NATIONALITY LUXEMBOURG,isocntry AT 1023 (100.0) 1023 1023 BE 1109 (99.9) 1 (0.1) 1110 1110 DE-E 1020 (100.0) 1020 1020 DE-W 1022 (100.0) 1022 1022 DK 999 (99.9) 1 (0.1) 1000 1000 ES 1000 (100.0) 1000 1000 FI 1022 (99.8) 2 (0.2) 1024 1024 FR 1037 (100.0) 1037 1037 GB-GBN 1010 (100.0) 1010 1010 GB-NIR 302 (100.0) 302 302 GR 1003 (100.0) 1003 1003 IE 1012 (99.9) 1 (0.1) 1013 1013 IT 1027 (100.0) 1027 1027 LU 150 (24.9) 452 (75.1) 602 602 NL 1034 (99.9) 1 (0.1) 1035 1035 PT 1002 (100.0) 1002 1002 SE 1000 (100.0) 1000 1000 N Sum 15772 458 16230 N Valid Sum 15772 458 16230 printed 25.01.2012 page 36 Eurobarometer 58.2 - October-December 2002,isocntry AT 1023 (100.0) 1023 1023 BE 1109 (99.9) 1 (0.1) 1110 1110 DE-E 1020 (100.0) 1020 1020 DE-W 1022 (100.0) 1022 1022 DK 999 (99.9) 1 (0.1) 1000 1000 ES 1000 (100.0) 1000 1000 FI 1022 (99.8) 2 (0.2) 1024 1024 FR 1037 (100.0) 1037 1037 GB-GBN 1010 (100.0) 1010 1010 GB-NIR 302 (100.0) 302 302 GR 1003 (100.0) 1003 1003 IE 1012 (99.9) 1 (0.1) 1013 1013 IT 1027 (100.0) 1027 1027 LU 150 (24.9) 452 (75.1) 602 602 NL 1034 (99.9) 1 (0.1) 1035 1035 PT 1002 (100.0) 1002 1002 SE 1000 (100.0) 1000 1000 N Sum 15772 458 16230 N Valid Sum 15772 458 16230 printed 25.01.2012 page 36 Eurobarometer 58.2 - October-December 2002,GESIS Variable Report,62,ZA3886
v32,v32 0 1 N Sum N Valid Sum,Q1 NATIONALITY NETHERLANDS,isocntry AT 1023 (100.0) 1023 1023 BE 1102 (99.3) 8 (0.7) 1110 1110 DE-E 1020 (100.0) 1020 1020 DE-W 1021 (99.9) 1 (0.1) 1022 1022 DK 1000 (100.0) 1000 1000 ES 1000 (100.0) 1000 1000 FI 1022 (99.8) 2 (0.2) 1024 1024 FR 1037 (100.0) 0 (0.0) 1037 1037 GB-GBN 1010 (100.0) 0 (0.0) 1010 1010 GB-NIR 302 (100.0) 302 302 GR 1003 (100.0) 1003 1003 IE 1011 (99.8) 2 (0.2) 1013 1013 IT 1027 (100.0) 1027 1027 LU 596 (99.0) 6 (1.0) 602 602 NL 15 (1.4) 1020 (98.6) 1035 1035 PT 1002 (100.0) 1002 1002 SE 1000 (100.0) 1000 1000 N Sum 15191 1039 16230 N Valid Sum 15191 1039 16230 printed 25.01.2012 page 37 Eurobarometer 58.2 - October-December 2002,isocntry AT 1023 (100.0) 1023 1023 BE 1102 (99.3) 8 (0.7) 1110 1110 DE-E 1020 (100.0) 1020 1020 DE-W 1021 (99.9) 1 (0.1) 1022 1022 DK 1000 (100.0) 1000 1000 ES 1000 (100.0) 1000 1000 FI 1022 (99.8) 2 (0.2) 1024 1024 FR 1037 (100.0) 0 (0.0) 1037 1037 GB-GBN 1010 (100.0) 0 (0.0) 1010 1010 GB-NIR 302 (100.0) 302 302 GR 1003 (100.0) 1003 1003 IE 1011 (99.8) 2 (0.2) 1013 1013 IT 1027 (100.0) 1027 1027 LU 596 (99.0) 6 (1.0) 602 602 NL 15 (1.4) 1020 (98.6) 1035 1035 PT 1002 (100.0) 1002 1002 SE 1000 (100.0) 1000 1000 N Sum 15191 1039 16230 N Valid Sum 15191 1039 16230 printed 25.01.2012 page 37 Eurobarometer 58.2 - October-December 2002,GESIS Variable Report,63,ZA3886
v33,v33 0 1 N Sum N Valid Sum,Q1 NATIONALITY PORTUGAL,isocntry AT 1023 (100.0) 1023 1023 BE 1108 (99.8) 2 (0.2) 1110 1110 DE-E 1020 (100.0) 1020 1020 DE-W 1021 (99.9) 1 (0.1) 1022 1022 DK 1000 (100.0) 1000 1000 ES 1000 (100.0) 1000 1000 FI 1024 (100.0) 1024 1024 FR 1036 (99.9) 1 (0.1) 1037 1037 GB-GBN 1010 (100.0) 1010 1010 GB-NIR 302 (100.0) 302 302 GR 1003 (100.0) 1003 1003 IE 1012 (99.9) 1 (0.1) 1013 1013 IT 1027 (100.0) 1027 1027 LU 545 (90.5) 57 (9.5) 602 602 NL 1034 (99.9) 1 (0.1) 1035 1035 PT 2 (0.2) 1000 (99.8) 1002 1002 SE 999 (99.9) 1 (0.1) 1000 1000 N Sum 15166 1064 16230 N Valid Sum 15166 1064 16230 printed 25.01.2012 page 38 Eurobarometer 58.2 - October-December 2002,isocntry AT 1023 (100.0) 1023 1023 BE 1108 (99.8) 2 (0.2) 1110 1110 DE-E 1020 (100.0) 1020 1020 DE-W 1021 (99.9) 1 (0.1) 1022 1022 DK 1000 (100.0) 1000 1000 ES 1000 (100.0) 1000 1000 FI 1024 (100.0) 1024 1024 FR 1036 (99.9) 1 (0.1) 1037 1037 GB-GBN 1010 (100.0) 1010 1010 GB-NIR 302 (100.0) 302 302 GR 1003 (100.0) 1003 1003 IE 1012 (99.9) 1 (0.1) 1013 1013 IT 1027 (100.0) 1027 1027 LU 545 (90.5) 57 (9.5) 602 602 NL 1034 (99.9) 1 (0.1) 1035 1035 PT 2 (0.2) 1000 (99.8) 1002 1002 SE 999 (99.9) 1 (0.1) 1000 1000 N Sum 15166 1064 16230 N Valid Sum 15166 1064 16230 printed 25.01.2012 page 38 Eurobarometer 58.2 - October-December 2002,GESIS Variable Report,64,ZA3886
v34,v34 0 1 N Sum N Valid Sum,Q1 NATIONALITY UNITED KINGDOM,isocntry AT 1021 (99.8) 2 (0.2) 1023 1023 BE 1108 (99.8) 2 (0.2) 1110 1110 DE-E 1019 (99.9) 1 (0.1) 1020 1020 DE-W 1022 (100.0) 1022 1022 DK 998 (99.8) 2 (0.2) 1000 1000 ES 998 (99.8) 2 (0.2) 1000 1000 FI 1023 (99.9) 1 (0.1) 1024 1024 FR 1036 (99.9) 1 (0.1) 1037 1037 GB-GBN 7 (0.7) 1003 (99.3) 1010 1010 GB-NIR 37 (12.3) 265 (87.7) 302 302 GR 1002 (99.9) 1 (0.1) 1003 1003 IE 1005 (99.2) 8 (0.8) 1013 1013 IT 1027 (100.0) 1027 1027 LU 596 (99.0) 6 (1.0) 602 602 NL 1031 (99.6) 4 (0.4) 1035 1035 PT 1002 (100.0) 1002 1002 SE 998 (99.8) 2 (0.2) 1000 1000 N Sum 14930 1300 16230 N Valid Sum 14930 1300 16230 printed 25.01.2012 page 39 Eurobarometer 58.2 - October-December 2002,isocntry AT 1021 (99.8) 2 (0.2) 1023 1023 BE 1108 (99.8) 2 (0.2) 1110 1110 DE-E 1019 (99.9) 1 (0.1) 1020 1020 DE-W 1022 (100.0) 1022 1022 DK 998 (99.8) 2 (0.2) 1000 1000 ES 998 (99.8) 2 (0.2) 1000 1000 FI 1023 (99.9) 1 (0.1) 1024 1024 FR 1036 (99.9) 1 (0.1) 1037 1037 GB-GBN 7 (0.7) 1003 (99.3) 1010 1010 GB-NIR 37 (12.3) 265 (87.7) 302 302 GR 1002 (99.9) 1 (0.1) 1003 1003 IE 1005 (99.2) 8 (0.8) 1013 1013 IT 1027 (100.0) 1027 1027 LU 596 (99.0) 6 (1.0) 602 602 NL 1031 (99.6) 4 (0.4) 1035 1035 PT 1002 (100.0) 1002 1002 SE 998 (99.8) 2 (0.2) 1000 1000 N Sum 14930 1300 16230 N Valid Sum 14930 1300 16230 printed 25.01.2012 page 39 Eurobarometer 58.2 - October-December 2002,GESIS Variable Report,65,ZA3886
v35,v35 0 1 N Sum N Valid Sum,Q1 NATIONALITY AUSTRIA,isocntry AT 7 (0.7) 1016 (99.3) 1023 1023 BE 1110 (100.0) 1110 1110 DE-E 1020 (100.0) 1020 1020 DE-W 1020 (99.8) 2 (0.2) 1022 1022 DK 1000 (100.0) 1000 1000 ES 1000 (100.0) 1000 1000 FI 1023 (99.9) 1 (0.1) 1024 1024 FR 1037 (100.0) 1037 1037 GB-GBN 1007 (99.7) 3 (0.3) 1010 1010 GB-NIR 302 (100.0) 302 302 GR 1003 (100.0) 1003 1003 IE 1013 (100.0) 1013 1013 IT 1027 (100.0) 1027 1027 LU 601 (99.8) 1 (0.2) 602 602 NL 1034 (99.9) 1 (0.1) 1035 1035 PT 1002 (100.0) 1002 1002 SE 1000 (100.0) 1000 1000 N Sum 15206 1024 16230 N Valid Sum 15206 1024 16230 printed 25.01.2012 page 40 Eurobarometer 58.2 - October-December 2002,isocntry AT 7 (0.7) 1016 (99.3) 1023 1023 BE 1110 (100.0) 1110 1110 DE-E 1020 (100.0) 1020 1020 DE-W 1020 (99.8) 2 (0.2) 1022 1022 DK 1000 (100.0) 1000 1000 ES 1000 (100.0) 1000 1000 FI 1023 (99.9) 1 (0.1) 1024 1024 FR 1037 (100.0) 1037 1037 GB-GBN 1007 (99.7) 3 (0.3) 1010 1010 GB-NIR 302 (100.0) 302 302 GR 1003 (100.0) 1003 1003 IE 1013 (100.0) 1013 1013 IT 1027 (100.0) 1027 1027 LU 601 (99.8) 1 (0.2) 602 602 NL 1034 (99.9) 1 (0.1) 1035 1035 PT 1002 (100.0) 1002 1002 SE 1000 (100.0) 1000 1000 N Sum 15206 1024 16230 N Valid Sum 15206 1024 16230 printed 25.01.2012 page 40 Eurobarometer 58.2 - October-December 2002,GESIS Variable Report,66,ZA3886
v36,v36 0 1 N Sum N Valid Sum,Q1 NATIONALITY SWEDEN,isocntry AT 1021 (99.8) 2 (0.2) 1023 1023 BE 1110 (100.0) 1110 1110 DE-E 1020 (100.0) 1020 1020 DE-W 1022 (100.0) 1022 1022 DK 998 (99.8) 2 (0.2) 1000 1000 ES 1000 (100.0) 1000 1000 FI 1021 (99.7) 3 (0.3) 1024 1024 FR 1037 (100.0) 1037 1037 GB-GBN 1010 (100.0) 1010 1010 GB-NIR 302 (100.0) 302 302 GR 1002 (99.9) 1 (0.1) 1003 1003 IE 1013 (100.0) 1013 1013 IT 1027 (100.0) 1027 1027 LU 602 (100.0) 0 (0.0) 602 602 NL 1035 (100.0) 1035 1035 PT 1002 (100.0) 1002 1002 SE 19 (1.9) 981 (98.1) 1000 1000 N Sum 15241 989 16230 N Valid Sum 15241 989 16230 printed 25.01.2012 page 41 Eurobarometer 58.2 - October-December 2002,isocntry AT 1021 (99.8) 2 (0.2) 1023 1023 BE 1110 (100.0) 1110 1110 DE-E 1020 (100.0) 1020 1020 DE-W 1022 (100.0) 1022 1022 DK 998 (99.8) 2 (0.2) 1000 1000 ES 1000 (100.0) 1000 1000 FI 1021 (99.7) 3 (0.3) 1024 1024 FR 1037 (100.0) 1037 1037 GB-GBN 1010 (100.0) 1010 1010 GB-NIR 302 (100.0) 302 302 GR 1002 (99.9) 1 (0.1) 1003 1003 IE 1013 (100.0) 1013 1013 IT 1027 (100.0) 1027 1027 LU 602 (100.0) 0 (0.0) 602 602 NL 1035 (100.0) 1035 1035 PT 1002 (100.0) 1002 1002 SE 19 (1.9) 981 (98.1) 1000 1000 N Sum 15241 989 16230 N Valid Sum 15241 989 16230 printed 25.01.2012 page 41 Eurobarometer 58.2 - October-December 2002,GESIS Variable Report,67,ZA3886
v37,v37 0 1 N Sum N Valid Sum,Q1 NATIONALITY FINLAND,isocntry AT 1023 (100.0) 1023 1023 BE 1110 (100.0) 1110 1110 DE-E 1020 (100.0) 1020 1020 DE-W 1021 (99.9) 1 (0.1) 1022 1022 DK 1000 (100.0) 1000 1000 ES 1000 (100.0) 1000 1000 FI 3 (0.3) 1021 (99.7) 1024 1024 FR 1037 (100.0) 1037 1037 GB-GBN 1010 (100.0) 1010 1010 GB-NIR 302 (100.0) 302 302 GR 1003 (100.0) 1003 1003 IE 1013 (100.0) 1013 1013 IT 1027 (100.0) 1027 1027 LU 601 (99.8) 1 (0.2) 602 602 NL 1034 (99.9) 1 (0.1) 1035 1035 PT 1002 (100.0) 1002 1002 SE 991 (99.1) 9 (0.9) 1000 1000 N Sum 15197 1033 16230 N Valid Sum 15197 1033 16230 printed 25.01.2012 page 42 Eurobarometer 58.2 - October-December 2002,isocntry AT 1023 (100.0) 1023 1023 BE 1110 (100.0) 1110 1110 DE-E 1020 (100.0) 1020 1020 DE-W 1021 (99.9) 1 (0.1) 1022 1022 DK 1000 (100.0) 1000 1000 ES 1000 (100.0) 1000 1000 FI 3 (0.3) 1021 (99.7) 1024 1024 FR 1037 (100.0) 1037 1037 GB-GBN 1010 (100.0) 1010 1010 GB-NIR 302 (100.0) 302 302 GR 1003 (100.0) 1003 1003 IE 1013 (100.0) 1013 1013 IT 1027 (100.0) 1027 1027 LU 601 (99.8) 1 (0.2) 602 602 NL 1034 (99.9) 1 (0.1) 1035 1035 PT 1002 (100.0) 1002 1002 SE 991 (99.1) 9 (0.9) 1000 1000 N Sum 15197 1033 16230 N Valid Sum 15197 1033 16230 printed 25.01.2012 page 42 Eurobarometer 58.2 - October-December 2002,GESIS Variable Report,68,ZA3886
v38,,Q2 SMOKING HABITS: CIGARETTES PACKED,,Q2 SMOKING HABITS: CIGARETTES PACKED,GESIS Variable Report,69,ZA3886
v39,,Q2 SMOKING HABITS: CIGARETTES ROLLOWN,,Q2 SMOKING HABITS: CIGARETTES ROLLOWN,GESIS Variable Report,70,ZA3886
v40,,Q2 SMOKING HABITS: CIGARS OR A PIPE,,Q2 SMOKING HABITS: CIGARS OR A PIPE,GESIS Variable Report,71,ZA3886
v41,,Q2 SMOKING HABITS: SNIFF/CHEW TOBACCO,,Q2 SMOKING HABITS: SNIFF/CHEW TOBACCO,GESIS Variable Report,72,ZA3886
v42,,Q2 SMOKING HABITS: STOPPED,,Q2 SMOKING HABITS: STOPPED,GESIS Variable Report,73,ZA3886
v43,,Q2 SMOKING HABITS: NEVER SMOKED,,Q2 SMOKING HABITS: NEVER SMOKED,GESIS Variable Report,74,ZA3886
v44,,Q2 SMOKING HABITS: OTHERS,,Q2 SMOKING HABITS: OTHERS,GESIS Variable Report,75,ZA3886
v45,,Q2 SMOKING HABITS: DK,,Q2 SMOKING HABITS: DK,GESIS Variable Report,76,ZA3886
v46,,Q3 SMOKING HABITS - REGULARITY,,Q3 SMOKING HABITS - REGULARITY,GESIS Variable Report,77,ZA3886
v47,,Q4 SMOKING CIGARETTES - N PER DAY,,Q4 SMOKING CIGARETTES - N PER DAY,GESIS Variable Report,78,ZA3886
v48,,Q5A SMOKING PREF - LIGHT CIGARETTES,,Q5A SMOKING PREF - LIGHT CIGARETTES,GESIS Variable Report,80,ZA3886
v49,,Q5B SMOKING LIGHT - STRONG CIG BEFORE,,Q5B SMOKING LIGHT - STRONG CIG BEFORE,GESIS Variable Report,81,ZA3886
v50,v50 1 2 3 N Sum N Valid Sum,Q6 SMOKING LIGHT - LESS HARMFUL,isocntry M AT 208 (24.2) 650 (75.8) 165 1023 858 BE 195 (19.9) 784 (80.1) 131 1110 979 DE-E 193 (21.5) 705 (78.5) 122 1020 898 DE-W 214 (23.5) 696 (76.5) 112 1022 910 DK 158 (17.3) 753 (82.7) 89 1000 911 ES 230 (28.2) 586 (71.8) 184 1000 816 FI 163 (16.7) 814 (83.3) 47 1024 977 FR 181 (19.1) 766 (80.9) 90 1037 947 GB-GBN 305 (35.1) 563 (64.9) 142 1010 868 GB-NIR 79 (29.0) 193 (71.0) 30 302 272 GR 316 (36.1) 559 (63.9) 127 1002 875 IE 331 (39.4) 510 (60.6) 172 1013 841 IT 223 (24.5) 687 (75.5) 117 1027 910 LU 100 (17.9) 459 (82.1) 43 602 559 NL 185 (19.7) 756 (80.3) 94 1035 941 PT 189 (26.7) 518 (73.3) 294 1001 707 SE 235 (25.4) 690 (74.6) 75 1000 925 N Sum 3505 10689 2034 16228 N Valid Sum 3505 10689 14194 printed 25.01.2012 page 57 Eurobarometer 58.2 - October-December 2002,isocntry M AT 208 (24.2) 650 (75.8) 165 1023 858 BE 195 (19.9) 784 (80.1) 131 1110 979 DE-E 193 (21.5) 705 (78.5) 122 1020 898 DE-W 214 (23.5) 696 (76.5) 112 1022 910 DK 158 (17.3) 753 (82.7) 89 1000 911 ES 230 (28.2) 586 (71.8) 184 1000 816 FI 163 (16.7) 814 (83.3) 47 1024 977 FR 181 (19.1) 766 (80.9) 90 1037 947 GB-GBN 305 (35.1) 563 (64.9) 142 1010 868 GB-NIR 79 (29.0) 193 (71.0) 30 302 272 GR 316 (36.1) 559 (63.9) 127 1002 875 IE 331 (39.4) 510 (60.6) 172 1013 841 IT 223 (24.5) 687 (75.5) 117 1027 910 LU 100 (17.9) 459 (82.1) 43 602 559 NL 185 (19.7) 756 (80.3) 94 1035 941 PT 189 (26.7) 518 (73.3) 294 1001 707 SE 235 (25.4) 690 (74.6) 75 1000 925 N Sum 3505 10689 2034 16228 N Valid Sum 3505 10689 14194 printed 25.01.2012 page 57 Eurobarometer 58.2 - October-December 2002,GESIS Variable Report,83,ZA3886
v51,v51 1 2 3 4 5 N Sum N Valid Sum,Q7 SMOKING - ASKED SMOKER NOT TO SMOKE,isocntry M AT 87 (8.9) 226 (23.2) 210 (21.6) 451 (46.3) 49 1023 974 BE 112 (10.2) 244 (22.2) 225 (20.5) 517 (47.1) 12 1110 1098 DE-E 121 (12.0) 232 (23.0) 240 (23.8) 414 (41.1) 14 1021 1007 DE-W 100 (9.9) 223 (22.1) 242 (24.0) 443 (43.9) 14 1022 1008 DK 76 (7.6) 192 (19.3) 189 (19.0) 540 (54.2) 3 1000 997 ES 114 (11.5) 180 (18.1) 222 (22.4) 476 (48.0) 8 1000 992 FI 84 (8.3) 171 (16.9) 229 (22.7) 526 (52.1) 14 1024 1010 FR 147 (14.3) 240 (23.3) 175 (17.0) 466 (45.3) 9 1037 1028 GB-GBN 103 (10.4) 185 (18.6) 149 (15.0) 558 (56.1) 14 1009 995 GB-NIR 26 (8.7) 61 (20.3) 44 (14.7) 169 (56.3) 1 301 300 GR 208 (20.8) 275 (27.5) 133 (13.3) 384 (38.4) 2 1002 1000 IE 99 (10.0) 185 (18.8) 147 (14.9) 555 (56.3) 27 1013 986 IT 205 (20.1) 306 (30.0) 139 (13.6) 371 (36.3) 6 1027 1021 LU 101 (16.8) 143 (23.8) 79 (13.2) 277 (46.2) 2 602 600 NL 110 (10.7) 260 (25.2) 130 (12.6) 531 (51.5) 5 1036 1031 PT 173 (17.6) 244 (24.9) 132 (13.5) 432 (44.0) 20 1001 981 SE 122 (12.3) 259 (26.1) 197 (19.9) 414 (41.7) 8 1000 992 N Sum 1988 3626 2882 7524 208 16228 N Valid Sum 1988 3626 2882 7524 16020 printed 25.01.2012 page 58 Eurobarometer 58.2 - October-December 2002,isocntry M AT 87 (8.9) 226 (23.2) 210 (21.6) 451 (46.3) 49 1023 974 BE 112 (10.2) 244 (22.2) 225 (20.5) 517 (47.1) 12 1110 1098 DE-E 121 (12.0) 232 (23.0) 240 (23.8) 414 (41.1) 14 1021 1007 DE-W 100 (9.9) 223 (22.1) 242 (24.0) 443 (43.9) 14 1022 1008 DK 76 (7.6) 192 (19.3) 189 (19.0) 540 (54.2) 3 1000 997 ES 114 (11.5) 180 (18.1) 222 (22.4) 476 (48.0) 8 1000 992 FI 84 (8.3) 171 (16.9) 229 (22.7) 526 (52.1) 14 1024 1010 FR 147 (14.3) 240 (23.3) 175 (17.0) 466 (45.3) 9 1037 1028 GB-GBN 103 (10.4) 185 (18.6) 149 (15.0) 558 (56.1) 14 1009 995 GB-NIR 26 (8.7) 61 (20.3) 44 (14.7) 169 (56.3) 1 301 300 GR 208 (20.8) 275 (27.5) 133 (13.3) 384 (38.4) 2 1002 1000 IE 99 (10.0) 185 (18.8) 147 (14.9) 555 (56.3) 27 1013 986 IT 205 (20.1) 306 (30.0) 139 (13.6) 371 (36.3) 6 1027 1021 LU 101 (16.8) 143 (23.8) 79 (13.2) 277 (46.2) 2 602 600 NL 110 (10.7) 260 (25.2) 130 (12.6) 531 (51.5) 5 1036 1031 PT 173 (17.6) 244 (24.9) 132 (13.5) 432 (44.0) 20 1001 981 SE 122 (12.3) 259 (26.1) 197 (19.9) 414 (41.7) 8 1000 992 N Sum 1988 3626 2882 7524 208 16228 N Valid Sum 1988 3626 2882 7524 16020 printed 25.01.2012 page 58 Eurobarometer 58.2 - October-December 2002,GESIS Variable Report,84,ZA3886
v52,v52 1 2 3 4 5 N Sum N Valid Sum,Q8 CIGARETTE PACK - TAR/NICOTINE CONTENT,isocntry AT 153 (15.0) 397 (38.8) 150 (14.7) 77 (7.5) 246 (24.0) 1023 1023 BE 152 (13.7) 460 (41.4) 165 (14.9) 53 (4.8) 280 (25.2) 1110 1110 DE-E 107 (10.5) 369 (36.2) 196 (19.2) 79 (7.7) 269 (26.4) 1020 1020 DE-W 96 (9.4) 366 (35.8) 191 (18.7) 78 (7.6) 291 (28.5) 1022 1022 DK 132 (13.2) 397 (39.7) 229 (22.9) 52 (5.2) 190 (19.0) 1000 1000 ES 107 (10.7) 365 (36.5) 227 (22.7) 47 (4.7) 255 (25.5) 1001 1001 FI 152 (14.8) 453 (44.2) 202 (19.7) 46 (4.5) 171 (16.7) 1024 1024 FR 99 (9.5) 326 (31.4) 223 (21.5) 59 (5.7) 330 (31.8) 1037 1037 GB-GBN 71 (7.0) 366 (36.2) 283 (28.0) 66 (6.5) 224 (22.2) 1010 1010 GB-NIR 44 (14.6) 102 (33.8) 73 (24.2) 30 (9.9) 53 (17.5) 302 302 GR 80 (8.0) 236 (23.5) 303 (30.2) 127 (12.7) 257 (25.6) 1003 1003 IE 92 (9.1) 319 (31.5) 173 (17.1) 67 (6.6) 362 (35.7) 1013 1013 IT 154 (15.0) 298 (29.0) 262 (25.5) 115 (11.2) 198 (19.3) 1027 1027 LU 126 (21.0) 238 (39.6) 128 (21.3) 25 (4.2) 84 (14.0) 601 601 NL 122 (11.8) 181 (17.5) 373 (36.1) 53 (5.1) 305 (29.5) 1034 1034 PT 245 (24.5) 297 (29.6) 157 (15.7) 30 (3.0) 273 (27.2) 1002 1002 SE 174 (17.4) 378 (37.8) 149 (14.9) 50 (5.0) 249 (24.9) 1000 1000 N Sum 2106 5548 3484 1054 4037 16229 N Valid Sum 2106 5548 3484 1054 4037 16229 printed 25.01.2012 page 59 Eurobarometer 58.2 - October-December 2002,isocntry AT 153 (15.0) 397 (38.8) 150 (14.7) 77 (7.5) 246 (24.0) 1023 1023 BE 152 (13.7) 460 (41.4) 165 (14.9) 53 (4.8) 280 (25.2) 1110 1110 DE-E 107 (10.5) 369 (36.2) 196 (19.2) 79 (7.7) 269 (26.4) 1020 1020 DE-W 96 (9.4) 366 (35.8) 191 (18.7) 78 (7.6) 291 (28.5) 1022 1022 DK 132 (13.2) 397 (39.7) 229 (22.9) 52 (5.2) 190 (19.0) 1000 1000 ES 107 (10.7) 365 (36.5) 227 (22.7) 47 (4.7) 255 (25.5) 1001 1001 FI 152 (14.8) 453 (44.2) 202 (19.7) 46 (4.5) 171 (16.7) 1024 1024 FR 99 (9.5) 326 (31.4) 223 (21.5) 59 (5.7) 330 (31.8) 1037 1037 GB-GBN 71 (7.0) 366 (36.2) 283 (28.0) 66 (6.5) 224 (22.2) 1010 1010 GB-NIR 44 (14.6) 102 (33.8) 73 (24.2) 30 (9.9) 53 (17.5) 302 302 GR 80 (8.0) 236 (23.5) 303 (30.2) 127 (12.7) 257 (25.6) 1003 1003 IE 92 (9.1) 319 (31.5) 173 (17.1) 67 (6.6) 362 (35.7) 1013 1013 IT 154 (15.0) 298 (29.0) 262 (25.5) 115 (11.2) 198 (19.3) 1027 1027 LU 126 (21.0) 238 (39.6) 128 (21.3) 25 (4.2) 84 (14.0) 601 601 NL 122 (11.8) 181 (17.5) 373 (36.1) 53 (5.1) 305 (29.5) 1034 1034 PT 245 (24.5) 297 (29.6) 157 (15.7) 30 (3.0) 273 (27.2) 1002 1002 SE 174 (17.4) 378 (37.8) 149 (14.9) 50 (5.0) 249 (24.9) 1000 1000 N Sum 2106 5548 3484 1054 4037 16229 N Valid Sum 2106 5548 3484 1054 4037 16229 printed 25.01.2012 page 59 Eurobarometer 58.2 - October-December 2002,GESIS Variable Report,85,ZA3886
v53,v53 1 2 3 4 5 N Sum N Valid Sum,Q9 CIGARETTE PACK - HEALTH WARNING,isocntry M AT 172 (17.9) 623 (64.8) 135 (14.0) 31 (3.2) 62 1023 961 BE 128 (11.9) 789 (73.1) 126 (11.7) 36 (3.3) 31 1110 1079 DE-E 122 (12.6) 696 (72.0) 100 (10.3) 49 (5.1) 52 1019 967 DE-W 177 (18.5) 626 (65.5) 107 (11.2) 45 (4.7) 67 1022 955 DK 91 (9.4) 826 (85.8) 37 (3.8) 9 (0.9) 38 1001 963 ES 176 (19.0) 642 (69.5) 93 (10.1) 13 (1.4) 76 1000 924 FI 177 (17.9) 703 (71.2) 98 (9.9) 10 (1.0) 37 1025 988 FR 148 (14.8) 706 (70.5) 122 (12.2) 25 (2.5) 35 1036 1001 GB-GBN 134 (13.9) 722 (74.9) 100 (10.4) 8 (0.8) 47 1011 964 GB-NIR 40 (14.1) 221 (77.8) 20 (7.0) 3 (1.1) 19 303 284 GR 160 (16.3) 720 (73.2) 96 (9.8) 7 (0.7) 19 1002 983 IE 260 (27.8) 539 (57.6) 111 (11.9) 25 (2.7) 77 1012 935 IT 86 (8.6) 743 (74.2) 158 (15.8) 15 (1.5) 25 1027 1002 LU 90 (15.1) 457 (76.8) 42 (7.1) 6 (1.0) 7 602 595 NL 184 (18.3) 722 (71.6) 98 (9.7) 4 (0.4) 27 1035 1008 PT 203 (21.2) 657 (68.6) 89 (9.3) 9 (0.9) 44 1002 958 SE 235 (24.0) 630 (64.2) 112 (11.4) 4 (0.4) 18 999 981 N Sum 2583 11022 1644 299 681 16229 N Valid Sum 2583 11022 1644 299 15548 printed 25.01.2012 page 60 Eurobarometer 58.2 - October-December 2002,isocntry M AT 172 (17.9) 623 (64.8) 135 (14.0) 31 (3.2) 62 1023 961 BE 128 (11.9) 789 (73.1) 126 (11.7) 36 (3.3) 31 1110 1079 DE-E 122 (12.6) 696 (72.0) 100 (10.3) 49 (5.1) 52 1019 967 DE-W 177 (18.5) 626 (65.5) 107 (11.2) 45 (4.7) 67 1022 955 DK 91 (9.4) 826 (85.8) 37 (3.8) 9 (0.9) 38 1001 963 ES 176 (19.0) 642 (69.5) 93 (10.1) 13 (1.4) 76 1000 924 FI 177 (17.9) 703 (71.2) 98 (9.9) 10 (1.0) 37 1025 988 FR 148 (14.8) 706 (70.5) 122 (12.2) 25 (2.5) 35 1036 1001 GB-GBN 134 (13.9) 722 (74.9) 100 (10.4) 8 (0.8) 47 1011 964 GB-NIR 40 (14.1) 221 (77.8) 20 (7.0) 3 (1.1) 19 303 284 GR 160 (16.3) 720 (73.2) 96 (9.8) 7 (0.7) 19 1002 983 IE 260 (27.8) 539 (57.6) 111 (11.9) 25 (2.7) 77 1012 935 IT 86 (8.6) 743 (74.2) 158 (15.8) 15 (1.5) 25 1027 1002 LU 90 (15.1) 457 (76.8) 42 (7.1) 6 (1.0) 7 602 595 NL 184 (18.3) 722 (71.6) 98 (9.7) 4 (0.4) 27 1035 1008 PT 203 (21.2) 657 (68.6) 89 (9.3) 9 (0.9) 44 1002 958 SE 235 (24.0) 630 (64.2) 112 (11.4) 4 (0.4) 18 999 981 N Sum 2583 11022 1644 299 681 16229 N Valid Sum 2583 11022 1644 299 15548 printed 25.01.2012 page 60 Eurobarometer 58.2 - October-December 2002,GESIS Variable Report,86,ZA3886
v54,v54 1 2 3 4 5 N Sum N Valid Sum,Q10 CIGARETTE PACK - WARNING PHOTOGRAPHS,isocntry M AT 265 (27.7) 443 (46.3) 217 (22.7) 32 (3.3) 65 1022 957 BE 239 (23.0) 564 (54.2) 210 (20.2) 28 (2.7) 68 1109 1041 DE-E 254 (26.8) 447 (47.2) 211 (22.3) 35 (3.7) 73 1020 947 DE-W 329 (34.5) 432 (45.3) 164 (17.2) 29 (3.0) 69 1023 954 DK 355 (36.5) 500 (51.4) 112 (11.5) 6 (0.6) 27 1000 973 ES 377 (40.9) 400 (43.4) 136 (14.8) 8 (0.9) 80 1001 921 FI 476 (48.8) 359 (36.8) 135 (13.8) 5 (0.5) 49 1024 975 FR 323 (32.5) 455 (45.7) 188 (18.9) 29 (2.9) 43 1038 995 GB-GBN 475 (49.6) 320 (33.4) 155 (16.2) 7 (0.7) 54 1011 957 GB-NIR 155 (53.4) 108 (37.2) 25 (8.6) 2 (0.7) 11 301 290 GR 405 (40.8) 422 (42.5) 164 (16.5) 1 (0.1) 11 1003 992 IE 532 (57.6) 246 (26.7) 117 (12.7) 28 (3.0) 91 1014 923 IT 332 (34.0) 421 (43.1) 206 (21.1) 18 (1.8) 49 1026 977 LU 191 (32.5) 264 (45.0) 127 (21.6) 5 (0.9) 15 602 587 NL 322 (32.0) 535 (53.2) 143 (14.2) 5 (0.5) 30 1035 1005 PT 462 (47.9) 377 (39.1) 116 (12.0) 9 (0.9) 37 1001 964 SE 530 (54.5) 292 (30.0) 146 (15.0) 5 (0.5) 28 1001 973 N Sum 6022 6585 2572 252 800 16231 N Valid Sum 6022 6585 2572 252 15431 printed 25.01.2012 page 61 Eurobarometer 58.2 - October-December 2002,isocntry M AT 265 (27.7) 443 (46.3) 217 (22.7) 32 (3.3) 65 1022 957 BE 239 (23.0) 564 (54.2) 210 (20.2) 28 (2.7) 68 1109 1041 DE-E 254 (26.8) 447 (47.2) 211 (22.3) 35 (3.7) 73 1020 947 DE-W 329 (34.5) 432 (45.3) 164 (17.2) 29 (3.0) 69 1023 954 DK 355 (36.5) 500 (51.4) 112 (11.5) 6 (0.6) 27 1000 973 ES 377 (40.9) 400 (43.4) 136 (14.8) 8 (0.9) 80 1001 921 FI 476 (48.8) 359 (36.8) 135 (13.8) 5 (0.5) 49 1024 975 FR 323 (32.5) 455 (45.7) 188 (18.9) 29 (2.9) 43 1038 995 GB-GBN 475 (49.6) 320 (33.4) 155 (16.2) 7 (0.7) 54 1011 957 GB-NIR 155 (53.4) 108 (37.2) 25 (8.6) 2 (0.7) 11 301 290 GR 405 (40.8) 422 (42.5) 164 (16.5) 1 (0.1) 11 1003 992 IE 532 (57.6) 246 (26.7) 117 (12.7) 28 (3.0) 91 1014 923 IT 332 (34.0) 421 (43.1) 206 (21.1) 18 (1.8) 49 1026 977 LU 191 (32.5) 264 (45.0) 127 (21.6) 5 (0.9) 15 602 587 NL 322 (32.0) 535 (53.2) 143 (14.2) 5 (0.5) 30 1035 1005 PT 462 (47.9) 377 (39.1) 116 (12.0) 9 (0.9) 37 1001 964 SE 530 (54.5) 292 (30.0) 146 (15.0) 5 (0.5) 28 1001 973 N Sum 6022 6585 2572 252 800 16231 N Valid Sum 6022 6585 2572 252 15431 printed 25.01.2012 page 61 Eurobarometer 58.2 - October-December 2002,GESIS Variable Report,87,ZA3886
v55,,Q11 PASSIVE SMOKING - CONSEQUENCES,,Q11 PASSIVE SMOKING - CONSEQUENCES,GESIS Variable Report,88,ZA3886
v56,,Q12 SMOKING REGULATIONS IN PUBLIC PLACES,,Q12 SMOKING REGULATIONS IN PUBLIC PLACES,GESIS Variable Report,89,ZA3886
v57,v57 1 2 3 4 5 N Sum N Valid Sum,Q13 TOBACCO ADVERTISE BAN - FOR/AGAINST,isocntry M AT 281 (32.2) 320 (36.6) 172 (19.7) 101 (11.6) 149 1023 874 BE 258 (26.1) 322 (32.5) 217 (21.9) 193 (19.5) 120 1110 990 DE-E 424 (45.9) 256 (27.7) 158 (17.1) 86 (9.3) 96 1020 924 DE-W 385 (42.1) 275 (30.1) 165 (18.1) 89 (9.7) 108 1022 914 DK 258 (29.0) 242 (27.2) 254 (28.6) 135 (15.2) 111 1000 889 ES 300 (33.7) 289 (32.4) 201 (22.6) 101 (11.3) 109 1000 891 FI 317 (33.5) 231 (24.4) 238 (25.2) 159 (16.8) 78 1023 945 FR 414 (43.5) 266 (27.9) 140 (14.7) 132 (13.9) 85 1037 952 GB-GBN 309 (37.1) 200 (24.0) 214 (25.7) 111 (13.3) 176 1010 834 GB-NIR 100 (36.1) 84 (30.3) 58 (20.9) 35 (12.6) 25 302 277 GR 402 (42.2) 247 (25.9) 189 (19.9) 114 (12.0) 50 1002 952 IE 434 (47.3) 255 (27.8) 123 (13.4) 106 (11.5) 95 1013 918 IT 453 (47.7) 291 (30.7) 117 (12.3) 88 (9.3) 78 1027 949 LU 194 (35.8) 119 (22.0) 95 (17.5) 134 (24.7) 59 601 542 NL 290 (30.0) 344 (35.5) 223 (23.0) 111 (11.5) 67 1035 968 PT 346 (38.2) 157 (17.3) 121 (13.4) 281 (31.0) 97 1002 905 SE 254 (26.8) 151 (15.9) 199 (21.0) 345 (36.4) 51 1000 949 N Sum 5419 4049 2884 2321 1554 16227 N Valid Sum 5419 4049 2884 2321 14673 printed 25.01.2012 page 64 Eurobarometer 58.2 - October-December 2002,isocntry M AT 281 (32.2) 320 (36.6) 172 (19.7) 101 (11.6) 149 1023 874 BE 258 (26.1) 322 (32.5) 217 (21.9) 193 (19.5) 120 1110 990 DE-E 424 (45.9) 256 (27.7) 158 (17.1) 86 (9.3) 96 1020 924 DE-W 385 (42.1) 275 (30.1) 165 (18.1) 89 (9.7) 108 1022 914 DK 258 (29.0) 242 (27.2) 254 (28.6) 135 (15.2) 111 1000 889 ES 300 (33.7) 289 (32.4) 201 (22.6) 101 (11.3) 109 1000 891 FI 317 (33.5) 231 (24.4) 238 (25.2) 159 (16.8) 78 1023 945 FR 414 (43.5) 266 (27.9) 140 (14.7) 132 (13.9) 85 1037 952 GB-GBN 309 (37.1) 200 (24.0) 214 (25.7) 111 (13.3) 176 1010 834 GB-NIR 100 (36.1) 84 (30.3) 58 (20.9) 35 (12.6) 25 302 277 GR 402 (42.2) 247 (25.9) 189 (19.9) 114 (12.0) 50 1002 952 IE 434 (47.3) 255 (27.8) 123 (13.4) 106 (11.5) 95 1013 918 IT 453 (47.7) 291 (30.7) 117 (12.3) 88 (9.3) 78 1027 949 LU 194 (35.8) 119 (22.0) 95 (17.5) 134 (24.7) 59 601 542 NL 290 (30.0) 344 (35.5) 223 (23.0) 111 (11.5) 67 1035 968 PT 346 (38.2) 157 (17.3) 121 (13.4) 281 (31.0) 97 1002 905 SE 254 (26.8) 151 (15.9) 199 (21.0) 345 (36.4) 51 1000 949 N Sum 5419 4049 2884 2321 1554 16227 N Valid Sum 5419 4049 2884 2321 14673 printed 25.01.2012 page 64 Eurobarometer 58.2 - October-December 2002,GESIS Variable Report,90,ZA3886
v58,v58 1 2 3 4 N Sum N Valid Sum,Q14 TOBACCO - EU PRODUCTION SUBSIDISES,isocntry M AT 246 (30.6) 346 (43.0) 213 (26.5) 218 1023 805 BE 302 (32.6) 441 (47.6) 184 (19.8) 183 1110 927 DE-E 240 (27.6) 371 (42.6) 259 (29.8) 150 1020 870 DE-W 239 (26.9) 400 (45.0) 249 (28.0) 134 1022 888 DK 220 (24.1) 459 (50.2) 235 (25.7) 86 1000 914 ES 242 (30.9) 270 (34.5) 270 (34.5) 218 1000 782 FI 164 (17.6) 419 (45.0) 348 (37.4) 92 1023 931 FR 227 (25.3) 420 (46.8) 250 (27.9) 139 1036 897 GB-GBN 170 (20.5) 389 (47.0) 269 (32.5) 182 1010 828 GB-NIR 45 (17.4) 132 (51.0) 82 (31.7) 43 302 259 GR 594 (66.2) 219 (24.4) 84 (9.4) 106 1003 897 IE 151 (18.8) 392 (48.8) 261 (32.5) 209 1013 804 IT 171 (18.8) 430 (47.1) 311 (34.1) 115 1027 912 LU 161 (30.2) 264 (49.5) 108 (20.3) 69 602 533 NL 302 (32.4) 438 (47.0) 192 (20.6) 104 1036 932 PT 110 (12.9) 236 (27.7) 506 (59.4) 149 1001 852 SE 98 (10.5) 470 (50.4) 364 (39.1) 68 1000 932 N Sum 3682 6096 4185 2265 16228 N Valid Sum 3682 6096 4185 13963 printed 25.01.2012 page 65 Eurobarometer 58.2 - October-December 2002,isocntry M AT 246 (30.6) 346 (43.0) 213 (26.5) 218 1023 805 BE 302 (32.6) 441 (47.6) 184 (19.8) 183 1110 927 DE-E 240 (27.6) 371 (42.6) 259 (29.8) 150 1020 870 DE-W 239 (26.9) 400 (45.0) 249 (28.0) 134 1022 888 DK 220 (24.1) 459 (50.2) 235 (25.7) 86 1000 914 ES 242 (30.9) 270 (34.5) 270 (34.5) 218 1000 782 FI 164 (17.6) 419 (45.0) 348 (37.4) 92 1023 931 FR 227 (25.3) 420 (46.8) 250 (27.9) 139 1036 897 GB-GBN 170 (20.5) 389 (47.0) 269 (32.5) 182 1010 828 GB-NIR 45 (17.4) 132 (51.0) 82 (31.7) 43 302 259 GR 594 (66.2) 219 (24.4) 84 (9.4) 106 1003 897 IE 151 (18.8) 392 (48.8) 261 (32.5) 209 1013 804 IT 171 (18.8) 430 (47.1) 311 (34.1) 115 1027 912 LU 161 (30.2) 264 (49.5) 108 (20.3) 69 602 533 NL 302 (32.4) 438 (47.0) 192 (20.6) 104 1036 932 PT 110 (12.9) 236 (27.7) 506 (59.4) 149 1001 852 SE 98 (10.5) 470 (50.4) 364 (39.1) 68 1000 932 N Sum 3682 6096 4185 2265 16228 N Valid Sum 3682 6096 4185 13963 printed 25.01.2012 page 65 Eurobarometer 58.2 - October-December 2002,GESIS Variable Report,91,ZA3886
v59,v59 1 2 3 N Sum N Valid Sum,Q15 HEALTH FACTOR: AIR QUAL OUTDOOR,isocntry M AT 744 (76.1) 234 (23.9) 45 1023 978 BE 926 (85.5) 157 (14.5) 27 1110 1083 DE-E 762 (77.7) 219 (22.3) 38 1019 981 DE-W 718 (73.6) 258 (26.4) 46 1022 976 DK 873 (88.2) 117 (11.8) 10 1000 990 ES 818 (85.3) 141 (14.7) 40 999 959 FI 955 (94.2) 59 (5.8) 10 1024 1014 FR 921 (89.2) 111 (10.8) 5 1037 1032 GB-GBN 803 (81.9) 177 (18.1) 31 1011 980 GB-NIR 243 (81.3) 56 (18.7) 3 302 299 GR 889 (90.3) 96 (9.7) 18 1003 985 IE 774 (79.1) 204 (20.9) 35 1013 978 IT 985 (96.8) 33 (3.2) 9 1027 1018 LU 551 (92.6) 44 (7.4) 7 602 595 NL 927 (90.7) 95 (9.3) 13 1035 1022 PT 895 (90.9) 90 (9.1) 18 1003 985 SE 933 (94.1) 58 (5.9) 9 1000 991 N Sum 13717 2149 364 16230 N Valid Sum 13717 2149 15866 printed 25.01.2012 page 66 Eurobarometer 58.2 - October-December 2002,isocntry M AT 744 (76.1) 234 (23.9) 45 1023 978 BE 926 (85.5) 157 (14.5) 27 1110 1083 DE-E 762 (77.7) 219 (22.3) 38 1019 981 DE-W 718 (73.6) 258 (26.4) 46 1022 976 DK 873 (88.2) 117 (11.8) 10 1000 990 ES 818 (85.3) 141 (14.7) 40 999 959 FI 955 (94.2) 59 (5.8) 10 1024 1014 FR 921 (89.2) 111 (10.8) 5 1037 1032 GB-GBN 803 (81.9) 177 (18.1) 31 1011 980 GB-NIR 243 (81.3) 56 (18.7) 3 302 299 GR 889 (90.3) 96 (9.7) 18 1003 985 IE 774 (79.1) 204 (20.9) 35 1013 978 IT 985 (96.8) 33 (3.2) 9 1027 1018 LU 551 (92.6) 44 (7.4) 7 602 595 NL 927 (90.7) 95 (9.3) 13 1035 1022 PT 895 (90.9) 90 (9.1) 18 1003 985 SE 933 (94.1) 58 (5.9) 9 1000 991 N Sum 13717 2149 364 16230 N Valid Sum 13717 2149 15866 printed 25.01.2012 page 66 Eurobarometer 58.2 - October-December 2002,GESIS Variable Report,92,ZA3886
v60,v60 1 2 3 N Sum N Valid Sum,Q15 HEALTH FACTOR: AIR QUAL INDOOR,isocntry M AT 843 (86.5) 132 (13.5) 49 1024 975 BE 798 (74.4) 274 (25.6) 38 1110 1072 DE-E 803 (81.9) 178 (18.1) 39 1020 981 DE-W 827 (85.0) 146 (15.0) 49 1022 973 DK 921 (93.3) 66 (6.7) 13 1000 987 ES 696 (73.2) 255 (26.8) 49 1000 951 FI 996 (98.2) 18 (1.8) 10 1024 1014 FR 798 (79.5) 206 (20.5) 32 1036 1004 GB-GBN 742 (77.4) 217 (22.6) 52 1011 959 GB-NIR 237 (81.2) 55 (18.8) 9 301 292 GR 910 (92.6) 73 (7.4) 20 1003 983 IE 780 (79.8) 197 (20.2) 36 1013 977 IT 743 (74.4) 255 (25.6) 29 1027 998 LU 486 (82.7) 102 (17.3) 14 602 588 NL 890 (88.6) 115 (11.4) 30 1035 1005 PT 841 (87.3) 122 (12.7) 38 1001 963 SE 953 (95.9) 41 (4.1) 6 1000 994 N Sum 13264 2452 513 16229 N Valid Sum 13264 2452 15716 printed 25.01.2012 page 67 Eurobarometer 58.2 - October-December 2002,isocntry M AT 843 (86.5) 132 (13.5) 49 1024 975 BE 798 (74.4) 274 (25.6) 38 1110 1072 DE-E 803 (81.9) 178 (18.1) 39 1020 981 DE-W 827 (85.0) 146 (15.0) 49 1022 973 DK 921 (93.3) 66 (6.7) 13 1000 987 ES 696 (73.2) 255 (26.8) 49 1000 951 FI 996 (98.2) 18 (1.8) 10 1024 1014 FR 798 (79.5) 206 (20.5) 32 1036 1004 GB-GBN 742 (77.4) 217 (22.6) 52 1011 959 GB-NIR 237 (81.2) 55 (18.8) 9 301 292 GR 910 (92.6) 73 (7.4) 20 1003 983 IE 780 (79.8) 197 (20.2) 36 1013 977 IT 743 (74.4) 255 (25.6) 29 1027 998 LU 486 (82.7) 102 (17.3) 14 602 588 NL 890 (88.6) 115 (11.4) 30 1035 1005 PT 841 (87.3) 122 (12.7) 38 1001 963 SE 953 (95.9) 41 (4.1) 6 1000 994 N Sum 13264 2452 513 16229 N Valid Sum 13264 2452 15716 printed 25.01.2012 page 67 Eurobarometer 58.2 - October-December 2002,GESIS Variable Report,93,ZA3886
v61,v61 1 2 3 N Sum N Valid Sum,Q15 HEALTH FACTOR: DRINK WATER QUAL,isocntry M AT 778 (78.8) 209 (21.2) 36 1023 987 BE 795 (74.4) 273 (25.6) 41 1109 1068 DE-E 795 (82.3) 171 (17.7) 54 1020 966 DE-W 748 (77.2) 221 (22.8) 53 1022 969 DK 853 (87.4) 123 (12.6) 24 1000 976 ES 830 (85.0) 146 (15.0) 25 1001 976 FI 947 (94.6) 54 (5.4) 23 1024 1001 FR 879 (85.8) 145 (14.2) 13 1037 1024 GB-GBN 732 (76.7) 222 (23.3) 55 1009 954 GB-NIR 247 (83.4) 49 (16.6) 6 302 296 GR 956 (96.6) 34 (3.4) 13 1003 990 IE 836 (85.0) 148 (15.0) 29 1013 984 IT 881 (88.0) 120 (12.0) 26 1027 1001 LU 501 (85.6) 84 (14.4) 17 602 585 NL 841 (84.6) 153 (15.4) 41 1035 994 PT 870 (88.7) 111 (11.3) 21 1002 981 SE 891 (90.9) 89 (9.1) 21 1001 980 N Sum 13380 2352 498 16230 N Valid Sum 13380 2352 15732 printed 25.01.2012 page 68 Eurobarometer 58.2 - October-December 2002,isocntry M AT 778 (78.8) 209 (21.2) 36 1023 987 BE 795 (74.4) 273 (25.6) 41 1109 1068 DE-E 795 (82.3) 171 (17.7) 54 1020 966 DE-W 748 (77.2) 221 (22.8) 53 1022 969 DK 853 (87.4) 123 (12.6) 24 1000 976 ES 830 (85.0) 146 (15.0) 25 1001 976 FI 947 (94.6) 54 (5.4) 23 1024 1001 FR 879 (85.8) 145 (14.2) 13 1037 1024 GB-GBN 732 (76.7) 222 (23.3) 55 1009 954 GB-NIR 247 (83.4) 49 (16.6) 6 302 296 GR 956 (96.6) 34 (3.4) 13 1003 990 IE 836 (85.0) 148 (15.0) 29 1013 984 IT 881 (88.0) 120 (12.0) 26 1027 1001 LU 501 (85.6) 84 (14.4) 17 602 585 NL 841 (84.6) 153 (15.4) 41 1035 994 PT 870 (88.7) 111 (11.3) 21 1002 981 SE 891 (90.9) 89 (9.1) 21 1001 980 N Sum 13380 2352 498 16230 N Valid Sum 13380 2352 15732 printed 25.01.2012 page 68 Eurobarometer 58.2 - October-December 2002,GESIS Variable Report,94,ZA3886
v62,v62 1 2 3 N Sum N Valid Sum,Q15 HEALTH FACTOR: RIVER/LAKE WATER,isocntry M AT 665 (71.4) 267 (28.6) 92 1024 932 BE 825 (79.1) 218 (20.9) 67 1110 1043 DE-E 712 (75.7) 228 (24.3) 80 1020 940 DE-W 702 (73.6) 252 (26.4) 67 1021 954 DK 671 (71.9) 262 (28.1) 67 1000 933 ES 840 (86.9) 127 (13.1) 33 1000 967 FI 834 (84.2) 156 (15.8) 34 1024 990 FR 832 (82.5) 177 (17.5) 28 1037 1009 GB-GBN 698 (74.8) 235 (25.2) 77 1010 933 GB-NIR 201 (71.8) 79 (28.2) 22 302 280 GR 898 (93.0) 68 (7.0) 38 1004 966 IE 786 (82.7) 164 (17.3) 64 1014 950 IT 875 (88.9) 109 (11.1) 43 1027 984 LU 484 (84.9) 86 (15.1) 32 602 570 NL 815 (83.6) 160 (16.4) 60 1035 975 PT 887 (91.3) 85 (8.7) 30 1002 972 SE 850 (87.9) 117 (12.1) 33 1000 967 N Sum 12575 2790 867 16232 N Valid Sum 12575 2790 15365 printed 25.01.2012 page 69 Eurobarometer 58.2 - October-December 2002,isocntry M AT 665 (71.4) 267 (28.6) 92 1024 932 BE 825 (79.1) 218 (20.9) 67 1110 1043 DE-E 712 (75.7) 228 (24.3) 80 1020 940 DE-W 702 (73.6) 252 (26.4) 67 1021 954 DK 671 (71.9) 262 (28.1) 67 1000 933 ES 840 (86.9) 127 (13.1) 33 1000 967 FI 834 (84.2) 156 (15.8) 34 1024 990 FR 832 (82.5) 177 (17.5) 28 1037 1009 GB-GBN 698 (74.8) 235 (25.2) 77 1010 933 GB-NIR 201 (71.8) 79 (28.2) 22 302 280 GR 898 (93.0) 68 (7.0) 38 1004 966 IE 786 (82.7) 164 (17.3) 64 1014 950 IT 875 (88.9) 109 (11.1) 43 1027 984 LU 484 (84.9) 86 (15.1) 32 602 570 NL 815 (83.6) 160 (16.4) 60 1035 975 PT 887 (91.3) 85 (8.7) 30 1002 972 SE 850 (87.9) 117 (12.1) 33 1000 967 N Sum 12575 2790 867 16232 N Valid Sum 12575 2790 15365 printed 25.01.2012 page 69 Eurobarometer 58.2 - October-December 2002,GESIS Variable Report,95,ZA3886
v63,v63 1 2 3 N Sum N Valid Sum,Q15 HEALTH FACTOR: NOISE,isocntry M AT 834 (84.3) 155 (15.7) 34 1023 989 BE 756 (70.7) 313 (29.3) 41 1110 1069 DE-E 857 (86.9) 129 (13.1) 34 1020 986 DE-W 858 (87.4) 124 (12.6) 40 1022 982 DK 821 (85.0) 145 (15.0) 34 1000 966 ES 864 (87.9) 119 (12.1) 18 1001 983 FI 882 (88.1) 119 (11.9) 23 1024 1001 FR 866 (84.9) 154 (15.1) 16 1036 1020 GB-GBN 661 (68.7) 301 (31.3) 48 1010 962 GB-NIR 182 (61.9) 112 (38.1) 9 303 294 GR 905 (91.1) 88 (8.9) 11 1004 993 IE 725 (74.4) 250 (25.6) 38 1013 975 IT 892 (89.1) 109 (10.9) 26 1027 1001 LU 514 (86.7) 79 (13.3) 8 601 593 NL 728 (75.1) 241 (24.9) 66 1035 969 PT 902 (91.3) 86 (8.7) 14 1002 988 SE 903 (92.1) 77 (7.9) 20 1000 980 N Sum 13150 2601 480 16231 N Valid Sum 13150 2601 15751 printed 25.01.2012 page 70 Eurobarometer 58.2 - October-December 2002,isocntry M AT 834 (84.3) 155 (15.7) 34 1023 989 BE 756 (70.7) 313 (29.3) 41 1110 1069 DE-E 857 (86.9) 129 (13.1) 34 1020 986 DE-W 858 (87.4) 124 (12.6) 40 1022 982 DK 821 (85.0) 145 (15.0) 34 1000 966 ES 864 (87.9) 119 (12.1) 18 1001 983 FI 882 (88.1) 119 (11.9) 23 1024 1001 FR 866 (84.9) 154 (15.1) 16 1036 1020 GB-GBN 661 (68.7) 301 (31.3) 48 1010 962 GB-NIR 182 (61.9) 112 (38.1) 9 303 294 GR 905 (91.1) 88 (8.9) 11 1004 993 IE 725 (74.4) 250 (25.6) 38 1013 975 IT 892 (89.1) 109 (10.9) 26 1027 1001 LU 514 (86.7) 79 (13.3) 8 601 593 NL 728 (75.1) 241 (24.9) 66 1035 969 PT 902 (91.3) 86 (8.7) 14 1002 988 SE 903 (92.1) 77 (7.9) 20 1000 980 N Sum 13150 2601 480 16231 N Valid Sum 13150 2601 15751 printed 25.01.2012 page 70 Eurobarometer 58.2 - October-December 2002,GESIS Variable Report,96,ZA3886
v64,v64 1 2 3 N Sum N Valid Sum,Q15 HEALTH FACTOR: DUMPING OF WASTE,isocntry M AT 771 (82.3) 166 (17.7) 85 1022 937 BE 936 (87.4) 135 (12.6) 38 1109 1071 DE-E 733 (77.6) 211 (22.4) 76 1020 944 DE-W 715 (77.5) 207 (22.5) 101 1023 922 DK 845 (88.9) 105 (11.1) 49 999 950 ES 936 (95.6) 43 (4.4) 21 1000 979 FI 753 (78.4) 207 (21.6) 64 1024 960 FR 824 (82.5) 175 (17.5) 38 1037 999 GB-GBN 918 (92.7) 72 (7.3) 21 1011 990 GB-NIR 273 (91.0) 27 (9.0) 2 302 300 GR 979 (98.8) 12 (1.2) 12 1003 991 IE 939 (94.9) 50 (5.1) 24 1013 989 IT 894 (90.9) 90 (9.1) 43 1027 984 LU 469 (81.4) 107 (18.6) 27 603 576 NL 894 (89.8) 102 (10.2) 40 1036 996 PT 901 (92.2) 76 (7.8) 25 1002 977 SE 797 (85.2) 138 (14.8) 65 1000 935 N Sum 13577 1923 731 16231 N Valid Sum 13577 1923 15500 printed 25.01.2012 page 71 Eurobarometer 58.2 - October-December 2002,isocntry M AT 771 (82.3) 166 (17.7) 85 1022 937 BE 936 (87.4) 135 (12.6) 38 1109 1071 DE-E 733 (77.6) 211 (22.4) 76 1020 944 DE-W 715 (77.5) 207 (22.5) 101 1023 922 DK 845 (88.9) 105 (11.1) 49 999 950 ES 936 (95.6) 43 (4.4) 21 1000 979 FI 753 (78.4) 207 (21.6) 64 1024 960 FR 824 (82.5) 175 (17.5) 38 1037 999 GB-GBN 918 (92.7) 72 (7.3) 21 1011 990 GB-NIR 273 (91.0) 27 (9.0) 2 302 300 GR 979 (98.8) 12 (1.2) 12 1003 991 IE 939 (94.9) 50 (5.1) 24 1013 989 IT 894 (90.9) 90 (9.1) 43 1027 984 LU 469 (81.4) 107 (18.6) 27 603 576 NL 894 (89.8) 102 (10.2) 40 1036 996 PT 901 (92.2) 76 (7.8) 25 1002 977 SE 797 (85.2) 138 (14.8) 65 1000 935 N Sum 13577 1923 731 16231 N Valid Sum 13577 1923 15500 printed 25.01.2012 page 71 Eurobarometer 58.2 - October-December 2002,GESIS Variable Report,97,ZA3886
v65,v65 1 2 3 N Sum N Valid Sum,Q15 HEALTH FACTOR: FOOD PRODUCT QUAL,isocntry M AT 895 (90.5) 94 (9.5) 34 1023 989 BE 941 (87.4) 136 (12.6) 33 1110 1077 DE-E 849 (86.3) 135 (13.7) 36 1020 984 DE-W 886 (90.1) 97 (9.9) 39 1022 983 DK 921 (93.0) 69 (7.0) 10 1000 990 ES 910 (93.0) 69 (7.0) 20 999 979 FI 969 (95.5) 46 (4.5) 9 1024 1015 FR 938 (91.4) 88 (8.6) 12 1038 1026 GB-GBN 823 (85.5) 140 (14.5) 47 1010 963 GB-NIR 258 (86.3) 41 (13.7) 2 301 299 GR 989 (99.5) 5 (0.5) 9 1003 994 IE 907 (92.5) 74 (7.5) 32 1013 981 IT 951 (94.5) 55 (5.5) 21 1027 1006 LU 545 (92.7) 43 (7.3) 14 602 588 NL 907 (89.8) 103 (10.2) 25 1035 1010 PT 908 (92.6) 73 (7.4) 21 1002 981 SE 942 (95.1) 49 (4.9) 9 1000 991 N Sum 14539 1317 373 16229 N Valid Sum 14539 1317 15856 printed 25.01.2012 page 72 Eurobarometer 58.2 - October-December 2002,isocntry M AT 895 (90.5) 94 (9.5) 34 1023 989 BE 941 (87.4) 136 (12.6) 33 1110 1077 DE-E 849 (86.3) 135 (13.7) 36 1020 984 DE-W 886 (90.1) 97 (9.9) 39 1022 983 DK 921 (93.0) 69 (7.0) 10 1000 990 ES 910 (93.0) 69 (7.0) 20 999 979 FI 969 (95.5) 46 (4.5) 9 1024 1015 FR 938 (91.4) 88 (8.6) 12 1038 1026 GB-GBN 823 (85.5) 140 (14.5) 47 1010 963 GB-NIR 258 (86.3) 41 (13.7) 2 301 299 GR 989 (99.5) 5 (0.5) 9 1003 994 IE 907 (92.5) 74 (7.5) 32 1013 981 IT 951 (94.5) 55 (5.5) 21 1027 1006 LU 545 (92.7) 43 (7.3) 14 602 588 NL 907 (89.8) 103 (10.2) 25 1035 1010 PT 908 (92.6) 73 (7.4) 21 1002 981 SE 942 (95.1) 49 (4.9) 9 1000 991 N Sum 14539 1317 373 16229 N Valid Sum 14539 1317 15856 printed 25.01.2012 page 72 Eurobarometer 58.2 - October-December 2002,GESIS Variable Report,98,ZA3886
v66,v66 1 2 3 N Sum N Valid Sum,Q15 HEALTH FACTOR: CHEMICALS,isocntry M AT 921 (93.7) 62 (6.3) 40 1023 983 BE 994 (93.3) 71 (6.7) 45 1110 1065 DE-E 918 (93.2) 67 (6.8) 35 1020 985 DE-W 915 (93.7) 62 (6.3) 45 1022 977 DK 947 (95.9) 40 (4.1) 13 1000 987 ES 952 (96.7) 32 (3.3) 16 1000 984 FI 976 (96.9) 31 (3.1) 16 1023 1007 FR 989 (96.7) 34 (3.3) 13 1036 1023 GB-GBN 940 (95.1) 48 (4.9) 23 1011 988 GB-NIR 276 (92.6) 22 (7.4) 4 302 298 GR 993 (99.6) 4 (0.4) 5 1002 997 IE 970 (97.3) 27 (2.7) 17 1014 997 IT 979 (96.8) 32 (3.2) 16 1027 1011 LU 573 (97.3) 16 (2.7) 14 603 589 NL 931 (93.1) 69 (6.9) 35 1035 1000 PT 942 (96.5) 34 (3.5) 26 1002 976 SE 970 (97.7) 23 (2.3) 7 1000 993 N Sum 15186 674 370 16230 N Valid Sum 15186 674 15860 printed 25.01.2012 page 73 Eurobarometer 58.2 - October-December 2002,isocntry M AT 921 (93.7) 62 (6.3) 40 1023 983 BE 994 (93.3) 71 (6.7) 45 1110 1065 DE-E 918 (93.2) 67 (6.8) 35 1020 985 DE-W 915 (93.7) 62 (6.3) 45 1022 977 DK 947 (95.9) 40 (4.1) 13 1000 987 ES 952 (96.7) 32 (3.3) 16 1000 984 FI 976 (96.9) 31 (3.1) 16 1023 1007 FR 989 (96.7) 34 (3.3) 13 1036 1023 GB-GBN 940 (95.1) 48 (4.9) 23 1011 988 GB-NIR 276 (92.6) 22 (7.4) 4 302 298 GR 993 (99.6) 4 (0.4) 5 1002 997 IE 970 (97.3) 27 (2.7) 17 1014 997 IT 979 (96.8) 32 (3.2) 16 1027 1011 LU 573 (97.3) 16 (2.7) 14 603 589 NL 931 (93.1) 69 (6.9) 35 1035 1000 PT 942 (96.5) 34 (3.5) 26 1002 976 SE 970 (97.7) 23 (2.3) 7 1000 993 N Sum 15186 674 370 16230 N Valid Sum 15186 674 15860 printed 25.01.2012 page 73 Eurobarometer 58.2 - October-December 2002,GESIS Variable Report,99,ZA3886
v67,v67 1 2 3 N Sum N Valid Sum,Q15 HEALTH FACTOR: EXPOSURE TO SUN,isocntry M AT 748 (80.2) 185 (19.8) 89 1022 933 BE 878 (82.8) 183 (17.2) 49 1110 1061 DE-E 819 (84.1) 155 (15.9) 46 1020 974 DE-W 806 (83.3) 162 (16.7) 53 1021 968 DK 824 (85.3) 142 (14.7) 35 1001 966 ES 878 (89.7) 101 (10.3) 21 1000 979 FI 894 (89.8) 102 (10.2) 28 1024 996 FR 917 (89.6) 106 (10.4) 14 1037 1023 GB-GBN 888 (89.8) 101 (10.2) 21 1010 989 GB-NIR 260 (87.5) 37 (12.5) 5 302 297 GR 958 (96.7) 33 (3.3) 12 1003 991 IE 883 (90.9) 88 (9.1) 42 1013 971 IT 837 (84.5) 154 (15.5) 36 1027 991 LU 550 (93.4) 39 (6.6) 13 602 589 NL 916 (91.1) 89 (8.9) 30 1035 1005 PT 865 (90.3) 93 (9.7) 45 1003 958 SE 916 (92.8) 71 (7.2) 13 1000 987 N Sum 13837 1841 552 16230 N Valid Sum 13837 1841 15678 printed 25.01.2012 page 74 Eurobarometer 58.2 - October-December 2002,isocntry M AT 748 (80.2) 185 (19.8) 89 1022 933 BE 878 (82.8) 183 (17.2) 49 1110 1061 DE-E 819 (84.1) 155 (15.9) 46 1020 974 DE-W 806 (83.3) 162 (16.7) 53 1021 968 DK 824 (85.3) 142 (14.7) 35 1001 966 ES 878 (89.7) 101 (10.3) 21 1000 979 FI 894 (89.8) 102 (10.2) 28 1024 996 FR 917 (89.6) 106 (10.4) 14 1037 1023 GB-GBN 888 (89.8) 101 (10.2) 21 1010 989 GB-NIR 260 (87.5) 37 (12.5) 5 302 297 GR 958 (96.7) 33 (3.3) 12 1003 991 IE 883 (90.9) 88 (9.1) 42 1013 971 IT 837 (84.5) 154 (15.5) 36 1027 991 LU 550 (93.4) 39 (6.6) 13 602 589 NL 916 (91.1) 89 (8.9) 30 1035 1005 PT 865 (90.3) 93 (9.7) 45 1003 958 SE 916 (92.8) 71 (7.2) 13 1000 987 N Sum 13837 1841 552 16230 N Valid Sum 13837 1841 15678 printed 25.01.2012 page 74 Eurobarometer 58.2 - October-December 2002,GESIS Variable Report,100,ZA3886
v68,v68 1 2 3 N Sum N Valid Sum,Q15 HEALTH FACTOR: RADIOACTIVITY,isocntry M AT 912 (93.5) 63 (6.5) 48 1023 975 BE 994 (94.5) 58 (5.5) 59 1111 1052 DE-E 942 (94.9) 51 (5.1) 27 1020 993 DE-W 930 (95.7) 42 (4.3) 50 1022 972 DK 919 (94.9) 49 (5.1) 32 1000 968 ES 958 (97.9) 21 (2.1) 21 1000 979 FI 940 (94.5) 55 (5.5) 28 1023 995 FR 990 (96.7) 34 (3.3) 13 1037 1024 GB-GBN 926 (94.8) 51 (5.2) 33 1010 977 GB-NIR 277 (92.6) 22 (7.4) 3 302 299 GR 991 (99.7) 3 (0.3) 9 1003 994 IE 959 (97.0) 30 (3.0) 24 1013 989 IT 986 (97.5) 25 (2.5) 17 1028 1011 LU 580 (98.0) 12 (2.0) 11 603 592 NL 966 (95.4) 47 (4.6) 22 1035 1013 PT 893 (95.1) 46 (4.9) 62 1001 939 SE 951 (96.6) 33 (3.4) 16 1000 984 N Sum 15114 642 475 16231 N Valid Sum 15114 642 15756 printed 25.01.2012 page 75 Eurobarometer 58.2 - October-December 2002,isocntry M AT 912 (93.5) 63 (6.5) 48 1023 975 BE 994 (94.5) 58 (5.5) 59 1111 1052 DE-E 942 (94.9) 51 (5.1) 27 1020 993 DE-W 930 (95.7) 42 (4.3) 50 1022 972 DK 919 (94.9) 49 (5.1) 32 1000 968 ES 958 (97.9) 21 (2.1) 21 1000 979 FI 940 (94.5) 55 (5.5) 28 1023 995 FR 990 (96.7) 34 (3.3) 13 1037 1024 GB-GBN 926 (94.8) 51 (5.2) 33 1010 977 GB-NIR 277 (92.6) 22 (7.4) 3 302 299 GR 991 (99.7) 3 (0.3) 9 1003 994 IE 959 (97.0) 30 (3.0) 24 1013 989 IT 986 (97.5) 25 (2.5) 17 1028 1011 LU 580 (98.0) 12 (2.0) 11 603 592 NL 966 (95.4) 47 (4.6) 22 1035 1013 PT 893 (95.1) 46 (4.9) 62 1001 939 SE 951 (96.6) 33 (3.4) 16 1000 984 N Sum 15114 642 475 16231 N Valid Sum 15114 642 15756 printed 25.01.2012 page 75 Eurobarometer 58.2 - October-December 2002,GESIS Variable Report,101,ZA3886
v69,v69 1 2 3 N Sum N Valid Sum,Q15 HEALTH FACTOR: HOUSING CONDITIONS,isocntry M AT 719 (75.5) 233 (24.5) 71 1023 952 BE 698 (67.2) 340 (32.8) 72 1110 1038 DE-E 616 (63.9) 348 (36.1) 56 1020 964 DE-W 647 (69.3) 287 (30.7) 88 1022 934 DK 871 (89.5) 102 (10.5) 27 1000 973 ES 683 (76.1) 214 (23.9) 103 1000 897 FI 856 (87.3) 125 (12.7) 44 1025 981 FR 780 (77.6) 225 (22.4) 33 1038 1005 GB-GBN 800 (83.1) 163 (16.9) 47 1010 963 GB-NIR 236 (80.0) 59 (20.0) 7 302 295 GR 870 (89.5) 102 (10.5) 31 1003 972 IE 792 (83.7) 154 (16.3) 67 1013 946 IT 791 (81.7) 177 (18.3) 59 1027 968 LU 458 (81.6) 103 (18.4) 41 602 561 NL 812 (83.5) 160 (16.5) 63 1035 972 PT 776 (82.2) 168 (17.8) 58 1002 944 SE 872 (90.6) 91 (9.4) 38 1001 963 N Sum 12277 3051 905 16233 N Valid Sum 12277 3051 15328 printed 25.01.2012 page 76 Eurobarometer 58.2 - October-December 2002,isocntry M AT 719 (75.5) 233 (24.5) 71 1023 952 BE 698 (67.2) 340 (32.8) 72 1110 1038 DE-E 616 (63.9) 348 (36.1) 56 1020 964 DE-W 647 (69.3) 287 (30.7) 88 1022 934 DK 871 (89.5) 102 (10.5) 27 1000 973 ES 683 (76.1) 214 (23.9) 103 1000 897 FI 856 (87.3) 125 (12.7) 44 1025 981 FR 780 (77.6) 225 (22.4) 33 1038 1005 GB-GBN 800 (83.1) 163 (16.9) 47 1010 963 GB-NIR 236 (80.0) 59 (20.0) 7 302 295 GR 870 (89.5) 102 (10.5) 31 1003 972 IE 792 (83.7) 154 (16.3) 67 1013 946 IT 791 (81.7) 177 (18.3) 59 1027 968 LU 458 (81.6) 103 (18.4) 41 602 561 NL 812 (83.5) 160 (16.5) 63 1035 972 PT 776 (82.2) 168 (17.8) 58 1002 944 SE 872 (90.6) 91 (9.4) 38 1001 963 N Sum 12277 3051 905 16233 N Valid Sum 12277 3051 15328 printed 25.01.2012 page 76 Eurobarometer 58.2 - October-December 2002,GESIS Variable Report,102,ZA3886
v70,v70 1 2 3 N Sum N Valid Sum,Q15 HEALTH FACTOR: MOB PHONE HANDSETS,isocntry M AT 509 (60.0) 339 (40.0) 176 1024 848 BE 435 (47.4) 482 (52.6) 193 1110 917 DE-E 456 (55.7) 362 (44.3) 202 1020 818 DE-W 545 (64.4) 301 (35.6) 176 1022 846 DK 394 (51.7) 368 (48.3) 238 1000 762 ES 534 (65.5) 281 (34.5) 185 1000 815 FI 214 (26.5) 593 (73.5) 217 1024 807 FR 531 (63.0) 312 (37.0) 194 1037 843 GB-GBN 485 (64.2) 270 (35.8) 255 1010 755 GB-NIR 150 (67.0) 74 (33.0) 78 302 224 GR 837 (91.2) 81 (8.8) 85 1003 918 IE 627 (74.9) 210 (25.1) 175 1012 837 IT 767 (83.2) 155 (16.8) 105 1027 922 LU 372 (75.2) 123 (24.8) 107 602 495 NL 339 (41.9) 470 (58.1) 226 1035 809 PT 682 (80.3) 167 (19.7) 153 1002 849 SE 608 (72.6) 230 (27.4) 162 1000 838 N Sum 8485 4818 2927 16230 N Valid Sum 8485 4818 13303 printed 25.01.2012 page 77 Eurobarometer 58.2 - October-December 2002,isocntry M AT 509 (60.0) 339 (40.0) 176 1024 848 BE 435 (47.4) 482 (52.6) 193 1110 917 DE-E 456 (55.7) 362 (44.3) 202 1020 818 DE-W 545 (64.4) 301 (35.6) 176 1022 846 DK 394 (51.7) 368 (48.3) 238 1000 762 ES 534 (65.5) 281 (34.5) 185 1000 815 FI 214 (26.5) 593 (73.5) 217 1024 807 FR 531 (63.0) 312 (37.0) 194 1037 843 GB-GBN 485 (64.2) 270 (35.8) 255 1010 755 GB-NIR 150 (67.0) 74 (33.0) 78 302 224 GR 837 (91.2) 81 (8.8) 85 1003 918 IE 627 (74.9) 210 (25.1) 175 1012 837 IT 767 (83.2) 155 (16.8) 105 1027 922 LU 372 (75.2) 123 (24.8) 107 602 495 NL 339 (41.9) 470 (58.1) 226 1035 809 PT 682 (80.3) 167 (19.7) 153 1002 849 SE 608 (72.6) 230 (27.4) 162 1000 838 N Sum 8485 4818 2927 16230 N Valid Sum 8485 4818 13303 printed 25.01.2012 page 77 Eurobarometer 58.2 - October-December 2002,GESIS Variable Report,103,ZA3886
v71,v71 1 2 3 N Sum N Valid Sum,Q15 HEALTH FACTOR: MOB PHONE MASTS,isocntry M AT 610 (74.2) 212 (25.8) 201 1023 822 BE 471 (51.7) 440 (48.3) 199 1110 911 DE-E 508 (65.5) 268 (34.5) 244 1020 776 DE-W 581 (70.6) 242 (29.4) 199 1022 823 DK 313 (44.7) 387 (55.3) 300 1000 700 ES 628 (76.6) 192 (23.4) 179 999 820 FI 203 (25.7) 586 (74.3) 235 1024 789 FR 523 (64.8) 284 (35.2) 230 1037 807 GB-GBN 492 (67.1) 241 (32.9) 276 1009 733 GB-NIR 170 (72.3) 65 (27.7) 67 302 235 GR 832 (94.1) 52 (5.9) 119 1003 884 IE 740 (85.6) 124 (14.4) 149 1013 864 IT 831 (88.0) 113 (12.0) 83 1027 944 LU 378 (77.1) 112 (22.9) 112 602 490 NL 339 (43.5) 440 (56.5) 256 1035 779 PT 714 (84.9) 127 (15.1) 161 1002 841 SE 554 (69.4) 244 (30.6) 202 1000 798 N Sum 8887 4129 3212 16228 N Valid Sum 8887 4129 13016 printed 25.01.2012 page 78 Eurobarometer 58.2 - October-December 2002,isocntry M AT 610 (74.2) 212 (25.8) 201 1023 822 BE 471 (51.7) 440 (48.3) 199 1110 911 DE-E 508 (65.5) 268 (34.5) 244 1020 776 DE-W 581 (70.6) 242 (29.4) 199 1022 823 DK 313 (44.7) 387 (55.3) 300 1000 700 ES 628 (76.6) 192 (23.4) 179 999 820 FI 203 (25.7) 586 (74.3) 235 1024 789 FR 523 (64.8) 284 (35.2) 230 1037 807 GB-GBN 492 (67.1) 241 (32.9) 276 1009 733 GB-NIR 170 (72.3) 65 (27.7) 67 302 235 GR 832 (94.1) 52 (5.9) 119 1003 884 IE 740 (85.6) 124 (14.4) 149 1013 864 IT 831 (88.0) 113 (12.0) 83 1027 944 LU 378 (77.1) 112 (22.9) 112 602 490 NL 339 (43.5) 440 (56.5) 256 1035 779 PT 714 (84.9) 127 (15.1) 161 1002 841 SE 554 (69.4) 244 (30.6) 202 1000 798 N Sum 8887 4129 3212 16228 N Valid Sum 8887 4129 13016 printed 25.01.2012 page 78 Eurobarometer 58.2 - October-December 2002,GESIS Variable Report,104,ZA3886
v72,v72 1 2 3 N Sum N Valid Sum,Q15 HEALTH FACTOR: ELECTRIC EQUIPM HH,isocntry M AT 402 (45.3) 485 (54.7) 136 1023 887 BE 240 (24.1) 757 (75.9) 113 1110 997 DE-E 266 (30.8) 599 (69.2) 155 1020 865 DE-W 327 (37.9) 535 (62.1) 160 1022 862 DK 261 (30.9) 584 (69.1) 156 1001 845 ES 445 (52.9) 397 (47.1) 159 1001 842 FI 233 (25.5) 681 (74.5) 110 1024 914 FR 296 (32.3) 621 (67.7) 121 1038 917 GB-GBN 285 (32.8) 583 (67.2) 143 1011 868 GB-NIR 91 (33.2) 183 (66.8) 27 301 274 GR 466 (51.4) 440 (48.6) 97 1003 906 IE 435 (49.2) 450 (50.8) 128 1013 885 IT 467 (50.4) 459 (49.6) 102 1028 926 LU 241 (45.1) 293 (54.9) 67 601 534 NL 215 (24.4) 666 (75.6) 154 1035 881 PT 495 (55.9) 391 (44.1) 116 1002 886 SE 334 (38.5) 534 (61.5) 132 1000 868 N Sum 5499 8658 2076 16233 N Valid Sum 5499 8658 14157 printed 25.01.2012 page 79 Eurobarometer 58.2 - October-December 2002,isocntry M AT 402 (45.3) 485 (54.7) 136 1023 887 BE 240 (24.1) 757 (75.9) 113 1110 997 DE-E 266 (30.8) 599 (69.2) 155 1020 865 DE-W 327 (37.9) 535 (62.1) 160 1022 862 DK 261 (30.9) 584 (69.1) 156 1001 845 ES 445 (52.9) 397 (47.1) 159 1001 842 FI 233 (25.5) 681 (74.5) 110 1024 914 FR 296 (32.3) 621 (67.7) 121 1038 917 GB-GBN 285 (32.8) 583 (67.2) 143 1011 868 GB-NIR 91 (33.2) 183 (66.8) 27 301 274 GR 466 (51.4) 440 (48.6) 97 1003 906 IE 435 (49.2) 450 (50.8) 128 1013 885 IT 467 (50.4) 459 (49.6) 102 1028 926 LU 241 (45.1) 293 (54.9) 67 601 534 NL 215 (24.4) 666 (75.6) 154 1035 881 PT 495 (55.9) 391 (44.1) 116 1002 886 SE 334 (38.5) 534 (61.5) 132 1000 868 N Sum 5499 8658 2076 16233 N Valid Sum 5499 8658 14157 printed 25.01.2012 page 79 Eurobarometer 58.2 - October-December 2002,GESIS Variable Report,105,ZA3886
v73,v73 1 2 3 N Sum N Valid Sum,Q15 HEALTH FACTOR: COMPUTERS,isocntry M AT 499 (57.8) 365 (42.2) 159 1023 864 BE 351 (36.8) 602 (63.2) 157 1110 953 DE-E 398 (47.4) 442 (52.6) 181 1021 840 DE-W 452 (53.6) 391 (46.4) 179 1022 843 DK 443 (52.6) 399 (47.4) 158 1000 842 ES 476 (59.3) 327 (40.7) 196 999 803 FI 372 (42.4) 505 (57.6) 147 1024 877 FR 424 (48.2) 455 (51.8) 158 1037 879 GB-GBN 399 (46.4) 460 (53.6) 152 1011 859 GB-NIR 120 (45.6) 143 (54.4) 40 303 263 GR 767 (85.4) 131 (14.6) 105 1003 898 IE 488 (57.4) 362 (42.6) 163 1013 850 IT 624 (67.7) 298 (32.3) 106 1028 922 LU 327 (64.0) 184 (36.0) 91 602 511 NL 380 (42.6) 513 (57.4) 143 1036 893 PT 579 (68.6) 265 (31.4) 158 1002 844 SE 651 (71.5) 260 (28.5) 89 1000 911 N Sum 7750 6102 2382 16234 N Valid Sum 7750 6102 13852 printed 25.01.2012 page 80 Eurobarometer 58.2 - October-December 2002,isocntry M AT 499 (57.8) 365 (42.2) 159 1023 864 BE 351 (36.8) 602 (63.2) 157 1110 953 DE-E 398 (47.4) 442 (52.6) 181 1021 840 DE-W 452 (53.6) 391 (46.4) 179 1022 843 DK 443 (52.6) 399 (47.4) 158 1000 842 ES 476 (59.3) 327 (40.7) 196 999 803 FI 372 (42.4) 505 (57.6) 147 1024 877 FR 424 (48.2) 455 (51.8) 158 1037 879 GB-GBN 399 (46.4) 460 (53.6) 152 1011 859 GB-NIR 120 (45.6) 143 (54.4) 40 303 263 GR 767 (85.4) 131 (14.6) 105 1003 898 IE 488 (57.4) 362 (42.6) 163 1013 850 IT 624 (67.7) 298 (32.3) 106 1028 922 LU 327 (64.0) 184 (36.0) 91 602 511 NL 380 (42.6) 513 (57.4) 143 1036 893 PT 579 (68.6) 265 (31.4) 158 1002 844 SE 651 (71.5) 260 (28.5) 89 1000 911 N Sum 7750 6102 2382 16234 N Valid Sum 7750 6102 13852 printed 25.01.2012 page 80 Eurobarometer 58.2 - October-December 2002,GESIS Variable Report,106,ZA3886
v74,v74 1 2 3 N Sum N Valid Sum,Q15 HEALTH FACTOR: HGH TENS POWER LINES,isocntry M AT 669 (76.5) 205 (23.5) 150 1024 874 BE 600 (63.2) 349 (36.8) 160 1109 949 DE-E 471 (58.0) 341 (42.0) 208 1020 812 DE-W 561 (66.9) 278 (33.1) 184 1023 839 DK 608 (72.0) 237 (28.0) 155 1000 845 ES 790 (88.4) 104 (11.6) 107 1001 894 FI 527 (60.2) 348 (39.8) 149 1024 875 FR 659 (72.1) 255 (27.9) 123 1037 914 GB-GBN 576 (71.5) 230 (28.5) 204 1010 806 GB-NIR 194 (75.5) 63 (24.5) 44 301 257 GR 879 (94.7) 49 (5.3) 76 1004 928 IE 761 (86.3) 121 (13.7) 131 1013 882 IT 774 (81.3) 178 (18.7) 75 1027 952 LU 408 (77.3) 120 (22.7) 73 601 528 NL 454 (53.5) 395 (46.5) 186 1035 849 PT 725 (84.7) 131 (15.3) 146 1002 856 SE 802 (87.3) 117 (12.7) 81 1000 919 N Sum 10458 3521 2252 16231 N Valid Sum 10458 3521 13979 printed 25.01.2012 page 81 Eurobarometer 58.2 - October-December 2002,isocntry M AT 669 (76.5) 205 (23.5) 150 1024 874 BE 600 (63.2) 349 (36.8) 160 1109 949 DE-E 471 (58.0) 341 (42.0) 208 1020 812 DE-W 561 (66.9) 278 (33.1) 184 1023 839 DK 608 (72.0) 237 (28.0) 155 1000 845 ES 790 (88.4) 104 (11.6) 107 1001 894 FI 527 (60.2) 348 (39.8) 149 1024 875 FR 659 (72.1) 255 (27.9) 123 1037 914 GB-GBN 576 (71.5) 230 (28.5) 204 1010 806 GB-NIR 194 (75.5) 63 (24.5) 44 301 257 GR 879 (94.7) 49 (5.3) 76 1004 928 IE 761 (86.3) 121 (13.7) 131 1013 882 IT 774 (81.3) 178 (18.7) 75 1027 952 LU 408 (77.3) 120 (22.7) 73 601 528 NL 454 (53.5) 395 (46.5) 186 1035 849 PT 725 (84.7) 131 (15.3) 146 1002 856 SE 802 (87.3) 117 (12.7) 81 1000 919 N Sum 10458 3521 2252 16231 N Valid Sum 10458 3521 13979 printed 25.01.2012 page 81 Eurobarometer 58.2 - October-December 2002,GESIS Variable Report,107,ZA3886
v75,,Q16 HEALTH PROBL: NOT ANY OF THESE,,Q16 HEALTH PROBL: NOT ANY OF THESE,GESIS Variable Report,108,ZA3886
v76,,Q16 HEALTH PROBL: AIR QUAL OUTDOOR,,Q16 HEALTH PROBL: AIR QUAL OUTDOOR,GESIS Variable Report,109,ZA3886
v77,,Q16 HEALTH PROBL: AIR QUAL INDOOR,,Q16 HEALTH PROBL: AIR QUAL INDOOR,GESIS Variable Report,110,ZA3886
v78,,Q16 HEALTH PROBL: DRINK WATER QUAL,,Q16 HEALTH PROBL: DRINK WATER QUAL,GESIS Variable Report,111,ZA3886
v79,,Q16 HEALTH PROBL: RIVER/LAKE WATER,,Q16 HEALTH PROBL: RIVER/LAKE WATER,GESIS Variable Report,112,ZA3886
v80,,Q16 HEALTH PROBL: NOISE,,Q16 HEALTH PROBL: NOISE,GESIS Variable Report,113,ZA3886
v81,,Q16 HEALTH PROBL: DUMPING OF WASTE,,Q16 HEALTH PROBL: DUMPING OF WASTE,GESIS Variable Report,114,ZA3886
v82,,Q16 HEALTH PROBL: FOOD PRODUCT QUAL,,Q16 HEALTH PROBL: FOOD PRODUCT QUAL,GESIS Variable Report,115,ZA3886
v83,,Q16 HEALTH PROBL: CHEMICALS,,Q16 HEALTH PROBL: CHEMICALS,GESIS Variable Report,116,ZA3886
v84,,Q16 HEALTH PROBL: EXPOSURE TO SUN,,Q16 HEALTH PROBL: EXPOSURE TO SUN,GESIS Variable Report,117,ZA3886
v85,,Q16 HEALTH PROBL: RADIOACTIVITY,,Q16 HEALTH PROBL: RADIOACTIVITY,GESIS Variable Report,118,ZA3886
v86,,Q16 HEALTH PROBL: HOUSING CONDITIONS,,Q16 HEALTH PROBL: HOUSING CONDITIONS,GESIS Variable Report,119,ZA3886
v87,,Q16 HEALTH PROBL: MOB PHONE HANDSETS,,Q16 HEALTH PROBL: MOB PHONE HANDSETS,GESIS Variable Report,120,ZA3886
v88,,Q16 HEALTH PROBL: MOB PHONE MASTS,,Q16 HEALTH PROBL: MOB PHONE MASTS,GESIS Variable Report,121,ZA3886
v89,,Q16 HEALTH PROBL: ELECTRIC EQUIPM HH,,Q16 HEALTH PROBL: ELECTRIC EQUIPM HH,GESIS Variable Report,122,ZA3886
v90,,Q16 HEALTH PROBL: COMPUTERS,,Q16 HEALTH PROBL: COMPUTERS,GESIS Variable Report,123,ZA3886
v91,,Q16 HEALTH PROBL: HGH TENS POWER LINES,,Q16 HEALTH PROBL: HGH TENS POWER LINES,GESIS Variable Report,124,ZA3886
v92,,Q16 HEALTH PROBL: DK,,Q16 HEALTH PROBL: DK,GESIS Variable Report,125,ZA3886
v93,v93 0 1 N Sum N Valid Sum,Q17A ENVIRONM EVR DONE: RUBBISH DISPOSL,isocntry AT 221 (21.6) 802 (78.4) 1023 1023 BE 94 (8.5) 1016 (91.5) 1110 1110 DE-E 214 (21.0) 806 (79.0) 1020 1020 DE-W 173 (16.9) 849 (83.1) 1022 1022 DK 144 (14.4) 856 (85.6) 1000 1000 ES 120 (12.0) 880 (88.0) 1000 1000 FI 107 (10.4) 917 (89.6) 1024 1024 FR 96 (9.3) 941 (90.7) 1037 1037 GB-GBN 152 (15.0) 858 (85.0) 1010 1010 GB-NIR 31 (10.3) 271 (89.7) 302 302 GR 178 (17.7) 825 (82.3) 1003 1003 IE 127 (12.5) 886 (87.5) 1013 1013 IT 115 (11.2) 912 (88.8) 1027 1027 LU 46 (7.6) 556 (92.4) 602 602 NL 333 (32.2) 702 (67.8) 1035 1035 PT 117 (11.7) 885 (88.3) 1002 1002 SE 120 (12.0) 880 (88.0) 1000 1000 N Sum 2388 13842 16230 N Valid Sum 2388 13842 16230 printed 25.01.2012 page 100 Eurobarometer 58.2 - October-December 2002,isocntry AT 221 (21.6) 802 (78.4) 1023 1023 BE 94 (8.5) 1016 (91.5) 1110 1110 DE-E 214 (21.0) 806 (79.0) 1020 1020 DE-W 173 (16.9) 849 (83.1) 1022 1022 DK 144 (14.4) 856 (85.6) 1000 1000 ES 120 (12.0) 880 (88.0) 1000 1000 FI 107 (10.4) 917 (89.6) 1024 1024 FR 96 (9.3) 941 (90.7) 1037 1037 GB-GBN 152 (15.0) 858 (85.0) 1010 1010 GB-NIR 31 (10.3) 271 (89.7) 302 302 GR 178 (17.7) 825 (82.3) 1003 1003 IE 127 (12.5) 886 (87.5) 1013 1013 IT 115 (11.2) 912 (88.8) 1027 1027 LU 46 (7.6) 556 (92.4) 602 602 NL 333 (32.2) 702 (67.8) 1035 1035 PT 117 (11.7) 885 (88.3) 1002 1002 SE 120 (12.0) 880 (88.0) 1000 1000 N Sum 2388 13842 16230 N Valid Sum 2388 13842 16230 printed 25.01.2012 page 100 Eurobarometer 58.2 - October-December 2002,GESIS Variable Report,126,ZA3886
v94,v94 0 1 N Sum N Valid Sum,Q17A ENVIRONM EVR DONE: SAVE TAP WATER,isocntry AT 669 (65.4) 354 (34.6) 1023 1023 BE 525 (47.3) 585 (52.7) 1110 1110 DE-E 471 (46.2) 549 (53.8) 1020 1020 DE-W 504 (49.3) 518 (50.7) 1022 1022 DK 285 (28.5) 715 (71.5) 1000 1000 ES 343 (34.3) 657 (65.7) 1000 1000 FI 611 (59.7) 413 (40.3) 1024 1024 FR 357 (34.4) 680 (65.6) 1037 1037 GB-GBN 605 (59.9) 405 (40.1) 1010 1010 GB-NIR 194 (64.2) 108 (35.8) 302 302 GR 498 (49.7) 505 (50.3) 1003 1003 IE 571 (56.4) 442 (43.6) 1013 1013 IT 616 (60.0) 411 (40.0) 1027 1027 LU 208 (34.6) 394 (65.4) 602 602 NL 596 (57.6) 439 (42.4) 1035 1035 PT 348 (34.7) 654 (65.3) 1002 1002 SE 573 (57.3) 427 (42.7) 1000 1000 N Sum 7974 8256 16230 N Valid Sum 7974 8256 16230 printed 25.01.2012 page 101 Eurobarometer 58.2 - October-December 2002,isocntry AT 669 (65.4) 354 (34.6) 1023 1023 BE 525 (47.3) 585 (52.7) 1110 1110 DE-E 471 (46.2) 549 (53.8) 1020 1020 DE-W 504 (49.3) 518 (50.7) 1022 1022 DK 285 (28.5) 715 (71.5) 1000 1000 ES 343 (34.3) 657 (65.7) 1000 1000 FI 611 (59.7) 413 (40.3) 1024 1024 FR 357 (34.4) 680 (65.6) 1037 1037 GB-GBN 605 (59.9) 405 (40.1) 1010 1010 GB-NIR 194 (64.2) 108 (35.8) 302 302 GR 498 (49.7) 505 (50.3) 1003 1003 IE 571 (56.4) 442 (43.6) 1013 1013 IT 616 (60.0) 411 (40.0) 1027 1027 LU 208 (34.6) 394 (65.4) 602 602 NL 596 (57.6) 439 (42.4) 1035 1035 PT 348 (34.7) 654 (65.3) 1002 1002 SE 573 (57.3) 427 (42.7) 1000 1000 N Sum 7974 8256 16230 N Valid Sum 7974 8256 16230 printed 25.01.2012 page 101 Eurobarometer 58.2 - October-December 2002,GESIS Variable Report,127,ZA3886
v95,v95 0 1 N Sum N Valid Sum,Q17A ENVIRONM EVR DONE: AVOID NOISE,isocntry AT 495 (48.4) 528 (51.6) 1023 1023 BE 420 (37.8) 690 (62.2) 1110 1110 DE-E 359 (35.2) 661 (64.8) 1020 1020 DE-W 358 (35.0) 664 (65.0) 1022 1022 DK 402 (40.2) 598 (59.8) 1000 1000 ES 324 (32.4) 676 (67.6) 1000 1000 FI 351 (34.3) 673 (65.7) 1024 1024 FR 234 (22.6) 803 (77.4) 1037 1037 GB-GBN 357 (35.3) 653 (64.7) 1010 1010 GB-NIR 139 (46.0) 163 (54.0) 302 302 GR 318 (31.7) 685 (68.3) 1003 1003 IE 454 (44.8) 559 (55.2) 1013 1013 IT 403 (39.2) 624 (60.8) 1027 1027 LU 114 (18.9) 488 (81.1) 602 602 NL 445 (43.0) 590 (57.0) 1035 1035 PT 308 (30.7) 694 (69.3) 1002 1002 SE 284 (28.4) 716 (71.6) 1000 1000 N Sum 5765 10465 16230 N Valid Sum 5765 10465 16230 printed 25.01.2012 page 102 Eurobarometer 58.2 - October-December 2002,isocntry AT 495 (48.4) 528 (51.6) 1023 1023 BE 420 (37.8) 690 (62.2) 1110 1110 DE-E 359 (35.2) 661 (64.8) 1020 1020 DE-W 358 (35.0) 664 (65.0) 1022 1022 DK 402 (40.2) 598 (59.8) 1000 1000 ES 324 (32.4) 676 (67.6) 1000 1000 FI 351 (34.3) 673 (65.7) 1024 1024 FR 234 (22.6) 803 (77.4) 1037 1037 GB-GBN 357 (35.3) 653 (64.7) 1010 1010 GB-NIR 139 (46.0) 163 (54.0) 302 302 GR 318 (31.7) 685 (68.3) 1003 1003 IE 454 (44.8) 559 (55.2) 1013 1013 IT 403 (39.2) 624 (60.8) 1027 1027 LU 114 (18.9) 488 (81.1) 602 602 NL 445 (43.0) 590 (57.0) 1035 1035 PT 308 (30.7) 694 (69.3) 1002 1002 SE 284 (28.4) 716 (71.6) 1000 1000 N Sum 5765 10465 16230 N Valid Sum 5765 10465 16230 printed 25.01.2012 page 102 Eurobarometer 58.2 - October-December 2002,GESIS Variable Report,128,ZA3886
v96,v96 0 1 N Sum N Valid Sum,Q17A ENVIRONM EVR DONE: RED CAR EXHAUST,isocntry AT 650 (63.5) 373 (36.5) 1023 1023 BE 816 (73.5) 294 (26.5) 1110 1110 DE-E 710 (69.6) 310 (30.4) 1020 1020 DE-W 563 (55.1) 459 (44.9) 1022 1022 DK 681 (68.1) 319 (31.9) 1000 1000 ES 811 (81.1) 189 (18.9) 1000 1000 FI 729 (71.2) 295 (28.8) 1024 1024 FR 741 (71.5) 296 (28.5) 1037 1037 GB-GBN 735 (72.8) 275 (27.2) 1010 1010 GB-NIR 246 (81.5) 56 (18.5) 302 302 GR 817 (81.5) 186 (18.5) 1003 1003 IE 845 (83.4) 168 (16.6) 1013 1013 IT 585 (57.0) 442 (43.0) 1027 1027 LU 242 (40.2) 360 (59.8) 602 602 NL 775 (74.9) 260 (25.1) 1035 1035 PT 923 (92.1) 79 (7.9) 1002 1002 SE 538 (53.8) 462 (46.2) 1000 1000 N Sum 11407 4823 16230 N Valid Sum 11407 4823 16230 printed 25.01.2012 page 103 Eurobarometer 58.2 - October-December 2002,isocntry AT 650 (63.5) 373 (36.5) 1023 1023 BE 816 (73.5) 294 (26.5) 1110 1110 DE-E 710 (69.6) 310 (30.4) 1020 1020 DE-W 563 (55.1) 459 (44.9) 1022 1022 DK 681 (68.1) 319 (31.9) 1000 1000 ES 811 (81.1) 189 (18.9) 1000 1000 FI 729 (71.2) 295 (28.8) 1024 1024 FR 741 (71.5) 296 (28.5) 1037 1037 GB-GBN 735 (72.8) 275 (27.2) 1010 1010 GB-NIR 246 (81.5) 56 (18.5) 302 302 GR 817 (81.5) 186 (18.5) 1003 1003 IE 845 (83.4) 168 (16.6) 1013 1013 IT 585 (57.0) 442 (43.0) 1027 1027 LU 242 (40.2) 360 (59.8) 602 602 NL 775 (74.9) 260 (25.1) 1035 1035 PT 923 (92.1) 79 (7.9) 1002 1002 SE 538 (53.8) 462 (46.2) 1000 1000 N Sum 11407 4823 16230 N Valid Sum 11407 4823 16230 printed 25.01.2012 page 103 Eurobarometer 58.2 - October-December 2002,GESIS Variable Report,129,ZA3886
v97,v97 0 1 N Sum N Valid Sum,Q17A ENVIRONM EVR DONE: ASSOC MEMBERSHIP,isocntry AT 922 (90.1) 101 (9.9) 1023 1023 BE 1043 (94.0) 67 (6.0) 1110 1110 DE-E 980 (96.1) 40 (3.9) 1020 1020 DE-W 942 (92.2) 80 (7.8) 1022 1022 DK 869 (86.9) 131 (13.1) 1000 1000 ES 974 (97.4) 26 (2.6) 1000 1000 FI 967 (94.4) 57 (5.6) 1024 1024 FR 993 (95.8) 44 (4.2) 1037 1037 GB-GBN 929 (92.0) 81 (8.0) 1010 1010 GB-NIR 285 (94.4) 17 (5.6) 302 302 GR 962 (95.9) 41 (4.1) 1003 1003 IE 938 (92.6) 75 (7.4) 1013 1013 IT 964 (93.9) 63 (6.1) 1027 1027 LU 489 (81.2) 113 (18.8) 602 602 NL 854 (82.5) 181 (17.5) 1035 1035 PT 987 (98.5) 15 (1.5) 1002 1002 SE 848 (84.8) 152 (15.2) 1000 1000 N Sum 14946 1284 16230 N Valid Sum 14946 1284 16230 printed 25.01.2012 page 104 Eurobarometer 58.2 - October-December 2002,isocntry AT 922 (90.1) 101 (9.9) 1023 1023 BE 1043 (94.0) 67 (6.0) 1110 1110 DE-E 980 (96.1) 40 (3.9) 1020 1020 DE-W 942 (92.2) 80 (7.8) 1022 1022 DK 869 (86.9) 131 (13.1) 1000 1000 ES 974 (97.4) 26 (2.6) 1000 1000 FI 967 (94.4) 57 (5.6) 1024 1024 FR 993 (95.8) 44 (4.2) 1037 1037 GB-GBN 929 (92.0) 81 (8.0) 1010 1010 GB-NIR 285 (94.4) 17 (5.6) 302 302 GR 962 (95.9) 41 (4.1) 1003 1003 IE 938 (92.6) 75 (7.4) 1013 1013 IT 964 (93.9) 63 (6.1) 1027 1027 LU 489 (81.2) 113 (18.8) 602 602 NL 854 (82.5) 181 (17.5) 1035 1035 PT 987 (98.5) 15 (1.5) 1002 1002 SE 848 (84.8) 152 (15.2) 1000 1000 N Sum 14946 1284 16230 N Valid Sum 14946 1284 16230 printed 25.01.2012 page 104 Eurobarometer 58.2 - October-December 2002,GESIS Variable Report,130,ZA3886
v98,v98 0 1 N Sum N Valid Sum,Q17A ENVIRONM EVR DONE: ASSOC SUPPORT,isocntry AT 813 (79.5) 210 (20.5) 1023 1023 BE 1004 (90.5) 106 (9.5) 1110 1110 DE-E 932 (91.4) 88 (8.6) 1020 1020 DE-W 833 (81.5) 189 (18.5) 1022 1022 DK 751 (75.1) 249 (24.9) 1000 1000 ES 982 (98.2) 18 (1.8) 1000 1000 FI 895 (87.4) 129 (12.6) 1024 1024 FR 977 (94.2) 60 (5.8) 1037 1037 GB-GBN 888 (87.9) 122 (12.1) 1010 1010 GB-NIR 256 (84.8) 46 (15.2) 302 302 GR 939 (93.6) 64 (6.4) 1003 1003 IE 881 (87.0) 132 (13.0) 1013 1013 IT 958 (93.3) 69 (6.7) 1027 1027 LU 393 (65.3) 209 (34.7) 602 602 NL 793 (76.6) 242 (23.4) 1035 1035 PT 957 (95.5) 45 (4.5) 1002 1002 SE 759 (75.9) 241 (24.1) 1000 1000 N Sum 14011 2219 16230 N Valid Sum 14011 2219 16230 printed 25.01.2012 page 105 Eurobarometer 58.2 - October-December 2002,isocntry AT 813 (79.5) 210 (20.5) 1023 1023 BE 1004 (90.5) 106 (9.5) 1110 1110 DE-E 932 (91.4) 88 (8.6) 1020 1020 DE-W 833 (81.5) 189 (18.5) 1022 1022 DK 751 (75.1) 249 (24.9) 1000 1000 ES 982 (98.2) 18 (1.8) 1000 1000 FI 895 (87.4) 129 (12.6) 1024 1024 FR 977 (94.2) 60 (5.8) 1037 1037 GB-GBN 888 (87.9) 122 (12.1) 1010 1010 GB-NIR 256 (84.8) 46 (15.2) 302 302 GR 939 (93.6) 64 (6.4) 1003 1003 IE 881 (87.0) 132 (13.0) 1013 1013 IT 958 (93.3) 69 (6.7) 1027 1027 LU 393 (65.3) 209 (34.7) 602 602 NL 793 (76.6) 242 (23.4) 1035 1035 PT 957 (95.5) 45 (4.5) 1002 1002 SE 759 (75.9) 241 (24.1) 1000 1000 N Sum 14011 2219 16230 N Valid Sum 14011 2219 16230 printed 25.01.2012 page 105 Eurobarometer 58.2 - October-December 2002,GESIS Variable Report,131,ZA3886
v99,v99 0 1 N Sum N Valid Sum,Q17A ENVIRONM EVR DONE: SORT WASTE TYPES,isocntry AT 341 (33.3) 682 (66.7) 1023 1023 BE 159 (14.3) 951 (85.7) 1110 1110 DE-E 200 (19.6) 820 (80.4) 1020 1020 DE-W 165 (16.1) 857 (83.9) 1022 1022 DK 244 (24.4) 756 (75.6) 1000 1000 ES 505 (50.5) 495 (49.5) 1000 1000 FI 166 (16.2) 858 (83.8) 1024 1024 FR 315 (30.4) 722 (69.6) 1037 1037 GB-GBN 445 (44.1) 565 (55.9) 1010 1010 GB-NIR 152 (50.3) 150 (49.7) 302 302 GR 849 (84.6) 154 (15.4) 1003 1003 IE 393 (38.8) 620 (61.2) 1013 1013 IT 374 (36.4) 653 (63.6) 1027 1027 LU 59 (9.8) 543 (90.2) 602 602 NL 193 (18.6) 842 (81.4) 1035 1035 PT 564 (56.3) 438 (43.7) 1002 1002 SE 174 (17.4) 826 (82.6) 1000 1000 N Sum 5298 10932 16230 N Valid Sum 5298 10932 16230 printed 25.01.2012 page 106 Eurobarometer 58.2 - October-December 2002,isocntry AT 341 (33.3) 682 (66.7) 1023 1023 BE 159 (14.3) 951 (85.7) 1110 1110 DE-E 200 (19.6) 820 (80.4) 1020 1020 DE-W 165 (16.1) 857 (83.9) 1022 1022 DK 244 (24.4) 756 (75.6) 1000 1000 ES 505 (50.5) 495 (49.5) 1000 1000 FI 166 (16.2) 858 (83.8) 1024 1024 FR 315 (30.4) 722 (69.6) 1037 1037 GB-GBN 445 (44.1) 565 (55.9) 1010 1010 GB-NIR 152 (50.3) 150 (49.7) 302 302 GR 849 (84.6) 154 (15.4) 1003 1003 IE 393 (38.8) 620 (61.2) 1013 1013 IT 374 (36.4) 653 (63.6) 1027 1027 LU 59 (9.8) 543 (90.2) 602 602 NL 193 (18.6) 842 (81.4) 1035 1035 PT 564 (56.3) 438 (43.7) 1002 1002 SE 174 (17.4) 826 (82.6) 1000 1000 N Sum 5298 10932 16230 N Valid Sum 5298 10932 16230 printed 25.01.2012 page 106 Eurobarometer 58.2 - October-December 2002,GESIS Variable Report,132,ZA3886
v100,v100 0 1 N Sum N Valid Sum,Q17A ENVIRONM EVR DONE: JOIN INITIATIVE,isocntry AT 853 (83.4) 170 (16.6) 1023 1023 BE 1023 (92.2) 87 (7.8) 1110 1110 DE-E 861 (84.4) 159 (15.6) 1020 1020 DE-W 853 (83.5) 169 (16.5) 1022 1022 DK 904 (90.4) 96 (9.6) 1000 1000 ES 934 (93.4) 66 (6.6) 1000 1000 FI 701 (68.5) 323 (31.5) 1024 1024 FR 934 (90.1) 103 (9.9) 1037 1037 GB-GBN 911 (90.2) 99 (9.8) 1010 1010 GB-NIR 275 (91.1) 27 (8.9) 302 302 GR 934 (93.1) 69 (6.9) 1003 1003 IE 848 (83.7) 165 (16.3) 1013 1013 IT 931 (90.7) 96 (9.3) 1027 1027 LU 455 (75.6) 147 (24.4) 602 602 NL 953 (92.1) 82 (7.9) 1035 1035 PT 939 (93.7) 63 (6.3) 1002 1002 SE 668 (66.8) 332 (33.2) 1000 1000 N Sum 13977 2253 16230 N Valid Sum 13977 2253 16230 printed 25.01.2012 page 107 Eurobarometer 58.2 - October-December 2002,isocntry AT 853 (83.4) 170 (16.6) 1023 1023 BE 1023 (92.2) 87 (7.8) 1110 1110 DE-E 861 (84.4) 159 (15.6) 1020 1020 DE-W 853 (83.5) 169 (16.5) 1022 1022 DK 904 (90.4) 96 (9.6) 1000 1000 ES 934 (93.4) 66 (6.6) 1000 1000 FI 701 (68.5) 323 (31.5) 1024 1024 FR 934 (90.1) 103 (9.9) 1037 1037 GB-GBN 911 (90.2) 99 (9.8) 1010 1010 GB-NIR 275 (91.1) 27 (8.9) 302 302 GR 934 (93.1) 69 (6.9) 1003 1003 IE 848 (83.7) 165 (16.3) 1013 1013 IT 931 (90.7) 96 (9.3) 1027 1027 LU 455 (75.6) 147 (24.4) 602 602 NL 953 (92.1) 82 (7.9) 1035 1035 PT 939 (93.7) 63 (6.3) 1002 1002 SE 668 (66.8) 332 (33.2) 1000 1000 N Sum 13977 2253 16230 N Valid Sum 13977 2253 16230 printed 25.01.2012 page 107 Eurobarometer 58.2 - October-December 2002,GESIS Variable Report,133,ZA3886
v101,v101 0 1 N Sum N Valid Sum,Q17A ENVIRONM EVR DONE: DEMONSTRATE,isocntry AT 905 (88.5) 118 (11.5) 1023 1023 BE 1042 (93.9) 68 (6.1) 1110 1110 DE-E 936 (91.8) 84 (8.2) 1020 1020 DE-W 886 (86.7) 136 (13.3) 1022 1022 DK 935 (93.5) 65 (6.5) 1000 1000 ES 863 (86.3) 137 (13.7) 1000 1000 FI 1001 (97.8) 23 (2.2) 1024 1024 FR 933 (90.0) 104 (10.0) 1037 1037 GB-GBN 948 (93.9) 62 (6.1) 1010 1010 GB-NIR 284 (94.0) 18 (6.0) 302 302 GR 928 (92.5) 75 (7.5) 1003 1003 IE 905 (89.3) 108 (10.7) 1013 1013 IT 938 (91.3) 89 (8.7) 1027 1027 LU 512 (85.0) 90 (15.0) 602 602 NL 997 (96.3) 38 (3.7) 1035 1035 PT 944 (94.2) 58 (5.8) 1002 1002 SE 898 (89.8) 102 (10.2) 1000 1000 N Sum 14855 1375 16230 N Valid Sum 14855 1375 16230 printed 25.01.2012 page 108 Eurobarometer 58.2 - October-December 2002,isocntry AT 905 (88.5) 118 (11.5) 1023 1023 BE 1042 (93.9) 68 (6.1) 1110 1110 DE-E 936 (91.8) 84 (8.2) 1020 1020 DE-W 886 (86.7) 136 (13.3) 1022 1022 DK 935 (93.5) 65 (6.5) 1000 1000 ES 863 (86.3) 137 (13.7) 1000 1000 FI 1001 (97.8) 23 (2.2) 1024 1024 FR 933 (90.0) 104 (10.0) 1037 1037 GB-GBN 948 (93.9) 62 (6.1) 1010 1010 GB-NIR 284 (94.0) 18 (6.0) 302 302 GR 928 (92.5) 75 (7.5) 1003 1003 IE 905 (89.3) 108 (10.7) 1013 1013 IT 938 (91.3) 89 (8.7) 1027 1027 LU 512 (85.0) 90 (15.0) 602 602 NL 997 (96.3) 38 (3.7) 1035 1035 PT 944 (94.2) 58 (5.8) 1002 1002 SE 898 (89.8) 102 (10.2) 1000 1000 N Sum 14855 1375 16230 N Valid Sum 14855 1375 16230 printed 25.01.2012 page 108 Eurobarometer 58.2 - October-December 2002,GESIS Variable Report,134,ZA3886
v102,v102 0 1 N Sum N Valid Sum,Q17A ENVIRONM EVR DONE: PRODUCT TYPES,isocntry AT 664 (64.9) 359 (35.1) 1023 1023 BE 815 (73.4) 295 (26.6) 1110 1110 DE-E 692 (67.8) 328 (32.2) 1020 1020 DE-W 529 (51.8) 493 (48.2) 1022 1022 DK 458 (45.8) 542 (54.2) 1000 1000 ES 746 (74.6) 254 (25.4) 1000 1000 FI 549 (53.6) 475 (46.4) 1024 1024 FR 663 (63.9) 374 (36.1) 1037 1037 GB-GBN 639 (63.3) 371 (36.7) 1010 1010 GB-NIR 208 (68.9) 94 (31.1) 302 302 GR 766 (76.4) 237 (23.6) 1003 1003 IE 655 (64.7) 358 (35.3) 1013 1013 IT 698 (68.0) 329 (32.0) 1027 1027 LU 229 (38.0) 373 (62.0) 602 602 NL 671 (64.8) 364 (35.2) 1035 1035 PT 801 (79.9) 201 (20.1) 1002 1002 SE 388 (38.8) 612 (61.2) 1000 1000 N Sum 10171 6059 16230 N Valid Sum 10171 6059 16230 printed 25.01.2012 page 109 Eurobarometer 58.2 - October-December 2002,isocntry AT 664 (64.9) 359 (35.1) 1023 1023 BE 815 (73.4) 295 (26.6) 1110 1110 DE-E 692 (67.8) 328 (32.2) 1020 1020 DE-W 529 (51.8) 493 (48.2) 1022 1022 DK 458 (45.8) 542 (54.2) 1000 1000 ES 746 (74.6) 254 (25.4) 1000 1000 FI 549 (53.6) 475 (46.4) 1024 1024 FR 663 (63.9) 374 (36.1) 1037 1037 GB-GBN 639 (63.3) 371 (36.7) 1010 1010 GB-NIR 208 (68.9) 94 (31.1) 302 302 GR 766 (76.4) 237 (23.6) 1003 1003 IE 655 (64.7) 358 (35.3) 1013 1013 IT 698 (68.0) 329 (32.0) 1027 1027 LU 229 (38.0) 373 (62.0) 602 602 NL 671 (64.8) 364 (35.2) 1035 1035 PT 801 (79.9) 201 (20.1) 1002 1002 SE 388 (38.8) 612 (61.2) 1000 1000 N Sum 10171 6059 16230 N Valid Sum 10171 6059 16230 printed 25.01.2012 page 109 Eurobarometer 58.2 - October-December 2002,GESIS Variable Report,135,ZA3886
v103,v103 0 1 N Sum N Valid Sum,Q17A ENVIRONM EVR DONE: LESS CAR USE,isocntry AT 693 (67.7) 330 (32.3) 1023 1023 BE 754 (67.9) 356 (32.1) 1110 1110 DE-E 555 (54.4) 465 (45.6) 1020 1020 DE-W 455 (44.5) 567 (55.5) 1022 1022 DK 545 (54.5) 455 (45.5) 1000 1000 ES 741 (74.1) 259 (25.9) 1000 1000 FI 440 (43.0) 584 (57.0) 1024 1024 FR 619 (59.7) 418 (40.3) 1037 1037 GB-GBN 662 (65.5) 348 (34.5) 1010 1010 GB-NIR 227 (75.2) 75 (24.8) 302 302 GR 760 (75.8) 243 (24.2) 1003 1003 IE 755 (74.5) 258 (25.5) 1013 1013 IT 628 (61.1) 399 (38.9) 1027 1027 LU 267 (44.4) 335 (55.6) 602 602 NL 631 (61.0) 404 (39.0) 1035 1035 PT 749 (74.8) 253 (25.2) 1002 1002 SE 422 (42.2) 578 (57.8) 1000 1000 N Sum 9903 6327 16230 N Valid Sum 9903 6327 16230 printed 25.01.2012 page 110 Eurobarometer 58.2 - October-December 2002,isocntry AT 693 (67.7) 330 (32.3) 1023 1023 BE 754 (67.9) 356 (32.1) 1110 1110 DE-E 555 (54.4) 465 (45.6) 1020 1020 DE-W 455 (44.5) 567 (55.5) 1022 1022 DK 545 (54.5) 455 (45.5) 1000 1000 ES 741 (74.1) 259 (25.9) 1000 1000 FI 440 (43.0) 584 (57.0) 1024 1024 FR 619 (59.7) 418 (40.3) 1037 1037 GB-GBN 662 (65.5) 348 (34.5) 1010 1010 GB-NIR 227 (75.2) 75 (24.8) 302 302 GR 760 (75.8) 243 (24.2) 1003 1003 IE 755 (74.5) 258 (25.5) 1013 1013 IT 628 (61.1) 399 (38.9) 1027 1027 LU 267 (44.4) 335 (55.6) 602 602 NL 631 (61.0) 404 (39.0) 1035 1035 PT 749 (74.8) 253 (25.2) 1002 1002 SE 422 (42.2) 578 (57.8) 1000 1000 N Sum 9903 6327 16230 N Valid Sum 9903 6327 16230 printed 25.01.2012 page 110 Eurobarometer 58.2 - October-December 2002,GESIS Variable Report,136,ZA3886
v104,v104 0 1 N Sum N Valid Sum,Q17A ENVIRONM EVR DONE: HOLIDAY TYPES,isocntry AT 895 (87.5) 128 (12.5) 1023 1023 BE 993 (89.5) 117 (10.5) 1110 1110 DE-E 832 (81.6) 188 (18.4) 1020 1020 DE-W 761 (74.5) 261 (25.5) 1022 1022 DK 902 (90.2) 98 (9.8) 1000 1000 ES 924 (92.4) 76 (7.6) 1000 1000 FI 841 (82.1) 183 (17.9) 1024 1024 FR 832 (80.2) 205 (19.8) 1037 1037 GB-GBN 919 (91.0) 91 (9.0) 1010 1010 GB-NIR 289 (95.7) 13 (4.3) 302 302 GR 896 (89.3) 107 (10.7) 1003 1003 IE 923 (91.1) 90 (8.9) 1013 1013 IT 875 (85.2) 152 (14.8) 1027 1027 LU 451 (74.9) 151 (25.1) 602 602 NL 960 (92.8) 75 (7.2) 1035 1035 PT 905 (90.3) 97 (9.7) 1002 1002 SE 800 (80.1) 199 (19.9) 999 999 N Sum 13998 2231 16229 N Valid Sum 13998 2231 16229 printed 25.01.2012 page 111 Eurobarometer 58.2 - October-December 2002,isocntry AT 895 (87.5) 128 (12.5) 1023 1023 BE 993 (89.5) 117 (10.5) 1110 1110 DE-E 832 (81.6) 188 (18.4) 1020 1020 DE-W 761 (74.5) 261 (25.5) 1022 1022 DK 902 (90.2) 98 (9.8) 1000 1000 ES 924 (92.4) 76 (7.6) 1000 1000 FI 841 (82.1) 183 (17.9) 1024 1024 FR 832 (80.2) 205 (19.8) 1037 1037 GB-GBN 919 (91.0) 91 (9.0) 1010 1010 GB-NIR 289 (95.7) 13 (4.3) 302 302 GR 896 (89.3) 107 (10.7) 1003 1003 IE 923 (91.1) 90 (8.9) 1013 1013 IT 875 (85.2) 152 (14.8) 1027 1027 LU 451 (74.9) 151 (25.1) 602 602 NL 960 (92.8) 75 (7.2) 1035 1035 PT 905 (90.3) 97 (9.7) 1002 1002 SE 800 (80.1) 199 (19.9) 999 999 N Sum 13998 2231 16229 N Valid Sum 13998 2231 16229 printed 25.01.2012 page 111 Eurobarometer 58.2 - October-December 2002,GESIS Variable Report,137,ZA3886
v105,v105 0 1 N Sum N Valid Sum,Q17A ENVIRONM EVR DONE: SAVE ENERGY,isocntry AT 506 (49.5) 517 (50.5) 1023 1023 BE 488 (44.0) 622 (56.0) 1110 1110 DE-E 296 (29.0) 724 (71.0) 1020 1020 DE-W 318 (31.1) 704 (68.9) 1022 1022 DK 328 (32.8) 672 (67.2) 1000 1000 ES 486 (48.6) 514 (51.4) 1000 1000 FI 551 (53.8) 473 (46.2) 1024 1024 FR 431 (41.6) 606 (58.4) 1037 1037 GB-GBN 455 (45.0) 555 (55.0) 1010 1010 GB-NIR 140 (46.4) 162 (53.6) 302 302 GR 657 (65.5) 346 (34.5) 1003 1003 IE 476 (47.0) 537 (53.0) 1013 1013 IT 617 (60.1) 410 (39.9) 1027 1027 LU 203 (33.7) 399 (66.3) 602 602 NL 480 (46.4) 555 (53.6) 1035 1035 PT 474 (47.3) 528 (52.7) 1002 1002 SE 461 (46.1) 539 (53.9) 1000 1000 N Sum 7367 8863 16230 N Valid Sum 7367 8863 16230 printed 25.01.2012 page 112 Eurobarometer 58.2 - October-December 2002,isocntry AT 506 (49.5) 517 (50.5) 1023 1023 BE 488 (44.0) 622 (56.0) 1110 1110 DE-E 296 (29.0) 724 (71.0) 1020 1020 DE-W 318 (31.1) 704 (68.9) 1022 1022 DK 328 (32.8) 672 (67.2) 1000 1000 ES 486 (48.6) 514 (51.4) 1000 1000 FI 551 (53.8) 473 (46.2) 1024 1024 FR 431 (41.6) 606 (58.4) 1037 1037 GB-GBN 455 (45.0) 555 (55.0) 1010 1010 GB-NIR 140 (46.4) 162 (53.6) 302 302 GR 657 (65.5) 346 (34.5) 1003 1003 IE 476 (47.0) 537 (53.0) 1013 1013 IT 617 (60.1) 410 (39.9) 1027 1027 LU 203 (33.7) 399 (66.3) 602 602 NL 480 (46.4) 555 (53.6) 1035 1035 PT 474 (47.3) 528 (52.7) 1002 1002 SE 461 (46.1) 539 (53.9) 1000 1000 N Sum 7367 8863 16230 N Valid Sum 7367 8863 16230 printed 25.01.2012 page 112 Eurobarometer 58.2 - October-December 2002,GESIS Variable Report,138,ZA3886
v106,v106 0 1 N Sum N Valid Sum,Q17A ENVIRONM EVR DONE: NONE OF THESE,isocntry AT 998 (97.6) 25 (2.4) 1023 1023 BE 1097 (98.8) 13 (1.2) 1110 1110 DE-E 1015 (99.5) 5 (0.5) 1020 1020 DE-W 1004 (98.2) 18 (1.8) 1022 1022 DK 977 (97.7) 23 (2.3) 1000 1000 ES 977 (97.7) 23 (2.3) 1000 1000 FI 1017 (99.3) 7 (0.7) 1024 1024 FR 1019 (98.3) 18 (1.7) 1037 1037 GB-GBN 970 (96.0) 40 (4.0) 1010 1010 GB-NIR 289 (95.7) 13 (4.3) 302 302 GR 945 (94.2) 58 (5.8) 1003 1003 IE 1000 (98.7) 13 (1.3) 1013 1013 IT 1009 (98.2) 18 (1.8) 1027 1027 LU 598 (99.3) 4 (0.7) 602 602 NL 1006 (97.2) 29 (2.8) 1035 1035 PT 987 (98.5) 15 (1.5) 1002 1002 SE 996 (99.6) 4 (0.4) 1000 1000 N Sum 15904 326 16230 N Valid Sum 15904 326 16230 printed 25.01.2012 page 113 Eurobarometer 58.2 - October-December 2002,isocntry AT 998 (97.6) 25 (2.4) 1023 1023 BE 1097 (98.8) 13 (1.2) 1110 1110 DE-E 1015 (99.5) 5 (0.5) 1020 1020 DE-W 1004 (98.2) 18 (1.8) 1022 1022 DK 977 (97.7) 23 (2.3) 1000 1000 ES 977 (97.7) 23 (2.3) 1000 1000 FI 1017 (99.3) 7 (0.7) 1024 1024 FR 1019 (98.3) 18 (1.7) 1037 1037 GB-GBN 970 (96.0) 40 (4.0) 1010 1010 GB-NIR 289 (95.7) 13 (4.3) 302 302 GR 945 (94.2) 58 (5.8) 1003 1003 IE 1000 (98.7) 13 (1.3) 1013 1013 IT 1009 (98.2) 18 (1.8) 1027 1027 LU 598 (99.3) 4 (0.7) 602 602 NL 1006 (97.2) 29 (2.8) 1035 1035 PT 987 (98.5) 15 (1.5) 1002 1002 SE 996 (99.6) 4 (0.4) 1000 1000 N Sum 15904 326 16230 N Valid Sum 15904 326 16230 printed 25.01.2012 page 113 Eurobarometer 58.2 - October-December 2002,GESIS Variable Report,139,ZA3886
v107,v107 0 1 N Sum N Valid Sum,Q17A ENVIRONM EVR DONE: DK,isocntry AT 985 (96.3) 38 (3.7) 1023 1023 BE 1101 (99.2) 9 (0.8) 1110 1110 DE-E 984 (96.5) 36 (3.5) 1020 1020 DE-W 999 (97.7) 23 (2.3) 1022 1022 DK 1000 (100.0) 1000 1000 ES 985 (98.5) 15 (1.5) 1000 1000 FI 1015 (99.1) 9 (0.9) 1024 1024 FR 1036 (99.9) 1 (0.1) 1037 1037 GB-GBN 1001 (99.1) 9 (0.9) 1010 1010 GB-NIR 302 (100.0) 302 302 GR 986 (98.3) 17 (1.7) 1003 1003 IE 1001 (98.8) 12 (1.2) 1013 1013 IT 1023 (99.6) 4 (0.4) 1027 1027 LU 602 (100.0) 602 602 NL 1026 (99.1) 9 (0.9) 1035 1035 PT 1002 (100.0) 1002 1002 SE 986 (98.6) 14 (1.4) 1000 1000 N Sum 16034 196 16230 N Valid Sum 16034 196 16230 printed 25.01.2012 page 114 Eurobarometer 58.2 - October-December 2002,isocntry AT 985 (96.3) 38 (3.7) 1023 1023 BE 1101 (99.2) 9 (0.8) 1110 1110 DE-E 984 (96.5) 36 (3.5) 1020 1020 DE-W 999 (97.7) 23 (2.3) 1022 1022 DK 1000 (100.0) 1000 1000 ES 985 (98.5) 15 (1.5) 1000 1000 FI 1015 (99.1) 9 (0.9) 1024 1024 FR 1036 (99.9) 1 (0.1) 1037 1037 GB-GBN 1001 (99.1) 9 (0.9) 1010 1010 GB-NIR 302 (100.0) 302 302 GR 986 (98.3) 17 (1.7) 1003 1003 IE 1001 (98.8) 12 (1.2) 1013 1013 IT 1023 (99.6) 4 (0.4) 1027 1027 LU 602 (100.0) 602 602 NL 1026 (99.1) 9 (0.9) 1035 1035 PT 1002 (100.0) 1002 1002 SE 986 (98.6) 14 (1.4) 1000 1000 N Sum 16034 196 16230 N Valid Sum 16034 196 16230 printed 25.01.2012 page 114 Eurobarometer 58.2 - October-December 2002,GESIS Variable Report,140,ZA3886
v108,v108 0 1 N Sum N Valid Sum,Q17B ENVIRONM WILL DO: RUBBISH DISPOSL,isocntry AT 565 (55.2) 458 (44.8) 1023 1023 BE 645 (58.1) 465 (41.9) 1110 1110 DE-E 566 (55.5) 454 (44.5) 1020 1020 DE-W 500 (48.9) 522 (51.1) 1022 1022 DK 662 (66.2) 338 (33.8) 1000 1000 ES 777 (77.7) 223 (22.3) 1000 1000 FI 878 (85.7) 146 (14.3) 1024 1024 FR 773 (74.5) 264 (25.5) 1037 1037 GB-GBN 753 (74.6) 257 (25.4) 1010 1010 GB-NIR 251 (83.1) 51 (16.9) 302 302 GR 639 (63.7) 364 (36.3) 1003 1003 IE 610 (60.2) 403 (39.8) 1013 1013 IT 866 (84.3) 161 (15.7) 1027 1027 LU 363 (60.3) 239 (39.7) 602 602 NL 719 (69.5) 316 (30.5) 1035 1035 PT 684 (68.3) 318 (31.7) 1002 1002 SE 621 (62.1) 379 (37.9) 1000 1000 N Sum 10872 5358 16230 N Valid Sum 10872 5358 16230 printed 25.01.2012 page 115 Eurobarometer 58.2 - October-December 2002,isocntry AT 565 (55.2) 458 (44.8) 1023 1023 BE 645 (58.1) 465 (41.9) 1110 1110 DE-E 566 (55.5) 454 (44.5) 1020 1020 DE-W 500 (48.9) 522 (51.1) 1022 1022 DK 662 (66.2) 338 (33.8) 1000 1000 ES 777 (77.7) 223 (22.3) 1000 1000 FI 878 (85.7) 146 (14.3) 1024 1024 FR 773 (74.5) 264 (25.5) 1037 1037 GB-GBN 753 (74.6) 257 (25.4) 1010 1010 GB-NIR 251 (83.1) 51 (16.9) 302 302 GR 639 (63.7) 364 (36.3) 1003 1003 IE 610 (60.2) 403 (39.8) 1013 1013 IT 866 (84.3) 161 (15.7) 1027 1027 LU 363 (60.3) 239 (39.7) 602 602 NL 719 (69.5) 316 (30.5) 1035 1035 PT 684 (68.3) 318 (31.7) 1002 1002 SE 621 (62.1) 379 (37.9) 1000 1000 N Sum 10872 5358 16230 N Valid Sum 10872 5358 16230 printed 25.01.2012 page 115 Eurobarometer 58.2 - October-December 2002,GESIS Variable Report,141,ZA3886
v109,v109 0 1 N Sum N Valid Sum,Q17B ENVIRONM WILL DO: SAVE TAP WATER,isocntry AT 762 (74.5) 261 (25.5) 1023 1023 BE 720 (64.9) 390 (35.1) 1110 1110 DE-E 601 (58.9) 419 (41.1) 1020 1020 DE-W 565 (55.3) 457 (44.7) 1022 1022 DK 622 (62.2) 378 (37.8) 1000 1000 ES 722 (72.2) 278 (27.8) 1000 1000 FI 810 (79.1) 214 (20.9) 1024 1024 FR 681 (65.7) 356 (34.3) 1037 1037 GB-GBN 731 (72.4) 279 (27.6) 1010 1010 GB-NIR 250 (82.8) 52 (17.2) 302 302 GR 681 (67.9) 322 (32.1) 1003 1003 IE 689 (68.0) 324 (32.0) 1013 1013 IT 692 (67.4) 335 (32.6) 1027 1027 LU 354 (58.8) 248 (41.2) 602 602 NL 761 (73.5) 274 (26.5) 1035 1035 PT 607 (60.6) 395 (39.4) 1002 1002 SE 635 (63.5) 365 (36.5) 1000 1000 N Sum 10883 5347 16230 N Valid Sum 10883 5347 16230 printed 25.01.2012 page 116 Eurobarometer 58.2 - October-December 2002,isocntry AT 762 (74.5) 261 (25.5) 1023 1023 BE 720 (64.9) 390 (35.1) 1110 1110 DE-E 601 (58.9) 419 (41.1) 1020 1020 DE-W 565 (55.3) 457 (44.7) 1022 1022 DK 622 (62.2) 378 (37.8) 1000 1000 ES 722 (72.2) 278 (27.8) 1000 1000 FI 810 (79.1) 214 (20.9) 1024 1024 FR 681 (65.7) 356 (34.3) 1037 1037 GB-GBN 731 (72.4) 279 (27.6) 1010 1010 GB-NIR 250 (82.8) 52 (17.2) 302 302 GR 681 (67.9) 322 (32.1) 1003 1003 IE 689 (68.0) 324 (32.0) 1013 1013 IT 692 (67.4) 335 (32.6) 1027 1027 LU 354 (58.8) 248 (41.2) 602 602 NL 761 (73.5) 274 (26.5) 1035 1035 PT 607 (60.6) 395 (39.4) 1002 1002 SE 635 (63.5) 365 (36.5) 1000 1000 N Sum 10883 5347 16230 N Valid Sum 10883 5347 16230 printed 25.01.2012 page 116 Eurobarometer 58.2 - October-December 2002,GESIS Variable Report,142,ZA3886
v110,v110 0 1 N Sum N Valid Sum,Q17B ENVIRONM WILL DO: AVOID NOISE,isocntry AT 695 (67.9) 328 (32.1) 1023 1023 BE 778 (70.1) 332 (29.9) 1110 1110 DE-E 605 (59.3) 415 (40.7) 1020 1020 DE-W 567 (55.5) 455 (44.5) 1022 1022 DK 793 (79.3) 207 (20.7) 1000 1000 ES 773 (77.3) 227 (22.7) 1000 1000 FI 899 (87.8) 125 (12.2) 1024 1024 FR 808 (77.9) 229 (22.1) 1037 1037 GB-GBN 760 (75.2) 250 (24.8) 1010 1010 GB-NIR 270 (89.4) 32 (10.6) 302 302 GR 615 (61.3) 388 (38.7) 1003 1003 IE 753 (74.3) 260 (25.7) 1013 1013 IT 819 (79.7) 208 (20.3) 1027 1027 LU 389 (64.6) 213 (35.4) 602 602 NL 796 (76.9) 239 (23.1) 1035 1035 PT 689 (68.8) 313 (31.2) 1002 1002 SE 727 (72.7) 273 (27.3) 1000 1000 N Sum 11736 4494 16230 N Valid Sum 11736 4494 16230 printed 25.01.2012 page 117 Eurobarometer 58.2 - October-December 2002,isocntry AT 695 (67.9) 328 (32.1) 1023 1023 BE 778 (70.1) 332 (29.9) 1110 1110 DE-E 605 (59.3) 415 (40.7) 1020 1020 DE-W 567 (55.5) 455 (44.5) 1022 1022 DK 793 (79.3) 207 (20.7) 1000 1000 ES 773 (77.3) 227 (22.7) 1000 1000 FI 899 (87.8) 125 (12.2) 1024 1024 FR 808 (77.9) 229 (22.1) 1037 1037 GB-GBN 760 (75.2) 250 (24.8) 1010 1010 GB-NIR 270 (89.4) 32 (10.6) 302 302 GR 615 (61.3) 388 (38.7) 1003 1003 IE 753 (74.3) 260 (25.7) 1013 1013 IT 819 (79.7) 208 (20.3) 1027 1027 LU 389 (64.6) 213 (35.4) 602 602 NL 796 (76.9) 239 (23.1) 1035 1035 PT 689 (68.8) 313 (31.2) 1002 1002 SE 727 (72.7) 273 (27.3) 1000 1000 N Sum 11736 4494 16230 N Valid Sum 11736 4494 16230 printed 25.01.2012 page 117 Eurobarometer 58.2 - October-December 2002,GESIS Variable Report,143,ZA3886
v111,v111 0 1 N Sum N Valid Sum,Q17B ENVIRONM WILL DO: RED CAR EXHAUST,isocntry AT 753 (73.6) 270 (26.4) 1023 1023 BE 882 (79.5) 228 (20.5) 1110 1110 DE-E 806 (79.0) 214 (21.0) 1020 1020 DE-W 728 (71.2) 294 (28.8) 1022 1022 DK 828 (82.8) 172 (17.2) 1000 1000 ES 792 (79.2) 208 (20.8) 1000 1000 FI 835 (81.5) 189 (18.5) 1024 1024 FR 788 (76.0) 249 (24.0) 1037 1037 GB-GBN 804 (79.6) 206 (20.4) 1010 1010 GB-NIR 257 (85.1) 45 (14.9) 302 302 GR 837 (83.4) 166 (16.6) 1003 1003 IE 801 (79.1) 212 (20.9) 1013 1013 IT 884 (86.1) 143 (13.9) 1027 1027 LU 443 (73.6) 159 (26.4) 602 602 NL 894 (86.4) 141 (13.6) 1035 1035 PT 774 (77.2) 228 (22.8) 1002 1002 SE 785 (78.5) 215 (21.5) 1000 1000 N Sum 12891 3339 16230 N Valid Sum 12891 3339 16230 printed 25.01.2012 page 118 Eurobarometer 58.2 - October-December 2002,isocntry AT 753 (73.6) 270 (26.4) 1023 1023 BE 882 (79.5) 228 (20.5) 1110 1110 DE-E 806 (79.0) 214 (21.0) 1020 1020 DE-W 728 (71.2) 294 (28.8) 1022 1022 DK 828 (82.8) 172 (17.2) 1000 1000 ES 792 (79.2) 208 (20.8) 1000 1000 FI 835 (81.5) 189 (18.5) 1024 1024 FR 788 (76.0) 249 (24.0) 1037 1037 GB-GBN 804 (79.6) 206 (20.4) 1010 1010 GB-NIR 257 (85.1) 45 (14.9) 302 302 GR 837 (83.4) 166 (16.6) 1003 1003 IE 801 (79.1) 212 (20.9) 1013 1013 IT 884 (86.1) 143 (13.9) 1027 1027 LU 443 (73.6) 159 (26.4) 602 602 NL 894 (86.4) 141 (13.6) 1035 1035 PT 774 (77.2) 228 (22.8) 1002 1002 SE 785 (78.5) 215 (21.5) 1000 1000 N Sum 12891 3339 16230 N Valid Sum 12891 3339 16230 printed 25.01.2012 page 118 Eurobarometer 58.2 - October-December 2002,GESIS Variable Report,144,ZA3886
v112,v112 0 1 N Sum N Valid Sum,Q17B ENVIRONM WILL DO: ASSOC MEMBERSHIP,isocntry AT 928 (90.7) 95 (9.3) 1023 1023 BE 954 (85.9) 156 (14.1) 1110 1110 DE-E 928 (91.0) 92 (9.0) 1020 1020 DE-W 848 (83.0) 174 (17.0) 1022 1022 DK 924 (92.4) 76 (7.6) 1000 1000 ES 837 (83.7) 163 (16.3) 1000 1000 FI 925 (90.3) 99 (9.7) 1024 1024 FR 823 (79.4) 214 (20.6) 1037 1037 GB-GBN 863 (85.4) 147 (14.6) 1010 1010 GB-NIR 272 (90.1) 30 (9.9) 302 302 GR 784 (78.2) 219 (21.8) 1003 1003 IE 800 (79.0) 213 (21.0) 1013 1013 IT 701 (68.3) 326 (31.7) 1027 1027 LU 461 (76.6) 141 (23.4) 602 602 NL 961 (92.9) 74 (7.1) 1035 1035 PT 726 (72.5) 276 (27.5) 1002 1002 SE 829 (82.9) 171 (17.1) 1000 1000 N Sum 13564 2666 16230 N Valid Sum 13564 2666 16230 printed 25.01.2012 page 119 Eurobarometer 58.2 - October-December 2002,isocntry AT 928 (90.7) 95 (9.3) 1023 1023 BE 954 (85.9) 156 (14.1) 1110 1110 DE-E 928 (91.0) 92 (9.0) 1020 1020 DE-W 848 (83.0) 174 (17.0) 1022 1022 DK 924 (92.4) 76 (7.6) 1000 1000 ES 837 (83.7) 163 (16.3) 1000 1000 FI 925 (90.3) 99 (9.7) 1024 1024 FR 823 (79.4) 214 (20.6) 1037 1037 GB-GBN 863 (85.4) 147 (14.6) 1010 1010 GB-NIR 272 (90.1) 30 (9.9) 302 302 GR 784 (78.2) 219 (21.8) 1003 1003 IE 800 (79.0) 213 (21.0) 1013 1013 IT 701 (68.3) 326 (31.7) 1027 1027 LU 461 (76.6) 141 (23.4) 602 602 NL 961 (92.9) 74 (7.1) 1035 1035 PT 726 (72.5) 276 (27.5) 1002 1002 SE 829 (82.9) 171 (17.1) 1000 1000 N Sum 13564 2666 16230 N Valid Sum 13564 2666 16230 printed 25.01.2012 page 119 Eurobarometer 58.2 - October-December 2002,GESIS Variable Report,145,ZA3886
v113,v113 0 1 N Sum N Valid Sum,Q17B ENVIRONM WILL DO: ASSOC SUPPORT,isocntry AT 883 (86.3) 140 (13.7) 1023 1023 BE 953 (85.9) 157 (14.1) 1110 1110 DE-E 881 (86.4) 139 (13.6) 1020 1020 DE-W 761 (74.5) 261 (25.5) 1022 1022 DK 833 (83.3) 167 (16.7) 1000 1000 ES 894 (89.4) 106 (10.6) 1000 1000 FI 874 (85.4) 150 (14.6) 1024 1024 FR 831 (80.1) 206 (19.9) 1037 1037 GB-GBN 876 (86.7) 134 (13.3) 1010 1010 GB-NIR 277 (91.7) 25 (8.3) 302 302 GR 793 (79.1) 210 (20.9) 1003 1003 IE 807 (79.7) 206 (20.3) 1013 1013 IT 765 (74.5) 262 (25.5) 1027 1027 LU 416 (69.1) 186 (30.9) 602 602 NL 930 (89.9) 105 (10.1) 1035 1035 PT 762 (76.0) 240 (24.0) 1002 1002 SE 772 (77.2) 228 (22.8) 1000 1000 N Sum 13308 2922 16230 N Valid Sum 13308 2922 16230 printed 25.01.2012 page 120 Eurobarometer 58.2 - October-December 2002,isocntry AT 883 (86.3) 140 (13.7) 1023 1023 BE 953 (85.9) 157 (14.1) 1110 1110 DE-E 881 (86.4) 139 (13.6) 1020 1020 DE-W 761 (74.5) 261 (25.5) 1022 1022 DK 833 (83.3) 167 (16.7) 1000 1000 ES 894 (89.4) 106 (10.6) 1000 1000 FI 874 (85.4) 150 (14.6) 1024 1024 FR 831 (80.1) 206 (19.9) 1037 1037 GB-GBN 876 (86.7) 134 (13.3) 1010 1010 GB-NIR 277 (91.7) 25 (8.3) 302 302 GR 793 (79.1) 210 (20.9) 1003 1003 IE 807 (79.7) 206 (20.3) 1013 1013 IT 765 (74.5) 262 (25.5) 1027 1027 LU 416 (69.1) 186 (30.9) 602 602 NL 930 (89.9) 105 (10.1) 1035 1035 PT 762 (76.0) 240 (24.0) 1002 1002 SE 772 (77.2) 228 (22.8) 1000 1000 N Sum 13308 2922 16230 N Valid Sum 13308 2922 16230 printed 25.01.2012 page 120 Eurobarometer 58.2 - October-December 2002,GESIS Variable Report,146,ZA3886
v114,v114 0 1 N Sum N Valid Sum,Q17B ENVIRONM WILL DO: SORT WASTE TYPES,isocntry AT 589 (57.6) 434 (42.4) 1023 1023 BE 670 (60.4) 440 (39.6) 1110 1110 DE-E 513 (50.3) 507 (49.7) 1020 1020 DE-W 488 (47.7) 534 (52.3) 1022 1022 DK 668 (66.8) 332 (33.2) 1000 1000 ES 591 (59.1) 409 (40.9) 1000 1000 FI 802 (78.3) 222 (21.7) 1024 1024 FR 622 (60.0) 415 (40.0) 1037 1037 GB-GBN 675 (66.8) 335 (33.2) 1010 1010 GB-NIR 191 (63.2) 111 (36.8) 302 302 GR 689 (68.7) 314 (31.3) 1003 1003 IE 554 (54.7) 459 (45.3) 1013 1013 IT 722 (70.3) 305 (29.7) 1027 1027 LU 380 (63.1) 222 (36.9) 602 602 NL 691 (66.8) 344 (33.2) 1035 1035 PT 553 (55.2) 449 (44.8) 1002 1002 SE 524 (52.4) 476 (47.6) 1000 1000 N Sum 9922 6308 16230 N Valid Sum 9922 6308 16230 printed 25.01.2012 page 121 Eurobarometer 58.2 - October-December 2002,isocntry AT 589 (57.6) 434 (42.4) 1023 1023 BE 670 (60.4) 440 (39.6) 1110 1110 DE-E 513 (50.3) 507 (49.7) 1020 1020 DE-W 488 (47.7) 534 (52.3) 1022 1022 DK 668 (66.8) 332 (33.2) 1000 1000 ES 591 (59.1) 409 (40.9) 1000 1000 FI 802 (78.3) 222 (21.7) 1024 1024 FR 622 (60.0) 415 (40.0) 1037 1037 GB-GBN 675 (66.8) 335 (33.2) 1010 1010 GB-NIR 191 (63.2) 111 (36.8) 302 302 GR 689 (68.7) 314 (31.3) 1003 1003 IE 554 (54.7) 459 (45.3) 1013 1013 IT 722 (70.3) 305 (29.7) 1027 1027 LU 380 (63.1) 222 (36.9) 602 602 NL 691 (66.8) 344 (33.2) 1035 1035 PT 553 (55.2) 449 (44.8) 1002 1002 SE 524 (52.4) 476 (47.6) 1000 1000 N Sum 9922 6308 16230 N Valid Sum 9922 6308 16230 printed 25.01.2012 page 121 Eurobarometer 58.2 - October-December 2002,GESIS Variable Report,147,ZA3886
v115,v115 0 1 N Sum N Valid Sum,Q17B ENVIRONM WILL DO: JOIN INITIATIVE,isocntry AT 849 (83.0) 174 (17.0) 1023 1023 BE 881 (79.4) 229 (20.6) 1110 1110 DE-E 833 (81.7) 187 (18.3) 1020 1020 DE-W 759 (74.3) 263 (25.7) 1022 1022 DK 852 (85.2) 148 (14.8) 1000 1000 ES 797 (79.7) 203 (20.3) 1000 1000 FI 815 (79.6) 209 (20.4) 1024 1024 FR 691 (66.6) 346 (33.4) 1037 1037 GB-GBN 822 (81.4) 188 (18.6) 1010 1010 GB-NIR 263 (87.1) 39 (12.9) 302 302 GR 789 (78.7) 214 (21.3) 1003 1003 IE 769 (75.9) 244 (24.1) 1013 1013 IT 650 (63.3) 377 (36.7) 1027 1027 LU 423 (70.3) 179 (29.7) 602 602 NL 925 (89.4) 110 (10.6) 1035 1035 PT 724 (72.3) 278 (27.7) 1002 1002 SE 722 (72.2) 278 (27.8) 1000 1000 N Sum 12564 3666 16230 N Valid Sum 12564 3666 16230 printed 25.01.2012 page 122 Eurobarometer 58.2 - October-December 2002,isocntry AT 849 (83.0) 174 (17.0) 1023 1023 BE 881 (79.4) 229 (20.6) 1110 1110 DE-E 833 (81.7) 187 (18.3) 1020 1020 DE-W 759 (74.3) 263 (25.7) 1022 1022 DK 852 (85.2) 148 (14.8) 1000 1000 ES 797 (79.7) 203 (20.3) 1000 1000 FI 815 (79.6) 209 (20.4) 1024 1024 FR 691 (66.6) 346 (33.4) 1037 1037 GB-GBN 822 (81.4) 188 (18.6) 1010 1010 GB-NIR 263 (87.1) 39 (12.9) 302 302 GR 789 (78.7) 214 (21.3) 1003 1003 IE 769 (75.9) 244 (24.1) 1013 1013 IT 650 (63.3) 377 (36.7) 1027 1027 LU 423 (70.3) 179 (29.7) 602 602 NL 925 (89.4) 110 (10.6) 1035 1035 PT 724 (72.3) 278 (27.7) 1002 1002 SE 722 (72.2) 278 (27.8) 1000 1000 N Sum 12564 3666 16230 N Valid Sum 12564 3666 16230 printed 25.01.2012 page 122 Eurobarometer 58.2 - October-December 2002,GESIS Variable Report,148,ZA3886
v116,v116 0 1 N Sum N Valid Sum,Q17B ENVIRONM WILL DO: DEMONSTRATE,isocntry AT 870 (85.0) 153 (15.0) 1023 1023 BE 907 (81.7) 203 (18.3) 1110 1110 DE-E 823 (80.7) 197 (19.3) 1020 1020 DE-W 740 (72.4) 282 (27.6) 1022 1022 DK 909 (90.9) 91 (9.1) 1000 1000 ES 756 (75.6) 244 (24.4) 1000 1000 FI 945 (92.3) 79 (7.7) 1024 1024 FR 732 (70.6) 305 (29.4) 1037 1037 GB-GBN 862 (85.3) 148 (14.7) 1010 1010 GB-NIR 276 (91.4) 26 (8.6) 302 302 GR 779 (77.7) 224 (22.3) 1003 1003 IE 802 (79.2) 211 (20.8) 1013 1013 IT 683 (66.5) 344 (33.5) 1027 1027 LU 418 (69.4) 184 (30.6) 602 602 NL 965 (93.2) 70 (6.8) 1035 1035 PT 674 (67.3) 328 (32.7) 1002 1002 SE 789 (78.9) 211 (21.1) 1000 1000 N Sum 12930 3300 16230 N Valid Sum 12930 3300 16230 printed 25.01.2012 page 123 Eurobarometer 58.2 - October-December 2002,isocntry AT 870 (85.0) 153 (15.0) 1023 1023 BE 907 (81.7) 203 (18.3) 1110 1110 DE-E 823 (80.7) 197 (19.3) 1020 1020 DE-W 740 (72.4) 282 (27.6) 1022 1022 DK 909 (90.9) 91 (9.1) 1000 1000 ES 756 (75.6) 244 (24.4) 1000 1000 FI 945 (92.3) 79 (7.7) 1024 1024 FR 732 (70.6) 305 (29.4) 1037 1037 GB-GBN 862 (85.3) 148 (14.7) 1010 1010 GB-NIR 276 (91.4) 26 (8.6) 302 302 GR 779 (77.7) 224 (22.3) 1003 1003 IE 802 (79.2) 211 (20.8) 1013 1013 IT 683 (66.5) 344 (33.5) 1027 1027 LU 418 (69.4) 184 (30.6) 602 602 NL 965 (93.2) 70 (6.8) 1035 1035 PT 674 (67.3) 328 (32.7) 1002 1002 SE 789 (78.9) 211 (21.1) 1000 1000 N Sum 12930 3300 16230 N Valid Sum 12930 3300 16230 printed 25.01.2012 page 123 Eurobarometer 58.2 - October-December 2002,GESIS Variable Report,149,ZA3886
v117,v117 0 1 N Sum N Valid Sum,Q17B ENVIRONM WILL DO: PRODUCT TYPES,isocntry AT 738 (72.1) 285 (27.9) 1023 1023 BE 853 (76.8) 257 (23.2) 1110 1110 DE-E 769 (75.4) 251 (24.6) 1020 1020 DE-W 636 (62.2) 386 (37.8) 1022 1022 DK 698 (69.8) 302 (30.2) 1000 1000 ES 756 (75.6) 244 (24.4) 1000 1000 FI 797 (77.8) 227 (22.2) 1024 1024 FR 729 (70.3) 308 (29.7) 1037 1037 GB-GBN 780 (77.2) 230 (22.8) 1010 1010 GB-NIR 258 (85.4) 44 (14.6) 302 302 GR 716 (71.4) 287 (28.6) 1003 1003 IE 680 (67.1) 333 (32.9) 1013 1013 IT 717 (69.8) 310 (30.2) 1027 1027 LU 389 (64.6) 213 (35.4) 602 602 NL 823 (79.5) 212 (20.5) 1035 1035 PT 688 (68.7) 314 (31.3) 1002 1002 SE 586 (58.6) 414 (41.4) 1000 1000 N Sum 11613 4617 16230 N Valid Sum 11613 4617 16230 printed 25.01.2012 page 124 Eurobarometer 58.2 - October-December 2002,isocntry AT 738 (72.1) 285 (27.9) 1023 1023 BE 853 (76.8) 257 (23.2) 1110 1110 DE-E 769 (75.4) 251 (24.6) 1020 1020 DE-W 636 (62.2) 386 (37.8) 1022 1022 DK 698 (69.8) 302 (30.2) 1000 1000 ES 756 (75.6) 244 (24.4) 1000 1000 FI 797 (77.8) 227 (22.2) 1024 1024 FR 729 (70.3) 308 (29.7) 1037 1037 GB-GBN 780 (77.2) 230 (22.8) 1010 1010 GB-NIR 258 (85.4) 44 (14.6) 302 302 GR 716 (71.4) 287 (28.6) 1003 1003 IE 680 (67.1) 333 (32.9) 1013 1013 IT 717 (69.8) 310 (30.2) 1027 1027 LU 389 (64.6) 213 (35.4) 602 602 NL 823 (79.5) 212 (20.5) 1035 1035 PT 688 (68.7) 314 (31.3) 1002 1002 SE 586 (58.6) 414 (41.4) 1000 1000 N Sum 11613 4617 16230 N Valid Sum 11613 4617 16230 printed 25.01.2012 page 124 Eurobarometer 58.2 - October-December 2002,GESIS Variable Report,150,ZA3886
v118,v118 0 1 N Sum N Valid Sum,Q17B ENVIRONM WILL DO: LESS CAR USE,isocntry AT 760 (74.3) 263 (25.7) 1023 1023 BE 825 (74.3) 285 (25.7) 1110 1110 DE-E 660 (64.7) 360 (35.3) 1020 1020 DE-W 595 (58.2) 427 (41.8) 1022 1022 DK 774 (77.4) 226 (22.6) 1000 1000 ES 794 (79.4) 206 (20.6) 1000 1000 FI 824 (80.5) 200 (19.5) 1024 1024 FR 749 (72.2) 288 (27.8) 1037 1037 GB-GBN 802 (79.4) 208 (20.6) 1010 1010 GB-NIR 257 (85.1) 45 (14.9) 302 302 GR 837 (83.4) 166 (16.6) 1003 1003 IE 737 (72.8) 276 (27.2) 1013 1013 IT 756 (73.6) 271 (26.4) 1027 1027 LU 393 (65.3) 209 (34.7) 602 602 NL 820 (79.2) 215 (20.8) 1035 1035 PT 700 (69.9) 302 (30.1) 1002 1002 SE 592 (59.2) 408 (40.8) 1000 1000 N Sum 11875 4355 16230 N Valid Sum 11875 4355 16230 printed 25.01.2012 page 125 Eurobarometer 58.2 - October-December 2002,isocntry AT 760 (74.3) 263 (25.7) 1023 1023 BE 825 (74.3) 285 (25.7) 1110 1110 DE-E 660 (64.7) 360 (35.3) 1020 1020 DE-W 595 (58.2) 427 (41.8) 1022 1022 DK 774 (77.4) 226 (22.6) 1000 1000 ES 794 (79.4) 206 (20.6) 1000 1000 FI 824 (80.5) 200 (19.5) 1024 1024 FR 749 (72.2) 288 (27.8) 1037 1037 GB-GBN 802 (79.4) 208 (20.6) 1010 1010 GB-NIR 257 (85.1) 45 (14.9) 302 302 GR 837 (83.4) 166 (16.6) 1003 1003 IE 737 (72.8) 276 (27.2) 1013 1013 IT 756 (73.6) 271 (26.4) 1027 1027 LU 393 (65.3) 209 (34.7) 602 602 NL 820 (79.2) 215 (20.8) 1035 1035 PT 700 (69.9) 302 (30.1) 1002 1002 SE 592 (59.2) 408 (40.8) 1000 1000 N Sum 11875 4355 16230 N Valid Sum 11875 4355 16230 printed 25.01.2012 page 125 Eurobarometer 58.2 - October-December 2002,GESIS Variable Report,151,ZA3886
v119,v119 0 1 N Sum N Valid Sum,Q17B ENVIRONM WILL DO: HOLIDAY TYPES,isocntry AT 898 (87.8) 125 (12.2) 1023 1023 BE 981 (88.4) 129 (11.6) 1110 1110 DE-E 805 (78.9) 215 (21.1) 1020 1020 DE-W 753 (73.7) 269 (26.3) 1022 1022 DK 936 (93.6) 64 (6.4) 1000 1000 ES 824 (82.4) 176 (17.6) 1000 1000 FI 881 (86.0) 143 (14.0) 1024 1024 FR 822 (79.3) 214 (20.7) 1036 1036 GB-GBN 874 (86.5) 136 (13.5) 1010 1010 GB-NIR 273 (90.4) 29 (9.6) 302 302 GR 838 (83.5) 165 (16.5) 1003 1003 IE 845 (83.4) 168 (16.6) 1013 1013 IT 807 (78.6) 220 (21.4) 1027 1027 LU 463 (76.9) 139 (23.1) 602 602 NL 981 (94.8) 54 (5.2) 1035 1035 PT 762 (76.0) 240 (24.0) 1002 1002 SE 821 (82.1) 179 (17.9) 1000 1000 N Sum 13564 2665 16229 N Valid Sum 13564 2665 16229 printed 25.01.2012 page 126 Eurobarometer 58.2 - October-December 2002,isocntry AT 898 (87.8) 125 (12.2) 1023 1023 BE 981 (88.4) 129 (11.6) 1110 1110 DE-E 805 (78.9) 215 (21.1) 1020 1020 DE-W 753 (73.7) 269 (26.3) 1022 1022 DK 936 (93.6) 64 (6.4) 1000 1000 ES 824 (82.4) 176 (17.6) 1000 1000 FI 881 (86.0) 143 (14.0) 1024 1024 FR 822 (79.3) 214 (20.7) 1036 1036 GB-GBN 874 (86.5) 136 (13.5) 1010 1010 GB-NIR 273 (90.4) 29 (9.6) 302 302 GR 838 (83.5) 165 (16.5) 1003 1003 IE 845 (83.4) 168 (16.6) 1013 1013 IT 807 (78.6) 220 (21.4) 1027 1027 LU 463 (76.9) 139 (23.1) 602 602 NL 981 (94.8) 54 (5.2) 1035 1035 PT 762 (76.0) 240 (24.0) 1002 1002 SE 821 (82.1) 179 (17.9) 1000 1000 N Sum 13564 2665 16229 N Valid Sum 13564 2665 16229 printed 25.01.2012 page 126 Eurobarometer 58.2 - October-December 2002,GESIS Variable Report,152,ZA3886
v120,v120 0 1 N Sum N Valid Sum,Q17B ENVIRONM WILL DO: SAVE ENERGY,isocntry AT 613 (59.9) 410 (40.1) 1023 1023 BE 731 (65.9) 379 (34.1) 1110 1110 DE-E 534 (52.4) 486 (47.6) 1020 1020 DE-W 525 (51.4) 497 (48.6) 1022 1022 DK 640 (64.0) 360 (36.0) 1000 1000 ES 698 (69.8) 302 (30.2) 1000 1000 FI 763 (74.5) 261 (25.5) 1024 1024 FR 737 (71.1) 300 (28.9) 1037 1037 GB-GBN 709 (70.2) 301 (29.8) 1010 1010 GB-NIR 226 (74.8) 76 (25.2) 302 302 GR 664 (66.2) 339 (33.8) 1003 1003 IE 530 (52.3) 483 (47.7) 1013 1013 IT 707 (68.8) 320 (31.2) 1027 1027 LU 377 (62.6) 225 (37.4) 602 602 NL 746 (72.1) 289 (27.9) 1035 1035 PT 583 (58.2) 419 (41.8) 1002 1002 SE 569 (56.9) 431 (43.1) 1000 1000 N Sum 10352 5878 16230 N Valid Sum 10352 5878 16230 printed 25.01.2012 page 127 Eurobarometer 58.2 - October-December 2002,isocntry AT 613 (59.9) 410 (40.1) 1023 1023 BE 731 (65.9) 379 (34.1) 1110 1110 DE-E 534 (52.4) 486 (47.6) 1020 1020 DE-W 525 (51.4) 497 (48.6) 1022 1022 DK 640 (64.0) 360 (36.0) 1000 1000 ES 698 (69.8) 302 (30.2) 1000 1000 FI 763 (74.5) 261 (25.5) 1024 1024 FR 737 (71.1) 300 (28.9) 1037 1037 GB-GBN 709 (70.2) 301 (29.8) 1010 1010 GB-NIR 226 (74.8) 76 (25.2) 302 302 GR 664 (66.2) 339 (33.8) 1003 1003 IE 530 (52.3) 483 (47.7) 1013 1013 IT 707 (68.8) 320 (31.2) 1027 1027 LU 377 (62.6) 225 (37.4) 602 602 NL 746 (72.1) 289 (27.9) 1035 1035 PT 583 (58.2) 419 (41.8) 1002 1002 SE 569 (56.9) 431 (43.1) 1000 1000 N Sum 10352 5878 16230 N Valid Sum 10352 5878 16230 printed 25.01.2012 page 127 Eurobarometer 58.2 - October-December 2002,GESIS Variable Report,153,ZA3886
v121,v121 0 1 N Sum N Valid Sum,Q17B ENVIRONM WILL DO: NONE OF THESE,isocntry AT 992 (97.0) 31 (3.0) 1023 1023 BE 1078 (97.1) 32 (2.9) 1110 1110 DE-E 999 (97.9) 21 (2.1) 1020 1020 DE-W 1000 (97.8) 22 (2.2) 1022 1022 DK 821 (82.1) 179 (17.9) 1000 1000 ES 969 (96.9) 31 (3.1) 1000 1000 FI 935 (91.3) 89 (8.7) 1024 1024 FR 999 (96.3) 38 (3.7) 1037 1037 GB-GBN 908 (89.9) 102 (10.1) 1010 1010 GB-NIR 272 (90.1) 30 (9.9) 302 302 GR 954 (95.1) 49 (4.9) 1003 1003 IE 986 (97.3) 27 (2.7) 1013 1013 IT 1015 (98.8) 12 (1.2) 1027 1027 LU 582 (96.7) 20 (3.3) 602 602 NL 789 (76.2) 246 (23.8) 1035 1035 PT 975 (97.3) 27 (2.7) 1002 1002 SE 955 (95.5) 45 (4.5) 1000 1000 N Sum 15229 1001 16230 N Valid Sum 15229 1001 16230 printed 25.01.2012 page 128 Eurobarometer 58.2 - October-December 2002,isocntry AT 992 (97.0) 31 (3.0) 1023 1023 BE 1078 (97.1) 32 (2.9) 1110 1110 DE-E 999 (97.9) 21 (2.1) 1020 1020 DE-W 1000 (97.8) 22 (2.2) 1022 1022 DK 821 (82.1) 179 (17.9) 1000 1000 ES 969 (96.9) 31 (3.1) 1000 1000 FI 935 (91.3) 89 (8.7) 1024 1024 FR 999 (96.3) 38 (3.7) 1037 1037 GB-GBN 908 (89.9) 102 (10.1) 1010 1010 GB-NIR 272 (90.1) 30 (9.9) 302 302 GR 954 (95.1) 49 (4.9) 1003 1003 IE 986 (97.3) 27 (2.7) 1013 1013 IT 1015 (98.8) 12 (1.2) 1027 1027 LU 582 (96.7) 20 (3.3) 602 602 NL 789 (76.2) 246 (23.8) 1035 1035 PT 975 (97.3) 27 (2.7) 1002 1002 SE 955 (95.5) 45 (4.5) 1000 1000 N Sum 15229 1001 16230 N Valid Sum 15229 1001 16230 printed 25.01.2012 page 128 Eurobarometer 58.2 - October-December 2002,GESIS Variable Report,154,ZA3886
v122,v122 0 1 N Sum N Valid Sum,Q17B ENVIRONM WILL DO: DK,isocntry AT 894 (87.4) 129 (12.6) 1023 1023 BE 939 (84.6) 171 (15.4) 1110 1110 DE-E 899 (88.1) 121 (11.9) 1020 1020 DE-W 958 (93.7) 64 (6.3) 1022 1022 DK 935 (93.5) 65 (6.5) 1000 1000 ES 874 (87.4) 126 (12.6) 1000 1000 FI 842 (82.2) 182 (17.8) 1024 1024 FR 967 (93.2) 70 (6.8) 1037 1037 GB-GBN 894 (88.5) 116 (11.5) 1010 1010 GB-NIR 262 (86.8) 40 (13.2) 302 302 GR 944 (94.1) 59 (5.9) 1003 1003 IE 942 (93.0) 71 (7.0) 1013 1013 IT 976 (95.0) 51 (5.0) 1027 1027 LU 554 (92.0) 48 (8.0) 602 602 NL 962 (92.9) 73 (7.1) 1035 1035 PT 915 (91.3) 87 (8.7) 1002 1002 SE 926 (92.6) 74 (7.4) 1000 1000 N Sum 14683 1547 16230 N Valid Sum 14683 1547 16230 printed 25.01.2012 page 129 Eurobarometer 58.2 - October-December 2002,isocntry AT 894 (87.4) 129 (12.6) 1023 1023 BE 939 (84.6) 171 (15.4) 1110 1110 DE-E 899 (88.1) 121 (11.9) 1020 1020 DE-W 958 (93.7) 64 (6.3) 1022 1022 DK 935 (93.5) 65 (6.5) 1000 1000 ES 874 (87.4) 126 (12.6) 1000 1000 FI 842 (82.2) 182 (17.8) 1024 1024 FR 967 (93.2) 70 (6.8) 1037 1037 GB-GBN 894 (88.5) 116 (11.5) 1010 1010 GB-NIR 262 (86.8) 40 (13.2) 302 302 GR 944 (94.1) 59 (5.9) 1003 1003 IE 942 (93.0) 71 (7.0) 1013 1013 IT 976 (95.0) 51 (5.0) 1027 1027 LU 554 (92.0) 48 (8.0) 602 602 NL 962 (92.9) 73 (7.1) 1035 1035 PT 915 (91.3) 87 (8.7) 1002 1002 SE 926 (92.6) 74 (7.4) 1000 1000 N Sum 14683 1547 16230 N Valid Sum 14683 1547 16230 printed 25.01.2012 page 129 Eurobarometer 58.2 - October-December 2002,GESIS Variable Report,155,ZA3886
v123,,Q18A HEALTH PROBL CAUSED BY NOISE - 1ST,,Q18A HEALTH PROBL CAUSED BY NOISE - 1ST,GESIS Variable Report,156,ZA3886
v124,,Q18B HEALTH PROBL CAUSED BY NOISE - 2ND,,Q18B HEALTH PROBL CAUSED BY NOISE - 2ND,GESIS Variable Report,157,ZA3886
v125,v125 1 2 3 4 5 6 N Sum N Valid Sum,Q19 HEALTH RISK ENVIRONM - LST 10 YEARS,isocntry M AT 49 (5.2) 111 (11.9) 319 (34.1) 332 (35.5) 124 (13.3) 88 1023 935 BE 34 (3.5) 121 (12.4) 282 (28.8) 244 (24.9) 297 (30.4) 132 1110 978 DE-E 42 (4.4) 261 (27.4) 211 (22.1) 299 (31.4) 140 (14.7) 66 1019 953 DE-W 29 (3.0) 178 (18.2) 245 (25.0) 367 (37.5) 160 (16.3) 42 1021 979 DK 33 (3.4) 138 (14.4) 138 (14.4) 241 (25.1) 409 (42.6) 40 999 959 ES 32 (3.5) 102 (11.1) 240 (26.0) 300 (32.5) 249 (27.0) 76 999 923 FI 49 (4.9) 256 (25.8) 236 (23.8) 293 (29.6) 157 (15.8) 32 1023 991 FR 28 (2.8) 122 (12.1) 278 (27.6) 268 (26.6) 313 (31.0) 27 1036 1009 GB-GBN 53 (5.9) 128 (14.3) 283 (31.5) 255 (28.4) 179 (19.9) 112 1010 898 GB-NIR 9 (3.2) 42 (14.8) 100 (35.2) 73 (25.7) 60 (21.1) 18 302 284 GR 12 (1.2) 46 (4.7) 704 (71.6) 164 (16.7) 57 (5.8) 20 1003 983 IE 51 (5.5) 129 (13.8) 362 (38.8) 241 (25.9) 149 (16.0) 81 1013 932 IT 20 (2.0) 94 (9.5) 517 (52.2) 281 (28.4) 78 (7.9) 37 1027 990 LU 28 (4.8) 55 (9.5) 153 (26.4) 147 (25.4) 196 (33.9) 24 603 579 NL 35 (3.6) 193 (19.6) 228 (23.1) 361 (36.6) 168 (17.1) 49 1034 985 PT 14 (1.5) 67 (7.2) 426 (45.8) 259 (27.8) 164 (17.6) 71 1001 930 SE 33 (3.4) 175 (17.9) 372 (38.0) 204 (20.8) 195 (19.9) 22 1001 979 N Sum 551 2218 5094 4329 3095 937 16224 N Valid Sum 551 2218 5094 4329 3095 15287 printed 25.01.2012 page 133 Eurobarometer 58.2 - October-December 2002,isocntry M AT 49 (5.2) 111 (11.9) 319 (34.1) 332 (35.5) 124 (13.3) 88 1023 935 BE 34 (3.5) 121 (12.4) 282 (28.8) 244 (24.9) 297 (30.4) 132 1110 978 DE-E 42 (4.4) 261 (27.4) 211 (22.1) 299 (31.4) 140 (14.7) 66 1019 953 DE-W 29 (3.0) 178 (18.2) 245 (25.0) 367 (37.5) 160 (16.3) 42 1021 979 DK 33 (3.4) 138 (14.4) 138 (14.4) 241 (25.1) 409 (42.6) 40 999 959 ES 32 (3.5) 102 (11.1) 240 (26.0) 300 (32.5) 249 (27.0) 76 999 923 FI 49 (4.9) 256 (25.8) 236 (23.8) 293 (29.6) 157 (15.8) 32 1023 991 FR 28 (2.8) 122 (12.1) 278 (27.6) 268 (26.6) 313 (31.0) 27 1036 1009 GB-GBN 53 (5.9) 128 (14.3) 283 (31.5) 255 (28.4) 179 (19.9) 112 1010 898 GB-NIR 9 (3.2) 42 (14.8) 100 (35.2) 73 (25.7) 60 (21.1) 18 302 284 GR 12 (1.2) 46 (4.7) 704 (71.6) 164 (16.7) 57 (5.8) 20 1003 983 IE 51 (5.5) 129 (13.8) 362 (38.8) 241 (25.9) 149 (16.0) 81 1013 932 IT 20 (2.0) 94 (9.5) 517 (52.2) 281 (28.4) 78 (7.9) 37 1027 990 LU 28 (4.8) 55 (9.5) 153 (26.4) 147 (25.4) 196 (33.9) 24 603 579 NL 35 (3.6) 193 (19.6) 228 (23.1) 361 (36.6) 168 (17.1) 49 1034 985 PT 14 (1.5) 67 (7.2) 426 (45.8) 259 (27.8) 164 (17.6) 71 1001 930 SE 33 (3.4) 175 (17.9) 372 (38.0) 204 (20.8) 195 (19.9) 22 1001 979 N Sum 551 2218 5094 4329 3095 937 16224 N Valid Sum 551 2218 5094 4329 3095 15287 printed 25.01.2012 page 133 Eurobarometer 58.2 - October-December 2002,GESIS Variable Report,159,ZA3886
v126,v126 1 2 3 N Sum N Valid Sum,Q20A HEALTH RISK ENVIRONM - PUBL PROTEC,isocntry M AT 359 (47.5) 397 (52.5) 266 1022 756 BE 320 (36.7) 552 (63.3) 238 1110 872 DE-E 300 (39.8) 453 (60.2) 267 1020 753 DE-W 258 (34.0) 501 (66.0) 263 1022 759 DK 401 (48.7) 422 (51.3) 177 1000 823 ES 201 (26.0) 571 (74.0) 229 1001 772 FI 364 (42.0) 502 (58.0) 158 1024 866 FR 203 (23.3) 667 (76.7) 167 1037 870 GB-GBN 237 (31.3) 520 (68.7) 253 1010 757 GB-NIR 71 (28.7) 176 (71.3) 55 302 247 GR 128 (13.9) 793 (86.1) 82 1003 921 IE 263 (33.2) 529 (66.8) 220 1012 792 IT 145 (16.4) 737 (83.6) 144 1026 882 LU 233 (44.0) 296 (56.0) 73 602 529 NL 402 (50.3) 397 (49.7) 236 1035 799 PT 126 (15.7) 676 (84.3) 200 1002 802 SE 265 (31.5) 577 (68.5) 158 1000 842 N Sum 4276 8766 3186 16228 N Valid Sum 4276 8766 13042 printed 25.01.2012 page 134 Eurobarometer 58.2 - October-December 2002,isocntry M AT 359 (47.5) 397 (52.5) 266 1022 756 BE 320 (36.7) 552 (63.3) 238 1110 872 DE-E 300 (39.8) 453 (60.2) 267 1020 753 DE-W 258 (34.0) 501 (66.0) 263 1022 759 DK 401 (48.7) 422 (51.3) 177 1000 823 ES 201 (26.0) 571 (74.0) 229 1001 772 FI 364 (42.0) 502 (58.0) 158 1024 866 FR 203 (23.3) 667 (76.7) 167 1037 870 GB-GBN 237 (31.3) 520 (68.7) 253 1010 757 GB-NIR 71 (28.7) 176 (71.3) 55 302 247 GR 128 (13.9) 793 (86.1) 82 1003 921 IE 263 (33.2) 529 (66.8) 220 1012 792 IT 145 (16.4) 737 (83.6) 144 1026 882 LU 233 (44.0) 296 (56.0) 73 602 529 NL 402 (50.3) 397 (49.7) 236 1035 799 PT 126 (15.7) 676 (84.3) 200 1002 802 SE 265 (31.5) 577 (68.5) 158 1000 842 N Sum 4276 8766 3186 16228 N Valid Sum 4276 8766 13042 printed 25.01.2012 page 134 Eurobarometer 58.2 - October-December 2002,GESIS Variable Report,160,ZA3886
v127,v127 0 1 N Sum N Valid Sum,Q20B HEALTH PUBL PROTEC: INITIATIVES,isocntry AT 772 (75.5) 251 (24.5) 1023 1023 BE 877 (79.0) 233 (21.0) 1110 1110 DE-E 907 (88.9) 113 (11.1) 1020 1020 DE-W 884 (86.5) 138 (13.5) 1022 1022 DK 849 (84.9) 151 (15.1) 1000 1000 ES 955 (95.5) 45 (4.5) 1000 1000 FI 658 (64.3) 366 (35.7) 1024 1024 FR 724 (69.8) 313 (30.2) 1037 1037 GB-GBN 908 (89.9) 102 (10.1) 1010 1010 GB-NIR 265 (87.7) 37 (12.3) 302 302 GR 903 (90.0) 100 (10.0) 1003 1003 IE 841 (83.0) 172 (17.0) 1013 1013 IT 725 (70.6) 302 (29.4) 1027 1027 LU 538 (89.4) 64 (10.6) 602 602 NL 804 (77.7) 231 (22.3) 1035 1035 PT 877 (87.5) 125 (12.5) 1002 1002 SE 847 (84.7) 153 (15.3) 1000 1000 N Sum 13334 2896 16230 N Valid Sum 13334 2896 16230 printed 25.01.2012 page 135 Eurobarometer 58.2 - October-December 2002,isocntry AT 772 (75.5) 251 (24.5) 1023 1023 BE 877 (79.0) 233 (21.0) 1110 1110 DE-E 907 (88.9) 113 (11.1) 1020 1020 DE-W 884 (86.5) 138 (13.5) 1022 1022 DK 849 (84.9) 151 (15.1) 1000 1000 ES 955 (95.5) 45 (4.5) 1000 1000 FI 658 (64.3) 366 (35.7) 1024 1024 FR 724 (69.8) 313 (30.2) 1037 1037 GB-GBN 908 (89.9) 102 (10.1) 1010 1010 GB-NIR 265 (87.7) 37 (12.3) 302 302 GR 903 (90.0) 100 (10.0) 1003 1003 IE 841 (83.0) 172 (17.0) 1013 1013 IT 725 (70.6) 302 (29.4) 1027 1027 LU 538 (89.4) 64 (10.6) 602 602 NL 804 (77.7) 231 (22.3) 1035 1035 PT 877 (87.5) 125 (12.5) 1002 1002 SE 847 (84.7) 153 (15.3) 1000 1000 N Sum 13334 2896 16230 N Valid Sum 13334 2896 16230 printed 25.01.2012 page 135 Eurobarometer 58.2 - October-December 2002,GESIS Variable Report,161,ZA3886
v128,v128 0 1 N Sum N Valid Sum,Q20B HEALTH PUBL PROTEC: LOCAL LEVEL,isocntry AT 753 (73.6) 270 (26.4) 1023 1023 BE 678 (61.1) 432 (38.9) 1110 1110 DE-E 697 (68.3) 323 (31.7) 1020 1020 DE-W 675 (66.0) 347 (34.0) 1022 1022 DK 567 (56.7) 433 (43.3) 1000 1000 ES 709 (70.9) 291 (29.1) 1000 1000 FI 538 (52.5) 486 (47.5) 1024 1024 FR 727 (70.1) 310 (29.9) 1037 1037 GB-GBN 585 (57.9) 425 (42.1) 1010 1010 GB-NIR 114 (37.7) 188 (62.3) 302 302 GR 540 (53.8) 463 (46.2) 1003 1003 IE 443 (43.7) 570 (56.3) 1013 1013 IT 623 (60.7) 404 (39.3) 1027 1027 LU 478 (79.4) 124 (20.6) 602 602 NL 775 (74.9) 260 (25.1) 1035 1035 PT 698 (69.7) 304 (30.3) 1002 1002 SE 439 (43.9) 561 (56.1) 1000 1000 N Sum 10039 6191 16230 N Valid Sum 10039 6191 16230 printed 25.01.2012 page 136 Eurobarometer 58.2 - October-December 2002,isocntry AT 753 (73.6) 270 (26.4) 1023 1023 BE 678 (61.1) 432 (38.9) 1110 1110 DE-E 697 (68.3) 323 (31.7) 1020 1020 DE-W 675 (66.0) 347 (34.0) 1022 1022 DK 567 (56.7) 433 (43.3) 1000 1000 ES 709 (70.9) 291 (29.1) 1000 1000 FI 538 (52.5) 486 (47.5) 1024 1024 FR 727 (70.1) 310 (29.9) 1037 1037 GB-GBN 585 (57.9) 425 (42.1) 1010 1010 GB-NIR 114 (37.7) 188 (62.3) 302 302 GR 540 (53.8) 463 (46.2) 1003 1003 IE 443 (43.7) 570 (56.3) 1013 1013 IT 623 (60.7) 404 (39.3) 1027 1027 LU 478 (79.4) 124 (20.6) 602 602 NL 775 (74.9) 260 (25.1) 1035 1035 PT 698 (69.7) 304 (30.3) 1002 1002 SE 439 (43.9) 561 (56.1) 1000 1000 N Sum 10039 6191 16230 N Valid Sum 10039 6191 16230 printed 25.01.2012 page 136 Eurobarometer 58.2 - October-December 2002,GESIS Variable Report,162,ZA3886
v129,v129 0 1 N Sum N Valid Sum,Q20B HEALTH PUBL PROTEC: REGIONAL LEVEL,isocntry AT 788 (77.0) 235 (23.0) 1023 1023 BE 899 (81.0) 211 (19.0) 1110 1110 DE-E 809 (79.3) 211 (20.7) 1020 1020 DE-W 823 (80.5) 199 (19.5) 1022 1022 DK 836 (83.6) 164 (16.4) 1000 1000 ES 870 (87.0) 130 (13.0) 1000 1000 FI 906 (88.5) 118 (11.5) 1024 1024 FR 815 (78.6) 222 (21.4) 1037 1037 GB-GBN 845 (83.7) 165 (16.3) 1010 1010 GB-NIR 255 (84.4) 47 (15.6) 302 302 GR 865 (86.2) 138 (13.8) 1003 1003 IE 859 (84.8) 154 (15.2) 1013 1013 IT 858 (83.5) 169 (16.5) 1027 1027 LU 542 (90.0) 60 (10.0) 602 602 NL 884 (85.4) 151 (14.6) 1035 1035 PT 869 (86.7) 133 (13.3) 1002 1002 SE 811 (81.1) 189 (18.9) 1000 1000 N Sum 13534 2696 16230 N Valid Sum 13534 2696 16230 printed 25.01.2012 page 137 Eurobarometer 58.2 - October-December 2002,isocntry AT 788 (77.0) 235 (23.0) 1023 1023 BE 899 (81.0) 211 (19.0) 1110 1110 DE-E 809 (79.3) 211 (20.7) 1020 1020 DE-W 823 (80.5) 199 (19.5) 1022 1022 DK 836 (83.6) 164 (16.4) 1000 1000 ES 870 (87.0) 130 (13.0) 1000 1000 FI 906 (88.5) 118 (11.5) 1024 1024 FR 815 (78.6) 222 (21.4) 1037 1037 GB-GBN 845 (83.7) 165 (16.3) 1010 1010 GB-NIR 255 (84.4) 47 (15.6) 302 302 GR 865 (86.2) 138 (13.8) 1003 1003 IE 859 (84.8) 154 (15.2) 1013 1013 IT 858 (83.5) 169 (16.5) 1027 1027 LU 542 (90.0) 60 (10.0) 602 602 NL 884 (85.4) 151 (14.6) 1035 1035 PT 869 (86.7) 133 (13.3) 1002 1002 SE 811 (81.1) 189 (18.9) 1000 1000 N Sum 13534 2696 16230 N Valid Sum 13534 2696 16230 printed 25.01.2012 page 137 Eurobarometer 58.2 - October-December 2002,GESIS Variable Report,163,ZA3886
v130,v130 0 1 N Sum N Valid Sum,Q20B HEALTH PUBL PROTEC: NATIONAL LEVEL,isocntry AT 831 (81.2) 192 (18.8) 1023 1023 BE 879 (79.2) 231 (20.8) 1110 1110 DE-E 685 (67.2) 335 (32.8) 1020 1020 DE-W 717 (70.2) 305 (29.8) 1022 1022 DK 705 (70.5) 295 (29.5) 1000 1000 ES 734 (73.4) 266 (26.6) 1000 1000 FI 699 (68.3) 325 (31.7) 1024 1024 FR 784 (75.6) 253 (24.4) 1037 1037 GB-GBN 707 (70.0) 303 (30.0) 1010 1010 GB-NIR 227 (75.2) 75 (24.8) 302 302 GR 680 (67.8) 323 (32.2) 1003 1003 IE 717 (70.8) 296 (29.2) 1013 1013 IT 836 (81.4) 191 (18.6) 1027 1027 LU 433 (71.9) 169 (28.1) 602 602 NL 721 (69.7) 314 (30.3) 1035 1035 PT 722 (72.1) 280 (27.9) 1002 1002 SE 706 (70.6) 294 (29.4) 1000 1000 N Sum 11783 4447 16230 N Valid Sum 11783 4447 16230 printed 25.01.2012 page 138 Eurobarometer 58.2 - October-December 2002,isocntry AT 831 (81.2) 192 (18.8) 1023 1023 BE 879 (79.2) 231 (20.8) 1110 1110 DE-E 685 (67.2) 335 (32.8) 1020 1020 DE-W 717 (70.2) 305 (29.8) 1022 1022 DK 705 (70.5) 295 (29.5) 1000 1000 ES 734 (73.4) 266 (26.6) 1000 1000 FI 699 (68.3) 325 (31.7) 1024 1024 FR 784 (75.6) 253 (24.4) 1037 1037 GB-GBN 707 (70.0) 303 (30.0) 1010 1010 GB-NIR 227 (75.2) 75 (24.8) 302 302 GR 680 (67.8) 323 (32.2) 1003 1003 IE 717 (70.8) 296 (29.2) 1013 1013 IT 836 (81.4) 191 (18.6) 1027 1027 LU 433 (71.9) 169 (28.1) 602 602 NL 721 (69.7) 314 (30.3) 1035 1035 PT 722 (72.1) 280 (27.9) 1002 1002 SE 706 (70.6) 294 (29.4) 1000 1000 N Sum 11783 4447 16230 N Valid Sum 11783 4447 16230 printed 25.01.2012 page 138 Eurobarometer 58.2 - October-December 2002,GESIS Variable Report,164,ZA3886
v131,v131 0 1 N Sum N Valid Sum,Q20B HEALTH PUBL PROTEC: EUROPEAN LEVEL,isocntry AT 804 (78.6) 219 (21.4) 1023 1023 BE 883 (79.5) 227 (20.5) 1110 1110 DE-E 809 (79.3) 211 (20.7) 1020 1020 DE-W 802 (78.5) 220 (21.5) 1022 1022 DK 806 (80.6) 194 (19.4) 1000 1000 ES 857 (85.7) 143 (14.3) 1000 1000 FI 949 (92.7) 75 (7.3) 1024 1024 FR 824 (79.5) 213 (20.5) 1037 1037 GB-GBN 918 (90.9) 92 (9.1) 1010 1010 GB-NIR 273 (90.4) 29 (9.6) 302 302 GR 872 (86.9) 131 (13.1) 1003 1003 IE 908 (89.6) 105 (10.4) 1013 1013 IT 917 (89.3) 110 (10.7) 1027 1027 LU 446 (74.1) 156 (25.9) 602 602 NL 702 (67.8) 333 (32.2) 1035 1035 PT 894 (89.2) 108 (10.8) 1002 1002 SE 831 (83.1) 169 (16.9) 1000 1000 N Sum 13495 2735 16230 N Valid Sum 13495 2735 16230 printed 25.01.2012 page 139 Eurobarometer 58.2 - October-December 2002,isocntry AT 804 (78.6) 219 (21.4) 1023 1023 BE 883 (79.5) 227 (20.5) 1110 1110 DE-E 809 (79.3) 211 (20.7) 1020 1020 DE-W 802 (78.5) 220 (21.5) 1022 1022 DK 806 (80.6) 194 (19.4) 1000 1000 ES 857 (85.7) 143 (14.3) 1000 1000 FI 949 (92.7) 75 (7.3) 1024 1024 FR 824 (79.5) 213 (20.5) 1037 1037 GB-GBN 918 (90.9) 92 (9.1) 1010 1010 GB-NIR 273 (90.4) 29 (9.6) 302 302 GR 872 (86.9) 131 (13.1) 1003 1003 IE 908 (89.6) 105 (10.4) 1013 1013 IT 917 (89.3) 110 (10.7) 1027 1027 LU 446 (74.1) 156 (25.9) 602 602 NL 702 (67.8) 333 (32.2) 1035 1035 PT 894 (89.2) 108 (10.8) 1002 1002 SE 831 (83.1) 169 (16.9) 1000 1000 N Sum 13495 2735 16230 N Valid Sum 13495 2735 16230 printed 25.01.2012 page 139 Eurobarometer 58.2 - October-December 2002,GESIS Variable Report,165,ZA3886
v132,v132 0 1 N Sum N Valid Sum,Q20B HEALTH PUBL PROTEC: WORLD-WIDE,isocntry AT 719 (70.3) 304 (29.7) 1023 1023 BE 848 (76.4) 262 (23.6) 1110 1110 DE-E 705 (69.1) 315 (30.9) 1020 1020 DE-W 710 (69.5) 312 (30.5) 1022 1022 DK 716 (71.6) 284 (28.4) 1000 1000 ES 684 (68.4) 316 (31.6) 1000 1000 FI 754 (73.6) 270 (26.4) 1024 1024 FR 708 (68.3) 329 (31.7) 1037 1037 GB-GBN 794 (78.6) 216 (21.4) 1010 1010 GB-NIR 235 (77.8) 67 (22.2) 302 302 GR 683 (68.1) 320 (31.9) 1003 1003 IE 889 (87.8) 124 (12.2) 1013 1013 IT 718 (69.9) 309 (30.1) 1027 1027 LU 360 (59.8) 242 (40.2) 602 602 NL 628 (60.7) 407 (39.3) 1035 1035 PT 732 (73.1) 270 (26.9) 1002 1002 SE 636 (63.6) 364 (36.4) 1000 1000 N Sum 11519 4711 16230 N Valid Sum 11519 4711 16230 printed 25.01.2012 page 140 Eurobarometer 58.2 - October-December 2002,isocntry AT 719 (70.3) 304 (29.7) 1023 1023 BE 848 (76.4) 262 (23.6) 1110 1110 DE-E 705 (69.1) 315 (30.9) 1020 1020 DE-W 710 (69.5) 312 (30.5) 1022 1022 DK 716 (71.6) 284 (28.4) 1000 1000 ES 684 (68.4) 316 (31.6) 1000 1000 FI 754 (73.6) 270 (26.4) 1024 1024 FR 708 (68.3) 329 (31.7) 1037 1037 GB-GBN 794 (78.6) 216 (21.4) 1010 1010 GB-NIR 235 (77.8) 67 (22.2) 302 302 GR 683 (68.1) 320 (31.9) 1003 1003 IE 889 (87.8) 124 (12.2) 1013 1013 IT 718 (69.9) 309 (30.1) 1027 1027 LU 360 (59.8) 242 (40.2) 602 602 NL 628 (60.7) 407 (39.3) 1035 1035 PT 732 (73.1) 270 (26.9) 1002 1002 SE 636 (63.6) 364 (36.4) 1000 1000 N Sum 11519 4711 16230 N Valid Sum 11519 4711 16230 printed 25.01.2012 page 140 Eurobarometer 58.2 - October-December 2002,GESIS Variable Report,166,ZA3886
v133,v133 0 1 N Sum N Valid Sum,Q20B HEALTH PUBL PROTEC: NOT BE INVOLVED,isocntry AT 1014 (99.1) 9 (0.9) 1023 1023 BE 1097 (98.8) 13 (1.2) 1110 1110 DE-E 1016 (99.6) 4 (0.4) 1020 1020 DE-W 1020 (99.8) 2 (0.2) 1022 1022 DK 988 (98.8) 12 (1.2) 1000 1000 ES 994 (99.4) 6 (0.6) 1000 1000 FI 1020 (99.6) 4 (0.4) 1024 1024 FR 1031 (99.4) 6 (0.6) 1037 1037 GB-GBN 1008 (99.8) 2 (0.2) 1010 1010 GB-NIR 302 (100.0) 302 302 GR 997 (99.4) 6 (0.6) 1003 1003 IE 1005 (99.2) 8 (0.8) 1013 1013 IT 1024 (99.7) 3 (0.3) 1027 1027 LU 597 (99.2) 5 (0.8) 602 602 NL 1027 (99.2) 8 (0.8) 1035 1035 PT 987 (98.5) 15 (1.5) 1002 1002 SE 998 (99.8) 2 (0.2) 1000 1000 N Sum 16125 105 16230 N Valid Sum 16125 105 16230 printed 25.01.2012 page 141 Eurobarometer 58.2 - October-December 2002,isocntry AT 1014 (99.1) 9 (0.9) 1023 1023 BE 1097 (98.8) 13 (1.2) 1110 1110 DE-E 1016 (99.6) 4 (0.4) 1020 1020 DE-W 1020 (99.8) 2 (0.2) 1022 1022 DK 988 (98.8) 12 (1.2) 1000 1000 ES 994 (99.4) 6 (0.6) 1000 1000 FI 1020 (99.6) 4 (0.4) 1024 1024 FR 1031 (99.4) 6 (0.6) 1037 1037 GB-GBN 1008 (99.8) 2 (0.2) 1010 1010 GB-NIR 302 (100.0) 302 302 GR 997 (99.4) 6 (0.6) 1003 1003 IE 1005 (99.2) 8 (0.8) 1013 1013 IT 1024 (99.7) 3 (0.3) 1027 1027 LU 597 (99.2) 5 (0.8) 602 602 NL 1027 (99.2) 8 (0.8) 1035 1035 PT 987 (98.5) 15 (1.5) 1002 1002 SE 998 (99.8) 2 (0.2) 1000 1000 N Sum 16125 105 16230 N Valid Sum 16125 105 16230 printed 25.01.2012 page 141 Eurobarometer 58.2 - October-December 2002,GESIS Variable Report,167,ZA3886
v134,v134 0 1 N Sum N Valid Sum,Q20B HEALTH PUBL PROTEC: DK,isocntry AT 896 (87.6) 127 (12.4) 1023 1023 BE 990 (89.2) 120 (10.8) 1110 1110 DE-E 913 (89.5) 107 (10.5) 1020 1020 DE-W 913 (89.3) 109 (10.7) 1022 1022 DK 941 (94.1) 59 (5.9) 1000 1000 ES 886 (88.6) 114 (11.4) 1000 1000 FI 991 (96.8) 33 (3.2) 1024 1024 FR 990 (95.5) 47 (4.5) 1037 1037 GB-GBN 879 (87.0) 131 (13.0) 1010 1010 GB-NIR 286 (94.7) 16 (5.3) 302 302 GR 956 (95.3) 47 (4.7) 1003 1003 IE 943 (93.1) 70 (6.9) 1013 1013 IT 971 (94.5) 56 (5.5) 1027 1027 LU 551 (91.5) 51 (8.5) 602 602 NL 1002 (96.8) 33 (3.2) 1035 1035 PT 880 (87.8) 122 (12.2) 1002 1002 SE 975 (97.5) 25 (2.5) 1000 1000 N Sum 14963 1267 16230 N Valid Sum 14963 1267 16230 printed 25.01.2012 page 142 Eurobarometer 58.2 - October-December 2002,isocntry AT 896 (87.6) 127 (12.4) 1023 1023 BE 990 (89.2) 120 (10.8) 1110 1110 DE-E 913 (89.5) 107 (10.5) 1020 1020 DE-W 913 (89.3) 109 (10.7) 1022 1022 DK 941 (94.1) 59 (5.9) 1000 1000 ES 886 (88.6) 114 (11.4) 1000 1000 FI 991 (96.8) 33 (3.2) 1024 1024 FR 990 (95.5) 47 (4.5) 1037 1037 GB-GBN 879 (87.0) 131 (13.0) 1010 1010 GB-NIR 286 (94.7) 16 (5.3) 302 302 GR 956 (95.3) 47 (4.7) 1003 1003 IE 943 (93.1) 70 (6.9) 1013 1013 IT 971 (94.5) 56 (5.5) 1027 1027 LU 551 (91.5) 51 (8.5) 602 602 NL 1002 (96.8) 33 (3.2) 1035 1035 PT 880 (87.8) 122 (12.2) 1002 1002 SE 975 (97.5) 25 (2.5) 1000 1000 N Sum 14963 1267 16230 N Valid Sum 14963 1267 16230 printed 25.01.2012 page 142 Eurobarometer 58.2 - October-December 2002,GESIS Variable Report,168,ZA3886
v135,v135 1 2 3 4 5 N Sum N Valid Sum,Q21 HEALTH RISKS ENVIRONM - INFORMATION,isocntry M AT 158 (17.6) 446 (49.7) 222 (24.7) 71 (7.9) 126 1023 897 BE 69 (6.8) 560 (55.4) 276 (27.3) 106 (10.5) 100 1111 1011 DE-E 48 (5.4) 498 (56.3) 263 (29.7) 76 (8.6) 135 1020 885 DE-W 41 (4.6) 465 (51.8) 320 (35.6) 72 (8.0) 124 1022 898 DK 236 (25.1) 468 (49.8) 188 (20.0) 48 (5.1) 60 1000 940 ES 82 (9.2) 375 (42.0) 303 (34.0) 132 (14.8) 107 999 892 FI 149 (15.2) 599 (60.9) 206 (21.0) 29 (3.0) 41 1024 983 FR 46 (4.7) 406 (41.1) 373 (37.8) 163 (16.5) 49 1037 988 GB-GBN 49 (5.3) 449 (48.8) 267 (29.0) 155 (16.8) 91 1011 920 GB-NIR 19 (6.7) 129 (45.6) 79 (27.9) 56 (19.8) 19 302 283 GR 25 (2.5) 337 (34.1) 402 (40.7) 224 (22.7) 15 1003 988 IE 80 (9.0) 422 (47.7) 287 (32.5) 95 (10.7) 130 1014 884 IT 17 (1.8) 384 (40.2) 384 (40.2) 170 (17.8) 71 1026 955 LU 60 (10.3) 303 (52.1) 154 (26.5) 65 (11.2) 21 603 582 NL 59 (6.1) 566 (58.3) 271 (27.9) 75 (7.7) 64 1035 971 PT 20 (2.2) 383 (42.6) 307 (34.1) 189 (21.0) 104 1003 899 SE 47 (5.0) 480 (51.1) 317 (33.7) 96 (10.2) 60 1000 940 N Sum 1205 7270 4619 1822 1317 16233 N Valid Sum 1205 7270 4619 1822 14916 printed 25.01.2012 page 143 Eurobarometer 58.2 - October-December 2002,isocntry M AT 158 (17.6) 446 (49.7) 222 (24.7) 71 (7.9) 126 1023 897 BE 69 (6.8) 560 (55.4) 276 (27.3) 106 (10.5) 100 1111 1011 DE-E 48 (5.4) 498 (56.3) 263 (29.7) 76 (8.6) 135 1020 885 DE-W 41 (4.6) 465 (51.8) 320 (35.6) 72 (8.0) 124 1022 898 DK 236 (25.1) 468 (49.8) 188 (20.0) 48 (5.1) 60 1000 940 ES 82 (9.2) 375 (42.0) 303 (34.0) 132 (14.8) 107 999 892 FI 149 (15.2) 599 (60.9) 206 (21.0) 29 (3.0) 41 1024 983 FR 46 (4.7) 406 (41.1) 373 (37.8) 163 (16.5) 49 1037 988 GB-GBN 49 (5.3) 449 (48.8) 267 (29.0) 155 (16.8) 91 1011 920 GB-NIR 19 (6.7) 129 (45.6) 79 (27.9) 56 (19.8) 19 302 283 GR 25 (2.5) 337 (34.1) 402 (40.7) 224 (22.7) 15 1003 988 IE 80 (9.0) 422 (47.7) 287 (32.5) 95 (10.7) 130 1014 884 IT 17 (1.8) 384 (40.2) 384 (40.2) 170 (17.8) 71 1026 955 LU 60 (10.3) 303 (52.1) 154 (26.5) 65 (11.2) 21 603 582 NL 59 (6.1) 566 (58.3) 271 (27.9) 75 (7.7) 64 1035 971 PT 20 (2.2) 383 (42.6) 307 (34.1) 189 (21.0) 104 1003 899 SE 47 (5.0) 480 (51.1) 317 (33.7) 96 (10.2) 60 1000 940 N Sum 1205 7270 4619 1822 1317 16233 N Valid Sum 1205 7270 4619 1822 14916 printed 25.01.2012 page 143 Eurobarometer 58.2 - October-December 2002,GESIS Variable Report,169,ZA3886
v136,v136 0 1 9 N Sum N Valid Sum,Q22 HEALTH RISK INFO: NOT TRUSTWORTHY,isocntry M AT 224 (76.2) 70 (23.8) 730 1024 294 BE 320 (83.8) 62 (16.2) 728 1110 382 DE-E 230 (67.8) 109 (32.2) 681 1020 339 DE-W 253 (64.5) 139 (35.5) 630 1022 392 DK 166 (70.3) 70 (29.7) 765 1001 236 ES 333 (76.6) 102 (23.4) 564 999 435 FI 193 (82.1) 42 (17.9) 789 1024 235 FR 376 (70.1) 160 (29.9) 502 1038 536 GB-GBN 320 (75.8) 102 (24.2) 588 1010 422 GB-NIR 108 (80.0) 27 (20.0) 167 302 135 GR 469 (75.0) 156 (25.0) 378 1003 625 IE 280 (73.3) 102 (26.7) 632 1014 382 IT 453 (81.6) 102 (18.4) 473 1028 555 LU 172 (78.5) 47 (21.5) 383 602 219 NL 257 (74.3) 89 (25.7) 689 1035 346 PT 447 (90.1) 49 (9.9) 506 1002 496 SE 334 (80.9) 79 (19.1) 587 1000 413 N Sum 4935 1507 9792 16234 N Valid Sum 4935 1507 6442 printed 25.01.2012 page 144 Eurobarometer 58.2 - October-December 2002,isocntry M AT 224 (76.2) 70 (23.8) 730 1024 294 BE 320 (83.8) 62 (16.2) 728 1110 382 DE-E 230 (67.8) 109 (32.2) 681 1020 339 DE-W 253 (64.5) 139 (35.5) 630 1022 392 DK 166 (70.3) 70 (29.7) 765 1001 236 ES 333 (76.6) 102 (23.4) 564 999 435 FI 193 (82.1) 42 (17.9) 789 1024 235 FR 376 (70.1) 160 (29.9) 502 1038 536 GB-GBN 320 (75.8) 102 (24.2) 588 1010 422 GB-NIR 108 (80.0) 27 (20.0) 167 302 135 GR 469 (75.0) 156 (25.0) 378 1003 625 IE 280 (73.3) 102 (26.7) 632 1014 382 IT 453 (81.6) 102 (18.4) 473 1028 555 LU 172 (78.5) 47 (21.5) 383 602 219 NL 257 (74.3) 89 (25.7) 689 1035 346 PT 447 (90.1) 49 (9.9) 506 1002 496 SE 334 (80.9) 79 (19.1) 587 1000 413 N Sum 4935 1507 9792 16234 N Valid Sum 4935 1507 6442 printed 25.01.2012 page 144 Eurobarometer 58.2 - October-December 2002,GESIS Variable Report,170,ZA3886
v137,v137 0 1 9 N Sum N Valid Sum,Q22 HEALTH RISK INFO: INSUFFICIENT,isocntry M AT 127 (43.3) 166 (56.7) 730 1023 293 BE 121 (31.7) 261 (68.3) 728 1110 382 DE-E 107 (31.5) 233 (68.5) 681 1021 340 DE-W 125 (31.8) 268 (68.2) 630 1023 393 DK 107 (45.3) 129 (54.7) 765 1001 236 ES 113 (25.9) 323 (74.1) 564 1000 436 FI 98 (41.5) 138 (58.5) 789 1025 236 FR 236 (44.1) 299 (55.9) 502 1037 535 GB-GBN 158 (37.4) 264 (62.6) 588 1010 422 GB-NIR 39 (28.7) 97 (71.3) 167 303 136 GR 217 (34.7) 408 (65.3) 378 1003 625 IE 154 (40.3) 228 (59.7) 632 1014 382 IT 197 (35.5) 358 (64.5) 473 1028 555 LU 76 (34.7) 143 (65.3) 383 602 219 NL 142 (41.2) 203 (58.8) 689 1034 345 PT 187 (37.7) 309 (62.3) 506 1002 496 SE 156 (37.8) 257 (62.2) 587 1000 413 N Sum 2360 4084 9792 16236 N Valid Sum 2360 4084 6444 printed 25.01.2012 page 145 Eurobarometer 58.2 - October-December 2002,isocntry M AT 127 (43.3) 166 (56.7) 730 1023 293 BE 121 (31.7) 261 (68.3) 728 1110 382 DE-E 107 (31.5) 233 (68.5) 681 1021 340 DE-W 125 (31.8) 268 (68.2) 630 1023 393 DK 107 (45.3) 129 (54.7) 765 1001 236 ES 113 (25.9) 323 (74.1) 564 1000 436 FI 98 (41.5) 138 (58.5) 789 1025 236 FR 236 (44.1) 299 (55.9) 502 1037 535 GB-GBN 158 (37.4) 264 (62.6) 588 1010 422 GB-NIR 39 (28.7) 97 (71.3) 167 303 136 GR 217 (34.7) 408 (65.3) 378 1003 625 IE 154 (40.3) 228 (59.7) 632 1014 382 IT 197 (35.5) 358 (64.5) 473 1028 555 LU 76 (34.7) 143 (65.3) 383 602 219 NL 142 (41.2) 203 (58.8) 689 1034 345 PT 187 (37.7) 309 (62.3) 506 1002 496 SE 156 (37.8) 257 (62.2) 587 1000 413 N Sum 2360 4084 9792 16236 N Valid Sum 2360 4084 6444 printed 25.01.2012 page 145 Eurobarometer 58.2 - October-December 2002,GESIS Variable Report,171,ZA3886
v138,v138 0 1 9 N Sum N Valid Sum,Q22 HEALTH RISK INFO: NOT OBJECTIVE,isocntry M AT 205 (70.0) 88 (30.0) 730 1023 293 BE 323 (84.6) 59 (15.4) 728 1110 382 DE-E 245 (72.3) 94 (27.7) 681 1020 339 DE-W 269 (68.4) 124 (31.6) 630 1023 393 DK 191 (81.3) 44 (18.7) 765 1000 235 ES 336 (77.1) 100 (22.9) 564 1000 436 FI 170 (72.0) 66 (28.0) 789 1025 236 FR 387 (72.3) 148 (27.7) 502 1037 535 GB-GBN 389 (92.2) 33 (7.8) 588 1010 422 GB-NIR 128 (94.8) 7 (5.2) 167 302 135 GR 514 (82.2) 111 (17.8) 378 1003 625 IE 337 (88.5) 44 (11.5) 632 1013 381 IT 432 (77.8) 123 (22.2) 473 1028 555 LU 169 (77.5) 49 (22.5) 383 601 218 NL 260 (75.1) 86 (24.9) 689 1035 346 PT 406 (82.0) 89 (18.0) 506 1001 495 SE 349 (84.7) 63 (15.3) 587 999 412 N Sum 5110 1328 9792 16230 N Valid Sum 5110 1328 6438 printed 25.01.2012 page 146 Eurobarometer 58.2 - October-December 2002,isocntry M AT 205 (70.0) 88 (30.0) 730 1023 293 BE 323 (84.6) 59 (15.4) 728 1110 382 DE-E 245 (72.3) 94 (27.7) 681 1020 339 DE-W 269 (68.4) 124 (31.6) 630 1023 393 DK 191 (81.3) 44 (18.7) 765 1000 235 ES 336 (77.1) 100 (22.9) 564 1000 436 FI 170 (72.0) 66 (28.0) 789 1025 236 FR 387 (72.3) 148 (27.7) 502 1037 535 GB-GBN 389 (92.2) 33 (7.8) 588 1010 422 GB-NIR 128 (94.8) 7 (5.2) 167 302 135 GR 514 (82.2) 111 (17.8) 378 1003 625 IE 337 (88.5) 44 (11.5) 632 1013 381 IT 432 (77.8) 123 (22.2) 473 1028 555 LU 169 (77.5) 49 (22.5) 383 601 218 NL 260 (75.1) 86 (24.9) 689 1035 346 PT 406 (82.0) 89 (18.0) 506 1001 495 SE 349 (84.7) 63 (15.3) 587 999 412 N Sum 5110 1328 9792 16230 N Valid Sum 5110 1328 6438 printed 25.01.2012 page 146 Eurobarometer 58.2 - October-December 2002,GESIS Variable Report,172,ZA3886
v139,v139 0 1 9 N Sum N Valid Sum,Q22 HEALTH RISK INFO: COMPLICATED,isocntry M AT 240 (81.9) 53 (18.1) 730 1023 293 BE 325 (85.1) 57 (14.9) 728 1110 382 DE-E 272 (80.2) 67 (19.8) 681 1020 339 DE-W 316 (80.4) 77 (19.6) 630 1023 393 DK 199 (84.7) 36 (15.3) 765 1000 235 ES 396 (91.0) 39 (9.0) 564 999 435 FI 178 (75.7) 57 (24.3) 789 1024 235 FR 472 (88.2) 63 (11.8) 502 1037 535 GB-GBN 383 (90.8) 39 (9.2) 588 1010 422 GB-NIR 122 (90.4) 13 (9.6) 167 302 135 GR 559 (89.3) 67 (10.7) 378 1004 626 IE 347 (91.1) 34 (8.9) 632 1013 381 IT 510 (92.1) 44 (7.9) 473 1027 554 LU 187 (85.8) 31 (14.2) 383 601 218 NL 307 (88.7) 39 (11.3) 689 1035 346 PT 441 (88.9) 55 (11.1) 506 1002 496 SE 328 (79.4) 85 (20.6) 587 1000 413 N Sum 5582 856 9792 16230 N Valid Sum 5582 856 6438 printed 25.01.2012 page 147 Eurobarometer 58.2 - October-December 2002,isocntry M AT 240 (81.9) 53 (18.1) 730 1023 293 BE 325 (85.1) 57 (14.9) 728 1110 382 DE-E 272 (80.2) 67 (19.8) 681 1020 339 DE-W 316 (80.4) 77 (19.6) 630 1023 393 DK 199 (84.7) 36 (15.3) 765 1000 235 ES 396 (91.0) 39 (9.0) 564 999 435 FI 178 (75.7) 57 (24.3) 789 1024 235 FR 472 (88.2) 63 (11.8) 502 1037 535 GB-GBN 383 (90.8) 39 (9.2) 588 1010 422 GB-NIR 122 (90.4) 13 (9.6) 167 302 135 GR 559 (89.3) 67 (10.7) 378 1004 626 IE 347 (91.1) 34 (8.9) 632 1013 381 IT 510 (92.1) 44 (7.9) 473 1027 554 LU 187 (85.8) 31 (14.2) 383 601 218 NL 307 (88.7) 39 (11.3) 689 1035 346 PT 441 (88.9) 55 (11.1) 506 1002 496 SE 328 (79.4) 85 (20.6) 587 1000 413 N Sum 5582 856 9792 16230 N Valid Sum 5582 856 6438 printed 25.01.2012 page 147 Eurobarometer 58.2 - October-December 2002,GESIS Variable Report,173,ZA3886
v140,v140 0 1 9 N Sum N Valid Sum,Q22 HEALTH RISK INFO: BADLY EXPLAINED,isocntry M AT 223 (76.1) 70 (23.9) 730 1023 293 BE 294 (77.0) 88 (23.0) 728 1110 382 DE-E 232 (68.2) 108 (31.8) 681 1021 340 DE-W 279 (71.2) 113 (28.8) 630 1022 392 DK 203 (86.0) 33 (14.0) 765 1001 236 ES 344 (79.1) 91 (20.9) 564 999 435 FI 193 (81.8) 43 (18.2) 789 1025 236 FR 394 (73.6) 141 (26.4) 502 1037 535 GB-GBN 342 (81.0) 80 (19.0) 588 1010 422 GB-NIR 112 (82.4) 24 (17.6) 167 303 136 GR 451 (72.0) 175 (28.0) 378 1004 626 IE 292 (76.6) 89 (23.4) 632 1013 381 IT 443 (79.8) 112 (20.2) 473 1028 555 LU 172 (78.9) 46 (21.1) 383 601 218 NL 264 (76.3) 82 (23.7) 689 1035 346 PT 396 (80.0) 99 (20.0) 506 1001 495 SE 306 (74.1) 107 (25.9) 587 1000 413 N Sum 4940 1501 9792 16233 N Valid Sum 4940 1501 6441 printed 25.01.2012 page 148 Eurobarometer 58.2 - October-December 2002,isocntry M AT 223 (76.1) 70 (23.9) 730 1023 293 BE 294 (77.0) 88 (23.0) 728 1110 382 DE-E 232 (68.2) 108 (31.8) 681 1021 340 DE-W 279 (71.2) 113 (28.8) 630 1022 392 DK 203 (86.0) 33 (14.0) 765 1001 236 ES 344 (79.1) 91 (20.9) 564 999 435 FI 193 (81.8) 43 (18.2) 789 1025 236 FR 394 (73.6) 141 (26.4) 502 1037 535 GB-GBN 342 (81.0) 80 (19.0) 588 1010 422 GB-NIR 112 (82.4) 24 (17.6) 167 303 136 GR 451 (72.0) 175 (28.0) 378 1004 626 IE 292 (76.6) 89 (23.4) 632 1013 381 IT 443 (79.8) 112 (20.2) 473 1028 555 LU 172 (78.9) 46 (21.1) 383 601 218 NL 264 (76.3) 82 (23.7) 689 1035 346 PT 396 (80.0) 99 (20.0) 506 1001 495 SE 306 (74.1) 107 (25.9) 587 1000 413 N Sum 4940 1501 9792 16233 N Valid Sum 4940 1501 6441 printed 25.01.2012 page 148 Eurobarometer 58.2 - October-December 2002,GESIS Variable Report,174,ZA3886
v141,v141 0 1 9 N Sum N Valid Sum,Q22 HEALTH RISK INFO: NOT INTERESTING,isocntry M AT 268 (91.5) 25 (8.5) 730 1023 293 BE 348 (91.1) 34 (8.9) 728 1110 382 DE-E 326 (96.2) 13 (3.8) 681 1020 339 DE-W 363 (92.4) 30 (7.6) 630 1023 393 DK 221 (94.0) 14 (6.0) 765 1000 235 ES 423 (97.0) 13 (3.0) 564 1000 436 FI 223 (94.9) 12 (5.1) 789 1024 235 FR 495 (92.5) 40 (7.5) 502 1037 535 GB-GBN 396 (93.8) 26 (6.2) 588 1010 422 GB-NIR 120 (88.9) 15 (11.1) 167 302 135 GR 600 (96.0) 25 (4.0) 378 1003 625 IE 362 (94.8) 20 (5.2) 632 1014 382 IT 536 (96.8) 18 (3.2) 473 1027 554 LU 200 (91.3) 19 (8.7) 383 602 219 NL 317 (91.6) 29 (8.4) 689 1035 346 PT 455 (91.7) 41 (8.3) 506 1002 496 SE 355 (86.0) 58 (14.0) 587 1000 413 N Sum 6008 432 9792 16232 N Valid Sum 6008 432 6440 printed 25.01.2012 page 149 Eurobarometer 58.2 - October-December 2002,isocntry M AT 268 (91.5) 25 (8.5) 730 1023 293 BE 348 (91.1) 34 (8.9) 728 1110 382 DE-E 326 (96.2) 13 (3.8) 681 1020 339 DE-W 363 (92.4) 30 (7.6) 630 1023 393 DK 221 (94.0) 14 (6.0) 765 1000 235 ES 423 (97.0) 13 (3.0) 564 1000 436 FI 223 (94.9) 12 (5.1) 789 1024 235 FR 495 (92.5) 40 (7.5) 502 1037 535 GB-GBN 396 (93.8) 26 (6.2) 588 1010 422 GB-NIR 120 (88.9) 15 (11.1) 167 302 135 GR 600 (96.0) 25 (4.0) 378 1003 625 IE 362 (94.8) 20 (5.2) 632 1014 382 IT 536 (96.8) 18 (3.2) 473 1027 554 LU 200 (91.3) 19 (8.7) 383 602 219 NL 317 (91.6) 29 (8.4) 689 1035 346 PT 455 (91.7) 41 (8.3) 506 1002 496 SE 355 (86.0) 58 (14.0) 587 1000 413 N Sum 6008 432 9792 16232 N Valid Sum 6008 432 6440 printed 25.01.2012 page 149 Eurobarometer 58.2 - October-December 2002,GESIS Variable Report,175,ZA3886
v142,v142 0 1 9 N Sum N Valid Sum,Q22 HEALTH RISK INFO: NOT APPROPRIATE,isocntry M AT 150 (51.2) 143 (48.8) 730 1023 293 BE 286 (74.9) 96 (25.1) 728 1110 382 DE-E 269 (79.4) 70 (20.6) 681 1020 339 DE-W 317 (80.9) 75 (19.1) 630 1022 392 DK 145 (61.4) 91 (38.6) 765 1001 236 ES 353 (81.0) 83 (19.0) 564 1000 436 FI 125 (53.2) 110 (46.8) 789 1024 235 FR 343 (64.1) 192 (35.9) 502 1037 535 GB-GBN 322 (76.3) 100 (23.7) 588 1010 422 GB-NIR 107 (79.3) 28 (20.7) 167 302 135 GR 506 (81.0) 119 (19.0) 378 1003 625 IE 284 (74.3) 98 (25.7) 632 1014 382 IT 352 (63.4) 203 (36.6) 473 1028 555 LU 177 (80.8) 42 (19.2) 383 602 219 NL 248 (71.7) 98 (28.3) 689 1035 346 PT 406 (81.9) 90 (18.1) 506 1002 496 SE 291 (70.6) 121 (29.4) 587 999 412 N Sum 4681 1759 9792 16232 N Valid Sum 4681 1759 6440 printed 25.01.2012 page 150 Eurobarometer 58.2 - October-December 2002,isocntry M AT 150 (51.2) 143 (48.8) 730 1023 293 BE 286 (74.9) 96 (25.1) 728 1110 382 DE-E 269 (79.4) 70 (20.6) 681 1020 339 DE-W 317 (80.9) 75 (19.1) 630 1022 392 DK 145 (61.4) 91 (38.6) 765 1001 236 ES 353 (81.0) 83 (19.0) 564 1000 436 FI 125 (53.2) 110 (46.8) 789 1024 235 FR 343 (64.1) 192 (35.9) 502 1037 535 GB-GBN 322 (76.3) 100 (23.7) 588 1010 422 GB-NIR 107 (79.3) 28 (20.7) 167 302 135 GR 506 (81.0) 119 (19.0) 378 1003 625 IE 284 (74.3) 98 (25.7) 632 1014 382 IT 352 (63.4) 203 (36.6) 473 1028 555 LU 177 (80.8) 42 (19.2) 383 602 219 NL 248 (71.7) 98 (28.3) 689 1035 346 PT 406 (81.9) 90 (18.1) 506 1002 496 SE 291 (70.6) 121 (29.4) 587 999 412 N Sum 4681 1759 9792 16232 N Valid Sum 4681 1759 6440 printed 25.01.2012 page 150 Eurobarometer 58.2 - October-December 2002,GESIS Variable Report,176,ZA3886
v143,v143 0 1 9 N Sum N Valid Sum,Q22 HEALTH RISK INFO: OTHER,isocntry M AT 288 (98.3) 5 (1.7) 730 1023 293 BE 367 (96.1) 15 (3.9) 728 1110 382 DE-E 328 (96.8) 11 (3.2) 681 1020 339 DE-W 388 (98.7) 5 (1.3) 630 1023 393 DK 223 (94.9) 12 (5.1) 765 1000 235 ES 433 (99.5) 2 (0.5) 564 999 435 FI 230 (97.9) 5 (2.1) 789 1024 235 FR 525 (98.1) 10 (1.9) 502 1037 535 GB-GBN 409 (96.9) 13 (3.1) 588 1010 422 GB-NIR 130 (96.3) 5 (3.7) 167 302 135 GR 624 (99.8) 1 (0.2) 378 1003 625 IE 362 (94.8) 20 (5.2) 632 1014 382 IT 548 (98.7) 7 (1.3) 473 1028 555 LU 215 (98.6) 3 (1.4) 383 601 218 NL 328 (94.8) 18 (5.2) 689 1035 346 PT 477 (96.2) 19 (3.8) 506 1002 496 SE 410 (99.3) 3 (0.7) 587 1000 413 N Sum 6285 154 9792 16231 N Valid Sum 6285 154 6439 printed 25.01.2012 page 151 Eurobarometer 58.2 - October-December 2002,isocntry M AT 288 (98.3) 5 (1.7) 730 1023 293 BE 367 (96.1) 15 (3.9) 728 1110 382 DE-E 328 (96.8) 11 (3.2) 681 1020 339 DE-W 388 (98.7) 5 (1.3) 630 1023 393 DK 223 (94.9) 12 (5.1) 765 1000 235 ES 433 (99.5) 2 (0.5) 564 999 435 FI 230 (97.9) 5 (2.1) 789 1024 235 FR 525 (98.1) 10 (1.9) 502 1037 535 GB-GBN 409 (96.9) 13 (3.1) 588 1010 422 GB-NIR 130 (96.3) 5 (3.7) 167 302 135 GR 624 (99.8) 1 (0.2) 378 1003 625 IE 362 (94.8) 20 (5.2) 632 1014 382 IT 548 (98.7) 7 (1.3) 473 1028 555 LU 215 (98.6) 3 (1.4) 383 601 218 NL 328 (94.8) 18 (5.2) 689 1035 346 PT 477 (96.2) 19 (3.8) 506 1002 496 SE 410 (99.3) 3 (0.7) 587 1000 413 N Sum 6285 154 9792 16231 N Valid Sum 6285 154 6439 printed 25.01.2012 page 151 Eurobarometer 58.2 - October-December 2002,GESIS Variable Report,177,ZA3886
v144,v144 0 1 9 N Sum N Valid Sum,Q22 HEALTH RISK INFO: DK,isocntry M AT 291 (99.3) 2 (0.7) 730 1023 293 BE 376 (98.4) 6 (1.6) 728 1110 382 DE-E 337 (99.4) 2 (0.6) 681 1020 339 DE-W 388 (99.0) 4 (1.0) 630 1022 392 DK 231 (97.9) 5 (2.1) 765 1001 236 ES 429 (98.6) 6 (1.4) 564 999 435 FI 234 (99.6) 1 (0.4) 789 1024 235 FR 526 (98.3) 9 (1.7) 502 1037 535 GB-GBN 412 (97.9) 9 (2.1) 588 1009 421 GB-NIR 135 (99.3) 1 (0.7) 167 303 136 GR 619 (99.0) 6 (1.0) 378 1003 625 IE 372 (97.6) 9 (2.4) 632 1013 381 IT 541 (97.7) 13 (2.3) 473 1027 554 LU 217 (99.1) 2 (0.9) 383 602 219 NL 337 (97.4) 9 (2.6) 689 1035 346 PT 487 (98.2) 9 (1.8) 506 1002 496 SE 409 (99.0) 4 (1.0) 587 1000 413 N Sum 6341 97 9792 16230 N Valid Sum 6341 97 6438 printed 25.01.2012 page 152 Eurobarometer 58.2 - October-December 2002,isocntry M AT 291 (99.3) 2 (0.7) 730 1023 293 BE 376 (98.4) 6 (1.6) 728 1110 382 DE-E 337 (99.4) 2 (0.6) 681 1020 339 DE-W 388 (99.0) 4 (1.0) 630 1022 392 DK 231 (97.9) 5 (2.1) 765 1001 236 ES 429 (98.6) 6 (1.4) 564 999 435 FI 234 (99.6) 1 (0.4) 789 1024 235 FR 526 (98.3) 9 (1.7) 502 1037 535 GB-GBN 412 (97.9) 9 (2.1) 588 1009 421 GB-NIR 135 (99.3) 1 (0.7) 167 303 136 GR 619 (99.0) 6 (1.0) 378 1003 625 IE 372 (97.6) 9 (2.4) 632 1013 381 IT 541 (97.7) 13 (2.3) 473 1027 554 LU 217 (99.1) 2 (0.9) 383 602 219 NL 337 (97.4) 9 (2.6) 689 1035 346 PT 487 (98.2) 9 (1.8) 506 1002 496 SE 409 (99.0) 4 (1.0) 587 1000 413 N Sum 6341 97 9792 16230 N Valid Sum 6341 97 6438 printed 25.01.2012 page 152 Eurobarometer 58.2 - October-December 2002,GESIS Variable Report,178,ZA3886
v145,v145 0 1 N Sum N Valid Sum,Q23 HEALTH INFO USEFUL: NEWSP/MAG,isocntry AT 554 (54.2) 469 (45.8) 1023 1023 BE 736 (66.3) 374 (33.7) 1110 1110 DE-E 489 (47.9) 531 (52.1) 1020 1020 DE-W 515 (50.4) 507 (49.6) 1022 1022 DK 542 (54.2) 458 (45.8) 1000 1000 ES 645 (64.5) 355 (35.5) 1000 1000 FI 304 (29.7) 720 (70.3) 1024 1024 FR 654 (63.1) 383 (36.9) 1037 1037 GB-GBN 478 (47.3) 532 (52.7) 1010 1010 GB-NIR 121 (40.1) 181 (59.9) 302 302 GR 722 (72.0) 281 (28.0) 1003 1003 IE 592 (58.4) 421 (41.6) 1013 1013 IT 537 (52.3) 490 (47.7) 1027 1027 LU 347 (57.6) 255 (42.4) 602 602 NL 423 (40.9) 612 (59.1) 1035 1035 PT 716 (71.5) 286 (28.5) 1002 1002 SE 330 (33.0) 670 (67.0) 1000 1000 N Sum 8705 7525 16230 N Valid Sum 8705 7525 16230 printed 25.01.2012 page 153 Eurobarometer 58.2 - October-December 2002,isocntry AT 554 (54.2) 469 (45.8) 1023 1023 BE 736 (66.3) 374 (33.7) 1110 1110 DE-E 489 (47.9) 531 (52.1) 1020 1020 DE-W 515 (50.4) 507 (49.6) 1022 1022 DK 542 (54.2) 458 (45.8) 1000 1000 ES 645 (64.5) 355 (35.5) 1000 1000 FI 304 (29.7) 720 (70.3) 1024 1024 FR 654 (63.1) 383 (36.9) 1037 1037 GB-GBN 478 (47.3) 532 (52.7) 1010 1010 GB-NIR 121 (40.1) 181 (59.9) 302 302 GR 722 (72.0) 281 (28.0) 1003 1003 IE 592 (58.4) 421 (41.6) 1013 1013 IT 537 (52.3) 490 (47.7) 1027 1027 LU 347 (57.6) 255 (42.4) 602 602 NL 423 (40.9) 612 (59.1) 1035 1035 PT 716 (71.5) 286 (28.5) 1002 1002 SE 330 (33.0) 670 (67.0) 1000 1000 N Sum 8705 7525 16230 N Valid Sum 8705 7525 16230 printed 25.01.2012 page 153 Eurobarometer 58.2 - October-December 2002,GESIS Variable Report,179,ZA3886
v146,v146 0 1 N Sum N Valid Sum,Q23 HEALTH INFO USEFUL: SPECIAL PUBL,isocntry AT 778 (76.1) 245 (23.9) 1023 1023 BE 1010 (91.0) 100 (9.0) 1110 1110 DE-E 877 (86.0) 143 (14.0) 1020 1020 DE-W 867 (84.8) 155 (15.2) 1022 1022 DK 941 (94.1) 59 (5.9) 1000 1000 ES 932 (93.2) 68 (6.8) 1000 1000 FI 957 (93.5) 67 (6.5) 1024 1024 FR 876 (84.5) 161 (15.5) 1037 1037 GB-GBN 931 (92.2) 79 (7.8) 1010 1010 GB-NIR 286 (94.7) 16 (5.3) 302 302 GR 950 (94.7) 53 (5.3) 1003 1003 IE 913 (90.1) 100 (9.9) 1013 1013 IT 905 (88.1) 122 (11.9) 1027 1027 LU 532 (88.4) 70 (11.6) 602 602 NL 999 (96.5) 36 (3.5) 1035 1035 PT 943 (94.1) 59 (5.9) 1002 1002 SE 953 (95.3) 47 (4.7) 1000 1000 N Sum 14650 1580 16230 N Valid Sum 14650 1580 16230 printed 25.01.2012 page 154 Eurobarometer 58.2 - October-December 2002,isocntry AT 778 (76.1) 245 (23.9) 1023 1023 BE 1010 (91.0) 100 (9.0) 1110 1110 DE-E 877 (86.0) 143 (14.0) 1020 1020 DE-W 867 (84.8) 155 (15.2) 1022 1022 DK 941 (94.1) 59 (5.9) 1000 1000 ES 932 (93.2) 68 (6.8) 1000 1000 FI 957 (93.5) 67 (6.5) 1024 1024 FR 876 (84.5) 161 (15.5) 1037 1037 GB-GBN 931 (92.2) 79 (7.8) 1010 1010 GB-NIR 286 (94.7) 16 (5.3) 302 302 GR 950 (94.7) 53 (5.3) 1003 1003 IE 913 (90.1) 100 (9.9) 1013 1013 IT 905 (88.1) 122 (11.9) 1027 1027 LU 532 (88.4) 70 (11.6) 602 602 NL 999 (96.5) 36 (3.5) 1035 1035 PT 943 (94.1) 59 (5.9) 1002 1002 SE 953 (95.3) 47 (4.7) 1000 1000 N Sum 14650 1580 16230 N Valid Sum 14650 1580 16230 printed 25.01.2012 page 154 Eurobarometer 58.2 - October-December 2002,GESIS Variable Report,180,ZA3886
v147,v147 0 1 N Sum N Valid Sum,Q23 HEALTH INFO USEFUL: OFFICIAL PUBL,isocntry AT 935 (91.4) 88 (8.6) 1023 1023 BE 1037 (93.4) 73 (6.6) 1110 1110 DE-E 904 (88.6) 116 (11.4) 1020 1020 DE-W 948 (92.8) 74 (7.2) 1022 1022 DK 906 (90.6) 94 (9.4) 1000 1000 ES 961 (96.1) 39 (3.9) 1000 1000 FI 930 (90.8) 94 (9.2) 1024 1024 FR 965 (93.1) 72 (6.9) 1037 1037 GB-GBN 914 (90.5) 96 (9.5) 1010 1010 GB-NIR 288 (95.4) 14 (4.6) 302 302 GR 946 (94.3) 57 (5.7) 1003 1003 IE 926 (91.4) 87 (8.6) 1013 1013 IT 959 (93.4) 68 (6.6) 1027 1027 LU 559 (92.9) 43 (7.1) 602 602 NL 905 (87.4) 130 (12.6) 1035 1035 PT 981 (97.9) 21 (2.1) 1002 1002 SE 938 (93.8) 62 (6.2) 1000 1000 N Sum 15002 1228 16230 N Valid Sum 15002 1228 16230 printed 25.01.2012 page 155 Eurobarometer 58.2 - October-December 2002,isocntry AT 935 (91.4) 88 (8.6) 1023 1023 BE 1037 (93.4) 73 (6.6) 1110 1110 DE-E 904 (88.6) 116 (11.4) 1020 1020 DE-W 948 (92.8) 74 (7.2) 1022 1022 DK 906 (90.6) 94 (9.4) 1000 1000 ES 961 (96.1) 39 (3.9) 1000 1000 FI 930 (90.8) 94 (9.2) 1024 1024 FR 965 (93.1) 72 (6.9) 1037 1037 GB-GBN 914 (90.5) 96 (9.5) 1010 1010 GB-NIR 288 (95.4) 14 (4.6) 302 302 GR 946 (94.3) 57 (5.7) 1003 1003 IE 926 (91.4) 87 (8.6) 1013 1013 IT 959 (93.4) 68 (6.6) 1027 1027 LU 559 (92.9) 43 (7.1) 602 602 NL 905 (87.4) 130 (12.6) 1035 1035 PT 981 (97.9) 21 (2.1) 1002 1002 SE 938 (93.8) 62 (6.2) 1000 1000 N Sum 15002 1228 16230 N Valid Sum 15002 1228 16230 printed 25.01.2012 page 155 Eurobarometer 58.2 - October-December 2002,GESIS Variable Report,181,ZA3886
v148,v148 0 1 N Sum N Valid Sum,Q23 HEALTH INFO USEFUL: BOOKS,isocntry AT 947 (92.6) 76 (7.4) 1023 1023 BE 1068 (96.2) 42 (3.8) 1110 1110 DE-E 988 (96.9) 32 (3.1) 1020 1020 DE-W 987 (96.6) 35 (3.4) 1022 1022 DK 963 (96.3) 37 (3.7) 1000 1000 ES 938 (93.8) 62 (6.2) 1000 1000 FI 1005 (98.1) 19 (1.9) 1024 1024 FR 1006 (97.0) 31 (3.0) 1037 1037 GB-GBN 977 (96.7) 33 (3.3) 1010 1010 GB-NIR 294 (97.4) 8 (2.6) 302 302 GR 938 (93.5) 65 (6.5) 1003 1003 IE 943 (93.1) 70 (6.9) 1013 1013 IT 998 (97.2) 29 (2.8) 1027 1027 LU 567 (94.2) 35 (5.8) 602 602 NL 1020 (98.6) 15 (1.4) 1035 1035 PT 946 (94.4) 56 (5.6) 1002 1002 SE 986 (98.6) 14 (1.4) 1000 1000 N Sum 15571 659 16230 N Valid Sum 15571 659 16230 printed 25.01.2012 page 156 Eurobarometer 58.2 - October-December 2002,isocntry AT 947 (92.6) 76 (7.4) 1023 1023 BE 1068 (96.2) 42 (3.8) 1110 1110 DE-E 988 (96.9) 32 (3.1) 1020 1020 DE-W 987 (96.6) 35 (3.4) 1022 1022 DK 963 (96.3) 37 (3.7) 1000 1000 ES 938 (93.8) 62 (6.2) 1000 1000 FI 1005 (98.1) 19 (1.9) 1024 1024 FR 1006 (97.0) 31 (3.0) 1037 1037 GB-GBN 977 (96.7) 33 (3.3) 1010 1010 GB-NIR 294 (97.4) 8 (2.6) 302 302 GR 938 (93.5) 65 (6.5) 1003 1003 IE 943 (93.1) 70 (6.9) 1013 1013 IT 998 (97.2) 29 (2.8) 1027 1027 LU 567 (94.2) 35 (5.8) 602 602 NL 1020 (98.6) 15 (1.4) 1035 1035 PT 946 (94.4) 56 (5.6) 1002 1002 SE 986 (98.6) 14 (1.4) 1000 1000 N Sum 15571 659 16230 N Valid Sum 15571 659 16230 printed 25.01.2012 page 156 Eurobarometer 58.2 - October-December 2002,GESIS Variable Report,182,ZA3886
v149,v149 0 1 N Sum N Valid Sum,Q23 HEALTH INFO USEFUL: TELEVISION,isocntry AT 394 (38.5) 629 (61.5) 1023 1023 BE 251 (22.6) 859 (77.4) 1110 1110 DE-E 238 (23.3) 782 (76.7) 1020 1020 DE-W 280 (27.4) 742 (72.6) 1022 1022 DK 295 (29.5) 705 (70.5) 1000 1000 ES 189 (18.9) 811 (81.1) 1000 1000 FI 269 (26.3) 755 (73.7) 1024 1024 FR 234 (22.6) 803 (77.4) 1037 1037 GB-GBN 262 (25.9) 748 (74.1) 1010 1010 GB-NIR 58 (19.2) 244 (80.8) 302 302 GR 175 (17.4) 828 (82.6) 1003 1003 IE 312 (30.8) 701 (69.2) 1013 1013 IT 193 (18.8) 834 (81.2) 1027 1027 LU 191 (31.7) 411 (68.3) 602 602 NL 250 (24.2) 785 (75.8) 1035 1035 PT 132 (13.2) 870 (86.8) 1002 1002 SE 275 (27.5) 725 (72.5) 1000 1000 N Sum 3998 12232 16230 N Valid Sum 3998 12232 16230 printed 25.01.2012 page 157 Eurobarometer 58.2 - October-December 2002,isocntry AT 394 (38.5) 629 (61.5) 1023 1023 BE 251 (22.6) 859 (77.4) 1110 1110 DE-E 238 (23.3) 782 (76.7) 1020 1020 DE-W 280 (27.4) 742 (72.6) 1022 1022 DK 295 (29.5) 705 (70.5) 1000 1000 ES 189 (18.9) 811 (81.1) 1000 1000 FI 269 (26.3) 755 (73.7) 1024 1024 FR 234 (22.6) 803 (77.4) 1037 1037 GB-GBN 262 (25.9) 748 (74.1) 1010 1010 GB-NIR 58 (19.2) 244 (80.8) 302 302 GR 175 (17.4) 828 (82.6) 1003 1003 IE 312 (30.8) 701 (69.2) 1013 1013 IT 193 (18.8) 834 (81.2) 1027 1027 LU 191 (31.7) 411 (68.3) 602 602 NL 250 (24.2) 785 (75.8) 1035 1035 PT 132 (13.2) 870 (86.8) 1002 1002 SE 275 (27.5) 725 (72.5) 1000 1000 N Sum 3998 12232 16230 N Valid Sum 3998 12232 16230 printed 25.01.2012 page 157 Eurobarometer 58.2 - October-December 2002,GESIS Variable Report,183,ZA3886
v150,v150 0 1 N Sum N Valid Sum,Q23 HEALTH INFO USEFUL: RADIO,isocntry AT 837 (81.8) 186 (18.2) 1023 1023 BE 874 (78.7) 236 (21.3) 1110 1110 DE-E 863 (84.6) 157 (15.4) 1020 1020 DE-W 873 (85.4) 149 (14.6) 1022 1022 DK 825 (82.5) 175 (17.5) 1000 1000 ES 763 (76.3) 237 (23.7) 1000 1000 FI 861 (84.1) 163 (15.9) 1024 1024 FR 797 (76.9) 240 (23.1) 1037 1037 GB-GBN 875 (86.6) 135 (13.4) 1010 1010 GB-NIR 249 (82.5) 53 (17.5) 302 302 GR 801 (79.9) 202 (20.1) 1003 1003 IE 750 (74.0) 263 (26.0) 1013 1013 IT 929 (90.5) 98 (9.5) 1027 1027 LU 434 (72.1) 168 (27.9) 602 602 NL 908 (87.7) 127 (12.3) 1035 1035 PT 862 (86.0) 140 (14.0) 1002 1002 SE 843 (84.3) 157 (15.7) 1000 1000 N Sum 13344 2886 16230 N Valid Sum 13344 2886 16230 printed 25.01.2012 page 158 Eurobarometer 58.2 - October-December 2002,isocntry AT 837 (81.8) 186 (18.2) 1023 1023 BE 874 (78.7) 236 (21.3) 1110 1110 DE-E 863 (84.6) 157 (15.4) 1020 1020 DE-W 873 (85.4) 149 (14.6) 1022 1022 DK 825 (82.5) 175 (17.5) 1000 1000 ES 763 (76.3) 237 (23.7) 1000 1000 FI 861 (84.1) 163 (15.9) 1024 1024 FR 797 (76.9) 240 (23.1) 1037 1037 GB-GBN 875 (86.6) 135 (13.4) 1010 1010 GB-NIR 249 (82.5) 53 (17.5) 302 302 GR 801 (79.9) 202 (20.1) 1003 1003 IE 750 (74.0) 263 (26.0) 1013 1013 IT 929 (90.5) 98 (9.5) 1027 1027 LU 434 (72.1) 168 (27.9) 602 602 NL 908 (87.7) 127 (12.3) 1035 1035 PT 862 (86.0) 140 (14.0) 1002 1002 SE 843 (84.3) 157 (15.7) 1000 1000 N Sum 13344 2886 16230 N Valid Sum 13344 2886 16230 printed 25.01.2012 page 158 Eurobarometer 58.2 - October-December 2002,GESIS Variable Report,184,ZA3886
v151,v151 0 1 N Sum N Valid Sum,Q23 HEALTH INFO USEFUL: PERS CORRESPOND,isocntry AT 1000 (97.8) 23 (2.2) 1023 1023 BE 1006 (90.6) 104 (9.4) 1110 1110 DE-E 987 (96.8) 33 (3.2) 1020 1020 DE-W 982 (96.1) 40 (3.9) 1022 1022 DK 940 (94.0) 60 (6.0) 1000 1000 ES 953 (95.3) 47 (4.7) 1000 1000 FI 1018 (99.4) 6 (0.6) 1024 1024 FR 949 (91.5) 88 (8.5) 1037 1037 GB-GBN 936 (92.7) 74 (7.3) 1010 1010 GB-NIR 283 (93.7) 19 (6.3) 302 302 GR 999 (99.6) 4 (0.4) 1003 1003 IE 934 (92.2) 79 (7.8) 1013 1013 IT 982 (95.6) 45 (4.4) 1027 1027 LU 580 (96.3) 22 (3.7) 602 602 NL 977 (94.4) 58 (5.6) 1035 1035 PT 972 (97.0) 30 (3.0) 1002 1002 SE 978 (97.8) 22 (2.2) 1000 1000 N Sum 15476 754 16230 N Valid Sum 15476 754 16230 printed 25.01.2012 page 159 Eurobarometer 58.2 - October-December 2002,isocntry AT 1000 (97.8) 23 (2.2) 1023 1023 BE 1006 (90.6) 104 (9.4) 1110 1110 DE-E 987 (96.8) 33 (3.2) 1020 1020 DE-W 982 (96.1) 40 (3.9) 1022 1022 DK 940 (94.0) 60 (6.0) 1000 1000 ES 953 (95.3) 47 (4.7) 1000 1000 FI 1018 (99.4) 6 (0.6) 1024 1024 FR 949 (91.5) 88 (8.5) 1037 1037 GB-GBN 936 (92.7) 74 (7.3) 1010 1010 GB-NIR 283 (93.7) 19 (6.3) 302 302 GR 999 (99.6) 4 (0.4) 1003 1003 IE 934 (92.2) 79 (7.8) 1013 1013 IT 982 (95.6) 45 (4.4) 1027 1027 LU 580 (96.3) 22 (3.7) 602 602 NL 977 (94.4) 58 (5.6) 1035 1035 PT 972 (97.0) 30 (3.0) 1002 1002 SE 978 (97.8) 22 (2.2) 1000 1000 N Sum 15476 754 16230 N Valid Sum 15476 754 16230 printed 25.01.2012 page 159 Eurobarometer 58.2 - October-December 2002,GESIS Variable Report,185,ZA3886
v152,v152 0 1 N Sum N Valid Sum,Q23 HEALTH INFO USEFUL: PERS E-MAIL,isocntry AT 1011 (98.8) 12 (1.2) 1023 1023 BE 1098 (98.9) 12 (1.1) 1110 1110 DE-E 1018 (99.8) 2 (0.2) 1020 1020 DE-W 1019 (99.7) 3 (0.3) 1022 1022 DK 983 (98.3) 17 (1.7) 1000 1000 ES 995 (99.5) 5 (0.5) 1000 1000 FI 1021 (99.7) 3 (0.3) 1024 1024 FR 1031 (99.4) 6 (0.6) 1037 1037 GB-GBN 996 (98.6) 14 (1.4) 1010 1010 GB-NIR 302 (100.0) 302 302 GR 997 (99.4) 6 (0.6) 1003 1003 IE 1003 (99.0) 10 (1.0) 1013 1013 IT 1021 (99.4) 6 (0.6) 1027 1027 LU 594 (98.7) 8 (1.3) 602 602 NL 1005 (97.1) 30 (2.9) 1035 1035 PT 1000 (99.8) 2 (0.2) 1002 1002 SE 988 (98.8) 12 (1.2) 1000 1000 N Sum 16082 148 16230 N Valid Sum 16082 148 16230 printed 25.01.2012 page 160 Eurobarometer 58.2 - October-December 2002,isocntry AT 1011 (98.8) 12 (1.2) 1023 1023 BE 1098 (98.9) 12 (1.1) 1110 1110 DE-E 1018 (99.8) 2 (0.2) 1020 1020 DE-W 1019 (99.7) 3 (0.3) 1022 1022 DK 983 (98.3) 17 (1.7) 1000 1000 ES 995 (99.5) 5 (0.5) 1000 1000 FI 1021 (99.7) 3 (0.3) 1024 1024 FR 1031 (99.4) 6 (0.6) 1037 1037 GB-GBN 996 (98.6) 14 (1.4) 1010 1010 GB-NIR 302 (100.0) 302 302 GR 997 (99.4) 6 (0.6) 1003 1003 IE 1003 (99.0) 10 (1.0) 1013 1013 IT 1021 (99.4) 6 (0.6) 1027 1027 LU 594 (98.7) 8 (1.3) 602 602 NL 1005 (97.1) 30 (2.9) 1035 1035 PT 1000 (99.8) 2 (0.2) 1002 1002 SE 988 (98.8) 12 (1.2) 1000 1000 N Sum 16082 148 16230 N Valid Sum 16082 148 16230 printed 25.01.2012 page 160 Eurobarometer 58.2 - October-December 2002,GESIS Variable Report,186,ZA3886
v153,v153 0 1 N Sum N Valid Sum,Q23 HEALTH INFO USEFUL: THE INTERNET,isocntry AT 941 (92.0) 82 (8.0) 1023 1023 BE 1066 (96.0) 44 (4.0) 1110 1110 DE-E 956 (93.7) 64 (6.3) 1020 1020 DE-W 938 (91.8) 84 (8.2) 1022 1022 DK 935 (93.5) 65 (6.5) 1000 1000 ES 953 (95.3) 47 (4.7) 1000 1000 FI 942 (92.0) 82 (8.0) 1024 1024 FR 996 (96.0) 41 (4.0) 1037 1037 GB-GBN 950 (94.1) 60 (5.9) 1010 1010 GB-NIR 288 (95.4) 14 (4.6) 302 302 GR 956 (95.3) 47 (4.7) 1003 1003 IE 945 (93.3) 68 (6.7) 1013 1013 IT 980 (95.4) 47 (4.6) 1027 1027 LU 538 (89.4) 64 (10.6) 602 602 NL 964 (93.1) 71 (6.9) 1035 1035 PT 970 (96.8) 32 (3.2) 1002 1002 SE 937 (93.7) 63 (6.3) 1000 1000 N Sum 15255 975 16230 N Valid Sum 15255 975 16230 printed 25.01.2012 page 161 Eurobarometer 58.2 - October-December 2002,isocntry AT 941 (92.0) 82 (8.0) 1023 1023 BE 1066 (96.0) 44 (4.0) 1110 1110 DE-E 956 (93.7) 64 (6.3) 1020 1020 DE-W 938 (91.8) 84 (8.2) 1022 1022 DK 935 (93.5) 65 (6.5) 1000 1000 ES 953 (95.3) 47 (4.7) 1000 1000 FI 942 (92.0) 82 (8.0) 1024 1024 FR 996 (96.0) 41 (4.0) 1037 1037 GB-GBN 950 (94.1) 60 (5.9) 1010 1010 GB-NIR 288 (95.4) 14 (4.6) 302 302 GR 956 (95.3) 47 (4.7) 1003 1003 IE 945 (93.3) 68 (6.7) 1013 1013 IT 980 (95.4) 47 (4.6) 1027 1027 LU 538 (89.4) 64 (10.6) 602 602 NL 964 (93.1) 71 (6.9) 1035 1035 PT 970 (96.8) 32 (3.2) 1002 1002 SE 937 (93.7) 63 (6.3) 1000 1000 N Sum 15255 975 16230 N Valid Sum 15255 975 16230 printed 25.01.2012 page 161 Eurobarometer 58.2 - October-December 2002,GESIS Variable Report,187,ZA3886
v154,v154 0 1 N Sum N Valid Sum,Q23 HEALTH INFO USEFUL: EXHIBITIONS,isocntry AT 1006 (98.3) 17 (1.7) 1023 1023 BE 1095 (98.6) 15 (1.4) 1110 1110 DE-E 1010 (99.0) 10 (1.0) 1020 1020 DE-W 1003 (98.1) 19 (1.9) 1022 1022 DK 991 (99.1) 9 (0.9) 1000 1000 ES 991 (99.1) 9 (0.9) 1000 1000 FI 1006 (98.2) 18 (1.8) 1024 1024 FR 1006 (97.0) 31 (3.0) 1037 1037 GB-GBN 1002 (99.2) 8 (0.8) 1010 1010 GB-NIR 298 (98.7) 4 (1.3) 302 302 GR 991 (98.8) 12 (1.2) 1003 1003 IE 994 (98.1) 19 (1.9) 1013 1013 IT 1002 (97.6) 25 (2.4) 1027 1027 LU 577 (95.8) 25 (4.2) 602 602 NL 1031 (99.6) 4 (0.4) 1035 1035 PT 988 (98.6) 14 (1.4) 1002 1002 SE 989 (98.9) 11 (1.1) 1000 1000 N Sum 15980 250 16230 N Valid Sum 15980 250 16230 printed 25.01.2012 page 162 Eurobarometer 58.2 - October-December 2002,isocntry AT 1006 (98.3) 17 (1.7) 1023 1023 BE 1095 (98.6) 15 (1.4) 1110 1110 DE-E 1010 (99.0) 10 (1.0) 1020 1020 DE-W 1003 (98.1) 19 (1.9) 1022 1022 DK 991 (99.1) 9 (0.9) 1000 1000 ES 991 (99.1) 9 (0.9) 1000 1000 FI 1006 (98.2) 18 (1.8) 1024 1024 FR 1006 (97.0) 31 (3.0) 1037 1037 GB-GBN 1002 (99.2) 8 (0.8) 1010 1010 GB-NIR 298 (98.7) 4 (1.3) 302 302 GR 991 (98.8) 12 (1.2) 1003 1003 IE 994 (98.1) 19 (1.9) 1013 1013 IT 1002 (97.6) 25 (2.4) 1027 1027 LU 577 (95.8) 25 (4.2) 602 602 NL 1031 (99.6) 4 (0.4) 1035 1035 PT 988 (98.6) 14 (1.4) 1002 1002 SE 989 (98.9) 11 (1.1) 1000 1000 N Sum 15980 250 16230 N Valid Sum 15980 250 16230 printed 25.01.2012 page 162 Eurobarometer 58.2 - October-December 2002,GESIS Variable Report,188,ZA3886
v155,v155 0 1 N Sum N Valid Sum,Q23 HEALTH INFO USEFUL: AT WORKPLACE,isocntry AT 989 (96.7) 34 (3.3) 1023 1023 BE 1075 (96.8) 35 (3.2) 1110 1110 DE-E 1000 (98.0) 20 (2.0) 1020 1020 DE-W 981 (96.0) 41 (4.0) 1022 1022 DK 874 (87.4) 126 (12.6) 1000 1000 ES 965 (96.5) 35 (3.5) 1000 1000 FI 990 (96.7) 34 (3.3) 1024 1024 FR 980 (94.5) 57 (5.5) 1037 1037 GB-GBN 987 (97.7) 23 (2.3) 1010 1010 GB-NIR 290 (96.0) 12 (4.0) 302 302 GR 962 (95.9) 41 (4.1) 1003 1003 IE 974 (96.2) 39 (3.8) 1013 1013 IT 943 (91.8) 84 (8.2) 1027 1027 LU 574 (95.3) 28 (4.7) 602 602 NL 985 (95.2) 50 (4.8) 1035 1035 PT 962 (96.0) 40 (4.0) 1002 1002 SE 845 (84.5) 155 (15.5) 1000 1000 N Sum 15376 854 16230 N Valid Sum 15376 854 16230 printed 25.01.2012 page 163 Eurobarometer 58.2 - October-December 2002,isocntry AT 989 (96.7) 34 (3.3) 1023 1023 BE 1075 (96.8) 35 (3.2) 1110 1110 DE-E 1000 (98.0) 20 (2.0) 1020 1020 DE-W 981 (96.0) 41 (4.0) 1022 1022 DK 874 (87.4) 126 (12.6) 1000 1000 ES 965 (96.5) 35 (3.5) 1000 1000 FI 990 (96.7) 34 (3.3) 1024 1024 FR 980 (94.5) 57 (5.5) 1037 1037 GB-GBN 987 (97.7) 23 (2.3) 1010 1010 GB-NIR 290 (96.0) 12 (4.0) 302 302 GR 962 (95.9) 41 (4.1) 1003 1003 IE 974 (96.2) 39 (3.8) 1013 1013 IT 943 (91.8) 84 (8.2) 1027 1027 LU 574 (95.3) 28 (4.7) 602 602 NL 985 (95.2) 50 (4.8) 1035 1035 PT 962 (96.0) 40 (4.0) 1002 1002 SE 845 (84.5) 155 (15.5) 1000 1000 N Sum 15376 854 16230 N Valid Sum 15376 854 16230 printed 25.01.2012 page 163 Eurobarometer 58.2 - October-December 2002,GESIS Variable Report,189,ZA3886
v156,v156 0 1 N Sum N Valid Sum,Q23 HEALTH INFO USEFUL: SPEC SEMINARS,isocntry AT 982 (96.0) 41 (4.0) 1023 1023 BE 1071 (96.5) 39 (3.5) 1110 1110 DE-E 1004 (98.4) 16 (1.6) 1020 1020 DE-W 995 (97.4) 27 (2.6) 1022 1022 DK 969 (96.9) 31 (3.1) 1000 1000 ES 968 (96.8) 32 (3.2) 1000 1000 FI 1002 (97.9) 22 (2.1) 1024 1024 FR 1018 (98.2) 19 (1.8) 1037 1037 GB-GBN 994 (98.4) 16 (1.6) 1010 1010 GB-NIR 300 (99.3) 2 (0.7) 302 302 GR 869 (86.6) 134 (13.4) 1003 1003 IE 984 (97.1) 29 (2.9) 1013 1013 IT 974 (94.8) 53 (5.2) 1027 1027 LU 588 (97.7) 14 (2.3) 602 602 NL 1029 (99.4) 6 (0.6) 1035 1035 PT 992 (99.0) 10 (1.0) 1002 1002 SE 979 (97.9) 21 (2.1) 1000 1000 N Sum 15718 512 16230 N Valid Sum 15718 512 16230 printed 25.01.2012 page 164 Eurobarometer 58.2 - October-December 2002,isocntry AT 982 (96.0) 41 (4.0) 1023 1023 BE 1071 (96.5) 39 (3.5) 1110 1110 DE-E 1004 (98.4) 16 (1.6) 1020 1020 DE-W 995 (97.4) 27 (2.6) 1022 1022 DK 969 (96.9) 31 (3.1) 1000 1000 ES 968 (96.8) 32 (3.2) 1000 1000 FI 1002 (97.9) 22 (2.1) 1024 1024 FR 1018 (98.2) 19 (1.8) 1037 1037 GB-GBN 994 (98.4) 16 (1.6) 1010 1010 GB-NIR 300 (99.3) 2 (0.7) 302 302 GR 869 (86.6) 134 (13.4) 1003 1003 IE 984 (97.1) 29 (2.9) 1013 1013 IT 974 (94.8) 53 (5.2) 1027 1027 LU 588 (97.7) 14 (2.3) 602 602 NL 1029 (99.4) 6 (0.6) 1035 1035 PT 992 (99.0) 10 (1.0) 1002 1002 SE 979 (97.9) 21 (2.1) 1000 1000 N Sum 15718 512 16230 N Valid Sum 15718 512 16230 printed 25.01.2012 page 164 Eurobarometer 58.2 - October-December 2002,GESIS Variable Report,190,ZA3886
v157,v157 0 1 N Sum N Valid Sum,Q23 HEALTH INFO USEFUL: OTHER,isocntry AT 1014 (99.1) 9 (0.9) 1023 1023 BE 1071 (96.5) 39 (3.5) 1110 1110 DE-E 1012 (99.2) 8 (0.8) 1020 1020 DE-W 1003 (98.1) 19 (1.9) 1022 1022 DK 978 (97.8) 22 (2.2) 1000 1000 ES 980 (98.0) 20 (2.0) 1000 1000 FI 1017 (99.3) 7 (0.7) 1024 1024 FR 1026 (98.9) 11 (1.1) 1037 1037 GB-GBN 986 (97.6) 24 (2.4) 1010 1010 GB-NIR 295 (97.7) 7 (2.3) 302 302 GR 985 (98.2) 18 (1.8) 1003 1003 IE 996 (98.3) 17 (1.7) 1013 1013 IT 1017 (99.0) 10 (1.0) 1027 1027 LU 597 (99.2) 5 (0.8) 602 602 NL 1029 (99.4) 6 (0.6) 1035 1035 PT 971 (96.9) 31 (3.1) 1002 1002 SE 996 (99.6) 4 (0.4) 1000 1000 N Sum 15973 257 16230 N Valid Sum 15973 257 16230 printed 25.01.2012 page 165 Eurobarometer 58.2 - October-December 2002,isocntry AT 1014 (99.1) 9 (0.9) 1023 1023 BE 1071 (96.5) 39 (3.5) 1110 1110 DE-E 1012 (99.2) 8 (0.8) 1020 1020 DE-W 1003 (98.1) 19 (1.9) 1022 1022 DK 978 (97.8) 22 (2.2) 1000 1000 ES 980 (98.0) 20 (2.0) 1000 1000 FI 1017 (99.3) 7 (0.7) 1024 1024 FR 1026 (98.9) 11 (1.1) 1037 1037 GB-GBN 986 (97.6) 24 (2.4) 1010 1010 GB-NIR 295 (97.7) 7 (2.3) 302 302 GR 985 (98.2) 18 (1.8) 1003 1003 IE 996 (98.3) 17 (1.7) 1013 1013 IT 1017 (99.0) 10 (1.0) 1027 1027 LU 597 (99.2) 5 (0.8) 602 602 NL 1029 (99.4) 6 (0.6) 1035 1035 PT 971 (96.9) 31 (3.1) 1002 1002 SE 996 (99.6) 4 (0.4) 1000 1000 N Sum 15973 257 16230 N Valid Sum 15973 257 16230 printed 25.01.2012 page 165 Eurobarometer 58.2 - October-December 2002,GESIS Variable Report,191,ZA3886
v158,v158 0 1 N Sum N Valid Sum,Q23 HEALTH INFO USEFUL: DK,isocntry AT 1005 (98.2) 18 (1.8) 1023 1023 BE 1084 (97.7) 26 (2.3) 1110 1110 DE-E 1006 (98.6) 14 (1.4) 1020 1020 DE-W 1003 (98.1) 19 (1.9) 1022 1022 DK 991 (99.1) 9 (0.9) 1000 1000 ES 993 (99.3) 7 (0.7) 1000 1000 FI 1023 (99.9) 1 (0.1) 1024 1024 FR 1024 (98.7) 13 (1.3) 1037 1037 GB-GBN 983 (97.3) 27 (2.7) 1010 1010 GB-NIR 301 (99.7) 1 (0.3) 302 302 GR 990 (98.7) 13 (1.3) 1003 1003 IE 993 (98.0) 20 (2.0) 1013 1013 IT 1017 (99.0) 10 (1.0) 1027 1027 LU 601 (99.8) 1 (0.2) 602 602 NL 1020 (98.6) 15 (1.4) 1035 1035 PT 975 (97.3) 27 (2.7) 1002 1002 SE 1000 (100.0) 1000 1000 N Sum 16009 221 16230 N Valid Sum 16009 221 16230 printed 25.01.2012 page 166 Eurobarometer 58.2 - October-December 2002,isocntry AT 1005 (98.2) 18 (1.8) 1023 1023 BE 1084 (97.7) 26 (2.3) 1110 1110 DE-E 1006 (98.6) 14 (1.4) 1020 1020 DE-W 1003 (98.1) 19 (1.9) 1022 1022 DK 991 (99.1) 9 (0.9) 1000 1000 ES 993 (99.3) 7 (0.7) 1000 1000 FI 1023 (99.9) 1 (0.1) 1024 1024 FR 1024 (98.7) 13 (1.3) 1037 1037 GB-GBN 983 (97.3) 27 (2.7) 1010 1010 GB-NIR 301 (99.7) 1 (0.3) 302 302 GR 990 (98.7) 13 (1.3) 1003 1003 IE 993 (98.0) 20 (2.0) 1013 1013 IT 1017 (99.0) 10 (1.0) 1027 1027 LU 601 (99.8) 1 (0.2) 602 602 NL 1020 (98.6) 15 (1.4) 1035 1035 PT 975 (97.3) 27 (2.7) 1002 1002 SE 1000 (100.0) 1000 1000 N Sum 16009 221 16230 N Valid Sum 16009 221 16230 printed 25.01.2012 page 166 Eurobarometer 58.2 - October-December 2002,GESIS Variable Report,192,ZA3886
v159,v159 1 2 3 N Sum N Valid Sum,Q24 HEALTH INFO SOURCE - INTERNET,isocntry M AT 509 (67.5) 245 (32.5) 269 1023 754 BE 435 (52.0) 401 (48.0) 274 1110 836 DE-E 393 (72.0) 153 (28.0) 474 1020 546 DE-W 416 (66.0) 214 (34.0) 392 1022 630 DK 476 (59.1) 329 (40.9) 195 1000 805 ES 434 (64.0) 244 (36.0) 321 999 678 FI 611 (75.5) 198 (24.5) 215 1024 809 FR 467 (62.1) 285 (37.9) 286 1038 752 GB-GBN 488 (70.7) 202 (29.3) 320 1010 690 GB-NIR 143 (64.1) 80 (35.9) 79 302 223 GR 490 (66.1) 251 (33.9) 262 1003 741 IE 534 (78.2) 149 (21.8) 331 1014 683 IT 438 (60.2) 289 (39.8) 299 1026 727 LU 321 (70.7) 133 (29.3) 147 601 454 NL 695 (82.2) 150 (17.8) 190 1035 845 PT 459 (69.5) 201 (30.5) 342 1002 660 SE 374 (46.5) 431 (53.5) 195 1000 805 N Sum 7683 3955 4591 16229 N Valid Sum 7683 3955 11638 printed 25.01.2012 page 167 Eurobarometer 58.2 - October-December 2002,isocntry M AT 509 (67.5) 245 (32.5) 269 1023 754 BE 435 (52.0) 401 (48.0) 274 1110 836 DE-E 393 (72.0) 153 (28.0) 474 1020 546 DE-W 416 (66.0) 214 (34.0) 392 1022 630 DK 476 (59.1) 329 (40.9) 195 1000 805 ES 434 (64.0) 244 (36.0) 321 999 678 FI 611 (75.5) 198 (24.5) 215 1024 809 FR 467 (62.1) 285 (37.9) 286 1038 752 GB-GBN 488 (70.7) 202 (29.3) 320 1010 690 GB-NIR 143 (64.1) 80 (35.9) 79 302 223 GR 490 (66.1) 251 (33.9) 262 1003 741 IE 534 (78.2) 149 (21.8) 331 1014 683 IT 438 (60.2) 289 (39.8) 299 1026 727 LU 321 (70.7) 133 (29.3) 147 601 454 NL 695 (82.2) 150 (17.8) 190 1035 845 PT 459 (69.5) 201 (30.5) 342 1002 660 SE 374 (46.5) 431 (53.5) 195 1000 805 N Sum 7683 3955 4591 16229 N Valid Sum 7683 3955 11638 printed 25.01.2012 page 167 Eurobarometer 58.2 - October-December 2002,GESIS Variable Report,193,ZA3886
v160,v160 1 2 3 4 5 6 7 N Sum N Valid Sum,Q25 HEALTH INFO INTERNET - FREQUENCY,isocntry M AT 35 (3.5) 117 (11.7) 63 (6.3) 156 (15.6) 330 (33.0) 298 (29.8) 26 1025 999 BE 14 (1.3) 30 (2.7) 43 (3.9) 140 (12.8) 423 (38.8) 441 (40.4) 19 1110 1091 DE-E 13 (1.3) 63 (6.3) 64 (6.4) 126 (12.5) 440 (43.8) 299 (29.8) 14 1019 1005 DE-W 27 (2.7) 76 (7.5) 77 (7.6) 150 (14.9) 452 (44.8) 226 (22.4) 16 1024 1008 DK 19 (1.9) 43 (4.3) 92 (9.3) 252 (25.4) 374 (37.7) 212 (21.4) 8 1000 992 ES 12 (1.2) 50 (5.1) 43 (4.4) 100 (10.2) 416 (42.5) 358 (36.6) 20 999 979 FI 10 (1.0) 34 (3.4) 105 (10.4) 271 (26.8) 322 (31.9) 268 (26.5) 13 1023 1010 FR 13 (1.3) 46 (4.5) 34 (3.3) 96 (9.4) 294 (28.7) 540 (52.8) 15 1038 1023 GB-GBN 12 (1.2) 59 (5.9) 88 (8.8) 169 (16.9) 306 (30.7) 364 (36.5) 11 1009 998 GB-NIR 3 (1.0) 9 (3.0) 13 (4.3) 41 (13.7) 141 (47.0) 93 (31.0) 2 302 300 GR 20 (2.1) 36 (3.8) 37 (3.9) 57 (5.9) 286 (29.9) 522 (54.5) 46 1004 958 IE 14 (1.4) 88 (8.9) 75 (7.6) 167 (17.0) 313 (31.8) 328 (33.3) 28 1013 985 IT 23 (2.3) 47 (4.6) 59 (5.8) 106 (10.4) 389 (38.3) 392 (38.6) 11 1027 1016 LU 6 (1.0) 21 (3.6) 58 (9.9) 83 (14.1) 191 (32.5) 229 (38.9) 14 602 588 NL 25 (2.4) 56 (5.4) 104 (10.1) 261 (25.3) 426 (41.4) 158 (15.3) 4 1034 1030 PT 19 (1.9) 54 (5.5) 24 (2.4) 60 (6.1) 295 (29.9) 535 (54.2) 15 1002 987 SE 21 (2.1) 26 (2.6) 86 (8.7) 237 (23.9) 439 (44.2) 184 (18.5) 7 1000 993 N Sum 286 855 1065 2472 5837 5447 269 16231 N Valid Sum 286 855 1065 2472 5837 5447 15962 printed 25.01.2012 page 168 Eurobarometer 58.2 - October-December 2002,isocntry M AT 35 (3.5) 117 (11.7) 63 (6.3) 156 (15.6) 330 (33.0) 298 (29.8) 26 1025 999 BE 14 (1.3) 30 (2.7) 43 (3.9) 140 (12.8) 423 (38.8) 441 (40.4) 19 1110 1091 DE-E 13 (1.3) 63 (6.3) 64 (6.4) 126 (12.5) 440 (43.8) 299 (29.8) 14 1019 1005 DE-W 27 (2.7) 76 (7.5) 77 (7.6) 150 (14.9) 452 (44.8) 226 (22.4) 16 1024 1008 DK 19 (1.9) 43 (4.3) 92 (9.3) 252 (25.4) 374 (37.7) 212 (21.4) 8 1000 992 ES 12 (1.2) 50 (5.1) 43 (4.4) 100 (10.2) 416 (42.5) 358 (36.6) 20 999 979 FI 10 (1.0) 34 (3.4) 105 (10.4) 271 (26.8) 322 (31.9) 268 (26.5) 13 1023 1010 FR 13 (1.3) 46 (4.5) 34 (3.3) 96 (9.4) 294 (28.7) 540 (52.8) 15 1038 1023 GB-GBN 12 (1.2) 59 (5.9) 88 (8.8) 169 (16.9) 306 (30.7) 364 (36.5) 11 1009 998 GB-NIR 3 (1.0) 9 (3.0) 13 (4.3) 41 (13.7) 141 (47.0) 93 (31.0) 2 302 300 GR 20 (2.1) 36 (3.8) 37 (3.9) 57 (5.9) 286 (29.9) 522 (54.5) 46 1004 958 IE 14 (1.4) 88 (8.9) 75 (7.6) 167 (17.0) 313 (31.8) 328 (33.3) 28 1013 985 IT 23 (2.3) 47 (4.6) 59 (5.8) 106 (10.4) 389 (38.3) 392 (38.6) 11 1027 1016 LU 6 (1.0) 21 (3.6) 58 (9.9) 83 (14.1) 191 (32.5) 229 (38.9) 14 602 588 NL 25 (2.4) 56 (5.4) 104 (10.1) 261 (25.3) 426 (41.4) 158 (15.3) 4 1034 1030 PT 19 (1.9) 54 (5.5) 24 (2.4) 60 (6.1) 295 (29.9) 535 (54.2) 15 1002 987 SE 21 (2.1) 26 (2.6) 86 (8.7) 237 (23.9) 439 (44.2) 184 (18.5) 7 1000 993 N Sum 286 855 1065 2472 5837 5447 269 16231 N Valid Sum 286 855 1065 2472 5837 5447 15962 printed 25.01.2012 page 168 Eurobarometer 58.2 - October-December 2002,GESIS Variable Report,194,ZA3886
v161,,Q26A HEALTH INFO - MAIN SOURCE,,Q26A HEALTH INFO - MAIN SOURCE,GESIS Variable Report,195,ZA3886
v162,v162 0 1 N Sum N Valid Sum,Q26B HEALTH INFO SOURCE: INTERNET,isocntry AT 930 (90.9) 93 (9.1) 1023 1023 BE 1030 (92.8) 80 (7.2) 1110 1110 DE-E 925 (90.7) 95 (9.3) 1020 1020 DE-W 906 (88.6) 116 (11.4) 1022 1022 DK 891 (89.1) 109 (10.9) 1000 1000 ES 940 (94.0) 60 (6.0) 1000 1000 FI 915 (89.4) 109 (10.6) 1024 1024 FR 988 (95.3) 49 (4.7) 1037 1037 GB-GBN 915 (90.6) 95 (9.4) 1010 1010 GB-NIR 286 (94.7) 16 (5.3) 302 302 GR 957 (95.4) 46 (4.6) 1003 1003 IE 921 (90.9) 92 (9.1) 1013 1013 IT 974 (94.8) 53 (5.2) 1027 1027 LU 560 (93.0) 42 (7.0) 602 602 NL 895 (86.5) 140 (13.5) 1035 1035 PT 973 (97.1) 29 (2.9) 1002 1002 SE 871 (87.1) 129 (12.9) 1000 1000 N Sum 14877 1353 16230 N Valid Sum 14877 1353 16230 printed 25.01.2012 page 171 Eurobarometer 58.2 - October-December 2002,isocntry AT 930 (90.9) 93 (9.1) 1023 1023 BE 1030 (92.8) 80 (7.2) 1110 1110 DE-E 925 (90.7) 95 (9.3) 1020 1020 DE-W 906 (88.6) 116 (11.4) 1022 1022 DK 891 (89.1) 109 (10.9) 1000 1000 ES 940 (94.0) 60 (6.0) 1000 1000 FI 915 (89.4) 109 (10.6) 1024 1024 FR 988 (95.3) 49 (4.7) 1037 1037 GB-GBN 915 (90.6) 95 (9.4) 1010 1010 GB-NIR 286 (94.7) 16 (5.3) 302 302 GR 957 (95.4) 46 (4.6) 1003 1003 IE 921 (90.9) 92 (9.1) 1013 1013 IT 974 (94.8) 53 (5.2) 1027 1027 LU 560 (93.0) 42 (7.0) 602 602 NL 895 (86.5) 140 (13.5) 1035 1035 PT 973 (97.1) 29 (2.9) 1002 1002 SE 871 (87.1) 129 (12.9) 1000 1000 N Sum 14877 1353 16230 N Valid Sum 14877 1353 16230 printed 25.01.2012 page 171 Eurobarometer 58.2 - October-December 2002,GESIS Variable Report,197,ZA3886
v163,v163 0 1 N Sum N Valid Sum,Q26B HEALTH INFO SOURCE: BOOKS,isocntry AT 915 (89.4) 108 (10.6) 1023 1023 BE 1013 (91.3) 97 (8.7) 1110 1110 DE-E 946 (92.7) 74 (7.3) 1020 1020 DE-W 893 (87.4) 129 (12.6) 1022 1022 DK 924 (92.4) 76 (7.6) 1000 1000 ES 926 (92.6) 74 (7.4) 1000 1000 FI 896 (87.5) 128 (12.5) 1024 1024 FR 962 (92.8) 75 (7.2) 1037 1037 GB-GBN 915 (90.6) 95 (9.4) 1010 1010 GB-NIR 285 (94.4) 17 (5.6) 302 302 GR 914 (91.1) 89 (8.9) 1003 1003 IE 915 (90.3) 98 (9.7) 1013 1013 IT 965 (94.0) 62 (6.0) 1027 1027 LU 533 (88.5) 69 (11.5) 602 602 NL 921 (89.0) 114 (11.0) 1035 1035 PT 919 (91.7) 83 (8.3) 1002 1002 SE 903 (90.3) 97 (9.7) 1000 1000 N Sum 14745 1485 16230 N Valid Sum 14745 1485 16230 printed 25.01.2012 page 172 Eurobarometer 58.2 - October-December 2002,isocntry AT 915 (89.4) 108 (10.6) 1023 1023 BE 1013 (91.3) 97 (8.7) 1110 1110 DE-E 946 (92.7) 74 (7.3) 1020 1020 DE-W 893 (87.4) 129 (12.6) 1022 1022 DK 924 (92.4) 76 (7.6) 1000 1000 ES 926 (92.6) 74 (7.4) 1000 1000 FI 896 (87.5) 128 (12.5) 1024 1024 FR 962 (92.8) 75 (7.2) 1037 1037 GB-GBN 915 (90.6) 95 (9.4) 1010 1010 GB-NIR 285 (94.4) 17 (5.6) 302 302 GR 914 (91.1) 89 (8.9) 1003 1003 IE 915 (90.3) 98 (9.7) 1013 1013 IT 965 (94.0) 62 (6.0) 1027 1027 LU 533 (88.5) 69 (11.5) 602 602 NL 921 (89.0) 114 (11.0) 1035 1035 PT 919 (91.7) 83 (8.3) 1002 1002 SE 903 (90.3) 97 (9.7) 1000 1000 N Sum 14745 1485 16230 N Valid Sum 14745 1485 16230 printed 25.01.2012 page 172 Eurobarometer 58.2 - October-December 2002,GESIS Variable Report,198,ZA3886
v164,v164 0 1 N Sum N Valid Sum,Q26B HEALTH INFO SOURCE: NEWSPAPERS,isocntry AT 870 (85.0) 153 (15.0) 1023 1023 BE 802 (72.3) 308 (27.7) 1110 1110 DE-E 661 (64.8) 359 (35.2) 1020 1020 DE-W 627 (61.4) 395 (38.6) 1022 1022 DK 739 (73.9) 261 (26.1) 1000 1000 ES 800 (80.0) 200 (20.0) 1000 1000 FI 751 (73.3) 273 (26.7) 1024 1024 FR 754 (72.7) 283 (27.3) 1037 1037 GB-GBN 754 (74.7) 256 (25.3) 1010 1010 GB-NIR 217 (71.9) 85 (28.1) 302 302 GR 792 (79.0) 211 (21.0) 1003 1003 IE 752 (74.2) 261 (25.8) 1013 1013 IT 704 (68.5) 323 (31.5) 1027 1027 LU 459 (76.2) 143 (23.8) 602 602 NL 686 (66.3) 349 (33.7) 1035 1035 PT 859 (85.7) 143 (14.3) 1002 1002 SE 663 (66.3) 337 (33.7) 1000 1000 N Sum 11890 4340 16230 N Valid Sum 11890 4340 16230 printed 25.01.2012 page 173 Eurobarometer 58.2 - October-December 2002,isocntry AT 870 (85.0) 153 (15.0) 1023 1023 BE 802 (72.3) 308 (27.7) 1110 1110 DE-E 661 (64.8) 359 (35.2) 1020 1020 DE-W 627 (61.4) 395 (38.6) 1022 1022 DK 739 (73.9) 261 (26.1) 1000 1000 ES 800 (80.0) 200 (20.0) 1000 1000 FI 751 (73.3) 273 (26.7) 1024 1024 FR 754 (72.7) 283 (27.3) 1037 1037 GB-GBN 754 (74.7) 256 (25.3) 1010 1010 GB-NIR 217 (71.9) 85 (28.1) 302 302 GR 792 (79.0) 211 (21.0) 1003 1003 IE 752 (74.2) 261 (25.8) 1013 1013 IT 704 (68.5) 323 (31.5) 1027 1027 LU 459 (76.2) 143 (23.8) 602 602 NL 686 (66.3) 349 (33.7) 1035 1035 PT 859 (85.7) 143 (14.3) 1002 1002 SE 663 (66.3) 337 (33.7) 1000 1000 N Sum 11890 4340 16230 N Valid Sum 11890 4340 16230 printed 25.01.2012 page 173 Eurobarometer 58.2 - October-December 2002,GESIS Variable Report,199,ZA3886
v165,v165 0 1 N Sum N Valid Sum,Q26B HEALTH INFO SOURCE: MED MAGAZINES,isocntry AT 814 (79.6) 209 (20.4) 1023 1023 BE 866 (78.0) 244 (22.0) 1110 1110 DE-E 699 (68.5) 321 (31.5) 1020 1020 DE-W 773 (75.6) 249 (24.4) 1022 1022 DK 760 (76.0) 240 (24.0) 1000 1000 ES 928 (92.8) 72 (7.2) 1000 1000 FI 785 (76.7) 239 (23.3) 1024 1024 FR 826 (79.7) 211 (20.3) 1037 1037 GB-GBN 898 (88.9) 112 (11.1) 1010 1010 GB-NIR 275 (91.1) 27 (8.9) 302 302 GR 881 (87.8) 122 (12.2) 1003 1003 IE 857 (84.6) 156 (15.4) 1013 1013 IT 830 (80.8) 197 (19.2) 1027 1027 LU 510 (84.7) 92 (15.3) 602 602 NL 865 (83.6) 170 (16.4) 1035 1035 PT 880 (87.8) 122 (12.2) 1002 1002 SE 821 (82.1) 179 (17.9) 1000 1000 N Sum 13268 2962 16230 N Valid Sum 13268 2962 16230 printed 25.01.2012 page 174 Eurobarometer 58.2 - October-December 2002,isocntry AT 814 (79.6) 209 (20.4) 1023 1023 BE 866 (78.0) 244 (22.0) 1110 1110 DE-E 699 (68.5) 321 (31.5) 1020 1020 DE-W 773 (75.6) 249 (24.4) 1022 1022 DK 760 (76.0) 240 (24.0) 1000 1000 ES 928 (92.8) 72 (7.2) 1000 1000 FI 785 (76.7) 239 (23.3) 1024 1024 FR 826 (79.7) 211 (20.3) 1037 1037 GB-GBN 898 (88.9) 112 (11.1) 1010 1010 GB-NIR 275 (91.1) 27 (8.9) 302 302 GR 881 (87.8) 122 (12.2) 1003 1003 IE 857 (84.6) 156 (15.4) 1013 1013 IT 830 (80.8) 197 (19.2) 1027 1027 LU 510 (84.7) 92 (15.3) 602 602 NL 865 (83.6) 170 (16.4) 1035 1035 PT 880 (87.8) 122 (12.2) 1002 1002 SE 821 (82.1) 179 (17.9) 1000 1000 N Sum 13268 2962 16230 N Valid Sum 13268 2962 16230 printed 25.01.2012 page 174 Eurobarometer 58.2 - October-December 2002,GESIS Variable Report,200,ZA3886
v166,v166 0 1 N Sum N Valid Sum,Q26B HEALTH INFO SOURCE: OTH MAGAZINES,isocntry AT 928 (90.7) 95 (9.3) 1023 1023 BE 994 (89.5) 116 (10.5) 1110 1110 DE-E 875 (85.8) 145 (14.2) 1020 1020 DE-W 864 (84.5) 158 (15.5) 1022 1022 DK 938 (93.8) 62 (6.2) 1000 1000 ES 950 (95.0) 50 (5.0) 1000 1000 FI 892 (87.1) 132 (12.9) 1024 1024 FR 937 (90.4) 100 (9.6) 1037 1037 GB-GBN 898 (88.9) 112 (11.1) 1010 1010 GB-NIR 282 (93.4) 20 (6.6) 302 302 GR 968 (96.5) 35 (3.5) 1003 1003 IE 925 (91.3) 88 (8.7) 1013 1013 IT 924 (90.0) 103 (10.0) 1027 1027 LU 579 (96.2) 23 (3.8) 602 602 NL 889 (85.9) 146 (14.1) 1035 1035 PT 950 (94.8) 52 (5.2) 1002 1002 SE 891 (89.1) 109 (10.9) 1000 1000 N Sum 14684 1546 16230 N Valid Sum 14684 1546 16230 printed 25.01.2012 page 175 Eurobarometer 58.2 - October-December 2002,isocntry AT 928 (90.7) 95 (9.3) 1023 1023 BE 994 (89.5) 116 (10.5) 1110 1110 DE-E 875 (85.8) 145 (14.2) 1020 1020 DE-W 864 (84.5) 158 (15.5) 1022 1022 DK 938 (93.8) 62 (6.2) 1000 1000 ES 950 (95.0) 50 (5.0) 1000 1000 FI 892 (87.1) 132 (12.9) 1024 1024 FR 937 (90.4) 100 (9.6) 1037 1037 GB-GBN 898 (88.9) 112 (11.1) 1010 1010 GB-NIR 282 (93.4) 20 (6.6) 302 302 GR 968 (96.5) 35 (3.5) 1003 1003 IE 925 (91.3) 88 (8.7) 1013 1013 IT 924 (90.0) 103 (10.0) 1027 1027 LU 579 (96.2) 23 (3.8) 602 602 NL 889 (85.9) 146 (14.1) 1035 1035 PT 950 (94.8) 52 (5.2) 1002 1002 SE 891 (89.1) 109 (10.9) 1000 1000 N Sum 14684 1546 16230 N Valid Sum 14684 1546 16230 printed 25.01.2012 page 175 Eurobarometer 58.2 - October-December 2002,GESIS Variable Report,201,ZA3886
v167,v167 0 1 N Sum N Valid Sum,Q26B HEALTH INFO SOURCE: TELEVISION,isocntry AT 773 (75.6) 250 (24.4) 1023 1023 BE 755 (68.0) 355 (32.0) 1110 1110 DE-E 624 (61.2) 396 (38.8) 1020 1020 DE-W 594 (58.1) 428 (41.9) 1022 1022 DK 663 (66.3) 337 (33.7) 1000 1000 ES 727 (72.7) 273 (27.3) 1000 1000 FI 663 (64.7) 361 (35.3) 1024 1024 FR 675 (65.1) 362 (34.9) 1037 1037 GB-GBN 657 (65.0) 353 (35.0) 1010 1010 GB-NIR 220 (72.8) 82 (27.2) 302 302 GR 591 (58.9) 412 (41.1) 1003 1003 IE 742 (73.2) 271 (26.8) 1013 1013 IT 710 (69.1) 317 (30.9) 1027 1027 LU 423 (70.3) 179 (29.7) 602 602 NL 607 (58.6) 428 (41.4) 1035 1035 PT 755 (75.3) 247 (24.7) 1002 1002 SE 567 (56.7) 433 (43.3) 1000 1000 N Sum 10746 5484 16230 N Valid Sum 10746 5484 16230 printed 25.01.2012 page 176 Eurobarometer 58.2 - October-December 2002,isocntry AT 773 (75.6) 250 (24.4) 1023 1023 BE 755 (68.0) 355 (32.0) 1110 1110 DE-E 624 (61.2) 396 (38.8) 1020 1020 DE-W 594 (58.1) 428 (41.9) 1022 1022 DK 663 (66.3) 337 (33.7) 1000 1000 ES 727 (72.7) 273 (27.3) 1000 1000 FI 663 (64.7) 361 (35.3) 1024 1024 FR 675 (65.1) 362 (34.9) 1037 1037 GB-GBN 657 (65.0) 353 (35.0) 1010 1010 GB-NIR 220 (72.8) 82 (27.2) 302 302 GR 591 (58.9) 412 (41.1) 1003 1003 IE 742 (73.2) 271 (26.8) 1013 1013 IT 710 (69.1) 317 (30.9) 1027 1027 LU 423 (70.3) 179 (29.7) 602 602 NL 607 (58.6) 428 (41.4) 1035 1035 PT 755 (75.3) 247 (24.7) 1002 1002 SE 567 (56.7) 433 (43.3) 1000 1000 N Sum 10746 5484 16230 N Valid Sum 10746 5484 16230 printed 25.01.2012 page 176 Eurobarometer 58.2 - October-December 2002,GESIS Variable Report,202,ZA3886
v168,v168 0 1 N Sum N Valid Sum,Q26B HEALTH INFO SOURCE: RADIO,isocntry AT 890 (87.0) 133 (13.0) 1023 1023 BE 826 (74.4) 284 (25.6) 1110 1110 DE-E 776 (76.1) 244 (23.9) 1020 1020 DE-W 747 (73.1) 275 (26.9) 1022 1022 DK 801 (80.1) 199 (19.9) 1000 1000 ES 788 (78.8) 212 (21.2) 1000 1000 FI 881 (86.0) 143 (14.0) 1024 1024 FR 798 (77.0) 239 (23.0) 1037 1037 GB-GBN 865 (85.6) 145 (14.4) 1010 1010 GB-NIR 267 (88.4) 35 (11.6) 302 302 GR 818 (81.6) 185 (18.4) 1003 1003 IE 820 (80.9) 193 (19.1) 1013 1013 IT 929 (90.5) 98 (9.5) 1027 1027 LU 478 (79.4) 124 (20.6) 602 602 NL 836 (80.8) 199 (19.2) 1035 1035 PT 892 (89.0) 110 (11.0) 1002 1002 SE 780 (78.0) 220 (22.0) 1000 1000 N Sum 13192 3038 16230 N Valid Sum 13192 3038 16230 printed 25.01.2012 page 177 Eurobarometer 58.2 - October-December 2002,isocntry AT 890 (87.0) 133 (13.0) 1023 1023 BE 826 (74.4) 284 (25.6) 1110 1110 DE-E 776 (76.1) 244 (23.9) 1020 1020 DE-W 747 (73.1) 275 (26.9) 1022 1022 DK 801 (80.1) 199 (19.9) 1000 1000 ES 788 (78.8) 212 (21.2) 1000 1000 FI 881 (86.0) 143 (14.0) 1024 1024 FR 798 (77.0) 239 (23.0) 1037 1037 GB-GBN 865 (85.6) 145 (14.4) 1010 1010 GB-NIR 267 (88.4) 35 (11.6) 302 302 GR 818 (81.6) 185 (18.4) 1003 1003 IE 820 (80.9) 193 (19.1) 1013 1013 IT 929 (90.5) 98 (9.5) 1027 1027 LU 478 (79.4) 124 (20.6) 602 602 NL 836 (80.8) 199 (19.2) 1035 1035 PT 892 (89.0) 110 (11.0) 1002 1002 SE 780 (78.0) 220 (22.0) 1000 1000 N Sum 13192 3038 16230 N Valid Sum 13192 3038 16230 printed 25.01.2012 page 177 Eurobarometer 58.2 - October-December 2002,GESIS Variable Report,203,ZA3886
v169,v169 0 1 N Sum N Valid Sum,Q26B HEALTH INFO SOURCE: FRIENDS/FAMILY,isocntry AT 845 (82.6) 178 (17.4) 1023 1023 BE 916 (82.5) 194 (17.5) 1110 1110 DE-E 826 (81.0) 194 (19.0) 1020 1020 DE-W 796 (77.9) 226 (22.1) 1022 1022 DK 775 (77.5) 225 (22.5) 1000 1000 ES 818 (81.8) 182 (18.2) 1000 1000 FI 772 (75.4) 252 (24.6) 1024 1024 FR 815 (78.6) 222 (21.4) 1037 1037 GB-GBN 771 (76.3) 239 (23.7) 1010 1010 GB-NIR 213 (70.5) 89 (29.5) 302 302 GR 793 (79.1) 210 (20.9) 1003 1003 IE 766 (75.6) 247 (24.4) 1013 1013 IT 808 (78.7) 219 (21.3) 1027 1027 LU 483 (80.2) 119 (19.8) 602 602 NL 817 (78.9) 218 (21.1) 1035 1035 PT 782 (78.0) 220 (22.0) 1002 1002 SE 687 (68.7) 313 (31.3) 1000 1000 N Sum 12683 3547 16230 N Valid Sum 12683 3547 16230 printed 25.01.2012 page 178 Eurobarometer 58.2 - October-December 2002,isocntry AT 845 (82.6) 178 (17.4) 1023 1023 BE 916 (82.5) 194 (17.5) 1110 1110 DE-E 826 (81.0) 194 (19.0) 1020 1020 DE-W 796 (77.9) 226 (22.1) 1022 1022 DK 775 (77.5) 225 (22.5) 1000 1000 ES 818 (81.8) 182 (18.2) 1000 1000 FI 772 (75.4) 252 (24.6) 1024 1024 FR 815 (78.6) 222 (21.4) 1037 1037 GB-GBN 771 (76.3) 239 (23.7) 1010 1010 GB-NIR 213 (70.5) 89 (29.5) 302 302 GR 793 (79.1) 210 (20.9) 1003 1003 IE 766 (75.6) 247 (24.4) 1013 1013 IT 808 (78.7) 219 (21.3) 1027 1027 LU 483 (80.2) 119 (19.8) 602 602 NL 817 (78.9) 218 (21.1) 1035 1035 PT 782 (78.0) 220 (22.0) 1002 1002 SE 687 (68.7) 313 (31.3) 1000 1000 N Sum 12683 3547 16230 N Valid Sum 12683 3547 16230 printed 25.01.2012 page 178 Eurobarometer 58.2 - October-December 2002,GESIS Variable Report,204,ZA3886
v170,v170 0 1 N Sum N Valid Sum,Q26B HEALTH INFO SOURCE: DOCTOR,isocntry AT 785 (76.7) 238 (23.3) 1023 1023 BE 837 (75.4) 273 (24.6) 1110 1110 DE-E 632 (62.0) 388 (38.0) 1020 1020 DE-W 632 (61.8) 390 (38.2) 1022 1022 DK 728 (72.8) 272 (27.2) 1000 1000 ES 788 (78.8) 212 (21.2) 1000 1000 FI 757 (73.9) 267 (26.1) 1024 1024 FR 719 (69.3) 318 (30.7) 1037 1037 GB-GBN 714 (70.7) 296 (29.3) 1010 1010 GB-NIR 209 (69.2) 93 (30.8) 302 302 GR 752 (75.0) 251 (25.0) 1003 1003 IE 790 (78.0) 223 (22.0) 1013 1013 IT 768 (74.8) 259 (25.2) 1027 1027 LU 445 (73.9) 157 (26.1) 602 602 NL 695 (67.1) 340 (32.9) 1035 1035 PT 723 (72.2) 279 (27.8) 1002 1002 SE 729 (72.9) 271 (27.1) 1000 1000 N Sum 11703 4527 16230 N Valid Sum 11703 4527 16230 printed 25.01.2012 page 179 Eurobarometer 58.2 - October-December 2002,isocntry AT 785 (76.7) 238 (23.3) 1023 1023 BE 837 (75.4) 273 (24.6) 1110 1110 DE-E 632 (62.0) 388 (38.0) 1020 1020 DE-W 632 (61.8) 390 (38.2) 1022 1022 DK 728 (72.8) 272 (27.2) 1000 1000 ES 788 (78.8) 212 (21.2) 1000 1000 FI 757 (73.9) 267 (26.1) 1024 1024 FR 719 (69.3) 318 (30.7) 1037 1037 GB-GBN 714 (70.7) 296 (29.3) 1010 1010 GB-NIR 209 (69.2) 93 (30.8) 302 302 GR 752 (75.0) 251 (25.0) 1003 1003 IE 790 (78.0) 223 (22.0) 1013 1013 IT 768 (74.8) 259 (25.2) 1027 1027 LU 445 (73.9) 157 (26.1) 602 602 NL 695 (67.1) 340 (32.9) 1035 1035 PT 723 (72.2) 279 (27.8) 1002 1002 SE 729 (72.9) 271 (27.1) 1000 1000 N Sum 11703 4527 16230 N Valid Sum 11703 4527 16230 printed 25.01.2012 page 179 Eurobarometer 58.2 - October-December 2002,GESIS Variable Report,205,ZA3886
v171,v171 0 1 N Sum N Valid Sum,Q26B HEALTH INFO SOURCE: CHEMIST,isocntry AT 686 (67.1) 337 (32.9) 1023 1023 BE 835 (75.2) 275 (24.8) 1110 1110 DE-E 726 (71.2) 294 (28.8) 1020 1020 DE-W 698 (68.3) 324 (31.7) 1022 1022 DK 910 (91.0) 90 (9.0) 1000 1000 ES 750 (75.0) 250 (25.0) 1000 1000 FI 864 (84.4) 160 (15.6) 1024 1024 FR 800 (77.1) 237 (22.9) 1037 1037 GB-GBN 802 (79.4) 208 (20.6) 1010 1010 GB-NIR 254 (84.1) 48 (15.9) 302 302 GR 819 (81.7) 184 (18.3) 1003 1003 IE 773 (76.3) 240 (23.7) 1013 1013 IT 911 (88.7) 116 (11.3) 1027 1027 LU 524 (87.0) 78 (13.0) 602 602 NL 875 (84.5) 160 (15.5) 1035 1035 PT 779 (77.7) 223 (22.3) 1002 1002 SE 830 (83.0) 170 (17.0) 1000 1000 N Sum 12836 3394 16230 N Valid Sum 12836 3394 16230 printed 25.01.2012 page 180 Eurobarometer 58.2 - October-December 2002,isocntry AT 686 (67.1) 337 (32.9) 1023 1023 BE 835 (75.2) 275 (24.8) 1110 1110 DE-E 726 (71.2) 294 (28.8) 1020 1020 DE-W 698 (68.3) 324 (31.7) 1022 1022 DK 910 (91.0) 90 (9.0) 1000 1000 ES 750 (75.0) 250 (25.0) 1000 1000 FI 864 (84.4) 160 (15.6) 1024 1024 FR 800 (77.1) 237 (22.9) 1037 1037 GB-GBN 802 (79.4) 208 (20.6) 1010 1010 GB-NIR 254 (84.1) 48 (15.9) 302 302 GR 819 (81.7) 184 (18.3) 1003 1003 IE 773 (76.3) 240 (23.7) 1013 1013 IT 911 (88.7) 116 (11.3) 1027 1027 LU 524 (87.0) 78 (13.0) 602 602 NL 875 (84.5) 160 (15.5) 1035 1035 PT 779 (77.7) 223 (22.3) 1002 1002 SE 830 (83.0) 170 (17.0) 1000 1000 N Sum 12836 3394 16230 N Valid Sum 12836 3394 16230 printed 25.01.2012 page 180 Eurobarometer 58.2 - October-December 2002,GESIS Variable Report,206,ZA3886
v172,v172 0 1 N Sum N Valid Sum,Q26B HEALTH INFO SOURCE: COURSES,isocntry AT 957 (93.5) 66 (6.5) 1023 1023 BE 1061 (95.6) 49 (4.4) 1110 1110 DE-E 961 (94.2) 59 (5.8) 1020 1020 DE-W 956 (93.5) 66 (6.5) 1022 1022 DK 962 (96.2) 38 (3.8) 1000 1000 ES 982 (98.2) 18 (1.8) 1000 1000 FI 967 (94.4) 57 (5.6) 1024 1024 FR 1010 (97.4) 27 (2.6) 1037 1037 GB-GBN 988 (97.8) 22 (2.2) 1010 1010 GB-NIR 298 (98.7) 4 (1.3) 302 302 GR 974 (97.1) 29 (2.9) 1003 1003 IE 974 (96.2) 39 (3.8) 1013 1013 IT 993 (96.7) 34 (3.3) 1027 1027 LU 580 (96.3) 22 (3.7) 602 602 NL 1002 (96.8) 33 (3.2) 1035 1035 PT 986 (98.4) 16 (1.6) 1002 1002 SE 913 (91.3) 87 (8.7) 1000 1000 N Sum 15564 666 16230 N Valid Sum 15564 666 16230 printed 25.01.2012 page 181 Eurobarometer 58.2 - October-December 2002,isocntry AT 957 (93.5) 66 (6.5) 1023 1023 BE 1061 (95.6) 49 (4.4) 1110 1110 DE-E 961 (94.2) 59 (5.8) 1020 1020 DE-W 956 (93.5) 66 (6.5) 1022 1022 DK 962 (96.2) 38 (3.8) 1000 1000 ES 982 (98.2) 18 (1.8) 1000 1000 FI 967 (94.4) 57 (5.6) 1024 1024 FR 1010 (97.4) 27 (2.6) 1037 1037 GB-GBN 988 (97.8) 22 (2.2) 1010 1010 GB-NIR 298 (98.7) 4 (1.3) 302 302 GR 974 (97.1) 29 (2.9) 1003 1003 IE 974 (96.2) 39 (3.8) 1013 1013 IT 993 (96.7) 34 (3.3) 1027 1027 LU 580 (96.3) 22 (3.7) 602 602 NL 1002 (96.8) 33 (3.2) 1035 1035 PT 986 (98.4) 16 (1.6) 1002 1002 SE 913 (91.3) 87 (8.7) 1000 1000 N Sum 15564 666 16230 N Valid Sum 15564 666 16230 printed 25.01.2012 page 181 Eurobarometer 58.2 - October-December 2002,GESIS Variable Report,207,ZA3886
v173,v173 0 1 N Sum N Valid Sum,Q26B HEALTH INFO SOURCE: OTHER SOURCES,isocntry AT 1017 (99.4) 6 (0.6) 1023 1023 BE 1095 (98.6) 15 (1.4) 1110 1110 DE-E 1016 (99.6) 4 (0.4) 1020 1020 DE-W 1011 (98.9) 11 (1.1) 1022 1022 DK 981 (98.1) 19 (1.9) 1000 1000 ES 984 (98.4) 16 (1.6) 1000 1000 FI 1011 (98.7) 13 (1.3) 1024 1024 FR 1029 (99.2) 8 (0.8) 1037 1037 GB-GBN 986 (97.6) 24 (2.4) 1010 1010 GB-NIR 300 (99.3) 2 (0.7) 302 302 GR 997 (99.4) 6 (0.6) 1003 1003 IE 999 (98.6) 14 (1.4) 1013 1013 IT 1013 (98.6) 14 (1.4) 1027 1027 LU 593 (98.5) 9 (1.5) 602 602 NL 1021 (98.6) 14 (1.4) 1035 1035 PT 993 (99.1) 9 (0.9) 1002 1002 SE 989 (98.9) 11 (1.1) 1000 1000 N Sum 16035 195 16230 N Valid Sum 16035 195 16230 printed 25.01.2012 page 182 Eurobarometer 58.2 - October-December 2002,isocntry AT 1017 (99.4) 6 (0.6) 1023 1023 BE 1095 (98.6) 15 (1.4) 1110 1110 DE-E 1016 (99.6) 4 (0.4) 1020 1020 DE-W 1011 (98.9) 11 (1.1) 1022 1022 DK 981 (98.1) 19 (1.9) 1000 1000 ES 984 (98.4) 16 (1.6) 1000 1000 FI 1011 (98.7) 13 (1.3) 1024 1024 FR 1029 (99.2) 8 (0.8) 1037 1037 GB-GBN 986 (97.6) 24 (2.4) 1010 1010 GB-NIR 300 (99.3) 2 (0.7) 302 302 GR 997 (99.4) 6 (0.6) 1003 1003 IE 999 (98.6) 14 (1.4) 1013 1013 IT 1013 (98.6) 14 (1.4) 1027 1027 LU 593 (98.5) 9 (1.5) 602 602 NL 1021 (98.6) 14 (1.4) 1035 1035 PT 993 (99.1) 9 (0.9) 1002 1002 SE 989 (98.9) 11 (1.1) 1000 1000 N Sum 16035 195 16230 N Valid Sum 16035 195 16230 printed 25.01.2012 page 182 Eurobarometer 58.2 - October-December 2002,GESIS Variable Report,208,ZA3886
v174,v174 0 1 N Sum N Valid Sum,Q26B HEALTH INFO SOURCE: DK,isocntry AT 1008 (98.5) 15 (1.5) 1023 1023 BE 1040 (93.7) 70 (6.3) 1110 1110 DE-E 994 (97.5) 26 (2.5) 1020 1020 DE-W 1009 (98.7) 13 (1.3) 1022 1022 DK 962 (96.2) 38 (3.8) 1000 1000 ES 936 (93.6) 64 (6.4) 1000 1000 FI 977 (95.4) 47 (4.6) 1024 1024 FR 1023 (98.6) 14 (1.4) 1037 1037 GB-GBN 972 (96.2) 38 (3.8) 1010 1010 GB-NIR 289 (95.7) 13 (4.3) 302 302 GR 956 (95.3) 47 (4.7) 1003 1003 IE 985 (97.2) 28 (2.8) 1013 1013 IT 998 (97.2) 29 (2.8) 1027 1027 LU 594 (98.7) 8 (1.3) 602 602 NL 1005 (97.1) 30 (2.9) 1035 1035 PT 914 (91.2) 88 (8.8) 1002 1002 SE 967 (96.7) 33 (3.3) 1000 1000 N Sum 15629 601 16230 N Valid Sum 15629 601 16230 printed 25.01.2012 page 183 Eurobarometer 58.2 - October-December 2002,isocntry AT 1008 (98.5) 15 (1.5) 1023 1023 BE 1040 (93.7) 70 (6.3) 1110 1110 DE-E 994 (97.5) 26 (2.5) 1020 1020 DE-W 1009 (98.7) 13 (1.3) 1022 1022 DK 962 (96.2) 38 (3.8) 1000 1000 ES 936 (93.6) 64 (6.4) 1000 1000 FI 977 (95.4) 47 (4.6) 1024 1024 FR 1023 (98.6) 14 (1.4) 1037 1037 GB-GBN 972 (96.2) 38 (3.8) 1010 1010 GB-NIR 289 (95.7) 13 (4.3) 302 302 GR 956 (95.3) 47 (4.7) 1003 1003 IE 985 (97.2) 28 (2.8) 1013 1013 IT 998 (97.2) 29 (2.8) 1027 1027 LU 594 (98.7) 8 (1.3) 602 602 NL 1005 (97.1) 30 (2.9) 1035 1035 PT 914 (91.2) 88 (8.8) 1002 1002 SE 967 (96.7) 33 (3.3) 1000 1000 N Sum 15629 601 16230 N Valid Sum 15629 601 16230 printed 25.01.2012 page 183 Eurobarometer 58.2 - October-December 2002,GESIS Variable Report,209,ZA3886
v175,,Q27A HEALTH INFO SOURCE - TRUST MOST,,Q27A HEALTH INFO SOURCE - TRUST MOST,GESIS Variable Report,210,ZA3886
v176,,Q27B HEALTH INFO TRUST: CONSUMER ORG,,Q27B HEALTH INFO TRUST: CONSUMER ORG,GESIS Variable Report,212,ZA3886
v177,,Q27B HEALTH INFO TRUST: ENVIRONM ORG,,Q27B HEALTH INFO TRUST: ENVIRONM ORG,GESIS Variable Report,213,ZA3886
v178,,Q27B HEALTH INFO TRUST: ANIMAL WF ORG,,Q27B HEALTH INFO TRUST: ANIMAL WF ORG,GESIS Variable Report,214,ZA3886
v179,,Q27B HEALTH INFO TRUST: POL PARTIES,,Q27B HEALTH INFO TRUST: POL PARTIES,GESIS Variable Report,215,ZA3886
v180,,Q27B HEALTH INFO TRUST: TRADE UNIONS,,Q27B HEALTH INFO TRUST: TRADE UNIONS,GESIS Variable Report,216,ZA3886
v181,,Q27B HEALTH INFO TRUST: RELIGIOUS ORG,,Q27B HEALTH INFO TRUST: RELIGIOUS ORG,GESIS Variable Report,217,ZA3886
v182,,Q27B HEALTH INFO TRUST: GOVERNMENT,,Q27B HEALTH INFO TRUST: GOVERNMENT,GESIS Variable Report,218,ZA3886
v183,,Q27B HEALTH INFO TRUST: EU,,Q27B HEALTH INFO TRUST: EU,GESIS Variable Report,219,ZA3886
v184,,Q27B HEALTH INFO TRUST: COMPANIES,,Q27B HEALTH INFO TRUST: COMPANIES,GESIS Variable Report,220,ZA3886
v185,,Q27B HEALTH INFO TRUST: SCHOOL/UNIV,,Q27B HEALTH INFO TRUST: SCHOOL/UNIV,GESIS Variable Report,221,ZA3886
v186,,Q27B HEALTH INFO TRUST: WHO,,Q27B HEALTH INFO TRUST: WHO,GESIS Variable Report,222,ZA3886
v187,,Q27B HEALTH INFO TRUST: NGO'S,,Q27B HEALTH INFO TRUST: NGO'S,GESIS Variable Report,223,ZA3886
v188,,Q27B HEALTH INFO TRUST: DK,,Q27B HEALTH INFO TRUST: DK,GESIS Variable Report,224,ZA3886
v189,v189 1 2 3 4 5 6 N Sum N Valid Sum,Q28 HEALTH - PERSONAL STATE,isocntry M AT 408 (39.9) 386 (37.8) 191 (18.7) 29 (2.8) 8 (0.8) 2 1024 1022 BE 328 (29.5) 469 (42.3) 251 (22.6) 54 (4.9) 8 (0.7) 1110 1110 DE-E 161 (15.8) 456 (44.9) 336 (33.1) 55 (5.4) 8 (0.8) 4 1020 1016 DE-W 196 (19.3) 438 (43.1) 314 (30.9) 61 (6.0) 7 (0.7) 5 1021 1016 DK 430 (43.0) 340 (34.0) 178 (17.8) 44 (4.4) 8 (0.8) 1000 1000 ES 285 (28.6) 480 (48.1) 196 (19.6) 34 (3.4) 3 (0.3) 2 1000 998 FI 172 (16.8) 464 (45.4) 340 (33.3) 42 (4.1) 3 (0.3) 2 1023 1021 FR 251 (24.4) 465 (45.1) 243 (23.6) 64 (6.2) 7 (0.7) 7 1037 1030 GB-GBN 277 (27.5) 414 (41.1) 257 (25.5) 47 (4.7) 13 (1.3) 1 1009 1008 GB-NIR 85 (28.2) 132 (43.9) 59 (19.6) 19 (6.3) 6 (2.0) 301 301 GR 425 (42.4) 384 (38.3) 135 (13.5) 53 (5.3) 6 (0.6) 1003 1003 IE 473 (46.7) 393 (38.8) 133 (13.1) 10 (1.0) 3 (0.3) 1 1013 1012 IT 142 (13.8) 503 (49.0) 336 (32.7) 40 (3.9) 5 (0.5) 2 1028 1026 LU 160 (26.6) 287 (47.7) 117 (19.4) 34 (5.6) 4 (0.7) 602 602 NL 257 (24.8) 555 (53.6) 187 (18.1) 35 (3.4) 1 (0.1) 1035 1035 PT 122 (12.2) 380 (38.0) 361 (36.1) 117 (11.7) 19 (1.9) 3 1002 999 SE 304 (30.4) 387 (38.7) 246 (24.6) 58 (5.8) 4 (0.4) 1 1000 999 N Sum 4476 6933 3880 796 113 30 16228 N Valid Sum 4476 6933 3880 796 113 16198 printed 25.01.2012 page 199 Eurobarometer 58.2 - October-December 2002,isocntry M AT 408 (39.9) 386 (37.8) 191 (18.7) 29 (2.8) 8 (0.8) 2 1024 1022 BE 328 (29.5) 469 (42.3) 251 (22.6) 54 (4.9) 8 (0.7) 1110 1110 DE-E 161 (15.8) 456 (44.9) 336 (33.1) 55 (5.4) 8 (0.8) 4 1020 1016 DE-W 196 (19.3) 438 (43.1) 314 (30.9) 61 (6.0) 7 (0.7) 5 1021 1016 DK 430 (43.0) 340 (34.0) 178 (17.8) 44 (4.4) 8 (0.8) 1000 1000 ES 285 (28.6) 480 (48.1) 196 (19.6) 34 (3.4) 3 (0.3) 2 1000 998 FI 172 (16.8) 464 (45.4) 340 (33.3) 42 (4.1) 3 (0.3) 2 1023 1021 FR 251 (24.4) 465 (45.1) 243 (23.6) 64 (6.2) 7 (0.7) 7 1037 1030 GB-GBN 277 (27.5) 414 (41.1) 257 (25.5) 47 (4.7) 13 (1.3) 1 1009 1008 GB-NIR 85 (28.2) 132 (43.9) 59 (19.6) 19 (6.3) 6 (2.0) 301 301 GR 425 (42.4) 384 (38.3) 135 (13.5) 53 (5.3) 6 (0.6) 1003 1003 IE 473 (46.7) 393 (38.8) 133 (13.1) 10 (1.0) 3 (0.3) 1 1013 1012 IT 142 (13.8) 503 (49.0) 336 (32.7) 40 (3.9) 5 (0.5) 2 1028 1026 LU 160 (26.6) 287 (47.7) 117 (19.4) 34 (5.6) 4 (0.7) 602 602 NL 257 (24.8) 555 (53.6) 187 (18.1) 35 (3.4) 1 (0.1) 1035 1035 PT 122 (12.2) 380 (38.0) 361 (36.1) 117 (11.7) 19 (1.9) 3 1002 999 SE 304 (30.4) 387 (38.7) 246 (24.6) 58 (5.8) 4 (0.4) 1 1000 999 N Sum 4476 6933 3880 796 113 30 16228 N Valid Sum 4476 6933 3880 796 113 16198 printed 25.01.2012 page 199 Eurobarometer 58.2 - October-December 2002,GESIS Variable Report,225,ZA3886
v190,v190 1 2 3 N Sum N Valid Sum,Q29 HEALTH - LONG-STANDING ILLNESS,isocntry M AT 208 (20.6) 803 (79.4) 12 1023 1011 BE 224 (20.4) 872 (79.6) 14 1110 1096 DE-E 269 (26.6) 742 (73.4) 9 1020 1011 DE-W 238 (23.7) 767 (76.3) 17 1022 1005 DK 300 (30.1) 696 (69.9) 3 999 996 ES 213 (21.4) 783 (78.6) 4 1000 996 FI 409 (40.2) 609 (59.8) 6 1024 1018 FR 225 (22.0) 799 (78.0) 13 1037 1024 GB-GBN 351 (35.1) 649 (64.9) 10 1010 1000 GB-NIR 84 (28.0) 216 (72.0) 2 302 300 GR 237 (23.7) 763 (76.3) 3 1003 1000 IE 150 (15.0) 852 (85.0) 11 1013 1002 IT 248 (24.5) 765 (75.5) 14 1027 1013 LU 188 (31.3) 412 (68.7) 2 602 600 NL 234 (22.7) 795 (77.3) 6 1035 1029 PT 271 (27.2) 725 (72.8) 5 1001 996 SE 358 (35.9) 640 (64.1) 2 1000 998 N Sum 4207 11888 133 16228 N Valid Sum 4207 11888 16095 printed 25.01.2012 page 200 Eurobarometer 58.2 - October-December 2002,isocntry M AT 208 (20.6) 803 (79.4) 12 1023 1011 BE 224 (20.4) 872 (79.6) 14 1110 1096 DE-E 269 (26.6) 742 (73.4) 9 1020 1011 DE-W 238 (23.7) 767 (76.3) 17 1022 1005 DK 300 (30.1) 696 (69.9) 3 999 996 ES 213 (21.4) 783 (78.6) 4 1000 996 FI 409 (40.2) 609 (59.8) 6 1024 1018 FR 225 (22.0) 799 (78.0) 13 1037 1024 GB-GBN 351 (35.1) 649 (64.9) 10 1010 1000 GB-NIR 84 (28.0) 216 (72.0) 2 302 300 GR 237 (23.7) 763 (76.3) 3 1003 1000 IE 150 (15.0) 852 (85.0) 11 1013 1002 IT 248 (24.5) 765 (75.5) 14 1027 1013 LU 188 (31.3) 412 (68.7) 2 602 600 NL 234 (22.7) 795 (77.3) 6 1035 1029 PT 271 (27.2) 725 (72.8) 5 1001 996 SE 358 (35.9) 640 (64.1) 2 1000 998 N Sum 4207 11888 133 16228 N Valid Sum 4207 11888 16095 printed 25.01.2012 page 200 Eurobarometer 58.2 - October-December 2002,GESIS Variable Report,226,ZA3886
v191,v191 1 2 3 4 N Sum N Valid Sum,Q30 HEALTH - RESTRICTED IN ACTIVITIES,isocntry M AT 69 (6.8) 164 (16.2) 780 (77.0) 10 1023 1013 BE 57 (5.2) 176 (15.9) 872 (78.9) 5 1110 1105 DE-E 63 (6.2) 246 (24.2) 707 (69.6) 4 1020 1016 DE-W 65 (6.4) 263 (26.1) 680 (67.5) 14 1022 1008 DK 85 (8.6) 243 (24.6) 659 (66.8) 13 1000 987 ES 53 (5.3) 169 (17.0) 773 (77.7) 5 1000 995 FI 89 (8.8) 266 (26.2) 660 (65.0) 10 1025 1015 FR 51 (4.9) 165 (16.0) 816 (79.1) 6 1038 1032 GB-GBN 84 (8.3) 222 (22.0) 702 (69.6) 2 1010 1008 GB-NIR 27 (8.9) 58 (19.2) 217 (71.9) 302 302 GR 44 (4.4) 147 (14.8) 801 (80.7) 11 1003 992 IE 27 (2.7) 139 (13.9) 837 (83.4) 9 1012 1003 IT 43 (4.2) 172 (17.0) 799 (78.8) 13 1027 1014 LU 33 (5.5) 93 (15.5) 475 (79.0) 1 602 601 NL 92 (8.9) 233 (22.5) 709 (68.6) 2 1036 1034 PT 97 (9.8) 223 (22.5) 671 (67.7) 11 1002 991 SE 106 (10.6) 269 (26.9) 625 (62.5) 1 1001 1000 N Sum 1085 3248 11783 117 16233 N Valid Sum 1085 3248 11783 16116 printed 25.01.2012 page 201 Eurobarometer 58.2 - October-December 2002,isocntry M AT 69 (6.8) 164 (16.2) 780 (77.0) 10 1023 1013 BE 57 (5.2) 176 (15.9) 872 (78.9) 5 1110 1105 DE-E 63 (6.2) 246 (24.2) 707 (69.6) 4 1020 1016 DE-W 65 (6.4) 263 (26.1) 680 (67.5) 14 1022 1008 DK 85 (8.6) 243 (24.6) 659 (66.8) 13 1000 987 ES 53 (5.3) 169 (17.0) 773 (77.7) 5 1000 995 FI 89 (8.8) 266 (26.2) 660 (65.0) 10 1025 1015 FR 51 (4.9) 165 (16.0) 816 (79.1) 6 1038 1032 GB-GBN 84 (8.3) 222 (22.0) 702 (69.6) 2 1010 1008 GB-NIR 27 (8.9) 58 (19.2) 217 (71.9) 302 302 GR 44 (4.4) 147 (14.8) 801 (80.7) 11 1003 992 IE 27 (2.7) 139 (13.9) 837 (83.4) 9 1012 1003 IT 43 (4.2) 172 (17.0) 799 (78.8) 13 1027 1014 LU 33 (5.5) 93 (15.5) 475 (79.0) 1 602 601 NL 92 (8.9) 233 (22.5) 709 (68.6) 2 1036 1034 PT 97 (9.8) 223 (22.5) 671 (67.7) 11 1002 991 SE 106 (10.6) 269 (26.9) 625 (62.5) 1 1001 1000 N Sum 1085 3248 11783 117 16233 N Valid Sum 1085 3248 11783 16116 printed 25.01.2012 page 201 Eurobarometer 58.2 - October-December 2002,GESIS Variable Report,227,ZA3886
v192,v192 1 2 3 4 N Sum N Valid Sum,Q31A EYESIGHT - READ W/O GLASSES,isocntry M AT 609 (60.4) 395 (39.2) 4 (0.4) 15 1023 1008 BE 648 (58.6) 457 (41.3) 1 (0.1) 3 1109 1106 DE-E 596 (58.7) 418 (41.1) 2 (0.2) 4 1020 1016 DE-W 605 (59.6) 407 (40.1) 3 (0.3) 7 1022 1015 DK 512 (51.3) 486 (48.7) 1 999 998 ES 600 (60.1) 396 (39.7) 2 (0.2) 2 1000 998 FI 570 (55.8) 452 (44.2) 1 1023 1022 FR 568 (55.0) 463 (44.9) 1 (0.1) 4 1036 1032 GB-GBN 569 (56.3) 435 (43.1) 6 (0.6) 1010 1010 GB-NIR 175 (57.9) 127 (42.1) 302 302 GR 591 (59.0) 404 (40.3) 7 (0.7) 1 1003 1002 IE 654 (64.6) 356 (35.2) 2 (0.2) 1 1013 1012 IT 592 (57.6) 405 (39.4) 30 (2.9) 1027 1027 LU 339 (56.4) 259 (43.1) 3 (0.5) 601 601 NL 611 (59.1) 418 (40.4) 5 (0.5) 1 1035 1034 PT 615 (61.7) 379 (38.1) 2 (0.2) 6 1002 996 SE 520 (52.0) 479 (47.9) 1 (0.1) 1 1001 1000 N Sum 9374 6736 69 47 16226 N Valid Sum 9374 6736 69 16179 printed 25.01.2012 page 202 Eurobarometer 58.2 - October-December 2002,isocntry M AT 609 (60.4) 395 (39.2) 4 (0.4) 15 1023 1008 BE 648 (58.6) 457 (41.3) 1 (0.1) 3 1109 1106 DE-E 596 (58.7) 418 (41.1) 2 (0.2) 4 1020 1016 DE-W 605 (59.6) 407 (40.1) 3 (0.3) 7 1022 1015 DK 512 (51.3) 486 (48.7) 1 999 998 ES 600 (60.1) 396 (39.7) 2 (0.2) 2 1000 998 FI 570 (55.8) 452 (44.2) 1 1023 1022 FR 568 (55.0) 463 (44.9) 1 (0.1) 4 1036 1032 GB-GBN 569 (56.3) 435 (43.1) 6 (0.6) 1010 1010 GB-NIR 175 (57.9) 127 (42.1) 302 302 GR 591 (59.0) 404 (40.3) 7 (0.7) 1 1003 1002 IE 654 (64.6) 356 (35.2) 2 (0.2) 1 1013 1012 IT 592 (57.6) 405 (39.4) 30 (2.9) 1027 1027 LU 339 (56.4) 259 (43.1) 3 (0.5) 601 601 NL 611 (59.1) 418 (40.4) 5 (0.5) 1 1035 1034 PT 615 (61.7) 379 (38.1) 2 (0.2) 6 1002 996 SE 520 (52.0) 479 (47.9) 1 (0.1) 1 1001 1000 N Sum 9374 6736 69 47 16226 N Valid Sum 9374 6736 69 16179 printed 25.01.2012 page 202 Eurobarometer 58.2 - October-December 2002,GESIS Variable Report,228,ZA3886
v193,v193 1 2 3 4 9 N Sum N Valid Sum,Q31B EYESIGHT - READ WITH GLASSES,isocntry M M AT 370 (93.7) 16 (4.1) 9 (2.3) 1 628 1024 395 BE 439 (97.1) 11 (2.4) 2 (0.4) 5 653 1110 452 DE-E 405 (97.4) 10 (2.4) 1 (0.2) 2 602 1020 416 DE-W 392 (96.3) 13 (3.2) 2 (0.5) 1 615 1023 407 DK 473 (97.3) 11 (2.3) 2 (0.4) 1 514 1001 486 ES 377 (95.7) 12 (3.0) 5 (1.3) 2 604 1000 394 FI 439 (98.4) 7 (1.6) 7 572 1025 446 FR 436 (96.7) 11 (2.4) 4 (0.9) 12 574 1037 451 GB-GBN 426 (98.6) 5 (1.2) 1 (0.2) 4 575 1011 432 GB-NIR 121 (96.8) 4 (3.2) 3 175 303 125 GR 392 (97.3) 9 (2.2) 2 (0.5) 1 599 1003 403 IE 345 (97.5) 9 (2.5) 3 657 1014 354 IT 393 (97.8) 7 (1.7) 2 (0.5) 3 622 1027 402 LU 251 (96.5) 8 (3.1) 1 (0.4) 343 603 260 NL 395 (94.5) 18 (4.3) 5 (1.2) 617 1035 418 PT 325 (87.6) 19 (5.1) 27 (7.3) 8 623 1002 371 SE 473 (99.0) 5 (1.0) 1 521 1000 478 N Sum 6452 175 63 54 9494 16238 N Valid Sum 6452 175 63 6690 printed 25.01.2012 page 203 Eurobarometer 58.2 - October-December 2002,isocntry M M AT 370 (93.7) 16 (4.1) 9 (2.3) 1 628 1024 395 BE 439 (97.1) 11 (2.4) 2 (0.4) 5 653 1110 452 DE-E 405 (97.4) 10 (2.4) 1 (0.2) 2 602 1020 416 DE-W 392 (96.3) 13 (3.2) 2 (0.5) 1 615 1023 407 DK 473 (97.3) 11 (2.3) 2 (0.4) 1 514 1001 486 ES 377 (95.7) 12 (3.0) 5 (1.3) 2 604 1000 394 FI 439 (98.4) 7 (1.6) 7 572 1025 446 FR 436 (96.7) 11 (2.4) 4 (0.9) 12 574 1037 451 GB-GBN 426 (98.6) 5 (1.2) 1 (0.2) 4 575 1011 432 GB-NIR 121 (96.8) 4 (3.2) 3 175 303 125 GR 392 (97.3) 9 (2.2) 2 (0.5) 1 599 1003 403 IE 345 (97.5) 9 (2.5) 3 657 1014 354 IT 393 (97.8) 7 (1.7) 2 (0.5) 3 622 1027 402 LU 251 (96.5) 8 (3.1) 1 (0.4) 343 603 260 NL 395 (94.5) 18 (4.3) 5 (1.2) 617 1035 418 PT 325 (87.6) 19 (5.1) 27 (7.3) 8 623 1002 371 SE 473 (99.0) 5 (1.0) 1 521 1000 478 N Sum 6452 175 63 54 9494 16238 N Valid Sum 6452 175 63 6690 printed 25.01.2012 page 203 Eurobarometer 58.2 - October-December 2002,GESIS Variable Report,229,ZA3886
v194,v194 1 2 3 9 N Sum N Valid Sum,Q32A EYESIGHT - SEE 4M W/O GLASSES,isocntry M M AT 824 (81.6) 186 (18.4) 10 4 1024 1010 BE 864 (78.6) 235 (21.4) 10 1 1110 1099 DE-E 850 (84.6) 155 (15.4) 13 2 1020 1005 DE-W 785 (78.8) 211 (21.2) 23 3 1022 996 DK 717 (72.2) 276 (27.8) 6 999 993 ES 785 (78.7) 213 (21.3) 1 2 1001 998 FI 743 (73.3) 271 (26.7) 10 1024 1014 FR 808 (78.4) 222 (21.6) 6 1 1037 1030 GB-GBN 768 (77.3) 226 (22.7) 11 6 1011 994 GB-NIR 233 (77.9) 66 (22.1) 3 302 299 GR 866 (86.9) 130 (13.1) 7 1003 996 IE 830 (82.3) 178 (17.7) 3 2 1013 1008 IT 779 (78.8) 210 (21.2) 9 30 1028 989 LU 428 (71.8) 168 (28.2) 2 3 601 596 NL 788 (76.6) 241 (23.4) 1 5 1035 1029 PT 846 (84.9) 151 (15.1) 4 2 1003 997 SE 411 (79.8) 104 (20.2) 484 1 1000 515 N Sum 12325 3243 596 69 16233 N Valid Sum 12325 3243 15568 printed 25.01.2012 page 204 Eurobarometer 58.2 - October-December 2002,isocntry M M AT 824 (81.6) 186 (18.4) 10 4 1024 1010 BE 864 (78.6) 235 (21.4) 10 1 1110 1099 DE-E 850 (84.6) 155 (15.4) 13 2 1020 1005 DE-W 785 (78.8) 211 (21.2) 23 3 1022 996 DK 717 (72.2) 276 (27.8) 6 999 993 ES 785 (78.7) 213 (21.3) 1 2 1001 998 FI 743 (73.3) 271 (26.7) 10 1024 1014 FR 808 (78.4) 222 (21.6) 6 1 1037 1030 GB-GBN 768 (77.3) 226 (22.7) 11 6 1011 994 GB-NIR 233 (77.9) 66 (22.1) 3 302 299 GR 866 (86.9) 130 (13.1) 7 1003 996 IE 830 (82.3) 178 (17.7) 3 2 1013 1008 IT 779 (78.8) 210 (21.2) 9 30 1028 989 LU 428 (71.8) 168 (28.2) 2 3 601 596 NL 788 (76.6) 241 (23.4) 1 5 1035 1029 PT 846 (84.9) 151 (15.1) 4 2 1003 997 SE 411 (79.8) 104 (20.2) 484 1 1000 515 N Sum 12325 3243 596 69 16233 N Valid Sum 12325 3243 15568 printed 25.01.2012 page 204 Eurobarometer 58.2 - October-December 2002,GESIS Variable Report,230,ZA3886
v195,,Q32B EYESIGHT - SEE 4M WITH GLASSES,,Q32B EYESIGHT - SEE 4M WITH GLASSES,GESIS Variable Report,231,ZA3886
v196,v196 1 2 3 N Sum N Valid Sum,Q33A HEARING - DISTINCTLY W/O AID,isocntry M AT 996 (97.6) 25 (2.4) 2 1023 1021 BE 1027 (93.3) 74 (6.7) 9 1110 1101 DE-E 989 (97.4) 26 (2.6) 4 1019 1015 DE-W 985 (97.3) 27 (2.7) 10 1022 1012 DK 928 (92.9) 71 (7.1) 1 1000 999 ES 959 (95.9) 41 (4.1) 1000 1000 FI 984 (96.2) 39 (3.8) 1 1024 1023 FR 968 (93.6) 66 (6.4) 3 1037 1034 GB-GBN 944 (93.7) 64 (6.3) 2 1010 1008 GB-NIR 280 (92.7) 22 (7.3) 302 302 GR 968 (96.5) 35 (3.5) 1003 1003 IE 967 (95.6) 45 (4.4) 1 1013 1012 IT 984 (96.0) 41 (4.0) 2 1027 1025 LU 562 (93.4) 40 (6.6) 602 602 NL 1006 (97.8) 23 (2.2) 6 1035 1029 PT 935 (93.4) 66 (6.6) 1 1002 1001 SE 951 (95.4) 46 (4.6) 3 1000 997 N Sum 15433 751 45 16229 N Valid Sum 15433 751 16184 printed 25.01.2012 page 206 Eurobarometer 58.2 - October-December 2002,isocntry M AT 996 (97.6) 25 (2.4) 2 1023 1021 BE 1027 (93.3) 74 (6.7) 9 1110 1101 DE-E 989 (97.4) 26 (2.6) 4 1019 1015 DE-W 985 (97.3) 27 (2.7) 10 1022 1012 DK 928 (92.9) 71 (7.1) 1 1000 999 ES 959 (95.9) 41 (4.1) 1000 1000 FI 984 (96.2) 39 (3.8) 1 1024 1023 FR 968 (93.6) 66 (6.4) 3 1037 1034 GB-GBN 944 (93.7) 64 (6.3) 2 1010 1008 GB-NIR 280 (92.7) 22 (7.3) 302 302 GR 968 (96.5) 35 (3.5) 1003 1003 IE 967 (95.6) 45 (4.4) 1 1013 1012 IT 984 (96.0) 41 (4.0) 2 1027 1025 LU 562 (93.4) 40 (6.6) 602 602 NL 1006 (97.8) 23 (2.2) 6 1035 1029 PT 935 (93.4) 66 (6.6) 1 1002 1001 SE 951 (95.4) 46 (4.6) 3 1000 997 N Sum 15433 751 45 16229 N Valid Sum 15433 751 16184 printed 25.01.2012 page 206 Eurobarometer 58.2 - October-December 2002,GESIS Variable Report,232,ZA3886
v197,v197 1 2 3 4 9 N Sum N Valid Sum,Q33B HEARING - DISTINCTLY WITH AID,isocntry M M AT 14 (56.0) 3 (12.0) 8 (32.0) 998 1023 25 BE 23 (31.5) 8 (11.0) 42 (57.5) 2 1036 1111 73 DE-E 18 (72.0) 2 (8.0) 5 (20.0) 1 994 1020 25 DE-W 20 (74.1) 2 (7.4) 5 (18.5) 1 995 1023 27 DK 33 (50.8) 1 (1.5) 31 (47.7) 5 929 999 65 ES 12 (29.3) 7 (17.1) 22 (53.7) 959 1000 41 FI 16 (43.2) 1 (2.7) 20 (54.1) 3 985 1025 37 FR 18 (29.5) 9 (14.8) 34 (55.7) 5 971 1037 61 GB-GBN 25 (42.4) 5 (8.5) 29 (49.2) 6 946 1011 59 GB-NIR 7 (36.8) 3 (15.8) 9 (47.4) 3 280 302 19 GR 9 (25.7) 3 (8.6) 23 (65.7) 1 968 1004 35 IE 19 (42.2) 2 (4.4) 24 (53.3) 968 1013 45 IT 9 (23.1) 2 (5.1) 28 (71.8) 2 986 1027 39 LU 15 (40.5) 5 (13.5) 17 (45.9) 3 562 602 37 NL 14 (60.9) 2 (8.7) 7 (30.4) 1012 1035 23 PT 15 (23.4) 6 (9.4) 43 (67.2) 2 936 1002 64 SE 19 (44.2) 1 (2.3) 23 (53.5) 3 954 1000 43 N Sum 286 62 370 37 15479 16234 N Valid Sum 286 62 370 718 printed 25.01.2012 page 207 Eurobarometer 58.2 - October-December 2002,isocntry M M AT 14 (56.0) 3 (12.0) 8 (32.0) 998 1023 25 BE 23 (31.5) 8 (11.0) 42 (57.5) 2 1036 1111 73 DE-E 18 (72.0) 2 (8.0) 5 (20.0) 1 994 1020 25 DE-W 20 (74.1) 2 (7.4) 5 (18.5) 1 995 1023 27 DK 33 (50.8) 1 (1.5) 31 (47.7) 5 929 999 65 ES 12 (29.3) 7 (17.1) 22 (53.7) 959 1000 41 FI 16 (43.2) 1 (2.7) 20 (54.1) 3 985 1025 37 FR 18 (29.5) 9 (14.8) 34 (55.7) 5 971 1037 61 GB-GBN 25 (42.4) 5 (8.5) 29 (49.2) 6 946 1011 59 GB-NIR 7 (36.8) 3 (15.8) 9 (47.4) 3 280 302 19 GR 9 (25.7) 3 (8.6) 23 (65.7) 1 968 1004 35 IE 19 (42.2) 2 (4.4) 24 (53.3) 968 1013 45 IT 9 (23.1) 2 (5.1) 28 (71.8) 2 986 1027 39 LU 15 (40.5) 5 (13.5) 17 (45.9) 3 562 602 37 NL 14 (60.9) 2 (8.7) 7 (30.4) 1012 1035 23 PT 15 (23.4) 6 (9.4) 43 (67.2) 2 936 1002 64 SE 19 (44.2) 1 (2.3) 23 (53.5) 3 954 1000 43 N Sum 286 62 370 37 15479 16234 N Valid Sum 286 62 370 718 printed 25.01.2012 page 207 Eurobarometer 58.2 - October-December 2002,GESIS Variable Report,233,ZA3886
v198,v198 1 2 3 N Sum N Valid Sum,Q34A MOBILITY - WALK W/O CANE,isocntry M AT 977 (96.1) 40 (3.9) 6 1023 1017 BE 1035 (93.6) 71 (6.4) 4 1110 1106 DE-E 963 (95.6) 44 (4.4) 13 1020 1007 DE-W 969 (95.3) 48 (4.7) 5 1022 1017 DK 956 (95.7) 43 (4.3) 2 1001 999 ES 945 (94.8) 52 (5.2) 2 999 997 FI 976 (95.9) 42 (4.1) 6 1024 1018 FR 989 (95.8) 43 (4.2) 4 1036 1032 GB-GBN 885 (88.0) 121 (12.0) 4 1010 1006 GB-NIR 269 (89.4) 32 (10.6) 1 302 301 GR 935 (93.3) 67 (6.7) 1 1003 1002 IE 949 (93.9) 62 (6.1) 3 1014 1011 IT 989 (96.6) 35 (3.4) 3 1027 1024 LU 572 (95.2) 29 (4.8) 1 602 601 NL 986 (95.5) 47 (4.5) 2 1035 1033 PT 902 (90.1) 99 (9.9) 1 1002 1001 SE 961 (96.4) 36 (3.6) 3 1000 997 N Sum 15258 911 61 16230 N Valid Sum 15258 911 16169 printed 25.01.2012 page 208 Eurobarometer 58.2 - October-December 2002,isocntry M AT 977 (96.1) 40 (3.9) 6 1023 1017 BE 1035 (93.6) 71 (6.4) 4 1110 1106 DE-E 963 (95.6) 44 (4.4) 13 1020 1007 DE-W 969 (95.3) 48 (4.7) 5 1022 1017 DK 956 (95.7) 43 (4.3) 2 1001 999 ES 945 (94.8) 52 (5.2) 2 999 997 FI 976 (95.9) 42 (4.1) 6 1024 1018 FR 989 (95.8) 43 (4.2) 4 1036 1032 GB-GBN 885 (88.0) 121 (12.0) 4 1010 1006 GB-NIR 269 (89.4) 32 (10.6) 1 302 301 GR 935 (93.3) 67 (6.7) 1 1003 1002 IE 949 (93.9) 62 (6.1) 3 1014 1011 IT 989 (96.6) 35 (3.4) 3 1027 1024 LU 572 (95.2) 29 (4.8) 1 602 601 NL 986 (95.5) 47 (4.5) 2 1035 1033 PT 902 (90.1) 99 (9.9) 1 1002 1001 SE 961 (96.4) 36 (3.6) 3 1000 997 N Sum 15258 911 61 16230 N Valid Sum 15258 911 16169 printed 25.01.2012 page 208 Eurobarometer 58.2 - October-December 2002,GESIS Variable Report,234,ZA3886
v199,v199 1 2 3 4 9 N Sum N Valid Sum,Q34B MOBILITY - WALK WITH CANE,isocntry M M AT 23 (56.1) 10 (24.4) 8 (19.5) 983 1024 41 BE 23 (33.3) 28 (40.6) 18 (26.1) 2 1039 1110 69 DE-E 24 (54.5) 18 (40.9) 2 (4.5) 1 976 1021 44 DE-W 25 (53.2) 16 (34.0) 6 (12.8) 1 974 1022 47 DK 23 (56.1) 15 (36.6) 3 (7.3) 2 957 1000 41 ES 29 (56.9) 15 (29.4) 7 (13.7) 1 948 1000 51 FI 28 (73.7) 7 (18.4) 3 (7.9) 3 982 1023 38 FR 19 (44.2) 17 (39.5) 7 (16.3) 994 1037 43 GB-GBN 37 (31.1) 52 (43.7) 30 (25.2) 1 889 1009 119 GB-NIR 9 (29.0) 18 (58.1) 4 (12.9) 2 270 303 31 GR 26 (39.4) 15 (22.7) 25 (37.9) 936 1002 66 IE 19 (33.9) 21 (37.5) 16 (28.6) 5 951 1012 56 IT 15 (42.9) 9 (25.7) 11 (31.4) 992 1027 35 LU 17 (60.7) 8 (28.6) 3 (10.7) 2 573 603 28 NL 26 (54.2) 19 (39.6) 3 (6.3) 988 1036 48 PT 35 (37.2) 24 (25.5) 35 (37.2) 4 903 1001 94 SE 24 (68.6) 6 (17.1) 5 (14.3) 2 964 1001 35 N Sum 402 298 186 26 15319 16231 N Valid Sum 402 298 186 886 printed 25.01.2012 page 209 Eurobarometer 58.2 - October-December 2002,isocntry M M AT 23 (56.1) 10 (24.4) 8 (19.5) 983 1024 41 BE 23 (33.3) 28 (40.6) 18 (26.1) 2 1039 1110 69 DE-E 24 (54.5) 18 (40.9) 2 (4.5) 1 976 1021 44 DE-W 25 (53.2) 16 (34.0) 6 (12.8) 1 974 1022 47 DK 23 (56.1) 15 (36.6) 3 (7.3) 2 957 1000 41 ES 29 (56.9) 15 (29.4) 7 (13.7) 1 948 1000 51 FI 28 (73.7) 7 (18.4) 3 (7.9) 3 982 1023 38 FR 19 (44.2) 17 (39.5) 7 (16.3) 994 1037 43 GB-GBN 37 (31.1) 52 (43.7) 30 (25.2) 1 889 1009 119 GB-NIR 9 (29.0) 18 (58.1) 4 (12.9) 2 270 303 31 GR 26 (39.4) 15 (22.7) 25 (37.9) 936 1002 66 IE 19 (33.9) 21 (37.5) 16 (28.6) 5 951 1012 56 IT 15 (42.9) 9 (25.7) 11 (31.4) 992 1027 35 LU 17 (60.7) 8 (28.6) 3 (10.7) 2 573 603 28 NL 26 (54.2) 19 (39.6) 3 (6.3) 988 1036 48 PT 35 (37.2) 24 (25.5) 35 (37.2) 4 903 1001 94 SE 24 (68.6) 6 (17.1) 5 (14.3) 2 964 1001 35 N Sum 402 298 186 26 15319 16231 N Valid Sum 402 298 186 886 printed 25.01.2012 page 209 Eurobarometer 58.2 - October-December 2002,GESIS Variable Report,235,ZA3886
v200,v200 1 2 3 N Sum N Valid Sum,Q35 MOBILITY - STAIRS W/O DIFFICULTY,isocntry M AT 927 (91.0) 92 (9.0) 3 1022 1019 BE 1017 (92.0) 89 (8.0) 4 1110 1106 DE-E 917 (90.5) 96 (9.5) 7 1020 1013 DE-W 927 (90.9) 93 (9.1) 3 1023 1020 DK 914 (91.7) 83 (8.3) 3 1000 997 ES 898 (90.0) 100 (10.0) 2 1000 998 FI 979 (95.8) 43 (4.2) 3 1025 1022 FR 943 (91.2) 91 (8.8) 3 1037 1034 GB-GBN 857 (85.3) 148 (14.7) 5 1010 1005 GB-NIR 266 (88.1) 36 (11.9) 302 302 GR 874 (87.2) 128 (12.8) 1 1003 1002 IE 915 (91.0) 91 (9.0) 7 1013 1006 IT 954 (93.5) 66 (6.5) 8 1028 1020 LU 555 (92.2) 47 (7.8) 602 602 NL 963 (93.2) 70 (6.8) 3 1036 1033 PT 828 (82.7) 173 (17.3) 1 1002 1001 SE 933 (93.7) 63 (6.3) 4 1000 996 N Sum 14667 1509 57 16233 N Valid Sum 14667 1509 16176 printed 25.01.2012 page 210 Eurobarometer 58.2 - October-December 2002,isocntry M AT 927 (91.0) 92 (9.0) 3 1022 1019 BE 1017 (92.0) 89 (8.0) 4 1110 1106 DE-E 917 (90.5) 96 (9.5) 7 1020 1013 DE-W 927 (90.9) 93 (9.1) 3 1023 1020 DK 914 (91.7) 83 (8.3) 3 1000 997 ES 898 (90.0) 100 (10.0) 2 1000 998 FI 979 (95.8) 43 (4.2) 3 1025 1022 FR 943 (91.2) 91 (8.8) 3 1037 1034 GB-GBN 857 (85.3) 148 (14.7) 5 1010 1005 GB-NIR 266 (88.1) 36 (11.9) 302 302 GR 874 (87.2) 128 (12.8) 1 1003 1002 IE 915 (91.0) 91 (9.0) 7 1013 1006 IT 954 (93.5) 66 (6.5) 8 1028 1020 LU 555 (92.2) 47 (7.8) 602 602 NL 963 (93.2) 70 (6.8) 3 1036 1033 PT 828 (82.7) 173 (17.3) 1 1002 1001 SE 933 (93.7) 63 (6.3) 4 1000 996 N Sum 14667 1509 57 16233 N Valid Sum 14667 1509 16176 printed 25.01.2012 page 210 Eurobarometer 58.2 - October-December 2002,GESIS Variable Report,236,ZA3886
v201,v201 1 2 3 N Sum N Valid Sum,Q36 MOBILITY - CARRY BAG W/O DIFFICULTY,isocntry M AT 900 (88.8) 113 (11.2) 10 1023 1013 BE 983 (89.4) 116 (10.6) 10 1109 1099 DE-E 892 (90.1) 98 (9.9) 30 1020 990 DE-W 905 (90.6) 94 (9.4) 23 1022 999 DK 910 (92.5) 74 (7.5) 16 1000 984 ES 884 (89.5) 104 (10.5) 13 1001 988 FI 938 (94.1) 59 (5.9) 27 1024 997 FR 891 (87.8) 124 (12.2) 22 1037 1015 GB-GBN 847 (86.1) 137 (13.9) 27 1011 984 GB-NIR 244 (87.1) 36 (12.9) 21 301 280 GR 925 (92.6) 74 (7.4) 3 1002 999 IE 867 (86.2) 139 (13.8) 8 1014 1006 IT 906 (91.4) 85 (8.6) 36 1027 991 LU 541 (90.5) 57 (9.5) 3 601 598 NL 933 (90.7) 96 (9.3) 7 1036 1029 PT 818 (82.3) 176 (17.7) 8 1002 994 SE 880 (91.2) 85 (8.8) 35 1000 965 N Sum 14264 1667 299 16230 N Valid Sum 14264 1667 15931 printed 25.01.2012 page 211 Eurobarometer 58.2 - October-December 2002,isocntry M AT 900 (88.8) 113 (11.2) 10 1023 1013 BE 983 (89.4) 116 (10.6) 10 1109 1099 DE-E 892 (90.1) 98 (9.9) 30 1020 990 DE-W 905 (90.6) 94 (9.4) 23 1022 999 DK 910 (92.5) 74 (7.5) 16 1000 984 ES 884 (89.5) 104 (10.5) 13 1001 988 FI 938 (94.1) 59 (5.9) 27 1024 997 FR 891 (87.8) 124 (12.2) 22 1037 1015 GB-GBN 847 (86.1) 137 (13.9) 27 1011 984 GB-NIR 244 (87.1) 36 (12.9) 21 301 280 GR 925 (92.6) 74 (7.4) 3 1002 999 IE 867 (86.2) 139 (13.8) 8 1014 1006 IT 906 (91.4) 85 (8.6) 36 1027 991 LU 541 (90.5) 57 (9.5) 3 601 598 NL 933 (90.7) 96 (9.3) 7 1036 1029 PT 818 (82.3) 176 (17.7) 8 1002 994 SE 880 (91.2) 85 (8.8) 35 1000 965 N Sum 14264 1667 299 16230 N Valid Sum 14264 1667 15931 printed 25.01.2012 page 211 Eurobarometer 58.2 - October-December 2002,GESIS Variable Report,237,ZA3886
v202,v202 1 2 3 4 5 6 7 N Sum N Valid Sum,Q37 MENTAL HEALTH - FELT FULL OF LIFE,isocntry M AT 139 (13.7) 349 (34.4) 341 (33.6) 139 (13.7) 37 (3.6) 9 (0.9) 10 1024 1014 BE 193 (17.6) 286 (26.1) 392 (35.8) 132 (12.1) 50 (4.6) 42 (3.8) 14 1109 1095 DE-E 235 (23.2) 223 (22.0) 358 (35.4) 152 (15.0) 29 (2.9) 15 (1.5) 9 1021 1012 DE-W 274 (27.0) 225 (22.1) 329 (32.4) 140 (13.8) 30 (3.0) 18 (1.8) 7 1023 1016 DK 136 (13.8) 330 (33.4) 367 (37.1) 104 (10.5) 33 (3.3) 19 (1.9) 11 1000 989 ES 240 (24.3) 350 (35.5) 251 (25.4) 98 (9.9) 41 (4.2) 7 (0.7) 13 1000 987 FI 473 (46.6) 246 (24.2) 234 (23.0) 52 (5.1) 6 (0.6) 5 (0.5) 7 1023 1016 FR 132 (12.9) 240 (23.5) 410 (40.1) 192 (18.8) 39 (3.8) 10 (1.0) 14 1037 1023 GB-GBN 154 (15.3) 268 (26.6) 326 (32.3) 180 (17.9) 64 (6.3) 16 (1.6) 3 1011 1008 GB-NIR 45 (15.0) 74 (24.6) 107 (35.5) 54 (17.9) 13 (4.3) 8 (2.7) 1 302 301 GR 279 (27.8) 282 (28.1) 261 (26.0) 121 (12.1) 44 (4.4) 16 (1.6) 1003 1003 IE 184 (18.3) 346 (34.3) 301 (29.9) 134 (13.3) 25 (2.5) 18 (1.8) 6 1014 1008 IT 125 (12.4) 160 (15.9) 422 (41.9) 223 (22.1) 46 (4.6) 32 (3.2) 19 1027 1008 LU 119 (20.0) 172 (29.0) 178 (30.0) 96 (16.2) 21 (3.5) 8 (1.3) 7 601 594 NL 153 (14.9) 359 (35.0) 368 (35.9) 98 (9.6) 29 (2.8) 18 (1.8) 11 1036 1025 PT 255 (25.5) 203 (20.3) 296 (29.6) 181 (18.1) 51 (5.1) 14 (1.4) 2 1002 1000 SE 222 (22.3) 220 (22.1) 355 (35.7) 158 (15.9) 33 (3.3) 7 (0.7) 6 1001 995 N Sum 3358 4333 5296 2254 591 262 140 16234 N Valid Sum 3358 4333 5296 2254 591 262 16094 printed 25.01.2012 page 212 Eurobarometer 58.2 - October-December 2002,isocntry M AT 139 (13.7) 349 (34.4) 341 (33.6) 139 (13.7) 37 (3.6) 9 (0.9) 10 1024 1014 BE 193 (17.6) 286 (26.1) 392 (35.8) 132 (12.1) 50 (4.6) 42 (3.8) 14 1109 1095 DE-E 235 (23.2) 223 (22.0) 358 (35.4) 152 (15.0) 29 (2.9) 15 (1.5) 9 1021 1012 DE-W 274 (27.0) 225 (22.1) 329 (32.4) 140 (13.8) 30 (3.0) 18 (1.8) 7 1023 1016 DK 136 (13.8) 330 (33.4) 367 (37.1) 104 (10.5) 33 (3.3) 19 (1.9) 11 1000 989 ES 240 (24.3) 350 (35.5) 251 (25.4) 98 (9.9) 41 (4.2) 7 (0.7) 13 1000 987 FI 473 (46.6) 246 (24.2) 234 (23.0) 52 (5.1) 6 (0.6) 5 (0.5) 7 1023 1016 FR 132 (12.9) 240 (23.5) 410 (40.1) 192 (18.8) 39 (3.8) 10 (1.0) 14 1037 1023 GB-GBN 154 (15.3) 268 (26.6) 326 (32.3) 180 (17.9) 64 (6.3) 16 (1.6) 3 1011 1008 GB-NIR 45 (15.0) 74 (24.6) 107 (35.5) 54 (17.9) 13 (4.3) 8 (2.7) 1 302 301 GR 279 (27.8) 282 (28.1) 261 (26.0) 121 (12.1) 44 (4.4) 16 (1.6) 1003 1003 IE 184 (18.3) 346 (34.3) 301 (29.9) 134 (13.3) 25 (2.5) 18 (1.8) 6 1014 1008 IT 125 (12.4) 160 (15.9) 422 (41.9) 223 (22.1) 46 (4.6) 32 (3.2) 19 1027 1008 LU 119 (20.0) 172 (29.0) 178 (30.0) 96 (16.2) 21 (3.5) 8 (1.3) 7 601 594 NL 153 (14.9) 359 (35.0) 368 (35.9) 98 (9.6) 29 (2.8) 18 (1.8) 11 1036 1025 PT 255 (25.5) 203 (20.3) 296 (29.6) 181 (18.1) 51 (5.1) 14 (1.4) 2 1002 1000 SE 222 (22.3) 220 (22.1) 355 (35.7) 158 (15.9) 33 (3.3) 7 (0.7) 6 1001 995 N Sum 3358 4333 5296 2254 591 262 140 16234 N Valid Sum 3358 4333 5296 2254 591 262 16094 printed 25.01.2012 page 212 Eurobarometer 58.2 - October-December 2002,GESIS Variable Report,238,ZA3886
v203,v203 1 2 3 4 5 6 7 N Sum N Valid Sum,Q38 MENTAL HEALTH - FELT PARTIC TENSE,isocntry M AT 7 (0.7) 66 (6.5) 235 (23.3) 396 (39.2) 197 (19.5) 108 (10.7) 13 1022 1009 BE 23 (2.1) 61 (5.6) 233 (21.3) 369 (33.7) 228 (20.8) 182 (16.6) 13 1109 1096 DE-E 18 (1.8) 90 (8.9) 210 (20.7) 366 (36.1) 191 (18.9) 138 (13.6) 6 1019 1013 DE-W 12 (1.2) 76 (7.5) 214 (21.1) 377 (37.1) 158 (15.6) 179 (17.6) 7 1023 1016 DK 17 (1.7) 66 (6.7) 190 (19.3) 347 (35.2) 190 (19.3) 176 (17.8) 12 998 986 ES 12 (1.2) 70 (7.0) 190 (19.1) 382 (38.5) 146 (14.7) 193 (19.4) 7 1000 993 FI 3 (0.3) 32 (3.1) 102 (10.0) 336 (32.9) 288 (28.2) 260 (25.5) 4 1025 1021 FR 48 (4.6) 86 (8.3) 270 (26.1) 367 (35.4) 142 (13.7) 123 (11.9) 2 1038 1036 GB-GBN 23 (2.3) 125 (12.4) 272 (27.0) 292 (29.0) 148 (14.7) 147 (14.6) 4 1011 1007 GB-NIR 7 (2.3) 26 (8.7) 62 (20.7) 114 (38.1) 46 (15.4) 44 (14.7) 3 302 299 GR 76 (7.6) 195 (19.4) 278 (27.7) 201 (20.0) 133 (13.3) 120 (12.0) 1 1004 1003 IE 7 (0.7) 63 (6.3) 191 (19.1) 358 (35.8) 194 (19.4) 188 (18.8) 12 1013 1001 IT 40 (4.0) 109 (10.8) 290 (28.7) 342 (33.8) 140 (13.8) 90 (8.9) 15 1026 1011 LU 15 (2.5) 64 (10.7) 138 (23.1) 159 (26.6) 119 (19.9) 102 (17.1) 5 602 597 NL 17 (1.6) 76 (7.4) 190 (18.4) 350 (33.9) 254 (24.6) 146 (14.1) 1 1034 1033 PT 20 (2.0) 89 (9.0) 268 (27.0) 295 (29.7) 161 (16.2) 159 (16.0) 10 1002 992 SE 17 (1.7) 54 (5.4) 185 (18.6) 283 (28.5) 241 (24.2) 214 (21.5) 6 1000 994 N Sum 362 1348 3518 5334 2976 2569 121 16228 N Valid Sum 362 1348 3518 5334 2976 2569 16107 printed 25.01.2012 page 213 Eurobarometer 58.2 - October-December 2002,isocntry M AT 7 (0.7) 66 (6.5) 235 (23.3) 396 (39.2) 197 (19.5) 108 (10.7) 13 1022 1009 BE 23 (2.1) 61 (5.6) 233 (21.3) 369 (33.7) 228 (20.8) 182 (16.6) 13 1109 1096 DE-E 18 (1.8) 90 (8.9) 210 (20.7) 366 (36.1) 191 (18.9) 138 (13.6) 6 1019 1013 DE-W 12 (1.2) 76 (7.5) 214 (21.1) 377 (37.1) 158 (15.6) 179 (17.6) 7 1023 1016 DK 17 (1.7) 66 (6.7) 190 (19.3) 347 (35.2) 190 (19.3) 176 (17.8) 12 998 986 ES 12 (1.2) 70 (7.0) 190 (19.1) 382 (38.5) 146 (14.7) 193 (19.4) 7 1000 993 FI 3 (0.3) 32 (3.1) 102 (10.0) 336 (32.9) 288 (28.2) 260 (25.5) 4 1025 1021 FR 48 (4.6) 86 (8.3) 270 (26.1) 367 (35.4) 142 (13.7) 123 (11.9) 2 1038 1036 GB-GBN 23 (2.3) 125 (12.4) 272 (27.0) 292 (29.0) 148 (14.7) 147 (14.6) 4 1011 1007 GB-NIR 7 (2.3) 26 (8.7) 62 (20.7) 114 (38.1) 46 (15.4) 44 (14.7) 3 302 299 GR 76 (7.6) 195 (19.4) 278 (27.7) 201 (20.0) 133 (13.3) 120 (12.0) 1 1004 1003 IE 7 (0.7) 63 (6.3) 191 (19.1) 358 (35.8) 194 (19.4) 188 (18.8) 12 1013 1001 IT 40 (4.0) 109 (10.8) 290 (28.7) 342 (33.8) 140 (13.8) 90 (8.9) 15 1026 1011 LU 15 (2.5) 64 (10.7) 138 (23.1) 159 (26.6) 119 (19.9) 102 (17.1) 5 602 597 NL 17 (1.6) 76 (7.4) 190 (18.4) 350 (33.9) 254 (24.6) 146 (14.1) 1 1034 1033 PT 20 (2.0) 89 (9.0) 268 (27.0) 295 (29.7) 161 (16.2) 159 (16.0) 10 1002 992 SE 17 (1.7) 54 (5.4) 185 (18.6) 283 (28.5) 241 (24.2) 214 (21.5) 6 1000 994 N Sum 362 1348 3518 5334 2976 2569 121 16228 N Valid Sum 362 1348 3518 5334 2976 2569 16107 printed 25.01.2012 page 213 Eurobarometer 58.2 - October-December 2002,GESIS Variable Report,239,ZA3886
v204,v204 1 2 3 4 5 6 7 N Sum N Valid Sum,Q39 MENTAL HEALTH - FELT DOWN IN DUMPS,isocntry M AT 5 (0.5) 39 (3.9) 100 (9.9) 209 (20.8) 207 (20.6) 447 (44.4) 17 1024 1007 BE 5 (0.5) 36 (3.3) 112 (10.2) 219 (20.0) 197 (18.0) 528 (48.1) 13 1110 1097 DE-E 6 (0.6) 52 (5.2) 129 (12.8) 284 (28.3) 219 (21.8) 314 (31.3) 17 1021 1004 DE-W 1 (0.1) 40 (4.0) 105 (10.4) 264 (26.1) 204 (20.2) 396 (39.2) 11 1021 1010 DK 4 (0.4) 36 (3.6) 73 (7.3) 204 (20.5) 179 (18.0) 499 (50.2) 5 1000 995 ES 6 (0.6) 27 (2.7) 100 (10.1) 221 (22.3) 131 (13.2) 506 (51.1) 9 1000 991 FI 5 (0.5) 12 (1.2) 41 (4.0) 134 (13.2) 234 (23.0) 593 (58.2) 5 1024 1019 FR 18 (1.8) 48 (4.7) 110 (10.7) 229 (22.3) 188 (18.3) 435 (42.3) 9 1037 1028 GB-GBN 10 (1.0) 73 (7.3) 141 (14.0) 254 (25.2) 188 (18.7) 340 (33.8) 3 1009 1006 GB-NIR 5 (1.7) 12 (4.0) 36 (11.9) 93 (30.7) 49 (16.2) 108 (35.6) 303 303 GR 18 (1.8) 45 (4.5) 66 (6.6) 136 (13.6) 148 (14.8) 587 (58.7) 2 1002 1000 IE 6 (0.6) 36 (3.6) 111 (11.1) 260 (26.0) 244 (24.4) 344 (34.4) 11 1012 1001 IT 6 (0.6) 44 (4.3) 107 (10.5) 248 (24.3) 182 (17.8) 433 (42.5) 6 1026 1020 LU 2 (0.3) 11 (1.8) 59 (9.8) 80 (13.4) 103 (17.2) 344 (57.4) 2 601 599 NL 5 (0.5) 31 (3.0) 69 (6.7) 185 (18.0) 259 (25.2) 480 (46.6) 6 1035 1029 PT 15 (1.5) 52 (5.2) 149 (14.9) 288 (28.9) 180 (18.1) 313 (31.4) 6 1003 997 SE 3 (0.3) 18 (1.8) 48 (4.8) 132 (13.2) 229 (23.0) 567 (56.9) 3 1000 997 N Sum 120 612 1556 3440 3141 7234 125 16228 N Valid Sum 120 612 1556 3440 3141 7234 16103 printed 25.01.2012 page 214 Eurobarometer 58.2 - October-December 2002,isocntry M AT 5 (0.5) 39 (3.9) 100 (9.9) 209 (20.8) 207 (20.6) 447 (44.4) 17 1024 1007 BE 5 (0.5) 36 (3.3) 112 (10.2) 219 (20.0) 197 (18.0) 528 (48.1) 13 1110 1097 DE-E 6 (0.6) 52 (5.2) 129 (12.8) 284 (28.3) 219 (21.8) 314 (31.3) 17 1021 1004 DE-W 1 (0.1) 40 (4.0) 105 (10.4) 264 (26.1) 204 (20.2) 396 (39.2) 11 1021 1010 DK 4 (0.4) 36 (3.6) 73 (7.3) 204 (20.5) 179 (18.0) 499 (50.2) 5 1000 995 ES 6 (0.6) 27 (2.7) 100 (10.1) 221 (22.3) 131 (13.2) 506 (51.1) 9 1000 991 FI 5 (0.5) 12 (1.2) 41 (4.0) 134 (13.2) 234 (23.0) 593 (58.2) 5 1024 1019 FR 18 (1.8) 48 (4.7) 110 (10.7) 229 (22.3) 188 (18.3) 435 (42.3) 9 1037 1028 GB-GBN 10 (1.0) 73 (7.3) 141 (14.0) 254 (25.2) 188 (18.7) 340 (33.8) 3 1009 1006 GB-NIR 5 (1.7) 12 (4.0) 36 (11.9) 93 (30.7) 49 (16.2) 108 (35.6) 303 303 GR 18 (1.8) 45 (4.5) 66 (6.6) 136 (13.6) 148 (14.8) 587 (58.7) 2 1002 1000 IE 6 (0.6) 36 (3.6) 111 (11.1) 260 (26.0) 244 (24.4) 344 (34.4) 11 1012 1001 IT 6 (0.6) 44 (4.3) 107 (10.5) 248 (24.3) 182 (17.8) 433 (42.5) 6 1026 1020 LU 2 (0.3) 11 (1.8) 59 (9.8) 80 (13.4) 103 (17.2) 344 (57.4) 2 601 599 NL 5 (0.5) 31 (3.0) 69 (6.7) 185 (18.0) 259 (25.2) 480 (46.6) 6 1035 1029 PT 15 (1.5) 52 (5.2) 149 (14.9) 288 (28.9) 180 (18.1) 313 (31.4) 6 1003 997 SE 3 (0.3) 18 (1.8) 48 (4.8) 132 (13.2) 229 (23.0) 567 (56.9) 3 1000 997 N Sum 120 612 1556 3440 3141 7234 125 16228 N Valid Sum 120 612 1556 3440 3141 7234 16103 printed 25.01.2012 page 214 Eurobarometer 58.2 - October-December 2002,GESIS Variable Report,240,ZA3886
v205,v205 1 2 3 4 5 6 7 N Sum N Valid Sum,Q40 MENTAL HEALTH - FELT CALM,isocntry M AT 98 (9.7) 274 (27.1) 411 (40.7) 161 (15.9) 47 (4.7) 19 (1.9) 14 1024 1010 BE 109 (10.0) 277 (25.4) 445 (40.8) 166 (15.2) 55 (5.0) 39 (3.6) 19 1110 1091 DE-E 110 (10.9) 238 (23.5) 421 (41.6) 189 (18.7) 43 (4.2) 11 (1.1) 9 1021 1012 DE-W 152 (15.0) 257 (25.3) 385 (38.0) 152 (15.0) 41 (4.0) 27 (2.7) 9 1023 1014 DK 143 (14.6) 280 (28.6) 383 (39.1) 124 (12.7) 40 (4.1) 10 (1.0) 19 999 980 ES 124 (12.6) 336 (34.0) 348 (35.2) 108 (10.9) 48 (4.9) 24 (2.4) 13 1001 988 FI 221 (21.7) 322 (31.6) 351 (34.5) 100 (9.8) 17 (1.7) 7 (0.7) 7 1025 1018 FR 92 (8.9) 223 (21.7) 425 (41.3) 215 (20.9) 54 (5.2) 21 (2.0) 7 1037 1030 GB-GBN 69 (6.9) 232 (23.0) 419 (41.6) 182 (18.1) 77 (7.6) 28 (2.8) 3 1010 1007 GB-NIR 42 (13.9) 66 (21.9) 118 (39.1) 56 (18.5) 12 (4.0) 8 (2.6) 302 302 GR 117 (11.7) 250 (24.9) 361 (36.0) 178 (17.7) 62 (6.2) 35 (3.5) 1003 1003 IE 110 (11.0) 354 (35.4) 393 (39.3) 106 (10.6) 29 (2.9) 8 (0.8) 14 1014 1000 IT 42 (4.1) 124 (12.2) 456 (44.7) 273 (26.8) 84 (8.2) 41 (4.0) 9 1029 1020 LU 66 (11.1) 156 (26.4) 198 (33.4) 108 (18.2) 39 (6.6) 25 (4.2) 11 603 592 NL 119 (11.5) 379 (36.7) 374 (36.2) 102 (9.9) 33 (3.2) 26 (2.5) 2 1035 1033 PT 163 (16.3) 225 (22.6) 339 (34.0) 195 (19.6) 51 (5.1) 24 (2.4) 6 1003 997 SE 212 (21.2) 268 (26.9) 350 (35.1) 129 (12.9) 33 (3.3) 6 (0.6) 2 1000 998 N Sum 1989 4261 6177 2544 765 359 144 16239 N Valid Sum 1989 4261 6177 2544 765 359 16095 printed 25.01.2012 page 215 Eurobarometer 58.2 - October-December 2002,isocntry M AT 98 (9.7) 274 (27.1) 411 (40.7) 161 (15.9) 47 (4.7) 19 (1.9) 14 1024 1010 BE 109 (10.0) 277 (25.4) 445 (40.8) 166 (15.2) 55 (5.0) 39 (3.6) 19 1110 1091 DE-E 110 (10.9) 238 (23.5) 421 (41.6) 189 (18.7) 43 (4.2) 11 (1.1) 9 1021 1012 DE-W 152 (15.0) 257 (25.3) 385 (38.0) 152 (15.0) 41 (4.0) 27 (2.7) 9 1023 1014 DK 143 (14.6) 280 (28.6) 383 (39.1) 124 (12.7) 40 (4.1) 10 (1.0) 19 999 980 ES 124 (12.6) 336 (34.0) 348 (35.2) 108 (10.9) 48 (4.9) 24 (2.4) 13 1001 988 FI 221 (21.7) 322 (31.6) 351 (34.5) 100 (9.8) 17 (1.7) 7 (0.7) 7 1025 1018 FR 92 (8.9) 223 (21.7) 425 (41.3) 215 (20.9) 54 (5.2) 21 (2.0) 7 1037 1030 GB-GBN 69 (6.9) 232 (23.0) 419 (41.6) 182 (18.1) 77 (7.6) 28 (2.8) 3 1010 1007 GB-NIR 42 (13.9) 66 (21.9) 118 (39.1) 56 (18.5) 12 (4.0) 8 (2.6) 302 302 GR 117 (11.7) 250 (24.9) 361 (36.0) 178 (17.7) 62 (6.2) 35 (3.5) 1003 1003 IE 110 (11.0) 354 (35.4) 393 (39.3) 106 (10.6) 29 (2.9) 8 (0.8) 14 1014 1000 IT 42 (4.1) 124 (12.2) 456 (44.7) 273 (26.8) 84 (8.2) 41 (4.0) 9 1029 1020 LU 66 (11.1) 156 (26.4) 198 (33.4) 108 (18.2) 39 (6.6) 25 (4.2) 11 603 592 NL 119 (11.5) 379 (36.7) 374 (36.2) 102 (9.9) 33 (3.2) 26 (2.5) 2 1035 1033 PT 163 (16.3) 225 (22.6) 339 (34.0) 195 (19.6) 51 (5.1) 24 (2.4) 6 1003 997 SE 212 (21.2) 268 (26.9) 350 (35.1) 129 (12.9) 33 (3.3) 6 (0.6) 2 1000 998 N Sum 1989 4261 6177 2544 765 359 144 16239 N Valid Sum 1989 4261 6177 2544 765 359 16095 printed 25.01.2012 page 215 Eurobarometer 58.2 - October-December 2002,GESIS Variable Report,241,ZA3886
v206,v206 1 2 3 4 5 6 7 N Sum N Valid Sum,Q41 MENTAL HEALTH - HAD LOTS OF ENERGY,isocntry M AT 91 (9.1) 285 (28.4) 385 (38.4) 163 (16.3) 51 (5.1) 28 (2.8) 20 1023 1003 BE 122 (11.1) 311 (28.3) 418 (38.1) 187 (17.0) 39 (3.6) 21 (1.9) 12 1110 1098 DE-E 74 (7.4) 172 (17.1) 386 (38.5) 278 (27.7) 58 (5.8) 35 (3.5) 16 1019 1003 DE-W 63 (6.3) 216 (21.4) 366 (36.3) 245 (24.3) 58 (5.8) 60 (6.0) 16 1024 1008 DK 120 (12.1) 246 (24.8) 371 (37.4) 180 (18.1) 51 (5.1) 24 (2.4) 8 1000 992 ES 136 (13.7) 327 (33.0) 321 (32.4) 126 (12.7) 55 (5.5) 26 (2.6) 9 1000 991 FI 151 (14.8) 269 (26.4) 371 (36.4) 182 (17.9) 33 (3.2) 12 (1.2) 7 1025 1018 FR 103 (10.0) 222 (21.6) 434 (42.2) 199 (19.3) 51 (5.0) 20 (1.9) 7 1036 1029 GB-GBN 73 (7.2) 206 (20.5) 387 (38.4) 210 (20.9) 83 (8.2) 48 (4.8) 3 1010 1007 GB-NIR 34 (11.3) 48 (15.9) 121 (40.1) 67 (22.2) 19 (6.3) 13 (4.3) 302 302 GR 182 (18.2) 308 (30.7) 309 (30.8) 138 (13.8) 37 (3.7) 28 (2.8) 1002 1002 IE 127 (12.7) 318 (31.7) 351 (35.0) 158 (15.8) 33 (3.3) 15 (1.5) 11 1013 1002 IT 96 (9.4) 139 (13.7) 456 (44.9) 242 (23.8) 57 (5.6) 26 (2.6) 11 1027 1016 LU 96 (16.0) 140 (23.3) 210 (35.0) 103 (17.2) 36 (6.0) 15 (2.5) 1 601 600 NL 103 (10.0) 409 (39.6) 343 (33.2) 125 (12.1) 38 (3.7) 15 (1.5) 2 1035 1033 PT 179 (17.9) 218 (21.8) 335 (33.4) 190 (19.0) 52 (5.2) 28 (2.8) 1 1003 1002 SE 148 (14.8) 213 (21.4) 360 (36.1) 203 (20.4) 64 (6.4) 9 (0.9) 3 1000 997 N Sum 1898 4047 5924 2996 815 423 127 16230 N Valid Sum 1898 4047 5924 2996 815 423 16103 printed 25.01.2012 page 216 Eurobarometer 58.2 - October-December 2002,isocntry M AT 91 (9.1) 285 (28.4) 385 (38.4) 163 (16.3) 51 (5.1) 28 (2.8) 20 1023 1003 BE 122 (11.1) 311 (28.3) 418 (38.1) 187 (17.0) 39 (3.6) 21 (1.9) 12 1110 1098 DE-E 74 (7.4) 172 (17.1) 386 (38.5) 278 (27.7) 58 (5.8) 35 (3.5) 16 1019 1003 DE-W 63 (6.3) 216 (21.4) 366 (36.3) 245 (24.3) 58 (5.8) 60 (6.0) 16 1024 1008 DK 120 (12.1) 246 (24.8) 371 (37.4) 180 (18.1) 51 (5.1) 24 (2.4) 8 1000 992 ES 136 (13.7) 327 (33.0) 321 (32.4) 126 (12.7) 55 (5.5) 26 (2.6) 9 1000 991 FI 151 (14.8) 269 (26.4) 371 (36.4) 182 (17.9) 33 (3.2) 12 (1.2) 7 1025 1018 FR 103 (10.0) 222 (21.6) 434 (42.2) 199 (19.3) 51 (5.0) 20 (1.9) 7 1036 1029 GB-GBN 73 (7.2) 206 (20.5) 387 (38.4) 210 (20.9) 83 (8.2) 48 (4.8) 3 1010 1007 GB-NIR 34 (11.3) 48 (15.9) 121 (40.1) 67 (22.2) 19 (6.3) 13 (4.3) 302 302 GR 182 (18.2) 308 (30.7) 309 (30.8) 138 (13.8) 37 (3.7) 28 (2.8) 1002 1002 IE 127 (12.7) 318 (31.7) 351 (35.0) 158 (15.8) 33 (3.3) 15 (1.5) 11 1013 1002 IT 96 (9.4) 139 (13.7) 456 (44.9) 242 (23.8) 57 (5.6) 26 (2.6) 11 1027 1016 LU 96 (16.0) 140 (23.3) 210 (35.0) 103 (17.2) 36 (6.0) 15 (2.5) 1 601 600 NL 103 (10.0) 409 (39.6) 343 (33.2) 125 (12.1) 38 (3.7) 15 (1.5) 2 1035 1033 PT 179 (17.9) 218 (21.8) 335 (33.4) 190 (19.0) 52 (5.2) 28 (2.8) 1 1003 1002 SE 148 (14.8) 213 (21.4) 360 (36.1) 203 (20.4) 64 (6.4) 9 (0.9) 3 1000 997 N Sum 1898 4047 5924 2996 815 423 127 16230 N Valid Sum 1898 4047 5924 2996 815 423 16103 printed 25.01.2012 page 216 Eurobarometer 58.2 - October-December 2002,GESIS Variable Report,242,ZA3886
v207,v207 1 2 3 4 5 6 7 N Sum N Valid Sum,Q42 MENTAL HEALTH - FELT DOWNHEARTED,isocntry M AT 6 (0.6) 51 (5.1) 129 (12.8) 288 (28.7) 293 (29.2) 237 (23.6) 18 1022 1004 BE 13 (1.2) 36 (3.3) 113 (10.3) 290 (26.4) 285 (26.0) 360 (32.8) 13 1110 1097 DE-E 6 (0.6) 41 (4.1) 111 (11.1) 241 (24.0) 214 (21.3) 390 (38.9) 17 1020 1003 DE-W 6 (0.6) 34 (3.4) 90 (8.9) 238 (23.6) 216 (21.4) 423 (42.0) 15 1022 1007 DK 4 (0.4) 35 (3.5) 106 (10.7) 219 (22.2) 247 (25.0) 377 (38.2) 12 1000 988 ES 7 (0.7) 33 (3.3) 129 (13.0) 292 (29.5) 185 (18.7) 345 (34.8) 9 1000 991 FI 5 (0.5) 14 (1.4) 82 (8.0) 256 (25.1) 319 (31.3) 343 (33.7) 6 1025 1019 FR 14 (1.4) 51 (5.0) 155 (15.1) 268 (26.1) 233 (22.7) 304 (29.7) 12 1037 1025 GB-GBN 16 (1.6) 80 (7.9) 188 (18.7) 298 (29.6) 200 (19.8) 226 (22.4) 2 1010 1008 GB-NIR 7 (2.3) 6 (2.0) 40 (13.3) 112 (37.3) 63 (21.0) 72 (24.0) 1 301 300 GR 17 (1.7) 68 (6.8) 155 (15.5) 245 (24.4) 230 (22.9) 288 (28.7) 1003 1003 IE 2 (0.2) 47 (4.7) 104 (10.4) 295 (29.4) 263 (26.2) 293 (29.2) 9 1013 1004 IT 13 (1.3) 57 (5.6) 179 (17.6) 361 (35.4) 201 (19.7) 208 (20.4) 8 1027 1019 LU 5 (0.8) 28 (4.7) 72 (12.0) 126 (21.0) 112 (18.7) 257 (42.8) 2 602 600 NL 3 (0.3) 27 (2.6) 97 (9.4) 224 (21.7) 347 (33.6) 335 (32.4) 2 1035 1033 PT 25 (2.5) 90 (9.1) 173 (17.4) 293 (29.5) 204 (20.5) 208 (20.9) 8 1001 993 SE 2 (0.2) 23 (2.3) 79 (7.9) 238 (23.9) 288 (28.9) 365 (36.7) 5 1000 995 N Sum 151 721 2002 4284 3900 5031 139 16228 N Valid Sum 151 721 2002 4284 3900 5031 16089 printed 25.01.2012 page 217 Eurobarometer 58.2 - October-December 2002,isocntry M AT 6 (0.6) 51 (5.1) 129 (12.8) 288 (28.7) 293 (29.2) 237 (23.6) 18 1022 1004 BE 13 (1.2) 36 (3.3) 113 (10.3) 290 (26.4) 285 (26.0) 360 (32.8) 13 1110 1097 DE-E 6 (0.6) 41 (4.1) 111 (11.1) 241 (24.0) 214 (21.3) 390 (38.9) 17 1020 1003 DE-W 6 (0.6) 34 (3.4) 90 (8.9) 238 (23.6) 216 (21.4) 423 (42.0) 15 1022 1007 DK 4 (0.4) 35 (3.5) 106 (10.7) 219 (22.2) 247 (25.0) 377 (38.2) 12 1000 988 ES 7 (0.7) 33 (3.3) 129 (13.0) 292 (29.5) 185 (18.7) 345 (34.8) 9 1000 991 FI 5 (0.5) 14 (1.4) 82 (8.0) 256 (25.1) 319 (31.3) 343 (33.7) 6 1025 1019 FR 14 (1.4) 51 (5.0) 155 (15.1) 268 (26.1) 233 (22.7) 304 (29.7) 12 1037 1025 GB-GBN 16 (1.6) 80 (7.9) 188 (18.7) 298 (29.6) 200 (19.8) 226 (22.4) 2 1010 1008 GB-NIR 7 (2.3) 6 (2.0) 40 (13.3) 112 (37.3) 63 (21.0) 72 (24.0) 1 301 300 GR 17 (1.7) 68 (6.8) 155 (15.5) 245 (24.4) 230 (22.9) 288 (28.7) 1003 1003 IE 2 (0.2) 47 (4.7) 104 (10.4) 295 (29.4) 263 (26.2) 293 (29.2) 9 1013 1004 IT 13 (1.3) 57 (5.6) 179 (17.6) 361 (35.4) 201 (19.7) 208 (20.4) 8 1027 1019 LU 5 (0.8) 28 (4.7) 72 (12.0) 126 (21.0) 112 (18.7) 257 (42.8) 2 602 600 NL 3 (0.3) 27 (2.6) 97 (9.4) 224 (21.7) 347 (33.6) 335 (32.4) 2 1035 1033 PT 25 (2.5) 90 (9.1) 173 (17.4) 293 (29.5) 204 (20.5) 208 (20.9) 8 1001 993 SE 2 (0.2) 23 (2.3) 79 (7.9) 238 (23.9) 288 (28.9) 365 (36.7) 5 1000 995 N Sum 151 721 2002 4284 3900 5031 139 16228 N Valid Sum 151 721 2002 4284 3900 5031 16089 printed 25.01.2012 page 217 Eurobarometer 58.2 - October-December 2002,GESIS Variable Report,243,ZA3886
v208,v208 1 2 3 4 5 6 7 N Sum N Valid Sum,Q43 MENTAL HEALTH - FELT WORN OUT,isocntry M AT 4 (0.4) 72 (7.1) 196 (19.4) 312 (30.8) 254 (25.1) 174 (17.2) 11 1023 1012 BE 14 (1.3) 58 (5.2) 182 (16.5) 298 (26.9) 247 (22.3) 307 (27.8) 5 1111 1106 DE-E 10 (1.0) 60 (5.9) 199 (19.7) 324 (32.1) 222 (22.0) 195 (19.3) 10 1020 1010 DE-W 5 (0.5) 51 (5.0) 208 (20.5) 306 (30.1) 238 (23.4) 207 (20.4) 6 1021 1015 DK 12 (1.2) 37 (3.7) 179 (18.1) 264 (26.7) 212 (21.4) 286 (28.9) 10 1000 990 ES 9 (0.9) 65 (6.5) 165 (16.6) 300 (30.2) 179 (18.0) 275 (27.7) 7 1000 993 FI 6 (0.6) 17 (1.7) 74 (7.3) 151 (14.9) 222 (21.9) 544 (53.6) 10 1024 1014 FR 15 (1.5) 74 (7.2) 219 (21.3) 333 (32.4) 178 (17.3) 210 (20.4) 8 1037 1029 GB-GBN 50 (5.0) 165 (16.3) 337 (33.4) 237 (23.5) 123 (12.2) 98 (9.7) 1010 1010 GB-NIR 9 (3.0) 29 (9.6) 83 (27.5) 98 (32.5) 43 (14.2) 40 (13.2) 302 302 GR 19 (1.9) 84 (8.4) 237 (23.6) 270 (26.9) 195 (19.4) 198 (19.7) 1 1004 1003 IE 12 (1.2) 79 (7.9) 234 (23.3) 367 (36.5) 182 (18.1) 132 (13.1) 8 1014 1006 IT 17 (1.7) 57 (5.6) 247 (24.4) 328 (32.4) 155 (15.3) 208 (20.6) 15 1027 1012 LU 6 (1.0) 46 (7.7) 154 (25.6) 150 (25.0) 106 (17.6) 139 (23.1) 1 602 601 NL 12 (1.2) 69 (6.7) 171 (16.6) 260 (25.2) 285 (27.7) 233 (22.6) 6 1036 1030 PT 28 (2.8) 83 (8.4) 282 (28.4) 288 (29.0) 155 (15.6) 156 (15.7) 10 1002 992 SE 25 (2.5) 87 (8.7) 228 (22.8) 303 (30.3) 181 (18.1) 176 (17.6) 1000 1000 N Sum 253 1133 3395 4589 3177 3578 108 16233 N Valid Sum 253 1133 3395 4589 3177 3578 16125 printed 25.01.2012 page 218 Eurobarometer 58.2 - October-December 2002,isocntry M AT 4 (0.4) 72 (7.1) 196 (19.4) 312 (30.8) 254 (25.1) 174 (17.2) 11 1023 1012 BE 14 (1.3) 58 (5.2) 182 (16.5) 298 (26.9) 247 (22.3) 307 (27.8) 5 1111 1106 DE-E 10 (1.0) 60 (5.9) 199 (19.7) 324 (32.1) 222 (22.0) 195 (19.3) 10 1020 1010 DE-W 5 (0.5) 51 (5.0) 208 (20.5) 306 (30.1) 238 (23.4) 207 (20.4) 6 1021 1015 DK 12 (1.2) 37 (3.7) 179 (18.1) 264 (26.7) 212 (21.4) 286 (28.9) 10 1000 990 ES 9 (0.9) 65 (6.5) 165 (16.6) 300 (30.2) 179 (18.0) 275 (27.7) 7 1000 993 FI 6 (0.6) 17 (1.7) 74 (7.3) 151 (14.9) 222 (21.9) 544 (53.6) 10 1024 1014 FR 15 (1.5) 74 (7.2) 219 (21.3) 333 (32.4) 178 (17.3) 210 (20.4) 8 1037 1029 GB-GBN 50 (5.0) 165 (16.3) 337 (33.4) 237 (23.5) 123 (12.2) 98 (9.7) 1010 1010 GB-NIR 9 (3.0) 29 (9.6) 83 (27.5) 98 (32.5) 43 (14.2) 40 (13.2) 302 302 GR 19 (1.9) 84 (8.4) 237 (23.6) 270 (26.9) 195 (19.4) 198 (19.7) 1 1004 1003 IE 12 (1.2) 79 (7.9) 234 (23.3) 367 (36.5) 182 (18.1) 132 (13.1) 8 1014 1006 IT 17 (1.7) 57 (5.6) 247 (24.4) 328 (32.4) 155 (15.3) 208 (20.6) 15 1027 1012 LU 6 (1.0) 46 (7.7) 154 (25.6) 150 (25.0) 106 (17.6) 139 (23.1) 1 602 601 NL 12 (1.2) 69 (6.7) 171 (16.6) 260 (25.2) 285 (27.7) 233 (22.6) 6 1036 1030 PT 28 (2.8) 83 (8.4) 282 (28.4) 288 (29.0) 155 (15.6) 156 (15.7) 10 1002 992 SE 25 (2.5) 87 (8.7) 228 (22.8) 303 (30.3) 181 (18.1) 176 (17.6) 1000 1000 N Sum 253 1133 3395 4589 3177 3578 108 16233 N Valid Sum 253 1133 3395 4589 3177 3578 16125 printed 25.01.2012 page 218 Eurobarometer 58.2 - October-December 2002,GESIS Variable Report,244,ZA3886
v209,v209 1 2 3 4 5 6 7 N Sum N Valid Sum,Q44 MENTAL HEALTH - FELT HAPPY,isocntry M AT 115 (11.4) 336 (33.2) 367 (36.3) 145 (14.3) 33 (3.3) 16 (1.6) 11 1023 1012 BE 149 (13.5) 337 (30.6) 448 (40.7) 135 (12.3) 22 (2.0) 11 (1.0) 7 1109 1102 DE-E 84 (8.4) 237 (23.6) 409 (40.7) 213 (21.2) 47 (4.7) 14 (1.4) 17 1021 1004 DE-W 102 (10.2) 219 (22.0) 412 (41.4) 185 (18.6) 50 (5.0) 28 (2.8) 25 1021 996 DK 132 (13.7) 295 (30.6) 376 (39.0) 114 (11.8) 30 (3.1) 18 (1.9) 34 999 965 ES 126 (12.6) 426 (42.7) 315 (31.6) 83 (8.3) 39 (3.9) 8 (0.8) 3 1000 997 FI 174 (17.0) 353 (34.6) 337 (33.0) 122 (11.9) 26 (2.5) 9 (0.9) 5 1026 1021 FR 108 (10.5) 233 (22.7) 453 (44.2) 168 (16.4) 48 (4.7) 15 (1.5) 12 1037 1025 GB-GBN 98 (9.7) 371 (36.9) 386 (38.4) 116 (11.5) 29 (2.9) 6 (0.6) 4 1010 1006 GB-NIR 37 (12.3) 100 (33.3) 123 (41.0) 30 (10.0) 4 (1.3) 6 (2.0) 1 301 300 GR 141 (14.1) 311 (31.1) 352 (35.2) 133 (13.3) 37 (3.7) 26 (2.6) 4 1004 1000 IE 130 (13.0) 448 (44.7) 328 (32.7) 77 (7.7) 19 (1.9) 1 (0.1) 9 1012 1003 IT 59 (5.8) 177 (17.4) 483 (47.5) 219 (21.5) 51 (5.0) 28 (2.8) 11 1028 1017 LU 81 (13.6) 189 (31.7) 204 (34.2) 85 (14.3) 22 (3.7) 15 (2.5) 6 602 596 NL 202 (19.6) 415 (40.3) 314 (30.5) 70 (6.8) 23 (2.2) 7 (0.7) 3 1034 1031 PT 178 (18.0) 229 (23.1) 368 (37.2) 150 (15.2) 48 (4.8) 17 (1.7) 12 1002 990 SE 188 (18.9) 253 (25.5) 398 (40.0) 119 (12.0) 25 (2.5) 11 (1.1) 6 1000 994 N Sum 2104 4929 6073 2164 553 236 170 16229 N Valid Sum 2104 4929 6073 2164 553 236 16059 printed 25.01.2012 page 219 Eurobarometer 58.2 - October-December 2002,isocntry M AT 115 (11.4) 336 (33.2) 367 (36.3) 145 (14.3) 33 (3.3) 16 (1.6) 11 1023 1012 BE 149 (13.5) 337 (30.6) 448 (40.7) 135 (12.3) 22 (2.0) 11 (1.0) 7 1109 1102 DE-E 84 (8.4) 237 (23.6) 409 (40.7) 213 (21.2) 47 (4.7) 14 (1.4) 17 1021 1004 DE-W 102 (10.2) 219 (22.0) 412 (41.4) 185 (18.6) 50 (5.0) 28 (2.8) 25 1021 996 DK 132 (13.7) 295 (30.6) 376 (39.0) 114 (11.8) 30 (3.1) 18 (1.9) 34 999 965 ES 126 (12.6) 426 (42.7) 315 (31.6) 83 (8.3) 39 (3.9) 8 (0.8) 3 1000 997 FI 174 (17.0) 353 (34.6) 337 (33.0) 122 (11.9) 26 (2.5) 9 (0.9) 5 1026 1021 FR 108 (10.5) 233 (22.7) 453 (44.2) 168 (16.4) 48 (4.7) 15 (1.5) 12 1037 1025 GB-GBN 98 (9.7) 371 (36.9) 386 (38.4) 116 (11.5) 29 (2.9) 6 (0.6) 4 1010 1006 GB-NIR 37 (12.3) 100 (33.3) 123 (41.0) 30 (10.0) 4 (1.3) 6 (2.0) 1 301 300 GR 141 (14.1) 311 (31.1) 352 (35.2) 133 (13.3) 37 (3.7) 26 (2.6) 4 1004 1000 IE 130 (13.0) 448 (44.7) 328 (32.7) 77 (7.7) 19 (1.9) 1 (0.1) 9 1012 1003 IT 59 (5.8) 177 (17.4) 483 (47.5) 219 (21.5) 51 (5.0) 28 (2.8) 11 1028 1017 LU 81 (13.6) 189 (31.7) 204 (34.2) 85 (14.3) 22 (3.7) 15 (2.5) 6 602 596 NL 202 (19.6) 415 (40.3) 314 (30.5) 70 (6.8) 23 (2.2) 7 (0.7) 3 1034 1031 PT 178 (18.0) 229 (23.1) 368 (37.2) 150 (15.2) 48 (4.8) 17 (1.7) 12 1002 990 SE 188 (18.9) 253 (25.5) 398 (40.0) 119 (12.0) 25 (2.5) 11 (1.1) 6 1000 994 N Sum 2104 4929 6073 2164 553 236 170 16229 N Valid Sum 2104 4929 6073 2164 553 236 16059 printed 25.01.2012 page 219 Eurobarometer 58.2 - October-December 2002,GESIS Variable Report,245,ZA3886
v210,v210 1 2 3 4 5 6 7 N Sum N Valid Sum,Q45 MENTAL HEALTH - FELT TIRED,isocntry M AT 12 (1.2) 97 (9.6) 270 (26.6) 362 (35.7) 213 (21.0) 60 (5.9) 10 1024 1014 BE 27 (2.4) 87 (7.9) 279 (25.2) 382 (34.5) 212 (19.2) 120 (10.8) 3 1110 1107 DE-E 14 (1.4) 89 (8.8) 232 (22.9) 333 (32.8) 200 (19.7) 147 (14.5) 4 1019 1015 DE-W 15 (1.5) 89 (8.7) 244 (23.9) 330 (32.4) 168 (16.5) 173 (17.0) 4 1023 1019 DK 27 (2.7) 138 (13.8) 321 (32.2) 325 (32.6) 118 (11.8) 68 (6.8) 4 1001 997 ES 18 (1.8) 114 (11.4) 256 (25.7) 335 (33.6) 171 (17.2) 103 (10.3) 3 1000 997 FI 25 (2.4) 105 (10.3) 282 (27.6) 361 (35.4) 161 (15.8) 87 (8.5) 4 1025 1021 FR 30 (2.9) 100 (9.7) 301 (29.1) 385 (37.3) 137 (13.3) 80 (7.7) 4 1037 1033 GB-GBN 62 (6.2) 210 (20.9) 394 (39.2) 220 (21.9) 70 (7.0) 50 (5.0) 3 1009 1006 GB-NIR 10 (3.3) 59 (19.5) 107 (35.4) 79 (26.2) 28 (9.3) 19 (6.3) 1 303 302 GR 54 (5.4) 175 (17.4) 333 (33.2) 220 (21.9) 146 (14.6) 75 (7.5) 1003 1003 IE 28 (2.8) 130 (12.9) 332 (32.9) 337 (33.4) 132 (13.1) 50 (5.0) 4 1013 1009 IT 32 (3.1) 79 (7.7) 354 (34.7) 337 (33.0) 128 (12.5) 90 (8.8) 7 1027 1020 LU 22 (3.7) 77 (12.8) 201 (33.4) 146 (24.3) 90 (15.0) 65 (10.8) 2 603 601 NL 20 (1.9) 116 (11.2) 271 (26.2) 305 (29.5) 229 (22.1) 93 (9.0) 1 1035 1034 PT 36 (3.6) 132 (13.2) 332 (33.2) 265 (26.5) 152 (15.2) 83 (8.3) 2 1002 1000 SE 38 (3.8) 140 (14.0) 321 (32.1) 284 (28.4) 157 (15.7) 60 (6.0) 1 1001 1000 N Sum 470 1937 4830 5006 2512 1423 57 16235 N Valid Sum 470 1937 4830 5006 2512 1423 16178 printed 25.01.2012 page 220 Eurobarometer 58.2 - October-December 2002,isocntry M AT 12 (1.2) 97 (9.6) 270 (26.6) 362 (35.7) 213 (21.0) 60 (5.9) 10 1024 1014 BE 27 (2.4) 87 (7.9) 279 (25.2) 382 (34.5) 212 (19.2) 120 (10.8) 3 1110 1107 DE-E 14 (1.4) 89 (8.8) 232 (22.9) 333 (32.8) 200 (19.7) 147 (14.5) 4 1019 1015 DE-W 15 (1.5) 89 (8.7) 244 (23.9) 330 (32.4) 168 (16.5) 173 (17.0) 4 1023 1019 DK 27 (2.7) 138 (13.8) 321 (32.2) 325 (32.6) 118 (11.8) 68 (6.8) 4 1001 997 ES 18 (1.8) 114 (11.4) 256 (25.7) 335 (33.6) 171 (17.2) 103 (10.3) 3 1000 997 FI 25 (2.4) 105 (10.3) 282 (27.6) 361 (35.4) 161 (15.8) 87 (8.5) 4 1025 1021 FR 30 (2.9) 100 (9.7) 301 (29.1) 385 (37.3) 137 (13.3) 80 (7.7) 4 1037 1033 GB-GBN 62 (6.2) 210 (20.9) 394 (39.2) 220 (21.9) 70 (7.0) 50 (5.0) 3 1009 1006 GB-NIR 10 (3.3) 59 (19.5) 107 (35.4) 79 (26.2) 28 (9.3) 19 (6.3) 1 303 302 GR 54 (5.4) 175 (17.4) 333 (33.2) 220 (21.9) 146 (14.6) 75 (7.5) 1003 1003 IE 28 (2.8) 130 (12.9) 332 (32.9) 337 (33.4) 132 (13.1) 50 (5.0) 4 1013 1009 IT 32 (3.1) 79 (7.7) 354 (34.7) 337 (33.0) 128 (12.5) 90 (8.8) 7 1027 1020 LU 22 (3.7) 77 (12.8) 201 (33.4) 146 (24.3) 90 (15.0) 65 (10.8) 2 603 601 NL 20 (1.9) 116 (11.2) 271 (26.2) 305 (29.5) 229 (22.1) 93 (9.0) 1 1035 1034 PT 36 (3.6) 132 (13.2) 332 (33.2) 265 (26.5) 152 (15.2) 83 (8.3) 2 1002 1000 SE 38 (3.8) 140 (14.0) 321 (32.1) 284 (28.4) 157 (15.7) 60 (6.0) 1 1001 1000 N Sum 470 1937 4830 5006 2512 1423 57 16235 N Valid Sum 470 1937 4830 5006 2512 1423 16178 printed 25.01.2012 page 220 Eurobarometer 58.2 - October-December 2002,GESIS Variable Report,246,ZA3886
v211,v211 0 1 N Sum N Valid Sum,Q46 MENTAL HEALTH HELP: DID NOT SEEK,isocntry AT 88 (8.6) 935 (91.4) 1023 1023 BE 129 (11.6) 981 (88.4) 1110 1110 DE-E 98 (9.6) 922 (90.4) 1020 1020 DE-W 98 (9.6) 924 (90.4) 1022 1022 DK 84 (8.4) 916 (91.6) 1000 1000 ES 64 (6.4) 936 (93.6) 1000 1000 FI 74 (7.2) 950 (92.8) 1024 1024 FR 137 (13.2) 900 (86.8) 1037 1037 GB-GBN 141 (14.0) 869 (86.0) 1010 1010 GB-NIR 28 (9.3) 274 (90.7) 302 302 GR 60 (6.0) 943 (94.0) 1003 1003 IE 91 (9.0) 922 (91.0) 1013 1013 IT 68 (6.6) 959 (93.4) 1027 1027 LU 53 (8.8) 549 (91.2) 602 602 NL 125 (12.1) 910 (87.9) 1035 1035 PT 112 (11.2) 890 (88.8) 1002 1002 SE 92 (9.2) 908 (90.8) 1000 1000 N Sum 1542 14688 16230 N Valid Sum 1542 14688 16230 printed 25.01.2012 page 221 Eurobarometer 58.2 - October-December 2002,isocntry AT 88 (8.6) 935 (91.4) 1023 1023 BE 129 (11.6) 981 (88.4) 1110 1110 DE-E 98 (9.6) 922 (90.4) 1020 1020 DE-W 98 (9.6) 924 (90.4) 1022 1022 DK 84 (8.4) 916 (91.6) 1000 1000 ES 64 (6.4) 936 (93.6) 1000 1000 FI 74 (7.2) 950 (92.8) 1024 1024 FR 137 (13.2) 900 (86.8) 1037 1037 GB-GBN 141 (14.0) 869 (86.0) 1010 1010 GB-NIR 28 (9.3) 274 (90.7) 302 302 GR 60 (6.0) 943 (94.0) 1003 1003 IE 91 (9.0) 922 (91.0) 1013 1013 IT 68 (6.6) 959 (93.4) 1027 1027 LU 53 (8.8) 549 (91.2) 602 602 NL 125 (12.1) 910 (87.9) 1035 1035 PT 112 (11.2) 890 (88.8) 1002 1002 SE 92 (9.2) 908 (90.8) 1000 1000 N Sum 1542 14688 16230 N Valid Sum 1542 14688 16230 printed 25.01.2012 page 221 Eurobarometer 58.2 - October-December 2002,GESIS Variable Report,247,ZA3886
v212,v212 0 1 9 N Sum N Valid Sum,Q46 MENTAL HEALTH HELP: GEN PRACTITIONER,isocntry M AT 39 (44.3) 49 (55.7) 935 1023 88 BE 57 (43.8) 73 (56.2) 981 1111 130 DE-E 34 (34.7) 64 (65.3) 922 1020 98 DE-W 29 (29.9) 68 (70.1) 924 1021 97 DK 30 (35.7) 54 (64.3) 916 1000 84 ES 30 (46.9) 34 (53.1) 936 1000 64 FI 47 (63.5) 27 (36.5) 950 1024 74 FR 60 (43.8) 77 (56.2) 900 1037 137 GB-GBN 37 (26.2) 104 (73.8) 869 1010 141 GB-NIR 4 (13.8) 25 (86.2) 274 303 29 GR 34 (56.7) 26 (43.3) 943 1003 60 IE 32 (35.2) 59 (64.8) 922 1013 91 IT 47 (69.1) 21 (30.9) 959 1027 68 LU 33 (62.3) 20 (37.7) 549 602 53 NL 76 (60.8) 49 (39.2) 910 1035 125 PT 44 (38.9) 69 (61.1) 890 1003 113 SE 48 (52.2) 44 (47.8) 908 1000 92 N Sum 681 863 14688 16232 N Valid Sum 681 863 1544 printed 25.01.2012 page 222 Eurobarometer 58.2 - October-December 2002,isocntry M AT 39 (44.3) 49 (55.7) 935 1023 88 BE 57 (43.8) 73 (56.2) 981 1111 130 DE-E 34 (34.7) 64 (65.3) 922 1020 98 DE-W 29 (29.9) 68 (70.1) 924 1021 97 DK 30 (35.7) 54 (64.3) 916 1000 84 ES 30 (46.9) 34 (53.1) 936 1000 64 FI 47 (63.5) 27 (36.5) 950 1024 74 FR 60 (43.8) 77 (56.2) 900 1037 137 GB-GBN 37 (26.2) 104 (73.8) 869 1010 141 GB-NIR 4 (13.8) 25 (86.2) 274 303 29 GR 34 (56.7) 26 (43.3) 943 1003 60 IE 32 (35.2) 59 (64.8) 922 1013 91 IT 47 (69.1) 21 (30.9) 959 1027 68 LU 33 (62.3) 20 (37.7) 549 602 53 NL 76 (60.8) 49 (39.2) 910 1035 125 PT 44 (38.9) 69 (61.1) 890 1003 113 SE 48 (52.2) 44 (47.8) 908 1000 92 N Sum 681 863 14688 16232 N Valid Sum 681 863 1544 printed 25.01.2012 page 222 Eurobarometer 58.2 - October-December 2002,GESIS Variable Report,248,ZA3886
v213,v213 0 1 9 N Sum N Valid Sum,Q46 MENTAL HEALTH HELP: CHEMIST,isocntry M AT 76 (86.4) 12 (13.6) 935 1023 88 BE 122 (94.6) 7 (5.4) 981 1110 129 DE-E 92 (93.9) 6 (6.1) 922 1020 98 DE-W 85 (86.7) 13 (13.3) 924 1022 98 DK 84 (98.8) 1 (1.2) 916 1001 85 ES 60 (93.8) 4 (6.3) 936 1000 64 FI 71 (95.9) 3 (4.1) 950 1024 74 FR 116 (84.7) 21 (15.3) 900 1037 137 GB-GBN 136 (96.5) 5 (3.5) 869 1010 141 GB-NIR 28 (100.0) 274 302 28 GR 59 (98.3) 1 (1.7) 943 1003 60 IE 72 (79.1) 19 (20.9) 922 1013 91 IT 58 (85.3) 10 (14.7) 959 1027 68 LU 52 (98.1) 1 (1.9) 549 602 53 NL 122 (97.6) 3 (2.4) 910 1035 125 PT 108 (96.4) 4 (3.6) 890 1002 112 SE 91 (98.9) 1 (1.1) 908 1000 92 N Sum 1432 111 14688 16231 N Valid Sum 1432 111 1543 printed 25.01.2012 page 223 Eurobarometer 58.2 - October-December 2002,isocntry M AT 76 (86.4) 12 (13.6) 935 1023 88 BE 122 (94.6) 7 (5.4) 981 1110 129 DE-E 92 (93.9) 6 (6.1) 922 1020 98 DE-W 85 (86.7) 13 (13.3) 924 1022 98 DK 84 (98.8) 1 (1.2) 916 1001 85 ES 60 (93.8) 4 (6.3) 936 1000 64 FI 71 (95.9) 3 (4.1) 950 1024 74 FR 116 (84.7) 21 (15.3) 900 1037 137 GB-GBN 136 (96.5) 5 (3.5) 869 1010 141 GB-NIR 28 (100.0) 274 302 28 GR 59 (98.3) 1 (1.7) 943 1003 60 IE 72 (79.1) 19 (20.9) 922 1013 91 IT 58 (85.3) 10 (14.7) 959 1027 68 LU 52 (98.1) 1 (1.9) 549 602 53 NL 122 (97.6) 3 (2.4) 910 1035 125 PT 108 (96.4) 4 (3.6) 890 1002 112 SE 91 (98.9) 1 (1.1) 908 1000 92 N Sum 1432 111 14688 16231 N Valid Sum 1432 111 1543 printed 25.01.2012 page 223 Eurobarometer 58.2 - October-December 2002,GESIS Variable Report,249,ZA3886
v214,v214 0 1 9 N Sum N Valid Sum,Q46 MENTAL HEALTH HELP: PSYCHIATRIST,isocntry M AT 83 (94.3) 5 (5.7) 935 1023 88 BE 111 (86.0) 18 (14.0) 981 1110 129 DE-E 91 (92.9) 7 (7.1) 922 1020 98 DE-W 91 (93.8) 6 (6.2) 924 1021 97 DK 70 (83.3) 14 (16.7) 916 1000 84 ES 56 (87.5) 8 (12.5) 936 1000 64 FI 57 (77.0) 17 (23.0) 950 1024 74 FR 115 (83.9) 22 (16.1) 900 1037 137 GB-GBN 131 (92.9) 10 (7.1) 869 1010 141 GB-NIR 22 (75.9) 7 (24.1) 274 303 29 GR 53 (86.9) 8 (13.1) 943 1004 61 IE 84 (92.3) 7 (7.7) 922 1013 91 IT 59 (86.8) 9 (13.2) 959 1027 68 LU 39 (75.0) 13 (25.0) 549 601 52 NL 110 (87.3) 16 (12.7) 910 1036 126 PT 90 (79.6) 23 (20.4) 890 1003 113 SE 73 (80.2) 18 (19.8) 908 999 91 N Sum 1335 208 14688 16231 N Valid Sum 1335 208 1543 printed 25.01.2012 page 224 Eurobarometer 58.2 - October-December 2002,isocntry M AT 83 (94.3) 5 (5.7) 935 1023 88 BE 111 (86.0) 18 (14.0) 981 1110 129 DE-E 91 (92.9) 7 (7.1) 922 1020 98 DE-W 91 (93.8) 6 (6.2) 924 1021 97 DK 70 (83.3) 14 (16.7) 916 1000 84 ES 56 (87.5) 8 (12.5) 936 1000 64 FI 57 (77.0) 17 (23.0) 950 1024 74 FR 115 (83.9) 22 (16.1) 900 1037 137 GB-GBN 131 (92.9) 10 (7.1) 869 1010 141 GB-NIR 22 (75.9) 7 (24.1) 274 303 29 GR 53 (86.9) 8 (13.1) 943 1004 61 IE 84 (92.3) 7 (7.7) 922 1013 91 IT 59 (86.8) 9 (13.2) 959 1027 68 LU 39 (75.0) 13 (25.0) 549 601 52 NL 110 (87.3) 16 (12.7) 910 1036 126 PT 90 (79.6) 23 (20.4) 890 1003 113 SE 73 (80.2) 18 (19.8) 908 999 91 N Sum 1335 208 14688 16231 N Valid Sum 1335 208 1543 printed 25.01.2012 page 224 Eurobarometer 58.2 - October-December 2002,GESIS Variable Report,250,ZA3886
v215,v215 0 1 9 N Sum N Valid Sum,Q46 MENTAL HEALTH HELP: PSYCHOLOGIST,isocntry M AT 74 (84.1) 14 (15.9) 935 1023 88 BE 103 (79.2) 27 (20.8) 981 1111 130 DE-E 86 (86.9) 13 (13.1) 922 1021 99 DE-W 93 (95.9) 4 (4.1) 924 1021 97 DK 61 (71.8) 24 (28.2) 916 1001 85 ES 46 (71.9) 18 (28.1) 936 1000 64 FI 61 (82.4) 13 (17.6) 950 1024 74 FR 109 (79.6) 28 (20.4) 900 1037 137 GB-GBN 136 (96.5) 5 (3.5) 869 1010 141 GB-NIR 24 (82.8) 5 (17.2) 274 303 29 GR 51 (85.0) 9 (15.0) 943 1003 60 IE 90 (98.9) 1 (1.1) 922 1013 91 IT 53 (77.9) 15 (22.1) 959 1027 68 LU 46 (86.8) 7 (13.2) 549 602 53 NL 93 (74.4) 32 (25.6) 910 1035 125 PT 101 (90.2) 11 (9.8) 890 1002 112 SE 74 (80.4) 18 (19.6) 908 1000 92 N Sum 1301 244 14688 16233 N Valid Sum 1301 244 1545 printed 25.01.2012 page 225 Eurobarometer 58.2 - October-December 2002,isocntry M AT 74 (84.1) 14 (15.9) 935 1023 88 BE 103 (79.2) 27 (20.8) 981 1111 130 DE-E 86 (86.9) 13 (13.1) 922 1021 99 DE-W 93 (95.9) 4 (4.1) 924 1021 97 DK 61 (71.8) 24 (28.2) 916 1001 85 ES 46 (71.9) 18 (28.1) 936 1000 64 FI 61 (82.4) 13 (17.6) 950 1024 74 FR 109 (79.6) 28 (20.4) 900 1037 137 GB-GBN 136 (96.5) 5 (3.5) 869 1010 141 GB-NIR 24 (82.8) 5 (17.2) 274 303 29 GR 51 (85.0) 9 (15.0) 943 1003 60 IE 90 (98.9) 1 (1.1) 922 1013 91 IT 53 (77.9) 15 (22.1) 959 1027 68 LU 46 (86.8) 7 (13.2) 549 602 53 NL 93 (74.4) 32 (25.6) 910 1035 125 PT 101 (90.2) 11 (9.8) 890 1002 112 SE 74 (80.4) 18 (19.6) 908 1000 92 N Sum 1301 244 14688 16233 N Valid Sum 1301 244 1545 printed 25.01.2012 page 225 Eurobarometer 58.2 - October-December 2002,GESIS Variable Report,251,ZA3886
v216,v216 0 1 9 N Sum N Valid Sum,Q46 MENTAL HEALTH HELP: NURSE,isocntry M AT 82 (93.2) 6 (6.8) 935 1023 88 BE 123 (95.3) 6 (4.7) 981 1110 129 DE-E 93 (94.9) 5 (5.1) 922 1020 98 DE-W 98 (100.0) 924 1022 98 DK 84 (100.0) 916 1000 84 ES 63 (98.4) 1 (1.6) 936 1000 64 FI 57 (77.0) 17 (23.0) 950 1024 74 FR 133 (97.1) 4 (2.9) 900 1037 137 GB-GBN 137 (97.2) 4 (2.8) 869 1010 141 GB-NIR 27 (96.4) 1 (3.6) 274 302 28 GR 60 (100.0) 943 1003 60 IE 87 (95.6) 4 (4.4) 922 1013 91 IT 68 (100.0) 959 1027 68 LU 53 (100.0) 549 602 53 NL 124 (99.2) 1 (0.8) 910 1035 125 PT 110 (98.2) 2 (1.8) 890 1002 112 SE 79 (85.9) 13 (14.1) 908 1000 92 N Sum 1478 64 14688 16230 N Valid Sum 1478 64 1542 printed 25.01.2012 page 226 Eurobarometer 58.2 - October-December 2002,isocntry M AT 82 (93.2) 6 (6.8) 935 1023 88 BE 123 (95.3) 6 (4.7) 981 1110 129 DE-E 93 (94.9) 5 (5.1) 922 1020 98 DE-W 98 (100.0) 924 1022 98 DK 84 (100.0) 916 1000 84 ES 63 (98.4) 1 (1.6) 936 1000 64 FI 57 (77.0) 17 (23.0) 950 1024 74 FR 133 (97.1) 4 (2.9) 900 1037 137 GB-GBN 137 (97.2) 4 (2.8) 869 1010 141 GB-NIR 27 (96.4) 1 (3.6) 274 302 28 GR 60 (100.0) 943 1003 60 IE 87 (95.6) 4 (4.4) 922 1013 91 IT 68 (100.0) 959 1027 68 LU 53 (100.0) 549 602 53 NL 124 (99.2) 1 (0.8) 910 1035 125 PT 110 (98.2) 2 (1.8) 890 1002 112 SE 79 (85.9) 13 (14.1) 908 1000 92 N Sum 1478 64 14688 16230 N Valid Sum 1478 64 1542 printed 25.01.2012 page 226 Eurobarometer 58.2 - October-December 2002,GESIS Variable Report,252,ZA3886
v217,v217 0 1 9 N Sum N Valid Sum,Q46 MENTAL HEALTH HELP: SOCIAL WORKER,isocntry M AT 80 (90.9) 8 (9.1) 935 1023 88 BE 118 (90.8) 12 (9.2) 981 1111 130 DE-E 96 (98.0) 2 (2.0) 922 1020 98 DE-W 95 (97.9) 2 (2.1) 924 1021 97 DK 76 (90.5) 8 (9.5) 916 1000 84 ES 63 (98.4) 1 (1.6) 936 1000 64 FI 70 (93.3) 5 (6.7) 950 1025 75 FR 132 (96.4) 5 (3.6) 900 1037 137 GB-GBN 136 (96.5) 5 (3.5) 869 1010 141 GB-NIR 28 (96.6) 1 (3.4) 274 303 29 GR 59 (98.3) 1 (1.7) 943 1003 60 IE 87 (95.6) 4 (4.4) 922 1013 91 IT 67 (98.5) 1 (1.5) 959 1027 68 LU 51 (96.2) 2 (3.8) 549 602 53 NL 107 (84.9) 19 (15.1) 910 1036 126 PT 110 (98.2) 2 (1.8) 890 1002 112 SE 87 (94.6) 5 (5.4) 908 1000 92 N Sum 1462 83 14688 16233 N Valid Sum 1462 83 1545 printed 25.01.2012 page 227 Eurobarometer 58.2 - October-December 2002,isocntry M AT 80 (90.9) 8 (9.1) 935 1023 88 BE 118 (90.8) 12 (9.2) 981 1111 130 DE-E 96 (98.0) 2 (2.0) 922 1020 98 DE-W 95 (97.9) 2 (2.1) 924 1021 97 DK 76 (90.5) 8 (9.5) 916 1000 84 ES 63 (98.4) 1 (1.6) 936 1000 64 FI 70 (93.3) 5 (6.7) 950 1025 75 FR 132 (96.4) 5 (3.6) 900 1037 137 GB-GBN 136 (96.5) 5 (3.5) 869 1010 141 GB-NIR 28 (96.6) 1 (3.4) 274 303 29 GR 59 (98.3) 1 (1.7) 943 1003 60 IE 87 (95.6) 4 (4.4) 922 1013 91 IT 67 (98.5) 1 (1.5) 959 1027 68 LU 51 (96.2) 2 (3.8) 549 602 53 NL 107 (84.9) 19 (15.1) 910 1036 126 PT 110 (98.2) 2 (1.8) 890 1002 112 SE 87 (94.6) 5 (5.4) 908 1000 92 N Sum 1462 83 14688 16233 N Valid Sum 1462 83 1545 printed 25.01.2012 page 227 Eurobarometer 58.2 - October-December 2002,GESIS Variable Report,253,ZA3886
v218,v218 0 1 9 N Sum N Valid Sum,Q46 MENTAL HEALTH HELP: OTHER PROFESS,isocntry M AT 81 (92.0) 7 (8.0) 935 1023 88 BE 121 (93.1) 9 (6.9) 981 1111 130 DE-E 93 (94.9) 5 (5.1) 922 1020 98 DE-W 88 (89.8) 10 (10.2) 924 1022 98 DK 75 (89.3) 9 (10.7) 916 1000 84 ES 63 (98.4) 1 (1.6) 936 1000 64 FI 68 (91.9) 6 (8.1) 950 1024 74 FR 126 (92.0) 11 (8.0) 900 1037 137 GB-GBN 127 (90.1) 14 (9.9) 869 1010 141 GB-NIR 25 (89.3) 3 (10.7) 274 302 28 GR 54 (90.0) 6 (10.0) 943 1003 60 IE 82 (90.1) 9 (9.9) 922 1013 91 IT 59 (86.8) 9 (13.2) 959 1027 68 LU 50 (94.3) 3 (5.7) 549 602 53 NL 98 (78.4) 27 (21.6) 910 1035 125 PT 101 (89.4) 12 (10.6) 890 1003 113 SE 78 (84.8) 14 (15.2) 908 1000 92 N Sum 1389 155 14688 16232 N Valid Sum 1389 155 1544 printed 25.01.2012 page 228 Eurobarometer 58.2 - October-December 2002,isocntry M AT 81 (92.0) 7 (8.0) 935 1023 88 BE 121 (93.1) 9 (6.9) 981 1111 130 DE-E 93 (94.9) 5 (5.1) 922 1020 98 DE-W 88 (89.8) 10 (10.2) 924 1022 98 DK 75 (89.3) 9 (10.7) 916 1000 84 ES 63 (98.4) 1 (1.6) 936 1000 64 FI 68 (91.9) 6 (8.1) 950 1024 74 FR 126 (92.0) 11 (8.0) 900 1037 137 GB-GBN 127 (90.1) 14 (9.9) 869 1010 141 GB-NIR 25 (89.3) 3 (10.7) 274 302 28 GR 54 (90.0) 6 (10.0) 943 1003 60 IE 82 (90.1) 9 (9.9) 922 1013 91 IT 59 (86.8) 9 (13.2) 959 1027 68 LU 50 (94.3) 3 (5.7) 549 602 53 NL 98 (78.4) 27 (21.6) 910 1035 125 PT 101 (89.4) 12 (10.6) 890 1003 113 SE 78 (84.8) 14 (15.2) 908 1000 92 N Sum 1389 155 14688 16232 N Valid Sum 1389 155 1544 printed 25.01.2012 page 228 Eurobarometer 58.2 - October-December 2002,GESIS Variable Report,254,ZA3886
v219,v219 0 1 9 N Sum N Valid Sum,Q46 MENTAL HEALTH HELP: OTHER,isocntry M AT 82 (93.2) 6 (6.8) 935 1023 88 BE 115 (89.1) 14 (10.9) 981 1110 129 DE-E 84 (85.7) 14 (14.3) 922 1020 98 DE-W 84 (86.6) 13 (13.4) 924 1021 97 DK 81 (95.3) 4 (4.7) 916 1001 85 ES 61 (95.3) 3 (4.7) 936 1000 64 FI 70 (94.6) 4 (5.4) 950 1024 74 FR 127 (92.0) 11 (8.0) 900 1038 138 GB-GBN 136 (96.5) 5 (3.5) 869 1010 141 GB-NIR 28 (100.0) 274 302 28 GR 46 (76.7) 14 (23.3) 943 1003 60 IE 89 (97.8) 2 (2.2) 922 1013 91 IT 61 (89.7) 7 (10.3) 959 1027 68 LU 43 (81.1) 10 (18.9) 549 602 53 NL 115 (92.0) 10 (8.0) 910 1035 125 PT 110 (98.2) 2 (1.8) 890 1002 112 SE 89 (96.7) 3 (3.3) 908 1000 92 N Sum 1421 122 14688 16231 N Valid Sum 1421 122 1543 printed 25.01.2012 page 229 Eurobarometer 58.2 - October-December 2002,isocntry M AT 82 (93.2) 6 (6.8) 935 1023 88 BE 115 (89.1) 14 (10.9) 981 1110 129 DE-E 84 (85.7) 14 (14.3) 922 1020 98 DE-W 84 (86.6) 13 (13.4) 924 1021 97 DK 81 (95.3) 4 (4.7) 916 1001 85 ES 61 (95.3) 3 (4.7) 936 1000 64 FI 70 (94.6) 4 (5.4) 950 1024 74 FR 127 (92.0) 11 (8.0) 900 1038 138 GB-GBN 136 (96.5) 5 (3.5) 869 1010 141 GB-NIR 28 (100.0) 274 302 28 GR 46 (76.7) 14 (23.3) 943 1003 60 IE 89 (97.8) 2 (2.2) 922 1013 91 IT 61 (89.7) 7 (10.3) 959 1027 68 LU 43 (81.1) 10 (18.9) 549 602 53 NL 115 (92.0) 10 (8.0) 910 1035 125 PT 110 (98.2) 2 (1.8) 890 1002 112 SE 89 (96.7) 3 (3.3) 908 1000 92 N Sum 1421 122 14688 16231 N Valid Sum 1421 122 1543 printed 25.01.2012 page 229 Eurobarometer 58.2 - October-December 2002,GESIS Variable Report,255,ZA3886
v220,v220 0 1 9 N Sum N Valid Sum,Q46 MENTAL HEALTH HELP: DK,isocntry M AT 85 (96.6) 3 (3.4) 935 1023 88 BE 126 (97.7) 3 (2.3) 981 1110 129 DE-E 96 (98.0) 2 (2.0) 922 1020 98 DE-W 95 (96.9) 3 (3.1) 924 1022 98 DK 83 (98.8) 1 (1.2) 916 1000 84 ES 63 (98.4) 1 (1.6) 936 1000 64 FI 73 (98.6) 1 (1.4) 950 1024 74 FR 134 (97.8) 3 (2.2) 900 1037 137 GB-GBN 128 (90.8) 13 (9.2) 869 1010 141 GB-NIR 28 (100.0) 274 302 28 GR 60 (100.0) 943 1003 60 IE 83 (91.2) 8 (8.8) 922 1013 91 IT 66 (97.1) 2 (2.9) 959 1027 68 LU 51 (96.2) 2 (3.8) 549 602 53 NL 111 (88.1) 15 (11.9) 910 1036 126 PT 111 (99.1) 1 (0.9) 890 1002 112 SE 90 (97.8) 2 (2.2) 908 1000 92 N Sum 1483 60 14688 16231 N Valid Sum 1483 60 1543 printed 25.01.2012 page 230 Eurobarometer 58.2 - October-December 2002,isocntry M AT 85 (96.6) 3 (3.4) 935 1023 88 BE 126 (97.7) 3 (2.3) 981 1110 129 DE-E 96 (98.0) 2 (2.0) 922 1020 98 DE-W 95 (96.9) 3 (3.1) 924 1022 98 DK 83 (98.8) 1 (1.2) 916 1000 84 ES 63 (98.4) 1 (1.6) 936 1000 64 FI 73 (98.6) 1 (1.4) 950 1024 74 FR 134 (97.8) 3 (2.2) 900 1037 137 GB-GBN 128 (90.8) 13 (9.2) 869 1010 141 GB-NIR 28 (100.0) 274 302 28 GR 60 (100.0) 943 1003 60 IE 83 (91.2) 8 (8.8) 922 1013 91 IT 66 (97.1) 2 (2.9) 959 1027 68 LU 51 (96.2) 2 (3.8) 549 602 53 NL 111 (88.1) 15 (11.9) 910 1036 126 PT 111 (99.1) 1 (0.9) 890 1002 112 SE 90 (97.8) 2 (2.2) 908 1000 92 N Sum 1483 60 14688 16231 N Valid Sum 1483 60 1543 printed 25.01.2012 page 230 Eurobarometer 58.2 - October-December 2002,GESIS Variable Report,256,ZA3886
v221,v221 1 2 3 4 5 N Sum N Valid Sum,Q47 NEED FOR HELP - PEOPLE TO COUNT ON,isocntry M AT 53 (5.3) 359 (36.1) 407 (40.9) 175 (17.6) 29 1023 994 BE 31 (2.9) 452 (41.8) 378 (34.9) 221 (20.4) 28 1110 1082 DE-E 57 (5.8) 454 (45.9) 333 (33.6) 146 (14.7) 29 1019 990 DE-W 70 (7.1) 453 (45.7) 335 (33.8) 133 (13.4) 30 1021 991 DK 28 (2.8) 221 (22.3) 378 (38.1) 366 (36.9) 7 1000 993 ES 14 (1.5) 215 (22.6) 320 (33.6) 404 (42.4) 48 1001 953 FI 28 (2.8) 389 (38.6) 414 (41.1) 176 (17.5) 18 1025 1007 FR 36 (3.5) 396 (38.6) 409 (39.9) 185 (18.0) 11 1037 1026 GB-GBN 38 (3.8) 345 (34.6) 333 (33.4) 281 (28.2) 14 1011 997 GB-NIR 18 (6.1) 80 (27.0) 109 (36.8) 89 (30.1) 6 302 296 GR 46 (4.6) 592 (59.7) 274 (27.6) 80 (8.1) 11 1003 992 IE 31 (3.1) 343 (34.7) 308 (31.1) 307 (31.0) 24 1013 989 IT 21 (2.1) 350 (35.1) 416 (41.7) 210 (21.1) 31 1028 997 LU 21 (3.5) 172 (29.0) 261 (43.9) 140 (23.6) 8 602 594 NL 30 (3.0) 173 (17.4) 322 (32.3) 472 (47.3) 38 1035 997 PT 34 (3.5) 390 (40.5) 324 (33.6) 215 (22.3) 39 1002 963 SE 16 (1.6) 139 (14.1) 360 (36.5) 472 (47.8) 14 1001 987 N Sum 572 5523 5681 4072 385 16233 N Valid Sum 572 5523 5681 4072 15848 printed 25.01.2012 page 231 Eurobarometer 58.2 - October-December 2002,isocntry M AT 53 (5.3) 359 (36.1) 407 (40.9) 175 (17.6) 29 1023 994 BE 31 (2.9) 452 (41.8) 378 (34.9) 221 (20.4) 28 1110 1082 DE-E 57 (5.8) 454 (45.9) 333 (33.6) 146 (14.7) 29 1019 990 DE-W 70 (7.1) 453 (45.7) 335 (33.8) 133 (13.4) 30 1021 991 DK 28 (2.8) 221 (22.3) 378 (38.1) 366 (36.9) 7 1000 993 ES 14 (1.5) 215 (22.6) 320 (33.6) 404 (42.4) 48 1001 953 FI 28 (2.8) 389 (38.6) 414 (41.1) 176 (17.5) 18 1025 1007 FR 36 (3.5) 396 (38.6) 409 (39.9) 185 (18.0) 11 1037 1026 GB-GBN 38 (3.8) 345 (34.6) 333 (33.4) 281 (28.2) 14 1011 997 GB-NIR 18 (6.1) 80 (27.0) 109 (36.8) 89 (30.1) 6 302 296 GR 46 (4.6) 592 (59.7) 274 (27.6) 80 (8.1) 11 1003 992 IE 31 (3.1) 343 (34.7) 308 (31.1) 307 (31.0) 24 1013 989 IT 21 (2.1) 350 (35.1) 416 (41.7) 210 (21.1) 31 1028 997 LU 21 (3.5) 172 (29.0) 261 (43.9) 140 (23.6) 8 602 594 NL 30 (3.0) 173 (17.4) 322 (32.3) 472 (47.3) 38 1035 997 PT 34 (3.5) 390 (40.5) 324 (33.6) 215 (22.3) 39 1002 963 SE 16 (1.6) 139 (14.1) 360 (36.5) 472 (47.8) 14 1001 987 N Sum 572 5523 5681 4072 385 16233 N Valid Sum 572 5523 5681 4072 15848 printed 25.01.2012 page 231 Eurobarometer 58.2 - October-December 2002,GESIS Variable Report,257,ZA3886
v222,v222 1 2 3 4 5 N Sum N Valid Sum,Q48 NEED FOR HELP - CONCERN OF PEOPLE,isocntry M AT 383 (41.2) 390 (42.0) 114 (12.3) 42 (4.5) 95 1024 929 BE 240 (22.6) 546 (51.3) 202 (19.0) 76 (7.1) 47 1111 1064 DE-E 364 (37.0) 477 (48.5) 117 (11.9) 26 (2.6) 37 1021 984 DE-W 366 (37.4) 478 (48.9) 109 (11.1) 25 (2.6) 43 1021 978 DK 388 (40.9) 428 (45.1) 105 (11.1) 28 (3.0) 51 1000 949 ES 467 (48.8) 394 (41.2) 79 (8.3) 16 (1.7) 43 999 956 FI 169 (16.8) 532 (53.0) 211 (21.0) 92 (9.2) 20 1024 1004 FR 258 (25.7) 456 (45.4) 213 (21.2) 77 (7.7) 33 1037 1004 GB-GBN 408 (41.1) 413 (41.6) 120 (12.1) 52 (5.2) 16 1009 993 GB-NIR 114 (38.9) 132 (45.1) 39 (13.3) 8 (2.7) 9 302 293 GR 448 (47.4) 386 (40.8) 65 (6.9) 47 (5.0) 57 1003 946 IE 361 (37.6) 444 (46.2) 116 (12.1) 40 (4.2) 52 1013 961 IT 149 (15.7) 486 (51.3) 199 (21.0) 114 (12.0) 78 1026 948 LU 189 (32.6) 287 (49.6) 68 (11.7) 35 (6.0) 24 603 579 NL 471 (46.9) 430 (42.8) 78 (7.8) 26 (2.6) 31 1036 1005 PT 309 (32.2) 516 (53.8) 100 (10.4) 34 (3.5) 43 1002 959 SE 284 (29.7) 494 (51.7) 134 (14.0) 43 (4.5) 45 1000 955 N Sum 5368 7289 2069 781 724 16231 N Valid Sum 5368 7289 2069 781 15507 printed 25.01.2012 page 232 Eurobarometer 58.2 - October-December 2002,isocntry M AT 383 (41.2) 390 (42.0) 114 (12.3) 42 (4.5) 95 1024 929 BE 240 (22.6) 546 (51.3) 202 (19.0) 76 (7.1) 47 1111 1064 DE-E 364 (37.0) 477 (48.5) 117 (11.9) 26 (2.6) 37 1021 984 DE-W 366 (37.4) 478 (48.9) 109 (11.1) 25 (2.6) 43 1021 978 DK 388 (40.9) 428 (45.1) 105 (11.1) 28 (3.0) 51 1000 949 ES 467 (48.8) 394 (41.2) 79 (8.3) 16 (1.7) 43 999 956 FI 169 (16.8) 532 (53.0) 211 (21.0) 92 (9.2) 20 1024 1004 FR 258 (25.7) 456 (45.4) 213 (21.2) 77 (7.7) 33 1037 1004 GB-GBN 408 (41.1) 413 (41.6) 120 (12.1) 52 (5.2) 16 1009 993 GB-NIR 114 (38.9) 132 (45.1) 39 (13.3) 8 (2.7) 9 302 293 GR 448 (47.4) 386 (40.8) 65 (6.9) 47 (5.0) 57 1003 946 IE 361 (37.6) 444 (46.2) 116 (12.1) 40 (4.2) 52 1013 961 IT 149 (15.7) 486 (51.3) 199 (21.0) 114 (12.0) 78 1026 948 LU 189 (32.6) 287 (49.6) 68 (11.7) 35 (6.0) 24 603 579 NL 471 (46.9) 430 (42.8) 78 (7.8) 26 (2.6) 31 1036 1005 PT 309 (32.2) 516 (53.8) 100 (10.4) 34 (3.5) 43 1002 959 SE 284 (29.7) 494 (51.7) 134 (14.0) 43 (4.5) 45 1000 955 N Sum 5368 7289 2069 781 724 16231 N Valid Sum 5368 7289 2069 781 15507 printed 25.01.2012 page 232 Eurobarometer 58.2 - October-December 2002,GESIS Variable Report,258,ZA3886
v223,v223 1 2 3 4 5 N Sum N Valid Sum,Q49 NEED FOR HELP - GET FROM NEIGHBOURS,isocntry M AT 312 (33.0) 462 (48.8) 138 (14.6) 34 (3.6) 76 1022 946 BE 271 (25.6) 523 (49.4) 180 (17.0) 84 (7.9) 51 1109 1058 DE-E 224 (23.0) 555 (56.9) 152 (15.6) 45 (4.6) 44 1020 976 DE-W 237 (24.8) 530 (55.4) 159 (16.6) 30 (3.1) 66 1022 956 DK 422 (45.7) 344 (37.2) 93 (10.1) 65 (7.0) 76 1000 924 ES 248 (27.6) 538 (59.8) 83 (9.2) 30 (3.3) 100 999 899 FI 265 (27.5) 496 (51.6) 141 (14.7) 60 (6.2) 62 1024 962 FR 204 (21.0) 465 (47.9) 180 (18.5) 122 (12.6) 65 1036 971 GB-GBN 299 (32.0) 425 (45.6) 145 (15.5) 64 (6.9) 77 1010 933 GB-NIR 117 (40.8) 131 (45.6) 31 (10.8) 8 (2.8) 15 302 287 GR 268 (27.7) 379 (39.2) 199 (20.6) 121 (12.5) 36 1003 967 IE 371 (39.3) 482 (51.1) 67 (7.1) 24 (2.5) 69 1013 944 IT 130 (13.6) 445 (46.5) 253 (26.4) 129 (13.5) 69 1026 957 LU 231 (40.0) 231 (40.0) 63 (10.9) 52 (9.0) 24 601 577 NL 311 (31.4) 498 (50.2) 130 (13.1) 53 (5.3) 42 1034 992 PT 111 (12.5) 572 (64.3) 165 (18.6) 41 (4.6) 113 1002 889 SE 328 (35.5) 436 (47.2) 113 (12.2) 46 (5.0) 77 1000 923 N Sum 4349 7512 2292 1008 1062 16223 N Valid Sum 4349 7512 2292 1008 15161 printed 25.01.2012 page 233 Eurobarometer 58.2 - October-December 2002,isocntry M AT 312 (33.0) 462 (48.8) 138 (14.6) 34 (3.6) 76 1022 946 BE 271 (25.6) 523 (49.4) 180 (17.0) 84 (7.9) 51 1109 1058 DE-E 224 (23.0) 555 (56.9) 152 (15.6) 45 (4.6) 44 1020 976 DE-W 237 (24.8) 530 (55.4) 159 (16.6) 30 (3.1) 66 1022 956 DK 422 (45.7) 344 (37.2) 93 (10.1) 65 (7.0) 76 1000 924 ES 248 (27.6) 538 (59.8) 83 (9.2) 30 (3.3) 100 999 899 FI 265 (27.5) 496 (51.6) 141 (14.7) 60 (6.2) 62 1024 962 FR 204 (21.0) 465 (47.9) 180 (18.5) 122 (12.6) 65 1036 971 GB-GBN 299 (32.0) 425 (45.6) 145 (15.5) 64 (6.9) 77 1010 933 GB-NIR 117 (40.8) 131 (45.6) 31 (10.8) 8 (2.8) 15 302 287 GR 268 (27.7) 379 (39.2) 199 (20.6) 121 (12.5) 36 1003 967 IE 371 (39.3) 482 (51.1) 67 (7.1) 24 (2.5) 69 1013 944 IT 130 (13.6) 445 (46.5) 253 (26.4) 129 (13.5) 69 1026 957 LU 231 (40.0) 231 (40.0) 63 (10.9) 52 (9.0) 24 601 577 NL 311 (31.4) 498 (50.2) 130 (13.1) 53 (5.3) 42 1034 992 PT 111 (12.5) 572 (64.3) 165 (18.6) 41 (4.6) 113 1002 889 SE 328 (35.5) 436 (47.2) 113 (12.2) 46 (5.0) 77 1000 923 N Sum 4349 7512 2292 1008 1062 16223 N Valid Sum 4349 7512 2292 1008 15161 printed 25.01.2012 page 233 Eurobarometer 58.2 - October-December 2002,GESIS Variable Report,259,ZA3886
v224,,Q50 VIG PHYS ACTIVITIES - LAST 7 DAYS,,Q50 VIG PHYS ACTIVITIES - LAST 7 DAYS,GESIS Variable Report,260,ZA3886
v225,,Q51 VIG PHYS ACTIVITIES - TIME A DAY (HOURS),,Q51 VIG PHYS ACTIVITIES - TIME A DAY (HOURS),GESIS Variable Report,262,ZA3886
v226,,Q51 VIG PHYS ACTIVITIES - TIME A DAY (MIN),,Q51 VIG PHYS ACTIVITIES - TIME A DAY (MIN),GESIS Variable Report,263,ZA3886
v227,,Q52 MOD PHYS ACTIVITIES - LAST 7 DAYS,,Q52 MOD PHYS ACTIVITIES - LAST 7 DAYS,GESIS Variable Report,264,ZA3886
v228,,Q53 MOD PHYS ACTIVITIES - TIME A DAY (HOURS),,Q53 MOD PHYS ACTIVITIES - TIME A DAY (HOURS),GESIS Variable Report,265,ZA3886
v229,,Q53 MOD PHYS ACTIVITIES - TIME A DAY (MIN),,Q53 MOD PHYS ACTIVITIES - TIME A DAY (MIN),GESIS Variable Report,266,ZA3886
v230,,Q54 PHYS ACT WALKING - LAST 7 DAYS,,Q54 PHYS ACT WALKING - LAST 7 DAYS,GESIS Variable Report,267,ZA3886
v231,,Q55 PHYS ACT WALKING - TIME A DAY (HOURS),,Q55 PHYS ACT WALKING - TIME A DAY (HOURS),GESIS Variable Report,268,ZA3886
v232,,Q55 PHYS ACT WALKING - TIME A DAY (MIN),,Q55 PHYS ACT WALKING - TIME A DAY (MIN),GESIS Variable Report,269,ZA3886
v233,,Q56 PHYS ACT SITTING - TIME A DAY (HOURS),,Q56 PHYS ACT SITTING - TIME A DAY (HOURS),GESIS Variable Report,270,ZA3886
v234,,Q56 PHYS ACT SITTING - TIME A DAY (MIN),,Q56 PHYS ACT SITTING - TIME A DAY (MIN),GESIS Variable Report,271,ZA3886
v235,v235 1 2 3 4 N Sum N Valid Sum,Q57 PHYSICAL ACTIVITY: AT WORK,isocntry M AT 309 (31.7) 329 (33.7) 338 (34.6) 47 1023 976 BE 147 (16.4) 253 (28.2) 496 (55.4) 214 1110 896 DE-E 260 (27.3) 163 (17.1) 530 (55.6) 66 1019 953 DE-W 251 (26.5) 203 (21.4) 493 (52.1) 76 1023 947 DK 193 (19.5) 218 (22.1) 577 (58.4) 13 1001 988 ES 183 (19.5) 228 (24.3) 527 (56.2) 61 999 938 FI 109 (11.3) 277 (28.7) 579 (60.0) 59 1024 965 FR 180 (20.6) 258 (29.6) 434 (49.8) 164 1036 872 GB-GBN 218 (24.5) 159 (17.9) 512 (57.6) 120 1009 889 GB-NIR 66 (24.3) 68 (25.0) 138 (50.7) 29 301 272 GR 175 (18.9) 225 (24.3) 525 (56.8) 77 1002 925 IE 246 (29.4) 250 (29.9) 341 (40.7) 176 1013 837 IT 132 (13.7) 227 (23.6) 602 (62.6) 65 1026 961 LU 92 (15.9) 188 (32.6) 297 (51.5) 25 602 577 NL 297 (30.2) 293 (29.7) 395 (40.1) 49 1034 985 PT 176 (18.1) 295 (30.4) 499 (51.4) 32 1002 970 SE 124 (14.5) 222 (25.9) 510 (59.6) 144 1000 856 N Sum 3158 3856 7793 1417 16224 N Valid Sum 3158 3856 7793 14807 printed 25.01.2012 page 246 Eurobarometer 58.2 - October-December 2002,isocntry M AT 309 (31.7) 329 (33.7) 338 (34.6) 47 1023 976 BE 147 (16.4) 253 (28.2) 496 (55.4) 214 1110 896 DE-E 260 (27.3) 163 (17.1) 530 (55.6) 66 1019 953 DE-W 251 (26.5) 203 (21.4) 493 (52.1) 76 1023 947 DK 193 (19.5) 218 (22.1) 577 (58.4) 13 1001 988 ES 183 (19.5) 228 (24.3) 527 (56.2) 61 999 938 FI 109 (11.3) 277 (28.7) 579 (60.0) 59 1024 965 FR 180 (20.6) 258 (29.6) 434 (49.8) 164 1036 872 GB-GBN 218 (24.5) 159 (17.9) 512 (57.6) 120 1009 889 GB-NIR 66 (24.3) 68 (25.0) 138 (50.7) 29 301 272 GR 175 (18.9) 225 (24.3) 525 (56.8) 77 1002 925 IE 246 (29.4) 250 (29.9) 341 (40.7) 176 1013 837 IT 132 (13.7) 227 (23.6) 602 (62.6) 65 1026 961 LU 92 (15.9) 188 (32.6) 297 (51.5) 25 602 577 NL 297 (30.2) 293 (29.7) 395 (40.1) 49 1034 985 PT 176 (18.1) 295 (30.4) 499 (51.4) 32 1002 970 SE 124 (14.5) 222 (25.9) 510 (59.6) 144 1000 856 N Sum 3158 3856 7793 1417 16224 N Valid Sum 3158 3856 7793 14807 printed 25.01.2012 page 246 Eurobarometer 58.2 - October-December 2002,GESIS Variable Report,272,ZA3886
v236,v236 1 2 3 4 N Sum N Valid Sum,Q57 PHYSICAL ACTIVITY: MOVING,isocntry M AT 173 (17.3) 594 (59.5) 232 (23.2) 24 1023 999 BE 66 (6.2) 510 (47.8) 491 (46.0) 43 1110 1067 DE-E 227 (22.6) 594 (59.2) 183 (18.2) 16 1020 1004 DE-W 190 (18.9) 584 (58.2) 229 (22.8) 20 1023 1003 DK 80 (8.0) 326 (32.7) 592 (59.3) 3 1001 998 ES 164 (16.4) 590 (59.1) 245 (24.5) 1 1000 999 FI 50 (4.9) 421 (41.6) 540 (53.4) 13 1024 1011 FR 71 (7.0) 533 (52.5) 412 (40.6) 21 1037 1016 GB-GBN 268 (26.7) 528 (52.7) 206 (20.6) 8 1010 1002 GB-NIR 55 (18.3) 195 (64.8) 51 (16.9) 1 302 301 GR 121 (12.3) 609 (61.8) 255 (25.9) 19 1004 985 IE 210 (21.2) 597 (60.4) 182 (18.4) 24 1013 989 IT 110 (10.9) 450 (44.7) 447 (44.4) 20 1027 1007 LU 48 (8.1) 297 (49.8) 251 (42.1) 7 603 596 NL 207 (20.7) 408 (40.8) 385 (38.5) 35 1035 1000 PT 216 (21.6) 572 (57.3) 210 (21.0) 3 1001 998 SE 142 (14.6) 541 (55.6) 290 (29.8) 27 1000 973 N Sum 2398 8349 5201 285 16233 N Valid Sum 2398 8349 5201 15948 printed 25.01.2012 page 247 Eurobarometer 58.2 - October-December 2002,isocntry M AT 173 (17.3) 594 (59.5) 232 (23.2) 24 1023 999 BE 66 (6.2) 510 (47.8) 491 (46.0) 43 1110 1067 DE-E 227 (22.6) 594 (59.2) 183 (18.2) 16 1020 1004 DE-W 190 (18.9) 584 (58.2) 229 (22.8) 20 1023 1003 DK 80 (8.0) 326 (32.7) 592 (59.3) 3 1001 998 ES 164 (16.4) 590 (59.1) 245 (24.5) 1 1000 999 FI 50 (4.9) 421 (41.6) 540 (53.4) 13 1024 1011 FR 71 (7.0) 533 (52.5) 412 (40.6) 21 1037 1016 GB-GBN 268 (26.7) 528 (52.7) 206 (20.6) 8 1010 1002 GB-NIR 55 (18.3) 195 (64.8) 51 (16.9) 1 302 301 GR 121 (12.3) 609 (61.8) 255 (25.9) 19 1004 985 IE 210 (21.2) 597 (60.4) 182 (18.4) 24 1013 989 IT 110 (10.9) 450 (44.7) 447 (44.4) 20 1027 1007 LU 48 (8.1) 297 (49.8) 251 (42.1) 7 603 596 NL 207 (20.7) 408 (40.8) 385 (38.5) 35 1035 1000 PT 216 (21.6) 572 (57.3) 210 (21.0) 3 1001 998 SE 142 (14.6) 541 (55.6) 290 (29.8) 27 1000 973 N Sum 2398 8349 5201 285 16233 N Valid Sum 2398 8349 5201 15948 printed 25.01.2012 page 247 Eurobarometer 58.2 - October-December 2002,GESIS Variable Report,273,ZA3886
v237,v237 1 2 3 4 N Sum N Valid Sum,Q57 PHYSICAL ACTIVITY: WORKING AT HOME,isocntry M AT 288 (28.6) 480 (47.7) 239 (23.7) 15 1022 1007 BE 169 (15.8) 548 (51.1) 355 (33.1) 38 1110 1072 DE-E 400 (39.7) 505 (50.1) 102 (10.1) 13 1020 1007 DE-W 384 (38.0) 493 (48.8) 133 (13.2) 12 1022 1010 DK 168 (16.8) 524 (52.5) 306 (30.7) 2 1000 998 ES 206 (20.6) 531 (53.2) 262 (26.2) 999 999 FI 87 (8.6) 526 (51.9) 400 (39.5) 11 1024 1013 FR 107 (10.6) 577 (56.9) 330 (32.5) 23 1037 1014 GB-GBN 356 (35.5) 480 (47.9) 167 (16.7) 6 1009 1003 GB-NIR 97 (32.3) 154 (51.3) 49 (16.3) 1 301 300 GR 174 (17.6) 583 (58.8) 234 (23.6) 12 1003 991 IE 280 (28.4) 510 (51.7) 197 (20.0) 26 1013 987 IT 175 (17.3) 438 (43.2) 401 (39.5) 13 1027 1014 LU 111 (18.6) 337 (56.4) 150 (25.1) 4 602 598 NL 345 (33.7) 518 (50.6) 160 (15.6) 12 1035 1023 PT 187 (18.8) 516 (51.9) 292 (29.3) 7 1002 995 SE 158 (16.4) 455 (47.2) 352 (36.5) 35 1000 965 N Sum 3692 8175 4129 230 16226 N Valid Sum 3692 8175 4129 15996 printed 25.01.2012 page 248 Eurobarometer 58.2 - October-December 2002,isocntry M AT 288 (28.6) 480 (47.7) 239 (23.7) 15 1022 1007 BE 169 (15.8) 548 (51.1) 355 (33.1) 38 1110 1072 DE-E 400 (39.7) 505 (50.1) 102 (10.1) 13 1020 1007 DE-W 384 (38.0) 493 (48.8) 133 (13.2) 12 1022 1010 DK 168 (16.8) 524 (52.5) 306 (30.7) 2 1000 998 ES 206 (20.6) 531 (53.2) 262 (26.2) 999 999 FI 87 (8.6) 526 (51.9) 400 (39.5) 11 1024 1013 FR 107 (10.6) 577 (56.9) 330 (32.5) 23 1037 1014 GB-GBN 356 (35.5) 480 (47.9) 167 (16.7) 6 1009 1003 GB-NIR 97 (32.3) 154 (51.3) 49 (16.3) 1 301 300 GR 174 (17.6) 583 (58.8) 234 (23.6) 12 1003 991 IE 280 (28.4) 510 (51.7) 197 (20.0) 26 1013 987 IT 175 (17.3) 438 (43.2) 401 (39.5) 13 1027 1014 LU 111 (18.6) 337 (56.4) 150 (25.1) 4 602 598 NL 345 (33.7) 518 (50.6) 160 (15.6) 12 1035 1023 PT 187 (18.8) 516 (51.9) 292 (29.3) 7 1002 995 SE 158 (16.4) 455 (47.2) 352 (36.5) 35 1000 965 N Sum 3692 8175 4129 230 16226 N Valid Sum 3692 8175 4129 15996 printed 25.01.2012 page 248 Eurobarometer 58.2 - October-December 2002,GESIS Variable Report,274,ZA3886
v238,v238 1 2 3 4 N Sum N Valid Sum,Q57 PHYSICAL ACTIVITY: RECREATION,isocntry M AT 198 (19.7) 450 (44.9) 355 (35.4) 20 1023 1003 BE 131 (12.8) 350 (34.1) 544 (53.1) 85 1110 1025 DE-E 132 (13.4) 384 (38.9) 471 (47.7) 33 1020 987 DE-W 164 (16.5) 440 (44.3) 390 (39.2) 28 1022 994 DK 119 (11.9) 319 (32.0) 558 (56.0) 4 1000 996 ES 163 (16.5) 345 (34.8) 482 (48.7) 10 1000 990 FI 120 (12.0) 478 (47.8) 403 (40.3) 23 1024 1001 FR 152 (15.2) 430 (43.0) 417 (41.7) 37 1036 999 GB-GBN 172 (17.3) 300 (30.2) 521 (52.5) 17 1010 993 GB-NIR 54 (18.1) 95 (31.8) 150 (50.2) 3 302 299 GR 87 (9.1) 362 (37.9) 507 (53.0) 47 1003 956 IE 201 (20.6) 432 (44.3) 342 (35.1) 39 1014 975 IT 100 (10.0) 320 (32.0) 581 (58.0) 26 1027 1001 LU 134 (22.5) 218 (36.6) 243 (40.8) 7 602 595 NL 250 (24.5) 436 (42.7) 335 (32.8) 13 1034 1021 PT 94 (9.5) 256 (26.0) 635 (64.5) 16 1001 985 SE 226 (23.2) 400 (41.1) 347 (35.7) 27 1000 973 N Sum 2497 6015 7281 435 16228 N Valid Sum 2497 6015 7281 15793 printed 25.01.2012 page 249 Eurobarometer 58.2 - October-December 2002,isocntry M AT 198 (19.7) 450 (44.9) 355 (35.4) 20 1023 1003 BE 131 (12.8) 350 (34.1) 544 (53.1) 85 1110 1025 DE-E 132 (13.4) 384 (38.9) 471 (47.7) 33 1020 987 DE-W 164 (16.5) 440 (44.3) 390 (39.2) 28 1022 994 DK 119 (11.9) 319 (32.0) 558 (56.0) 4 1000 996 ES 163 (16.5) 345 (34.8) 482 (48.7) 10 1000 990 FI 120 (12.0) 478 (47.8) 403 (40.3) 23 1024 1001 FR 152 (15.2) 430 (43.0) 417 (41.7) 37 1036 999 GB-GBN 172 (17.3) 300 (30.2) 521 (52.5) 17 1010 993 GB-NIR 54 (18.1) 95 (31.8) 150 (50.2) 3 302 299 GR 87 (9.1) 362 (37.9) 507 (53.0) 47 1003 956 IE 201 (20.6) 432 (44.3) 342 (35.1) 39 1014 975 IT 100 (10.0) 320 (32.0) 581 (58.0) 26 1027 1001 LU 134 (22.5) 218 (36.6) 243 (40.8) 7 602 595 NL 250 (24.5) 436 (42.7) 335 (32.8) 13 1034 1021 PT 94 (9.5) 256 (26.0) 635 (64.5) 16 1001 985 SE 226 (23.2) 400 (41.1) 347 (35.7) 27 1000 973 N Sum 2497 6015 7281 435 16228 N Valid Sum 2497 6015 7281 15793 printed 25.01.2012 page 249 Eurobarometer 58.2 - October-December 2002,GESIS Variable Report,275,ZA3886
v239,v239 1 2 3 4 5 N Sum N Valid Sum,Q58A PHYSICAL ACT: OPPORTUNITIES IN AREA,isocntry M AT 437 (45.7) 384 (40.1) 105 (11.0) 31 (3.2) 65 1022 957 BE 276 (28.2) 522 (53.3) 113 (11.5) 69 (7.0) 130 1110 980 DE-E 280 (29.1) 417 (43.3) 160 (16.6) 105 (10.9) 59 1021 962 DE-W 386 (39.6) 445 (45.6) 105 (10.8) 39 (4.0) 46 1021 975 DK 664 (68.0) 207 (21.2) 75 (7.7) 31 (3.2) 23 1000 977 ES 260 (28.6) 423 (46.5) 152 (16.7) 74 (8.1) 90 999 909 FI 472 (47.3) 344 (34.5) 121 (12.1) 60 (6.0) 27 1024 997 FR 331 (34.0) 437 (44.9) 134 (13.8) 71 (7.3) 64 1037 973 GB-GBN 249 (26.4) 429 (45.5) 160 (17.0) 104 (11.0) 68 1010 942 GB-NIR 53 (18.8) 133 (47.2) 61 (21.6) 35 (12.4) 19 301 282 GR 206 (22.8) 433 (48.0) 144 (16.0) 119 (13.2) 101 1003 902 IE 225 (24.0) 485 (51.7) 139 (14.8) 89 (9.5) 75 1013 938 IT 157 (16.6) 400 (42.4) 215 (22.8) 172 (18.2) 83 1027 944 LU 234 (41.9) 219 (39.2) 57 (10.2) 48 (8.6) 44 602 558 NL 233 (23.4) 592 (59.5) 142 (14.3) 28 (2.8) 40 1035 995 PT 208 (23.2) 278 (31.0) 107 (11.9) 305 (34.0) 103 1001 898 SE 442 (45.4) 331 (34.0) 86 (8.8) 114 (11.7) 27 1000 973 N Sum 5113 6479 2076 1494 1064 16226 N Valid Sum 5113 6479 2076 1494 15162 printed 25.01.2012 page 250 Eurobarometer 58.2 - October-December 2002,isocntry M AT 437 (45.7) 384 (40.1) 105 (11.0) 31 (3.2) 65 1022 957 BE 276 (28.2) 522 (53.3) 113 (11.5) 69 (7.0) 130 1110 980 DE-E 280 (29.1) 417 (43.3) 160 (16.6) 105 (10.9) 59 1021 962 DE-W 386 (39.6) 445 (45.6) 105 (10.8) 39 (4.0) 46 1021 975 DK 664 (68.0) 207 (21.2) 75 (7.7) 31 (3.2) 23 1000 977 ES 260 (28.6) 423 (46.5) 152 (16.7) 74 (8.1) 90 999 909 FI 472 (47.3) 344 (34.5) 121 (12.1) 60 (6.0) 27 1024 997 FR 331 (34.0) 437 (44.9) 134 (13.8) 71 (7.3) 64 1037 973 GB-GBN 249 (26.4) 429 (45.5) 160 (17.0) 104 (11.0) 68 1010 942 GB-NIR 53 (18.8) 133 (47.2) 61 (21.6) 35 (12.4) 19 301 282 GR 206 (22.8) 433 (48.0) 144 (16.0) 119 (13.2) 101 1003 902 IE 225 (24.0) 485 (51.7) 139 (14.8) 89 (9.5) 75 1013 938 IT 157 (16.6) 400 (42.4) 215 (22.8) 172 (18.2) 83 1027 944 LU 234 (41.9) 219 (39.2) 57 (10.2) 48 (8.6) 44 602 558 NL 233 (23.4) 592 (59.5) 142 (14.3) 28 (2.8) 40 1035 995 PT 208 (23.2) 278 (31.0) 107 (11.9) 305 (34.0) 103 1001 898 SE 442 (45.4) 331 (34.0) 86 (8.8) 114 (11.7) 27 1000 973 N Sum 5113 6479 2076 1494 1064 16226 N Valid Sum 5113 6479 2076 1494 15162 printed 25.01.2012 page 250 Eurobarometer 58.2 - October-December 2002,GESIS Variable Report,276,ZA3886
v240,v240 1 2 3 4 5 N Sum N Valid Sum,Q58B PHYSICAL ACT: OPPORTUNITIES IN CLUBS,isocntry M AT 360 (38.3) 384 (40.9) 147 (15.7) 48 (5.1) 83 1022 939 BE 275 (29.0) 506 (53.4) 114 (12.0) 53 (5.6) 162 1110 948 DE-E 265 (28.6) 349 (37.6) 191 (20.6) 123 (13.3) 92 1020 928 DE-W 381 (39.7) 423 (44.1) 98 (10.2) 57 (5.9) 63 1022 959 DK 667 (70.1) 200 (21.0) 59 (6.2) 26 (2.7) 48 1000 952 ES 266 (30.5) 425 (48.7) 126 (14.4) 56 (6.4) 126 999 873 FI 449 (46.8) 356 (37.1) 105 (10.9) 49 (5.1) 66 1025 959 FR 326 (34.9) 412 (44.2) 122 (13.1) 73 (7.8) 103 1036 933 GB-GBN 253 (27.5) 457 (49.7) 122 (13.3) 87 (9.5) 91 1010 919 GB-NIR 59 (20.9) 147 (52.1) 50 (17.7) 26 (9.2) 21 303 282 GR 212 (24.3) 416 (47.7) 147 (16.8) 98 (11.2) 130 1003 873 IE 229 (25.1) 495 (54.3) 126 (13.8) 62 (6.8) 101 1013 912 IT 123 (13.2) 432 (46.3) 201 (21.5) 177 (19.0) 93 1026 933 LU 226 (42.0) 210 (39.0) 58 (10.8) 44 (8.2) 64 602 538 NL 262 (26.4) 656 (66.2) 63 (6.4) 10 (1.0) 44 1035 991 PT 184 (21.5) 266 (31.0) 102 (11.9) 305 (35.6) 145 1002 857 SE 432 (46.9) 307 (33.3) 74 (8.0) 108 (11.7) 79 1000 921 N Sum 4969 6441 1905 1402 1511 16228 N Valid Sum 4969 6441 1905 1402 14717 printed 25.01.2012 page 251 Eurobarometer 58.2 - October-December 2002,isocntry M AT 360 (38.3) 384 (40.9) 147 (15.7) 48 (5.1) 83 1022 939 BE 275 (29.0) 506 (53.4) 114 (12.0) 53 (5.6) 162 1110 948 DE-E 265 (28.6) 349 (37.6) 191 (20.6) 123 (13.3) 92 1020 928 DE-W 381 (39.7) 423 (44.1) 98 (10.2) 57 (5.9) 63 1022 959 DK 667 (70.1) 200 (21.0) 59 (6.2) 26 (2.7) 48 1000 952 ES 266 (30.5) 425 (48.7) 126 (14.4) 56 (6.4) 126 999 873 FI 449 (46.8) 356 (37.1) 105 (10.9) 49 (5.1) 66 1025 959 FR 326 (34.9) 412 (44.2) 122 (13.1) 73 (7.8) 103 1036 933 GB-GBN 253 (27.5) 457 (49.7) 122 (13.3) 87 (9.5) 91 1010 919 GB-NIR 59 (20.9) 147 (52.1) 50 (17.7) 26 (9.2) 21 303 282 GR 212 (24.3) 416 (47.7) 147 (16.8) 98 (11.2) 130 1003 873 IE 229 (25.1) 495 (54.3) 126 (13.8) 62 (6.8) 101 1013 912 IT 123 (13.2) 432 (46.3) 201 (21.5) 177 (19.0) 93 1026 933 LU 226 (42.0) 210 (39.0) 58 (10.8) 44 (8.2) 64 602 538 NL 262 (26.4) 656 (66.2) 63 (6.4) 10 (1.0) 44 1035 991 PT 184 (21.5) 266 (31.0) 102 (11.9) 305 (35.6) 145 1002 857 SE 432 (46.9) 307 (33.3) 74 (8.0) 108 (11.7) 79 1000 921 N Sum 4969 6441 1905 1402 1511 16228 N Valid Sum 4969 6441 1905 1402 14717 printed 25.01.2012 page 251 Eurobarometer 58.2 - October-December 2002,GESIS Variable Report,277,ZA3886
v241,v241 1 2 3 4 5 N Sum N Valid Sum,Q58C PHYSICAL ACT: AUTHORITIY DOES ENOUGH,isocntry M AT 263 (29.5) 367 (41.2) 194 (21.8) 67 (7.5) 131 1022 891 BE 223 (23.6) 495 (52.4) 159 (16.8) 68 (7.2) 165 1110 945 DE-E 169 (18.8) 305 (33.9) 276 (30.7) 149 (16.6) 121 1020 899 DE-W 241 (26.5) 407 (44.8) 170 (18.7) 90 (9.9) 115 1023 908 DK 381 (42.3) 309 (34.3) 150 (16.6) 61 (6.8) 99 1000 901 ES 167 (19.8) 376 (44.5) 211 (25.0) 91 (10.8) 155 1000 845 FI 301 (32.0) 384 (40.8) 163 (17.3) 94 (10.0) 82 1024 942 FR 296 (31.5) 404 (43.0) 142 (15.1) 97 (10.3) 98 1037 939 GB-GBN 117 (13.7) 376 (44.0) 211 (24.7) 151 (17.7) 154 1009 855 GB-NIR 30 (11.5) 116 (44.6) 81 (31.2) 33 (12.7) 42 302 260 GR 118 (13.5) 386 (44.2) 226 (25.9) 143 (16.4) 130 1003 873 IE 67 (8.3) 354 (43.7) 227 (28.0) 162 (20.0) 202 1012 810 IT 66 (7.3) 338 (37.3) 256 (28.3) 245 (27.1) 122 1027 905 LU 187 (34.2) 207 (37.8) 89 (16.3) 64 (11.7) 55 602 547 NL 163 (17.6) 576 (62.1) 162 (17.5) 26 (2.8) 108 1035 927 PT 146 (17.1) 254 (29.8) 117 (13.7) 335 (39.3) 150 1002 852 SE 303 (32.9) 383 (41.6) 129 (14.0) 106 (11.5) 77 998 921 N Sum 3238 6037 2963 1982 2006 16226 N Valid Sum 3238 6037 2963 1982 14220 printed 25.01.2012 page 252 Eurobarometer 58.2 - October-December 2002,isocntry M AT 263 (29.5) 367 (41.2) 194 (21.8) 67 (7.5) 131 1022 891 BE 223 (23.6) 495 (52.4) 159 (16.8) 68 (7.2) 165 1110 945 DE-E 169 (18.8) 305 (33.9) 276 (30.7) 149 (16.6) 121 1020 899 DE-W 241 (26.5) 407 (44.8) 170 (18.7) 90 (9.9) 115 1023 908 DK 381 (42.3) 309 (34.3) 150 (16.6) 61 (6.8) 99 1000 901 ES 167 (19.8) 376 (44.5) 211 (25.0) 91 (10.8) 155 1000 845 FI 301 (32.0) 384 (40.8) 163 (17.3) 94 (10.0) 82 1024 942 FR 296 (31.5) 404 (43.0) 142 (15.1) 97 (10.3) 98 1037 939 GB-GBN 117 (13.7) 376 (44.0) 211 (24.7) 151 (17.7) 154 1009 855 GB-NIR 30 (11.5) 116 (44.6) 81 (31.2) 33 (12.7) 42 302 260 GR 118 (13.5) 386 (44.2) 226 (25.9) 143 (16.4) 130 1003 873 IE 67 (8.3) 354 (43.7) 227 (28.0) 162 (20.0) 202 1012 810 IT 66 (7.3) 338 (37.3) 256 (28.3) 245 (27.1) 122 1027 905 LU 187 (34.2) 207 (37.8) 89 (16.3) 64 (11.7) 55 602 547 NL 163 (17.6) 576 (62.1) 162 (17.5) 26 (2.8) 108 1035 927 PT 146 (17.1) 254 (29.8) 117 (13.7) 335 (39.3) 150 1002 852 SE 303 (32.9) 383 (41.6) 129 (14.0) 106 (11.5) 77 998 921 N Sum 3238 6037 2963 1982 2006 16226 N Valid Sum 3238 6037 2963 1982 14220 printed 25.01.2012 page 252 Eurobarometer 58.2 - October-December 2002,GESIS Variable Report,278,ZA3886
v242,v242 1 2 3 N Sum N Valid Sum,Q59 BLOOD DONATION - EVER GIVEN,isocntry M AT 519 (51.9) 481 (48.1) 22 1022 1000 BE 254 (23.0) 848 (77.0) 8 1110 1102 DE-E 305 (30.1) 707 (69.9) 8 1020 1012 DE-W 314 (31.1) 695 (68.9) 13 1022 1009 DK 337 (33.8) 659 (66.2) 4 1000 996 ES 252 (25.3) 743 (74.7) 5 1000 995 FI 395 (38.8) 623 (61.2) 6 1024 1018 FR 397 (38.5) 635 (61.5) 4 1036 1032 GB-GBN 325 (32.3) 680 (67.7) 5 1010 1005 GB-NIR 101 (34.6) 191 (65.4) 9 301 292 GR 400 (39.9) 602 (60.1) 1 1003 1002 IE 324 (34.4) 617 (65.6) 72 1013 941 IT 251 (24.7) 765 (75.3) 11 1027 1016 LU 140 (23.3) 460 (76.7) 2 602 600 NL 267 (25.8) 768 (74.2) 1035 1035 PT 216 (21.6) 785 (78.4) 1 1002 1001 SE 246 (24.7) 750 (75.3) 4 1000 996 N Sum 5043 11009 175 16227 N Valid Sum 5043 11009 16052 printed 25.01.2012 page 253 Eurobarometer 58.2 - October-December 2002,isocntry M AT 519 (51.9) 481 (48.1) 22 1022 1000 BE 254 (23.0) 848 (77.0) 8 1110 1102 DE-E 305 (30.1) 707 (69.9) 8 1020 1012 DE-W 314 (31.1) 695 (68.9) 13 1022 1009 DK 337 (33.8) 659 (66.2) 4 1000 996 ES 252 (25.3) 743 (74.7) 5 1000 995 FI 395 (38.8) 623 (61.2) 6 1024 1018 FR 397 (38.5) 635 (61.5) 4 1036 1032 GB-GBN 325 (32.3) 680 (67.7) 5 1010 1005 GB-NIR 101 (34.6) 191 (65.4) 9 301 292 GR 400 (39.9) 602 (60.1) 1 1003 1002 IE 324 (34.4) 617 (65.6) 72 1013 941 IT 251 (24.7) 765 (75.3) 11 1027 1016 LU 140 (23.3) 460 (76.7) 2 602 600 NL 267 (25.8) 768 (74.2) 1035 1035 PT 216 (21.6) 785 (78.4) 1 1002 1001 SE 246 (24.7) 750 (75.3) 4 1000 996 N Sum 5043 11009 175 16227 N Valid Sum 5043 11009 16052 printed 25.01.2012 page 253 Eurobarometer 58.2 - October-December 2002,GESIS Variable Report,279,ZA3886
v243,v243 0 1 N Sum N Valid Sum,Q60 BLOOD DONAT REW: DURING WORK HOURS,isocntry AT 561 (54.8) 462 (45.2) 1023 1023 BE 740 (66.7) 370 (33.3) 1110 1110 DE-E 644 (63.1) 376 (36.9) 1020 1020 DE-W 691 (67.6) 331 (32.4) 1022 1022 DK 266 (26.6) 734 (73.4) 1000 1000 ES 716 (71.6) 284 (28.4) 1000 1000 FI 414 (40.4) 610 (59.6) 1024 1024 FR 538 (51.9) 499 (48.1) 1037 1037 GB-GBN 352 (34.9) 658 (65.1) 1010 1010 GB-NIR 86 (28.5) 216 (71.5) 302 302 GR 826 (82.4) 177 (17.6) 1003 1003 IE 576 (56.9) 437 (43.1) 1013 1013 IT 655 (63.8) 372 (36.2) 1027 1027 LU 244 (40.5) 358 (59.5) 602 602 NL 524 (50.6) 511 (49.4) 1035 1035 PT 650 (64.9) 352 (35.1) 1002 1002 SE 272 (27.2) 728 (72.8) 1000 1000 N Sum 8755 7475 16230 N Valid Sum 8755 7475 16230 printed 25.01.2012 page 254 Eurobarometer 58.2 - October-December 2002,isocntry AT 561 (54.8) 462 (45.2) 1023 1023 BE 740 (66.7) 370 (33.3) 1110 1110 DE-E 644 (63.1) 376 (36.9) 1020 1020 DE-W 691 (67.6) 331 (32.4) 1022 1022 DK 266 (26.6) 734 (73.4) 1000 1000 ES 716 (71.6) 284 (28.4) 1000 1000 FI 414 (40.4) 610 (59.6) 1024 1024 FR 538 (51.9) 499 (48.1) 1037 1037 GB-GBN 352 (34.9) 658 (65.1) 1010 1010 GB-NIR 86 (28.5) 216 (71.5) 302 302 GR 826 (82.4) 177 (17.6) 1003 1003 IE 576 (56.9) 437 (43.1) 1013 1013 IT 655 (63.8) 372 (36.2) 1027 1027 LU 244 (40.5) 358 (59.5) 602 602 NL 524 (50.6) 511 (49.4) 1035 1035 PT 650 (64.9) 352 (35.1) 1002 1002 SE 272 (27.2) 728 (72.8) 1000 1000 N Sum 8755 7475 16230 N Valid Sum 8755 7475 16230 printed 25.01.2012 page 254 Eurobarometer 58.2 - October-December 2002,GESIS Variable Report,280,ZA3886
v244,v244 0 1 N Sum N Valid Sum,Q60 BLOOD DONAT REW: GET DAYS OFF WORK,isocntry AT 968 (94.6) 55 (5.4) 1023 1023 BE 809 (72.9) 301 (27.1) 1110 1110 DE-E 959 (94.0) 61 (6.0) 1020 1020 DE-W 969 (94.8) 53 (5.2) 1022 1022 DK 968 (96.8) 32 (3.2) 1000 1000 ES 955 (95.5) 45 (4.5) 1000 1000 FI 944 (92.2) 80 (7.8) 1024 1024 FR 938 (90.5) 99 (9.5) 1037 1037 GB-GBN 915 (90.6) 95 (9.4) 1010 1010 GB-NIR 284 (94.0) 18 (6.0) 302 302 GR 653 (65.1) 350 (34.9) 1003 1003 IE 907 (89.5) 106 (10.5) 1013 1013 IT 773 (75.3) 254 (24.7) 1027 1027 LU 477 (79.2) 125 (20.8) 602 602 NL 973 (94.0) 62 (6.0) 1035 1035 PT 686 (68.5) 316 (31.5) 1002 1002 SE 957 (95.7) 43 (4.3) 1000 1000 N Sum 14135 2095 16230 N Valid Sum 14135 2095 16230 printed 25.01.2012 page 255 Eurobarometer 58.2 - October-December 2002,isocntry AT 968 (94.6) 55 (5.4) 1023 1023 BE 809 (72.9) 301 (27.1) 1110 1110 DE-E 959 (94.0) 61 (6.0) 1020 1020 DE-W 969 (94.8) 53 (5.2) 1022 1022 DK 968 (96.8) 32 (3.2) 1000 1000 ES 955 (95.5) 45 (4.5) 1000 1000 FI 944 (92.2) 80 (7.8) 1024 1024 FR 938 (90.5) 99 (9.5) 1037 1037 GB-GBN 915 (90.6) 95 (9.4) 1010 1010 GB-NIR 284 (94.0) 18 (6.0) 302 302 GR 653 (65.1) 350 (34.9) 1003 1003 IE 907 (89.5) 106 (10.5) 1013 1013 IT 773 (75.3) 254 (24.7) 1027 1027 LU 477 (79.2) 125 (20.8) 602 602 NL 973 (94.0) 62 (6.0) 1035 1035 PT 686 (68.5) 316 (31.5) 1002 1002 SE 957 (95.7) 43 (4.3) 1000 1000 N Sum 14135 2095 16230 N Valid Sum 14135 2095 16230 printed 25.01.2012 page 255 Eurobarometer 58.2 - October-December 2002,GESIS Variable Report,281,ZA3886
v245,v245 0 1 N Sum N Valid Sum,Q60 BLOOD DONAT REW: REIMBURSE EXPENSES,isocntry AT 821 (80.3) 202 (19.7) 1023 1023 BE 816 (73.5) 294 (26.5) 1110 1110 DE-E 653 (64.0) 367 (36.0) 1020 1020 DE-W 727 (71.1) 295 (28.9) 1022 1022 DK 562 (56.2) 438 (43.8) 1000 1000 ES 886 (88.6) 114 (11.4) 1000 1000 FI 874 (85.4) 150 (14.6) 1024 1024 FR 862 (83.1) 175 (16.9) 1037 1037 GB-GBN 796 (78.8) 214 (21.2) 1010 1010 GB-NIR 262 (86.8) 40 (13.2) 302 302 GR 934 (93.1) 69 (6.9) 1003 1003 IE 903 (89.1) 110 (10.9) 1013 1013 IT 903 (87.9) 124 (12.1) 1027 1027 LU 484 (80.4) 118 (19.6) 602 602 NL 707 (68.3) 328 (31.7) 1035 1035 PT 836 (83.4) 166 (16.6) 1002 1002 SE 473 (47.3) 527 (52.7) 1000 1000 N Sum 12499 3731 16230 N Valid Sum 12499 3731 16230 printed 25.01.2012 page 256 Eurobarometer 58.2 - October-December 2002,isocntry AT 821 (80.3) 202 (19.7) 1023 1023 BE 816 (73.5) 294 (26.5) 1110 1110 DE-E 653 (64.0) 367 (36.0) 1020 1020 DE-W 727 (71.1) 295 (28.9) 1022 1022 DK 562 (56.2) 438 (43.8) 1000 1000 ES 886 (88.6) 114 (11.4) 1000 1000 FI 874 (85.4) 150 (14.6) 1024 1024 FR 862 (83.1) 175 (16.9) 1037 1037 GB-GBN 796 (78.8) 214 (21.2) 1010 1010 GB-NIR 262 (86.8) 40 (13.2) 302 302 GR 934 (93.1) 69 (6.9) 1003 1003 IE 903 (89.1) 110 (10.9) 1013 1013 IT 903 (87.9) 124 (12.1) 1027 1027 LU 484 (80.4) 118 (19.6) 602 602 NL 707 (68.3) 328 (31.7) 1035 1035 PT 836 (83.4) 166 (16.6) 1002 1002 SE 473 (47.3) 527 (52.7) 1000 1000 N Sum 12499 3731 16230 N Valid Sum 12499 3731 16230 printed 25.01.2012 page 256 Eurobarometer 58.2 - October-December 2002,GESIS Variable Report,282,ZA3886
v246,v246 0 1 N Sum N Valid Sum,Q60 BLOOD DONAT REW: SMALL GIFT,isocntry AT 756 (73.9) 267 (26.1) 1023 1023 BE 846 (76.2) 264 (23.8) 1110 1110 DE-E 819 (80.3) 201 (19.7) 1020 1020 DE-W 845 (82.7) 177 (17.3) 1022 1022 DK 863 (86.3) 137 (13.7) 1000 1000 ES 883 (88.3) 117 (11.7) 1000 1000 FI 789 (77.1) 235 (22.9) 1024 1024 FR 873 (84.2) 164 (15.8) 1037 1037 GB-GBN 939 (93.0) 71 (7.0) 1010 1010 GB-NIR 287 (95.0) 15 (5.0) 302 302 GR 966 (96.3) 37 (3.7) 1003 1003 IE 907 (89.5) 106 (10.5) 1013 1013 IT 964 (93.9) 63 (6.1) 1027 1027 LU 521 (86.5) 81 (13.5) 602 602 NL 793 (76.6) 242 (23.4) 1035 1035 PT 923 (92.1) 79 (7.9) 1002 1002 SE 703 (70.3) 297 (29.7) 1000 1000 N Sum 13677 2553 16230 N Valid Sum 13677 2553 16230 printed 25.01.2012 page 257 Eurobarometer 58.2 - October-December 2002,isocntry AT 756 (73.9) 267 (26.1) 1023 1023 BE 846 (76.2) 264 (23.8) 1110 1110 DE-E 819 (80.3) 201 (19.7) 1020 1020 DE-W 845 (82.7) 177 (17.3) 1022 1022 DK 863 (86.3) 137 (13.7) 1000 1000 ES 883 (88.3) 117 (11.7) 1000 1000 FI 789 (77.1) 235 (22.9) 1024 1024 FR 873 (84.2) 164 (15.8) 1037 1037 GB-GBN 939 (93.0) 71 (7.0) 1010 1010 GB-NIR 287 (95.0) 15 (5.0) 302 302 GR 966 (96.3) 37 (3.7) 1003 1003 IE 907 (89.5) 106 (10.5) 1013 1013 IT 964 (93.9) 63 (6.1) 1027 1027 LU 521 (86.5) 81 (13.5) 602 602 NL 793 (76.6) 242 (23.4) 1035 1035 PT 923 (92.1) 79 (7.9) 1002 1002 SE 703 (70.3) 297 (29.7) 1000 1000 N Sum 13677 2553 16230 N Valid Sum 13677 2553 16230 printed 25.01.2012 page 257 Eurobarometer 58.2 - October-December 2002,GESIS Variable Report,283,ZA3886
v247,v247 0 1 N Sum N Valid Sum,Q60 BLOOD DONAT REW: FEE OF 10 EUROS,isocntry AT 868 (84.8) 155 (15.2) 1023 1023 BE 1012 (91.2) 98 (8.8) 1110 1110 DE-E 811 (79.5) 209 (20.5) 1020 1020 DE-W 906 (88.6) 116 (11.4) 1022 1022 DK 953 (95.3) 47 (4.7) 1000 1000 ES 965 (96.5) 35 (3.5) 1000 1000 FI 973 (95.0) 51 (5.0) 1024 1024 FR 1009 (97.3) 28 (2.7) 1037 1037 GB-GBN 967 (95.7) 43 (4.3) 1010 1010 GB-NIR 282 (93.4) 20 (6.6) 302 302 GR 997 (99.4) 6 (0.6) 1003 1003 IE 995 (98.2) 18 (1.8) 1013 1013 IT 1007 (98.1) 20 (1.9) 1027 1027 LU 586 (97.3) 16 (2.7) 602 602 NL 1002 (96.8) 33 (3.2) 1035 1035 PT 987 (98.5) 15 (1.5) 1002 1002 SE 820 (82.0) 180 (18.0) 1000 1000 N Sum 15140 1090 16230 N Valid Sum 15140 1090 16230 printed 25.01.2012 page 258 Eurobarometer 58.2 - October-December 2002,isocntry AT 868 (84.8) 155 (15.2) 1023 1023 BE 1012 (91.2) 98 (8.8) 1110 1110 DE-E 811 (79.5) 209 (20.5) 1020 1020 DE-W 906 (88.6) 116 (11.4) 1022 1022 DK 953 (95.3) 47 (4.7) 1000 1000 ES 965 (96.5) 35 (3.5) 1000 1000 FI 973 (95.0) 51 (5.0) 1024 1024 FR 1009 (97.3) 28 (2.7) 1037 1037 GB-GBN 967 (95.7) 43 (4.3) 1010 1010 GB-NIR 282 (93.4) 20 (6.6) 302 302 GR 997 (99.4) 6 (0.6) 1003 1003 IE 995 (98.2) 18 (1.8) 1013 1013 IT 1007 (98.1) 20 (1.9) 1027 1027 LU 586 (97.3) 16 (2.7) 602 602 NL 1002 (96.8) 33 (3.2) 1035 1035 PT 987 (98.5) 15 (1.5) 1002 1002 SE 820 (82.0) 180 (18.0) 1000 1000 N Sum 15140 1090 16230 N Valid Sum 15140 1090 16230 printed 25.01.2012 page 258 Eurobarometer 58.2 - October-December 2002,GESIS Variable Report,284,ZA3886
v248,v248 0 1 N Sum N Valid Sum,Q60 BLOOD DONAT REW: FEE OF 25 EUROS,isocntry AT 917 (89.6) 106 (10.4) 1023 1023 BE 1032 (93.0) 78 (7.0) 1110 1110 DE-E 748 (73.3) 272 (26.7) 1020 1020 DE-W 846 (82.8) 176 (17.2) 1022 1022 DK 969 (96.9) 31 (3.1) 1000 1000 ES 979 (97.9) 21 (2.1) 1000 1000 FI 1007 (98.3) 17 (1.7) 1024 1024 FR 1018 (98.2) 19 (1.8) 1037 1037 GB-GBN 982 (97.2) 28 (2.8) 1010 1010 GB-NIR 295 (97.7) 7 (2.3) 302 302 GR 993 (99.0) 10 (1.0) 1003 1003 IE 980 (96.7) 33 (3.3) 1013 1013 IT 1018 (99.1) 9 (0.9) 1027 1027 LU 589 (97.8) 13 (2.2) 602 602 NL 998 (96.4) 37 (3.6) 1035 1035 PT 979 (97.7) 23 (2.3) 1002 1002 SE 849 (84.9) 151 (15.1) 1000 1000 N Sum 15199 1031 16230 N Valid Sum 15199 1031 16230 printed 25.01.2012 page 259 Eurobarometer 58.2 - October-December 2002,isocntry AT 917 (89.6) 106 (10.4) 1023 1023 BE 1032 (93.0) 78 (7.0) 1110 1110 DE-E 748 (73.3) 272 (26.7) 1020 1020 DE-W 846 (82.8) 176 (17.2) 1022 1022 DK 969 (96.9) 31 (3.1) 1000 1000 ES 979 (97.9) 21 (2.1) 1000 1000 FI 1007 (98.3) 17 (1.7) 1024 1024 FR 1018 (98.2) 19 (1.8) 1037 1037 GB-GBN 982 (97.2) 28 (2.8) 1010 1010 GB-NIR 295 (97.7) 7 (2.3) 302 302 GR 993 (99.0) 10 (1.0) 1003 1003 IE 980 (96.7) 33 (3.3) 1013 1013 IT 1018 (99.1) 9 (0.9) 1027 1027 LU 589 (97.8) 13 (2.2) 602 602 NL 998 (96.4) 37 (3.6) 1035 1035 PT 979 (97.7) 23 (2.3) 1002 1002 SE 849 (84.9) 151 (15.1) 1000 1000 N Sum 15199 1031 16230 N Valid Sum 15199 1031 16230 printed 25.01.2012 page 259 Eurobarometer 58.2 - October-December 2002,GESIS Variable Report,285,ZA3886
v249,v249 0 1 N Sum N Valid Sum,Q60 BLOOD DONAT REW: FEE OF 100 EUROS,isocntry AT 974 (95.2) 49 (4.8) 1023 1023 BE 1073 (96.7) 37 (3.3) 1110 1110 DE-E 956 (93.7) 64 (6.3) 1020 1020 DE-W 969 (94.8) 53 (5.2) 1022 1022 DK 996 (99.6) 4 (0.4) 1000 1000 ES 960 (96.0) 40 (4.0) 1000 1000 FI 1014 (99.0) 10 (1.0) 1024 1024 FR 1010 (97.4) 27 (2.6) 1037 1037 GB-GBN 995 (98.5) 15 (1.5) 1010 1010 GB-NIR 300 (99.3) 2 (0.7) 302 302 GR 988 (98.5) 15 (1.5) 1003 1003 IE 991 (97.8) 22 (2.2) 1013 1013 IT 1020 (99.3) 7 (0.7) 1027 1027 LU 599 (99.5) 3 (0.5) 602 602 NL 1021 (98.6) 14 (1.4) 1035 1035 PT 982 (98.0) 20 (2.0) 1002 1002 SE 974 (97.4) 26 (2.6) 1000 1000 N Sum 15822 408 16230 N Valid Sum 15822 408 16230 printed 25.01.2012 page 260 Eurobarometer 58.2 - October-December 2002,isocntry AT 974 (95.2) 49 (4.8) 1023 1023 BE 1073 (96.7) 37 (3.3) 1110 1110 DE-E 956 (93.7) 64 (6.3) 1020 1020 DE-W 969 (94.8) 53 (5.2) 1022 1022 DK 996 (99.6) 4 (0.4) 1000 1000 ES 960 (96.0) 40 (4.0) 1000 1000 FI 1014 (99.0) 10 (1.0) 1024 1024 FR 1010 (97.4) 27 (2.6) 1037 1037 GB-GBN 995 (98.5) 15 (1.5) 1010 1010 GB-NIR 300 (99.3) 2 (0.7) 302 302 GR 988 (98.5) 15 (1.5) 1003 1003 IE 991 (97.8) 22 (2.2) 1013 1013 IT 1020 (99.3) 7 (0.7) 1027 1027 LU 599 (99.5) 3 (0.5) 602 602 NL 1021 (98.6) 14 (1.4) 1035 1035 PT 982 (98.0) 20 (2.0) 1002 1002 SE 974 (97.4) 26 (2.6) 1000 1000 N Sum 15822 408 16230 N Valid Sum 15822 408 16230 printed 25.01.2012 page 260 Eurobarometer 58.2 - October-December 2002,GESIS Variable Report,286,ZA3886
v250,v250 0 1 N Sum N Valid Sum,Q60 BLOOD DONAT REW: NOT ANYTHING,isocntry AT 906 (88.6) 117 (11.4) 1023 1023 BE 909 (81.9) 201 (18.1) 1110 1110 DE-E 946 (92.7) 74 (7.3) 1020 1020 DE-W 823 (80.5) 199 (19.5) 1022 1022 DK 878 (87.8) 122 (12.2) 1000 1000 ES 660 (66.0) 340 (34.0) 1000 1000 FI 845 (82.5) 179 (17.5) 1024 1024 FR 723 (69.7) 314 (30.3) 1037 1037 GB-GBN 829 (82.1) 181 (17.9) 1010 1010 GB-NIR 251 (83.1) 51 (16.9) 302 302 GR 524 (52.2) 479 (47.8) 1003 1003 IE 761 (75.1) 252 (24.9) 1013 1013 IT 658 (64.1) 369 (35.9) 1027 1027 LU 479 (79.6) 123 (20.4) 602 602 NL 804 (77.7) 231 (22.3) 1035 1035 PT 845 (84.3) 157 (15.7) 1002 1002 SE 977 (97.7) 23 (2.3) 1000 1000 N Sum 12818 3412 16230 N Valid Sum 12818 3412 16230 printed 25.01.2012 page 261 Eurobarometer 58.2 - October-December 2002,isocntry AT 906 (88.6) 117 (11.4) 1023 1023 BE 909 (81.9) 201 (18.1) 1110 1110 DE-E 946 (92.7) 74 (7.3) 1020 1020 DE-W 823 (80.5) 199 (19.5) 1022 1022 DK 878 (87.8) 122 (12.2) 1000 1000 ES 660 (66.0) 340 (34.0) 1000 1000 FI 845 (82.5) 179 (17.5) 1024 1024 FR 723 (69.7) 314 (30.3) 1037 1037 GB-GBN 829 (82.1) 181 (17.9) 1010 1010 GB-NIR 251 (83.1) 51 (16.9) 302 302 GR 524 (52.2) 479 (47.8) 1003 1003 IE 761 (75.1) 252 (24.9) 1013 1013 IT 658 (64.1) 369 (35.9) 1027 1027 LU 479 (79.6) 123 (20.4) 602 602 NL 804 (77.7) 231 (22.3) 1035 1035 PT 845 (84.3) 157 (15.7) 1002 1002 SE 977 (97.7) 23 (2.3) 1000 1000 N Sum 12818 3412 16230 N Valid Sum 12818 3412 16230 printed 25.01.2012 page 261 Eurobarometer 58.2 - October-December 2002,GESIS Variable Report,287,ZA3886
v251,v251 0 1 N Sum N Valid Sum,Q60 BLOOD DONAT REW: OTHER,isocntry AT 1007 (98.4) 16 (1.6) 1023 1023 BE 1098 (98.9) 12 (1.1) 1110 1110 DE-E 1016 (99.6) 4 (0.4) 1020 1020 DE-W 1018 (99.6) 4 (0.4) 1022 1022 DK 989 (98.9) 11 (1.1) 1000 1000 ES 982 (98.2) 18 (1.8) 1000 1000 FI 1013 (98.9) 11 (1.1) 1024 1024 FR 1022 (98.6) 15 (1.4) 1037 1037 GB-GBN 1001 (99.1) 9 (0.9) 1010 1010 GB-NIR 301 (99.7) 1 (0.3) 302 302 GR 998 (99.5) 5 (0.5) 1003 1003 IE 1000 (98.7) 13 (1.3) 1013 1013 IT 1008 (98.1) 19 (1.9) 1027 1027 LU 593 (98.5) 9 (1.5) 602 602 NL 1030 (99.5) 5 (0.5) 1035 1035 PT 979 (97.7) 23 (2.3) 1002 1002 SE 996 (99.6) 4 (0.4) 1000 1000 N Sum 16051 179 16230 N Valid Sum 16051 179 16230 printed 25.01.2012 page 262 Eurobarometer 58.2 - October-December 2002,isocntry AT 1007 (98.4) 16 (1.6) 1023 1023 BE 1098 (98.9) 12 (1.1) 1110 1110 DE-E 1016 (99.6) 4 (0.4) 1020 1020 DE-W 1018 (99.6) 4 (0.4) 1022 1022 DK 989 (98.9) 11 (1.1) 1000 1000 ES 982 (98.2) 18 (1.8) 1000 1000 FI 1013 (98.9) 11 (1.1) 1024 1024 FR 1022 (98.6) 15 (1.4) 1037 1037 GB-GBN 1001 (99.1) 9 (0.9) 1010 1010 GB-NIR 301 (99.7) 1 (0.3) 302 302 GR 998 (99.5) 5 (0.5) 1003 1003 IE 1000 (98.7) 13 (1.3) 1013 1013 IT 1008 (98.1) 19 (1.9) 1027 1027 LU 593 (98.5) 9 (1.5) 602 602 NL 1030 (99.5) 5 (0.5) 1035 1035 PT 979 (97.7) 23 (2.3) 1002 1002 SE 996 (99.6) 4 (0.4) 1000 1000 N Sum 16051 179 16230 N Valid Sum 16051 179 16230 printed 25.01.2012 page 262 Eurobarometer 58.2 - October-December 2002,GESIS Variable Report,288,ZA3886
v252,v252 0 1 N Sum N Valid Sum,Q60 BLOOD DONAT REW: DK,isocntry AT 951 (93.0) 72 (7.0) 1023 1023 BE 1019 (91.8) 91 (8.2) 1110 1110 DE-E 965 (94.6) 55 (5.4) 1020 1020 DE-W 955 (93.4) 67 (6.6) 1022 1022 DK 988 (98.8) 12 (1.2) 1000 1000 ES 853 (85.3) 147 (14.7) 1000 1000 FI 985 (96.2) 39 (3.8) 1024 1024 FR 978 (94.3) 59 (5.7) 1037 1037 GB-GBN 961 (95.1) 49 (4.9) 1010 1010 GB-NIR 289 (95.7) 13 (4.3) 302 302 GR 981 (97.8) 22 (2.2) 1003 1003 IE 872 (86.1) 141 (13.9) 1013 1013 IT 975 (94.9) 52 (5.1) 1027 1027 LU 590 (98.0) 12 (2.0) 602 602 NL 998 (96.4) 37 (3.6) 1035 1035 PT 909 (90.7) 93 (9.3) 1002 1002 SE 981 (98.1) 19 (1.9) 1000 1000 N Sum 15250 980 16230 N Valid Sum 15250 980 16230 printed 25.01.2012 page 263 Eurobarometer 58.2 - October-December 2002,isocntry AT 951 (93.0) 72 (7.0) 1023 1023 BE 1019 (91.8) 91 (8.2) 1110 1110 DE-E 965 (94.6) 55 (5.4) 1020 1020 DE-W 955 (93.4) 67 (6.6) 1022 1022 DK 988 (98.8) 12 (1.2) 1000 1000 ES 853 (85.3) 147 (14.7) 1000 1000 FI 985 (96.2) 39 (3.8) 1024 1024 FR 978 (94.3) 59 (5.7) 1037 1037 GB-GBN 961 (95.1) 49 (4.9) 1010 1010 GB-NIR 289 (95.7) 13 (4.3) 302 302 GR 981 (97.8) 22 (2.2) 1003 1003 IE 872 (86.1) 141 (13.9) 1013 1013 IT 975 (94.9) 52 (5.1) 1027 1027 LU 590 (98.0) 12 (2.0) 602 602 NL 998 (96.4) 37 (3.6) 1035 1035 PT 909 (90.7) 93 (9.3) 1002 1002 SE 981 (98.1) 19 (1.9) 1000 1000 N Sum 15250 980 16230 N Valid Sum 15250 980 16230 printed 25.01.2012 page 263 Eurobarometer 58.2 - October-December 2002,GESIS Variable Report,289,ZA3886
v253,v253 1 2 3 4 N Sum N Valid Sum,Q61 BLOOD TRANSFUSION SAFETY - NOWADAYS,isocntry M AT 694 (73.5) 208 (22.0) 42 (4.4) 79 1023 944 BE 612 (60.0) 239 (23.4) 169 (16.6) 90 1110 1020 DE-E 478 (54.3) 249 (28.3) 153 (17.4) 140 1020 880 DE-W 540 (58.4) 250 (27.1) 134 (14.5) 98 1022 924 DK 748 (79.0) 156 (16.5) 43 (4.5) 54 1001 947 ES 789 (85.5) 109 (11.8) 25 (2.7) 77 1000 923 FI 524 (52.9) 310 (31.3) 157 (15.8) 32 1023 991 FR 646 (68.1) 170 (17.9) 133 (14.0) 89 1038 949 GB-GBN 530 (60.8) 178 (20.4) 164 (18.8) 138 1010 872 GB-NIR 167 (61.2) 57 (20.9) 49 (17.9) 29 302 273 GR 457 (50.2) 188 (20.6) 266 (29.2) 92 1003 911 IE 547 (64.0) 153 (17.9) 155 (18.1) 158 1013 855 IT 762 (80.1) 108 (11.4) 81 (8.5) 76 1027 951 LU 408 (72.3) 88 (15.6) 68 (12.1) 38 602 564 NL 636 (66.7) 173 (18.1) 145 (15.2) 81 1035 954 PT 557 (63.4) 157 (17.9) 164 (18.7) 124 1002 878 SE 812 (83.4) 105 (10.8) 57 (5.9) 26 1000 974 N Sum 9907 2898 2005 1421 16231 N Valid Sum 9907 2898 2005 14810 printed 25.01.2012 page 264 Eurobarometer 58.2 - October-December 2002,isocntry M AT 694 (73.5) 208 (22.0) 42 (4.4) 79 1023 944 BE 612 (60.0) 239 (23.4) 169 (16.6) 90 1110 1020 DE-E 478 (54.3) 249 (28.3) 153 (17.4) 140 1020 880 DE-W 540 (58.4) 250 (27.1) 134 (14.5) 98 1022 924 DK 748 (79.0) 156 (16.5) 43 (4.5) 54 1001 947 ES 789 (85.5) 109 (11.8) 25 (2.7) 77 1000 923 FI 524 (52.9) 310 (31.3) 157 (15.8) 32 1023 991 FR 646 (68.1) 170 (17.9) 133 (14.0) 89 1038 949 GB-GBN 530 (60.8) 178 (20.4) 164 (18.8) 138 1010 872 GB-NIR 167 (61.2) 57 (20.9) 49 (17.9) 29 302 273 GR 457 (50.2) 188 (20.6) 266 (29.2) 92 1003 911 IE 547 (64.0) 153 (17.9) 155 (18.1) 158 1013 855 IT 762 (80.1) 108 (11.4) 81 (8.5) 76 1027 951 LU 408 (72.3) 88 (15.6) 68 (12.1) 38 602 564 NL 636 (66.7) 173 (18.1) 145 (15.2) 81 1035 954 PT 557 (63.4) 157 (17.9) 164 (18.7) 124 1002 878 SE 812 (83.4) 105 (10.8) 57 (5.9) 26 1000 974 N Sum 9907 2898 2005 1421 16231 N Valid Sum 9907 2898 2005 14810 printed 25.01.2012 page 264 Eurobarometer 58.2 - October-December 2002,GESIS Variable Report,290,ZA3886
v254,v254 1 2 3 N Sum N Valid Sum,Q62 ORGAN DONATION - DISCUSSED IN FAMILY,isocntry M AT 414 (42.0) 571 (58.0) 39 1024 985 BE 348 (31.9) 743 (68.1) 19 1110 1091 DE-E 356 (35.7) 642 (64.3) 22 1020 998 DE-W 435 (43.8) 558 (56.2) 30 1023 993 DK 634 (63.7) 361 (36.3) 5 1000 995 ES 527 (53.0) 467 (47.0) 6 1000 994 FI 458 (45.1) 558 (54.9) 8 1024 1016 FR 427 (41.7) 597 (58.3) 13 1037 1024 GB-GBN 379 (38.0) 619 (62.0) 13 1011 998 GB-NIR 101 (33.6) 200 (66.4) 1 302 301 GR 295 (29.6) 702 (70.4) 6 1003 997 IE 293 (29.6) 697 (70.4) 23 1013 990 IT 706 (69.9) 304 (30.1) 17 1027 1010 LU 270 (45.2) 328 (54.8) 3 601 598 NL 633 (61.8) 391 (38.2) 11 1035 1024 PT 213 (21.6) 775 (78.4) 14 1002 988 SE 561 (56.6) 430 (43.4) 9 1000 991 N Sum 7050 8943 239 16232 N Valid Sum 7050 8943 15993 printed 25.01.2012 page 265 Eurobarometer 58.2 - October-December 2002,isocntry M AT 414 (42.0) 571 (58.0) 39 1024 985 BE 348 (31.9) 743 (68.1) 19 1110 1091 DE-E 356 (35.7) 642 (64.3) 22 1020 998 DE-W 435 (43.8) 558 (56.2) 30 1023 993 DK 634 (63.7) 361 (36.3) 5 1000 995 ES 527 (53.0) 467 (47.0) 6 1000 994 FI 458 (45.1) 558 (54.9) 8 1024 1016 FR 427 (41.7) 597 (58.3) 13 1037 1024 GB-GBN 379 (38.0) 619 (62.0) 13 1011 998 GB-NIR 101 (33.6) 200 (66.4) 1 302 301 GR 295 (29.6) 702 (70.4) 6 1003 997 IE 293 (29.6) 697 (70.4) 23 1013 990 IT 706 (69.9) 304 (30.1) 17 1027 1010 LU 270 (45.2) 328 (54.8) 3 601 598 NL 633 (61.8) 391 (38.2) 11 1035 1024 PT 213 (21.6) 775 (78.4) 14 1002 988 SE 561 (56.6) 430 (43.4) 9 1000 991 N Sum 7050 8943 239 16232 N Valid Sum 7050 8943 15993 printed 25.01.2012 page 265 Eurobarometer 58.2 - October-December 2002,GESIS Variable Report,291,ZA3886
v255,v255 1 2 3 N Sum N Valid Sum,Q63 ORGAN DONATION - LEGAL RULES KNOWN,isocntry M AT 258 (28.2) 658 (71.8) 107 1023 916 BE 395 (37.8) 650 (62.2) 65 1110 1045 DE-E 283 (30.4) 648 (69.6) 89 1020 931 DE-W 367 (39.3) 568 (60.7) 87 1022 935 DK 435 (44.5) 542 (55.5) 23 1000 977 ES 172 (18.4) 763 (81.6) 65 1000 935 FI 280 (28.2) 713 (71.8) 31 1024 993 FR 264 (26.6) 727 (73.4) 46 1037 991 GB-GBN 218 (23.2) 723 (76.8) 69 1010 941 GB-NIR 38 (13.6) 241 (86.4) 23 302 279 GR 232 (25.3) 685 (74.7) 86 1003 917 IE 146 (16.0) 767 (84.0) 100 1013 913 IT 650 (69.5) 285 (30.5) 93 1028 935 LU 102 (17.4) 485 (82.6) 15 602 587 NL 516 (52.7) 464 (47.3) 55 1035 980 PT 311 (34.2) 598 (65.8) 93 1002 909 SE 317 (33.0) 643 (67.0) 41 1001 960 N Sum 4984 10160 1088 16232 N Valid Sum 4984 10160 15144 printed 25.01.2012 page 266 Eurobarometer 58.2 - October-December 2002,isocntry M AT 258 (28.2) 658 (71.8) 107 1023 916 BE 395 (37.8) 650 (62.2) 65 1110 1045 DE-E 283 (30.4) 648 (69.6) 89 1020 931 DE-W 367 (39.3) 568 (60.7) 87 1022 935 DK 435 (44.5) 542 (55.5) 23 1000 977 ES 172 (18.4) 763 (81.6) 65 1000 935 FI 280 (28.2) 713 (71.8) 31 1024 993 FR 264 (26.6) 727 (73.4) 46 1037 991 GB-GBN 218 (23.2) 723 (76.8) 69 1010 941 GB-NIR 38 (13.6) 241 (86.4) 23 302 279 GR 232 (25.3) 685 (74.7) 86 1003 917 IE 146 (16.0) 767 (84.0) 100 1013 913 IT 650 (69.5) 285 (30.5) 93 1028 935 LU 102 (17.4) 485 (82.6) 15 602 587 NL 516 (52.7) 464 (47.3) 55 1035 980 PT 311 (34.2) 598 (65.8) 93 1002 909 SE 317 (33.0) 643 (67.0) 41 1001 960 N Sum 4984 10160 1088 16232 N Valid Sum 4984 10160 15144 printed 25.01.2012 page 266 Eurobarometer 58.2 - October-December 2002,GESIS Variable Report,292,ZA3886
v256,,Q64 ORGAN DONATION - PERSONALLY PREPARED,,Q64 ORGAN DONATION - PERSONALLY PREPARED,GESIS Variable Report,293,ZA3886
v257,v257 1 2 3 N Sum N Valid Sum,Q65 ORGAN DONATION - CONSENT FR RELATIVE,isocntry M AT 436 (62.8) 258 (37.2) 329 1023 694 BE 516 (66.0) 266 (34.0) 328 1110 782 DE-E 325 (54.3) 274 (45.7) 422 1021 599 DE-W 369 (56.5) 284 (43.5) 369 1022 653 DK 519 (70.3) 219 (29.7) 262 1000 738 ES 521 (82.8) 108 (17.2) 372 1001 629 FI 645 (77.7) 185 (22.3) 194 1024 830 FR 463 (64.2) 258 (35.8) 316 1037 721 GB-GBN 501 (76.4) 155 (23.6) 355 1011 656 GB-NIR 164 (73.2) 60 (26.8) 78 302 224 GR 518 (66.6) 260 (33.4) 224 1002 778 IE 520 (82.0) 114 (18.0) 379 1013 634 IT 502 (76.1) 158 (23.9) 367 1027 660 LU 327 (71.1) 133 (28.9) 142 602 460 NL 449 (61.6) 280 (38.4) 306 1035 729 PT 459 (64.5) 253 (35.5) 290 1002 712 SE 620 (76.8) 187 (23.2) 194 1001 807 N Sum 7854 3452 4927 16233 N Valid Sum 7854 3452 11306 printed 25.01.2012 page 268 Eurobarometer 58.2 - October-December 2002,isocntry M AT 436 (62.8) 258 (37.2) 329 1023 694 BE 516 (66.0) 266 (34.0) 328 1110 782 DE-E 325 (54.3) 274 (45.7) 422 1021 599 DE-W 369 (56.5) 284 (43.5) 369 1022 653 DK 519 (70.3) 219 (29.7) 262 1000 738 ES 521 (82.8) 108 (17.2) 372 1001 629 FI 645 (77.7) 185 (22.3) 194 1024 830 FR 463 (64.2) 258 (35.8) 316 1037 721 GB-GBN 501 (76.4) 155 (23.6) 355 1011 656 GB-NIR 164 (73.2) 60 (26.8) 78 302 224 GR 518 (66.6) 260 (33.4) 224 1002 778 IE 520 (82.0) 114 (18.0) 379 1013 634 IT 502 (76.1) 158 (23.9) 367 1027 660 LU 327 (71.1) 133 (28.9) 142 602 460 NL 449 (61.6) 280 (38.4) 306 1035 729 PT 459 (64.5) 253 (35.5) 290 1002 712 SE 620 (76.8) 187 (23.2) 194 1001 807 N Sum 7854 3452 4927 16233 N Valid Sum 7854 3452 11306 printed 25.01.2012 page 268 Eurobarometer 58.2 - October-December 2002,GESIS Variable Report,294,ZA3886
v258,v258 0 1 N Sum N Valid Sum,Q66 TRANSPLANT POSSIBLE: BONE,isocntry AT 652 (63.7) 371 (36.3) 1023 1023 BE 864 (77.8) 246 (22.2) 1110 1110 DE-E 711 (69.7) 309 (30.3) 1020 1020 DE-W 709 (69.4) 313 (30.6) 1022 1022 DK 685 (68.5) 315 (31.5) 1000 1000 ES 787 (78.7) 213 (21.3) 1000 1000 FI 460 (44.9) 564 (55.1) 1024 1024 FR 837 (80.7) 200 (19.3) 1037 1037 GB-GBN 632 (62.6) 378 (37.4) 1010 1010 GB-NIR 218 (72.2) 84 (27.8) 302 302 GR 843 (84.0) 160 (16.0) 1003 1003 IE 627 (61.9) 386 (38.1) 1013 1013 IT 900 (87.6) 127 (12.4) 1027 1027 LU 519 (86.2) 83 (13.8) 602 602 NL 579 (55.9) 456 (44.1) 1035 1035 PT 834 (83.2) 168 (16.8) 1002 1002 SE 695 (69.5) 305 (30.5) 1000 1000 N Sum 11552 4678 16230 N Valid Sum 11552 4678 16230 printed 25.01.2012 page 269 Eurobarometer 58.2 - October-December 2002,isocntry AT 652 (63.7) 371 (36.3) 1023 1023 BE 864 (77.8) 246 (22.2) 1110 1110 DE-E 711 (69.7) 309 (30.3) 1020 1020 DE-W 709 (69.4) 313 (30.6) 1022 1022 DK 685 (68.5) 315 (31.5) 1000 1000 ES 787 (78.7) 213 (21.3) 1000 1000 FI 460 (44.9) 564 (55.1) 1024 1024 FR 837 (80.7) 200 (19.3) 1037 1037 GB-GBN 632 (62.6) 378 (37.4) 1010 1010 GB-NIR 218 (72.2) 84 (27.8) 302 302 GR 843 (84.0) 160 (16.0) 1003 1003 IE 627 (61.9) 386 (38.1) 1013 1013 IT 900 (87.6) 127 (12.4) 1027 1027 LU 519 (86.2) 83 (13.8) 602 602 NL 579 (55.9) 456 (44.1) 1035 1035 PT 834 (83.2) 168 (16.8) 1002 1002 SE 695 (69.5) 305 (30.5) 1000 1000 N Sum 11552 4678 16230 N Valid Sum 11552 4678 16230 printed 25.01.2012 page 269 Eurobarometer 58.2 - October-December 2002,GESIS Variable Report,295,ZA3886
v259,v259 0 1 N Sum N Valid Sum,Q66 TRANSPLANT POSSIBLE: EYES (CORNEA),isocntry AT 531 (51.9) 492 (48.1) 1023 1023 BE 542 (48.8) 568 (51.2) 1110 1110 DE-E 466 (45.7) 554 (54.3) 1020 1020 DE-W 349 (34.1) 673 (65.9) 1022 1022 DK 283 (28.3) 717 (71.7) 1000 1000 ES 332 (33.2) 668 (66.8) 1000 1000 FI 347 (33.9) 677 (66.1) 1024 1024 FR 337 (32.5) 700 (67.5) 1037 1037 GB-GBN 248 (24.6) 762 (75.4) 1010 1010 GB-NIR 100 (33.1) 202 (66.9) 302 302 GR 210 (20.9) 793 (79.1) 1003 1003 IE 275 (27.1) 738 (72.9) 1013 1013 IT 111 (10.8) 916 (89.2) 1027 1027 LU 314 (52.2) 288 (47.8) 602 602 NL 182 (17.6) 853 (82.4) 1035 1035 PT 589 (58.8) 413 (41.2) 1002 1002 SE 336 (33.6) 664 (66.4) 1000 1000 N Sum 5552 10678 16230 N Valid Sum 5552 10678 16230 printed 25.01.2012 page 270 Eurobarometer 58.2 - October-December 2002,isocntry AT 531 (51.9) 492 (48.1) 1023 1023 BE 542 (48.8) 568 (51.2) 1110 1110 DE-E 466 (45.7) 554 (54.3) 1020 1020 DE-W 349 (34.1) 673 (65.9) 1022 1022 DK 283 (28.3) 717 (71.7) 1000 1000 ES 332 (33.2) 668 (66.8) 1000 1000 FI 347 (33.9) 677 (66.1) 1024 1024 FR 337 (32.5) 700 (67.5) 1037 1037 GB-GBN 248 (24.6) 762 (75.4) 1010 1010 GB-NIR 100 (33.1) 202 (66.9) 302 302 GR 210 (20.9) 793 (79.1) 1003 1003 IE 275 (27.1) 738 (72.9) 1013 1013 IT 111 (10.8) 916 (89.2) 1027 1027 LU 314 (52.2) 288 (47.8) 602 602 NL 182 (17.6) 853 (82.4) 1035 1035 PT 589 (58.8) 413 (41.2) 1002 1002 SE 336 (33.6) 664 (66.4) 1000 1000 N Sum 5552 10678 16230 N Valid Sum 5552 10678 16230 printed 25.01.2012 page 270 Eurobarometer 58.2 - October-December 2002,GESIS Variable Report,296,ZA3886
v260,v260 0 1 N Sum N Valid Sum,Q66 TRANSPLANT POSSIBLE: SKIN,isocntry AT 447 (43.7) 576 (56.3) 1023 1023 BE 442 (39.8) 668 (60.2) 1110 1110 DE-E 273 (26.8) 747 (73.2) 1020 1020 DE-W 338 (33.1) 684 (66.9) 1022 1022 DK 223 (22.3) 777 (77.7) 1000 1000 ES 608 (60.8) 392 (39.2) 1000 1000 FI 253 (24.7) 771 (75.3) 1024 1024 FR 524 (50.5) 513 (49.5) 1037 1037 GB-GBN 544 (53.9) 466 (46.1) 1010 1010 GB-NIR 190 (62.9) 112 (37.1) 302 302 GR 665 (66.3) 338 (33.7) 1003 1003 IE 655 (64.7) 358 (35.3) 1013 1013 IT 700 (68.2) 327 (31.8) 1027 1027 LU 186 (30.9) 416 (69.1) 602 602 NL 166 (16.0) 869 (84.0) 1035 1035 PT 692 (69.1) 310 (30.9) 1002 1002 SE 253 (25.3) 747 (74.7) 1000 1000 N Sum 7159 9071 16230 N Valid Sum 7159 9071 16230 printed 25.01.2012 page 271 Eurobarometer 58.2 - October-December 2002,isocntry AT 447 (43.7) 576 (56.3) 1023 1023 BE 442 (39.8) 668 (60.2) 1110 1110 DE-E 273 (26.8) 747 (73.2) 1020 1020 DE-W 338 (33.1) 684 (66.9) 1022 1022 DK 223 (22.3) 777 (77.7) 1000 1000 ES 608 (60.8) 392 (39.2) 1000 1000 FI 253 (24.7) 771 (75.3) 1024 1024 FR 524 (50.5) 513 (49.5) 1037 1037 GB-GBN 544 (53.9) 466 (46.1) 1010 1010 GB-NIR 190 (62.9) 112 (37.1) 302 302 GR 665 (66.3) 338 (33.7) 1003 1003 IE 655 (64.7) 358 (35.3) 1013 1013 IT 700 (68.2) 327 (31.8) 1027 1027 LU 186 (30.9) 416 (69.1) 602 602 NL 166 (16.0) 869 (84.0) 1035 1035 PT 692 (69.1) 310 (30.9) 1002 1002 SE 253 (25.3) 747 (74.7) 1000 1000 N Sum 7159 9071 16230 N Valid Sum 7159 9071 16230 printed 25.01.2012 page 271 Eurobarometer 58.2 - October-December 2002,GESIS Variable Report,297,ZA3886
v261,v261 0 1 N Sum N Valid Sum,Q66 TRANSPLANT POSSIBLE: HEART VALVES,isocntry AT 441 (43.1) 582 (56.9) 1023 1023 BE 445 (40.1) 665 (59.9) 1110 1110 DE-E 430 (42.2) 590 (57.8) 1020 1020 DE-W 403 (39.4) 619 (60.6) 1022 1022 DK 320 (32.0) 680 (68.0) 1000 1000 ES 504 (50.4) 496 (49.6) 1000 1000 FI 490 (47.9) 533 (52.1) 1023 1023 FR 426 (41.1) 611 (58.9) 1037 1037 GB-GBN 268 (26.5) 742 (73.5) 1010 1010 GB-NIR 115 (38.1) 187 (61.9) 302 302 GR 324 (32.3) 679 (67.7) 1003 1003 IE 354 (34.9) 659 (65.1) 1013 1013 IT 471 (45.9) 556 (54.1) 1027 1027 LU 234 (38.9) 368 (61.1) 602 602 NL 391 (37.8) 644 (62.2) 1035 1035 PT 409 (40.8) 593 (59.2) 1002 1002 SE 298 (29.8) 702 (70.2) 1000 1000 N Sum 6323 9906 16229 N Valid Sum 6323 9906 16229 printed 25.01.2012 page 272 Eurobarometer 58.2 - October-December 2002,isocntry AT 441 (43.1) 582 (56.9) 1023 1023 BE 445 (40.1) 665 (59.9) 1110 1110 DE-E 430 (42.2) 590 (57.8) 1020 1020 DE-W 403 (39.4) 619 (60.6) 1022 1022 DK 320 (32.0) 680 (68.0) 1000 1000 ES 504 (50.4) 496 (49.6) 1000 1000 FI 490 (47.9) 533 (52.1) 1023 1023 FR 426 (41.1) 611 (58.9) 1037 1037 GB-GBN 268 (26.5) 742 (73.5) 1010 1010 GB-NIR 115 (38.1) 187 (61.9) 302 302 GR 324 (32.3) 679 (67.7) 1003 1003 IE 354 (34.9) 659 (65.1) 1013 1013 IT 471 (45.9) 556 (54.1) 1027 1027 LU 234 (38.9) 368 (61.1) 602 602 NL 391 (37.8) 644 (62.2) 1035 1035 PT 409 (40.8) 593 (59.2) 1002 1002 SE 298 (29.8) 702 (70.2) 1000 1000 N Sum 6323 9906 16229 N Valid Sum 6323 9906 16229 printed 25.01.2012 page 272 Eurobarometer 58.2 - October-December 2002,GESIS Variable Report,298,ZA3886
v262,v262 0 1 N Sum N Valid Sum,Q66 TRANSPLANT POSSIBLE: ARTERIES,isocntry AT 675 (66.0) 348 (34.0) 1023 1023 BE 680 (61.3) 430 (38.7) 1110 1110 DE-E 729 (71.5) 291 (28.5) 1020 1020 DE-W 620 (60.7) 402 (39.3) 1022 1022 DK 486 (48.6) 514 (51.4) 1000 1000 ES 768 (76.8) 232 (23.2) 1000 1000 FI 670 (65.4) 354 (34.6) 1024 1024 FR 742 (71.6) 295 (28.4) 1037 1037 GB-GBN 599 (59.3) 411 (40.7) 1010 1010 GB-NIR 203 (67.2) 99 (32.8) 302 302 GR 613 (61.1) 390 (38.9) 1003 1003 IE 646 (63.8) 367 (36.2) 1013 1013 IT 827 (80.5) 200 (19.5) 1027 1027 LU 412 (68.4) 190 (31.6) 602 602 NL 655 (63.3) 380 (36.7) 1035 1035 PT 671 (67.0) 331 (33.0) 1002 1002 SE 565 (56.5) 435 (43.5) 1000 1000 N Sum 10561 5669 16230 N Valid Sum 10561 5669 16230 printed 25.01.2012 page 273 Eurobarometer 58.2 - October-December 2002,isocntry AT 675 (66.0) 348 (34.0) 1023 1023 BE 680 (61.3) 430 (38.7) 1110 1110 DE-E 729 (71.5) 291 (28.5) 1020 1020 DE-W 620 (60.7) 402 (39.3) 1022 1022 DK 486 (48.6) 514 (51.4) 1000 1000 ES 768 (76.8) 232 (23.2) 1000 1000 FI 670 (65.4) 354 (34.6) 1024 1024 FR 742 (71.6) 295 (28.4) 1037 1037 GB-GBN 599 (59.3) 411 (40.7) 1010 1010 GB-NIR 203 (67.2) 99 (32.8) 302 302 GR 613 (61.1) 390 (38.9) 1003 1003 IE 646 (63.8) 367 (36.2) 1013 1013 IT 827 (80.5) 200 (19.5) 1027 1027 LU 412 (68.4) 190 (31.6) 602 602 NL 655 (63.3) 380 (36.7) 1035 1035 PT 671 (67.0) 331 (33.0) 1002 1002 SE 565 (56.5) 435 (43.5) 1000 1000 N Sum 10561 5669 16230 N Valid Sum 10561 5669 16230 printed 25.01.2012 page 273 Eurobarometer 58.2 - October-December 2002,GESIS Variable Report,299,ZA3886
v263,v263 0 1 N Sum N Valid Sum,Q66 TRANSPLANT POSSIBLE: DK,isocntry AT 802 (78.4) 221 (21.6) 1023 1023 BE 926 (83.4) 184 (16.6) 1110 1110 DE-E 878 (86.1) 142 (13.9) 1020 1020 DE-W 886 (86.7) 136 (13.3) 1022 1022 DK 952 (95.2) 48 (4.8) 1000 1000 ES 784 (78.4) 216 (21.6) 1000 1000 FI 962 (93.9) 62 (6.1) 1024 1024 FR 909 (87.7) 128 (12.3) 1037 1037 GB-GBN 931 (92.2) 79 (7.8) 1010 1010 GB-NIR 280 (92.7) 22 (7.3) 302 302 GR 903 (90.0) 100 (10.0) 1003 1003 IE 884 (87.3) 129 (12.7) 1013 1013 IT 958 (93.3) 69 (6.7) 1027 1027 LU 547 (90.9) 55 (9.1) 602 602 NL 982 (94.9) 53 (5.1) 1035 1035 PT 768 (76.6) 234 (23.4) 1002 1002 SE 944 (94.4) 56 (5.6) 1000 1000 N Sum 14296 1934 16230 N Valid Sum 14296 1934 16230 printed 25.01.2012 page 274 Eurobarometer 58.2 - October-December 2002,isocntry AT 802 (78.4) 221 (21.6) 1023 1023 BE 926 (83.4) 184 (16.6) 1110 1110 DE-E 878 (86.1) 142 (13.9) 1020 1020 DE-W 886 (86.7) 136 (13.3) 1022 1022 DK 952 (95.2) 48 (4.8) 1000 1000 ES 784 (78.4) 216 (21.6) 1000 1000 FI 962 (93.9) 62 (6.1) 1024 1024 FR 909 (87.7) 128 (12.3) 1037 1037 GB-GBN 931 (92.2) 79 (7.8) 1010 1010 GB-NIR 280 (92.7) 22 (7.3) 302 302 GR 903 (90.0) 100 (10.0) 1003 1003 IE 884 (87.3) 129 (12.7) 1013 1013 IT 958 (93.3) 69 (6.7) 1027 1027 LU 547 (90.9) 55 (9.1) 602 602 NL 982 (94.9) 53 (5.1) 1035 1035 PT 768 (76.6) 234 (23.4) 1002 1002 SE 944 (94.4) 56 (5.6) 1000 1000 N Sum 14296 1934 16230 N Valid Sum 14296 1934 16230 printed 25.01.2012 page 274 Eurobarometer 58.2 - October-December 2002,GESIS Variable Report,300,ZA3886
v264,v264 1 2 3 N Sum N Valid Sum,Q67A ANTIBIOTICS - IN LAST 12 MONTHS,isocntry M AT 348 (35.0) 646 (65.0) 29 1023 994 BE 448 (41.3) 637 (58.7) 25 1110 1085 DE-E 268 (26.7) 737 (73.3) 15 1020 1005 DE-W 260 (26.1) 735 (73.9) 27 1022 995 DK 221 (22.2) 775 (77.8) 5 1001 996 ES 448 (45.8) 530 (54.2) 22 1000 978 FI 366 (35.9) 653 (64.1) 5 1024 1019 FR 464 (45.3) 560 (54.7) 12 1036 1024 GB-GBN 403 (40.7) 587 (59.3) 19 1009 990 GB-NIR 163 (54.9) 134 (45.1) 5 302 297 GR 399 (40.1) 596 (59.9) 8 1003 995 IE 442 (44.1) 561 (55.9) 10 1013 1003 IT 453 (45.6) 540 (54.4) 34 1027 993 LU 248 (42.0) 343 (58.0) 11 602 591 NL 250 (24.5) 772 (75.5) 13 1035 1022 PT 436 (44.4) 545 (55.6) 21 1002 981 SE 281 (28.4) 708 (71.6) 11 1000 989 N Sum 5898 10059 272 16229 N Valid Sum 5898 10059 15957 printed 25.01.2012 page 275 Eurobarometer 58.2 - October-December 2002,isocntry M AT 348 (35.0) 646 (65.0) 29 1023 994 BE 448 (41.3) 637 (58.7) 25 1110 1085 DE-E 268 (26.7) 737 (73.3) 15 1020 1005 DE-W 260 (26.1) 735 (73.9) 27 1022 995 DK 221 (22.2) 775 (77.8) 5 1001 996 ES 448 (45.8) 530 (54.2) 22 1000 978 FI 366 (35.9) 653 (64.1) 5 1024 1019 FR 464 (45.3) 560 (54.7) 12 1036 1024 GB-GBN 403 (40.7) 587 (59.3) 19 1009 990 GB-NIR 163 (54.9) 134 (45.1) 5 302 297 GR 399 (40.1) 596 (59.9) 8 1003 995 IE 442 (44.1) 561 (55.9) 10 1013 1003 IT 453 (45.6) 540 (54.4) 34 1027 993 LU 248 (42.0) 343 (58.0) 11 602 591 NL 250 (24.5) 772 (75.5) 13 1035 1022 PT 436 (44.4) 545 (55.6) 21 1002 981 SE 281 (28.4) 708 (71.6) 11 1000 989 N Sum 5898 10059 272 16229 N Valid Sum 5898 10059 15957 printed 25.01.2012 page 275 Eurobarometer 58.2 - October-December 2002,GESIS Variable Report,301,ZA3886
v265,,Q67B ANTIBIOTICS - OBTAINED THROUGH,,Q67B ANTIBIOTICS - OBTAINED THROUGH,GESIS Variable Report,302,ZA3886
v266,,Q68 AIDS CATCHING: EATING MEAL,,Q68 AIDS CATCHING: EATING MEAL,GESIS Variable Report,303,ZA3886
v267,,Q68 AIDS CATCHING: HANDLING OBJECT,,Q68 AIDS CATCHING: HANDLING OBJECT,GESIS Variable Report,304,ZA3886
v268,,Q68 AIDS CATCHING: DRINKING GLASS,,Q68 AIDS CATCHING: DRINKING GLASS,GESIS Variable Report,305,ZA3886
v269,,Q68 AIDS CATCHING: TOILET SEAT,,Q68 AIDS CATCHING: TOILET SEAT,GESIS Variable Report,306,ZA3886
v270,,Q68 AIDS CATCHING: INJECT NEEDLE,,Q68 AIDS CATCHING: INJECT NEEDLE,GESIS Variable Report,307,ZA3886
v271,,Q68 AIDS CATCHING: RECEIVING BLOOD,,Q68 AIDS CATCHING: RECEIVING BLOOD,GESIS Variable Report,308,ZA3886
v272,,Q68 AIDS CATCHING: SHAKING HANDS,,Q68 AIDS CATCHING: SHAKING HANDS,GESIS Variable Report,309,ZA3886
v273,,Q68 AIDS CATCHING: KISSING MOUTH,,Q68 AIDS CATCHING: KISSING MOUTH,GESIS Variable Report,310,ZA3886
v274,,Q68 AIDS CATCHING: HAVING SEX,,Q68 AIDS CATCHING: HAVING SEX,GESIS Variable Report,311,ZA3886
v275,,Q68 AIDS CATCHING: TAKING CARE,,Q68 AIDS CATCHING: TAKING CARE,GESIS Variable Report,312,ZA3886
v276,,Q68 AIDS CATCHING: GIVING BLOOD,,Q68 AIDS CATCHING: GIVING BLOOD,GESIS Variable Report,313,ZA3886
v277,v277 1 2 3 N Sum N Valid Sum,Q69 AIDS CONSEQUENCES: THINGS YOU TOUCH,isocntry M AT 262 (26.8) 714 (73.2) 47 1023 976 BE 194 (18.1) 879 (81.9) 37 1110 1073 DE-E 201 (20.5) 781 (79.5) 37 1019 982 DE-W 187 (19.1) 794 (80.9) 41 1022 981 DK 97 (9.8) 892 (90.2) 11 1000 989 ES 181 (18.6) 793 (81.4) 27 1001 974 FI 123 (12.2) 884 (87.8) 17 1024 1007 FR 203 (19.8) 824 (80.2) 10 1037 1027 GB-GBN 147 (15.0) 836 (85.0) 28 1011 983 GB-NIR 38 (13.5) 244 (86.5) 20 302 282 GR 273 (27.7) 714 (72.3) 15 1002 987 IE 246 (25.6) 716 (74.4) 51 1013 962 IT 243 (24.2) 760 (75.8) 24 1027 1003 LU 151 (25.5) 441 (74.5) 10 602 592 NL 240 (24.0) 760 (76.0) 35 1035 1000 PT 320 (32.6) 662 (67.4) 20 1002 982 SE 121 (12.3) 863 (87.7) 16 1000 984 N Sum 3227 12557 446 16230 N Valid Sum 3227 12557 15784 printed 25.01.2012 page 288 Eurobarometer 58.2 - October-December 2002,isocntry M AT 262 (26.8) 714 (73.2) 47 1023 976 BE 194 (18.1) 879 (81.9) 37 1110 1073 DE-E 201 (20.5) 781 (79.5) 37 1019 982 DE-W 187 (19.1) 794 (80.9) 41 1022 981 DK 97 (9.8) 892 (90.2) 11 1000 989 ES 181 (18.6) 793 (81.4) 27 1001 974 FI 123 (12.2) 884 (87.8) 17 1024 1007 FR 203 (19.8) 824 (80.2) 10 1037 1027 GB-GBN 147 (15.0) 836 (85.0) 28 1011 983 GB-NIR 38 (13.5) 244 (86.5) 20 302 282 GR 273 (27.7) 714 (72.3) 15 1002 987 IE 246 (25.6) 716 (74.4) 51 1013 962 IT 243 (24.2) 760 (75.8) 24 1027 1003 LU 151 (25.5) 441 (74.5) 10 602 592 NL 240 (24.0) 760 (76.0) 35 1035 1000 PT 320 (32.6) 662 (67.4) 20 1002 982 SE 121 (12.3) 863 (87.7) 16 1000 984 N Sum 3227 12557 446 16230 N Valid Sum 3227 12557 15784 printed 25.01.2012 page 288 Eurobarometer 58.2 - October-December 2002,GESIS Variable Report,314,ZA3886
v278,v278 1 2 3 N Sum N Valid Sum,Q69 AIDS CONSEQUENCES: AVOIDE CRT PLACES,isocntry M AT 259 (26.4) 723 (73.6) 41 1023 982 BE 155 (14.4) 921 (85.6) 34 1110 1076 DE-E 195 (19.9) 785 (80.1) 40 1020 980 DE-W 204 (20.9) 774 (79.1) 44 1022 978 DK 117 (11.8) 875 (88.2) 8 1000 992 ES 210 (21.5) 765 (78.5) 25 1000 975 FI 110 (10.9) 898 (89.1) 16 1024 1008 FR 162 (15.8) 863 (84.2) 12 1037 1025 GB-GBN 125 (12.7) 860 (87.3) 25 1010 985 GB-NIR 40 (14.1) 243 (85.9) 19 302 283 GR 285 (28.9) 700 (71.1) 17 1002 985 IE 229 (23.7) 738 (76.3) 46 1013 967 IT 261 (26.1) 740 (73.9) 26 1027 1001 LU 143 (24.4) 444 (75.6) 15 602 587 NL 49 (4.8) 973 (95.2) 14 1036 1022 PT 335 (34.4) 639 (65.6) 28 1002 974 SE 143 (14.7) 829 (85.3) 27 999 972 N Sum 3022 12770 437 16229 N Valid Sum 3022 12770 15792 printed 25.01.2012 page 289 Eurobarometer 58.2 - October-December 2002,isocntry M AT 259 (26.4) 723 (73.6) 41 1023 982 BE 155 (14.4) 921 (85.6) 34 1110 1076 DE-E 195 (19.9) 785 (80.1) 40 1020 980 DE-W 204 (20.9) 774 (79.1) 44 1022 978 DK 117 (11.8) 875 (88.2) 8 1000 992 ES 210 (21.5) 765 (78.5) 25 1000 975 FI 110 (10.9) 898 (89.1) 16 1024 1008 FR 162 (15.8) 863 (84.2) 12 1037 1025 GB-GBN 125 (12.7) 860 (87.3) 25 1010 985 GB-NIR 40 (14.1) 243 (85.9) 19 302 283 GR 285 (28.9) 700 (71.1) 17 1002 985 IE 229 (23.7) 738 (76.3) 46 1013 967 IT 261 (26.1) 740 (73.9) 26 1027 1001 LU 143 (24.4) 444 (75.6) 15 602 587 NL 49 (4.8) 973 (95.2) 14 1036 1022 PT 335 (34.4) 639 (65.6) 28 1002 974 SE 143 (14.7) 829 (85.3) 27 999 972 N Sum 3022 12770 437 16229 N Valid Sum 3022 12770 15792 printed 25.01.2012 page 289 Eurobarometer 58.2 - October-December 2002,GESIS Variable Report,315,ZA3886
v279,v279 1 2 3 N Sum N Valid Sum,Q69 AIDS CONSEQUENCES: STABILE PARTNERSH,isocntry M AT 448 (47.1) 504 (52.9) 70 1022 952 BE 423 (41.4) 598 (58.6) 89 1110 1021 DE-E 480 (51.1) 459 (48.9) 82 1021 939 DE-W 478 (50.5) 468 (49.5) 76 1022 946 DK 366 (37.8) 602 (62.2) 32 1000 968 ES 343 (35.9) 613 (64.1) 44 1000 956 FI 348 (36.1) 617 (63.9) 59 1024 965 FR 425 (44.1) 539 (55.9) 74 1038 964 GB-GBN 352 (37.2) 593 (62.8) 64 1009 945 GB-NIR 76 (27.7) 198 (72.3) 28 302 274 GR 667 (69.6) 291 (30.4) 45 1003 958 IE 413 (45.2) 500 (54.8) 100 1013 913 IT 433 (44.2) 546 (55.8) 48 1027 979 LU 284 (50.3) 281 (49.7) 37 602 565 NL 211 (22.7) 719 (77.3) 105 1035 930 PT 442 (47.6) 487 (52.4) 73 1002 929 SE 411 (44.4) 514 (55.6) 75 1000 925 N Sum 6600 8529 1101 16230 N Valid Sum 6600 8529 15129 printed 25.01.2012 page 290 Eurobarometer 58.2 - October-December 2002,isocntry M AT 448 (47.1) 504 (52.9) 70 1022 952 BE 423 (41.4) 598 (58.6) 89 1110 1021 DE-E 480 (51.1) 459 (48.9) 82 1021 939 DE-W 478 (50.5) 468 (49.5) 76 1022 946 DK 366 (37.8) 602 (62.2) 32 1000 968 ES 343 (35.9) 613 (64.1) 44 1000 956 FI 348 (36.1) 617 (63.9) 59 1024 965 FR 425 (44.1) 539 (55.9) 74 1038 964 GB-GBN 352 (37.2) 593 (62.8) 64 1009 945 GB-NIR 76 (27.7) 198 (72.3) 28 302 274 GR 667 (69.6) 291 (30.4) 45 1003 958 IE 413 (45.2) 500 (54.8) 100 1013 913 IT 433 (44.2) 546 (55.8) 48 1027 979 LU 284 (50.3) 281 (49.7) 37 602 565 NL 211 (22.7) 719 (77.3) 105 1035 930 PT 442 (47.6) 487 (52.4) 73 1002 929 SE 411 (44.4) 514 (55.6) 75 1000 925 N Sum 6600 8529 1101 16230 N Valid Sum 6600 8529 15129 printed 25.01.2012 page 290 Eurobarometer 58.2 - October-December 2002,GESIS Variable Report,316,ZA3886
v280,v280 1 2 3 N Sum N Valid Sum,Q69 AIDS CONSEQUENCES: AVOIDE CRT PEOPLE,isocntry M AT 317 (32.7) 651 (67.3) 55 1023 968 BE 183 (17.1) 886 (82.9) 41 1110 1069 DE-E 267 (27.6) 699 (72.4) 54 1020 966 DE-W 256 (26.6) 706 (73.4) 60 1022 962 DK 111 (11.2) 876 (88.8) 13 1000 987 ES 240 (24.9) 724 (75.1) 36 1000 964 FI 218 (21.9) 779 (78.1) 28 1025 997 FR 168 (16.6) 845 (83.4) 24 1037 1013 GB-GBN 124 (12.8) 845 (87.2) 40 1009 969 GB-NIR 31 (10.9) 254 (89.1) 17 302 285 GR 325 (33.2) 654 (66.8) 24 1003 979 IE 270 (27.9) 698 (72.1) 45 1013 968 IT 316 (32.0) 670 (68.0) 41 1027 986 LU 163 (27.6) 427 (72.4) 12 602 590 NL 48 (4.7) 964 (95.3) 23 1035 1012 PT 380 (39.5) 581 (60.5) 42 1003 961 SE 142 (14.7) 825 (85.3) 33 1000 967 N Sum 3559 12084 588 16231 N Valid Sum 3559 12084 15643 printed 25.01.2012 page 291 Eurobarometer 58.2 - October-December 2002,isocntry M AT 317 (32.7) 651 (67.3) 55 1023 968 BE 183 (17.1) 886 (82.9) 41 1110 1069 DE-E 267 (27.6) 699 (72.4) 54 1020 966 DE-W 256 (26.6) 706 (73.4) 60 1022 962 DK 111 (11.2) 876 (88.8) 13 1000 987 ES 240 (24.9) 724 (75.1) 36 1000 964 FI 218 (21.9) 779 (78.1) 28 1025 997 FR 168 (16.6) 845 (83.4) 24 1037 1013 GB-GBN 124 (12.8) 845 (87.2) 40 1009 969 GB-NIR 31 (10.9) 254 (89.1) 17 302 285 GR 325 (33.2) 654 (66.8) 24 1003 979 IE 270 (27.9) 698 (72.1) 45 1013 968 IT 316 (32.0) 670 (68.0) 41 1027 986 LU 163 (27.6) 427 (72.4) 12 602 590 NL 48 (4.7) 964 (95.3) 23 1035 1012 PT 380 (39.5) 581 (60.5) 42 1003 961 SE 142 (14.7) 825 (85.3) 33 1000 967 N Sum 3559 12084 588 16231 N Valid Sum 3559 12084 15643 printed 25.01.2012 page 291 Eurobarometer 58.2 - October-December 2002,GESIS Variable Report,317,ZA3886
v281,v281 1 2 3 N Sum N Valid Sum,Q69 AIDS CONSEQUENCES: SEXUAL PRECAUTION,isocntry M AT 553 (57.8) 404 (42.2) 66 1023 957 BE 521 (51.0) 500 (49.0) 89 1110 1021 DE-E 523 (55.3) 423 (44.7) 74 1020 946 DE-W 574 (59.9) 384 (40.1) 64 1022 958 DK 547 (56.2) 427 (43.8) 26 1000 974 ES 474 (49.8) 477 (50.2) 48 999 951 FI 573 (58.8) 401 (41.2) 50 1024 974 FR 555 (57.3) 413 (42.7) 69 1037 968 GB-GBN 462 (48.8) 485 (51.2) 63 1010 947 GB-NIR 100 (36.2) 176 (63.8) 26 302 276 GR 628 (65.5) 331 (34.5) 44 1003 959 IE 482 (52.4) 437 (47.6) 94 1013 919 IT 483 (49.4) 495 (50.6) 49 1027 978 LU 364 (63.9) 206 (36.1) 32 602 570 NL 409 (42.7) 549 (57.3) 77 1035 958 PT 509 (54.0) 434 (46.0) 59 1002 943 SE 548 (60.3) 361 (39.7) 91 1000 909 N Sum 8305 6903 1021 16229 N Valid Sum 8305 6903 15208 printed 25.01.2012 page 292 Eurobarometer 58.2 - October-December 2002,isocntry M AT 553 (57.8) 404 (42.2) 66 1023 957 BE 521 (51.0) 500 (49.0) 89 1110 1021 DE-E 523 (55.3) 423 (44.7) 74 1020 946 DE-W 574 (59.9) 384 (40.1) 64 1022 958 DK 547 (56.2) 427 (43.8) 26 1000 974 ES 474 (49.8) 477 (50.2) 48 999 951 FI 573 (58.8) 401 (41.2) 50 1024 974 FR 555 (57.3) 413 (42.7) 69 1037 968 GB-GBN 462 (48.8) 485 (51.2) 63 1010 947 GB-NIR 100 (36.2) 176 (63.8) 26 302 276 GR 628 (65.5) 331 (34.5) 44 1003 959 IE 482 (52.4) 437 (47.6) 94 1013 919 IT 483 (49.4) 495 (50.6) 49 1027 978 LU 364 (63.9) 206 (36.1) 32 602 570 NL 409 (42.7) 549 (57.3) 77 1035 958 PT 509 (54.0) 434 (46.0) 59 1002 943 SE 548 (60.3) 361 (39.7) 91 1000 909 N Sum 8305 6903 1021 16229 N Valid Sum 8305 6903 15208 printed 25.01.2012 page 292 Eurobarometer 58.2 - October-December 2002,GESIS Variable Report,318,ZA3886
v282,,Q70 AIDS ACTION EFF: INFO CAMPAIGNS,,Q70 AIDS ACTION EFF: INFO CAMPAIGNS,GESIS Variable Report,319,ZA3886
v283,,Q70 AIDS ACTION EFF: IDENTIFY ILL P,,Q70 AIDS ACTION EFF: IDENTIFY ILL P,GESIS Variable Report,320,ZA3886
v284,,Q70 AIDS ACTION EFF: DELAY ONSET,,Q70 AIDS ACTION EFF: DELAY ONSET,GESIS Variable Report,321,ZA3886
v285,,Q70 AIDS ACTION EFF: TREATING ILL P,,Q70 AIDS ACTION EFF: TREATING ILL P,GESIS Variable Report,322,ZA3886
v286,,Q70 AIDS ACTION EFF: RESEARCH F VACCINE,,Q70 AIDS ACTION EFF: RESEARCH F VACCINE,GESIS Variable Report,323,ZA3886
v287,,Q71 EU AIDS ACTION: INFO CAMPAIGNS,,Q71 EU AIDS ACTION: INFO CAMPAIGNS,GESIS Variable Report,324,ZA3886
v288,,Q71 EU AIDS ACTION: IDENTIFY ILL P,,Q71 EU AIDS ACTION: IDENTIFY ILL P,GESIS Variable Report,325,ZA3886
v289,,Q71 EU AIDS ACTION: DELAY ONSET,,Q71 EU AIDS ACTION: DELAY ONSET,GESIS Variable Report,326,ZA3886
v290,,Q71 EU AIDS ACTION: TREATING ILL P,,Q71 EU AIDS ACTION: TREATING ILL P,GESIS Variable Report,327,ZA3886
v291,,Q71 EU AIDS ACTION: RESEARCH F VACCINE,,Q71 EU AIDS ACTION: RESEARCH F VACCINE,GESIS Variable Report,328,ZA3886
v292,v292 1 2 3 N Sum N Valid Sum,Q72A DEVELOPING CNTRIES - COTONOU AGREEMENT,isocntry M AT 134 (14.6) 782 (85.4) 107 1023 916 BE 128 (12.2) 923 (87.8) 59 1110 1051 DE-E 75 (8.1) 856 (91.9) 89 1020 931 DE-W 87 (9.4) 837 (90.6) 98 1022 924 DK 182 (18.5) 801 (81.5) 17 1000 983 ES 50 (5.4) 879 (94.6) 70 999 929 FI 71 (7.0) 937 (93.0) 16 1024 1008 FR 217 (21.5) 790 (78.5) 31 1038 1007 GB-GBN 53 (5.7) 882 (94.3) 75 1010 935 GB-NIR 14 (4.8) 278 (95.2) 10 302 292 GR 32 (3.3) 928 (96.7) 43 1003 960 IE 95 (10.2) 838 (89.8) 80 1013 933 IT 81 (8.3) 891 (91.7) 55 1027 972 LU 93 (15.7) 498 (84.3) 11 602 591 NL 115 (11.4) 891 (88.6) 30 1036 1006 PT 92 (9.6) 870 (90.4) 40 1002 962 SE 121 (12.3) 865 (87.7) 14 1000 986 N Sum 1640 13746 845 16231 N Valid Sum 1640 13746 15386 printed 25.01.2012 page 303 Eurobarometer 58.2 - October-December 2002,isocntry M AT 134 (14.6) 782 (85.4) 107 1023 916 BE 128 (12.2) 923 (87.8) 59 1110 1051 DE-E 75 (8.1) 856 (91.9) 89 1020 931 DE-W 87 (9.4) 837 (90.6) 98 1022 924 DK 182 (18.5) 801 (81.5) 17 1000 983 ES 50 (5.4) 879 (94.6) 70 999 929 FI 71 (7.0) 937 (93.0) 16 1024 1008 FR 217 (21.5) 790 (78.5) 31 1038 1007 GB-GBN 53 (5.7) 882 (94.3) 75 1010 935 GB-NIR 14 (4.8) 278 (95.2) 10 302 292 GR 32 (3.3) 928 (96.7) 43 1003 960 IE 95 (10.2) 838 (89.8) 80 1013 933 IT 81 (8.3) 891 (91.7) 55 1027 972 LU 93 (15.7) 498 (84.3) 11 602 591 NL 115 (11.4) 891 (88.6) 30 1036 1006 PT 92 (9.6) 870 (90.4) 40 1002 962 SE 121 (12.3) 865 (87.7) 14 1000 986 N Sum 1640 13746 845 16231 N Valid Sum 1640 13746 15386 printed 25.01.2012 page 303 Eurobarometer 58.2 - October-December 2002,GESIS Variable Report,329,ZA3886
v293,,Q72B DEVELOPING CNTRIES - LOME CONVENTION,,Q72B DEVELOPING CNTRIES - LOME CONVENTION,GESIS Variable Report,330,ZA3886
v294,,Q73A DEVELOPMENT AID - IMPORTANCE,,Q73A DEVELOPMENT AID - IMPORTANCE,GESIS Variable Report,331,ZA3886
v295,,Q73B DEVELOPMENT AID: DOMESTIC PRBL FIRST,,Q73B DEVELOPMENT AID: DOMESTIC PRBL FIRST,GESIS Variable Report,332,ZA3886
v296,,Q73B DEVELOPMENT AID: TOO EXPENSIVE,,Q73B DEVELOPMENT AID: TOO EXPENSIVE,GESIS Variable Report,333,ZA3886
v297,,Q73B DEVELOPMENT AID: USELESS / WASTE,,Q73B DEVELOPMENT AID: USELESS / WASTE,GESIS Variable Report,334,ZA3886
v298,,Q73B DEVELOPMENT AID: NOT REACH THE POOR,,Q73B DEVELOPMENT AID: NOT REACH THE POOR,GESIS Variable Report,335,ZA3886
v299,,Q73B DEVELOPMENT AID: ALREADY ENOUGH,,Q73B DEVELOPMENT AID: ALREADY ENOUGH,GESIS Variable Report,336,ZA3886
v300,,Q73B DEVELOPMENT AID: STOP BUYING ARMS,,Q73B DEVELOPMENT AID: STOP BUYING ARMS,GESIS Variable Report,337,ZA3886
v301,,Q73B DEVELOPMENT AID: DONT KNOW ENOUGH,,Q73B DEVELOPMENT AID: DONT KNOW ENOUGH,GESIS Variable Report,338,ZA3886
v302,,Q73B DEVELOPMENT AID: NO INTEREST,,Q73B DEVELOPMENT AID: NO INTEREST,GESIS Variable Report,339,ZA3886
v303,,Q73B DEVELOPMENT AID: DNT LIKE FOREIGNERS,,Q73B DEVELOPMENT AID: DNT LIKE FOREIGNERS,GESIS Variable Report,340,ZA3886
v304,,Q73B DEVELOPMENT AID: OTHER,,Q73B DEVELOPMENT AID: OTHER,GESIS Variable Report,341,ZA3886
v305,,Q73B DEVELOPMENT AID: DK,,Q73B DEVELOPMENT AID: DK,GESIS Variable Report,342,ZA3886
v306,,Q74A DEVELOPMENT AID BY GOVERNMENT,,Q74A DEVELOPMENT AID BY GOVERNMENT,GESIS Variable Report,343,ZA3886
v307,,Q74B DEVELOPMENT AID BY GOVERNMENT - BUDGET,,Q74B DEVELOPMENT AID BY GOVERNMENT - BUDGET,GESIS Variable Report,344,ZA3886
v308,v308 1 2 3 N Sum N Valid Sum,Q75A DEVELOPMENT AID BY EUROP COMM,isocntry M AT 735 (91.8) 66 (8.2) 222 1023 801 BE 877 (93.3) 63 (6.7) 170 1110 940 DE-E 746 (95.8) 33 (4.2) 242 1021 779 DE-W 742 (91.9) 65 (8.1) 215 1022 807 DK 760 (89.2) 92 (10.8) 148 1000 852 ES 593 (78.3) 164 (21.7) 243 1000 757 FI 665 (86.0) 108 (14.0) 252 1025 773 FR 683 (85.0) 121 (15.0) 234 1038 804 GB-GBN 550 (81.7) 123 (18.3) 337 1010 673 GB-NIR 182 (78.8) 49 (21.2) 71 302 231 GR 590 (80.1) 147 (19.9) 266 1003 737 IE 699 (91.6) 64 (8.4) 250 1013 763 IT 527 (74.5) 180 (25.5) 320 1027 707 LU 507 (95.8) 22 (4.2) 73 602 529 NL 723 (87.8) 100 (12.2) 212 1035 823 PT 643 (87.6) 91 (12.4) 268 1002 734 SE 417 (65.3) 222 (34.7) 361 1000 639 N Sum 10639 1710 3884 16233 N Valid Sum 10639 1710 12349 printed 25.01.2012 page 320 Eurobarometer 58.2 - October-December 2002,isocntry M AT 735 (91.8) 66 (8.2) 222 1023 801 BE 877 (93.3) 63 (6.7) 170 1110 940 DE-E 746 (95.8) 33 (4.2) 242 1021 779 DE-W 742 (91.9) 65 (8.1) 215 1022 807 DK 760 (89.2) 92 (10.8) 148 1000 852 ES 593 (78.3) 164 (21.7) 243 1000 757 FI 665 (86.0) 108 (14.0) 252 1025 773 FR 683 (85.0) 121 (15.0) 234 1038 804 GB-GBN 550 (81.7) 123 (18.3) 337 1010 673 GB-NIR 182 (78.8) 49 (21.2) 71 302 231 GR 590 (80.1) 147 (19.9) 266 1003 737 IE 699 (91.6) 64 (8.4) 250 1013 763 IT 527 (74.5) 180 (25.5) 320 1027 707 LU 507 (95.8) 22 (4.2) 73 602 529 NL 723 (87.8) 100 (12.2) 212 1035 823 PT 643 (87.6) 91 (12.4) 268 1002 734 SE 417 (65.3) 222 (34.7) 361 1000 639 N Sum 10639 1710 3884 16233 N Valid Sum 10639 1710 12349 printed 25.01.2012 page 320 Eurobarometer 58.2 - October-December 2002,GESIS Variable Report,346,ZA3886
v309,,Q75B DEVELOPMENT AID BY EUROP COMM - BUDGET,,Q75B DEVELOPMENT AID BY EUROP COMM - BUDGET,GESIS Variable Report,347,ZA3886
v310,,Q76A DEVELOPMENT AID GOVERNMENT - PREFERENCE,,Q76A DEVELOPMENT AID GOVERNMENT - PREFERENCE,GESIS Variable Report,348,ZA3886
v311,,Q76B DEVELOPMENT AID EUROP COMM - PREFERENCE,,Q76B DEVELOPMENT AID EUROP COMM - PREFERENCE,GESIS Variable Report,349,ZA3886
v312,v312 1 2 3 4 5 N Sum N Valid Sum,Q77A DEVELOPMENT AID - BEST IN AFRICA,isocntry M AT 419 (56.5) 295 (39.8) 13 (1.8) 14 (1.9) 283 1024 741 BE 489 (63.7) 255 (33.2) 14 (1.8) 10 (1.3) 342 1110 768 DE-E 471 (61.0) 280 (36.3) 2 (0.3) 19 (2.5) 247 1019 772 DE-W 537 (68.8) 222 (28.5) 7 (0.9) 14 (1.8) 242 1022 780 DK 759 (88.3) 73 (8.5) 1 (0.1) 27 (3.1) 140 1000 860 ES 311 (40.2) 446 (57.6) 13 (1.7) 4 (0.5) 226 1000 774 FI 476 (51.7) 404 (43.9) 22 (2.4) 18 (2.0) 103 1023 920 FR 560 (68.8) 230 (28.3) 12 (1.5) 12 (1.5) 222 1036 814 GB-GBN 345 (51.1) 299 (44.3) 25 (3.7) 6 (0.9) 334 1009 675 GB-NIR 162 (61.4) 99 (37.5) 3 (1.1) 0 (0.0) 37 301 264 GR 204 (22.8) 656 (73.5) 20 (2.2) 13 (1.5) 110 1003 893 IE 392 (50.8) 351 (45.5) 25 (3.2) 4 (0.5) 242 1014 772 IT 390 (46.3) 412 (48.9) 31 (3.7) 10 (1.2) 185 1028 843 LU 423 (81.7) 82 (15.8) 6 (1.2) 7 (1.4) 84 602 518 NL 459 (56.3) 321 (39.3) 18 (2.2) 18 (2.2) 218 1034 816 PT 273 (35.8) 453 (59.4) 15 (2.0) 22 (2.9) 239 1002 763 SE 568 (65.7) 263 (30.4) 22 (2.5) 11 (1.3) 135 999 864 N Sum 7238 5141 249 209 3389 16226 N Valid Sum 7238 5141 249 209 12837 printed 25.01.2012 page 324 Eurobarometer 58.2 - October-December 2002,isocntry M AT 419 (56.5) 295 (39.8) 13 (1.8) 14 (1.9) 283 1024 741 BE 489 (63.7) 255 (33.2) 14 (1.8) 10 (1.3) 342 1110 768 DE-E 471 (61.0) 280 (36.3) 2 (0.3) 19 (2.5) 247 1019 772 DE-W 537 (68.8) 222 (28.5) 7 (0.9) 14 (1.8) 242 1022 780 DK 759 (88.3) 73 (8.5) 1 (0.1) 27 (3.1) 140 1000 860 ES 311 (40.2) 446 (57.6) 13 (1.7) 4 (0.5) 226 1000 774 FI 476 (51.7) 404 (43.9) 22 (2.4) 18 (2.0) 103 1023 920 FR 560 (68.8) 230 (28.3) 12 (1.5) 12 (1.5) 222 1036 814 GB-GBN 345 (51.1) 299 (44.3) 25 (3.7) 6 (0.9) 334 1009 675 GB-NIR 162 (61.4) 99 (37.5) 3 (1.1) 0 (0.0) 37 301 264 GR 204 (22.8) 656 (73.5) 20 (2.2) 13 (1.5) 110 1003 893 IE 392 (50.8) 351 (45.5) 25 (3.2) 4 (0.5) 242 1014 772 IT 390 (46.3) 412 (48.9) 31 (3.7) 10 (1.2) 185 1028 843 LU 423 (81.7) 82 (15.8) 6 (1.2) 7 (1.4) 84 602 518 NL 459 (56.3) 321 (39.3) 18 (2.2) 18 (2.2) 218 1034 816 PT 273 (35.8) 453 (59.4) 15 (2.0) 22 (2.9) 239 1002 763 SE 568 (65.7) 263 (30.4) 22 (2.5) 11 (1.3) 135 999 864 N Sum 7238 5141 249 209 3389 16226 N Valid Sum 7238 5141 249 209 12837 printed 25.01.2012 page 324 Eurobarometer 58.2 - October-December 2002,GESIS Variable Report,350,ZA3886
v313,,Q77B DEVELOPMENT AID - BEST IN LATIN AMERICA,,Q77B DEVELOPMENT AID - BEST IN LATIN AMERICA,GESIS Variable Report,351,ZA3886
v314,,Q77C DEVELOPMENT AID - BEST IN ASIA,,Q77C DEVELOPMENT AID - BEST IN ASIA,GESIS Variable Report,352,ZA3886
v315,v315 0 1 9 N Sum N Valid Sum,Q77D DEVELOPM AID: USA/JAPAN STRONGER,isocntry M AT 117 (36.3) 205 (63.7) 701 1023 322 BE 87 (31.1) 193 (68.9) 830 1110 280 DE-E 70 (23.2) 232 (76.8) 718 1020 302 DE-W 76 (31.4) 166 (68.6) 780 1022 242 DK 43 (42.6) 58 (57.4) 899 1000 101 ES 151 (32.6) 312 (67.4) 537 1000 463 FI 179 (40.2) 266 (59.8) 580 1025 445 FR 81 (31.8) 174 (68.2) 782 1037 255 GB-GBN 77 (23.3) 253 (76.7) 679 1009 330 GB-NIR 31 (30.1) 72 (69.9) 199 302 103 GR 164 (23.8) 525 (76.2) 314 1003 689 IE 71 (18.7) 308 (81.3) 634 1013 379 IT 119 (26.3) 333 (73.7) 575 1027 452 LU 34 (35.8) 61 (64.2) 507 602 95 NL 177 (49.4) 181 (50.6) 677 1035 358 PT 116 (23.7) 374 (76.3) 512 1002 490 SE 99 (33.4) 197 (66.6) 703 999 296 N Sum 1692 3910 10627 16229 N Valid Sum 1692 3910 5602 printed 25.01.2012 page 327 Eurobarometer 58.2 - October-December 2002,isocntry M AT 117 (36.3) 205 (63.7) 701 1023 322 BE 87 (31.1) 193 (68.9) 830 1110 280 DE-E 70 (23.2) 232 (76.8) 718 1020 302 DE-W 76 (31.4) 166 (68.6) 780 1022 242 DK 43 (42.6) 58 (57.4) 899 1000 101 ES 151 (32.6) 312 (67.4) 537 1000 463 FI 179 (40.2) 266 (59.8) 580 1025 445 FR 81 (31.8) 174 (68.2) 782 1037 255 GB-GBN 77 (23.3) 253 (76.7) 679 1009 330 GB-NIR 31 (30.1) 72 (69.9) 199 302 103 GR 164 (23.8) 525 (76.2) 314 1003 689 IE 71 (18.7) 308 (81.3) 634 1013 379 IT 119 (26.3) 333 (73.7) 575 1027 452 LU 34 (35.8) 61 (64.2) 507 602 95 NL 177 (49.4) 181 (50.6) 677 1035 358 PT 116 (23.7) 374 (76.3) 512 1002 490 SE 99 (33.4) 197 (66.6) 703 999 296 N Sum 1692 3910 10627 16229 N Valid Sum 1692 3910 5602 printed 25.01.2012 page 327 Eurobarometer 58.2 - October-December 2002,GESIS Variable Report,353,ZA3886
v316,v316 0 1 9 N Sum N Valid Sum,Q77D DEVELOPM AID: USA/JAPAN ECONOM INT,isocntry M AT 171 (53.3) 150 (46.7) 701 1022 321 BE 211 (75.6) 68 (24.4) 830 1109 279 DE-E 221 (73.2) 81 (26.8) 718 1020 302 DE-W 181 (74.5) 62 (25.5) 780 1023 243 DK 75 (74.3) 26 (25.7) 899 1000 101 ES 252 (54.4) 211 (45.6) 537 1000 463 FI 346 (77.9) 98 (22.1) 580 1024 444 FR 193 (75.7) 62 (24.3) 782 1037 255 GB-GBN 251 (76.1) 79 (23.9) 679 1009 330 GB-NIR 87 (84.5) 16 (15.5) 199 302 103 GR 463 (67.1) 227 (32.9) 314 1004 690 IE 259 (68.3) 120 (31.7) 634 1013 379 IT 327 (72.2) 126 (27.8) 575 1028 453 LU 69 (72.6) 26 (27.4) 507 602 95 NL 253 (70.7) 105 (29.3) 677 1035 358 PT 397 (81.0) 93 (19.0) 512 1002 490 SE 222 (74.7) 75 (25.3) 703 1000 297 N Sum 3978 1625 10627 16230 N Valid Sum 3978 1625 5603 printed 25.01.2012 page 328 Eurobarometer 58.2 - October-December 2002,isocntry M AT 171 (53.3) 150 (46.7) 701 1022 321 BE 211 (75.6) 68 (24.4) 830 1109 279 DE-E 221 (73.2) 81 (26.8) 718 1020 302 DE-W 181 (74.5) 62 (25.5) 780 1023 243 DK 75 (74.3) 26 (25.7) 899 1000 101 ES 252 (54.4) 211 (45.6) 537 1000 463 FI 346 (77.9) 98 (22.1) 580 1024 444 FR 193 (75.7) 62 (24.3) 782 1037 255 GB-GBN 251 (76.1) 79 (23.9) 679 1009 330 GB-NIR 87 (84.5) 16 (15.5) 199 302 103 GR 463 (67.1) 227 (32.9) 314 1004 690 IE 259 (68.3) 120 (31.7) 634 1013 379 IT 327 (72.2) 126 (27.8) 575 1028 453 LU 69 (72.6) 26 (27.4) 507 602 95 NL 253 (70.7) 105 (29.3) 677 1035 358 PT 397 (81.0) 93 (19.0) 512 1002 490 SE 222 (74.7) 75 (25.3) 703 1000 297 N Sum 3978 1625 10627 16230 N Valid Sum 3978 1625 5603 printed 25.01.2012 page 328 Eurobarometer 58.2 - October-December 2002,GESIS Variable Report,354,ZA3886
v317,v317 0 1 9 N Sum N Valid Sum,Q77D DEVELOPM AID: USA/JAPAN POLIT INT,isocntry M AT 211 (65.5) 111 (34.5) 701 1023 322 BE 232 (82.9) 48 (17.1) 830 1110 280 DE-E 266 (88.1) 36 (11.9) 718 1020 302 DE-W 195 (80.2) 48 (19.8) 780 1023 243 DK 74 (73.3) 27 (26.7) 899 1000 101 ES 375 (81.0) 88 (19.0) 537 1000 463 FI 383 (86.3) 61 (13.7) 580 1024 444 FR 211 (83.1) 43 (16.9) 782 1036 254 GB-GBN 274 (83.0) 56 (17.0) 679 1009 330 GB-NIR 91 (89.2) 11 (10.8) 199 301 102 GR 541 (78.5) 148 (21.5) 314 1003 689 IE 303 (79.9) 76 (20.1) 634 1013 379 IT 365 (80.8) 87 (19.2) 575 1027 452 LU 71 (74.7) 24 (25.3) 507 602 95 NL 280 (78.2) 78 (21.8) 677 1035 358 PT 448 (91.4) 42 (8.6) 512 1002 490 SE 238 (80.1) 59 (19.9) 703 1000 297 N Sum 4558 1043 10627 16228 N Valid Sum 4558 1043 5601 printed 25.01.2012 page 329 Eurobarometer 58.2 - October-December 2002,isocntry M AT 211 (65.5) 111 (34.5) 701 1023 322 BE 232 (82.9) 48 (17.1) 830 1110 280 DE-E 266 (88.1) 36 (11.9) 718 1020 302 DE-W 195 (80.2) 48 (19.8) 780 1023 243 DK 74 (73.3) 27 (26.7) 899 1000 101 ES 375 (81.0) 88 (19.0) 537 1000 463 FI 383 (86.3) 61 (13.7) 580 1024 444 FR 211 (83.1) 43 (16.9) 782 1036 254 GB-GBN 274 (83.0) 56 (17.0) 679 1009 330 GB-NIR 91 (89.2) 11 (10.8) 199 301 102 GR 541 (78.5) 148 (21.5) 314 1003 689 IE 303 (79.9) 76 (20.1) 634 1013 379 IT 365 (80.8) 87 (19.2) 575 1027 452 LU 71 (74.7) 24 (25.3) 507 602 95 NL 280 (78.2) 78 (21.8) 677 1035 358 PT 448 (91.4) 42 (8.6) 512 1002 490 SE 238 (80.1) 59 (19.9) 703 1000 297 N Sum 4558 1043 10627 16228 N Valid Sum 4558 1043 5601 printed 25.01.2012 page 329 Eurobarometer 58.2 - October-December 2002,GESIS Variable Report,355,ZA3886
v318,v318 0 1 9 N Sum N Valid Sum,Q77D DEVELOPM AID: USA/JAPAN TK ADVANTAGE,isocntry M AT 227 (70.5) 95 (29.5) 701 1023 322 BE 214 (76.4) 66 (23.6) 830 1110 280 DE-E 219 (72.5) 83 (27.5) 718 1020 302 DE-W 185 (76.4) 57 (23.6) 780 1022 242 DK 88 (87.1) 13 (12.9) 899 1000 101 ES 352 (76.0) 111 (24.0) 537 1000 463 FI 323 (72.7) 121 (27.3) 580 1024 444 FR 184 (72.4) 70 (27.6) 782 1036 254 GB-GBN 285 (86.4) 45 (13.6) 679 1009 330 GB-NIR 92 (89.3) 11 (10.7) 199 302 103 GR 516 (74.9) 173 (25.1) 314 1003 689 IE 311 (82.1) 68 (17.9) 634 1013 379 IT 360 (79.6) 92 (20.4) 575 1027 452 LU 74 (77.9) 21 (22.1) 507 602 95 NL 312 (87.2) 46 (12.8) 677 1035 358 PT 411 (83.9) 79 (16.1) 512 1002 490 SE 227 (76.4) 70 (23.6) 703 1000 297 N Sum 4380 1221 10627 16228 N Valid Sum 4380 1221 5601 printed 25.01.2012 page 330 Eurobarometer 58.2 - October-December 2002,isocntry M AT 227 (70.5) 95 (29.5) 701 1023 322 BE 214 (76.4) 66 (23.6) 830 1110 280 DE-E 219 (72.5) 83 (27.5) 718 1020 302 DE-W 185 (76.4) 57 (23.6) 780 1022 242 DK 88 (87.1) 13 (12.9) 899 1000 101 ES 352 (76.0) 111 (24.0) 537 1000 463 FI 323 (72.7) 121 (27.3) 580 1024 444 FR 184 (72.4) 70 (27.6) 782 1036 254 GB-GBN 285 (86.4) 45 (13.6) 679 1009 330 GB-NIR 92 (89.3) 11 (10.7) 199 302 103 GR 516 (74.9) 173 (25.1) 314 1003 689 IE 311 (82.1) 68 (17.9) 634 1013 379 IT 360 (79.6) 92 (20.4) 575 1027 452 LU 74 (77.9) 21 (22.1) 507 602 95 NL 312 (87.2) 46 (12.8) 677 1035 358 PT 411 (83.9) 79 (16.1) 512 1002 490 SE 227 (76.4) 70 (23.6) 703 1000 297 N Sum 4380 1221 10627 16228 N Valid Sum 4380 1221 5601 printed 25.01.2012 page 330 Eurobarometer 58.2 - October-December 2002,GESIS Variable Report,356,ZA3886
v319,v319 0 1 9 N Sum N Valid Sum,Q77D DEVELOPM AID: USA/JAPAN ARE INVOLVED,isocntry M AT 235 (73.2) 86 (26.8) 701 1022 321 BE 222 (79.3) 58 (20.7) 830 1110 280 DE-E 270 (89.4) 32 (10.6) 718 1020 302 DE-W 182 (75.2) 60 (24.8) 780 1022 242 DK 85 (84.2) 16 (15.8) 899 1000 101 ES 412 (89.0) 51 (11.0) 537 1000 463 FI 351 (79.1) 93 (20.9) 580 1024 444 FR 207 (81.2) 48 (18.8) 782 1037 255 GB-GBN 279 (84.5) 51 (15.5) 679 1009 330 GB-NIR 92 (89.3) 11 (10.7) 199 302 103 GR 562 (81.4) 128 (18.6) 314 1004 690 IE 321 (84.5) 59 (15.5) 634 1014 380 IT 404 (89.2) 49 (10.8) 575 1028 453 LU 72 (76.6) 22 (23.4) 507 601 94 NL 320 (89.4) 38 (10.6) 677 1035 358 PT 442 (90.2) 48 (9.8) 512 1002 490 SE 267 (90.2) 29 (9.8) 703 999 296 N Sum 4723 879 10627 16229 N Valid Sum 4723 879 5602 printed 25.01.2012 page 331 Eurobarometer 58.2 - October-December 2002,isocntry M AT 235 (73.2) 86 (26.8) 701 1022 321 BE 222 (79.3) 58 (20.7) 830 1110 280 DE-E 270 (89.4) 32 (10.6) 718 1020 302 DE-W 182 (75.2) 60 (24.8) 780 1022 242 DK 85 (84.2) 16 (15.8) 899 1000 101 ES 412 (89.0) 51 (11.0) 537 1000 463 FI 351 (79.1) 93 (20.9) 580 1024 444 FR 207 (81.2) 48 (18.8) 782 1037 255 GB-GBN 279 (84.5) 51 (15.5) 679 1009 330 GB-NIR 92 (89.3) 11 (10.7) 199 302 103 GR 562 (81.4) 128 (18.6) 314 1004 690 IE 321 (84.5) 59 (15.5) 634 1014 380 IT 404 (89.2) 49 (10.8) 575 1028 453 LU 72 (76.6) 22 (23.4) 507 601 94 NL 320 (89.4) 38 (10.6) 677 1035 358 PT 442 (90.2) 48 (9.8) 512 1002 490 SE 267 (90.2) 29 (9.8) 703 999 296 N Sum 4723 879 10627 16229 N Valid Sum 4723 879 5602 printed 25.01.2012 page 331 Eurobarometer 58.2 - October-December 2002,GESIS Variable Report,357,ZA3886
v320,v320 0 1 9 N Sum N Valid Sum,Q77D DEVELOPM AID: USA MORE RELATIONSHIP,isocntry M AT 235 (73.2) 86 (26.8) 701 1022 321 BE 241 (86.1) 39 (13.9) 830 1110 280 DE-E 239 (79.1) 63 (20.9) 718 1020 302 DE-W 185 (76.4) 57 (23.6) 780 1022 242 DK 82 (81.2) 19 (18.8) 899 1000 101 ES 420 (90.7) 43 (9.3) 537 1000 463 FI 375 (84.5) 69 (15.5) 580 1024 444 FR 225 (88.2) 30 (11.8) 782 1037 255 GB-GBN 282 (85.2) 49 (14.8) 679 1010 331 GB-NIR 96 (93.2) 7 (6.8) 199 302 103 GR 591 (85.7) 99 (14.3) 314 1004 690 IE 314 (82.6) 66 (17.4) 634 1014 380 IT 397 (87.6) 56 (12.4) 575 1028 453 LU 76 (80.0) 19 (20.0) 507 602 95 NL 305 (85.2) 53 (14.8) 677 1035 358 PT 444 (90.6) 46 (9.4) 512 1002 490 SE 212 (71.4) 85 (28.6) 703 1000 297 N Sum 4719 886 10627 16232 N Valid Sum 4719 886 5605 printed 25.01.2012 page 332 Eurobarometer 58.2 - October-December 2002,isocntry M AT 235 (73.2) 86 (26.8) 701 1022 321 BE 241 (86.1) 39 (13.9) 830 1110 280 DE-E 239 (79.1) 63 (20.9) 718 1020 302 DE-W 185 (76.4) 57 (23.6) 780 1022 242 DK 82 (81.2) 19 (18.8) 899 1000 101 ES 420 (90.7) 43 (9.3) 537 1000 463 FI 375 (84.5) 69 (15.5) 580 1024 444 FR 225 (88.2) 30 (11.8) 782 1037 255 GB-GBN 282 (85.2) 49 (14.8) 679 1010 331 GB-NIR 96 (93.2) 7 (6.8) 199 302 103 GR 591 (85.7) 99 (14.3) 314 1004 690 IE 314 (82.6) 66 (17.4) 634 1014 380 IT 397 (87.6) 56 (12.4) 575 1028 453 LU 76 (80.0) 19 (20.0) 507 602 95 NL 305 (85.2) 53 (14.8) 677 1035 358 PT 444 (90.6) 46 (9.4) 512 1002 490 SE 212 (71.4) 85 (28.6) 703 1000 297 N Sum 4719 886 10627 16232 N Valid Sum 4719 886 5605 printed 25.01.2012 page 332 Eurobarometer 58.2 - October-December 2002,GESIS Variable Report,358,ZA3886
v321,v321 0 1 9 N Sum N Valid Sum,Q77D DEVELOPM AID: HELP POOR EU REGIONS,isocntry M AT 232 (72.0) 90 (28.0) 701 1023 322 BE 189 (67.5) 91 (32.5) 830 1110 280 DE-E 196 (64.9) 106 (35.1) 718 1020 302 DE-W 143 (59.1) 99 (40.9) 780 1022 242 DK 80 (79.2) 21 (20.8) 899 1000 101 ES 394 (85.1) 69 (14.9) 537 1000 463 FI 337 (75.9) 107 (24.1) 580 1024 444 FR 206 (80.8) 49 (19.2) 782 1037 255 GB-GBN 271 (81.9) 60 (18.1) 679 1010 331 GB-NIR 95 (92.2) 8 (7.8) 199 302 103 GR 476 (69.1) 213 (30.9) 314 1003 689 IE 324 (85.5) 55 (14.5) 634 1013 379 IT 372 (82.3) 80 (17.7) 575 1027 452 LU 67 (70.5) 28 (29.5) 507 602 95 NL 282 (79.0) 75 (21.0) 677 1034 357 PT 407 (83.1) 83 (16.9) 512 1002 490 SE 231 (78.0) 65 (22.0) 703 999 296 N Sum 4302 1299 10627 16228 N Valid Sum 4302 1299 5601 printed 25.01.2012 page 333 Eurobarometer 58.2 - October-December 2002,isocntry M AT 232 (72.0) 90 (28.0) 701 1023 322 BE 189 (67.5) 91 (32.5) 830 1110 280 DE-E 196 (64.9) 106 (35.1) 718 1020 302 DE-W 143 (59.1) 99 (40.9) 780 1022 242 DK 80 (79.2) 21 (20.8) 899 1000 101 ES 394 (85.1) 69 (14.9) 537 1000 463 FI 337 (75.9) 107 (24.1) 580 1024 444 FR 206 (80.8) 49 (19.2) 782 1037 255 GB-GBN 271 (81.9) 60 (18.1) 679 1010 331 GB-NIR 95 (92.2) 8 (7.8) 199 302 103 GR 476 (69.1) 213 (30.9) 314 1003 689 IE 324 (85.5) 55 (14.5) 634 1013 379 IT 372 (82.3) 80 (17.7) 575 1027 452 LU 67 (70.5) 28 (29.5) 507 602 95 NL 282 (79.0) 75 (21.0) 677 1034 357 PT 407 (83.1) 83 (16.9) 512 1002 490 SE 231 (78.0) 65 (22.0) 703 999 296 N Sum 4302 1299 10627 16228 N Valid Sum 4302 1299 5601 printed 25.01.2012 page 333 Eurobarometer 58.2 - October-December 2002,GESIS Variable Report,359,ZA3886
v322,v322 0 1 9 N Sum N Valid Sum,Q77D DEVELOPM AID: HELP EASTERN EUROPE,isocntry M AT 275 (85.4) 47 (14.6) 701 1023 322 BE 249 (89.2) 30 (10.8) 830 1109 279 DE-E 209 (69.2) 93 (30.8) 718 1020 302 DE-W 180 (74.4) 62 (25.6) 780 1022 242 DK 87 (86.1) 14 (13.9) 899 1000 101 ES 436 (94.2) 27 (5.8) 537 1000 463 FI 371 (83.6) 73 (16.4) 580 1024 444 FR 219 (85.9) 36 (14.1) 782 1037 255 GB-GBN 305 (92.1) 26 (7.9) 679 1010 331 GB-NIR 99 (96.1) 4 (3.9) 199 302 103 GR 577 (83.6) 113 (16.4) 314 1004 690 IE 349 (92.1) 30 (7.9) 634 1013 379 IT 385 (85.2) 67 (14.8) 575 1027 452 LU 79 (83.2) 16 (16.8) 507 602 95 NL 292 (81.6) 66 (18.4) 677 1035 358 PT 471 (96.1) 19 (3.9) 512 1002 490 SE 229 (77.1) 68 (22.9) 703 1000 297 N Sum 4812 791 10627 16230 N Valid Sum 4812 791 5603 printed 25.01.2012 page 334 Eurobarometer 58.2 - October-December 2002,isocntry M AT 275 (85.4) 47 (14.6) 701 1023 322 BE 249 (89.2) 30 (10.8) 830 1109 279 DE-E 209 (69.2) 93 (30.8) 718 1020 302 DE-W 180 (74.4) 62 (25.6) 780 1022 242 DK 87 (86.1) 14 (13.9) 899 1000 101 ES 436 (94.2) 27 (5.8) 537 1000 463 FI 371 (83.6) 73 (16.4) 580 1024 444 FR 219 (85.9) 36 (14.1) 782 1037 255 GB-GBN 305 (92.1) 26 (7.9) 679 1010 331 GB-NIR 99 (96.1) 4 (3.9) 199 302 103 GR 577 (83.6) 113 (16.4) 314 1004 690 IE 349 (92.1) 30 (7.9) 634 1013 379 IT 385 (85.2) 67 (14.8) 575 1027 452 LU 79 (83.2) 16 (16.8) 507 602 95 NL 292 (81.6) 66 (18.4) 677 1035 358 PT 471 (96.1) 19 (3.9) 512 1002 490 SE 229 (77.1) 68 (22.9) 703 1000 297 N Sum 4812 791 10627 16230 N Valid Sum 4812 791 5603 printed 25.01.2012 page 334 Eurobarometer 58.2 - October-December 2002,GESIS Variable Report,360,ZA3886
v323,v323 0 1 9 N Sum N Valid Sum,Q77D DEVELOPM AID: EUROPE IS NOT UNITED,isocntry M AT 304 (94.7) 17 (5.3) 701 1022 321 BE 258 (92.1) 22 (7.9) 830 1110 280 DE-E 276 (91.4) 26 (8.6) 718 1020 302 DE-W 228 (94.2) 14 (5.8) 780 1022 242 DK 97 (96.0) 4 (4.0) 899 1000 101 ES 450 (97.2) 13 (2.8) 537 1000 463 FI 409 (92.1) 35 (7.9) 580 1024 444 FR 233 (91.7) 21 (8.3) 782 1036 254 GB-GBN 309 (93.6) 21 (6.4) 679 1009 330 GB-NIR 99 (96.1) 4 (3.9) 199 302 103 GR 646 (93.6) 44 (6.4) 314 1004 690 IE 362 (95.3) 18 (4.7) 634 1014 380 IT 401 (88.7) 51 (11.3) 575 1027 452 LU 87 (91.6) 8 (8.4) 507 602 95 NL 338 (94.4) 20 (5.6) 677 1035 358 PT 474 (96.7) 16 (3.3) 512 1002 490 SE 266 (89.6) 31 (10.4) 703 1000 297 N Sum 5237 365 10627 16229 N Valid Sum 5237 365 5602 printed 25.01.2012 page 335 Eurobarometer 58.2 - October-December 2002,isocntry M AT 304 (94.7) 17 (5.3) 701 1022 321 BE 258 (92.1) 22 (7.9) 830 1110 280 DE-E 276 (91.4) 26 (8.6) 718 1020 302 DE-W 228 (94.2) 14 (5.8) 780 1022 242 DK 97 (96.0) 4 (4.0) 899 1000 101 ES 450 (97.2) 13 (2.8) 537 1000 463 FI 409 (92.1) 35 (7.9) 580 1024 444 FR 233 (91.7) 21 (8.3) 782 1036 254 GB-GBN 309 (93.6) 21 (6.4) 679 1009 330 GB-NIR 99 (96.1) 4 (3.9) 199 302 103 GR 646 (93.6) 44 (6.4) 314 1004 690 IE 362 (95.3) 18 (4.7) 634 1014 380 IT 401 (88.7) 51 (11.3) 575 1027 452 LU 87 (91.6) 8 (8.4) 507 602 95 NL 338 (94.4) 20 (5.6) 677 1035 358 PT 474 (96.7) 16 (3.3) 512 1002 490 SE 266 (89.6) 31 (10.4) 703 1000 297 N Sum 5237 365 10627 16229 N Valid Sum 5237 365 5602 printed 25.01.2012 page 335 Eurobarometer 58.2 - October-December 2002,GESIS Variable Report,361,ZA3886
v324,v324 0 1 9 N Sum N Valid Sum,Q77D DEVELOPM AID: EUROPE IS TOO SMALL,isocntry M AT 292 (90.7) 30 (9.3) 701 1023 322 BE 250 (89.3) 30 (10.7) 830 1110 280 DE-E 267 (88.4) 35 (11.6) 718 1020 302 DE-W 214 (88.4) 28 (11.6) 780 1022 242 DK 93 (92.1) 8 (7.9) 899 1000 101 ES 456 (98.5) 7 (1.5) 537 1000 463 FI 401 (90.3) 43 (9.7) 580 1024 444 FR 226 (88.6) 29 (11.4) 782 1037 255 GB-GBN 307 (93.0) 23 (7.0) 679 1009 330 GB-NIR 97 (94.2) 6 (5.8) 199 302 103 GR 656 (95.2) 33 (4.8) 314 1003 689 IE 355 (93.7) 24 (6.3) 634 1013 379 IT 419 (92.7) 33 (7.3) 575 1027 452 LU 83 (87.4) 12 (12.6) 507 602 95 NL 321 (89.7) 37 (10.3) 677 1035 358 PT 480 (98.2) 9 (1.8) 512 1001 489 SE 266 (89.6) 31 (10.4) 703 1000 297 N Sum 5183 418 10627 16228 N Valid Sum 5183 418 5601 printed 25.01.2012 page 336 Eurobarometer 58.2 - October-December 2002,isocntry M AT 292 (90.7) 30 (9.3) 701 1023 322 BE 250 (89.3) 30 (10.7) 830 1110 280 DE-E 267 (88.4) 35 (11.6) 718 1020 302 DE-W 214 (88.4) 28 (11.6) 780 1022 242 DK 93 (92.1) 8 (7.9) 899 1000 101 ES 456 (98.5) 7 (1.5) 537 1000 463 FI 401 (90.3) 43 (9.7) 580 1024 444 FR 226 (88.6) 29 (11.4) 782 1037 255 GB-GBN 307 (93.0) 23 (7.0) 679 1009 330 GB-NIR 97 (94.2) 6 (5.8) 199 302 103 GR 656 (95.2) 33 (4.8) 314 1003 689 IE 355 (93.7) 24 (6.3) 634 1013 379 IT 419 (92.7) 33 (7.3) 575 1027 452 LU 83 (87.4) 12 (12.6) 507 602 95 NL 321 (89.7) 37 (10.3) 677 1035 358 PT 480 (98.2) 9 (1.8) 512 1001 489 SE 266 (89.6) 31 (10.4) 703 1000 297 N Sum 5183 418 10627 16228 N Valid Sum 5183 418 5601 printed 25.01.2012 page 336 Eurobarometer 58.2 - October-December 2002,GESIS Variable Report,362,ZA3886
v325,v325 0 1 9 N Sum N Valid Sum,Q77D DEVELOPM AID: EUROPE NOT INTERESTED,isocntry M AT 313 (97.2) 9 (2.8) 701 1023 322 BE 275 (98.2) 5 (1.8) 830 1110 280 DE-E 301 (99.7) 1 (0.3) 718 1020 302 DE-W 238 (98.3) 4 (1.7) 780 1022 242 DK 96 (95.0) 5 (5.0) 899 1000 101 ES 459 (99.1) 4 (0.9) 537 1000 463 FI 437 (98.2) 8 (1.8) 580 1025 445 FR 246 (96.9) 8 (3.1) 782 1036 254 GB-GBN 329 (99.7) 1 (0.3) 679 1009 330 GB-NIR 101 (98.1) 2 (1.9) 199 302 103 GR 673 (97.5) 17 (2.5) 314 1004 690 IE 376 (99.2) 3 (0.8) 634 1013 379 IT 440 (97.3) 12 (2.7) 575 1027 452 LU 95 (100.0) 507 602 95 NL 356 (99.4) 2 (0.6) 677 1035 358 PT 482 (98.4) 8 (1.6) 512 1002 490 SE 293 (99.0) 3 (1.0) 703 999 296 N Sum 5510 92 10627 16229 N Valid Sum 5510 92 5602 printed 25.01.2012 page 337 Eurobarometer 58.2 - October-December 2002,isocntry M AT 313 (97.2) 9 (2.8) 701 1023 322 BE 275 (98.2) 5 (1.8) 830 1110 280 DE-E 301 (99.7) 1 (0.3) 718 1020 302 DE-W 238 (98.3) 4 (1.7) 780 1022 242 DK 96 (95.0) 5 (5.0) 899 1000 101 ES 459 (99.1) 4 (0.9) 537 1000 463 FI 437 (98.2) 8 (1.8) 580 1025 445 FR 246 (96.9) 8 (3.1) 782 1036 254 GB-GBN 329 (99.7) 1 (0.3) 679 1009 330 GB-NIR 101 (98.1) 2 (1.9) 199 302 103 GR 673 (97.5) 17 (2.5) 314 1004 690 IE 376 (99.2) 3 (0.8) 634 1013 379 IT 440 (97.3) 12 (2.7) 575 1027 452 LU 95 (100.0) 507 602 95 NL 356 (99.4) 2 (0.6) 677 1035 358 PT 482 (98.4) 8 (1.6) 512 1002 490 SE 293 (99.0) 3 (1.0) 703 999 296 N Sum 5510 92 10627 16229 N Valid Sum 5510 92 5602 printed 25.01.2012 page 337 Eurobarometer 58.2 - October-December 2002,GESIS Variable Report,363,ZA3886
v326,v326 0 1 9 N Sum N Valid Sum,Q77D DEVELOPM AID: EUROPE HAS DONE ENOUGH,isocntry M AT 264 (82.0) 58 (18.0) 701 1023 322 BE 259 (92.5) 21 (7.5) 830 1110 280 DE-E 265 (87.7) 37 (12.3) 718 1020 302 DE-W 218 (90.1) 24 (9.9) 780 1022 242 DK 95 (94.1) 6 (5.9) 899 1000 101 ES 453 (97.8) 10 (2.2) 537 1000 463 FI 430 (96.8) 14 (3.2) 580 1024 444 FR 224 (88.2) 30 (11.8) 782 1036 254 GB-GBN 309 (93.6) 21 (6.4) 679 1009 330 GB-NIR 95 (92.2) 8 (7.8) 199 302 103 GR 673 (97.5) 17 (2.5) 314 1004 690 IE 360 (95.0) 19 (5.0) 634 1013 379 IT 441 (97.6) 11 (2.4) 575 1027 452 LU 88 (92.6) 7 (7.4) 507 602 95 NL 341 (95.5) 16 (4.5) 677 1034 357 PT 467 (95.3) 23 (4.7) 512 1002 490 SE 288 (97.0) 9 (3.0) 703 1000 297 N Sum 5270 331 10627 16228 N Valid Sum 5270 331 5601 printed 25.01.2012 page 338 Eurobarometer 58.2 - October-December 2002,isocntry M AT 264 (82.0) 58 (18.0) 701 1023 322 BE 259 (92.5) 21 (7.5) 830 1110 280 DE-E 265 (87.7) 37 (12.3) 718 1020 302 DE-W 218 (90.1) 24 (9.9) 780 1022 242 DK 95 (94.1) 6 (5.9) 899 1000 101 ES 453 (97.8) 10 (2.2) 537 1000 463 FI 430 (96.8) 14 (3.2) 580 1024 444 FR 224 (88.2) 30 (11.8) 782 1036 254 GB-GBN 309 (93.6) 21 (6.4) 679 1009 330 GB-NIR 95 (92.2) 8 (7.8) 199 302 103 GR 673 (97.5) 17 (2.5) 314 1004 690 IE 360 (95.0) 19 (5.0) 634 1013 379 IT 441 (97.6) 11 (2.4) 575 1027 452 LU 88 (92.6) 7 (7.4) 507 602 95 NL 341 (95.5) 16 (4.5) 677 1034 357 PT 467 (95.3) 23 (4.7) 512 1002 490 SE 288 (97.0) 9 (3.0) 703 1000 297 N Sum 5270 331 10627 16228 N Valid Sum 5270 331 5601 printed 25.01.2012 page 338 Eurobarometer 58.2 - October-December 2002,GESIS Variable Report,364,ZA3886
v327,v327 0 1 9 N Sum N Valid Sum,Q77D DEVELOPM AID: OTHER REASON,isocntry M AT 315 (97.8) 7 (2.2) 701 1023 322 BE 276 (98.6) 4 (1.4) 830 1110 280 DE-E 297 (98.3) 5 (1.7) 718 1020 302 DE-W 240 (99.2) 2 (0.8) 780 1022 242 DK 94 (94.0) 6 (6.0) 899 999 100 ES 459 (98.9) 5 (1.1) 537 1001 464 FI 433 (97.5) 11 (2.5) 580 1024 444 FR 250 (98.0) 5 (2.0) 782 1037 255 GB-GBN 324 (97.9) 7 (2.1) 679 1010 331 GB-NIR 98 (96.1) 4 (3.9) 199 301 102 GR 675 (97.8) 15 (2.2) 314 1004 690 IE 375 (98.7) 5 (1.3) 634 1014 380 IT 444 (98.0) 9 (2.0) 575 1028 453 LU 94 (98.9) 1 (1.1) 507 602 95 NL 332 (92.7) 26 (7.3) 677 1035 358 PT 473 (96.5) 17 (3.5) 512 1002 490 SE 290 (97.6) 7 (2.4) 703 1000 297 N Sum 5469 136 10627 16232 N Valid Sum 5469 136 5605 printed 25.01.2012 page 339 Eurobarometer 58.2 - October-December 2002,isocntry M AT 315 (97.8) 7 (2.2) 701 1023 322 BE 276 (98.6) 4 (1.4) 830 1110 280 DE-E 297 (98.3) 5 (1.7) 718 1020 302 DE-W 240 (99.2) 2 (0.8) 780 1022 242 DK 94 (94.0) 6 (6.0) 899 999 100 ES 459 (98.9) 5 (1.1) 537 1001 464 FI 433 (97.5) 11 (2.5) 580 1024 444 FR 250 (98.0) 5 (2.0) 782 1037 255 GB-GBN 324 (97.9) 7 (2.1) 679 1010 331 GB-NIR 98 (96.1) 4 (3.9) 199 301 102 GR 675 (97.8) 15 (2.2) 314 1004 690 IE 375 (98.7) 5 (1.3) 634 1014 380 IT 444 (98.0) 9 (2.0) 575 1028 453 LU 94 (98.9) 1 (1.1) 507 602 95 NL 332 (92.7) 26 (7.3) 677 1035 358 PT 473 (96.5) 17 (3.5) 512 1002 490 SE 290 (97.6) 7 (2.4) 703 1000 297 N Sum 5469 136 10627 16232 N Valid Sum 5469 136 5605 printed 25.01.2012 page 339 Eurobarometer 58.2 - October-December 2002,GESIS Variable Report,365,ZA3886
v328,v328 0 1 9 N Sum N Valid Sum,Q77D DEVELOPM AID: DK,isocntry M AT 315 (98.1) 6 (1.9) 701 1022 321 BE 269 (96.1) 11 (3.9) 830 1110 280 DE-E 295 (97.7) 7 (2.3) 718 1020 302 DE-W 234 (96.7) 8 (3.3) 780 1022 242 DK 96 (95.0) 5 (5.0) 899 1000 101 ES 452 (97.6) 11 (2.4) 537 1000 463 FI 405 (91.2) 39 (8.8) 580 1024 444 FR 241 (94.9) 13 (5.1) 782 1036 254 GB-GBN 311 (94.0) 20 (6.0) 679 1010 331 GB-NIR 94 (92.2) 8 (7.8) 199 301 102 GR 675 (98.0) 14 (2.0) 314 1003 689 IE 374 (98.7) 5 (1.3) 634 1013 379 IT 439 (97.1) 13 (2.9) 575 1027 452 LU 91 (95.8) 4 (4.2) 507 602 95 NL 339 (94.7) 19 (5.3) 677 1035 358 PT 466 (95.1) 24 (4.9) 512 1002 490 SE 286 (96.6) 10 (3.4) 703 999 296 N Sum 5382 217 10627 16226 N Valid Sum 5382 217 5599 printed 25.01.2012 page 340 Eurobarometer 58.2 - October-December 2002,isocntry M AT 315 (98.1) 6 (1.9) 701 1022 321 BE 269 (96.1) 11 (3.9) 830 1110 280 DE-E 295 (97.7) 7 (2.3) 718 1020 302 DE-W 234 (96.7) 8 (3.3) 780 1022 242 DK 96 (95.0) 5 (5.0) 899 1000 101 ES 452 (97.6) 11 (2.4) 537 1000 463 FI 405 (91.2) 39 (8.8) 580 1024 444 FR 241 (94.9) 13 (5.1) 782 1036 254 GB-GBN 311 (94.0) 20 (6.0) 679 1010 331 GB-NIR 94 (92.2) 8 (7.8) 199 301 102 GR 675 (98.0) 14 (2.0) 314 1003 689 IE 374 (98.7) 5 (1.3) 634 1013 379 IT 439 (97.1) 13 (2.9) 575 1027 452 LU 91 (95.8) 4 (4.2) 507 602 95 NL 339 (94.7) 19 (5.3) 677 1035 358 PT 466 (95.1) 24 (4.9) 512 1002 490 SE 286 (96.6) 10 (3.4) 703 999 296 N Sum 5382 217 10627 16226 N Valid Sum 5382 217 5599 printed 25.01.2012 page 340 Eurobarometer 58.2 - October-December 2002,GESIS Variable Report,366,ZA3886
v329,,Q78 EU DEVELOPM AID: DRUG PRBL,,Q78 EU DEVELOPM AID: DRUG PRBL,GESIS Variable Report,367,ZA3886
v330,,Q78 EU DEVELOPM AID: OVERPOPULATION PRBL,,Q78 EU DEVELOPM AID: OVERPOPULATION PRBL,GESIS Variable Report,368,ZA3886
v331,,Q78 EU DEVELOPM AID: IMMIGRATION PRBL,,Q78 EU DEVELOPM AID: IMMIGRATION PRBL,GESIS Variable Report,369,ZA3886
v332,,Q78 EU DEVELOPM AID: ENVIRONMENT PRBL,,Q78 EU DEVELOPM AID: ENVIRONMENT PRBL,GESIS Variable Report,370,ZA3886
v333,,Q78 EU DEVELOPM AID: AIDS/DISEASES PRBL,,Q78 EU DEVELOPM AID: AIDS/DISEASES PRBL,GESIS Variable Report,371,ZA3886
v334,,Q78 EU DEVELOPM AID: TRADE PRBL,,Q78 EU DEVELOPM AID: TRADE PRBL,GESIS Variable Report,372,ZA3886
v335,,Q78 EU DEVELOPM AID: EDUCATION PRBL,,Q78 EU DEVELOPM AID: EDUCATION PRBL,GESIS Variable Report,373,ZA3886
v336,,Q78 EU DEVELOPM AID: GENDER PRBL,,Q78 EU DEVELOPM AID: GENDER PRBL,GESIS Variable Report,374,ZA3886
v337,,Q78 EU DEVELOPM AID: SOCIAL SERVICE PRBL,,Q78 EU DEVELOPM AID: SOCIAL SERVICE PRBL,GESIS Variable Report,375,ZA3886
v338,,Q78 EU DEVELOPM AID: INVESTMENT PRBL,,Q78 EU DEVELOPM AID: INVESTMENT PRBL,GESIS Variable Report,376,ZA3886
v339,,Q78 EU DEVELOPM AID: HUMAN RIGHTS PRBL,,Q78 EU DEVELOPM AID: HUMAN RIGHTS PRBL,GESIS Variable Report,377,ZA3886
v340,,Q78 EU DEVELOPM AID: POVERTY PRBL,,Q78 EU DEVELOPM AID: POVERTY PRBL,GESIS Variable Report,378,ZA3886
v341,,Q78 EU DEVELOPM AID: TECHNOLOGY GAP PRBL,,Q78 EU DEVELOPM AID: TECHNOLOGY GAP PRBL,GESIS Variable Report,379,ZA3886
v342,,Q78 EU DEVELOPM AID: UNEMPLOYMENT PRBL,,Q78 EU DEVELOPM AID: UNEMPLOYMENT PRBL,GESIS Variable Report,380,ZA3886
v343,v343 1 2 3 N Sum N Valid Sum,Q79 EU DEVELOPM AID: CONTAINS CONFLICTS,isocntry M AT 463 (55.6) 369 (44.4) 191 1023 832 BE 426 (52.0) 393 (48.0) 290 1109 819 DE-E 429 (53.8) 368 (46.2) 224 1021 797 DE-W 475 (59.4) 325 (40.6) 222 1022 800 DK 340 (44.3) 427 (55.7) 233 1000 767 ES 417 (65.0) 225 (35.0) 358 1000 642 FI 403 (46.1) 471 (53.9) 150 1024 874 FR 419 (54.2) 354 (45.8) 265 1038 773 GB-GBN 286 (49.9) 287 (50.1) 437 1010 573 GB-NIR 110 (52.6) 99 (47.4) 92 301 209 GR 447 (61.3) 282 (38.7) 274 1003 729 IE 495 (72.7) 186 (27.3) 332 1013 681 IT 492 (65.7) 257 (34.3) 278 1027 749 LU 340 (63.6) 195 (36.4) 66 601 535 NL 519 (61.1) 331 (38.9) 185 1035 850 PT 514 (69.7) 223 (30.3) 265 1002 737 SE 363 (44.2) 458 (55.8) 179 1000 821 N Sum 6938 5250 4041 16229 N Valid Sum 6938 5250 12188 printed 25.01.2012 page 355 Eurobarometer 58.2 - October-December 2002,isocntry M AT 463 (55.6) 369 (44.4) 191 1023 832 BE 426 (52.0) 393 (48.0) 290 1109 819 DE-E 429 (53.8) 368 (46.2) 224 1021 797 DE-W 475 (59.4) 325 (40.6) 222 1022 800 DK 340 (44.3) 427 (55.7) 233 1000 767 ES 417 (65.0) 225 (35.0) 358 1000 642 FI 403 (46.1) 471 (53.9) 150 1024 874 FR 419 (54.2) 354 (45.8) 265 1038 773 GB-GBN 286 (49.9) 287 (50.1) 437 1010 573 GB-NIR 110 (52.6) 99 (47.4) 92 301 209 GR 447 (61.3) 282 (38.7) 274 1003 729 IE 495 (72.7) 186 (27.3) 332 1013 681 IT 492 (65.7) 257 (34.3) 278 1027 749 LU 340 (63.6) 195 (36.4) 66 601 535 NL 519 (61.1) 331 (38.9) 185 1035 850 PT 514 (69.7) 223 (30.3) 265 1002 737 SE 363 (44.2) 458 (55.8) 179 1000 821 N Sum 6938 5250 4041 16229 N Valid Sum 6938 5250 12188 printed 25.01.2012 page 355 Eurobarometer 58.2 - October-December 2002,GESIS Variable Report,381,ZA3886
v344,v344 1 2 3 N Sum N Valid Sum,Q79 EU DEVELOPM AID: MORE DEMOCRATIC,isocntry M AT 468 (56.0) 368 (44.0) 187 1023 836 BE 505 (60.5) 330 (39.5) 275 1110 835 DE-E 463 (60.8) 299 (39.2) 257 1019 762 DE-W 550 (67.6) 264 (32.4) 208 1022 814 DK 536 (61.7) 333 (38.3) 131 1000 869 ES 498 (72.9) 185 (27.1) 316 999 683 FI 535 (62.5) 321 (37.5) 168 1024 856 FR 513 (64.9) 278 (35.1) 246 1037 791 GB-GBN 320 (55.4) 258 (44.6) 432 1010 578 GB-NIR 125 (59.8) 84 (40.2) 93 302 209 GR 584 (77.1) 173 (22.9) 246 1003 757 IE 588 (82.7) 123 (17.3) 302 1013 711 IT 643 (79.6) 165 (20.4) 219 1027 808 LU 384 (73.8) 136 (26.2) 82 602 520 NL 522 (60.2) 345 (39.8) 168 1035 867 PT 548 (75.4) 179 (24.6) 275 1002 727 SE 478 (56.6) 367 (43.4) 154 999 845 N Sum 8260 4208 3759 16227 N Valid Sum 8260 4208 12468 printed 25.01.2012 page 356 Eurobarometer 58.2 - October-December 2002,isocntry M AT 468 (56.0) 368 (44.0) 187 1023 836 BE 505 (60.5) 330 (39.5) 275 1110 835 DE-E 463 (60.8) 299 (39.2) 257 1019 762 DE-W 550 (67.6) 264 (32.4) 208 1022 814 DK 536 (61.7) 333 (38.3) 131 1000 869 ES 498 (72.9) 185 (27.1) 316 999 683 FI 535 (62.5) 321 (37.5) 168 1024 856 FR 513 (64.9) 278 (35.1) 246 1037 791 GB-GBN 320 (55.4) 258 (44.6) 432 1010 578 GB-NIR 125 (59.8) 84 (40.2) 93 302 209 GR 584 (77.1) 173 (22.9) 246 1003 757 IE 588 (82.7) 123 (17.3) 302 1013 711 IT 643 (79.6) 165 (20.4) 219 1027 808 LU 384 (73.8) 136 (26.2) 82 602 520 NL 522 (60.2) 345 (39.8) 168 1035 867 PT 548 (75.4) 179 (24.6) 275 1002 727 SE 478 (56.6) 367 (43.4) 154 999 845 N Sum 8260 4208 3759 16227 N Valid Sum 8260 4208 12468 printed 25.01.2012 page 356 Eurobarometer 58.2 - October-December 2002,GESIS Variable Report,382,ZA3886
v345,v345 1 2 3 N Sum N Valid Sum,Q79 EU DEVELOPM AID: EVEN IF TERRORISM,isocntry M AT 449 (52.9) 399 (47.1) 176 1024 848 BE 280 (31.2) 618 (68.8) 212 1110 898 DE-E 410 (51.1) 392 (48.9) 217 1019 802 DE-W 439 (51.5) 413 (48.5) 170 1022 852 DK 333 (35.9) 594 (64.1) 73 1000 927 ES 408 (57.2) 305 (42.8) 286 999 713 FI 285 (31.5) 619 (68.5) 120 1024 904 FR 341 (38.6) 542 (61.4) 154 1037 883 GB-GBN 296 (43.9) 378 (56.1) 336 1010 674 GB-NIR 104 (46.6) 119 (53.4) 79 302 223 GR 445 (57.1) 335 (42.9) 223 1003 780 IE 475 (63.6) 272 (36.4) 267 1014 747 IT 427 (49.7) 433 (50.3) 167 1027 860 LU 291 (53.5) 253 (46.5) 58 602 544 NL 460 (50.3) 454 (49.7) 121 1035 914 PT 246 (31.9) 525 (68.1) 231 1002 771 SE 282 (31.5) 613 (68.5) 105 1000 895 N Sum 5971 7264 2995 16230 N Valid Sum 5971 7264 13235 printed 25.01.2012 page 357 Eurobarometer 58.2 - October-December 2002,isocntry M AT 449 (52.9) 399 (47.1) 176 1024 848 BE 280 (31.2) 618 (68.8) 212 1110 898 DE-E 410 (51.1) 392 (48.9) 217 1019 802 DE-W 439 (51.5) 413 (48.5) 170 1022 852 DK 333 (35.9) 594 (64.1) 73 1000 927 ES 408 (57.2) 305 (42.8) 286 999 713 FI 285 (31.5) 619 (68.5) 120 1024 904 FR 341 (38.6) 542 (61.4) 154 1037 883 GB-GBN 296 (43.9) 378 (56.1) 336 1010 674 GB-NIR 104 (46.6) 119 (53.4) 79 302 223 GR 445 (57.1) 335 (42.9) 223 1003 780 IE 475 (63.6) 272 (36.4) 267 1014 747 IT 427 (49.7) 433 (50.3) 167 1027 860 LU 291 (53.5) 253 (46.5) 58 602 544 NL 460 (50.3) 454 (49.7) 121 1035 914 PT 246 (31.9) 525 (68.1) 231 1002 771 SE 282 (31.5) 613 (68.5) 105 1000 895 N Sum 5971 7264 2995 16230 N Valid Sum 5971 7264 13235 printed 25.01.2012 page 357 Eurobarometer 58.2 - October-December 2002,GESIS Variable Report,383,ZA3886
v346,v346 1 2 3 N Sum N Valid Sum,Q79 EU DEVELOPM AID: SUSTAINABLE TARGETS,isocntry M AT 644 (79.0) 171 (21.0) 208 1023 815 BE 770 (87.8) 107 (12.2) 233 1110 877 DE-E 662 (80.6) 159 (19.4) 199 1020 821 DE-W 714 (83.3) 143 (16.7) 165 1022 857 DK 815 (88.8) 103 (11.2) 82 1000 918 ES 691 (92.0) 60 (8.0) 249 1000 751 FI 819 (90.6) 85 (9.4) 120 1024 904 FR 772 (89.1) 94 (10.9) 171 1037 866 GB-GBN 534 (84.1) 101 (15.9) 375 1010 635 GB-NIR 189 (88.7) 24 (11.3) 89 302 213 GR 733 (91.5) 68 (8.5) 203 1004 801 IE 712 (93.3) 51 (6.7) 250 1013 763 IT 798 (92.6) 64 (7.4) 165 1027 862 LU 442 (89.7) 51 (10.3) 110 603 493 NL 720 (82.9) 148 (17.1) 167 1035 868 PT 583 (84.7) 105 (15.3) 314 1002 688 SE 886 (96.0) 37 (4.0) 77 1000 923 N Sum 11484 1571 3177 16232 N Valid Sum 11484 1571 13055 printed 25.01.2012 page 358 Eurobarometer 58.2 - October-December 2002,isocntry M AT 644 (79.0) 171 (21.0) 208 1023 815 BE 770 (87.8) 107 (12.2) 233 1110 877 DE-E 662 (80.6) 159 (19.4) 199 1020 821 DE-W 714 (83.3) 143 (16.7) 165 1022 857 DK 815 (88.8) 103 (11.2) 82 1000 918 ES 691 (92.0) 60 (8.0) 249 1000 751 FI 819 (90.6) 85 (9.4) 120 1024 904 FR 772 (89.1) 94 (10.9) 171 1037 866 GB-GBN 534 (84.1) 101 (15.9) 375 1010 635 GB-NIR 189 (88.7) 24 (11.3) 89 302 213 GR 733 (91.5) 68 (8.5) 203 1004 801 IE 712 (93.3) 51 (6.7) 250 1013 763 IT 798 (92.6) 64 (7.4) 165 1027 862 LU 442 (89.7) 51 (10.3) 110 603 493 NL 720 (82.9) 148 (17.1) 167 1035 868 PT 583 (84.7) 105 (15.3) 314 1002 688 SE 886 (96.0) 37 (4.0) 77 1000 923 N Sum 11484 1571 3177 16232 N Valid Sum 11484 1571 13055 printed 25.01.2012 page 358 Eurobarometer 58.2 - October-December 2002,GESIS Variable Report,384,ZA3886
v347,v347 1 2 3 N Sum N Valid Sum,Q79 EU DEVELOPM AID: LINKED TO DEMOCRACY,isocntry M AT 664 (80.7) 159 (19.3) 200 1023 823 BE 752 (85.8) 124 (14.2) 235 1111 876 DE-E 675 (80.5) 164 (19.5) 181 1020 839 DE-W 690 (81.2) 160 (18.8) 172 1022 850 DK 837 (89.1) 102 (10.9) 62 1001 939 ES 643 (87.2) 94 (12.8) 263 1000 737 FI 775 (87.2) 114 (12.8) 135 1024 889 FR 789 (87.7) 111 (12.3) 136 1036 900 GB-GBN 541 (84.3) 101 (15.7) 368 1010 642 GB-NIR 191 (87.2) 28 (12.8) 83 302 219 GR 740 (91.6) 68 (8.4) 194 1002 808 IE 697 (91.5) 65 (8.5) 251 1013 762 IT 797 (91.1) 78 (8.9) 152 1027 875 LU 484 (90.1) 53 (9.9) 65 602 537 NL 761 (84.6) 138 (15.4) 136 1035 899 PT 657 (87.8) 91 (12.2) 254 1002 748 SE 877 (94.7) 49 (5.3) 74 1000 926 N Sum 11570 1699 2961 16230 N Valid Sum 11570 1699 13269 printed 25.01.2012 page 359 Eurobarometer 58.2 - October-December 2002,isocntry M AT 664 (80.7) 159 (19.3) 200 1023 823 BE 752 (85.8) 124 (14.2) 235 1111 876 DE-E 675 (80.5) 164 (19.5) 181 1020 839 DE-W 690 (81.2) 160 (18.8) 172 1022 850 DK 837 (89.1) 102 (10.9) 62 1001 939 ES 643 (87.2) 94 (12.8) 263 1000 737 FI 775 (87.2) 114 (12.8) 135 1024 889 FR 789 (87.7) 111 (12.3) 136 1036 900 GB-GBN 541 (84.3) 101 (15.7) 368 1010 642 GB-NIR 191 (87.2) 28 (12.8) 83 302 219 GR 740 (91.6) 68 (8.4) 194 1002 808 IE 697 (91.5) 65 (8.5) 251 1013 762 IT 797 (91.1) 78 (8.9) 152 1027 875 LU 484 (90.1) 53 (9.9) 65 602 537 NL 761 (84.6) 138 (15.4) 136 1035 899 PT 657 (87.8) 91 (12.2) 254 1002 748 SE 877 (94.7) 49 (5.3) 74 1000 926 N Sum 11570 1699 2961 16230 N Valid Sum 11570 1699 13269 printed 25.01.2012 page 359 Eurobarometer 58.2 - October-December 2002,GESIS Variable Report,385,ZA3886
v348,v348 1 2 3 N Sum N Valid Sum,Q79 EU DEVELOPM AID: EXCEPT ARMAMENTS,isocntry M AT 690 (80.7) 165 (19.3) 168 1023 855 BE 735 (82.2) 159 (17.8) 216 1110 894 DE-E 791 (88.5) 103 (11.5) 126 1020 894 DE-W 744 (84.3) 139 (15.7) 139 1022 883 DK 833 (88.5) 108 (11.5) 59 1000 941 ES 686 (89.1) 84 (10.9) 230 1000 770 FI 731 (81.6) 165 (18.4) 128 1024 896 FR 793 (87.3) 115 (12.7) 129 1037 908 GB-GBN 552 (82.3) 119 (17.7) 340 1011 671 GB-NIR 184 (81.8) 41 (18.2) 77 302 225 GR 764 (92.8) 59 (7.2) 180 1003 823 IE 670 (90.9) 67 (9.1) 275 1012 737 IT 812 (90.7) 83 (9.3) 132 1027 895 LU 485 (86.1) 78 (13.9) 39 602 563 NL 756 (80.6) 182 (19.4) 98 1036 938 PT 637 (81.3) 147 (18.8) 219 1003 784 SE 794 (85.5) 135 (14.5) 71 1000 929 N Sum 11657 1949 2626 16232 N Valid Sum 11657 1949 13606 printed 25.01.2012 page 360 Eurobarometer 58.2 - October-December 2002,isocntry M AT 690 (80.7) 165 (19.3) 168 1023 855 BE 735 (82.2) 159 (17.8) 216 1110 894 DE-E 791 (88.5) 103 (11.5) 126 1020 894 DE-W 744 (84.3) 139 (15.7) 139 1022 883 DK 833 (88.5) 108 (11.5) 59 1000 941 ES 686 (89.1) 84 (10.9) 230 1000 770 FI 731 (81.6) 165 (18.4) 128 1024 896 FR 793 (87.3) 115 (12.7) 129 1037 908 GB-GBN 552 (82.3) 119 (17.7) 340 1011 671 GB-NIR 184 (81.8) 41 (18.2) 77 302 225 GR 764 (92.8) 59 (7.2) 180 1003 823 IE 670 (90.9) 67 (9.1) 275 1012 737 IT 812 (90.7) 83 (9.3) 132 1027 895 LU 485 (86.1) 78 (13.9) 39 602 563 NL 756 (80.6) 182 (19.4) 98 1036 938 PT 637 (81.3) 147 (18.8) 219 1003 784 SE 794 (85.5) 135 (14.5) 71 1000 929 N Sum 11657 1949 2626 16232 N Valid Sum 11657 1949 13606 printed 25.01.2012 page 360 Eurobarometer 58.2 - October-December 2002,GESIS Variable Report,386,ZA3886
v349,,D1 LEFT-RIGHT PLACEMENT,,D1 LEFT-RIGHT PLACEMENT,GESIS Variable Report,387,ZA3886
v350,v350 1 2 3 4 N Sum N Valid Sum,D1 LEFT-RIGHT PLACEMENT - RECODED 3 CAT,isocntry M AT 203 (29.7) 326 (47.7) 155 (22.7) 339 1023 684 BE 244 (31.7) 375 (48.8) 150 (19.5) 342 1111 769 DE-E 278 (34.9) 404 (50.7) 115 (14.4) 222 1019 797 DE-W 226 (27.6) 397 (48.4) 197 (24.0) 203 1023 820 DK 285 (30.5) 320 (34.2) 330 (35.3) 65 1000 935 ES 328 (46.4) 280 (39.6) 99 (14.0) 293 1000 707 FI 192 (22.9) 404 (48.2) 242 (28.9) 186 1024 838 FR 293 (36.9) 289 (36.4) 212 (26.7) 243 1037 794 GB-GBN 192 (26.1) 402 (54.6) 142 (19.3) 274 1010 736 GB-NIR 54 (21.1) 169 (66.0) 33 (12.9) 46 302 256 GR 132 (19.1) 353 (51.0) 207 (29.9) 310 1002 692 IE 134 (17.8) 426 (56.5) 194 (25.7) 259 1013 754 IT 275 (40.6) 207 (30.5) 196 (28.9) 348 1026 678 LU 128 (29.1) 235 (53.4) 77 (17.5) 162 602 440 NL 344 (34.5) 410 (41.1) 243 (24.4) 39 1036 997 PT 223 (33.7) 274 (41.4) 165 (24.9) 340 1002 662 SE 363 (38.6) 312 (33.2) 265 (28.2) 60 1000 940 N Sum 3894 5583 3022 3731 16230 N Valid Sum 3894 5583 3022 12499 printed 25.01.2012 page 363 Eurobarometer 58.2 - October-December 2002,isocntry M AT 203 (29.7) 326 (47.7) 155 (22.7) 339 1023 684 BE 244 (31.7) 375 (48.8) 150 (19.5) 342 1111 769 DE-E 278 (34.9) 404 (50.7) 115 (14.4) 222 1019 797 DE-W 226 (27.6) 397 (48.4) 197 (24.0) 203 1023 820 DK 285 (30.5) 320 (34.2) 330 (35.3) 65 1000 935 ES 328 (46.4) 280 (39.6) 99 (14.0) 293 1000 707 FI 192 (22.9) 404 (48.2) 242 (28.9) 186 1024 838 FR 293 (36.9) 289 (36.4) 212 (26.7) 243 1037 794 GB-GBN 192 (26.1) 402 (54.6) 142 (19.3) 274 1010 736 GB-NIR 54 (21.1) 169 (66.0) 33 (12.9) 46 302 256 GR 132 (19.1) 353 (51.0) 207 (29.9) 310 1002 692 IE 134 (17.8) 426 (56.5) 194 (25.7) 259 1013 754 IT 275 (40.6) 207 (30.5) 196 (28.9) 348 1026 678 LU 128 (29.1) 235 (53.4) 77 (17.5) 162 602 440 NL 344 (34.5) 410 (41.1) 243 (24.4) 39 1036 997 PT 223 (33.7) 274 (41.4) 165 (24.9) 340 1002 662 SE 363 (38.6) 312 (33.2) 265 (28.2) 60 1000 940 N Sum 3894 5583 3022 3731 16230 N Valid Sum 3894 5583 3022 12499 printed 25.01.2012 page 363 Eurobarometer 58.2 - October-December 2002,GESIS Variable Report,389,ZA3886
v351,,D1 LEFT-RIGHT PLACEMENT - RECODED 5 CAT,,D1 LEFT-RIGHT PLACEMENT - RECODED 5 CAT,GESIS Variable Report,390,ZA3886
v352,,D7 MARITAL STATUS,,D7 MARITAL STATUS,GESIS Variable Report,391,ZA3886
v353,,D8 AGE EDUCATION,,D8 AGE EDUCATION,GESIS Variable Report,393,ZA3886
v354,,D8 AGE EDUCATION - RECODED,,D8 AGE EDUCATION - RECODED,GESIS Variable Report,394,ZA3886
v355,v355 1 2 N Sum N Valid Sum,D10 GENDER,isocntry AT 491 (48.0) 532 (52.0) 1023 1023 BE 537 (48.4) 573 (51.6) 1110 1110 DE-E 492 (48.2) 528 (51.8) 1020 1020 DE-W 492 (48.1) 530 (51.9) 1022 1022 DK 490 (49.0) 510 (51.0) 1000 1000 ES 485 (48.5) 515 (51.5) 1000 1000 FI 494 (48.2) 530 (51.8) 1024 1024 FR 499 (48.1) 538 (51.9) 1037 1037 GB-GBN 489 (48.4) 521 (51.6) 1010 1010 GB-NIR 146 (48.3) 156 (51.7) 302 302 GR 491 (49.0) 512 (51.0) 1003 1003 IE 491 (48.5) 522 (51.5) 1013 1013 IT 494 (48.1) 533 (51.9) 1027 1027 LU 286 (47.5) 316 (52.5) 602 602 NL 508 (49.1) 527 (50.9) 1035 1035 PT 476 (47.5) 526 (52.5) 1002 1002 SE 490 (49.0) 510 (51.0) 1000 1000 N Sum 7851 8379 16230 N Valid Sum 7851 8379 16230 printed 25.01.2012 page 370 Eurobarometer 58.2 - October-December 2002,isocntry AT 491 (48.0) 532 (52.0) 1023 1023 BE 537 (48.4) 573 (51.6) 1110 1110 DE-E 492 (48.2) 528 (51.8) 1020 1020 DE-W 492 (48.1) 530 (51.9) 1022 1022 DK 490 (49.0) 510 (51.0) 1000 1000 ES 485 (48.5) 515 (51.5) 1000 1000 FI 494 (48.2) 530 (51.8) 1024 1024 FR 499 (48.1) 538 (51.9) 1037 1037 GB-GBN 489 (48.4) 521 (51.6) 1010 1010 GB-NIR 146 (48.3) 156 (51.7) 302 302 GR 491 (49.0) 512 (51.0) 1003 1003 IE 491 (48.5) 522 (51.5) 1013 1013 IT 494 (48.1) 533 (51.9) 1027 1027 LU 286 (47.5) 316 (52.5) 602 602 NL 508 (49.1) 527 (50.9) 1035 1035 PT 476 (47.5) 526 (52.5) 1002 1002 SE 490 (49.0) 510 (51.0) 1000 1000 N Sum 7851 8379 16230 N Valid Sum 7851 8379 16230 printed 25.01.2012 page 370 Eurobarometer 58.2 - October-December 2002,GESIS Variable Report,396,ZA3886
v356,,D11 AGE EXACT,,D11 AGE EXACT,GESIS Variable Report,397,ZA3886
v357,v357 1 2 3 4 N Sum N Valid Sum,D11 AGE RECODED - FOUR GROUPS,isocntry AT 155 (15.2) 300 (29.3) 249 (24.3) 319 (31.2) 1023 1023 BE 171 (15.4) 302 (27.2) 275 (24.8) 362 (32.6) 1110 1110 DE-E 147 (14.4) 280 (27.5) 244 (23.9) 349 (34.2) 1020 1020 DE-W 131 (12.8) 306 (30.0) 234 (22.9) 350 (34.3) 1021 1021 DK 156 (15.6) 282 (28.2) 257 (25.7) 305 (30.5) 1000 1000 ES 191 (19.1) 279 (27.9) 221 (22.1) 310 (31.0) 1001 1001 FI 156 (15.2) 277 (27.1) 278 (27.2) 312 (30.5) 1023 1023 FR 177 (17.1) 304 (29.3) 236 (22.7) 321 (30.9) 1038 1038 GB-GBN 156 (15.5) 290 (28.7) 242 (24.0) 321 (31.8) 1009 1009 GB-NIR 65 (21.5) 76 (25.2) 71 (23.5) 90 (29.8) 302 302 GR 176 (17.5) 261 (26.0) 231 (23.0) 336 (33.5) 1004 1004 IE 218 (21.5) 307 (30.3) 186 (18.4) 302 (29.8) 1013 1013 IT 160 (15.6) 273 (26.6) 244 (23.8) 350 (34.1) 1027 1027 LU 79 (13.1) 167 (27.7) 148 (24.6) 208 (34.6) 602 602 NL 159 (15.3) 323 (31.2) 263 (25.4) 291 (28.1) 1036 1036 PT 194 (19.4) 275 (27.4) 222 (22.2) 311 (31.0) 1002 1002 SE 149 (14.9) 273 (27.3) 241 (24.1) 337 (33.7) 1000 1000 N Sum 2640 4575 3842 5174 16231 N Valid Sum 2640 4575 3842 5174 16231 printed 25.01.2012 page 372 Eurobarometer 58.2 - October-December 2002,isocntry AT 155 (15.2) 300 (29.3) 249 (24.3) 319 (31.2) 1023 1023 BE 171 (15.4) 302 (27.2) 275 (24.8) 362 (32.6) 1110 1110 DE-E 147 (14.4) 280 (27.5) 244 (23.9) 349 (34.2) 1020 1020 DE-W 131 (12.8) 306 (30.0) 234 (22.9) 350 (34.3) 1021 1021 DK 156 (15.6) 282 (28.2) 257 (25.7) 305 (30.5) 1000 1000 ES 191 (19.1) 279 (27.9) 221 (22.1) 310 (31.0) 1001 1001 FI 156 (15.2) 277 (27.1) 278 (27.2) 312 (30.5) 1023 1023 FR 177 (17.1) 304 (29.3) 236 (22.7) 321 (30.9) 1038 1038 GB-GBN 156 (15.5) 290 (28.7) 242 (24.0) 321 (31.8) 1009 1009 GB-NIR 65 (21.5) 76 (25.2) 71 (23.5) 90 (29.8) 302 302 GR 176 (17.5) 261 (26.0) 231 (23.0) 336 (33.5) 1004 1004 IE 218 (21.5) 307 (30.3) 186 (18.4) 302 (29.8) 1013 1013 IT 160 (15.6) 273 (26.6) 244 (23.8) 350 (34.1) 1027 1027 LU 79 (13.1) 167 (27.7) 148 (24.6) 208 (34.6) 602 602 NL 159 (15.3) 323 (31.2) 263 (25.4) 291 (28.1) 1036 1036 PT 194 (19.4) 275 (27.4) 222 (22.2) 311 (31.0) 1002 1002 SE 149 (14.9) 273 (27.3) 241 (24.1) 337 (33.7) 1000 1000 N Sum 2640 4575 3842 5174 16231 N Valid Sum 2640 4575 3842 5174 16231 printed 25.01.2012 page 372 Eurobarometer 58.2 - October-December 2002,GESIS Variable Report,398,ZA3886
v358,,D11 AGE RECODED - SIX GROUPS,,D11 AGE RECODED - SIX GROUPS,GESIS Variable Report,399,ZA3886
v359,,D15A OCCUPATION OF RESPONDENT,,D15A OCCUPATION OF RESPONDENT,GESIS Variable Report,400,ZA3886
v360,,D15B OCCUPATION OF RESPONDENT - LAST JOB,,D15B OCCUPATION OF RESPONDENT - LAST JOB,GESIS Variable Report,402,ZA3886
v361,,D19 MAIN INCOME EARNER,,D19 MAIN INCOME EARNER,GESIS Variable Report,404,ZA3886
v362,IF CODE 2 AT D.19,D21A OCCUPATION OF HEAD OF HOUSEHOLD,What is the current occupation of the person who contributes most to the household income? NON-ACTIVE,What is the current occupation of the person who contributes most to the household income? NON-ACTIVE,GESIS Variable Report,405,ZA3886
v363,,D21B OCCUPATION OF HEAD OF HH - LAST JOB,,D21B OCCUPATION OF HEAD OF HH - LAST JOB,GESIS Variable Report,407,ZA3886
v364,,D25 TYPE OF COMMUNITY,,D25 TYPE OF COMMUNITY,GESIS Variable Report,409,ZA3886
v365,,D29 INCOME HH - FRANCE,,D29 INCOME HH - FRANCE,GESIS Variable Report,410,ZA3886
v366,,D29 INCOME HH - BELGIUM,,D29 INCOME HH - BELGIUM,GESIS Variable Report,412,ZA3886
v367,,D29 INCOME HH - NETHERLANDS,,D29 INCOME HH - NETHERLANDS,GESIS Variable Report,414,ZA3886
v368,,D29 INCOME HH - GERMANY WEST,,D29 INCOME HH - GERMANY WEST,GESIS Variable Report,416,ZA3886
v369,,D29 INCOME HH - ITALY,,D29 INCOME HH - ITALY,GESIS Variable Report,418,ZA3886
v370,,D29 INCOME HH - LUXEMBOURG,,D29 INCOME HH - LUXEMBOURG,GESIS Variable Report,420,ZA3886
v371,,D29 INCOME HH - DENMARK,,D29 INCOME HH - DENMARK,GESIS Variable Report,422,ZA3886
v372,,D29 INCOME HH - IRELAND,,D29 INCOME HH - IRELAND,GESIS Variable Report,424,ZA3886
v373,,D29 INCOME HH - GREAT BRITAIN,,D29 INCOME HH - GREAT BRITAIN,GESIS Variable Report,426,ZA3886
v374,,D29 INCOME HH - NORTHERN IRELAND,,D29 INCOME HH - NORTHERN IRELAND,GESIS Variable Report,428,ZA3886
v375,,D29 INCOME HH - GREECE,,D29 INCOME HH - GREECE,GESIS Variable Report,430,ZA3886
v376,,D29 INCOME HH - SPAIN,,D29 INCOME HH - SPAIN,GESIS Variable Report,432,ZA3886
v377,,D29 INCOME HH - PORTUGAL,,D29 INCOME HH - PORTUGAL,GESIS Variable Report,434,ZA3886
v378,,D29 INCOME HH - GERMANY EAST,,D29 INCOME HH - GERMANY EAST,GESIS Variable Report,436,ZA3886
v379,,D29 INCOME HH - FINLAND,,D29 INCOME HH - FINLAND,GESIS Variable Report,438,ZA3886
v380,,D29 INCOME HH - SWEDEN,,D29 INCOME HH - SWEDEN,GESIS Variable Report,440,ZA3886
v381,,D29 INCOME HH - AUSTRIA,,D29 INCOME HH - AUSTRIA,GESIS Variable Report,442,ZA3886
v382,,D29 INCOME HH - ALL INTEGRATED,,D29 INCOME HH - ALL INTEGRATED,GESIS Variable Report,444,ZA3886
v383,,D29 INCOME HH QUARTILES,,D29 INCOME HH QUARTILES,GESIS Variable Report,450,ZA3886
v384,,P1 DATE OF INTERVIEW,,P1 DATE OF INTERVIEW,GESIS Variable Report,451,ZA3886
v385,v385 1 2 3 4 5 6 N Sum N Valid Sum,P2 TIME OF INTERVIEW,isocntry AT 3 (0.3) 328 (32.1) 425 (41.5) 245 (23.9) 22 (2.2) 1023 1023 BE 3 (0.3) 348 (31.4) 462 (41.6) 219 (19.7) 77 (6.9) 1 (0.1) 1110 1110 DE-E 277 (27.2) 471 (46.2) 256 (25.1) 16 (1.6) 1020 1020 DE-W 306 (29.9) 427 (41.8) 276 (27.0) 13 (1.3) 1022 1022 DK 138 (13.8) 440 (44.0) 385 (38.5) 35 (3.5) 2 (0.2) 1000 1000 ES 358 (35.8) 287 (28.7) 288 (28.8) 67 (6.7) 1000 1000 FI 3 (0.3) 236 (23.0) 486 (47.5) 278 (27.1) 21 (2.1) 1024 1024 FR 1 (0.1) 241 (23.2) 399 (38.5) 376 (36.3) 20 (1.9) 1037 1037 GB-GBN 12 (1.2) 502 (49.7) 390 (38.6) 100 (9.9) 5 (0.5) 1 (0.1) 1010 1010 GB-NIR 96 (31.8) 144 (47.7) 52 (17.2) 10 (3.3) 302 302 GR 389 (38.8) 185 (18.4) 334 (33.3) 95 (9.5) 1003 1003 IE 14 (1.4) 287 (28.3) 480 (47.4) 201 (19.8) 31 (3.1) 1013 1013 IT 243 (23.7) 337 (32.8) 360 (35.1) 87 (8.5) 1027 1027 LU 116 (19.3) 249 (41.4) 206 (34.2) 30 (5.0) 1 (0.2) 602 602 NL 1 (0.1) 274 (26.5) 419 (40.5) 191 (18.5) 144 (13.9) 6 (0.6) 1035 1035 PT 356 (35.5) 384 (38.3) 232 (23.2) 30 (3.0) 1002 1002 SE 281 (28.1) 336 (33.6) 349 (34.9) 33 (3.3) 1 (0.1) 1000 1000 N Sum 37 4776 6321 4348 736 12 16230 N Valid Sum 37 4776 6321 4348 736 12 16230 printed 25.01.2012 page 427 Eurobarometer 58.2 - October-December 2002,isocntry AT 3 (0.3) 328 (32.1) 425 (41.5) 245 (23.9) 22 (2.2) 1023 1023 BE 3 (0.3) 348 (31.4) 462 (41.6) 219 (19.7) 77 (6.9) 1 (0.1) 1110 1110 DE-E 277 (27.2) 471 (46.2) 256 (25.1) 16 (1.6) 1020 1020 DE-W 306 (29.9) 427 (41.8) 276 (27.0) 13 (1.3) 1022 1022 DK 138 (13.8) 440 (44.0) 385 (38.5) 35 (3.5) 2 (0.2) 1000 1000 ES 358 (35.8) 287 (28.7) 288 (28.8) 67 (6.7) 1000 1000 FI 3 (0.3) 236 (23.0) 486 (47.5) 278 (27.1) 21 (2.1) 1024 1024 FR 1 (0.1) 241 (23.2) 399 (38.5) 376 (36.3) 20 (1.9) 1037 1037 GB-GBN 12 (1.2) 502 (49.7) 390 (38.6) 100 (9.9) 5 (0.5) 1 (0.1) 1010 1010 GB-NIR 96 (31.8) 144 (47.7) 52 (17.2) 10 (3.3) 302 302 GR 389 (38.8) 185 (18.4) 334 (33.3) 95 (9.5) 1003 1003 IE 14 (1.4) 287 (28.3) 480 (47.4) 201 (19.8) 31 (3.1) 1013 1013 IT 243 (23.7) 337 (32.8) 360 (35.1) 87 (8.5) 1027 1027 LU 116 (19.3) 249 (41.4) 206 (34.2) 30 (5.0) 1 (0.2) 602 602 NL 1 (0.1) 274 (26.5) 419 (40.5) 191 (18.5) 144 (13.9) 6 (0.6) 1035 1035 PT 356 (35.5) 384 (38.3) 232 (23.2) 30 (3.0) 1002 1002 SE 281 (28.1) 336 (33.6) 349 (34.9) 33 (3.3) 1 (0.1) 1000 1000 N Sum 37 4776 6321 4348 736 12 16230 N Valid Sum 37 4776 6321 4348 736 12 16230 printed 25.01.2012 page 427 Eurobarometer 58.2 - October-December 2002,GESIS Variable Report,453,ZA3886
v386,v386 2 3 4 5 6 7 N Sum N Valid Sum,P3 DURATION OF INTERVIEW,isocntry AT 22 (2.2) 385 (37.6) 380 (37.1) 196 (19.2) 29 (2.8) 11 (1.1) 1023 1023 BE 261 (23.5) 590 (53.2) 169 (15.2) 72 (6.5) 6 (0.5) 12 (1.1) 1110 1110 DE-E 13 (1.3) 302 (29.6) 435 (42.6) 226 (22.2) 26 (2.5) 18 (1.8) 1020 1020 DE-W 15 (1.5) 311 (30.4) 475 (46.5) 180 (17.6) 17 (1.7) 24 (2.3) 1022 1022 DK 35 (3.5) 359 (35.9) 385 (38.5) 191 (19.1) 19 (1.9) 11 (1.1) 1000 1000 ES 12 (1.2) 728 (72.8) 208 (20.8) 51 (5.1) 1 (0.1) 1000 1000 FI 26 (2.5) 366 (35.7) 438 (42.8) 142 (13.9) 28 (2.7) 24 (2.3) 1024 1024 FR 5 (0.5) 101 (9.7) 688 (66.3) 229 (22.1) 2 (0.2) 12 (1.2) 1037 1037 GB-GBN 7 (0.7) 284 (28.1) 539 (53.4) 177 (17.5) 2 (0.2) 1 (0.1) 1010 1010 GB-NIR 25 (8.3) 207 (68.5) 59 (19.5) 8 (2.6) 1 (0.3) 2 (0.7) 302 302 GR 54 (5.4) 632 (63.0) 273 (27.2) 44 (4.4) 1003 1003 IE 168 (16.6) 567 (56.0) 222 (21.9) 52 (5.1) 2 (0.2) 2 (0.2) 1013 1013 IT 31 (3.0) 370 (36.0) 361 (35.2) 214 (20.8) 20 (1.9) 31 (3.0) 1027 1027 LU 5 (0.8) 155 (25.7) 249 (41.4) 139 (23.1) 27 (4.5) 27 (4.5) 602 602 NL 207 (20.0) 505 (48.8) 212 (20.5) 70 (6.8) 27 (2.6) 14 (1.4) 1035 1035 PT 176 (17.6) 670 (66.9) 148 (14.8) 7 (0.7) 1 (0.1) 1002 1002 SE 3 (0.3) 170 (17.0) 462 (46.2) 301 (30.1) 28 (2.8) 36 (3.6) 1000 1000 N Sum 1065 6702 5703 2299 236 225 16230 N Valid Sum 1065 6702 5703 2299 236 225 16230 printed 25.01.2012 page 428 Eurobarometer 58.2 - October-December 2002,isocntry AT 22 (2.2) 385 (37.6) 380 (37.1) 196 (19.2) 29 (2.8) 11 (1.1) 1023 1023 BE 261 (23.5) 590 (53.2) 169 (15.2) 72 (6.5) 6 (0.5) 12 (1.1) 1110 1110 DE-E 13 (1.3) 302 (29.6) 435 (42.6) 226 (22.2) 26 (2.5) 18 (1.8) 1020 1020 DE-W 15 (1.5) 311 (30.4) 475 (46.5) 180 (17.6) 17 (1.7) 24 (2.3) 1022 1022 DK 35 (3.5) 359 (35.9) 385 (38.5) 191 (19.1) 19 (1.9) 11 (1.1) 1000 1000 ES 12 (1.2) 728 (72.8) 208 (20.8) 51 (5.1) 1 (0.1) 1000 1000 FI 26 (2.5) 366 (35.7) 438 (42.8) 142 (13.9) 28 (2.7) 24 (2.3) 1024 1024 FR 5 (0.5) 101 (9.7) 688 (66.3) 229 (22.1) 2 (0.2) 12 (1.2) 1037 1037 GB-GBN 7 (0.7) 284 (28.1) 539 (53.4) 177 (17.5) 2 (0.2) 1 (0.1) 1010 1010 GB-NIR 25 (8.3) 207 (68.5) 59 (19.5) 8 (2.6) 1 (0.3) 2 (0.7) 302 302 GR 54 (5.4) 632 (63.0) 273 (27.2) 44 (4.4) 1003 1003 IE 168 (16.6) 567 (56.0) 222 (21.9) 52 (5.1) 2 (0.2) 2 (0.2) 1013 1013 IT 31 (3.0) 370 (36.0) 361 (35.2) 214 (20.8) 20 (1.9) 31 (3.0) 1027 1027 LU 5 (0.8) 155 (25.7) 249 (41.4) 139 (23.1) 27 (4.5) 27 (4.5) 602 602 NL 207 (20.0) 505 (48.8) 212 (20.5) 70 (6.8) 27 (2.6) 14 (1.4) 1035 1035 PT 176 (17.6) 670 (66.9) 148 (14.8) 7 (0.7) 1 (0.1) 1002 1002 SE 3 (0.3) 170 (17.0) 462 (46.2) 301 (30.1) 28 (2.8) 36 (3.6) 1000 1000 N Sum 1065 6702 5703 2299 236 225 16230 N Valid Sum 1065 6702 5703 2299 236 225 16230 printed 25.01.2012 page 428 Eurobarometer 58.2 - October-December 2002,GESIS Variable Report,454,ZA3886
v387,v387 1 2 3 4 N Sum N Valid Sum,P4 N OF PERSONS PRESENT DURING INTERVIEW,isocntry AT 795 (77.7) 182 (17.8) 33 (3.2) 13 (1.3) 1023 1023 BE 848 (76.4) 208 (18.7) 41 (3.7) 13 (1.2) 1110 1110 DE-E 829 (81.3) 175 (17.2) 11 (1.1) 5 (0.5) 1020 1020 DE-W 833 (81.5) 177 (17.3) 10 (1.0) 2 (0.2) 1022 1022 DK 828 (82.8) 150 (15.0) 19 (1.9) 3 (0.3) 1000 1000 ES 802 (80.2) 177 (17.7) 18 (1.8) 3 (0.3) 1000 1000 FI 730 (71.3) 218 (21.3) 50 (4.9) 26 (2.5) 1024 1024 FR 799 (77.0) 202 (19.5) 27 (2.6) 9 (0.9) 1037 1037 GB-GBN 823 (81.5) 152 (15.0) 26 (2.6) 9 (0.9) 1010 1010 GB-NIR 237 (78.5) 55 (18.2) 8 (2.6) 2 (0.7) 302 302 GR 634 (63.2) 296 (29.5) 59 (5.9) 14 (1.4) 1003 1003 IE 837 (82.6) 151 (14.9) 20 (2.0) 5 (0.5) 1013 1013 IT 773 (75.3) 211 (20.5) 35 (3.4) 8 (0.8) 1027 1027 LU 463 (76.9) 109 (18.1) 25 (4.2) 5 (0.8) 602 602 NL 724 (70.0) 233 (22.5) 62 (6.0) 16 (1.5) 1035 1035 PT 890 (88.8) 103 (10.3) 6 (0.6) 3 (0.3) 1002 1002 SE 940 (94.0) 50 (5.0) 8 (0.8) 2 (0.2) 1000 1000 N Sum 12785 2849 458 138 16230 N Valid Sum 12785 2849 458 138 16230 printed 25.01.2012 page 429 Eurobarometer 58.2 - October-December 2002,isocntry AT 795 (77.7) 182 (17.8) 33 (3.2) 13 (1.3) 1023 1023 BE 848 (76.4) 208 (18.7) 41 (3.7) 13 (1.2) 1110 1110 DE-E 829 (81.3) 175 (17.2) 11 (1.1) 5 (0.5) 1020 1020 DE-W 833 (81.5) 177 (17.3) 10 (1.0) 2 (0.2) 1022 1022 DK 828 (82.8) 150 (15.0) 19 (1.9) 3 (0.3) 1000 1000 ES 802 (80.2) 177 (17.7) 18 (1.8) 3 (0.3) 1000 1000 FI 730 (71.3) 218 (21.3) 50 (4.9) 26 (2.5) 1024 1024 FR 799 (77.0) 202 (19.5) 27 (2.6) 9 (0.9) 1037 1037 GB-GBN 823 (81.5) 152 (15.0) 26 (2.6) 9 (0.9) 1010 1010 GB-NIR 237 (78.5) 55 (18.2) 8 (2.6) 2 (0.7) 302 302 GR 634 (63.2) 296 (29.5) 59 (5.9) 14 (1.4) 1003 1003 IE 837 (82.6) 151 (14.9) 20 (2.0) 5 (0.5) 1013 1013 IT 773 (75.3) 211 (20.5) 35 (3.4) 8 (0.8) 1027 1027 LU 463 (76.9) 109 (18.1) 25 (4.2) 5 (0.8) 602 602 NL 724 (70.0) 233 (22.5) 62 (6.0) 16 (1.5) 1035 1035 PT 890 (88.8) 103 (10.3) 6 (0.6) 3 (0.3) 1002 1002 SE 940 (94.0) 50 (5.0) 8 (0.8) 2 (0.2) 1000 1000 N Sum 12785 2849 458 138 16230 N Valid Sum 12785 2849 458 138 16230 printed 25.01.2012 page 429 Eurobarometer 58.2 - October-December 2002,GESIS Variable Report,455,ZA3886
v388,v388 1 2 3 4 N Sum N Valid Sum,P5 RESPONDENT COOPERATION,isocntry AT 612 (59.8) 247 (24.1) 145 (14.2) 19 (1.9) 1023 1023 BE 652 (58.7) 377 (34.0) 76 (6.8) 5 (0.5) 1110 1110 DE-E 463 (45.4) 420 (41.2) 132 (12.9) 5 (0.5) 1020 1020 DE-W 479 (46.9) 415 (40.6) 119 (11.6) 9 (0.9) 1022 1022 DK 672 (67.2) 230 (23.0) 86 (8.6) 12 (1.2) 1000 1000 ES 494 (49.4) 442 (44.2) 59 (5.9) 5 (0.5) 1000 1000 FI 830 (81.1) 156 (15.2) 32 (3.1) 6 (0.6) 1024 1024 FR 733 (70.7) 248 (23.9) 48 (4.6) 8 (0.8) 1037 1037 GB-GBN 730 (72.3) 198 (19.6) 78 (7.7) 4 (0.4) 1010 1010 GB-NIR 200 (66.2) 63 (20.9) 35 (11.6) 4 (1.3) 302 302 GR 496 (49.5) 408 (40.7) 89 (8.9) 10 (1.0) 1003 1003 IE 605 (59.7) 225 (22.2) 148 (14.6) 35 (3.5) 1013 1013 IT 457 (44.5) 489 (47.6) 71 (6.9) 10 (1.0) 1027 1027 LU 460 (76.4) 119 (19.8) 20 (3.3) 3 (0.5) 602 602 NL 707 (68.3) 297 (28.7) 28 (2.7) 3 (0.3) 1035 1035 PT 187 (18.7) 520 (51.9) 235 (23.5) 60 (6.0) 1002 1002 SE 908 (90.8) 75 (7.5) 17 (1.7) 1000 1000 N Sum 9685 4929 1418 198 16230 N Valid Sum 9685 4929 1418 198 16230 printed 25.01.2012 page 430 Eurobarometer 58.2 - October-December 2002,isocntry AT 612 (59.8) 247 (24.1) 145 (14.2) 19 (1.9) 1023 1023 BE 652 (58.7) 377 (34.0) 76 (6.8) 5 (0.5) 1110 1110 DE-E 463 (45.4) 420 (41.2) 132 (12.9) 5 (0.5) 1020 1020 DE-W 479 (46.9) 415 (40.6) 119 (11.6) 9 (0.9) 1022 1022 DK 672 (67.2) 230 (23.0) 86 (8.6) 12 (1.2) 1000 1000 ES 494 (49.4) 442 (44.2) 59 (5.9) 5 (0.5) 1000 1000 FI 830 (81.1) 156 (15.2) 32 (3.1) 6 (0.6) 1024 1024 FR 733 (70.7) 248 (23.9) 48 (4.6) 8 (0.8) 1037 1037 GB-GBN 730 (72.3) 198 (19.6) 78 (7.7) 4 (0.4) 1010 1010 GB-NIR 200 (66.2) 63 (20.9) 35 (11.6) 4 (1.3) 302 302 GR 496 (49.5) 408 (40.7) 89 (8.9) 10 (1.0) 1003 1003 IE 605 (59.7) 225 (22.2) 148 (14.6) 35 (3.5) 1013 1013 IT 457 (44.5) 489 (47.6) 71 (6.9) 10 (1.0) 1027 1027 LU 460 (76.4) 119 (19.8) 20 (3.3) 3 (0.5) 602 602 NL 707 (68.3) 297 (28.7) 28 (2.7) 3 (0.3) 1035 1035 PT 187 (18.7) 520 (51.9) 235 (23.5) 60 (6.0) 1002 1002 SE 908 (90.8) 75 (7.5) 17 (1.7) 1000 1000 N Sum 9685 4929 1418 198 16230 N Valid Sum 9685 4929 1418 198 16230 printed 25.01.2012 page 430 Eurobarometer 58.2 - October-December 2002,GESIS Variable Report,456,ZA3886
v389,,P6 SIZE OF COMMUNITY - FRANCE,,P6 SIZE OF COMMUNITY - FRANCE,GESIS Variable Report,457,ZA3886
v390,,P6 SIZE OF COMMUNITY - BELGIUM,,P6 SIZE OF COMMUNITY - BELGIUM,GESIS Variable Report,458,ZA3886
v391,,P6 SIZE OF COMMUNITY - NETHERLANDS,,P6 SIZE OF COMMUNITY - NETHERLANDS,GESIS Variable Report,459,ZA3886
v392,,P6 SIZE OF COMMUNITY - GERMANY WEST,,P6 SIZE OF COMMUNITY - GERMANY WEST,GESIS Variable Report,460,ZA3886
v393,,P6 SIZE OF COMMUNITY - ITALY,,P6 SIZE OF COMMUNITY - ITALY,GESIS Variable Report,461,ZA3886
v394,,P6 SIZE OF COMMUNITY - LUXEMBOURG,,P6 SIZE OF COMMUNITY - LUXEMBOURG,GESIS Variable Report,462,ZA3886
v395,,P6 SIZE OF COMMUNITY - DENMARK,,P6 SIZE OF COMMUNITY - DENMARK,GESIS Variable Report,463,ZA3886
v396,,P6 SIZE OF COMMUNITY - IRELAND,,P6 SIZE OF COMMUNITY - IRELAND,GESIS Variable Report,464,ZA3886
v397,,P6 SIZE OF COMMUNITY - GREAT BRITAIN,,P6 SIZE OF COMMUNITY - GREAT BRITAIN,GESIS Variable Report,465,ZA3886
v398,,P6 SIZE OF COMMUNITY - NORTHERN IRELAND,,P6 SIZE OF COMMUNITY - NORTHERN IRELAND,GESIS Variable Report,466,ZA3886
v399,,P6 SIZE OF COMMUNITY - GREECE,,P6 SIZE OF COMMUNITY - GREECE,GESIS Variable Report,467,ZA3886
v400,,P6 SIZE OF COMMUNITY - SPAIN,,P6 SIZE OF COMMUNITY - SPAIN,GESIS Variable Report,468,ZA3886
v401,,P6 SIZE OF COMMUNITY - PORTUGAL,,P6 SIZE OF COMMUNITY - PORTUGAL,GESIS Variable Report,469,ZA3886
v402,,P6 SIZE OF COMMUNITY - GERMANY EAST,,P6 SIZE OF COMMUNITY - GERMANY EAST,GESIS Variable Report,470,ZA3886
v403,,P6 SIZE OF COMMUNITY - FINLAND,,P6 SIZE OF COMMUNITY - FINLAND,GESIS Variable Report,471,ZA3886
v404,,P6 SIZE OF COMMUNITY - SWEDEN,,P6 SIZE OF COMMUNITY - SWEDEN,GESIS Variable Report,472,ZA3886
v405,,P6 SIZE OF COMMUNITY - AUSTRIA,,P6 SIZE OF COMMUNITY - AUSTRIA,GESIS Variable Report,473,ZA3886
v406,,P7 REGION I - FRANCE,,P7 REGION I - FRANCE,GESIS Variable Report,474,ZA3886
v407,,P7 REGION I - BELGIUM,,P7 REGION I - BELGIUM,GESIS Variable Report,476,ZA3886
v408,,P7 REGION I - NETHERLANDS,,P7 REGION I - NETHERLANDS,GESIS Variable Report,477,ZA3886
v409,,P7 REGION I - GERMANY,,P7 REGION I - GERMANY,GESIS Variable Report,478,ZA3886
v410,,P7 REGION I - ITALY,,P7 REGION I - ITALY,GESIS Variable Report,481,ZA3886
v411,,P7 REGION I - LUXEMBOURG,,P7 REGION I - LUXEMBOURG,GESIS Variable Report,483,ZA3886
v412,,P7 REGION I - DENMARK,,P7 REGION I - DENMARK,GESIS Variable Report,484,ZA3886
v413,,P7 REGION I - IRELAND,,P7 REGION I - IRELAND,GESIS Variable Report,485,ZA3886
v414,,P7 REGION I - UNITED KINGDOM,,P7 REGION I - UNITED KINGDOM,GESIS Variable Report,486,ZA3886
v415,,P7 REGION I - GREECE,,P7 REGION I - GREECE,GESIS Variable Report,488,ZA3886
v416,,P7 REGION I - SPAIN,,P7 REGION I - SPAIN,GESIS Variable Report,489,ZA3886
v417,,P7 REGION I - PORTUGAL,,P7 REGION I - PORTUGAL,GESIS Variable Report,491,ZA3886
v418,,P7 REGION I - FINLAND,,P7 REGION I - FINLAND,GESIS Variable Report,492,ZA3886
v419,,P7 REGION I - SWEDEN,,P7 REGION I - SWEDEN,GESIS Variable Report,494,ZA3886
v420,,P7 REGION I - AUSTRIA,,P7 REGION I - AUSTRIA,GESIS Variable Report,495,ZA3886
v421,,P7 REGION II - FRANCE,,P7 REGION II - FRANCE,GESIS Variable Report,496,ZA3886
v422,,P7 REGION II - BELGIUM,,P7 REGION II - BELGIUM,GESIS Variable Report,497,ZA3886
v423,,P7 REGION II - NETHERLANDS,,P7 REGION II - NETHERLANDS,GESIS Variable Report,498,ZA3886
v424,,P7 REGION II - GERMANY,,P7 REGION II - GERMANY,GESIS Variable Report,499,ZA3886
v425,,P7 REGION II - ITALY,,P7 REGION II - ITALY,GESIS Variable Report,501,ZA3886
v426,,P7 REGION II - IRELAND,,P7 REGION II - IRELAND,GESIS Variable Report,502,ZA3886
v427,,P7 REGION II - UNITED KINGDOM,,P7 REGION II - UNITED KINGDOM,GESIS Variable Report,503,ZA3886
v428,,P7 REGION II - GREECE,,P7 REGION II - GREECE,GESIS Variable Report,504,ZA3886
v429,,P7 REGION II - SPAIN,,P7 REGION II - SPAIN,GESIS Variable Report,505,ZA3886
v430,,P7 REGION II - SPAIN (7 CATEGORIES),,P7 REGION II - SPAIN (7 CATEGORIES),GESIS Variable Report,506,ZA3886
v431,,P7 REGION II - FINLAND,,P7 REGION II - FINLAND,GESIS Variable Report,507,ZA3886
v432,,P7 REGION II - AUSTRIA,,P7 REGION II - AUSTRIA,GESIS Variable Report,508,ZA3886
v433,v433 1 2 N Sum N Valid Sum,P12A TELEPHONE IN HH - FIXED,isocntry AT 766 (74.9) 257 (25.1) 1023 1023 BE 798 (71.9) 312 (28.1) 1110 1110 DE-E 901 (88.3) 119 (11.7) 1020 1020 DE-W 979 (95.8) 43 (4.2) 1022 1022 DK 929 (92.9) 71 (7.1) 1000 1000 ES 826 (82.6) 174 (17.4) 1000 1000 FI 681 (66.5) 343 (33.5) 1024 1024 FR 787 (75.9) 250 (24.1) 1037 1037 GB-GBN 859 (85.0) 151 (15.0) 1010 1010 GB-NIR 275 (91.1) 27 (8.9) 302 302 GR 943 (94.0) 60 (6.0) 1003 1003 IE 849 (83.8) 164 (16.2) 1013 1013 IT 847 (82.5) 180 (17.5) 1027 1027 LU 575 (95.5) 27 (4.5) 602 602 NL 919 (88.8) 116 (11.2) 1035 1035 PT 688 (68.7) 314 (31.3) 1002 1002 SE 954 (95.4) 46 (4.6) 1000 1000 N Sum 13576 2654 16230 N Valid Sum 13576 2654 16230 printed 25.01.2012 page 483 Eurobarometer 58.2 - October-December 2002,isocntry AT 766 (74.9) 257 (25.1) 1023 1023 BE 798 (71.9) 312 (28.1) 1110 1110 DE-E 901 (88.3) 119 (11.7) 1020 1020 DE-W 979 (95.8) 43 (4.2) 1022 1022 DK 929 (92.9) 71 (7.1) 1000 1000 ES 826 (82.6) 174 (17.4) 1000 1000 FI 681 (66.5) 343 (33.5) 1024 1024 FR 787 (75.9) 250 (24.1) 1037 1037 GB-GBN 859 (85.0) 151 (15.0) 1010 1010 GB-NIR 275 (91.1) 27 (8.9) 302 302 GR 943 (94.0) 60 (6.0) 1003 1003 IE 849 (83.8) 164 (16.2) 1013 1013 IT 847 (82.5) 180 (17.5) 1027 1027 LU 575 (95.5) 27 (4.5) 602 602 NL 919 (88.8) 116 (11.2) 1035 1035 PT 688 (68.7) 314 (31.3) 1002 1002 SE 954 (95.4) 46 (4.6) 1000 1000 N Sum 13576 2654 16230 N Valid Sum 13576 2654 16230 printed 25.01.2012 page 483 Eurobarometer 58.2 - October-December 2002,GESIS Variable Report,509,ZA3886
v434,v434 1 2 N Sum N Valid Sum,P12B TELEPHONE IN HH - MOBILE,isocntry AT 666 (65.1) 357 (34.9) 1023 1023 BE 747 (67.3) 363 (32.7) 1110 1110 DE-E 661 (64.8) 359 (35.2) 1020 1020 DE-W 713 (69.8) 309 (30.2) 1022 1022 DK 782 (78.2) 218 (21.8) 1000 1000 ES 752 (75.2) 248 (24.8) 1000 1000 FI 891 (87.0) 133 (13.0) 1024 1024 FR 676 (65.2) 361 (34.8) 1037 1037 GB-GBN 705 (69.8) 305 (30.2) 1010 1010 GB-NIR 198 (65.6) 104 (34.4) 302 302 GR 707 (70.5) 296 (29.5) 1003 1003 IE 778 (76.8) 235 (23.2) 1013 1013 IT 820 (79.8) 207 (20.2) 1027 1027 LU 504 (83.7) 98 (16.3) 602 602 NL 760 (73.4) 275 (26.6) 1035 1035 PT 686 (68.5) 316 (31.5) 1002 1002 SE 867 (86.7) 133 (13.3) 1000 1000 N Sum 11913 4317 16230 N Valid Sum 11913 4317 16230 printed 25.01.2012 page 484 Eurobarometer 58.2 - October-December 2002,isocntry AT 666 (65.1) 357 (34.9) 1023 1023 BE 747 (67.3) 363 (32.7) 1110 1110 DE-E 661 (64.8) 359 (35.2) 1020 1020 DE-W 713 (69.8) 309 (30.2) 1022 1022 DK 782 (78.2) 218 (21.8) 1000 1000 ES 752 (75.2) 248 (24.8) 1000 1000 FI 891 (87.0) 133 (13.0) 1024 1024 FR 676 (65.2) 361 (34.8) 1037 1037 GB-GBN 705 (69.8) 305 (30.2) 1010 1010 GB-NIR 198 (65.6) 104 (34.4) 302 302 GR 707 (70.5) 296 (29.5) 1003 1003 IE 778 (76.8) 235 (23.2) 1013 1013 IT 820 (79.8) 207 (20.2) 1027 1027 LU 504 (83.7) 98 (16.3) 602 602 NL 760 (73.4) 275 (26.6) 1035 1035 PT 686 (68.5) 316 (31.5) 1002 1002 SE 867 (86.7) 133 (13.3) 1000 1000 N Sum 11913 4317 16230 N Valid Sum 11913 4317 16230 printed 25.01.2012 page 484 Eurobarometer 58.2 - October-December 2002,GESIS Variable Report,510,ZA3886
v435,v435,P13 LANGUAGE OF INTERVIEW - BELGIUM,Value Label Missing Count Percent Valid Percent,Value Label Missing Count Percent Valid Percent,GESIS Variable Report,511,ZA3886
v436,v436,P13 LANGUAGE OF INTERVIEW - LUXEMBOURG,Value Label Missing Count Percent Valid Percent,Value Label Missing Count Percent Valid Percent,GESIS Variable Report,512,ZA3886
v437,v437,P13 LANGUAGE OF INTERVIEW - FINLAND,Value Label Missing Count Percent Valid Percent,Value Label Missing Count Percent Valid Percent,GESIS Variable Report,513,ZA3886
v438,,C4 SOCIO PROFESSIONAL STATUS,,C4 SOCIO PROFESSIONAL STATUS,GESIS Variable Report,514,ZA3886
v439,,C14 RESPONDENT OCCUPATION SCALE,,C14 RESPONDENT OCCUPATION SCALE,GESIS Variable Report,516,ZA3886
v440,v440,SPLIT: EURO/NON-EURO COUNTRIES (GREECE NON-EURO),Value Label Missing Count Percent Valid Percent,Value Label Missing Count Percent Valid Percent,GESIS Variable Report,517,ZA3886
v441,v441,SPLIT: EURO/NON-EURO COUNTRIES (GREECE EURO),Value Label Missing Count Percent Valid Percent,Value Label Missing Count Percent Valid Percent,GESIS Variable Report,518,ZA3886
