variable,question_number,variable_label,question_text,question_text_filled,source,source_page,za_id
v4,v4,EUROBAROMETER NUMBER,Value Label Missing Count Percent Valid Percent,Value Label Missing Count Percent Valid Percent,GESIS Variable Report,31,ZA3937
v6,,NATION I (UNITED KINGDOM),,NATION I (UNITED KINGDOM),GESIS Variable Report,34,ZA3937
v8,,NATION II (GB AND NORTHERN IRELAND),,NATION II (GB AND NORTHERN IRELAND),GESIS Variable Report,37,ZA3937
v10,,NATION III (UNITED GERMANY),,NATION III (UNITED GERMANY),GESIS Variable Report,40,ZA3937
v12,,NATION IV (UK + UNITED GERMANY),,NATION IV (UK + UNITED GERMANY),GESIS Variable Report,43,ZA3937
v21,v21 0 1 9 N Sum N Valid Sum,Q1 NATIONALITY BELGIUM,isocntry M AT 1031 (100.0) 1031 1031 BE 51 (5.0) 979 (95.0) 1030 1030 DE-E 1014 (100.0) 1014 1014 DE-W 1043 (100.0) 1043 1043 DK 998 (99.8) 2 (0.2) 1000 1000 ES 997 (99.7) 3 (0.3) 1000 1000 FI 1011 (100.0) 1011 1011 FR 1049 (99.8) 2 (0.2) 1051 1051 GB-GBN 1004 (100.0) 1004 1004 GB-NIR 310 (100.0) 310 310 GR 999 (99.9) 1 (0.1) 1000 1000 IE 1001 (100.0) 1001 1001 IT 1000 (100.0) 1000 1000 LU 585 (96.5) 21 (3.5) 606 606 NL 1018 (99.5) 5 (0.5) 1023 1023 PT 1000 (100.0) 1000 1000 SE 998 (100.0) 2 1000 998 N Sum 15109 1013 2 16124 N Valid Sum 15109 1013 16122 printed 25.01.2012 page 26 Eurobarometer 60.0 - September 2003,isocntry M AT 1031 (100.0) 1031 1031 BE 51 (5.0) 979 (95.0) 1030 1030 DE-E 1014 (100.0) 1014 1014 DE-W 1043 (100.0) 1043 1043 DK 998 (99.8) 2 (0.2) 1000 1000 ES 997 (99.7) 3 (0.3) 1000 1000 FI 1011 (100.0) 1011 1011 FR 1049 (99.8) 2 (0.2) 1051 1051 GB-GBN 1004 (100.0) 1004 1004 GB-NIR 310 (100.0) 310 310 GR 999 (99.9) 1 (0.1) 1000 1000 IE 1001 (100.0) 1001 1001 IT 1000 (100.0) 1000 1000 LU 585 (96.5) 21 (3.5) 606 606 NL 1018 (99.5) 5 (0.5) 1023 1023 PT 1000 (100.0) 1000 1000 SE 998 (100.0) 2 1000 998 N Sum 15109 1013 2 16124 N Valid Sum 15109 1013 16122 printed 25.01.2012 page 26 Eurobarometer 60.0 - September 2003,GESIS Variable Report,52,ZA3937
v22,v22 0 1 9 N Sum N Valid Sum,Q1 NATIONALITY DENMARK,isocntry M AT 1031 (100.0) 1031 1031 BE 1030 (100.0) 1030 1030 DE-E 1013 (99.9) 1 (0.1) 1014 1014 DE-W 1041 (99.9) 1 (0.1) 1042 1042 DK 11 (1.1) 989 (98.9) 1000 1000 ES 1000 (100.0) 1000 1000 FI 1011 (100.0) 1011 1011 FR 1051 (100.0) 1051 1051 GB-GBN 1003 (99.9) 1 (0.1) 1004 1004 GB-NIR 310 (100.0) 310 310 GR 1000 (100.0) 1000 1000 IE 1001 (100.0) 1001 1001 IT 1000 (100.0) 1000 1000 LU 603 (99.5) 3 (0.5) 606 606 NL 1023 (100.0) 1023 1023 PT 1000 (100.0) 1000 1000 SE 996 (99.8) 2 (0.2) 2 1000 998 N Sum 15124 997 2 16123 N Valid Sum 15124 997 16121 printed 25.01.2012 page 27 Eurobarometer 60.0 - September 2003,isocntry M AT 1031 (100.0) 1031 1031 BE 1030 (100.0) 1030 1030 DE-E 1013 (99.9) 1 (0.1) 1014 1014 DE-W 1041 (99.9) 1 (0.1) 1042 1042 DK 11 (1.1) 989 (98.9) 1000 1000 ES 1000 (100.0) 1000 1000 FI 1011 (100.0) 1011 1011 FR 1051 (100.0) 1051 1051 GB-GBN 1003 (99.9) 1 (0.1) 1004 1004 GB-NIR 310 (100.0) 310 310 GR 1000 (100.0) 1000 1000 IE 1001 (100.0) 1001 1001 IT 1000 (100.0) 1000 1000 LU 603 (99.5) 3 (0.5) 606 606 NL 1023 (100.0) 1023 1023 PT 1000 (100.0) 1000 1000 SE 996 (99.8) 2 (0.2) 2 1000 998 N Sum 15124 997 2 16123 N Valid Sum 15124 997 16121 printed 25.01.2012 page 27 Eurobarometer 60.0 - September 2003,GESIS Variable Report,53,ZA3937
v23,v23 0 1 9 N Sum N Valid Sum,Q1 NATIONALITY GERMANY,isocntry M AT 1023 (99.2) 8 (0.8) 1031 1031 BE 1027 (99.7) 3 (0.3) 1030 1030 DE-E 2 (0.2) 1012 (99.8) 1014 1014 DE-W 11 (1.1) 1032 (98.9) 1043 1043 DK 999 (99.9) 1 (0.1) 1000 1000 ES 997 (99.7) 3 (0.3) 1000 1000 FI 1011 (100.0) 1011 1011 FR 1050 (99.9) 1 (0.1) 1051 1051 GB-GBN 1001 (99.7) 3 (0.3) 1004 1004 GB-NIR 309 (99.7) 1 (0.3) 310 310 GR 998 (99.8) 2 (0.2) 1000 1000 IE 1001 (100.0) 1001 1001 IT 998 (99.8) 2 (0.2) 1000 1000 LU 593 (97.9) 13 (2.1) 606 606 NL 1018 (99.5) 5 (0.5) 1023 1023 PT 1000 (100.0) 1000 1000 SE 994 (99.6) 4 (0.4) 2 1000 998 N Sum 14032 2090 2 16124 N Valid Sum 14032 2090 16122 printed 25.01.2012 page 28 Eurobarometer 60.0 - September 2003,isocntry M AT 1023 (99.2) 8 (0.8) 1031 1031 BE 1027 (99.7) 3 (0.3) 1030 1030 DE-E 2 (0.2) 1012 (99.8) 1014 1014 DE-W 11 (1.1) 1032 (98.9) 1043 1043 DK 999 (99.9) 1 (0.1) 1000 1000 ES 997 (99.7) 3 (0.3) 1000 1000 FI 1011 (100.0) 1011 1011 FR 1050 (99.9) 1 (0.1) 1051 1051 GB-GBN 1001 (99.7) 3 (0.3) 1004 1004 GB-NIR 309 (99.7) 1 (0.3) 310 310 GR 998 (99.8) 2 (0.2) 1000 1000 IE 1001 (100.0) 1001 1001 IT 998 (99.8) 2 (0.2) 1000 1000 LU 593 (97.9) 13 (2.1) 606 606 NL 1018 (99.5) 5 (0.5) 1023 1023 PT 1000 (100.0) 1000 1000 SE 994 (99.6) 4 (0.4) 2 1000 998 N Sum 14032 2090 2 16124 N Valid Sum 14032 2090 16122 printed 25.01.2012 page 28 Eurobarometer 60.0 - September 2003,GESIS Variable Report,54,ZA3937
v24,v24 0 1 9 N Sum N Valid Sum,Q1 NATIONALITY GREECE,isocntry M AT 1031 (100.0) 1031 1031 BE 1028 (99.8) 2 (0.2) 1030 1030 DE-E 1013 (99.9) 1 (0.1) 1014 1014 DE-W 1038 (99.5) 5 (0.5) 1043 1043 DK 1000 (100.0) 1000 1000 ES 996 (99.6) 4 (0.4) 1000 1000 FI 1011 (100.0) 1011 1011 FR 1051 (100.0) 1051 1051 GB-GBN 1002 (99.8) 2 (0.2) 1004 1004 GB-NIR 310 (100.0) 310 310 GR 4 (0.4) 996 (99.6) 1000 1000 IE 999 (99.8) 2 (0.2) 1001 1001 IT 1000 (100.0) 1000 1000 LU 606 (100.0) 606 606 NL 1022 (99.9) 1 (0.1) 1023 1023 PT 1000 (100.0) 1000 1000 SE 997 (99.9) 1 (0.1) 2 1000 998 N Sum 15108 1014 2 16124 N Valid Sum 15108 1014 16122 printed 25.01.2012 page 29 Eurobarometer 60.0 - September 2003,isocntry M AT 1031 (100.0) 1031 1031 BE 1028 (99.8) 2 (0.2) 1030 1030 DE-E 1013 (99.9) 1 (0.1) 1014 1014 DE-W 1038 (99.5) 5 (0.5) 1043 1043 DK 1000 (100.0) 1000 1000 ES 996 (99.6) 4 (0.4) 1000 1000 FI 1011 (100.0) 1011 1011 FR 1051 (100.0) 1051 1051 GB-GBN 1002 (99.8) 2 (0.2) 1004 1004 GB-NIR 310 (100.0) 310 310 GR 4 (0.4) 996 (99.6) 1000 1000 IE 999 (99.8) 2 (0.2) 1001 1001 IT 1000 (100.0) 1000 1000 LU 606 (100.0) 606 606 NL 1022 (99.9) 1 (0.1) 1023 1023 PT 1000 (100.0) 1000 1000 SE 997 (99.9) 1 (0.1) 2 1000 998 N Sum 15108 1014 2 16124 N Valid Sum 15108 1014 16122 printed 25.01.2012 page 29 Eurobarometer 60.0 - September 2003,GESIS Variable Report,55,ZA3937
v25,v25 0 1 9 N Sum N Valid Sum,Q1 NATIONALITY SPAIN,isocntry M AT 1031 (100.0) 1031 1031 BE 1024 (99.4) 6 (0.6) 1030 1030 DE-E 1014 (100.0) 1014 1014 DE-W 1043 (100.0) 1043 1043 DK 999 (99.9) 1 (0.1) 1000 1000 ES 17 (1.7) 983 (98.3) 1000 1000 FI 1011 (100.0) 1011 1011 FR 1044 (99.3) 7 (0.7) 1051 1051 GB-GBN 1003 (99.9) 1 (0.1) 1004 1004 GB-NIR 310 (100.0) 310 310 GR 1000 (100.0) 1000 1000 IE 1000 (99.9) 1 (0.1) 1001 1001 IT 1000 (100.0) 1000 1000 LU 599 (98.8) 7 (1.2) 606 606 NL 1023 (100.0) 1023 1023 PT 1000 (100.0) 1000 1000 SE 997 (99.9) 1 (0.1) 2 1000 998 N Sum 15115 1007 2 16124 N Valid Sum 15115 1007 16122 printed 25.01.2012 page 30 Eurobarometer 60.0 - September 2003,isocntry M AT 1031 (100.0) 1031 1031 BE 1024 (99.4) 6 (0.6) 1030 1030 DE-E 1014 (100.0) 1014 1014 DE-W 1043 (100.0) 1043 1043 DK 999 (99.9) 1 (0.1) 1000 1000 ES 17 (1.7) 983 (98.3) 1000 1000 FI 1011 (100.0) 1011 1011 FR 1044 (99.3) 7 (0.7) 1051 1051 GB-GBN 1003 (99.9) 1 (0.1) 1004 1004 GB-NIR 310 (100.0) 310 310 GR 1000 (100.0) 1000 1000 IE 1000 (99.9) 1 (0.1) 1001 1001 IT 1000 (100.0) 1000 1000 LU 599 (98.8) 7 (1.2) 606 606 NL 1023 (100.0) 1023 1023 PT 1000 (100.0) 1000 1000 SE 997 (99.9) 1 (0.1) 2 1000 998 N Sum 15115 1007 2 16124 N Valid Sum 15115 1007 16122 printed 25.01.2012 page 30 Eurobarometer 60.0 - September 2003,GESIS Variable Report,56,ZA3937
v26,v26 0 1 9 N Sum N Valid Sum,Q1 NATIONALITY FRANCE,isocntry M AT 1030 (99.9) 1 (0.1) 1031 1031 BE 1023 (99.3) 7 (0.7) 1030 1030 DE-E 1014 (100.0) 1014 1014 DE-W 1043 (100.0) 1043 1043 DK 1000 (100.0) 1000 1000 ES 996 (99.6) 4 (0.4) 1000 1000 FI 1011 (100.0) 1011 1011 FR 17 (1.6) 1034 (98.4) 1051 1051 GB-GBN 1003 (99.9) 1 (0.1) 1004 1004 GB-NIR 310 (100.0) 310 310 GR 1000 (100.0) 1000 1000 IE 1000 (99.9) 1 (0.1) 1001 1001 IT 999 (99.9) 1 (0.1) 1000 1000 LU 570 (94.1) 36 (5.9) 606 606 NL 1023 (100.0) 1023 1023 PT 1000 (100.0) 1000 1000 SE 998 (100.0) 2 1000 998 N Sum 15037 1085 2 16124 N Valid Sum 15037 1085 16122 printed 25.01.2012 page 31 Eurobarometer 60.0 - September 2003,isocntry M AT 1030 (99.9) 1 (0.1) 1031 1031 BE 1023 (99.3) 7 (0.7) 1030 1030 DE-E 1014 (100.0) 1014 1014 DE-W 1043 (100.0) 1043 1043 DK 1000 (100.0) 1000 1000 ES 996 (99.6) 4 (0.4) 1000 1000 FI 1011 (100.0) 1011 1011 FR 17 (1.6) 1034 (98.4) 1051 1051 GB-GBN 1003 (99.9) 1 (0.1) 1004 1004 GB-NIR 310 (100.0) 310 310 GR 1000 (100.0) 1000 1000 IE 1000 (99.9) 1 (0.1) 1001 1001 IT 999 (99.9) 1 (0.1) 1000 1000 LU 570 (94.1) 36 (5.9) 606 606 NL 1023 (100.0) 1023 1023 PT 1000 (100.0) 1000 1000 SE 998 (100.0) 2 1000 998 N Sum 15037 1085 2 16124 N Valid Sum 15037 1085 16122 printed 25.01.2012 page 31 Eurobarometer 60.0 - September 2003,GESIS Variable Report,57,ZA3937
v27,v27 0 1 9 N Sum N Valid Sum,Q1 NATIONALITY IRELAND,isocntry M AT 1031 (100.0) 1031 1031 BE 1030 (100.0) 1030 1030 DE-E 1014 (100.0) 1014 1014 DE-W 1043 (100.0) 1043 1043 DK 1000 (100.0) 1000 1000 ES 1000 (100.0) 1000 1000 FI 1011 (100.0) 1011 1011 FR 1051 (100.0) 1051 1051 GB-GBN 999 (99.5) 5 (0.5) 1004 1004 GB-NIR 274 (88.4) 36 (11.6) 310 310 GR 1000 (100.0) 1000 1000 IE 26 (2.6) 975 (97.4) 1001 1001 IT 1000 (100.0) 1000 1000 LU 605 (99.8) 1 (0.2) 606 606 NL 1023 (100.0) 1023 1023 PT 1000 (100.0) 1000 1000 SE 998 (100.0) 2 1000 998 N Sum 15105 1017 2 16124 N Valid Sum 15105 1017 16122 printed 25.01.2012 page 32 Eurobarometer 60.0 - September 2003,isocntry M AT 1031 (100.0) 1031 1031 BE 1030 (100.0) 1030 1030 DE-E 1014 (100.0) 1014 1014 DE-W 1043 (100.0) 1043 1043 DK 1000 (100.0) 1000 1000 ES 1000 (100.0) 1000 1000 FI 1011 (100.0) 1011 1011 FR 1051 (100.0) 1051 1051 GB-GBN 999 (99.5) 5 (0.5) 1004 1004 GB-NIR 274 (88.4) 36 (11.6) 310 310 GR 1000 (100.0) 1000 1000 IE 26 (2.6) 975 (97.4) 1001 1001 IT 1000 (100.0) 1000 1000 LU 605 (99.8) 1 (0.2) 606 606 NL 1023 (100.0) 1023 1023 PT 1000 (100.0) 1000 1000 SE 998 (100.0) 2 1000 998 N Sum 15105 1017 2 16124 N Valid Sum 15105 1017 16122 printed 25.01.2012 page 32 Eurobarometer 60.0 - September 2003,GESIS Variable Report,58,ZA3937
v28,v28 0 1 9 N Sum N Valid Sum,Q1 NATIONALITY ITALY,isocntry M AT 1031 (100.0) 1031 1031 BE 1010 (98.1) 20 (1.9) 1030 1030 DE-E 1013 (99.9) 1 (0.1) 1014 1014 DE-W 1041 (99.9) 1 (0.1) 1042 1042 DK 1000 (100.0) 1000 1000 ES 999 (99.9) 1 (0.1) 1000 1000 FI 1011 (100.0) 1011 1011 FR 1051 (100.0) 1051 1051 GB-GBN 1001 (99.7) 3 (0.3) 1004 1004 GB-NIR 310 (100.0) 310 310 GR 1000 (100.0) 1000 1000 IE 994 (99.3) 7 (0.7) 1001 1001 IT 1000 (100.0) 1000 1000 LU 588 (97.0) 18 (3.0) 606 606 NL 1020 (99.7) 3 (0.3) 1023 1023 PT 1000 (100.0) 1000 1000 SE 996 (99.8) 2 (0.2) 2 1000 998 N Sum 15065 1056 2 16123 N Valid Sum 15065 1056 16121 printed 25.01.2012 page 33 Eurobarometer 60.0 - September 2003,isocntry M AT 1031 (100.0) 1031 1031 BE 1010 (98.1) 20 (1.9) 1030 1030 DE-E 1013 (99.9) 1 (0.1) 1014 1014 DE-W 1041 (99.9) 1 (0.1) 1042 1042 DK 1000 (100.0) 1000 1000 ES 999 (99.9) 1 (0.1) 1000 1000 FI 1011 (100.0) 1011 1011 FR 1051 (100.0) 1051 1051 GB-GBN 1001 (99.7) 3 (0.3) 1004 1004 GB-NIR 310 (100.0) 310 310 GR 1000 (100.0) 1000 1000 IE 994 (99.3) 7 (0.7) 1001 1001 IT 1000 (100.0) 1000 1000 LU 588 (97.0) 18 (3.0) 606 606 NL 1020 (99.7) 3 (0.3) 1023 1023 PT 1000 (100.0) 1000 1000 SE 996 (99.8) 2 (0.2) 2 1000 998 N Sum 15065 1056 2 16123 N Valid Sum 15065 1056 16121 printed 25.01.2012 page 33 Eurobarometer 60.0 - September 2003,GESIS Variable Report,59,ZA3937
v29,v29 0 1 9 N Sum N Valid Sum,Q1 NATIONALITY LUXEMBOURG,isocntry M AT 1031 (100.0) 1031 1031 BE 1029 (99.9) 1 (0.1) 1030 1030 DE-E 1014 (100.0) 1014 1014 DE-W 1043 (100.0) 1043 1043 DK 1000 (100.0) 1000 1000 ES 1000 (100.0) 1000 1000 FI 1011 (100.0) 1011 1011 FR 1051 (100.0) 1051 1051 GB-GBN 1004 (100.0) 1004 1004 GB-NIR 310 (100.0) 310 310 GR 1000 (100.0) 1000 1000 IE 1001 (100.0) 1001 1001 IT 1000 (100.0) 1000 1000 LU 156 (25.7) 450 (74.3) 606 606 NL 1021 (99.8) 2 (0.2) 1023 1023 PT 1000 (100.0) 1000 1000 SE 998 (100.0) 2 1000 998 N Sum 15669 453 2 16124 N Valid Sum 15669 453 16122 printed 25.01.2012 page 34 Eurobarometer 60.0 - September 2003,isocntry M AT 1031 (100.0) 1031 1031 BE 1029 (99.9) 1 (0.1) 1030 1030 DE-E 1014 (100.0) 1014 1014 DE-W 1043 (100.0) 1043 1043 DK 1000 (100.0) 1000 1000 ES 1000 (100.0) 1000 1000 FI 1011 (100.0) 1011 1011 FR 1051 (100.0) 1051 1051 GB-GBN 1004 (100.0) 1004 1004 GB-NIR 310 (100.0) 310 310 GR 1000 (100.0) 1000 1000 IE 1001 (100.0) 1001 1001 IT 1000 (100.0) 1000 1000 LU 156 (25.7) 450 (74.3) 606 606 NL 1021 (99.8) 2 (0.2) 1023 1023 PT 1000 (100.0) 1000 1000 SE 998 (100.0) 2 1000 998 N Sum 15669 453 2 16124 N Valid Sum 15669 453 16122 printed 25.01.2012 page 34 Eurobarometer 60.0 - September 2003,GESIS Variable Report,60,ZA3937
v30,v30 0 1 9 N Sum N Valid Sum,Q1 NATIONALITY NETHERLANDS,isocntry M AT 1030 (99.9) 1 (0.1) 1031 1031 BE 1023 (99.3) 7 (0.7) 1030 1030 DE-E 1014 (100.0) 1014 1014 DE-W 1043 (100.0) 1043 1043 DK 1000 (100.0) 1000 1000 ES 1000 (100.0) 1000 1000 FI 1011 (100.0) 1011 1011 FR 1049 (99.8) 2 (0.2) 1051 1051 GB-GBN 1004 (100.0) 1004 1004 GB-NIR 309 (99.7) 1 (0.3) 310 310 GR 1000 (100.0) 1000 1000 IE 1001 (100.0) 1001 1001 IT 1000 (100.0) 1000 1000 LU 604 (99.7) 2 (0.3) 606 606 NL 14 (1.4) 1009 (98.6) 1023 1023 PT 1000 (100.0) 1000 1000 SE 998 (100.0) 2 1000 998 N Sum 15100 1022 2 16124 N Valid Sum 15100 1022 16122 printed 25.01.2012 page 35 Eurobarometer 60.0 - September 2003,isocntry M AT 1030 (99.9) 1 (0.1) 1031 1031 BE 1023 (99.3) 7 (0.7) 1030 1030 DE-E 1014 (100.0) 1014 1014 DE-W 1043 (100.0) 1043 1043 DK 1000 (100.0) 1000 1000 ES 1000 (100.0) 1000 1000 FI 1011 (100.0) 1011 1011 FR 1049 (99.8) 2 (0.2) 1051 1051 GB-GBN 1004 (100.0) 1004 1004 GB-NIR 309 (99.7) 1 (0.3) 310 310 GR 1000 (100.0) 1000 1000 IE 1001 (100.0) 1001 1001 IT 1000 (100.0) 1000 1000 LU 604 (99.7) 2 (0.3) 606 606 NL 14 (1.4) 1009 (98.6) 1023 1023 PT 1000 (100.0) 1000 1000 SE 998 (100.0) 2 1000 998 N Sum 15100 1022 2 16124 N Valid Sum 15100 1022 16122 printed 25.01.2012 page 35 Eurobarometer 60.0 - September 2003,GESIS Variable Report,61,ZA3937
v31,v31 0 1 9 N Sum N Valid Sum,Q1 NATIONALITY PORTUGAL,isocntry M AT 1031 (100.0) 1031 1031 BE 1028 (99.8) 2 (0.2) 1030 1030 DE-E 1014 (100.0) 1014 1014 DE-W 1043 (100.0) 1043 1043 DK 998 (99.8) 2 (0.2) 1000 1000 ES 1000 (100.0) 1000 1000 FI 1011 (100.0) 1011 1011 FR 1047 (99.6) 4 (0.4) 1051 1051 GB-GBN 1003 (99.9) 1 (0.1) 1004 1004 GB-NIR 309 (99.7) 1 (0.3) 310 310 GR 1000 (100.0) 1000 1000 IE 1001 (100.0) 1001 1001 IT 1000 (100.0) 1000 1000 LU 550 (90.8) 56 (9.2) 606 606 NL 1022 (99.9) 1 (0.1) 1023 1023 PT 1000 (100.0) 1000 1000 SE 997 (99.9) 1 (0.1) 2 1000 998 N Sum 15054 1068 2 16124 N Valid Sum 15054 1068 16122 printed 25.01.2012 page 36 Eurobarometer 60.0 - September 2003,isocntry M AT 1031 (100.0) 1031 1031 BE 1028 (99.8) 2 (0.2) 1030 1030 DE-E 1014 (100.0) 1014 1014 DE-W 1043 (100.0) 1043 1043 DK 998 (99.8) 2 (0.2) 1000 1000 ES 1000 (100.0) 1000 1000 FI 1011 (100.0) 1011 1011 FR 1047 (99.6) 4 (0.4) 1051 1051 GB-GBN 1003 (99.9) 1 (0.1) 1004 1004 GB-NIR 309 (99.7) 1 (0.3) 310 310 GR 1000 (100.0) 1000 1000 IE 1001 (100.0) 1001 1001 IT 1000 (100.0) 1000 1000 LU 550 (90.8) 56 (9.2) 606 606 NL 1022 (99.9) 1 (0.1) 1023 1023 PT 1000 (100.0) 1000 1000 SE 997 (99.9) 1 (0.1) 2 1000 998 N Sum 15054 1068 2 16124 N Valid Sum 15054 1068 16122 printed 25.01.2012 page 36 Eurobarometer 60.0 - September 2003,GESIS Variable Report,62,ZA3937
v32,v32 0 1 9 N Sum N Valid Sum,Q1 NATIONALITY UNITED KINGDOM,isocntry M AT 1030 (99.9) 1 (0.1) 1031 1031 BE 1026 (99.6) 4 (0.4) 1030 1030 DE-E 1014 (100.0) 1014 1014 DE-W 1041 (99.9) 1 (0.1) 1042 1042 DK 995 (99.5) 5 (0.5) 1000 1000 ES 998 (99.8) 2 (0.2) 1000 1000 FI 1010 (99.9) 1 (0.1) 1011 1011 FR 1048 (99.7) 3 (0.3) 1051 1051 GB-GBN 13 (1.3) 991 (98.7) 1004 1004 GB-NIR 36 (11.6) 274 (88.4) 310 310 GR 999 (99.9) 1 (0.1) 1000 1000 IE 985 (98.4) 16 (1.6) 1001 1001 IT 1000 (100.0) 1000 1000 LU 600 (99.0) 6 (1.0) 606 606 NL 1022 (99.9) 1 (0.1) 1023 1023 PT 1000 (100.0) 1000 1000 SE 998 (100.0) 2 1000 998 N Sum 14815 1306 2 16123 N Valid Sum 14815 1306 16121 printed 25.01.2012 page 37 Eurobarometer 60.0 - September 2003,isocntry M AT 1030 (99.9) 1 (0.1) 1031 1031 BE 1026 (99.6) 4 (0.4) 1030 1030 DE-E 1014 (100.0) 1014 1014 DE-W 1041 (99.9) 1 (0.1) 1042 1042 DK 995 (99.5) 5 (0.5) 1000 1000 ES 998 (99.8) 2 (0.2) 1000 1000 FI 1010 (99.9) 1 (0.1) 1011 1011 FR 1048 (99.7) 3 (0.3) 1051 1051 GB-GBN 13 (1.3) 991 (98.7) 1004 1004 GB-NIR 36 (11.6) 274 (88.4) 310 310 GR 999 (99.9) 1 (0.1) 1000 1000 IE 985 (98.4) 16 (1.6) 1001 1001 IT 1000 (100.0) 1000 1000 LU 600 (99.0) 6 (1.0) 606 606 NL 1022 (99.9) 1 (0.1) 1023 1023 PT 1000 (100.0) 1000 1000 SE 998 (100.0) 2 1000 998 N Sum 14815 1306 2 16123 N Valid Sum 14815 1306 16121 printed 25.01.2012 page 37 Eurobarometer 60.0 - September 2003,GESIS Variable Report,63,ZA3937
v33,v33 0 1 9 N Sum N Valid Sum,Q1 NATIONALITY AUSTRIA,isocntry M AT 10 (1.0) 1021 (99.0) 1031 1031 BE 1030 (100.0) 1030 1030 DE-E 1014 (100.0) 1014 1014 DE-W 1040 (99.8) 2 (0.2) 1042 1042 DK 998 (99.8) 2 (0.2) 1000 1000 ES 1000 (100.0) 1000 1000 FI 1011 (100.0) 1011 1011 FR 1051 (100.0) 1051 1051 GB-GBN 1003 (99.9) 1 (0.1) 1004 1004 GB-NIR 310 (100.0) 310 310 GR 1000 (100.0) 1000 1000 IE 1001 (100.0) 1001 1001 IT 1000 (100.0) 1000 1000 LU 605 (99.8) 1 (0.2) 606 606 NL 1023 (100.0) 1023 1023 PT 1000 (100.0) 1000 1000 SE 997 (99.9) 1 (0.1) 2 1000 998 N Sum 15093 1028 2 16123 N Valid Sum 15093 1028 16121 printed 25.01.2012 page 38 Eurobarometer 60.0 - September 2003,isocntry M AT 10 (1.0) 1021 (99.0) 1031 1031 BE 1030 (100.0) 1030 1030 DE-E 1014 (100.0) 1014 1014 DE-W 1040 (99.8) 2 (0.2) 1042 1042 DK 998 (99.8) 2 (0.2) 1000 1000 ES 1000 (100.0) 1000 1000 FI 1011 (100.0) 1011 1011 FR 1051 (100.0) 1051 1051 GB-GBN 1003 (99.9) 1 (0.1) 1004 1004 GB-NIR 310 (100.0) 310 310 GR 1000 (100.0) 1000 1000 IE 1001 (100.0) 1001 1001 IT 1000 (100.0) 1000 1000 LU 605 (99.8) 1 (0.2) 606 606 NL 1023 (100.0) 1023 1023 PT 1000 (100.0) 1000 1000 SE 997 (99.9) 1 (0.1) 2 1000 998 N Sum 15093 1028 2 16123 N Valid Sum 15093 1028 16121 printed 25.01.2012 page 38 Eurobarometer 60.0 - September 2003,GESIS Variable Report,64,ZA3937
v34,v34 0 1 9 N Sum N Valid Sum,Q1 NATIONALITY SWEDEN,isocntry M AT 1031 (100.0) 1031 1031 BE 1030 (100.0) 1030 1030 DE-E 1014 (100.0) 1014 1014 DE-W 1041 (99.9) 1 (0.1) 1042 1042 DK 997 (99.7) 3 (0.3) 1000 1000 ES 1000 (100.0) 1000 1000 FI 1009 (99.8) 2 (0.2) 1011 1011 FR 1051 (100.0) 1051 1051 GB-GBN 1004 (100.0) 1004 1004 GB-NIR 310 (100.0) 310 310 GR 1000 (100.0) 1000 1000 IE 1001 (100.0) 1001 1001 IT 1000 (100.0) 1000 1000 LU 606 (100.0) 606 606 NL 1023 (100.0) 1023 1023 PT 1000 (100.0) 1000 1000 SE 8 (0.8) 990 (99.2) 2 1000 998 N Sum 15125 996 2 16123 N Valid Sum 15125 996 16121 printed 25.01.2012 page 39 Eurobarometer 60.0 - September 2003,isocntry M AT 1031 (100.0) 1031 1031 BE 1030 (100.0) 1030 1030 DE-E 1014 (100.0) 1014 1014 DE-W 1041 (99.9) 1 (0.1) 1042 1042 DK 997 (99.7) 3 (0.3) 1000 1000 ES 1000 (100.0) 1000 1000 FI 1009 (99.8) 2 (0.2) 1011 1011 FR 1051 (100.0) 1051 1051 GB-GBN 1004 (100.0) 1004 1004 GB-NIR 310 (100.0) 310 310 GR 1000 (100.0) 1000 1000 IE 1001 (100.0) 1001 1001 IT 1000 (100.0) 1000 1000 LU 606 (100.0) 606 606 NL 1023 (100.0) 1023 1023 PT 1000 (100.0) 1000 1000 SE 8 (0.8) 990 (99.2) 2 1000 998 N Sum 15125 996 2 16123 N Valid Sum 15125 996 16121 printed 25.01.2012 page 39 Eurobarometer 60.0 - September 2003,GESIS Variable Report,65,ZA3937
v35,v35 0 1 9 N Sum N Valid Sum,Q1 NATIONALITY FINLAND,isocntry M AT 1031 (100.0) 1031 1031 BE 1030 (100.0) 1030 1030 DE-E 1014 (100.0) 1014 1014 DE-W 1042 (99.9) 1 (0.1) 1043 1043 DK 1000 (100.0) 1000 1000 ES 1000 (100.0) 1000 1000 FI 2 (0.2) 1009 (99.8) 1011 1011 FR 1051 (100.0) 1051 1051 GB-GBN 1004 (100.0) 1004 1004 GB-NIR 310 (100.0) 310 310 GR 1000 (100.0) 1000 1000 IE 1001 (100.0) 1001 1001 IT 1000 (100.0) 1000 1000 LU 606 (100.0) 606 606 NL 1023 (100.0) 1023 1023 PT 1000 (100.0) 1000 1000 SE 991 (99.2) 8 (0.8) 2 1001 999 N Sum 15105 1018 2 16125 N Valid Sum 15105 1018 16123 printed 25.01.2012 page 40 Eurobarometer 60.0 - September 2003,isocntry M AT 1031 (100.0) 1031 1031 BE 1030 (100.0) 1030 1030 DE-E 1014 (100.0) 1014 1014 DE-W 1042 (99.9) 1 (0.1) 1043 1043 DK 1000 (100.0) 1000 1000 ES 1000 (100.0) 1000 1000 FI 2 (0.2) 1009 (99.8) 1011 1011 FR 1051 (100.0) 1051 1051 GB-GBN 1004 (100.0) 1004 1004 GB-NIR 310 (100.0) 310 310 GR 1000 (100.0) 1000 1000 IE 1001 (100.0) 1001 1001 IT 1000 (100.0) 1000 1000 LU 606 (100.0) 606 606 NL 1023 (100.0) 1023 1023 PT 1000 (100.0) 1000 1000 SE 991 (99.2) 8 (0.8) 2 1001 999 N Sum 15105 1018 2 16125 N Valid Sum 15105 1018 16123 printed 25.01.2012 page 40 Eurobarometer 60.0 - September 2003,GESIS Variable Report,66,ZA3937
v36,,Q2 COMPLAIN ABOUT PRODUCT/SERVICE,,Q2 COMPLAIN ABOUT PRODUCT/SERVICE,GESIS Variable Report,67,ZA3937
v37,v37 0 1 N Sum N Valid Sum,Q3 COMPLAIN PRODUCT: IN PERSON,isocntry AT 303 (29.4) 728 (70.6) 1031 1031 BE 365 (35.4) 665 (64.6) 1030 1030 DE-E 316 (31.2) 698 (68.8) 1014 1014 DE-W 290 (27.8) 752 (72.2) 1042 1042 DK 203 (20.3) 797 (79.7) 1000 1000 ES 167 (16.7) 833 (83.3) 1000 1000 FI 299 (29.6) 712 (70.4) 1011 1011 FR 363 (34.5) 688 (65.5) 1051 1051 GB-GBN 392 (39.0) 612 (61.0) 1004 1004 GB-NIR 96 (31.0) 214 (69.0) 310 310 GR 154 (15.4) 846 (84.6) 1000 1000 IE 318 (31.8) 683 (68.2) 1001 1001 IT 194 (19.4) 806 (80.6) 1000 1000 LU 181 (29.9) 425 (70.1) 606 606 NL 242 (23.7) 781 (76.3) 1023 1023 PT 150 (15.0) 850 (85.0) 1000 1000 SE 261 (26.1) 739 (73.9) 1000 1000 N Sum 4294 11829 16123 N Valid Sum 4294 11829 16123 printed 25.01.2012 page 42 Eurobarometer 60.0 - September 2003,isocntry AT 303 (29.4) 728 (70.6) 1031 1031 BE 365 (35.4) 665 (64.6) 1030 1030 DE-E 316 (31.2) 698 (68.8) 1014 1014 DE-W 290 (27.8) 752 (72.2) 1042 1042 DK 203 (20.3) 797 (79.7) 1000 1000 ES 167 (16.7) 833 (83.3) 1000 1000 FI 299 (29.6) 712 (70.4) 1011 1011 FR 363 (34.5) 688 (65.5) 1051 1051 GB-GBN 392 (39.0) 612 (61.0) 1004 1004 GB-NIR 96 (31.0) 214 (69.0) 310 310 GR 154 (15.4) 846 (84.6) 1000 1000 IE 318 (31.8) 683 (68.2) 1001 1001 IT 194 (19.4) 806 (80.6) 1000 1000 LU 181 (29.9) 425 (70.1) 606 606 NL 242 (23.7) 781 (76.3) 1023 1023 PT 150 (15.0) 850 (85.0) 1000 1000 SE 261 (26.1) 739 (73.9) 1000 1000 N Sum 4294 11829 16123 N Valid Sum 4294 11829 16123 printed 25.01.2012 page 42 Eurobarometer 60.0 - September 2003,GESIS Variable Report,68,ZA3937
v38,v38 0 1 N Sum N Valid Sum,Q3 COMPLAIN PRODUCT: BY TELEPHONE,isocntry AT 767 (74.4) 264 (25.6) 1031 1031 BE 757 (73.5) 273 (26.5) 1030 1030 DE-E 845 (83.3) 169 (16.7) 1014 1014 DE-W 815 (78.1) 228 (21.9) 1043 1043 DK 659 (65.9) 341 (34.1) 1000 1000 ES 805 (80.6) 194 (19.4) 999 999 FI 698 (69.0) 313 (31.0) 1011 1011 FR 719 (68.4) 332 (31.6) 1051 1051 GB-GBN 557 (55.5) 447 (44.5) 1004 1004 GB-NIR 201 (64.8) 109 (35.2) 310 310 GR 896 (89.6) 104 (10.4) 1000 1000 IE 743 (74.2) 258 (25.8) 1001 1001 IT 827 (82.7) 173 (17.3) 1000 1000 LU 378 (62.4) 228 (37.6) 606 606 NL 761 (74.4) 262 (25.6) 1023 1023 PT 901 (90.1) 99 (9.9) 1000 1000 SE 658 (65.8) 342 (34.2) 1000 1000 N Sum 11987 4136 16123 N Valid Sum 11987 4136 16123 printed 25.01.2012 page 43 Eurobarometer 60.0 - September 2003,isocntry AT 767 (74.4) 264 (25.6) 1031 1031 BE 757 (73.5) 273 (26.5) 1030 1030 DE-E 845 (83.3) 169 (16.7) 1014 1014 DE-W 815 (78.1) 228 (21.9) 1043 1043 DK 659 (65.9) 341 (34.1) 1000 1000 ES 805 (80.6) 194 (19.4) 999 999 FI 698 (69.0) 313 (31.0) 1011 1011 FR 719 (68.4) 332 (31.6) 1051 1051 GB-GBN 557 (55.5) 447 (44.5) 1004 1004 GB-NIR 201 (64.8) 109 (35.2) 310 310 GR 896 (89.6) 104 (10.4) 1000 1000 IE 743 (74.2) 258 (25.8) 1001 1001 IT 827 (82.7) 173 (17.3) 1000 1000 LU 378 (62.4) 228 (37.6) 606 606 NL 761 (74.4) 262 (25.6) 1023 1023 PT 901 (90.1) 99 (9.9) 1000 1000 SE 658 (65.8) 342 (34.2) 1000 1000 N Sum 11987 4136 16123 N Valid Sum 11987 4136 16123 printed 25.01.2012 page 43 Eurobarometer 60.0 - September 2003,GESIS Variable Report,69,ZA3937
v39,v39 0 1 N Sum N Valid Sum,Q3 COMPLAIN PRODUCT: BY POST/FAX,isocntry AT 961 (93.2) 70 (6.8) 1031 1031 BE 929 (90.2) 101 (9.8) 1030 1030 DE-E 836 (82.4) 178 (17.6) 1014 1014 DE-W 867 (83.1) 176 (16.9) 1043 1043 DK 879 (87.9) 121 (12.1) 1000 1000 ES 945 (94.5) 55 (5.5) 1000 1000 FI 932 (92.2) 79 (7.8) 1011 1011 FR 900 (85.6) 151 (14.4) 1051 1051 GB-GBN 843 (84.0) 161 (16.0) 1004 1004 GB-NIR 291 (93.9) 19 (6.1) 310 310 GR 986 (98.6) 14 (1.4) 1000 1000 IE 952 (95.1) 49 (4.9) 1001 1001 IT 916 (91.6) 84 (8.4) 1000 1000 LU 567 (93.6) 39 (6.4) 606 606 NL 850 (83.1) 173 (16.9) 1023 1023 PT 979 (97.8) 22 (2.2) 1001 1001 SE 939 (93.9) 61 (6.1) 1000 1000 N Sum 14572 1553 16125 N Valid Sum 14572 1553 16125 printed 25.01.2012 page 44 Eurobarometer 60.0 - September 2003,isocntry AT 961 (93.2) 70 (6.8) 1031 1031 BE 929 (90.2) 101 (9.8) 1030 1030 DE-E 836 (82.4) 178 (17.6) 1014 1014 DE-W 867 (83.1) 176 (16.9) 1043 1043 DK 879 (87.9) 121 (12.1) 1000 1000 ES 945 (94.5) 55 (5.5) 1000 1000 FI 932 (92.2) 79 (7.8) 1011 1011 FR 900 (85.6) 151 (14.4) 1051 1051 GB-GBN 843 (84.0) 161 (16.0) 1004 1004 GB-NIR 291 (93.9) 19 (6.1) 310 310 GR 986 (98.6) 14 (1.4) 1000 1000 IE 952 (95.1) 49 (4.9) 1001 1001 IT 916 (91.6) 84 (8.4) 1000 1000 LU 567 (93.6) 39 (6.4) 606 606 NL 850 (83.1) 173 (16.9) 1023 1023 PT 979 (97.8) 22 (2.2) 1001 1001 SE 939 (93.9) 61 (6.1) 1000 1000 N Sum 14572 1553 16125 N Valid Sum 14572 1553 16125 printed 25.01.2012 page 44 Eurobarometer 60.0 - September 2003,GESIS Variable Report,70,ZA3937
v40,v40 0 1 N Sum N Valid Sum,Q3 COMPLAIN PRODUCT: BY E-MAIL,isocntry AT 988 (95.8) 43 (4.2) 1031 1031 BE 998 (96.9) 32 (3.1) 1030 1030 DE-E 990 (97.6) 24 (2.4) 1014 1014 DE-W 1007 (96.6) 35 (3.4) 1042 1042 DK 919 (91.9) 81 (8.1) 1000 1000 ES 987 (98.7) 13 (1.3) 1000 1000 FI 946 (93.6) 65 (6.4) 1011 1011 FR 1022 (97.2) 29 (2.8) 1051 1051 GB-GBN 963 (95.9) 41 (4.1) 1004 1004 GB-NIR 305 (98.4) 5 (1.6) 310 310 GR 992 (99.2) 8 (0.8) 1000 1000 IE 989 (98.8) 12 (1.2) 1001 1001 IT 977 (97.7) 23 (2.3) 1000 1000 LU 588 (97.0) 18 (3.0) 606 606 NL 947 (92.6) 76 (7.4) 1023 1023 PT 997 (99.7) 3 (0.3) 1000 1000 SE 926 (92.6) 74 (7.4) 1000 1000 N Sum 15541 582 16123 N Valid Sum 15541 582 16123 printed 25.01.2012 page 45 Eurobarometer 60.0 - September 2003,isocntry AT 988 (95.8) 43 (4.2) 1031 1031 BE 998 (96.9) 32 (3.1) 1030 1030 DE-E 990 (97.6) 24 (2.4) 1014 1014 DE-W 1007 (96.6) 35 (3.4) 1042 1042 DK 919 (91.9) 81 (8.1) 1000 1000 ES 987 (98.7) 13 (1.3) 1000 1000 FI 946 (93.6) 65 (6.4) 1011 1011 FR 1022 (97.2) 29 (2.8) 1051 1051 GB-GBN 963 (95.9) 41 (4.1) 1004 1004 GB-NIR 305 (98.4) 5 (1.6) 310 310 GR 992 (99.2) 8 (0.8) 1000 1000 IE 989 (98.8) 12 (1.2) 1001 1001 IT 977 (97.7) 23 (2.3) 1000 1000 LU 588 (97.0) 18 (3.0) 606 606 NL 947 (92.6) 76 (7.4) 1023 1023 PT 997 (99.7) 3 (0.3) 1000 1000 SE 926 (92.6) 74 (7.4) 1000 1000 N Sum 15541 582 16123 N Valid Sum 15541 582 16123 printed 25.01.2012 page 45 Eurobarometer 60.0 - September 2003,GESIS Variable Report,71,ZA3937
v41,v41 0 1 N Sum N Valid Sum,Q3 COMPLAIN PRODUCT: OTHER WAY,isocntry AT 991 (96.1) 40 (3.9) 1031 1031 BE 1014 (98.4) 16 (1.6) 1030 1030 DE-E 999 (98.5) 15 (1.5) 1014 1014 DE-W 1031 (98.8) 12 (1.2) 1043 1043 DK 992 (99.2) 8 (0.8) 1000 1000 ES 993 (99.3) 7 (0.7) 1000 1000 FI 1003 (99.2) 8 (0.8) 1011 1011 FR 1039 (98.9) 12 (1.1) 1051 1051 GB-GBN 993 (98.9) 11 (1.1) 1004 1004 GB-NIR 307 (99.0) 3 (1.0) 310 310 GR 989 (98.9) 11 (1.1) 1000 1000 IE 992 (99.1) 9 (0.9) 1001 1001 IT 992 (99.2) 8 (0.8) 1000 1000 LU 592 (97.7) 14 (2.3) 606 606 NL 997 (97.5) 26 (2.5) 1023 1023 PT 993 (99.3) 7 (0.7) 1000 1000 SE 987 (98.7) 13 (1.3) 1000 1000 N Sum 15904 220 16124 N Valid Sum 15904 220 16124 printed 25.01.2012 page 46 Eurobarometer 60.0 - September 2003,isocntry AT 991 (96.1) 40 (3.9) 1031 1031 BE 1014 (98.4) 16 (1.6) 1030 1030 DE-E 999 (98.5) 15 (1.5) 1014 1014 DE-W 1031 (98.8) 12 (1.2) 1043 1043 DK 992 (99.2) 8 (0.8) 1000 1000 ES 993 (99.3) 7 (0.7) 1000 1000 FI 1003 (99.2) 8 (0.8) 1011 1011 FR 1039 (98.9) 12 (1.1) 1051 1051 GB-GBN 993 (98.9) 11 (1.1) 1004 1004 GB-NIR 307 (99.0) 3 (1.0) 310 310 GR 989 (98.9) 11 (1.1) 1000 1000 IE 992 (99.1) 9 (0.9) 1001 1001 IT 992 (99.2) 8 (0.8) 1000 1000 LU 592 (97.7) 14 (2.3) 606 606 NL 997 (97.5) 26 (2.5) 1023 1023 PT 993 (99.3) 7 (0.7) 1000 1000 SE 987 (98.7) 13 (1.3) 1000 1000 N Sum 15904 220 16124 N Valid Sum 15904 220 16124 printed 25.01.2012 page 46 Eurobarometer 60.0 - September 2003,GESIS Variable Report,72,ZA3937
v42,v42 0 1 N Sum N Valid Sum,Q3 COMPLAIN PRODUCT WAY: DEPENDS,isocntry AT 952 (92.3) 79 (7.7) 1031 1031 BE 959 (93.1) 71 (6.9) 1030 1030 DE-E 932 (91.9) 82 (8.1) 1014 1014 DE-W 953 (91.4) 90 (8.6) 1043 1043 DK 982 (98.2) 18 (1.8) 1000 1000 ES 960 (96.0) 40 (4.0) 1000 1000 FI 988 (97.7) 23 (2.3) 1011 1011 FR 963 (91.6) 88 (8.4) 1051 1051 GB-GBN 940 (93.6) 64 (6.4) 1004 1004 GB-NIR 302 (97.4) 8 (2.6) 310 310 GR 976 (97.6) 24 (2.4) 1000 1000 IE 919 (91.8) 82 (8.2) 1001 1001 IT 941 (94.1) 59 (5.9) 1000 1000 LU 575 (94.9) 31 (5.1) 606 606 NL 966 (94.4) 57 (5.6) 1023 1023 PT 946 (94.6) 54 (5.4) 1000 1000 SE 945 (94.5) 55 (5.5) 1000 1000 N Sum 15199 925 16124 N Valid Sum 15199 925 16124 printed 25.01.2012 page 47 Eurobarometer 60.0 - September 2003,isocntry AT 952 (92.3) 79 (7.7) 1031 1031 BE 959 (93.1) 71 (6.9) 1030 1030 DE-E 932 (91.9) 82 (8.1) 1014 1014 DE-W 953 (91.4) 90 (8.6) 1043 1043 DK 982 (98.2) 18 (1.8) 1000 1000 ES 960 (96.0) 40 (4.0) 1000 1000 FI 988 (97.7) 23 (2.3) 1011 1011 FR 963 (91.6) 88 (8.4) 1051 1051 GB-GBN 940 (93.6) 64 (6.4) 1004 1004 GB-NIR 302 (97.4) 8 (2.6) 310 310 GR 976 (97.6) 24 (2.4) 1000 1000 IE 919 (91.8) 82 (8.2) 1001 1001 IT 941 (94.1) 59 (5.9) 1000 1000 LU 575 (94.9) 31 (5.1) 606 606 NL 966 (94.4) 57 (5.6) 1023 1023 PT 946 (94.6) 54 (5.4) 1000 1000 SE 945 (94.5) 55 (5.5) 1000 1000 N Sum 15199 925 16124 N Valid Sum 15199 925 16124 printed 25.01.2012 page 47 Eurobarometer 60.0 - September 2003,GESIS Variable Report,73,ZA3937
v43,v43 0 1 N Sum N Valid Sum,Q3 COMPLAIN PRODUCT WAY: DK,isocntry AT 992 (96.2) 39 (3.8) 1031 1031 BE 945 (91.7) 85 (8.3) 1030 1030 DE-E 937 (92.4) 77 (7.6) 1014 1014 DE-W 992 (95.2) 50 (4.8) 1042 1042 DK 972 (97.2) 28 (2.8) 1000 1000 ES 950 (95.0) 50 (5.0) 1000 1000 FI 915 (90.5) 96 (9.5) 1011 1011 FR 946 (90.0) 105 (10.0) 1051 1051 GB-GBN 936 (93.2) 68 (6.8) 1004 1004 GB-NIR 291 (93.9) 19 (6.1) 310 310 GR 928 (92.8) 72 (7.2) 1000 1000 IE 866 (86.5) 135 (13.5) 1001 1001 IT 966 (96.6) 34 (3.4) 1000 1000 LU 578 (95.4) 28 (4.6) 606 606 NL 986 (96.4) 37 (3.6) 1023 1023 PT 962 (96.2) 38 (3.8) 1000 1000 SE 923 (92.3) 77 (7.7) 1000 1000 N Sum 15085 1038 16123 N Valid Sum 15085 1038 16123 printed 25.01.2012 page 48 Eurobarometer 60.0 - September 2003,isocntry AT 992 (96.2) 39 (3.8) 1031 1031 BE 945 (91.7) 85 (8.3) 1030 1030 DE-E 937 (92.4) 77 (7.6) 1014 1014 DE-W 992 (95.2) 50 (4.8) 1042 1042 DK 972 (97.2) 28 (2.8) 1000 1000 ES 950 (95.0) 50 (5.0) 1000 1000 FI 915 (90.5) 96 (9.5) 1011 1011 FR 946 (90.0) 105 (10.0) 1051 1051 GB-GBN 936 (93.2) 68 (6.8) 1004 1004 GB-NIR 291 (93.9) 19 (6.1) 310 310 GR 928 (92.8) 72 (7.2) 1000 1000 IE 866 (86.5) 135 (13.5) 1001 1001 IT 966 (96.6) 34 (3.4) 1000 1000 LU 578 (95.4) 28 (4.6) 606 606 NL 986 (96.4) 37 (3.6) 1023 1023 PT 962 (96.2) 38 (3.8) 1000 1000 SE 923 (92.3) 77 (7.7) 1000 1000 N Sum 15085 1038 16123 N Valid Sum 15085 1038 16123 printed 25.01.2012 page 48 Eurobarometer 60.0 - September 2003,GESIS Variable Report,74,ZA3937
v44,,Q4 COMPLAIN WRITTEN: PERSONALLY,,Q4 COMPLAIN WRITTEN: PERSONALLY,GESIS Variable Report,75,ZA3937
v45,,Q4 COMPLAIN WRITTEN: ASSISTANCE FRIEND,,Q4 COMPLAIN WRITTEN: ASSISTANCE FRIEND,GESIS Variable Report,76,ZA3937
v46,,Q4 COMPLAIN WRITTEN: ASSISTANCE CONS ASS,,Q4 COMPLAIN WRITTEN: ASSISTANCE CONS ASS,GESIS Variable Report,77,ZA3937
v47,,Q4 COMPLAIN WRITTEN: ASSISTANCE SOLICITOR,,Q4 COMPLAIN WRITTEN: ASSISTANCE SOLICITOR,GESIS Variable Report,78,ZA3937
v48,,Q4 COMPLAIN WRITTEN: ASSISTANCE OTHER,,Q4 COMPLAIN WRITTEN: ASSISTANCE OTHER,GESIS Variable Report,79,ZA3937
v49,,Q4 COMPLAIN WRITTEN: DK,,Q4 COMPLAIN WRITTEN: DK,GESIS Variable Report,80,ZA3937
v50,v50 1 2 3 N Sum N Valid Sum,Q5 CONSUMER - CONCILIATION BODIES HEARD,isocntry M AT 672 (66.7) 336 (33.3) 23 1031 1008 BE 639 (63.0) 375 (37.0) 17 1031 1014 DE-E 539 (54.9) 443 (45.1) 32 1014 982 DE-W 575 (57.4) 426 (42.6) 41 1042 1001 DK 786 (79.2) 206 (20.8) 8 1000 992 ES 610 (62.6) 364 (37.4) 26 1000 974 FI 906 (90.5) 95 (9.5) 11 1012 1001 FR 643 (62.1) 393 (37.9) 15 1051 1036 GB-GBN 631 (64.0) 355 (36.0) 18 1004 986 GB-NIR 176 (57.0) 133 (43.0) 1 310 309 GR 257 (26.0) 732 (74.0) 11 1000 989 IE 719 (73.9) 254 (26.1) 28 1001 973 IT 521 (53.8) 448 (46.2) 31 1000 969 LU 355 (59.6) 241 (40.4) 11 607 596 NL 883 (87.6) 125 (12.4) 16 1024 1008 PT 445 (44.9) 545 (55.1) 10 1000 990 SE 770 (78.8) 207 (21.2) 23 1000 977 N Sum 10127 5678 322 16127 N Valid Sum 10127 5678 15805 printed 25.01.2012 page 55 Eurobarometer 60.0 - September 2003,isocntry M AT 672 (66.7) 336 (33.3) 23 1031 1008 BE 639 (63.0) 375 (37.0) 17 1031 1014 DE-E 539 (54.9) 443 (45.1) 32 1014 982 DE-W 575 (57.4) 426 (42.6) 41 1042 1001 DK 786 (79.2) 206 (20.8) 8 1000 992 ES 610 (62.6) 364 (37.4) 26 1000 974 FI 906 (90.5) 95 (9.5) 11 1012 1001 FR 643 (62.1) 393 (37.9) 15 1051 1036 GB-GBN 631 (64.0) 355 (36.0) 18 1004 986 GB-NIR 176 (57.0) 133 (43.0) 1 310 309 GR 257 (26.0) 732 (74.0) 11 1000 989 IE 719 (73.9) 254 (26.1) 28 1001 973 IT 521 (53.8) 448 (46.2) 31 1000 969 LU 355 (59.6) 241 (40.4) 11 607 596 NL 883 (87.6) 125 (12.4) 16 1024 1008 PT 445 (44.9) 545 (55.1) 10 1000 990 SE 770 (78.8) 207 (21.2) 23 1000 977 N Sum 10127 5678 322 16127 N Valid Sum 10127 5678 15805 printed 25.01.2012 page 55 Eurobarometer 60.0 - September 2003,GESIS Variable Report,81,ZA3937
v51,,Q6 CONSUMER - COMPLAIN TO CONCIL BODIES,,Q6 CONSUMER - COMPLAIN TO CONCIL BODIES,GESIS Variable Report,82,ZA3937
v52,,Q7 CONS DISPUTE BOD FEAR: NO,,Q7 CONS DISPUTE BOD FEAR: NO,GESIS Variable Report,83,ZA3937
v53,,Q7 CONS DISPUTE BOD FEAR: NOT COMPETENT,,Q7 CONS DISPUTE BOD FEAR: NOT COMPETENT,GESIS Variable Report,84,ZA3937
v54,,Q7 CONS DISPUTE BOD FEAR: NOT IMPARTIAL,,Q7 CONS DISPUTE BOD FEAR: NOT IMPARTIAL,GESIS Variable Report,85,ZA3937
v55,,Q7 CONS DISPUTE BOD FEAR: NOT TRANSPARENT,,Q7 CONS DISPUTE BOD FEAR: NOT TRANSPARENT,GESIS Variable Report,86,ZA3937
v56,,Q7 CONS DISPUTE BOD FEAR: NOT MY OPINION,,Q7 CONS DISPUTE BOD FEAR: NOT MY OPINION,GESIS Variable Report,87,ZA3937
v57,,Q7 CONS DISPUTE BOD FEAR: ABIDE DECISION,,Q7 CONS DISPUTE BOD FEAR: ABIDE DECISION,GESIS Variable Report,88,ZA3937
v58,,Q7 CONS DISPUTE BOD FEAR: NOT RESPECT LAW,,Q7 CONS DISPUTE BOD FEAR: NOT RESPECT LAW,GESIS Variable Report,89,ZA3937
v59,,Q7 CONS DISPUTE BOD FEAR: LOOSE RIGHT,,Q7 CONS DISPUTE BOD FEAR: LOOSE RIGHT,GESIS Variable Report,90,ZA3937
v60,,Q7 CONS DISPUTE BOD FEAR: COSTS,,Q7 CONS DISPUTE BOD FEAR: COSTS,GESIS Variable Report,91,ZA3937
v61,,Q7 CONS DISPUTE BOD FEAR: DK,,Q7 CONS DISPUTE BOD FEAR: DK,GESIS Variable Report,92,ZA3937
v62,v62 1 2 3 4 N Sum N Valid Sum,Q8 DISPUTE W SALESMAN - LAST 5 YEARS,isocntry M AT 82 (8.0) 480 (47.0) 459 (45.0) 10 1031 1021 BE 70 (6.9) 235 (23.1) 714 (70.1) 12 1031 1019 DE-E 63 (6.3) 411 (41.2) 524 (52.5) 16 1014 998 DE-W 83 (8.1) 461 (44.8) 486 (47.2) 12 1042 1030 DK 118 (11.9) 425 (42.7) 452 (45.4) 6 1001 995 ES 64 (6.5) 290 (29.3) 635 (64.2) 10 999 989 FI 69 (6.9) 309 (30.9) 623 (62.2) 11 1012 1001 FR 91 (8.7) 307 (29.4) 646 (61.9) 7 1051 1044 GB-GBN 101 (10.2) 302 (30.4) 589 (59.4) 11 1003 992 GB-NIR 29 (9.4) 94 (30.6) 184 (59.9) 3 310 307 GR 87 (8.7) 160 (16.1) 748 (75.2) 5 1000 995 IE 67 (7.0) 324 (33.7) 571 (59.4) 39 1001 962 IT 81 (8.2) 334 (33.7) 575 (58.1) 11 1001 990 LU 61 (10.1) 301 (50.1) 239 (39.8) 4 605 601 NL 61 (6.1) 159 (15.9) 781 (78.0) 23 1024 1001 PT 49 (4.9) 129 (13.0) 812 (82.0) 10 1000 990 SE 82 (8.3) 319 (32.4) 585 (59.3) 13 999 986 N Sum 1258 5040 9623 203 16124 N Valid Sum 1258 5040 9623 15921 printed 25.01.2012 page 67 Eurobarometer 60.0 - September 2003,isocntry M AT 82 (8.0) 480 (47.0) 459 (45.0) 10 1031 1021 BE 70 (6.9) 235 (23.1) 714 (70.1) 12 1031 1019 DE-E 63 (6.3) 411 (41.2) 524 (52.5) 16 1014 998 DE-W 83 (8.1) 461 (44.8) 486 (47.2) 12 1042 1030 DK 118 (11.9) 425 (42.7) 452 (45.4) 6 1001 995 ES 64 (6.5) 290 (29.3) 635 (64.2) 10 999 989 FI 69 (6.9) 309 (30.9) 623 (62.2) 11 1012 1001 FR 91 (8.7) 307 (29.4) 646 (61.9) 7 1051 1044 GB-GBN 101 (10.2) 302 (30.4) 589 (59.4) 11 1003 992 GB-NIR 29 (9.4) 94 (30.6) 184 (59.9) 3 310 307 GR 87 (8.7) 160 (16.1) 748 (75.2) 5 1000 995 IE 67 (7.0) 324 (33.7) 571 (59.4) 39 1001 962 IT 81 (8.2) 334 (33.7) 575 (58.1) 11 1001 990 LU 61 (10.1) 301 (50.1) 239 (39.8) 4 605 601 NL 61 (6.1) 159 (15.9) 781 (78.0) 23 1024 1001 PT 49 (4.9) 129 (13.0) 812 (82.0) 10 1000 990 SE 82 (8.3) 319 (32.4) 585 (59.3) 13 999 986 N Sum 1258 5040 9623 203 16124 N Valid Sum 1258 5040 9623 15921 printed 25.01.2012 page 67 Eurobarometer 60.0 - September 2003,GESIS Variable Report,93,ZA3937
v63,v63 0 1 9 N Sum N Valid Sum,Q9 DISPUTE W SALESMAN: FOOD PRODUCT,isocntry M AT 72 (87.8) 10 (12.2) 949 1031 82 BE 63 (90.0) 7 (10.0) 960 1030 70 DE-E 57 (90.5) 6 (9.5) 951 1014 63 DE-W 74 (89.2) 9 (10.8) 960 1043 83 DK 114 (96.6) 4 (3.4) 882 1000 118 ES 61 (95.3) 3 (4.7) 936 1000 64 FI 61 (88.4) 8 (11.6) 942 1011 69 FR 85 (93.4) 6 (6.6) 960 1051 91 GB-GBN 92 (91.1) 9 (8.9) 903 1004 101 GB-NIR 27 (93.1) 2 (6.9) 281 310 29 GR 76 (87.4) 11 (12.6) 913 1000 87 IE 54 (80.6) 13 (19.4) 934 1001 67 IT 73 (90.1) 8 (9.9) 919 1000 81 LU 56 (91.8) 5 (8.2) 545 606 61 NL 58 (95.1) 3 (4.9) 962 1023 61 PT 38 (77.6) 11 (22.4) 951 1000 49 SE 76 (92.7) 6 (7.3) 918 1000 82 N Sum 1137 121 14866 16124 N Valid Sum 1137 121 1258 printed 25.01.2012 page 68 Eurobarometer 60.0 - September 2003,isocntry M AT 72 (87.8) 10 (12.2) 949 1031 82 BE 63 (90.0) 7 (10.0) 960 1030 70 DE-E 57 (90.5) 6 (9.5) 951 1014 63 DE-W 74 (89.2) 9 (10.8) 960 1043 83 DK 114 (96.6) 4 (3.4) 882 1000 118 ES 61 (95.3) 3 (4.7) 936 1000 64 FI 61 (88.4) 8 (11.6) 942 1011 69 FR 85 (93.4) 6 (6.6) 960 1051 91 GB-GBN 92 (91.1) 9 (8.9) 903 1004 101 GB-NIR 27 (93.1) 2 (6.9) 281 310 29 GR 76 (87.4) 11 (12.6) 913 1000 87 IE 54 (80.6) 13 (19.4) 934 1001 67 IT 73 (90.1) 8 (9.9) 919 1000 81 LU 56 (91.8) 5 (8.2) 545 606 61 NL 58 (95.1) 3 (4.9) 962 1023 61 PT 38 (77.6) 11 (22.4) 951 1000 49 SE 76 (92.7) 6 (7.3) 918 1000 82 N Sum 1137 121 14866 16124 N Valid Sum 1137 121 1258 printed 25.01.2012 page 68 Eurobarometer 60.0 - September 2003,GESIS Variable Report,94,ZA3937
v64,v64 0 1 9 N Sum N Valid Sum,Q9 DISPUTE W SALESMAN: CAR,isocntry M AT 63 (76.8) 19 (23.2) 949 1031 82 BE 62 (89.9) 7 (10.1) 960 1029 69 DE-E 50 (79.4) 13 (20.6) 951 1014 63 DE-W 73 (89.0) 9 (11.0) 960 1042 82 DK 107 (90.7) 11 (9.3) 882 1000 118 ES 59 (90.8) 6 (9.2) 936 1001 65 FI 57 (82.6) 12 (17.4) 942 1011 69 FR 76 (83.5) 15 (16.5) 960 1051 91 GB-GBN 93 (92.1) 8 (7.9) 903 1004 101 GB-NIR 28 (96.6) 1 (3.4) 281 310 29 GR 78 (89.7) 9 (10.3) 913 1000 87 IE 57 (85.1) 10 (14.9) 934 1001 67 IT 73 (90.1) 8 (9.9) 919 1000 81 LU 48 (80.0) 12 (20.0) 545 605 60 NL 57 (93.4) 4 (6.6) 962 1023 61 PT 41 (85.4) 7 (14.6) 951 999 48 SE 70 (84.3) 13 (15.7) 918 1001 83 N Sum 1092 164 14866 16122 N Valid Sum 1092 164 1256 printed 25.01.2012 page 69 Eurobarometer 60.0 - September 2003,isocntry M AT 63 (76.8) 19 (23.2) 949 1031 82 BE 62 (89.9) 7 (10.1) 960 1029 69 DE-E 50 (79.4) 13 (20.6) 951 1014 63 DE-W 73 (89.0) 9 (11.0) 960 1042 82 DK 107 (90.7) 11 (9.3) 882 1000 118 ES 59 (90.8) 6 (9.2) 936 1001 65 FI 57 (82.6) 12 (17.4) 942 1011 69 FR 76 (83.5) 15 (16.5) 960 1051 91 GB-GBN 93 (92.1) 8 (7.9) 903 1004 101 GB-NIR 28 (96.6) 1 (3.4) 281 310 29 GR 78 (89.7) 9 (10.3) 913 1000 87 IE 57 (85.1) 10 (14.9) 934 1001 67 IT 73 (90.1) 8 (9.9) 919 1000 81 LU 48 (80.0) 12 (20.0) 545 605 60 NL 57 (93.4) 4 (6.6) 962 1023 61 PT 41 (85.4) 7 (14.6) 951 999 48 SE 70 (84.3) 13 (15.7) 918 1001 83 N Sum 1092 164 14866 16122 N Valid Sum 1092 164 1256 printed 25.01.2012 page 69 Eurobarometer 60.0 - September 2003,GESIS Variable Report,95,ZA3937
v65,v65 0 1 9 N Sum N Valid Sum,Q9 DISPUTE W SALESMAN: INSURANCE,isocntry M AT 70 (85.4) 12 (14.6) 949 1031 82 BE 63 (90.0) 7 (10.0) 960 1030 70 DE-E 56 (90.3) 6 (9.7) 951 1013 62 DE-W 72 (87.8) 10 (12.2) 960 1042 82 DK 105 (89.0) 13 (11.0) 882 1000 118 ES 60 (93.8) 4 (6.3) 936 1000 64 FI 62 (91.2) 6 (8.8) 942 1010 68 FR 76 (83.5) 15 (16.5) 960 1051 91 GB-GBN 93 (92.1) 8 (7.9) 903 1004 101 GB-NIR 28 (96.6) 1 (3.4) 281 310 29 GR 84 (96.6) 3 (3.4) 913 1000 87 IE 63 (94.0) 4 (6.0) 934 1001 67 IT 71 (88.8) 9 (11.3) 919 999 80 LU 56 (91.8) 5 (8.2) 545 606 61 NL 53 (86.9) 8 (13.1) 962 1023 61 PT 42 (85.7) 7 (14.3) 951 1000 49 SE 74 (90.2) 8 (9.8) 918 1000 82 N Sum 1128 126 14866 16120 N Valid Sum 1128 126 1254 printed 25.01.2012 page 70 Eurobarometer 60.0 - September 2003,isocntry M AT 70 (85.4) 12 (14.6) 949 1031 82 BE 63 (90.0) 7 (10.0) 960 1030 70 DE-E 56 (90.3) 6 (9.7) 951 1013 62 DE-W 72 (87.8) 10 (12.2) 960 1042 82 DK 105 (89.0) 13 (11.0) 882 1000 118 ES 60 (93.8) 4 (6.3) 936 1000 64 FI 62 (91.2) 6 (8.8) 942 1010 68 FR 76 (83.5) 15 (16.5) 960 1051 91 GB-GBN 93 (92.1) 8 (7.9) 903 1004 101 GB-NIR 28 (96.6) 1 (3.4) 281 310 29 GR 84 (96.6) 3 (3.4) 913 1000 87 IE 63 (94.0) 4 (6.0) 934 1001 67 IT 71 (88.8) 9 (11.3) 919 999 80 LU 56 (91.8) 5 (8.2) 545 606 61 NL 53 (86.9) 8 (13.1) 962 1023 61 PT 42 (85.7) 7 (14.3) 951 1000 49 SE 74 (90.2) 8 (9.8) 918 1000 82 N Sum 1128 126 14866 16120 N Valid Sum 1128 126 1254 printed 25.01.2012 page 70 Eurobarometer 60.0 - September 2003,GESIS Variable Report,96,ZA3937
v66,v66 0 1 9 N Sum N Valid Sum,Q9 DISPUTE W SALESMAN: BANKING,isocntry M AT 74 (91.4) 7 (8.6) 949 1030 81 BE 66 (95.7) 3 (4.3) 960 1029 69 DE-E 59 (95.2) 3 (4.8) 951 1013 62 DE-W 78 (95.1) 4 (4.9) 960 1042 82 DK 114 (96.6) 4 (3.4) 882 1000 118 ES 58 (90.6) 6 (9.4) 936 1000 64 FI 68 (98.6) 1 (1.4) 942 1011 69 FR 73 (80.2) 18 (19.8) 960 1051 91 GB-GBN 91 (90.1) 10 (9.9) 903 1004 101 GB-NIR 28 (96.6) 1 (3.4) 281 310 29 GR 83 (95.4) 4 (4.6) 913 1000 87 IE 61 (91.0) 6 (9.0) 934 1001 67 IT 77 (95.1) 4 (4.9) 919 1000 81 LU 57 (93.4) 4 (6.6) 545 606 61 NL 59 (96.7) 2 (3.3) 962 1023 61 PT 47 (95.9) 2 (4.1) 951 1000 49 SE 82 (100.0) 918 1000 82 N Sum 1175 79 14866 16120 N Valid Sum 1175 79 1254 printed 25.01.2012 page 71 Eurobarometer 60.0 - September 2003,isocntry M AT 74 (91.4) 7 (8.6) 949 1030 81 BE 66 (95.7) 3 (4.3) 960 1029 69 DE-E 59 (95.2) 3 (4.8) 951 1013 62 DE-W 78 (95.1) 4 (4.9) 960 1042 82 DK 114 (96.6) 4 (3.4) 882 1000 118 ES 58 (90.6) 6 (9.4) 936 1000 64 FI 68 (98.6) 1 (1.4) 942 1011 69 FR 73 (80.2) 18 (19.8) 960 1051 91 GB-GBN 91 (90.1) 10 (9.9) 903 1004 101 GB-NIR 28 (96.6) 1 (3.4) 281 310 29 GR 83 (95.4) 4 (4.6) 913 1000 87 IE 61 (91.0) 6 (9.0) 934 1001 67 IT 77 (95.1) 4 (4.9) 919 1000 81 LU 57 (93.4) 4 (6.6) 545 606 61 NL 59 (96.7) 2 (3.3) 962 1023 61 PT 47 (95.9) 2 (4.1) 951 1000 49 SE 82 (100.0) 918 1000 82 N Sum 1175 79 14866 16120 N Valid Sum 1175 79 1254 printed 25.01.2012 page 71 Eurobarometer 60.0 - September 2003,GESIS Variable Report,97,ZA3937
v67,v67 0 1 9 N Sum N Valid Sum,Q9 DISPUTE W SALESMAN: APPLIANCES,isocntry M AT 72 (87.8) 10 (12.2) 949 1031 82 BE 63 (91.3) 6 (8.7) 960 1029 69 DE-E 51 (81.0) 12 (19.0) 951 1014 63 DE-W 74 (89.2) 9 (10.8) 960 1043 83 DK 108 (91.5) 10 (8.5) 882 1000 118 ES 55 (85.9) 9 (14.1) 936 1000 64 FI 58 (84.1) 11 (15.9) 942 1011 69 FR 83 (91.2) 8 (8.8) 960 1051 91 GB-GBN 79 (77.5) 23 (22.5) 903 1005 102 GB-NIR 25 (86.2) 4 (13.8) 281 310 29 GR 82 (94.3) 5 (5.7) 913 1000 87 IE 55 (82.1) 12 (17.9) 934 1001 67 IT 63 (77.8) 18 (22.2) 919 1000 81 LU 49 (80.3) 12 (19.7) 545 606 61 NL 51 (83.6) 10 (16.4) 962 1023 61 PT 37 (75.5) 12 (24.5) 951 1000 49 SE 73 (88.0) 10 (12.0) 918 1001 83 N Sum 1078 181 14866 16125 N Valid Sum 1078 181 1259 printed 25.01.2012 page 72 Eurobarometer 60.0 - September 2003,isocntry M AT 72 (87.8) 10 (12.2) 949 1031 82 BE 63 (91.3) 6 (8.7) 960 1029 69 DE-E 51 (81.0) 12 (19.0) 951 1014 63 DE-W 74 (89.2) 9 (10.8) 960 1043 83 DK 108 (91.5) 10 (8.5) 882 1000 118 ES 55 (85.9) 9 (14.1) 936 1000 64 FI 58 (84.1) 11 (15.9) 942 1011 69 FR 83 (91.2) 8 (8.8) 960 1051 91 GB-GBN 79 (77.5) 23 (22.5) 903 1005 102 GB-NIR 25 (86.2) 4 (13.8) 281 310 29 GR 82 (94.3) 5 (5.7) 913 1000 87 IE 55 (82.1) 12 (17.9) 934 1001 67 IT 63 (77.8) 18 (22.2) 919 1000 81 LU 49 (80.3) 12 (19.7) 545 606 61 NL 51 (83.6) 10 (16.4) 962 1023 61 PT 37 (75.5) 12 (24.5) 951 1000 49 SE 73 (88.0) 10 (12.0) 918 1001 83 N Sum 1078 181 14866 16125 N Valid Sum 1078 181 1259 printed 25.01.2012 page 72 Eurobarometer 60.0 - September 2003,GESIS Variable Report,98,ZA3937
v68,v68 0 1 9 N Sum N Valid Sum,Q9 DISPUTE W SALESMAN: TV/VIDEO,isocntry M AT 71 (86.6) 11 (13.4) 949 1031 82 BE 63 (91.3) 6 (8.7) 960 1029 69 DE-E 49 (77.8) 14 (22.2) 951 1014 63 DE-W 70 (85.4) 12 (14.6) 960 1042 82 DK 99 (83.9) 19 (16.1) 882 1000 118 ES 61 (93.8) 4 (6.2) 936 1001 65 FI 65 (94.2) 4 (5.8) 942 1011 69 FR 84 (92.3) 7 (7.7) 960 1051 91 GB-GBN 92 (90.2) 10 (9.8) 903 1005 102 GB-NIR 27 (93.1) 2 (6.9) 281 310 29 GR 85 (97.7) 2 (2.3) 913 1000 87 IE 62 (92.5) 5 (7.5) 934 1001 67 IT 69 (85.2) 12 (14.8) 919 1000 81 LU 58 (95.1) 3 (4.9) 545 606 61 NL 50 (82.0) 11 (18.0) 962 1023 61 PT 45 (91.8) 4 (8.2) 951 1000 49 SE 74 (90.2) 8 (9.8) 918 1000 82 N Sum 1124 134 14866 16124 N Valid Sum 1124 134 1258 printed 25.01.2012 page 73 Eurobarometer 60.0 - September 2003,isocntry M AT 71 (86.6) 11 (13.4) 949 1031 82 BE 63 (91.3) 6 (8.7) 960 1029 69 DE-E 49 (77.8) 14 (22.2) 951 1014 63 DE-W 70 (85.4) 12 (14.6) 960 1042 82 DK 99 (83.9) 19 (16.1) 882 1000 118 ES 61 (93.8) 4 (6.2) 936 1001 65 FI 65 (94.2) 4 (5.8) 942 1011 69 FR 84 (92.3) 7 (7.7) 960 1051 91 GB-GBN 92 (90.2) 10 (9.8) 903 1005 102 GB-NIR 27 (93.1) 2 (6.9) 281 310 29 GR 85 (97.7) 2 (2.3) 913 1000 87 IE 62 (92.5) 5 (7.5) 934 1001 67 IT 69 (85.2) 12 (14.8) 919 1000 81 LU 58 (95.1) 3 (4.9) 545 606 61 NL 50 (82.0) 11 (18.0) 962 1023 61 PT 45 (91.8) 4 (8.2) 951 1000 49 SE 74 (90.2) 8 (9.8) 918 1000 82 N Sum 1124 134 14866 16124 N Valid Sum 1124 134 1258 printed 25.01.2012 page 73 Eurobarometer 60.0 - September 2003,GESIS Variable Report,99,ZA3937
v69,v69 0 1 9 N Sum N Valid Sum,Q9 DISPUTE W SALESMAN: COMPUTER,isocntry M AT 74 (90.2) 8 (9.8) 949 1031 82 BE 68 (97.1) 2 (2.9) 960 1030 70 DE-E 57 (91.9) 5 (8.1) 951 1013 62 DE-W 80 (96.4) 3 (3.6) 960 1043 83 DK 105 (89.0) 13 (11.0) 882 1000 118 ES 63 (98.4) 1 (1.6) 936 1000 64 FI 64 (92.8) 5 (7.2) 942 1011 69 FR 87 (95.6) 4 (4.4) 960 1051 91 GB-GBN 92 (90.2) 10 (9.8) 903 1005 102 GB-NIR 28 (96.6) 1 (3.4) 281 310 29 GR 85 (97.7) 2 (2.3) 913 1000 87 IE 63 (95.5) 3 (4.5) 934 1000 66 IT 78 (97.5) 2 (2.5) 919 999 80 LU 56 (91.8) 5 (8.2) 545 606 61 NL 58 (95.1) 3 (4.9) 962 1023 61 PT 49 (100.0) 951 1000 49 SE 77 (93.9) 5 (6.1) 918 1000 82 N Sum 1184 72 14866 16122 N Valid Sum 1184 72 1256 printed 25.01.2012 page 74 Eurobarometer 60.0 - September 2003,isocntry M AT 74 (90.2) 8 (9.8) 949 1031 82 BE 68 (97.1) 2 (2.9) 960 1030 70 DE-E 57 (91.9) 5 (8.1) 951 1013 62 DE-W 80 (96.4) 3 (3.6) 960 1043 83 DK 105 (89.0) 13 (11.0) 882 1000 118 ES 63 (98.4) 1 (1.6) 936 1000 64 FI 64 (92.8) 5 (7.2) 942 1011 69 FR 87 (95.6) 4 (4.4) 960 1051 91 GB-GBN 92 (90.2) 10 (9.8) 903 1005 102 GB-NIR 28 (96.6) 1 (3.4) 281 310 29 GR 85 (97.7) 2 (2.3) 913 1000 87 IE 63 (95.5) 3 (4.5) 934 1000 66 IT 78 (97.5) 2 (2.5) 919 999 80 LU 56 (91.8) 5 (8.2) 545 606 61 NL 58 (95.1) 3 (4.9) 962 1023 61 PT 49 (100.0) 951 1000 49 SE 77 (93.9) 5 (6.1) 918 1000 82 N Sum 1184 72 14866 16122 N Valid Sum 1184 72 1256 printed 25.01.2012 page 74 Eurobarometer 60.0 - September 2003,GESIS Variable Report,100,ZA3937
v70,v70 0 1 9 N Sum N Valid Sum,Q9 DISPUTE W SALESMAN: TELECOM SERV,isocntry M AT 73 (90.1) 8 (9.9) 949 1030 81 BE 62 (88.6) 8 (11.4) 960 1030 70 DE-E 55 (88.7) 7 (11.3) 951 1013 62 DE-W 73 (88.0) 10 (12.0) 960 1043 83 DK 92 (78.0) 26 (22.0) 882 1000 118 ES 46 (71.9) 18 (28.1) 936 1000 64 FI 64 (94.1) 4 (5.9) 942 1010 68 FR 72 (78.3) 20 (21.7) 960 1052 92 GB-GBN 91 (90.1) 10 (9.9) 903 1004 101 GB-NIR 27 (93.1) 2 (6.9) 281 310 29 GR 77 (88.5) 10 (11.5) 913 1000 87 IE 59 (88.1) 8 (11.9) 934 1001 67 IT 65 (80.2) 16 (19.8) 919 1000 81 LU 56 (91.8) 5 (8.2) 545 606 61 NL 55 (91.7) 5 (8.3) 962 1022 60 PT 45 (91.8) 4 (8.2) 951 1000 49 SE 73 (89.0) 9 (11.0) 918 1000 82 N Sum 1085 170 14866 16121 N Valid Sum 1085 170 1255 printed 25.01.2012 page 75 Eurobarometer 60.0 - September 2003,isocntry M AT 73 (90.1) 8 (9.9) 949 1030 81 BE 62 (88.6) 8 (11.4) 960 1030 70 DE-E 55 (88.7) 7 (11.3) 951 1013 62 DE-W 73 (88.0) 10 (12.0) 960 1043 83 DK 92 (78.0) 26 (22.0) 882 1000 118 ES 46 (71.9) 18 (28.1) 936 1000 64 FI 64 (94.1) 4 (5.9) 942 1010 68 FR 72 (78.3) 20 (21.7) 960 1052 92 GB-GBN 91 (90.1) 10 (9.9) 903 1004 101 GB-NIR 27 (93.1) 2 (6.9) 281 310 29 GR 77 (88.5) 10 (11.5) 913 1000 87 IE 59 (88.1) 8 (11.9) 934 1001 67 IT 65 (80.2) 16 (19.8) 919 1000 81 LU 56 (91.8) 5 (8.2) 545 606 61 NL 55 (91.7) 5 (8.3) 962 1022 60 PT 45 (91.8) 4 (8.2) 951 1000 49 SE 73 (89.0) 9 (11.0) 918 1000 82 N Sum 1085 170 14866 16121 N Valid Sum 1085 170 1255 printed 25.01.2012 page 75 Eurobarometer 60.0 - September 2003,GESIS Variable Report,101,ZA3937
v71,v71 0 1 9 N Sum N Valid Sum,Q9 DISPUTE W SALESMAN: CLOTHING,isocntry M AT 76 (92.7) 6 (7.3) 949 1031 82 BE 66 (94.3) 4 (5.7) 960 1030 70 DE-E 54 (85.7) 9 (14.3) 951 1014 63 DE-W 74 (89.2) 9 (10.8) 960 1043 83 DK 99 (83.9) 19 (16.1) 882 1000 118 ES 58 (90.6) 6 (9.4) 936 1000 64 FI 53 (76.8) 16 (23.2) 942 1011 69 FR 87 (95.6) 4 (4.4) 960 1051 91 GB-GBN 94 (92.2) 8 (7.8) 903 1005 102 GB-NIR 28 (96.6) 1 (3.4) 281 310 29 GR 80 (93.0) 6 (7.0) 913 999 86 IE 60 (89.6) 7 (10.4) 934 1001 67 IT 73 (90.1) 8 (9.9) 919 1000 81 LU 58 (95.1) 3 (4.9) 545 606 61 NL 53 (88.3) 7 (11.7) 962 1022 60 PT 44 (89.8) 5 (10.2) 951 1000 49 SE 67 (81.7) 15 (18.3) 918 1000 82 N Sum 1124 133 14866 16123 N Valid Sum 1124 133 1257 printed 25.01.2012 page 76 Eurobarometer 60.0 - September 2003,isocntry M AT 76 (92.7) 6 (7.3) 949 1031 82 BE 66 (94.3) 4 (5.7) 960 1030 70 DE-E 54 (85.7) 9 (14.3) 951 1014 63 DE-W 74 (89.2) 9 (10.8) 960 1043 83 DK 99 (83.9) 19 (16.1) 882 1000 118 ES 58 (90.6) 6 (9.4) 936 1000 64 FI 53 (76.8) 16 (23.2) 942 1011 69 FR 87 (95.6) 4 (4.4) 960 1051 91 GB-GBN 94 (92.2) 8 (7.8) 903 1005 102 GB-NIR 28 (96.6) 1 (3.4) 281 310 29 GR 80 (93.0) 6 (7.0) 913 999 86 IE 60 (89.6) 7 (10.4) 934 1001 67 IT 73 (90.1) 8 (9.9) 919 1000 81 LU 58 (95.1) 3 (4.9) 545 606 61 NL 53 (88.3) 7 (11.7) 962 1022 60 PT 44 (89.8) 5 (10.2) 951 1000 49 SE 67 (81.7) 15 (18.3) 918 1000 82 N Sum 1124 133 14866 16123 N Valid Sum 1124 133 1257 printed 25.01.2012 page 76 Eurobarometer 60.0 - September 2003,GESIS Variable Report,102,ZA3937
v72,v72 0 1 9 N Sum N Valid Sum,Q9 DISPUTE W SALESMAN: PROPERTY,isocntry M AT 76 (92.7) 6 (7.3) 949 1031 82 BE 65 (94.2) 4 (5.8) 960 1029 69 DE-E 58 (93.5) 4 (6.5) 951 1013 62 DE-W 75 (91.5) 7 (8.5) 960 1042 82 DK 99 (84.6) 18 (15.4) 882 999 117 ES 53 (81.5) 12 (18.5) 936 1001 65 FI 62 (91.2) 6 (8.8) 942 1010 68 FR 78 (85.7) 13 (14.3) 960 1051 91 GB-GBN 93 (92.1) 8 (7.9) 903 1004 101 GB-NIR 26 (89.7) 3 (10.3) 281 310 29 GR 80 (93.0) 6 (7.0) 913 999 86 IE 64 (95.5) 3 (4.5) 934 1001 67 IT 75 (92.6) 6 (7.4) 919 1000 81 LU 45 (73.8) 16 (26.2) 545 606 61 NL 58 (95.1) 3 (4.9) 962 1023 61 PT 45 (91.8) 4 (8.2) 951 1000 49 SE 75 (91.5) 7 (8.5) 918 1000 82 N Sum 1127 126 14866 16119 N Valid Sum 1127 126 1253 printed 25.01.2012 page 77 Eurobarometer 60.0 - September 2003,isocntry M AT 76 (92.7) 6 (7.3) 949 1031 82 BE 65 (94.2) 4 (5.8) 960 1029 69 DE-E 58 (93.5) 4 (6.5) 951 1013 62 DE-W 75 (91.5) 7 (8.5) 960 1042 82 DK 99 (84.6) 18 (15.4) 882 999 117 ES 53 (81.5) 12 (18.5) 936 1001 65 FI 62 (91.2) 6 (8.8) 942 1010 68 FR 78 (85.7) 13 (14.3) 960 1051 91 GB-GBN 93 (92.1) 8 (7.9) 903 1004 101 GB-NIR 26 (89.7) 3 (10.3) 281 310 29 GR 80 (93.0) 6 (7.0) 913 999 86 IE 64 (95.5) 3 (4.5) 934 1001 67 IT 75 (92.6) 6 (7.4) 919 1000 81 LU 45 (73.8) 16 (26.2) 545 606 61 NL 58 (95.1) 3 (4.9) 962 1023 61 PT 45 (91.8) 4 (8.2) 951 1000 49 SE 75 (91.5) 7 (8.5) 918 1000 82 N Sum 1127 126 14866 16119 N Valid Sum 1127 126 1253 printed 25.01.2012 page 77 Eurobarometer 60.0 - September 2003,GESIS Variable Report,103,ZA3937
v73,v73 0 1 9 N Sum N Valid Sum,Q9 DISPUTE W SALESMAN: LEISURE,isocntry M AT 77 (93.9) 5 (6.1) 949 1031 82 BE 66 (94.3) 4 (5.7) 960 1030 70 DE-E 59 (93.7) 4 (6.3) 951 1014 63 DE-W 76 (92.7) 6 (7.3) 960 1042 82 DK 116 (98.3) 2 (1.7) 882 1000 118 ES 63 (98.4) 1 (1.6) 936 1000 64 FI 67 (97.1) 2 (2.9) 942 1011 69 FR 87 (95.6) 4 (4.4) 960 1051 91 GB-GBN 98 (96.1) 4 (3.9) 903 1005 102 GB-NIR 27 (93.1) 2 (6.9) 281 310 29 GR 85 (97.7) 2 (2.3) 913 1000 87 IE 64 (95.5) 3 (4.5) 934 1001 67 IT 80 (98.8) 1 (1.2) 919 1000 81 LU 60 (98.4) 1 (1.6) 545 606 61 NL 56 (93.3) 4 (6.7) 962 1022 60 PT 48 (98.0) 1 (2.0) 951 1000 49 SE 82 (100.0) 918 1000 82 N Sum 1211 46 14866 16123 N Valid Sum 1211 46 1257 printed 25.01.2012 page 78 Eurobarometer 60.0 - September 2003,isocntry M AT 77 (93.9) 5 (6.1) 949 1031 82 BE 66 (94.3) 4 (5.7) 960 1030 70 DE-E 59 (93.7) 4 (6.3) 951 1014 63 DE-W 76 (92.7) 6 (7.3) 960 1042 82 DK 116 (98.3) 2 (1.7) 882 1000 118 ES 63 (98.4) 1 (1.6) 936 1000 64 FI 67 (97.1) 2 (2.9) 942 1011 69 FR 87 (95.6) 4 (4.4) 960 1051 91 GB-GBN 98 (96.1) 4 (3.9) 903 1005 102 GB-NIR 27 (93.1) 2 (6.9) 281 310 29 GR 85 (97.7) 2 (2.3) 913 1000 87 IE 64 (95.5) 3 (4.5) 934 1001 67 IT 80 (98.8) 1 (1.2) 919 1000 81 LU 60 (98.4) 1 (1.6) 545 606 61 NL 56 (93.3) 4 (6.7) 962 1022 60 PT 48 (98.0) 1 (2.0) 951 1000 49 SE 82 (100.0) 918 1000 82 N Sum 1211 46 14866 16123 N Valid Sum 1211 46 1257 printed 25.01.2012 page 78 Eurobarometer 60.0 - September 2003,GESIS Variable Report,104,ZA3937
v74,v74 0 1 9 N Sum N Valid Sum,Q9 DISPUTE W SALESMAN: SOLIC/ARCHIT,isocntry M AT 81 (98.8) 1 (1.2) 949 1031 82 BE 67 (95.7) 3 (4.3) 960 1030 70 DE-E 58 (92.1) 5 (7.9) 951 1014 63 DE-W 81 (97.6) 2 (2.4) 960 1043 83 DK 114 (96.6) 4 (3.4) 882 1000 118 ES 63 (98.4) 1 (1.6) 936 1000 64 FI 69 (100.0) 942 1011 69 FR 89 (97.8) 2 (2.2) 960 1051 91 GB-GBN 99 (98.0) 2 (2.0) 903 1004 101 GB-NIR 29 (100.0) 281 310 29 GR 87 (100.0) 913 1000 87 IE 67 (100.0) 934 1001 67 IT 79 (97.5) 2 (2.5) 919 1000 81 LU 61 (100.0) 545 606 61 NL 61 (100.0) 962 1023 61 PT 46 (93.9) 3 (6.1) 951 1000 49 SE 80 (97.6) 2 (2.4) 918 1000 82 N Sum 1231 27 14866 16124 N Valid Sum 1231 27 1258 printed 25.01.2012 page 79 Eurobarometer 60.0 - September 2003,isocntry M AT 81 (98.8) 1 (1.2) 949 1031 82 BE 67 (95.7) 3 (4.3) 960 1030 70 DE-E 58 (92.1) 5 (7.9) 951 1014 63 DE-W 81 (97.6) 2 (2.4) 960 1043 83 DK 114 (96.6) 4 (3.4) 882 1000 118 ES 63 (98.4) 1 (1.6) 936 1000 64 FI 69 (100.0) 942 1011 69 FR 89 (97.8) 2 (2.2) 960 1051 91 GB-GBN 99 (98.0) 2 (2.0) 903 1004 101 GB-NIR 29 (100.0) 281 310 29 GR 87 (100.0) 913 1000 87 IE 67 (100.0) 934 1001 67 IT 79 (97.5) 2 (2.5) 919 1000 81 LU 61 (100.0) 545 606 61 NL 61 (100.0) 962 1023 61 PT 46 (93.9) 3 (6.1) 951 1000 49 SE 80 (97.6) 2 (2.4) 918 1000 82 N Sum 1231 27 14866 16124 N Valid Sum 1231 27 1258 printed 25.01.2012 page 79 Eurobarometer 60.0 - September 2003,GESIS Variable Report,105,ZA3937
v75,v75 0 1 9 N Sum N Valid Sum,Q9 DISPUTE W SALESMAN: POST/COURIER,isocntry M AT 77 (95.1) 4 (4.9) 949 1030 81 BE 67 (95.7) 3 (4.3) 960 1030 70 DE-E 61 (96.8) 2 (3.2) 951 1014 63 DE-W 80 (96.4) 3 (3.6) 960 1043 83 DK 117 (99.2) 1 (0.8) 882 1000 118 ES 63 (96.9) 2 (3.1) 936 1001 65 FI 65 (95.6) 3 (4.4) 942 1010 68 FR 89 (97.8) 2 (2.2) 960 1051 91 GB-GBN 99 (98.0) 2 (2.0) 903 1004 101 GB-NIR 29 (100.0) 281 310 29 GR 84 (96.6) 3 (3.4) 913 1000 87 IE 67 (100.0) 934 1001 67 IT 76 (93.8) 5 (6.2) 919 1000 81 LU 60 (98.4) 1 (1.6) 545 606 61 NL 61 (100.0) 962 1023 61 PT 49 (100.0) 951 1000 49 SE 81 (97.6) 2 (2.4) 918 1001 83 N Sum 1225 33 14866 16124 N Valid Sum 1225 33 1258 printed 25.01.2012 page 80 Eurobarometer 60.0 - September 2003,isocntry M AT 77 (95.1) 4 (4.9) 949 1030 81 BE 67 (95.7) 3 (4.3) 960 1030 70 DE-E 61 (96.8) 2 (3.2) 951 1014 63 DE-W 80 (96.4) 3 (3.6) 960 1043 83 DK 117 (99.2) 1 (0.8) 882 1000 118 ES 63 (96.9) 2 (3.1) 936 1001 65 FI 65 (95.6) 3 (4.4) 942 1010 68 FR 89 (97.8) 2 (2.2) 960 1051 91 GB-GBN 99 (98.0) 2 (2.0) 903 1004 101 GB-NIR 29 (100.0) 281 310 29 GR 84 (96.6) 3 (3.4) 913 1000 87 IE 67 (100.0) 934 1001 67 IT 76 (93.8) 5 (6.2) 919 1000 81 LU 60 (98.4) 1 (1.6) 545 606 61 NL 61 (100.0) 962 1023 61 PT 49 (100.0) 951 1000 49 SE 81 (97.6) 2 (2.4) 918 1001 83 N Sum 1225 33 14866 16124 N Valid Sum 1225 33 1258 printed 25.01.2012 page 80 Eurobarometer 60.0 - September 2003,GESIS Variable Report,106,ZA3937
v76,v76 0 1 9 N Sum N Valid Sum,Q9 DISPUTE W SALESMAN: TRAVEL,isocntry M AT 78 (95.1) 4 (4.9) 949 1031 82 BE 67 (97.1) 2 (2.9) 960 1029 69 DE-E 59 (93.7) 4 (6.3) 951 1014 63 DE-W 80 (96.4) 3 (3.6) 960 1043 83 DK 116 (98.3) 2 (1.7) 882 1000 118 ES 63 (98.4) 1 (1.6) 936 1000 64 FI 67 (97.1) 2 (2.9) 942 1011 69 FR 90 (98.9) 1 (1.1) 960 1051 91 GB-GBN 99 (98.0) 2 (2.0) 903 1004 101 GB-NIR 29 (100.0) 281 310 29 GR 84 (96.6) 3 (3.4) 913 1000 87 IE 64 (95.5) 3 (4.5) 934 1001 67 IT 77 (95.1) 4 (4.9) 919 1000 81 LU 59 (96.7) 2 (3.3) 545 606 61 NL 61 (100.0) 962 1023 61 PT 47 (95.9) 2 (4.1) 951 1000 49 SE 79 (96.3) 3 (3.7) 918 1000 82 N Sum 1219 38 14866 16123 N Valid Sum 1219 38 1257 printed 25.01.2012 page 81 Eurobarometer 60.0 - September 2003,isocntry M AT 78 (95.1) 4 (4.9) 949 1031 82 BE 67 (97.1) 2 (2.9) 960 1029 69 DE-E 59 (93.7) 4 (6.3) 951 1014 63 DE-W 80 (96.4) 3 (3.6) 960 1043 83 DK 116 (98.3) 2 (1.7) 882 1000 118 ES 63 (98.4) 1 (1.6) 936 1000 64 FI 67 (97.1) 2 (2.9) 942 1011 69 FR 90 (98.9) 1 (1.1) 960 1051 91 GB-GBN 99 (98.0) 2 (2.0) 903 1004 101 GB-NIR 29 (100.0) 281 310 29 GR 84 (96.6) 3 (3.4) 913 1000 87 IE 64 (95.5) 3 (4.5) 934 1001 67 IT 77 (95.1) 4 (4.9) 919 1000 81 LU 59 (96.7) 2 (3.3) 545 606 61 NL 61 (100.0) 962 1023 61 PT 47 (95.9) 2 (4.1) 951 1000 49 SE 79 (96.3) 3 (3.7) 918 1000 82 N Sum 1219 38 14866 16123 N Valid Sum 1219 38 1257 printed 25.01.2012 page 81 Eurobarometer 60.0 - September 2003,GESIS Variable Report,107,ZA3937
v77,v77 0 1 9 N Sum N Valid Sum,Q9 DISPUTE W SALESMAN: WATER/GAS/ELECTR,isocntry M AT 78 (95.1) 4 (4.9) 949 1031 82 BE 65 (94.2) 4 (5.8) 960 1029 69 DE-E 60 (95.2) 3 (4.8) 951 1014 63 DE-W 78 (95.1) 4 (4.9) 960 1042 82 DK 114 (96.6) 4 (3.4) 882 1000 118 ES 62 (96.9) 2 (3.1) 936 1000 64 FI 69 (100.0) 942 1011 69 FR 87 (95.6) 4 (4.4) 960 1051 91 GB-GBN 95 (94.1) 6 (5.9) 903 1004 101 GB-NIR 27 (93.1) 2 (6.9) 281 310 29 GR 76 (87.4) 11 (12.6) 913 1000 87 IE 67 (100.0) 934 1001 67 IT 77 (95.1) 4 (4.9) 919 1000 81 LU 59 (96.7) 2 (3.3) 545 606 61 NL 61 (100.0) 962 1023 61 PT 44 (89.8) 5 (10.2) 951 1000 49 SE 78 (95.1) 4 (4.9) 918 1000 82 N Sum 1197 59 14866 16122 N Valid Sum 1197 59 1256 printed 25.01.2012 page 82 Eurobarometer 60.0 - September 2003,isocntry M AT 78 (95.1) 4 (4.9) 949 1031 82 BE 65 (94.2) 4 (5.8) 960 1029 69 DE-E 60 (95.2) 3 (4.8) 951 1014 63 DE-W 78 (95.1) 4 (4.9) 960 1042 82 DK 114 (96.6) 4 (3.4) 882 1000 118 ES 62 (96.9) 2 (3.1) 936 1000 64 FI 69 (100.0) 942 1011 69 FR 87 (95.6) 4 (4.4) 960 1051 91 GB-GBN 95 (94.1) 6 (5.9) 903 1004 101 GB-NIR 27 (93.1) 2 (6.9) 281 310 29 GR 76 (87.4) 11 (12.6) 913 1000 87 IE 67 (100.0) 934 1001 67 IT 77 (95.1) 4 (4.9) 919 1000 81 LU 59 (96.7) 2 (3.3) 545 606 61 NL 61 (100.0) 962 1023 61 PT 44 (89.8) 5 (10.2) 951 1000 49 SE 78 (95.1) 4 (4.9) 918 1000 82 N Sum 1197 59 14866 16122 N Valid Sum 1197 59 1256 printed 25.01.2012 page 82 Eurobarometer 60.0 - September 2003,GESIS Variable Report,108,ZA3937
v78,v78 0 1 9 N Sum N Valid Sum,Q9 DISPUTE W SALESMAN: OTHER PRODUCTS,isocntry M AT 74 (91.4) 7 (8.6) 949 1030 81 BE 50 (72.5) 19 (27.5) 960 1029 69 DE-E 51 (81.0) 12 (19.0) 951 1014 63 DE-W 66 (80.5) 16 (19.5) 960 1042 82 DK 102 (86.4) 16 (13.6) 882 1000 118 ES 56 (87.5) 8 (12.5) 936 1000 64 FI 57 (82.6) 12 (17.4) 942 1011 69 FR 75 (82.4) 16 (17.6) 960 1051 91 GB-GBN 85 (84.2) 16 (15.8) 903 1004 101 GB-NIR 21 (72.4) 8 (27.6) 281 310 29 GR 57 (65.5) 30 (34.5) 913 1000 87 IE 58 (86.6) 9 (13.4) 934 1001 67 IT 70 (86.4) 11 (13.6) 919 1000 81 LU 51 (85.0) 9 (15.0) 545 605 60 NL 47 (77.0) 14 (23.0) 962 1023 61 PT 41 (83.7) 8 (16.3) 951 1000 49 SE 73 (88.0) 10 (12.0) 918 1001 83 N Sum 1034 221 14866 16121 N Valid Sum 1034 221 1255 printed 25.01.2012 page 83 Eurobarometer 60.0 - September 2003,isocntry M AT 74 (91.4) 7 (8.6) 949 1030 81 BE 50 (72.5) 19 (27.5) 960 1029 69 DE-E 51 (81.0) 12 (19.0) 951 1014 63 DE-W 66 (80.5) 16 (19.5) 960 1042 82 DK 102 (86.4) 16 (13.6) 882 1000 118 ES 56 (87.5) 8 (12.5) 936 1000 64 FI 57 (82.6) 12 (17.4) 942 1011 69 FR 75 (82.4) 16 (17.6) 960 1051 91 GB-GBN 85 (84.2) 16 (15.8) 903 1004 101 GB-NIR 21 (72.4) 8 (27.6) 281 310 29 GR 57 (65.5) 30 (34.5) 913 1000 87 IE 58 (86.6) 9 (13.4) 934 1001 67 IT 70 (86.4) 11 (13.6) 919 1000 81 LU 51 (85.0) 9 (15.0) 545 605 60 NL 47 (77.0) 14 (23.0) 962 1023 61 PT 41 (83.7) 8 (16.3) 951 1000 49 SE 73 (88.0) 10 (12.0) 918 1001 83 N Sum 1034 221 14866 16121 N Valid Sum 1034 221 1255 printed 25.01.2012 page 83 Eurobarometer 60.0 - September 2003,GESIS Variable Report,109,ZA3937
v79,v79 0 1 9 N Sum N Valid Sum,Q9 DISPUTE W SALESMAN: DK,isocntry M AT 81 (98.8) 1 (1.2) 949 1031 82 BE 66 (94.3) 4 (5.7) 960 1030 70 DE-E 63 (100.0) 951 1014 63 DE-W 76 (92.7) 6 (7.3) 960 1042 82 DK 118 (100.0) 882 1000 118 ES 63 (98.4) 1 (1.6) 936 1000 64 FI 69 (100.0) 942 1011 69 FR 90 (98.9) 1 (1.1) 960 1051 91 GB-GBN 101 (99.0) 1 (1.0) 903 1005 102 GB-NIR 29 (100.0) 281 310 29 GR 87 (100.0) 913 1000 87 IE 60 (89.6) 7 (10.4) 934 1001 67 IT 81 (100.0) 919 1000 81 LU 58 (96.7) 2 (3.3) 545 605 60 NL 61 (100.0) 962 1023 61 PT 49 (100.0) 951 1000 49 SE 81 (98.8) 1 (1.2) 918 1000 82 N Sum 1233 24 14866 16123 N Valid Sum 1233 24 1257 printed 25.01.2012 page 84 Eurobarometer 60.0 - September 2003,isocntry M AT 81 (98.8) 1 (1.2) 949 1031 82 BE 66 (94.3) 4 (5.7) 960 1030 70 DE-E 63 (100.0) 951 1014 63 DE-W 76 (92.7) 6 (7.3) 960 1042 82 DK 118 (100.0) 882 1000 118 ES 63 (98.4) 1 (1.6) 936 1000 64 FI 69 (100.0) 942 1011 69 FR 90 (98.9) 1 (1.1) 960 1051 91 GB-GBN 101 (99.0) 1 (1.0) 903 1005 102 GB-NIR 29 (100.0) 281 310 29 GR 87 (100.0) 913 1000 87 IE 60 (89.6) 7 (10.4) 934 1001 67 IT 81 (100.0) 919 1000 81 LU 58 (96.7) 2 (3.3) 545 605 60 NL 61 (100.0) 962 1023 61 PT 49 (100.0) 951 1000 49 SE 81 (98.8) 1 (1.2) 918 1000 82 N Sum 1233 24 14866 16123 N Valid Sum 1233 24 1257 printed 25.01.2012 page 84 Eurobarometer 60.0 - September 2003,GESIS Variable Report,110,ZA3937
v80,v80 0 1 9 N Sum N Valid Sum,Q10 DISPUTE W SALESM REACT: NOTHING,isocntry M AT 61 (74.4) 21 (25.6) 949 1031 82 BE 45 (64.3) 25 (35.7) 960 1030 70 DE-E 45 (72.6) 17 (27.4) 951 1013 62 DE-W 68 (82.9) 14 (17.1) 960 1042 82 DK 90 (76.3) 28 (23.7) 882 1000 118 ES 33 (51.6) 31 (48.4) 936 1000 64 FI 51 (73.9) 18 (26.1) 942 1011 69 FR 49 (53.8) 42 (46.2) 960 1051 91 GB-GBN 69 (68.3) 32 (31.7) 903 1004 101 GB-NIR 21 (72.4) 8 (27.6) 281 310 29 GR 37 (42.5) 50 (57.5) 913 1000 87 IE 47 (71.2) 19 (28.8) 934 1000 66 IT 43 (53.8) 37 (46.3) 919 999 80 LU 45 (73.8) 16 (26.2) 545 606 61 NL 26 (43.3) 34 (56.7) 962 1022 60 PT 28 (57.1) 21 (42.9) 951 1000 49 SE 52 (62.7) 31 (37.3) 918 1001 83 N Sum 810 444 14866 16120 N Valid Sum 810 444 1254 printed 25.01.2012 page 85 Eurobarometer 60.0 - September 2003,isocntry M AT 61 (74.4) 21 (25.6) 949 1031 82 BE 45 (64.3) 25 (35.7) 960 1030 70 DE-E 45 (72.6) 17 (27.4) 951 1013 62 DE-W 68 (82.9) 14 (17.1) 960 1042 82 DK 90 (76.3) 28 (23.7) 882 1000 118 ES 33 (51.6) 31 (48.4) 936 1000 64 FI 51 (73.9) 18 (26.1) 942 1011 69 FR 49 (53.8) 42 (46.2) 960 1051 91 GB-GBN 69 (68.3) 32 (31.7) 903 1004 101 GB-NIR 21 (72.4) 8 (27.6) 281 310 29 GR 37 (42.5) 50 (57.5) 913 1000 87 IE 47 (71.2) 19 (28.8) 934 1000 66 IT 43 (53.8) 37 (46.3) 919 999 80 LU 45 (73.8) 16 (26.2) 545 606 61 NL 26 (43.3) 34 (56.7) 962 1022 60 PT 28 (57.1) 21 (42.9) 951 1000 49 SE 52 (62.7) 31 (37.3) 918 1001 83 N Sum 810 444 14866 16120 N Valid Sum 810 444 1254 printed 25.01.2012 page 85 Eurobarometer 60.0 - September 2003,GESIS Variable Report,111,ZA3937
v81,v81 0 1 9 N Sum N Valid Sum,Q10 DISPUTE W SALESM REACT: SOLICITOR/COURT,isocntry M AT 63 (76.8) 19 (23.2) 949 1031 82 BE 64 (91.4) 6 (8.6) 960 1030 70 DE-E 54 (85.7) 9 (14.3) 951 1014 63 DE-W 57 (68.7) 26 (31.3) 960 1043 83 DK 108 (91.5) 10 (8.5) 882 1000 118 ES 59 (92.2) 5 (7.8) 936 1000 64 FI 65 (94.2) 4 (5.8) 942 1011 69 FR 77 (84.6) 14 (15.4) 960 1051 91 GB-GBN 94 (93.1) 7 (6.9) 903 1004 101 GB-NIR 26 (89.7) 3 (10.3) 281 310 29 GR 79 (90.8) 8 (9.2) 913 1000 87 IE 61 (91.0) 6 (9.0) 934 1001 67 IT 72 (88.9) 9 (11.1) 919 1000 81 LU 56 (91.8) 5 (8.2) 545 606 61 NL 60 (98.4) 1 (1.6) 962 1023 61 PT 44 (89.8) 5 (10.2) 951 1000 49 SE 79 (95.2) 4 (4.8) 918 1001 83 N Sum 1118 141 14866 16125 N Valid Sum 1118 141 1259 printed 25.01.2012 page 86 Eurobarometer 60.0 - September 2003,isocntry M AT 63 (76.8) 19 (23.2) 949 1031 82 BE 64 (91.4) 6 (8.6) 960 1030 70 DE-E 54 (85.7) 9 (14.3) 951 1014 63 DE-W 57 (68.7) 26 (31.3) 960 1043 83 DK 108 (91.5) 10 (8.5) 882 1000 118 ES 59 (92.2) 5 (7.8) 936 1000 64 FI 65 (94.2) 4 (5.8) 942 1011 69 FR 77 (84.6) 14 (15.4) 960 1051 91 GB-GBN 94 (93.1) 7 (6.9) 903 1004 101 GB-NIR 26 (89.7) 3 (10.3) 281 310 29 GR 79 (90.8) 8 (9.2) 913 1000 87 IE 61 (91.0) 6 (9.0) 934 1001 67 IT 72 (88.9) 9 (11.1) 919 1000 81 LU 56 (91.8) 5 (8.2) 545 606 61 NL 60 (98.4) 1 (1.6) 962 1023 61 PT 44 (89.8) 5 (10.2) 951 1000 49 SE 79 (95.2) 4 (4.8) 918 1001 83 N Sum 1118 141 14866 16125 N Valid Sum 1118 141 1259 printed 25.01.2012 page 86 Eurobarometer 60.0 - September 2003,GESIS Variable Report,112,ZA3937
v82,v82 0 1 9 N Sum N Valid Sum,Q10 DISPUTE W SALESM REACT: COURT,isocntry M AT 76 (92.7) 6 (7.3) 949 1031 82 BE 68 (98.6) 1 (1.4) 960 1029 69 DE-E 63 (100.0) 951 1014 63 DE-W 82 (98.8) 1 (1.2) 960 1043 83 DK 118 (100.0) 882 1000 118 ES 64 (100.0) 936 1000 64 FI 67 (98.5) 1 (1.5) 942 1010 68 FR 87 (95.6) 4 (4.4) 960 1051 91 GB-GBN 96 (95.0) 5 (5.0) 903 1004 101 GB-NIR 26 (89.7) 3 (10.3) 281 310 29 GR 86 (98.9) 1 (1.1) 913 1000 87 IE 65 (97.0) 2 (3.0) 934 1001 67 IT 78 (97.5) 2 (2.5) 919 999 80 LU 58 (96.7) 2 (3.3) 545 605 60 NL 58 (96.7) 2 (3.3) 962 1022 60 PT 47 (95.9) 2 (4.1) 951 1000 49 SE 81 (98.8) 1 (1.2) 918 1000 82 N Sum 1220 33 14866 16119 N Valid Sum 1220 33 1253 printed 25.01.2012 page 87 Eurobarometer 60.0 - September 2003,isocntry M AT 76 (92.7) 6 (7.3) 949 1031 82 BE 68 (98.6) 1 (1.4) 960 1029 69 DE-E 63 (100.0) 951 1014 63 DE-W 82 (98.8) 1 (1.2) 960 1043 83 DK 118 (100.0) 882 1000 118 ES 64 (100.0) 936 1000 64 FI 67 (98.5) 1 (1.5) 942 1010 68 FR 87 (95.6) 4 (4.4) 960 1051 91 GB-GBN 96 (95.0) 5 (5.0) 903 1004 101 GB-NIR 26 (89.7) 3 (10.3) 281 310 29 GR 86 (98.9) 1 (1.1) 913 1000 87 IE 65 (97.0) 2 (3.0) 934 1001 67 IT 78 (97.5) 2 (2.5) 919 999 80 LU 58 (96.7) 2 (3.3) 545 605 60 NL 58 (96.7) 2 (3.3) 962 1022 60 PT 47 (95.9) 2 (4.1) 951 1000 49 SE 81 (98.8) 1 (1.2) 918 1000 82 N Sum 1220 33 14866 16119 N Valid Sum 1220 33 1253 printed 25.01.2012 page 87 Eurobarometer 60.0 - September 2003,GESIS Variable Report,113,ZA3937
v83,v83 0 1 9 N Sum N Valid Sum,Q10 DISPUTE W SALESM REACT: ARBITRATION,isocntry M AT 77 (93.9) 5 (6.1) 949 1031 82 BE 66 (94.3) 4 (5.7) 960 1030 70 DE-E 62 (98.4) 1 (1.6) 951 1014 63 DE-W 83 (100.0) 960 1043 83 DK 107 (90.7) 11 (9.3) 882 1000 118 ES 60 (93.8) 4 (6.3) 936 1000 64 FI 55 (79.7) 14 (20.3) 942 1011 69 FR 87 (95.6) 4 (4.4) 960 1051 91 GB-GBN 96 (95.0) 5 (5.0) 903 1004 101 GB-NIR 28 (96.6) 1 (3.4) 281 310 29 GR 86 (98.9) 1 (1.1) 913 1000 87 IE 64 (95.5) 3 (4.5) 934 1001 67 IT 78 (96.3) 3 (3.7) 919 1000 81 LU 58 (95.1) 3 (4.9) 545 606 61 NL 57 (95.0) 3 (5.0) 962 1022 60 PT 46 (93.9) 3 (6.1) 951 1000 49 SE 74 (90.2) 8 (9.8) 918 1000 82 N Sum 1184 73 14866 16123 N Valid Sum 1184 73 1257 printed 25.01.2012 page 88 Eurobarometer 60.0 - September 2003,isocntry M AT 77 (93.9) 5 (6.1) 949 1031 82 BE 66 (94.3) 4 (5.7) 960 1030 70 DE-E 62 (98.4) 1 (1.6) 951 1014 63 DE-W 83 (100.0) 960 1043 83 DK 107 (90.7) 11 (9.3) 882 1000 118 ES 60 (93.8) 4 (6.3) 936 1000 64 FI 55 (79.7) 14 (20.3) 942 1011 69 FR 87 (95.6) 4 (4.4) 960 1051 91 GB-GBN 96 (95.0) 5 (5.0) 903 1004 101 GB-NIR 28 (96.6) 1 (3.4) 281 310 29 GR 86 (98.9) 1 (1.1) 913 1000 87 IE 64 (95.5) 3 (4.5) 934 1001 67 IT 78 (96.3) 3 (3.7) 919 1000 81 LU 58 (95.1) 3 (4.9) 545 606 61 NL 57 (95.0) 3 (5.0) 962 1022 60 PT 46 (93.9) 3 (6.1) 951 1000 49 SE 74 (90.2) 8 (9.8) 918 1000 82 N Sum 1184 73 14866 16123 N Valid Sum 1184 73 1257 printed 25.01.2012 page 88 Eurobarometer 60.0 - September 2003,GESIS Variable Report,114,ZA3937
v84,v84 0 1 9 N Sum N Valid Sum,Q10 DISPUTE W SALESM REACT: CONS ORG/COURT,isocntry M AT 73 (89.0) 9 (11.0) 949 1031 82 BE 68 (97.1) 2 (2.9) 960 1030 70 DE-E 61 (96.8) 2 (3.2) 951 1014 63 DE-W 80 (96.4) 3 (3.6) 960 1043 83 DK 107 (90.7) 11 (9.3) 882 1000 118 ES 61 (95.3) 3 (4.7) 936 1000 64 FI 68 (98.6) 1 (1.4) 942 1011 69 FR 87 (95.6) 4 (4.4) 960 1051 91 GB-GBN 95 (94.1) 6 (5.9) 903 1004 101 GB-NIR 26 (89.7) 3 (10.3) 281 310 29 GR 87 (100.0) 913 1000 87 IE 64 (95.5) 3 (4.5) 934 1001 67 IT 78 (96.3) 3 (3.7) 919 1000 81 LU 53 (86.9) 8 (13.1) 545 606 61 NL 59 (96.7) 2 (3.3) 962 1023 61 PT 45 (93.8) 3 (6.3) 951 999 48 SE 80 (97.6) 2 (2.4) 918 1000 82 N Sum 1192 65 14866 16123 N Valid Sum 1192 65 1257 printed 25.01.2012 page 89 Eurobarometer 60.0 - September 2003,isocntry M AT 73 (89.0) 9 (11.0) 949 1031 82 BE 68 (97.1) 2 (2.9) 960 1030 70 DE-E 61 (96.8) 2 (3.2) 951 1014 63 DE-W 80 (96.4) 3 (3.6) 960 1043 83 DK 107 (90.7) 11 (9.3) 882 1000 118 ES 61 (95.3) 3 (4.7) 936 1000 64 FI 68 (98.6) 1 (1.4) 942 1011 69 FR 87 (95.6) 4 (4.4) 960 1051 91 GB-GBN 95 (94.1) 6 (5.9) 903 1004 101 GB-NIR 26 (89.7) 3 (10.3) 281 310 29 GR 87 (100.0) 913 1000 87 IE 64 (95.5) 3 (4.5) 934 1001 67 IT 78 (96.3) 3 (3.7) 919 1000 81 LU 53 (86.9) 8 (13.1) 545 606 61 NL 59 (96.7) 2 (3.3) 962 1023 61 PT 45 (93.8) 3 (6.3) 951 999 48 SE 80 (97.6) 2 (2.4) 918 1000 82 N Sum 1192 65 14866 16123 N Valid Sum 1192 65 1257 printed 25.01.2012 page 89 Eurobarometer 60.0 - September 2003,GESIS Variable Report,115,ZA3937
v85,,Q10 DISPUTE W SALESM REACT: CONS ORG/ARBITR,,Q10 DISPUTE W SALESM REACT: CONS ORG/ARBITR,GESIS Variable Report,116,ZA3937
v86,v86 0 1 9 N Sum N Valid Sum,Q10 DISPUTE W SALESM REACT: SOLICITOR,isocntry M AT 79 (96.3) 3 (3.7) 949 1031 82 BE 66 (94.3) 4 (5.7) 960 1030 70 DE-E 50 (79.4) 13 (20.6) 951 1014 63 DE-W 67 (81.7) 15 (18.3) 960 1042 82 DK 108 (91.5) 10 (8.5) 882 1000 118 ES 51 (79.7) 13 (20.3) 936 1000 64 FI 59 (86.8) 9 (13.2) 942 1010 68 FR 83 (90.2) 9 (9.8) 960 1052 92 GB-GBN 91 (89.2) 11 (10.8) 903 1005 102 GB-NIR 28 (96.6) 1 (3.4) 281 310 29 GR 78 (89.7) 9 (10.3) 913 1000 87 IE 60 (90.9) 6 (9.1) 934 1000 66 IT 68 (84.0) 13 (16.0) 919 1000 81 LU 54 (88.5) 7 (11.5) 545 606 61 NL 58 (95.1) 3 (4.9) 962 1023 61 PT 43 (87.8) 6 (12.2) 951 1000 49 SE 77 (92.8) 6 (7.2) 918 1001 83 N Sum 1120 138 14866 16124 N Valid Sum 1120 138 1258 printed 25.01.2012 page 91 Eurobarometer 60.0 - September 2003,isocntry M AT 79 (96.3) 3 (3.7) 949 1031 82 BE 66 (94.3) 4 (5.7) 960 1030 70 DE-E 50 (79.4) 13 (20.6) 951 1014 63 DE-W 67 (81.7) 15 (18.3) 960 1042 82 DK 108 (91.5) 10 (8.5) 882 1000 118 ES 51 (79.7) 13 (20.3) 936 1000 64 FI 59 (86.8) 9 (13.2) 942 1010 68 FR 83 (90.2) 9 (9.8) 960 1052 92 GB-GBN 91 (89.2) 11 (10.8) 903 1005 102 GB-NIR 28 (96.6) 1 (3.4) 281 310 29 GR 78 (89.7) 9 (10.3) 913 1000 87 IE 60 (90.9) 6 (9.1) 934 1000 66 IT 68 (84.0) 13 (16.0) 919 1000 81 LU 54 (88.5) 7 (11.5) 545 606 61 NL 58 (95.1) 3 (4.9) 962 1023 61 PT 43 (87.8) 6 (12.2) 951 1000 49 SE 77 (92.8) 6 (7.2) 918 1001 83 N Sum 1120 138 14866 16124 N Valid Sum 1120 138 1258 printed 25.01.2012 page 91 Eurobarometer 60.0 - September 2003,GESIS Variable Report,117,ZA3937
v87,v87 0 1 9 N Sum N Valid Sum,Q10 DISPUTE W SALESM REACT: OTHER,isocntry M AT 69 (84.1) 13 (15.9) 949 1031 82 BE 54 (77.1) 16 (22.9) 960 1030 70 DE-E 53 (85.5) 9 (14.5) 951 1013 62 DE-W 73 (88.0) 10 (12.0) 960 1043 83 DK 75 (63.6) 43 (36.4) 882 1000 118 ES 59 (92.2) 5 (7.8) 936 1000 64 FI 55 (80.9) 13 (19.1) 942 1010 68 FR 81 (89.0) 10 (11.0) 960 1051 91 GB-GBN 72 (71.3) 29 (28.7) 903 1004 101 GB-NIR 21 (72.4) 8 (27.6) 281 310 29 GR 69 (79.3) 18 (20.7) 913 1000 87 IE 58 (86.6) 9 (13.4) 934 1001 67 IT 67 (82.7) 14 (17.3) 919 1000 81 LU 50 (82.0) 11 (18.0) 545 606 61 NL 50 (82.0) 11 (18.0) 962 1023 61 PT 40 (81.6) 9 (18.4) 951 1000 49 SE 68 (82.9) 14 (17.1) 918 1000 82 N Sum 1014 242 14866 16122 N Valid Sum 1014 242 1256 printed 25.01.2012 page 92 Eurobarometer 60.0 - September 2003,isocntry M AT 69 (84.1) 13 (15.9) 949 1031 82 BE 54 (77.1) 16 (22.9) 960 1030 70 DE-E 53 (85.5) 9 (14.5) 951 1013 62 DE-W 73 (88.0) 10 (12.0) 960 1043 83 DK 75 (63.6) 43 (36.4) 882 1000 118 ES 59 (92.2) 5 (7.8) 936 1000 64 FI 55 (80.9) 13 (19.1) 942 1010 68 FR 81 (89.0) 10 (11.0) 960 1051 91 GB-GBN 72 (71.3) 29 (28.7) 903 1004 101 GB-NIR 21 (72.4) 8 (27.6) 281 310 29 GR 69 (79.3) 18 (20.7) 913 1000 87 IE 58 (86.6) 9 (13.4) 934 1001 67 IT 67 (82.7) 14 (17.3) 919 1000 81 LU 50 (82.0) 11 (18.0) 545 606 61 NL 50 (82.0) 11 (18.0) 962 1023 61 PT 40 (81.6) 9 (18.4) 951 1000 49 SE 68 (82.9) 14 (17.1) 918 1000 82 N Sum 1014 242 14866 16122 N Valid Sum 1014 242 1256 printed 25.01.2012 page 92 Eurobarometer 60.0 - September 2003,GESIS Variable Report,118,ZA3937
v88,v88 0 1 9 N Sum N Valid Sum,Q10 DISPUTE W SALESM REACT: DK,isocntry M AT 77 (93.9) 5 (6.1) 949 1031 82 BE 60 (85.7) 10 (14.3) 960 1030 70 DE-E 52 (83.9) 10 (16.1) 951 1013 62 DE-W 69 (83.1) 14 (16.9) 960 1043 83 DK 112 (94.9) 6 (5.1) 882 1000 118 ES 63 (98.4) 1 (1.6) 936 1000 64 FI 62 (91.2) 6 (8.8) 942 1010 68 FR 86 (94.5) 5 (5.5) 960 1051 91 GB-GBN 97 (96.0) 4 (4.0) 903 1004 101 GB-NIR 28 (96.6) 1 (3.4) 281 310 29 GR 87 (100.0) 913 1000 87 IE 53 (79.1) 14 (20.9) 934 1001 67 IT 81 (100.0) 919 1000 81 LU 50 (82.0) 11 (18.0) 545 606 61 NL 61 (100.0) 962 1023 61 PT 45 (93.8) 3 (6.3) 951 999 48 SE 73 (89.0) 9 (11.0) 918 1000 82 N Sum 1156 99 14866 16121 N Valid Sum 1156 99 1255 printed 25.01.2012 page 93 Eurobarometer 60.0 - September 2003,isocntry M AT 77 (93.9) 5 (6.1) 949 1031 82 BE 60 (85.7) 10 (14.3) 960 1030 70 DE-E 52 (83.9) 10 (16.1) 951 1013 62 DE-W 69 (83.1) 14 (16.9) 960 1043 83 DK 112 (94.9) 6 (5.1) 882 1000 118 ES 63 (98.4) 1 (1.6) 936 1000 64 FI 62 (91.2) 6 (8.8) 942 1010 68 FR 86 (94.5) 5 (5.5) 960 1051 91 GB-GBN 97 (96.0) 4 (4.0) 903 1004 101 GB-NIR 28 (96.6) 1 (3.4) 281 310 29 GR 87 (100.0) 913 1000 87 IE 53 (79.1) 14 (20.9) 934 1001 67 IT 81 (100.0) 919 1000 81 LU 50 (82.0) 11 (18.0) 545 606 61 NL 61 (100.0) 962 1023 61 PT 45 (93.8) 3 (6.3) 951 999 48 SE 73 (89.0) 9 (11.0) 918 1000 82 N Sum 1156 99 14866 16121 N Valid Sum 1156 99 1255 printed 25.01.2012 page 93 Eurobarometer 60.0 - September 2003,GESIS Variable Report,119,ZA3937
v89,,Q11 CONSUMER DISPUTE MINIMUM AMOUNT F COURT,,Q11 CONSUMER DISPUTE MINIMUM AMOUNT F COURT,GESIS Variable Report,120,ZA3937
v90,v90 0 1 9 N Sum N Valid Sum,Q12A CONS DISPUTE COURT AMOUNT: EXPENSIVE,isocntry M AT 195 (34.3) 374 (65.7) 461 1030 569 BE 129 (21.3) 477 (78.7) 424 1030 606 DE-E 101 (17.6) 473 (82.4) 441 1015 574 DE-W 110 (19.3) 459 (80.7) 473 1042 569 DK 171 (23.1) 570 (76.9) 258 999 741 ES 132 (34.1) 255 (65.9) 613 1000 387 FI 180 (26.2) 508 (73.8) 324 1012 688 FR 170 (29.2) 413 (70.8) 468 1051 583 GB-GBN 130 (22.5) 447 (77.5) 427 1004 577 GB-NIR 43 (22.4) 149 (77.6) 118 310 192 GR 187 (34.8) 351 (65.2) 461 999 538 IE 148 (32.0) 315 (68.0) 538 1001 463 IT 171 (31.0) 381 (69.0) 448 1000 552 LU 89 (22.6) 305 (77.4) 212 606 394 NL 220 (33.0) 446 (67.0) 357 1023 666 PT 154 (33.6) 305 (66.4) 541 1000 459 SE 181 (26.7) 497 (73.3) 322 1000 678 N Sum 2511 6725 6886 16122 N Valid Sum 2511 6725 9236 printed 25.01.2012 page 96 Eurobarometer 60.0 - September 2003,isocntry M AT 195 (34.3) 374 (65.7) 461 1030 569 BE 129 (21.3) 477 (78.7) 424 1030 606 DE-E 101 (17.6) 473 (82.4) 441 1015 574 DE-W 110 (19.3) 459 (80.7) 473 1042 569 DK 171 (23.1) 570 (76.9) 258 999 741 ES 132 (34.1) 255 (65.9) 613 1000 387 FI 180 (26.2) 508 (73.8) 324 1012 688 FR 170 (29.2) 413 (70.8) 468 1051 583 GB-GBN 130 (22.5) 447 (77.5) 427 1004 577 GB-NIR 43 (22.4) 149 (77.6) 118 310 192 GR 187 (34.8) 351 (65.2) 461 999 538 IE 148 (32.0) 315 (68.0) 538 1001 463 IT 171 (31.0) 381 (69.0) 448 1000 552 LU 89 (22.6) 305 (77.4) 212 606 394 NL 220 (33.0) 446 (67.0) 357 1023 666 PT 154 (33.6) 305 (66.4) 541 1000 459 SE 181 (26.7) 497 (73.3) 322 1000 678 N Sum 2511 6725 6886 16122 N Valid Sum 2511 6725 9236 printed 25.01.2012 page 96 Eurobarometer 60.0 - September 2003,GESIS Variable Report,122,ZA3937
v91,v91 0 1 9 N Sum N Valid Sum,Q12A CONS DISPUTE COURT AMOUNT: LONG,isocntry M AT 412 (72.3) 158 (27.7) 461 1031 570 BE 457 (75.4) 149 (24.6) 424 1030 606 DE-E 366 (63.9) 207 (36.1) 441 1014 573 DE-W 370 (65.0) 199 (35.0) 473 1042 569 DK 533 (71.8) 209 (28.2) 258 1000 742 ES 285 (73.6) 102 (26.4) 613 1000 387 FI 550 (79.9) 138 (20.1) 324 1012 688 FR 329 (56.4) 254 (43.6) 468 1051 583 GB-GBN 461 (79.9) 116 (20.1) 427 1004 577 GB-NIR 135 (70.3) 57 (29.7) 118 310 192 GR 313 (58.2) 225 (41.8) 461 999 538 IE 360 (77.9) 102 (22.1) 538 1000 462 IT 318 (57.7) 233 (42.3) 448 999 551 LU 262 (66.3) 133 (33.7) 212 607 395 NL 463 (69.5) 203 (30.5) 357 1023 666 PT 305 (66.4) 154 (33.6) 541 1000 459 SE 471 (69.6) 206 (30.4) 322 999 677 N Sum 6390 2845 6886 16121 N Valid Sum 6390 2845 9235 printed 25.01.2012 page 97 Eurobarometer 60.0 - September 2003,isocntry M AT 412 (72.3) 158 (27.7) 461 1031 570 BE 457 (75.4) 149 (24.6) 424 1030 606 DE-E 366 (63.9) 207 (36.1) 441 1014 573 DE-W 370 (65.0) 199 (35.0) 473 1042 569 DK 533 (71.8) 209 (28.2) 258 1000 742 ES 285 (73.6) 102 (26.4) 613 1000 387 FI 550 (79.9) 138 (20.1) 324 1012 688 FR 329 (56.4) 254 (43.6) 468 1051 583 GB-GBN 461 (79.9) 116 (20.1) 427 1004 577 GB-NIR 135 (70.3) 57 (29.7) 118 310 192 GR 313 (58.2) 225 (41.8) 461 999 538 IE 360 (77.9) 102 (22.1) 538 1000 462 IT 318 (57.7) 233 (42.3) 448 999 551 LU 262 (66.3) 133 (33.7) 212 607 395 NL 463 (69.5) 203 (30.5) 357 1023 666 PT 305 (66.4) 154 (33.6) 541 1000 459 SE 471 (69.6) 206 (30.4) 322 999 677 N Sum 6390 2845 6886 16121 N Valid Sum 6390 2845 9235 printed 25.01.2012 page 97 Eurobarometer 60.0 - September 2003,GESIS Variable Report,123,ZA3937
v92,v92 0 1 9 N Sum N Valid Sum,Q12A CONS DISPUTE COURT AMOUNT: COMPLICATED,isocntry M AT 421 (73.9) 149 (26.1) 461 1031 570 BE 508 (83.8) 98 (16.2) 424 1030 606 DE-E 432 (75.4) 141 (24.6) 441 1014 573 DE-W 443 (77.9) 126 (22.1) 473 1042 569 DK 599 (80.7) 143 (19.3) 258 1000 742 ES 295 (76.4) 91 (23.6) 613 999 386 FI 502 (73.1) 185 (26.9) 324 1011 687 FR 415 (71.2) 168 (28.8) 468 1051 583 GB-GBN 471 (81.8) 105 (18.2) 427 1003 576 GB-NIR 145 (75.9) 46 (24.1) 118 309 191 GR 384 (71.2) 155 (28.8) 461 1000 539 IE 403 (87.0) 60 (13.0) 538 1001 463 IT 430 (77.9) 122 (22.1) 448 1000 552 LU 298 (75.6) 96 (24.4) 212 606 394 NL 503 (75.5) 163 (24.5) 357 1023 666 PT 352 (76.7) 107 (23.3) 541 1000 459 SE 504 (74.3) 174 (25.7) 322 1000 678 N Sum 7105 2129 6886 16120 N Valid Sum 7105 2129 9234 printed 25.01.2012 page 98 Eurobarometer 60.0 - September 2003,isocntry M AT 421 (73.9) 149 (26.1) 461 1031 570 BE 508 (83.8) 98 (16.2) 424 1030 606 DE-E 432 (75.4) 141 (24.6) 441 1014 573 DE-W 443 (77.9) 126 (22.1) 473 1042 569 DK 599 (80.7) 143 (19.3) 258 1000 742 ES 295 (76.4) 91 (23.6) 613 999 386 FI 502 (73.1) 185 (26.9) 324 1011 687 FR 415 (71.2) 168 (28.8) 468 1051 583 GB-GBN 471 (81.8) 105 (18.2) 427 1003 576 GB-NIR 145 (75.9) 46 (24.1) 118 309 191 GR 384 (71.2) 155 (28.8) 461 1000 539 IE 403 (87.0) 60 (13.0) 538 1001 463 IT 430 (77.9) 122 (22.1) 448 1000 552 LU 298 (75.6) 96 (24.4) 212 606 394 NL 503 (75.5) 163 (24.5) 357 1023 666 PT 352 (76.7) 107 (23.3) 541 1000 459 SE 504 (74.3) 174 (25.7) 322 1000 678 N Sum 7105 2129 6886 16120 N Valid Sum 7105 2129 9234 printed 25.01.2012 page 98 Eurobarometer 60.0 - September 2003,GESIS Variable Report,124,ZA3937
v93,v93 0 1 9 N Sum N Valid Sum,Q12A CONS DISPUTE COURT AMOUNT: NO CONTACT,isocntry M AT 548 (96.1) 22 (3.9) 461 1031 570 BE 580 (95.7) 26 (4.3) 424 1030 606 DE-E 548 (95.5) 26 (4.5) 441 1015 574 DE-W 558 (98.1) 11 (1.9) 473 1042 569 DK 708 (95.5) 33 (4.5) 258 999 741 ES 368 (95.1) 19 (4.9) 613 1000 387 FI 667 (96.9) 21 (3.1) 324 1012 688 FR 549 (94.2) 34 (5.8) 468 1051 583 GB-GBN 553 (95.8) 24 (4.2) 427 1004 577 GB-NIR 180 (94.2) 11 (5.8) 118 309 191 GR 524 (97.2) 15 (2.8) 461 1000 539 IE 447 (96.8) 15 (3.2) 538 1000 462 IT 544 (98.6) 8 (1.4) 448 1000 552 LU 384 (97.5) 10 (2.5) 212 606 394 NL 623 (93.5) 43 (6.5) 357 1023 666 PT 445 (96.9) 14 (3.1) 541 1000 459 SE 638 (94.2) 39 (5.8) 322 999 677 N Sum 8864 371 6886 16121 N Valid Sum 8864 371 9235 printed 25.01.2012 page 99 Eurobarometer 60.0 - September 2003,isocntry M AT 548 (96.1) 22 (3.9) 461 1031 570 BE 580 (95.7) 26 (4.3) 424 1030 606 DE-E 548 (95.5) 26 (4.5) 441 1015 574 DE-W 558 (98.1) 11 (1.9) 473 1042 569 DK 708 (95.5) 33 (4.5) 258 999 741 ES 368 (95.1) 19 (4.9) 613 1000 387 FI 667 (96.9) 21 (3.1) 324 1012 688 FR 549 (94.2) 34 (5.8) 468 1051 583 GB-GBN 553 (95.8) 24 (4.2) 427 1004 577 GB-NIR 180 (94.2) 11 (5.8) 118 309 191 GR 524 (97.2) 15 (2.8) 461 1000 539 IE 447 (96.8) 15 (3.2) 538 1000 462 IT 544 (98.6) 8 (1.4) 448 1000 552 LU 384 (97.5) 10 (2.5) 212 606 394 NL 623 (93.5) 43 (6.5) 357 1023 666 PT 445 (96.9) 14 (3.1) 541 1000 459 SE 638 (94.2) 39 (5.8) 322 999 677 N Sum 8864 371 6886 16121 N Valid Sum 8864 371 9235 printed 25.01.2012 page 99 Eurobarometer 60.0 - September 2003,GESIS Variable Report,125,ZA3937
v94,v94 0 1 9 N Sum N Valid Sum,Q12A CONS DISPUTE COURT AMOUNT: USELESS,isocntry M AT 526 (92.3) 44 (7.7) 461 1031 570 BE 550 (90.8) 56 (9.2) 424 1030 606 DE-E 522 (91.1) 51 (8.9) 441 1014 573 DE-W 531 (93.2) 39 (6.8) 473 1043 570 DK 662 (89.3) 79 (10.7) 258 999 741 ES 369 (95.6) 17 (4.4) 613 999 386 FI 609 (88.6) 78 (11.4) 324 1011 687 FR 511 (87.7) 72 (12.3) 468 1051 583 GB-GBN 548 (95.0) 29 (5.0) 427 1004 577 GB-NIR 177 (92.2) 15 (7.8) 118 310 192 GR 475 (88.1) 64 (11.9) 461 1000 539 IE 440 (95.2) 22 (4.8) 538 1000 462 IT 527 (95.5) 25 (4.5) 448 1000 552 LU 357 (90.6) 37 (9.4) 212 606 394 NL 581 (87.2) 85 (12.8) 357 1023 666 PT 421 (91.7) 38 (8.3) 541 1000 459 SE 595 (87.8) 83 (12.2) 322 1000 678 N Sum 8401 834 6886 16121 N Valid Sum 8401 834 9235 printed 25.01.2012 page 100 Eurobarometer 60.0 - September 2003,isocntry M AT 526 (92.3) 44 (7.7) 461 1031 570 BE 550 (90.8) 56 (9.2) 424 1030 606 DE-E 522 (91.1) 51 (8.9) 441 1014 573 DE-W 531 (93.2) 39 (6.8) 473 1043 570 DK 662 (89.3) 79 (10.7) 258 999 741 ES 369 (95.6) 17 (4.4) 613 999 386 FI 609 (88.6) 78 (11.4) 324 1011 687 FR 511 (87.7) 72 (12.3) 468 1051 583 GB-GBN 548 (95.0) 29 (5.0) 427 1004 577 GB-NIR 177 (92.2) 15 (7.8) 118 310 192 GR 475 (88.1) 64 (11.9) 461 1000 539 IE 440 (95.2) 22 (4.8) 538 1000 462 IT 527 (95.5) 25 (4.5) 448 1000 552 LU 357 (90.6) 37 (9.4) 212 606 394 NL 581 (87.2) 85 (12.8) 357 1023 666 PT 421 (91.7) 38 (8.3) 541 1000 459 SE 595 (87.8) 83 (12.2) 322 1000 678 N Sum 8401 834 6886 16121 N Valid Sum 8401 834 9235 printed 25.01.2012 page 100 Eurobarometer 60.0 - September 2003,GESIS Variable Report,126,ZA3937
v95,v95 0 1 9 N Sum N Valid Sum,Q12A CONS DISPUTE COURT AMOUNT: OTHER REASON,isocntry M AT 547 (96.0) 23 (4.0) 461 1031 570 BE 587 (96.9) 19 (3.1) 424 1030 606 DE-E 555 (96.9) 18 (3.1) 441 1014 573 DE-W 555 (97.5) 14 (2.5) 473 1042 569 DK 721 (97.3) 20 (2.7) 258 999 741 ES 379 (97.9) 8 (2.1) 613 1000 387 FI 674 (98.0) 14 (2.0) 324 1012 688 FR 569 (97.6) 14 (2.4) 468 1051 583 GB-GBN 557 (96.7) 19 (3.3) 427 1003 576 GB-NIR 183 (95.3) 9 (4.7) 118 310 192 GR 530 (98.3) 9 (1.7) 461 1000 539 IE 449 (97.2) 13 (2.8) 538 1000 462 IT 533 (96.6) 19 (3.4) 448 1000 552 LU 383 (97.0) 12 (3.0) 212 607 395 NL 631 (94.7) 35 (5.3) 357 1023 666 PT 447 (97.4) 12 (2.6) 541 1000 459 SE 656 (96.8) 22 (3.2) 322 1000 678 N Sum 8956 280 6886 16122 N Valid Sum 8956 280 9236 printed 25.01.2012 page 101 Eurobarometer 60.0 - September 2003,isocntry M AT 547 (96.0) 23 (4.0) 461 1031 570 BE 587 (96.9) 19 (3.1) 424 1030 606 DE-E 555 (96.9) 18 (3.1) 441 1014 573 DE-W 555 (97.5) 14 (2.5) 473 1042 569 DK 721 (97.3) 20 (2.7) 258 999 741 ES 379 (97.9) 8 (2.1) 613 1000 387 FI 674 (98.0) 14 (2.0) 324 1012 688 FR 569 (97.6) 14 (2.4) 468 1051 583 GB-GBN 557 (96.7) 19 (3.3) 427 1003 576 GB-NIR 183 (95.3) 9 (4.7) 118 310 192 GR 530 (98.3) 9 (1.7) 461 1000 539 IE 449 (97.2) 13 (2.8) 538 1000 462 IT 533 (96.6) 19 (3.4) 448 1000 552 LU 383 (97.0) 12 (3.0) 212 607 395 NL 631 (94.7) 35 (5.3) 357 1023 666 PT 447 (97.4) 12 (2.6) 541 1000 459 SE 656 (96.8) 22 (3.2) 322 1000 678 N Sum 8956 280 6886 16122 N Valid Sum 8956 280 9236 printed 25.01.2012 page 101 Eurobarometer 60.0 - September 2003,GESIS Variable Report,127,ZA3937
v96,v96 0 1 9 N Sum N Valid Sum,Q12A CONS DISPUTE COURT AMOUNT: DK,isocntry M AT 548 (96.3) 21 (3.7) 461 1030 569 BE 591 (97.5) 15 (2.5) 424 1030 606 DE-E 568 (99.1) 5 (0.9) 441 1014 573 DE-W 555 (97.5) 14 (2.5) 473 1042 569 DK 729 (98.2) 13 (1.8) 258 1000 742 ES 384 (99.5) 2 (0.5) 613 999 386 FI 680 (98.8) 8 (1.2) 324 1012 688 FR 571 (97.9) 12 (2.1) 468 1051 583 GB-GBN 563 (97.6) 14 (2.4) 427 1004 577 GB-NIR 191 (99.5) 1 (0.5) 118 310 192 GR 537 (99.6) 2 (0.4) 461 1000 539 IE 433 (93.7) 29 (6.3) 538 1000 462 IT 548 (99.3) 4 (0.7) 448 1000 552 LU 387 (98.0) 8 (2.0) 212 607 395 NL 651 (97.7) 15 (2.3) 357 1023 666 PT 451 (98.5) 7 (1.5) 541 999 458 SE 653 (96.3) 25 (3.7) 322 1000 678 N Sum 9040 195 6886 16121 N Valid Sum 9040 195 9235 printed 25.01.2012 page 102 Eurobarometer 60.0 - September 2003,isocntry M AT 548 (96.3) 21 (3.7) 461 1030 569 BE 591 (97.5) 15 (2.5) 424 1030 606 DE-E 568 (99.1) 5 (0.9) 441 1014 573 DE-W 555 (97.5) 14 (2.5) 473 1042 569 DK 729 (98.2) 13 (1.8) 258 1000 742 ES 384 (99.5) 2 (0.5) 613 999 386 FI 680 (98.8) 8 (1.2) 324 1012 688 FR 571 (97.9) 12 (2.1) 468 1051 583 GB-GBN 563 (97.6) 14 (2.4) 427 1004 577 GB-NIR 191 (99.5) 1 (0.5) 118 310 192 GR 537 (99.6) 2 (0.4) 461 1000 539 IE 433 (93.7) 29 (6.3) 538 1000 462 IT 548 (99.3) 4 (0.7) 448 1000 552 LU 387 (98.0) 8 (2.0) 212 607 395 NL 651 (97.7) 15 (2.3) 357 1023 666 PT 451 (98.5) 7 (1.5) 541 999 458 SE 653 (96.3) 25 (3.7) 322 1000 678 N Sum 9040 195 6886 16121 N Valid Sum 9040 195 9235 printed 25.01.2012 page 102 Eurobarometer 60.0 - September 2003,GESIS Variable Report,128,ZA3937
v97,v97 0 1 9 N Sum N Valid Sum,Q12B CONS DISPUTE NOT TO COURT: EXPENSIVE,isocntry M AT 113 (55.7) 90 (44.3) 828 1031 203 BE 92 (52.0) 85 (48.0) 852 1029 177 DE-E 68 (45.6) 81 (54.4) 866 1015 149 DE-W 50 (36.2) 88 (63.8) 905 1043 138 DK 19 (40.4) 28 (59.6) 952 999 47 ES 92 (52.9) 82 (47.1) 826 1000 174 FI 65 (48.5) 69 (51.5) 877 1011 134 FR 72 (41.6) 101 (58.4) 877 1050 173 GB-GBN 72 (46.5) 83 (53.5) 849 1004 155 GB-NIR 36 (53.7) 31 (46.3) 244 311 67 GR 202 (62.3) 122 (37.7) 676 1000 324 IE 117 (51.3) 111 (48.7) 773 1001 228 IT 90 (46.4) 104 (53.6) 805 999 194 LU 52 (40.0) 78 (60.0) 476 606 130 NL 86 (62.8) 51 (37.2) 887 1024 137 PT 82 (44.3) 103 (55.7) 815 1000 185 SE 35 (42.7) 47 (57.3) 918 1000 82 N Sum 1343 1354 13426 16123 N Valid Sum 1343 1354 2697 printed 25.01.2012 page 103 Eurobarometer 60.0 - September 2003,isocntry M AT 113 (55.7) 90 (44.3) 828 1031 203 BE 92 (52.0) 85 (48.0) 852 1029 177 DE-E 68 (45.6) 81 (54.4) 866 1015 149 DE-W 50 (36.2) 88 (63.8) 905 1043 138 DK 19 (40.4) 28 (59.6) 952 999 47 ES 92 (52.9) 82 (47.1) 826 1000 174 FI 65 (48.5) 69 (51.5) 877 1011 134 FR 72 (41.6) 101 (58.4) 877 1050 173 GB-GBN 72 (46.5) 83 (53.5) 849 1004 155 GB-NIR 36 (53.7) 31 (46.3) 244 311 67 GR 202 (62.3) 122 (37.7) 676 1000 324 IE 117 (51.3) 111 (48.7) 773 1001 228 IT 90 (46.4) 104 (53.6) 805 999 194 LU 52 (40.0) 78 (60.0) 476 606 130 NL 86 (62.8) 51 (37.2) 887 1024 137 PT 82 (44.3) 103 (55.7) 815 1000 185 SE 35 (42.7) 47 (57.3) 918 1000 82 N Sum 1343 1354 13426 16123 N Valid Sum 1343 1354 2697 printed 25.01.2012 page 103 Eurobarometer 60.0 - September 2003,GESIS Variable Report,129,ZA3937
v98,v98 0 1 9 N Sum N Valid Sum,Q12B CONS DISPUTE NOT TO COURT: LONG,isocntry M AT 154 (75.9) 49 (24.1) 828 1031 203 BE 141 (79.7) 36 (20.3) 852 1029 177 DE-E 104 (70.3) 44 (29.7) 866 1014 148 DE-W 102 (74.5) 35 (25.5) 905 1042 137 DK 43 (91.5) 4 (8.5) 952 999 47 ES 128 (73.1) 47 (26.9) 826 1001 175 FI 108 (80.0) 27 (20.0) 877 1012 135 FR 111 (63.8) 63 (36.2) 877 1051 174 GB-GBN 110 (71.0) 45 (29.0) 849 1004 155 GB-NIR 58 (87.9) 8 (12.1) 244 310 66 GR 219 (67.6) 105 (32.4) 676 1000 324 IE 184 (80.3) 45 (19.7) 773 1002 229 IT 116 (59.5) 79 (40.5) 805 1000 195 LU 91 (70.0) 39 (30.0) 476 606 130 NL 103 (75.7) 33 (24.3) 887 1023 136 PT 129 (69.7) 56 (30.3) 815 1000 185 SE 65 (79.3) 17 (20.7) 918 1000 82 N Sum 1966 732 13426 16124 N Valid Sum 1966 732 2698 printed 25.01.2012 page 104 Eurobarometer 60.0 - September 2003,isocntry M AT 154 (75.9) 49 (24.1) 828 1031 203 BE 141 (79.7) 36 (20.3) 852 1029 177 DE-E 104 (70.3) 44 (29.7) 866 1014 148 DE-W 102 (74.5) 35 (25.5) 905 1042 137 DK 43 (91.5) 4 (8.5) 952 999 47 ES 128 (73.1) 47 (26.9) 826 1001 175 FI 108 (80.0) 27 (20.0) 877 1012 135 FR 111 (63.8) 63 (36.2) 877 1051 174 GB-GBN 110 (71.0) 45 (29.0) 849 1004 155 GB-NIR 58 (87.9) 8 (12.1) 244 310 66 GR 219 (67.6) 105 (32.4) 676 1000 324 IE 184 (80.3) 45 (19.7) 773 1002 229 IT 116 (59.5) 79 (40.5) 805 1000 195 LU 91 (70.0) 39 (30.0) 476 606 130 NL 103 (75.7) 33 (24.3) 887 1023 136 PT 129 (69.7) 56 (30.3) 815 1000 185 SE 65 (79.3) 17 (20.7) 918 1000 82 N Sum 1966 732 13426 16124 N Valid Sum 1966 732 2698 printed 25.01.2012 page 104 Eurobarometer 60.0 - September 2003,GESIS Variable Report,130,ZA3937
v99,v99 0 1 9 N Sum N Valid Sum,Q12B CONS DISPUTE NOT TO COURT: COMPLICATED,isocntry M AT 149 (73.0) 55 (27.0) 828 1032 204 BE 139 (78.1) 39 (21.9) 852 1030 178 DE-E 102 (68.9) 46 (31.1) 866 1014 148 DE-W 98 (71.5) 39 (28.5) 905 1042 137 DK 45 (95.7) 2 (4.3) 952 999 47 ES 139 (79.9) 35 (20.1) 826 1000 174 FI 83 (61.5) 52 (38.5) 877 1012 135 FR 119 (68.4) 55 (31.6) 877 1051 174 GB-GBN 110 (71.0) 45 (29.0) 849 1004 155 GB-NIR 60 (89.6) 7 (10.4) 244 311 67 GR 240 (74.1) 84 (25.9) 676 1000 324 IE 162 (71.1) 66 (28.9) 773 1001 228 IT 144 (73.8) 51 (26.2) 805 1000 195 LU 88 (67.7) 42 (32.3) 476 606 130 NL 101 (74.3) 35 (25.7) 887 1023 136 PT 135 (73.0) 50 (27.0) 815 1000 185 SE 64 (78.0) 18 (22.0) 918 1000 82 N Sum 1978 721 13426 16125 N Valid Sum 1978 721 2699 printed 25.01.2012 page 105 Eurobarometer 60.0 - September 2003,isocntry M AT 149 (73.0) 55 (27.0) 828 1032 204 BE 139 (78.1) 39 (21.9) 852 1030 178 DE-E 102 (68.9) 46 (31.1) 866 1014 148 DE-W 98 (71.5) 39 (28.5) 905 1042 137 DK 45 (95.7) 2 (4.3) 952 999 47 ES 139 (79.9) 35 (20.1) 826 1000 174 FI 83 (61.5) 52 (38.5) 877 1012 135 FR 119 (68.4) 55 (31.6) 877 1051 174 GB-GBN 110 (71.0) 45 (29.0) 849 1004 155 GB-NIR 60 (89.6) 7 (10.4) 244 311 67 GR 240 (74.1) 84 (25.9) 676 1000 324 IE 162 (71.1) 66 (28.9) 773 1001 228 IT 144 (73.8) 51 (26.2) 805 1000 195 LU 88 (67.7) 42 (32.3) 476 606 130 NL 101 (74.3) 35 (25.7) 887 1023 136 PT 135 (73.0) 50 (27.0) 815 1000 185 SE 64 (78.0) 18 (22.0) 918 1000 82 N Sum 1978 721 13426 16125 N Valid Sum 1978 721 2699 printed 25.01.2012 page 105 Eurobarometer 60.0 - September 2003,GESIS Variable Report,131,ZA3937
v100,v100 0 1 9 N Sum N Valid Sum,Q12B CONS DISPUTE NOT TO COURT: NO CONTACT,isocntry M AT 191 (94.1) 12 (5.9) 828 1031 203 BE 159 (89.8) 18 (10.2) 852 1029 177 DE-E 129 (87.2) 19 (12.8) 866 1014 148 DE-W 127 (92.7) 10 (7.3) 905 1042 137 DK 39 (83.0) 8 (17.0) 952 999 47 ES 149 (85.1) 26 (14.9) 826 1001 175 FI 115 (85.8) 19 (14.2) 877 1011 134 FR 154 (89.0) 19 (11.0) 877 1050 173 GB-GBN 120 (77.4) 35 (22.6) 849 1004 155 GB-NIR 59 (89.4) 7 (10.6) 244 310 66 GR 313 (96.6) 11 (3.4) 676 1000 324 IE 215 (94.3) 13 (5.7) 773 1001 228 IT 183 (93.8) 12 (6.2) 805 1000 195 LU 122 (93.8) 8 (6.2) 476 606 130 NL 125 (91.9) 11 (8.1) 887 1023 136 PT 173 (93.5) 12 (6.5) 815 1000 185 SE 78 (95.1) 4 (4.9) 918 1000 82 N Sum 2451 244 13426 16121 N Valid Sum 2451 244 2695 printed 25.01.2012 page 106 Eurobarometer 60.0 - September 2003,isocntry M AT 191 (94.1) 12 (5.9) 828 1031 203 BE 159 (89.8) 18 (10.2) 852 1029 177 DE-E 129 (87.2) 19 (12.8) 866 1014 148 DE-W 127 (92.7) 10 (7.3) 905 1042 137 DK 39 (83.0) 8 (17.0) 952 999 47 ES 149 (85.1) 26 (14.9) 826 1001 175 FI 115 (85.8) 19 (14.2) 877 1011 134 FR 154 (89.0) 19 (11.0) 877 1050 173 GB-GBN 120 (77.4) 35 (22.6) 849 1004 155 GB-NIR 59 (89.4) 7 (10.6) 244 310 66 GR 313 (96.6) 11 (3.4) 676 1000 324 IE 215 (94.3) 13 (5.7) 773 1001 228 IT 183 (93.8) 12 (6.2) 805 1000 195 LU 122 (93.8) 8 (6.2) 476 606 130 NL 125 (91.9) 11 (8.1) 887 1023 136 PT 173 (93.5) 12 (6.5) 815 1000 185 SE 78 (95.1) 4 (4.9) 918 1000 82 N Sum 2451 244 13426 16121 N Valid Sum 2451 244 2695 printed 25.01.2012 page 106 Eurobarometer 60.0 - September 2003,GESIS Variable Report,132,ZA3937
v101,v101 0 1 9 N Sum N Valid Sum,Q12B CONS DISPUTE NOT TO COURT: USELESS,isocntry M AT 163 (80.3) 40 (19.7) 828 1031 203 BE 133 (75.1) 44 (24.9) 852 1029 177 DE-E 91 (61.5) 57 (38.5) 866 1014 148 DE-W 95 (68.8) 43 (31.2) 905 1043 138 DK 38 (79.2) 10 (20.8) 952 1000 48 ES 127 (73.0) 47 (27.0) 826 1000 174 FI 91 (67.9) 43 (32.1) 877 1011 134 FR 142 (81.6) 32 (18.4) 877 1051 174 GB-GBN 129 (83.2) 26 (16.8) 849 1004 155 GB-NIR 48 (71.6) 19 (28.4) 244 311 67 GR 187 (57.7) 137 (42.3) 676 1000 324 IE 197 (86.0) 32 (14.0) 773 1002 229 IT 163 (84.0) 31 (16.0) 805 999 194 LU 98 (75.4) 32 (24.6) 476 606 130 NL 101 (74.3) 35 (25.7) 887 1023 136 PT 159 (85.5) 27 (14.5) 815 1001 186 SE 64 (78.0) 18 (22.0) 918 1000 82 N Sum 2026 673 13426 16125 N Valid Sum 2026 673 2699 printed 25.01.2012 page 107 Eurobarometer 60.0 - September 2003,isocntry M AT 163 (80.3) 40 (19.7) 828 1031 203 BE 133 (75.1) 44 (24.9) 852 1029 177 DE-E 91 (61.5) 57 (38.5) 866 1014 148 DE-W 95 (68.8) 43 (31.2) 905 1043 138 DK 38 (79.2) 10 (20.8) 952 1000 48 ES 127 (73.0) 47 (27.0) 826 1000 174 FI 91 (67.9) 43 (32.1) 877 1011 134 FR 142 (81.6) 32 (18.4) 877 1051 174 GB-GBN 129 (83.2) 26 (16.8) 849 1004 155 GB-NIR 48 (71.6) 19 (28.4) 244 311 67 GR 187 (57.7) 137 (42.3) 676 1000 324 IE 197 (86.0) 32 (14.0) 773 1002 229 IT 163 (84.0) 31 (16.0) 805 999 194 LU 98 (75.4) 32 (24.6) 476 606 130 NL 101 (74.3) 35 (25.7) 887 1023 136 PT 159 (85.5) 27 (14.5) 815 1001 186 SE 64 (78.0) 18 (22.0) 918 1000 82 N Sum 2026 673 13426 16125 N Valid Sum 2026 673 2699 printed 25.01.2012 page 107 Eurobarometer 60.0 - September 2003,GESIS Variable Report,133,ZA3937
v102,v102 0 1 9 N Sum N Valid Sum,Q12B CONS DISPUTE NOT TO COURT: OTHER REASON,isocntry M AT 167 (82.3) 36 (17.7) 828 1031 203 BE 157 (88.2) 21 (11.8) 852 1030 178 DE-E 140 (94.6) 8 (5.4) 866 1014 148 DE-W 129 (93.5) 9 (6.5) 905 1043 138 DK 43 (91.5) 4 (8.5) 952 999 47 ES 161 (92.5) 13 (7.5) 826 1000 174 FI 126 (93.3) 9 (6.7) 877 1012 135 FR 157 (90.2) 17 (9.8) 877 1051 174 GB-GBN 131 (84.5) 24 (15.5) 849 1004 155 GB-NIR 60 (89.6) 7 (10.4) 244 311 67 GR 303 (93.5) 21 (6.5) 676 1000 324 IE 193 (84.6) 35 (15.4) 773 1001 228 IT 182 (93.3) 13 (6.7) 805 1000 195 LU 118 (91.5) 11 (8.5) 476 605 129 NL 120 (88.2) 16 (11.8) 887 1023 136 PT 169 (90.9) 17 (9.1) 815 1001 186 SE 75 (91.5) 7 (8.5) 918 1000 82 N Sum 2431 268 13426 16125 N Valid Sum 2431 268 2699 printed 25.01.2012 page 108 Eurobarometer 60.0 - September 2003,isocntry M AT 167 (82.3) 36 (17.7) 828 1031 203 BE 157 (88.2) 21 (11.8) 852 1030 178 DE-E 140 (94.6) 8 (5.4) 866 1014 148 DE-W 129 (93.5) 9 (6.5) 905 1043 138 DK 43 (91.5) 4 (8.5) 952 999 47 ES 161 (92.5) 13 (7.5) 826 1000 174 FI 126 (93.3) 9 (6.7) 877 1012 135 FR 157 (90.2) 17 (9.8) 877 1051 174 GB-GBN 131 (84.5) 24 (15.5) 849 1004 155 GB-NIR 60 (89.6) 7 (10.4) 244 311 67 GR 303 (93.5) 21 (6.5) 676 1000 324 IE 193 (84.6) 35 (15.4) 773 1001 228 IT 182 (93.3) 13 (6.7) 805 1000 195 LU 118 (91.5) 11 (8.5) 476 605 129 NL 120 (88.2) 16 (11.8) 887 1023 136 PT 169 (90.9) 17 (9.1) 815 1001 186 SE 75 (91.5) 7 (8.5) 918 1000 82 N Sum 2431 268 13426 16125 N Valid Sum 2431 268 2699 printed 25.01.2012 page 108 Eurobarometer 60.0 - September 2003,GESIS Variable Report,134,ZA3937
v103,v103 0 1 9 N Sum N Valid Sum,Q12B CONS DISPUTE NOT TO COURT: DK,isocntry M AT 198 (97.1) 6 (2.9) 828 1032 204 BE 161 (90.4) 17 (9.6) 852 1030 178 DE-E 141 (95.3) 7 (4.7) 866 1014 148 DE-W 132 (95.7) 6 (4.3) 905 1043 138 DK 45 (93.8) 3 (6.3) 952 1000 48 ES 172 (98.9) 2 (1.1) 826 1000 174 FI 132 (98.5) 2 (1.5) 877 1011 134 FR 166 (95.4) 8 (4.6) 877 1051 174 GB-GBN 149 (96.1) 6 (3.9) 849 1004 155 GB-NIR 62 (92.5) 5 (7.5) 244 311 67 GR 323 (99.7) 1 (0.3) 676 1000 324 IE 213 (93.4) 15 (6.6) 773 1001 228 IT 193 (99.0) 2 (1.0) 805 1000 195 LU 125 (96.2) 5 (3.8) 476 606 130 NL 125 (91.2) 12 (8.8) 887 1024 137 PT 179 (96.8) 6 (3.2) 815 1000 185 SE 74 (90.2) 8 (9.8) 918 1000 82 N Sum 2590 111 13426 16127 N Valid Sum 2590 111 2701 printed 25.01.2012 page 109 Eurobarometer 60.0 - September 2003,isocntry M AT 198 (97.1) 6 (2.9) 828 1032 204 BE 161 (90.4) 17 (9.6) 852 1030 178 DE-E 141 (95.3) 7 (4.7) 866 1014 148 DE-W 132 (95.7) 6 (4.3) 905 1043 138 DK 45 (93.8) 3 (6.3) 952 1000 48 ES 172 (98.9) 2 (1.1) 826 1000 174 FI 132 (98.5) 2 (1.5) 877 1011 134 FR 166 (95.4) 8 (4.6) 877 1051 174 GB-GBN 149 (96.1) 6 (3.9) 849 1004 155 GB-NIR 62 (92.5) 5 (7.5) 244 311 67 GR 323 (99.7) 1 (0.3) 676 1000 324 IE 213 (93.4) 15 (6.6) 773 1001 228 IT 193 (99.0) 2 (1.0) 805 1000 195 LU 125 (96.2) 5 (3.8) 476 606 130 NL 125 (91.2) 12 (8.8) 887 1024 137 PT 179 (96.8) 6 (3.2) 815 1000 185 SE 74 (90.2) 8 (9.8) 918 1000 82 N Sum 2590 111 13426 16127 N Valid Sum 2590 111 2701 printed 25.01.2012 page 109 Eurobarometer 60.0 - September 2003,GESIS Variable Report,135,ZA3937
v104,v104 1 2 3 N Sum N Valid Sum,Q13 INSURANCE POLICY FOR CONSUMER DISPUTE,isocntry M AT 393 (40.2) 585 (59.8) 53 1031 978 BE 139 (14.5) 822 (85.5) 68 1029 961 DE-E 271 (27.6) 710 (72.4) 33 1014 981 DE-W 363 (36.3) 638 (63.7) 41 1042 1001 DK 312 (40.9) 451 (59.1) 238 1001 763 ES 101 (10.5) 857 (89.5) 42 1000 958 FI 318 (35.3) 584 (64.7) 109 1011 902 FR 266 (30.3) 613 (69.7) 172 1051 879 GB-GBN 110 (11.9) 813 (88.1) 81 1004 923 GB-NIR 31 (10.9) 253 (89.1) 26 310 284 GR 20 (2.0) 975 (98.0) 5 1000 995 IE 35 (3.6) 930 (96.4) 37 1002 965 IT 22 (2.2) 957 (97.8) 21 1000 979 LU 239 (43.9) 305 (56.1) 63 607 544 NL 376 (40.7) 548 (59.3) 99 1023 924 PT 27 (2.7) 967 (97.3) 6 1000 994 SE 330 (48.3) 353 (51.7) 318 1001 683 N Sum 3353 11361 1412 16126 N Valid Sum 3353 11361 14714 printed 25.01.2012 page 110 Eurobarometer 60.0 - September 2003,isocntry M AT 393 (40.2) 585 (59.8) 53 1031 978 BE 139 (14.5) 822 (85.5) 68 1029 961 DE-E 271 (27.6) 710 (72.4) 33 1014 981 DE-W 363 (36.3) 638 (63.7) 41 1042 1001 DK 312 (40.9) 451 (59.1) 238 1001 763 ES 101 (10.5) 857 (89.5) 42 1000 958 FI 318 (35.3) 584 (64.7) 109 1011 902 FR 266 (30.3) 613 (69.7) 172 1051 879 GB-GBN 110 (11.9) 813 (88.1) 81 1004 923 GB-NIR 31 (10.9) 253 (89.1) 26 310 284 GR 20 (2.0) 975 (98.0) 5 1000 995 IE 35 (3.6) 930 (96.4) 37 1002 965 IT 22 (2.2) 957 (97.8) 21 1000 979 LU 239 (43.9) 305 (56.1) 63 607 544 NL 376 (40.7) 548 (59.3) 99 1023 924 PT 27 (2.7) 967 (97.3) 6 1000 994 SE 330 (48.3) 353 (51.7) 318 1001 683 N Sum 3353 11361 1412 16126 N Valid Sum 3353 11361 14714 printed 25.01.2012 page 110 Eurobarometer 60.0 - September 2003,GESIS Variable Report,136,ZA3937
v105,,Q14 DEFEND CONSUMER RIGHT EASIER WITH OTHER,,Q14 DEFEND CONSUMER RIGHT EASIER WITH OTHER,GESIS Variable Report,137,ZA3937
v106,,Q15 DEFEND CONSUMER RIGHT W OTHER - REASON,,Q15 DEFEND CONSUMER RIGHT W OTHER - REASON,GESIS Variable Report,138,ZA3937
v107,,Q16 DEFEND SEVERAL CONSUMERS BEST,,Q16 DEFEND SEVERAL CONSUMERS BEST,GESIS Variable Report,139,ZA3937
v108,,Q17 DEFEND SEVERAL CONSUMERS PREFERENCE,,Q17 DEFEND SEVERAL CONSUMERS PREFERENCE,GESIS Variable Report,140,ZA3937
v109,v109 1 2 3 4 5 N Sum N Valid Sum,Q18 CONSUMER DISPUTE AT COURT CONFIDENCE,isocntry M AT 111 (12.2) 442 (48.5) 310 (34.0) 48 (5.3) 120 1031 911 BE 60 (6.4) 515 (54.7) 272 (28.9) 95 (10.1) 88 1030 942 DE-E 128 (13.3) 478 (49.6) 298 (30.9) 60 (6.2) 49 1013 964 DE-W 168 (16.9) 539 (54.1) 259 (26.0) 30 (3.0) 46 1042 996 DK 225 (23.1) 585 (60.1) 144 (14.8) 20 (2.1) 26 1000 974 ES 49 (5.3) 370 (39.8) 406 (43.7) 104 (11.2) 70 999 929 FI 132 (13.7) 591 (61.1) 216 (22.3) 28 (2.9) 44 1011 967 FR 61 (6.3) 598 (62.1) 220 (22.8) 84 (8.7) 87 1050 963 GB-GBN 73 (8.1) 545 (60.5) 227 (25.2) 56 (6.2) 103 1004 901 GB-NIR 20 (7.1) 154 (54.6) 80 (28.4) 28 (9.9) 28 310 282 GR 132 (13.8) 441 (45.9) 282 (29.4) 105 (10.9) 40 1000 960 IE 111 (12.7) 515 (59.0) 175 (20.0) 72 (8.2) 129 1002 873 IT 56 (6.0) 451 (47.9) 356 (37.8) 78 (8.3) 59 1000 941 LU 73 (12.8) 332 (58.3) 117 (20.6) 47 (8.3) 36 605 569 NL 132 (13.5) 651 (66.7) 169 (17.3) 24 (2.5) 45 1021 976 PT 114 (12.0) 504 (53.1) 249 (26.2) 83 (8.7) 50 1000 950 SE 118 (12.6) 555 (59.2) 239 (25.5) 25 (2.7) 64 1001 937 N Sum 1763 8266 4019 987 1084 16119 N Valid Sum 1763 8266 4019 987 15035 printed 25.01.2012 page 115 Eurobarometer 60.0 - September 2003,isocntry M AT 111 (12.2) 442 (48.5) 310 (34.0) 48 (5.3) 120 1031 911 BE 60 (6.4) 515 (54.7) 272 (28.9) 95 (10.1) 88 1030 942 DE-E 128 (13.3) 478 (49.6) 298 (30.9) 60 (6.2) 49 1013 964 DE-W 168 (16.9) 539 (54.1) 259 (26.0) 30 (3.0) 46 1042 996 DK 225 (23.1) 585 (60.1) 144 (14.8) 20 (2.1) 26 1000 974 ES 49 (5.3) 370 (39.8) 406 (43.7) 104 (11.2) 70 999 929 FI 132 (13.7) 591 (61.1) 216 (22.3) 28 (2.9) 44 1011 967 FR 61 (6.3) 598 (62.1) 220 (22.8) 84 (8.7) 87 1050 963 GB-GBN 73 (8.1) 545 (60.5) 227 (25.2) 56 (6.2) 103 1004 901 GB-NIR 20 (7.1) 154 (54.6) 80 (28.4) 28 (9.9) 28 310 282 GR 132 (13.8) 441 (45.9) 282 (29.4) 105 (10.9) 40 1000 960 IE 111 (12.7) 515 (59.0) 175 (20.0) 72 (8.2) 129 1002 873 IT 56 (6.0) 451 (47.9) 356 (37.8) 78 (8.3) 59 1000 941 LU 73 (12.8) 332 (58.3) 117 (20.6) 47 (8.3) 36 605 569 NL 132 (13.5) 651 (66.7) 169 (17.3) 24 (2.5) 45 1021 976 PT 114 (12.0) 504 (53.1) 249 (26.2) 83 (8.7) 50 1000 950 SE 118 (12.6) 555 (59.2) 239 (25.5) 25 (2.7) 64 1001 937 N Sum 1763 8266 4019 987 1084 16119 N Valid Sum 1763 8266 4019 987 15035 printed 25.01.2012 page 115 Eurobarometer 60.0 - September 2003,GESIS Variable Report,141,ZA3937
v110,v110 0 1 N Sum N Valid Sum,Q19 CONS RIGHT COURT IMPRV: MR INDEPENDENCE,isocntry AT 692 (67.1) 339 (32.9) 1031 1031 BE 833 (80.9) 197 (19.1) 1030 1030 DE-E 747 (73.7) 267 (26.3) 1014 1014 DE-W 815 (78.1) 228 (21.9) 1043 1043 DK 914 (91.4) 86 (8.6) 1000 1000 ES 748 (74.8) 252 (25.2) 1000 1000 FI 920 (91.0) 91 (9.0) 1011 1011 FR 845 (80.4) 206 (19.6) 1051 1051 GB-GBN 803 (80.0) 201 (20.0) 1004 1004 GB-NIR 278 (89.7) 32 (10.3) 310 310 GR 617 (61.7) 383 (38.3) 1000 1000 IE 838 (83.7) 163 (16.3) 1001 1001 IT 818 (81.8) 182 (18.2) 1000 1000 LU 458 (75.6) 148 (24.4) 606 606 NL 816 (79.8) 207 (20.2) 1023 1023 PT 800 (80.0) 200 (20.0) 1000 1000 SE 896 (89.6) 104 (10.4) 1000 1000 N Sum 12838 3286 16124 N Valid Sum 12838 3286 16124 printed 25.01.2012 page 116 Eurobarometer 60.0 - September 2003,isocntry AT 692 (67.1) 339 (32.9) 1031 1031 BE 833 (80.9) 197 (19.1) 1030 1030 DE-E 747 (73.7) 267 (26.3) 1014 1014 DE-W 815 (78.1) 228 (21.9) 1043 1043 DK 914 (91.4) 86 (8.6) 1000 1000 ES 748 (74.8) 252 (25.2) 1000 1000 FI 920 (91.0) 91 (9.0) 1011 1011 FR 845 (80.4) 206 (19.6) 1051 1051 GB-GBN 803 (80.0) 201 (20.0) 1004 1004 GB-NIR 278 (89.7) 32 (10.3) 310 310 GR 617 (61.7) 383 (38.3) 1000 1000 IE 838 (83.7) 163 (16.3) 1001 1001 IT 818 (81.8) 182 (18.2) 1000 1000 LU 458 (75.6) 148 (24.4) 606 606 NL 816 (79.8) 207 (20.2) 1023 1023 PT 800 (80.0) 200 (20.0) 1000 1000 SE 896 (89.6) 104 (10.4) 1000 1000 N Sum 12838 3286 16124 N Valid Sum 12838 3286 16124 printed 25.01.2012 page 116 Eurobarometer 60.0 - September 2003,GESIS Variable Report,142,ZA3937
v111,v111 0 1 N Sum N Valid Sum,Q19 CONS RIGHT COURT IMPRV: FASTER JUDGEMENT,isocntry AT 721 (69.9) 310 (30.1) 1031 1031 BE 540 (52.4) 490 (47.6) 1030 1030 DE-E 490 (48.3) 524 (51.7) 1014 1014 DE-W 518 (49.7) 524 (50.3) 1042 1042 DK 513 (51.3) 487 (48.7) 1000 1000 ES 587 (58.7) 413 (41.3) 1000 1000 FI 488 (48.3) 523 (51.7) 1011 1011 FR 462 (44.0) 589 (56.0) 1051 1051 GB-GBN 711 (70.8) 293 (29.2) 1004 1004 GB-NIR 213 (68.7) 97 (31.3) 310 310 GR 483 (48.3) 517 (51.7) 1000 1000 IE 717 (71.6) 284 (28.4) 1001 1001 IT 484 (48.4) 516 (51.6) 1000 1000 LU 315 (52.0) 291 (48.0) 606 606 NL 470 (45.9) 553 (54.1) 1023 1023 PT 317 (31.7) 683 (68.3) 1000 1000 SE 587 (58.7) 413 (41.3) 1000 1000 N Sum 8616 7507 16123 N Valid Sum 8616 7507 16123 printed 25.01.2012 page 117 Eurobarometer 60.0 - September 2003,isocntry AT 721 (69.9) 310 (30.1) 1031 1031 BE 540 (52.4) 490 (47.6) 1030 1030 DE-E 490 (48.3) 524 (51.7) 1014 1014 DE-W 518 (49.7) 524 (50.3) 1042 1042 DK 513 (51.3) 487 (48.7) 1000 1000 ES 587 (58.7) 413 (41.3) 1000 1000 FI 488 (48.3) 523 (51.7) 1011 1011 FR 462 (44.0) 589 (56.0) 1051 1051 GB-GBN 711 (70.8) 293 (29.2) 1004 1004 GB-NIR 213 (68.7) 97 (31.3) 310 310 GR 483 (48.3) 517 (51.7) 1000 1000 IE 717 (71.6) 284 (28.4) 1001 1001 IT 484 (48.4) 516 (51.6) 1000 1000 LU 315 (52.0) 291 (48.0) 606 606 NL 470 (45.9) 553 (54.1) 1023 1023 PT 317 (31.7) 683 (68.3) 1000 1000 SE 587 (58.7) 413 (41.3) 1000 1000 N Sum 8616 7507 16123 N Valid Sum 8616 7507 16123 printed 25.01.2012 page 117 Eurobarometer 60.0 - September 2003,GESIS Variable Report,143,ZA3937
v112,v112 0 1 N Sum N Valid Sum,Q19 CONS RIGHT COURT IMPRV: SIMPLER PROCEDURE,isocntry AT 617 (59.8) 414 (40.2) 1031 1031 BE 516 (50.1) 514 (49.9) 1030 1030 DE-E 486 (47.9) 528 (52.1) 1014 1014 DE-W 492 (47.2) 551 (52.8) 1043 1043 DK 593 (59.3) 407 (40.7) 1000 1000 ES 630 (63.0) 370 (37.0) 1000 1000 FI 591 (58.5) 420 (41.5) 1011 1011 FR 447 (42.5) 604 (57.5) 1051 1051 GB-GBN 474 (47.2) 530 (52.8) 1004 1004 GB-NIR 146 (47.1) 164 (52.9) 310 310 GR 567 (56.7) 433 (43.3) 1000 1000 IE 623 (62.2) 378 (37.8) 1001 1001 IT 461 (46.1) 539 (53.9) 1000 1000 LU 300 (49.5) 306 (50.5) 606 606 NL 473 (46.2) 550 (53.8) 1023 1023 PT 671 (67.1) 329 (32.9) 1000 1000 SE 508 (50.8) 492 (49.2) 1000 1000 N Sum 8595 7529 16124 N Valid Sum 8595 7529 16124 printed 25.01.2012 page 118 Eurobarometer 60.0 - September 2003,isocntry AT 617 (59.8) 414 (40.2) 1031 1031 BE 516 (50.1) 514 (49.9) 1030 1030 DE-E 486 (47.9) 528 (52.1) 1014 1014 DE-W 492 (47.2) 551 (52.8) 1043 1043 DK 593 (59.3) 407 (40.7) 1000 1000 ES 630 (63.0) 370 (37.0) 1000 1000 FI 591 (58.5) 420 (41.5) 1011 1011 FR 447 (42.5) 604 (57.5) 1051 1051 GB-GBN 474 (47.2) 530 (52.8) 1004 1004 GB-NIR 146 (47.1) 164 (52.9) 310 310 GR 567 (56.7) 433 (43.3) 1000 1000 IE 623 (62.2) 378 (37.8) 1001 1001 IT 461 (46.1) 539 (53.9) 1000 1000 LU 300 (49.5) 306 (50.5) 606 606 NL 473 (46.2) 550 (53.8) 1023 1023 PT 671 (67.1) 329 (32.9) 1000 1000 SE 508 (50.8) 492 (49.2) 1000 1000 N Sum 8595 7529 16124 N Valid Sum 8595 7529 16124 printed 25.01.2012 page 118 Eurobarometer 60.0 - September 2003,GESIS Variable Report,144,ZA3937
v113,v113 0 1 N Sum N Valid Sum,Q19 CONS RIGHT COURT IMPRV: TRANSPARENT COST,isocntry AT 745 (72.3) 286 (27.7) 1031 1031 BE 791 (76.8) 239 (23.2) 1030 1030 DE-E 753 (74.3) 261 (25.7) 1014 1014 DE-W 814 (78.1) 228 (21.9) 1042 1042 DK 808 (80.8) 192 (19.2) 1000 1000 ES 820 (82.0) 180 (18.0) 1000 1000 FI 834 (82.5) 177 (17.5) 1011 1011 FR 867 (82.5) 184 (17.5) 1051 1051 GB-GBN 866 (86.3) 138 (13.7) 1004 1004 GB-NIR 267 (86.1) 43 (13.9) 310 310 GR 798 (79.8) 202 (20.2) 1000 1000 IE 877 (87.6) 124 (12.4) 1001 1001 IT 833 (83.3) 167 (16.7) 1000 1000 LU 522 (86.1) 84 (13.9) 606 606 NL 789 (77.1) 234 (22.9) 1023 1023 PT 850 (85.0) 150 (15.0) 1000 1000 SE 859 (85.9) 141 (14.1) 1000 1000 N Sum 13093 3030 16123 N Valid Sum 13093 3030 16123 printed 25.01.2012 page 119 Eurobarometer 60.0 - September 2003,isocntry AT 745 (72.3) 286 (27.7) 1031 1031 BE 791 (76.8) 239 (23.2) 1030 1030 DE-E 753 (74.3) 261 (25.7) 1014 1014 DE-W 814 (78.1) 228 (21.9) 1042 1042 DK 808 (80.8) 192 (19.2) 1000 1000 ES 820 (82.0) 180 (18.0) 1000 1000 FI 834 (82.5) 177 (17.5) 1011 1011 FR 867 (82.5) 184 (17.5) 1051 1051 GB-GBN 866 (86.3) 138 (13.7) 1004 1004 GB-NIR 267 (86.1) 43 (13.9) 310 310 GR 798 (79.8) 202 (20.2) 1000 1000 IE 877 (87.6) 124 (12.4) 1001 1001 IT 833 (83.3) 167 (16.7) 1000 1000 LU 522 (86.1) 84 (13.9) 606 606 NL 789 (77.1) 234 (22.9) 1023 1023 PT 850 (85.0) 150 (15.0) 1000 1000 SE 859 (85.9) 141 (14.1) 1000 1000 N Sum 13093 3030 16123 N Valid Sum 13093 3030 16123 printed 25.01.2012 page 119 Eurobarometer 60.0 - September 2003,GESIS Variable Report,145,ZA3937
v114,v114 0 1 N Sum N Valid Sum,Q19 CONS RIGHT COURT IMPRV: LOWER COST,isocntry AT 780 (75.7) 251 (24.3) 1031 1031 BE 522 (50.7) 508 (49.3) 1030 1030 DE-E 539 (53.2) 475 (46.8) 1014 1014 DE-W 625 (60.0) 417 (40.0) 1042 1042 DK 722 (72.2) 278 (27.8) 1000 1000 ES 623 (62.3) 377 (37.7) 1000 1000 FI 625 (61.8) 386 (38.2) 1011 1011 FR 513 (48.8) 538 (51.2) 1051 1051 GB-GBN 568 (56.6) 436 (43.4) 1004 1004 GB-NIR 183 (59.0) 127 (41.0) 310 310 GR 591 (59.1) 409 (40.9) 1000 1000 IE 525 (52.4) 476 (47.6) 1001 1001 IT 698 (69.8) 302 (30.2) 1000 1000 LU 407 (67.2) 199 (32.8) 606 606 NL 674 (65.9) 349 (34.1) 1023 1023 PT 541 (54.1) 459 (45.9) 1000 1000 SE 731 (73.1) 269 (26.9) 1000 1000 N Sum 9867 6256 16123 N Valid Sum 9867 6256 16123 printed 25.01.2012 page 120 Eurobarometer 60.0 - September 2003,isocntry AT 780 (75.7) 251 (24.3) 1031 1031 BE 522 (50.7) 508 (49.3) 1030 1030 DE-E 539 (53.2) 475 (46.8) 1014 1014 DE-W 625 (60.0) 417 (40.0) 1042 1042 DK 722 (72.2) 278 (27.8) 1000 1000 ES 623 (62.3) 377 (37.7) 1000 1000 FI 625 (61.8) 386 (38.2) 1011 1011 FR 513 (48.8) 538 (51.2) 1051 1051 GB-GBN 568 (56.6) 436 (43.4) 1004 1004 GB-NIR 183 (59.0) 127 (41.0) 310 310 GR 591 (59.1) 409 (40.9) 1000 1000 IE 525 (52.4) 476 (47.6) 1001 1001 IT 698 (69.8) 302 (30.2) 1000 1000 LU 407 (67.2) 199 (32.8) 606 606 NL 674 (65.9) 349 (34.1) 1023 1023 PT 541 (54.1) 459 (45.9) 1000 1000 SE 731 (73.1) 269 (26.9) 1000 1000 N Sum 9867 6256 16123 N Valid Sum 9867 6256 16123 printed 25.01.2012 page 120 Eurobarometer 60.0 - September 2003,GESIS Variable Report,146,ZA3937
v115,v115 0 1 N Sum N Valid Sum,Q19 CONS RIGHT COURT IMPRV: REIMBURSING COST,isocntry AT 823 (79.8) 208 (20.2) 1031 1031 BE 707 (68.6) 323 (31.4) 1030 1030 DE-E 712 (70.2) 302 (29.8) 1014 1014 DE-W 733 (70.3) 309 (29.7) 1042 1042 DK 776 (77.6) 224 (22.4) 1000 1000 ES 839 (83.9) 161 (16.1) 1000 1000 FI 857 (84.8) 154 (15.2) 1011 1011 FR 754 (71.7) 297 (28.3) 1051 1051 GB-GBN 757 (75.4) 247 (24.6) 1004 1004 GB-NIR 258 (83.2) 52 (16.8) 310 310 GR 811 (81.1) 189 (18.9) 1000 1000 IE 879 (87.8) 122 (12.2) 1001 1001 IT 799 (79.9) 201 (20.1) 1000 1000 LU 465 (76.7) 141 (23.3) 606 606 NL 720 (70.4) 303 (29.6) 1023 1023 PT 866 (86.6) 134 (13.4) 1000 1000 SE 734 (73.4) 266 (26.6) 1000 1000 N Sum 12490 3633 16123 N Valid Sum 12490 3633 16123 printed 25.01.2012 page 121 Eurobarometer 60.0 - September 2003,isocntry AT 823 (79.8) 208 (20.2) 1031 1031 BE 707 (68.6) 323 (31.4) 1030 1030 DE-E 712 (70.2) 302 (29.8) 1014 1014 DE-W 733 (70.3) 309 (29.7) 1042 1042 DK 776 (77.6) 224 (22.4) 1000 1000 ES 839 (83.9) 161 (16.1) 1000 1000 FI 857 (84.8) 154 (15.2) 1011 1011 FR 754 (71.7) 297 (28.3) 1051 1051 GB-GBN 757 (75.4) 247 (24.6) 1004 1004 GB-NIR 258 (83.2) 52 (16.8) 310 310 GR 811 (81.1) 189 (18.9) 1000 1000 IE 879 (87.8) 122 (12.2) 1001 1001 IT 799 (79.9) 201 (20.1) 1000 1000 LU 465 (76.7) 141 (23.3) 606 606 NL 720 (70.4) 303 (29.6) 1023 1023 PT 866 (86.6) 134 (13.4) 1000 1000 SE 734 (73.4) 266 (26.6) 1000 1000 N Sum 12490 3633 16123 N Valid Sum 12490 3633 16123 printed 25.01.2012 page 121 Eurobarometer 60.0 - September 2003,GESIS Variable Report,147,ZA3937
v116,v116 0 1 N Sum N Valid Sum,Q19 CONS RIGHT COURT IMPRV: EXT LEGAL ASSIST,isocntry AT 842 (81.7) 189 (18.3) 1031 1031 BE 834 (81.0) 196 (19.0) 1030 1030 DE-E 599 (59.1) 415 (40.9) 1014 1014 DE-W 617 (59.2) 425 (40.8) 1042 1042 DK 833 (83.3) 167 (16.7) 1000 1000 ES 816 (81.6) 184 (18.4) 1000 1000 FI 838 (82.9) 173 (17.1) 1011 1011 FR 791 (75.3) 260 (24.7) 1051 1051 GB-GBN 803 (80.0) 201 (20.0) 1004 1004 GB-NIR 266 (85.8) 44 (14.2) 310 310 GR 849 (84.9) 151 (15.1) 1000 1000 IE 910 (90.9) 91 (9.1) 1001 1001 IT 870 (87.0) 130 (13.0) 1000 1000 LU 468 (77.2) 138 (22.8) 606 606 NL 861 (84.2) 162 (15.8) 1023 1023 PT 904 (90.4) 96 (9.6) 1000 1000 SE 736 (73.6) 264 (26.4) 1000 1000 N Sum 12837 3286 16123 N Valid Sum 12837 3286 16123 printed 25.01.2012 page 122 Eurobarometer 60.0 - September 2003,isocntry AT 842 (81.7) 189 (18.3) 1031 1031 BE 834 (81.0) 196 (19.0) 1030 1030 DE-E 599 (59.1) 415 (40.9) 1014 1014 DE-W 617 (59.2) 425 (40.8) 1042 1042 DK 833 (83.3) 167 (16.7) 1000 1000 ES 816 (81.6) 184 (18.4) 1000 1000 FI 838 (82.9) 173 (17.1) 1011 1011 FR 791 (75.3) 260 (24.7) 1051 1051 GB-GBN 803 (80.0) 201 (20.0) 1004 1004 GB-NIR 266 (85.8) 44 (14.2) 310 310 GR 849 (84.9) 151 (15.1) 1000 1000 IE 910 (90.9) 91 (9.1) 1001 1001 IT 870 (87.0) 130 (13.0) 1000 1000 LU 468 (77.2) 138 (22.8) 606 606 NL 861 (84.2) 162 (15.8) 1023 1023 PT 904 (90.4) 96 (9.6) 1000 1000 SE 736 (73.6) 264 (26.4) 1000 1000 N Sum 12837 3286 16123 N Valid Sum 12837 3286 16123 printed 25.01.2012 page 122 Eurobarometer 60.0 - September 2003,GESIS Variable Report,148,ZA3937
v117,v117 0 1 N Sum N Valid Sum,Q19 CONS RIGHT COURT IMPRV: BETTER INFO,isocntry AT 711 (69.0) 320 (31.0) 1031 1031 BE 690 (67.0) 340 (33.0) 1030 1030 DE-E 651 (64.2) 363 (35.8) 1014 1014 DE-W 688 (66.0) 355 (34.0) 1043 1043 DK 684 (68.4) 316 (31.6) 1000 1000 ES 635 (63.5) 365 (36.5) 1000 1000 FI 711 (70.3) 300 (29.7) 1011 1011 FR 636 (60.5) 415 (39.5) 1051 1051 GB-GBN 670 (66.7) 334 (33.3) 1004 1004 GB-NIR 204 (65.8) 106 (34.2) 310 310 GR 728 (72.8) 272 (27.2) 1000 1000 IE 751 (75.0) 250 (25.0) 1001 1001 IT 670 (67.0) 330 (33.0) 1000 1000 LU 358 (59.1) 248 (40.9) 606 606 NL 757 (74.0) 266 (26.0) 1023 1023 PT 771 (77.1) 229 (22.9) 1000 1000 SE 499 (49.9) 501 (50.1) 1000 1000 N Sum 10814 5310 16124 N Valid Sum 10814 5310 16124 printed 25.01.2012 page 123 Eurobarometer 60.0 - September 2003,isocntry AT 711 (69.0) 320 (31.0) 1031 1031 BE 690 (67.0) 340 (33.0) 1030 1030 DE-E 651 (64.2) 363 (35.8) 1014 1014 DE-W 688 (66.0) 355 (34.0) 1043 1043 DK 684 (68.4) 316 (31.6) 1000 1000 ES 635 (63.5) 365 (36.5) 1000 1000 FI 711 (70.3) 300 (29.7) 1011 1011 FR 636 (60.5) 415 (39.5) 1051 1051 GB-GBN 670 (66.7) 334 (33.3) 1004 1004 GB-NIR 204 (65.8) 106 (34.2) 310 310 GR 728 (72.8) 272 (27.2) 1000 1000 IE 751 (75.0) 250 (25.0) 1001 1001 IT 670 (67.0) 330 (33.0) 1000 1000 LU 358 (59.1) 248 (40.9) 606 606 NL 757 (74.0) 266 (26.0) 1023 1023 PT 771 (77.1) 229 (22.9) 1000 1000 SE 499 (49.9) 501 (50.1) 1000 1000 N Sum 10814 5310 16124 N Valid Sum 10814 5310 16124 printed 25.01.2012 page 123 Eurobarometer 60.0 - September 2003,GESIS Variable Report,149,ZA3937
v118,v118 0 1 N Sum N Valid Sum,Q19 CONS RIGHT COURT IMPRV: OTHER,isocntry AT 1010 (98.0) 21 (2.0) 1031 1031 BE 1015 (98.5) 15 (1.5) 1030 1030 DE-E 1003 (98.9) 11 (1.1) 1014 1014 DE-W 1028 (98.7) 14 (1.3) 1042 1042 DK 982 (98.2) 18 (1.8) 1000 1000 ES 986 (98.6) 14 (1.4) 1000 1000 FI 998 (98.7) 13 (1.3) 1011 1011 FR 1037 (98.7) 14 (1.3) 1051 1051 GB-GBN 975 (97.1) 29 (2.9) 1004 1004 GB-NIR 307 (99.0) 3 (1.0) 310 310 GR 996 (99.6) 4 (0.4) 1000 1000 IE 982 (98.1) 19 (1.9) 1001 1001 IT 991 (99.1) 9 (0.9) 1000 1000 LU 600 (99.0) 6 (1.0) 606 606 NL 1002 (97.9) 21 (2.1) 1023 1023 PT 988 (98.8) 12 (1.2) 1000 1000 SE 986 (98.6) 14 (1.4) 1000 1000 N Sum 15886 237 16123 N Valid Sum 15886 237 16123 printed 25.01.2012 page 124 Eurobarometer 60.0 - September 2003,isocntry AT 1010 (98.0) 21 (2.0) 1031 1031 BE 1015 (98.5) 15 (1.5) 1030 1030 DE-E 1003 (98.9) 11 (1.1) 1014 1014 DE-W 1028 (98.7) 14 (1.3) 1042 1042 DK 982 (98.2) 18 (1.8) 1000 1000 ES 986 (98.6) 14 (1.4) 1000 1000 FI 998 (98.7) 13 (1.3) 1011 1011 FR 1037 (98.7) 14 (1.3) 1051 1051 GB-GBN 975 (97.1) 29 (2.9) 1004 1004 GB-NIR 307 (99.0) 3 (1.0) 310 310 GR 996 (99.6) 4 (0.4) 1000 1000 IE 982 (98.1) 19 (1.9) 1001 1001 IT 991 (99.1) 9 (0.9) 1000 1000 LU 600 (99.0) 6 (1.0) 606 606 NL 1002 (97.9) 21 (2.1) 1023 1023 PT 988 (98.8) 12 (1.2) 1000 1000 SE 986 (98.6) 14 (1.4) 1000 1000 N Sum 15886 237 16123 N Valid Sum 15886 237 16123 printed 25.01.2012 page 124 Eurobarometer 60.0 - September 2003,GESIS Variable Report,150,ZA3937
v119,v119 0 1 N Sum N Valid Sum,Q19 CONS RIGHT COURT IMPRV: DK,isocntry AT 940 (91.2) 91 (8.8) 1031 1031 BE 954 (92.6) 76 (7.4) 1030 1030 DE-E 969 (95.6) 45 (4.4) 1014 1014 DE-W 982 (94.2) 60 (5.8) 1042 1042 DK 927 (92.7) 73 (7.3) 1000 1000 ES 914 (91.4) 86 (8.6) 1000 1000 FI 969 (95.8) 42 (4.2) 1011 1011 FR 1023 (97.3) 28 (2.7) 1051 1051 GB-GBN 907 (90.3) 97 (9.7) 1004 1004 GB-NIR 277 (89.4) 33 (10.6) 310 310 GR 957 (95.7) 43 (4.3) 1000 1000 IE 896 (89.5) 105 (10.5) 1001 1001 IT 955 (95.5) 45 (4.5) 1000 1000 LU 581 (95.9) 25 (4.1) 606 606 NL 959 (93.7) 64 (6.3) 1023 1023 PT 953 (95.3) 47 (4.7) 1000 1000 SE 946 (94.6) 54 (5.4) 1000 1000 N Sum 15109 1014 16123 N Valid Sum 15109 1014 16123 printed 25.01.2012 page 125 Eurobarometer 60.0 - September 2003,isocntry AT 940 (91.2) 91 (8.8) 1031 1031 BE 954 (92.6) 76 (7.4) 1030 1030 DE-E 969 (95.6) 45 (4.4) 1014 1014 DE-W 982 (94.2) 60 (5.8) 1042 1042 DK 927 (92.7) 73 (7.3) 1000 1000 ES 914 (91.4) 86 (8.6) 1000 1000 FI 969 (95.8) 42 (4.2) 1011 1011 FR 1023 (97.3) 28 (2.7) 1051 1051 GB-GBN 907 (90.3) 97 (9.7) 1004 1004 GB-NIR 277 (89.4) 33 (10.6) 310 310 GR 957 (95.7) 43 (4.3) 1000 1000 IE 896 (89.5) 105 (10.5) 1001 1001 IT 955 (95.5) 45 (4.5) 1000 1000 LU 581 (95.9) 25 (4.1) 606 606 NL 959 (93.7) 64 (6.3) 1023 1023 PT 953 (95.3) 47 (4.7) 1000 1000 SE 946 (94.6) 54 (5.4) 1000 1000 N Sum 15109 1014 16123 N Valid Sum 15109 1014 16123 printed 25.01.2012 page 125 Eurobarometer 60.0 - September 2003,GESIS Variable Report,151,ZA3937
v120,,Q20 CONSUMER INTEREST PROTECTION - BEST,,Q20 CONSUMER INTEREST PROTECTION - BEST,GESIS Variable Report,152,ZA3937
v121,,Q21 COMPLAIN PROD ABROAD - MINIMUM AMOUNT,,Q21 COMPLAIN PROD ABROAD - MINIMUM AMOUNT,GESIS Variable Report,153,ZA3937
v122,v122 1 2 3 4 N Sum N Valid Sum,Q22 COMPLAIN PROD ABROAD - EVER REASON,isocntry M AT 70 (6.9) 764 (75.4) 179 (17.7) 18 1031 1013 BE 20 (2.0) 630 (62.4) 360 (35.6) 20 1030 1010 DE-E 31 (3.1) 764 (75.7) 214 (21.2) 6 1015 1009 DE-W 35 (3.4) 835 (81.1) 159 (15.5) 14 1043 1029 DK 50 (5.0) 851 (85.7) 92 (9.3) 6 999 993 ES 21 (2.1) 726 (73.8) 237 (24.1) 17 1001 984 FI 60 (6.1) 819 (82.8) 110 (11.1) 22 1011 989 FR 45 (4.3) 557 (53.5) 440 (42.2) 9 1051 1042 GB-GBN 52 (5.2) 760 (76.0) 188 (18.8) 4 1004 1000 GB-NIR 11 (3.6) 225 (72.8) 73 (23.6) 1 310 309 GR 10 (1.0) 594 (59.7) 391 (39.3) 5 1000 995 IE 27 (2.8) 693 (71.0) 256 (26.2) 25 1001 976 IT 6 (0.6) 736 (74.3) 249 (25.1) 9 1000 991 LU 61 (10.2) 463 (77.2) 76 (12.7) 6 606 600 NL 38 (3.7) 818 (80.5) 160 (15.7) 8 1024 1016 PT 9 (0.9) 466 (46.7) 523 (52.4) 2 1000 998 SE 64 (6.5) 811 (81.8) 116 (11.7) 9 1000 991 N Sum 610 11512 3823 181 16126 N Valid Sum 610 11512 3823 15945 printed 25.01.2012 page 128 Eurobarometer 60.0 - September 2003,isocntry M AT 70 (6.9) 764 (75.4) 179 (17.7) 18 1031 1013 BE 20 (2.0) 630 (62.4) 360 (35.6) 20 1030 1010 DE-E 31 (3.1) 764 (75.7) 214 (21.2) 6 1015 1009 DE-W 35 (3.4) 835 (81.1) 159 (15.5) 14 1043 1029 DK 50 (5.0) 851 (85.7) 92 (9.3) 6 999 993 ES 21 (2.1) 726 (73.8) 237 (24.1) 17 1001 984 FI 60 (6.1) 819 (82.8) 110 (11.1) 22 1011 989 FR 45 (4.3) 557 (53.5) 440 (42.2) 9 1051 1042 GB-GBN 52 (5.2) 760 (76.0) 188 (18.8) 4 1004 1000 GB-NIR 11 (3.6) 225 (72.8) 73 (23.6) 1 310 309 GR 10 (1.0) 594 (59.7) 391 (39.3) 5 1000 995 IE 27 (2.8) 693 (71.0) 256 (26.2) 25 1001 976 IT 6 (0.6) 736 (74.3) 249 (25.1) 9 1000 991 LU 61 (10.2) 463 (77.2) 76 (12.7) 6 606 600 NL 38 (3.7) 818 (80.5) 160 (15.7) 8 1024 1016 PT 9 (0.9) 466 (46.7) 523 (52.4) 2 1000 998 SE 64 (6.5) 811 (81.8) 116 (11.7) 9 1000 991 N Sum 610 11512 3823 181 16126 N Valid Sum 610 11512 3823 15945 printed 25.01.2012 page 128 Eurobarometer 60.0 - September 2003,GESIS Variable Report,154,ZA3937
v123,,Q23 COMPLAIN PROD ABROAD: NOTHING DONE,,Q23 COMPLAIN PROD ABROAD: NOTHING DONE,GESIS Variable Report,155,ZA3937
v124,,Q23 COMPLAIN PROD ABROAD: SALESMAN PERSONALLY,,Q23 COMPLAIN PROD ABROAD: SALESMAN PERSONALLY,GESIS Variable Report,156,ZA3937
v125,,Q23 COMPLAIN PROD ABROAD: SALESMAN TELEPHONE,,Q23 COMPLAIN PROD ABROAD: SALESMAN TELEPHONE,GESIS Variable Report,157,ZA3937
v126,,Q23 COMPLAIN PROD ABROAD: SALESMAN WRITTEN,,Q23 COMPLAIN PROD ABROAD: SALESMAN WRITTEN,GESIS Variable Report,158,ZA3937
v127,,Q23 COMPLAIN PROD ABROAD: SALESMAN E-MAIL,,Q23 COMPLAIN PROD ABROAD: SALESMAN E-MAIL,GESIS Variable Report,159,ZA3937
v128,,Q23 COMPLAIN PROD ABROAD: CNTRY CONSUMER ORG,,Q23 COMPLAIN PROD ABROAD: CNTRY CONSUMER ORG,GESIS Variable Report,160,ZA3937
v129,,Q23 COMPLAIN PROD ABROAD: NAT CONSUMER ORG,,Q23 COMPLAIN PROD ABROAD: NAT CONSUMER ORG,GESIS Variable Report,161,ZA3937
v130,,Q23 COMPLAIN PROD ABROAD: SOLICITOR,,Q23 COMPLAIN PROD ABROAD: SOLICITOR,GESIS Variable Report,162,ZA3937
v131,,Q23 COMPLAIN PROD ABROAD: CNTRY ARBITRATION,,Q23 COMPLAIN PROD ABROAD: CNTRY ARBITRATION,GESIS Variable Report,163,ZA3937
v132,,Q23 COMPLAIN PROD ABROAD: NAT ARBITRATION,,Q23 COMPLAIN PROD ABROAD: NAT ARBITRATION,GESIS Variable Report,164,ZA3937
v133,,Q23 COMPLAIN PROD ABROAD: CNTRY COURT,,Q23 COMPLAIN PROD ABROAD: CNTRY COURT,GESIS Variable Report,165,ZA3937
v134,,Q23 COMPLAIN PROD ABROAD: NAT COURT,,Q23 COMPLAIN PROD ABROAD: NAT COURT,GESIS Variable Report,166,ZA3937
v135,,Q23 COMPLAIN PROD ABROAD: SOMEONE ELSE,,Q23 COMPLAIN PROD ABROAD: SOMEONE ELSE,GESIS Variable Report,167,ZA3937
v136,,Q23 COMPLAIN PROD ABROAD: DK,,Q23 COMPLAIN PROD ABROAD: DK,GESIS Variable Report,168,ZA3937
v137,,Q24 COMPLAIN PROD ABROAD - SATISFACTION,,Q24 COMPLAIN PROD ABROAD - SATISFACTION,GESIS Variable Report,169,ZA3937
v138,,Q25 COMPLAIN PROD ABROAD - BEST,,Q25 COMPLAIN PROD ABROAD - BEST,GESIS Variable Report,170,ZA3937
v139,v139 1 2 3 N Sum N Valid Sum,Q26A EU EXTR-JURIDIC NETW - USE FOR INFO,isocntry M AT 439 (56.5) 338 (43.5) 254 1031 777 BE 585 (67.7) 279 (32.3) 166 1030 864 DE-E 473 (59.5) 322 (40.5) 220 1015 795 DE-W 575 (71.0) 235 (29.0) 232 1042 810 DK 621 (70.0) 266 (30.0) 113 1000 887 ES 351 (40.7) 512 (59.3) 137 1000 863 FI 707 (79.2) 186 (20.8) 118 1011 893 FR 664 (73.2) 243 (26.8) 144 1051 907 GB-GBN 593 (74.6) 202 (25.4) 209 1004 795 GB-NIR 174 (64.0) 98 (36.0) 38 310 272 GR 595 (67.4) 288 (32.6) 117 1000 883 IE 577 (69.8) 250 (30.2) 174 1001 827 IT 692 (82.7) 145 (17.3) 163 1000 837 LU 429 (77.3) 126 (22.7) 51 606 555 NL 683 (76.9) 205 (23.1) 135 1023 888 PT 586 (71.9) 229 (28.1) 185 1000 815 SE 789 (88.6) 102 (11.4) 109 1000 891 N Sum 9533 4026 2565 16124 N Valid Sum 9533 4026 13559 printed 25.01.2012 page 145 Eurobarometer 60.0 - September 2003,isocntry M AT 439 (56.5) 338 (43.5) 254 1031 777 BE 585 (67.7) 279 (32.3) 166 1030 864 DE-E 473 (59.5) 322 (40.5) 220 1015 795 DE-W 575 (71.0) 235 (29.0) 232 1042 810 DK 621 (70.0) 266 (30.0) 113 1000 887 ES 351 (40.7) 512 (59.3) 137 1000 863 FI 707 (79.2) 186 (20.8) 118 1011 893 FR 664 (73.2) 243 (26.8) 144 1051 907 GB-GBN 593 (74.6) 202 (25.4) 209 1004 795 GB-NIR 174 (64.0) 98 (36.0) 38 310 272 GR 595 (67.4) 288 (32.6) 117 1000 883 IE 577 (69.8) 250 (30.2) 174 1001 827 IT 692 (82.7) 145 (17.3) 163 1000 837 LU 429 (77.3) 126 (22.7) 51 606 555 NL 683 (76.9) 205 (23.1) 135 1023 888 PT 586 (71.9) 229 (28.1) 185 1000 815 SE 789 (88.6) 102 (11.4) 109 1000 891 N Sum 9533 4026 2565 16124 N Valid Sum 9533 4026 13559 printed 25.01.2012 page 145 Eurobarometer 60.0 - September 2003,GESIS Variable Report,171,ZA3937
v140,v140 1 2 3 N Sum N Valid Sum,Q26B EU EXTR-JURIDIC NETW - USE FOR COMPL,isocntry M AT 458 (60.7) 297 (39.3) 276 1031 755 BE 548 (65.8) 285 (34.2) 197 1030 833 DE-E 446 (58.5) 317 (41.5) 251 1014 763 DE-W 546 (69.3) 242 (30.7) 255 1043 788 DK 572 (67.2) 279 (32.8) 149 1000 851 ES 296 (36.5) 515 (63.5) 189 1000 811 FI 655 (78.3) 182 (21.7) 173 1010 837 FR 511 (62.9) 301 (37.1) 239 1051 812 GB-GBN 548 (72.4) 209 (27.6) 248 1005 757 GB-NIR 151 (59.4) 103 (40.6) 56 310 254 GR 486 (58.8) 341 (41.2) 173 1000 827 IE 507 (66.0) 261 (34.0) 233 1001 768 IT 550 (75.0) 183 (25.0) 267 1000 733 LU 349 (67.1) 171 (32.9) 87 607 520 NL 640 (75.2) 211 (24.8) 172 1023 851 PT 565 (71.0) 231 (29.0) 204 1000 796 SE 720 (85.7) 120 (14.3) 160 1000 840 N Sum 8548 4248 3329 16125 N Valid Sum 8548 4248 12796 printed 25.01.2012 page 146 Eurobarometer 60.0 - September 2003,isocntry M AT 458 (60.7) 297 (39.3) 276 1031 755 BE 548 (65.8) 285 (34.2) 197 1030 833 DE-E 446 (58.5) 317 (41.5) 251 1014 763 DE-W 546 (69.3) 242 (30.7) 255 1043 788 DK 572 (67.2) 279 (32.8) 149 1000 851 ES 296 (36.5) 515 (63.5) 189 1000 811 FI 655 (78.3) 182 (21.7) 173 1010 837 FR 511 (62.9) 301 (37.1) 239 1051 812 GB-GBN 548 (72.4) 209 (27.6) 248 1005 757 GB-NIR 151 (59.4) 103 (40.6) 56 310 254 GR 486 (58.8) 341 (41.2) 173 1000 827 IE 507 (66.0) 261 (34.0) 233 1001 768 IT 550 (75.0) 183 (25.0) 267 1000 733 LU 349 (67.1) 171 (32.9) 87 607 520 NL 640 (75.2) 211 (24.8) 172 1023 851 PT 565 (71.0) 231 (29.0) 204 1000 796 SE 720 (85.7) 120 (14.3) 160 1000 840 N Sum 8548 4248 3329 16125 N Valid Sum 8548 4248 12796 printed 25.01.2012 page 146 Eurobarometer 60.0 - September 2003,GESIS Variable Report,172,ZA3937
v141,v141 1 2 3 N Sum N Valid Sum,Q27A EU EXTR-JURIDIC NETW - WEB HEARD,isocntry M AT 82 (8.5) 878 (91.5) 71 1031 960 BE 34 (3.4) 974 (96.6) 23 1031 1008 DE-E 68 (6.9) 923 (93.1) 23 1014 991 DE-W 62 (6.1) 953 (93.9) 27 1042 1015 DK 36 (3.6) 959 (96.4) 5 1000 995 ES 62 (6.5) 894 (93.5) 44 1000 956 FI 73 (7.4) 909 (92.6) 29 1011 982 FR 55 (5.3) 984 (94.7) 12 1051 1039 GB-GBN 36 (3.7) 939 (96.3) 29 1004 975 GB-NIR 9 (2.9) 300 (97.1) 1 310 309 GR 51 (5.2) 921 (94.8) 28 1000 972 IE 91 (9.3) 891 (90.7) 19 1001 982 IT 55 (5.6) 928 (94.4) 18 1001 983 LU 94 (15.8) 502 (84.2) 9 605 596 NL 50 (4.9) 966 (95.1) 7 1023 1016 PT 64 (6.4) 932 (93.6) 4 1000 996 SE 45 (4.5) 946 (95.5) 9 1000 991 N Sum 967 14799 358 16124 N Valid Sum 967 14799 15766 printed 25.01.2012 page 147 Eurobarometer 60.0 - September 2003,isocntry M AT 82 (8.5) 878 (91.5) 71 1031 960 BE 34 (3.4) 974 (96.6) 23 1031 1008 DE-E 68 (6.9) 923 (93.1) 23 1014 991 DE-W 62 (6.1) 953 (93.9) 27 1042 1015 DK 36 (3.6) 959 (96.4) 5 1000 995 ES 62 (6.5) 894 (93.5) 44 1000 956 FI 73 (7.4) 909 (92.6) 29 1011 982 FR 55 (5.3) 984 (94.7) 12 1051 1039 GB-GBN 36 (3.7) 939 (96.3) 29 1004 975 GB-NIR 9 (2.9) 300 (97.1) 1 310 309 GR 51 (5.2) 921 (94.8) 28 1000 972 IE 91 (9.3) 891 (90.7) 19 1001 982 IT 55 (5.6) 928 (94.4) 18 1001 983 LU 94 (15.8) 502 (84.2) 9 605 596 NL 50 (4.9) 966 (95.1) 7 1023 1016 PT 64 (6.4) 932 (93.6) 4 1000 996 SE 45 (4.5) 946 (95.5) 9 1000 991 N Sum 967 14799 358 16124 N Valid Sum 967 14799 15766 printed 25.01.2012 page 147 Eurobarometer 60.0 - September 2003,GESIS Variable Report,173,ZA3937
v142,,Q27B EU EXTR-JURIDIC NETW - WEB VISITED,,Q27B EU EXTR-JURIDIC NETW - WEB VISITED,GESIS Variable Report,174,ZA3937
v143,,Q28 SINGLE FORM TO COMPLAIN IN EU,,Q28 SINGLE FORM TO COMPLAIN IN EU,GESIS Variable Report,175,ZA3937
v144,v144 1 2 3 N Sum N Valid Sum,Q29 SINGLE FORM TO COMPLAIN IN EU - HEARD,isocntry M AT 95 (10.2) 837 (89.8) 99 1031 932 BE 35 (3.5) 970 (96.5) 24 1029 1005 DE-E 52 (5.3) 932 (94.7) 31 1015 984 DE-W 57 (5.7) 943 (94.3) 43 1043 1000 DK 33 (3.3) 959 (96.7) 8 1000 992 ES 45 (4.9) 880 (95.1) 75 1000 925 FI 71 (7.2) 914 (92.8) 26 1011 985 FR 54 (5.3) 973 (94.7) 24 1051 1027 GB-GBN 28 (2.9) 944 (97.1) 32 1004 972 GB-NIR 8 (2.6) 298 (97.4) 4 310 306 GR 43 (4.4) 942 (95.6) 15 1000 985 IE 68 (7.3) 863 (92.7) 70 1001 931 IT 55 (5.7) 918 (94.3) 28 1001 973 LU 56 (9.4) 537 (90.6) 13 606 593 NL 38 (3.8) 974 (96.2) 11 1023 1012 PT 85 (8.6) 898 (91.4) 17 1000 983 SE 19 (1.9) 972 (98.1) 9 1000 991 N Sum 842 14754 529 16125 N Valid Sum 842 14754 15596 printed 25.01.2012 page 150 Eurobarometer 60.0 - September 2003,isocntry M AT 95 (10.2) 837 (89.8) 99 1031 932 BE 35 (3.5) 970 (96.5) 24 1029 1005 DE-E 52 (5.3) 932 (94.7) 31 1015 984 DE-W 57 (5.7) 943 (94.3) 43 1043 1000 DK 33 (3.3) 959 (96.7) 8 1000 992 ES 45 (4.9) 880 (95.1) 75 1000 925 FI 71 (7.2) 914 (92.8) 26 1011 985 FR 54 (5.3) 973 (94.7) 24 1051 1027 GB-GBN 28 (2.9) 944 (97.1) 32 1004 972 GB-NIR 8 (2.6) 298 (97.4) 4 310 306 GR 43 (4.4) 942 (95.6) 15 1000 985 IE 68 (7.3) 863 (92.7) 70 1001 931 IT 55 (5.7) 918 (94.3) 28 1001 973 LU 56 (9.4) 537 (90.6) 13 606 593 NL 38 (3.8) 974 (96.2) 11 1023 1012 PT 85 (8.6) 898 (91.4) 17 1000 983 SE 19 (1.9) 972 (98.1) 9 1000 991 N Sum 842 14754 529 16125 N Valid Sum 842 14754 15596 printed 25.01.2012 page 150 Eurobarometer 60.0 - September 2003,GESIS Variable Report,176,ZA3937
v145,,Q30 DATA PROTECTION - PRIVACY CONCERN,,Q30 DATA PROTECTION - PRIVACY CONCERN,GESIS Variable Report,177,ZA3937
v146,v146 1 2 3 N Sum N Valid Sum,Q31 DATA PROTEC TRUST: MEDICAL SERVICES,isocntry M AT 849 (87.3) 124 (12.7) 58 1031 973 BE 918 (91.4) 86 (8.6) 27 1031 1004 DE-E 893 (91.6) 82 (8.4) 39 1014 975 DE-W 834 (85.2) 145 (14.8) 63 1042 979 DK 908 (93.1) 67 (6.9) 25 1000 975 ES 834 (85.4) 143 (14.6) 23 1000 977 FI 899 (90.6) 93 (9.4) 19 1011 992 FR 915 (89.4) 109 (10.6) 27 1051 1024 GB-GBN 879 (89.6) 102 (10.4) 24 1005 981 GB-NIR 281 (91.8) 25 (8.2) 5 311 306 GR 732 (75.5) 238 (24.5) 30 1000 970 IE 844 (89.8) 96 (10.2) 61 1001 940 IT 789 (87.7) 111 (12.3) 101 1001 900 LU 513 (88.4) 67 (11.6) 26 606 580 NL 936 (92.9) 71 (7.1) 16 1023 1007 PT 821 (84.8) 147 (15.2) 32 1000 968 SE 870 (89.0) 107 (11.0) 22 999 977 N Sum 13715 1813 598 16126 N Valid Sum 13715 1813 15528 printed 25.01.2012 page 152 Eurobarometer 60.0 - September 2003,isocntry M AT 849 (87.3) 124 (12.7) 58 1031 973 BE 918 (91.4) 86 (8.6) 27 1031 1004 DE-E 893 (91.6) 82 (8.4) 39 1014 975 DE-W 834 (85.2) 145 (14.8) 63 1042 979 DK 908 (93.1) 67 (6.9) 25 1000 975 ES 834 (85.4) 143 (14.6) 23 1000 977 FI 899 (90.6) 93 (9.4) 19 1011 992 FR 915 (89.4) 109 (10.6) 27 1051 1024 GB-GBN 879 (89.6) 102 (10.4) 24 1005 981 GB-NIR 281 (91.8) 25 (8.2) 5 311 306 GR 732 (75.5) 238 (24.5) 30 1000 970 IE 844 (89.8) 96 (10.2) 61 1001 940 IT 789 (87.7) 111 (12.3) 101 1001 900 LU 513 (88.4) 67 (11.6) 26 606 580 NL 936 (92.9) 71 (7.1) 16 1023 1007 PT 821 (84.8) 147 (15.2) 32 1000 968 SE 870 (89.0) 107 (11.0) 22 999 977 N Sum 13715 1813 598 16126 N Valid Sum 13715 1813 15528 printed 25.01.2012 page 152 Eurobarometer 60.0 - September 2003,GESIS Variable Report,178,ZA3937
v147,v147 1 2 3 N Sum N Valid Sum,Q31 DATA PROTEC TRUST: INSURANCE COMPANY,isocntry M AT 590 (63.0) 347 (37.0) 94 1031 937 BE 536 (55.6) 428 (44.4) 67 1031 964 DE-E 434 (46.9) 492 (53.1) 88 1014 926 DE-W 393 (42.6) 529 (57.4) 121 1043 922 DK 592 (64.5) 326 (35.5) 82 1000 918 ES 492 (53.5) 427 (46.5) 81 1000 919 FI 726 (76.7) 220 (23.3) 66 1012 946 FR 428 (43.9) 547 (56.1) 77 1052 975 GB-GBN 384 (43.1) 506 (56.9) 113 1003 890 GB-NIR 155 (55.6) 124 (44.4) 31 310 279 GR 266 (29.0) 652 (71.0) 81 999 918 IE 357 (42.6) 482 (57.4) 162 1001 839 IT 346 (41.4) 489 (58.6) 165 1000 835 LU 419 (72.4) 160 (27.6) 27 606 579 NL 552 (58.8) 387 (41.2) 84 1023 939 PT 490 (53.0) 434 (47.0) 76 1000 924 SE 623 (66.6) 313 (33.4) 65 1001 936 N Sum 7783 6863 1480 16126 N Valid Sum 7783 6863 14646 printed 25.01.2012 page 153 Eurobarometer 60.0 - September 2003,isocntry M AT 590 (63.0) 347 (37.0) 94 1031 937 BE 536 (55.6) 428 (44.4) 67 1031 964 DE-E 434 (46.9) 492 (53.1) 88 1014 926 DE-W 393 (42.6) 529 (57.4) 121 1043 922 DK 592 (64.5) 326 (35.5) 82 1000 918 ES 492 (53.5) 427 (46.5) 81 1000 919 FI 726 (76.7) 220 (23.3) 66 1012 946 FR 428 (43.9) 547 (56.1) 77 1052 975 GB-GBN 384 (43.1) 506 (56.9) 113 1003 890 GB-NIR 155 (55.6) 124 (44.4) 31 310 279 GR 266 (29.0) 652 (71.0) 81 999 918 IE 357 (42.6) 482 (57.4) 162 1001 839 IT 346 (41.4) 489 (58.6) 165 1000 835 LU 419 (72.4) 160 (27.6) 27 606 579 NL 552 (58.8) 387 (41.2) 84 1023 939 PT 490 (53.0) 434 (47.0) 76 1000 924 SE 623 (66.6) 313 (33.4) 65 1001 936 N Sum 7783 6863 1480 16126 N Valid Sum 7783 6863 14646 printed 25.01.2012 page 153 Eurobarometer 60.0 - September 2003,GESIS Variable Report,179,ZA3937
v148,v148 1 2 3 N Sum N Valid Sum,Q31 DATA PROTEC TRUST: CREDIT CARD COMP,isocntry M AT 442 (48.8) 464 (51.2) 125 1031 906 BE 504 (54.1) 428 (45.9) 98 1030 932 DE-E 420 (49.9) 421 (50.1) 174 1015 841 DE-W 300 (34.8) 563 (65.2) 180 1043 863 DK 484 (57.6) 357 (42.4) 158 999 841 ES 436 (47.6) 480 (52.4) 84 1000 916 FI 642 (73.4) 233 (26.6) 136 1011 875 FR 337 (35.0) 626 (65.0) 88 1051 963 GB-GBN 264 (30.5) 601 (69.5) 139 1004 865 GB-NIR 90 (33.7) 177 (66.3) 42 309 267 GR 126 (13.6) 799 (86.4) 74 999 925 IE 253 (32.2) 533 (67.8) 215 1001 786 IT 374 (47.0) 422 (53.0) 204 1000 796 LU 379 (67.3) 184 (32.7) 43 606 563 NL 394 (45.3) 475 (54.7) 155 1024 869 PT 433 (48.3) 463 (51.7) 104 1000 896 SE 451 (51.2) 430 (48.8) 118 999 881 N Sum 6329 7656 2137 16122 N Valid Sum 6329 7656 13985 printed 25.01.2012 page 154 Eurobarometer 60.0 - September 2003,isocntry M AT 442 (48.8) 464 (51.2) 125 1031 906 BE 504 (54.1) 428 (45.9) 98 1030 932 DE-E 420 (49.9) 421 (50.1) 174 1015 841 DE-W 300 (34.8) 563 (65.2) 180 1043 863 DK 484 (57.6) 357 (42.4) 158 999 841 ES 436 (47.6) 480 (52.4) 84 1000 916 FI 642 (73.4) 233 (26.6) 136 1011 875 FR 337 (35.0) 626 (65.0) 88 1051 963 GB-GBN 264 (30.5) 601 (69.5) 139 1004 865 GB-NIR 90 (33.7) 177 (66.3) 42 309 267 GR 126 (13.6) 799 (86.4) 74 999 925 IE 253 (32.2) 533 (67.8) 215 1001 786 IT 374 (47.0) 422 (53.0) 204 1000 796 LU 379 (67.3) 184 (32.7) 43 606 563 NL 394 (45.3) 475 (54.7) 155 1024 869 PT 433 (48.3) 463 (51.7) 104 1000 896 SE 451 (51.2) 430 (48.8) 118 999 881 N Sum 6329 7656 2137 16122 N Valid Sum 6329 7656 13985 printed 25.01.2012 page 154 Eurobarometer 60.0 - September 2003,GESIS Variable Report,180,ZA3937
v149,v149 1 2 3 N Sum N Valid Sum,Q31 DATA PROTEC TRUST: BANKS FINAN INST,isocntry M AT 693 (71.7) 273 (28.3) 65 1031 966 BE 635 (64.9) 344 (35.1) 51 1030 979 DE-E 646 (68.9) 292 (31.1) 76 1014 938 DE-W 563 (60.0) 376 (40.0) 104 1043 939 DK 787 (82.1) 172 (17.9) 41 1000 959 ES 526 (55.8) 416 (44.2) 58 1000 942 FI 866 (86.9) 130 (13.1) 15 1011 996 FR 463 (46.7) 528 (53.3) 59 1050 991 GB-GBN 601 (64.1) 337 (35.9) 66 1004 938 GB-NIR 201 (68.1) 94 (31.9) 15 310 295 GR 358 (37.8) 588 (62.2) 55 1001 946 IE 436 (49.2) 451 (50.8) 114 1001 887 IT 475 (55.5) 381 (44.5) 144 1000 856 LU 428 (74.0) 150 (26.0) 28 606 578 NL 697 (71.9) 273 (28.1) 53 1023 970 PT 659 (70.0) 282 (30.0) 59 1000 941 SE 805 (84.1) 152 (15.9) 43 1000 957 N Sum 9839 5239 1046 16124 N Valid Sum 9839 5239 15078 printed 25.01.2012 page 155 Eurobarometer 60.0 - September 2003,isocntry M AT 693 (71.7) 273 (28.3) 65 1031 966 BE 635 (64.9) 344 (35.1) 51 1030 979 DE-E 646 (68.9) 292 (31.1) 76 1014 938 DE-W 563 (60.0) 376 (40.0) 104 1043 939 DK 787 (82.1) 172 (17.9) 41 1000 959 ES 526 (55.8) 416 (44.2) 58 1000 942 FI 866 (86.9) 130 (13.1) 15 1011 996 FR 463 (46.7) 528 (53.3) 59 1050 991 GB-GBN 601 (64.1) 337 (35.9) 66 1004 938 GB-NIR 201 (68.1) 94 (31.9) 15 310 295 GR 358 (37.8) 588 (62.2) 55 1001 946 IE 436 (49.2) 451 (50.8) 114 1001 887 IT 475 (55.5) 381 (44.5) 144 1000 856 LU 428 (74.0) 150 (26.0) 28 606 578 NL 697 (71.9) 273 (28.1) 53 1023 970 PT 659 (70.0) 282 (30.0) 59 1000 941 SE 805 (84.1) 152 (15.9) 43 1000 957 N Sum 9839 5239 1046 16124 N Valid Sum 9839 5239 15078 printed 25.01.2012 page 155 Eurobarometer 60.0 - September 2003,GESIS Variable Report,181,ZA3937
v150,v150 1 2 3 N Sum N Valid Sum,Q31 DATA PROTEC TRUST: EMPLOYERS,isocntry M AT 694 (76.3) 215 (23.7) 122 1031 909 BE 603 (66.8) 300 (33.2) 127 1030 903 DE-E 442 (53.9) 378 (46.1) 194 1014 820 DE-W 577 (65.9) 299 (34.1) 167 1043 876 DK 716 (81.5) 162 (18.5) 122 1000 878 ES 461 (52.1) 423 (47.9) 117 1001 884 FI 643 (71.6) 255 (28.4) 113 1011 898 FR 548 (57.1) 411 (42.9) 92 1051 959 GB-GBN 579 (67.4) 280 (32.6) 144 1003 859 GB-NIR 205 (73.7) 73 (26.3) 32 310 278 GR 443 (47.7) 485 (52.3) 72 1000 928 IE 606 (71.4) 243 (28.6) 152 1001 849 IT 539 (66.1) 276 (33.9) 185 1000 815 LU 378 (70.9) 155 (29.1) 73 606 533 NL 688 (75.6) 222 (24.4) 113 1023 910 PT 584 (64.5) 321 (35.5) 95 1000 905 SE 637 (70.2) 271 (29.8) 92 1000 908 N Sum 9343 4769 2012 16124 N Valid Sum 9343 4769 14112 printed 25.01.2012 page 156 Eurobarometer 60.0 - September 2003,isocntry M AT 694 (76.3) 215 (23.7) 122 1031 909 BE 603 (66.8) 300 (33.2) 127 1030 903 DE-E 442 (53.9) 378 (46.1) 194 1014 820 DE-W 577 (65.9) 299 (34.1) 167 1043 876 DK 716 (81.5) 162 (18.5) 122 1000 878 ES 461 (52.1) 423 (47.9) 117 1001 884 FI 643 (71.6) 255 (28.4) 113 1011 898 FR 548 (57.1) 411 (42.9) 92 1051 959 GB-GBN 579 (67.4) 280 (32.6) 144 1003 859 GB-NIR 205 (73.7) 73 (26.3) 32 310 278 GR 443 (47.7) 485 (52.3) 72 1000 928 IE 606 (71.4) 243 (28.6) 152 1001 849 IT 539 (66.1) 276 (33.9) 185 1000 815 LU 378 (70.9) 155 (29.1) 73 606 533 NL 688 (75.6) 222 (24.4) 113 1023 910 PT 584 (64.5) 321 (35.5) 95 1000 905 SE 637 (70.2) 271 (29.8) 92 1000 908 N Sum 9343 4769 2012 16124 N Valid Sum 9343 4769 14112 printed 25.01.2012 page 156 Eurobarometer 60.0 - September 2003,GESIS Variable Report,182,ZA3937
v151,v151 1 2 3 N Sum N Valid Sum,Q31 DATA PROTEC TRUST: POLICE,isocntry M AT 748 (77.9) 212 (22.1) 71 1031 960 BE 657 (68.0) 309 (32.0) 64 1030 966 DE-E 729 (79.4) 189 (20.6) 96 1014 918 DE-W 788 (81.8) 175 (18.2) 79 1042 963 DK 848 (88.6) 109 (11.4) 43 1000 957 ES 771 (80.1) 191 (19.9) 38 1000 962 FI 879 (89.7) 101 (10.3) 31 1011 980 FR 699 (71.1) 284 (28.9) 68 1051 983 GB-GBN 661 (71.1) 269 (28.9) 74 1004 930 GB-NIR 226 (78.2) 63 (21.8) 21 310 289 GR 675 (69.7) 294 (30.3) 30 999 969 IE 676 (73.7) 241 (26.3) 84 1001 917 IT 733 (84.3) 137 (15.7) 131 1001 870 LU 449 (78.4) 124 (21.6) 32 605 573 NL 770 (78.2) 215 (21.8) 38 1023 985 PT 732 (77.0) 219 (23.0) 49 1000 951 SE 813 (84.8) 146 (15.2) 41 1000 959 N Sum 11854 3278 990 16122 N Valid Sum 11854 3278 15132 printed 25.01.2012 page 157 Eurobarometer 60.0 - September 2003,isocntry M AT 748 (77.9) 212 (22.1) 71 1031 960 BE 657 (68.0) 309 (32.0) 64 1030 966 DE-E 729 (79.4) 189 (20.6) 96 1014 918 DE-W 788 (81.8) 175 (18.2) 79 1042 963 DK 848 (88.6) 109 (11.4) 43 1000 957 ES 771 (80.1) 191 (19.9) 38 1000 962 FI 879 (89.7) 101 (10.3) 31 1011 980 FR 699 (71.1) 284 (28.9) 68 1051 983 GB-GBN 661 (71.1) 269 (28.9) 74 1004 930 GB-NIR 226 (78.2) 63 (21.8) 21 310 289 GR 675 (69.7) 294 (30.3) 30 999 969 IE 676 (73.7) 241 (26.3) 84 1001 917 IT 733 (84.3) 137 (15.7) 131 1001 870 LU 449 (78.4) 124 (21.6) 32 605 573 NL 770 (78.2) 215 (21.8) 38 1023 985 PT 732 (77.0) 219 (23.0) 49 1000 951 SE 813 (84.8) 146 (15.2) 41 1000 959 N Sum 11854 3278 990 16122 N Valid Sum 11854 3278 15132 printed 25.01.2012 page 157 Eurobarometer 60.0 - September 2003,GESIS Variable Report,183,ZA3937
v152,v152 1 2 3 N Sum N Valid Sum,Q31 DATA PROTEC TRUST: SOCIAL SECURITY,isocntry M AT 766 (78.8) 206 (21.2) 59 1031 972 BE 737 (78.8) 198 (21.2) 95 1030 935 DE-E 677 (74.3) 234 (25.7) 103 1014 911 DE-W 662 (72.5) 251 (27.5) 129 1042 913 DK 703 (78.4) 194 (21.6) 103 1000 897 ES 793 (81.9) 175 (18.1) 32 1000 968 FI 811 (83.8) 157 (16.2) 43 1011 968 FR 775 (77.4) 226 (22.6) 50 1051 1001 GB-GBN 601 (68.7) 274 (31.3) 129 1004 875 GB-NIR 232 (80.3) 57 (19.7) 21 310 289 GR 673 (70.3) 284 (29.7) 43 1000 957 IE 626 (71.3) 252 (28.7) 123 1001 878 IT 676 (79.6) 173 (20.4) 151 1000 849 LU 505 (86.9) 76 (13.1) 25 606 581 NL 679 (74.8) 229 (25.2) 115 1023 908 PT 787 (82.4) 168 (17.6) 45 1000 955 SE 642 (71.9) 251 (28.1) 107 1000 893 N Sum 11345 3405 1373 16123 N Valid Sum 11345 3405 14750 printed 25.01.2012 page 158 Eurobarometer 60.0 - September 2003,isocntry M AT 766 (78.8) 206 (21.2) 59 1031 972 BE 737 (78.8) 198 (21.2) 95 1030 935 DE-E 677 (74.3) 234 (25.7) 103 1014 911 DE-W 662 (72.5) 251 (27.5) 129 1042 913 DK 703 (78.4) 194 (21.6) 103 1000 897 ES 793 (81.9) 175 (18.1) 32 1000 968 FI 811 (83.8) 157 (16.2) 43 1011 968 FR 775 (77.4) 226 (22.6) 50 1051 1001 GB-GBN 601 (68.7) 274 (31.3) 129 1004 875 GB-NIR 232 (80.3) 57 (19.7) 21 310 289 GR 673 (70.3) 284 (29.7) 43 1000 957 IE 626 (71.3) 252 (28.7) 123 1001 878 IT 676 (79.6) 173 (20.4) 151 1000 849 LU 505 (86.9) 76 (13.1) 25 606 581 NL 679 (74.8) 229 (25.2) 115 1023 908 PT 787 (82.4) 168 (17.6) 45 1000 955 SE 642 (71.9) 251 (28.1) 107 1000 893 N Sum 11345 3405 1373 16123 N Valid Sum 11345 3405 14750 printed 25.01.2012 page 158 Eurobarometer 60.0 - September 2003,GESIS Variable Report,184,ZA3937
v153,v153 1 2 3 N Sum N Valid Sum,Q31 DATA PROTEC TRUST: TAX AUTHORITIES,isocntry M AT 629 (68.4) 291 (31.6) 111 1031 920 BE 545 (58.1) 393 (41.9) 91 1029 938 DE-E 500 (56.5) 385 (43.5) 130 1015 885 DE-W 569 (61.6) 355 (38.4) 118 1042 924 DK 767 (81.7) 172 (18.3) 61 1000 939 ES 674 (71.4) 270 (28.6) 56 1000 944 FI 811 (83.4) 161 (16.6) 40 1012 972 FR 584 (61.0) 374 (39.0) 92 1050 958 GB-GBN 616 (69.6) 269 (30.4) 119 1004 885 GB-NIR 203 (71.7) 80 (28.3) 27 310 283 GR 577 (60.2) 381 (39.8) 42 1000 958 IE 505 (58.5) 358 (41.5) 138 1001 863 IT 522 (63.1) 305 (36.9) 174 1001 827 LU 398 (72.1) 154 (27.9) 53 605 552 NL 757 (78.2) 211 (21.8) 55 1023 968 PT 624 (67.5) 301 (32.5) 75 1000 925 SE 812 (85.0) 143 (15.0) 46 1001 955 N Sum 10093 4603 1428 16124 N Valid Sum 10093 4603 14696 printed 25.01.2012 page 159 Eurobarometer 60.0 - September 2003,isocntry M AT 629 (68.4) 291 (31.6) 111 1031 920 BE 545 (58.1) 393 (41.9) 91 1029 938 DE-E 500 (56.5) 385 (43.5) 130 1015 885 DE-W 569 (61.6) 355 (38.4) 118 1042 924 DK 767 (81.7) 172 (18.3) 61 1000 939 ES 674 (71.4) 270 (28.6) 56 1000 944 FI 811 (83.4) 161 (16.6) 40 1012 972 FR 584 (61.0) 374 (39.0) 92 1050 958 GB-GBN 616 (69.6) 269 (30.4) 119 1004 885 GB-NIR 203 (71.7) 80 (28.3) 27 310 283 GR 577 (60.2) 381 (39.8) 42 1000 958 IE 505 (58.5) 358 (41.5) 138 1001 863 IT 522 (63.1) 305 (36.9) 174 1001 827 LU 398 (72.1) 154 (27.9) 53 605 552 NL 757 (78.2) 211 (21.8) 55 1023 968 PT 624 (67.5) 301 (32.5) 75 1000 925 SE 812 (85.0) 143 (15.0) 46 1001 955 N Sum 10093 4603 1428 16124 N Valid Sum 10093 4603 14696 printed 25.01.2012 page 159 Eurobarometer 60.0 - September 2003,GESIS Variable Report,185,ZA3937
v154,v154 1 2 3 N Sum N Valid Sum,Q31 DATA PROTEC TRUST: LOC AUTHORITIES,isocntry M AT 644 (69.7) 280 (30.3) 108 1032 924 BE 608 (64.5) 335 (35.5) 87 1030 943 DE-E 498 (56.0) 392 (44.0) 124 1014 890 DE-W 618 (66.8) 307 (33.2) 117 1042 925 DK 755 (82.6) 159 (17.4) 86 1000 914 ES 697 (73.8) 247 (26.2) 56 1000 944 FI 668 (71.1) 272 (28.9) 71 1011 940 FR 558 (59.0) 387 (41.0) 106 1051 945 GB-GBN 496 (56.1) 388 (43.9) 119 1003 884 GB-NIR 182 (64.3) 101 (35.7) 27 310 283 GR 558 (58.9) 390 (41.1) 53 1001 948 IE 481 (58.0) 349 (42.0) 171 1001 830 IT 569 (69.0) 256 (31.0) 175 1000 825 LU 438 (77.4) 128 (22.6) 39 605 566 NL 645 (68.0) 303 (32.0) 74 1022 948 PT 709 (75.3) 232 (24.7) 59 1000 941 SE 594 (67.2) 290 (32.8) 117 1001 884 N Sum 9718 4816 1589 16123 N Valid Sum 9718 4816 14534 printed 25.01.2012 page 160 Eurobarometer 60.0 - September 2003,isocntry M AT 644 (69.7) 280 (30.3) 108 1032 924 BE 608 (64.5) 335 (35.5) 87 1030 943 DE-E 498 (56.0) 392 (44.0) 124 1014 890 DE-W 618 (66.8) 307 (33.2) 117 1042 925 DK 755 (82.6) 159 (17.4) 86 1000 914 ES 697 (73.8) 247 (26.2) 56 1000 944 FI 668 (71.1) 272 (28.9) 71 1011 940 FR 558 (59.0) 387 (41.0) 106 1051 945 GB-GBN 496 (56.1) 388 (43.9) 119 1003 884 GB-NIR 182 (64.3) 101 (35.7) 27 310 283 GR 558 (58.9) 390 (41.1) 53 1001 948 IE 481 (58.0) 349 (42.0) 171 1001 830 IT 569 (69.0) 256 (31.0) 175 1000 825 LU 438 (77.4) 128 (22.6) 39 605 566 NL 645 (68.0) 303 (32.0) 74 1022 948 PT 709 (75.3) 232 (24.7) 59 1000 941 SE 594 (67.2) 290 (32.8) 117 1001 884 N Sum 9718 4816 1589 16123 N Valid Sum 9718 4816 14534 printed 25.01.2012 page 160 Eurobarometer 60.0 - September 2003,GESIS Variable Report,186,ZA3937
v155,v155 1 2 3 N Sum N Valid Sum,Q31 DATA PROTEC TRUST: NAT AUTHORITIES,isocntry M AT 607 (68.5) 279 (31.5) 145 1031 886 BE 591 (64.0) 332 (36.0) 107 1030 923 DE-E 484 (59.0) 337 (41.0) 194 1015 821 DE-W 586 (68.7) 267 (31.3) 189 1042 853 DK 764 (83.7) 149 (16.3) 87 1000 913 ES 687 (72.8) 257 (27.2) 57 1001 944 FI 719 (76.6) 220 (23.4) 72 1011 939 FR 571 (62.3) 346 (37.7) 134 1051 917 GB-GBN 412 (51.3) 391 (48.7) 200 1003 803 GB-NIR 175 (65.5) 92 (34.5) 43 310 267 GR 531 (57.1) 399 (42.9) 70 1000 930 IE 465 (56.9) 352 (43.1) 184 1001 817 IT 508 (66.7) 254 (33.3) 238 1000 762 LU 405 (72.8) 151 (27.2) 50 606 556 NL 613 (65.4) 325 (34.6) 84 1022 938 PT 713 (75.7) 229 (24.3) 57 999 942 SE 709 (78.6) 193 (21.4) 98 1000 902 N Sum 9540 4573 2009 16122 N Valid Sum 9540 4573 14113 printed 25.01.2012 page 161 Eurobarometer 60.0 - September 2003,isocntry M AT 607 (68.5) 279 (31.5) 145 1031 886 BE 591 (64.0) 332 (36.0) 107 1030 923 DE-E 484 (59.0) 337 (41.0) 194 1015 821 DE-W 586 (68.7) 267 (31.3) 189 1042 853 DK 764 (83.7) 149 (16.3) 87 1000 913 ES 687 (72.8) 257 (27.2) 57 1001 944 FI 719 (76.6) 220 (23.4) 72 1011 939 FR 571 (62.3) 346 (37.7) 134 1051 917 GB-GBN 412 (51.3) 391 (48.7) 200 1003 803 GB-NIR 175 (65.5) 92 (34.5) 43 310 267 GR 531 (57.1) 399 (42.9) 70 1000 930 IE 465 (56.9) 352 (43.1) 184 1001 817 IT 508 (66.7) 254 (33.3) 238 1000 762 LU 405 (72.8) 151 (27.2) 50 606 556 NL 613 (65.4) 325 (34.6) 84 1022 938 PT 713 (75.7) 229 (24.3) 57 999 942 SE 709 (78.6) 193 (21.4) 98 1000 902 N Sum 9540 4573 2009 16122 N Valid Sum 9540 4573 14113 printed 25.01.2012 page 161 Eurobarometer 60.0 - September 2003,GESIS Variable Report,187,ZA3937
v156,v156 1 2 3 N Sum N Valid Sum,Q31 DATA PROTEC TRUST: CREDIT AGENCIES,isocntry M AT 322 (36.3) 566 (63.7) 143 1031 888 BE 373 (42.6) 502 (57.4) 154 1029 875 DE-E 451 (52.9) 401 (47.1) 162 1014 852 DE-W 349 (40.3) 516 (59.7) 177 1042 865 DK 413 (49.6) 419 (50.4) 168 1000 832 ES 358 (41.8) 498 (58.2) 145 1001 856 FI 547 (64.1) 306 (35.9) 158 1011 853 FR 302 (32.2) 637 (67.8) 112 1051 939 GB-GBN 207 (25.0) 621 (75.0) 176 1004 828 GB-NIR 73 (27.3) 194 (72.7) 43 310 267 GR 271 (30.3) 622 (69.7) 106 999 893 IE 232 (28.5) 583 (71.5) 187 1002 815 IT 252 (32.7) 518 (67.3) 230 1000 770 LU 208 (42.2) 285 (57.8) 113 606 493 NL 378 (43.1) 500 (56.9) 146 1024 878 PT 396 (46.6) 453 (53.4) 151 1000 849 SE 462 (53.2) 407 (46.8) 131 1000 869 N Sum 5594 8028 2502 16124 N Valid Sum 5594 8028 13622 printed 25.01.2012 page 162 Eurobarometer 60.0 - September 2003,isocntry M AT 322 (36.3) 566 (63.7) 143 1031 888 BE 373 (42.6) 502 (57.4) 154 1029 875 DE-E 451 (52.9) 401 (47.1) 162 1014 852 DE-W 349 (40.3) 516 (59.7) 177 1042 865 DK 413 (49.6) 419 (50.4) 168 1000 832 ES 358 (41.8) 498 (58.2) 145 1001 856 FI 547 (64.1) 306 (35.9) 158 1011 853 FR 302 (32.2) 637 (67.8) 112 1051 939 GB-GBN 207 (25.0) 621 (75.0) 176 1004 828 GB-NIR 73 (27.3) 194 (72.7) 43 310 267 GR 271 (30.3) 622 (69.7) 106 999 893 IE 232 (28.5) 583 (71.5) 187 1002 815 IT 252 (32.7) 518 (67.3) 230 1000 770 LU 208 (42.2) 285 (57.8) 113 606 493 NL 378 (43.1) 500 (56.9) 146 1024 878 PT 396 (46.6) 453 (53.4) 151 1000 849 SE 462 (53.2) 407 (46.8) 131 1000 869 N Sum 5594 8028 2502 16124 N Valid Sum 5594 8028 13622 printed 25.01.2012 page 162 Eurobarometer 60.0 - September 2003,GESIS Variable Report,188,ZA3937
v157,v157 1 2 3 N Sum N Valid Sum,Q31 DATA PROTEC TRUST: MAIL ORDER COMP,isocntry M AT 259 (28.4) 652 (71.6) 119 1030 911 BE 255 (27.4) 676 (72.6) 99 1030 931 DE-E 295 (32.8) 605 (67.2) 114 1014 900 DE-W 209 (23.2) 690 (76.8) 144 1043 899 DK 168 (19.2) 709 (80.8) 122 999 877 ES 221 (23.9) 705 (76.1) 74 1000 926 FI 295 (32.3) 619 (67.7) 96 1010 914 FR 192 (19.6) 790 (80.4) 69 1051 982 GB-GBN 219 (25.4) 644 (74.6) 140 1003 863 GB-NIR 60 (22.1) 212 (77.9) 38 310 272 GR 272 (29.6) 647 (70.4) 81 1000 919 IE 184 (22.5) 634 (77.5) 182 1000 818 IT 157 (18.2) 707 (81.8) 136 1000 864 LU 172 (31.2) 379 (68.8) 55 606 551 NL 233 (25.2) 690 (74.8) 101 1024 923 PT 231 (25.7) 667 (74.3) 102 1000 898 SE 233 (27.1) 626 (72.9) 141 1000 859 N Sum 3655 10652 1813 16120 N Valid Sum 3655 10652 14307 printed 25.01.2012 page 163 Eurobarometer 60.0 - September 2003,isocntry M AT 259 (28.4) 652 (71.6) 119 1030 911 BE 255 (27.4) 676 (72.6) 99 1030 931 DE-E 295 (32.8) 605 (67.2) 114 1014 900 DE-W 209 (23.2) 690 (76.8) 144 1043 899 DK 168 (19.2) 709 (80.8) 122 999 877 ES 221 (23.9) 705 (76.1) 74 1000 926 FI 295 (32.3) 619 (67.7) 96 1010 914 FR 192 (19.6) 790 (80.4) 69 1051 982 GB-GBN 219 (25.4) 644 (74.6) 140 1003 863 GB-NIR 60 (22.1) 212 (77.9) 38 310 272 GR 272 (29.6) 647 (70.4) 81 1000 919 IE 184 (22.5) 634 (77.5) 182 1000 818 IT 157 (18.2) 707 (81.8) 136 1000 864 LU 172 (31.2) 379 (68.8) 55 606 551 NL 233 (25.2) 690 (74.8) 101 1024 923 PT 231 (25.7) 667 (74.3) 102 1000 898 SE 233 (27.1) 626 (72.9) 141 1000 859 N Sum 3655 10652 1813 16120 N Valid Sum 3655 10652 14307 printed 25.01.2012 page 163 Eurobarometer 60.0 - September 2003,GESIS Variable Report,189,ZA3937
v158,v158 1 2 3 N Sum N Valid Sum,Q31 DATA PROTEC TRUST: NON-PROFIT ORG,isocntry M AT 419 (47.7) 460 (52.3) 153 1032 879 BE 371 (44.5) 463 (55.5) 197 1031 834 DE-E 409 (50.4) 402 (49.6) 203 1014 811 DE-W 442 (52.7) 397 (47.3) 203 1042 839 DK 359 (46.0) 422 (54.0) 219 1000 781 ES 396 (45.3) 479 (54.7) 125 1000 875 FI 413 (48.5) 438 (51.5) 160 1011 851 FR 430 (47.6) 473 (52.4) 148 1051 903 GB-GBN 347 (46.2) 404 (53.8) 254 1005 751 GB-NIR 110 (45.8) 130 (54.2) 70 310 240 GR 314 (35.7) 565 (64.3) 120 999 879 IE 341 (45.2) 414 (54.8) 245 1000 755 IT 449 (57.3) 334 (42.7) 216 999 783 LU 278 (51.4) 263 (48.6) 65 606 541 NL 444 (50.5) 435 (49.5) 144 1023 879 PT 541 (62.5) 325 (37.5) 134 1000 866 SE 358 (42.8) 479 (57.2) 163 1000 837 N Sum 6421 6883 2819 16123 N Valid Sum 6421 6883 13304 printed 25.01.2012 page 164 Eurobarometer 60.0 - September 2003,isocntry M AT 419 (47.7) 460 (52.3) 153 1032 879 BE 371 (44.5) 463 (55.5) 197 1031 834 DE-E 409 (50.4) 402 (49.6) 203 1014 811 DE-W 442 (52.7) 397 (47.3) 203 1042 839 DK 359 (46.0) 422 (54.0) 219 1000 781 ES 396 (45.3) 479 (54.7) 125 1000 875 FI 413 (48.5) 438 (51.5) 160 1011 851 FR 430 (47.6) 473 (52.4) 148 1051 903 GB-GBN 347 (46.2) 404 (53.8) 254 1005 751 GB-NIR 110 (45.8) 130 (54.2) 70 310 240 GR 314 (35.7) 565 (64.3) 120 999 879 IE 341 (45.2) 414 (54.8) 245 1000 755 IT 449 (57.3) 334 (42.7) 216 999 783 LU 278 (51.4) 263 (48.6) 65 606 541 NL 444 (50.5) 435 (49.5) 144 1023 879 PT 541 (62.5) 325 (37.5) 134 1000 866 SE 358 (42.8) 479 (57.2) 163 1000 837 N Sum 6421 6883 2819 16123 N Valid Sum 6421 6883 13304 printed 25.01.2012 page 164 Eurobarometer 60.0 - September 2003,GESIS Variable Report,190,ZA3937
v159,v159 1 2 3 N Sum N Valid Sum,Q31 DATA PROTEC TRUST: SURVEY RESEARCH,isocntry M AT 452 (54.3) 381 (45.7) 198 1031 833 BE 456 (52.5) 412 (47.5) 163 1031 868 DE-E 519 (68.1) 243 (31.9) 252 1014 762 DE-W 429 (59.9) 287 (40.1) 326 1042 716 DK 558 (67.6) 267 (32.4) 174 999 825 ES 370 (44.6) 460 (55.4) 169 999 830 FI 424 (50.9) 409 (49.1) 178 1011 833 FR 427 (48.3) 457 (51.7) 167 1051 884 GB-GBN 401 (52.7) 360 (47.3) 243 1004 761 GB-NIR 125 (50.6) 122 (49.4) 64 311 247 GR 424 (47.3) 472 (52.7) 104 1000 896 IE 343 (43.9) 438 (56.1) 221 1002 781 IT 498 (65.0) 268 (35.0) 234 1000 766 LU 346 (64.2) 193 (35.8) 67 606 539 NL 485 (54.5) 405 (45.5) 133 1023 890 PT 502 (64.9) 272 (35.1) 226 1000 774 SE 463 (56.7) 353 (43.3) 184 1000 816 N Sum 7222 5799 3103 16124 N Valid Sum 7222 5799 13021 printed 25.01.2012 page 165 Eurobarometer 60.0 - September 2003,isocntry M AT 452 (54.3) 381 (45.7) 198 1031 833 BE 456 (52.5) 412 (47.5) 163 1031 868 DE-E 519 (68.1) 243 (31.9) 252 1014 762 DE-W 429 (59.9) 287 (40.1) 326 1042 716 DK 558 (67.6) 267 (32.4) 174 999 825 ES 370 (44.6) 460 (55.4) 169 999 830 FI 424 (50.9) 409 (49.1) 178 1011 833 FR 427 (48.3) 457 (51.7) 167 1051 884 GB-GBN 401 (52.7) 360 (47.3) 243 1004 761 GB-NIR 125 (50.6) 122 (49.4) 64 311 247 GR 424 (47.3) 472 (52.7) 104 1000 896 IE 343 (43.9) 438 (56.1) 221 1002 781 IT 498 (65.0) 268 (35.0) 234 1000 766 LU 346 (64.2) 193 (35.8) 67 606 539 NL 485 (54.5) 405 (45.5) 133 1023 890 PT 502 (64.9) 272 (35.1) 226 1000 774 SE 463 (56.7) 353 (43.3) 184 1000 816 N Sum 7222 5799 3103 16124 N Valid Sum 7222 5799 13021 printed 25.01.2012 page 165 Eurobarometer 60.0 - September 2003,GESIS Variable Report,191,ZA3937
v160,v160 0 1 N Sum N Valid Sum,Q31 DATA PROTEC TRUST: NO TRUST,isocntry AT 982 (95.2) 49 (4.8) 1031 1031 BE 992 (96.3) 38 (3.7) 1030 1030 DE-E 995 (98.1) 19 (1.9) 1014 1014 DE-W 1014 (97.3) 28 (2.7) 1042 1042 DK 991 (99.1) 9 (0.9) 1000 1000 ES 915 (91.5) 85 (8.5) 1000 1000 FI 996 (98.5) 15 (1.5) 1011 1011 FR 1009 (96.0) 42 (4.0) 1051 1051 GB-GBN 973 (96.9) 31 (3.1) 1004 1004 GB-NIR 306 (98.7) 4 (1.3) 310 310 GR 921 (92.1) 79 (7.9) 1000 1000 IE 953 (95.2) 48 (4.8) 1001 1001 IT 1000 (100.0) 1000 1000 LU 592 (97.7) 14 (2.3) 606 606 NL 1009 (98.6) 14 (1.4) 1023 1023 PT 967 (96.7) 33 (3.3) 1000 1000 SE 975 (97.5) 25 (2.5) 1000 1000 N Sum 15590 533 16123 N Valid Sum 15590 533 16123 printed 25.01.2012 page 166 Eurobarometer 60.0 - September 2003,isocntry AT 982 (95.2) 49 (4.8) 1031 1031 BE 992 (96.3) 38 (3.7) 1030 1030 DE-E 995 (98.1) 19 (1.9) 1014 1014 DE-W 1014 (97.3) 28 (2.7) 1042 1042 DK 991 (99.1) 9 (0.9) 1000 1000 ES 915 (91.5) 85 (8.5) 1000 1000 FI 996 (98.5) 15 (1.5) 1011 1011 FR 1009 (96.0) 42 (4.0) 1051 1051 GB-GBN 973 (96.9) 31 (3.1) 1004 1004 GB-NIR 306 (98.7) 4 (1.3) 310 310 GR 921 (92.1) 79 (7.9) 1000 1000 IE 953 (95.2) 48 (4.8) 1001 1001 IT 1000 (100.0) 1000 1000 LU 592 (97.7) 14 (2.3) 606 606 NL 1009 (98.6) 14 (1.4) 1023 1023 PT 967 (96.7) 33 (3.3) 1000 1000 SE 975 (97.5) 25 (2.5) 1000 1000 N Sum 15590 533 16123 N Valid Sum 15590 533 16123 printed 25.01.2012 page 166 Eurobarometer 60.0 - September 2003,GESIS Variable Report,192,ZA3937
v161,v161 1 2 3 N Sum N Valid Sum,Q32 DATA PROTECTION: GATHERING INFO,isocntry M AT 845 (87.8) 117 (12.2) 70 1032 962 BE 905 (91.9) 80 (8.1) 44 1029 985 DE-E 903 (92.6) 72 (7.4) 39 1014 975 DE-W 939 (94.6) 54 (5.4) 50 1043 993 DK 920 (95.7) 41 (4.3) 39 1000 961 ES 883 (95.2) 45 (4.8) 72 1000 928 FI 890 (90.1) 98 (9.9) 23 1011 988 FR 974 (95.6) 45 (4.4) 33 1052 1019 GB-GBN 945 (96.0) 39 (4.0) 20 1004 984 GB-NIR 298 (98.7) 4 (1.3) 8 310 302 GR 921 (97.8) 21 (2.2) 58 1000 942 IE 961 (98.6) 14 (1.4) 26 1001 975 IT 897 (92.6) 72 (7.4) 31 1000 969 LU 505 (86.0) 82 (14.0) 20 607 587 NL 933 (94.3) 56 (5.7) 34 1023 989 PT 907 (96.6) 32 (3.4) 61 1000 939 SE 959 (97.6) 24 (2.4) 17 1000 983 N Sum 14585 896 645 16126 N Valid Sum 14585 896 15481 printed 25.01.2012 page 167 Eurobarometer 60.0 - September 2003,isocntry M AT 845 (87.8) 117 (12.2) 70 1032 962 BE 905 (91.9) 80 (8.1) 44 1029 985 DE-E 903 (92.6) 72 (7.4) 39 1014 975 DE-W 939 (94.6) 54 (5.4) 50 1043 993 DK 920 (95.7) 41 (4.3) 39 1000 961 ES 883 (95.2) 45 (4.8) 72 1000 928 FI 890 (90.1) 98 (9.9) 23 1011 988 FR 974 (95.6) 45 (4.4) 33 1052 1019 GB-GBN 945 (96.0) 39 (4.0) 20 1004 984 GB-NIR 298 (98.7) 4 (1.3) 8 310 302 GR 921 (97.8) 21 (2.2) 58 1000 942 IE 961 (98.6) 14 (1.4) 26 1001 975 IT 897 (92.6) 72 (7.4) 31 1000 969 LU 505 (86.0) 82 (14.0) 20 607 587 NL 933 (94.3) 56 (5.7) 34 1023 989 PT 907 (96.6) 32 (3.4) 61 1000 939 SE 959 (97.6) 24 (2.4) 17 1000 983 N Sum 14585 896 645 16126 N Valid Sum 14585 896 15481 printed 25.01.2012 page 167 Eurobarometer 60.0 - September 2003,GESIS Variable Report,193,ZA3937
v162,v162 1 2 3 N Sum N Valid Sum,Q32 DATA PROTECTION: HIGH LEVEL LAW,isocntry M AT 559 (65.8) 291 (34.2) 181 1031 850 BE 508 (64.1) 284 (35.9) 238 1030 792 DE-E 491 (56.8) 374 (43.2) 150 1015 865 DE-W 596 (70.1) 254 (29.9) 192 1042 850 DK 622 (77.0) 186 (23.0) 192 1000 808 ES 332 (50.5) 325 (49.5) 343 1000 657 FI 766 (82.5) 162 (17.5) 84 1012 928 FR 474 (60.9) 304 (39.1) 273 1051 778 GB-GBN 412 (54.1) 350 (45.9) 242 1004 762 GB-NIR 129 (63.5) 74 (36.5) 107 310 203 GR 325 (41.6) 457 (58.4) 218 1000 782 IE 397 (60.2) 263 (39.8) 340 1000 660 IT 421 (53.3) 369 (46.7) 210 1000 790 LU 330 (70.8) 136 (29.2) 140 606 466 NL 558 (64.7) 304 (35.3) 161 1023 862 PT 311 (49.2) 321 (50.8) 368 1000 632 SE 636 (74.1) 222 (25.9) 142 1000 858 N Sum 7867 4676 3581 16124 N Valid Sum 7867 4676 12543 printed 25.01.2012 page 168 Eurobarometer 60.0 - September 2003,isocntry M AT 559 (65.8) 291 (34.2) 181 1031 850 BE 508 (64.1) 284 (35.9) 238 1030 792 DE-E 491 (56.8) 374 (43.2) 150 1015 865 DE-W 596 (70.1) 254 (29.9) 192 1042 850 DK 622 (77.0) 186 (23.0) 192 1000 808 ES 332 (50.5) 325 (49.5) 343 1000 657 FI 766 (82.5) 162 (17.5) 84 1012 928 FR 474 (60.9) 304 (39.1) 273 1051 778 GB-GBN 412 (54.1) 350 (45.9) 242 1004 762 GB-NIR 129 (63.5) 74 (36.5) 107 310 203 GR 325 (41.6) 457 (58.4) 218 1000 782 IE 397 (60.2) 263 (39.8) 340 1000 660 IT 421 (53.3) 369 (46.7) 210 1000 790 LU 330 (70.8) 136 (29.2) 140 606 466 NL 558 (64.7) 304 (35.3) 161 1023 862 PT 311 (49.2) 321 (50.8) 368 1000 632 SE 636 (74.1) 222 (25.9) 142 1000 858 N Sum 7867 4676 3581 16124 N Valid Sum 7867 4676 12543 printed 25.01.2012 page 168 Eurobarometer 60.0 - September 2003,GESIS Variable Report,194,ZA3937
v163,v163 1 2 3 N Sum N Valid Sum,Q32 DATA PROTECTION: LOW AWARENESS,isocntry M AT 590 (68.1) 277 (31.9) 164 1031 867 BE 704 (80.3) 173 (19.7) 153 1030 877 DE-E 601 (72.1) 233 (27.9) 180 1014 834 DE-W 628 (74.1) 220 (25.9) 194 1042 848 DK 646 (77.0) 193 (23.0) 160 999 839 ES 605 (81.9) 134 (18.1) 261 1000 739 FI 642 (70.2) 273 (29.8) 96 1011 915 FR 873 (91.7) 79 (8.3) 99 1051 952 GB-GBN 724 (83.9) 139 (16.1) 141 1004 863 GB-NIR 217 (87.9) 30 (12.1) 64 311 247 GR 749 (87.4) 108 (12.6) 142 999 857 IE 709 (88.4) 93 (11.6) 200 1002 802 IT 765 (84.8) 137 (15.2) 98 1000 902 LU 483 (86.4) 76 (13.6) 46 605 559 NL 726 (78.9) 194 (21.1) 103 1023 920 PT 804 (91.2) 78 (8.8) 118 1000 882 SE 663 (75.4) 216 (24.6) 121 1000 879 N Sum 11129 2653 2340 16122 N Valid Sum 11129 2653 13782 printed 25.01.2012 page 169 Eurobarometer 60.0 - September 2003,isocntry M AT 590 (68.1) 277 (31.9) 164 1031 867 BE 704 (80.3) 173 (19.7) 153 1030 877 DE-E 601 (72.1) 233 (27.9) 180 1014 834 DE-W 628 (74.1) 220 (25.9) 194 1042 848 DK 646 (77.0) 193 (23.0) 160 999 839 ES 605 (81.9) 134 (18.1) 261 1000 739 FI 642 (70.2) 273 (29.8) 96 1011 915 FR 873 (91.7) 79 (8.3) 99 1051 952 GB-GBN 724 (83.9) 139 (16.1) 141 1004 863 GB-NIR 217 (87.9) 30 (12.1) 64 311 247 GR 749 (87.4) 108 (12.6) 142 999 857 IE 709 (88.4) 93 (11.6) 200 1002 802 IT 765 (84.8) 137 (15.2) 98 1000 902 LU 483 (86.4) 76 (13.6) 46 605 559 NL 726 (78.9) 194 (21.1) 103 1023 920 PT 804 (91.2) 78 (8.8) 118 1000 882 SE 663 (75.4) 216 (24.6) 121 1000 879 N Sum 11129 2653 2340 16122 N Valid Sum 11129 2653 13782 printed 25.01.2012 page 169 Eurobarometer 60.0 - September 2003,GESIS Variable Report,195,ZA3937
v164,v164 1 2 3 N Sum N Valid Sum,Q32 DATA PROTECTION: INTERNET WORRY,isocntry M AT 607 (69.0) 273 (31.0) 151 1031 880 BE 600 (66.7) 299 (33.3) 130 1029 899 DE-E 582 (73.0) 215 (27.0) 217 1014 797 DE-W 616 (74.6) 210 (25.4) 217 1043 826 DK 630 (68.9) 285 (31.1) 84 999 915 ES 638 (81.1) 149 (18.9) 213 1000 787 FI 686 (77.5) 199 (22.5) 126 1011 885 FR 676 (71.9) 264 (28.1) 111 1051 940 GB-GBN 728 (82.4) 155 (17.6) 121 1004 883 GB-NIR 222 (79.9) 56 (20.1) 32 310 278 GR 743 (91.7) 67 (8.3) 191 1001 810 IE 732 (84.9) 130 (15.1) 139 1001 862 IT 629 (75.4) 205 (24.6) 166 1000 834 LU 372 (68.5) 171 (31.5) 63 606 543 NL 736 (79.7) 188 (20.3) 100 1024 924 PT 432 (56.6) 331 (43.4) 237 1000 763 SE 761 (80.4) 186 (19.6) 53 1000 947 N Sum 10390 3383 2351 16124 N Valid Sum 10390 3383 13773 printed 25.01.2012 page 170 Eurobarometer 60.0 - September 2003,isocntry M AT 607 (69.0) 273 (31.0) 151 1031 880 BE 600 (66.7) 299 (33.3) 130 1029 899 DE-E 582 (73.0) 215 (27.0) 217 1014 797 DE-W 616 (74.6) 210 (25.4) 217 1043 826 DK 630 (68.9) 285 (31.1) 84 999 915 ES 638 (81.1) 149 (18.9) 213 1000 787 FI 686 (77.5) 199 (22.5) 126 1011 885 FR 676 (71.9) 264 (28.1) 111 1051 940 GB-GBN 728 (82.4) 155 (17.6) 121 1004 883 GB-NIR 222 (79.9) 56 (20.1) 32 310 278 GR 743 (91.7) 67 (8.3) 191 1001 810 IE 732 (84.9) 130 (15.1) 139 1001 862 IT 629 (75.4) 205 (24.6) 166 1000 834 LU 372 (68.5) 171 (31.5) 63 606 543 NL 736 (79.7) 188 (20.3) 100 1024 924 PT 432 (56.6) 331 (43.4) 237 1000 763 SE 761 (80.4) 186 (19.6) 53 1000 947 N Sum 10390 3383 2351 16124 N Valid Sum 10390 3383 13773 printed 25.01.2012 page 170 Eurobarometer 60.0 - September 2003,GESIS Variable Report,196,ZA3937
v165,v165 1 2 3 N Sum N Valid Sum,Q32 DATA PROTECTION: NAT LEGISLATION,isocntry M AT 433 (56.7) 330 (43.3) 268 1031 763 BE 267 (39.6) 408 (60.4) 355 1030 675 DE-E 249 (37.0) 424 (63.0) 341 1014 673 DE-W 248 (35.7) 447 (64.3) 347 1042 695 DK 279 (39.2) 433 (60.8) 288 1000 712 ES 300 (57.1) 225 (42.9) 475 1000 525 FI 360 (44.1) 457 (55.9) 194 1011 817 FR 274 (35.5) 498 (64.5) 279 1051 772 GB-GBN 206 (29.8) 485 (70.2) 314 1005 691 GB-NIR 57 (33.7) 112 (66.3) 141 310 169 GR 263 (43.8) 337 (56.2) 400 1000 600 IE 304 (50.9) 293 (49.1) 404 1001 597 IT 254 (38.5) 405 (61.5) 342 1001 659 LU 187 (43.9) 239 (56.1) 180 606 426 NL 458 (59.8) 308 (40.2) 258 1024 766 PT 237 (47.2) 265 (52.8) 498 1000 502 SE 132 (17.8) 608 (82.2) 260 1000 740 N Sum 4508 6274 5344 16126 N Valid Sum 4508 6274 10782 printed 25.01.2012 page 171 Eurobarometer 60.0 - September 2003,isocntry M AT 433 (56.7) 330 (43.3) 268 1031 763 BE 267 (39.6) 408 (60.4) 355 1030 675 DE-E 249 (37.0) 424 (63.0) 341 1014 673 DE-W 248 (35.7) 447 (64.3) 347 1042 695 DK 279 (39.2) 433 (60.8) 288 1000 712 ES 300 (57.1) 225 (42.9) 475 1000 525 FI 360 (44.1) 457 (55.9) 194 1011 817 FR 274 (35.5) 498 (64.5) 279 1051 772 GB-GBN 206 (29.8) 485 (70.2) 314 1005 691 GB-NIR 57 (33.7) 112 (66.3) 141 310 169 GR 263 (43.8) 337 (56.2) 400 1000 600 IE 304 (50.9) 293 (49.1) 404 1001 597 IT 254 (38.5) 405 (61.5) 342 1001 659 LU 187 (43.9) 239 (56.1) 180 606 426 NL 458 (59.8) 308 (40.2) 258 1024 766 PT 237 (47.2) 265 (52.8) 498 1000 502 SE 132 (17.8) 608 (82.2) 260 1000 740 N Sum 4508 6274 5344 16126 N Valid Sum 4508 6274 10782 printed 25.01.2012 page 171 Eurobarometer 60.0 - September 2003,GESIS Variable Report,197,ZA3937
v166,v166 1 2 3 N Sum N Valid Sum,Q32 DATA PROTECTION: NON-EU COUNTRIES,isocntry M AT 802 (86.7) 123 (13.3) 107 1032 925 BE 859 (91.8) 77 (8.2) 93 1029 936 DE-E 862 (93.2) 63 (6.8) 90 1015 925 DE-W 865 (93.0) 65 (7.0) 113 1043 930 DK 822 (89.9) 92 (10.1) 86 1000 914 ES 729 (91.2) 70 (8.8) 201 1000 799 FI 913 (93.1) 68 (6.9) 29 1010 981 FR 911 (93.9) 59 (6.1) 81 1051 970 GB-GBN 814 (90.5) 85 (9.5) 105 1004 899 GB-NIR 267 (96.0) 11 (4.0) 31 309 278 GR 800 (92.9) 61 (7.1) 139 1000 861 IE 816 (93.4) 58 (6.6) 126 1000 874 IT 816 (90.9) 82 (9.1) 102 1000 898 LU 526 (91.5) 49 (8.5) 32 607 575 NL 895 (93.1) 66 (6.9) 62 1023 961 PT 720 (88.8) 91 (11.2) 190 1001 811 SE 860 (90.5) 90 (9.5) 50 1000 950 N Sum 13277 1210 1637 16124 N Valid Sum 13277 1210 14487 printed 25.01.2012 page 172 Eurobarometer 60.0 - September 2003,isocntry M AT 802 (86.7) 123 (13.3) 107 1032 925 BE 859 (91.8) 77 (8.2) 93 1029 936 DE-E 862 (93.2) 63 (6.8) 90 1015 925 DE-W 865 (93.0) 65 (7.0) 113 1043 930 DK 822 (89.9) 92 (10.1) 86 1000 914 ES 729 (91.2) 70 (8.8) 201 1000 799 FI 913 (93.1) 68 (6.9) 29 1010 981 FR 911 (93.9) 59 (6.1) 81 1051 970 GB-GBN 814 (90.5) 85 (9.5) 105 1004 899 GB-NIR 267 (96.0) 11 (4.0) 31 309 278 GR 800 (92.9) 61 (7.1) 139 1000 861 IE 816 (93.4) 58 (6.6) 126 1000 874 IT 816 (90.9) 82 (9.1) 102 1000 898 LU 526 (91.5) 49 (8.5) 32 607 575 NL 895 (93.1) 66 (6.9) 62 1023 961 PT 720 (88.8) 91 (11.2) 190 1001 811 SE 860 (90.5) 90 (9.5) 50 1000 950 N Sum 13277 1210 1637 16124 N Valid Sum 13277 1210 14487 printed 25.01.2012 page 172 Eurobarometer 60.0 - September 2003,GESIS Variable Report,198,ZA3937
v167,v167 1 2 3 N Sum N Valid Sum,Q32 DATA PROTECTION: NON-EU LEGISLATION,isocntry M AT 590 (83.1) 120 (16.9) 321 1031 710 BE 444 (74.7) 150 (25.3) 436 1030 594 DE-E 423 (80.0) 106 (20.0) 486 1015 529 DE-W 535 (87.4) 77 (12.6) 431 1043 612 DK 525 (87.2) 77 (12.8) 398 1000 602 ES 365 (83.0) 75 (17.0) 561 1001 440 FI 782 (91.8) 70 (8.2) 159 1011 852 FR 525 (81.9) 116 (18.1) 410 1051 641 GB-GBN 400 (80.0) 100 (20.0) 504 1004 500 GB-NIR 131 (85.6) 22 (14.4) 158 311 153 GR 509 (85.4) 87 (14.6) 404 1000 596 IE 447 (89.2) 54 (10.8) 500 1001 501 IT 408 (76.4) 126 (23.6) 466 1000 534 LU 360 (82.9) 74 (17.1) 172 606 434 NL 581 (87.4) 84 (12.6) 359 1024 665 PT 404 (75.9) 128 (24.1) 468 1000 532 SE 550 (84.9) 98 (15.1) 351 999 648 N Sum 7979 1564 6584 16127 N Valid Sum 7979 1564 9543 printed 25.01.2012 page 173 Eurobarometer 60.0 - September 2003,isocntry M AT 590 (83.1) 120 (16.9) 321 1031 710 BE 444 (74.7) 150 (25.3) 436 1030 594 DE-E 423 (80.0) 106 (20.0) 486 1015 529 DE-W 535 (87.4) 77 (12.6) 431 1043 612 DK 525 (87.2) 77 (12.8) 398 1000 602 ES 365 (83.0) 75 (17.0) 561 1001 440 FI 782 (91.8) 70 (8.2) 159 1011 852 FR 525 (81.9) 116 (18.1) 410 1051 641 GB-GBN 400 (80.0) 100 (20.0) 504 1004 500 GB-NIR 131 (85.6) 22 (14.4) 158 311 153 GR 509 (85.4) 87 (14.6) 404 1000 596 IE 447 (89.2) 54 (10.8) 500 1001 501 IT 408 (76.4) 126 (23.6) 466 1000 534 LU 360 (82.9) 74 (17.1) 172 606 434 NL 581 (87.4) 84 (12.6) 359 1024 665 PT 404 (75.9) 128 (24.1) 468 1000 532 SE 550 (84.9) 98 (15.1) 351 999 648 N Sum 7979 1564 6584 16127 N Valid Sum 7979 1564 9543 printed 25.01.2012 page 173 Eurobarometer 60.0 - September 2003,GESIS Variable Report,199,ZA3937
v168,v168 1 2 3 N Sum N Valid Sum,Q33A DATA PROTECTION MONITORING - HEARD,isocntry M AT 293 (30.7) 660 (69.3) 78 1031 953 BE 196 (19.7) 798 (80.3) 36 1030 994 DE-E 171 (18.0) 779 (82.0) 64 1014 950 DE-W 259 (26.9) 705 (73.1) 78 1042 964 DK 255 (26.3) 713 (73.7) 32 1000 968 ES 186 (19.7) 758 (80.3) 55 999 944 FI 227 (23.2) 753 (76.8) 31 1011 980 FR 301 (30.0) 701 (70.0) 48 1050 1002 GB-GBN 246 (25.6) 716 (74.4) 42 1004 962 GB-NIR 79 (26.0) 225 (74.0) 6 310 304 GR 251 (26.3) 705 (73.7) 44 1000 956 IE 235 (24.7) 717 (75.3) 49 1001 952 IT 340 (36.3) 597 (63.7) 63 1000 937 LU 141 (24.4) 438 (75.6) 27 606 579 NL 423 (44.2) 534 (55.8) 65 1022 957 PT 202 (20.6) 780 (79.4) 18 1000 982 SE 329 (34.0) 638 (66.0) 34 1001 967 N Sum 4134 11217 770 16121 N Valid Sum 4134 11217 15351 printed 25.01.2012 page 174 Eurobarometer 60.0 - September 2003,isocntry M AT 293 (30.7) 660 (69.3) 78 1031 953 BE 196 (19.7) 798 (80.3) 36 1030 994 DE-E 171 (18.0) 779 (82.0) 64 1014 950 DE-W 259 (26.9) 705 (73.1) 78 1042 964 DK 255 (26.3) 713 (73.7) 32 1000 968 ES 186 (19.7) 758 (80.3) 55 999 944 FI 227 (23.2) 753 (76.8) 31 1011 980 FR 301 (30.0) 701 (70.0) 48 1050 1002 GB-GBN 246 (25.6) 716 (74.4) 42 1004 962 GB-NIR 79 (26.0) 225 (74.0) 6 310 304 GR 251 (26.3) 705 (73.7) 44 1000 956 IE 235 (24.7) 717 (75.3) 49 1001 952 IT 340 (36.3) 597 (63.7) 63 1000 937 LU 141 (24.4) 438 (75.6) 27 606 579 NL 423 (44.2) 534 (55.8) 65 1022 957 PT 202 (20.6) 780 (79.4) 18 1000 982 SE 329 (34.0) 638 (66.0) 34 1001 967 N Sum 4134 11217 770 16121 N Valid Sum 4134 11217 15351 printed 25.01.2012 page 174 Eurobarometer 60.0 - September 2003,GESIS Variable Report,200,ZA3937
v169,v169 1 2 3 N Sum N Valid Sum,Q33A DATA ACCESS RIGHT - HEARD,isocntry M AT 271 (28.3) 685 (71.7) 75 1031 956 BE 247 (25.2) 733 (74.8) 51 1031 980 DE-E 160 (17.5) 755 (82.5) 99 1014 915 DE-W 239 (26.5) 662 (73.5) 142 1043 901 DK 227 (23.7) 731 (76.3) 43 1001 958 ES 239 (25.4) 701 (74.6) 60 1000 940 FI 281 (29.2) 680 (70.8) 50 1011 961 FR 398 (39.8) 602 (60.2) 51 1051 1000 GB-GBN 332 (34.6) 628 (65.4) 45 1005 960 GB-NIR 96 (31.6) 208 (68.4) 6 310 304 GR 133 (14.0) 820 (86.0) 46 999 953 IE 253 (26.7) 696 (73.3) 52 1001 949 IT 529 (55.9) 417 (44.1) 53 999 946 LU 162 (28.3) 410 (71.7) 35 607 572 NL 387 (41.6) 543 (58.4) 93 1023 930 PT 193 (19.9) 779 (80.1) 28 1000 972 SE 255 (27.3) 678 (72.7) 68 1001 933 N Sum 4402 10728 997 16127 N Valid Sum 4402 10728 15130 printed 25.01.2012 page 175 Eurobarometer 60.0 - September 2003,isocntry M AT 271 (28.3) 685 (71.7) 75 1031 956 BE 247 (25.2) 733 (74.8) 51 1031 980 DE-E 160 (17.5) 755 (82.5) 99 1014 915 DE-W 239 (26.5) 662 (73.5) 142 1043 901 DK 227 (23.7) 731 (76.3) 43 1001 958 ES 239 (25.4) 701 (74.6) 60 1000 940 FI 281 (29.2) 680 (70.8) 50 1011 961 FR 398 (39.8) 602 (60.2) 51 1051 1000 GB-GBN 332 (34.6) 628 (65.4) 45 1005 960 GB-NIR 96 (31.6) 208 (68.4) 6 310 304 GR 133 (14.0) 820 (86.0) 46 999 953 IE 253 (26.7) 696 (73.3) 52 1001 949 IT 529 (55.9) 417 (44.1) 53 999 946 LU 162 (28.3) 410 (71.7) 35 607 572 NL 387 (41.6) 543 (58.4) 93 1023 930 PT 193 (19.9) 779 (80.1) 28 1000 972 SE 255 (27.3) 678 (72.7) 68 1001 933 N Sum 4402 10728 997 16127 N Valid Sum 4402 10728 15130 printed 25.01.2012 page 175 Eurobarometer 60.0 - September 2003,GESIS Variable Report,201,ZA3937
v170,,Q33B DATA ACCESS RIGHT - EXERCISED,,Q33B DATA ACCESS RIGHT - EXERCISED,GESIS Variable Report,202,ZA3937
v171,v171 1 2 3 N Sum N Valid Sum,Q33A DATA COLLECTOR OBLIGATIONS - HEARD,isocntry M AT 248 (26.5) 689 (73.5) 94 1031 937 BE 271 (28.5) 679 (71.5) 80 1030 950 DE-E 390 (41.4) 552 (58.6) 72 1014 942 DE-W 480 (49.9) 481 (50.1) 82 1043 961 DK 343 (36.5) 596 (63.5) 61 1000 939 ES 277 (30.7) 624 (69.3) 99 1000 901 FI 456 (46.9) 516 (53.1) 40 1012 972 FR 355 (37.0) 605 (63.0) 91 1051 960 GB-GBN 448 (49.4) 459 (50.6) 97 1004 907 GB-NIR 149 (49.2) 154 (50.8) 6 309 303 GR 301 (31.5) 655 (68.5) 45 1001 956 IE 395 (42.7) 530 (57.3) 76 1001 925 IT 626 (68.7) 285 (31.3) 89 1000 911 LU 138 (25.0) 413 (75.0) 55 606 551 NL 512 (52.7) 460 (47.3) 51 1023 972 PT 231 (23.7) 742 (76.3) 28 1001 973 SE 596 (65.6) 313 (34.4) 92 1001 909 N Sum 6216 8753 1158 16127 N Valid Sum 6216 8753 14969 printed 25.01.2012 page 177 Eurobarometer 60.0 - September 2003,isocntry M AT 248 (26.5) 689 (73.5) 94 1031 937 BE 271 (28.5) 679 (71.5) 80 1030 950 DE-E 390 (41.4) 552 (58.6) 72 1014 942 DE-W 480 (49.9) 481 (50.1) 82 1043 961 DK 343 (36.5) 596 (63.5) 61 1000 939 ES 277 (30.7) 624 (69.3) 99 1000 901 FI 456 (46.9) 516 (53.1) 40 1012 972 FR 355 (37.0) 605 (63.0) 91 1051 960 GB-GBN 448 (49.4) 459 (50.6) 97 1004 907 GB-NIR 149 (49.2) 154 (50.8) 6 309 303 GR 301 (31.5) 655 (68.5) 45 1001 956 IE 395 (42.7) 530 (57.3) 76 1001 925 IT 626 (68.7) 285 (31.3) 89 1000 911 LU 138 (25.0) 413 (75.0) 55 606 551 NL 512 (52.7) 460 (47.3) 51 1023 972 PT 231 (23.7) 742 (76.3) 28 1001 973 SE 596 (65.6) 313 (34.4) 92 1001 909 N Sum 6216 8753 1158 16127 N Valid Sum 6216 8753 14969 printed 25.01.2012 page 177 Eurobarometer 60.0 - September 2003,GESIS Variable Report,203,ZA3937
v172,v172 1 2 3 N Sum N Valid Sum,Q33A DATA OPT-OUT FOR MARKETING - HEARD,isocntry M AT 440 (46.8) 500 (53.2) 91 1031 940 BE 386 (40.0) 580 (60.0) 64 1030 966 DE-E 416 (44.6) 517 (55.4) 81 1014 933 DE-W 493 (52.7) 442 (47.3) 107 1042 935 DK 384 (40.8) 557 (59.2) 59 1000 941 ES 313 (34.7) 590 (65.3) 97 1000 903 FI 739 (74.8) 249 (25.2) 23 1011 988 FR 593 (59.8) 398 (40.2) 60 1051 991 GB-GBN 513 (55.4) 413 (44.6) 78 1004 926 GB-NIR 142 (47.5) 157 (52.5) 11 310 299 GR 329 (34.5) 625 (65.5) 47 1001 954 IE 400 (43.6) 517 (56.4) 84 1001 917 IT 574 (64.6) 314 (35.4) 113 1001 888 LU 194 (34.7) 365 (65.3) 47 606 559 NL 618 (63.9) 349 (36.1) 56 1023 967 PT 329 (33.9) 642 (66.1) 29 1000 971 SE 610 (67.5) 294 (32.5) 95 999 904 N Sum 7473 7509 1142 16124 N Valid Sum 7473 7509 14982 printed 25.01.2012 page 178 Eurobarometer 60.0 - September 2003,isocntry M AT 440 (46.8) 500 (53.2) 91 1031 940 BE 386 (40.0) 580 (60.0) 64 1030 966 DE-E 416 (44.6) 517 (55.4) 81 1014 933 DE-W 493 (52.7) 442 (47.3) 107 1042 935 DK 384 (40.8) 557 (59.2) 59 1000 941 ES 313 (34.7) 590 (65.3) 97 1000 903 FI 739 (74.8) 249 (25.2) 23 1011 988 FR 593 (59.8) 398 (40.2) 60 1051 991 GB-GBN 513 (55.4) 413 (44.6) 78 1004 926 GB-NIR 142 (47.5) 157 (52.5) 11 310 299 GR 329 (34.5) 625 (65.5) 47 1001 954 IE 400 (43.6) 517 (56.4) 84 1001 917 IT 574 (64.6) 314 (35.4) 113 1001 888 LU 194 (34.7) 365 (65.3) 47 606 559 NL 618 (63.9) 349 (36.1) 56 1023 967 PT 329 (33.9) 642 (66.1) 29 1000 971 SE 610 (67.5) 294 (32.5) 95 999 904 N Sum 7473 7509 1142 16124 N Valid Sum 7473 7509 14982 printed 25.01.2012 page 178 Eurobarometer 60.0 - September 2003,GESIS Variable Report,204,ZA3937
v173,v173 1 2 3 N Sum N Valid Sum,Q33A DATA USE AGREEMENT NEED - HEARD,isocntry M AT 464 (49.8) 468 (50.2) 99 1031 932 BE 378 (39.1) 588 (60.9) 63 1029 966 DE-E 472 (50.8) 457 (49.2) 85 1014 929 DE-W 540 (57.6) 398 (42.4) 105 1043 938 DK 441 (46.8) 501 (53.2) 59 1001 942 ES 339 (37.2) 573 (62.8) 88 1000 912 FI 673 (69.5) 296 (30.5) 43 1012 969 FR 492 (51.3) 467 (48.7) 92 1051 959 GB-GBN 455 (50.6) 444 (49.4) 105 1004 899 GB-NIR 136 (46.4) 157 (53.6) 16 309 293 GR 346 (36.4) 604 (63.6) 50 1000 950 IE 362 (40.2) 539 (59.8) 100 1001 901 IT 712 (77.6) 206 (22.4) 82 1000 918 LU 197 (35.3) 361 (64.7) 49 607 558 NL 596 (62.6) 356 (37.4) 70 1022 952 PT 292 (30.5) 666 (69.5) 42 1000 958 SE 517 (59.0) 360 (41.0) 123 1000 877 N Sum 7412 7441 1271 16124 N Valid Sum 7412 7441 14853 printed 25.01.2012 page 179 Eurobarometer 60.0 - September 2003,isocntry M AT 464 (49.8) 468 (50.2) 99 1031 932 BE 378 (39.1) 588 (60.9) 63 1029 966 DE-E 472 (50.8) 457 (49.2) 85 1014 929 DE-W 540 (57.6) 398 (42.4) 105 1043 938 DK 441 (46.8) 501 (53.2) 59 1001 942 ES 339 (37.2) 573 (62.8) 88 1000 912 FI 673 (69.5) 296 (30.5) 43 1012 969 FR 492 (51.3) 467 (48.7) 92 1051 959 GB-GBN 455 (50.6) 444 (49.4) 105 1004 899 GB-NIR 136 (46.4) 157 (53.6) 16 309 293 GR 346 (36.4) 604 (63.6) 50 1000 950 IE 362 (40.2) 539 (59.8) 100 1001 901 IT 712 (77.6) 206 (22.4) 82 1000 918 LU 197 (35.3) 361 (64.7) 49 607 558 NL 596 (62.6) 356 (37.4) 70 1022 952 PT 292 (30.5) 666 (69.5) 42 1000 958 SE 517 (59.0) 360 (41.0) 123 1000 877 N Sum 7412 7441 1271 16124 N Valid Sum 7412 7441 14853 printed 25.01.2012 page 179 Eurobarometer 60.0 - September 2003,GESIS Variable Report,205,ZA3937
v174,v174 1 2 3 4 N Sum N Valid Sum,Q34 DATA LIMITATION - INTERNET TOOLS,isocntry M AT 644 (68.4) 241 (25.6) 56 (6.0) 90 1031 941 BE 797 (80.2) 151 (15.2) 46 (4.6) 36 1030 994 DE-E 780 (79.3) 145 (14.8) 58 (5.9) 31 1014 983 DE-W 724 (72.7) 177 (17.8) 95 (9.5) 47 1043 996 DK 677 (68.7) 175 (17.8) 133 (13.5) 16 1001 985 ES 757 (79.7) 160 (16.8) 33 (3.5) 49 999 950 FI 727 (74.3) 170 (17.4) 82 (8.4) 32 1011 979 FR 763 (75.5) 208 (20.6) 39 (3.9) 41 1051 1010 GB-GBN 745 (76.4) 172 (17.6) 58 (5.9) 29 1004 975 GB-NIR 229 (75.6) 52 (17.2) 22 (7.3) 8 311 303 GR 810 (86.6) 99 (10.6) 26 (2.8) 65 1000 935 IE 751 (79.1) 172 (18.1) 26 (2.7) 52 1001 949 IT 738 (76.8) 182 (18.9) 41 (4.3) 39 1000 961 LU 393 (66.7) 146 (24.8) 50 (8.5) 17 606 589 NL 607 (61.2) 262 (26.4) 123 (12.4) 32 1024 992 PT 805 (82.0) 161 (16.4) 16 (1.6) 17 999 982 SE 579 (60.2) 238 (24.8) 144 (15.0) 39 1000 961 N Sum 11526 2911 1048 640 16125 N Valid Sum 11526 2911 1048 15485 printed 25.01.2012 page 180 Eurobarometer 60.0 - September 2003,isocntry M AT 644 (68.4) 241 (25.6) 56 (6.0) 90 1031 941 BE 797 (80.2) 151 (15.2) 46 (4.6) 36 1030 994 DE-E 780 (79.3) 145 (14.8) 58 (5.9) 31 1014 983 DE-W 724 (72.7) 177 (17.8) 95 (9.5) 47 1043 996 DK 677 (68.7) 175 (17.8) 133 (13.5) 16 1001 985 ES 757 (79.7) 160 (16.8) 33 (3.5) 49 999 950 FI 727 (74.3) 170 (17.4) 82 (8.4) 32 1011 979 FR 763 (75.5) 208 (20.6) 39 (3.9) 41 1051 1010 GB-GBN 745 (76.4) 172 (17.6) 58 (5.9) 29 1004 975 GB-NIR 229 (75.6) 52 (17.2) 22 (7.3) 8 311 303 GR 810 (86.6) 99 (10.6) 26 (2.8) 65 1000 935 IE 751 (79.1) 172 (18.1) 26 (2.7) 52 1001 949 IT 738 (76.8) 182 (18.9) 41 (4.3) 39 1000 961 LU 393 (66.7) 146 (24.8) 50 (8.5) 17 606 589 NL 607 (61.2) 262 (26.4) 123 (12.4) 32 1024 992 PT 805 (82.0) 161 (16.4) 16 (1.6) 17 999 982 SE 579 (60.2) 238 (24.8) 144 (15.0) 39 1000 961 N Sum 11526 2911 1048 640 16125 N Valid Sum 11526 2911 1048 15485 printed 25.01.2012 page 180 Eurobarometer 60.0 - September 2003,GESIS Variable Report,206,ZA3937
v175,v175 0 1 9 N Sum N Valid Sum,Q35 INTERNET DATA TOOLS: DK TO INSTALL,isocntry M AT 183 (75.9) 58 (24.1) 790 1031 241 BE 116 (76.8) 35 (23.2) 879 1030 151 DE-E 116 (80.6) 28 (19.4) 869 1013 144 DE-W 135 (75.8) 43 (24.2) 865 1043 178 DK 124 (71.3) 50 (28.7) 825 999 174 ES 132 (82.5) 28 (17.5) 840 1000 160 FI 139 (81.3) 32 (18.7) 841 1012 171 FR 171 (82.2) 37 (17.8) 843 1051 208 GB-GBN 137 (79.2) 36 (20.8) 832 1005 173 GB-NIR 38 (73.1) 14 (26.9) 258 310 52 GR 91 (91.0) 9 (9.0) 901 1001 100 IE 135 (78.5) 37 (21.5) 829 1001 172 IT 149 (81.9) 33 (18.1) 818 1000 182 LU 107 (73.3) 39 (26.7) 460 606 146 NL 176 (67.2) 86 (32.8) 761 1023 262 PT 146 (90.1) 16 (9.9) 839 1001 162 SE 178 (74.8) 60 (25.2) 762 1000 238 N Sum 2273 641 13212 16126 N Valid Sum 2273 641 2914 printed 25.01.2012 page 181 Eurobarometer 60.0 - September 2003,isocntry M AT 183 (75.9) 58 (24.1) 790 1031 241 BE 116 (76.8) 35 (23.2) 879 1030 151 DE-E 116 (80.6) 28 (19.4) 869 1013 144 DE-W 135 (75.8) 43 (24.2) 865 1043 178 DK 124 (71.3) 50 (28.7) 825 999 174 ES 132 (82.5) 28 (17.5) 840 1000 160 FI 139 (81.3) 32 (18.7) 841 1012 171 FR 171 (82.2) 37 (17.8) 843 1051 208 GB-GBN 137 (79.2) 36 (20.8) 832 1005 173 GB-NIR 38 (73.1) 14 (26.9) 258 310 52 GR 91 (91.0) 9 (9.0) 901 1001 100 IE 135 (78.5) 37 (21.5) 829 1001 172 IT 149 (81.9) 33 (18.1) 818 1000 182 LU 107 (73.3) 39 (26.7) 460 606 146 NL 176 (67.2) 86 (32.8) 761 1023 262 PT 146 (90.1) 16 (9.9) 839 1001 162 SE 178 (74.8) 60 (25.2) 762 1000 238 N Sum 2273 641 13212 16126 N Valid Sum 2273 641 2914 printed 25.01.2012 page 181 Eurobarometer 60.0 - September 2003,GESIS Variable Report,207,ZA3937
v176,v176 0 1 9 N Sum N Valid Sum,Q35 INTERNET DATA TOOLS: DK TO USE,isocntry M AT 195 (81.3) 45 (18.8) 790 1030 240 BE 115 (76.2) 36 (23.8) 879 1030 151 DE-E 99 (68.3) 46 (31.7) 869 1014 145 DE-W 116 (65.5) 61 (34.5) 865 1042 177 DK 131 (74.9) 44 (25.1) 825 1000 175 ES 106 (66.3) 54 (33.8) 840 1000 160 FI 132 (77.6) 38 (22.4) 841 1011 170 FR 168 (80.8) 40 (19.2) 843 1051 208 GB-GBN 116 (67.4) 56 (32.6) 832 1004 172 GB-NIR 35 (67.3) 17 (32.7) 258 310 52 GR 65 (65.0) 35 (35.0) 901 1001 100 IE 144 (83.7) 28 (16.3) 829 1001 172 IT 121 (66.1) 62 (33.9) 818 1001 183 LU 112 (76.7) 34 (23.3) 460 606 146 NL 182 (69.5) 80 (30.5) 761 1023 262 PT 115 (71.0) 47 (29.0) 839 1001 162 SE 173 (72.7) 65 (27.3) 762 1000 238 N Sum 2125 788 13212 16125 N Valid Sum 2125 788 2913 printed 25.01.2012 page 182 Eurobarometer 60.0 - September 2003,isocntry M AT 195 (81.3) 45 (18.8) 790 1030 240 BE 115 (76.2) 36 (23.8) 879 1030 151 DE-E 99 (68.3) 46 (31.7) 869 1014 145 DE-W 116 (65.5) 61 (34.5) 865 1042 177 DK 131 (74.9) 44 (25.1) 825 1000 175 ES 106 (66.3) 54 (33.8) 840 1000 160 FI 132 (77.6) 38 (22.4) 841 1011 170 FR 168 (80.8) 40 (19.2) 843 1051 208 GB-GBN 116 (67.4) 56 (32.6) 832 1004 172 GB-NIR 35 (67.3) 17 (32.7) 258 310 52 GR 65 (65.0) 35 (35.0) 901 1001 100 IE 144 (83.7) 28 (16.3) 829 1001 172 IT 121 (66.1) 62 (33.9) 818 1001 183 LU 112 (76.7) 34 (23.3) 460 606 146 NL 182 (69.5) 80 (30.5) 761 1023 262 PT 115 (71.0) 47 (29.0) 839 1001 162 SE 173 (72.7) 65 (27.3) 762 1000 238 N Sum 2125 788 13212 16125 N Valid Sum 2125 788 2913 printed 25.01.2012 page 182 Eurobarometer 60.0 - September 2003,GESIS Variable Report,208,ZA3937
v177,v177 0 1 9 N Sum N Valid Sum,Q35 INTERNET DATA TOOLS: NOT CONVINCED,isocntry M AT 212 (88.0) 29 (12.0) 790 1031 241 BE 119 (78.8) 32 (21.2) 879 1030 151 DE-E 110 (75.9) 35 (24.1) 869 1014 145 DE-W 145 (81.9) 32 (18.1) 865 1042 177 DK 152 (87.4) 22 (12.6) 825 999 174 ES 133 (83.1) 27 (16.9) 840 1000 160 FI 135 (79.4) 35 (20.6) 841 1011 170 FR 166 (79.8) 42 (20.2) 843 1051 208 GB-GBN 145 (84.3) 27 (15.7) 832 1004 172 GB-NIR 35 (67.3) 17 (32.7) 258 310 52 GR 81 (81.8) 18 (18.2) 901 1000 99 IE 135 (78.5) 37 (21.5) 829 1001 172 IT 152 (83.5) 30 (16.5) 818 1000 182 LU 111 (76.0) 35 (24.0) 460 606 146 NL 208 (79.4) 54 (20.6) 761 1023 262 PT 139 (86.3) 22 (13.7) 839 1000 161 SE 192 (80.7) 46 (19.3) 762 1000 238 N Sum 2370 540 13212 16122 N Valid Sum 2370 540 2910 printed 25.01.2012 page 183 Eurobarometer 60.0 - September 2003,isocntry M AT 212 (88.0) 29 (12.0) 790 1031 241 BE 119 (78.8) 32 (21.2) 879 1030 151 DE-E 110 (75.9) 35 (24.1) 869 1014 145 DE-W 145 (81.9) 32 (18.1) 865 1042 177 DK 152 (87.4) 22 (12.6) 825 999 174 ES 133 (83.1) 27 (16.9) 840 1000 160 FI 135 (79.4) 35 (20.6) 841 1011 170 FR 166 (79.8) 42 (20.2) 843 1051 208 GB-GBN 145 (84.3) 27 (15.7) 832 1004 172 GB-NIR 35 (67.3) 17 (32.7) 258 310 52 GR 81 (81.8) 18 (18.2) 901 1000 99 IE 135 (78.5) 37 (21.5) 829 1001 172 IT 152 (83.5) 30 (16.5) 818 1000 182 LU 111 (76.0) 35 (24.0) 460 606 146 NL 208 (79.4) 54 (20.6) 761 1023 262 PT 139 (86.3) 22 (13.7) 839 1000 161 SE 192 (80.7) 46 (19.3) 762 1000 238 N Sum 2370 540 13212 16122 N Valid Sum 2370 540 2910 printed 25.01.2012 page 183 Eurobarometer 60.0 - September 2003,GESIS Variable Report,209,ZA3937
v178,v178 0 1 9 N Sum N Valid Sum,Q35 INTERNET DATA TOOLS: NOT CONCERNED,isocntry M AT 190 (78.8) 51 (21.2) 790 1031 241 BE 119 (78.8) 32 (21.2) 879 1030 151 DE-E 117 (80.7) 28 (19.3) 869 1014 145 DE-W 124 (69.7) 54 (30.3) 865 1043 178 DK 127 (72.6) 48 (27.4) 825 1000 175 ES 133 (83.1) 27 (16.9) 840 1000 160 FI 118 (69.4) 52 (30.6) 841 1011 170 FR 168 (80.8) 40 (19.2) 843 1051 208 GB-GBN 147 (85.5) 25 (14.5) 832 1004 172 GB-NIR 48 (92.3) 4 (7.7) 258 310 52 GR 82 (82.8) 17 (17.2) 901 1000 99 IE 150 (87.2) 22 (12.8) 829 1001 172 IT 150 (82.4) 32 (17.6) 818 1000 182 LU 125 (85.6) 21 (14.4) 460 606 146 NL 201 (76.7) 61 (23.3) 761 1023 262 PT 131 (81.4) 30 (18.6) 839 1000 161 SE 190 (79.5) 49 (20.5) 762 1001 239 N Sum 2320 593 13212 16125 N Valid Sum 2320 593 2913 printed 25.01.2012 page 184 Eurobarometer 60.0 - September 2003,isocntry M AT 190 (78.8) 51 (21.2) 790 1031 241 BE 119 (78.8) 32 (21.2) 879 1030 151 DE-E 117 (80.7) 28 (19.3) 869 1014 145 DE-W 124 (69.7) 54 (30.3) 865 1043 178 DK 127 (72.6) 48 (27.4) 825 1000 175 ES 133 (83.1) 27 (16.9) 840 1000 160 FI 118 (69.4) 52 (30.6) 841 1011 170 FR 168 (80.8) 40 (19.2) 843 1051 208 GB-GBN 147 (85.5) 25 (14.5) 832 1004 172 GB-NIR 48 (92.3) 4 (7.7) 258 310 52 GR 82 (82.8) 17 (17.2) 901 1000 99 IE 150 (87.2) 22 (12.8) 829 1001 172 IT 150 (82.4) 32 (17.6) 818 1000 182 LU 125 (85.6) 21 (14.4) 460 606 146 NL 201 (76.7) 61 (23.3) 761 1023 262 PT 131 (81.4) 30 (18.6) 839 1000 161 SE 190 (79.5) 49 (20.5) 762 1001 239 N Sum 2320 593 13212 16125 N Valid Sum 2320 593 2913 printed 25.01.2012 page 184 Eurobarometer 60.0 - September 2003,GESIS Variable Report,210,ZA3937
v179,v179 0 1 9 N Sum N Valid Sum,Q35 INTERNET DATA TOOLS: TOO EXPENSIVE,isocntry M AT 221 (91.7) 20 (8.3) 790 1031 241 BE 148 (98.0) 3 (2.0) 879 1030 151 DE-E 125 (86.8) 19 (13.2) 869 1013 144 DE-W 169 (95.5) 8 (4.5) 865 1042 177 DK 164 (94.3) 10 (5.7) 825 999 174 ES 156 (97.5) 4 (2.5) 840 1000 160 FI 162 (95.3) 8 (4.7) 841 1011 170 FR 193 (92.8) 15 (7.2) 843 1051 208 GB-GBN 161 (93.1) 12 (6.9) 832 1005 173 GB-NIR 51 (98.1) 1 (1.9) 258 310 52 GR 95 (96.0) 4 (4.0) 901 1000 99 IE 163 (94.8) 9 (5.2) 829 1001 172 IT 174 (95.1) 9 (4.9) 818 1001 183 LU 138 (94.5) 8 (5.5) 460 606 146 NL 246 (93.9) 16 (6.1) 761 1023 262 PT 153 (94.4) 9 (5.6) 839 1001 162 SE 223 (93.7) 15 (6.3) 762 1000 238 N Sum 2742 170 13212 16124 N Valid Sum 2742 170 2912 printed 25.01.2012 page 185 Eurobarometer 60.0 - September 2003,isocntry M AT 221 (91.7) 20 (8.3) 790 1031 241 BE 148 (98.0) 3 (2.0) 879 1030 151 DE-E 125 (86.8) 19 (13.2) 869 1013 144 DE-W 169 (95.5) 8 (4.5) 865 1042 177 DK 164 (94.3) 10 (5.7) 825 999 174 ES 156 (97.5) 4 (2.5) 840 1000 160 FI 162 (95.3) 8 (4.7) 841 1011 170 FR 193 (92.8) 15 (7.2) 843 1051 208 GB-GBN 161 (93.1) 12 (6.9) 832 1005 173 GB-NIR 51 (98.1) 1 (1.9) 258 310 52 GR 95 (96.0) 4 (4.0) 901 1000 99 IE 163 (94.8) 9 (5.2) 829 1001 172 IT 174 (95.1) 9 (4.9) 818 1001 183 LU 138 (94.5) 8 (5.5) 460 606 146 NL 246 (93.9) 16 (6.1) 761 1023 262 PT 153 (94.4) 9 (5.6) 839 1001 162 SE 223 (93.7) 15 (6.3) 762 1000 238 N Sum 2742 170 13212 16124 N Valid Sum 2742 170 2912 printed 25.01.2012 page 185 Eurobarometer 60.0 - September 2003,GESIS Variable Report,211,ZA3937
v180,v180 0 1 9 N Sum N Valid Sum,Q35 INTERNET DATA TOOLS: OTHER REASONS,isocntry M AT 187 (77.6) 54 (22.4) 790 1031 241 BE 131 (86.8) 20 (13.2) 879 1030 151 DE-E 122 (84.1) 23 (15.9) 869 1014 145 DE-W 154 (86.5) 24 (13.5) 865 1043 178 DK 149 (85.1) 26 (14.9) 825 1000 175 ES 139 (86.9) 21 (13.1) 840 1000 160 FI 144 (84.7) 26 (15.3) 841 1011 170 FR 170 (81.7) 38 (18.3) 843 1051 208 GB-GBN 145 (84.3) 27 (15.7) 832 1004 172 GB-NIR 40 (76.9) 12 (23.1) 258 310 52 GR 79 (79.8) 20 (20.2) 901 1000 99 IE 145 (84.3) 27 (15.7) 829 1001 172 IT 156 (85.7) 26 (14.3) 818 1000 182 LU 125 (86.2) 20 (13.8) 460 605 145 NL 222 (84.7) 40 (15.3) 761 1023 262 PT 138 (85.7) 23 (14.3) 839 1000 161 SE 195 (81.9) 43 (18.1) 762 1000 238 N Sum 2441 470 13212 16123 N Valid Sum 2441 470 2911 printed 25.01.2012 page 186 Eurobarometer 60.0 - September 2003,isocntry M AT 187 (77.6) 54 (22.4) 790 1031 241 BE 131 (86.8) 20 (13.2) 879 1030 151 DE-E 122 (84.1) 23 (15.9) 869 1014 145 DE-W 154 (86.5) 24 (13.5) 865 1043 178 DK 149 (85.1) 26 (14.9) 825 1000 175 ES 139 (86.9) 21 (13.1) 840 1000 160 FI 144 (84.7) 26 (15.3) 841 1011 170 FR 170 (81.7) 38 (18.3) 843 1051 208 GB-GBN 145 (84.3) 27 (15.7) 832 1004 172 GB-NIR 40 (76.9) 12 (23.1) 258 310 52 GR 79 (79.8) 20 (20.2) 901 1000 99 IE 145 (84.3) 27 (15.7) 829 1001 172 IT 156 (85.7) 26 (14.3) 818 1000 182 LU 125 (86.2) 20 (13.8) 460 605 145 NL 222 (84.7) 40 (15.3) 761 1023 262 PT 138 (85.7) 23 (14.3) 839 1000 161 SE 195 (81.9) 43 (18.1) 762 1000 238 N Sum 2441 470 13212 16123 N Valid Sum 2441 470 2911 printed 25.01.2012 page 186 Eurobarometer 60.0 - September 2003,GESIS Variable Report,212,ZA3937
v181,v181 0 1 9 N Sum N Valid Sum,Q35 INTERNET DATA TOOLS: DK,isocntry M AT 222 (92.5) 18 (7.5) 790 1030 240 BE 142 (94.0) 9 (6.0) 879 1030 151 DE-E 140 (96.6) 5 (3.4) 869 1014 145 DE-W 168 (94.9) 9 (5.1) 865 1042 177 DK 168 (96.0) 7 (4.0) 825 1000 175 ES 145 (90.1) 16 (9.9) 840 1001 161 FI 156 (91.8) 14 (8.2) 841 1011 170 FR 180 (86.5) 28 (13.5) 843 1051 208 GB-GBN 159 (91.9) 14 (8.1) 832 1005 173 GB-NIR 50 (96.2) 2 (3.8) 258 310 52 GR 95 (95.0) 5 (5.0) 901 1001 100 IE 146 (84.9) 26 (15.1) 829 1001 172 IT 169 (92.9) 13 (7.1) 818 1000 182 LU 136 (93.2) 10 (6.8) 460 606 146 NL 251 (95.8) 11 (4.2) 761 1023 262 PT 143 (88.8) 18 (11.2) 839 1000 161 SE 225 (94.5) 13 (5.5) 762 1000 238 N Sum 2695 218 13212 16125 N Valid Sum 2695 218 2913 printed 25.01.2012 page 187 Eurobarometer 60.0 - September 2003,isocntry M AT 222 (92.5) 18 (7.5) 790 1030 240 BE 142 (94.0) 9 (6.0) 879 1030 151 DE-E 140 (96.6) 5 (3.4) 869 1014 145 DE-W 168 (94.9) 9 (5.1) 865 1042 177 DK 168 (96.0) 7 (4.0) 825 1000 175 ES 145 (90.1) 16 (9.9) 840 1001 161 FI 156 (91.8) 14 (8.2) 841 1011 170 FR 180 (86.5) 28 (13.5) 843 1051 208 GB-GBN 159 (91.9) 14 (8.1) 832 1005 173 GB-NIR 50 (96.2) 2 (3.8) 258 310 52 GR 95 (95.0) 5 (5.0) 901 1001 100 IE 146 (84.9) 26 (15.1) 829 1001 172 IT 169 (92.9) 13 (7.1) 818 1000 182 LU 136 (93.2) 10 (6.8) 460 606 146 NL 251 (95.8) 11 (4.2) 761 1023 262 PT 143 (88.8) 18 (11.2) 839 1000 161 SE 225 (94.5) 13 (5.5) 762 1000 238 N Sum 2695 218 13212 16125 N Valid Sum 2695 218 2913 printed 25.01.2012 page 187 Eurobarometer 60.0 - September 2003,GESIS Variable Report,213,ZA3937
v182,,Q36A TELEPHONE MONITORING AG TERRORISM,,Q36A TELEPHONE MONITORING AG TERRORISM,GESIS Variable Report,214,ZA3937
v183,,Q36B INTERNET MONITORING AG TERRORISM,,Q36B INTERNET MONITORING AG TERRORISM,GESIS Variable Report,215,ZA3937
v184,,Q37A ACTIVITIES: GO ON THE INTERNET,,Q37A ACTIVITIES: GO ON THE INTERNET,GESIS Variable Report,216,ZA3937
v185,,Q37B ACTIVITIES: WATCH TELEVISION,,Q37B ACTIVITIES: WATCH TELEVISION,GESIS Variable Report,217,ZA3937
v186,,Q37C ACTIVITIES: PLAY VIDEO GAMES,,Q37C ACTIVITIES: PLAY VIDEO GAMES,GESIS Variable Report,218,ZA3937
v187,,Q37D ACTIVITIES: ANY CULTURAL,,Q37D ACTIVITIES: ANY CULTURAL,GESIS Variable Report,219,ZA3937
v188,,Q37E ACTIVITIES: EXERCISE/SPORT,,Q37E ACTIVITIES: EXERCISE/SPORT,GESIS Variable Report,220,ZA3937
v189,v189 0 1 9 N Sum N Valid Sum,Q38 SPORT: IN FITNESS CENTRE,isocntry M AT 434 (85.9) 71 (14.1) 526 1031 505 BE 381 (87.6) 54 (12.4) 594 1029 435 DE-E 341 (80.2) 84 (19.8) 590 1015 425 DE-W 392 (81.3) 90 (18.7) 560 1042 482 DK 532 (86.6) 82 (13.4) 386 1000 614 ES 297 (69.4) 131 (30.6) 572 1000 428 FI 709 (84.9) 126 (15.1) 176 1011 835 FR 432 (92.3) 36 (7.7) 583 1051 468 GB-GBN 403 (78.4) 111 (21.6) 490 1004 514 GB-NIR 140 (75.7) 45 (24.3) 125 310 185 GR 152 (62.3) 92 (37.7) 756 1000 244 IE 442 (78.4) 122 (21.6) 437 1001 564 IT 321 (77.2) 95 (22.8) 584 1000 416 LU 251 (85.7) 42 (14.3) 313 606 293 NL 416 (80.9) 98 (19.1) 509 1023 514 PT 219 (74.0) 77 (26.0) 704 1000 296 SE 637 (77.3) 187 (22.7) 175 999 824 N Sum 6499 1543 8080 16122 N Valid Sum 6499 1543 8042 printed 25.01.2012 page 195 Eurobarometer 60.0 - September 2003,isocntry M AT 434 (85.9) 71 (14.1) 526 1031 505 BE 381 (87.6) 54 (12.4) 594 1029 435 DE-E 341 (80.2) 84 (19.8) 590 1015 425 DE-W 392 (81.3) 90 (18.7) 560 1042 482 DK 532 (86.6) 82 (13.4) 386 1000 614 ES 297 (69.4) 131 (30.6) 572 1000 428 FI 709 (84.9) 126 (15.1) 176 1011 835 FR 432 (92.3) 36 (7.7) 583 1051 468 GB-GBN 403 (78.4) 111 (21.6) 490 1004 514 GB-NIR 140 (75.7) 45 (24.3) 125 310 185 GR 152 (62.3) 92 (37.7) 756 1000 244 IE 442 (78.4) 122 (21.6) 437 1001 564 IT 321 (77.2) 95 (22.8) 584 1000 416 LU 251 (85.7) 42 (14.3) 313 606 293 NL 416 (80.9) 98 (19.1) 509 1023 514 PT 219 (74.0) 77 (26.0) 704 1000 296 SE 637 (77.3) 187 (22.7) 175 999 824 N Sum 6499 1543 8080 16122 N Valid Sum 6499 1543 8042 printed 25.01.2012 page 195 Eurobarometer 60.0 - September 2003,GESIS Variable Report,221,ZA3937
v190,v190 0 1 9 N Sum N Valid Sum,Q38 SPORT: IN CLUB,isocntry M AT 369 (73.1) 136 (26.9) 526 1031 505 BE 324 (74.3) 112 (25.7) 594 1030 436 DE-E 282 (66.4) 143 (33.6) 590 1015 425 DE-W 294 (61.0) 188 (39.0) 560 1042 482 DK 408 (66.3) 207 (33.7) 386 1001 615 ES 385 (90.0) 43 (10.0) 572 1000 428 FI 670 (80.2) 165 (19.8) 176 1011 835 FR 322 (68.7) 147 (31.3) 583 1052 469 GB-GBN 451 (87.7) 63 (12.3) 490 1004 514 GB-NIR 144 (77.8) 41 (22.2) 125 310 185 GR 214 (87.7) 30 (12.3) 756 1000 244 IE 388 (68.9) 175 (31.1) 437 1000 563 IT 393 (94.5) 23 (5.5) 584 1000 416 LU 222 (75.5) 72 (24.5) 313 607 294 NL 292 (56.8) 222 (43.2) 509 1023 514 PT 259 (87.5) 37 (12.5) 704 1000 296 SE 750 (90.9) 75 (9.1) 175 1000 825 N Sum 6167 1879 8080 16126 N Valid Sum 6167 1879 8046 printed 25.01.2012 page 196 Eurobarometer 60.0 - September 2003,isocntry M AT 369 (73.1) 136 (26.9) 526 1031 505 BE 324 (74.3) 112 (25.7) 594 1030 436 DE-E 282 (66.4) 143 (33.6) 590 1015 425 DE-W 294 (61.0) 188 (39.0) 560 1042 482 DK 408 (66.3) 207 (33.7) 386 1001 615 ES 385 (90.0) 43 (10.0) 572 1000 428 FI 670 (80.2) 165 (19.8) 176 1011 835 FR 322 (68.7) 147 (31.3) 583 1052 469 GB-GBN 451 (87.7) 63 (12.3) 490 1004 514 GB-NIR 144 (77.8) 41 (22.2) 125 310 185 GR 214 (87.7) 30 (12.3) 756 1000 244 IE 388 (68.9) 175 (31.1) 437 1000 563 IT 393 (94.5) 23 (5.5) 584 1000 416 LU 222 (75.5) 72 (24.5) 313 607 294 NL 292 (56.8) 222 (43.2) 509 1023 514 PT 259 (87.5) 37 (12.5) 704 1000 296 SE 750 (90.9) 75 (9.1) 175 1000 825 N Sum 6167 1879 8080 16126 N Valid Sum 6167 1879 8046 printed 25.01.2012 page 196 Eurobarometer 60.0 - September 2003,GESIS Variable Report,222,ZA3937
v191,v191 0 1 9 N Sum N Valid Sum,Q38 SPORT: IN SPORT CENTRE,isocntry M AT 484 (95.8) 21 (4.2) 526 1031 505 BE 376 (86.2) 60 (13.8) 594 1030 436 DE-E 377 (88.7) 48 (11.3) 590 1015 425 DE-W 451 (93.6) 31 (6.4) 560 1042 482 DK 541 (88.1) 73 (11.9) 386 1000 614 ES 326 (76.2) 102 (23.8) 572 1000 428 FI 770 (92.2) 65 (7.8) 176 1011 835 FR 428 (91.5) 40 (8.5) 583 1051 468 GB-GBN 419 (81.4) 96 (18.6) 490 1005 515 GB-NIR 145 (78.4) 40 (21.6) 125 310 185 GR 198 (81.1) 46 (18.9) 756 1000 244 IE 458 (81.2) 106 (18.8) 437 1001 564 IT 290 (69.5) 127 (30.5) 584 1001 417 LU 264 (89.8) 30 (10.2) 313 607 294 NL 417 (81.1) 97 (18.9) 509 1023 514 PT 249 (84.1) 47 (15.9) 704 1000 296 SE 664 (80.6) 160 (19.4) 175 999 824 N Sum 6857 1189 8080 16126 N Valid Sum 6857 1189 8046 printed 25.01.2012 page 197 Eurobarometer 60.0 - September 2003,isocntry M AT 484 (95.8) 21 (4.2) 526 1031 505 BE 376 (86.2) 60 (13.8) 594 1030 436 DE-E 377 (88.7) 48 (11.3) 590 1015 425 DE-W 451 (93.6) 31 (6.4) 560 1042 482 DK 541 (88.1) 73 (11.9) 386 1000 614 ES 326 (76.2) 102 (23.8) 572 1000 428 FI 770 (92.2) 65 (7.8) 176 1011 835 FR 428 (91.5) 40 (8.5) 583 1051 468 GB-GBN 419 (81.4) 96 (18.6) 490 1005 515 GB-NIR 145 (78.4) 40 (21.6) 125 310 185 GR 198 (81.1) 46 (18.9) 756 1000 244 IE 458 (81.2) 106 (18.8) 437 1001 564 IT 290 (69.5) 127 (30.5) 584 1001 417 LU 264 (89.8) 30 (10.2) 313 607 294 NL 417 (81.1) 97 (18.9) 509 1023 514 PT 249 (84.1) 47 (15.9) 704 1000 296 SE 664 (80.6) 160 (19.4) 175 999 824 N Sum 6857 1189 8080 16126 N Valid Sum 6857 1189 8046 printed 25.01.2012 page 197 Eurobarometer 60.0 - September 2003,GESIS Variable Report,223,ZA3937
v192,v192 0 1 9 N Sum N Valid Sum,Q38 SPORT: AT SCHOOL/UNIVERSITY,isocntry M AT 473 (93.7) 32 (6.3) 526 1031 505 BE 405 (92.9) 31 (7.1) 594 1030 436 DE-E 389 (91.7) 35 (8.3) 590 1014 424 DE-W 434 (90.0) 48 (10.0) 560 1042 482 DK 563 (91.5) 52 (8.5) 386 1001 615 ES 391 (91.4) 37 (8.6) 572 1000 428 FI 772 (92.5) 63 (7.5) 176 1011 835 FR 441 (94.0) 28 (6.0) 583 1052 469 GB-GBN 480 (93.4) 34 (6.6) 490 1004 514 GB-NIR 167 (90.3) 18 (9.7) 125 310 185 GR 215 (88.1) 29 (11.9) 756 1000 244 IE 516 (91.5) 48 (8.5) 437 1001 564 IT 398 (95.7) 18 (4.3) 584 1000 416 LU 270 (92.2) 23 (7.8) 313 606 293 NL 480 (93.4) 34 (6.6) 509 1023 514 PT 249 (84.1) 47 (15.9) 704 1000 296 SE 790 (95.8) 35 (4.2) 175 1000 825 N Sum 7433 612 8080 16125 N Valid Sum 7433 612 8045 printed 25.01.2012 page 198 Eurobarometer 60.0 - September 2003,isocntry M AT 473 (93.7) 32 (6.3) 526 1031 505 BE 405 (92.9) 31 (7.1) 594 1030 436 DE-E 389 (91.7) 35 (8.3) 590 1014 424 DE-W 434 (90.0) 48 (10.0) 560 1042 482 DK 563 (91.5) 52 (8.5) 386 1001 615 ES 391 (91.4) 37 (8.6) 572 1000 428 FI 772 (92.5) 63 (7.5) 176 1011 835 FR 441 (94.0) 28 (6.0) 583 1052 469 GB-GBN 480 (93.4) 34 (6.6) 490 1004 514 GB-NIR 167 (90.3) 18 (9.7) 125 310 185 GR 215 (88.1) 29 (11.9) 756 1000 244 IE 516 (91.5) 48 (8.5) 437 1001 564 IT 398 (95.7) 18 (4.3) 584 1000 416 LU 270 (92.2) 23 (7.8) 313 606 293 NL 480 (93.4) 34 (6.6) 509 1023 514 PT 249 (84.1) 47 (15.9) 704 1000 296 SE 790 (95.8) 35 (4.2) 175 1000 825 N Sum 7433 612 8080 16125 N Valid Sum 7433 612 8045 printed 25.01.2012 page 198 Eurobarometer 60.0 - September 2003,GESIS Variable Report,224,ZA3937
v193,v193 0 1 9 N Sum N Valid Sum,Q38 SPORT: ELSEWHERE,isocntry M AT 213 (42.2) 292 (57.8) 526 1031 505 BE 223 (51.1) 213 (48.9) 594 1030 436 DE-E 257 (60.6) 167 (39.4) 590 1014 424 DE-W 277 (57.3) 206 (42.7) 560 1043 483 DK 314 (51.1) 300 (48.9) 386 1000 614 ES 259 (60.5) 169 (39.5) 572 1000 428 FI 226 (27.1) 609 (72.9) 176 1011 835 FR 223 (47.6) 245 (52.4) 583 1051 468 GB-GBN 244 (47.4) 271 (52.6) 490 1005 515 GB-NIR 108 (58.4) 77 (41.6) 125 310 185 GR 183 (75.0) 61 (25.0) 756 1000 244 IE 354 (62.8) 210 (37.2) 437 1001 564 IT 224 (53.8) 192 (46.2) 584 1000 416 LU 137 (46.8) 156 (53.2) 313 606 293 NL 339 (66.0) 175 (34.0) 509 1023 514 PT 189 (63.9) 107 (36.1) 704 1000 296 SE 271 (32.8) 554 (67.2) 175 1000 825 N Sum 4041 4004 8080 16125 N Valid Sum 4041 4004 8045 printed 25.01.2012 page 199 Eurobarometer 60.0 - September 2003,isocntry M AT 213 (42.2) 292 (57.8) 526 1031 505 BE 223 (51.1) 213 (48.9) 594 1030 436 DE-E 257 (60.6) 167 (39.4) 590 1014 424 DE-W 277 (57.3) 206 (42.7) 560 1043 483 DK 314 (51.1) 300 (48.9) 386 1000 614 ES 259 (60.5) 169 (39.5) 572 1000 428 FI 226 (27.1) 609 (72.9) 176 1011 835 FR 223 (47.6) 245 (52.4) 583 1051 468 GB-GBN 244 (47.4) 271 (52.6) 490 1005 515 GB-NIR 108 (58.4) 77 (41.6) 125 310 185 GR 183 (75.0) 61 (25.0) 756 1000 244 IE 354 (62.8) 210 (37.2) 437 1001 564 IT 224 (53.8) 192 (46.2) 584 1000 416 LU 137 (46.8) 156 (53.2) 313 606 293 NL 339 (66.0) 175 (34.0) 509 1023 514 PT 189 (63.9) 107 (36.1) 704 1000 296 SE 271 (32.8) 554 (67.2) 175 1000 825 N Sum 4041 4004 8080 16125 N Valid Sum 4041 4004 8045 printed 25.01.2012 page 199 Eurobarometer 60.0 - September 2003,GESIS Variable Report,225,ZA3937
v194,v194 0 1 9 N Sum N Valid Sum,Q38 SPORT: DK,isocntry M AT 504 (99.8) 1 (0.2) 526 1031 505 BE 423 (97.2) 12 (2.8) 594 1029 435 DE-E 417 (98.1) 8 (1.9) 590 1015 425 DE-W 477 (99.0) 5 (1.0) 560 1042 482 DK 612 (99.7) 2 (0.3) 386 1000 614 ES 426 (99.5) 2 (0.5) 572 1000 428 FI 825 (98.8) 10 (1.2) 176 1011 835 FR 462 (98.7) 6 (1.3) 583 1051 468 GB-GBN 498 (96.9) 16 (3.1) 490 1004 514 GB-NIR 185 (100.0) 125 310 185 GR 244 (100.0) 756 1000 244 IE 552 (97.9) 12 (2.1) 437 1001 564 IT 416 (100.0) 584 1000 416 LU 290 (99.0) 3 (1.0) 313 606 293 NL 513 (99.8) 1 (0.2) 509 1023 514 PT 294 (99.3) 2 (0.7) 704 1000 296 SE 820 (99.5) 4 (0.5) 175 999 824 N Sum 7958 84 8080 16122 N Valid Sum 7958 84 8042 printed 25.01.2012 page 200 Eurobarometer 60.0 - September 2003,isocntry M AT 504 (99.8) 1 (0.2) 526 1031 505 BE 423 (97.2) 12 (2.8) 594 1029 435 DE-E 417 (98.1) 8 (1.9) 590 1015 425 DE-W 477 (99.0) 5 (1.0) 560 1042 482 DK 612 (99.7) 2 (0.3) 386 1000 614 ES 426 (99.5) 2 (0.5) 572 1000 428 FI 825 (98.8) 10 (1.2) 176 1011 835 FR 462 (98.7) 6 (1.3) 583 1051 468 GB-GBN 498 (96.9) 16 (3.1) 490 1004 514 GB-NIR 185 (100.0) 125 310 185 GR 244 (100.0) 756 1000 244 IE 552 (97.9) 12 (2.1) 437 1001 564 IT 416 (100.0) 584 1000 416 LU 290 (99.0) 3 (1.0) 313 606 293 NL 513 (99.8) 1 (0.2) 509 1023 514 PT 294 (99.3) 2 (0.7) 704 1000 296 SE 820 (99.5) 4 (0.5) 175 999 824 N Sum 7958 84 8080 16122 N Valid Sum 7958 84 8042 printed 25.01.2012 page 200 Eurobarometer 60.0 - September 2003,GESIS Variable Report,226,ZA3937
v195,v195 0 1 N Sum N Valid Sum,Q39 SPORT BENEFIT: IMPROVE HEALTH,isocntry AT 225 (21.8) 806 (78.2) 1031 1031 BE 259 (25.1) 771 (74.9) 1030 1030 DE-E 252 (24.9) 762 (75.1) 1014 1014 DE-W 246 (23.6) 796 (76.4) 1042 1042 DK 206 (20.6) 794 (79.4) 1000 1000 ES 203 (20.3) 797 (79.7) 1000 1000 FI 119 (11.8) 892 (88.2) 1011 1011 FR 281 (26.7) 770 (73.3) 1051 1051 GB-GBN 168 (16.7) 836 (83.3) 1004 1004 GB-NIR 81 (26.1) 229 (73.9) 310 310 GR 76 (7.6) 924 (92.4) 1000 1000 IE 366 (36.6) 635 (63.4) 1001 1001 IT 144 (14.4) 856 (85.6) 1000 1000 LU 79 (13.0) 527 (87.0) 606 606 NL 149 (14.6) 874 (85.4) 1023 1023 PT 290 (29.0) 710 (71.0) 1000 1000 SE 111 (11.1) 889 (88.9) 1000 1000 N Sum 3255 12868 16123 N Valid Sum 3255 12868 16123 printed 25.01.2012 page 201 Eurobarometer 60.0 - September 2003,isocntry AT 225 (21.8) 806 (78.2) 1031 1031 BE 259 (25.1) 771 (74.9) 1030 1030 DE-E 252 (24.9) 762 (75.1) 1014 1014 DE-W 246 (23.6) 796 (76.4) 1042 1042 DK 206 (20.6) 794 (79.4) 1000 1000 ES 203 (20.3) 797 (79.7) 1000 1000 FI 119 (11.8) 892 (88.2) 1011 1011 FR 281 (26.7) 770 (73.3) 1051 1051 GB-GBN 168 (16.7) 836 (83.3) 1004 1004 GB-NIR 81 (26.1) 229 (73.9) 310 310 GR 76 (7.6) 924 (92.4) 1000 1000 IE 366 (36.6) 635 (63.4) 1001 1001 IT 144 (14.4) 856 (85.6) 1000 1000 LU 79 (13.0) 527 (87.0) 606 606 NL 149 (14.6) 874 (85.4) 1023 1023 PT 290 (29.0) 710 (71.0) 1000 1000 SE 111 (11.1) 889 (88.9) 1000 1000 N Sum 3255 12868 16123 N Valid Sum 3255 12868 16123 printed 25.01.2012 page 201 Eurobarometer 60.0 - September 2003,GESIS Variable Report,227,ZA3937
v196,v196 0 1 N Sum N Valid Sum,Q39 SPORT BENEFIT: HAVE FUN,isocntry AT 577 (56.0) 454 (44.0) 1031 1031 BE 539 (52.3) 491 (47.7) 1030 1030 DE-E 419 (41.3) 595 (58.7) 1014 1014 DE-W 472 (45.3) 571 (54.7) 1043 1043 DK 400 (40.0) 600 (60.0) 1000 1000 ES 628 (62.8) 372 (37.2) 1000 1000 FI 700 (69.2) 311 (30.8) 1011 1011 FR 731 (69.6) 320 (30.4) 1051 1051 GB-GBN 432 (43.0) 572 (57.0) 1004 1004 GB-NIR 143 (46.1) 167 (53.9) 310 310 GR 572 (57.2) 428 (42.8) 1000 1000 IE 543 (54.2) 458 (45.8) 1001 1001 IT 543 (54.3) 457 (45.7) 1000 1000 LU 351 (57.9) 255 (42.1) 606 606 NL 343 (33.5) 680 (66.5) 1023 1023 PT 626 (62.6) 374 (37.4) 1000 1000 SE 391 (39.1) 609 (60.9) 1000 1000 N Sum 8410 7714 16124 N Valid Sum 8410 7714 16124 printed 25.01.2012 page 202 Eurobarometer 60.0 - September 2003,isocntry AT 577 (56.0) 454 (44.0) 1031 1031 BE 539 (52.3) 491 (47.7) 1030 1030 DE-E 419 (41.3) 595 (58.7) 1014 1014 DE-W 472 (45.3) 571 (54.7) 1043 1043 DK 400 (40.0) 600 (60.0) 1000 1000 ES 628 (62.8) 372 (37.2) 1000 1000 FI 700 (69.2) 311 (30.8) 1011 1011 FR 731 (69.6) 320 (30.4) 1051 1051 GB-GBN 432 (43.0) 572 (57.0) 1004 1004 GB-NIR 143 (46.1) 167 (53.9) 310 310 GR 572 (57.2) 428 (42.8) 1000 1000 IE 543 (54.2) 458 (45.8) 1001 1001 IT 543 (54.3) 457 (45.7) 1000 1000 LU 351 (57.9) 255 (42.1) 606 606 NL 343 (33.5) 680 (66.5) 1023 1023 PT 626 (62.6) 374 (37.4) 1000 1000 SE 391 (39.1) 609 (60.9) 1000 1000 N Sum 8410 7714 16124 N Valid Sum 8410 7714 16124 printed 25.01.2012 page 202 Eurobarometer 60.0 - September 2003,GESIS Variable Report,228,ZA3937
v197,v197 0 1 N Sum N Valid Sum,Q39 SPORT BENEFIT: RELAX,isocntry AT 687 (66.6) 344 (33.4) 1031 1031 BE 378 (36.7) 652 (63.3) 1030 1030 DE-E 635 (62.6) 379 (37.4) 1014 1014 DE-W 631 (60.5) 412 (39.5) 1043 1043 DK 717 (71.7) 283 (28.3) 1000 1000 ES 578 (57.8) 422 (42.2) 1000 1000 FI 401 (39.7) 610 (60.3) 1011 1011 FR 390 (37.1) 661 (62.9) 1051 1051 GB-GBN 601 (59.9) 403 (40.1) 1004 1004 GB-NIR 152 (49.0) 158 (51.0) 310 310 GR 500 (50.0) 500 (50.0) 1000 1000 IE 588 (58.7) 413 (41.3) 1001 1001 IT 500 (50.0) 500 (50.0) 1000 1000 LU 274 (45.2) 332 (54.8) 606 606 NL 219 (21.4) 804 (78.6) 1023 1023 PT 575 (57.5) 425 (42.5) 1000 1000 SE 548 (54.8) 452 (45.2) 1000 1000 N Sum 8374 7750 16124 N Valid Sum 8374 7750 16124 printed 25.01.2012 page 203 Eurobarometer 60.0 - September 2003,isocntry AT 687 (66.6) 344 (33.4) 1031 1031 BE 378 (36.7) 652 (63.3) 1030 1030 DE-E 635 (62.6) 379 (37.4) 1014 1014 DE-W 631 (60.5) 412 (39.5) 1043 1043 DK 717 (71.7) 283 (28.3) 1000 1000 ES 578 (57.8) 422 (42.2) 1000 1000 FI 401 (39.7) 610 (60.3) 1011 1011 FR 390 (37.1) 661 (62.9) 1051 1051 GB-GBN 601 (59.9) 403 (40.1) 1004 1004 GB-NIR 152 (49.0) 158 (51.0) 310 310 GR 500 (50.0) 500 (50.0) 1000 1000 IE 588 (58.7) 413 (41.3) 1001 1001 IT 500 (50.0) 500 (50.0) 1000 1000 LU 274 (45.2) 332 (54.8) 606 606 NL 219 (21.4) 804 (78.6) 1023 1023 PT 575 (57.5) 425 (42.5) 1000 1000 SE 548 (54.8) 452 (45.2) 1000 1000 N Sum 8374 7750 16124 N Valid Sum 8374 7750 16124 printed 25.01.2012 page 203 Eurobarometer 60.0 - September 2003,GESIS Variable Report,229,ZA3937
v198,v198 0 1 N Sum N Valid Sum,Q39 SPORT BENEFIT: BE WITH FRIENDS,isocntry AT 646 (62.7) 385 (37.3) 1031 1031 BE 595 (57.8) 435 (42.2) 1030 1030 DE-E 518 (51.1) 496 (48.9) 1014 1014 DE-W 559 (53.6) 483 (46.4) 1042 1042 DK 469 (46.9) 531 (53.1) 1000 1000 ES 761 (76.1) 239 (23.9) 1000 1000 FI 604 (59.7) 407 (40.3) 1011 1011 FR 692 (65.8) 359 (34.2) 1051 1051 GB-GBN 553 (55.1) 451 (44.9) 1004 1004 GB-NIR 163 (52.6) 147 (47.4) 310 310 GR 705 (70.5) 295 (29.5) 1000 1000 IE 602 (60.1) 399 (39.9) 1001 1001 IT 664 (66.4) 336 (33.6) 1000 1000 LU 320 (52.8) 286 (47.2) 606 606 NL 559 (54.6) 464 (45.4) 1023 1023 PT 694 (69.4) 306 (30.6) 1000 1000 SE 552 (55.2) 448 (44.8) 1000 1000 N Sum 9656 6467 16123 N Valid Sum 9656 6467 16123 printed 25.01.2012 page 204 Eurobarometer 60.0 - September 2003,isocntry AT 646 (62.7) 385 (37.3) 1031 1031 BE 595 (57.8) 435 (42.2) 1030 1030 DE-E 518 (51.1) 496 (48.9) 1014 1014 DE-W 559 (53.6) 483 (46.4) 1042 1042 DK 469 (46.9) 531 (53.1) 1000 1000 ES 761 (76.1) 239 (23.9) 1000 1000 FI 604 (59.7) 407 (40.3) 1011 1011 FR 692 (65.8) 359 (34.2) 1051 1051 GB-GBN 553 (55.1) 451 (44.9) 1004 1004 GB-NIR 163 (52.6) 147 (47.4) 310 310 GR 705 (70.5) 295 (29.5) 1000 1000 IE 602 (60.1) 399 (39.9) 1001 1001 IT 664 (66.4) 336 (33.6) 1000 1000 LU 320 (52.8) 286 (47.2) 606 606 NL 559 (54.6) 464 (45.4) 1023 1023 PT 694 (69.4) 306 (30.6) 1000 1000 SE 552 (55.2) 448 (44.8) 1000 1000 N Sum 9656 6467 16123 N Valid Sum 9656 6467 16123 printed 25.01.2012 page 204 Eurobarometer 60.0 - September 2003,GESIS Variable Report,230,ZA3937
v199,v199 0 1 N Sum N Valid Sum,Q39 SPORT BENEFIT: NEW ACQUAINTANCES,isocntry AT 849 (82.3) 182 (17.7) 1031 1031 BE 683 (66.3) 347 (33.7) 1030 1030 DE-E 791 (78.0) 223 (22.0) 1014 1014 DE-W 766 (73.5) 276 (26.5) 1042 1042 DK 694 (69.4) 306 (30.6) 1000 1000 ES 833 (83.3) 167 (16.7) 1000 1000 FI 811 (80.2) 200 (19.8) 1011 1011 FR 793 (75.5) 258 (24.5) 1051 1051 GB-GBN 753 (75.0) 251 (25.0) 1004 1004 GB-NIR 234 (75.5) 76 (24.5) 310 310 GR 703 (70.3) 297 (29.7) 1000 1000 IE 809 (80.8) 192 (19.2) 1001 1001 IT 715 (71.5) 285 (28.5) 1000 1000 LU 422 (69.6) 184 (30.4) 606 606 NL 658 (64.3) 365 (35.7) 1023 1023 PT 862 (86.2) 138 (13.8) 1000 1000 SE 761 (76.1) 239 (23.9) 1000 1000 N Sum 12137 3986 16123 N Valid Sum 12137 3986 16123 printed 25.01.2012 page 205 Eurobarometer 60.0 - September 2003,isocntry AT 849 (82.3) 182 (17.7) 1031 1031 BE 683 (66.3) 347 (33.7) 1030 1030 DE-E 791 (78.0) 223 (22.0) 1014 1014 DE-W 766 (73.5) 276 (26.5) 1042 1042 DK 694 (69.4) 306 (30.6) 1000 1000 ES 833 (83.3) 167 (16.7) 1000 1000 FI 811 (80.2) 200 (19.8) 1011 1011 FR 793 (75.5) 258 (24.5) 1051 1051 GB-GBN 753 (75.0) 251 (25.0) 1004 1004 GB-NIR 234 (75.5) 76 (24.5) 310 310 GR 703 (70.3) 297 (29.7) 1000 1000 IE 809 (80.8) 192 (19.2) 1001 1001 IT 715 (71.5) 285 (28.5) 1000 1000 LU 422 (69.6) 184 (30.4) 606 606 NL 658 (64.3) 365 (35.7) 1023 1023 PT 862 (86.2) 138 (13.8) 1000 1000 SE 761 (76.1) 239 (23.9) 1000 1000 N Sum 12137 3986 16123 N Valid Sum 12137 3986 16123 printed 25.01.2012 page 205 Eurobarometer 60.0 - September 2003,GESIS Variable Report,231,ZA3937
v200,v200 0 1 N Sum N Valid Sum,Q39 SPORT BENEFIT: MEET OTHER CULTURES,isocntry AT 922 (89.4) 109 (10.6) 1031 1031 BE 908 (88.2) 122 (11.8) 1030 1030 DE-E 969 (95.6) 45 (4.4) 1014 1014 DE-W 934 (89.6) 108 (10.4) 1042 1042 DK 875 (87.5) 125 (12.5) 1000 1000 ES 895 (89.5) 105 (10.5) 1000 1000 FI 941 (93.1) 70 (6.9) 1011 1011 FR 925 (88.0) 126 (12.0) 1051 1051 GB-GBN 873 (87.0) 131 (13.0) 1004 1004 GB-NIR 265 (85.5) 45 (14.5) 310 310 GR 825 (82.5) 175 (17.5) 1000 1000 IE 901 (90.0) 100 (10.0) 1001 1001 IT 900 (90.0) 100 (10.0) 1000 1000 LU 477 (78.7) 129 (21.3) 606 606 NL 890 (87.0) 133 (13.0) 1023 1023 PT 898 (89.8) 102 (10.2) 1000 1000 SE 885 (88.5) 115 (11.5) 1000 1000 N Sum 14283 1840 16123 N Valid Sum 14283 1840 16123 printed 25.01.2012 page 206 Eurobarometer 60.0 - September 2003,isocntry AT 922 (89.4) 109 (10.6) 1031 1031 BE 908 (88.2) 122 (11.8) 1030 1030 DE-E 969 (95.6) 45 (4.4) 1014 1014 DE-W 934 (89.6) 108 (10.4) 1042 1042 DK 875 (87.5) 125 (12.5) 1000 1000 ES 895 (89.5) 105 (10.5) 1000 1000 FI 941 (93.1) 70 (6.9) 1011 1011 FR 925 (88.0) 126 (12.0) 1051 1051 GB-GBN 873 (87.0) 131 (13.0) 1004 1004 GB-NIR 265 (85.5) 45 (14.5) 310 310 GR 825 (82.5) 175 (17.5) 1000 1000 IE 901 (90.0) 100 (10.0) 1001 1001 IT 900 (90.0) 100 (10.0) 1000 1000 LU 477 (78.7) 129 (21.3) 606 606 NL 890 (87.0) 133 (13.0) 1023 1023 PT 898 (89.8) 102 (10.2) 1000 1000 SE 885 (88.5) 115 (11.5) 1000 1000 N Sum 14283 1840 16123 N Valid Sum 14283 1840 16123 printed 25.01.2012 page 206 Eurobarometer 60.0 - September 2003,GESIS Variable Report,232,ZA3937
v201,v201 0 1 N Sum N Valid Sum,Q39 SPORT BENEFIT: PHYSICAL PERFORMANCE,isocntry AT 499 (48.4) 532 (51.6) 1031 1031 BE 540 (52.4) 490 (47.6) 1030 1030 DE-E 434 (42.8) 580 (57.2) 1014 1014 DE-W 382 (36.6) 661 (63.4) 1043 1043 DK 572 (57.2) 428 (42.8) 1000 1000 ES 607 (60.7) 393 (39.3) 1000 1000 FI 365 (36.1) 646 (63.9) 1011 1011 FR 570 (54.2) 481 (45.8) 1051 1051 GB-GBN 642 (63.9) 362 (36.1) 1004 1004 GB-NIR 201 (64.8) 109 (35.2) 310 310 GR 504 (50.4) 496 (49.6) 1000 1000 IE 704 (70.3) 297 (29.7) 1001 1001 IT 571 (57.1) 429 (42.9) 1000 1000 LU 349 (57.6) 257 (42.4) 606 606 NL 523 (51.1) 500 (48.9) 1023 1023 PT 655 (65.5) 345 (34.5) 1000 1000 SE 373 (37.3) 627 (62.7) 1000 1000 N Sum 8491 7633 16124 N Valid Sum 8491 7633 16124 printed 25.01.2012 page 207 Eurobarometer 60.0 - September 2003,isocntry AT 499 (48.4) 532 (51.6) 1031 1031 BE 540 (52.4) 490 (47.6) 1030 1030 DE-E 434 (42.8) 580 (57.2) 1014 1014 DE-W 382 (36.6) 661 (63.4) 1043 1043 DK 572 (57.2) 428 (42.8) 1000 1000 ES 607 (60.7) 393 (39.3) 1000 1000 FI 365 (36.1) 646 (63.9) 1011 1011 FR 570 (54.2) 481 (45.8) 1051 1051 GB-GBN 642 (63.9) 362 (36.1) 1004 1004 GB-NIR 201 (64.8) 109 (35.2) 310 310 GR 504 (50.4) 496 (49.6) 1000 1000 IE 704 (70.3) 297 (29.7) 1001 1001 IT 571 (57.1) 429 (42.9) 1000 1000 LU 349 (57.6) 257 (42.4) 606 606 NL 523 (51.1) 500 (48.9) 1023 1023 PT 655 (65.5) 345 (34.5) 1000 1000 SE 373 (37.3) 627 (62.7) 1000 1000 N Sum 8491 7633 16124 N Valid Sum 8491 7633 16124 printed 25.01.2012 page 207 Eurobarometer 60.0 - September 2003,GESIS Variable Report,233,ZA3937
v202,v202 0 1 N Sum N Valid Sum,Q39 SPORT BENEFIT: IMPROVE SELF-ESTEEM,isocntry AT 776 (75.3) 255 (24.7) 1031 1031 BE 826 (80.2) 204 (19.8) 1030 1030 DE-E 736 (72.6) 278 (27.4) 1014 1014 DE-W 718 (68.8) 325 (31.2) 1043 1043 DK 567 (56.7) 433 (43.3) 1000 1000 ES 812 (81.2) 188 (18.8) 1000 1000 FI 688 (68.1) 323 (31.9) 1011 1011 FR 780 (74.2) 271 (25.8) 1051 1051 GB-GBN 699 (69.6) 305 (30.4) 1004 1004 GB-NIR 217 (70.0) 93 (30.0) 310 310 GR 757 (75.7) 243 (24.3) 1000 1000 IE 755 (75.4) 246 (24.6) 1001 1001 IT 808 (80.8) 192 (19.2) 1000 1000 LU 420 (69.3) 186 (30.7) 606 606 NL 736 (71.9) 287 (28.1) 1023 1023 PT 838 (83.8) 162 (16.2) 1000 1000 SE 646 (64.6) 354 (35.4) 1000 1000 N Sum 11779 4345 16124 N Valid Sum 11779 4345 16124 printed 25.01.2012 page 208 Eurobarometer 60.0 - September 2003,isocntry AT 776 (75.3) 255 (24.7) 1031 1031 BE 826 (80.2) 204 (19.8) 1030 1030 DE-E 736 (72.6) 278 (27.4) 1014 1014 DE-W 718 (68.8) 325 (31.2) 1043 1043 DK 567 (56.7) 433 (43.3) 1000 1000 ES 812 (81.2) 188 (18.8) 1000 1000 FI 688 (68.1) 323 (31.9) 1011 1011 FR 780 (74.2) 271 (25.8) 1051 1051 GB-GBN 699 (69.6) 305 (30.4) 1004 1004 GB-NIR 217 (70.0) 93 (30.0) 310 310 GR 757 (75.7) 243 (24.3) 1000 1000 IE 755 (75.4) 246 (24.6) 1001 1001 IT 808 (80.8) 192 (19.2) 1000 1000 LU 420 (69.3) 186 (30.7) 606 606 NL 736 (71.9) 287 (28.1) 1023 1023 PT 838 (83.8) 162 (16.2) 1000 1000 SE 646 (64.6) 354 (35.4) 1000 1000 N Sum 11779 4345 16124 N Valid Sum 11779 4345 16124 printed 25.01.2012 page 208 Eurobarometer 60.0 - September 2003,GESIS Variable Report,234,ZA3937
v203,v203 0 1 N Sum N Valid Sum,Q39 SPORT BENEFIT: DEVELOP NEW SKILLS,isocntry AT 842 (81.7) 189 (18.3) 1031 1031 BE 842 (81.7) 188 (18.3) 1030 1030 DE-E 833 (82.1) 181 (17.9) 1014 1014 DE-W 791 (75.8) 252 (24.2) 1043 1043 DK 810 (81.0) 190 (19.0) 1000 1000 ES 834 (83.4) 166 (16.6) 1000 1000 FI 804 (79.5) 207 (20.5) 1011 1011 FR 851 (81.0) 200 (19.0) 1051 1051 GB-GBN 766 (76.3) 238 (23.7) 1004 1004 GB-NIR 228 (73.5) 82 (26.5) 310 310 GR 771 (77.1) 229 (22.9) 1000 1000 IE 742 (74.1) 259 (25.9) 1001 1001 IT 882 (88.2) 118 (11.8) 1000 1000 LU 442 (72.9) 164 (27.1) 606 606 NL 772 (75.5) 251 (24.5) 1023 1023 PT 856 (85.6) 144 (14.4) 1000 1000 SE 792 (79.2) 208 (20.8) 1000 1000 N Sum 12858 3266 16124 N Valid Sum 12858 3266 16124 printed 25.01.2012 page 209 Eurobarometer 60.0 - September 2003,isocntry AT 842 (81.7) 189 (18.3) 1031 1031 BE 842 (81.7) 188 (18.3) 1030 1030 DE-E 833 (82.1) 181 (17.9) 1014 1014 DE-W 791 (75.8) 252 (24.2) 1043 1043 DK 810 (81.0) 190 (19.0) 1000 1000 ES 834 (83.4) 166 (16.6) 1000 1000 FI 804 (79.5) 207 (20.5) 1011 1011 FR 851 (81.0) 200 (19.0) 1051 1051 GB-GBN 766 (76.3) 238 (23.7) 1004 1004 GB-NIR 228 (73.5) 82 (26.5) 310 310 GR 771 (77.1) 229 (22.9) 1000 1000 IE 742 (74.1) 259 (25.9) 1001 1001 IT 882 (88.2) 118 (11.8) 1000 1000 LU 442 (72.9) 164 (27.1) 606 606 NL 772 (75.5) 251 (24.5) 1023 1023 PT 856 (85.6) 144 (14.4) 1000 1000 SE 792 (79.2) 208 (20.8) 1000 1000 N Sum 12858 3266 16124 N Valid Sum 12858 3266 16124 printed 25.01.2012 page 209 Eurobarometer 60.0 - September 2003,GESIS Variable Report,235,ZA3937
v204,v204 0 1 N Sum N Valid Sum,Q39 SPORT BENEFIT: BUILD CHARACTER,isocntry AT 876 (85.0) 155 (15.0) 1031 1031 BE 881 (85.5) 149 (14.5) 1030 1030 DE-E 890 (87.8) 124 (12.2) 1014 1014 DE-W 901 (86.5) 141 (13.5) 1042 1042 DK 883 (88.3) 117 (11.7) 1000 1000 ES 912 (91.2) 88 (8.8) 1000 1000 FI 862 (85.3) 149 (14.7) 1011 1011 FR 917 (87.3) 134 (12.7) 1051 1051 GB-GBN 824 (82.1) 180 (17.9) 1004 1004 GB-NIR 264 (85.2) 46 (14.8) 310 310 GR 770 (77.0) 230 (23.0) 1000 1000 IE 836 (83.5) 165 (16.5) 1001 1001 IT 866 (86.6) 134 (13.4) 1000 1000 LU 458 (75.6) 148 (24.4) 606 606 NL 820 (80.2) 203 (19.8) 1023 1023 PT 912 (91.2) 88 (8.8) 1000 1000 SE 833 (83.3) 167 (16.7) 1000 1000 N Sum 13705 2418 16123 N Valid Sum 13705 2418 16123 printed 25.01.2012 page 210 Eurobarometer 60.0 - September 2003,isocntry AT 876 (85.0) 155 (15.0) 1031 1031 BE 881 (85.5) 149 (14.5) 1030 1030 DE-E 890 (87.8) 124 (12.2) 1014 1014 DE-W 901 (86.5) 141 (13.5) 1042 1042 DK 883 (88.3) 117 (11.7) 1000 1000 ES 912 (91.2) 88 (8.8) 1000 1000 FI 862 (85.3) 149 (14.7) 1011 1011 FR 917 (87.3) 134 (12.7) 1051 1051 GB-GBN 824 (82.1) 180 (17.9) 1004 1004 GB-NIR 264 (85.2) 46 (14.8) 310 310 GR 770 (77.0) 230 (23.0) 1000 1000 IE 836 (83.5) 165 (16.5) 1001 1001 IT 866 (86.6) 134 (13.4) 1000 1000 LU 458 (75.6) 148 (24.4) 606 606 NL 820 (80.2) 203 (19.8) 1023 1023 PT 912 (91.2) 88 (8.8) 1000 1000 SE 833 (83.3) 167 (16.7) 1000 1000 N Sum 13705 2418 16123 N Valid Sum 13705 2418 16123 printed 25.01.2012 page 210 Eurobarometer 60.0 - September 2003,GESIS Variable Report,236,ZA3937
v205,v205 0 1 N Sum N Valid Sum,Q39 SPORT BENEFIT: ACHIEVE OBJECTIVES,isocntry AT 791 (76.7) 240 (23.3) 1031 1031 BE 855 (83.0) 175 (17.0) 1030 1030 DE-E 750 (74.0) 264 (26.0) 1014 1014 DE-W 716 (68.7) 326 (31.3) 1042 1042 DK 753 (75.3) 247 (24.7) 1000 1000 ES 868 (86.8) 132 (13.2) 1000 1000 FI 801 (79.2) 210 (20.8) 1011 1011 FR 850 (80.9) 201 (19.1) 1051 1051 GB-GBN 806 (80.3) 198 (19.7) 1004 1004 GB-NIR 249 (80.3) 61 (19.7) 310 310 GR 744 (74.4) 256 (25.6) 1000 1000 IE 851 (85.0) 150 (15.0) 1001 1001 IT 816 (81.6) 184 (18.4) 1000 1000 LU 450 (74.3) 156 (25.7) 606 606 NL 789 (77.1) 234 (22.9) 1023 1023 PT 889 (88.9) 111 (11.1) 1000 1000 SE 749 (74.9) 251 (25.1) 1000 1000 N Sum 12727 3396 16123 N Valid Sum 12727 3396 16123 printed 25.01.2012 page 211 Eurobarometer 60.0 - September 2003,isocntry AT 791 (76.7) 240 (23.3) 1031 1031 BE 855 (83.0) 175 (17.0) 1030 1030 DE-E 750 (74.0) 264 (26.0) 1014 1014 DE-W 716 (68.7) 326 (31.3) 1042 1042 DK 753 (75.3) 247 (24.7) 1000 1000 ES 868 (86.8) 132 (13.2) 1000 1000 FI 801 (79.2) 210 (20.8) 1011 1011 FR 850 (80.9) 201 (19.1) 1051 1051 GB-GBN 806 (80.3) 198 (19.7) 1004 1004 GB-NIR 249 (80.3) 61 (19.7) 310 310 GR 744 (74.4) 256 (25.6) 1000 1000 IE 851 (85.0) 150 (15.0) 1001 1001 IT 816 (81.6) 184 (18.4) 1000 1000 LU 450 (74.3) 156 (25.7) 606 606 NL 789 (77.1) 234 (22.9) 1023 1023 PT 889 (88.9) 111 (11.1) 1000 1000 SE 749 (74.9) 251 (25.1) 1000 1000 N Sum 12727 3396 16123 N Valid Sum 12727 3396 16123 printed 25.01.2012 page 211 Eurobarometer 60.0 - September 2003,GESIS Variable Report,237,ZA3937
v206,v206 0 1 N Sum N Valid Sum,Q39 SPORT BENEFIT: SPIRIT OF COMPETITION,isocntry AT 839 (81.4) 192 (18.6) 1031 1031 BE 814 (79.0) 216 (21.0) 1030 1030 DE-E 950 (93.7) 64 (6.3) 1014 1014 DE-W 940 (90.1) 103 (9.9) 1043 1043 DK 884 (88.4) 116 (11.6) 1000 1000 ES 881 (88.1) 119 (11.9) 1000 1000 FI 916 (90.6) 95 (9.4) 1011 1011 FR 864 (82.2) 187 (17.8) 1051 1051 GB-GBN 784 (78.1) 220 (21.9) 1004 1004 GB-NIR 243 (78.4) 67 (21.6) 310 310 GR 734 (73.4) 266 (26.6) 1000 1000 IE 822 (82.1) 179 (17.9) 1001 1001 IT 843 (84.3) 157 (15.7) 1000 1000 LU 498 (82.2) 108 (17.8) 606 606 NL 854 (83.5) 169 (16.5) 1023 1023 PT 864 (86.4) 136 (13.6) 1000 1000 SE 880 (88.0) 120 (12.0) 1000 1000 N Sum 13610 2514 16124 N Valid Sum 13610 2514 16124 printed 25.01.2012 page 212 Eurobarometer 60.0 - September 2003,isocntry AT 839 (81.4) 192 (18.6) 1031 1031 BE 814 (79.0) 216 (21.0) 1030 1030 DE-E 950 (93.7) 64 (6.3) 1014 1014 DE-W 940 (90.1) 103 (9.9) 1043 1043 DK 884 (88.4) 116 (11.6) 1000 1000 ES 881 (88.1) 119 (11.9) 1000 1000 FI 916 (90.6) 95 (9.4) 1011 1011 FR 864 (82.2) 187 (17.8) 1051 1051 GB-GBN 784 (78.1) 220 (21.9) 1004 1004 GB-NIR 243 (78.4) 67 (21.6) 310 310 GR 734 (73.4) 266 (26.6) 1000 1000 IE 822 (82.1) 179 (17.9) 1001 1001 IT 843 (84.3) 157 (15.7) 1000 1000 LU 498 (82.2) 108 (17.8) 606 606 NL 854 (83.5) 169 (16.5) 1023 1023 PT 864 (86.4) 136 (13.6) 1000 1000 SE 880 (88.0) 120 (12.0) 1000 1000 N Sum 13610 2514 16124 N Valid Sum 13610 2514 16124 printed 25.01.2012 page 212 Eurobarometer 60.0 - September 2003,GESIS Variable Report,238,ZA3937
v207,v207 0 1 N Sum N Valid Sum,Q39 SPORT BENEFIT: HELP DISADVANTAGED,isocntry AT 938 (91.0) 93 (9.0) 1031 1031 BE 924 (89.7) 106 (10.3) 1030 1030 DE-E 934 (92.1) 80 (7.9) 1014 1014 DE-W 899 (86.2) 144 (13.8) 1043 1043 DK 886 (88.6) 114 (11.4) 1000 1000 ES 937 (93.7) 63 (6.3) 1000 1000 FI 929 (91.9) 82 (8.1) 1011 1011 FR 914 (87.0) 137 (13.0) 1051 1051 GB-GBN 876 (87.3) 128 (12.7) 1004 1004 GB-NIR 274 (88.4) 36 (11.6) 310 310 GR 806 (80.6) 194 (19.4) 1000 1000 IE 912 (91.1) 89 (8.9) 1001 1001 IT 890 (89.0) 110 (11.0) 1000 1000 LU 513 (84.7) 93 (15.3) 606 606 NL 922 (90.1) 101 (9.9) 1023 1023 PT 946 (94.6) 54 (5.4) 1000 1000 SE 894 (89.4) 106 (10.6) 1000 1000 N Sum 14394 1730 16124 N Valid Sum 14394 1730 16124 printed 25.01.2012 page 213 Eurobarometer 60.0 - September 2003,isocntry AT 938 (91.0) 93 (9.0) 1031 1031 BE 924 (89.7) 106 (10.3) 1030 1030 DE-E 934 (92.1) 80 (7.9) 1014 1014 DE-W 899 (86.2) 144 (13.8) 1043 1043 DK 886 (88.6) 114 (11.4) 1000 1000 ES 937 (93.7) 63 (6.3) 1000 1000 FI 929 (91.9) 82 (8.1) 1011 1011 FR 914 (87.0) 137 (13.0) 1051 1051 GB-GBN 876 (87.3) 128 (12.7) 1004 1004 GB-NIR 274 (88.4) 36 (11.6) 310 310 GR 806 (80.6) 194 (19.4) 1000 1000 IE 912 (91.1) 89 (8.9) 1001 1001 IT 890 (89.0) 110 (11.0) 1000 1000 LU 513 (84.7) 93 (15.3) 606 606 NL 922 (90.1) 101 (9.9) 1023 1023 PT 946 (94.6) 54 (5.4) 1000 1000 SE 894 (89.4) 106 (10.6) 1000 1000 N Sum 14394 1730 16124 N Valid Sum 14394 1730 16124 printed 25.01.2012 page 213 Eurobarometer 60.0 - September 2003,GESIS Variable Report,239,ZA3937
v208,v208 0 1 N Sum N Valid Sum,Q39 SPORT BENEFIT: OTHERS,isocntry AT 1022 (99.1) 9 (0.9) 1031 1031 BE 1019 (98.9) 11 (1.1) 1030 1030 DE-E 1009 (99.5) 5 (0.5) 1014 1014 DE-W 1033 (99.0) 10 (1.0) 1043 1043 DK 991 (99.1) 9 (0.9) 1000 1000 ES 987 (98.7) 13 (1.3) 1000 1000 FI 1006 (99.5) 5 (0.5) 1011 1011 FR 1032 (98.2) 19 (1.8) 1051 1051 GB-GBN 985 (98.1) 19 (1.9) 1004 1004 GB-NIR 301 (97.1) 9 (2.9) 310 310 GR 995 (99.5) 5 (0.5) 1000 1000 IE 987 (98.6) 14 (1.4) 1001 1001 IT 987 (98.7) 13 (1.3) 1000 1000 LU 599 (98.8) 7 (1.2) 606 606 NL 1016 (99.3) 7 (0.7) 1023 1023 PT 993 (99.3) 7 (0.7) 1000 1000 SE 991 (99.1) 9 (0.9) 1000 1000 N Sum 15953 171 16124 N Valid Sum 15953 171 16124 printed 25.01.2012 page 214 Eurobarometer 60.0 - September 2003,isocntry AT 1022 (99.1) 9 (0.9) 1031 1031 BE 1019 (98.9) 11 (1.1) 1030 1030 DE-E 1009 (99.5) 5 (0.5) 1014 1014 DE-W 1033 (99.0) 10 (1.0) 1043 1043 DK 991 (99.1) 9 (0.9) 1000 1000 ES 987 (98.7) 13 (1.3) 1000 1000 FI 1006 (99.5) 5 (0.5) 1011 1011 FR 1032 (98.2) 19 (1.8) 1051 1051 GB-GBN 985 (98.1) 19 (1.9) 1004 1004 GB-NIR 301 (97.1) 9 (2.9) 310 310 GR 995 (99.5) 5 (0.5) 1000 1000 IE 987 (98.6) 14 (1.4) 1001 1001 IT 987 (98.7) 13 (1.3) 1000 1000 LU 599 (98.8) 7 (1.2) 606 606 NL 1016 (99.3) 7 (0.7) 1023 1023 PT 993 (99.3) 7 (0.7) 1000 1000 SE 991 (99.1) 9 (0.9) 1000 1000 N Sum 15953 171 16124 N Valid Sum 15953 171 16124 printed 25.01.2012 page 214 Eurobarometer 60.0 - September 2003,GESIS Variable Report,240,ZA3937
v209,v209 0 1 N Sum N Valid Sum,Q39 SPORT BENEFIT: DK,isocntry AT 1017 (98.6) 14 (1.4) 1031 1031 BE 1018 (98.8) 12 (1.2) 1030 1030 DE-E 995 (98.1) 19 (1.9) 1014 1014 DE-W 1021 (98.0) 21 (2.0) 1042 1042 DK 989 (98.9) 11 (1.1) 1000 1000 ES 990 (99.0) 10 (1.0) 1000 1000 FI 1008 (99.7) 3 (0.3) 1011 1011 FR 1047 (99.6) 4 (0.4) 1051 1051 GB-GBN 999 (99.5) 5 (0.5) 1004 1004 GB-NIR 307 (99.0) 3 (1.0) 310 310 GR 993 (99.3) 7 (0.7) 1000 1000 IE 995 (99.4) 6 (0.6) 1001 1001 IT 994 (99.4) 6 (0.6) 1000 1000 LU 602 (99.3) 4 (0.7) 606 606 NL 1017 (99.4) 6 (0.6) 1023 1023 PT 981 (98.1) 19 (1.9) 1000 1000 SE 998 (99.8) 2 (0.2) 1000 1000 N Sum 15971 152 16123 N Valid Sum 15971 152 16123 printed 25.01.2012 page 215 Eurobarometer 60.0 - September 2003,isocntry AT 1017 (98.6) 14 (1.4) 1031 1031 BE 1018 (98.8) 12 (1.2) 1030 1030 DE-E 995 (98.1) 19 (1.9) 1014 1014 DE-W 1021 (98.0) 21 (2.0) 1042 1042 DK 989 (98.9) 11 (1.1) 1000 1000 ES 990 (99.0) 10 (1.0) 1000 1000 FI 1008 (99.7) 3 (0.3) 1011 1011 FR 1047 (99.6) 4 (0.4) 1051 1051 GB-GBN 999 (99.5) 5 (0.5) 1004 1004 GB-NIR 307 (99.0) 3 (1.0) 310 310 GR 993 (99.3) 7 (0.7) 1000 1000 IE 995 (99.4) 6 (0.6) 1001 1001 IT 994 (99.4) 6 (0.6) 1000 1000 LU 602 (99.3) 4 (0.7) 606 606 NL 1017 (99.4) 6 (0.6) 1023 1023 PT 981 (98.1) 19 (1.9) 1000 1000 SE 998 (99.8) 2 (0.2) 1000 1000 N Sum 15971 152 16123 N Valid Sum 15971 152 16123 printed 25.01.2012 page 215 Eurobarometer 60.0 - September 2003,GESIS Variable Report,241,ZA3937
v210,v210 0 1 N Sum N Valid Sum,Q40 SPORT VALUES: TEAM SPIRIT,isocntry AT 472 (45.8) 559 (54.2) 1031 1031 BE 455 (44.2) 575 (55.8) 1030 1030 DE-E 372 (36.7) 642 (63.3) 1014 1014 DE-W 374 (35.9) 668 (64.1) 1042 1042 DK 548 (54.8) 452 (45.2) 1000 1000 ES 538 (53.8) 462 (46.2) 1000 1000 FI 456 (45.1) 555 (54.9) 1011 1011 FR 460 (43.8) 591 (56.2) 1051 1051 GB-GBN 274 (27.3) 730 (72.7) 1004 1004 GB-NIR 103 (33.2) 207 (66.8) 310 310 GR 237 (23.7) 763 (76.3) 1000 1000 IE 315 (31.5) 686 (68.5) 1001 1001 IT 372 (37.2) 628 (62.8) 1000 1000 LU 254 (41.9) 352 (58.1) 606 606 NL 382 (37.3) 641 (62.7) 1023 1023 PT 422 (42.2) 578 (57.8) 1000 1000 SE 291 (29.1) 709 (70.9) 1000 1000 N Sum 6325 9798 16123 N Valid Sum 6325 9798 16123 printed 25.01.2012 page 216 Eurobarometer 60.0 - September 2003,isocntry AT 472 (45.8) 559 (54.2) 1031 1031 BE 455 (44.2) 575 (55.8) 1030 1030 DE-E 372 (36.7) 642 (63.3) 1014 1014 DE-W 374 (35.9) 668 (64.1) 1042 1042 DK 548 (54.8) 452 (45.2) 1000 1000 ES 538 (53.8) 462 (46.2) 1000 1000 FI 456 (45.1) 555 (54.9) 1011 1011 FR 460 (43.8) 591 (56.2) 1051 1051 GB-GBN 274 (27.3) 730 (72.7) 1004 1004 GB-NIR 103 (33.2) 207 (66.8) 310 310 GR 237 (23.7) 763 (76.3) 1000 1000 IE 315 (31.5) 686 (68.5) 1001 1001 IT 372 (37.2) 628 (62.8) 1000 1000 LU 254 (41.9) 352 (58.1) 606 606 NL 382 (37.3) 641 (62.7) 1023 1023 PT 422 (42.2) 578 (57.8) 1000 1000 SE 291 (29.1) 709 (70.9) 1000 1000 N Sum 6325 9798 16123 N Valid Sum 6325 9798 16123 printed 25.01.2012 page 216 Eurobarometer 60.0 - September 2003,GESIS Variable Report,242,ZA3937
v211,v211 0 1 N Sum N Valid Sum,Q40 SPORT VALUES: TOLERANCE,isocntry AT 742 (72.0) 289 (28.0) 1031 1031 BE 743 (72.1) 287 (27.9) 1030 1030 DE-E 738 (72.8) 276 (27.2) 1014 1014 DE-W 701 (67.2) 342 (32.8) 1043 1043 DK 640 (64.0) 360 (36.0) 1000 1000 ES 737 (73.7) 263 (26.3) 1000 1000 FI 595 (58.9) 416 (41.1) 1011 1011 FR 720 (68.5) 331 (31.5) 1051 1051 GB-GBN 764 (76.1) 240 (23.9) 1004 1004 GB-NIR 245 (79.0) 65 (21.0) 310 310 GR 356 (35.6) 644 (64.4) 1000 1000 IE 740 (73.9) 261 (26.1) 1001 1001 IT 827 (82.7) 173 (17.3) 1000 1000 LU 396 (65.3) 210 (34.7) 606 606 NL 718 (70.2) 305 (29.8) 1023 1023 PT 759 (75.9) 241 (24.1) 1000 1000 SE 673 (67.3) 327 (32.7) 1000 1000 N Sum 11094 5030 16124 N Valid Sum 11094 5030 16124 printed 25.01.2012 page 217 Eurobarometer 60.0 - September 2003,isocntry AT 742 (72.0) 289 (28.0) 1031 1031 BE 743 (72.1) 287 (27.9) 1030 1030 DE-E 738 (72.8) 276 (27.2) 1014 1014 DE-W 701 (67.2) 342 (32.8) 1043 1043 DK 640 (64.0) 360 (36.0) 1000 1000 ES 737 (73.7) 263 (26.3) 1000 1000 FI 595 (58.9) 416 (41.1) 1011 1011 FR 720 (68.5) 331 (31.5) 1051 1051 GB-GBN 764 (76.1) 240 (23.9) 1004 1004 GB-NIR 245 (79.0) 65 (21.0) 310 310 GR 356 (35.6) 644 (64.4) 1000 1000 IE 740 (73.9) 261 (26.1) 1001 1001 IT 827 (82.7) 173 (17.3) 1000 1000 LU 396 (65.3) 210 (34.7) 606 606 NL 718 (70.2) 305 (29.8) 1023 1023 PT 759 (75.9) 241 (24.1) 1000 1000 SE 673 (67.3) 327 (32.7) 1000 1000 N Sum 11094 5030 16124 N Valid Sum 11094 5030 16124 printed 25.01.2012 page 217 Eurobarometer 60.0 - September 2003,GESIS Variable Report,243,ZA3937
v212,v212 0 1 N Sum N Valid Sum,Q40 SPORT VALUES: RESPECT FOR OTHERS,isocntry AT 757 (73.4) 274 (26.6) 1031 1031 BE 698 (67.8) 332 (32.2) 1030 1030 DE-E 692 (68.2) 322 (31.8) 1014 1014 DE-W 740 (70.9) 303 (29.1) 1043 1043 DK 525 (52.5) 475 (47.5) 1000 1000 ES 748 (74.8) 252 (25.2) 1000 1000 FI 698 (69.0) 313 (31.0) 1011 1011 FR 626 (59.6) 425 (40.4) 1051 1051 GB-GBN 688 (68.5) 316 (31.5) 1004 1004 GB-NIR 187 (60.3) 123 (39.7) 310 310 GR 635 (63.5) 365 (36.5) 1000 1000 IE 643 (64.2) 358 (35.8) 1001 1001 IT 639 (63.9) 361 (36.1) 1000 1000 LU 355 (58.6) 251 (41.4) 606 606 NL 653 (63.8) 370 (36.2) 1023 1023 PT 689 (68.9) 311 (31.1) 1000 1000 SE 474 (47.4) 526 (52.6) 1000 1000 N Sum 10447 5677 16124 N Valid Sum 10447 5677 16124 printed 25.01.2012 page 218 Eurobarometer 60.0 - September 2003,isocntry AT 757 (73.4) 274 (26.6) 1031 1031 BE 698 (67.8) 332 (32.2) 1030 1030 DE-E 692 (68.2) 322 (31.8) 1014 1014 DE-W 740 (70.9) 303 (29.1) 1043 1043 DK 525 (52.5) 475 (47.5) 1000 1000 ES 748 (74.8) 252 (25.2) 1000 1000 FI 698 (69.0) 313 (31.0) 1011 1011 FR 626 (59.6) 425 (40.4) 1051 1051 GB-GBN 688 (68.5) 316 (31.5) 1004 1004 GB-NIR 187 (60.3) 123 (39.7) 310 310 GR 635 (63.5) 365 (36.5) 1000 1000 IE 643 (64.2) 358 (35.8) 1001 1001 IT 639 (63.9) 361 (36.1) 1000 1000 LU 355 (58.6) 251 (41.4) 606 606 NL 653 (63.8) 370 (36.2) 1023 1023 PT 689 (68.9) 311 (31.1) 1000 1000 SE 474 (47.4) 526 (52.6) 1000 1000 N Sum 10447 5677 16124 N Valid Sum 10447 5677 16124 printed 25.01.2012 page 218 Eurobarometer 60.0 - September 2003,GESIS Variable Report,244,ZA3937
v213,v213 0 1 N Sum N Valid Sum,Q40 SPORT VALUES: FAIR PLAY,isocntry AT 618 (59.9) 413 (40.1) 1031 1031 BE 614 (59.6) 416 (40.4) 1030 1030 DE-E 590 (58.2) 424 (41.8) 1014 1014 DE-W 482 (46.2) 561 (53.8) 1043 1043 DK 626 (62.6) 374 (37.4) 1000 1000 ES 774 (77.4) 226 (22.6) 1000 1000 FI 560 (55.4) 451 (44.6) 1011 1011 FR 810 (77.1) 241 (22.9) 1051 1051 GB-GBN 588 (58.6) 416 (41.4) 1004 1004 GB-NIR 196 (63.2) 114 (36.8) 310 310 GR 622 (62.2) 378 (37.8) 1000 1000 IE 644 (64.3) 357 (35.7) 1001 1001 IT 737 (73.7) 263 (26.3) 1000 1000 LU 313 (51.7) 293 (48.3) 606 606 NL 815 (79.7) 208 (20.3) 1023 1023 PT 855 (85.5) 145 (14.5) 1000 1000 SE 592 (59.2) 408 (40.8) 1000 1000 N Sum 10436 5688 16124 N Valid Sum 10436 5688 16124 printed 25.01.2012 page 219 Eurobarometer 60.0 - September 2003,isocntry AT 618 (59.9) 413 (40.1) 1031 1031 BE 614 (59.6) 416 (40.4) 1030 1030 DE-E 590 (58.2) 424 (41.8) 1014 1014 DE-W 482 (46.2) 561 (53.8) 1043 1043 DK 626 (62.6) 374 (37.4) 1000 1000 ES 774 (77.4) 226 (22.6) 1000 1000 FI 560 (55.4) 451 (44.6) 1011 1011 FR 810 (77.1) 241 (22.9) 1051 1051 GB-GBN 588 (58.6) 416 (41.4) 1004 1004 GB-NIR 196 (63.2) 114 (36.8) 310 310 GR 622 (62.2) 378 (37.8) 1000 1000 IE 644 (64.3) 357 (35.7) 1001 1001 IT 737 (73.7) 263 (26.3) 1000 1000 LU 313 (51.7) 293 (48.3) 606 606 NL 815 (79.7) 208 (20.3) 1023 1023 PT 855 (85.5) 145 (14.5) 1000 1000 SE 592 (59.2) 408 (40.8) 1000 1000 N Sum 10436 5688 16124 N Valid Sum 10436 5688 16124 printed 25.01.2012 page 219 Eurobarometer 60.0 - September 2003,GESIS Variable Report,245,ZA3937
v214,v214 0 1 N Sum N Valid Sum,Q40 SPORT VALUES: SELF-CONTROL,isocntry AT 623 (60.4) 408 (39.6) 1031 1031 BE 653 (63.4) 377 (36.6) 1030 1030 DE-E 596 (58.8) 418 (41.2) 1014 1014 DE-W 641 (61.5) 402 (38.5) 1043 1043 DK 640 (64.0) 360 (36.0) 1000 1000 ES 743 (74.3) 257 (25.7) 1000 1000 FI 621 (61.4) 390 (38.6) 1011 1011 FR 563 (53.6) 488 (46.4) 1051 1051 GB-GBN 610 (60.8) 394 (39.2) 1004 1004 GB-NIR 200 (64.5) 110 (35.5) 310 310 GR 626 (62.6) 374 (37.4) 1000 1000 IE 653 (65.2) 348 (34.8) 1001 1001 IT 700 (70.0) 300 (30.0) 1000 1000 LU 348 (57.4) 258 (42.6) 606 606 NL 536 (52.4) 487 (47.6) 1023 1023 PT 742 (74.2) 258 (25.8) 1000 1000 SE 654 (65.4) 346 (34.6) 1000 1000 N Sum 10149 5975 16124 N Valid Sum 10149 5975 16124 printed 25.01.2012 page 220 Eurobarometer 60.0 - September 2003,isocntry AT 623 (60.4) 408 (39.6) 1031 1031 BE 653 (63.4) 377 (36.6) 1030 1030 DE-E 596 (58.8) 418 (41.2) 1014 1014 DE-W 641 (61.5) 402 (38.5) 1043 1043 DK 640 (64.0) 360 (36.0) 1000 1000 ES 743 (74.3) 257 (25.7) 1000 1000 FI 621 (61.4) 390 (38.6) 1011 1011 FR 563 (53.6) 488 (46.4) 1051 1051 GB-GBN 610 (60.8) 394 (39.2) 1004 1004 GB-NIR 200 (64.5) 110 (35.5) 310 310 GR 626 (62.6) 374 (37.4) 1000 1000 IE 653 (65.2) 348 (34.8) 1001 1001 IT 700 (70.0) 300 (30.0) 1000 1000 LU 348 (57.4) 258 (42.6) 606 606 NL 536 (52.4) 487 (47.6) 1023 1023 PT 742 (74.2) 258 (25.8) 1000 1000 SE 654 (65.4) 346 (34.6) 1000 1000 N Sum 10149 5975 16124 N Valid Sum 10149 5975 16124 printed 25.01.2012 page 220 Eurobarometer 60.0 - September 2003,GESIS Variable Report,246,ZA3937
v215,v215 0 1 N Sum N Valid Sum,Q40 SPORT VALUES: STICKING TO RULES,isocntry AT 690 (66.9) 341 (33.1) 1031 1031 BE 652 (63.3) 378 (36.7) 1030 1030 DE-E 612 (60.4) 402 (39.6) 1014 1014 DE-W 632 (60.7) 410 (39.3) 1042 1042 DK 680 (68.0) 320 (32.0) 1000 1000 ES 790 (79.0) 210 (21.0) 1000 1000 FI 589 (58.3) 422 (41.7) 1011 1011 FR 671 (63.8) 380 (36.2) 1051 1051 GB-GBN 717 (71.4) 287 (28.6) 1004 1004 GB-NIR 225 (72.6) 85 (27.4) 310 310 GR 651 (65.1) 349 (34.9) 1000 1000 IE 758 (75.7) 243 (24.3) 1001 1001 IT 558 (55.8) 442 (44.2) 1000 1000 LU 371 (61.2) 235 (38.8) 606 606 NL 601 (58.7) 422 (41.3) 1023 1023 PT 733 (73.3) 267 (26.7) 1000 1000 SE 518 (51.8) 482 (48.2) 1000 1000 N Sum 10448 5675 16123 N Valid Sum 10448 5675 16123 printed 25.01.2012 page 221 Eurobarometer 60.0 - September 2003,isocntry AT 690 (66.9) 341 (33.1) 1031 1031 BE 652 (63.3) 378 (36.7) 1030 1030 DE-E 612 (60.4) 402 (39.6) 1014 1014 DE-W 632 (60.7) 410 (39.3) 1042 1042 DK 680 (68.0) 320 (32.0) 1000 1000 ES 790 (79.0) 210 (21.0) 1000 1000 FI 589 (58.3) 422 (41.7) 1011 1011 FR 671 (63.8) 380 (36.2) 1051 1051 GB-GBN 717 (71.4) 287 (28.6) 1004 1004 GB-NIR 225 (72.6) 85 (27.4) 310 310 GR 651 (65.1) 349 (34.9) 1000 1000 IE 758 (75.7) 243 (24.3) 1001 1001 IT 558 (55.8) 442 (44.2) 1000 1000 LU 371 (61.2) 235 (38.8) 606 606 NL 601 (58.7) 422 (41.3) 1023 1023 PT 733 (73.3) 267 (26.7) 1000 1000 SE 518 (51.8) 482 (48.2) 1000 1000 N Sum 10448 5675 16123 N Valid Sum 10448 5675 16123 printed 25.01.2012 page 221 Eurobarometer 60.0 - September 2003,GESIS Variable Report,247,ZA3937
v216,v216 0 1 N Sum N Valid Sum,Q40 SPORT VALUES: DISCIPLINE,isocntry AT 544 (52.8) 487 (47.2) 1031 1031 BE 549 (53.3) 481 (46.7) 1030 1030 DE-E 395 (39.0) 619 (61.0) 1014 1014 DE-W 420 (40.3) 623 (59.7) 1043 1043 DK 548 (54.8) 452 (45.2) 1000 1000 ES 624 (62.4) 376 (37.6) 1000 1000 FI 558 (55.2) 453 (44.8) 1011 1011 FR 640 (60.9) 411 (39.1) 1051 1051 GB-GBN 515 (51.3) 489 (48.7) 1004 1004 GB-NIR 156 (50.3) 154 (49.7) 310 310 GR 446 (44.6) 554 (55.4) 1000 1000 IE 533 (53.2) 468 (46.8) 1001 1001 IT 604 (60.4) 396 (39.6) 1000 1000 LU 281 (46.4) 325 (53.6) 606 606 NL 470 (45.9) 553 (54.1) 1023 1023 PT 649 (64.9) 351 (35.1) 1000 1000 SE 507 (50.7) 493 (49.3) 1000 1000 N Sum 8439 7685 16124 N Valid Sum 8439 7685 16124 printed 25.01.2012 page 222 Eurobarometer 60.0 - September 2003,isocntry AT 544 (52.8) 487 (47.2) 1031 1031 BE 549 (53.3) 481 (46.7) 1030 1030 DE-E 395 (39.0) 619 (61.0) 1014 1014 DE-W 420 (40.3) 623 (59.7) 1043 1043 DK 548 (54.8) 452 (45.2) 1000 1000 ES 624 (62.4) 376 (37.6) 1000 1000 FI 558 (55.2) 453 (44.8) 1011 1011 FR 640 (60.9) 411 (39.1) 1051 1051 GB-GBN 515 (51.3) 489 (48.7) 1004 1004 GB-NIR 156 (50.3) 154 (49.7) 310 310 GR 446 (44.6) 554 (55.4) 1000 1000 IE 533 (53.2) 468 (46.8) 1001 1001 IT 604 (60.4) 396 (39.6) 1000 1000 LU 281 (46.4) 325 (53.6) 606 606 NL 470 (45.9) 553 (54.1) 1023 1023 PT 649 (64.9) 351 (35.1) 1000 1000 SE 507 (50.7) 493 (49.3) 1000 1000 N Sum 8439 7685 16124 N Valid Sum 8439 7685 16124 printed 25.01.2012 page 222 Eurobarometer 60.0 - September 2003,GESIS Variable Report,248,ZA3937
v217,v217 0 1 N Sum N Valid Sum,Q40 SPORT VALUES: MUTUAL UNDERSTANDING,isocntry AT 787 (76.3) 244 (23.7) 1031 1031 BE 845 (82.0) 185 (18.0) 1030 1030 DE-E 781 (77.0) 233 (23.0) 1014 1014 DE-W 774 (74.2) 269 (25.8) 1043 1043 DK 718 (71.8) 282 (28.2) 1000 1000 ES 865 (86.5) 135 (13.5) 1000 1000 FI 764 (75.6) 247 (24.4) 1011 1011 FR 887 (84.4) 164 (15.6) 1051 1051 GB-GBN 829 (82.6) 175 (17.4) 1004 1004 GB-NIR 264 (85.2) 46 (14.8) 310 310 GR 771 (77.1) 229 (22.9) 1000 1000 IE 875 (87.4) 126 (12.6) 1001 1001 IT 869 (86.9) 131 (13.1) 1000 1000 LU 448 (73.9) 158 (26.1) 606 606 NL 788 (77.0) 235 (23.0) 1023 1023 PT 876 (87.6) 124 (12.4) 1000 1000 SE 740 (74.0) 260 (26.0) 1000 1000 N Sum 12881 3243 16124 N Valid Sum 12881 3243 16124 printed 25.01.2012 page 223 Eurobarometer 60.0 - September 2003,isocntry AT 787 (76.3) 244 (23.7) 1031 1031 BE 845 (82.0) 185 (18.0) 1030 1030 DE-E 781 (77.0) 233 (23.0) 1014 1014 DE-W 774 (74.2) 269 (25.8) 1043 1043 DK 718 (71.8) 282 (28.2) 1000 1000 ES 865 (86.5) 135 (13.5) 1000 1000 FI 764 (75.6) 247 (24.4) 1011 1011 FR 887 (84.4) 164 (15.6) 1051 1051 GB-GBN 829 (82.6) 175 (17.4) 1004 1004 GB-NIR 264 (85.2) 46 (14.8) 310 310 GR 771 (77.1) 229 (22.9) 1000 1000 IE 875 (87.4) 126 (12.6) 1001 1001 IT 869 (86.9) 131 (13.1) 1000 1000 LU 448 (73.9) 158 (26.1) 606 606 NL 788 (77.0) 235 (23.0) 1023 1023 PT 876 (87.6) 124 (12.4) 1000 1000 SE 740 (74.0) 260 (26.0) 1000 1000 N Sum 12881 3243 16124 N Valid Sum 12881 3243 16124 printed 25.01.2012 page 223 Eurobarometer 60.0 - September 2003,GESIS Variable Report,249,ZA3937
v218,v218 0 1 N Sum N Valid Sum,Q40 SPORT VALUES: SOLIDARITY,isocntry AT 833 (80.8) 198 (19.2) 1031 1031 BE 768 (74.6) 262 (25.4) 1030 1030 DE-E 854 (84.2) 160 (15.8) 1014 1014 DE-W 801 (76.9) 241 (23.1) 1042 1042 DK 739 (73.9) 261 (26.1) 1000 1000 ES 819 (81.9) 181 (18.1) 1000 1000 FI 826 (81.7) 185 (18.3) 1011 1011 FR 779 (74.1) 272 (25.9) 1051 1051 GB-GBN 856 (85.3) 148 (14.7) 1004 1004 GB-NIR 277 (89.4) 33 (10.6) 310 310 GR 772 (77.2) 228 (22.8) 1000 1000 IE 906 (90.5) 95 (9.5) 1001 1001 IT 825 (82.5) 175 (17.5) 1000 1000 LU 432 (71.3) 174 (28.7) 606 606 NL 750 (73.3) 273 (26.7) 1023 1023 PT 853 (85.3) 147 (14.7) 1000 1000 SE 735 (73.5) 265 (26.5) 1000 1000 N Sum 12825 3298 16123 N Valid Sum 12825 3298 16123 printed 25.01.2012 page 224 Eurobarometer 60.0 - September 2003,isocntry AT 833 (80.8) 198 (19.2) 1031 1031 BE 768 (74.6) 262 (25.4) 1030 1030 DE-E 854 (84.2) 160 (15.8) 1014 1014 DE-W 801 (76.9) 241 (23.1) 1042 1042 DK 739 (73.9) 261 (26.1) 1000 1000 ES 819 (81.9) 181 (18.1) 1000 1000 FI 826 (81.7) 185 (18.3) 1011 1011 FR 779 (74.1) 272 (25.9) 1051 1051 GB-GBN 856 (85.3) 148 (14.7) 1004 1004 GB-NIR 277 (89.4) 33 (10.6) 310 310 GR 772 (77.2) 228 (22.8) 1000 1000 IE 906 (90.5) 95 (9.5) 1001 1001 IT 825 (82.5) 175 (17.5) 1000 1000 LU 432 (71.3) 174 (28.7) 606 606 NL 750 (73.3) 273 (26.7) 1023 1023 PT 853 (85.3) 147 (14.7) 1000 1000 SE 735 (73.5) 265 (26.5) 1000 1000 N Sum 12825 3298 16123 N Valid Sum 12825 3298 16123 printed 25.01.2012 page 224 Eurobarometer 60.0 - September 2003,GESIS Variable Report,250,ZA3937
v219,v219 0 1 N Sum N Valid Sum,Q40 SPORT VALUES: FRIENDSHIP,isocntry AT 611 (59.3) 420 (40.7) 1031 1031 BE 555 (53.9) 475 (46.1) 1030 1030 DE-E 588 (58.0) 426 (42.0) 1014 1014 DE-W 600 (57.5) 443 (42.5) 1043 1043 DK 401 (40.1) 599 (59.9) 1000 1000 ES 695 (69.5) 305 (30.5) 1000 1000 FI 665 (65.8) 346 (34.2) 1011 1011 FR 666 (63.4) 385 (36.6) 1051 1051 GB-GBN 494 (49.2) 510 (50.8) 1004 1004 GB-NIR 133 (42.9) 177 (57.1) 310 310 GR 635 (63.5) 365 (36.5) 1000 1000 IE 480 (48.0) 521 (52.0) 1001 1001 IT 572 (57.2) 428 (42.8) 1000 1000 LU 321 (53.0) 285 (47.0) 606 606 NL 540 (52.8) 483 (47.2) 1023 1023 PT 674 (67.4) 326 (32.6) 1000 1000 SE 387 (38.7) 613 (61.3) 1000 1000 N Sum 9017 7107 16124 N Valid Sum 9017 7107 16124 printed 25.01.2012 page 225 Eurobarometer 60.0 - September 2003,isocntry AT 611 (59.3) 420 (40.7) 1031 1031 BE 555 (53.9) 475 (46.1) 1030 1030 DE-E 588 (58.0) 426 (42.0) 1014 1014 DE-W 600 (57.5) 443 (42.5) 1043 1043 DK 401 (40.1) 599 (59.9) 1000 1000 ES 695 (69.5) 305 (30.5) 1000 1000 FI 665 (65.8) 346 (34.2) 1011 1011 FR 666 (63.4) 385 (36.6) 1051 1051 GB-GBN 494 (49.2) 510 (50.8) 1004 1004 GB-NIR 133 (42.9) 177 (57.1) 310 310 GR 635 (63.5) 365 (36.5) 1000 1000 IE 480 (48.0) 521 (52.0) 1001 1001 IT 572 (57.2) 428 (42.8) 1000 1000 LU 321 (53.0) 285 (47.0) 606 606 NL 540 (52.8) 483 (47.2) 1023 1023 PT 674 (67.4) 326 (32.6) 1000 1000 SE 387 (38.7) 613 (61.3) 1000 1000 N Sum 9017 7107 16124 N Valid Sum 9017 7107 16124 printed 25.01.2012 page 225 Eurobarometer 60.0 - September 2003,GESIS Variable Report,251,ZA3937
v220,v220 0 1 N Sum N Valid Sum,Q40 SPORT VALUES: EQUALITY,isocntry AT 864 (83.8) 167 (16.2) 1031 1031 BE 855 (83.0) 175 (17.0) 1030 1030 DE-E 911 (89.8) 103 (10.2) 1014 1014 DE-W 902 (86.5) 141 (13.5) 1043 1043 DK 786 (78.6) 214 (21.4) 1000 1000 ES 861 (86.1) 139 (13.9) 1000 1000 FI 828 (81.9) 183 (18.1) 1011 1011 FR 886 (84.3) 165 (15.7) 1051 1051 GB-GBN 803 (80.0) 201 (20.0) 1004 1004 GB-NIR 261 (84.2) 49 (15.8) 310 310 GR 740 (74.0) 260 (26.0) 1000 1000 IE 839 (83.8) 162 (16.2) 1001 1001 IT 847 (84.7) 153 (15.3) 1000 1000 LU 472 (77.9) 134 (22.1) 606 606 NL 766 (74.9) 257 (25.1) 1023 1023 PT 884 (88.4) 116 (11.6) 1000 1000 SE 774 (77.4) 226 (22.6) 1000 1000 N Sum 13279 2845 16124 N Valid Sum 13279 2845 16124 printed 25.01.2012 page 226 Eurobarometer 60.0 - September 2003,isocntry AT 864 (83.8) 167 (16.2) 1031 1031 BE 855 (83.0) 175 (17.0) 1030 1030 DE-E 911 (89.8) 103 (10.2) 1014 1014 DE-W 902 (86.5) 141 (13.5) 1043 1043 DK 786 (78.6) 214 (21.4) 1000 1000 ES 861 (86.1) 139 (13.9) 1000 1000 FI 828 (81.9) 183 (18.1) 1011 1011 FR 886 (84.3) 165 (15.7) 1051 1051 GB-GBN 803 (80.0) 201 (20.0) 1004 1004 GB-NIR 261 (84.2) 49 (15.8) 310 310 GR 740 (74.0) 260 (26.0) 1000 1000 IE 839 (83.8) 162 (16.2) 1001 1001 IT 847 (84.7) 153 (15.3) 1000 1000 LU 472 (77.9) 134 (22.1) 606 606 NL 766 (74.9) 257 (25.1) 1023 1023 PT 884 (88.4) 116 (11.6) 1000 1000 SE 774 (77.4) 226 (22.6) 1000 1000 N Sum 13279 2845 16124 N Valid Sum 13279 2845 16124 printed 25.01.2012 page 226 Eurobarometer 60.0 - September 2003,GESIS Variable Report,252,ZA3937
v221,v221 0 1 N Sum N Valid Sum,Q40 SPORT VALUES: EFFORT,isocntry AT 717 (69.5) 314 (30.5) 1031 1031 BE 483 (46.9) 547 (53.1) 1030 1030 DE-E 485 (47.8) 529 (52.2) 1014 1014 DE-W 514 (49.3) 529 (50.7) 1043 1043 DK 713 (71.3) 287 (28.7) 1000 1000 ES 581 (58.1) 419 (41.9) 1000 1000 FI 713 (70.5) 298 (29.5) 1011 1011 FR 479 (45.6) 572 (54.4) 1051 1051 GB-GBN 586 (58.4) 418 (41.6) 1004 1004 GB-NIR 209 (67.4) 101 (32.6) 310 310 GR 485 (48.5) 515 (51.5) 1000 1000 IE 722 (72.1) 279 (27.9) 1001 1001 IT 755 (75.5) 245 (24.5) 1000 1000 LU 337 (55.6) 269 (44.4) 606 606 NL 371 (36.3) 652 (63.7) 1023 1023 PT 750 (75.0) 250 (25.0) 1000 1000 SE 633 (63.3) 367 (36.7) 1000 1000 N Sum 9533 6591 16124 N Valid Sum 9533 6591 16124 printed 25.01.2012 page 227 Eurobarometer 60.0 - September 2003,isocntry AT 717 (69.5) 314 (30.5) 1031 1031 BE 483 (46.9) 547 (53.1) 1030 1030 DE-E 485 (47.8) 529 (52.2) 1014 1014 DE-W 514 (49.3) 529 (50.7) 1043 1043 DK 713 (71.3) 287 (28.7) 1000 1000 ES 581 (58.1) 419 (41.9) 1000 1000 FI 713 (70.5) 298 (29.5) 1011 1011 FR 479 (45.6) 572 (54.4) 1051 1051 GB-GBN 586 (58.4) 418 (41.6) 1004 1004 GB-NIR 209 (67.4) 101 (32.6) 310 310 GR 485 (48.5) 515 (51.5) 1000 1000 IE 722 (72.1) 279 (27.9) 1001 1001 IT 755 (75.5) 245 (24.5) 1000 1000 LU 337 (55.6) 269 (44.4) 606 606 NL 371 (36.3) 652 (63.7) 1023 1023 PT 750 (75.0) 250 (25.0) 1000 1000 SE 633 (63.3) 367 (36.7) 1000 1000 N Sum 9533 6591 16124 N Valid Sum 9533 6591 16124 printed 25.01.2012 page 227 Eurobarometer 60.0 - September 2003,GESIS Variable Report,253,ZA3937
v222,v222 0 1 N Sum N Valid Sum,Q40 SPORT VALUES: OTHERS,isocntry AT 1025 (99.4) 6 (0.6) 1031 1031 BE 1016 (98.6) 14 (1.4) 1030 1030 DE-E 1007 (99.3) 7 (0.7) 1014 1014 DE-W 1018 (97.7) 24 (2.3) 1042 1042 DK 995 (99.5) 5 (0.5) 1000 1000 ES 970 (97.0) 30 (3.0) 1000 1000 FI 989 (97.8) 22 (2.2) 1011 1011 FR 1029 (97.9) 22 (2.1) 1051 1051 GB-GBN 982 (97.8) 22 (2.2) 1004 1004 GB-NIR 308 (99.4) 2 (0.6) 310 310 GR 995 (99.5) 5 (0.5) 1000 1000 IE 990 (98.9) 11 (1.1) 1001 1001 IT 993 (99.3) 7 (0.7) 1000 1000 LU 597 (98.5) 9 (1.5) 606 606 NL 1003 (98.0) 20 (2.0) 1023 1023 PT 993 (99.3) 7 (0.7) 1000 1000 SE 989 (98.9) 11 (1.1) 1000 1000 N Sum 15899 224 16123 N Valid Sum 15899 224 16123 printed 25.01.2012 page 228 Eurobarometer 60.0 - September 2003,isocntry AT 1025 (99.4) 6 (0.6) 1031 1031 BE 1016 (98.6) 14 (1.4) 1030 1030 DE-E 1007 (99.3) 7 (0.7) 1014 1014 DE-W 1018 (97.7) 24 (2.3) 1042 1042 DK 995 (99.5) 5 (0.5) 1000 1000 ES 970 (97.0) 30 (3.0) 1000 1000 FI 989 (97.8) 22 (2.2) 1011 1011 FR 1029 (97.9) 22 (2.1) 1051 1051 GB-GBN 982 (97.8) 22 (2.2) 1004 1004 GB-NIR 308 (99.4) 2 (0.6) 310 310 GR 995 (99.5) 5 (0.5) 1000 1000 IE 990 (98.9) 11 (1.1) 1001 1001 IT 993 (99.3) 7 (0.7) 1000 1000 LU 597 (98.5) 9 (1.5) 606 606 NL 1003 (98.0) 20 (2.0) 1023 1023 PT 993 (99.3) 7 (0.7) 1000 1000 SE 989 (98.9) 11 (1.1) 1000 1000 N Sum 15899 224 16123 N Valid Sum 15899 224 16123 printed 25.01.2012 page 228 Eurobarometer 60.0 - September 2003,GESIS Variable Report,254,ZA3937
v223,v223 0 1 N Sum N Valid Sum,Q40 SPORT VALUES: NONE OF THESE,isocntry AT 1023 (99.2) 8 (0.8) 1031 1031 BE 1025 (99.5) 5 (0.5) 1030 1030 DE-E 1008 (99.4) 6 (0.6) 1014 1014 DE-W 1035 (99.2) 8 (0.8) 1043 1043 DK 991 (99.1) 9 (0.9) 1000 1000 ES 992 (99.2) 8 (0.8) 1000 1000 FI 997 (98.6) 14 (1.4) 1011 1011 FR 1042 (99.1) 9 (0.9) 1051 1051 GB-GBN 993 (98.9) 11 (1.1) 1004 1004 GB-NIR 306 (98.7) 4 (1.3) 310 310 GR 999 (99.9) 1 (0.1) 1000 1000 IE 1001 (100.0) 1001 1001 IT 989 (98.9) 11 (1.1) 1000 1000 LU 597 (98.5) 9 (1.5) 606 606 NL 1012 (98.9) 11 (1.1) 1023 1023 PT 995 (99.5) 5 (0.5) 1000 1000 SE 989 (98.9) 11 (1.1) 1000 1000 N Sum 15994 130 16124 N Valid Sum 15994 130 16124 printed 25.01.2012 page 229 Eurobarometer 60.0 - September 2003,isocntry AT 1023 (99.2) 8 (0.8) 1031 1031 BE 1025 (99.5) 5 (0.5) 1030 1030 DE-E 1008 (99.4) 6 (0.6) 1014 1014 DE-W 1035 (99.2) 8 (0.8) 1043 1043 DK 991 (99.1) 9 (0.9) 1000 1000 ES 992 (99.2) 8 (0.8) 1000 1000 FI 997 (98.6) 14 (1.4) 1011 1011 FR 1042 (99.1) 9 (0.9) 1051 1051 GB-GBN 993 (98.9) 11 (1.1) 1004 1004 GB-NIR 306 (98.7) 4 (1.3) 310 310 GR 999 (99.9) 1 (0.1) 1000 1000 IE 1001 (100.0) 1001 1001 IT 989 (98.9) 11 (1.1) 1000 1000 LU 597 (98.5) 9 (1.5) 606 606 NL 1012 (98.9) 11 (1.1) 1023 1023 PT 995 (99.5) 5 (0.5) 1000 1000 SE 989 (98.9) 11 (1.1) 1000 1000 N Sum 15994 130 16124 N Valid Sum 15994 130 16124 printed 25.01.2012 page 229 Eurobarometer 60.0 - September 2003,GESIS Variable Report,255,ZA3937
v224,v224 0 1 N Sum N Valid Sum,Q40 SPORT VALUES: DK,isocntry AT 1011 (98.1) 20 (1.9) 1031 1031 BE 1003 (97.4) 27 (2.6) 1030 1030 DE-E 994 (98.0) 20 (2.0) 1014 1014 DE-W 1024 (98.2) 19 (1.8) 1043 1043 DK 976 (97.6) 24 (2.4) 1000 1000 ES 956 (95.6) 44 (4.4) 1000 1000 FI 988 (97.7) 23 (2.3) 1011 1011 FR 1044 (99.3) 7 (0.7) 1051 1051 GB-GBN 992 (98.8) 12 (1.2) 1004 1004 GB-NIR 305 (98.4) 5 (1.6) 310 310 GR 987 (98.7) 13 (1.3) 1000 1000 IE 994 (99.3) 7 (0.7) 1001 1001 IT 985 (98.5) 15 (1.5) 1000 1000 LU 597 (98.5) 9 (1.5) 606 606 NL 1008 (98.5) 15 (1.5) 1023 1023 PT 948 (94.8) 52 (5.2) 1000 1000 SE 985 (98.5) 15 (1.5) 1000 1000 N Sum 15797 327 16124 N Valid Sum 15797 327 16124 printed 25.01.2012 page 230 Eurobarometer 60.0 - September 2003,isocntry AT 1011 (98.1) 20 (1.9) 1031 1031 BE 1003 (97.4) 27 (2.6) 1030 1030 DE-E 994 (98.0) 20 (2.0) 1014 1014 DE-W 1024 (98.2) 19 (1.8) 1043 1043 DK 976 (97.6) 24 (2.4) 1000 1000 ES 956 (95.6) 44 (4.4) 1000 1000 FI 988 (97.7) 23 (2.3) 1011 1011 FR 1044 (99.3) 7 (0.7) 1051 1051 GB-GBN 992 (98.8) 12 (1.2) 1004 1004 GB-NIR 305 (98.4) 5 (1.6) 310 310 GR 987 (98.7) 13 (1.3) 1000 1000 IE 994 (99.3) 7 (0.7) 1001 1001 IT 985 (98.5) 15 (1.5) 1000 1000 LU 597 (98.5) 9 (1.5) 606 606 NL 1008 (98.5) 15 (1.5) 1023 1023 PT 948 (94.8) 52 (5.2) 1000 1000 SE 985 (98.5) 15 (1.5) 1000 1000 N Sum 15797 327 16124 N Valid Sum 15797 327 16124 printed 25.01.2012 page 230 Eurobarometer 60.0 - September 2003,GESIS Variable Report,256,ZA3937
v225,v225 1 2 3 N Sum N Valid Sum,Q41 SPORT: DIALOGUE BETWEEN CULTURES,isocntry M AT 862 (88.9) 108 (11.1) 61 1031 970 BE 675 (74.3) 233 (25.7) 122 1030 908 DE-E 830 (90.0) 92 (10.0) 92 1014 922 DE-W 840 (90.7) 86 (9.3) 116 1042 926 DK 860 (91.8) 77 (8.2) 63 1000 937 ES 858 (92.2) 73 (7.8) 69 1000 931 FI 792 (86.6) 123 (13.4) 96 1011 915 FR 862 (87.5) 123 (12.5) 65 1050 985 GB-GBN 776 (87.3) 113 (12.7) 115 1004 889 GB-NIR 268 (90.2) 29 (9.8) 13 310 297 GR 929 (97.3) 26 (2.7) 45 1000 955 IE 894 (97.1) 27 (2.9) 80 1001 921 IT 846 (92.0) 74 (8.0) 80 1000 920 LU 484 (84.3) 90 (15.7) 33 607 574 NL 639 (69.8) 276 (30.2) 108 1023 915 PT 897 (95.7) 40 (4.3) 63 1000 937 SE 876 (91.3) 83 (8.7) 42 1001 959 N Sum 13188 1673 1263 16124 N Valid Sum 13188 1673 14861 printed 25.01.2012 page 231 Eurobarometer 60.0 - September 2003,isocntry M AT 862 (88.9) 108 (11.1) 61 1031 970 BE 675 (74.3) 233 (25.7) 122 1030 908 DE-E 830 (90.0) 92 (10.0) 92 1014 922 DE-W 840 (90.7) 86 (9.3) 116 1042 926 DK 860 (91.8) 77 (8.2) 63 1000 937 ES 858 (92.2) 73 (7.8) 69 1000 931 FI 792 (86.6) 123 (13.4) 96 1011 915 FR 862 (87.5) 123 (12.5) 65 1050 985 GB-GBN 776 (87.3) 113 (12.7) 115 1004 889 GB-NIR 268 (90.2) 29 (9.8) 13 310 297 GR 929 (97.3) 26 (2.7) 45 1000 955 IE 894 (97.1) 27 (2.9) 80 1001 921 IT 846 (92.0) 74 (8.0) 80 1000 920 LU 484 (84.3) 90 (15.7) 33 607 574 NL 639 (69.8) 276 (30.2) 108 1023 915 PT 897 (95.7) 40 (4.3) 63 1000 937 SE 876 (91.3) 83 (8.7) 42 1001 959 N Sum 13188 1673 1263 16124 N Valid Sum 13188 1673 14861 printed 25.01.2012 page 231 Eurobarometer 60.0 - September 2003,GESIS Variable Report,257,ZA3937
v226,v226 1 2 3 N Sum N Valid Sum,Q41 SPORT: MORE TIME IN SCHOOL,isocntry M AT 754 (82.9) 156 (17.1) 121 1031 910 BE 830 (86.6) 128 (13.4) 71 1029 958 DE-E 652 (79.4) 169 (20.6) 194 1015 821 DE-W 734 (83.7) 143 (16.3) 166 1043 877 DK 757 (84.7) 137 (15.3) 106 1000 894 ES 784 (86.4) 123 (13.6) 93 1000 907 FI 767 (83.1) 156 (16.9) 88 1011 923 FR 771 (81.3) 177 (18.7) 104 1052 948 GB-GBN 750 (82.1) 164 (17.9) 89 1003 914 GB-NIR 228 (81.1) 53 (18.9) 28 309 281 GR 950 (97.7) 22 (2.3) 28 1000 972 IE 874 (93.3) 63 (6.7) 65 1002 937 IT 871 (91.6) 80 (8.4) 49 1000 951 LU 453 (80.0) 113 (20.0) 40 606 566 NL 673 (73.6) 241 (26.4) 109 1023 914 PT 791 (90.1) 87 (9.9) 122 1000 878 SE 868 (91.3) 83 (8.7) 48 999 951 N Sum 12507 2095 1521 16123 N Valid Sum 12507 2095 14602 printed 25.01.2012 page 232 Eurobarometer 60.0 - September 2003,isocntry M AT 754 (82.9) 156 (17.1) 121 1031 910 BE 830 (86.6) 128 (13.4) 71 1029 958 DE-E 652 (79.4) 169 (20.6) 194 1015 821 DE-W 734 (83.7) 143 (16.3) 166 1043 877 DK 757 (84.7) 137 (15.3) 106 1000 894 ES 784 (86.4) 123 (13.6) 93 1000 907 FI 767 (83.1) 156 (16.9) 88 1011 923 FR 771 (81.3) 177 (18.7) 104 1052 948 GB-GBN 750 (82.1) 164 (17.9) 89 1003 914 GB-NIR 228 (81.1) 53 (18.9) 28 309 281 GR 950 (97.7) 22 (2.3) 28 1000 972 IE 874 (93.3) 63 (6.7) 65 1002 937 IT 871 (91.6) 80 (8.4) 49 1000 951 LU 453 (80.0) 113 (20.0) 40 606 566 NL 673 (73.6) 241 (26.4) 109 1023 914 PT 791 (90.1) 87 (9.9) 122 1000 878 SE 868 (91.3) 83 (8.7) 48 999 951 N Sum 12507 2095 1521 16123 N Valid Sum 12507 2095 14602 printed 25.01.2012 page 232 Eurobarometer 60.0 - September 2003,GESIS Variable Report,258,ZA3937
v227,v227 1 2 3 N Sum N Valid Sum,Q41 SPORT: COOP WITH EDUCATIONAL INST,isocntry M AT 707 (84.2) 133 (15.8) 191 1031 840 BE 828 (90.4) 88 (9.6) 114 1030 916 DE-E 790 (93.1) 59 (6.9) 165 1014 849 DE-W 762 (90.7) 78 (9.3) 203 1043 840 DK 683 (83.0) 140 (17.0) 176 999 823 ES 814 (94.1) 51 (5.9) 135 1000 865 FI 789 (88.9) 99 (11.1) 123 1011 888 FR 843 (90.7) 86 (9.3) 122 1051 929 GB-GBN 801 (92.7) 63 (7.3) 140 1004 864 GB-NIR 270 (95.4) 13 (4.6) 27 310 283 GR 938 (98.6) 13 (1.4) 49 1000 951 IE 871 (95.2) 44 (4.8) 86 1001 915 IT 873 (93.3) 63 (6.7) 65 1001 936 LU 463 (86.2) 74 (13.8) 69 606 537 NL 673 (83.6) 132 (16.4) 218 1023 805 PT 836 (95.5) 39 (4.5) 125 1000 875 SE 767 (91.1) 75 (8.9) 159 1001 842 N Sum 12708 1250 2167 16125 N Valid Sum 12708 1250 13958 printed 25.01.2012 page 233 Eurobarometer 60.0 - September 2003,isocntry M AT 707 (84.2) 133 (15.8) 191 1031 840 BE 828 (90.4) 88 (9.6) 114 1030 916 DE-E 790 (93.1) 59 (6.9) 165 1014 849 DE-W 762 (90.7) 78 (9.3) 203 1043 840 DK 683 (83.0) 140 (17.0) 176 999 823 ES 814 (94.1) 51 (5.9) 135 1000 865 FI 789 (88.9) 99 (11.1) 123 1011 888 FR 843 (90.7) 86 (9.3) 122 1051 929 GB-GBN 801 (92.7) 63 (7.3) 140 1004 864 GB-NIR 270 (95.4) 13 (4.6) 27 310 283 GR 938 (98.6) 13 (1.4) 49 1000 951 IE 871 (95.2) 44 (4.8) 86 1001 915 IT 873 (93.3) 63 (6.7) 65 1001 936 LU 463 (86.2) 74 (13.8) 69 606 537 NL 673 (83.6) 132 (16.4) 218 1023 805 PT 836 (95.5) 39 (4.5) 125 1000 875 SE 767 (91.1) 75 (8.9) 159 1001 842 N Sum 12708 1250 2167 16125 N Valid Sum 12708 1250 13958 printed 25.01.2012 page 233 Eurobarometer 60.0 - September 2003,GESIS Variable Report,259,ZA3937
v228,v228 1 2 3 N Sum N Valid Sum,Q41 SPORT: EU INTERVENTION,isocntry M AT 503 (61.8) 311 (38.2) 218 1032 814 BE 653 (79.5) 168 (20.5) 209 1030 821 DE-E 468 (64.3) 260 (35.7) 285 1013 728 DE-W 420 (56.4) 325 (43.6) 298 1043 745 DK 284 (36.6) 492 (63.4) 224 1000 776 ES 729 (89.1) 89 (10.9) 183 1001 818 FI 403 (50.6) 394 (49.4) 214 1011 797 FR 629 (76.7) 191 (23.3) 231 1051 820 GB-GBN 383 (52.7) 344 (47.3) 278 1005 727 GB-NIR 149 (68.0) 70 (32.0) 91 310 219 GR 845 (92.9) 65 (7.1) 90 1000 910 IE 679 (83.8) 131 (16.2) 192 1002 810 IT 633 (79.4) 164 (20.6) 203 1000 797 LU 285 (57.7) 209 (42.3) 111 605 494 NL 440 (54.7) 364 (45.3) 219 1023 804 PT 743 (90.7) 76 (9.3) 181 1000 819 SE 264 (36.7) 455 (63.3) 281 1000 719 N Sum 8510 4108 3508 16126 N Valid Sum 8510 4108 12618 printed 25.01.2012 page 234 Eurobarometer 60.0 - September 2003,isocntry M AT 503 (61.8) 311 (38.2) 218 1032 814 BE 653 (79.5) 168 (20.5) 209 1030 821 DE-E 468 (64.3) 260 (35.7) 285 1013 728 DE-W 420 (56.4) 325 (43.6) 298 1043 745 DK 284 (36.6) 492 (63.4) 224 1000 776 ES 729 (89.1) 89 (10.9) 183 1001 818 FI 403 (50.6) 394 (49.4) 214 1011 797 FR 629 (76.7) 191 (23.3) 231 1051 820 GB-GBN 383 (52.7) 344 (47.3) 278 1005 727 GB-NIR 149 (68.0) 70 (32.0) 91 310 219 GR 845 (92.9) 65 (7.1) 90 1000 910 IE 679 (83.8) 131 (16.2) 192 1002 810 IT 633 (79.4) 164 (20.6) 203 1000 797 LU 285 (57.7) 209 (42.3) 111 605 494 NL 440 (54.7) 364 (45.3) 219 1023 804 PT 743 (90.7) 76 (9.3) 181 1000 819 SE 264 (36.7) 455 (63.3) 281 1000 719 N Sum 8510 4108 3508 16126 N Valid Sum 8510 4108 12618 printed 25.01.2012 page 234 Eurobarometer 60.0 - September 2003,GESIS Variable Report,260,ZA3937
v229,v229 1 2 3 N Sum N Valid Sum,Q41 SPORT: EU PROMOTION,isocntry M AT 663 (78.0) 187 (22.0) 181 1031 850 BE 736 (83.4) 147 (16.6) 147 1030 883 DE-E 677 (82.1) 148 (17.9) 189 1014 825 DE-W 647 (76.6) 198 (23.4) 197 1042 845 DK 402 (50.8) 390 (49.2) 209 1001 792 ES 817 (93.8) 54 (6.2) 129 1000 871 FI 613 (71.6) 243 (28.4) 155 1011 856 FR 699 (79.2) 184 (20.8) 169 1052 883 GB-GBN 608 (77.6) 176 (22.4) 220 1004 784 GB-NIR 215 (85.7) 36 (14.3) 59 310 251 GR 897 (96.5) 33 (3.5) 70 1000 930 IE 818 (93.7) 55 (6.3) 128 1001 873 IT 752 (86.5) 117 (13.5) 131 1000 869 LU 377 (70.3) 159 (29.7) 70 606 536 NL 588 (69.3) 261 (30.7) 174 1023 849 PT 846 (96.2) 33 (3.8) 121 1000 879 SE 506 (63.3) 294 (36.8) 200 1000 800 N Sum 10861 2715 2549 16125 N Valid Sum 10861 2715 13576 printed 25.01.2012 page 235 Eurobarometer 60.0 - September 2003,isocntry M AT 663 (78.0) 187 (22.0) 181 1031 850 BE 736 (83.4) 147 (16.6) 147 1030 883 DE-E 677 (82.1) 148 (17.9) 189 1014 825 DE-W 647 (76.6) 198 (23.4) 197 1042 845 DK 402 (50.8) 390 (49.2) 209 1001 792 ES 817 (93.8) 54 (6.2) 129 1000 871 FI 613 (71.6) 243 (28.4) 155 1011 856 FR 699 (79.2) 184 (20.8) 169 1052 883 GB-GBN 608 (77.6) 176 (22.4) 220 1004 784 GB-NIR 215 (85.7) 36 (14.3) 59 310 251 GR 897 (96.5) 33 (3.5) 70 1000 930 IE 818 (93.7) 55 (6.3) 128 1001 873 IT 752 (86.5) 117 (13.5) 131 1000 869 LU 377 (70.3) 159 (29.7) 70 606 536 NL 588 (69.3) 261 (30.7) 174 1023 849 PT 846 (96.2) 33 (3.8) 121 1000 879 SE 506 (63.3) 294 (36.8) 200 1000 800 N Sum 10861 2715 2549 16125 N Valid Sum 10861 2715 13576 printed 25.01.2012 page 235 Eurobarometer 60.0 - September 2003,GESIS Variable Report,261,ZA3937
v230,v230 1 2 3 N Sum N Valid Sum,Q41 SPORT: EU FIGHT AGAINST DOPING,isocntry M AT 777 (85.1) 136 (14.9) 118 1031 913 BE 904 (94.3) 55 (5.7) 71 1030 959 DE-E 890 (95.5) 42 (4.5) 81 1013 932 DE-W 889 (94.6) 51 (5.4) 102 1042 940 DK 793 (85.7) 132 (14.3) 75 1000 925 ES 847 (95.9) 36 (4.1) 116 999 883 FI 865 (91.1) 85 (8.9) 61 1011 950 FR 960 (95.7) 43 (4.3) 47 1050 1003 GB-GBN 851 (93.3) 61 (6.7) 92 1004 912 GB-NIR 262 (95.3) 13 (4.7) 35 310 275 GR 917 (97.4) 24 (2.6) 59 1000 941 IE 901 (97.4) 24 (2.6) 77 1002 925 IT 895 (94.4) 53 (5.6) 51 999 948 LU 535 (92.6) 43 (7.4) 28 606 578 NL 837 (87.1) 124 (12.9) 61 1022 961 PT 860 (96.8) 28 (3.2) 112 1000 888 SE 913 (94.5) 53 (5.5) 34 1000 966 N Sum 13896 1003 1220 16119 N Valid Sum 13896 1003 14899 printed 25.01.2012 page 236 Eurobarometer 60.0 - September 2003,isocntry M AT 777 (85.1) 136 (14.9) 118 1031 913 BE 904 (94.3) 55 (5.7) 71 1030 959 DE-E 890 (95.5) 42 (4.5) 81 1013 932 DE-W 889 (94.6) 51 (5.4) 102 1042 940 DK 793 (85.7) 132 (14.3) 75 1000 925 ES 847 (95.9) 36 (4.1) 116 999 883 FI 865 (91.1) 85 (8.9) 61 1011 950 FR 960 (95.7) 43 (4.3) 47 1050 1003 GB-GBN 851 (93.3) 61 (6.7) 92 1004 912 GB-NIR 262 (95.3) 13 (4.7) 35 310 275 GR 917 (97.4) 24 (2.6) 59 1000 941 IE 901 (97.4) 24 (2.6) 77 1002 925 IT 895 (94.4) 53 (5.6) 51 999 948 LU 535 (92.6) 43 (7.4) 28 606 578 NL 837 (87.1) 124 (12.9) 61 1022 961 PT 860 (96.8) 28 (3.2) 112 1000 888 SE 913 (94.5) 53 (5.5) 34 1000 966 N Sum 13896 1003 1220 16119 N Valid Sum 13896 1003 14899 printed 25.01.2012 page 236 Eurobarometer 60.0 - September 2003,GESIS Variable Report,262,ZA3937
v231,v231 1 2 3 N Sum N Valid Sum,Q41 SPORT: FIGHT AGAINST DISCRIMINATION,isocntry M AT 566 (62.1) 345 (37.9) 120 1031 911 BE 533 (61.7) 331 (38.3) 166 1030 864 DE-E 412 (52.1) 379 (47.9) 223 1014 791 DE-W 397 (48.5) 421 (51.5) 225 1043 818 DK 670 (78.0) 189 (22.0) 141 1000 859 ES 750 (87.6) 106 (12.4) 144 1000 856 FI 536 (59.4) 366 (40.6) 109 1011 902 FR 726 (76.7) 221 (23.3) 104 1051 947 GB-GBN 545 (67.0) 268 (33.0) 191 1004 813 GB-NIR 184 (70.2) 78 (29.8) 47 309 262 GR 896 (94.8) 49 (5.2) 55 1000 945 IE 684 (78.9) 183 (21.1) 134 1001 867 IT 697 (77.6) 201 (22.4) 102 1000 898 LU 344 (62.9) 203 (37.1) 59 606 547 NL 443 (49.6) 451 (50.4) 129 1023 894 PT 744 (85.8) 123 (14.2) 133 1000 867 SE 446 (48.7) 470 (51.3) 84 1000 916 N Sum 9573 4384 2166 16123 N Valid Sum 9573 4384 13957 printed 25.01.2012 page 237 Eurobarometer 60.0 - September 2003,isocntry M AT 566 (62.1) 345 (37.9) 120 1031 911 BE 533 (61.7) 331 (38.3) 166 1030 864 DE-E 412 (52.1) 379 (47.9) 223 1014 791 DE-W 397 (48.5) 421 (51.5) 225 1043 818 DK 670 (78.0) 189 (22.0) 141 1000 859 ES 750 (87.6) 106 (12.4) 144 1000 856 FI 536 (59.4) 366 (40.6) 109 1011 902 FR 726 (76.7) 221 (23.3) 104 1051 947 GB-GBN 545 (67.0) 268 (33.0) 191 1004 813 GB-NIR 184 (70.2) 78 (29.8) 47 309 262 GR 896 (94.8) 49 (5.2) 55 1000 945 IE 684 (78.9) 183 (21.1) 134 1001 867 IT 697 (77.6) 201 (22.4) 102 1000 898 LU 344 (62.9) 203 (37.1) 59 606 547 NL 443 (49.6) 451 (50.4) 129 1023 894 PT 744 (85.8) 123 (14.2) 133 1000 867 SE 446 (48.7) 470 (51.3) 84 1000 916 N Sum 9573 4384 2166 16123 N Valid Sum 9573 4384 13957 printed 25.01.2012 page 237 Eurobarometer 60.0 - September 2003,GESIS Variable Report,263,ZA3937
v232,v232 1 2 3 N Sum N Valid Sum,Q41 SPORT: FIGHT SEDENTARY HABITS,isocntry M AT 639 (76.7) 194 (23.3) 197 1030 833 BE 675 (81.8) 150 (18.2) 205 1030 825 DE-E 618 (82.0) 136 (18.0) 260 1014 754 DE-W 593 (79.4) 154 (20.6) 296 1043 747 DK 430 (58.0) 312 (42.0) 258 1000 742 ES 763 (91.8) 68 (8.2) 168 999 831 FI 563 (68.6) 258 (31.4) 190 1011 821 FR 705 (83.4) 140 (16.6) 206 1051 845 GB-GBN 619 (81.1) 144 (18.9) 241 1004 763 GB-NIR 214 (91.1) 21 (8.9) 76 311 235 GR 898 (96.8) 30 (3.2) 72 1000 928 IE 795 (94.8) 44 (5.2) 162 1001 839 IT 721 (87.5) 103 (12.5) 176 1000 824 LU 340 (67.1) 167 (32.9) 99 606 507 NL 558 (67.5) 269 (32.5) 196 1023 827 PT 794 (94.3) 48 (5.7) 158 1000 842 SE 543 (69.3) 240 (30.7) 218 1001 783 N Sum 10468 2478 3178 16124 N Valid Sum 10468 2478 12946 printed 25.01.2012 page 238 Eurobarometer 60.0 - September 2003,isocntry M AT 639 (76.7) 194 (23.3) 197 1030 833 BE 675 (81.8) 150 (18.2) 205 1030 825 DE-E 618 (82.0) 136 (18.0) 260 1014 754 DE-W 593 (79.4) 154 (20.6) 296 1043 747 DK 430 (58.0) 312 (42.0) 258 1000 742 ES 763 (91.8) 68 (8.2) 168 999 831 FI 563 (68.6) 258 (31.4) 190 1011 821 FR 705 (83.4) 140 (16.6) 206 1051 845 GB-GBN 619 (81.1) 144 (18.9) 241 1004 763 GB-NIR 214 (91.1) 21 (8.9) 76 311 235 GR 898 (96.8) 30 (3.2) 72 1000 928 IE 795 (94.8) 44 (5.2) 162 1001 839 IT 721 (87.5) 103 (12.5) 176 1000 824 LU 340 (67.1) 167 (32.9) 99 606 507 NL 558 (67.5) 269 (32.5) 196 1023 827 PT 794 (94.3) 48 (5.7) 158 1000 842 SE 543 (69.3) 240 (30.7) 218 1001 783 N Sum 10468 2478 3178 16124 N Valid Sum 10468 2478 12946 printed 25.01.2012 page 238 Eurobarometer 60.0 - September 2003,GESIS Variable Report,264,ZA3937
v233,v233 1 2 3 N Sum N Valid Sum,Q41 SPORT: BALANCE W OTHER LEISURE ACTIV,isocntry M AT 845 (90.0) 94 (10.0) 92 1031 939 BE 803 (85.6) 135 (14.4) 93 1031 938 DE-E 848 (91.0) 84 (9.0) 83 1015 932 DE-W 894 (92.7) 70 (7.3) 78 1042 964 DK 876 (93.9) 57 (6.1) 68 1001 933 ES 906 (96.5) 33 (3.5) 62 1001 939 FI 804 (88.6) 103 (11.4) 105 1012 907 FR 738 (77.4) 216 (22.6) 97 1051 954 GB-GBN 627 (83.3) 126 (16.7) 252 1005 753 GB-NIR 230 (93.9) 15 (6.1) 65 310 245 GR 913 (95.2) 46 (4.8) 41 1000 959 IE 755 (91.4) 71 (8.6) 175 1001 826 IT 921 (95.6) 42 (4.4) 37 1000 963 LU 502 (89.2) 61 (10.8) 43 606 563 NL 909 (91.7) 82 (8.3) 32 1023 991 PT 732 (84.0) 139 (16.0) 129 1000 871 SE 916 (95.3) 45 (4.7) 38 999 961 N Sum 13219 1419 1490 16128 N Valid Sum 13219 1419 14638 printed 25.01.2012 page 239 Eurobarometer 60.0 - September 2003,isocntry M AT 845 (90.0) 94 (10.0) 92 1031 939 BE 803 (85.6) 135 (14.4) 93 1031 938 DE-E 848 (91.0) 84 (9.0) 83 1015 932 DE-W 894 (92.7) 70 (7.3) 78 1042 964 DK 876 (93.9) 57 (6.1) 68 1001 933 ES 906 (96.5) 33 (3.5) 62 1001 939 FI 804 (88.6) 103 (11.4) 105 1012 907 FR 738 (77.4) 216 (22.6) 97 1051 954 GB-GBN 627 (83.3) 126 (16.7) 252 1005 753 GB-NIR 230 (93.9) 15 (6.1) 65 310 245 GR 913 (95.2) 46 (4.8) 41 1000 959 IE 755 (91.4) 71 (8.6) 175 1001 826 IT 921 (95.6) 42 (4.4) 37 1000 963 LU 502 (89.2) 61 (10.8) 43 606 563 NL 909 (91.7) 82 (8.3) 32 1023 991 PT 732 (84.0) 139 (16.0) 129 1000 871 SE 916 (95.3) 45 (4.7) 38 999 961 N Sum 13219 1419 1490 16128 N Valid Sum 13219 1419 14638 printed 25.01.2012 page 239 Eurobarometer 60.0 - September 2003,GESIS Variable Report,265,ZA3937
v234,v234 1 2 3 N Sum N Valid Sum,Q41 SPORT: BALANCE W OTHER LEISURE ACTIV,isocntry M AT 742 (81.1) 173 (18.9) 115 1030 915 BE 695 (76.5) 213 (23.5) 122 1030 908 DE-E 635 (73.1) 234 (26.9) 145 1014 869 DE-W 676 (78.4) 186 (21.6) 181 1043 862 DK 643 (75.5) 209 (24.5) 148 1000 852 ES 791 (88.9) 99 (11.1) 110 1000 890 FI 681 (74.7) 231 (25.3) 99 1011 912 FR 736 (77.6) 213 (22.4) 103 1052 949 GB-GBN 694 (82.3) 149 (17.7) 161 1004 843 GB-NIR 218 (84.8) 39 (15.2) 53 310 257 GR 909 (96.0) 38 (4.0) 53 1000 947 IE 812 (90.8) 82 (9.2) 108 1002 894 IT 726 (81.1) 169 (18.9) 105 1000 895 LU 396 (70.3) 167 (29.7) 43 606 563 NL 593 (65.7) 310 (34.3) 120 1023 903 PT 726 (84.0) 138 (16.0) 136 1000 864 SE 680 (76.1) 213 (23.9) 107 1000 893 N Sum 11353 2863 1909 16125 N Valid Sum 11353 2863 14216 printed 25.01.2012 page 240 Eurobarometer 60.0 - September 2003,isocntry M AT 742 (81.1) 173 (18.9) 115 1030 915 BE 695 (76.5) 213 (23.5) 122 1030 908 DE-E 635 (73.1) 234 (26.9) 145 1014 869 DE-W 676 (78.4) 186 (21.6) 181 1043 862 DK 643 (75.5) 209 (24.5) 148 1000 852 ES 791 (88.9) 99 (11.1) 110 1000 890 FI 681 (74.7) 231 (25.3) 99 1011 912 FR 736 (77.6) 213 (22.4) 103 1052 949 GB-GBN 694 (82.3) 149 (17.7) 161 1004 843 GB-NIR 218 (84.8) 39 (15.2) 53 310 257 GR 909 (96.0) 38 (4.0) 53 1000 947 IE 812 (90.8) 82 (9.2) 108 1002 894 IT 726 (81.1) 169 (18.9) 105 1000 895 LU 396 (70.3) 167 (29.7) 43 606 563 NL 593 (65.7) 310 (34.3) 120 1023 903 PT 726 (84.0) 138 (16.0) 136 1000 864 SE 680 (76.1) 213 (23.9) 107 1000 893 N Sum 11353 2863 1909 16125 N Valid Sum 11353 2863 14216 printed 25.01.2012 page 240 Eurobarometer 60.0 - September 2003,GESIS Variable Report,266,ZA3937
v235,v235 1 2 3 N Sum N Valid Sum,Q41 SPORT: EU PROMOTION OF SOCIAL VALUES,isocntry M AT 661 (79.4) 172 (20.6) 198 1031 833 BE 537 (68.1) 252 (31.9) 241 1030 789 DE-E 665 (86.0) 108 (14.0) 241 1014 773 DE-W 646 (83.7) 126 (16.3) 270 1042 772 DK 509 (65.2) 272 (34.8) 219 1000 781 ES 741 (89.1) 91 (10.9) 168 1000 832 FI 444 (52.5) 402 (47.5) 165 1011 846 FR 624 (75.1) 207 (24.9) 219 1050 831 GB-GBN 550 (73.5) 198 (26.5) 256 1004 748 GB-NIR 199 (79.9) 50 (20.1) 61 310 249 GR 880 (95.2) 44 (4.8) 76 1000 924 IE 734 (89.6) 85 (10.4) 183 1002 819 IT 624 (75.5) 203 (24.5) 173 1000 827 LU 313 (61.6) 195 (38.4) 97 605 508 NL 470 (57.2) 351 (42.8) 201 1022 821 PT 717 (86.9) 108 (13.1) 175 1000 825 SE 600 (73.7) 214 (26.3) 186 1000 814 N Sum 9914 3078 3129 16121 N Valid Sum 9914 3078 12992 printed 25.01.2012 page 241 Eurobarometer 60.0 - September 2003,isocntry M AT 661 (79.4) 172 (20.6) 198 1031 833 BE 537 (68.1) 252 (31.9) 241 1030 789 DE-E 665 (86.0) 108 (14.0) 241 1014 773 DE-W 646 (83.7) 126 (16.3) 270 1042 772 DK 509 (65.2) 272 (34.8) 219 1000 781 ES 741 (89.1) 91 (10.9) 168 1000 832 FI 444 (52.5) 402 (47.5) 165 1011 846 FR 624 (75.1) 207 (24.9) 219 1050 831 GB-GBN 550 (73.5) 198 (26.5) 256 1004 748 GB-NIR 199 (79.9) 50 (20.1) 61 310 249 GR 880 (95.2) 44 (4.8) 76 1000 924 IE 734 (89.6) 85 (10.4) 183 1002 819 IT 624 (75.5) 203 (24.5) 173 1000 827 LU 313 (61.6) 195 (38.4) 97 605 508 NL 470 (57.2) 351 (42.8) 201 1022 821 PT 717 (86.9) 108 (13.1) 175 1000 825 SE 600 (73.7) 214 (26.3) 186 1000 814 N Sum 9914 3078 3129 16121 N Valid Sum 9914 3078 12992 printed 25.01.2012 page 241 Eurobarometer 60.0 - September 2003,GESIS Variable Report,267,ZA3937
v236,v236 0 1 N Sum N Valid Sum,Q42 SPORT WORRIES: DOPING,isocntry AT 374 (36.3) 657 (63.7) 1031 1031 BE 172 (16.7) 858 (83.3) 1030 1030 DE-E 202 (19.9) 812 (80.1) 1014 1014 DE-W 244 (23.4) 799 (76.6) 1043 1043 DK 180 (18.0) 820 (82.0) 1000 1000 ES 468 (46.8) 532 (53.2) 1000 1000 FI 152 (15.0) 859 (85.0) 1011 1011 FR 202 (19.2) 849 (80.8) 1051 1051 GB-GBN 290 (28.9) 714 (71.1) 1004 1004 GB-NIR 95 (30.6) 215 (69.4) 310 310 GR 278 (27.8) 722 (72.2) 1000 1000 IE 367 (36.7) 634 (63.3) 1001 1001 IT 215 (21.5) 785 (78.5) 1000 1000 LU 162 (26.7) 444 (73.3) 606 606 NL 289 (28.3) 734 (71.7) 1023 1023 PT 464 (46.4) 536 (53.6) 1000 1000 SE 86 (8.6) 914 (91.4) 1000 1000 N Sum 4240 11884 16124 N Valid Sum 4240 11884 16124 printed 25.01.2012 page 242 Eurobarometer 60.0 - September 2003,isocntry AT 374 (36.3) 657 (63.7) 1031 1031 BE 172 (16.7) 858 (83.3) 1030 1030 DE-E 202 (19.9) 812 (80.1) 1014 1014 DE-W 244 (23.4) 799 (76.6) 1043 1043 DK 180 (18.0) 820 (82.0) 1000 1000 ES 468 (46.8) 532 (53.2) 1000 1000 FI 152 (15.0) 859 (85.0) 1011 1011 FR 202 (19.2) 849 (80.8) 1051 1051 GB-GBN 290 (28.9) 714 (71.1) 1004 1004 GB-NIR 95 (30.6) 215 (69.4) 310 310 GR 278 (27.8) 722 (72.2) 1000 1000 IE 367 (36.7) 634 (63.3) 1001 1001 IT 215 (21.5) 785 (78.5) 1000 1000 LU 162 (26.7) 444 (73.3) 606 606 NL 289 (28.3) 734 (71.7) 1023 1023 PT 464 (46.4) 536 (53.6) 1000 1000 SE 86 (8.6) 914 (91.4) 1000 1000 N Sum 4240 11884 16124 N Valid Sum 4240 11884 16124 printed 25.01.2012 page 242 Eurobarometer 60.0 - September 2003,GESIS Variable Report,268,ZA3937
v237,v237 0 1 N Sum N Valid Sum,Q42 SPORT WORRIES: FOOD SUPPLEMENTS,isocntry AT 747 (72.5) 284 (27.5) 1031 1031 BE 772 (75.0) 258 (25.0) 1030 1030 DE-E 710 (70.0) 304 (30.0) 1014 1014 DE-W 688 (66.0) 354 (34.0) 1042 1042 DK 717 (71.7) 283 (28.3) 1000 1000 ES 839 (83.9) 161 (16.1) 1000 1000 FI 533 (52.7) 478 (47.3) 1011 1011 FR 793 (75.5) 258 (24.5) 1051 1051 GB-GBN 806 (80.3) 198 (19.7) 1004 1004 GB-NIR 250 (80.6) 60 (19.4) 310 310 GR 699 (69.9) 301 (30.1) 1000 1000 IE 825 (82.4) 176 (17.6) 1001 1001 IT 672 (67.2) 328 (32.8) 1000 1000 LU 403 (66.5) 203 (33.5) 606 606 NL 736 (71.9) 287 (28.1) 1023 1023 PT 864 (86.4) 136 (13.6) 1000 1000 SE 627 (62.7) 373 (37.3) 1000 1000 N Sum 11681 4442 16123 N Valid Sum 11681 4442 16123 printed 25.01.2012 page 243 Eurobarometer 60.0 - September 2003,isocntry AT 747 (72.5) 284 (27.5) 1031 1031 BE 772 (75.0) 258 (25.0) 1030 1030 DE-E 710 (70.0) 304 (30.0) 1014 1014 DE-W 688 (66.0) 354 (34.0) 1042 1042 DK 717 (71.7) 283 (28.3) 1000 1000 ES 839 (83.9) 161 (16.1) 1000 1000 FI 533 (52.7) 478 (47.3) 1011 1011 FR 793 (75.5) 258 (24.5) 1051 1051 GB-GBN 806 (80.3) 198 (19.7) 1004 1004 GB-NIR 250 (80.6) 60 (19.4) 310 310 GR 699 (69.9) 301 (30.1) 1000 1000 IE 825 (82.4) 176 (17.6) 1001 1001 IT 672 (67.2) 328 (32.8) 1000 1000 LU 403 (66.5) 203 (33.5) 606 606 NL 736 (71.9) 287 (28.1) 1023 1023 PT 864 (86.4) 136 (13.6) 1000 1000 SE 627 (62.7) 373 (37.3) 1000 1000 N Sum 11681 4442 16123 N Valid Sum 11681 4442 16123 printed 25.01.2012 page 243 Eurobarometer 60.0 - September 2003,GESIS Variable Report,269,ZA3937
v238,v238 0 1 N Sum N Valid Sum,Q42 SPORT WORRIES: CORRUPTION,isocntry AT 693 (67.2) 338 (32.8) 1031 1031 BE 592 (57.5) 438 (42.5) 1030 1030 DE-E 505 (49.8) 509 (50.2) 1014 1014 DE-W 576 (55.3) 466 (44.7) 1042 1042 DK 633 (63.3) 367 (36.7) 1000 1000 ES 645 (64.5) 355 (35.5) 1000 1000 FI 567 (56.1) 444 (43.9) 1011 1011 FR 508 (48.3) 543 (51.7) 1051 1051 GB-GBN 620 (61.8) 384 (38.2) 1004 1004 GB-NIR 202 (65.2) 108 (34.8) 310 310 GR 589 (58.9) 411 (41.1) 1000 1000 IE 641 (64.0) 360 (36.0) 1001 1001 IT 512 (51.2) 488 (48.8) 1000 1000 LU 358 (59.1) 248 (40.9) 606 606 NL 595 (58.2) 428 (41.8) 1023 1023 PT 544 (54.4) 456 (45.6) 1000 1000 SE 629 (62.9) 371 (37.1) 1000 1000 N Sum 9409 6714 16123 N Valid Sum 9409 6714 16123 printed 25.01.2012 page 244 Eurobarometer 60.0 - September 2003,isocntry AT 693 (67.2) 338 (32.8) 1031 1031 BE 592 (57.5) 438 (42.5) 1030 1030 DE-E 505 (49.8) 509 (50.2) 1014 1014 DE-W 576 (55.3) 466 (44.7) 1042 1042 DK 633 (63.3) 367 (36.7) 1000 1000 ES 645 (64.5) 355 (35.5) 1000 1000 FI 567 (56.1) 444 (43.9) 1011 1011 FR 508 (48.3) 543 (51.7) 1051 1051 GB-GBN 620 (61.8) 384 (38.2) 1004 1004 GB-NIR 202 (65.2) 108 (34.8) 310 310 GR 589 (58.9) 411 (41.1) 1000 1000 IE 641 (64.0) 360 (36.0) 1001 1001 IT 512 (51.2) 488 (48.8) 1000 1000 LU 358 (59.1) 248 (40.9) 606 606 NL 595 (58.2) 428 (41.8) 1023 1023 PT 544 (54.4) 456 (45.6) 1000 1000 SE 629 (62.9) 371 (37.1) 1000 1000 N Sum 9409 6714 16123 N Valid Sum 9409 6714 16123 printed 25.01.2012 page 244 Eurobarometer 60.0 - September 2003,GESIS Variable Report,270,ZA3937
v239,v239 0 1 N Sum N Valid Sum,Q42 SPORT WORRIES: CHILD EXPLOITATION,isocntry AT 664 (64.4) 367 (35.6) 1031 1031 BE 699 (67.9) 331 (32.1) 1030 1030 DE-E 715 (70.5) 299 (29.5) 1014 1014 DE-W 701 (67.3) 341 (32.7) 1042 1042 DK 445 (44.5) 555 (55.5) 1000 1000 ES 658 (65.8) 342 (34.2) 1000 1000 FI 520 (51.4) 491 (48.6) 1011 1011 FR 617 (58.7) 434 (41.3) 1051 1051 GB-GBN 721 (71.8) 283 (28.2) 1004 1004 GB-NIR 202 (65.2) 108 (34.8) 310 310 GR 621 (62.1) 379 (37.9) 1000 1000 IE 643 (64.2) 358 (35.8) 1001 1001 IT 676 (67.6) 324 (32.4) 1000 1000 LU 379 (62.5) 227 (37.5) 606 606 NL 662 (64.7) 361 (35.3) 1023 1023 PT 732 (73.2) 268 (26.8) 1000 1000 SE 513 (51.3) 487 (48.7) 1000 1000 N Sum 10168 5955 16123 N Valid Sum 10168 5955 16123 printed 25.01.2012 page 245 Eurobarometer 60.0 - September 2003,isocntry AT 664 (64.4) 367 (35.6) 1031 1031 BE 699 (67.9) 331 (32.1) 1030 1030 DE-E 715 (70.5) 299 (29.5) 1014 1014 DE-W 701 (67.3) 341 (32.7) 1042 1042 DK 445 (44.5) 555 (55.5) 1000 1000 ES 658 (65.8) 342 (34.2) 1000 1000 FI 520 (51.4) 491 (48.6) 1011 1011 FR 617 (58.7) 434 (41.3) 1051 1051 GB-GBN 721 (71.8) 283 (28.2) 1004 1004 GB-NIR 202 (65.2) 108 (34.8) 310 310 GR 621 (62.1) 379 (37.9) 1000 1000 IE 643 (64.2) 358 (35.8) 1001 1001 IT 676 (67.6) 324 (32.4) 1000 1000 LU 379 (62.5) 227 (37.5) 606 606 NL 662 (64.7) 361 (35.3) 1023 1023 PT 732 (73.2) 268 (26.8) 1000 1000 SE 513 (51.3) 487 (48.7) 1000 1000 N Sum 10168 5955 16123 N Valid Sum 10168 5955 16123 printed 25.01.2012 page 245 Eurobarometer 60.0 - September 2003,GESIS Variable Report,271,ZA3937
v240,v240 0 1 N Sum N Valid Sum,Q42 SPORT WORRIES: 3RD WORLD EXPLOITATION,isocntry AT 767 (74.4) 264 (25.6) 1031 1031 BE 789 (76.6) 241 (23.4) 1030 1030 DE-E 833 (82.1) 181 (17.9) 1014 1014 DE-W 848 (81.4) 194 (18.6) 1042 1042 DK 800 (80.0) 200 (20.0) 1000 1000 ES 803 (80.3) 197 (19.7) 1000 1000 FI 732 (72.4) 279 (27.6) 1011 1011 FR 762 (72.5) 289 (27.5) 1051 1051 GB-GBN 845 (84.2) 159 (15.8) 1004 1004 GB-NIR 256 (82.6) 54 (17.4) 310 310 GR 844 (84.4) 156 (15.6) 1000 1000 IE 850 (84.9) 151 (15.1) 1001 1001 IT 802 (80.2) 198 (19.8) 1000 1000 LU 443 (73.1) 163 (26.9) 606 606 NL 793 (77.5) 230 (22.5) 1023 1023 PT 858 (85.8) 142 (14.2) 1000 1000 SE 772 (77.2) 228 (22.8) 1000 1000 N Sum 12797 3326 16123 N Valid Sum 12797 3326 16123 printed 25.01.2012 page 246 Eurobarometer 60.0 - September 2003,isocntry AT 767 (74.4) 264 (25.6) 1031 1031 BE 789 (76.6) 241 (23.4) 1030 1030 DE-E 833 (82.1) 181 (17.9) 1014 1014 DE-W 848 (81.4) 194 (18.6) 1042 1042 DK 800 (80.0) 200 (20.0) 1000 1000 ES 803 (80.3) 197 (19.7) 1000 1000 FI 732 (72.4) 279 (27.6) 1011 1011 FR 762 (72.5) 289 (27.5) 1051 1051 GB-GBN 845 (84.2) 159 (15.8) 1004 1004 GB-NIR 256 (82.6) 54 (17.4) 310 310 GR 844 (84.4) 156 (15.6) 1000 1000 IE 850 (84.9) 151 (15.1) 1001 1001 IT 802 (80.2) 198 (19.8) 1000 1000 LU 443 (73.1) 163 (26.9) 606 606 NL 793 (77.5) 230 (22.5) 1023 1023 PT 858 (85.8) 142 (14.2) 1000 1000 SE 772 (77.2) 228 (22.8) 1000 1000 N Sum 12797 3326 16123 N Valid Sum 12797 3326 16123 printed 25.01.2012 page 246 Eurobarometer 60.0 - September 2003,GESIS Variable Report,272,ZA3937
v241,v241 0 1 N Sum N Valid Sum,Q42 SPORT WORRIES: OVER-TRAINING,isocntry AT 748 (72.6) 283 (27.4) 1031 1031 BE 747 (72.5) 283 (27.5) 1030 1030 DE-E 717 (70.7) 297 (29.3) 1014 1014 DE-W 676 (64.9) 366 (35.1) 1042 1042 DK 740 (74.0) 260 (26.0) 1000 1000 ES 873 (87.3) 127 (12.7) 1000 1000 FI 720 (71.2) 291 (28.8) 1011 1011 FR 736 (70.0) 315 (30.0) 1051 1051 GB-GBN 767 (76.4) 237 (23.6) 1004 1004 GB-NIR 228 (73.5) 82 (26.5) 310 310 GR 783 (78.3) 217 (21.7) 1000 1000 IE 811 (81.0) 190 (19.0) 1001 1001 IT 778 (77.8) 222 (22.2) 1000 1000 LU 424 (70.0) 182 (30.0) 606 606 NL 730 (71.4) 293 (28.6) 1023 1023 PT 845 (84.5) 155 (15.5) 1000 1000 SE 745 (74.5) 255 (25.5) 1000 1000 N Sum 12068 4055 16123 N Valid Sum 12068 4055 16123 printed 25.01.2012 page 247 Eurobarometer 60.0 - September 2003,isocntry AT 748 (72.6) 283 (27.4) 1031 1031 BE 747 (72.5) 283 (27.5) 1030 1030 DE-E 717 (70.7) 297 (29.3) 1014 1014 DE-W 676 (64.9) 366 (35.1) 1042 1042 DK 740 (74.0) 260 (26.0) 1000 1000 ES 873 (87.3) 127 (12.7) 1000 1000 FI 720 (71.2) 291 (28.8) 1011 1011 FR 736 (70.0) 315 (30.0) 1051 1051 GB-GBN 767 (76.4) 237 (23.6) 1004 1004 GB-NIR 228 (73.5) 82 (26.5) 310 310 GR 783 (78.3) 217 (21.7) 1000 1000 IE 811 (81.0) 190 (19.0) 1001 1001 IT 778 (77.8) 222 (22.2) 1000 1000 LU 424 (70.0) 182 (30.0) 606 606 NL 730 (71.4) 293 (28.6) 1023 1023 PT 845 (84.5) 155 (15.5) 1000 1000 SE 745 (74.5) 255 (25.5) 1000 1000 N Sum 12068 4055 16123 N Valid Sum 12068 4055 16123 printed 25.01.2012 page 247 Eurobarometer 60.0 - September 2003,GESIS Variable Report,273,ZA3937
v242,v242 0 1 N Sum N Valid Sum,Q42 SPORT WORRIES: CHILD ABUSE,isocntry AT 651 (63.1) 380 (36.9) 1031 1031 BE 707 (68.6) 323 (31.4) 1030 1030 DE-E 651 (64.2) 363 (35.8) 1014 1014 DE-W 704 (67.6) 338 (32.4) 1042 1042 DK 316 (31.6) 684 (68.4) 1000 1000 ES 689 (68.9) 311 (31.1) 1000 1000 FI 557 (55.1) 454 (44.9) 1011 1011 FR 589 (56.0) 462 (44.0) 1051 1051 GB-GBN 710 (70.7) 294 (29.3) 1004 1004 GB-NIR 192 (61.9) 118 (38.1) 310 310 GR 594 (59.4) 406 (40.6) 1000 1000 IE 527 (52.6) 474 (47.4) 1001 1001 IT 700 (70.0) 300 (30.0) 1000 1000 LU 392 (64.7) 214 (35.3) 606 606 NL 613 (59.9) 410 (40.1) 1023 1023 PT 693 (69.3) 307 (30.7) 1000 1000 SE 508 (50.8) 492 (49.2) 1000 1000 N Sum 9793 6330 16123 N Valid Sum 9793 6330 16123 printed 25.01.2012 page 248 Eurobarometer 60.0 - September 2003,isocntry AT 651 (63.1) 380 (36.9) 1031 1031 BE 707 (68.6) 323 (31.4) 1030 1030 DE-E 651 (64.2) 363 (35.8) 1014 1014 DE-W 704 (67.6) 338 (32.4) 1042 1042 DK 316 (31.6) 684 (68.4) 1000 1000 ES 689 (68.9) 311 (31.1) 1000 1000 FI 557 (55.1) 454 (44.9) 1011 1011 FR 589 (56.0) 462 (44.0) 1051 1051 GB-GBN 710 (70.7) 294 (29.3) 1004 1004 GB-NIR 192 (61.9) 118 (38.1) 310 310 GR 594 (59.4) 406 (40.6) 1000 1000 IE 527 (52.6) 474 (47.4) 1001 1001 IT 700 (70.0) 300 (30.0) 1000 1000 LU 392 (64.7) 214 (35.3) 606 606 NL 613 (59.9) 410 (40.1) 1023 1023 PT 693 (69.3) 307 (30.7) 1000 1000 SE 508 (50.8) 492 (49.2) 1000 1000 N Sum 9793 6330 16123 N Valid Sum 9793 6330 16123 printed 25.01.2012 page 248 Eurobarometer 60.0 - September 2003,GESIS Variable Report,274,ZA3937
v243,v243 0 1 N Sum N Valid Sum,Q42 SPORT WORRIES: VIOLENCE,isocntry AT 727 (70.5) 304 (29.5) 1031 1031 BE 628 (61.0) 402 (39.0) 1030 1030 DE-E 674 (66.5) 340 (33.5) 1014 1014 DE-W 714 (68.5) 329 (31.5) 1043 1043 DK 561 (56.1) 439 (43.9) 1000 1000 ES 561 (56.1) 439 (43.9) 1000 1000 FI 552 (54.6) 459 (45.4) 1011 1011 FR 554 (52.7) 497 (47.3) 1051 1051 GB-GBN 616 (61.4) 388 (38.6) 1004 1004 GB-NIR 212 (68.4) 98 (31.6) 310 310 GR 539 (53.9) 461 (46.1) 1000 1000 IE 705 (70.4) 296 (29.6) 1001 1001 IT 549 (54.9) 451 (45.1) 1000 1000 LU 385 (63.5) 221 (36.5) 606 606 NL 546 (53.4) 477 (46.6) 1023 1023 PT 551 (55.1) 449 (44.9) 1000 1000 SE 568 (56.8) 432 (43.2) 1000 1000 N Sum 9642 6482 16124 N Valid Sum 9642 6482 16124 printed 25.01.2012 page 249 Eurobarometer 60.0 - September 2003,isocntry AT 727 (70.5) 304 (29.5) 1031 1031 BE 628 (61.0) 402 (39.0) 1030 1030 DE-E 674 (66.5) 340 (33.5) 1014 1014 DE-W 714 (68.5) 329 (31.5) 1043 1043 DK 561 (56.1) 439 (43.9) 1000 1000 ES 561 (56.1) 439 (43.9) 1000 1000 FI 552 (54.6) 459 (45.4) 1011 1011 FR 554 (52.7) 497 (47.3) 1051 1051 GB-GBN 616 (61.4) 388 (38.6) 1004 1004 GB-NIR 212 (68.4) 98 (31.6) 310 310 GR 539 (53.9) 461 (46.1) 1000 1000 IE 705 (70.4) 296 (29.6) 1001 1001 IT 549 (54.9) 451 (45.1) 1000 1000 LU 385 (63.5) 221 (36.5) 606 606 NL 546 (53.4) 477 (46.6) 1023 1023 PT 551 (55.1) 449 (44.9) 1000 1000 SE 568 (56.8) 432 (43.2) 1000 1000 N Sum 9642 6482 16124 N Valid Sum 9642 6482 16124 printed 25.01.2012 page 249 Eurobarometer 60.0 - September 2003,GESIS Variable Report,275,ZA3937
v244,v244 0 1 N Sum N Valid Sum,Q42 SPORT WORRIES: DISCRIMINATION,isocntry AT 833 (80.8) 198 (19.2) 1031 1031 BE 809 (78.5) 221 (21.5) 1030 1030 DE-E 764 (75.3) 250 (24.7) 1014 1014 DE-W 814 (78.0) 229 (22.0) 1043 1043 DK 753 (75.3) 247 (24.7) 1000 1000 ES 778 (77.8) 222 (22.2) 1000 1000 FI 685 (67.8) 326 (32.2) 1011 1011 FR 768 (73.1) 283 (26.9) 1051 1051 GB-GBN 745 (74.2) 259 (25.8) 1004 1004 GB-NIR 232 (74.8) 78 (25.2) 310 310 GR 818 (81.8) 182 (18.2) 1000 1000 IE 744 (74.3) 257 (25.7) 1001 1001 IT 777 (77.7) 223 (22.3) 1000 1000 LU 439 (72.4) 167 (27.6) 606 606 NL 708 (69.2) 315 (30.8) 1023 1023 PT 754 (75.4) 246 (24.6) 1000 1000 SE 591 (59.1) 409 (40.9) 1000 1000 N Sum 12012 4112 16124 N Valid Sum 12012 4112 16124 printed 25.01.2012 page 250 Eurobarometer 60.0 - September 2003,isocntry AT 833 (80.8) 198 (19.2) 1031 1031 BE 809 (78.5) 221 (21.5) 1030 1030 DE-E 764 (75.3) 250 (24.7) 1014 1014 DE-W 814 (78.0) 229 (22.0) 1043 1043 DK 753 (75.3) 247 (24.7) 1000 1000 ES 778 (77.8) 222 (22.2) 1000 1000 FI 685 (67.8) 326 (32.2) 1011 1011 FR 768 (73.1) 283 (26.9) 1051 1051 GB-GBN 745 (74.2) 259 (25.8) 1004 1004 GB-NIR 232 (74.8) 78 (25.2) 310 310 GR 818 (81.8) 182 (18.2) 1000 1000 IE 744 (74.3) 257 (25.7) 1001 1001 IT 777 (77.7) 223 (22.3) 1000 1000 LU 439 (72.4) 167 (27.6) 606 606 NL 708 (69.2) 315 (30.8) 1023 1023 PT 754 (75.4) 246 (24.6) 1000 1000 SE 591 (59.1) 409 (40.9) 1000 1000 N Sum 12012 4112 16124 N Valid Sum 12012 4112 16124 printed 25.01.2012 page 250 Eurobarometer 60.0 - September 2003,GESIS Variable Report,276,ZA3937
v245,v245 0 1 N Sum N Valid Sum,Q42 SPORT WORRIES: EMPHASIS ON MONEY,isocntry AT 554 (53.7) 477 (46.3) 1031 1031 BE 374 (36.3) 656 (63.7) 1030 1030 DE-E 291 (28.7) 723 (71.3) 1014 1014 DE-W 316 (30.3) 726 (69.7) 1042 1042 DK 513 (51.3) 487 (48.7) 1000 1000 ES 597 (59.7) 403 (40.3) 1000 1000 FI 356 (35.2) 655 (64.8) 1011 1011 FR 340 (32.4) 711 (67.6) 1051 1051 GB-GBN 463 (46.1) 541 (53.9) 1004 1004 GB-NIR 166 (53.5) 144 (46.5) 310 310 GR 600 (60.0) 400 (40.0) 1000 1000 IE 614 (61.3) 387 (38.7) 1001 1001 IT 445 (44.5) 555 (55.5) 1000 1000 LU 219 (36.1) 387 (63.9) 606 606 NL 365 (35.7) 658 (64.3) 1023 1023 PT 721 (72.1) 279 (27.9) 1000 1000 SE 338 (33.8) 662 (66.2) 1000 1000 N Sum 7272 8851 16123 N Valid Sum 7272 8851 16123 printed 25.01.2012 page 251 Eurobarometer 60.0 - September 2003,isocntry AT 554 (53.7) 477 (46.3) 1031 1031 BE 374 (36.3) 656 (63.7) 1030 1030 DE-E 291 (28.7) 723 (71.3) 1014 1014 DE-W 316 (30.3) 726 (69.7) 1042 1042 DK 513 (51.3) 487 (48.7) 1000 1000 ES 597 (59.7) 403 (40.3) 1000 1000 FI 356 (35.2) 655 (64.8) 1011 1011 FR 340 (32.4) 711 (67.6) 1051 1051 GB-GBN 463 (46.1) 541 (53.9) 1004 1004 GB-NIR 166 (53.5) 144 (46.5) 310 310 GR 600 (60.0) 400 (40.0) 1000 1000 IE 614 (61.3) 387 (38.7) 1001 1001 IT 445 (44.5) 555 (55.5) 1000 1000 LU 219 (36.1) 387 (63.9) 606 606 NL 365 (35.7) 658 (64.3) 1023 1023 PT 721 (72.1) 279 (27.9) 1000 1000 SE 338 (33.8) 662 (66.2) 1000 1000 N Sum 7272 8851 16123 N Valid Sum 7272 8851 16123 printed 25.01.2012 page 251 Eurobarometer 60.0 - September 2003,GESIS Variable Report,277,ZA3937
v246,v246 0 1 N Sum N Valid Sum,Q42 SPORT WORRIES: OTHERS,isocntry AT 1012 (98.2) 19 (1.8) 1031 1031 BE 1024 (99.4) 6 (0.6) 1030 1030 DE-E 1000 (98.6) 14 (1.4) 1014 1014 DE-W 1040 (99.7) 3 (0.3) 1043 1043 DK 988 (98.8) 12 (1.2) 1000 1000 ES 987 (98.7) 13 (1.3) 1000 1000 FI 1003 (99.2) 8 (0.8) 1011 1011 FR 1047 (99.6) 4 (0.4) 1051 1051 GB-GBN 992 (98.8) 12 (1.2) 1004 1004 GB-NIR 309 (99.7) 1 (0.3) 310 310 GR 997 (99.7) 3 (0.3) 1000 1000 IE 994 (99.3) 7 (0.7) 1001 1001 IT 992 (99.2) 8 (0.8) 1000 1000 LU 598 (98.7) 8 (1.3) 606 606 NL 1010 (98.7) 13 (1.3) 1023 1023 PT 990 (99.0) 10 (1.0) 1000 1000 SE 994 (99.4) 6 (0.6) 1000 1000 N Sum 15977 147 16124 N Valid Sum 15977 147 16124 printed 25.01.2012 page 252 Eurobarometer 60.0 - September 2003,isocntry AT 1012 (98.2) 19 (1.8) 1031 1031 BE 1024 (99.4) 6 (0.6) 1030 1030 DE-E 1000 (98.6) 14 (1.4) 1014 1014 DE-W 1040 (99.7) 3 (0.3) 1043 1043 DK 988 (98.8) 12 (1.2) 1000 1000 ES 987 (98.7) 13 (1.3) 1000 1000 FI 1003 (99.2) 8 (0.8) 1011 1011 FR 1047 (99.6) 4 (0.4) 1051 1051 GB-GBN 992 (98.8) 12 (1.2) 1004 1004 GB-NIR 309 (99.7) 1 (0.3) 310 310 GR 997 (99.7) 3 (0.3) 1000 1000 IE 994 (99.3) 7 (0.7) 1001 1001 IT 992 (99.2) 8 (0.8) 1000 1000 LU 598 (98.7) 8 (1.3) 606 606 NL 1010 (98.7) 13 (1.3) 1023 1023 PT 990 (99.0) 10 (1.0) 1000 1000 SE 994 (99.4) 6 (0.6) 1000 1000 N Sum 15977 147 16124 N Valid Sum 15977 147 16124 printed 25.01.2012 page 252 Eurobarometer 60.0 - September 2003,GESIS Variable Report,278,ZA3937
v247,v247 0 1 N Sum N Valid Sum,Q42 SPORT WORRIES: NONE OF THESE,isocntry AT 994 (96.4) 37 (3.6) 1031 1031 BE 1021 (99.1) 9 (0.9) 1030 1030 DE-E 1001 (98.7) 13 (1.3) 1014 1014 DE-W 1027 (98.5) 16 (1.5) 1043 1043 DK 988 (98.8) 12 (1.2) 1000 1000 ES 967 (96.7) 33 (3.3) 1000 1000 FI 1006 (99.5) 5 (0.5) 1011 1011 FR 1051 (100.0) 1051 1051 GB-GBN 942 (93.8) 62 (6.2) 1004 1004 GB-NIR 298 (96.1) 12 (3.9) 310 310 GR 972 (97.2) 28 (2.8) 1000 1000 IE 977 (97.6) 24 (2.4) 1001 1001 IT 998 (99.8) 2 (0.2) 1000 1000 LU 597 (98.5) 9 (1.5) 606 606 NL 1006 (98.3) 17 (1.7) 1023 1023 PT 978 (97.8) 22 (2.2) 1000 1000 SE 996 (99.6) 4 (0.4) 1000 1000 N Sum 15819 305 16124 N Valid Sum 15819 305 16124 printed 25.01.2012 page 253 Eurobarometer 60.0 - September 2003,isocntry AT 994 (96.4) 37 (3.6) 1031 1031 BE 1021 (99.1) 9 (0.9) 1030 1030 DE-E 1001 (98.7) 13 (1.3) 1014 1014 DE-W 1027 (98.5) 16 (1.5) 1043 1043 DK 988 (98.8) 12 (1.2) 1000 1000 ES 967 (96.7) 33 (3.3) 1000 1000 FI 1006 (99.5) 5 (0.5) 1011 1011 FR 1051 (100.0) 1051 1051 GB-GBN 942 (93.8) 62 (6.2) 1004 1004 GB-NIR 298 (96.1) 12 (3.9) 310 310 GR 972 (97.2) 28 (2.8) 1000 1000 IE 977 (97.6) 24 (2.4) 1001 1001 IT 998 (99.8) 2 (0.2) 1000 1000 LU 597 (98.5) 9 (1.5) 606 606 NL 1006 (98.3) 17 (1.7) 1023 1023 PT 978 (97.8) 22 (2.2) 1000 1000 SE 996 (99.6) 4 (0.4) 1000 1000 N Sum 15819 305 16124 N Valid Sum 15819 305 16124 printed 25.01.2012 page 253 Eurobarometer 60.0 - September 2003,GESIS Variable Report,279,ZA3937
v248,v248 0 1 N Sum N Valid Sum,Q42 SPORT WORRIES: DK,isocntry AT 1010 (98.0) 21 (2.0) 1031 1031 BE 1025 (99.5) 5 (0.5) 1030 1030 DE-E 1005 (99.1) 9 (0.9) 1014 1014 DE-W 1025 (98.3) 18 (1.7) 1043 1043 DK 996 (99.6) 4 (0.4) 1000 1000 ES 955 (95.5) 45 (4.5) 1000 1000 FI 1007 (99.6) 4 (0.4) 1011 1011 FR 1046 (99.5) 5 (0.5) 1051 1051 GB-GBN 987 (98.3) 17 (1.7) 1004 1004 GB-NIR 307 (99.0) 3 (1.0) 310 310 GR 977 (97.7) 23 (2.3) 1000 1000 IE 978 (97.7) 23 (2.3) 1001 1001 IT 994 (99.4) 6 (0.6) 1000 1000 LU 600 (99.0) 6 (1.0) 606 606 NL 1019 (99.6) 4 (0.4) 1023 1023 PT 945 (94.5) 55 (5.5) 1000 1000 SE 994 (99.4) 6 (0.6) 1000 1000 N Sum 15870 254 16124 N Valid Sum 15870 254 16124 printed 25.01.2012 page 254 Eurobarometer 60.0 - September 2003,isocntry AT 1010 (98.0) 21 (2.0) 1031 1031 BE 1025 (99.5) 5 (0.5) 1030 1030 DE-E 1005 (99.1) 9 (0.9) 1014 1014 DE-W 1025 (98.3) 18 (1.7) 1043 1043 DK 996 (99.6) 4 (0.4) 1000 1000 ES 955 (95.5) 45 (4.5) 1000 1000 FI 1007 (99.6) 4 (0.4) 1011 1011 FR 1046 (99.5) 5 (0.5) 1051 1051 GB-GBN 987 (98.3) 17 (1.7) 1004 1004 GB-NIR 307 (99.0) 3 (1.0) 310 310 GR 977 (97.7) 23 (2.3) 1000 1000 IE 978 (97.7) 23 (2.3) 1001 1001 IT 994 (99.4) 6 (0.6) 1000 1000 LU 600 (99.0) 6 (1.0) 606 606 NL 1019 (99.6) 4 (0.4) 1023 1023 PT 945 (94.5) 55 (5.5) 1000 1000 SE 994 (99.4) 6 (0.6) 1000 1000 N Sum 15870 254 16124 N Valid Sum 15870 254 16124 printed 25.01.2012 page 254 Eurobarometer 60.0 - September 2003,GESIS Variable Report,280,ZA3937
v249,v249 1 2 3 N Sum N Valid Sum,Q43 DOMESTIC ELECTR APPL - EVER BUY,isocntry M AT 917 (90.6) 95 (9.4) 19 1031 1012 BE 802 (78.3) 222 (21.7) 7 1031 1024 DE-E 799 (79.8) 202 (20.2) 13 1014 1001 DE-W 830 (80.9) 196 (19.1) 17 1043 1026 DK 827 (82.9) 170 (17.1) 3 1000 997 ES 791 (79.2) 208 (20.8) 1 1000 999 FI 895 (88.9) 112 (11.1) 4 1011 1007 FR 853 (81.2) 197 (18.8) 1 1051 1050 GB-GBN 918 (91.5) 85 (8.5) 2 1005 1003 GB-NIR 258 (83.2) 52 (16.8) 310 310 GR 868 (86.8) 132 (13.2) 1000 1000 IE 670 (67.5) 323 (32.5) 8 1001 993 IT 810 (81.1) 189 (18.9) 2 1001 999 LU 527 (87.0) 79 (13.0) 606 606 NL 846 (82.9) 175 (17.1) 2 1023 1021 PT 808 (80.9) 191 (19.1) 1 1000 999 SE 874 (87.5) 125 (12.5) 1 1000 999 N Sum 13293 2753 81 16127 N Valid Sum 13293 2753 16046 printed 25.01.2012 page 255 Eurobarometer 60.0 - September 2003,isocntry M AT 917 (90.6) 95 (9.4) 19 1031 1012 BE 802 (78.3) 222 (21.7) 7 1031 1024 DE-E 799 (79.8) 202 (20.2) 13 1014 1001 DE-W 830 (80.9) 196 (19.1) 17 1043 1026 DK 827 (82.9) 170 (17.1) 3 1000 997 ES 791 (79.2) 208 (20.8) 1 1000 999 FI 895 (88.9) 112 (11.1) 4 1011 1007 FR 853 (81.2) 197 (18.8) 1 1051 1050 GB-GBN 918 (91.5) 85 (8.5) 2 1005 1003 GB-NIR 258 (83.2) 52 (16.8) 310 310 GR 868 (86.8) 132 (13.2) 1000 1000 IE 670 (67.5) 323 (32.5) 8 1001 993 IT 810 (81.1) 189 (18.9) 2 1001 999 LU 527 (87.0) 79 (13.0) 606 606 NL 846 (82.9) 175 (17.1) 2 1023 1021 PT 808 (80.9) 191 (19.1) 1 1000 999 SE 874 (87.5) 125 (12.5) 1 1000 999 N Sum 13293 2753 81 16127 N Valid Sum 13293 2753 16046 printed 25.01.2012 page 255 Eurobarometer 60.0 - September 2003,GESIS Variable Report,281,ZA3937
v250,,Q44A DOM ELECTR APPL READ INFO: USE,,Q44A DOM ELECTR APPL READ INFO: USE,GESIS Variable Report,282,ZA3937
v251,IF CODE 1 TO 3 IN Q.44A,Q44B DOM ELECTR APPL HEED INFO: USE,"(READ Q.44A_1 THEN Q.44B_1, AND SO ON) Do you take this information into account when choosing to buy the product, or not? (READ OUT) Q.44B_1 The pictures / text showing how to use it","(READ Q.44A_1 THEN Q.44B_1, AND SO ON) Do you take this information into account when choosing to buy the product, or not? (READ OUT) Q.44B_1 The pictures / text showing how to use it",GESIS Variable Report,283,ZA3937
v252,,Q44A DOM ELECTR APPL READ INFO: CAUTION,,Q44A DOM ELECTR APPL READ INFO: CAUTION,GESIS Variable Report,284,ZA3937
v253,IF CODE 1 TO 3 IN Q.44A,Q44B DOM ELECTR APPL HEED INFO: CAUTION,"(READ Q.44A_1 THEN Q.44B_1, AND SO ON) Do you take this information into account when choosing to buy the product, or not? (READ OUT) Q.44B_2 The text telling me whatprecautions to take","(READ Q.44A_1 THEN Q.44B_1, AND SO ON) Do you take this information into account when choosing to buy the product, or not? (READ OUT) Q.44B_2 The text telling me whatprecautions to take",GESIS Variable Report,285,ZA3937
v254,,Q44A DOM ELECTR APPL READ INFO: CAREFUL,,Q44A DOM ELECTR APPL READ INFO: CAREFUL,GESIS Variable Report,286,ZA3937
v255,IF CODE 1 TO 3 IN Q.44A,Q44B DOM ELECTR APPL HEED INFO: CAREFUL,"(READ Q.44A_1 THEN Q.44B_1, AND SO ON) Do you take this information into account when choosing to buy the product, or not? (READ OUT) Q.44B_3 The pictures or symbols telling me to be careful","(READ Q.44A_1 THEN Q.44B_1, AND SO ON) Do you take this information into account when choosing to buy the product, or not? (READ OUT) Q.44B_3 The pictures or symbols telling me to be careful",GESIS Variable Report,287,ZA3937
v256,,Q44A DOM ELECTR APPL READ INFO: PHONE,,Q44A DOM ELECTR APPL READ INFO: PHONE,GESIS Variable Report,288,ZA3937
v257,IF CODE 1 TO 3 IN Q.44A,Q44B DOM ELECTR APPL HEED INFO: PHONE,"(READ Q.44A_1 THEN Q.44B_1, AND SO ON) Do you take this information into account when choosing to buy the product, or not? (READ OUT) Q.44B_4 The phone number of the manufacturer or the distributor or their representative in (OUR COUNTRY)","(READ Q.44A_1 THEN Q.44B_1, AND SO ON) Do you take this information into account when choosing to buy the product, or not? (READ OUT) Q.44B_4 The phone number of the manufacturer or the distributor or their representative in (OUR COUNTRY)",GESIS Variable Report,289,ZA3937
v258,,Q44A DOM ELECTR APPL READ INFO: ACCIDENTS,,Q44A DOM ELECTR APPL READ INFO: ACCIDENTS,GESIS Variable Report,290,ZA3937
v259,IF CODE 1 TO 3 IN Q.44A,Q44B DOM ELECTR APPL HEED INFO: ACCIDENTS,"(READ Q.44A_1 THEN Q.44B_1, AND SO ON) Do you take this information into account when choosing to buy the product, or not? (READ OUT) Q.44B_5 The text telling me what to do in case of accidents","(READ Q.44A_1 THEN Q.44B_1, AND SO ON) Do you take this information into account when choosing to buy the product, or not? (READ OUT) Q.44B_5 The text telling me what to do in case of accidents",GESIS Variable Report,291,ZA3937
v260,v260 1 2 3 4 9 N Sum N Valid Sum,Q45 DOM ELECTR APPL - READ INSTRUCTION,isocntry M M AT 640 (70.6) 209 (23.0) 58 (6.4) 11 114 1032 907 BE 575 (73.1) 176 (22.4) 36 (4.6) 15 228 1030 787 DE-E 568 (72.2) 196 (24.9) 23 (2.9) 12 215 1014 787 DE-W 531 (65.0) 251 (30.7) 35 (4.3) 13 213 1043 817 DK 504 (61.5) 258 (31.5) 58 (7.1) 7 173 1000 820 ES 501 (63.6) 224 (28.4) 63 (8.0) 3 209 1000 788 FI 686 (77.3) 183 (20.6) 19 (2.1) 8 116 1012 888 FR 616 (72.9) 210 (24.9) 19 (2.2) 8 198 1051 845 GB-GBN 577 (63.7) 259 (28.6) 70 (7.7) 11 86 1003 906 GB-NIR 160 (62.5) 74 (28.9) 22 (8.6) 3 52 311 256 GR 698 (80.5) 130 (15.0) 39 (4.5) 1 132 1000 867 IE 459 (70.8) 155 (23.9) 34 (5.2) 23 331 1002 648 IT 612 (76.5) 145 (18.1) 43 (5.4) 10 190 1000 800 LU 354 (67.4) 150 (28.6) 21 (4.0) 2 79 606 525 NL 607 (72.1) 189 (22.4) 46 (5.5) 4 177 1023 842 PT 566 (70.4) 132 (16.4) 106 (13.2) 5 192 1001 804 SE 629 (72.5) 200 (23.0) 39 (4.5) 7 126 1001 868 N Sum 9283 3141 731 143 2831 16129 N Valid Sum 9283 3141 731 13155 printed 25.01.2012 page 266 Eurobarometer 60.0 - September 2003,isocntry M M AT 640 (70.6) 209 (23.0) 58 (6.4) 11 114 1032 907 BE 575 (73.1) 176 (22.4) 36 (4.6) 15 228 1030 787 DE-E 568 (72.2) 196 (24.9) 23 (2.9) 12 215 1014 787 DE-W 531 (65.0) 251 (30.7) 35 (4.3) 13 213 1043 817 DK 504 (61.5) 258 (31.5) 58 (7.1) 7 173 1000 820 ES 501 (63.6) 224 (28.4) 63 (8.0) 3 209 1000 788 FI 686 (77.3) 183 (20.6) 19 (2.1) 8 116 1012 888 FR 616 (72.9) 210 (24.9) 19 (2.2) 8 198 1051 845 GB-GBN 577 (63.7) 259 (28.6) 70 (7.7) 11 86 1003 906 GB-NIR 160 (62.5) 74 (28.9) 22 (8.6) 3 52 311 256 GR 698 (80.5) 130 (15.0) 39 (4.5) 1 132 1000 867 IE 459 (70.8) 155 (23.9) 34 (5.2) 23 331 1002 648 IT 612 (76.5) 145 (18.1) 43 (5.4) 10 190 1000 800 LU 354 (67.4) 150 (28.6) 21 (4.0) 2 79 606 525 NL 607 (72.1) 189 (22.4) 46 (5.5) 4 177 1023 842 PT 566 (70.4) 132 (16.4) 106 (13.2) 5 192 1001 804 SE 629 (72.5) 200 (23.0) 39 (4.5) 7 126 1001 868 N Sum 9283 3141 731 143 2831 16129 N Valid Sum 9283 3141 731 13155 printed 25.01.2012 page 266 Eurobarometer 60.0 - September 2003,GESIS Variable Report,292,ZA3937
v261,v261 1 2 3 9 N Sum N Valid Sum,Q46 DOM ELECTR APPL READ: NORMAL USE,isocntry M M AT 629 (98.7) 8 (1.3) 3 391 1031 637 BE 562 (97.7) 13 (2.3) 455 1030 575 DE-E 558 (98.6) 8 (1.4) 2 446 1014 566 DE-W 518 (98.5) 8 (1.5) 5 512 1043 526 DK 483 (96.0) 20 (4.0) 2 496 1001 503 ES 489 (97.8) 11 (2.2) 1 499 1000 500 FI 670 (98.5) 10 (1.5) 5 325 1010 680 FR 607 (99.0) 6 (1.0) 3 435 1051 613 GB-GBN 549 (95.5) 26 (4.5) 3 427 1005 575 GB-NIR 154 (98.1) 3 (1.9) 2 150 309 157 GR 691 (99.1) 6 (0.9) 1 302 1000 697 IE 437 (95.8) 19 (4.2) 3 542 1001 456 IT 604 (99.3) 4 (0.7) 4 388 1000 608 LU 345 (98.0) 7 (2.0) 2 252 606 352 NL 591 (97.5) 15 (2.5) 1 416 1023 606 PT 558 (98.6) 8 (1.4) 434 1000 566 SE 610 (97.3) 17 (2.7) 2 371 1000 627 N Sum 9055 189 39 6841 16124 N Valid Sum 9055 189 9244 printed 25.01.2012 page 267 Eurobarometer 60.0 - September 2003,isocntry M M AT 629 (98.7) 8 (1.3) 3 391 1031 637 BE 562 (97.7) 13 (2.3) 455 1030 575 DE-E 558 (98.6) 8 (1.4) 2 446 1014 566 DE-W 518 (98.5) 8 (1.5) 5 512 1043 526 DK 483 (96.0) 20 (4.0) 2 496 1001 503 ES 489 (97.8) 11 (2.2) 1 499 1000 500 FI 670 (98.5) 10 (1.5) 5 325 1010 680 FR 607 (99.0) 6 (1.0) 3 435 1051 613 GB-GBN 549 (95.5) 26 (4.5) 3 427 1005 575 GB-NIR 154 (98.1) 3 (1.9) 2 150 309 157 GR 691 (99.1) 6 (0.9) 1 302 1000 697 IE 437 (95.8) 19 (4.2) 3 542 1001 456 IT 604 (99.3) 4 (0.7) 4 388 1000 608 LU 345 (98.0) 7 (2.0) 2 252 606 352 NL 591 (97.5) 15 (2.5) 1 416 1023 606 PT 558 (98.6) 8 (1.4) 434 1000 566 SE 610 (97.3) 17 (2.7) 2 371 1000 627 N Sum 9055 189 39 6841 16124 N Valid Sum 9055 189 9244 printed 25.01.2012 page 267 Eurobarometer 60.0 - September 2003,GESIS Variable Report,293,ZA3937
v262,v262 1 2 3 9 N Sum N Valid Sum,Q46 DOM ELECTR APPL READ: INSTALLING,isocntry M M AT 566 (89.6) 66 (10.4) 8 391 1031 632 BE 530 (92.5) 43 (7.5) 1 455 1029 573 DE-E 544 (95.9) 23 (4.1) 446 1013 567 DE-W 497 (95.2) 25 (4.8) 9 512 1043 522 DK 449 (89.6) 52 (10.4) 3 496 1000 501 ES 424 (85.7) 71 (14.3) 5 499 999 495 FI 628 (93.3) 45 (6.7) 12 325 1010 673 FR 583 (95.0) 31 (5.0) 3 435 1052 614 GB-GBN 540 (94.4) 32 (5.6) 5 427 1004 572 GB-NIR 154 (96.9) 5 (3.1) 1 150 310 159 GR 630 (90.5) 66 (9.5) 2 302 1000 696 IE 415 (91.2) 40 (8.8) 4 542 1001 455 IT 537 (88.6) 69 (11.4) 6 388 1000 606 LU 333 (94.9) 18 (5.1) 2 252 605 351 NL 531 (87.8) 74 (12.2) 2 416 1023 605 PT 507 (89.6) 59 (10.4) 434 1000 566 SE 600 (96.0) 25 (4.0) 3 371 999 625 N Sum 8468 744 66 6841 16119 N Valid Sum 8468 744 9212 printed 25.01.2012 page 268 Eurobarometer 60.0 - September 2003,isocntry M M AT 566 (89.6) 66 (10.4) 8 391 1031 632 BE 530 (92.5) 43 (7.5) 1 455 1029 573 DE-E 544 (95.9) 23 (4.1) 446 1013 567 DE-W 497 (95.2) 25 (4.8) 9 512 1043 522 DK 449 (89.6) 52 (10.4) 3 496 1000 501 ES 424 (85.7) 71 (14.3) 5 499 999 495 FI 628 (93.3) 45 (6.7) 12 325 1010 673 FR 583 (95.0) 31 (5.0) 3 435 1052 614 GB-GBN 540 (94.4) 32 (5.6) 5 427 1004 572 GB-NIR 154 (96.9) 5 (3.1) 1 150 310 159 GR 630 (90.5) 66 (9.5) 2 302 1000 696 IE 415 (91.2) 40 (8.8) 4 542 1001 455 IT 537 (88.6) 69 (11.4) 6 388 1000 606 LU 333 (94.9) 18 (5.1) 2 252 605 351 NL 531 (87.8) 74 (12.2) 2 416 1023 605 PT 507 (89.6) 59 (10.4) 434 1000 566 SE 600 (96.0) 25 (4.0) 3 371 999 625 N Sum 8468 744 66 6841 16119 N Valid Sum 8468 744 9212 printed 25.01.2012 page 268 Eurobarometer 60.0 - September 2003,GESIS Variable Report,294,ZA3937
v263,v263 1 2 3 9 N Sum N Valid Sum,Q46 DOM ELECTR APPL READ: SAFE USE,isocntry M M AT 589 (92.8) 46 (7.2) 5 391 1031 635 BE 548 (96.0) 23 (4.0) 3 455 1029 571 DE-E 546 (96.3) 21 (3.7) 1 446 1014 567 DE-W 506 (96.4) 19 (3.6) 7 512 1044 525 DK 458 (92.2) 39 (7.8) 8 496 1001 497 ES 462 (93.0) 35 (7.0) 4 499 1000 497 FI 638 (94.2) 39 (5.8) 9 325 1011 677 FR 586 (95.1) 30 (4.9) 1 435 1052 616 GB-GBN 538 (94.2) 33 (5.8) 7 427 1005 571 GB-NIR 155 (96.9) 5 (3.1) 150 310 160 GR 666 (95.6) 31 (4.4) 1 302 1000 697 IE 422 (92.7) 33 (7.3) 3 542 1000 455 IT 592 (97.0) 18 (3.0) 2 388 1000 610 LU 333 (94.9) 18 (5.1) 2 252 605 351 NL 562 (93.5) 39 (6.5) 6 416 1023 601 PT 533 (94.3) 32 (5.7) 1 434 1000 565 SE 595 (95.7) 27 (4.3) 6 371 999 622 N Sum 8729 488 66 6841 16124 N Valid Sum 8729 488 9217 printed 25.01.2012 page 269 Eurobarometer 60.0 - September 2003,isocntry M M AT 589 (92.8) 46 (7.2) 5 391 1031 635 BE 548 (96.0) 23 (4.0) 3 455 1029 571 DE-E 546 (96.3) 21 (3.7) 1 446 1014 567 DE-W 506 (96.4) 19 (3.6) 7 512 1044 525 DK 458 (92.2) 39 (7.8) 8 496 1001 497 ES 462 (93.0) 35 (7.0) 4 499 1000 497 FI 638 (94.2) 39 (5.8) 9 325 1011 677 FR 586 (95.1) 30 (4.9) 1 435 1052 616 GB-GBN 538 (94.2) 33 (5.8) 7 427 1005 571 GB-NIR 155 (96.9) 5 (3.1) 150 310 160 GR 666 (95.6) 31 (4.4) 1 302 1000 697 IE 422 (92.7) 33 (7.3) 3 542 1000 455 IT 592 (97.0) 18 (3.0) 2 388 1000 610 LU 333 (94.9) 18 (5.1) 2 252 605 351 NL 562 (93.5) 39 (6.5) 6 416 1023 601 PT 533 (94.3) 32 (5.7) 1 434 1000 565 SE 595 (95.7) 27 (4.3) 6 371 999 622 N Sum 8729 488 66 6841 16124 N Valid Sum 8729 488 9217 printed 25.01.2012 page 269 Eurobarometer 60.0 - September 2003,GESIS Variable Report,295,ZA3937
v264,v264 1 2 3 9 N Sum N Valid Sum,Q46 DOM ELECTR APPL READ: STORAGE,isocntry M M AT 508 (80.9) 120 (19.1) 12 391 1031 628 BE 459 (80.5) 111 (19.5) 4 455 1029 570 DE-E 475 (85.1) 83 (14.9) 10 446 1014 558 DE-W 403 (79.5) 104 (20.5) 24 512 1043 507 DK 363 (73.6) 130 (26.4) 11 496 1000 493 ES 388 (78.4) 107 (21.6) 5 499 999 495 FI 544 (80.6) 131 (19.4) 11 325 1011 675 FR 445 (73.2) 163 (26.8) 8 435 1051 608 GB-GBN 434 (78.2) 121 (21.8) 22 427 1004 555 GB-NIR 130 (82.8) 27 (17.2) 3 150 310 157 GR 590 (84.8) 106 (15.2) 3 302 1001 696 IE 346 (77.2) 102 (22.8) 11 542 1001 448 IT 463 (77.6) 134 (22.4) 15 388 1000 597 LU 292 (83.9) 56 (16.1) 6 252 606 348 NL 448 (75.4) 146 (24.6) 14 416 1024 594 PT 454 (80.4) 111 (19.6) 434 999 565 SE 453 (74.8) 153 (25.2) 22 371 999 606 N Sum 7195 1905 181 6841 16122 N Valid Sum 7195 1905 9100 printed 25.01.2012 page 270 Eurobarometer 60.0 - September 2003,isocntry M M AT 508 (80.9) 120 (19.1) 12 391 1031 628 BE 459 (80.5) 111 (19.5) 4 455 1029 570 DE-E 475 (85.1) 83 (14.9) 10 446 1014 558 DE-W 403 (79.5) 104 (20.5) 24 512 1043 507 DK 363 (73.6) 130 (26.4) 11 496 1000 493 ES 388 (78.4) 107 (21.6) 5 499 999 495 FI 544 (80.6) 131 (19.4) 11 325 1011 675 FR 445 (73.2) 163 (26.8) 8 435 1051 608 GB-GBN 434 (78.2) 121 (21.8) 22 427 1004 555 GB-NIR 130 (82.8) 27 (17.2) 3 150 310 157 GR 590 (84.8) 106 (15.2) 3 302 1001 696 IE 346 (77.2) 102 (22.8) 11 542 1001 448 IT 463 (77.6) 134 (22.4) 15 388 1000 597 LU 292 (83.9) 56 (16.1) 6 252 606 348 NL 448 (75.4) 146 (24.6) 14 416 1024 594 PT 454 (80.4) 111 (19.6) 434 999 565 SE 453 (74.8) 153 (25.2) 22 371 999 606 N Sum 7195 1905 181 6841 16122 N Valid Sum 7195 1905 9100 printed 25.01.2012 page 270 Eurobarometer 60.0 - September 2003,GESIS Variable Report,296,ZA3937
v265,v265 1 2 3 9 N Sum N Valid Sum,Q46 DOM ELECTR APPL READ: MAINTENANCE,isocntry M M AT 469 (75.2) 155 (24.8) 16 391 1031 624 BE 400 (70.3) 169 (29.7) 6 455 1030 569 DE-E 387 (70.9) 159 (29.1) 22 446 1014 546 DE-W 347 (68.2) 162 (31.8) 22 512 1043 509 DK 338 (68.4) 156 (31.6) 10 496 1000 494 ES 346 (70.8) 143 (29.2) 12 499 1000 489 FI 475 (70.6) 198 (29.4) 13 325 1011 673 FR 408 (67.5) 196 (32.5) 12 435 1051 604 GB-GBN 379 (67.4) 183 (32.6) 16 427 1005 562 GB-NIR 112 (70.4) 47 (29.6) 1 150 310 159 GR 541 (77.6) 156 (22.4) 1 302 1000 697 IE 324 (72.0) 126 (28.0) 9 542 1001 450 IT 373 (63.1) 218 (36.9) 21 388 1000 591 LU 288 (82.5) 61 (17.5) 6 252 607 349 NL 431 (72.9) 160 (27.1) 16 416 1023 591 PT 368 (65.7) 192 (34.3) 6 434 1000 560 SE 357 (59.0) 248 (41.0) 24 371 1000 605 N Sum 6343 2729 213 6841 16126 N Valid Sum 6343 2729 9072 printed 25.01.2012 page 271 Eurobarometer 60.0 - September 2003,isocntry M M AT 469 (75.2) 155 (24.8) 16 391 1031 624 BE 400 (70.3) 169 (29.7) 6 455 1030 569 DE-E 387 (70.9) 159 (29.1) 22 446 1014 546 DE-W 347 (68.2) 162 (31.8) 22 512 1043 509 DK 338 (68.4) 156 (31.6) 10 496 1000 494 ES 346 (70.8) 143 (29.2) 12 499 1000 489 FI 475 (70.6) 198 (29.4) 13 325 1011 673 FR 408 (67.5) 196 (32.5) 12 435 1051 604 GB-GBN 379 (67.4) 183 (32.6) 16 427 1005 562 GB-NIR 112 (70.4) 47 (29.6) 1 150 310 159 GR 541 (77.6) 156 (22.4) 1 302 1000 697 IE 324 (72.0) 126 (28.0) 9 542 1001 450 IT 373 (63.1) 218 (36.9) 21 388 1000 591 LU 288 (82.5) 61 (17.5) 6 252 607 349 NL 431 (72.9) 160 (27.1) 16 416 1023 591 PT 368 (65.7) 192 (34.3) 6 434 1000 560 SE 357 (59.0) 248 (41.0) 24 371 1000 605 N Sum 6343 2729 213 6841 16126 N Valid Sum 6343 2729 9072 printed 25.01.2012 page 271 Eurobarometer 60.0 - September 2003,GESIS Variable Report,297,ZA3937
v266,v266 1 2 3 9 N Sum N Valid Sum,Q46 DOM ELECTR APPL READ: REPAIRS,isocntry M M AT 471 (75.7) 151 (24.3) 18 391 1031 622 BE 331 (58.4) 236 (41.6) 8 455 1030 567 DE-E 388 (70.7) 161 (29.3) 18 446 1013 549 DE-W 373 (73.0) 138 (27.0) 19 512 1042 511 DK 279 (58.7) 196 (41.3) 28 496 999 475 ES 363 (73.5) 131 (26.5) 6 499 999 494 FI 419 (63.2) 244 (36.8) 22 325 1010 663 FR 394 (64.9) 213 (35.1) 9 435 1051 607 GB-GBN 403 (71.5) 161 (28.5) 14 427 1005 564 GB-NIR 107 (68.6) 49 (31.4) 4 150 310 156 GR 557 (79.8) 141 (20.2) 1 302 1001 698 IE 328 (73.5) 118 (26.5) 13 542 1001 446 IT 348 (59.7) 235 (40.3) 30 388 1001 583 LU 267 (76.9) 80 (23.1) 7 252 606 347 NL 405 (68.2) 189 (31.8) 13 416 1023 594 PT 393 (69.6) 172 (30.4) 434 999 565 SE 332 (54.6) 276 (45.4) 21 371 1000 608 N Sum 6158 2891 231 6841 16121 N Valid Sum 6158 2891 9049 printed 25.01.2012 page 272 Eurobarometer 60.0 - September 2003,isocntry M M AT 471 (75.7) 151 (24.3) 18 391 1031 622 BE 331 (58.4) 236 (41.6) 8 455 1030 567 DE-E 388 (70.7) 161 (29.3) 18 446 1013 549 DE-W 373 (73.0) 138 (27.0) 19 512 1042 511 DK 279 (58.7) 196 (41.3) 28 496 999 475 ES 363 (73.5) 131 (26.5) 6 499 999 494 FI 419 (63.2) 244 (36.8) 22 325 1010 663 FR 394 (64.9) 213 (35.1) 9 435 1051 607 GB-GBN 403 (71.5) 161 (28.5) 14 427 1005 564 GB-NIR 107 (68.6) 49 (31.4) 4 150 310 156 GR 557 (79.8) 141 (20.2) 1 302 1001 698 IE 328 (73.5) 118 (26.5) 13 542 1001 446 IT 348 (59.7) 235 (40.3) 30 388 1001 583 LU 267 (76.9) 80 (23.1) 7 252 606 347 NL 405 (68.2) 189 (31.8) 13 416 1023 594 PT 393 (69.6) 172 (30.4) 434 999 565 SE 332 (54.6) 276 (45.4) 21 371 1000 608 N Sum 6158 2891 231 6841 16121 N Valid Sum 6158 2891 9049 printed 25.01.2012 page 272 Eurobarometer 60.0 - September 2003,GESIS Variable Report,298,ZA3937
v267,v267 1 2 3 9 N Sum N Valid Sum,Q46 DOM ELECTR APPL READ: ACCIDENTS,isocntry M M AT 461 (75.6) 149 (24.4) 30 391 1031 610 BE 394 (70.4) 166 (29.6) 15 455 1030 560 DE-E 383 (71.7) 151 (28.3) 34 446 1014 534 DE-W 332 (67.2) 162 (32.8) 37 512 1043 494 DK 332 (70.0) 142 (30.0) 30 496 1000 474 ES 395 (80.9) 93 (19.1) 12 499 999 488 FI 463 (71.1) 188 (28.9) 35 325 1011 651 FR 424 (70.2) 180 (29.8) 12 435 1051 604 GB-GBN 418 (75.0) 139 (25.0) 20 427 1004 557 GB-NIR 120 (75.9) 38 (24.1) 2 150 310 158 GR 639 (92.2) 54 (7.8) 5 302 1000 693 IE 366 (83.0) 75 (17.0) 18 542 1001 441 IT 455 (76.9) 137 (23.1) 21 388 1001 592 LU 278 (79.4) 72 (20.6) 3 252 605 350 NL 376 (64.3) 209 (35.7) 23 416 1024 585 PT 463 (82.4) 99 (17.6) 4 434 1000 562 SE 377 (63.6) 216 (36.4) 35 371 999 593 N Sum 6676 2270 336 6841 16123 N Valid Sum 6676 2270 8946 printed 25.01.2012 page 273 Eurobarometer 60.0 - September 2003,isocntry M M AT 461 (75.6) 149 (24.4) 30 391 1031 610 BE 394 (70.4) 166 (29.6) 15 455 1030 560 DE-E 383 (71.7) 151 (28.3) 34 446 1014 534 DE-W 332 (67.2) 162 (32.8) 37 512 1043 494 DK 332 (70.0) 142 (30.0) 30 496 1000 474 ES 395 (80.9) 93 (19.1) 12 499 999 488 FI 463 (71.1) 188 (28.9) 35 325 1011 651 FR 424 (70.2) 180 (29.8) 12 435 1051 604 GB-GBN 418 (75.0) 139 (25.0) 20 427 1004 557 GB-NIR 120 (75.9) 38 (24.1) 2 150 310 158 GR 639 (92.2) 54 (7.8) 5 302 1000 693 IE 366 (83.0) 75 (17.0) 18 542 1001 441 IT 455 (76.9) 137 (23.1) 21 388 1001 592 LU 278 (79.4) 72 (20.6) 3 252 605 350 NL 376 (64.3) 209 (35.7) 23 416 1024 585 PT 463 (82.4) 99 (17.6) 4 434 1000 562 SE 377 (63.6) 216 (36.4) 35 371 999 593 N Sum 6676 2270 336 6841 16123 N Valid Sum 6676 2270 8946 printed 25.01.2012 page 273 Eurobarometer 60.0 - September 2003,GESIS Variable Report,299,ZA3937
v268,,Q47 DOM ELECTR APPL - KEEP INSTRUCTION,,Q47 DOM ELECTR APPL - KEEP INSTRUCTION,GESIS Variable Report,300,ZA3937
v269,,Q48 DOM ELECTR APPL - EFFECTIVE INSTRUCT,,Q48 DOM ELECTR APPL - EFFECTIVE INSTRUCT,GESIS Variable Report,301,ZA3937
v270,v270 1 2 3 9 N Sum N Valid Sum,Q49 DOM ELECTR APPL INSTR: HARD TO READ,isocntry M M AT 371 (43.1) 489 (56.9) 57 114 1031 860 BE 225 (28.8) 556 (71.2) 21 228 1030 781 DE-E 365 (47.3) 406 (52.7) 28 215 1014 771 DE-W 375 (47.5) 415 (52.5) 40 213 1043 790 DK 262 (32.5) 544 (67.5) 21 173 1000 806 ES 269 (35.2) 495 (64.8) 27 209 1000 764 FI 339 (40.1) 506 (59.9) 50 116 1011 845 FR 268 (31.9) 573 (68.1) 12 198 1051 841 GB-GBN 274 (31.4) 599 (68.6) 45 86 1004 873 GB-NIR 71 (28.0) 183 (72.0) 4 52 310 254 GR 206 (24.2) 646 (75.8) 16 132 1000 852 IE 169 (25.8) 485 (74.2) 16 331 1001 654 IT 252 (32.1) 532 (67.9) 25 190 999 784 LU 238 (49.1) 247 (50.9) 42 79 606 485 NL 281 (34.4) 536 (65.6) 28 177 1022 817 PT 279 (37.9) 458 (62.1) 71 192 1000 737 SE 364 (43.5) 472 (56.5) 37 126 999 836 N Sum 4608 8142 540 2831 16121 N Valid Sum 4608 8142 12750 printed 25.01.2012 page 276 Eurobarometer 60.0 - September 2003,isocntry M M AT 371 (43.1) 489 (56.9) 57 114 1031 860 BE 225 (28.8) 556 (71.2) 21 228 1030 781 DE-E 365 (47.3) 406 (52.7) 28 215 1014 771 DE-W 375 (47.5) 415 (52.5) 40 213 1043 790 DK 262 (32.5) 544 (67.5) 21 173 1000 806 ES 269 (35.2) 495 (64.8) 27 209 1000 764 FI 339 (40.1) 506 (59.9) 50 116 1011 845 FR 268 (31.9) 573 (68.1) 12 198 1051 841 GB-GBN 274 (31.4) 599 (68.6) 45 86 1004 873 GB-NIR 71 (28.0) 183 (72.0) 4 52 310 254 GR 206 (24.2) 646 (75.8) 16 132 1000 852 IE 169 (25.8) 485 (74.2) 16 331 1001 654 IT 252 (32.1) 532 (67.9) 25 190 999 784 LU 238 (49.1) 247 (50.9) 42 79 606 485 NL 281 (34.4) 536 (65.6) 28 177 1022 817 PT 279 (37.9) 458 (62.1) 71 192 1000 737 SE 364 (43.5) 472 (56.5) 37 126 999 836 N Sum 4608 8142 540 2831 16121 N Valid Sum 4608 8142 12750 printed 25.01.2012 page 276 Eurobarometer 60.0 - September 2003,GESIS Variable Report,302,ZA3937
v271,v271 1 2 3 9 N Sum N Valid Sum,Q49 DOM ELECTR APPL INSTR: UNDERSTANDBLE,isocntry M M AT 533 (63.1) 312 (36.9) 72 114 1031 845 BE 618 (78.9) 165 (21.1) 18 228 1029 783 DE-E 434 (57.9) 316 (42.1) 49 215 1014 750 DE-W 444 (56.7) 339 (43.3) 47 213 1043 783 DK 565 (70.7) 234 (29.3) 29 173 1001 799 ES 530 (69.7) 230 (30.3) 31 209 1000 760 FI 675 (79.4) 175 (20.6) 45 116 1011 850 FR 596 (71.7) 235 (28.3) 22 198 1051 831 GB-GBN 691 (79.9) 174 (20.1) 52 86 1003 865 GB-NIR 211 (83.7) 41 (16.3) 6 52 310 252 GR 726 (85.5) 123 (14.5) 19 132 1000 849 IE 539 (82.3) 116 (17.7) 15 331 1001 655 IT 576 (74.4) 198 (25.6) 36 190 1000 774 LU 301 (61.9) 185 (38.1) 41 79 606 486 NL 596 (72.7) 224 (27.3) 26 177 1023 820 PT 508 (70.4) 214 (29.6) 86 192 1000 722 SE 628 (75.0) 209 (25.0) 38 126 1001 837 N Sum 9171 3490 632 2831 16124 N Valid Sum 9171 3490 12661 printed 25.01.2012 page 277 Eurobarometer 60.0 - September 2003,isocntry M M AT 533 (63.1) 312 (36.9) 72 114 1031 845 BE 618 (78.9) 165 (21.1) 18 228 1029 783 DE-E 434 (57.9) 316 (42.1) 49 215 1014 750 DE-W 444 (56.7) 339 (43.3) 47 213 1043 783 DK 565 (70.7) 234 (29.3) 29 173 1001 799 ES 530 (69.7) 230 (30.3) 31 209 1000 760 FI 675 (79.4) 175 (20.6) 45 116 1011 850 FR 596 (71.7) 235 (28.3) 22 198 1051 831 GB-GBN 691 (79.9) 174 (20.1) 52 86 1003 865 GB-NIR 211 (83.7) 41 (16.3) 6 52 310 252 GR 726 (85.5) 123 (14.5) 19 132 1000 849 IE 539 (82.3) 116 (17.7) 15 331 1001 655 IT 576 (74.4) 198 (25.6) 36 190 1000 774 LU 301 (61.9) 185 (38.1) 41 79 606 486 NL 596 (72.7) 224 (27.3) 26 177 1023 820 PT 508 (70.4) 214 (29.6) 86 192 1000 722 SE 628 (75.0) 209 (25.0) 38 126 1001 837 N Sum 9171 3490 632 2831 16124 N Valid Sum 9171 3490 12661 printed 25.01.2012 page 277 Eurobarometer 60.0 - September 2003,GESIS Variable Report,303,ZA3937
v272,v272 1 2 3 9 N Sum N Valid Sum,Q49 DOM ELECTR APPL INSTR: COMPREHENSIVE,isocntry M M AT 666 (80.7) 159 (19.3) 92 114 1031 825 BE 524 (67.4) 253 (32.6) 25 228 1030 777 DE-E 529 (71.9) 207 (28.1) 64 215 1015 736 DE-W 485 (64.8) 263 (35.2) 82 213 1043 748 DK 534 (69.7) 232 (30.3) 61 173 1000 766 ES 483 (66.5) 243 (33.5) 65 209 1000 726 FI 401 (50.8) 389 (49.2) 105 116 1011 790 FR 526 (64.6) 288 (35.4) 40 198 1052 814 GB-GBN 642 (77.3) 189 (22.7) 86 86 1003 831 GB-NIR 201 (82.0) 44 (18.0) 14 52 311 245 GR 669 (81.4) 153 (18.6) 46 132 1000 822 IE 488 (79.0) 130 (21.0) 52 331 1001 618 IT 501 (68.2) 234 (31.8) 75 190 1000 735 LU 285 (60.0) 190 (40.0) 51 79 605 475 NL 551 (68.8) 250 (31.2) 45 177 1023 801 PT 477 (71.7) 188 (28.3) 143 192 1000 665 SE 606 (73.8) 215 (26.2) 54 126 1001 821 N Sum 8568 3627 1100 2831 16126 N Valid Sum 8568 3627 12195 printed 25.01.2012 page 278 Eurobarometer 60.0 - September 2003,isocntry M M AT 666 (80.7) 159 (19.3) 92 114 1031 825 BE 524 (67.4) 253 (32.6) 25 228 1030 777 DE-E 529 (71.9) 207 (28.1) 64 215 1015 736 DE-W 485 (64.8) 263 (35.2) 82 213 1043 748 DK 534 (69.7) 232 (30.3) 61 173 1000 766 ES 483 (66.5) 243 (33.5) 65 209 1000 726 FI 401 (50.8) 389 (49.2) 105 116 1011 790 FR 526 (64.6) 288 (35.4) 40 198 1052 814 GB-GBN 642 (77.3) 189 (22.7) 86 86 1003 831 GB-NIR 201 (82.0) 44 (18.0) 14 52 311 245 GR 669 (81.4) 153 (18.6) 46 132 1000 822 IE 488 (79.0) 130 (21.0) 52 331 1001 618 IT 501 (68.2) 234 (31.8) 75 190 1000 735 LU 285 (60.0) 190 (40.0) 51 79 605 475 NL 551 (68.8) 250 (31.2) 45 177 1023 801 PT 477 (71.7) 188 (28.3) 143 192 1000 665 SE 606 (73.8) 215 (26.2) 54 126 1001 821 N Sum 8568 3627 1100 2831 16126 N Valid Sum 8568 3627 12195 printed 25.01.2012 page 278 Eurobarometer 60.0 - September 2003,GESIS Variable Report,304,ZA3937
v273,v273 1 2 3 9 N Sum N Valid Sum,Q49 DOM ELECTR APPL INSTR: TO THE POINT,isocntry M M AT 327 (39.9) 492 (60.1) 98 114 1031 819 BE 392 (51.4) 370 (48.6) 40 228 1030 762 DE-E 257 (35.3) 472 (64.7) 71 215 1015 729 DE-W 270 (36.3) 473 (63.7) 87 213 1043 743 DK 289 (37.7) 477 (62.3) 61 173 1000 766 ES 381 (51.5) 359 (48.5) 52 209 1001 740 FI 347 (42.9) 462 (57.1) 86 116 1011 809 FR 364 (44.8) 449 (55.2) 41 198 1052 813 GB-GBN 435 (51.8) 404 (48.2) 78 86 1003 839 GB-NIR 147 (59.5) 100 (40.5) 11 52 310 247 GR 630 (75.1) 209 (24.9) 28 132 999 839 IE 390 (60.7) 252 (39.3) 29 331 1002 642 IT 357 (47.9) 388 (52.1) 64 190 999 745 LU 180 (37.3) 303 (62.7) 44 79 606 483 NL 365 (46.3) 423 (53.7) 58 177 1023 788 PT 391 (56.2) 305 (43.8) 112 192 1000 696 SE 379 (46.3) 440 (53.7) 55 126 1000 819 N Sum 5901 6378 1015 2831 16125 N Valid Sum 5901 6378 12279 printed 25.01.2012 page 279 Eurobarometer 60.0 - September 2003,isocntry M M AT 327 (39.9) 492 (60.1) 98 114 1031 819 BE 392 (51.4) 370 (48.6) 40 228 1030 762 DE-E 257 (35.3) 472 (64.7) 71 215 1015 729 DE-W 270 (36.3) 473 (63.7) 87 213 1043 743 DK 289 (37.7) 477 (62.3) 61 173 1000 766 ES 381 (51.5) 359 (48.5) 52 209 1001 740 FI 347 (42.9) 462 (57.1) 86 116 1011 809 FR 364 (44.8) 449 (55.2) 41 198 1052 813 GB-GBN 435 (51.8) 404 (48.2) 78 86 1003 839 GB-NIR 147 (59.5) 100 (40.5) 11 52 310 247 GR 630 (75.1) 209 (24.9) 28 132 999 839 IE 390 (60.7) 252 (39.3) 29 331 1002 642 IT 357 (47.9) 388 (52.1) 64 190 999 745 LU 180 (37.3) 303 (62.7) 44 79 606 483 NL 365 (46.3) 423 (53.7) 58 177 1023 788 PT 391 (56.2) 305 (43.8) 112 192 1000 696 SE 379 (46.3) 440 (53.7) 55 126 1000 819 N Sum 5901 6378 1015 2831 16125 N Valid Sum 5901 6378 12279 printed 25.01.2012 page 279 Eurobarometer 60.0 - September 2003,GESIS Variable Report,305,ZA3937
v274,v274 1 2 3 9 N Sum N Valid Sum,Q49 DOM ELECTR APPL INSTR: NAT LANGUAGE,isocntry M M AT 786 (90.9) 79 (9.1) 52 114 1031 865 BE 613 (77.9) 174 (22.1) 14 228 1029 787 DE-E 697 (91.3) 66 (8.7) 36 215 1014 763 DE-W 698 (88.9) 87 (11.1) 44 213 1042 785 DK 623 (78.6) 170 (21.4) 34 173 1000 793 ES 674 (88.3) 89 (11.7) 28 209 1000 763 FI 640 (76.6) 196 (23.4) 59 116 1011 836 FR 708 (84.6) 129 (15.4) 16 198 1051 837 GB-GBN 823 (93.2) 60 (6.8) 35 86 1004 883 GB-NIR 238 (93.0) 18 (7.0) 3 52 311 256 GR 635 (75.0) 212 (25.0) 20 132 999 847 IE 589 (90.2) 64 (9.8) 17 331 1001 653 IT 635 (81.7) 142 (18.3) 32 190 999 777 LU 19 (3.8) 476 (96.2) 32 79 606 495 NL 666 (81.1) 155 (18.9) 25 177 1023 821 PT 544 (74.7) 184 (25.3) 80 192 1000 728 SE 681 (80.7) 163 (19.3) 30 126 1000 844 N Sum 10269 2464 557 2831 16121 N Valid Sum 10269 2464 12733 printed 25.01.2012 page 280 Eurobarometer 60.0 - September 2003,isocntry M M AT 786 (90.9) 79 (9.1) 52 114 1031 865 BE 613 (77.9) 174 (22.1) 14 228 1029 787 DE-E 697 (91.3) 66 (8.7) 36 215 1014 763 DE-W 698 (88.9) 87 (11.1) 44 213 1042 785 DK 623 (78.6) 170 (21.4) 34 173 1000 793 ES 674 (88.3) 89 (11.7) 28 209 1000 763 FI 640 (76.6) 196 (23.4) 59 116 1011 836 FR 708 (84.6) 129 (15.4) 16 198 1051 837 GB-GBN 823 (93.2) 60 (6.8) 35 86 1004 883 GB-NIR 238 (93.0) 18 (7.0) 3 52 311 256 GR 635 (75.0) 212 (25.0) 20 132 999 847 IE 589 (90.2) 64 (9.8) 17 331 1001 653 IT 635 (81.7) 142 (18.3) 32 190 999 777 LU 19 (3.8) 476 (96.2) 32 79 606 495 NL 666 (81.1) 155 (18.9) 25 177 1023 821 PT 544 (74.7) 184 (25.3) 80 192 1000 728 SE 681 (80.7) 163 (19.3) 30 126 1000 844 N Sum 10269 2464 557 2831 16121 N Valid Sum 10269 2464 12733 printed 25.01.2012 page 280 Eurobarometer 60.0 - September 2003,GESIS Variable Report,306,ZA3937
v275,v275 1 2 3 9 N Sum N Valid Sum,Q49 DOM ELECTR APPL INSTR: TOO TECHNICAL,isocntry M M AT 411 (50.2) 407 (49.8) 100 114 1032 818 BE 324 (42.1) 446 (57.9) 32 228 1030 770 DE-E 384 (51.7) 359 (48.3) 56 215 1014 743 DE-W 373 (49.7) 378 (50.3) 78 213 1042 751 DK 275 (35.7) 496 (64.3) 56 173 1000 771 ES 435 (57.8) 318 (42.2) 38 209 1000 753 FI 351 (43.1) 464 (56.9) 80 116 1011 815 FR 390 (47.5) 431 (52.5) 32 198 1051 821 GB-GBN 364 (42.8) 486 (57.2) 67 86 1003 850 GB-NIR 87 (36.1) 154 (63.9) 17 52 310 241 GR 405 (50.2) 402 (49.8) 61 132 1000 807 IE 252 (40.1) 376 (59.9) 41 331 1000 628 IT 398 (52.8) 356 (47.2) 55 190 999 754 LU 248 (51.6) 233 (48.4) 47 79 607 481 NL 313 (39.0) 489 (61.0) 45 177 1024 802 PT 425 (61.6) 265 (38.4) 119 192 1001 690 SE 295 (35.9) 527 (64.1) 53 126 1001 822 N Sum 5730 6587 977 2831 16125 N Valid Sum 5730 6587 12317 printed 25.01.2012 page 281 Eurobarometer 60.0 - September 2003,isocntry M M AT 411 (50.2) 407 (49.8) 100 114 1032 818 BE 324 (42.1) 446 (57.9) 32 228 1030 770 DE-E 384 (51.7) 359 (48.3) 56 215 1014 743 DE-W 373 (49.7) 378 (50.3) 78 213 1042 751 DK 275 (35.7) 496 (64.3) 56 173 1000 771 ES 435 (57.8) 318 (42.2) 38 209 1000 753 FI 351 (43.1) 464 (56.9) 80 116 1011 815 FR 390 (47.5) 431 (52.5) 32 198 1051 821 GB-GBN 364 (42.8) 486 (57.2) 67 86 1003 850 GB-NIR 87 (36.1) 154 (63.9) 17 52 310 241 GR 405 (50.2) 402 (49.8) 61 132 1000 807 IE 252 (40.1) 376 (59.9) 41 331 1000 628 IT 398 (52.8) 356 (47.2) 55 190 999 754 LU 248 (51.6) 233 (48.4) 47 79 607 481 NL 313 (39.0) 489 (61.0) 45 177 1024 802 PT 425 (61.6) 265 (38.4) 119 192 1001 690 SE 295 (35.9) 527 (64.1) 53 126 1001 822 N Sum 5730 6587 977 2831 16125 N Valid Sum 5730 6587 12317 printed 25.01.2012 page 281 Eurobarometer 60.0 - September 2003,GESIS Variable Report,307,ZA3937
v276,v276 1 2 3 4 5 9 N Sum N Valid Sum,Q50 DOM ELECTR APPL - COMPLY SAFETY INSTR,isocntry M M AT 516 (57.5) 295 (32.9) 61 (6.8) 26 (2.9) 18 114 1030 898 BE 526 (66.1) 224 (28.1) 34 (4.3) 12 (1.5) 5 228 1029 796 DE-E 520 (66.3) 227 (29.0) 32 (4.1) 5 (0.6) 15 215 1014 784 DE-W 480 (58.8) 269 (32.9) 59 (7.2) 9 (1.1) 13 213 1043 817 DK 508 (63.1) 241 (29.9) 49 (6.1) 7 (0.9) 22 173 1000 805 ES 381 (48.7) 292 (37.3) 90 (11.5) 20 (2.6) 8 209 1000 783 FI 605 (68.8) 229 (26.0) 41 (4.7) 5 (0.6) 15 116 1011 880 FR 575 (68.5) 227 (27.0) 32 (3.8) 6 (0.7) 13 198 1051 840 GB-GBN 643 (71.7) 204 (22.7) 39 (4.3) 11 (1.2) 21 86 1004 897 GB-NIR 187 (72.8) 59 (23.0) 7 (2.7) 4 (1.6) 1 52 310 257 GR 596 (69.0) 224 (25.9) 34 (3.9) 10 (1.2) 4 132 1000 864 IE 458 (69.1) 157 (23.7) 37 (5.6) 11 (1.7) 7 331 1001 663 IT 547 (68.7) 208 (26.1) 33 (4.1) 8 (1.0) 13 190 999 796 LU 375 (71.4) 119 (22.7) 23 (4.4) 8 (1.5) 2 79 606 525 NL 580 (69.5) 205 (24.6) 30 (3.6) 20 (2.4) 11 177 1023 835 PT 460 (59.3) 270 (34.8) 36 (4.6) 10 (1.3) 32 192 1000 776 SE 592 (68.9) 223 (26.0) 36 (4.2) 8 (0.9) 15 126 1000 859 N Sum 8549 3673 673 180 215 2831 16121 N Valid Sum 8549 3673 673 180 13075 printed 25.01.2012 page 282 Eurobarometer 60.0 - September 2003,isocntry M M AT 516 (57.5) 295 (32.9) 61 (6.8) 26 (2.9) 18 114 1030 898 BE 526 (66.1) 224 (28.1) 34 (4.3) 12 (1.5) 5 228 1029 796 DE-E 520 (66.3) 227 (29.0) 32 (4.1) 5 (0.6) 15 215 1014 784 DE-W 480 (58.8) 269 (32.9) 59 (7.2) 9 (1.1) 13 213 1043 817 DK 508 (63.1) 241 (29.9) 49 (6.1) 7 (0.9) 22 173 1000 805 ES 381 (48.7) 292 (37.3) 90 (11.5) 20 (2.6) 8 209 1000 783 FI 605 (68.8) 229 (26.0) 41 (4.7) 5 (0.6) 15 116 1011 880 FR 575 (68.5) 227 (27.0) 32 (3.8) 6 (0.7) 13 198 1051 840 GB-GBN 643 (71.7) 204 (22.7) 39 (4.3) 11 (1.2) 21 86 1004 897 GB-NIR 187 (72.8) 59 (23.0) 7 (2.7) 4 (1.6) 1 52 310 257 GR 596 (69.0) 224 (25.9) 34 (3.9) 10 (1.2) 4 132 1000 864 IE 458 (69.1) 157 (23.7) 37 (5.6) 11 (1.7) 7 331 1001 663 IT 547 (68.7) 208 (26.1) 33 (4.1) 8 (1.0) 13 190 999 796 LU 375 (71.4) 119 (22.7) 23 (4.4) 8 (1.5) 2 79 606 525 NL 580 (69.5) 205 (24.6) 30 (3.6) 20 (2.4) 11 177 1023 835 PT 460 (59.3) 270 (34.8) 36 (4.6) 10 (1.3) 32 192 1000 776 SE 592 (68.9) 223 (26.0) 36 (4.2) 8 (0.9) 15 126 1000 859 N Sum 8549 3673 673 180 215 2831 16121 N Valid Sum 8549 3673 673 180 13075 printed 25.01.2012 page 282 Eurobarometer 60.0 - September 2003,GESIS Variable Report,308,ZA3937
v277,,Q51 DOM ELECTR APPL - SAFETY INSTR SOURCE,,Q51 DOM ELECTR APPL - SAFETY INSTR SOURCE,GESIS Variable Report,309,ZA3937
v278,v278 0 1 9 N Sum N Valid Sum,Q52 DOM ELECTR APPL SAFETY LOGO: PACKAGE,isocntry M AT 687 (74.8) 231 (25.2) 114 1032 918 BE 551 (68.8) 250 (31.2) 228 1029 801 DE-E 636 (79.6) 163 (20.4) 215 1014 799 DE-W 691 (83.3) 139 (16.7) 213 1043 830 DK 555 (67.2) 271 (32.8) 173 999 826 ES 592 (74.8) 199 (25.2) 209 1000 791 FI 681 (76.1) 214 (23.9) 116 1011 895 FR 614 (72.0) 239 (28.0) 198 1051 853 GB-GBN 646 (70.4) 271 (29.6) 86 1003 917 GB-NIR 187 (72.5) 71 (27.5) 52 310 258 GR 682 (78.6) 186 (21.4) 132 1000 868 IE 485 (72.4) 185 (27.6) 331 1001 670 IT 576 (71.1) 234 (28.9) 190 1000 810 LU 380 (72.1) 147 (27.9) 79 606 527 NL 520 (61.5) 326 (38.5) 177 1023 846 PT 586 (72.4) 223 (27.6) 192 1001 809 SE 546 (62.5) 328 (37.5) 126 1000 874 N Sum 9615 3677 2831 16123 N Valid Sum 9615 3677 13292 printed 25.01.2012 page 284 Eurobarometer 60.0 - September 2003,isocntry M AT 687 (74.8) 231 (25.2) 114 1032 918 BE 551 (68.8) 250 (31.2) 228 1029 801 DE-E 636 (79.6) 163 (20.4) 215 1014 799 DE-W 691 (83.3) 139 (16.7) 213 1043 830 DK 555 (67.2) 271 (32.8) 173 999 826 ES 592 (74.8) 199 (25.2) 209 1000 791 FI 681 (76.1) 214 (23.9) 116 1011 895 FR 614 (72.0) 239 (28.0) 198 1051 853 GB-GBN 646 (70.4) 271 (29.6) 86 1003 917 GB-NIR 187 (72.5) 71 (27.5) 52 310 258 GR 682 (78.6) 186 (21.4) 132 1000 868 IE 485 (72.4) 185 (27.6) 331 1001 670 IT 576 (71.1) 234 (28.9) 190 1000 810 LU 380 (72.1) 147 (27.9) 79 606 527 NL 520 (61.5) 326 (38.5) 177 1023 846 PT 586 (72.4) 223 (27.6) 192 1001 809 SE 546 (62.5) 328 (37.5) 126 1000 874 N Sum 9615 3677 2831 16123 N Valid Sum 9615 3677 13292 printed 25.01.2012 page 284 Eurobarometer 60.0 - September 2003,GESIS Variable Report,310,ZA3937
v279,v279 0 1 9 N Sum N Valid Sum,Q52 DOM ELECTR APPL SAFETY LOGO: PRODUCT,isocntry M AT 571 (62.2) 347 (37.8) 114 1032 918 BE 581 (72.4) 221 (27.6) 228 1030 802 DE-E 479 (59.9) 320 (40.1) 215 1014 799 DE-W 470 (56.7) 359 (43.3) 213 1042 829 DK 615 (74.4) 212 (25.6) 173 1000 827 ES 478 (60.4) 313 (39.6) 209 1000 791 FI 627 (70.1) 268 (29.9) 116 1011 895 FR 564 (66.1) 289 (33.9) 198 1051 853 GB-GBN 648 (70.7) 269 (29.3) 86 1003 917 GB-NIR 189 (73.0) 70 (27.0) 52 311 259 GR 672 (77.5) 195 (22.5) 132 999 867 IE 515 (76.9) 155 (23.1) 331 1001 670 IT 555 (68.6) 254 (31.4) 190 999 809 LU 395 (75.0) 132 (25.0) 79 606 527 NL 597 (70.6) 249 (29.4) 177 1023 846 PT 610 (75.5) 198 (24.5) 192 1000 808 SE 521 (59.5) 354 (40.5) 126 1001 875 N Sum 9087 4205 2831 16123 N Valid Sum 9087 4205 13292 printed 25.01.2012 page 285 Eurobarometer 60.0 - September 2003,isocntry M AT 571 (62.2) 347 (37.8) 114 1032 918 BE 581 (72.4) 221 (27.6) 228 1030 802 DE-E 479 (59.9) 320 (40.1) 215 1014 799 DE-W 470 (56.7) 359 (43.3) 213 1042 829 DK 615 (74.4) 212 (25.6) 173 1000 827 ES 478 (60.4) 313 (39.6) 209 1000 791 FI 627 (70.1) 268 (29.9) 116 1011 895 FR 564 (66.1) 289 (33.9) 198 1051 853 GB-GBN 648 (70.7) 269 (29.3) 86 1003 917 GB-NIR 189 (73.0) 70 (27.0) 52 311 259 GR 672 (77.5) 195 (22.5) 132 999 867 IE 515 (76.9) 155 (23.1) 331 1001 670 IT 555 (68.6) 254 (31.4) 190 999 809 LU 395 (75.0) 132 (25.0) 79 606 527 NL 597 (70.6) 249 (29.4) 177 1023 846 PT 610 (75.5) 198 (24.5) 192 1000 808 SE 521 (59.5) 354 (40.5) 126 1001 875 N Sum 9087 4205 2831 16123 N Valid Sum 9087 4205 13292 printed 25.01.2012 page 285 Eurobarometer 60.0 - September 2003,GESIS Variable Report,311,ZA3937
v280,v280 0 1 9 N Sum N Valid Sum,Q52 DOM ELECTR APPL SAFETY LOGO: LEAFLET,isocntry M AT 427 (46.6) 490 (53.4) 114 1031 917 BE 331 (41.3) 470 (58.7) 228 1029 801 DE-E 515 (64.5) 284 (35.5) 215 1014 799 DE-W 526 (63.4) 304 (36.6) 213 1043 830 DK 371 (44.9) 456 (55.1) 173 1000 827 ES 404 (51.1) 387 (48.9) 209 1000 791 FI 382 (42.7) 513 (57.3) 116 1011 895 FR 362 (42.4) 491 (57.6) 198 1051 853 GB-GBN 352 (38.3) 566 (61.7) 86 1004 918 GB-NIR 110 (42.6) 148 (57.4) 52 310 258 GR 314 (36.2) 554 (63.8) 132 1000 868 IE 269 (40.1) 401 (59.9) 331 1001 670 IT 332 (41.0) 478 (59.0) 190 1000 810 LU 215 (40.8) 312 (59.2) 79 606 527 NL 263 (31.1) 583 (68.9) 177 1023 846 PT 433 (53.6) 375 (46.4) 192 1000 808 SE 361 (41.3) 513 (58.7) 126 1000 874 N Sum 5967 7325 2831 16123 N Valid Sum 5967 7325 13292 printed 25.01.2012 page 286 Eurobarometer 60.0 - September 2003,isocntry M AT 427 (46.6) 490 (53.4) 114 1031 917 BE 331 (41.3) 470 (58.7) 228 1029 801 DE-E 515 (64.5) 284 (35.5) 215 1014 799 DE-W 526 (63.4) 304 (36.6) 213 1043 830 DK 371 (44.9) 456 (55.1) 173 1000 827 ES 404 (51.1) 387 (48.9) 209 1000 791 FI 382 (42.7) 513 (57.3) 116 1011 895 FR 362 (42.4) 491 (57.6) 198 1051 853 GB-GBN 352 (38.3) 566 (61.7) 86 1004 918 GB-NIR 110 (42.6) 148 (57.4) 52 310 258 GR 314 (36.2) 554 (63.8) 132 1000 868 IE 269 (40.1) 401 (59.9) 331 1001 670 IT 332 (41.0) 478 (59.0) 190 1000 810 LU 215 (40.8) 312 (59.2) 79 606 527 NL 263 (31.1) 583 (68.9) 177 1023 846 PT 433 (53.6) 375 (46.4) 192 1000 808 SE 361 (41.3) 513 (58.7) 126 1000 874 N Sum 5967 7325 2831 16123 N Valid Sum 5967 7325 13292 printed 25.01.2012 page 286 Eurobarometer 60.0 - September 2003,GESIS Variable Report,312,ZA3937
v281,v281 0 1 9 N Sum N Valid Sum,Q52 DOM ELECTR APPL SAFETY LOGO: OTHER,isocntry M AT 897 (97.8) 20 (2.2) 114 1031 917 BE 797 (99.4) 5 (0.6) 228 1030 802 DE-E 798 (99.9) 1 (0.1) 215 1014 799 DE-W 829 (99.9) 1 (0.1) 213 1043 830 DK 818 (98.9) 9 (1.1) 173 1000 827 ES 779 (98.5) 12 (1.5) 209 1000 791 FI 887 (99.1) 8 (0.9) 116 1011 895 FR 847 (99.2) 7 (0.8) 198 1052 854 GB-GBN 908 (98.9) 10 (1.1) 86 1004 918 GB-NIR 258 (99.6) 1 (0.4) 52 311 259 GR 867 (99.9) 1 (0.1) 132 1000 868 IE 655 (97.8) 15 (2.2) 331 1001 670 IT 804 (99.3) 6 (0.7) 190 1000 810 LU 523 (99.2) 4 (0.8) 79 606 527 NL 837 (98.9) 9 (1.1) 177 1023 846 PT 788 (97.5) 20 (2.5) 192 1000 808 SE 868 (99.3) 6 (0.7) 126 1000 874 N Sum 13160 135 2831 16126 N Valid Sum 13160 135 13295 printed 25.01.2012 page 287 Eurobarometer 60.0 - September 2003,isocntry M AT 897 (97.8) 20 (2.2) 114 1031 917 BE 797 (99.4) 5 (0.6) 228 1030 802 DE-E 798 (99.9) 1 (0.1) 215 1014 799 DE-W 829 (99.9) 1 (0.1) 213 1043 830 DK 818 (98.9) 9 (1.1) 173 1000 827 ES 779 (98.5) 12 (1.5) 209 1000 791 FI 887 (99.1) 8 (0.9) 116 1011 895 FR 847 (99.2) 7 (0.8) 198 1052 854 GB-GBN 908 (98.9) 10 (1.1) 86 1004 918 GB-NIR 258 (99.6) 1 (0.4) 52 311 259 GR 867 (99.9) 1 (0.1) 132 1000 868 IE 655 (97.8) 15 (2.2) 331 1001 670 IT 804 (99.3) 6 (0.7) 190 1000 810 LU 523 (99.2) 4 (0.8) 79 606 527 NL 837 (98.9) 9 (1.1) 177 1023 846 PT 788 (97.5) 20 (2.5) 192 1000 808 SE 868 (99.3) 6 (0.7) 126 1000 874 N Sum 13160 135 2831 16126 N Valid Sum 13160 135 13295 printed 25.01.2012 page 287 Eurobarometer 60.0 - September 2003,GESIS Variable Report,313,ZA3937
v282,v282 0 1 9 N Sum N Valid Sum,Q52 DOM ELECTR APPL SAFETY LOGO: DK,isocntry M AT 881 (96.1) 36 (3.9) 114 1031 917 BE 765 (95.4) 37 (4.6) 228 1030 802 DE-E 769 (96.2) 30 (3.8) 215 1014 799 DE-W 803 (96.7) 27 (3.3) 213 1043 830 DK 773 (93.5) 54 (6.5) 173 1000 827 ES 738 (93.3) 53 (6.7) 209 1000 791 FI 839 (93.7) 56 (6.3) 116 1011 895 FR 813 (95.3) 40 (4.7) 198 1051 853 GB-GBN 881 (96.1) 36 (3.9) 86 1003 917 GB-NIR 246 (95.0) 13 (5.0) 52 311 259 GR 831 (95.8) 36 (4.2) 132 999 867 IE 644 (96.1) 26 (3.9) 331 1001 670 IT 778 (96.0) 32 (4.0) 190 1000 810 LU 509 (96.6) 18 (3.4) 79 606 527 NL 821 (97.0) 25 (3.0) 177 1023 846 PT 730 (90.2) 79 (9.8) 192 1001 809 SE 821 (93.8) 54 (6.2) 126 1001 875 N Sum 12642 652 2831 16125 N Valid Sum 12642 652 13294 printed 25.01.2012 page 288 Eurobarometer 60.0 - September 2003,isocntry M AT 881 (96.1) 36 (3.9) 114 1031 917 BE 765 (95.4) 37 (4.6) 228 1030 802 DE-E 769 (96.2) 30 (3.8) 215 1014 799 DE-W 803 (96.7) 27 (3.3) 213 1043 830 DK 773 (93.5) 54 (6.5) 173 1000 827 ES 738 (93.3) 53 (6.7) 209 1000 791 FI 839 (93.7) 56 (6.3) 116 1011 895 FR 813 (95.3) 40 (4.7) 198 1051 853 GB-GBN 881 (96.1) 36 (3.9) 86 1003 917 GB-NIR 246 (95.0) 13 (5.0) 52 311 259 GR 831 (95.8) 36 (4.2) 132 999 867 IE 644 (96.1) 26 (3.9) 331 1001 670 IT 778 (96.0) 32 (4.0) 190 1000 810 LU 509 (96.6) 18 (3.4) 79 606 527 NL 821 (97.0) 25 (3.0) 177 1023 846 PT 730 (90.2) 79 (9.8) 192 1001 809 SE 821 (93.8) 54 (6.2) 126 1001 875 N Sum 12642 652 2831 16125 N Valid Sum 12642 652 13294 printed 25.01.2012 page 288 Eurobarometer 60.0 - September 2003,GESIS Variable Report,314,ZA3937
v283,v283 1 2 3 4 5 9 N Sum N Valid Sum,Q53 DOM ELECTR APPL SAFETY LOGO - AUTHOR,isocntry M M AT 699 (80.8) 75 (8.7) 79 (9.1) 12 (1.4) 52 114 1031 865 BE 638 (87.3) 43 (5.9) 47 (6.4) 3 (0.4) 70 228 1029 731 DE-E 683 (90.3) 19 (2.5) 51 (6.7) 3 (0.4) 42 215 1013 756 DE-W 716 (90.4) 14 (1.8) 58 (7.3) 4 (0.5) 38 213 1043 792 DK 645 (82.3) 78 (9.9) 52 (6.6) 9 (1.1) 41 173 998 784 ES 575 (82.6) 85 (12.2) 26 (3.7) 10 (1.4) 94 209 999 696 FI 754 (89.9) 40 (4.8) 42 (5.0) 3 (0.4) 56 116 1011 839 FR 668 (83.8) 56 (7.0) 68 (8.5) 5 (0.6) 56 198 1051 797 GB-GBN 711 (84.9) 38 (4.5) 79 (9.4) 9 (1.1) 81 86 1004 837 GB-NIR 214 (89.2) 10 (4.2) 15 (6.3) 1 (0.4) 17 52 309 240 GR 754 (95.9) 22 (2.8) 9 (1.1) 1 (0.1) 83 132 1001 786 IE 556 (88.7) 44 (7.0) 27 (4.3) 42 331 1000 627 IT 662 (86.8) 39 (5.1) 55 (7.2) 7 (0.9) 47 190 1000 763 LU 456 (90.1) 17 (3.4) 30 (5.9) 3 (0.6) 21 79 606 506 NL 689 (85.2) 35 (4.3) 79 (9.8) 6 (0.7) 36 177 1022 809 PT 588 (88.3) 44 (6.6) 33 (5.0) 1 (0.2) 142 192 1000 666 SE 712 (85.7) 42 (5.1) 73 (8.8) 4 (0.5) 43 126 1000 831 N Sum 10720 701 823 81 961 2831 16117 N Valid Sum 10720 701 823 81 12325 printed 25.01.2012 page 289 Eurobarometer 60.0 - September 2003,isocntry M M AT 699 (80.8) 75 (8.7) 79 (9.1) 12 (1.4) 52 114 1031 865 BE 638 (87.3) 43 (5.9) 47 (6.4) 3 (0.4) 70 228 1029 731 DE-E 683 (90.3) 19 (2.5) 51 (6.7) 3 (0.4) 42 215 1013 756 DE-W 716 (90.4) 14 (1.8) 58 (7.3) 4 (0.5) 38 213 1043 792 DK 645 (82.3) 78 (9.9) 52 (6.6) 9 (1.1) 41 173 998 784 ES 575 (82.6) 85 (12.2) 26 (3.7) 10 (1.4) 94 209 999 696 FI 754 (89.9) 40 (4.8) 42 (5.0) 3 (0.4) 56 116 1011 839 FR 668 (83.8) 56 (7.0) 68 (8.5) 5 (0.6) 56 198 1051 797 GB-GBN 711 (84.9) 38 (4.5) 79 (9.4) 9 (1.1) 81 86 1004 837 GB-NIR 214 (89.2) 10 (4.2) 15 (6.3) 1 (0.4) 17 52 309 240 GR 754 (95.9) 22 (2.8) 9 (1.1) 1 (0.1) 83 132 1001 786 IE 556 (88.7) 44 (7.0) 27 (4.3) 42 331 1000 627 IT 662 (86.8) 39 (5.1) 55 (7.2) 7 (0.9) 47 190 1000 763 LU 456 (90.1) 17 (3.4) 30 (5.9) 3 (0.6) 21 79 606 506 NL 689 (85.2) 35 (4.3) 79 (9.8) 6 (0.7) 36 177 1022 809 PT 588 (88.3) 44 (6.6) 33 (5.0) 1 (0.2) 142 192 1000 666 SE 712 (85.7) 42 (5.1) 73 (8.8) 4 (0.5) 43 126 1000 831 N Sum 10720 701 823 81 961 2831 16117 N Valid Sum 10720 701 823 81 12325 printed 25.01.2012 page 289 Eurobarometer 60.0 - September 2003,GESIS Variable Report,315,ZA3937
v284,v284 1 2 3 9 N Sum N Valid Sum,Q54 DOM ELEC SAFETY: HARD TO READ,isocntry M M AT 295 (34.4) 563 (65.6) 59 114 1031 858 BE 200 (25.6) 580 (74.4) 21 228 1029 780 DE-E 258 (34.3) 495 (65.7) 47 215 1015 753 DE-W 277 (35.4) 506 (64.6) 47 213 1043 783 DK 165 (21.2) 614 (78.8) 48 173 1000 779 ES 243 (31.9) 518 (68.1) 30 209 1000 761 FI 278 (32.8) 569 (67.2) 48 116 1011 847 FR 198 (23.7) 638 (76.3) 18 198 1052 836 GB-GBN 220 (25.3) 650 (74.7) 48 86 1004 870 GB-NIR 48 (18.8) 207 (81.2) 3 52 310 255 GR 217 (25.6) 632 (74.4) 18 132 999 849 IE 153 (23.6) 494 (76.4) 23 331 1001 647 IT 222 (28.7) 551 (71.3) 36 190 999 773 LU 179 (37.2) 302 (62.8) 46 79 606 481 NL 195 (24.1) 613 (75.9) 38 177 1023 808 PT 237 (32.6) 490 (67.4) 82 192 1001 727 SE 246 (29.4) 591 (70.6) 37 126 1000 837 N Sum 3631 9013 649 2831 16124 N Valid Sum 3631 9013 12644 printed 25.01.2012 page 290 Eurobarometer 60.0 - September 2003,isocntry M M AT 295 (34.4) 563 (65.6) 59 114 1031 858 BE 200 (25.6) 580 (74.4) 21 228 1029 780 DE-E 258 (34.3) 495 (65.7) 47 215 1015 753 DE-W 277 (35.4) 506 (64.6) 47 213 1043 783 DK 165 (21.2) 614 (78.8) 48 173 1000 779 ES 243 (31.9) 518 (68.1) 30 209 1000 761 FI 278 (32.8) 569 (67.2) 48 116 1011 847 FR 198 (23.7) 638 (76.3) 18 198 1052 836 GB-GBN 220 (25.3) 650 (74.7) 48 86 1004 870 GB-NIR 48 (18.8) 207 (81.2) 3 52 310 255 GR 217 (25.6) 632 (74.4) 18 132 999 849 IE 153 (23.6) 494 (76.4) 23 331 1001 647 IT 222 (28.7) 551 (71.3) 36 190 999 773 LU 179 (37.2) 302 (62.8) 46 79 606 481 NL 195 (24.1) 613 (75.9) 38 177 1023 808 PT 237 (32.6) 490 (67.4) 82 192 1001 727 SE 246 (29.4) 591 (70.6) 37 126 1000 837 N Sum 3631 9013 649 2831 16124 N Valid Sum 3631 9013 12644 printed 25.01.2012 page 290 Eurobarometer 60.0 - September 2003,GESIS Variable Report,316,ZA3937
v285,v285 1 2 3 9 N Sum N Valid Sum,Q54 DOM ELEC SAFETY: UNDERSTANDBLE,isocntry M M AT 594 (70.7) 246 (29.3) 77 114 1031 840 BE 657 (83.1) 134 (16.9) 11 228 1030 791 DE-E 533 (70.7) 221 (29.3) 46 215 1015 754 DE-W 528 (66.9) 261 (33.1) 40 213 1042 789 DK 615 (79.2) 162 (20.8) 50 173 1000 777 ES 525 (69.4) 232 (30.6) 34 209 1000 757 FI 721 (84.2) 135 (15.8) 39 116 1011 856 FR 649 (77.8) 185 (22.2) 20 198 1052 834 GB-GBN 720 (82.7) 151 (17.3) 47 86 1004 871 GB-NIR 217 (85.8) 36 (14.2) 5 52 310 253 GR 709 (84.1) 134 (15.9) 25 132 1000 843 IE 556 (85.0) 98 (15.0) 17 331 1002 654 IT 587 (76.6) 179 (23.4) 43 190 999 766 LU 339 (70.2) 144 (29.8) 45 79 607 483 NL 645 (80.0) 161 (20.0) 40 177 1023 806 PT 544 (74.8) 183 (25.2) 81 192 1000 727 SE 695 (82.8) 144 (17.2) 34 126 999 839 N Sum 9834 2806 654 2831 16125 N Valid Sum 9834 2806 12640 printed 25.01.2012 page 291 Eurobarometer 60.0 - September 2003,isocntry M M AT 594 (70.7) 246 (29.3) 77 114 1031 840 BE 657 (83.1) 134 (16.9) 11 228 1030 791 DE-E 533 (70.7) 221 (29.3) 46 215 1015 754 DE-W 528 (66.9) 261 (33.1) 40 213 1042 789 DK 615 (79.2) 162 (20.8) 50 173 1000 777 ES 525 (69.4) 232 (30.6) 34 209 1000 757 FI 721 (84.2) 135 (15.8) 39 116 1011 856 FR 649 (77.8) 185 (22.2) 20 198 1052 834 GB-GBN 720 (82.7) 151 (17.3) 47 86 1004 871 GB-NIR 217 (85.8) 36 (14.2) 5 52 310 253 GR 709 (84.1) 134 (15.9) 25 132 1000 843 IE 556 (85.0) 98 (15.0) 17 331 1002 654 IT 587 (76.6) 179 (23.4) 43 190 999 766 LU 339 (70.2) 144 (29.8) 45 79 607 483 NL 645 (80.0) 161 (20.0) 40 177 1023 806 PT 544 (74.8) 183 (25.2) 81 192 1000 727 SE 695 (82.8) 144 (17.2) 34 126 999 839 N Sum 9834 2806 654 2831 16125 N Valid Sum 9834 2806 12640 printed 25.01.2012 page 291 Eurobarometer 60.0 - September 2003,GESIS Variable Report,317,ZA3937
v286,v286 1 2 3 9 N Sum N Valid Sum,Q54 DOM ELEC SAFETY: COMPREHENSIVE,isocntry M M AT 628 (77.2) 185 (22.8) 105 114 1032 813 BE 512 (66.7) 256 (33.3) 34 228 1030 768 DE-E 533 (73.5) 192 (26.5) 74 215 1014 725 DE-W 464 (63.2) 270 (36.8) 96 213 1043 734 DK 441 (59.8) 297 (40.2) 88 173 999 738 ES 473 (66.0) 244 (34.0) 73 209 999 717 FI 422 (53.9) 361 (46.1) 112 116 1011 783 FR 591 (74.5) 202 (25.5) 59 198 1050 793 GB-GBN 668 (80.3) 164 (19.7) 85 86 1003 832 GB-NIR 208 (82.9) 43 (17.1) 8 52 311 251 GR 658 (80.0) 164 (20.0) 46 132 1000 822 IE 487 (77.1) 145 (22.9) 38 331 1001 632 IT 540 (75.4) 176 (24.6) 93 190 999 716 LU 300 (63.2) 175 (36.8) 52 79 606 475 NL 480 (61.7) 298 (38.3) 68 177 1023 778 PT 488 (73.6) 175 (26.4) 145 192 1000 663 SE 625 (77.7) 179 (22.3) 70 126 1000 804 N Sum 8518 3526 1246 2831 16121 N Valid Sum 8518 3526 12044 printed 25.01.2012 page 292 Eurobarometer 60.0 - September 2003,isocntry M M AT 628 (77.2) 185 (22.8) 105 114 1032 813 BE 512 (66.7) 256 (33.3) 34 228 1030 768 DE-E 533 (73.5) 192 (26.5) 74 215 1014 725 DE-W 464 (63.2) 270 (36.8) 96 213 1043 734 DK 441 (59.8) 297 (40.2) 88 173 999 738 ES 473 (66.0) 244 (34.0) 73 209 999 717 FI 422 (53.9) 361 (46.1) 112 116 1011 783 FR 591 (74.5) 202 (25.5) 59 198 1050 793 GB-GBN 668 (80.3) 164 (19.7) 85 86 1003 832 GB-NIR 208 (82.9) 43 (17.1) 8 52 311 251 GR 658 (80.0) 164 (20.0) 46 132 1000 822 IE 487 (77.1) 145 (22.9) 38 331 1001 632 IT 540 (75.4) 176 (24.6) 93 190 999 716 LU 300 (63.2) 175 (36.8) 52 79 606 475 NL 480 (61.7) 298 (38.3) 68 177 1023 778 PT 488 (73.6) 175 (26.4) 145 192 1000 663 SE 625 (77.7) 179 (22.3) 70 126 1000 804 N Sum 8518 3526 1246 2831 16121 N Valid Sum 8518 3526 12044 printed 25.01.2012 page 292 Eurobarometer 60.0 - September 2003,GESIS Variable Report,318,ZA3937
v287,v287 1 2 3 9 N Sum N Valid Sum,Q54 DOM ELEC SAFETY: TO THE POINT,isocntry M M AT 437 (53.6) 378 (46.4) 102 114 1031 815 BE 447 (59.1) 309 (40.9) 46 228 1030 756 DE-E 374 (51.7) 349 (48.3) 76 215 1014 723 DE-W 362 (49.5) 369 (50.5) 99 213 1043 731 DK 367 (49.7) 372 (50.3) 88 173 1000 739 ES 419 (57.9) 305 (42.1) 67 209 1000 724 FI 447 (55.0) 366 (45.0) 83 116 1012 813 FR 488 (59.7) 329 (40.3) 36 198 1051 817 GB-GBN 529 (62.6) 316 (37.4) 73 86 1004 845 GB-NIR 164 (67.5) 79 (32.5) 15 52 310 243 GR 642 (76.8) 194 (23.2) 32 132 1000 836 IE 465 (72.2) 179 (27.8) 27 331 1002 644 IT 439 (58.7) 309 (41.3) 61 190 999 748 LU 219 (45.2) 266 (54.8) 42 79 606 485 NL 430 (55.9) 339 (44.1) 77 177 1023 769 PT 442 (63.8) 251 (36.2) 116 192 1001 693 SE 476 (58.8) 333 (41.2) 66 126 1001 809 N Sum 7147 5043 1106 2831 16127 N Valid Sum 7147 5043 12190 printed 25.01.2012 page 293 Eurobarometer 60.0 - September 2003,isocntry M M AT 437 (53.6) 378 (46.4) 102 114 1031 815 BE 447 (59.1) 309 (40.9) 46 228 1030 756 DE-E 374 (51.7) 349 (48.3) 76 215 1014 723 DE-W 362 (49.5) 369 (50.5) 99 213 1043 731 DK 367 (49.7) 372 (50.3) 88 173 1000 739 ES 419 (57.9) 305 (42.1) 67 209 1000 724 FI 447 (55.0) 366 (45.0) 83 116 1012 813 FR 488 (59.7) 329 (40.3) 36 198 1051 817 GB-GBN 529 (62.6) 316 (37.4) 73 86 1004 845 GB-NIR 164 (67.5) 79 (32.5) 15 52 310 243 GR 642 (76.8) 194 (23.2) 32 132 1000 836 IE 465 (72.2) 179 (27.8) 27 331 1002 644 IT 439 (58.7) 309 (41.3) 61 190 999 748 LU 219 (45.2) 266 (54.8) 42 79 606 485 NL 430 (55.9) 339 (44.1) 77 177 1023 769 PT 442 (63.8) 251 (36.2) 116 192 1001 693 SE 476 (58.8) 333 (41.2) 66 126 1001 809 N Sum 7147 5043 1106 2831 16127 N Valid Sum 7147 5043 12190 printed 25.01.2012 page 293 Eurobarometer 60.0 - September 2003,GESIS Variable Report,319,ZA3937
v288,v288 1 2 3 9 N Sum N Valid Sum,Q54 DOM ELEC SAFETY: NAT LANGUAGE,isocntry M M AT 767 (89.8) 87 (10.2) 64 114 1032 854 BE 617 (78.5) 169 (21.5) 15 228 1029 786 DE-E 697 (92.9) 53 (7.1) 50 215 1015 750 DE-W 705 (89.6) 82 (10.4) 43 213 1043 787 DK 633 (82.1) 138 (17.9) 56 173 1000 771 ES 665 (89.0) 82 (11.0) 44 209 1000 747 FI 658 (79.3) 172 (20.7) 65 116 1011 830 FR 721 (86.5) 113 (13.5) 19 198 1051 834 GB-GBN 832 (94.9) 45 (5.1) 40 86 1003 877 GB-NIR 239 (94.8) 13 (5.2) 7 52 311 252 GR 647 (77.0) 193 (23.0) 27 132 999 840 IE 595 (91.3) 57 (8.7) 18 331 1001 652 IT 655 (84.3) 122 (15.7) 32 190 999 777 LU 24 (4.8) 472 (95.2) 30 79 605 496 NL 672 (83.2) 136 (16.8) 38 177 1023 808 PT 551 (76.7) 167 (23.3) 90 192 1000 718 SE 682 (81.8) 152 (18.2) 40 126 1000 834 N Sum 10360 2253 678 2831 16122 N Valid Sum 10360 2253 12613 printed 25.01.2012 page 294 Eurobarometer 60.0 - September 2003,isocntry M M AT 767 (89.8) 87 (10.2) 64 114 1032 854 BE 617 (78.5) 169 (21.5) 15 228 1029 786 DE-E 697 (92.9) 53 (7.1) 50 215 1015 750 DE-W 705 (89.6) 82 (10.4) 43 213 1043 787 DK 633 (82.1) 138 (17.9) 56 173 1000 771 ES 665 (89.0) 82 (11.0) 44 209 1000 747 FI 658 (79.3) 172 (20.7) 65 116 1011 830 FR 721 (86.5) 113 (13.5) 19 198 1051 834 GB-GBN 832 (94.9) 45 (5.1) 40 86 1003 877 GB-NIR 239 (94.8) 13 (5.2) 7 52 311 252 GR 647 (77.0) 193 (23.0) 27 132 999 840 IE 595 (91.3) 57 (8.7) 18 331 1001 652 IT 655 (84.3) 122 (15.7) 32 190 999 777 LU 24 (4.8) 472 (95.2) 30 79 605 496 NL 672 (83.2) 136 (16.8) 38 177 1023 808 PT 551 (76.7) 167 (23.3) 90 192 1000 718 SE 682 (81.8) 152 (18.2) 40 126 1000 834 N Sum 10360 2253 678 2831 16122 N Valid Sum 10360 2253 12613 printed 25.01.2012 page 294 Eurobarometer 60.0 - September 2003,GESIS Variable Report,320,ZA3937
v289,v289 1 2 3 9 N Sum N Valid Sum,Q54 DOM ELEC SAFETY: TOO TECHNICAL,isocntry M M AT 339 (41.9) 471 (58.1) 108 114 1032 810 BE 302 (38.9) 474 (61.1) 26 228 1030 776 DE-E 316 (43.2) 415 (56.8) 67 215 1013 731 DE-W 326 (43.2) 428 (56.8) 76 213 1043 754 DK 241 (32.0) 511 (68.0) 75 173 1000 752 ES 427 (57.9) 311 (42.1) 53 209 1000 738 FI 310 (38.3) 499 (61.7) 85 116 1010 809 FR 352 (43.0) 466 (57.0) 35 198 1051 818 GB-GBN 326 (38.6) 518 (61.4) 73 86 1003 844 GB-NIR 70 (28.9) 172 (71.1) 16 52 310 242 GR 409 (50.6) 399 (49.4) 60 132 1000 808 IE 218 (34.3) 418 (65.7) 34 331 1001 636 IT 361 (48.5) 383 (51.5) 65 190 999 744 LU 228 (47.0) 257 (53.0) 42 79 606 485 NL 261 (33.3) 523 (66.7) 62 177 1023 784 PT 401 (57.2) 300 (42.8) 107 192 1000 701 SE 244 (29.9) 573 (70.1) 58 126 1001 817 N Sum 5131 7118 1042 2831 16122 N Valid Sum 5131 7118 12249 printed 25.01.2012 page 295 Eurobarometer 60.0 - September 2003,isocntry M M AT 339 (41.9) 471 (58.1) 108 114 1032 810 BE 302 (38.9) 474 (61.1) 26 228 1030 776 DE-E 316 (43.2) 415 (56.8) 67 215 1013 731 DE-W 326 (43.2) 428 (56.8) 76 213 1043 754 DK 241 (32.0) 511 (68.0) 75 173 1000 752 ES 427 (57.9) 311 (42.1) 53 209 1000 738 FI 310 (38.3) 499 (61.7) 85 116 1010 809 FR 352 (43.0) 466 (57.0) 35 198 1051 818 GB-GBN 326 (38.6) 518 (61.4) 73 86 1003 844 GB-NIR 70 (28.9) 172 (71.1) 16 52 310 242 GR 409 (50.6) 399 (49.4) 60 132 1000 808 IE 218 (34.3) 418 (65.7) 34 331 1001 636 IT 361 (48.5) 383 (51.5) 65 190 999 744 LU 228 (47.0) 257 (53.0) 42 79 606 485 NL 261 (33.3) 523 (66.7) 62 177 1023 784 PT 401 (57.2) 300 (42.8) 107 192 1000 701 SE 244 (29.9) 573 (70.1) 58 126 1001 817 N Sum 5131 7118 1042 2831 16122 N Valid Sum 5131 7118 12249 printed 25.01.2012 page 295 Eurobarometer 60.0 - September 2003,GESIS Variable Report,321,ZA3937
v290,v290 1 2 3 9 N Sum N Valid Sum,Q55 DOM ELEC SAFETY: PRECISELY EXPLND,isocntry M M AT 722 (83.0) 148 (17.0) 48 114 1032 870 BE 672 (85.1) 118 (14.9) 12 228 1030 790 DE-E 677 (88.5) 88 (11.5) 35 215 1015 765 DE-W 638 (81.9) 141 (18.1) 51 213 1043 779 DK 573 (75.4) 187 (24.6) 67 173 1000 760 ES 593 (79.9) 149 (20.1) 48 209 999 742 FI 656 (78.6) 179 (21.4) 60 116 1011 835 FR 719 (87.0) 107 (13.0) 27 198 1051 826 GB-GBN 736 (83.8) 142 (16.2) 41 86 1005 878 GB-NIR 224 (89.2) 27 (10.8) 8 52 311 251 GR 766 (90.7) 79 (9.3) 23 132 1000 845 IE 612 (93.4) 43 (6.6) 15 331 1001 655 IT 647 (84.6) 118 (15.4) 44 190 999 765 LU 418 (83.3) 84 (16.7) 25 79 606 502 NL 634 (77.3) 186 (22.7) 26 177 1023 820 PT 642 (87.7) 90 (12.3) 77 192 1001 732 SE 585 (71.3) 235 (28.7) 55 126 1001 820 N Sum 10514 2121 662 2831 16128 N Valid Sum 10514 2121 12635 printed 25.01.2012 page 296 Eurobarometer 60.0 - September 2003,isocntry M M AT 722 (83.0) 148 (17.0) 48 114 1032 870 BE 672 (85.1) 118 (14.9) 12 228 1030 790 DE-E 677 (88.5) 88 (11.5) 35 215 1015 765 DE-W 638 (81.9) 141 (18.1) 51 213 1043 779 DK 573 (75.4) 187 (24.6) 67 173 1000 760 ES 593 (79.9) 149 (20.1) 48 209 999 742 FI 656 (78.6) 179 (21.4) 60 116 1011 835 FR 719 (87.0) 107 (13.0) 27 198 1051 826 GB-GBN 736 (83.8) 142 (16.2) 41 86 1005 878 GB-NIR 224 (89.2) 27 (10.8) 8 52 311 251 GR 766 (90.7) 79 (9.3) 23 132 1000 845 IE 612 (93.4) 43 (6.6) 15 331 1001 655 IT 647 (84.6) 118 (15.4) 44 190 999 765 LU 418 (83.3) 84 (16.7) 25 79 606 502 NL 634 (77.3) 186 (22.7) 26 177 1023 820 PT 642 (87.7) 90 (12.3) 77 192 1001 732 SE 585 (71.3) 235 (28.7) 55 126 1001 820 N Sum 10514 2121 662 2831 16128 N Valid Sum 10514 2121 12635 printed 25.01.2012 page 296 Eurobarometer 60.0 - September 2003,GESIS Variable Report,322,ZA3937
v291,v291 1 2 3 9 N Sum N Valid Sum,Q55 DOM ELEC SAFETY: PREVENT ACCIDENTS,isocntry M M AT 730 (85.0) 129 (15.0) 58 114 1031 859 BE 726 (92.5) 59 (7.5) 17 228 1030 785 DE-E 734 (95.1) 38 (4.9) 27 215 1014 772 DE-W 726 (92.5) 59 (7.5) 45 213 1043 785 DK 708 (92.9) 54 (7.1) 65 173 1000 762 ES 707 (95.7) 32 (4.3) 52 209 1000 739 FI 835 (97.0) 26 (3.0) 35 116 1012 861 FR 753 (91.6) 69 (8.4) 31 198 1051 822 GB-GBN 824 (93.8) 54 (6.2) 39 86 1003 878 GB-NIR 247 (96.9) 8 (3.1) 3 52 310 255 GR 801 (96.3) 31 (3.7) 35 132 999 832 IE 623 (96.6) 22 (3.4) 25 331 1001 645 IT 710 (92.1) 61 (7.9) 38 190 999 771 LU 477 (93.3) 34 (6.7) 16 79 606 511 NL 745 (89.8) 85 (10.2) 16 177 1023 830 PT 734 (96.7) 25 (3.3) 49 192 1000 759 SE 832 (98.0) 17 (2.0) 25 126 1000 849 N Sum 11912 803 576 2831 16122 N Valid Sum 11912 803 12715 printed 25.01.2012 page 297 Eurobarometer 60.0 - September 2003,isocntry M M AT 730 (85.0) 129 (15.0) 58 114 1031 859 BE 726 (92.5) 59 (7.5) 17 228 1030 785 DE-E 734 (95.1) 38 (4.9) 27 215 1014 772 DE-W 726 (92.5) 59 (7.5) 45 213 1043 785 DK 708 (92.9) 54 (7.1) 65 173 1000 762 ES 707 (95.7) 32 (4.3) 52 209 1000 739 FI 835 (97.0) 26 (3.0) 35 116 1012 861 FR 753 (91.6) 69 (8.4) 31 198 1051 822 GB-GBN 824 (93.8) 54 (6.2) 39 86 1003 878 GB-NIR 247 (96.9) 8 (3.1) 3 52 310 255 GR 801 (96.3) 31 (3.7) 35 132 999 832 IE 623 (96.6) 22 (3.4) 25 331 1001 645 IT 710 (92.1) 61 (7.9) 38 190 999 771 LU 477 (93.3) 34 (6.7) 16 79 606 511 NL 745 (89.8) 85 (10.2) 16 177 1023 830 PT 734 (96.7) 25 (3.3) 49 192 1000 759 SE 832 (98.0) 17 (2.0) 25 126 1000 849 N Sum 11912 803 576 2831 16122 N Valid Sum 11912 803 12715 printed 25.01.2012 page 297 Eurobarometer 60.0 - September 2003,GESIS Variable Report,323,ZA3937
v292,v292 1 2 3 9 N Sum N Valid Sum,Q55 DOM ELEC SAFETY: CHLDR/ELDRLY/DISABL,isocntry M M AT 806 (92.0) 70 (8.0) 41 114 1031 876 BE 759 (96.2) 30 (3.8) 12 228 1029 789 DE-E 742 (96.9) 24 (3.1) 33 215 1014 766 DE-W 743 (94.5) 43 (5.5) 44 213 1043 786 DK 664 (87.3) 97 (12.7) 66 173 1000 761 ES 713 (96.4) 27 (3.6) 51 209 1000 740 FI 843 (96.5) 31 (3.5) 22 116 1012 874 FR 794 (96.0) 33 (4.0) 27 198 1052 827 GB-GBN 869 (97.8) 20 (2.2) 28 86 1003 889 GB-NIR 253 (99.2) 2 (0.8) 3 52 310 255 GR 830 (98.0) 17 (2.0) 21 132 1000 847 IE 644 (97.9) 14 (2.1) 12 331 1001 658 IT 761 (96.7) 26 (3.3) 22 190 999 787 LU 470 (92.2) 40 (7.8) 17 79 606 510 NL 684 (84.0) 130 (16.0) 33 177 1024 814 PT 730 (96.3) 28 (3.7) 50 192 1000 758 SE 766 (92.7) 60 (7.3) 48 126 1000 826 N Sum 12071 692 530 2831 16124 N Valid Sum 12071 692 12763 printed 25.01.2012 page 298 Eurobarometer 60.0 - September 2003,isocntry M M AT 806 (92.0) 70 (8.0) 41 114 1031 876 BE 759 (96.2) 30 (3.8) 12 228 1029 789 DE-E 742 (96.9) 24 (3.1) 33 215 1014 766 DE-W 743 (94.5) 43 (5.5) 44 213 1043 786 DK 664 (87.3) 97 (12.7) 66 173 1000 761 ES 713 (96.4) 27 (3.6) 51 209 1000 740 FI 843 (96.5) 31 (3.5) 22 116 1012 874 FR 794 (96.0) 33 (4.0) 27 198 1052 827 GB-GBN 869 (97.8) 20 (2.2) 28 86 1003 889 GB-NIR 253 (99.2) 2 (0.8) 3 52 310 255 GR 830 (98.0) 17 (2.0) 21 132 1000 847 IE 644 (97.9) 14 (2.1) 12 331 1001 658 IT 761 (96.7) 26 (3.3) 22 190 999 787 LU 470 (92.2) 40 (7.8) 17 79 606 510 NL 684 (84.0) 130 (16.0) 33 177 1024 814 PT 730 (96.3) 28 (3.7) 50 192 1000 758 SE 766 (92.7) 60 (7.3) 48 126 1000 826 N Sum 12071 692 530 2831 16124 N Valid Sum 12071 692 12763 printed 25.01.2012 page 298 Eurobarometer 60.0 - September 2003,GESIS Variable Report,324,ZA3937
v293,v293 1 2 3 9 N Sum N Valid Sum,Q55 DOM ELEC SAFETY: SPECIF CONSEQUENCES,isocntry M M AT 727 (86.3) 115 (13.7) 76 114 1032 842 BE 702 (90.3) 75 (9.7) 25 228 1030 777 DE-E 685 (91.0) 68 (9.0) 46 215 1014 753 DE-W 718 (93.4) 51 (6.6) 61 213 1043 769 DK 527 (70.5) 220 (29.5) 80 173 1000 747 ES 690 (93.8) 46 (6.3) 55 209 1000 736 FI 794 (92.0) 69 (8.0) 33 116 1012 863 FR 734 (89.3) 88 (10.7) 31 198 1051 822 GB-GBN 784 (90.3) 84 (9.7) 50 86 1004 868 GB-NIR 238 (95.2) 12 (4.8) 9 52 311 250 GR 825 (97.5) 21 (2.5) 22 132 1000 846 IE 621 (95.7) 28 (4.3) 21 331 1001 649 IT 687 (89.6) 80 (10.4) 42 190 999 767 LU 410 (80.1) 102 (19.9) 15 79 606 512 NL 606 (76.1) 190 (23.9) 50 177 1023 796 PT 728 (97.1) 22 (2.9) 58 192 1000 750 SE 593 (73.8) 210 (26.2) 71 126 1000 803 N Sum 11069 1481 745 2831 16126 N Valid Sum 11069 1481 12550 printed 25.01.2012 page 299 Eurobarometer 60.0 - September 2003,isocntry M M AT 727 (86.3) 115 (13.7) 76 114 1032 842 BE 702 (90.3) 75 (9.7) 25 228 1030 777 DE-E 685 (91.0) 68 (9.0) 46 215 1014 753 DE-W 718 (93.4) 51 (6.6) 61 213 1043 769 DK 527 (70.5) 220 (29.5) 80 173 1000 747 ES 690 (93.8) 46 (6.3) 55 209 1000 736 FI 794 (92.0) 69 (8.0) 33 116 1012 863 FR 734 (89.3) 88 (10.7) 31 198 1051 822 GB-GBN 784 (90.3) 84 (9.7) 50 86 1004 868 GB-NIR 238 (95.2) 12 (4.8) 9 52 311 250 GR 825 (97.5) 21 (2.5) 22 132 1000 846 IE 621 (95.7) 28 (4.3) 21 331 1001 649 IT 687 (89.6) 80 (10.4) 42 190 999 767 LU 410 (80.1) 102 (19.9) 15 79 606 512 NL 606 (76.1) 190 (23.9) 50 177 1023 796 PT 728 (97.1) 22 (2.9) 58 192 1000 750 SE 593 (73.8) 210 (26.2) 71 126 1000 803 N Sum 11069 1481 745 2831 16126 N Valid Sum 11069 1481 12550 printed 25.01.2012 page 299 Eurobarometer 60.0 - September 2003,GESIS Variable Report,325,ZA3937
v294,v294 1 2 3 9 N Sum N Valid Sum,Q56 DOM ELEC SAFETY SEEN: RAIN/MOISTURE,isocntry M M AT 717 (81.6) 162 (18.4) 38 114 1031 879 BE 596 (76.7) 181 (23.3) 24 228 1029 777 DE-E 603 (82.5) 128 (17.5) 68 215 1014 731 DE-W 641 (82.3) 138 (17.7) 51 213 1043 779 DK 722 (88.6) 93 (11.4) 12 173 1000 815 ES 571 (77.4) 167 (22.6) 52 209 999 738 FI 757 (86.7) 116 (13.3) 23 116 1012 873 FR 646 (78.5) 177 (21.5) 30 198 1051 823 GB-GBN 725 (81.6) 164 (18.4) 29 86 1004 889 GB-NIR 208 (85.2) 36 (14.8) 14 52 310 244 GR 767 (89.6) 89 (10.4) 12 132 1000 856 IE 588 (91.6) 54 (8.4) 28 331 1001 642 IT 615 (80.1) 153 (19.9) 41 190 999 768 LU 443 (85.5) 75 (14.5) 8 79 605 518 NL 667 (80.7) 160 (19.3) 19 177 1023 827 PT 595 (77.7) 171 (22.3) 43 192 1001 766 SE 733 (86.4) 115 (13.6) 26 126 1000 848 N Sum 10594 2179 518 2831 16122 N Valid Sum 10594 2179 12773 printed 25.01.2012 page 300 Eurobarometer 60.0 - September 2003,isocntry M M AT 717 (81.6) 162 (18.4) 38 114 1031 879 BE 596 (76.7) 181 (23.3) 24 228 1029 777 DE-E 603 (82.5) 128 (17.5) 68 215 1014 731 DE-W 641 (82.3) 138 (17.7) 51 213 1043 779 DK 722 (88.6) 93 (11.4) 12 173 1000 815 ES 571 (77.4) 167 (22.6) 52 209 999 738 FI 757 (86.7) 116 (13.3) 23 116 1012 873 FR 646 (78.5) 177 (21.5) 30 198 1051 823 GB-GBN 725 (81.6) 164 (18.4) 29 86 1004 889 GB-NIR 208 (85.2) 36 (14.8) 14 52 310 244 GR 767 (89.6) 89 (10.4) 12 132 1000 856 IE 588 (91.6) 54 (8.4) 28 331 1001 642 IT 615 (80.1) 153 (19.9) 41 190 999 768 LU 443 (85.5) 75 (14.5) 8 79 605 518 NL 667 (80.7) 160 (19.3) 19 177 1023 827 PT 595 (77.7) 171 (22.3) 43 192 1001 766 SE 733 (86.4) 115 (13.6) 26 126 1000 848 N Sum 10594 2179 518 2831 16122 N Valid Sum 10594 2179 12773 printed 25.01.2012 page 300 Eurobarometer 60.0 - September 2003,GESIS Variable Report,326,ZA3937
v295,v295 1 2 3 9 N Sum N Valid Sum,Q56 DOM ELEC SAFETY SEEN: VENTILATION,isocntry M M AT 628 (71.7) 248 (28.3) 41 114 1031 876 BE 590 (76.2) 184 (23.8) 28 228 1030 774 DE-E 598 (81.5) 136 (18.5) 65 215 1014 734 DE-W 646 (83.1) 131 (16.9) 53 213 1043 777 DK 667 (83.0) 137 (17.0) 23 173 1000 804 ES 591 (78.9) 158 (21.1) 42 209 1000 749 FI 767 (88.0) 105 (12.0) 23 116 1011 872 FR 718 (86.2) 115 (13.8) 20 198 1051 833 GB-GBN 776 (87.7) 109 (12.3) 33 86 1004 885 GB-NIR 229 (92.0) 20 (8.0) 10 52 311 249 GR 547 (65.5) 288 (34.5) 33 132 1000 835 IE 565 (88.4) 74 (11.6) 31 331 1001 639 IT 639 (82.1) 139 (17.9) 32 190 1000 778 LU 432 (83.2) 87 (16.8) 8 79 606 519 NL 605 (73.2) 222 (26.8) 19 177 1023 827 PT 548 (73.5) 198 (26.5) 63 192 1001 746 SE 712 (84.5) 131 (15.5) 31 126 1000 843 N Sum 10258 2482 555 2831 16126 N Valid Sum 10258 2482 12740 printed 25.01.2012 page 301 Eurobarometer 60.0 - September 2003,isocntry M M AT 628 (71.7) 248 (28.3) 41 114 1031 876 BE 590 (76.2) 184 (23.8) 28 228 1030 774 DE-E 598 (81.5) 136 (18.5) 65 215 1014 734 DE-W 646 (83.1) 131 (16.9) 53 213 1043 777 DK 667 (83.0) 137 (17.0) 23 173 1000 804 ES 591 (78.9) 158 (21.1) 42 209 1000 749 FI 767 (88.0) 105 (12.0) 23 116 1011 872 FR 718 (86.2) 115 (13.8) 20 198 1051 833 GB-GBN 776 (87.7) 109 (12.3) 33 86 1004 885 GB-NIR 229 (92.0) 20 (8.0) 10 52 311 249 GR 547 (65.5) 288 (34.5) 33 132 1000 835 IE 565 (88.4) 74 (11.6) 31 331 1001 639 IT 639 (82.1) 139 (17.9) 32 190 1000 778 LU 432 (83.2) 87 (16.8) 8 79 606 519 NL 605 (73.2) 222 (26.8) 19 177 1023 827 PT 548 (73.5) 198 (26.5) 63 192 1001 746 SE 712 (84.5) 131 (15.5) 31 126 1000 843 N Sum 10258 2482 555 2831 16126 N Valid Sum 10258 2482 12740 printed 25.01.2012 page 301 Eurobarometer 60.0 - September 2003,GESIS Variable Report,327,ZA3937
v296,v296 1 2 3 9 N Sum N Valid Sum,Q56 DOM ELEC SAFETY SEEN: LIQUIDS,isocntry M M AT 624 (71.1) 254 (28.9) 39 114 1031 878 BE 548 (70.7) 227 (29.3) 26 228 1029 775 DE-E 589 (79.7) 150 (20.3) 60 215 1014 739 DE-W 591 (77.0) 177 (23.0) 61 213 1042 768 DK 644 (79.4) 167 (20.6) 16 173 1000 811 ES 581 (79.7) 148 (20.3) 62 209 1000 729 FI 627 (72.7) 235 (27.3) 33 116 1011 862 FR 687 (82.8) 143 (17.2) 23 198 1051 830 GB-GBN 689 (78.0) 194 (22.0) 34 86 1003 883 GB-NIR 195 (78.6) 53 (21.4) 11 52 311 248 GR 735 (86.0) 120 (14.0) 12 132 999 855 IE 559 (87.1) 83 (12.9) 27 331 1000 642 IT 631 (81.9) 139 (18.1) 40 190 1000 770 LU 461 (89.2) 56 (10.8) 10 79 606 517 NL 553 (67.6) 265 (32.4) 28 177 1023 818 PT 544 (73.0) 201 (27.0) 63 192 1000 745 SE 558 (68.0) 263 (32.0) 54 126 1001 821 N Sum 9816 2875 599 2831 16121 N Valid Sum 9816 2875 12691 printed 25.01.2012 page 302 Eurobarometer 60.0 - September 2003,isocntry M M AT 624 (71.1) 254 (28.9) 39 114 1031 878 BE 548 (70.7) 227 (29.3) 26 228 1029 775 DE-E 589 (79.7) 150 (20.3) 60 215 1014 739 DE-W 591 (77.0) 177 (23.0) 61 213 1042 768 DK 644 (79.4) 167 (20.6) 16 173 1000 811 ES 581 (79.7) 148 (20.3) 62 209 1000 729 FI 627 (72.7) 235 (27.3) 33 116 1011 862 FR 687 (82.8) 143 (17.2) 23 198 1051 830 GB-GBN 689 (78.0) 194 (22.0) 34 86 1003 883 GB-NIR 195 (78.6) 53 (21.4) 11 52 311 248 GR 735 (86.0) 120 (14.0) 12 132 999 855 IE 559 (87.1) 83 (12.9) 27 331 1000 642 IT 631 (81.9) 139 (18.1) 40 190 1000 770 LU 461 (89.2) 56 (10.8) 10 79 606 517 NL 553 (67.6) 265 (32.4) 28 177 1023 818 PT 544 (73.0) 201 (27.0) 63 192 1000 745 SE 558 (68.0) 263 (32.0) 54 126 1001 821 N Sum 9816 2875 599 2831 16121 N Valid Sum 9816 2875 12691 printed 25.01.2012 page 302 Eurobarometer 60.0 - September 2003,GESIS Variable Report,328,ZA3937
v297,v297 1 2 3 9 N Sum N Valid Sum,Q56 DOM ELEC SAFETY SEEN: POWER SOURCE,isocntry M M AT 749 (84.1) 142 (15.9) 26 114 1031 891 BE 643 (82.2) 139 (17.8) 19 228 1029 782 DE-E 628 (83.8) 121 (16.2) 51 215 1015 749 DE-W 671 (84.9) 119 (15.1) 40 213 1043 790 DK 703 (86.0) 114 (14.0) 10 173 1000 817 ES 618 (83.0) 127 (17.0) 45 209 999 745 FI 722 (83.3) 145 (16.7) 28 116 1011 867 FR 738 (88.1) 100 (11.9) 15 198 1051 838 GB-GBN 670 (76.1) 210 (23.9) 38 86 1004 880 GB-NIR 198 (79.5) 51 (20.5) 9 52 310 249 GR 733 (85.5) 124 (14.5) 11 132 1000 857 IE 570 (88.4) 75 (11.6) 25 331 1001 645 IT 680 (86.3) 108 (13.7) 22 190 1000 788 LU 463 (89.9) 52 (10.1) 12 79 606 515 NL 719 (86.5) 112 (13.5) 16 177 1024 831 PT 608 (80.6) 146 (19.4) 54 192 1000 754 SE 756 (88.8) 95 (11.2) 23 126 1000 851 N Sum 10869 1980 444 2831 16124 N Valid Sum 10869 1980 12849 printed 25.01.2012 page 303 Eurobarometer 60.0 - September 2003,isocntry M M AT 749 (84.1) 142 (15.9) 26 114 1031 891 BE 643 (82.2) 139 (17.8) 19 228 1029 782 DE-E 628 (83.8) 121 (16.2) 51 215 1015 749 DE-W 671 (84.9) 119 (15.1) 40 213 1043 790 DK 703 (86.0) 114 (14.0) 10 173 1000 817 ES 618 (83.0) 127 (17.0) 45 209 999 745 FI 722 (83.3) 145 (16.7) 28 116 1011 867 FR 738 (88.1) 100 (11.9) 15 198 1051 838 GB-GBN 670 (76.1) 210 (23.9) 38 86 1004 880 GB-NIR 198 (79.5) 51 (20.5) 9 52 310 249 GR 733 (85.5) 124 (14.5) 11 132 1000 857 IE 570 (88.4) 75 (11.6) 25 331 1001 645 IT 680 (86.3) 108 (13.7) 22 190 1000 788 LU 463 (89.9) 52 (10.1) 12 79 606 515 NL 719 (86.5) 112 (13.5) 16 177 1024 831 PT 608 (80.6) 146 (19.4) 54 192 1000 754 SE 756 (88.8) 95 (11.2) 23 126 1000 851 N Sum 10869 1980 444 2831 16124 N Valid Sum 10869 1980 12849 printed 25.01.2012 page 303 Eurobarometer 60.0 - September 2003,GESIS Variable Report,329,ZA3937
v298,v298 1 2 3 9 N Sum N Valid Sum,Q56 DOM ELEC SAFETY SEEN: REPAIRING,isocntry M M AT 687 (78.9) 184 (21.1) 47 114 1032 871 BE 507 (65.6) 266 (34.4) 29 228 1030 773 DE-E 611 (81.4) 140 (18.6) 48 215 1014 751 DE-W 678 (85.5) 115 (14.5) 36 213 1042 793 DK 674 (83.9) 129 (16.1) 23 173 999 803 ES 536 (74.3) 185 (25.7) 70 209 1000 721 FI 664 (76.5) 204 (23.5) 27 116 1011 868 FR 567 (70.0) 243 (30.0) 43 198 1051 810 GB-GBN 695 (79.8) 176 (20.2) 47 86 1004 871 GB-NIR 201 (83.4) 40 (16.6) 17 52 310 241 GR 686 (80.8) 163 (19.2) 19 132 1000 849 IE 547 (86.1) 88 (13.9) 35 331 1001 635 IT 561 (73.7) 200 (26.3) 48 190 999 761 LU 441 (86.1) 71 (13.9) 15 79 606 512 NL 601 (73.7) 214 (26.3) 31 177 1023 815 PT 568 (75.3) 186 (24.7) 55 192 1001 754 SE 662 (78.7) 179 (21.3) 33 126 1000 841 N Sum 9886 2783 623 2831 16123 N Valid Sum 9886 2783 12669 printed 25.01.2012 page 304 Eurobarometer 60.0 - September 2003,isocntry M M AT 687 (78.9) 184 (21.1) 47 114 1032 871 BE 507 (65.6) 266 (34.4) 29 228 1030 773 DE-E 611 (81.4) 140 (18.6) 48 215 1014 751 DE-W 678 (85.5) 115 (14.5) 36 213 1042 793 DK 674 (83.9) 129 (16.1) 23 173 999 803 ES 536 (74.3) 185 (25.7) 70 209 1000 721 FI 664 (76.5) 204 (23.5) 27 116 1011 868 FR 567 (70.0) 243 (30.0) 43 198 1051 810 GB-GBN 695 (79.8) 176 (20.2) 47 86 1004 871 GB-NIR 201 (83.4) 40 (16.6) 17 52 310 241 GR 686 (80.8) 163 (19.2) 19 132 1000 849 IE 547 (86.1) 88 (13.9) 35 331 1001 635 IT 561 (73.7) 200 (26.3) 48 190 999 761 LU 441 (86.1) 71 (13.9) 15 79 606 512 NL 601 (73.7) 214 (26.3) 31 177 1023 815 PT 568 (75.3) 186 (24.7) 55 192 1001 754 SE 662 (78.7) 179 (21.3) 33 126 1000 841 N Sum 9886 2783 623 2831 16123 N Valid Sum 9886 2783 12669 printed 25.01.2012 page 304 Eurobarometer 60.0 - September 2003,GESIS Variable Report,330,ZA3937
v299,v299 1 2 3 4 9 N Sum N Valid Sum,Q57 DOM ELEC SAFETY LOGOS - PREV ACCIDNT,isocntry M M AT 580 (65.5) 126 (14.2) 180 (20.3) 30 114 1030 886 BE 629 (79.0) 76 (9.5) 91 (11.4) 7 228 1031 796 DE-E 606 (78.7) 59 (7.7) 105 (13.6) 30 215 1015 770 DE-W 602 (75.8) 53 (6.7) 139 (17.5) 37 213 1044 794 DK 665 (83.9) 74 (9.3) 54 (6.8) 33 173 999 793 ES 666 (87.7) 38 (5.0) 55 (7.2) 32 209 1000 759 FI 724 (83.5) 68 (7.8) 75 (8.7) 28 116 1011 867 FR 630 (75.7) 90 (10.8) 112 (13.5) 22 198 1052 832 GB-GBN 691 (77.8) 82 (9.2) 115 (13.0) 29 86 1003 888 GB-NIR 216 (87.1) 6 (2.4) 26 (10.5) 11 52 311 248 GR 751 (89.4) 38 (4.5) 51 (6.1) 28 132 1000 840 IE 543 (82.9) 34 (5.2) 78 (11.9) 14 331 1000 655 IT 621 (79.4) 48 (6.1) 113 (14.5) 27 190 999 782 LU 417 (79.9) 47 (9.0) 58 (11.1) 6 79 607 522 NL 676 (81.3) 74 (8.9) 82 (9.9) 13 177 1022 832 PT 629 (81.9) 52 (6.8) 87 (11.3) 40 192 1000 768 SE 762 (88.4) 43 (5.0) 57 (6.6) 11 126 999 862 N Sum 10408 1008 1478 398 2831 16123 N Valid Sum 10408 1008 1478 12894 printed 25.01.2012 page 305 Eurobarometer 60.0 - September 2003,isocntry M M AT 580 (65.5) 126 (14.2) 180 (20.3) 30 114 1030 886 BE 629 (79.0) 76 (9.5) 91 (11.4) 7 228 1031 796 DE-E 606 (78.7) 59 (7.7) 105 (13.6) 30 215 1015 770 DE-W 602 (75.8) 53 (6.7) 139 (17.5) 37 213 1044 794 DK 665 (83.9) 74 (9.3) 54 (6.8) 33 173 999 793 ES 666 (87.7) 38 (5.0) 55 (7.2) 32 209 1000 759 FI 724 (83.5) 68 (7.8) 75 (8.7) 28 116 1011 867 FR 630 (75.7) 90 (10.8) 112 (13.5) 22 198 1052 832 GB-GBN 691 (77.8) 82 (9.2) 115 (13.0) 29 86 1003 888 GB-NIR 216 (87.1) 6 (2.4) 26 (10.5) 11 52 311 248 GR 751 (89.4) 38 (4.5) 51 (6.1) 28 132 1000 840 IE 543 (82.9) 34 (5.2) 78 (11.9) 14 331 1000 655 IT 621 (79.4) 48 (6.1) 113 (14.5) 27 190 999 782 LU 417 (79.9) 47 (9.0) 58 (11.1) 6 79 607 522 NL 676 (81.3) 74 (8.9) 82 (9.9) 13 177 1022 832 PT 629 (81.9) 52 (6.8) 87 (11.3) 40 192 1000 768 SE 762 (88.4) 43 (5.0) 57 (6.6) 11 126 999 862 N Sum 10408 1008 1478 398 2831 16123 N Valid Sum 10408 1008 1478 12894 printed 25.01.2012 page 305 Eurobarometer 60.0 - September 2003,GESIS Variable Report,331,ZA3937
v300,v300 1 2 3 9 N Sum N Valid Sum,Q58 DOM ELEC SAFETY LOGOS - TK I ACCOUNT,isocntry M M AT 491 (57.2) 367 (42.8) 59 114 1031 858 BE 402 (51.5) 379 (48.5) 20 228 1029 781 DE-E 512 (68.9) 231 (31.1) 56 215 1014 743 DE-W 464 (60.1) 308 (39.9) 57 213 1042 772 DK 255 (32.2) 537 (67.8) 34 173 999 792 ES 350 (46.4) 404 (53.6) 37 209 1000 754 FI 400 (47.6) 440 (52.4) 55 116 1011 840 FR 344 (42.3) 469 (57.7) 40 198 1051 813 GB-GBN 342 (39.4) 526 (60.6) 50 86 1004 868 GB-NIR 117 (46.2) 136 (53.8) 6 52 311 253 GR 539 (63.4) 311 (36.6) 18 132 1000 850 IE 315 (50.6) 308 (49.4) 47 331 1001 623 IT 463 (61.1) 295 (38.9) 51 190 999 758 LU 324 (63.3) 188 (36.7) 15 79 606 512 NL 435 (53.3) 381 (46.7) 30 177 1023 816 PT 383 (49.1) 397 (50.9) 29 192 1001 780 SE 401 (47.9) 436 (52.1) 37 126 1000 837 N Sum 6537 6113 641 2831 16122 N Valid Sum 6537 6113 12650 printed 25.01.2012 page 306 Eurobarometer 60.0 - September 2003,isocntry M M AT 491 (57.2) 367 (42.8) 59 114 1031 858 BE 402 (51.5) 379 (48.5) 20 228 1029 781 DE-E 512 (68.9) 231 (31.1) 56 215 1014 743 DE-W 464 (60.1) 308 (39.9) 57 213 1042 772 DK 255 (32.2) 537 (67.8) 34 173 999 792 ES 350 (46.4) 404 (53.6) 37 209 1000 754 FI 400 (47.6) 440 (52.4) 55 116 1011 840 FR 344 (42.3) 469 (57.7) 40 198 1051 813 GB-GBN 342 (39.4) 526 (60.6) 50 86 1004 868 GB-NIR 117 (46.2) 136 (53.8) 6 52 311 253 GR 539 (63.4) 311 (36.6) 18 132 1000 850 IE 315 (50.6) 308 (49.4) 47 331 1001 623 IT 463 (61.1) 295 (38.9) 51 190 999 758 LU 324 (63.3) 188 (36.7) 15 79 606 512 NL 435 (53.3) 381 (46.7) 30 177 1023 816 PT 383 (49.1) 397 (50.9) 29 192 1001 780 SE 401 (47.9) 436 (52.1) 37 126 1000 837 N Sum 6537 6113 641 2831 16122 N Valid Sum 6537 6113 12650 printed 25.01.2012 page 306 Eurobarometer 60.0 - September 2003,GESIS Variable Report,332,ZA3937
v301,v301 1 2 3 9 N Sum N Valid Sum,Q59 DOM ELEC SAFETY LOGOS - STANDARDISE,isocntry M M AT 671 (87.9) 92 (12.1) 154 114 1031 763 BE 634 (86.3) 101 (13.7) 67 228 1030 735 DE-E 648 (90.6) 67 (9.4) 84 215 1014 715 DE-W 711 (93.3) 51 (6.7) 68 213 1043 762 DK 701 (92.7) 55 (7.3) 71 173 1000 756 ES 641 (92.1) 55 (7.9) 94 209 999 696 FI 719 (90.7) 74 (9.3) 102 116 1011 793 FR 644 (88.6) 83 (11.4) 126 198 1051 727 GB-GBN 806 (96.2) 32 (3.8) 80 86 1004 838 GB-NIR 233 (94.7) 13 (5.3) 13 52 311 246 GR 670 (88.9) 84 (11.1) 114 132 1000 754 IE 560 (94.6) 32 (5.4) 78 331 1001 592 IT 651 (93.4) 46 (6.6) 112 190 999 697 LU 423 (85.6) 71 (14.4) 33 79 606 494 NL 760 (93.1) 56 (6.9) 30 177 1023 816 PT 614 (87.5) 88 (12.5) 106 192 1000 702 SE 826 (97.5) 21 (2.5) 28 126 1001 847 N Sum 10912 1021 1360 2831 16124 N Valid Sum 10912 1021 11933 printed 25.01.2012 page 307 Eurobarometer 60.0 - September 2003,isocntry M M AT 671 (87.9) 92 (12.1) 154 114 1031 763 BE 634 (86.3) 101 (13.7) 67 228 1030 735 DE-E 648 (90.6) 67 (9.4) 84 215 1014 715 DE-W 711 (93.3) 51 (6.7) 68 213 1043 762 DK 701 (92.7) 55 (7.3) 71 173 1000 756 ES 641 (92.1) 55 (7.9) 94 209 999 696 FI 719 (90.7) 74 (9.3) 102 116 1011 793 FR 644 (88.6) 83 (11.4) 126 198 1051 727 GB-GBN 806 (96.2) 32 (3.8) 80 86 1004 838 GB-NIR 233 (94.7) 13 (5.3) 13 52 311 246 GR 670 (88.9) 84 (11.1) 114 132 1000 754 IE 560 (94.6) 32 (5.4) 78 331 1001 592 IT 651 (93.4) 46 (6.6) 112 190 999 697 LU 423 (85.6) 71 (14.4) 33 79 606 494 NL 760 (93.1) 56 (6.9) 30 177 1023 816 PT 614 (87.5) 88 (12.5) 106 192 1000 702 SE 826 (97.5) 21 (2.5) 28 126 1001 847 N Sum 10912 1021 1360 2831 16124 N Valid Sum 10912 1021 11933 printed 25.01.2012 page 307 Eurobarometer 60.0 - September 2003,GESIS Variable Report,333,ZA3937
v302,v302 1 2 3 9 N Sum N Valid Sum,Q60 DOM ELEC SAFETY SEEN - SYMBOL 1,isocntry M M AT 339 (39.8) 513 (60.2) 66 114 1032 852 BE 160 (20.8) 611 (79.2) 31 228 1030 771 DE-E 271 (36.7) 468 (63.3) 60 215 1014 739 DE-W 250 (33.4) 498 (66.6) 81 213 1042 748 DK 160 (20.0) 642 (80.0) 25 173 1000 802 ES 238 (30.7) 537 (69.3) 16 209 1000 775 FI 123 (14.1) 751 (85.9) 21 116 1011 874 FR 220 (27.1) 592 (72.9) 41 198 1051 812 GB-GBN 190 (22.0) 673 (78.0) 55 86 1004 863 GB-NIR 56 (22.7) 191 (77.3) 11 52 310 247 GR 143 (16.6) 717 (83.4) 8 132 1000 860 IE 201 (32.8) 412 (67.2) 57 331 1001 613 IT 217 (28.2) 552 (71.8) 40 190 999 769 LU 186 (37.0) 317 (63.0) 23 79 605 503 NL 212 (26.2) 597 (73.8) 36 177 1022 809 PT 181 (23.1) 604 (76.9) 23 192 1000 785 SE 120 (14.6) 704 (85.4) 50 126 1000 824 N Sum 3267 9379 644 2831 16121 N Valid Sum 3267 9379 12646 printed 25.01.2012 page 308 Eurobarometer 60.0 - September 2003,isocntry M M AT 339 (39.8) 513 (60.2) 66 114 1032 852 BE 160 (20.8) 611 (79.2) 31 228 1030 771 DE-E 271 (36.7) 468 (63.3) 60 215 1014 739 DE-W 250 (33.4) 498 (66.6) 81 213 1042 748 DK 160 (20.0) 642 (80.0) 25 173 1000 802 ES 238 (30.7) 537 (69.3) 16 209 1000 775 FI 123 (14.1) 751 (85.9) 21 116 1011 874 FR 220 (27.1) 592 (72.9) 41 198 1051 812 GB-GBN 190 (22.0) 673 (78.0) 55 86 1004 863 GB-NIR 56 (22.7) 191 (77.3) 11 52 310 247 GR 143 (16.6) 717 (83.4) 8 132 1000 860 IE 201 (32.8) 412 (67.2) 57 331 1001 613 IT 217 (28.2) 552 (71.8) 40 190 999 769 LU 186 (37.0) 317 (63.0) 23 79 605 503 NL 212 (26.2) 597 (73.8) 36 177 1022 809 PT 181 (23.1) 604 (76.9) 23 192 1000 785 SE 120 (14.6) 704 (85.4) 50 126 1000 824 N Sum 3267 9379 644 2831 16121 N Valid Sum 3267 9379 12646 printed 25.01.2012 page 308 Eurobarometer 60.0 - September 2003,GESIS Variable Report,334,ZA3937
v303,v303 1 2 3 9 N Sum N Valid Sum,Q60 DOM ELEC SAFETY SEEN - SYMBOL 2,isocntry M M AT 497 (57.5) 368 (42.5) 52 114 1031 865 BE 581 (74.4) 200 (25.6) 21 228 1030 781 DE-E 426 (56.3) 331 (43.7) 42 215 1014 757 DE-W 404 (52.7) 363 (47.3) 63 213 1043 767 DK 493 (61.2) 313 (38.8) 21 173 1000 806 ES 416 (53.7) 359 (46.3) 16 209 1000 775 FI 494 (56.5) 380 (43.5) 22 116 1012 874 FR 576 (69.8) 249 (30.2) 28 198 1051 825 GB-GBN 605 (69.6) 264 (30.4) 49 86 1004 869 GB-NIR 178 (70.6) 74 (29.4) 6 52 310 252 GR 486 (56.2) 379 (43.8) 3 132 1000 865 IE 439 (69.6) 192 (30.4) 39 331 1001 631 IT 519 (66.3) 264 (33.7) 26 190 999 783 LU 395 (77.5) 115 (22.5) 17 79 606 510 NL 443 (54.3) 373 (45.7) 31 177 1024 816 PT 453 (57.1) 340 (42.9) 15 192 1000 793 SE 567 (66.3) 288 (33.7) 20 126 1001 855 N Sum 7972 4852 471 2831 16126 N Valid Sum 7972 4852 12824 printed 25.01.2012 page 309 Eurobarometer 60.0 - September 2003,isocntry M M AT 497 (57.5) 368 (42.5) 52 114 1031 865 BE 581 (74.4) 200 (25.6) 21 228 1030 781 DE-E 426 (56.3) 331 (43.7) 42 215 1014 757 DE-W 404 (52.7) 363 (47.3) 63 213 1043 767 DK 493 (61.2) 313 (38.8) 21 173 1000 806 ES 416 (53.7) 359 (46.3) 16 209 1000 775 FI 494 (56.5) 380 (43.5) 22 116 1012 874 FR 576 (69.8) 249 (30.2) 28 198 1051 825 GB-GBN 605 (69.6) 264 (30.4) 49 86 1004 869 GB-NIR 178 (70.6) 74 (29.4) 6 52 310 252 GR 486 (56.2) 379 (43.8) 3 132 1000 865 IE 439 (69.6) 192 (30.4) 39 331 1001 631 IT 519 (66.3) 264 (33.7) 26 190 999 783 LU 395 (77.5) 115 (22.5) 17 79 606 510 NL 443 (54.3) 373 (45.7) 31 177 1024 816 PT 453 (57.1) 340 (42.9) 15 192 1000 793 SE 567 (66.3) 288 (33.7) 20 126 1001 855 N Sum 7972 4852 471 2831 16126 N Valid Sum 7972 4852 12824 printed 25.01.2012 page 309 Eurobarometer 60.0 - September 2003,GESIS Variable Report,335,ZA3937
v304,v304 1 2 3 9 N Sum N Valid Sum,Q60 DOM ELEC SAFETY SEEN - SYMBOL 3,isocntry M M AT 347 (40.5) 510 (59.5) 60 114 1031 857 BE 282 (36.5) 490 (63.5) 29 228 1029 772 DE-E 325 (45.1) 396 (54.9) 78 215 1014 721 DE-W 257 (33.9) 501 (66.1) 71 213 1042 758 DK 257 (31.9) 548 (68.1) 22 173 1000 805 ES 289 (37.5) 481 (62.5) 21 209 1000 770 FI 196 (22.5) 674 (77.5) 25 116 1011 870 FR 319 (39.3) 492 (60.7) 42 198 1051 811 GB-GBN 273 (32.0) 579 (68.0) 66 86 1004 852 GB-NIR 85 (34.1) 164 (65.9) 9 52 310 249 GR 298 (34.7) 562 (65.3) 7 132 999 860 IE 321 (51.7) 300 (48.3) 49 331 1001 621 IT 288 (37.5) 481 (62.5) 41 190 1000 769 LU 244 (48.0) 264 (52.0) 18 79 605 508 NL 232 (28.6) 579 (71.4) 35 177 1023 811 PT 295 (37.7) 487 (62.3) 26 192 1000 782 SE 248 (29.7) 588 (70.3) 38 126 1000 836 N Sum 4556 8096 637 2831 16120 N Valid Sum 4556 8096 12652 printed 25.01.2012 page 310 Eurobarometer 60.0 - September 2003,isocntry M M AT 347 (40.5) 510 (59.5) 60 114 1031 857 BE 282 (36.5) 490 (63.5) 29 228 1029 772 DE-E 325 (45.1) 396 (54.9) 78 215 1014 721 DE-W 257 (33.9) 501 (66.1) 71 213 1042 758 DK 257 (31.9) 548 (68.1) 22 173 1000 805 ES 289 (37.5) 481 (62.5) 21 209 1000 770 FI 196 (22.5) 674 (77.5) 25 116 1011 870 FR 319 (39.3) 492 (60.7) 42 198 1051 811 GB-GBN 273 (32.0) 579 (68.0) 66 86 1004 852 GB-NIR 85 (34.1) 164 (65.9) 9 52 310 249 GR 298 (34.7) 562 (65.3) 7 132 999 860 IE 321 (51.7) 300 (48.3) 49 331 1001 621 IT 288 (37.5) 481 (62.5) 41 190 1000 769 LU 244 (48.0) 264 (52.0) 18 79 605 508 NL 232 (28.6) 579 (71.4) 35 177 1023 811 PT 295 (37.7) 487 (62.3) 26 192 1000 782 SE 248 (29.7) 588 (70.3) 38 126 1000 836 N Sum 4556 8096 637 2831 16120 N Valid Sum 4556 8096 12652 printed 25.01.2012 page 310 Eurobarometer 60.0 - September 2003,GESIS Variable Report,336,ZA3937
v305,v305 1 2 3 9 N Sum N Valid Sum,Q60 DOM ELEC SAFETY SEEN - SYMBOL 4,isocntry M M AT 682 (78.5) 187 (21.5) 48 114 1031 869 BE 650 (83.1) 132 (16.9) 19 228 1029 782 DE-E 684 (89.1) 84 (10.9) 31 215 1014 768 DE-W 676 (86.7) 104 (13.3) 50 213 1043 780 DK 665 (81.6) 150 (18.4) 12 173 1000 815 ES 498 (64.9) 269 (35.1) 24 209 1000 767 FI 699 (79.8) 177 (20.2) 19 116 1011 876 FR 578 (70.8) 238 (29.2) 37 198 1051 816 GB-GBN 674 (77.5) 196 (22.5) 47 86 1003 870 GB-NIR 189 (73.8) 67 (26.2) 3 52 311 256 GR 556 (64.4) 308 (35.6) 4 132 1000 864 IE 399 (66.1) 205 (33.9) 66 331 1001 604 IT 528 (67.9) 250 (32.1) 31 190 999 778 LU 449 (87.7) 63 (12.3) 15 79 606 512 NL 698 (85.1) 122 (14.9) 26 177 1023 820 PT 528 (66.7) 264 (33.3) 16 192 1000 792 SE 699 (81.8) 156 (18.2) 18 126 999 855 N Sum 9852 2972 466 2831 16121 N Valid Sum 9852 2972 12824 printed 25.01.2012 page 311 Eurobarometer 60.0 - September 2003,isocntry M M AT 682 (78.5) 187 (21.5) 48 114 1031 869 BE 650 (83.1) 132 (16.9) 19 228 1029 782 DE-E 684 (89.1) 84 (10.9) 31 215 1014 768 DE-W 676 (86.7) 104 (13.3) 50 213 1043 780 DK 665 (81.6) 150 (18.4) 12 173 1000 815 ES 498 (64.9) 269 (35.1) 24 209 1000 767 FI 699 (79.8) 177 (20.2) 19 116 1011 876 FR 578 (70.8) 238 (29.2) 37 198 1051 816 GB-GBN 674 (77.5) 196 (22.5) 47 86 1003 870 GB-NIR 189 (73.8) 67 (26.2) 3 52 311 256 GR 556 (64.4) 308 (35.6) 4 132 1000 864 IE 399 (66.1) 205 (33.9) 66 331 1001 604 IT 528 (67.9) 250 (32.1) 31 190 999 778 LU 449 (87.7) 63 (12.3) 15 79 606 512 NL 698 (85.1) 122 (14.9) 26 177 1023 820 PT 528 (66.7) 264 (33.3) 16 192 1000 792 SE 699 (81.8) 156 (18.2) 18 126 999 855 N Sum 9852 2972 466 2831 16121 N Valid Sum 9852 2972 12824 printed 25.01.2012 page 311 Eurobarometer 60.0 - September 2003,GESIS Variable Report,337,ZA3937
v306,v306 1 2 3 9 N Sum N Valid Sum,Q60 DOM ELEC SAFETY SEEN - SYMBOL 5,isocntry M M AT 578 (67.3) 281 (32.7) 58 114 1031 859 BE 589 (75.4) 192 (24.6) 21 228 1030 781 DE-E 610 (80.1) 152 (19.9) 37 215 1014 762 DE-W 568 (73.7) 203 (26.3) 59 213 1043 771 DK 504 (63.2) 294 (36.8) 28 173 999 798 ES 405 (52.6) 365 (47.4) 21 209 1000 770 FI 521 (60.4) 342 (39.6) 32 116 1011 863 FR 476 (57.8) 347 (42.2) 31 198 1052 823 GB-GBN 641 (75.1) 213 (24.9) 64 86 1004 854 GB-NIR 179 (70.8) 74 (29.2) 5 52 310 253 GR 473 (54.9) 388 (45.1) 7 132 1000 861 IE 361 (59.8) 243 (40.2) 66 331 1001 604 IT 514 (66.2) 263 (33.8) 32 190 999 777 LU 413 (80.8) 98 (19.2) 16 79 606 511 NL 535 (67.2) 261 (32.8) 50 177 1023 796 PT 466 (58.9) 325 (41.1) 18 192 1001 791 SE 484 (57.8) 354 (42.2) 36 126 1000 838 N Sum 8317 4395 581 2831 16124 N Valid Sum 8317 4395 12712 printed 25.01.2012 page 312 Eurobarometer 60.0 - September 2003,isocntry M M AT 578 (67.3) 281 (32.7) 58 114 1031 859 BE 589 (75.4) 192 (24.6) 21 228 1030 781 DE-E 610 (80.1) 152 (19.9) 37 215 1014 762 DE-W 568 (73.7) 203 (26.3) 59 213 1043 771 DK 504 (63.2) 294 (36.8) 28 173 999 798 ES 405 (52.6) 365 (47.4) 21 209 1000 770 FI 521 (60.4) 342 (39.6) 32 116 1011 863 FR 476 (57.8) 347 (42.2) 31 198 1052 823 GB-GBN 641 (75.1) 213 (24.9) 64 86 1004 854 GB-NIR 179 (70.8) 74 (29.2) 5 52 310 253 GR 473 (54.9) 388 (45.1) 7 132 1000 861 IE 361 (59.8) 243 (40.2) 66 331 1001 604 IT 514 (66.2) 263 (33.8) 32 190 999 777 LU 413 (80.8) 98 (19.2) 16 79 606 511 NL 535 (67.2) 261 (32.8) 50 177 1023 796 PT 466 (58.9) 325 (41.1) 18 192 1001 791 SE 484 (57.8) 354 (42.2) 36 126 1000 838 N Sum 8317 4395 581 2831 16124 N Valid Sum 8317 4395 12712 printed 25.01.2012 page 312 Eurobarometer 60.0 - September 2003,GESIS Variable Report,338,ZA3937
v307,v307 1 2 3 9 N Sum N Valid Sum,Q60 DOM ELEC SAFETY SEEN - SYMBOL 6,isocntry M M AT 215 (25.3) 634 (74.7) 68 114 1031 849 BE 156 (20.2) 616 (79.8) 29 228 1029 772 DE-E 280 (38.0) 456 (62.0) 64 215 1015 736 DE-W 231 (30.8) 518 (69.2) 80 213 1042 749 DK 93 (11.5) 715 (88.5) 19 173 1000 808 ES 214 (27.7) 559 (72.3) 19 209 1001 773 FI 97 (11.1) 773 (88.9) 25 116 1011 870 FR 286 (35.2) 526 (64.8) 41 198 1051 812 GB-GBN 144 (16.9) 710 (83.1) 64 86 1004 854 GB-NIR 46 (18.3) 205 (81.7) 8 52 311 251 GR 252 (29.3) 609 (70.7) 6 132 999 861 IE 256 (42.2) 350 (57.8) 64 331 1001 606 IT 252 (32.4) 526 (67.6) 31 190 999 778 LU 176 (34.6) 332 (65.4) 19 79 606 508 NL 141 (17.2) 678 (82.8) 28 177 1024 819 PT 205 (26.0) 584 (74.0) 19 192 1000 789 SE 103 (12.2) 743 (87.8) 28 126 1000 846 N Sum 3147 9534 612 2831 16124 N Valid Sum 3147 9534 12681 printed 25.01.2012 page 313 Eurobarometer 60.0 - September 2003,isocntry M M AT 215 (25.3) 634 (74.7) 68 114 1031 849 BE 156 (20.2) 616 (79.8) 29 228 1029 772 DE-E 280 (38.0) 456 (62.0) 64 215 1015 736 DE-W 231 (30.8) 518 (69.2) 80 213 1042 749 DK 93 (11.5) 715 (88.5) 19 173 1000 808 ES 214 (27.7) 559 (72.3) 19 209 1001 773 FI 97 (11.1) 773 (88.9) 25 116 1011 870 FR 286 (35.2) 526 (64.8) 41 198 1051 812 GB-GBN 144 (16.9) 710 (83.1) 64 86 1004 854 GB-NIR 46 (18.3) 205 (81.7) 8 52 311 251 GR 252 (29.3) 609 (70.7) 6 132 999 861 IE 256 (42.2) 350 (57.8) 64 331 1001 606 IT 252 (32.4) 526 (67.6) 31 190 999 778 LU 176 (34.6) 332 (65.4) 19 79 606 508 NL 141 (17.2) 678 (82.8) 28 177 1024 819 PT 205 (26.0) 584 (74.0) 19 192 1000 789 SE 103 (12.2) 743 (87.8) 28 126 1000 846 N Sum 3147 9534 612 2831 16124 N Valid Sum 3147 9534 12681 printed 25.01.2012 page 313 Eurobarometer 60.0 - September 2003,GESIS Variable Report,339,ZA3937
v308,v308 1 2 3 9 N Sum N Valid Sum,Q60 DOM ELEC SAFETY SEEN - SYMBOL 7,isocntry M M AT 246 (29.6) 584 (70.4) 88 114 1032 830 BE 309 (40.1) 461 (59.9) 32 228 1030 770 DE-E 182 (25.0) 546 (75.0) 71 215 1014 728 DE-W 168 (22.4) 583 (77.6) 79 213 1043 751 DK 193 (24.2) 606 (75.8) 28 173 1000 799 ES 255 (33.4) 508 (66.6) 28 209 1000 763 FI 292 (34.0) 566 (66.0) 37 116 1011 858 FR 401 (49.5) 409 (50.5) 43 198 1051 810 GB-GBN 363 (43.6) 470 (56.4) 85 86 1004 833 GB-NIR 110 (43.0) 146 (57.0) 3 52 311 256 GR 292 (34.1) 564 (65.9) 11 132 999 856 IE 353 (57.1) 265 (42.9) 52 331 1001 618 IT 406 (52.8) 363 (47.2) 41 190 1000 769 LU 186 (38.8) 293 (61.2) 48 79 606 479 NL 288 (35.6) 520 (64.4) 39 177 1024 808 PT 292 (37.3) 491 (62.7) 25 192 1000 783 SE 315 (37.5) 525 (62.5) 34 126 1000 840 N Sum 4651 7900 744 2831 16126 N Valid Sum 4651 7900 12551 printed 25.01.2012 page 314 Eurobarometer 60.0 - September 2003,isocntry M M AT 246 (29.6) 584 (70.4) 88 114 1032 830 BE 309 (40.1) 461 (59.9) 32 228 1030 770 DE-E 182 (25.0) 546 (75.0) 71 215 1014 728 DE-W 168 (22.4) 583 (77.6) 79 213 1043 751 DK 193 (24.2) 606 (75.8) 28 173 1000 799 ES 255 (33.4) 508 (66.6) 28 209 1000 763 FI 292 (34.0) 566 (66.0) 37 116 1011 858 FR 401 (49.5) 409 (50.5) 43 198 1051 810 GB-GBN 363 (43.6) 470 (56.4) 85 86 1004 833 GB-NIR 110 (43.0) 146 (57.0) 3 52 311 256 GR 292 (34.1) 564 (65.9) 11 132 999 856 IE 353 (57.1) 265 (42.9) 52 331 1001 618 IT 406 (52.8) 363 (47.2) 41 190 1000 769 LU 186 (38.8) 293 (61.2) 48 79 606 479 NL 288 (35.6) 520 (64.4) 39 177 1024 808 PT 292 (37.3) 491 (62.7) 25 192 1000 783 SE 315 (37.5) 525 (62.5) 34 126 1000 840 N Sum 4651 7900 744 2831 16126 N Valid Sum 4651 7900 12551 printed 25.01.2012 page 314 Eurobarometer 60.0 - September 2003,GESIS Variable Report,340,ZA3937
v309,v309 1 2 3 4 5 9 N Sum N Valid Sum,Q61A DOM ELEC SAFETY SYMBOL - UNDERSTAND,isocntry M M AT 53 (5.9) 281 (31.3) 439 (48.9) 125 (13.9) 20 114 1032 898 BE 42 (5.3) 304 (38.4) 369 (46.6) 77 (9.7) 10 228 1030 792 DE-E 50 (6.4) 230 (29.4) 441 (56.4) 61 (7.8) 17 215 1014 782 DE-W 56 (7.0) 237 (29.7) 420 (52.6) 85 (10.7) 32 213 1043 798 DK 27 (3.3) 293 (35.7) 428 (52.1) 73 (8.9) 5 173 999 821 ES 44 (5.7) 213 (27.4) 366 (47.0) 155 (19.9) 13 209 1000 778 FI 25 (2.8) 220 (25.0) 509 (57.9) 125 (14.2) 15 116 1010 879 FR 37 (4.4) 312 (37.4) 387 (46.3) 99 (11.9) 18 198 1051 835 GB-GBN 44 (4.9) 269 (30.1) 474 (53.0) 108 (12.1) 22 86 1003 895 GB-NIR 13 (5.1) 81 (31.6) 126 (49.2) 36 (14.1) 2 52 310 256 GR 51 (5.9) 256 (29.7) 377 (43.7) 178 (20.6) 5 132 999 862 IE 35 (5.3) 213 (32.5) 312 (47.6) 95 (14.5) 16 331 1002 655 IT 32 (4.0) 264 (33.3) 386 (48.7) 110 (13.9) 18 190 1000 792 LU 90 (17.6) 221 (43.2) 170 (33.3) 30 (5.9) 16 79 606 511 NL 30 (3.6) 283 (33.8) 432 (51.6) 92 (11.0) 9 177 1023 837 PT 52 (6.5) 190 (23.8) 378 (47.3) 179 (22.4) 8 192 999 799 SE 19 (2.2) 268 (30.9) 477 (55.1) 102 (11.8) 8 126 1000 866 N Sum 700 4135 6491 1730 234 2831 16121 N Valid Sum 700 4135 6491 1730 13056 printed 25.01.2012 page 315 Eurobarometer 60.0 - September 2003,isocntry M M AT 53 (5.9) 281 (31.3) 439 (48.9) 125 (13.9) 20 114 1032 898 BE 42 (5.3) 304 (38.4) 369 (46.6) 77 (9.7) 10 228 1030 792 DE-E 50 (6.4) 230 (29.4) 441 (56.4) 61 (7.8) 17 215 1014 782 DE-W 56 (7.0) 237 (29.7) 420 (52.6) 85 (10.7) 32 213 1043 798 DK 27 (3.3) 293 (35.7) 428 (52.1) 73 (8.9) 5 173 999 821 ES 44 (5.7) 213 (27.4) 366 (47.0) 155 (19.9) 13 209 1000 778 FI 25 (2.8) 220 (25.0) 509 (57.9) 125 (14.2) 15 116 1010 879 FR 37 (4.4) 312 (37.4) 387 (46.3) 99 (11.9) 18 198 1051 835 GB-GBN 44 (4.9) 269 (30.1) 474 (53.0) 108 (12.1) 22 86 1003 895 GB-NIR 13 (5.1) 81 (31.6) 126 (49.2) 36 (14.1) 2 52 310 256 GR 51 (5.9) 256 (29.7) 377 (43.7) 178 (20.6) 5 132 999 862 IE 35 (5.3) 213 (32.5) 312 (47.6) 95 (14.5) 16 331 1002 655 IT 32 (4.0) 264 (33.3) 386 (48.7) 110 (13.9) 18 190 1000 792 LU 90 (17.6) 221 (43.2) 170 (33.3) 30 (5.9) 16 79 606 511 NL 30 (3.6) 283 (33.8) 432 (51.6) 92 (11.0) 9 177 1023 837 PT 52 (6.5) 190 (23.8) 378 (47.3) 179 (22.4) 8 192 999 799 SE 19 (2.2) 268 (30.9) 477 (55.1) 102 (11.8) 8 126 1000 866 N Sum 700 4135 6491 1730 234 2831 16121 N Valid Sum 700 4135 6491 1730 13056 printed 25.01.2012 page 315 Eurobarometer 60.0 - September 2003,GESIS Variable Report,341,ZA3937
v310,,Q61B DOM ELEC SAFETY SYMBOL - FOLLOW,,Q61B DOM ELEC SAFETY SYMBOL - FOLLOW,GESIS Variable Report,342,ZA3937
v311,v311 1 2 3 N Sum N Valid Sum,Q62 INTERNET PURCHASE - EVER USED,isocntry M AT 179 (17.5) 845 (82.5) 7 1031 1024 BE 121 (11.8) 901 (88.2) 7 1029 1022 DE-E 180 (17.8) 833 (82.2) 1 1014 1013 DE-W 229 (22.1) 805 (77.9) 8 1042 1034 DK 359 (36.0) 639 (64.0) 3 1001 998 ES 89 (8.9) 907 (91.1) 4 1000 996 FI 232 (23.0) 778 (77.0) 1 1011 1010 FR 125 (12.0) 919 (88.0) 7 1051 1044 GB-GBN 249 (24.9) 751 (75.1) 4 1004 1000 GB-NIR 74 (24.3) 231 (75.7) 5 310 305 GR 28 (2.8) 960 (97.2) 12 1000 988 IE 171 (17.2) 826 (82.8) 4 1001 997 IT 69 (6.9) 930 (93.1) 1 1000 999 LU 149 (24.7) 455 (75.3) 2 606 604 NL 314 (30.8) 706 (69.2) 4 1024 1020 PT 35 (3.5) 965 (96.5) 1000 1000 SE 371 (37.2) 625 (62.8) 4 1000 996 N Sum 2974 13076 74 16124 N Valid Sum 2974 13076 16050 printed 25.01.2012 page 317 Eurobarometer 60.0 - September 2003,isocntry M AT 179 (17.5) 845 (82.5) 7 1031 1024 BE 121 (11.8) 901 (88.2) 7 1029 1022 DE-E 180 (17.8) 833 (82.2) 1 1014 1013 DE-W 229 (22.1) 805 (77.9) 8 1042 1034 DK 359 (36.0) 639 (64.0) 3 1001 998 ES 89 (8.9) 907 (91.1) 4 1000 996 FI 232 (23.0) 778 (77.0) 1 1011 1010 FR 125 (12.0) 919 (88.0) 7 1051 1044 GB-GBN 249 (24.9) 751 (75.1) 4 1004 1000 GB-NIR 74 (24.3) 231 (75.7) 5 310 305 GR 28 (2.8) 960 (97.2) 12 1000 988 IE 171 (17.2) 826 (82.8) 4 1001 997 IT 69 (6.9) 930 (93.1) 1 1000 999 LU 149 (24.7) 455 (75.3) 2 606 604 NL 314 (30.8) 706 (69.2) 4 1024 1020 PT 35 (3.5) 965 (96.5) 1000 1000 SE 371 (37.2) 625 (62.8) 4 1000 996 N Sum 2974 13076 74 16124 N Valid Sum 2974 13076 16050 printed 25.01.2012 page 317 Eurobarometer 60.0 - September 2003,GESIS Variable Report,343,ZA3937
v312,,Q63 INTERNET PURCHASE - FREQUENCY,,Q63 INTERNET PURCHASE - FREQUENCY,GESIS Variable Report,344,ZA3937
v313,v313 0 1 9 N Sum N Valid Sum,Q64 INTERNET PURCHASE WORRY: PAYMENT SEC,isocntry M AT 117 (65.4) 62 (34.6) 852 1031 179 BE 58 (47.5) 64 (52.5) 909 1031 122 DE-E 110 (61.1) 70 (38.9) 834 1014 180 DE-W 143 (62.4) 86 (37.6) 813 1042 229 DK 213 (59.3) 146 (40.7) 641 1000 359 ES 35 (39.3) 54 (60.7) 911 1000 89 FI 148 (63.8) 84 (36.2) 779 1011 232 FR 61 (48.8) 64 (51.2) 926 1051 125 GB-GBN 105 (42.2) 144 (57.8) 755 1004 249 GB-NIR 34 (45.9) 40 (54.1) 236 310 74 GR 14 (50.0) 14 (50.0) 972 1000 28 IE 94 (55.0) 77 (45.0) 830 1001 171 IT 27 (39.1) 42 (60.9) 931 1000 69 LU 58 (39.2) 90 (60.8) 457 605 148 NL 190 (60.7) 123 (39.3) 709 1022 313 PT 16 (45.7) 19 (54.3) 965 1000 35 SE 199 (53.5) 173 (46.5) 629 1001 372 N Sum 1622 1352 13149 16123 N Valid Sum 1622 1352 2974 printed 25.01.2012 page 319 Eurobarometer 60.0 - September 2003,isocntry M AT 117 (65.4) 62 (34.6) 852 1031 179 BE 58 (47.5) 64 (52.5) 909 1031 122 DE-E 110 (61.1) 70 (38.9) 834 1014 180 DE-W 143 (62.4) 86 (37.6) 813 1042 229 DK 213 (59.3) 146 (40.7) 641 1000 359 ES 35 (39.3) 54 (60.7) 911 1000 89 FI 148 (63.8) 84 (36.2) 779 1011 232 FR 61 (48.8) 64 (51.2) 926 1051 125 GB-GBN 105 (42.2) 144 (57.8) 755 1004 249 GB-NIR 34 (45.9) 40 (54.1) 236 310 74 GR 14 (50.0) 14 (50.0) 972 1000 28 IE 94 (55.0) 77 (45.0) 830 1001 171 IT 27 (39.1) 42 (60.9) 931 1000 69 LU 58 (39.2) 90 (60.8) 457 605 148 NL 190 (60.7) 123 (39.3) 709 1022 313 PT 16 (45.7) 19 (54.3) 965 1000 35 SE 199 (53.5) 173 (46.5) 629 1001 372 N Sum 1622 1352 13149 16123 N Valid Sum 1622 1352 2974 printed 25.01.2012 page 319 Eurobarometer 60.0 - September 2003,GESIS Variable Report,345,ZA3937
v314,v314 0 1 9 N Sum N Valid Sum,Q64 INTERNET PURCHASE WORRY: CREDIBILITY,isocntry M AT 139 (78.1) 39 (21.9) 852 1030 178 BE 98 (80.3) 24 (19.7) 909 1031 122 DE-E 124 (68.9) 56 (31.1) 834 1014 180 DE-W 155 (67.7) 74 (32.3) 813 1042 229 DK 291 (81.1) 68 (18.9) 641 1000 359 ES 60 (68.2) 28 (31.8) 911 999 88 FI 176 (75.5) 57 (24.5) 779 1012 233 FR 100 (80.0) 25 (20.0) 926 1051 125 GB-GBN 177 (71.1) 72 (28.9) 755 1004 249 GB-NIR 50 (67.6) 24 (32.4) 236 310 74 GR 22 (75.9) 7 (24.1) 972 1001 29 IE 129 (75.4) 42 (24.6) 830 1001 171 IT 51 (73.9) 18 (26.1) 931 1000 69 LU 102 (68.5) 47 (31.5) 457 606 149 NL 243 (77.4) 71 (22.6) 709 1023 314 PT 25 (69.4) 11 (30.6) 965 1001 36 SE 309 (83.1) 63 (16.9) 629 1001 372 N Sum 2251 726 13149 16126 N Valid Sum 2251 726 2977 printed 25.01.2012 page 320 Eurobarometer 60.0 - September 2003,isocntry M AT 139 (78.1) 39 (21.9) 852 1030 178 BE 98 (80.3) 24 (19.7) 909 1031 122 DE-E 124 (68.9) 56 (31.1) 834 1014 180 DE-W 155 (67.7) 74 (32.3) 813 1042 229 DK 291 (81.1) 68 (18.9) 641 1000 359 ES 60 (68.2) 28 (31.8) 911 999 88 FI 176 (75.5) 57 (24.5) 779 1012 233 FR 100 (80.0) 25 (20.0) 926 1051 125 GB-GBN 177 (71.1) 72 (28.9) 755 1004 249 GB-NIR 50 (67.6) 24 (32.4) 236 310 74 GR 22 (75.9) 7 (24.1) 972 1001 29 IE 129 (75.4) 42 (24.6) 830 1001 171 IT 51 (73.9) 18 (26.1) 931 1000 69 LU 102 (68.5) 47 (31.5) 457 606 149 NL 243 (77.4) 71 (22.6) 709 1023 314 PT 25 (69.4) 11 (30.6) 965 1001 36 SE 309 (83.1) 63 (16.9) 629 1001 372 N Sum 2251 726 13149 16126 N Valid Sum 2251 726 2977 printed 25.01.2012 page 320 Eurobarometer 60.0 - September 2003,GESIS Variable Report,346,ZA3937
v315,v315 0 1 9 N Sum N Valid Sum,Q64 INTERNET PURCHASE WORRY: DELIVERY,isocntry M AT 132 (73.7) 47 (26.3) 852 1031 179 BE 79 (64.8) 43 (35.2) 909 1031 122 DE-E 110 (61.5) 69 (38.5) 834 1013 179 DE-W 138 (60.3) 91 (39.7) 813 1042 229 DK 239 (66.6) 120 (33.4) 641 1000 359 ES 63 (70.8) 26 (29.2) 911 1000 89 FI 154 (66.4) 78 (33.6) 779 1011 232 FR 70 (56.0) 55 (44.0) 926 1051 125 GB-GBN 164 (66.1) 84 (33.9) 755 1003 248 GB-NIR 46 (62.2) 28 (37.8) 236 310 74 GR 18 (64.3) 10 (35.7) 972 1000 28 IE 135 (79.4) 35 (20.6) 830 1000 170 IT 47 (68.1) 22 (31.9) 931 1000 69 LU 86 (58.1) 62 (41.9) 457 605 148 NL 204 (65.0) 110 (35.0) 709 1023 314 PT 19 (54.3) 16 (45.7) 965 1000 35 SE 230 (62.0) 141 (38.0) 629 1000 371 N Sum 1934 1037 13149 16120 N Valid Sum 1934 1037 2971 printed 25.01.2012 page 321 Eurobarometer 60.0 - September 2003,isocntry M AT 132 (73.7) 47 (26.3) 852 1031 179 BE 79 (64.8) 43 (35.2) 909 1031 122 DE-E 110 (61.5) 69 (38.5) 834 1013 179 DE-W 138 (60.3) 91 (39.7) 813 1042 229 DK 239 (66.6) 120 (33.4) 641 1000 359 ES 63 (70.8) 26 (29.2) 911 1000 89 FI 154 (66.4) 78 (33.6) 779 1011 232 FR 70 (56.0) 55 (44.0) 926 1051 125 GB-GBN 164 (66.1) 84 (33.9) 755 1003 248 GB-NIR 46 (62.2) 28 (37.8) 236 310 74 GR 18 (64.3) 10 (35.7) 972 1000 28 IE 135 (79.4) 35 (20.6) 830 1000 170 IT 47 (68.1) 22 (31.9) 931 1000 69 LU 86 (58.1) 62 (41.9) 457 605 148 NL 204 (65.0) 110 (35.0) 709 1023 314 PT 19 (54.3) 16 (45.7) 965 1000 35 SE 230 (62.0) 141 (38.0) 629 1000 371 N Sum 1934 1037 13149 16120 N Valid Sum 1934 1037 2971 printed 25.01.2012 page 321 Eurobarometer 60.0 - September 2003,GESIS Variable Report,347,ZA3937
v316,v316 0 1 9 N Sum N Valid Sum,Q64 INTERNET PURCHASE WORRY: CONS RIGHTS,isocntry M AT 156 (87.2) 23 (12.8) 852 1031 179 BE 105 (86.1) 17 (13.9) 909 1031 122 DE-E 142 (79.3) 37 (20.7) 834 1013 179 DE-W 180 (78.6) 49 (21.4) 813 1042 229 DK 296 (82.5) 63 (17.5) 641 1000 359 ES 61 (68.5) 28 (31.5) 911 1000 89 FI 190 (81.9) 42 (18.1) 779 1011 232 FR 94 (75.2) 31 (24.8) 926 1051 125 GB-GBN 189 (75.9) 60 (24.1) 755 1004 249 GB-NIR 66 (89.2) 8 (10.8) 236 310 74 GR 26 (92.9) 2 (7.1) 972 1000 28 IE 140 (81.9) 31 (18.1) 830 1001 171 IT 56 (81.2) 13 (18.8) 931 1000 69 LU 120 (81.1) 28 (18.9) 457 605 148 NL 256 (81.8) 57 (18.2) 709 1022 313 PT 25 (71.4) 10 (28.6) 965 1000 35 SE 308 (83.0) 63 (17.0) 629 1000 371 N Sum 2410 562 13149 16121 N Valid Sum 2410 562 2972 printed 25.01.2012 page 322 Eurobarometer 60.0 - September 2003,isocntry M AT 156 (87.2) 23 (12.8) 852 1031 179 BE 105 (86.1) 17 (13.9) 909 1031 122 DE-E 142 (79.3) 37 (20.7) 834 1013 179 DE-W 180 (78.6) 49 (21.4) 813 1042 229 DK 296 (82.5) 63 (17.5) 641 1000 359 ES 61 (68.5) 28 (31.5) 911 1000 89 FI 190 (81.9) 42 (18.1) 779 1011 232 FR 94 (75.2) 31 (24.8) 926 1051 125 GB-GBN 189 (75.9) 60 (24.1) 755 1004 249 GB-NIR 66 (89.2) 8 (10.8) 236 310 74 GR 26 (92.9) 2 (7.1) 972 1000 28 IE 140 (81.9) 31 (18.1) 830 1001 171 IT 56 (81.2) 13 (18.8) 931 1000 69 LU 120 (81.1) 28 (18.9) 457 605 148 NL 256 (81.8) 57 (18.2) 709 1022 313 PT 25 (71.4) 10 (28.6) 965 1000 35 SE 308 (83.0) 63 (17.0) 629 1000 371 N Sum 2410 562 13149 16121 N Valid Sum 2410 562 2972 printed 25.01.2012 page 322 Eurobarometer 60.0 - September 2003,GESIS Variable Report,348,ZA3937
v317,v317 0 1 9 N Sum N Valid Sum,Q64 INTERNET PURCHASE WORRY: WARRANTY,isocntry M AT 135 (75.4) 44 (24.6) 852 1031 179 BE 83 (68.6) 38 (31.4) 909 1030 121 DE-E 102 (56.7) 78 (43.3) 834 1014 180 DE-W 135 (59.0) 94 (41.0) 813 1042 229 DK 241 (67.3) 117 (32.7) 641 999 358 ES 52 (59.1) 36 (40.9) 911 999 88 FI 144 (62.1) 88 (37.9) 779 1011 232 FR 80 (64.0) 45 (36.0) 926 1051 125 GB-GBN 156 (62.7) 93 (37.3) 755 1004 249 GB-NIR 46 (62.2) 28 (37.8) 236 310 74 GR 21 (72.4) 8 (27.6) 972 1001 29 IE 135 (79.4) 35 (20.6) 830 1000 170 IT 40 (57.1) 30 (42.9) 931 1001 70 LU 97 (65.5) 51 (34.5) 457 605 148 NL 197 (62.9) 116 (37.1) 709 1022 313 PT 27 (75.0) 9 (25.0) 965 1001 36 SE 224 (60.4) 147 (39.6) 629 1000 371 N Sum 1915 1057 13149 16121 N Valid Sum 1915 1057 2972 printed 25.01.2012 page 323 Eurobarometer 60.0 - September 2003,isocntry M AT 135 (75.4) 44 (24.6) 852 1031 179 BE 83 (68.6) 38 (31.4) 909 1030 121 DE-E 102 (56.7) 78 (43.3) 834 1014 180 DE-W 135 (59.0) 94 (41.0) 813 1042 229 DK 241 (67.3) 117 (32.7) 641 999 358 ES 52 (59.1) 36 (40.9) 911 999 88 FI 144 (62.1) 88 (37.9) 779 1011 232 FR 80 (64.0) 45 (36.0) 926 1051 125 GB-GBN 156 (62.7) 93 (37.3) 755 1004 249 GB-NIR 46 (62.2) 28 (37.8) 236 310 74 GR 21 (72.4) 8 (27.6) 972 1001 29 IE 135 (79.4) 35 (20.6) 830 1000 170 IT 40 (57.1) 30 (42.9) 931 1001 70 LU 97 (65.5) 51 (34.5) 457 605 148 NL 197 (62.9) 116 (37.1) 709 1022 313 PT 27 (75.0) 9 (25.0) 965 1001 36 SE 224 (60.4) 147 (39.6) 629 1000 371 N Sum 1915 1057 13149 16121 N Valid Sum 1915 1057 2972 printed 25.01.2012 page 323 Eurobarometer 60.0 - September 2003,GESIS Variable Report,349,ZA3937
v318,v318 0 1 9 N Sum N Valid Sum,Q64 INTERNET PURCHASE WORRY: ANONYMITY,isocntry M AT 145 (81.5) 33 (18.5) 852 1030 178 BE 112 (91.8) 10 (8.2) 909 1031 122 DE-E 130 (72.2) 50 (27.8) 834 1014 180 DE-W 188 (82.1) 41 (17.9) 813 1042 229 DK 330 (92.2) 28 (7.8) 641 999 358 ES 82 (92.1) 7 (7.9) 911 1000 89 FI 166 (71.6) 66 (28.4) 779 1011 232 FR 106 (84.8) 19 (15.2) 926 1051 125 GB-GBN 202 (81.5) 46 (18.5) 755 1003 248 GB-NIR 62 (83.8) 12 (16.2) 236 310 74 GR 26 (89.7) 3 (10.3) 972 1001 29 IE 157 (91.8) 14 (8.2) 830 1001 171 IT 62 (88.6) 8 (11.4) 931 1001 70 LU 127 (85.2) 22 (14.8) 457 606 149 NL 266 (84.7) 48 (15.3) 709 1023 314 PT 29 (82.9) 6 (17.1) 965 1000 35 SE 330 (88.9) 41 (11.1) 629 1000 371 N Sum 2520 454 13149 16123 N Valid Sum 2520 454 2974 printed 25.01.2012 page 324 Eurobarometer 60.0 - September 2003,isocntry M AT 145 (81.5) 33 (18.5) 852 1030 178 BE 112 (91.8) 10 (8.2) 909 1031 122 DE-E 130 (72.2) 50 (27.8) 834 1014 180 DE-W 188 (82.1) 41 (17.9) 813 1042 229 DK 330 (92.2) 28 (7.8) 641 999 358 ES 82 (92.1) 7 (7.9) 911 1000 89 FI 166 (71.6) 66 (28.4) 779 1011 232 FR 106 (84.8) 19 (15.2) 926 1051 125 GB-GBN 202 (81.5) 46 (18.5) 755 1003 248 GB-NIR 62 (83.8) 12 (16.2) 236 310 74 GR 26 (89.7) 3 (10.3) 972 1001 29 IE 157 (91.8) 14 (8.2) 830 1001 171 IT 62 (88.6) 8 (11.4) 931 1001 70 LU 127 (85.2) 22 (14.8) 457 606 149 NL 266 (84.7) 48 (15.3) 709 1023 314 PT 29 (82.9) 6 (17.1) 965 1000 35 SE 330 (88.9) 41 (11.1) 629 1000 371 N Sum 2520 454 13149 16123 N Valid Sum 2520 454 2974 printed 25.01.2012 page 324 Eurobarometer 60.0 - September 2003,GESIS Variable Report,350,ZA3937
v319,v319 0 1 9 N Sum N Valid Sum,Q64 INTERNET PURCHASE WORRY: NOT WORRIED,isocntry M AT 118 (66.3) 60 (33.7) 852 1030 178 BE 91 (75.2) 30 (24.8) 909 1030 121 DE-E 148 (82.7) 31 (17.3) 834 1013 179 DE-W 175 (76.1) 55 (23.9) 813 1043 230 DK 247 (68.8) 112 (31.2) 641 1000 359 ES 81 (91.0) 8 (9.0) 911 1000 89 FI 174 (74.7) 59 (25.3) 779 1012 233 FR 98 (78.4) 27 (21.6) 926 1051 125 GB-GBN 189 (75.9) 60 (24.1) 755 1004 249 GB-NIR 55 (74.3) 19 (25.7) 236 310 74 GR 21 (75.0) 7 (25.0) 972 1000 28 IE 118 (69.0) 53 (31.0) 830 1001 171 IT 55 (79.7) 14 (20.3) 931 1000 69 LU 125 (83.9) 24 (16.1) 457 606 149 NL 219 (69.7) 95 (30.3) 709 1023 314 PT 31 (86.1) 5 (13.9) 965 1001 36 SE 276 (74.4) 95 (25.6) 629 1000 371 N Sum 2221 754 13149 16124 N Valid Sum 2221 754 2975 printed 25.01.2012 page 325 Eurobarometer 60.0 - September 2003,isocntry M AT 118 (66.3) 60 (33.7) 852 1030 178 BE 91 (75.2) 30 (24.8) 909 1030 121 DE-E 148 (82.7) 31 (17.3) 834 1013 179 DE-W 175 (76.1) 55 (23.9) 813 1043 230 DK 247 (68.8) 112 (31.2) 641 1000 359 ES 81 (91.0) 8 (9.0) 911 1000 89 FI 174 (74.7) 59 (25.3) 779 1012 233 FR 98 (78.4) 27 (21.6) 926 1051 125 GB-GBN 189 (75.9) 60 (24.1) 755 1004 249 GB-NIR 55 (74.3) 19 (25.7) 236 310 74 GR 21 (75.0) 7 (25.0) 972 1000 28 IE 118 (69.0) 53 (31.0) 830 1001 171 IT 55 (79.7) 14 (20.3) 931 1000 69 LU 125 (83.9) 24 (16.1) 457 606 149 NL 219 (69.7) 95 (30.3) 709 1023 314 PT 31 (86.1) 5 (13.9) 965 1001 36 SE 276 (74.4) 95 (25.6) 629 1000 371 N Sum 2221 754 13149 16124 N Valid Sum 2221 754 2975 printed 25.01.2012 page 325 Eurobarometer 60.0 - September 2003,GESIS Variable Report,351,ZA3937
v320,v320 0 1 9 N Sum N Valid Sum,Q64 INTERNET PURCHASE WORRY: OTHER,isocntry M AT 176 (98.3) 3 (1.7) 852 1031 179 BE 121 (99.2) 1 (0.8) 909 1031 122 DE-E 177 (98.9) 2 (1.1) 834 1013 179 DE-W 229 (100.0) 813 1042 229 DK 358 (99.7) 1 (0.3) 641 1000 359 ES 89 (100.0) 911 1000 89 FI 232 (100.0) 779 1011 232 FR 125 (100.0) 926 1051 125 GB-GBN 248 (99.6) 1 (0.4) 755 1004 249 GB-NIR 74 (100.0) 236 310 74 GR 28 (96.6) 1 (3.4) 972 1001 29 IE 170 (99.4) 1 (0.6) 830 1001 171 IT 68 (98.6) 1 (1.4) 931 1000 69 LU 146 (98.0) 3 (2.0) 457 606 149 NL 308 (98.1) 6 (1.9) 709 1023 314 PT 35 (100.0) 965 1000 35 SE 370 (99.7) 1 (0.3) 629 1000 371 N Sum 2954 21 13149 16124 N Valid Sum 2954 21 2975 printed 25.01.2012 page 326 Eurobarometer 60.0 - September 2003,isocntry M AT 176 (98.3) 3 (1.7) 852 1031 179 BE 121 (99.2) 1 (0.8) 909 1031 122 DE-E 177 (98.9) 2 (1.1) 834 1013 179 DE-W 229 (100.0) 813 1042 229 DK 358 (99.7) 1 (0.3) 641 1000 359 ES 89 (100.0) 911 1000 89 FI 232 (100.0) 779 1011 232 FR 125 (100.0) 926 1051 125 GB-GBN 248 (99.6) 1 (0.4) 755 1004 249 GB-NIR 74 (100.0) 236 310 74 GR 28 (96.6) 1 (3.4) 972 1001 29 IE 170 (99.4) 1 (0.6) 830 1001 171 IT 68 (98.6) 1 (1.4) 931 1000 69 LU 146 (98.0) 3 (2.0) 457 606 149 NL 308 (98.1) 6 (1.9) 709 1023 314 PT 35 (100.0) 965 1000 35 SE 370 (99.7) 1 (0.3) 629 1000 371 N Sum 2954 21 13149 16124 N Valid Sum 2954 21 2975 printed 25.01.2012 page 326 Eurobarometer 60.0 - September 2003,GESIS Variable Report,352,ZA3937
v321,v321 0 1 9 N Sum N Valid Sum,Q64 INTERNET PURCHASE WORRY: DK,isocntry M AT 179 (100.0) 852 1031 179 BE 119 (98.3) 2 (1.7) 909 1030 121 DE-E 178 (99.4) 1 (0.6) 834 1013 179 DE-W 226 (98.7) 3 (1.3) 813 1042 229 DK 359 (100.0) 641 1000 359 ES 87 (97.8) 2 (2.2) 911 1000 89 FI 227 (97.4) 6 (2.6) 779 1012 233 FR 125 (100.0) 926 1051 125 GB-GBN 247 (99.2) 2 (0.8) 755 1004 249 GB-NIR 74 (100.0) 236 310 74 GR 28 (100.0) 972 1000 28 IE 168 (98.2) 3 (1.8) 830 1001 171 IT 69 (100.0) 931 1000 69 LU 146 (98.6) 2 (1.4) 457 605 148 NL 310 (99.0) 3 (1.0) 709 1022 313 PT 35 (100.0) 965 1000 35 SE 366 (98.7) 5 (1.3) 629 1000 371 N Sum 2943 29 13149 16121 N Valid Sum 2943 29 2972 printed 25.01.2012 page 327 Eurobarometer 60.0 - September 2003,isocntry M AT 179 (100.0) 852 1031 179 BE 119 (98.3) 2 (1.7) 909 1030 121 DE-E 178 (99.4) 1 (0.6) 834 1013 179 DE-W 226 (98.7) 3 (1.3) 813 1042 229 DK 359 (100.0) 641 1000 359 ES 87 (97.8) 2 (2.2) 911 1000 89 FI 227 (97.4) 6 (2.6) 779 1012 233 FR 125 (100.0) 926 1051 125 GB-GBN 247 (99.2) 2 (0.8) 755 1004 249 GB-NIR 74 (100.0) 236 310 74 GR 28 (100.0) 972 1000 28 IE 168 (98.2) 3 (1.8) 830 1001 171 IT 69 (100.0) 931 1000 69 LU 146 (98.6) 2 (1.4) 457 605 148 NL 310 (99.0) 3 (1.0) 709 1022 313 PT 35 (100.0) 965 1000 35 SE 366 (98.7) 5 (1.3) 629 1000 371 N Sum 2943 29 13149 16121 N Valid Sum 2943 29 2972 printed 25.01.2012 page 327 Eurobarometer 60.0 - September 2003,GESIS Variable Report,353,ZA3937
v322,v322 0 1 9 N Sum N Valid Sum,Q65 INTERNET PURCHASE: BEST DEALS,isocntry M AT 132 (73.7) 47 (26.3) 852 1031 179 BE 97 (80.2) 24 (19.8) 909 1030 121 DE-E 72 (40.2) 107 (59.8) 834 1013 179 DE-W 116 (50.7) 113 (49.3) 813 1042 229 DK 191 (53.4) 167 (46.6) 641 999 358 ES 51 (58.0) 37 (42.0) 911 999 88 FI 203 (87.1) 30 (12.9) 779 1012 233 FR 57 (45.6) 68 (54.4) 926 1051 125 GB-GBN 110 (44.2) 139 (55.8) 755 1004 249 GB-NIR 28 (37.8) 46 (62.2) 236 310 74 GR 16 (57.1) 12 (42.9) 972 1000 28 IE 76 (44.4) 95 (55.6) 830 1001 171 IT 33 (47.8) 36 (52.2) 931 1000 69 LU 81 (54.4) 68 (45.6) 457 606 149 NL 233 (74.4) 80 (25.6) 709 1022 313 PT 15 (41.7) 21 (58.3) 965 1001 36 SE 248 (66.8) 123 (33.2) 629 1000 371 N Sum 1759 1213 13149 16121 N Valid Sum 1759 1213 2972 printed 25.01.2012 page 328 Eurobarometer 60.0 - September 2003,isocntry M AT 132 (73.7) 47 (26.3) 852 1031 179 BE 97 (80.2) 24 (19.8) 909 1030 121 DE-E 72 (40.2) 107 (59.8) 834 1013 179 DE-W 116 (50.7) 113 (49.3) 813 1042 229 DK 191 (53.4) 167 (46.6) 641 999 358 ES 51 (58.0) 37 (42.0) 911 999 88 FI 203 (87.1) 30 (12.9) 779 1012 233 FR 57 (45.6) 68 (54.4) 926 1051 125 GB-GBN 110 (44.2) 139 (55.8) 755 1004 249 GB-NIR 28 (37.8) 46 (62.2) 236 310 74 GR 16 (57.1) 12 (42.9) 972 1000 28 IE 76 (44.4) 95 (55.6) 830 1001 171 IT 33 (47.8) 36 (52.2) 931 1000 69 LU 81 (54.4) 68 (45.6) 457 606 149 NL 233 (74.4) 80 (25.6) 709 1022 313 PT 15 (41.7) 21 (58.3) 965 1001 36 SE 248 (66.8) 123 (33.2) 629 1000 371 N Sum 1759 1213 13149 16121 N Valid Sum 1759 1213 2972 printed 25.01.2012 page 328 Eurobarometer 60.0 - September 2003,GESIS Variable Report,354,ZA3937
v323,v323 0 1 9 N Sum N Valid Sum,Q65 INTERNET PURCHASE: HOME DELIVERY,isocntry M AT 140 (78.7) 38 (21.3) 852 1030 178 BE 109 (90.1) 12 (9.9) 909 1030 121 DE-E 110 (61.1) 70 (38.9) 834 1014 180 DE-W 147 (64.2) 82 (35.8) 813 1042 229 DK 245 (68.4) 113 (31.6) 641 999 358 ES 80 (89.9) 9 (10.1) 911 1000 89 FI 185 (79.7) 47 (20.3) 779 1011 232 FR 87 (69.6) 38 (30.4) 926 1051 125 GB-GBN 179 (71.9) 70 (28.1) 755 1004 249 GB-NIR 53 (71.6) 21 (28.4) 236 310 74 GR 24 (82.8) 5 (17.2) 972 1001 29 IE 154 (90.6) 16 (9.4) 830 1000 170 IT 62 (89.9) 7 (10.1) 931 1000 69 LU 89 (59.7) 60 (40.3) 457 606 149 NL 208 (66.5) 105 (33.5) 709 1022 313 PT 28 (80.0) 7 (20.0) 965 1000 35 SE 264 (71.2) 107 (28.8) 629 1000 371 N Sum 2164 807 13149 16120 N Valid Sum 2164 807 2971 printed 25.01.2012 page 329 Eurobarometer 60.0 - September 2003,isocntry M AT 140 (78.7) 38 (21.3) 852 1030 178 BE 109 (90.1) 12 (9.9) 909 1030 121 DE-E 110 (61.1) 70 (38.9) 834 1014 180 DE-W 147 (64.2) 82 (35.8) 813 1042 229 DK 245 (68.4) 113 (31.6) 641 999 358 ES 80 (89.9) 9 (10.1) 911 1000 89 FI 185 (79.7) 47 (20.3) 779 1011 232 FR 87 (69.6) 38 (30.4) 926 1051 125 GB-GBN 179 (71.9) 70 (28.1) 755 1004 249 GB-NIR 53 (71.6) 21 (28.4) 236 310 74 GR 24 (82.8) 5 (17.2) 972 1001 29 IE 154 (90.6) 16 (9.4) 830 1000 170 IT 62 (89.9) 7 (10.1) 931 1000 69 LU 89 (59.7) 60 (40.3) 457 606 149 NL 208 (66.5) 105 (33.5) 709 1022 313 PT 28 (80.0) 7 (20.0) 965 1000 35 SE 264 (71.2) 107 (28.8) 629 1000 371 N Sum 2164 807 13149 16120 N Valid Sum 2164 807 2971 printed 25.01.2012 page 329 Eurobarometer 60.0 - September 2003,GESIS Variable Report,355,ZA3937
v324,v324 0 1 9 N Sum N Valid Sum,Q65 INTERNET PURCHASE: EASY COMPARISONS,isocntry M AT 110 (61.5) 69 (38.5) 852 1031 179 BE 91 (74.6) 31 (25.4) 909 1031 122 DE-E 84 (46.9) 95 (53.1) 834 1013 179 DE-W 92 (40.2) 137 (59.8) 813 1042 229 DK 235 (65.5) 124 (34.5) 641 1000 359 ES 77 (86.5) 12 (13.5) 911 1000 89 FI 165 (71.1) 67 (28.9) 779 1011 232 FR 81 (64.8) 44 (35.2) 926 1051 125 GB-GBN 187 (75.1) 62 (24.9) 755 1004 249 GB-NIR 57 (77.0) 17 (23.0) 236 310 74 GR 17 (60.7) 11 (39.3) 972 1000 28 IE 148 (87.1) 22 (12.9) 830 1000 170 IT 55 (79.7) 14 (20.3) 931 1000 69 LU 106 (71.1) 43 (28.9) 457 606 149 NL 151 (48.2) 162 (51.8) 709 1022 313 PT 24 (68.6) 11 (31.4) 965 1000 35 SE 258 (69.4) 114 (30.6) 629 1001 372 N Sum 1938 1035 13149 16122 N Valid Sum 1938 1035 2973 printed 25.01.2012 page 330 Eurobarometer 60.0 - September 2003,isocntry M AT 110 (61.5) 69 (38.5) 852 1031 179 BE 91 (74.6) 31 (25.4) 909 1031 122 DE-E 84 (46.9) 95 (53.1) 834 1013 179 DE-W 92 (40.2) 137 (59.8) 813 1042 229 DK 235 (65.5) 124 (34.5) 641 1000 359 ES 77 (86.5) 12 (13.5) 911 1000 89 FI 165 (71.1) 67 (28.9) 779 1011 232 FR 81 (64.8) 44 (35.2) 926 1051 125 GB-GBN 187 (75.1) 62 (24.9) 755 1004 249 GB-NIR 57 (77.0) 17 (23.0) 236 310 74 GR 17 (60.7) 11 (39.3) 972 1000 28 IE 148 (87.1) 22 (12.9) 830 1000 170 IT 55 (79.7) 14 (20.3) 931 1000 69 LU 106 (71.1) 43 (28.9) 457 606 149 NL 151 (48.2) 162 (51.8) 709 1022 313 PT 24 (68.6) 11 (31.4) 965 1000 35 SE 258 (69.4) 114 (30.6) 629 1001 372 N Sum 1938 1035 13149 16122 N Valid Sum 1938 1035 2973 printed 25.01.2012 page 330 Eurobarometer 60.0 - September 2003,GESIS Variable Report,356,ZA3937
v325,v325 0 1 9 N Sum N Valid Sum,Q65 INTERNET PURCHASE: OFFERS FROM ABROAD,isocntry M AT 124 (69.3) 55 (30.7) 852 1031 179 BE 103 (85.1) 18 (14.9) 909 1030 121 DE-E 146 (81.1) 34 (18.9) 834 1014 180 DE-W 187 (81.7) 42 (18.3) 813 1042 229 DK 251 (70.1) 107 (29.9) 641 999 358 ES 73 (82.0) 16 (18.0) 911 1000 89 FI 171 (73.4) 62 (26.6) 779 1012 233 FR 108 (86.4) 17 (13.6) 926 1051 125 GB-GBN 182 (73.1) 67 (26.9) 755 1004 249 GB-NIR 59 (79.7) 15 (20.3) 236 310 74 GR 16 (57.1) 12 (42.9) 972 1000 28 IE 135 (79.4) 35 (20.6) 830 1000 170 IT 55 (78.6) 15 (21.4) 931 1001 70 LU 83 (56.1) 65 (43.9) 457 605 148 NL 256 (81.8) 57 (18.2) 709 1022 313 PT 27 (77.1) 8 (22.9) 965 1000 35 SE 288 (77.6) 83 (22.4) 629 1000 371 N Sum 2264 708 13149 16121 N Valid Sum 2264 708 2972 printed 25.01.2012 page 331 Eurobarometer 60.0 - September 2003,isocntry M AT 124 (69.3) 55 (30.7) 852 1031 179 BE 103 (85.1) 18 (14.9) 909 1030 121 DE-E 146 (81.1) 34 (18.9) 834 1014 180 DE-W 187 (81.7) 42 (18.3) 813 1042 229 DK 251 (70.1) 107 (29.9) 641 999 358 ES 73 (82.0) 16 (18.0) 911 1000 89 FI 171 (73.4) 62 (26.6) 779 1012 233 FR 108 (86.4) 17 (13.6) 926 1051 125 GB-GBN 182 (73.1) 67 (26.9) 755 1004 249 GB-NIR 59 (79.7) 15 (20.3) 236 310 74 GR 16 (57.1) 12 (42.9) 972 1000 28 IE 135 (79.4) 35 (20.6) 830 1000 170 IT 55 (78.6) 15 (21.4) 931 1001 70 LU 83 (56.1) 65 (43.9) 457 605 148 NL 256 (81.8) 57 (18.2) 709 1022 313 PT 27 (77.1) 8 (22.9) 965 1000 35 SE 288 (77.6) 83 (22.4) 629 1000 371 N Sum 2264 708 13149 16121 N Valid Sum 2264 708 2972 printed 25.01.2012 page 331 Eurobarometer 60.0 - September 2003,GESIS Variable Report,357,ZA3937
v326,v326 0 1 9 N Sum N Valid Sum,Q65 INTERNET PURCHASE: EXCLUSIVE OFFERS,isocntry M AT 121 (67.6) 58 (32.4) 852 1031 179 BE 92 (76.0) 29 (24.0) 909 1030 121 DE-E 110 (61.1) 70 (38.9) 834 1014 180 DE-W 131 (57.0) 99 (43.0) 813 1043 230 DK 222 (61.8) 137 (38.2) 641 1000 359 ES 59 (67.0) 29 (33.0) 911 999 88 FI 133 (57.3) 99 (42.7) 779 1011 232 FR 98 (78.4) 27 (21.6) 926 1051 125 GB-GBN 166 (66.7) 83 (33.3) 755 1004 249 GB-NIR 47 (63.5) 27 (36.5) 236 310 74 GR 22 (75.9) 7 (24.1) 972 1001 29 IE 131 (77.1) 39 (22.9) 830 1000 170 IT 50 (72.5) 19 (27.5) 931 1000 69 LU 102 (68.5) 47 (31.5) 457 606 149 NL 214 (68.2) 100 (31.8) 709 1023 314 PT 29 (80.6) 7 (19.4) 965 1001 36 SE 219 (58.9) 153 (41.1) 629 1001 372 N Sum 1946 1030 13149 16125 N Valid Sum 1946 1030 2976 printed 25.01.2012 page 332 Eurobarometer 60.0 - September 2003,isocntry M AT 121 (67.6) 58 (32.4) 852 1031 179 BE 92 (76.0) 29 (24.0) 909 1030 121 DE-E 110 (61.1) 70 (38.9) 834 1014 180 DE-W 131 (57.0) 99 (43.0) 813 1043 230 DK 222 (61.8) 137 (38.2) 641 1000 359 ES 59 (67.0) 29 (33.0) 911 999 88 FI 133 (57.3) 99 (42.7) 779 1011 232 FR 98 (78.4) 27 (21.6) 926 1051 125 GB-GBN 166 (66.7) 83 (33.3) 755 1004 249 GB-NIR 47 (63.5) 27 (36.5) 236 310 74 GR 22 (75.9) 7 (24.1) 972 1001 29 IE 131 (77.1) 39 (22.9) 830 1000 170 IT 50 (72.5) 19 (27.5) 931 1000 69 LU 102 (68.5) 47 (31.5) 457 606 149 NL 214 (68.2) 100 (31.8) 709 1023 314 PT 29 (80.6) 7 (19.4) 965 1001 36 SE 219 (58.9) 153 (41.1) 629 1001 372 N Sum 1946 1030 13149 16125 N Valid Sum 1946 1030 2976 printed 25.01.2012 page 332 Eurobarometer 60.0 - September 2003,GESIS Variable Report,358,ZA3937
v327,v327 0 1 9 N Sum N Valid Sum,Q65 INTERNET PURCHASE: AT ANY TIME,isocntry M AT 105 (59.0) 73 (41.0) 852 1030 178 BE 73 (60.3) 48 (39.7) 909 1030 121 DE-E 72 (40.0) 108 (60.0) 834 1014 180 DE-W 98 (42.6) 132 (57.4) 813 1043 230 DK 164 (45.7) 195 (54.3) 641 1000 359 ES 58 (65.9) 30 (34.1) 911 999 88 FI 93 (40.1) 139 (59.9) 779 1011 232 FR 71 (56.8) 54 (43.2) 926 1051 125 GB-GBN 154 (61.8) 95 (38.2) 755 1004 249 GB-NIR 37 (50.0) 37 (50.0) 236 310 74 GR 19 (65.5) 10 (34.5) 972 1001 29 IE 132 (77.6) 38 (22.4) 830 1000 170 IT 43 (61.4) 27 (38.6) 931 1001 70 LU 73 (49.3) 75 (50.7) 457 605 148 NL 139 (44.3) 175 (55.7) 709 1023 314 PT 26 (74.3) 9 (25.7) 965 1000 35 SE 140 (37.7) 231 (62.3) 629 1000 371 N Sum 1497 1476 13149 16122 N Valid Sum 1497 1476 2973 printed 25.01.2012 page 333 Eurobarometer 60.0 - September 2003,isocntry M AT 105 (59.0) 73 (41.0) 852 1030 178 BE 73 (60.3) 48 (39.7) 909 1030 121 DE-E 72 (40.0) 108 (60.0) 834 1014 180 DE-W 98 (42.6) 132 (57.4) 813 1043 230 DK 164 (45.7) 195 (54.3) 641 1000 359 ES 58 (65.9) 30 (34.1) 911 999 88 FI 93 (40.1) 139 (59.9) 779 1011 232 FR 71 (56.8) 54 (43.2) 926 1051 125 GB-GBN 154 (61.8) 95 (38.2) 755 1004 249 GB-NIR 37 (50.0) 37 (50.0) 236 310 74 GR 19 (65.5) 10 (34.5) 972 1001 29 IE 132 (77.6) 38 (22.4) 830 1000 170 IT 43 (61.4) 27 (38.6) 931 1001 70 LU 73 (49.3) 75 (50.7) 457 605 148 NL 139 (44.3) 175 (55.7) 709 1023 314 PT 26 (74.3) 9 (25.7) 965 1000 35 SE 140 (37.7) 231 (62.3) 629 1000 371 N Sum 1497 1476 13149 16122 N Valid Sum 1497 1476 2973 printed 25.01.2012 page 333 Eurobarometer 60.0 - September 2003,GESIS Variable Report,359,ZA3937
v328,v328 0 1 9 N Sum N Valid Sum,Q65 INTERNET PURCHASE: NOT GO TO SHOP,isocntry M AT 127 (70.9) 52 (29.1) 852 1031 179 BE 69 (57.0) 52 (43.0) 909 1030 121 DE-E 104 (58.1) 75 (41.9) 834 1013 179 DE-W 128 (55.9) 101 (44.1) 813 1042 229 DK 265 (73.8) 94 (26.2) 641 1000 359 ES 72 (80.9) 17 (19.1) 911 1000 89 FI 132 (56.9) 100 (43.1) 779 1011 232 FR 73 (58.4) 52 (41.6) 926 1051 125 GB-GBN 167 (67.1) 82 (32.9) 755 1004 249 GB-NIR 45 (60.8) 29 (39.2) 236 310 74 GR 21 (75.0) 7 (25.0) 972 1000 28 IE 135 (78.9) 36 (21.1) 830 1001 171 IT 52 (75.4) 17 (24.6) 931 1000 69 LU 95 (63.8) 54 (36.2) 457 606 149 NL 174 (55.4) 140 (44.6) 709 1023 314 PT 24 (66.7) 12 (33.3) 965 1001 36 SE 219 (58.9) 153 (41.1) 629 1001 372 N Sum 1902 1073 13149 16124 N Valid Sum 1902 1073 2975 printed 25.01.2012 page 334 Eurobarometer 60.0 - September 2003,isocntry M AT 127 (70.9) 52 (29.1) 852 1031 179 BE 69 (57.0) 52 (43.0) 909 1030 121 DE-E 104 (58.1) 75 (41.9) 834 1013 179 DE-W 128 (55.9) 101 (44.1) 813 1042 229 DK 265 (73.8) 94 (26.2) 641 1000 359 ES 72 (80.9) 17 (19.1) 911 1000 89 FI 132 (56.9) 100 (43.1) 779 1011 232 FR 73 (58.4) 52 (41.6) 926 1051 125 GB-GBN 167 (67.1) 82 (32.9) 755 1004 249 GB-NIR 45 (60.8) 29 (39.2) 236 310 74 GR 21 (75.0) 7 (25.0) 972 1000 28 IE 135 (78.9) 36 (21.1) 830 1001 171 IT 52 (75.4) 17 (24.6) 931 1000 69 LU 95 (63.8) 54 (36.2) 457 606 149 NL 174 (55.4) 140 (44.6) 709 1023 314 PT 24 (66.7) 12 (33.3) 965 1001 36 SE 219 (58.9) 153 (41.1) 629 1001 372 N Sum 1902 1073 13149 16124 N Valid Sum 1902 1073 2975 printed 25.01.2012 page 334 Eurobarometer 60.0 - September 2003,GESIS Variable Report,360,ZA3937
v329,v329 0 1 9 N Sum N Valid Sum,Q65 INTERNET PURCHASE: OTHER REASONS,isocntry M AT 164 (91.6) 15 (8.4) 852 1031 179 BE 109 (89.3) 13 (10.7) 909 1031 122 DE-E 177 (98.9) 2 (1.1) 834 1013 179 DE-W 224 (97.4) 6 (2.6) 813 1043 230 DK 345 (96.4) 13 (3.6) 641 999 358 ES 85 (95.5) 4 (4.5) 911 1000 89 FI 225 (96.6) 8 (3.4) 779 1012 233 FR 118 (94.4) 7 (5.6) 926 1051 125 GB-GBN 227 (91.2) 22 (8.8) 755 1004 249 GB-NIR 67 (90.5) 7 (9.5) 236 310 74 GR 25 (89.3) 3 (10.7) 972 1000 28 IE 162 (94.7) 9 (5.3) 830 1001 171 IT 66 (94.3) 4 (5.7) 931 1001 70 LU 139 (93.9) 9 (6.1) 457 605 148 NL 285 (90.8) 29 (9.2) 709 1023 314 PT 34 (94.4) 2 (5.6) 965 1001 36 SE 352 (94.6) 20 (5.4) 629 1001 372 N Sum 2804 173 13149 16126 N Valid Sum 2804 173 2977 printed 25.01.2012 page 335 Eurobarometer 60.0 - September 2003,isocntry M AT 164 (91.6) 15 (8.4) 852 1031 179 BE 109 (89.3) 13 (10.7) 909 1031 122 DE-E 177 (98.9) 2 (1.1) 834 1013 179 DE-W 224 (97.4) 6 (2.6) 813 1043 230 DK 345 (96.4) 13 (3.6) 641 999 358 ES 85 (95.5) 4 (4.5) 911 1000 89 FI 225 (96.6) 8 (3.4) 779 1012 233 FR 118 (94.4) 7 (5.6) 926 1051 125 GB-GBN 227 (91.2) 22 (8.8) 755 1004 249 GB-NIR 67 (90.5) 7 (9.5) 236 310 74 GR 25 (89.3) 3 (10.7) 972 1000 28 IE 162 (94.7) 9 (5.3) 830 1001 171 IT 66 (94.3) 4 (5.7) 931 1001 70 LU 139 (93.9) 9 (6.1) 457 605 148 NL 285 (90.8) 29 (9.2) 709 1023 314 PT 34 (94.4) 2 (5.6) 965 1001 36 SE 352 (94.6) 20 (5.4) 629 1001 372 N Sum 2804 173 13149 16126 N Valid Sum 2804 173 2977 printed 25.01.2012 page 335 Eurobarometer 60.0 - September 2003,GESIS Variable Report,361,ZA3937
v330,v330 0 1 9 N Sum N Valid Sum,Q65 INTERNET PURCHASE: DK,isocntry M AT 179 (100.0) 852 1031 179 BE 120 (99.2) 1 (0.8) 909 1030 121 DE-E 180 (100.0) 834 1014 180 DE-W 229 (99.6) 1 (0.4) 813 1043 230 DK 357 (99.4) 2 (0.6) 641 1000 359 ES 89 (100.0) 911 1000 89 FI 227 (97.8) 5 (2.2) 779 1011 232 FR 125 (100.0) 926 1051 125 GB-GBN 247 (99.2) 2 (0.8) 755 1004 249 GB-NIR 74 (100.0) 236 310 74 GR 28 (100.0) 972 1000 28 IE 166 (97.1) 5 (2.9) 830 1001 171 IT 69 (100.0) 931 1000 69 LU 145 (98.0) 3 (2.0) 457 605 148 NL 314 (100.0) 709 1023 314 PT 35 (100.0) 965 1000 35 SE 368 (99.2) 3 (0.8) 629 1000 371 N Sum 2952 22 13149 16123 N Valid Sum 2952 22 2974 printed 25.01.2012 page 336 Eurobarometer 60.0 - September 2003,isocntry M AT 179 (100.0) 852 1031 179 BE 120 (99.2) 1 (0.8) 909 1030 121 DE-E 180 (100.0) 834 1014 180 DE-W 229 (99.6) 1 (0.4) 813 1043 230 DK 357 (99.4) 2 (0.6) 641 1000 359 ES 89 (100.0) 911 1000 89 FI 227 (97.8) 5 (2.2) 779 1011 232 FR 125 (100.0) 926 1051 125 GB-GBN 247 (99.2) 2 (0.8) 755 1004 249 GB-NIR 74 (100.0) 236 310 74 GR 28 (100.0) 972 1000 28 IE 166 (97.1) 5 (2.9) 830 1001 171 IT 69 (100.0) 931 1000 69 LU 145 (98.0) 3 (2.0) 457 605 148 NL 314 (100.0) 709 1023 314 PT 35 (100.0) 965 1000 35 SE 368 (99.2) 3 (0.8) 629 1000 371 N Sum 2952 22 13149 16123 N Valid Sum 2952 22 2974 printed 25.01.2012 page 336 Eurobarometer 60.0 - September 2003,GESIS Variable Report,362,ZA3937
v331,v331 0 1 9 N Sum N Valid Sum,Q66 INTERNET PURCHASE PREF: TRADE BRANDS,isocntry M AT 91 (51.1) 87 (48.9) 852 1030 178 BE 57 (47.1) 64 (52.9) 909 1030 121 DE-E 87 (48.6) 92 (51.4) 834 1013 179 DE-W 108 (47.2) 121 (52.8) 813 1042 229 DK 159 (44.4) 199 (55.6) 641 999 358 ES 42 (47.2) 47 (52.8) 911 1000 89 FI 64 (27.5) 169 (72.5) 779 1012 233 FR 52 (41.6) 73 (58.4) 926 1051 125 GB-GBN 78 (31.3) 171 (68.7) 755 1004 249 GB-NIR 33 (44.6) 41 (55.4) 236 310 74 GR 11 (39.3) 17 (60.7) 972 1000 28 IE 96 (56.5) 74 (43.5) 830 1000 170 IT 33 (47.8) 36 (52.2) 931 1000 69 LU 98 (65.8) 51 (34.2) 457 606 149 NL 162 (51.6) 152 (48.4) 709 1023 314 PT 14 (40.0) 21 (60.0) 965 1000 35 SE 143 (38.5) 228 (61.5) 629 1000 371 N Sum 1328 1643 13149 16120 N Valid Sum 1328 1643 2971 printed 25.01.2012 page 337 Eurobarometer 60.0 - September 2003,isocntry M AT 91 (51.1) 87 (48.9) 852 1030 178 BE 57 (47.1) 64 (52.9) 909 1030 121 DE-E 87 (48.6) 92 (51.4) 834 1013 179 DE-W 108 (47.2) 121 (52.8) 813 1042 229 DK 159 (44.4) 199 (55.6) 641 999 358 ES 42 (47.2) 47 (52.8) 911 1000 89 FI 64 (27.5) 169 (72.5) 779 1012 233 FR 52 (41.6) 73 (58.4) 926 1051 125 GB-GBN 78 (31.3) 171 (68.7) 755 1004 249 GB-NIR 33 (44.6) 41 (55.4) 236 310 74 GR 11 (39.3) 17 (60.7) 972 1000 28 IE 96 (56.5) 74 (43.5) 830 1000 170 IT 33 (47.8) 36 (52.2) 931 1000 69 LU 98 (65.8) 51 (34.2) 457 606 149 NL 162 (51.6) 152 (48.4) 709 1023 314 PT 14 (40.0) 21 (60.0) 965 1000 35 SE 143 (38.5) 228 (61.5) 629 1000 371 N Sum 1328 1643 13149 16120 N Valid Sum 1328 1643 2971 printed 25.01.2012 page 337 Eurobarometer 60.0 - September 2003,GESIS Variable Report,363,ZA3937
v332,v332 0 1 9 N Sum N Valid Sum,Q66 INTERNET PURCHASE PREF: E-COMM BRANDS,isocntry M AT 80 (44.7) 99 (55.3) 852 1031 179 BE 87 (71.9) 34 (28.1) 909 1030 121 DE-E 73 (40.6) 107 (59.4) 834 1014 180 DE-W 86 (37.6) 143 (62.4) 813 1042 229 DK 223 (62.1) 136 (37.9) 641 1000 359 ES 56 (62.9) 33 (37.1) 911 1000 89 FI 175 (75.4) 57 (24.6) 779 1011 232 FR 68 (54.4) 57 (45.6) 926 1051 125 GB-GBN 130 (52.2) 119 (47.8) 755 1004 249 GB-NIR 28 (37.8) 46 (62.2) 236 310 74 GR 20 (69.0) 9 (31.0) 972 1001 29 IE 109 (63.7) 62 (36.3) 830 1001 171 IT 46 (66.7) 23 (33.3) 931 1000 69 LU 59 (39.9) 89 (60.1) 457 605 148 NL 164 (52.2) 150 (47.8) 709 1023 314 PT 26 (72.2) 10 (27.8) 965 1001 36 SE 232 (62.5) 139 (37.5) 629 1000 371 N Sum 1662 1313 13149 16124 N Valid Sum 1662 1313 2975 printed 25.01.2012 page 338 Eurobarometer 60.0 - September 2003,isocntry M AT 80 (44.7) 99 (55.3) 852 1031 179 BE 87 (71.9) 34 (28.1) 909 1030 121 DE-E 73 (40.6) 107 (59.4) 834 1014 180 DE-W 86 (37.6) 143 (62.4) 813 1042 229 DK 223 (62.1) 136 (37.9) 641 1000 359 ES 56 (62.9) 33 (37.1) 911 1000 89 FI 175 (75.4) 57 (24.6) 779 1011 232 FR 68 (54.4) 57 (45.6) 926 1051 125 GB-GBN 130 (52.2) 119 (47.8) 755 1004 249 GB-NIR 28 (37.8) 46 (62.2) 236 310 74 GR 20 (69.0) 9 (31.0) 972 1001 29 IE 109 (63.7) 62 (36.3) 830 1001 171 IT 46 (66.7) 23 (33.3) 931 1000 69 LU 59 (39.9) 89 (60.1) 457 605 148 NL 164 (52.2) 150 (47.8) 709 1023 314 PT 26 (72.2) 10 (27.8) 965 1001 36 SE 232 (62.5) 139 (37.5) 629 1000 371 N Sum 1662 1313 13149 16124 N Valid Sum 1662 1313 2975 printed 25.01.2012 page 338 Eurobarometer 60.0 - September 2003,GESIS Variable Report,364,ZA3937
v333,v333 0 1 9 N Sum N Valid Sum,Q66 INTERNET PURCHASE PREF: OTHERS,isocntry M AT 154 (86.0) 25 (14.0) 852 1031 179 BE 101 (82.8) 21 (17.2) 909 1031 122 DE-E 151 (83.9) 29 (16.1) 834 1014 180 DE-W 208 (90.8) 21 (9.2) 813 1042 229 DK 323 (90.2) 35 (9.8) 641 999 358 ES 78 (87.6) 11 (12.4) 911 1000 89 FI 217 (93.1) 16 (6.9) 779 1012 233 FR 111 (88.8) 14 (11.2) 926 1051 125 GB-GBN 233 (93.6) 16 (6.4) 755 1004 249 GB-NIR 72 (97.3) 2 (2.7) 236 310 74 GR 26 (92.9) 2 (7.1) 972 1000 28 IE 150 (87.7) 21 (12.3) 830 1001 171 IT 60 (87.0) 9 (13.0) 931 1000 69 LU 134 (90.5) 14 (9.5) 457 605 148 NL 250 (79.6) 64 (20.4) 709 1023 314 PT 27 (75.0) 9 (25.0) 965 1001 36 SE 338 (91.1) 33 (8.9) 629 1000 371 N Sum 2633 342 13149 16124 N Valid Sum 2633 342 2975 printed 25.01.2012 page 339 Eurobarometer 60.0 - September 2003,isocntry M AT 154 (86.0) 25 (14.0) 852 1031 179 BE 101 (82.8) 21 (17.2) 909 1031 122 DE-E 151 (83.9) 29 (16.1) 834 1014 180 DE-W 208 (90.8) 21 (9.2) 813 1042 229 DK 323 (90.2) 35 (9.8) 641 999 358 ES 78 (87.6) 11 (12.4) 911 1000 89 FI 217 (93.1) 16 (6.9) 779 1012 233 FR 111 (88.8) 14 (11.2) 926 1051 125 GB-GBN 233 (93.6) 16 (6.4) 755 1004 249 GB-NIR 72 (97.3) 2 (2.7) 236 310 74 GR 26 (92.9) 2 (7.1) 972 1000 28 IE 150 (87.7) 21 (12.3) 830 1001 171 IT 60 (87.0) 9 (13.0) 931 1000 69 LU 134 (90.5) 14 (9.5) 457 605 148 NL 250 (79.6) 64 (20.4) 709 1023 314 PT 27 (75.0) 9 (25.0) 965 1001 36 SE 338 (91.1) 33 (8.9) 629 1000 371 N Sum 2633 342 13149 16124 N Valid Sum 2633 342 2975 printed 25.01.2012 page 339 Eurobarometer 60.0 - September 2003,GESIS Variable Report,365,ZA3937
v334,v334 0 1 9 N Sum N Valid Sum,Q66 INTERNET PURCHASE PREF: DK,isocntry M AT 168 (93.9) 11 (6.1) 852 1031 179 BE 107 (88.4) 14 (11.6) 909 1030 121 DE-E 173 (96.1) 7 (3.9) 834 1014 180 DE-W 220 (96.1) 9 (3.9) 813 1042 229 DK 294 (81.9) 65 (18.1) 641 1000 359 ES 78 (87.6) 11 (12.4) 911 1000 89 FI 217 (93.5) 15 (6.5) 779 1011 232 FR 117 (93.6) 8 (6.4) 926 1051 125 GB-GBN 243 (97.6) 6 (2.4) 755 1004 249 GB-NIR 68 (91.9) 6 (8.1) 236 310 74 GR 26 (92.9) 2 (7.1) 972 1000 28 IE 137 (80.1) 34 (19.9) 830 1001 171 IT 62 (89.9) 7 (10.1) 931 1000 69 LU 136 (91.9) 12 (8.1) 457 605 148 NL 286 (91.1) 28 (8.9) 709 1023 314 PT 35 (100.0) 965 1000 35 SE 346 (93.3) 25 (6.7) 629 1000 371 N Sum 2713 260 13149 16122 N Valid Sum 2713 260 2973 printed 25.01.2012 page 340 Eurobarometer 60.0 - September 2003,isocntry M AT 168 (93.9) 11 (6.1) 852 1031 179 BE 107 (88.4) 14 (11.6) 909 1030 121 DE-E 173 (96.1) 7 (3.9) 834 1014 180 DE-W 220 (96.1) 9 (3.9) 813 1042 229 DK 294 (81.9) 65 (18.1) 641 1000 359 ES 78 (87.6) 11 (12.4) 911 1000 89 FI 217 (93.5) 15 (6.5) 779 1011 232 FR 117 (93.6) 8 (6.4) 926 1051 125 GB-GBN 243 (97.6) 6 (2.4) 755 1004 249 GB-NIR 68 (91.9) 6 (8.1) 236 310 74 GR 26 (92.9) 2 (7.1) 972 1000 28 IE 137 (80.1) 34 (19.9) 830 1001 171 IT 62 (89.9) 7 (10.1) 931 1000 69 LU 136 (91.9) 12 (8.1) 457 605 148 NL 286 (91.1) 28 (8.9) 709 1023 314 PT 35 (100.0) 965 1000 35 SE 346 (93.3) 25 (6.7) 629 1000 371 N Sum 2713 260 13149 16122 N Valid Sum 2713 260 2973 printed 25.01.2012 page 340 Eurobarometer 60.0 - September 2003,GESIS Variable Report,366,ZA3937
v335,v335 1 2 3 9 N Sum N Valid Sum,Q67 INTERNET PURCHASE IMP: OWN LANGUAGE,isocntry M M AT 141 (79.2) 37 (20.8) 1 852 1031 178 BE 89 (73.6) 32 (26.4) 909 1030 121 DE-E 162 (91.0) 16 (9.0) 1 834 1013 178 DE-W 194 (86.2) 31 (13.8) 4 813 1042 225 DK 171 (47.8) 187 (52.2) 641 999 358 ES 75 (84.3) 14 (15.7) 911 1000 89 FI 163 (70.6) 68 (29.4) 2 779 1012 231 FR 103 (82.4) 22 (17.6) 926 1051 125 GB-GBN 242 (97.6) 6 (2.4) 1 755 1004 248 GB-NIR 72 (97.3) 2 (2.7) 236 310 74 GR 16 (57.1) 12 (42.9) 972 1000 28 IE 166 (98.2) 3 (1.8) 2 830 1001 169 IT 54 (77.1) 16 (22.9) 931 1001 70 LU 31 (21.1) 116 (78.9) 2 457 606 147 NL 233 (74.9) 78 (25.1) 2 709 1022 311 PT 21 (58.3) 15 (41.7) 965 1001 36 SE 226 (62.1) 138 (37.9) 8 629 1001 364 N Sum 2159 793 23 13149 16124 N Valid Sum 2159 793 2952 printed 25.01.2012 page 341 Eurobarometer 60.0 - September 2003,isocntry M M AT 141 (79.2) 37 (20.8) 1 852 1031 178 BE 89 (73.6) 32 (26.4) 909 1030 121 DE-E 162 (91.0) 16 (9.0) 1 834 1013 178 DE-W 194 (86.2) 31 (13.8) 4 813 1042 225 DK 171 (47.8) 187 (52.2) 641 999 358 ES 75 (84.3) 14 (15.7) 911 1000 89 FI 163 (70.6) 68 (29.4) 2 779 1012 231 FR 103 (82.4) 22 (17.6) 926 1051 125 GB-GBN 242 (97.6) 6 (2.4) 1 755 1004 248 GB-NIR 72 (97.3) 2 (2.7) 236 310 74 GR 16 (57.1) 12 (42.9) 972 1000 28 IE 166 (98.2) 3 (1.8) 2 830 1001 169 IT 54 (77.1) 16 (22.9) 931 1001 70 LU 31 (21.1) 116 (78.9) 2 457 606 147 NL 233 (74.9) 78 (25.1) 2 709 1022 311 PT 21 (58.3) 15 (41.7) 965 1001 36 SE 226 (62.1) 138 (37.9) 8 629 1001 364 N Sum 2159 793 23 13149 16124 N Valid Sum 2159 793 2952 printed 25.01.2012 page 341 Eurobarometer 60.0 - September 2003,GESIS Variable Report,367,ZA3937
v336,v336 1 2 3 9 N Sum N Valid Sum,Q67 INTERNET PURCHASE IMP: NATIONAL SITE,isocntry M M AT 70 (39.8) 106 (60.2) 2 852 1030 176 BE 46 (37.7) 76 (62.3) 909 1031 122 DE-E 124 (70.1) 53 (29.9) 2 834 1013 177 DE-W 139 (62.9) 82 (37.1) 9 813 1043 221 DK 107 (30.3) 246 (69.7) 6 641 1000 353 ES 54 (62.1) 33 (37.9) 1 911 999 87 FI 125 (54.6) 104 (45.4) 4 779 1012 229 FR 73 (58.4) 52 (41.6) 926 1051 125 GB-GBN 110 (45.5) 132 (54.5) 7 755 1004 242 GB-NIR 10 (13.5) 64 (86.5) 236 310 74 GR 13 (46.4) 15 (53.6) 972 1000 28 IE 60 (37.5) 100 (62.5) 10 830 1000 160 IT 32 (46.4) 37 (53.6) 931 1000 69 LU 14 (9.5) 133 (90.5) 2 457 606 147 NL 211 (67.8) 100 (32.2) 3 709 1023 311 PT 14 (40.0) 21 (60.0) 965 1000 35 SE 166 (45.7) 197 (54.3) 8 629 1000 363 N Sum 1368 1551 54 13149 16122 N Valid Sum 1368 1551 2919 printed 25.01.2012 page 342 Eurobarometer 60.0 - September 2003,isocntry M M AT 70 (39.8) 106 (60.2) 2 852 1030 176 BE 46 (37.7) 76 (62.3) 909 1031 122 DE-E 124 (70.1) 53 (29.9) 2 834 1013 177 DE-W 139 (62.9) 82 (37.1) 9 813 1043 221 DK 107 (30.3) 246 (69.7) 6 641 1000 353 ES 54 (62.1) 33 (37.9) 1 911 999 87 FI 125 (54.6) 104 (45.4) 4 779 1012 229 FR 73 (58.4) 52 (41.6) 926 1051 125 GB-GBN 110 (45.5) 132 (54.5) 7 755 1004 242 GB-NIR 10 (13.5) 64 (86.5) 236 310 74 GR 13 (46.4) 15 (53.6) 972 1000 28 IE 60 (37.5) 100 (62.5) 10 830 1000 160 IT 32 (46.4) 37 (53.6) 931 1000 69 LU 14 (9.5) 133 (90.5) 2 457 606 147 NL 211 (67.8) 100 (32.2) 3 709 1023 311 PT 14 (40.0) 21 (60.0) 965 1000 35 SE 166 (45.7) 197 (54.3) 8 629 1000 363 N Sum 1368 1551 54 13149 16122 N Valid Sum 1368 1551 2919 printed 25.01.2012 page 342 Eurobarometer 60.0 - September 2003,GESIS Variable Report,368,ZA3937
v337,v337 1 2 3 9 N Sum N Valid Sum,Q67 INTERNET PURCHASE IMP: PRICE INDICATN,isocntry M M AT 173 (98.3) 3 (1.7) 2 852 1030 176 BE 120 (100.0) 1 909 1030 120 DE-E 177 (99.4) 1 (0.6) 2 834 1014 178 DE-W 226 (100.0) 4 813 1043 226 DK 356 (99.2) 3 (0.8) 641 1000 359 ES 89 (100.0) 911 1000 89 FI 230 (99.6) 1 (0.4) 1 779 1011 231 FR 125 (100.0) 926 1051 125 GB-GBN 246 (99.2) 2 (0.8) 1 755 1004 248 GB-NIR 74 (100.0) 236 310 74 GR 28 (100.0) 972 1000 28 IE 168 (99.4) 1 (0.6) 2 830 1001 169 IT 68 (98.6) 1 (1.4) 931 1000 69 LU 143 (97.3) 4 (2.7) 1 457 605 147 NL 309 (99.4) 2 (0.6) 3 709 1023 311 PT 33 (94.3) 2 (5.7) 965 1000 35 SE 366 (99.7) 1 (0.3) 4 629 1000 367 N Sum 2931 21 21 13149 16122 N Valid Sum 2931 21 2952 printed 25.01.2012 page 343 Eurobarometer 60.0 - September 2003,isocntry M M AT 173 (98.3) 3 (1.7) 2 852 1030 176 BE 120 (100.0) 1 909 1030 120 DE-E 177 (99.4) 1 (0.6) 2 834 1014 178 DE-W 226 (100.0) 4 813 1043 226 DK 356 (99.2) 3 (0.8) 641 1000 359 ES 89 (100.0) 911 1000 89 FI 230 (99.6) 1 (0.4) 1 779 1011 231 FR 125 (100.0) 926 1051 125 GB-GBN 246 (99.2) 2 (0.8) 1 755 1004 248 GB-NIR 74 (100.0) 236 310 74 GR 28 (100.0) 972 1000 28 IE 168 (99.4) 1 (0.6) 2 830 1001 169 IT 68 (98.6) 1 (1.4) 931 1000 69 LU 143 (97.3) 4 (2.7) 1 457 605 147 NL 309 (99.4) 2 (0.6) 3 709 1023 311 PT 33 (94.3) 2 (5.7) 965 1000 35 SE 366 (99.7) 1 (0.3) 4 629 1000 367 N Sum 2931 21 21 13149 16122 N Valid Sum 2931 21 2952 printed 25.01.2012 page 343 Eurobarometer 60.0 - September 2003,GESIS Variable Report,369,ZA3937
v338,v338 1 2 3 9 N Sum N Valid Sum,Q67 INTERNET PURCHASE IMP: PAYMENT WAYS,isocntry M M AT 149 (86.1) 24 (13.9) 6 852 1031 173 BE 106 (89.1) 13 (10.9) 3 909 1031 119 DE-E 157 (88.2) 21 (11.8) 2 834 1014 178 DE-W 186 (83.0) 38 (17.0) 5 813 1042 224 DK 267 (78.1) 75 (21.9) 17 641 1000 342 ES 79 (90.8) 8 (9.2) 2 911 1000 87 FI 167 (72.9) 62 (27.1) 4 779 1012 229 FR 111 (91.0) 11 (9.0) 3 926 1051 122 GB-GBN 208 (84.2) 39 (15.8) 2 755 1004 247 GB-NIR 61 (83.6) 12 (16.4) 2 236 311 73 GR 26 (92.9) 2 (7.1) 972 1000 28 IE 141 (84.9) 25 (15.1) 4 830 1000 166 IT 58 (85.3) 10 (14.7) 2 931 1001 68 LU 114 (79.2) 30 (20.8) 5 457 606 144 NL 258 (84.0) 49 (16.0) 7 709 1023 307 PT 31 (88.6) 4 (11.4) 965 1000 35 SE 316 (86.1) 51 (13.9) 5 629 1001 367 N Sum 2435 474 69 13149 16127 N Valid Sum 2435 474 2909 printed 25.01.2012 page 344 Eurobarometer 60.0 - September 2003,isocntry M M AT 149 (86.1) 24 (13.9) 6 852 1031 173 BE 106 (89.1) 13 (10.9) 3 909 1031 119 DE-E 157 (88.2) 21 (11.8) 2 834 1014 178 DE-W 186 (83.0) 38 (17.0) 5 813 1042 224 DK 267 (78.1) 75 (21.9) 17 641 1000 342 ES 79 (90.8) 8 (9.2) 2 911 1000 87 FI 167 (72.9) 62 (27.1) 4 779 1012 229 FR 111 (91.0) 11 (9.0) 3 926 1051 122 GB-GBN 208 (84.2) 39 (15.8) 2 755 1004 247 GB-NIR 61 (83.6) 12 (16.4) 2 236 311 73 GR 26 (92.9) 2 (7.1) 972 1000 28 IE 141 (84.9) 25 (15.1) 4 830 1000 166 IT 58 (85.3) 10 (14.7) 2 931 1001 68 LU 114 (79.2) 30 (20.8) 5 457 606 144 NL 258 (84.0) 49 (16.0) 7 709 1023 307 PT 31 (88.6) 4 (11.4) 965 1000 35 SE 316 (86.1) 51 (13.9) 5 629 1001 367 N Sum 2435 474 69 13149 16127 N Valid Sum 2435 474 2909 printed 25.01.2012 page 344 Eurobarometer 60.0 - September 2003,GESIS Variable Report,370,ZA3937
v339,v339 1 2 3 9 N Sum N Valid Sum,Q67 INTERNET PURCHASE IMP: AVAILABILITY INFO,isocntry M M AT 164 (93.7) 11 (6.3) 3 852 1030 175 BE 121 (99.2) 1 (0.8) 909 1031 122 DE-E 168 (94.9) 9 (5.1) 2 834 1013 177 DE-W 219 (97.3) 6 (2.7) 4 813 1042 225 DK 346 (96.9) 11 (3.1) 2 641 1000 357 ES 88 (98.9) 1 (1.1) 911 1000 89 FI 226 (97.8) 5 (2.2) 2 779 1012 231 FR 124 (99.2) 1 (0.8) 926 1051 125 GB-GBN 244 (98.4) 4 (1.6) 1 755 1004 248 GB-NIR 73 (98.6) 1 (1.4) 236 310 74 GR 28 (100.0) 972 1000 28 IE 165 (97.6) 4 (2.4) 2 830 1001 169 IT 67 (98.5) 1 (1.5) 2 931 1001 68 LU 138 (93.9) 9 (6.1) 1 457 605 147 NL 301 (97.1) 9 (2.9) 4 709 1023 310 PT 35 (100.0) 965 1000 35 SE 356 (97.8) 8 (2.2) 7 629 1000 364 N Sum 2863 81 30 13149 16123 N Valid Sum 2863 81 2944 printed 25.01.2012 page 345 Eurobarometer 60.0 - September 2003,isocntry M M AT 164 (93.7) 11 (6.3) 3 852 1030 175 BE 121 (99.2) 1 (0.8) 909 1031 122 DE-E 168 (94.9) 9 (5.1) 2 834 1013 177 DE-W 219 (97.3) 6 (2.7) 4 813 1042 225 DK 346 (96.9) 11 (3.1) 2 641 1000 357 ES 88 (98.9) 1 (1.1) 911 1000 89 FI 226 (97.8) 5 (2.2) 2 779 1012 231 FR 124 (99.2) 1 (0.8) 926 1051 125 GB-GBN 244 (98.4) 4 (1.6) 1 755 1004 248 GB-NIR 73 (98.6) 1 (1.4) 236 310 74 GR 28 (100.0) 972 1000 28 IE 165 (97.6) 4 (2.4) 2 830 1001 169 IT 67 (98.5) 1 (1.5) 2 931 1001 68 LU 138 (93.9) 9 (6.1) 1 457 605 147 NL 301 (97.1) 9 (2.9) 4 709 1023 310 PT 35 (100.0) 965 1000 35 SE 356 (97.8) 8 (2.2) 7 629 1000 364 N Sum 2863 81 30 13149 16123 N Valid Sum 2863 81 2944 printed 25.01.2012 page 345 Eurobarometer 60.0 - September 2003,GESIS Variable Report,371,ZA3937
v340,v340 1 2 3 9 N Sum N Valid Sum,Q67 INTERNET PURCHASE IMP: DELIV CONDITION,isocntry M M AT 169 (95.5) 8 (4.5) 2 852 1031 177 BE 121 (100.0) 909 1030 121 DE-E 178 (99.4) 1 (0.6) 1 834 1014 179 DE-W 218 (97.8) 5 (2.2) 6 813 1042 223 DK 349 (97.8) 8 (2.2) 1 641 999 357 ES 85 (97.7) 2 (2.3) 2 911 1000 87 FI 219 (94.4) 13 (5.6) 1 779 1012 232 FR 125 (100.0) 926 1051 125 GB-GBN 241 (97.6) 6 (2.4) 2 755 1004 247 GB-NIR 73 (98.6) 1 (1.4) 236 310 74 GR 27 (96.4) 1 (3.6) 972 1000 28 IE 167 (99.4) 1 (0.6) 3 830 1001 168 IT 67 (98.5) 1 (1.5) 1 931 1000 68 LU 142 (96.6) 5 (3.4) 1 457 605 147 NL 305 (98.1) 6 (1.9) 3 709 1023 311 PT 35 (100.0) 965 1000 35 SE 363 (98.9) 4 (1.1) 4 629 1000 367 N Sum 2884 62 27 13149 16122 N Valid Sum 2884 62 2946 printed 25.01.2012 page 346 Eurobarometer 60.0 - September 2003,isocntry M M AT 169 (95.5) 8 (4.5) 2 852 1031 177 BE 121 (100.0) 909 1030 121 DE-E 178 (99.4) 1 (0.6) 1 834 1014 179 DE-W 218 (97.8) 5 (2.2) 6 813 1042 223 DK 349 (97.8) 8 (2.2) 1 641 999 357 ES 85 (97.7) 2 (2.3) 2 911 1000 87 FI 219 (94.4) 13 (5.6) 1 779 1012 232 FR 125 (100.0) 926 1051 125 GB-GBN 241 (97.6) 6 (2.4) 2 755 1004 247 GB-NIR 73 (98.6) 1 (1.4) 236 310 74 GR 27 (96.4) 1 (3.6) 972 1000 28 IE 167 (99.4) 1 (0.6) 3 830 1001 168 IT 67 (98.5) 1 (1.5) 1 931 1000 68 LU 142 (96.6) 5 (3.4) 1 457 605 147 NL 305 (98.1) 6 (1.9) 3 709 1023 311 PT 35 (100.0) 965 1000 35 SE 363 (98.9) 4 (1.1) 4 629 1000 367 N Sum 2884 62 27 13149 16122 N Valid Sum 2884 62 2946 printed 25.01.2012 page 346 Eurobarometer 60.0 - September 2003,GESIS Variable Report,372,ZA3937
v341,v341 1 2 3 9 N Sum N Valid Sum,Q67 INTERNET PURCHASE IMP: DELIV TRACKING,isocntry M M AT 157 (90.8) 16 (9.2) 6 852 1031 173 BE 117 (96.7) 4 (3.3) 909 1030 121 DE-E 156 (88.1) 21 (11.9) 3 834 1014 177 DE-W 191 (86.8) 29 (13.2) 9 813 1042 220 DK 194 (57.2) 145 (42.8) 20 641 1000 339 ES 85 (97.7) 2 (2.3) 2 911 1000 87 FI 165 (74.0) 58 (26.0) 10 779 1012 223 FR 116 (92.8) 9 (7.2) 1 926 1052 125 GB-GBN 213 (89.1) 26 (10.9) 10 755 1004 239 GB-NIR 72 (98.6) 1 (1.4) 1 236 310 73 GR 26 (89.7) 3 (10.3) 972 1001 29 IE 164 (97.6) 4 (2.4) 3 830 1001 168 IT 66 (97.1) 2 (2.9) 1 931 1000 68 LU 137 (92.6) 11 (7.4) 457 605 148 NL 298 (96.4) 11 (3.6) 4 709 1022 309 PT 34 (100.0) 1 965 1000 34 SE 320 (88.6) 41 (11.4) 11 629 1001 361 N Sum 2511 383 82 13149 16125 N Valid Sum 2511 383 2894 printed 25.01.2012 page 347 Eurobarometer 60.0 - September 2003,isocntry M M AT 157 (90.8) 16 (9.2) 6 852 1031 173 BE 117 (96.7) 4 (3.3) 909 1030 121 DE-E 156 (88.1) 21 (11.9) 3 834 1014 177 DE-W 191 (86.8) 29 (13.2) 9 813 1042 220 DK 194 (57.2) 145 (42.8) 20 641 1000 339 ES 85 (97.7) 2 (2.3) 2 911 1000 87 FI 165 (74.0) 58 (26.0) 10 779 1012 223 FR 116 (92.8) 9 (7.2) 1 926 1052 125 GB-GBN 213 (89.1) 26 (10.9) 10 755 1004 239 GB-NIR 72 (98.6) 1 (1.4) 1 236 310 73 GR 26 (89.7) 3 (10.3) 972 1001 29 IE 164 (97.6) 4 (2.4) 3 830 1001 168 IT 66 (97.1) 2 (2.9) 1 931 1000 68 LU 137 (92.6) 11 (7.4) 457 605 148 NL 298 (96.4) 11 (3.6) 4 709 1022 309 PT 34 (100.0) 1 965 1000 34 SE 320 (88.6) 41 (11.4) 11 629 1001 361 N Sum 2511 383 82 13149 16125 N Valid Sum 2511 383 2894 printed 25.01.2012 page 347 Eurobarometer 60.0 - September 2003,GESIS Variable Report,373,ZA3937
v342,v342 1 2 3 9 N Sum N Valid Sum,Q67 INTERNET PURCHASE IMP: DELIV RELIABLE,isocntry M M AT 168 (95.5) 8 (4.5) 3 852 1031 176 BE 119 (99.2) 1 (0.8) 1 909 1030 120 DE-E 176 (98.3) 3 (1.7) 834 1013 179 DE-W 223 (98.2) 4 (1.8) 3 813 1043 227 DK 351 (99.2) 3 (0.8) 4 641 999 354 ES 88 (100.0) 1 911 1000 88 FI 229 (99.6) 1 (0.4) 2 779 1011 230 FR 123 (99.2) 1 (0.8) 1 926 1051 124 GB-GBN 243 (99.2) 2 (0.8) 3 755 1003 245 GB-NIR 74 (100.0) 236 310 74 GR 28 (100.0) 972 1000 28 IE 163 (98.2) 3 (1.8) 4 830 1000 166 IT 65 (94.2) 4 (5.8) 1 931 1001 69 LU 146 (100.0) 3 457 606 146 NL 307 (99.0) 3 (1.0) 4 709 1023 310 PT 35 (100.0) 965 1000 35 SE 354 (97.8) 8 (2.2) 9 629 1000 362 N Sum 2892 41 39 13149 16121 N Valid Sum 2892 41 2933 printed 25.01.2012 page 348 Eurobarometer 60.0 - September 2003,isocntry M M AT 168 (95.5) 8 (4.5) 3 852 1031 176 BE 119 (99.2) 1 (0.8) 1 909 1030 120 DE-E 176 (98.3) 3 (1.7) 834 1013 179 DE-W 223 (98.2) 4 (1.8) 3 813 1043 227 DK 351 (99.2) 3 (0.8) 4 641 999 354 ES 88 (100.0) 1 911 1000 88 FI 229 (99.6) 1 (0.4) 2 779 1011 230 FR 123 (99.2) 1 (0.8) 1 926 1051 124 GB-GBN 243 (99.2) 2 (0.8) 3 755 1003 245 GB-NIR 74 (100.0) 236 310 74 GR 28 (100.0) 972 1000 28 IE 163 (98.2) 3 (1.8) 4 830 1000 166 IT 65 (94.2) 4 (5.8) 1 931 1001 69 LU 146 (100.0) 3 457 606 146 NL 307 (99.0) 3 (1.0) 4 709 1023 310 PT 35 (100.0) 965 1000 35 SE 354 (97.8) 8 (2.2) 9 629 1000 362 N Sum 2892 41 39 13149 16121 N Valid Sum 2892 41 2933 printed 25.01.2012 page 348 Eurobarometer 60.0 - September 2003,GESIS Variable Report,374,ZA3937
v343,v343 1 2 3 9 N Sum N Valid Sum,Q67 INTERNET PURCHASE IMP: CONTRACT TERMS,isocntry M M AT 168 (96.6) 6 (3.4) 5 852 1031 174 BE 114 (93.4) 8 (6.6) 909 1031 122 DE-E 173 (97.2) 5 (2.8) 1 834 1013 178 DE-W 223 (98.2) 4 (1.8) 3 813 1043 227 DK 324 (91.8) 29 (8.2) 5 641 999 353 ES 84 (95.5) 4 (4.5) 1 911 1000 88 FI 207 (90.0) 23 (10.0) 2 779 1011 230 FR 119 (96.0) 5 (4.0) 1 926 1051 124 GB-GBN 231 (94.7) 13 (5.3) 5 755 1004 244 GB-NIR 70 (95.9) 3 (4.1) 1 236 310 73 GR 28 (100.0) 972 1000 28 IE 159 (95.8) 7 (4.2) 5 830 1001 166 IT 68 (100.0) 1 931 1000 68 LU 137 (94.5) 8 (5.5) 3 457 605 145 NL 286 (93.5) 20 (6.5) 7 709 1022 306 PT 34 (97.1) 1 (2.9) 965 1000 35 SE 339 (93.9) 22 (6.1) 11 629 1001 361 N Sum 2764 158 51 13149 16122 N Valid Sum 2764 158 2922 printed 25.01.2012 page 349 Eurobarometer 60.0 - September 2003,isocntry M M AT 168 (96.6) 6 (3.4) 5 852 1031 174 BE 114 (93.4) 8 (6.6) 909 1031 122 DE-E 173 (97.2) 5 (2.8) 1 834 1013 178 DE-W 223 (98.2) 4 (1.8) 3 813 1043 227 DK 324 (91.8) 29 (8.2) 5 641 999 353 ES 84 (95.5) 4 (4.5) 1 911 1000 88 FI 207 (90.0) 23 (10.0) 2 779 1011 230 FR 119 (96.0) 5 (4.0) 1 926 1051 124 GB-GBN 231 (94.7) 13 (5.3) 5 755 1004 244 GB-NIR 70 (95.9) 3 (4.1) 1 236 310 73 GR 28 (100.0) 972 1000 28 IE 159 (95.8) 7 (4.2) 5 830 1001 166 IT 68 (100.0) 1 931 1000 68 LU 137 (94.5) 8 (5.5) 3 457 605 145 NL 286 (93.5) 20 (6.5) 7 709 1022 306 PT 34 (97.1) 1 (2.9) 965 1000 35 SE 339 (93.9) 22 (6.1) 11 629 1001 361 N Sum 2764 158 51 13149 16122 N Valid Sum 2764 158 2922 printed 25.01.2012 page 349 Eurobarometer 60.0 - September 2003,GESIS Variable Report,375,ZA3937
v344,v344 1 2 3 9 N Sum N Valid Sum,Q67 INTERNET PURCHASE IMP: CONSUMER RIGHTS,isocntry M M AT 160 (92.5) 13 (7.5) 5 852 1030 173 BE 110 (92.4) 9 (7.6) 2 909 1030 119 DE-E 160 (93.6) 11 (6.4) 8 834 1013 171 DE-W 201 (92.2) 17 (7.8) 11 813 1042 218 DK 292 (83.7) 57 (16.3) 9 641 999 349 ES 83 (95.4) 4 (4.6) 2 911 1000 87 FI 187 (83.1) 38 (16.9) 8 779 1012 225 FR 114 (93.4) 8 (6.6) 3 926 1051 122 GB-GBN 235 (96.7) 8 (3.3) 6 755 1004 243 GB-NIR 66 (91.7) 6 (8.3) 2 236 310 72 GR 27 (96.4) 1 (3.6) 972 1000 28 IE 156 (94.0) 10 (6.0) 4 830 1000 166 IT 65 (94.2) 4 (5.8) 931 1000 69 LU 137 (94.5) 8 (5.5) 3 457 605 145 NL 277 (92.0) 24 (8.0) 13 709 1023 301 PT 35 (100.0) 965 1000 35 SE 326 (90.1) 36 (9.9) 10 629 1001 362 N Sum 2631 254 86 13149 16120 N Valid Sum 2631 254 2885 printed 25.01.2012 page 350 Eurobarometer 60.0 - September 2003,isocntry M M AT 160 (92.5) 13 (7.5) 5 852 1030 173 BE 110 (92.4) 9 (7.6) 2 909 1030 119 DE-E 160 (93.6) 11 (6.4) 8 834 1013 171 DE-W 201 (92.2) 17 (7.8) 11 813 1042 218 DK 292 (83.7) 57 (16.3) 9 641 999 349 ES 83 (95.4) 4 (4.6) 2 911 1000 87 FI 187 (83.1) 38 (16.9) 8 779 1012 225 FR 114 (93.4) 8 (6.6) 3 926 1051 122 GB-GBN 235 (96.7) 8 (3.3) 6 755 1004 243 GB-NIR 66 (91.7) 6 (8.3) 2 236 310 72 GR 27 (96.4) 1 (3.6) 972 1000 28 IE 156 (94.0) 10 (6.0) 4 830 1000 166 IT 65 (94.2) 4 (5.8) 931 1000 69 LU 137 (94.5) 8 (5.5) 3 457 605 145 NL 277 (92.0) 24 (8.0) 13 709 1023 301 PT 35 (100.0) 965 1000 35 SE 326 (90.1) 36 (9.9) 10 629 1001 362 N Sum 2631 254 86 13149 16120 N Valid Sum 2631 254 2885 printed 25.01.2012 page 350 Eurobarometer 60.0 - September 2003,GESIS Variable Report,376,ZA3937
v345,v345 1 2 3 9 N Sum N Valid Sum,Q67 INTERNET PURCHASE IMP: PRODUCT RETURN,isocntry M M AT 164 (94.3) 10 (5.7) 5 852 1031 174 BE 119 (99.2) 1 (0.8) 2 909 1031 120 DE-E 174 (97.2) 5 (2.8) 834 1013 179 DE-W 221 (98.2) 4 (1.8) 5 813 1043 225 DK 344 (96.4) 13 (3.6) 2 641 1000 357 ES 87 (98.9) 1 (1.1) 1 911 1000 88 FI 222 (96.9) 7 (3.1) 3 779 1011 229 FR 123 (99.2) 1 (0.8) 1 926 1051 124 GB-GBN 236 (96.3) 9 (3.7) 4 755 1004 245 GB-NIR 70 (95.9) 3 (4.1) 1 236 310 73 GR 27 (100.0) 1 972 1000 27 IE 163 (97.6) 4 (2.4) 4 830 1001 167 IT 69 (100.0) 931 1000 69 LU 142 (97.3) 4 (2.7) 3 457 606 146 NL 297 (97.1) 9 (2.9) 8 709 1023 306 PT 34 (100.0) 1 965 1000 34 SE 354 (98.1) 7 (1.9) 10 629 1000 361 N Sum 2846 78 51 13149 16124 N Valid Sum 2846 78 2924 printed 25.01.2012 page 351 Eurobarometer 60.0 - September 2003,isocntry M M AT 164 (94.3) 10 (5.7) 5 852 1031 174 BE 119 (99.2) 1 (0.8) 2 909 1031 120 DE-E 174 (97.2) 5 (2.8) 834 1013 179 DE-W 221 (98.2) 4 (1.8) 5 813 1043 225 DK 344 (96.4) 13 (3.6) 2 641 1000 357 ES 87 (98.9) 1 (1.1) 1 911 1000 88 FI 222 (96.9) 7 (3.1) 3 779 1011 229 FR 123 (99.2) 1 (0.8) 1 926 1051 124 GB-GBN 236 (96.3) 9 (3.7) 4 755 1004 245 GB-NIR 70 (95.9) 3 (4.1) 1 236 310 73 GR 27 (100.0) 1 972 1000 27 IE 163 (97.6) 4 (2.4) 4 830 1001 167 IT 69 (100.0) 931 1000 69 LU 142 (97.3) 4 (2.7) 3 457 606 146 NL 297 (97.1) 9 (2.9) 8 709 1023 306 PT 34 (100.0) 1 965 1000 34 SE 354 (98.1) 7 (1.9) 10 629 1000 361 N Sum 2846 78 51 13149 16124 N Valid Sum 2846 78 2924 printed 25.01.2012 page 351 Eurobarometer 60.0 - September 2003,GESIS Variable Report,377,ZA3937
v346,v346 1 2 3 9 N Sum N Valid Sum,Q67 INTERNET PURCHASE IMP: CANCELATION,isocntry M M AT 168 (96.0) 7 (4.0) 3 852 1030 175 BE 115 (95.0) 6 (5.0) 1 909 1031 121 DE-E 169 (96.0) 7 (4.0) 3 834 1013 176 DE-W 218 (96.9) 7 (3.1) 5 813 1043 225 DK 322 (91.0) 32 (9.0) 5 641 1000 354 ES 85 (100.0) 3 911 999 85 FI 214 (93.4) 15 (6.6) 4 779 1012 229 FR 123 (99.2) 1 (0.8) 1 926 1051 124 GB-GBN 235 (96.3) 9 (3.7) 5 755 1004 244 GB-NIR 70 (97.2) 2 (2.8) 2 236 310 72 GR 27 (100.0) 1 972 1000 27 IE 164 (97.6) 4 (2.4) 3 830 1001 168 IT 68 (100.0) 1 931 1000 68 LU 142 (97.9) 3 (2.1) 3 457 605 145 NL 291 (95.1) 15 (4.9) 8 709 1023 306 PT 34 (100.0) 1 965 1000 34 SE 351 (95.9) 15 (4.1) 6 629 1001 366 N Sum 2796 123 55 13149 16123 N Valid Sum 2796 123 2919 printed 25.01.2012 page 352 Eurobarometer 60.0 - September 2003,isocntry M M AT 168 (96.0) 7 (4.0) 3 852 1030 175 BE 115 (95.0) 6 (5.0) 1 909 1031 121 DE-E 169 (96.0) 7 (4.0) 3 834 1013 176 DE-W 218 (96.9) 7 (3.1) 5 813 1043 225 DK 322 (91.0) 32 (9.0) 5 641 1000 354 ES 85 (100.0) 3 911 999 85 FI 214 (93.4) 15 (6.6) 4 779 1012 229 FR 123 (99.2) 1 (0.8) 1 926 1051 124 GB-GBN 235 (96.3) 9 (3.7) 5 755 1004 244 GB-NIR 70 (97.2) 2 (2.8) 2 236 310 72 GR 27 (100.0) 1 972 1000 27 IE 164 (97.6) 4 (2.4) 3 830 1001 168 IT 68 (100.0) 1 931 1000 68 LU 142 (97.9) 3 (2.1) 3 457 605 145 NL 291 (95.1) 15 (4.9) 8 709 1023 306 PT 34 (100.0) 1 965 1000 34 SE 351 (95.9) 15 (4.1) 6 629 1001 366 N Sum 2796 123 55 13149 16123 N Valid Sum 2796 123 2919 printed 25.01.2012 page 352 Eurobarometer 60.0 - September 2003,GESIS Variable Report,378,ZA3937
v347,v347 1 2 3 9 N Sum N Valid Sum,Q67 INTERNET PURCHASE IMP: PURCHASE STEPS,isocntry M M AT 167 (94.4) 10 (5.6) 2 852 1031 177 BE 118 (97.5) 3 (2.5) 909 1030 121 DE-E 168 (94.4) 10 (5.6) 2 834 1014 178 DE-W 212 (94.6) 12 (5.4) 5 813 1042 224 DK 331 (95.9) 14 (4.1) 14 641 1000 345 ES 85 (97.7) 2 (2.3) 2 911 1000 87 FI 219 (96.1) 9 (3.9) 4 779 1011 228 FR 125 (100.0) 926 1051 125 GB-GBN 242 (98.4) 4 (1.6) 4 755 1005 246 GB-NIR 72 (97.3) 2 (2.7) 236 310 74 GR 28 (100.0) 972 1000 28 IE 166 (98.8) 2 (1.2) 3 830 1001 168 IT 68 (98.6) 1 (1.4) 931 1000 69 LU 140 (96.6) 5 (3.4) 4 457 606 145 NL 303 (97.7) 7 (2.3) 4 709 1023 310 PT 35 (100.0) 965 1000 35 SE 339 (94.4) 20 (5.6) 12 629 1000 359 N Sum 2818 101 56 13149 16124 N Valid Sum 2818 101 2919 printed 25.01.2012 page 353 Eurobarometer 60.0 - September 2003,isocntry M M AT 167 (94.4) 10 (5.6) 2 852 1031 177 BE 118 (97.5) 3 (2.5) 909 1030 121 DE-E 168 (94.4) 10 (5.6) 2 834 1014 178 DE-W 212 (94.6) 12 (5.4) 5 813 1042 224 DK 331 (95.9) 14 (4.1) 14 641 1000 345 ES 85 (97.7) 2 (2.3) 2 911 1000 87 FI 219 (96.1) 9 (3.9) 4 779 1011 228 FR 125 (100.0) 926 1051 125 GB-GBN 242 (98.4) 4 (1.6) 4 755 1005 246 GB-NIR 72 (97.3) 2 (2.7) 236 310 74 GR 28 (100.0) 972 1000 28 IE 166 (98.8) 2 (1.2) 3 830 1001 168 IT 68 (98.6) 1 (1.4) 931 1000 69 LU 140 (96.6) 5 (3.4) 4 457 606 145 NL 303 (97.7) 7 (2.3) 4 709 1023 310 PT 35 (100.0) 965 1000 35 SE 339 (94.4) 20 (5.6) 12 629 1000 359 N Sum 2818 101 56 13149 16124 N Valid Sum 2818 101 2919 printed 25.01.2012 page 353 Eurobarometer 60.0 - September 2003,GESIS Variable Report,379,ZA3937
v348,v348 1 2 3 9 N Sum N Valid Sum,Q68 INTERNET PURCHASE - CANCEL RIGHT HEARD,isocntry M M AT 116 (69.9) 50 (30.1) 12 852 1030 166 BE 57 (46.7) 65 (53.3) 909 1031 122 DE-E 130 (75.1) 43 (24.9) 7 834 1014 173 DE-W 165 (77.5) 48 (22.5) 17 813 1043 213 DK 224 (64.0) 126 (36.0) 8 641 999 350 ES 37 (43.0) 49 (57.0) 3 911 1000 86 FI 160 (70.2) 68 (29.8) 4 779 1011 228 FR 62 (52.5) 56 (47.5) 7 926 1051 118 GB-GBN 129 (53.1) 114 (46.9) 6 755 1004 243 GB-NIR 45 (62.5) 27 (37.5) 2 236 310 72 GR 18 (66.7) 9 (33.3) 1 972 1000 27 IE 90 (54.2) 76 (45.8) 5 830 1001 166 IT 43 (66.2) 22 (33.8) 5 931 1001 65 LU 100 (68.5) 46 (31.5) 3 457 606 146 NL 162 (53.5) 141 (46.5) 11 709 1023 303 PT 17 (50.0) 17 (50.0) 1 965 1000 34 SE 203 (57.7) 149 (42.3) 20 629 1001 352 N Sum 1758 1106 112 13149 16125 N Valid Sum 1758 1106 2864 printed 25.01.2012 page 354 Eurobarometer 60.0 - September 2003,isocntry M M AT 116 (69.9) 50 (30.1) 12 852 1030 166 BE 57 (46.7) 65 (53.3) 909 1031 122 DE-E 130 (75.1) 43 (24.9) 7 834 1014 173 DE-W 165 (77.5) 48 (22.5) 17 813 1043 213 DK 224 (64.0) 126 (36.0) 8 641 999 350 ES 37 (43.0) 49 (57.0) 3 911 1000 86 FI 160 (70.2) 68 (29.8) 4 779 1011 228 FR 62 (52.5) 56 (47.5) 7 926 1051 118 GB-GBN 129 (53.1) 114 (46.9) 6 755 1004 243 GB-NIR 45 (62.5) 27 (37.5) 2 236 310 72 GR 18 (66.7) 9 (33.3) 1 972 1000 27 IE 90 (54.2) 76 (45.8) 5 830 1001 166 IT 43 (66.2) 22 (33.8) 5 931 1001 65 LU 100 (68.5) 46 (31.5) 3 457 606 146 NL 162 (53.5) 141 (46.5) 11 709 1023 303 PT 17 (50.0) 17 (50.0) 1 965 1000 34 SE 203 (57.7) 149 (42.3) 20 629 1001 352 N Sum 1758 1106 112 13149 16125 N Valid Sum 1758 1106 2864 printed 25.01.2012 page 354 Eurobarometer 60.0 - September 2003,GESIS Variable Report,380,ZA3937
v349,v349 1 2 3 4 5 9 N Sum N Valid Sum,Q69 INTERNET PURCHASE - CANCEL POSSIBILITY,isocntry M M AT 83 (74.1) 14 (12.5) 13 (11.6) 2 (1.8) 3 915 1030 112 BE 36 (66.7) 13 (24.1) 5 (9.3) 3 973 1030 54 DE-E 72 (57.6) 28 (22.4) 25 (20.0) 4 884 1013 125 DE-W 96 (60.8) 39 (24.7) 23 (14.6) 7 878 1043 158 DK 91 (41.9) 69 (31.8) 54 (24.9) 3 (1.4) 7 776 1000 217 ES 16 (44.4) 12 (33.3) 7 (19.4) 1 (2.8) 2 963 1001 36 FI 99 (63.9) 36 (23.2) 19 (12.3) 1 (0.6) 5 851 1011 155 FR 32 (54.2) 17 (28.8) 9 (15.3) 1 (1.7) 2 989 1050 59 GB-GBN 88 (71.5) 20 (16.3) 14 (11.4) 1 (0.8) 7 875 1005 123 GB-NIR 30 (66.7) 7 (15.6) 8 (17.8) 265 310 45 GR 11 (57.9) 8 (42.1) 982 1001 19 IE 62 (69.7) 18 (20.2) 9 (10.1) 2 911 1002 89 IT 23 (56.1) 8 (19.5) 10 (24.4) 2 957 1000 41 LU 52 (55.3) 19 (20.2) 21 (22.3) 2 (2.1) 6 506 606 94 NL 103 (64.0) 40 (24.8) 17 (10.6) 1 (0.6) 2 861 1024 161 PT 6 (33.3) 4 (22.2) 7 (38.9) 1 (5.6) 983 1001 18 SE 85 (42.5) 90 (45.0) 23 (11.5) 2 (1.0) 4 797 1001 200 N Sum 985 442 264 15 56 14366 16128 N Valid Sum 985 442 264 15 1706 printed 25.01.2012 page 355 Eurobarometer 60.0 - September 2003,isocntry M M AT 83 (74.1) 14 (12.5) 13 (11.6) 2 (1.8) 3 915 1030 112 BE 36 (66.7) 13 (24.1) 5 (9.3) 3 973 1030 54 DE-E 72 (57.6) 28 (22.4) 25 (20.0) 4 884 1013 125 DE-W 96 (60.8) 39 (24.7) 23 (14.6) 7 878 1043 158 DK 91 (41.9) 69 (31.8) 54 (24.9) 3 (1.4) 7 776 1000 217 ES 16 (44.4) 12 (33.3) 7 (19.4) 1 (2.8) 2 963 1001 36 FI 99 (63.9) 36 (23.2) 19 (12.3) 1 (0.6) 5 851 1011 155 FR 32 (54.2) 17 (28.8) 9 (15.3) 1 (1.7) 2 989 1050 59 GB-GBN 88 (71.5) 20 (16.3) 14 (11.4) 1 (0.8) 7 875 1005 123 GB-NIR 30 (66.7) 7 (15.6) 8 (17.8) 265 310 45 GR 11 (57.9) 8 (42.1) 982 1001 19 IE 62 (69.7) 18 (20.2) 9 (10.1) 2 911 1002 89 IT 23 (56.1) 8 (19.5) 10 (24.4) 2 957 1000 41 LU 52 (55.3) 19 (20.2) 21 (22.3) 2 (2.1) 6 506 606 94 NL 103 (64.0) 40 (24.8) 17 (10.6) 1 (0.6) 2 861 1024 161 PT 6 (33.3) 4 (22.2) 7 (38.9) 1 (5.6) 983 1001 18 SE 85 (42.5) 90 (45.0) 23 (11.5) 2 (1.0) 4 797 1001 200 N Sum 985 442 264 15 56 14366 16128 N Valid Sum 985 442 264 15 1706 printed 25.01.2012 page 355 Eurobarometer 60.0 - September 2003,GESIS Variable Report,381,ZA3937
v350,,Q70 INTERNET PURCHASE - CANCEL TIME,,Q70 INTERNET PURCHASE - CANCEL TIME,GESIS Variable Report,382,ZA3937
v351,,Q70R INTERNET PURCHASE - CANCEL TIME,,Q70R INTERNET PURCHASE - CANCEL TIME,GESIS Variable Report,383,ZA3937
v352,,Q71 INTERNET PURCHASE - ASSISTANCE,,Q71 INTERNET PURCHASE - ASSISTANCE,GESIS Variable Report,384,ZA3937
v353,v353 0 1 9 N Sum N Valid Sum,Q72A INTERNET PURCH COMPL: ON-LINE,isocntry M AT 20 (57.1) 15 (42.9) 996 1031 35 BE 5 (50.0) 5 (50.0) 1020 1030 10 DE-E 15 (42.9) 20 (57.1) 979 1014 35 DE-W 14 (42.4) 19 (57.6) 1009 1042 33 DK 19 (30.6) 43 (69.4) 939 1001 62 ES 3 (37.5) 5 (62.5) 993 1001 8 FI 12 (38.7) 19 (61.3) 980 1011 31 FR 4 (19.0) 17 (81.0) 1030 1051 21 GB-GBN 23 (38.3) 37 (61.7) 944 1004 60 GB-NIR 2 (20.0) 8 (80.0) 300 310 10 GR 1 (33.3) 2 (66.7) 997 1000 3 IE 9 (60.0) 6 (40.0) 986 1001 15 IT 3 (60.0) 2 (40.0) 995 1000 5 LU 6 (15.0) 34 (85.0) 566 606 40 NL 23 (35.4) 42 (64.6) 958 1023 65 PT 4 (100.0) 996 1000 4 SE 30 (37.5) 50 (62.5) 920 1000 80 N Sum 189 328 15608 16125 N Valid Sum 189 328 517 printed 25.01.2012 page 359 Eurobarometer 60.0 - September 2003,isocntry M AT 20 (57.1) 15 (42.9) 996 1031 35 BE 5 (50.0) 5 (50.0) 1020 1030 10 DE-E 15 (42.9) 20 (57.1) 979 1014 35 DE-W 14 (42.4) 19 (57.6) 1009 1042 33 DK 19 (30.6) 43 (69.4) 939 1001 62 ES 3 (37.5) 5 (62.5) 993 1001 8 FI 12 (38.7) 19 (61.3) 980 1011 31 FR 4 (19.0) 17 (81.0) 1030 1051 21 GB-GBN 23 (38.3) 37 (61.7) 944 1004 60 GB-NIR 2 (20.0) 8 (80.0) 300 310 10 GR 1 (33.3) 2 (66.7) 997 1000 3 IE 9 (60.0) 6 (40.0) 986 1001 15 IT 3 (60.0) 2 (40.0) 995 1000 5 LU 6 (15.0) 34 (85.0) 566 606 40 NL 23 (35.4) 42 (64.6) 958 1023 65 PT 4 (100.0) 996 1000 4 SE 30 (37.5) 50 (62.5) 920 1000 80 N Sum 189 328 15608 16125 N Valid Sum 189 328 517 printed 25.01.2012 page 359 Eurobarometer 60.0 - September 2003,GESIS Variable Report,385,ZA3937
v354,v354 0 1 9 N Sum N Valid Sum,Q72A INTERNET PURCH COMPL: SITE OWNER,isocntry M AT 28 (82.4) 6 (17.6) 996 1030 34 BE 10 (100.0) 1020 1030 10 DE-E 30 (85.7) 5 (14.3) 979 1014 35 DE-W 28 (82.4) 6 (17.6) 1009 1043 34 DK 48 (77.4) 14 (22.6) 939 1001 62 ES 7 (87.5) 1 (12.5) 993 1001 8 FI 25 (80.6) 6 (19.4) 980 1011 31 FR 16 (76.2) 5 (23.8) 1030 1051 21 GB-GBN 45 (75.0) 15 (25.0) 944 1004 60 GB-NIR 8 (80.0) 2 (20.0) 300 310 10 GR 2 (66.7) 1 (33.3) 997 1000 3 IE 13 (86.7) 2 (13.3) 986 1001 15 IT 3 (60.0) 2 (40.0) 995 1000 5 LU 38 (97.4) 1 (2.6) 566 605 39 NL 51 (78.5) 14 (21.5) 958 1023 65 PT 4 (100.0) 996 1000 4 SE 64 (79.0) 17 (21.0) 920 1001 81 N Sum 420 97 15608 16125 N Valid Sum 420 97 517 printed 25.01.2012 page 360 Eurobarometer 60.0 - September 2003,isocntry M AT 28 (82.4) 6 (17.6) 996 1030 34 BE 10 (100.0) 1020 1030 10 DE-E 30 (85.7) 5 (14.3) 979 1014 35 DE-W 28 (82.4) 6 (17.6) 1009 1043 34 DK 48 (77.4) 14 (22.6) 939 1001 62 ES 7 (87.5) 1 (12.5) 993 1001 8 FI 25 (80.6) 6 (19.4) 980 1011 31 FR 16 (76.2) 5 (23.8) 1030 1051 21 GB-GBN 45 (75.0) 15 (25.0) 944 1004 60 GB-NIR 8 (80.0) 2 (20.0) 300 310 10 GR 2 (66.7) 1 (33.3) 997 1000 3 IE 13 (86.7) 2 (13.3) 986 1001 15 IT 3 (60.0) 2 (40.0) 995 1000 5 LU 38 (97.4) 1 (2.6) 566 605 39 NL 51 (78.5) 14 (21.5) 958 1023 65 PT 4 (100.0) 996 1000 4 SE 64 (79.0) 17 (21.0) 920 1001 81 N Sum 420 97 15608 16125 N Valid Sum 420 97 517 printed 25.01.2012 page 360 Eurobarometer 60.0 - September 2003,GESIS Variable Report,386,ZA3937
v355,v355 0 1 9 N Sum N Valid Sum,Q72A INTERNET PURCH COMPL: CONSUMER ORG,isocntry M AT 32 (91.4) 3 (8.6) 996 1031 35 BE 8 (80.0) 2 (20.0) 1020 1030 10 DE-E 33 (94.3) 2 (5.7) 979 1014 35 DE-W 34 (100.0) 1009 1043 34 DK 60 (98.4) 1 (1.6) 939 1000 61 ES 7 (100.0) 993 1000 7 FI 28 (90.3) 3 (9.7) 980 1011 31 FR 21 (100.0) 1030 1051 21 GB-GBN 59 (98.3) 1 (1.7) 944 1004 60 GB-NIR 9 (90.0) 1 (10.0) 300 310 10 GR 3 (100.0) 997 1000 3 IE 15 (100.0) 986 1001 15 IT 5 (100.0) 995 1000 5 LU 40 (100.0) 566 606 40 NL 60 (92.3) 5 (7.7) 958 1023 65 PT 4 (100.0) 996 1000 4 SE 79 (98.8) 1 (1.3) 920 1000 80 N Sum 497 19 15608 16124 N Valid Sum 497 19 516 printed 25.01.2012 page 361 Eurobarometer 60.0 - September 2003,isocntry M AT 32 (91.4) 3 (8.6) 996 1031 35 BE 8 (80.0) 2 (20.0) 1020 1030 10 DE-E 33 (94.3) 2 (5.7) 979 1014 35 DE-W 34 (100.0) 1009 1043 34 DK 60 (98.4) 1 (1.6) 939 1000 61 ES 7 (100.0) 993 1000 7 FI 28 (90.3) 3 (9.7) 980 1011 31 FR 21 (100.0) 1030 1051 21 GB-GBN 59 (98.3) 1 (1.7) 944 1004 60 GB-NIR 9 (90.0) 1 (10.0) 300 310 10 GR 3 (100.0) 997 1000 3 IE 15 (100.0) 986 1001 15 IT 5 (100.0) 995 1000 5 LU 40 (100.0) 566 606 40 NL 60 (92.3) 5 (7.7) 958 1023 65 PT 4 (100.0) 996 1000 4 SE 79 (98.8) 1 (1.3) 920 1000 80 N Sum 497 19 15608 16124 N Valid Sum 497 19 516 printed 25.01.2012 page 361 Eurobarometer 60.0 - September 2003,GESIS Variable Report,387,ZA3937
v356,v356 0 1 9 N Sum N Valid Sum,Q72A INTERNET PURCH COMPL: GOVERNM BODY,isocntry M AT 34 (97.1) 1 (2.9) 996 1031 35 BE 10 (100.0) 1020 1030 10 DE-E 35 (100.0) 979 1014 35 DE-W 33 (97.1) 1 (2.9) 1009 1043 34 DK 59 (96.7) 2 (3.3) 939 1000 61 ES 7 (100.0) 993 1000 7 FI 29 (96.7) 1 (3.3) 980 1010 30 FR 21 (100.0) 1030 1051 21 GB-GBN 56 (93.3) 4 (6.7) 944 1004 60 GB-NIR 10 (100.0) 300 310 10 GR 3 (100.0) 997 1000 3 IE 10 (66.7) 5 (33.3) 986 1001 15 IT 4 (80.0) 1 (20.0) 995 1000 5 LU 39 (97.5) 1 (2.5) 566 606 40 NL 63 (96.9) 2 (3.1) 958 1023 65 PT 4 (100.0) 996 1000 4 SE 80 (100.0) 920 1000 80 N Sum 497 18 15608 16123 N Valid Sum 497 18 515 printed 25.01.2012 page 362 Eurobarometer 60.0 - September 2003,isocntry M AT 34 (97.1) 1 (2.9) 996 1031 35 BE 10 (100.0) 1020 1030 10 DE-E 35 (100.0) 979 1014 35 DE-W 33 (97.1) 1 (2.9) 1009 1043 34 DK 59 (96.7) 2 (3.3) 939 1000 61 ES 7 (100.0) 993 1000 7 FI 29 (96.7) 1 (3.3) 980 1010 30 FR 21 (100.0) 1030 1051 21 GB-GBN 56 (93.3) 4 (6.7) 944 1004 60 GB-NIR 10 (100.0) 300 310 10 GR 3 (100.0) 997 1000 3 IE 10 (66.7) 5 (33.3) 986 1001 15 IT 4 (80.0) 1 (20.0) 995 1000 5 LU 39 (97.5) 1 (2.5) 566 606 40 NL 63 (96.9) 2 (3.1) 958 1023 65 PT 4 (100.0) 996 1000 4 SE 80 (100.0) 920 1000 80 N Sum 497 18 15608 16123 N Valid Sum 497 18 515 printed 25.01.2012 page 362 Eurobarometer 60.0 - September 2003,GESIS Variable Report,388,ZA3937
v357,v357 0 1 9 N Sum N Valid Sum,Q72A INTERNET PURCH COMPL: OTHER ORG,isocntry M AT 34 (97.1) 1 (2.9) 996 1031 35 BE 8 (80.0) 2 (20.0) 1020 1030 10 DE-E 35 (100.0) 979 1014 35 DE-W 34 (100.0) 1009 1043 34 DK 61 (100.0) 939 1000 61 ES 7 (100.0) 993 1000 7 FI 29 (96.7) 1 (3.3) 980 1010 30 FR 20 (95.2) 1 (4.8) 1030 1051 21 GB-GBN 60 (100.0) 944 1004 60 GB-NIR 9 (90.0) 1 (10.0) 300 310 10 GR 3 (100.0) 997 1000 3 IE 15 (100.0) 986 1001 15 IT 5 (100.0) 995 1000 5 LU 40 (100.0) 566 606 40 NL 62 (95.4) 3 (4.6) 958 1023 65 PT 4 (100.0) 996 1000 4 SE 78 (97.5) 2 (2.5) 920 1000 80 N Sum 504 11 15608 16123 N Valid Sum 504 11 515 printed 25.01.2012 page 363 Eurobarometer 60.0 - September 2003,isocntry M AT 34 (97.1) 1 (2.9) 996 1031 35 BE 8 (80.0) 2 (20.0) 1020 1030 10 DE-E 35 (100.0) 979 1014 35 DE-W 34 (100.0) 1009 1043 34 DK 61 (100.0) 939 1000 61 ES 7 (100.0) 993 1000 7 FI 29 (96.7) 1 (3.3) 980 1010 30 FR 20 (95.2) 1 (4.8) 1030 1051 21 GB-GBN 60 (100.0) 944 1004 60 GB-NIR 9 (90.0) 1 (10.0) 300 310 10 GR 3 (100.0) 997 1000 3 IE 15 (100.0) 986 1001 15 IT 5 (100.0) 995 1000 5 LU 40 (100.0) 566 606 40 NL 62 (95.4) 3 (4.6) 958 1023 65 PT 4 (100.0) 996 1000 4 SE 78 (97.5) 2 (2.5) 920 1000 80 N Sum 504 11 15608 16123 N Valid Sum 504 11 515 printed 25.01.2012 page 363 Eurobarometer 60.0 - September 2003,GESIS Variable Report,389,ZA3937
v358,v358 0 1 9 N Sum N Valid Sum,Q72A INTERNET PURCH COMPL: DID NOTHING,isocntry M AT 32 (91.4) 3 (8.6) 996 1031 35 BE 9 (90.0) 1 (10.0) 1020 1030 10 DE-E 28 (80.0) 7 (20.0) 979 1014 35 DE-W 28 (84.8) 5 (15.2) 1009 1042 33 DK 56 (91.8) 5 (8.2) 939 1000 61 ES 7 (87.5) 1 (12.5) 993 1001 8 FI 27 (87.1) 4 (12.9) 980 1011 31 FR 21 (100.0) 1030 1051 21 GB-GBN 57 (95.0) 3 (5.0) 944 1004 60 GB-NIR 9 (90.0) 1 (10.0) 300 310 10 GR 3 (100.0) 997 1000 3 IE 13 (86.7) 2 (13.3) 986 1001 15 IT 4 (80.0) 1 (20.0) 995 1000 5 LU 39 (97.5) 1 (2.5) 566 606 40 NL 60 (92.3) 5 (7.7) 958 1023 65 PT 4 (100.0) 996 1000 4 SE 74 (92.5) 6 (7.5) 920 1000 80 N Sum 471 45 15608 16124 N Valid Sum 471 45 516 printed 25.01.2012 page 364 Eurobarometer 60.0 - September 2003,isocntry M AT 32 (91.4) 3 (8.6) 996 1031 35 BE 9 (90.0) 1 (10.0) 1020 1030 10 DE-E 28 (80.0) 7 (20.0) 979 1014 35 DE-W 28 (84.8) 5 (15.2) 1009 1042 33 DK 56 (91.8) 5 (8.2) 939 1000 61 ES 7 (87.5) 1 (12.5) 993 1001 8 FI 27 (87.1) 4 (12.9) 980 1011 31 FR 21 (100.0) 1030 1051 21 GB-GBN 57 (95.0) 3 (5.0) 944 1004 60 GB-NIR 9 (90.0) 1 (10.0) 300 310 10 GR 3 (100.0) 997 1000 3 IE 13 (86.7) 2 (13.3) 986 1001 15 IT 4 (80.0) 1 (20.0) 995 1000 5 LU 39 (97.5) 1 (2.5) 566 606 40 NL 60 (92.3) 5 (7.7) 958 1023 65 PT 4 (100.0) 996 1000 4 SE 74 (92.5) 6 (7.5) 920 1000 80 N Sum 471 45 15608 16124 N Valid Sum 471 45 516 printed 25.01.2012 page 364 Eurobarometer 60.0 - September 2003,GESIS Variable Report,390,ZA3937
v359,v359 0 1 9 N Sum N Valid Sum,Q72A INTERNET PURCH COMPL: NO COMPLAINT,isocntry M AT 35 (19.6) 144 (80.4) 852 1031 179 BE 10 (8.3) 111 (91.7) 909 1030 121 DE-E 35 (19.4) 145 (80.6) 834 1014 180 DE-W 34 (14.8) 196 (85.2) 813 1043 230 DK 61 (17.0) 297 (83.0) 641 999 358 ES 7 (8.0) 81 (92.0) 911 999 88 FI 31 (13.3) 202 (86.7) 779 1012 233 FR 21 (16.8) 104 (83.2) 926 1051 125 GB-GBN 60 (24.1) 189 (75.9) 755 1004 249 GB-NIR 10 (13.5) 64 (86.5) 236 310 74 GR 3 (10.7) 25 (89.3) 972 1000 28 IE 15 (8.8) 155 (91.2) 830 1000 170 IT 5 (7.2) 64 (92.8) 931 1000 69 LU 40 (26.8) 109 (73.2) 457 606 149 NL 65 (20.7) 249 (79.3) 709 1023 314 PT 4 (11.1) 32 (88.9) 965 1001 36 SE 80 (21.6) 291 (78.4) 629 1000 371 N Sum 516 2458 13149 16123 N Valid Sum 516 2458 2974 printed 25.01.2012 page 365 Eurobarometer 60.0 - September 2003,isocntry M AT 35 (19.6) 144 (80.4) 852 1031 179 BE 10 (8.3) 111 (91.7) 909 1030 121 DE-E 35 (19.4) 145 (80.6) 834 1014 180 DE-W 34 (14.8) 196 (85.2) 813 1043 230 DK 61 (17.0) 297 (83.0) 641 999 358 ES 7 (8.0) 81 (92.0) 911 999 88 FI 31 (13.3) 202 (86.7) 779 1012 233 FR 21 (16.8) 104 (83.2) 926 1051 125 GB-GBN 60 (24.1) 189 (75.9) 755 1004 249 GB-NIR 10 (13.5) 64 (86.5) 236 310 74 GR 3 (10.7) 25 (89.3) 972 1000 28 IE 15 (8.8) 155 (91.2) 830 1000 170 IT 5 (7.2) 64 (92.8) 931 1000 69 LU 40 (26.8) 109 (73.2) 457 606 149 NL 65 (20.7) 249 (79.3) 709 1023 314 PT 4 (11.1) 32 (88.9) 965 1001 36 SE 80 (21.6) 291 (78.4) 629 1000 371 N Sum 516 2458 13149 16123 N Valid Sum 516 2458 2974 printed 25.01.2012 page 365 Eurobarometer 60.0 - September 2003,GESIS Variable Report,391,ZA3937
v360,v360 0 1 9 N Sum N Valid Sum,Q72A INTERNET PURCH COMPL: DK,isocntry M AT 27 (77.1) 8 (22.9) 996 1031 35 BE 9 (90.0) 1 (10.0) 1020 1030 10 DE-E 33 (94.3) 2 (5.7) 979 1014 35 DE-W 30 (90.9) 3 (9.1) 1009 1042 33 DK 59 (95.2) 3 (4.8) 939 1001 62 ES 6 (85.7) 1 (14.3) 993 1000 7 FI 31 (100.0) 980 1011 31 FR 21 (100.0) 1030 1051 21 GB-GBN 56 (93.3) 4 (6.7) 944 1004 60 GB-NIR 10 (100.0) 300 310 10 GR 3 (100.0) 997 1000 3 IE 14 (93.3) 1 (6.7) 986 1001 15 IT 5 (100.0) 995 1000 5 LU 35 (89.7) 4 (10.3) 566 605 39 NL 63 (96.9) 2 (3.1) 958 1023 65 PT 4 (100.0) 996 1000 4 SE 72 (90.0) 8 (10.0) 920 1000 80 N Sum 478 37 15608 16123 N Valid Sum 478 37 515 printed 25.01.2012 page 366 Eurobarometer 60.0 - September 2003,isocntry M AT 27 (77.1) 8 (22.9) 996 1031 35 BE 9 (90.0) 1 (10.0) 1020 1030 10 DE-E 33 (94.3) 2 (5.7) 979 1014 35 DE-W 30 (90.9) 3 (9.1) 1009 1042 33 DK 59 (95.2) 3 (4.8) 939 1001 62 ES 6 (85.7) 1 (14.3) 993 1000 7 FI 31 (100.0) 980 1011 31 FR 21 (100.0) 1030 1051 21 GB-GBN 56 (93.3) 4 (6.7) 944 1004 60 GB-NIR 10 (100.0) 300 310 10 GR 3 (100.0) 997 1000 3 IE 14 (93.3) 1 (6.7) 986 1001 15 IT 5 (100.0) 995 1000 5 LU 35 (89.7) 4 (10.3) 566 605 39 NL 63 (96.9) 2 (3.1) 958 1023 65 PT 4 (100.0) 996 1000 4 SE 72 (90.0) 8 (10.0) 920 1000 80 N Sum 478 37 15608 16123 N Valid Sum 478 37 515 printed 25.01.2012 page 366 Eurobarometer 60.0 - September 2003,GESIS Variable Report,392,ZA3937
v361,,Q72B INTERNET PURCH COMPL: NOT RECEIVED,,Q72B INTERNET PURCH COMPL: NOT RECEIVED,GESIS Variable Report,393,ZA3937
v362,,Q72B INTERNET PURCH COMPL: NOT ON TIME,,Q72B INTERNET PURCH COMPL: NOT ON TIME,GESIS Variable Report,395,ZA3937
v363,,Q72B INTERNET PURCH COMPL: PROD DAMAGED,,Q72B INTERNET PURCH COMPL: PROD DAMAGED,GESIS Variable Report,397,ZA3937
v364,,Q72B INTERNET PURCH COMPL: WRONG PRODUCT,,Q72B INTERNET PURCH COMPL: WRONG PRODUCT,GESIS Variable Report,399,ZA3937
v365,,Q72B INTERNET PURCH COMPL: PAYMENT PROBL,,Q72B INTERNET PURCH COMPL: PAYMENT PROBL,GESIS Variable Report,401,ZA3937
v366,,Q72B INTERNET PURCH COMPL: NO REIMBURSE,,Q72B INTERNET PURCH COMPL: NO REIMBURSE,GESIS Variable Report,403,ZA3937
v367,,Q72B INTERNET PURCH COMPL: CONTRACT INFO,,Q72B INTERNET PURCH COMPL: CONTRACT INFO,GESIS Variable Report,405,ZA3937
v368,,Q72B INTERNET PURCH COMPL: RIGHTS INFO,,Q72B INTERNET PURCH COMPL: RIGHTS INFO,GESIS Variable Report,407,ZA3937
v369,,Q72B INTERNET PURCH COMPL: COMMITTMENT,,Q72B INTERNET PURCH COMPL: COMMITTMENT,GESIS Variable Report,409,ZA3937
v370,,Q72B INTERNET PURCH COMPL: UNAWARE ORDER,,Q72B INTERNET PURCH COMPL: UNAWARE ORDER,GESIS Variable Report,411,ZA3937
v371,,Q72B INTERNET PURCH COMPL: OTHER REASONS,,Q72B INTERNET PURCH COMPL: OTHER REASONS,GESIS Variable Report,413,ZA3937
v372,,Q72B INTERNET PURCH COMPL: DK,,Q72B INTERNET PURCH COMPL: DK,GESIS Variable Report,415,ZA3937
v373,,Q72C INTERN PURCH COMPL SATISF: ON-LINE,,Q72C INTERN PURCH COMPL SATISF: ON-LINE,GESIS Variable Report,417,ZA3937
v374,,Q72C INTERN PURCH COMPL SATISF: SITE OWNER,,Q72C INTERN PURCH COMPL SATISF: SITE OWNER,GESIS Variable Report,419,ZA3937
v375,,Q72C INTERN PURCH COMPL SATISF: CONS ORG,,Q72C INTERN PURCH COMPL SATISF: CONS ORG,GESIS Variable Report,421,ZA3937
v376,,Q72C INTERN PURCH COMPL SATISF: GOV BODY,,Q72C INTERN PURCH COMPL SATISF: GOV BODY,GESIS Variable Report,423,ZA3937
v377,,Q72C INTERN PURCH COMPL SATISF: OTH ORG,,Q72C INTERN PURCH COMPL SATISF: OTH ORG,GESIS Variable Report,425,ZA3937
v378,,Q73 INTERNET PURCH - ON-LINE DISPUTE USED,,Q73 INTERNET PURCH - ON-LINE DISPUTE USED,GESIS Variable Report,427,ZA3937
v379,,Q74 INTERNET PURCH NEVR: NO ACCESS,,Q74 INTERNET PURCH NEVR: NO ACCESS,GESIS Variable Report,428,ZA3937
v380,,Q74 INTERNET PURCH NEVR: NO TRUST,,Q74 INTERNET PURCH NEVR: NO TRUST,GESIS Variable Report,429,ZA3937
v381,,Q74 INTERNET PURCH NEVR: TOO EXPENSIVE,,Q74 INTERNET PURCH NEVR: TOO EXPENSIVE,GESIS Variable Report,430,ZA3937
v382,,Q74 INTERNET PURCH NEVR: NO INTEREST,,Q74 INTERNET PURCH NEVR: NO INTEREST,GESIS Variable Report,431,ZA3937
v383,,Q74 INTERNET PURCH NEVR: BUY COMPLICATED,,Q74 INTERNET PURCH NEVR: BUY COMPLICATED,GESIS Variable Report,432,ZA3937
v384,,Q74 INTERNET PURCH NEVR: WEB COMPLICATED,,Q74 INTERNET PURCH NEVR: WEB COMPLICATED,GESIS Variable Report,433,ZA3937
v385,,Q74 INTERNET PURCH NEVR: NO CREDIT CARD,,Q74 INTERNET PURCH NEVR: NO CREDIT CARD,GESIS Variable Report,434,ZA3937
v386,,Q74 INTERNET PURCH NEVR: LANGUAGE PROBL,,Q74 INTERNET PURCH NEVR: LANGUAGE PROBL,GESIS Variable Report,435,ZA3937
v387,,Q74 INTERNET PURCH NEVR: OTHER REASONS,,Q74 INTERNET PURCH NEVR: OTHER REASONS,GESIS Variable Report,436,ZA3937
v388,,Q74 INTERNET PURCH NEVR: DK,,Q74 INTERNET PURCH NEVR: DK,GESIS Variable Report,437,ZA3937
v389,,Q75 INTERNET PURCH DISTRUST: PAYMENT SEC,,Q75 INTERNET PURCH DISTRUST: PAYMENT SEC,GESIS Variable Report,438,ZA3937
v390,,Q75 INTERNET PURCH DISTRUST: CREDIBILITY,,Q75 INTERNET PURCH DISTRUST: CREDIBILITY,GESIS Variable Report,440,ZA3937
v391,,Q75 INTERNET PURCH DISTRUST: DELIVERY,,Q75 INTERNET PURCH DISTRUST: DELIVERY,GESIS Variable Report,442,ZA3937
v392,,Q75 INTERNET PURCH DISTRUST: CONS RIGHTS,,Q75 INTERNET PURCH DISTRUST: CONS RIGHTS,GESIS Variable Report,444,ZA3937
v393,,Q75 INTERNET PURCH DISTRUST: WARRANTY,,Q75 INTERNET PURCH DISTRUST: WARRANTY,GESIS Variable Report,446,ZA3937
v394,,Q75 INTERNET PURCH DISTRUST: ANONYMITY,,Q75 INTERNET PURCH DISTRUST: ANONYMITY,GESIS Variable Report,448,ZA3937
v395,,Q75 INTERNET PURCH DISTRUST: OTHER,,Q75 INTERNET PURCH DISTRUST: OTHER,GESIS Variable Report,450,ZA3937
v396,,Q75 INTERNET PURCH DISTRUST: DK,,Q75 INTERNET PURCH DISTRUST: DK,GESIS Variable Report,452,ZA3937
v397,,Q76 INTERNET PURCH NO INTRST: LIKE SHOPS,,Q76 INTERNET PURCH NO INTRST: LIKE SHOPS,GESIS Variable Report,454,ZA3937
v398,,Q76 INTERNET PURCH NO INTRST: SEE PRODUCT,,Q76 INTERNET PURCH NO INTRST: SEE PRODUCT,GESIS Variable Report,456,ZA3937
v399,,Q76 INTERNET PURCH NO INTRST: FACE-TO-FACE,,Q76 INTERNET PURCH NO INTRST: FACE-TO-FACE,GESIS Variable Report,458,ZA3937
v400,,Q76 INTERNET PURCH NO INTRST: PRICES,,Q76 INTERNET PURCH NO INTRST: PRICES,GESIS Variable Report,460,ZA3937
v401,,Q76 INTERNET PURCH NO INTRST: CHOICE,,Q76 INTERNET PURCH NO INTRST: CHOICE,GESIS Variable Report,462,ZA3937
v402,,Q76 INTERNET PURCH NO INTRST: SERVICE,,Q76 INTERNET PURCH NO INTRST: SERVICE,GESIS Variable Report,464,ZA3937
v403,,Q76 INTERNET PURCH NO INTRST: MAY NOT WORK,,Q76 INTERNET PURCH NO INTRST: MAY NOT WORK,GESIS Variable Report,466,ZA3937
v404,,Q76 INTERNET PURCH NO INTRST: OTHER REASON,,Q76 INTERNET PURCH NO INTRST: OTHER REASON,GESIS Variable Report,468,ZA3937
v405,,Q76 INTERNET PURCH NO INTRST: DK,,Q76 INTERNET PURCH NO INTRST: DK,GESIS Variable Report,470,ZA3937
v406,,Q77 INTERNET PURCH CONFID: TRAIN TICKET,,Q77 INTERNET PURCH CONFID: TRAIN TICKET,GESIS Variable Report,472,ZA3937
v407,,Q77 INTERNET PURCH CONFID: PLANE TICKET,,Q77 INTERNET PURCH CONFID: PLANE TICKET,GESIS Variable Report,473,ZA3937
v408,,Q77 INTERNET PURCH CONFID: ADMIS TICKET,,Q77 INTERNET PURCH CONFID: ADMIS TICKET,GESIS Variable Report,474,ZA3937
v409,,Q77 INTERNET PURCH CONFID: HOTEL BOOKING,,Q77 INTERNET PURCH CONFID: HOTEL BOOKING,GESIS Variable Report,475,ZA3937
v410,,Q77 INTERNET PURCH CONFID: CAR RENTAL,,Q77 INTERNET PURCH CONFID: CAR RENTAL,GESIS Variable Report,476,ZA3937
v411,,Q77 INTERNET PURCH CONFID: CLOTHES SHOES,,Q77 INTERNET PURCH CONFID: CLOTHES SHOES,GESIS Variable Report,477,ZA3937
v412,,Q77 INTERNET PURCH CONFID: BOOKS DVD CD,,Q77 INTERNET PURCH CONFID: BOOKS DVD CD,GESIS Variable Report,478,ZA3937
v413,,Q77 INTERNET PURCH CONFID: PC / SOFTWARE,,Q77 INTERNET PURCH CONFID: PC / SOFTWARE,GESIS Variable Report,479,ZA3937
v414,,Q77 INTERNET PURCH CONFID: FURNITURE,,Q77 INTERNET PURCH CONFID: FURNITURE,GESIS Variable Report,480,ZA3937
v415,,Q77 INTERNET PURCH CONFID: FOOD,,Q77 INTERNET PURCH CONFID: FOOD,GESIS Variable Report,481,ZA3937
v416,,Q77 INTERNET PURCH CONFID: FINANC SERV,,Q77 INTERNET PURCH CONFID: FINANC SERV,GESIS Variable Report,482,ZA3937
v417,,Q77 INTERNET PURCH CONFID: ANTIQUES,,Q77 INTERNET PURCH CONFID: ANTIQUES,GESIS Variable Report,483,ZA3937
v418,,Q77 INTERNET PURCH CONFID: CAR,,Q77 INTERNET PURCH CONFID: CAR,GESIS Variable Report,484,ZA3937
v419,,Q77 INTERNET PURCH CONFID: PACKAGE TOUR,,Q77 INTERNET PURCH CONFID: PACKAGE TOUR,GESIS Variable Report,485,ZA3937
v420,,Q77 INTERNET PURCH CONFID: D-I-Y GARDEN,,Q77 INTERNET PURCH CONFID: D-I-Y GARDEN,GESIS Variable Report,486,ZA3937
v421,,Q77 INTERNET PURCH CONFID: ELECTR APPL,,Q77 INTERNET PURCH CONFID: ELECTR APPL,GESIS Variable Report,487,ZA3937
v422,v422 1 2 3 N Sum N Valid Sum,Q78A INTERNET PURCH - CRED CRD GUARANTEE,isocntry M AT 296 (37.2) 499 (62.8) 236 1031 795 BE 333 (38.7) 528 (61.3) 169 1030 861 DE-E 242 (30.0) 564 (70.0) 207 1013 806 DE-W 273 (33.2) 550 (66.8) 220 1043 823 DK 452 (52.1) 416 (47.9) 131 999 868 ES 254 (33.2) 512 (66.8) 233 999 766 FI 469 (55.9) 370 (44.1) 171 1010 839 FR 436 (49.2) 451 (50.8) 164 1051 887 GB-GBN 476 (56.1) 372 (43.9) 156 1004 848 GB-NIR 147 (55.7) 117 (44.3) 47 311 264 GR 198 (25.4) 583 (74.6) 219 1000 781 IE 357 (47.7) 392 (52.3) 252 1001 749 IT 303 (38.5) 484 (61.5) 213 1000 787 LU 253 (47.2) 283 (52.8) 70 606 536 NL 436 (49.8) 439 (50.2) 149 1024 875 PT 230 (29.1) 560 (70.9) 211 1001 790 SE 709 (77.7) 203 (22.3) 88 1000 912 N Sum 5864 7323 2936 16123 N Valid Sum 5864 7323 13187 printed 25.01.2012 page 462 Eurobarometer 60.0 - September 2003,isocntry M AT 296 (37.2) 499 (62.8) 236 1031 795 BE 333 (38.7) 528 (61.3) 169 1030 861 DE-E 242 (30.0) 564 (70.0) 207 1013 806 DE-W 273 (33.2) 550 (66.8) 220 1043 823 DK 452 (52.1) 416 (47.9) 131 999 868 ES 254 (33.2) 512 (66.8) 233 999 766 FI 469 (55.9) 370 (44.1) 171 1010 839 FR 436 (49.2) 451 (50.8) 164 1051 887 GB-GBN 476 (56.1) 372 (43.9) 156 1004 848 GB-NIR 147 (55.7) 117 (44.3) 47 311 264 GR 198 (25.4) 583 (74.6) 219 1000 781 IE 357 (47.7) 392 (52.3) 252 1001 749 IT 303 (38.5) 484 (61.5) 213 1000 787 LU 253 (47.2) 283 (52.8) 70 606 536 NL 436 (49.8) 439 (50.2) 149 1024 875 PT 230 (29.1) 560 (70.9) 211 1001 790 SE 709 (77.7) 203 (22.3) 88 1000 912 N Sum 5864 7323 2936 16123 N Valid Sum 5864 7323 13187 printed 25.01.2012 page 462 Eurobarometer 60.0 - September 2003,GESIS Variable Report,488,ZA3937
v423,v423 1 2 3 9 N Sum N Valid Sum,Q78B INTERNET PURCH - CREDIT CRD ADD CHARGE,isocntry M M AT 120 (44.1) 152 (55.9) 24 735 1031 272 BE 120 (37.7) 198 (62.3) 14 697 1029 318 DE-E 80 (36.2) 141 (63.8) 21 772 1014 221 DE-W 124 (48.1) 134 (51.9) 15 769 1042 258 DK 265 (61.5) 166 (38.5) 22 548 1001 431 ES 49 (21.9) 175 (78.1) 30 746 1000 224 FI 202 (44.4) 253 (55.6) 14 542 1011 455 FR 129 (32.0) 274 (68.0) 33 615 1051 403 GB-GBN 182 (40.8) 264 (59.2) 30 528 1004 446 GB-NIR 77 (57.5) 57 (42.5) 12 163 309 134 GR 122 (63.9) 69 (36.1) 7 802 1000 191 IE 177 (57.1) 133 (42.9) 47 644 1001 310 IT 137 (50.0) 137 (50.0) 29 697 1000 274 LU 162 (65.1) 87 (34.9) 3 353 605 249 NL 215 (51.9) 199 (48.1) 22 587 1023 414 PT 82 (37.3) 138 (62.7) 10 770 1000 220 SE 338 (50.5) 331 (49.5) 40 291 1000 669 N Sum 2581 2908 373 10259 16121 N Valid Sum 2581 2908 5489 printed 25.01.2012 page 463 Eurobarometer 60.0 - September 2003,isocntry M M AT 120 (44.1) 152 (55.9) 24 735 1031 272 BE 120 (37.7) 198 (62.3) 14 697 1029 318 DE-E 80 (36.2) 141 (63.8) 21 772 1014 221 DE-W 124 (48.1) 134 (51.9) 15 769 1042 258 DK 265 (61.5) 166 (38.5) 22 548 1001 431 ES 49 (21.9) 175 (78.1) 30 746 1000 224 FI 202 (44.4) 253 (55.6) 14 542 1011 455 FR 129 (32.0) 274 (68.0) 33 615 1051 403 GB-GBN 182 (40.8) 264 (59.2) 30 528 1004 446 GB-NIR 77 (57.5) 57 (42.5) 12 163 309 134 GR 122 (63.9) 69 (36.1) 7 802 1000 191 IE 177 (57.1) 133 (42.9) 47 644 1001 310 IT 137 (50.0) 137 (50.0) 29 697 1000 274 LU 162 (65.1) 87 (34.9) 3 353 605 249 NL 215 (51.9) 199 (48.1) 22 587 1023 414 PT 82 (37.3) 138 (62.7) 10 770 1000 220 SE 338 (50.5) 331 (49.5) 40 291 1000 669 N Sum 2581 2908 373 10259 16121 N Valid Sum 2581 2908 5489 printed 25.01.2012 page 463 Eurobarometer 60.0 - September 2003,GESIS Variable Report,489,ZA3937
v424,v424 1 2 3 N Sum N Valid Sum,Q79 INTERNET PURCH - NEXT 3 MONTHS,isocntry M AT 118 (13.0) 790 (87.0) 122 1030 908 BE 68 (7.3) 864 (92.7) 97 1029 932 DE-E 122 (13.1) 808 (86.9) 84 1014 930 DE-W 169 (18.1) 767 (81.9) 106 1042 936 DK 275 (29.6) 654 (70.4) 71 1000 929 ES 45 (5.0) 859 (95.0) 97 1001 904 FI 135 (14.7) 786 (85.3) 90 1011 921 FR 96 (10.2) 849 (89.8) 106 1051 945 GB-GBN 206 (22.1) 725 (77.9) 73 1004 931 GB-NIR 65 (22.8) 220 (77.2) 25 310 285 GR 26 (2.7) 932 (97.3) 42 1000 958 IE 132 (15.6) 712 (84.4) 157 1001 844 IT 40 (4.4) 868 (95.6) 92 1000 908 LU 108 (20.0) 433 (80.0) 65 606 541 NL 167 (17.7) 775 (82.3) 82 1024 942 PT 27 (2.9) 910 (97.1) 63 1000 937 SE 266 (28.7) 662 (71.3) 72 1000 928 N Sum 2065 12614 1444 16123 N Valid Sum 2065 12614 14679 printed 25.01.2012 page 464 Eurobarometer 60.0 - September 2003,isocntry M AT 118 (13.0) 790 (87.0) 122 1030 908 BE 68 (7.3) 864 (92.7) 97 1029 932 DE-E 122 (13.1) 808 (86.9) 84 1014 930 DE-W 169 (18.1) 767 (81.9) 106 1042 936 DK 275 (29.6) 654 (70.4) 71 1000 929 ES 45 (5.0) 859 (95.0) 97 1001 904 FI 135 (14.7) 786 (85.3) 90 1011 921 FR 96 (10.2) 849 (89.8) 106 1051 945 GB-GBN 206 (22.1) 725 (77.9) 73 1004 931 GB-NIR 65 (22.8) 220 (77.2) 25 310 285 GR 26 (2.7) 932 (97.3) 42 1000 958 IE 132 (15.6) 712 (84.4) 157 1001 844 IT 40 (4.4) 868 (95.6) 92 1000 908 LU 108 (20.0) 433 (80.0) 65 606 541 NL 167 (17.7) 775 (82.3) 82 1024 942 PT 27 (2.9) 910 (97.1) 63 1000 937 SE 266 (28.7) 662 (71.3) 72 1000 928 N Sum 2065 12614 1444 16123 N Valid Sum 2065 12614 14679 printed 25.01.2012 page 464 Eurobarometer 60.0 - September 2003,GESIS Variable Report,490,ZA3937
v425,v425 1 2 3 4 N Sum N Valid Sum,Q80 INTERNET PURCH - RISKY ABROAD IN EU,isocntry M AT 235 (29.7) 335 (42.4) 221 (27.9) 240 1031 791 BE 260 (34.9) 350 (47.0) 134 (18.0) 286 1030 744 DE-E 346 (49.8) 223 (32.1) 126 (18.1) 319 1014 695 DE-W 340 (46.4) 233 (31.8) 160 (21.8) 309 1042 733 DK 361 (45.7) 360 (45.6) 69 (8.7) 210 1000 790 ES 153 (27.5) 326 (58.5) 78 (14.0) 443 1000 557 FI 552 (66.3) 203 (24.4) 77 (9.3) 179 1011 832 FR 315 (38.3) 339 (41.2) 168 (20.4) 230 1052 822 GB-GBN 430 (63.6) 170 (25.1) 76 (11.2) 328 1004 676 GB-NIR 106 (48.8) 77 (35.5) 34 (15.7) 93 310 217 GR 168 (32.5) 260 (50.3) 89 (17.2) 483 1000 517 IE 276 (42.4) 231 (35.5) 144 (22.1) 349 1000 651 IT 212 (31.3) 353 (52.1) 113 (16.7) 323 1001 678 LU 142 (27.6) 300 (58.3) 73 (14.2) 90 605 515 NL 417 (49.5) 312 (37.1) 113 (13.4) 181 1023 842 PT 162 (33.0) 265 (54.0) 64 (13.0) 509 1000 491 SE 415 (50.1) 273 (33.0) 140 (16.9) 171 999 828 N Sum 4890 4610 1879 4743 16122 N Valid Sum 4890 4610 1879 11379 printed 25.01.2012 page 465 Eurobarometer 60.0 - September 2003,isocntry M AT 235 (29.7) 335 (42.4) 221 (27.9) 240 1031 791 BE 260 (34.9) 350 (47.0) 134 (18.0) 286 1030 744 DE-E 346 (49.8) 223 (32.1) 126 (18.1) 319 1014 695 DE-W 340 (46.4) 233 (31.8) 160 (21.8) 309 1042 733 DK 361 (45.7) 360 (45.6) 69 (8.7) 210 1000 790 ES 153 (27.5) 326 (58.5) 78 (14.0) 443 1000 557 FI 552 (66.3) 203 (24.4) 77 (9.3) 179 1011 832 FR 315 (38.3) 339 (41.2) 168 (20.4) 230 1052 822 GB-GBN 430 (63.6) 170 (25.1) 76 (11.2) 328 1004 676 GB-NIR 106 (48.8) 77 (35.5) 34 (15.7) 93 310 217 GR 168 (32.5) 260 (50.3) 89 (17.2) 483 1000 517 IE 276 (42.4) 231 (35.5) 144 (22.1) 349 1000 651 IT 212 (31.3) 353 (52.1) 113 (16.7) 323 1001 678 LU 142 (27.6) 300 (58.3) 73 (14.2) 90 605 515 NL 417 (49.5) 312 (37.1) 113 (13.4) 181 1023 842 PT 162 (33.0) 265 (54.0) 64 (13.0) 509 1000 491 SE 415 (50.1) 273 (33.0) 140 (16.9) 171 999 828 N Sum 4890 4610 1879 4743 16122 N Valid Sum 4890 4610 1879 11379 printed 25.01.2012 page 465 Eurobarometer 60.0 - September 2003,GESIS Variable Report,491,ZA3937
v426,v426 1 2 3 N Sum N Valid Sum,Q81A INTERNET HEARD: TRUST MARKS,isocntry M AT 197 (20.2) 780 (79.8) 53 1030 977 BE 93 (9.5) 884 (90.5) 53 1030 977 DE-E 112 (12.0) 822 (88.0) 80 1014 934 DE-W 163 (17.1) 788 (82.9) 91 1042 951 DK 161 (16.3) 825 (83.7) 13 999 986 ES 67 (7.3) 847 (92.7) 86 1000 914 FI 113 (12.0) 825 (88.0) 73 1011 938 FR 89 (8.7) 934 (91.3) 27 1050 1023 GB-GBN 82 (8.5) 885 (91.5) 38 1005 967 GB-NIR 22 (7.2) 282 (92.8) 7 311 304 GR 68 (7.4) 845 (92.6) 86 999 913 IE 102 (10.6) 856 (89.4) 43 1001 958 IT 62 (6.5) 899 (93.5) 39 1000 961 LU 81 (13.7) 511 (86.3) 14 606 592 NL 147 (15.3) 815 (84.7) 61 1023 962 PT 62 (6.3) 920 (93.7) 17 999 982 SE 79 (8.4) 861 (91.6) 60 1000 940 N Sum 1700 13579 841 16120 N Valid Sum 1700 13579 15279 printed 25.01.2012 page 466 Eurobarometer 60.0 - September 2003,isocntry M AT 197 (20.2) 780 (79.8) 53 1030 977 BE 93 (9.5) 884 (90.5) 53 1030 977 DE-E 112 (12.0) 822 (88.0) 80 1014 934 DE-W 163 (17.1) 788 (82.9) 91 1042 951 DK 161 (16.3) 825 (83.7) 13 999 986 ES 67 (7.3) 847 (92.7) 86 1000 914 FI 113 (12.0) 825 (88.0) 73 1011 938 FR 89 (8.7) 934 (91.3) 27 1050 1023 GB-GBN 82 (8.5) 885 (91.5) 38 1005 967 GB-NIR 22 (7.2) 282 (92.8) 7 311 304 GR 68 (7.4) 845 (92.6) 86 999 913 IE 102 (10.6) 856 (89.4) 43 1001 958 IT 62 (6.5) 899 (93.5) 39 1000 961 LU 81 (13.7) 511 (86.3) 14 606 592 NL 147 (15.3) 815 (84.7) 61 1023 962 PT 62 (6.3) 920 (93.7) 17 999 982 SE 79 (8.4) 861 (91.6) 60 1000 940 N Sum 1700 13579 841 16120 N Valid Sum 1700 13579 15279 printed 25.01.2012 page 466 Eurobarometer 60.0 - September 2003,GESIS Variable Report,492,ZA3937
v427,IF CODE 1 IN Q.81A,Q81B INTERNET SEEN: TRUST MARKS,"(READ Q.81A_1, THEN Q.81B_1 AND SO ON) Have you seen any on the websites you use/visit? Q.81B_1 Internet trust marks","(READ Q.81A_1, THEN Q.81B_1 AND SO ON) Have you seen any on the websites you use/visit? Q.81B_1 Internet trust marks",GESIS Variable Report,493,ZA3937
v428,v428 1 2 3 N Sum N Valid Sum,Q81A INTERNET HEARD: DATA PROTEC STATEM,isocntry M AT 256 (26.8) 701 (73.2) 74 1031 957 BE 146 (15.0) 827 (85.0) 57 1030 973 DE-E 211 (22.7) 719 (77.3) 84 1014 930 DE-W 274 (28.8) 677 (71.2) 92 1043 951 DK 320 (32.6) 661 (67.4) 19 1000 981 ES 155 (16.9) 764 (83.1) 81 1000 919 FI 238 (25.7) 688 (74.3) 84 1010 926 FR 210 (20.7) 805 (79.3) 36 1051 1015 GB-GBN 279 (29.1) 681 (70.9) 44 1004 960 GB-NIR 93 (30.4) 213 (69.6) 4 310 306 GR 90 (9.8) 824 (90.2) 85 999 914 IE 214 (22.3) 746 (77.7) 40 1000 960 IT 288 (30.1) 668 (69.9) 44 1000 956 LU 156 (26.4) 434 (73.6) 16 606 590 NL 391 (40.8) 568 (59.2) 65 1024 959 PT 124 (12.6) 860 (87.4) 16 1000 984 SE 330 (35.8) 592 (64.2) 79 1001 922 N Sum 3775 11428 920 16123 N Valid Sum 3775 11428 15203 printed 25.01.2012 page 468 Eurobarometer 60.0 - September 2003,isocntry M AT 256 (26.8) 701 (73.2) 74 1031 957 BE 146 (15.0) 827 (85.0) 57 1030 973 DE-E 211 (22.7) 719 (77.3) 84 1014 930 DE-W 274 (28.8) 677 (71.2) 92 1043 951 DK 320 (32.6) 661 (67.4) 19 1000 981 ES 155 (16.9) 764 (83.1) 81 1000 919 FI 238 (25.7) 688 (74.3) 84 1010 926 FR 210 (20.7) 805 (79.3) 36 1051 1015 GB-GBN 279 (29.1) 681 (70.9) 44 1004 960 GB-NIR 93 (30.4) 213 (69.6) 4 310 306 GR 90 (9.8) 824 (90.2) 85 999 914 IE 214 (22.3) 746 (77.7) 40 1000 960 IT 288 (30.1) 668 (69.9) 44 1000 956 LU 156 (26.4) 434 (73.6) 16 606 590 NL 391 (40.8) 568 (59.2) 65 1024 959 PT 124 (12.6) 860 (87.4) 16 1000 984 SE 330 (35.8) 592 (64.2) 79 1001 922 N Sum 3775 11428 920 16123 N Valid Sum 3775 11428 15203 printed 25.01.2012 page 468 Eurobarometer 60.0 - September 2003,GESIS Variable Report,494,ZA3937
v429,IF CODE 1 IN Q.81A,Q81B INTERNET SEEN: DATA PROTEC STATEM,"(READ Q.81A_1, THEN Q.81B_1 AND SO ON) Have you seen any on the websites you use/visit? Q.81B_2 Statements about protecting personal data","(READ Q.81A_1, THEN Q.81B_1 AND SO ON) Have you seen any on the websites you use/visit? Q.81B_2 Statements about protecting personal data",GESIS Variable Report,495,ZA3937
v430,IF CODE 1 IN Q.81B,Q81C INTERNET READ: DATA PROTEC STATEM,"(READ Q.81B_2, THEN Q.81C_2. AND SO ON (EXCEPT FOR ITEM 1)) And have you read them? (SHOW CARD WITH SCALE) Q.81C_2 Statements about protecting personal data","(READ Q.81B_2, THEN Q.81C_2. AND SO ON (EXCEPT FOR ITEM 1)) And have you read them? (SHOW CARD WITH SCALE) Q.81C_2 Statements about protecting personal data",GESIS Variable Report,496,ZA3937
v431,v431 1 2 3 N Sum N Valid Sum,Q81A INTERNET HEARD: PAYMENT SEC STATEM,isocntry M AT 171 (18.2) 766 (81.8) 94 1031 937 BE 133 (13.7) 837 (86.3) 60 1030 970 DE-E 170 (18.5) 749 (81.5) 95 1014 919 DE-W 236 (24.9) 712 (75.1) 95 1043 948 DK 295 (30.2) 683 (69.8) 22 1000 978 ES 112 (12.2) 804 (87.8) 84 1000 916 FI 223 (24.0) 706 (76.0) 82 1011 929 FR 250 (24.6) 767 (75.4) 35 1052 1017 GB-GBN 266 (27.6) 697 (72.4) 41 1004 963 GB-NIR 78 (25.8) 224 (74.2) 8 310 302 GR 55 (6.0) 861 (94.0) 85 1001 916 IE 184 (19.3) 768 (80.7) 49 1001 952 IT 175 (18.7) 762 (81.3) 63 1000 937 LU 133 (22.8) 451 (77.2) 21 605 584 NL 338 (35.8) 606 (64.2) 79 1023 944 PT 98 (10.0) 881 (90.0) 21 1000 979 SE 318 (34.5) 605 (65.5) 76 999 923 N Sum 3235 11879 1010 16124 N Valid Sum 3235 11879 15114 printed 25.01.2012 page 471 Eurobarometer 60.0 - September 2003,isocntry M AT 171 (18.2) 766 (81.8) 94 1031 937 BE 133 (13.7) 837 (86.3) 60 1030 970 DE-E 170 (18.5) 749 (81.5) 95 1014 919 DE-W 236 (24.9) 712 (75.1) 95 1043 948 DK 295 (30.2) 683 (69.8) 22 1000 978 ES 112 (12.2) 804 (87.8) 84 1000 916 FI 223 (24.0) 706 (76.0) 82 1011 929 FR 250 (24.6) 767 (75.4) 35 1052 1017 GB-GBN 266 (27.6) 697 (72.4) 41 1004 963 GB-NIR 78 (25.8) 224 (74.2) 8 310 302 GR 55 (6.0) 861 (94.0) 85 1001 916 IE 184 (19.3) 768 (80.7) 49 1001 952 IT 175 (18.7) 762 (81.3) 63 1000 937 LU 133 (22.8) 451 (77.2) 21 605 584 NL 338 (35.8) 606 (64.2) 79 1023 944 PT 98 (10.0) 881 (90.0) 21 1000 979 SE 318 (34.5) 605 (65.5) 76 999 923 N Sum 3235 11879 1010 16124 N Valid Sum 3235 11879 15114 printed 25.01.2012 page 471 Eurobarometer 60.0 - September 2003,GESIS Variable Report,497,ZA3937
v432,IF CODE 1 IN Q.81A,Q81B INTERNET SEEN: PAYMENT SEC STATEM,"(READ Q.81A_1, THEN Q.81B_1 AND SO ON) Have you seen any on the websites you use/visit? Q.81B_3 Statements about the security of payment data","(READ Q.81A_1, THEN Q.81B_1 AND SO ON) Have you seen any on the websites you use/visit? Q.81B_3 Statements about the security of payment data",GESIS Variable Report,498,ZA3937
v433,IF CODE 1 IN Q.81B,Q81C INTERNET READ: PAYMENT SEC STATEM,"(READ Q.81B_2, THEN Q.81C_2. AND SO ON (EXCEPT FOR ITEM 1)) And have you read them? (SHOW CARD WITH SCALE) Q.81C_3 Statements about the security of payment data","(READ Q.81B_2, THEN Q.81C_2. AND SO ON (EXCEPT FOR ITEM 1)) And have you read them? (SHOW CARD WITH SCALE) Q.81C_3 Statements about the security of payment data",GESIS Variable Report,499,ZA3937
v434,v434 1 2 3 N Sum N Valid Sum,Q81A INTERNET HEARD: ON-LINE DISP STATEM,isocntry M AT 77 (8.0) 880 (92.0) 74 1031 957 BE 34 (3.5) 935 (96.5) 62 1031 969 DE-E 43 (4.7) 877 (95.3) 94 1014 920 DE-W 69 (7.3) 875 (92.7) 98 1042 944 DK 42 (4.3) 930 (95.7) 28 1000 972 ES 48 (5.3) 862 (94.7) 90 1000 910 FI 61 (6.6) 860 (93.4) 90 1011 921 FR 59 (5.8) 950 (94.2) 43 1052 1009 GB-GBN 57 (6.0) 893 (94.0) 54 1004 950 GB-NIR 19 (6.4) 279 (93.6) 12 310 298 GR 21 (2.3) 894 (97.7) 85 1000 915 IE 87 (9.2) 855 (90.8) 59 1001 942 IT 55 (5.8) 887 (94.2) 57 999 942 LU 60 (10.3) 524 (89.7) 22 606 584 NL 71 (7.7) 848 (92.3) 104 1023 919 PT 47 (4.8) 933 (95.2) 20 1000 980 SE 48 (5.2) 870 (94.8) 83 1001 918 N Sum 898 14152 1075 16125 N Valid Sum 898 14152 15050 printed 25.01.2012 page 474 Eurobarometer 60.0 - September 2003,isocntry M AT 77 (8.0) 880 (92.0) 74 1031 957 BE 34 (3.5) 935 (96.5) 62 1031 969 DE-E 43 (4.7) 877 (95.3) 94 1014 920 DE-W 69 (7.3) 875 (92.7) 98 1042 944 DK 42 (4.3) 930 (95.7) 28 1000 972 ES 48 (5.3) 862 (94.7) 90 1000 910 FI 61 (6.6) 860 (93.4) 90 1011 921 FR 59 (5.8) 950 (94.2) 43 1052 1009 GB-GBN 57 (6.0) 893 (94.0) 54 1004 950 GB-NIR 19 (6.4) 279 (93.6) 12 310 298 GR 21 (2.3) 894 (97.7) 85 1000 915 IE 87 (9.2) 855 (90.8) 59 1001 942 IT 55 (5.8) 887 (94.2) 57 999 942 LU 60 (10.3) 524 (89.7) 22 606 584 NL 71 (7.7) 848 (92.3) 104 1023 919 PT 47 (4.8) 933 (95.2) 20 1000 980 SE 48 (5.2) 870 (94.8) 83 1001 918 N Sum 898 14152 1075 16125 N Valid Sum 898 14152 15050 printed 25.01.2012 page 474 Eurobarometer 60.0 - September 2003,GESIS Variable Report,500,ZA3937
v435,IF CODE 1 IN Q.81A,Q81B INTERNET SEEN: ON-LINE DISP STATEM,"(READ Q.81A_1, THEN Q.81B_1 AND SO ON) Have you seen any on the websites you use/visit? Q.81B_4 Statements about online dispute resolution or amicable resolution, other than through the courts","(READ Q.81A_1, THEN Q.81B_1 AND SO ON) Have you seen any on the websites you use/visit? Q.81B_4 Statements about online dispute resolution or amicable resolution, other than through the courts",GESIS Variable Report,501,ZA3937
v436,IF CODE 1 IN Q.81B,Q81C INTERNET READ: ON-LINE DISP STATEM,"(READ Q.81B_2, THEN Q.81C_2. AND SO ON (EXCEPT FOR ITEM 1)) And have you read them? (SHOW CARD WITH SCALE) Q.81C_4 Statements about online dispute resolution or amicable resolution, other than through the courts","(READ Q.81B_2, THEN Q.81C_2. AND SO ON (EXCEPT FOR ITEM 1)) And have you read them? (SHOW CARD WITH SCALE) Q.81C_4 Statements about online dispute resolution or amicable resolution, other than through the courts",GESIS Variable Report,502,ZA3937
v437,v437 1 2 3 4 9 N Sum N Valid Sum,Q82 INTERNET TRUST MARK WEBSITES,isocntry M M AT 121 (69.5) 44 (25.3) 9 (5.2) 23 834 1031 174 BE 41 (55.4) 30 (40.5) 3 (4.1) 18 937 1029 74 DE-E 34 (34.7) 60 (61.2) 4 (4.1) 14 902 1014 98 DE-W 89 (61.4) 48 (33.1) 8 (5.5) 18 880 1043 145 DK 76 (62.3) 42 (34.4) 4 (3.3) 38 839 999 122 ES 21 (42.0) 25 (50.0) 4 (8.0) 17 933 1000 50 FI 43 (40.6) 57 (53.8) 6 (5.7) 7 898 1011 106 FR 44 (59.5) 29 (39.2) 1 (1.4) 15 962 1051 74 GB-GBN 41 (61.2) 24 (35.8) 2 (3.0) 14 922 1003 67 GB-NIR 11 (64.7) 6 (35.3) 4 288 309 17 GR 28 (47.5) 26 (44.1) 5 (8.5) 9 932 1000 59 IE 36 (44.4) 44 (54.3) 1 (1.2) 21 899 1001 81 IT 29 (54.7) 23 (43.4) 1 (1.9) 9 938 1000 53 LU 37 (59.7) 21 (33.9) 4 (6.5) 18 525 605 62 NL 85 (60.3) 48 (34.0) 8 (5.7) 6 876 1023 141 PT 15 (28.8) 32 (61.5) 5 (9.6) 10 938 1000 52 SE 45 (65.2) 24 (34.8) 10 921 1000 69 N Sum 796 583 65 251 14424 16119 N Valid Sum 796 583 65 1444 printed 25.01.2012 page 477 Eurobarometer 60.0 - September 2003,isocntry M M AT 121 (69.5) 44 (25.3) 9 (5.2) 23 834 1031 174 BE 41 (55.4) 30 (40.5) 3 (4.1) 18 937 1029 74 DE-E 34 (34.7) 60 (61.2) 4 (4.1) 14 902 1014 98 DE-W 89 (61.4) 48 (33.1) 8 (5.5) 18 880 1043 145 DK 76 (62.3) 42 (34.4) 4 (3.3) 38 839 999 122 ES 21 (42.0) 25 (50.0) 4 (8.0) 17 933 1000 50 FI 43 (40.6) 57 (53.8) 6 (5.7) 7 898 1011 106 FR 44 (59.5) 29 (39.2) 1 (1.4) 15 962 1051 74 GB-GBN 41 (61.2) 24 (35.8) 2 (3.0) 14 922 1003 67 GB-NIR 11 (64.7) 6 (35.3) 4 288 309 17 GR 28 (47.5) 26 (44.1) 5 (8.5) 9 932 1000 59 IE 36 (44.4) 44 (54.3) 1 (1.2) 21 899 1001 81 IT 29 (54.7) 23 (43.4) 1 (1.9) 9 938 1000 53 LU 37 (59.7) 21 (33.9) 4 (6.5) 18 525 605 62 NL 85 (60.3) 48 (34.0) 8 (5.7) 6 876 1023 141 PT 15 (28.8) 32 (61.5) 5 (9.6) 10 938 1000 52 SE 45 (65.2) 24 (34.8) 10 921 1000 69 N Sum 796 583 65 251 14424 16119 N Valid Sum 796 583 65 1444 printed 25.01.2012 page 477 Eurobarometer 60.0 - September 2003,GESIS Variable Report,503,ZA3937
v438,v438 1 2 3 4 5 9 N Sum N Valid Sum,Q83 INTERNET TRUST MARK WEBSITES - ABROAD,isocntry M M AT 34 (18.6) 71 (38.8) 44 (24.0) 34 (18.6) 14 834 1031 183 BE 7 (9.2) 39 (51.3) 17 (22.4) 13 (17.1) 18 937 1031 76 DE-E 17 (17.0) 31 (31.0) 35 (35.0) 17 (17.0) 13 902 1015 100 DE-W 39 (26.2) 49 (32.9) 45 (30.2) 16 (10.7) 14 880 1043 149 DK 26 (18.8) 69 (50.0) 32 (23.2) 11 (8.0) 23 839 1000 138 ES 17 (27.4) 29 (46.8) 5 (8.1) 11 (17.7) 5 933 1000 62 FI 8 (7.8) 60 (58.3) 25 (24.3) 10 (9.7) 9 898 1010 103 FR 8 (10.5) 37 (48.7) 14 (18.4) 17 (22.4) 13 962 1051 76 GB-GBN 17 (25.8) 17 (25.8) 24 (36.4) 8 (12.1) 15 922 1003 66 GB-NIR 1 (5.9) 11 (64.7) 3 (17.6) 2 (11.8) 5 288 310 17 GR 11 (18.3) 27 (45.0) 12 (20.0) 10 (16.7) 8 932 1000 60 IE 18 (21.4) 28 (33.3) 14 (16.7) 24 (28.6) 18 899 1001 84 IT 7 (13.7) 26 (51.0) 5 (9.8) 13 (25.5) 11 938 1000 51 LU 11 (16.4) 28 (41.8) 12 (17.9) 16 (23.9) 15 525 607 67 NL 31 (22.6) 53 (38.7) 38 (27.7) 15 (10.9) 10 876 1023 137 PT 8 (14.0) 35 (61.4) 11 (19.3) 3 (5.3) 6 938 1001 57 SE 10 (14.1) 30 (42.3) 19 (26.8) 12 (16.9) 8 921 1000 71 N Sum 270 640 355 232 205 14424 16126 N Valid Sum 270 640 355 232 1497 printed 25.01.2012 page 478 Eurobarometer 60.0 - September 2003,isocntry M M AT 34 (18.6) 71 (38.8) 44 (24.0) 34 (18.6) 14 834 1031 183 BE 7 (9.2) 39 (51.3) 17 (22.4) 13 (17.1) 18 937 1031 76 DE-E 17 (17.0) 31 (31.0) 35 (35.0) 17 (17.0) 13 902 1015 100 DE-W 39 (26.2) 49 (32.9) 45 (30.2) 16 (10.7) 14 880 1043 149 DK 26 (18.8) 69 (50.0) 32 (23.2) 11 (8.0) 23 839 1000 138 ES 17 (27.4) 29 (46.8) 5 (8.1) 11 (17.7) 5 933 1000 62 FI 8 (7.8) 60 (58.3) 25 (24.3) 10 (9.7) 9 898 1010 103 FR 8 (10.5) 37 (48.7) 14 (18.4) 17 (22.4) 13 962 1051 76 GB-GBN 17 (25.8) 17 (25.8) 24 (36.4) 8 (12.1) 15 922 1003 66 GB-NIR 1 (5.9) 11 (64.7) 3 (17.6) 2 (11.8) 5 288 310 17 GR 11 (18.3) 27 (45.0) 12 (20.0) 10 (16.7) 8 932 1000 60 IE 18 (21.4) 28 (33.3) 14 (16.7) 24 (28.6) 18 899 1001 84 IT 7 (13.7) 26 (51.0) 5 (9.8) 13 (25.5) 11 938 1000 51 LU 11 (16.4) 28 (41.8) 12 (17.9) 16 (23.9) 15 525 607 67 NL 31 (22.6) 53 (38.7) 38 (27.7) 15 (10.9) 10 876 1023 137 PT 8 (14.0) 35 (61.4) 11 (19.3) 3 (5.3) 6 938 1001 57 SE 10 (14.1) 30 (42.3) 19 (26.8) 12 (16.9) 8 921 1000 71 N Sum 270 640 355 232 205 14424 16126 N Valid Sum 270 640 355 232 1497 printed 25.01.2012 page 478 Eurobarometer 60.0 - September 2003,GESIS Variable Report,504,ZA3937
v439,v439 1 2 3 N Sum N Valid Sum,Q84A DISABILITIES - EUROPEAN YEAR 2003,isocntry M AT 567 (57.2) 425 (42.8) 39 1031 992 BE 317 (31.4) 694 (68.6) 19 1030 1011 DE-E 343 (35.4) 627 (64.6) 44 1014 970 DE-W 365 (36.6) 633 (63.4) 44 1042 998 DK 394 (39.5) 603 (60.5) 3 1000 997 ES 332 (34.2) 639 (65.8) 29 1000 971 FI 366 (36.7) 631 (63.3) 15 1012 997 FR 331 (32.5) 687 (67.5) 33 1051 1018 GB-GBN 205 (20.7) 785 (79.3) 14 1004 990 GB-NIR 136 (44.2) 172 (55.8) 2 310 308 GR 342 (34.4) 653 (65.6) 5 1000 995 IE 728 (74.8) 245 (25.2) 28 1001 973 IT 340 (35.6) 615 (64.4) 45 1000 955 LU 422 (70.2) 179 (29.8) 5 606 601 NL 396 (39.1) 617 (60.9) 10 1023 1013 PT 412 (41.9) 571 (58.1) 17 1000 983 SE 339 (34.4) 646 (65.6) 16 1001 985 N Sum 6335 9422 368 16125 N Valid Sum 6335 9422 15757 printed 25.01.2012 page 479 Eurobarometer 60.0 - September 2003,isocntry M AT 567 (57.2) 425 (42.8) 39 1031 992 BE 317 (31.4) 694 (68.6) 19 1030 1011 DE-E 343 (35.4) 627 (64.6) 44 1014 970 DE-W 365 (36.6) 633 (63.4) 44 1042 998 DK 394 (39.5) 603 (60.5) 3 1000 997 ES 332 (34.2) 639 (65.8) 29 1000 971 FI 366 (36.7) 631 (63.3) 15 1012 997 FR 331 (32.5) 687 (67.5) 33 1051 1018 GB-GBN 205 (20.7) 785 (79.3) 14 1004 990 GB-NIR 136 (44.2) 172 (55.8) 2 310 308 GR 342 (34.4) 653 (65.6) 5 1000 995 IE 728 (74.8) 245 (25.2) 28 1001 973 IT 340 (35.6) 615 (64.4) 45 1000 955 LU 422 (70.2) 179 (29.8) 5 606 601 NL 396 (39.1) 617 (60.9) 10 1023 1013 PT 412 (41.9) 571 (58.1) 17 1000 983 SE 339 (34.4) 646 (65.6) 16 1001 985 N Sum 6335 9422 368 16125 N Valid Sum 6335 9422 15757 printed 25.01.2012 page 479 Eurobarometer 60.0 - September 2003,GESIS Variable Report,505,ZA3937
v440,v440 0 1 9 N Sum N Valid Sum,Q84B DISABILITIES YEAR INFO: FAMILY,isocntry M AT 511 (90.0) 57 (10.0) 464 1032 568 BE 281 (88.6) 36 (11.4) 713 1030 317 DE-E 303 (88.3) 40 (11.7) 671 1014 343 DE-W 346 (94.8) 19 (5.2) 677 1042 365 DK 367 (93.1) 27 (6.9) 606 1000 394 ES 312 (94.0) 20 (6.0) 668 1000 332 FI 345 (94.3) 21 (5.7) 645 1011 366 FR 300 (90.6) 31 (9.4) 720 1051 331 GB-GBN 182 (88.8) 23 (11.2) 799 1004 205 GB-NIR 118 (86.8) 18 (13.2) 174 310 136 GR 332 (97.1) 10 (2.9) 658 1000 342 IE 623 (85.6) 105 (14.4) 273 1001 728 IT 317 (93.2) 23 (6.8) 660 1000 340 LU 387 (91.7) 35 (8.3) 184 606 422 NL 361 (91.2) 35 (8.8) 627 1023 396 PT 393 (95.4) 19 (4.6) 588 1000 412 SE 313 (92.6) 25 (7.4) 661 999 338 N Sum 5791 544 9788 16123 N Valid Sum 5791 544 6335 printed 25.01.2012 page 480 Eurobarometer 60.0 - September 2003,isocntry M AT 511 (90.0) 57 (10.0) 464 1032 568 BE 281 (88.6) 36 (11.4) 713 1030 317 DE-E 303 (88.3) 40 (11.7) 671 1014 343 DE-W 346 (94.8) 19 (5.2) 677 1042 365 DK 367 (93.1) 27 (6.9) 606 1000 394 ES 312 (94.0) 20 (6.0) 668 1000 332 FI 345 (94.3) 21 (5.7) 645 1011 366 FR 300 (90.6) 31 (9.4) 720 1051 331 GB-GBN 182 (88.8) 23 (11.2) 799 1004 205 GB-NIR 118 (86.8) 18 (13.2) 174 310 136 GR 332 (97.1) 10 (2.9) 658 1000 342 IE 623 (85.6) 105 (14.4) 273 1001 728 IT 317 (93.2) 23 (6.8) 660 1000 340 LU 387 (91.7) 35 (8.3) 184 606 422 NL 361 (91.2) 35 (8.8) 627 1023 396 PT 393 (95.4) 19 (4.6) 588 1000 412 SE 313 (92.6) 25 (7.4) 661 999 338 N Sum 5791 544 9788 16123 N Valid Sum 5791 544 6335 printed 25.01.2012 page 480 Eurobarometer 60.0 - September 2003,GESIS Variable Report,506,ZA3937
v441,v441 0 1 9 N Sum N Valid Sum,Q84B DISABILITIES YEAR INFO: FRIEND,isocntry M AT 515 (90.8) 52 (9.2) 464 1031 567 BE 309 (97.5) 8 (2.5) 713 1030 317 DE-E 322 (93.9) 21 (6.1) 671 1014 343 DE-W 350 (95.9) 15 (4.1) 677 1042 365 DK 384 (97.5) 10 (2.5) 606 1000 394 ES 298 (89.8) 34 (10.2) 668 1000 332 FI 346 (94.5) 20 (5.5) 645 1011 366 FR 292 (88.5) 38 (11.5) 720 1050 330 GB-GBN 180 (87.8) 25 (12.2) 799 1004 205 GB-NIR 121 (88.3) 16 (11.7) 174 311 137 GR 326 (95.3) 16 (4.7) 658 1000 342 IE 627 (86.0) 102 (14.0) 273 1002 729 IT 321 (94.4) 19 (5.6) 660 1000 340 LU 387 (91.7) 35 (8.3) 184 606 422 NL 380 (96.0) 16 (4.0) 627 1023 396 PT 388 (93.9) 25 (6.1) 588 1001 413 SE 320 (94.4) 19 (5.6) 661 1000 339 N Sum 5866 471 9788 16125 N Valid Sum 5866 471 6337 printed 25.01.2012 page 481 Eurobarometer 60.0 - September 2003,isocntry M AT 515 (90.8) 52 (9.2) 464 1031 567 BE 309 (97.5) 8 (2.5) 713 1030 317 DE-E 322 (93.9) 21 (6.1) 671 1014 343 DE-W 350 (95.9) 15 (4.1) 677 1042 365 DK 384 (97.5) 10 (2.5) 606 1000 394 ES 298 (89.8) 34 (10.2) 668 1000 332 FI 346 (94.5) 20 (5.5) 645 1011 366 FR 292 (88.5) 38 (11.5) 720 1050 330 GB-GBN 180 (87.8) 25 (12.2) 799 1004 205 GB-NIR 121 (88.3) 16 (11.7) 174 311 137 GR 326 (95.3) 16 (4.7) 658 1000 342 IE 627 (86.0) 102 (14.0) 273 1002 729 IT 321 (94.4) 19 (5.6) 660 1000 340 LU 387 (91.7) 35 (8.3) 184 606 422 NL 380 (96.0) 16 (4.0) 627 1023 396 PT 388 (93.9) 25 (6.1) 588 1001 413 SE 320 (94.4) 19 (5.6) 661 1000 339 N Sum 5866 471 9788 16125 N Valid Sum 5866 471 6337 printed 25.01.2012 page 481 Eurobarometer 60.0 - September 2003,GESIS Variable Report,507,ZA3937
v442,v442 0 1 9 N Sum N Valid Sum,Q84B DISABILITIES YEAR INFO: ACQUAINTANCE,isocntry M AT 499 (88.0) 68 (12.0) 464 1031 567 BE 303 (95.6) 14 (4.4) 713 1030 317 DE-E 305 (88.9) 38 (11.1) 671 1014 343 DE-W 332 (91.0) 33 (9.0) 677 1042 365 DK 383 (97.2) 11 (2.8) 606 1000 394 ES 314 (94.3) 19 (5.7) 668 1001 333 FI 336 (91.8) 30 (8.2) 645 1011 366 FR 304 (92.1) 26 (7.9) 720 1050 330 GB-GBN 191 (93.2) 14 (6.8) 799 1004 205 GB-NIR 131 (96.3) 5 (3.7) 174 310 136 GR 322 (94.2) 20 (5.8) 658 1000 342 IE 654 (89.8) 74 (10.2) 273 1001 728 IT 330 (97.1) 10 (2.9) 660 1000 340 LU 393 (93.1) 29 (6.9) 184 606 422 NL 372 (94.2) 23 (5.8) 627 1022 395 PT 394 (95.6) 18 (4.4) 588 1000 412 SE 318 (94.1) 20 (5.9) 661 999 338 N Sum 5881 452 9788 16121 N Valid Sum 5881 452 6333 printed 25.01.2012 page 482 Eurobarometer 60.0 - September 2003,isocntry M AT 499 (88.0) 68 (12.0) 464 1031 567 BE 303 (95.6) 14 (4.4) 713 1030 317 DE-E 305 (88.9) 38 (11.1) 671 1014 343 DE-W 332 (91.0) 33 (9.0) 677 1042 365 DK 383 (97.2) 11 (2.8) 606 1000 394 ES 314 (94.3) 19 (5.7) 668 1001 333 FI 336 (91.8) 30 (8.2) 645 1011 366 FR 304 (92.1) 26 (7.9) 720 1050 330 GB-GBN 191 (93.2) 14 (6.8) 799 1004 205 GB-NIR 131 (96.3) 5 (3.7) 174 310 136 GR 322 (94.2) 20 (5.8) 658 1000 342 IE 654 (89.8) 74 (10.2) 273 1001 728 IT 330 (97.1) 10 (2.9) 660 1000 340 LU 393 (93.1) 29 (6.9) 184 606 422 NL 372 (94.2) 23 (5.8) 627 1022 395 PT 394 (95.6) 18 (4.4) 588 1000 412 SE 318 (94.1) 20 (5.9) 661 999 338 N Sum 5881 452 9788 16121 N Valid Sum 5881 452 6333 printed 25.01.2012 page 482 Eurobarometer 60.0 - September 2003,GESIS Variable Report,508,ZA3937
v443,v443 0 1 9 N Sum N Valid Sum,Q84B DISABILITIES YEAR INFO: TRADE UNION,isocntry M AT 556 (98.1) 11 (1.9) 464 1031 567 BE 316 (99.7) 1 (0.3) 713 1030 317 DE-E 340 (99.4) 2 (0.6) 671 1013 342 DE-W 362 (98.9) 4 (1.1) 677 1043 366 DK 378 (95.9) 16 (4.1) 606 1000 394 ES 331 (99.7) 1 (0.3) 668 1000 332 FI 355 (97.0) 11 (3.0) 645 1011 366 FR 328 (99.4) 2 (0.6) 720 1050 330 GB-GBN 200 (97.6) 5 (2.4) 799 1004 205 GB-NIR 134 (98.5) 2 (1.5) 174 310 136 GR 340 (99.4) 2 (0.6) 658 1000 342 IE 720 (98.8) 9 (1.2) 273 1002 729 IT 338 (99.4) 2 (0.6) 660 1000 340 LU 416 (98.6) 6 (1.4) 184 606 422 NL 391 (98.7) 5 (1.3) 627 1023 396 PT 411 (99.8) 1 (0.2) 588 1000 412 SE 338 (99.7) 1 (0.3) 661 1000 339 N Sum 6254 81 9788 16123 N Valid Sum 6254 81 6335 printed 25.01.2012 page 483 Eurobarometer 60.0 - September 2003,isocntry M AT 556 (98.1) 11 (1.9) 464 1031 567 BE 316 (99.7) 1 (0.3) 713 1030 317 DE-E 340 (99.4) 2 (0.6) 671 1013 342 DE-W 362 (98.9) 4 (1.1) 677 1043 366 DK 378 (95.9) 16 (4.1) 606 1000 394 ES 331 (99.7) 1 (0.3) 668 1000 332 FI 355 (97.0) 11 (3.0) 645 1011 366 FR 328 (99.4) 2 (0.6) 720 1050 330 GB-GBN 200 (97.6) 5 (2.4) 799 1004 205 GB-NIR 134 (98.5) 2 (1.5) 174 310 136 GR 340 (99.4) 2 (0.6) 658 1000 342 IE 720 (98.8) 9 (1.2) 273 1002 729 IT 338 (99.4) 2 (0.6) 660 1000 340 LU 416 (98.6) 6 (1.4) 184 606 422 NL 391 (98.7) 5 (1.3) 627 1023 396 PT 411 (99.8) 1 (0.2) 588 1000 412 SE 338 (99.7) 1 (0.3) 661 1000 339 N Sum 6254 81 9788 16123 N Valid Sum 6254 81 6335 printed 25.01.2012 page 483 Eurobarometer 60.0 - September 2003,GESIS Variable Report,509,ZA3937
v444,v444 0 1 9 N Sum N Valid Sum,Q84B DISABILITIES YEAR INFO: NGO,isocntry M AT 541 (95.4) 26 (4.6) 464 1031 567 BE 311 (98.1) 6 (1.9) 713 1030 317 DE-E 337 (98.3) 6 (1.7) 671 1014 343 DE-W 360 (98.4) 6 (1.6) 677 1043 366 DK 389 (98.7) 5 (1.3) 606 1000 394 ES 323 (97.3) 9 (2.7) 668 1000 332 FI 362 (99.2) 3 (0.8) 645 1010 365 FR 324 (98.2) 6 (1.8) 720 1050 330 GB-GBN 203 (99.0) 2 (1.0) 799 1004 205 GB-NIR 134 (98.5) 2 (1.5) 174 310 136 GR 340 (99.4) 2 (0.6) 658 1000 342 IE 711 (97.5) 18 (2.5) 273 1002 729 IT 331 (97.4) 9 (2.6) 660 1000 340 LU 395 (93.6) 27 (6.4) 184 606 422 NL 385 (97.2) 11 (2.8) 627 1023 396 PT 403 (97.8) 9 (2.2) 588 1000 412 SE 335 (98.8) 4 (1.2) 661 1000 339 N Sum 6184 151 9788 16123 N Valid Sum 6184 151 6335 printed 25.01.2012 page 484 Eurobarometer 60.0 - September 2003,isocntry M AT 541 (95.4) 26 (4.6) 464 1031 567 BE 311 (98.1) 6 (1.9) 713 1030 317 DE-E 337 (98.3) 6 (1.7) 671 1014 343 DE-W 360 (98.4) 6 (1.6) 677 1043 366 DK 389 (98.7) 5 (1.3) 606 1000 394 ES 323 (97.3) 9 (2.7) 668 1000 332 FI 362 (99.2) 3 (0.8) 645 1010 365 FR 324 (98.2) 6 (1.8) 720 1050 330 GB-GBN 203 (99.0) 2 (1.0) 799 1004 205 GB-NIR 134 (98.5) 2 (1.5) 174 310 136 GR 340 (99.4) 2 (0.6) 658 1000 342 IE 711 (97.5) 18 (2.5) 273 1002 729 IT 331 (97.4) 9 (2.6) 660 1000 340 LU 395 (93.6) 27 (6.4) 184 606 422 NL 385 (97.2) 11 (2.8) 627 1023 396 PT 403 (97.8) 9 (2.2) 588 1000 412 SE 335 (98.8) 4 (1.2) 661 1000 339 N Sum 6184 151 9788 16123 N Valid Sum 6184 151 6335 printed 25.01.2012 page 484 Eurobarometer 60.0 - September 2003,GESIS Variable Report,510,ZA3937
v445,v445 0 1 9 N Sum N Valid Sum,Q84B DISABILITIES YEAR INFO: REPRES ORG,isocntry M AT 508 (89.6) 59 (10.4) 464 1031 567 BE 293 (92.4) 24 (7.6) 713 1030 317 DE-E 311 (90.7) 32 (9.3) 671 1014 343 DE-W 318 (86.9) 48 (13.1) 677 1043 366 DK 364 (92.4) 30 (7.6) 606 1000 394 ES 322 (97.0) 10 (3.0) 668 1000 332 FI 309 (84.4) 57 (15.6) 645 1011 366 FR 294 (89.1) 36 (10.9) 720 1050 330 GB-GBN 185 (90.2) 20 (9.8) 799 1004 205 GB-NIR 123 (90.4) 13 (9.6) 174 310 136 GR 336 (98.2) 6 (1.8) 658 1000 342 IE 650 (89.3) 78 (10.7) 273 1001 728 IT 317 (93.2) 23 (6.8) 660 1000 340 LU 394 (93.4) 28 (6.6) 184 606 422 NL 357 (90.2) 39 (9.8) 627 1023 396 PT 394 (95.6) 18 (4.4) 588 1000 412 SE 307 (90.8) 31 (9.2) 661 999 338 N Sum 5782 552 9788 16122 N Valid Sum 5782 552 6334 printed 25.01.2012 page 485 Eurobarometer 60.0 - September 2003,isocntry M AT 508 (89.6) 59 (10.4) 464 1031 567 BE 293 (92.4) 24 (7.6) 713 1030 317 DE-E 311 (90.7) 32 (9.3) 671 1014 343 DE-W 318 (86.9) 48 (13.1) 677 1043 366 DK 364 (92.4) 30 (7.6) 606 1000 394 ES 322 (97.0) 10 (3.0) 668 1000 332 FI 309 (84.4) 57 (15.6) 645 1011 366 FR 294 (89.1) 36 (10.9) 720 1050 330 GB-GBN 185 (90.2) 20 (9.8) 799 1004 205 GB-NIR 123 (90.4) 13 (9.6) 174 310 136 GR 336 (98.2) 6 (1.8) 658 1000 342 IE 650 (89.3) 78 (10.7) 273 1001 728 IT 317 (93.2) 23 (6.8) 660 1000 340 LU 394 (93.4) 28 (6.6) 184 606 422 NL 357 (90.2) 39 (9.8) 627 1023 396 PT 394 (95.6) 18 (4.4) 588 1000 412 SE 307 (90.8) 31 (9.2) 661 999 338 N Sum 5782 552 9788 16122 N Valid Sum 5782 552 6334 printed 25.01.2012 page 485 Eurobarometer 60.0 - September 2003,GESIS Variable Report,511,ZA3937
v446,v446 0 1 9 N Sum N Valid Sum,Q84B DISABILITIES YEAR INFO: OTHER ORG,isocntry M AT 543 (95.8) 24 (4.2) 464 1031 567 BE 311 (98.1) 6 (1.9) 713 1030 317 DE-E 322 (94.2) 20 (5.8) 671 1013 342 DE-W 354 (97.0) 11 (3.0) 677 1042 365 DK 379 (96.2) 15 (3.8) 606 1000 394 ES 327 (98.2) 6 (1.8) 668 1001 333 FI 354 (96.7) 12 (3.3) 645 1011 366 FR 312 (94.5) 18 (5.5) 720 1050 330 GB-GBN 195 (94.7) 11 (5.3) 799 1005 206 GB-NIR 130 (95.6) 6 (4.4) 174 310 136 GR 340 (99.4) 2 (0.6) 658 1000 342 IE 689 (94.5) 40 (5.5) 273 1002 729 IT 321 (94.4) 19 (5.6) 660 1000 340 LU 409 (96.9) 13 (3.1) 184 606 422 NL 370 (93.4) 26 (6.6) 627 1023 396 PT 400 (97.1) 12 (2.9) 588 1000 412 SE 312 (92.0) 27 (8.0) 661 1000 339 N Sum 6068 268 9788 16124 N Valid Sum 6068 268 6336 printed 25.01.2012 page 486 Eurobarometer 60.0 - September 2003,isocntry M AT 543 (95.8) 24 (4.2) 464 1031 567 BE 311 (98.1) 6 (1.9) 713 1030 317 DE-E 322 (94.2) 20 (5.8) 671 1013 342 DE-W 354 (97.0) 11 (3.0) 677 1042 365 DK 379 (96.2) 15 (3.8) 606 1000 394 ES 327 (98.2) 6 (1.8) 668 1001 333 FI 354 (96.7) 12 (3.3) 645 1011 366 FR 312 (94.5) 18 (5.5) 720 1050 330 GB-GBN 195 (94.7) 11 (5.3) 799 1005 206 GB-NIR 130 (95.6) 6 (4.4) 174 310 136 GR 340 (99.4) 2 (0.6) 658 1000 342 IE 689 (94.5) 40 (5.5) 273 1002 729 IT 321 (94.4) 19 (5.6) 660 1000 340 LU 409 (96.9) 13 (3.1) 184 606 422 NL 370 (93.4) 26 (6.6) 627 1023 396 PT 400 (97.1) 12 (2.9) 588 1000 412 SE 312 (92.0) 27 (8.0) 661 1000 339 N Sum 6068 268 9788 16124 N Valid Sum 6068 268 6336 printed 25.01.2012 page 486 Eurobarometer 60.0 - September 2003,GESIS Variable Report,512,ZA3937
v447,v447 0 1 9 N Sum N Valid Sum,Q84B DISABILITIES YEAR INFO: AUTHORITIES,isocntry M AT 528 (93.1) 39 (6.9) 464 1031 567 BE 304 (95.9) 13 (4.1) 713 1030 317 DE-E 326 (95.0) 17 (5.0) 671 1014 343 DE-W 350 (95.6) 16 (4.4) 677 1043 366 DK 369 (93.7) 25 (6.3) 606 1000 394 ES 325 (97.9) 7 (2.1) 668 1000 332 FI 356 (97.3) 10 (2.7) 645 1011 366 FR 291 (87.9) 40 (12.1) 720 1051 331 GB-GBN 196 (95.6) 9 (4.4) 799 1004 205 GB-NIR 130 (95.6) 6 (4.4) 174 310 136 GR 339 (99.1) 3 (0.9) 658 1000 342 IE 687 (94.4) 41 (5.6) 273 1001 728 IT 313 (92.1) 27 (7.9) 660 1000 340 LU 401 (95.0) 21 (5.0) 184 606 422 NL 367 (92.7) 29 (7.3) 627 1023 396 PT 404 (97.8) 9 (2.2) 588 1001 413 SE 315 (92.9) 24 (7.1) 661 1000 339 N Sum 6001 336 9788 16125 N Valid Sum 6001 336 6337 printed 25.01.2012 page 487 Eurobarometer 60.0 - September 2003,isocntry M AT 528 (93.1) 39 (6.9) 464 1031 567 BE 304 (95.9) 13 (4.1) 713 1030 317 DE-E 326 (95.0) 17 (5.0) 671 1014 343 DE-W 350 (95.6) 16 (4.4) 677 1043 366 DK 369 (93.7) 25 (6.3) 606 1000 394 ES 325 (97.9) 7 (2.1) 668 1000 332 FI 356 (97.3) 10 (2.7) 645 1011 366 FR 291 (87.9) 40 (12.1) 720 1051 331 GB-GBN 196 (95.6) 9 (4.4) 799 1004 205 GB-NIR 130 (95.6) 6 (4.4) 174 310 136 GR 339 (99.1) 3 (0.9) 658 1000 342 IE 687 (94.4) 41 (5.6) 273 1001 728 IT 313 (92.1) 27 (7.9) 660 1000 340 LU 401 (95.0) 21 (5.0) 184 606 422 NL 367 (92.7) 29 (7.3) 627 1023 396 PT 404 (97.8) 9 (2.2) 588 1001 413 SE 315 (92.9) 24 (7.1) 661 1000 339 N Sum 6001 336 9788 16125 N Valid Sum 6001 336 6337 printed 25.01.2012 page 487 Eurobarometer 60.0 - September 2003,GESIS Variable Report,513,ZA3937
v448,v448 0 1 9 N Sum N Valid Sum,Q84B DISABILITIES YEAR INFO: MEDIA,isocntry M AT 87 (15.3) 480 (84.7) 464 1031 567 BE 66 (20.8) 251 (79.2) 713 1030 317 DE-E 48 (14.0) 295 (86.0) 671 1014 343 DE-W 56 (15.3) 309 (84.7) 677 1042 365 DK 67 (17.0) 327 (83.0) 606 1000 394 ES 46 (13.9) 286 (86.1) 668 1000 332 FI 68 (18.6) 298 (81.4) 645 1011 366 FR 57 (17.2) 274 (82.8) 720 1051 331 GB-GBN 91 (44.2) 115 (55.8) 799 1005 206 GB-NIR 35 (25.7) 101 (74.3) 174 310 136 GR 34 (9.9) 308 (90.1) 658 1000 342 IE 144 (19.8) 585 (80.2) 273 1002 729 IT 71 (20.9) 269 (79.1) 660 1000 340 LU 64 (15.2) 358 (84.8) 184 606 422 NL 78 (19.7) 318 (80.3) 627 1023 396 PT 51 (12.4) 361 (87.6) 588 1000 412 SE 82 (24.2) 257 (75.8) 661 1000 339 N Sum 1145 5192 9788 16125 N Valid Sum 1145 5192 6337 printed 25.01.2012 page 488 Eurobarometer 60.0 - September 2003,isocntry M AT 87 (15.3) 480 (84.7) 464 1031 567 BE 66 (20.8) 251 (79.2) 713 1030 317 DE-E 48 (14.0) 295 (86.0) 671 1014 343 DE-W 56 (15.3) 309 (84.7) 677 1042 365 DK 67 (17.0) 327 (83.0) 606 1000 394 ES 46 (13.9) 286 (86.1) 668 1000 332 FI 68 (18.6) 298 (81.4) 645 1011 366 FR 57 (17.2) 274 (82.8) 720 1051 331 GB-GBN 91 (44.2) 115 (55.8) 799 1005 206 GB-NIR 35 (25.7) 101 (74.3) 174 310 136 GR 34 (9.9) 308 (90.1) 658 1000 342 IE 144 (19.8) 585 (80.2) 273 1002 729 IT 71 (20.9) 269 (79.1) 660 1000 340 LU 64 (15.2) 358 (84.8) 184 606 422 NL 78 (19.7) 318 (80.3) 627 1023 396 PT 51 (12.4) 361 (87.6) 588 1000 412 SE 82 (24.2) 257 (75.8) 661 1000 339 N Sum 1145 5192 9788 16125 N Valid Sum 1145 5192 6337 printed 25.01.2012 page 488 Eurobarometer 60.0 - September 2003,GESIS Variable Report,514,ZA3937
v449,v449 0 1 9 N Sum N Valid Sum,Q84B DISABILITIES YEAR INFO: INTERNET,isocntry M AT 545 (96.1) 22 (3.9) 464 1031 567 BE 312 (98.7) 4 (1.3) 713 1029 316 DE-E 333 (97.4) 9 (2.6) 671 1013 342 DE-W 355 (97.0) 11 (3.0) 677 1043 366 DK 389 (98.7) 5 (1.3) 606 1000 394 ES 326 (97.9) 7 (2.1) 668 1001 333 FI 352 (96.2) 14 (3.8) 645 1011 366 FR 326 (98.5) 5 (1.5) 720 1051 331 GB-GBN 201 (98.0) 4 (2.0) 799 1004 205 GB-NIR 134 (98.5) 2 (1.5) 174 310 136 GR 340 (99.4) 2 (0.6) 658 1000 342 IE 721 (99.0) 7 (1.0) 273 1001 728 IT 328 (96.5) 12 (3.5) 660 1000 340 LU 411 (97.4) 11 (2.6) 184 606 422 NL 384 (97.2) 11 (2.8) 627 1022 395 PT 406 (98.5) 6 (1.5) 588 1000 412 SE 332 (97.9) 7 (2.1) 661 1000 339 N Sum 6195 139 9788 16122 N Valid Sum 6195 139 6334 printed 25.01.2012 page 489 Eurobarometer 60.0 - September 2003,isocntry M AT 545 (96.1) 22 (3.9) 464 1031 567 BE 312 (98.7) 4 (1.3) 713 1029 316 DE-E 333 (97.4) 9 (2.6) 671 1013 342 DE-W 355 (97.0) 11 (3.0) 677 1043 366 DK 389 (98.7) 5 (1.3) 606 1000 394 ES 326 (97.9) 7 (2.1) 668 1001 333 FI 352 (96.2) 14 (3.8) 645 1011 366 FR 326 (98.5) 5 (1.5) 720 1051 331 GB-GBN 201 (98.0) 4 (2.0) 799 1004 205 GB-NIR 134 (98.5) 2 (1.5) 174 310 136 GR 340 (99.4) 2 (0.6) 658 1000 342 IE 721 (99.0) 7 (1.0) 273 1001 728 IT 328 (96.5) 12 (3.5) 660 1000 340 LU 411 (97.4) 11 (2.6) 184 606 422 NL 384 (97.2) 11 (2.8) 627 1022 395 PT 406 (98.5) 6 (1.5) 588 1000 412 SE 332 (97.9) 7 (2.1) 661 1000 339 N Sum 6195 139 9788 16122 N Valid Sum 6195 139 6334 printed 25.01.2012 page 489 Eurobarometer 60.0 - September 2003,GESIS Variable Report,515,ZA3937
v450,v450 0 1 9 N Sum N Valid Sum,Q84B DISABILITIES YEAR INFO: EU PUBLICAT,isocntry M AT 561 (98.9) 6 (1.1) 464 1031 567 BE 315 (99.4) 2 (0.6) 713 1030 317 DE-E 330 (96.2) 13 (3.8) 671 1014 343 DE-W 359 (98.1) 7 (1.9) 677 1043 366 DK 392 (99.5) 2 (0.5) 606 1000 394 ES 331 (99.7) 1 (0.3) 668 1000 332 FI 361 (98.6) 5 (1.4) 645 1011 366 FR 327 (99.1) 3 (0.9) 720 1050 330 GB-GBN 205 (100.0) 799 1004 205 GB-NIR 136 (100.0) 174 310 136 GR 341 (99.7) 1 (0.3) 658 1000 342 IE 706 (97.0) 22 (3.0) 273 1001 728 IT 337 (99.1) 3 (0.9) 660 1000 340 LU 396 (93.8) 26 (6.2) 184 606 422 NL 386 (97.5) 10 (2.5) 627 1023 396 PT 407 (98.8) 5 (1.2) 588 1000 412 SE 336 (99.1) 3 (0.9) 661 1000 339 N Sum 6226 109 9788 16123 N Valid Sum 6226 109 6335 printed 25.01.2012 page 490 Eurobarometer 60.0 - September 2003,isocntry M AT 561 (98.9) 6 (1.1) 464 1031 567 BE 315 (99.4) 2 (0.6) 713 1030 317 DE-E 330 (96.2) 13 (3.8) 671 1014 343 DE-W 359 (98.1) 7 (1.9) 677 1043 366 DK 392 (99.5) 2 (0.5) 606 1000 394 ES 331 (99.7) 1 (0.3) 668 1000 332 FI 361 (98.6) 5 (1.4) 645 1011 366 FR 327 (99.1) 3 (0.9) 720 1050 330 GB-GBN 205 (100.0) 799 1004 205 GB-NIR 136 (100.0) 174 310 136 GR 341 (99.7) 1 (0.3) 658 1000 342 IE 706 (97.0) 22 (3.0) 273 1001 728 IT 337 (99.1) 3 (0.9) 660 1000 340 LU 396 (93.8) 26 (6.2) 184 606 422 NL 386 (97.5) 10 (2.5) 627 1023 396 PT 407 (98.8) 5 (1.2) 588 1000 412 SE 336 (99.1) 3 (0.9) 661 1000 339 N Sum 6226 109 9788 16123 N Valid Sum 6226 109 6335 printed 25.01.2012 page 490 Eurobarometer 60.0 - September 2003,GESIS Variable Report,516,ZA3937
v451,v451 0 1 9 N Sum N Valid Sum,Q84B DISABILITIES YEAR INFO: EVENT,isocntry M AT 528 (93.1) 39 (6.9) 464 1031 567 BE 296 (93.7) 20 (6.3) 713 1029 316 DE-E 318 (92.7) 25 (7.3) 671 1014 343 DE-W 343 (94.0) 22 (6.0) 677 1042 365 DK 387 (98.2) 7 (1.8) 606 1000 394 ES 330 (99.4) 2 (0.6) 668 1000 332 FI 352 (96.2) 14 (3.8) 645 1011 366 FR 306 (92.4) 25 (7.6) 720 1051 331 GB-GBN 198 (96.6) 7 (3.4) 799 1004 205 GB-NIR 129 (94.9) 7 (5.1) 174 310 136 GR 338 (98.8) 4 (1.2) 658 1000 342 IE 592 (81.3) 136 (18.7) 273 1001 728 IT 326 (95.9) 14 (4.1) 660 1000 340 LU 383 (90.8) 39 (9.2) 184 606 422 NL 371 (93.7) 25 (6.3) 627 1023 396 PT 403 (97.8) 9 (2.2) 588 1000 412 SE 316 (93.2) 23 (6.8) 661 1000 339 N Sum 5916 418 9788 16122 N Valid Sum 5916 418 6334 printed 25.01.2012 page 491 Eurobarometer 60.0 - September 2003,isocntry M AT 528 (93.1) 39 (6.9) 464 1031 567 BE 296 (93.7) 20 (6.3) 713 1029 316 DE-E 318 (92.7) 25 (7.3) 671 1014 343 DE-W 343 (94.0) 22 (6.0) 677 1042 365 DK 387 (98.2) 7 (1.8) 606 1000 394 ES 330 (99.4) 2 (0.6) 668 1000 332 FI 352 (96.2) 14 (3.8) 645 1011 366 FR 306 (92.4) 25 (7.6) 720 1051 331 GB-GBN 198 (96.6) 7 (3.4) 799 1004 205 GB-NIR 129 (94.9) 7 (5.1) 174 310 136 GR 338 (98.8) 4 (1.2) 658 1000 342 IE 592 (81.3) 136 (18.7) 273 1001 728 IT 326 (95.9) 14 (4.1) 660 1000 340 LU 383 (90.8) 39 (9.2) 184 606 422 NL 371 (93.7) 25 (6.3) 627 1023 396 PT 403 (97.8) 9 (2.2) 588 1000 412 SE 316 (93.2) 23 (6.8) 661 1000 339 N Sum 5916 418 9788 16122 N Valid Sum 5916 418 6334 printed 25.01.2012 page 491 Eurobarometer 60.0 - September 2003,GESIS Variable Report,517,ZA3937
v452,v452 0 1 9 N Sum N Valid Sum,Q84B DISABILITIES YEAR INFO: OTHERS,isocntry M AT 558 (98.4) 9 (1.6) 464 1031 567 BE 302 (95.3) 15 (4.7) 713 1030 317 DE-E 334 (97.4) 9 (2.6) 671 1014 343 DE-W 359 (98.1) 7 (1.9) 677 1043 366 DK 377 (95.7) 17 (4.3) 606 1000 394 ES 328 (98.5) 5 (1.5) 668 1001 333 FI 348 (95.1) 18 (4.9) 645 1011 366 FR 314 (95.2) 16 (4.8) 720 1050 330 GB-GBN 186 (90.3) 20 (9.7) 799 1005 206 GB-NIR 119 (87.5) 17 (12.5) 174 310 136 GR 326 (95.3) 16 (4.7) 658 1000 342 IE 685 (94.0) 44 (6.0) 273 1002 729 IT 328 (96.5) 12 (3.5) 660 1000 340 LU 415 (98.3) 7 (1.7) 184 606 422 NL 384 (97.0) 12 (3.0) 627 1023 396 PT 394 (95.6) 18 (4.4) 588 1000 412 SE 323 (95.3) 16 (4.7) 661 1000 339 N Sum 6080 258 9788 16126 N Valid Sum 6080 258 6338 printed 25.01.2012 page 492 Eurobarometer 60.0 - September 2003,isocntry M AT 558 (98.4) 9 (1.6) 464 1031 567 BE 302 (95.3) 15 (4.7) 713 1030 317 DE-E 334 (97.4) 9 (2.6) 671 1014 343 DE-W 359 (98.1) 7 (1.9) 677 1043 366 DK 377 (95.7) 17 (4.3) 606 1000 394 ES 328 (98.5) 5 (1.5) 668 1001 333 FI 348 (95.1) 18 (4.9) 645 1011 366 FR 314 (95.2) 16 (4.8) 720 1050 330 GB-GBN 186 (90.3) 20 (9.7) 799 1005 206 GB-NIR 119 (87.5) 17 (12.5) 174 310 136 GR 326 (95.3) 16 (4.7) 658 1000 342 IE 685 (94.0) 44 (6.0) 273 1002 729 IT 328 (96.5) 12 (3.5) 660 1000 340 LU 415 (98.3) 7 (1.7) 184 606 422 NL 384 (97.0) 12 (3.0) 627 1023 396 PT 394 (95.6) 18 (4.4) 588 1000 412 SE 323 (95.3) 16 (4.7) 661 1000 339 N Sum 6080 258 9788 16126 N Valid Sum 6080 258 6338 printed 25.01.2012 page 492 Eurobarometer 60.0 - September 2003,GESIS Variable Report,518,ZA3937
v453,v453 0 1 9 N Sum N Valid Sum,Q84B DISABILITIES YEAR INFO: DK,isocntry M AT 564 (99.5) 3 (0.5) 464 1031 567 BE 313 (98.7) 4 (1.3) 713 1030 317 DE-E 341 (99.4) 2 (0.6) 671 1014 343 DE-W 365 (100.0) 677 1042 365 DK 391 (99.2) 3 (0.8) 606 1000 394 ES 331 (99.7) 1 (0.3) 668 1000 332 FI 365 (99.7) 1 (0.3) 645 1011 366 FR 326 (98.5) 5 (1.5) 720 1051 331 GB-GBN 199 (97.1) 6 (2.9) 799 1004 205 GB-NIR 135 (99.3) 1 (0.7) 174 310 136 GR 342 (100.0) 658 1000 342 IE 720 (98.8) 9 (1.2) 273 1002 729 IT 340 (100.0) 660 1000 340 LU 421 (99.8) 1 (0.2) 184 606 422 NL 393 (99.2) 3 (0.8) 627 1023 396 PT 407 (98.8) 5 (1.2) 588 1000 412 SE 334 (98.5) 5 (1.5) 661 1000 339 N Sum 6287 49 9788 16124 N Valid Sum 6287 49 6336 printed 25.01.2012 page 493 Eurobarometer 60.0 - September 2003,isocntry M AT 564 (99.5) 3 (0.5) 464 1031 567 BE 313 (98.7) 4 (1.3) 713 1030 317 DE-E 341 (99.4) 2 (0.6) 671 1014 343 DE-W 365 (100.0) 677 1042 365 DK 391 (99.2) 3 (0.8) 606 1000 394 ES 331 (99.7) 1 (0.3) 668 1000 332 FI 365 (99.7) 1 (0.3) 645 1011 366 FR 326 (98.5) 5 (1.5) 720 1051 331 GB-GBN 199 (97.1) 6 (2.9) 799 1004 205 GB-NIR 135 (99.3) 1 (0.7) 174 310 136 GR 342 (100.0) 658 1000 342 IE 720 (98.8) 9 (1.2) 273 1002 729 IT 340 (100.0) 660 1000 340 LU 421 (99.8) 1 (0.2) 184 606 422 NL 393 (99.2) 3 (0.8) 627 1023 396 PT 407 (98.8) 5 (1.2) 588 1000 412 SE 334 (98.5) 5 (1.5) 661 1000 339 N Sum 6287 49 9788 16124 N Valid Sum 6287 49 6336 printed 25.01.2012 page 493 Eurobarometer 60.0 - September 2003,GESIS Variable Report,519,ZA3937
v454,v454 0 1 N Sum N Valid Sum,Q85 DISABILITIES YEAR AIM: RAISE MONEY,isocntry AT 789 (76.5) 242 (23.5) 1031 1031 BE 760 (73.8) 270 (26.2) 1030 1030 DE-E 796 (78.5) 218 (21.5) 1014 1014 DE-W 862 (82.7) 180 (17.3) 1042 1042 DK 769 (76.9) 231 (23.1) 1000 1000 ES 774 (77.4) 226 (22.6) 1000 1000 FI 808 (79.9) 203 (20.1) 1011 1011 FR 677 (64.4) 374 (35.6) 1051 1051 GB-GBN 818 (81.5) 186 (18.5) 1004 1004 GB-NIR 253 (81.6) 57 (18.4) 310 310 GR 730 (73.0) 270 (27.0) 1000 1000 IE 811 (81.0) 190 (19.0) 1001 1001 IT 681 (68.1) 319 (31.9) 1000 1000 LU 479 (79.0) 127 (21.0) 606 606 NL 787 (76.9) 236 (23.1) 1023 1023 PT 711 (71.1) 289 (28.9) 1000 1000 SE 885 (88.5) 115 (11.5) 1000 1000 N Sum 12390 3733 16123 N Valid Sum 12390 3733 16123 printed 25.01.2012 page 494 Eurobarometer 60.0 - September 2003,isocntry AT 789 (76.5) 242 (23.5) 1031 1031 BE 760 (73.8) 270 (26.2) 1030 1030 DE-E 796 (78.5) 218 (21.5) 1014 1014 DE-W 862 (82.7) 180 (17.3) 1042 1042 DK 769 (76.9) 231 (23.1) 1000 1000 ES 774 (77.4) 226 (22.6) 1000 1000 FI 808 (79.9) 203 (20.1) 1011 1011 FR 677 (64.4) 374 (35.6) 1051 1051 GB-GBN 818 (81.5) 186 (18.5) 1004 1004 GB-NIR 253 (81.6) 57 (18.4) 310 310 GR 730 (73.0) 270 (27.0) 1000 1000 IE 811 (81.0) 190 (19.0) 1001 1001 IT 681 (68.1) 319 (31.9) 1000 1000 LU 479 (79.0) 127 (21.0) 606 606 NL 787 (76.9) 236 (23.1) 1023 1023 PT 711 (71.1) 289 (28.9) 1000 1000 SE 885 (88.5) 115 (11.5) 1000 1000 N Sum 12390 3733 16123 N Valid Sum 12390 3733 16123 printed 25.01.2012 page 494 Eurobarometer 60.0 - September 2003,GESIS Variable Report,520,ZA3937
v455,v455 0 1 N Sum N Valid Sum,Q85 DISABILITIES YEAR AIM: UNDERSTANDING,isocntry AT 427 (41.4) 604 (58.6) 1031 1031 BE 466 (45.2) 564 (54.8) 1030 1030 DE-E 448 (44.2) 566 (55.8) 1014 1014 DE-W 426 (40.9) 616 (59.1) 1042 1042 DK 350 (35.0) 650 (65.0) 1000 1000 ES 594 (59.4) 406 (40.6) 1000 1000 FI 518 (51.2) 493 (48.8) 1011 1011 FR 545 (51.9) 506 (48.1) 1051 1051 GB-GBN 443 (44.1) 561 (55.9) 1004 1004 GB-NIR 118 (38.1) 192 (61.9) 310 310 GR 589 (58.9) 411 (41.1) 1000 1000 IE 396 (39.6) 605 (60.4) 1001 1001 IT 514 (51.4) 486 (48.6) 1000 1000 LU 171 (28.2) 435 (71.8) 606 606 NL 331 (32.4) 692 (67.6) 1023 1023 PT 646 (64.6) 354 (35.4) 1000 1000 SE 200 (20.0) 800 (80.0) 1000 1000 N Sum 7182 8941 16123 N Valid Sum 7182 8941 16123 printed 25.01.2012 page 495 Eurobarometer 60.0 - September 2003,isocntry AT 427 (41.4) 604 (58.6) 1031 1031 BE 466 (45.2) 564 (54.8) 1030 1030 DE-E 448 (44.2) 566 (55.8) 1014 1014 DE-W 426 (40.9) 616 (59.1) 1042 1042 DK 350 (35.0) 650 (65.0) 1000 1000 ES 594 (59.4) 406 (40.6) 1000 1000 FI 518 (51.2) 493 (48.8) 1011 1011 FR 545 (51.9) 506 (48.1) 1051 1051 GB-GBN 443 (44.1) 561 (55.9) 1004 1004 GB-NIR 118 (38.1) 192 (61.9) 310 310 GR 589 (58.9) 411 (41.1) 1000 1000 IE 396 (39.6) 605 (60.4) 1001 1001 IT 514 (51.4) 486 (48.6) 1000 1000 LU 171 (28.2) 435 (71.8) 606 606 NL 331 (32.4) 692 (67.6) 1023 1023 PT 646 (64.6) 354 (35.4) 1000 1000 SE 200 (20.0) 800 (80.0) 1000 1000 N Sum 7182 8941 16123 N Valid Sum 7182 8941 16123 printed 25.01.2012 page 495 Eurobarometer 60.0 - September 2003,GESIS Variable Report,521,ZA3937
v456,v456 0 1 N Sum N Valid Sum,Q85 DISABILITIES YEAR AIM: PROMOTE RIGHTS,isocntry AT 602 (58.4) 429 (41.6) 1031 1031 BE 703 (68.3) 327 (31.7) 1030 1030 DE-E 522 (51.5) 492 (48.5) 1014 1014 DE-W 585 (56.1) 458 (43.9) 1043 1043 DK 535 (53.5) 465 (46.5) 1000 1000 ES 554 (55.4) 446 (44.6) 1000 1000 FI 480 (47.5) 531 (52.5) 1011 1011 FR 708 (67.4) 343 (32.6) 1051 1051 GB-GBN 603 (60.1) 401 (39.9) 1004 1004 GB-NIR 172 (55.5) 138 (44.5) 310 310 GR 456 (45.6) 544 (54.4) 1000 1000 IE 552 (55.1) 449 (44.9) 1001 1001 IT 514 (51.4) 486 (48.6) 1000 1000 LU 409 (67.5) 197 (32.5) 606 606 NL 777 (76.0) 246 (24.0) 1023 1023 PT 678 (67.8) 322 (32.2) 1000 1000 SE 469 (46.9) 531 (53.1) 1000 1000 N Sum 9319 6805 16124 N Valid Sum 9319 6805 16124 printed 25.01.2012 page 496 Eurobarometer 60.0 - September 2003,isocntry AT 602 (58.4) 429 (41.6) 1031 1031 BE 703 (68.3) 327 (31.7) 1030 1030 DE-E 522 (51.5) 492 (48.5) 1014 1014 DE-W 585 (56.1) 458 (43.9) 1043 1043 DK 535 (53.5) 465 (46.5) 1000 1000 ES 554 (55.4) 446 (44.6) 1000 1000 FI 480 (47.5) 531 (52.5) 1011 1011 FR 708 (67.4) 343 (32.6) 1051 1051 GB-GBN 603 (60.1) 401 (39.9) 1004 1004 GB-NIR 172 (55.5) 138 (44.5) 310 310 GR 456 (45.6) 544 (54.4) 1000 1000 IE 552 (55.1) 449 (44.9) 1001 1001 IT 514 (51.4) 486 (48.6) 1000 1000 LU 409 (67.5) 197 (32.5) 606 606 NL 777 (76.0) 246 (24.0) 1023 1023 PT 678 (67.8) 322 (32.2) 1000 1000 SE 469 (46.9) 531 (53.1) 1000 1000 N Sum 9319 6805 16124 N Valid Sum 9319 6805 16124 printed 25.01.2012 page 496 Eurobarometer 60.0 - September 2003,GESIS Variable Report,522,ZA3937
v457,v457 0 1 N Sum N Valid Sum,Q85 DISABILITIES YEAR AIM: POSITIVE IMAGE,isocntry AT 813 (78.9) 218 (21.1) 1031 1031 BE 784 (76.1) 246 (23.9) 1030 1030 DE-E 782 (77.1) 232 (22.9) 1014 1014 DE-W 749 (71.9) 293 (28.1) 1042 1042 DK 715 (71.5) 285 (28.5) 1000 1000 ES 861 (86.1) 139 (13.9) 1000 1000 FI 719 (71.1) 292 (28.9) 1011 1011 FR 823 (78.3) 228 (21.7) 1051 1051 GB-GBN 793 (79.0) 211 (21.0) 1004 1004 GB-NIR 240 (77.4) 70 (22.6) 310 310 GR 798 (79.8) 202 (20.2) 1000 1000 IE 734 (73.3) 267 (26.7) 1001 1001 IT 878 (87.8) 122 (12.2) 1000 1000 LU 486 (80.2) 120 (19.8) 606 606 NL 683 (66.8) 340 (33.2) 1023 1023 PT 823 (82.3) 177 (17.7) 1000 1000 SE 807 (80.7) 193 (19.3) 1000 1000 N Sum 12488 3635 16123 N Valid Sum 12488 3635 16123 printed 25.01.2012 page 497 Eurobarometer 60.0 - September 2003,isocntry AT 813 (78.9) 218 (21.1) 1031 1031 BE 784 (76.1) 246 (23.9) 1030 1030 DE-E 782 (77.1) 232 (22.9) 1014 1014 DE-W 749 (71.9) 293 (28.1) 1042 1042 DK 715 (71.5) 285 (28.5) 1000 1000 ES 861 (86.1) 139 (13.9) 1000 1000 FI 719 (71.1) 292 (28.9) 1011 1011 FR 823 (78.3) 228 (21.7) 1051 1051 GB-GBN 793 (79.0) 211 (21.0) 1004 1004 GB-NIR 240 (77.4) 70 (22.6) 310 310 GR 798 (79.8) 202 (20.2) 1000 1000 IE 734 (73.3) 267 (26.7) 1001 1001 IT 878 (87.8) 122 (12.2) 1000 1000 LU 486 (80.2) 120 (19.8) 606 606 NL 683 (66.8) 340 (33.2) 1023 1023 PT 823 (82.3) 177 (17.7) 1000 1000 SE 807 (80.7) 193 (19.3) 1000 1000 N Sum 12488 3635 16123 N Valid Sum 12488 3635 16123 printed 25.01.2012 page 497 Eurobarometer 60.0 - September 2003,GESIS Variable Report,523,ZA3937
v458,v458 0 1 N Sum N Valid Sum,Q85 DISABILITIES YEAR AIM: SHOW DISCRIMIN,isocntry AT 766 (74.3) 265 (25.7) 1031 1031 BE 852 (82.7) 178 (17.3) 1030 1030 DE-E 825 (81.4) 189 (18.6) 1014 1014 DE-W 857 (82.2) 186 (17.8) 1043 1043 DK 849 (84.9) 151 (15.1) 1000 1000 ES 777 (77.7) 223 (22.3) 1000 1000 FI 904 (89.4) 107 (10.6) 1011 1011 FR 781 (74.3) 270 (25.7) 1051 1051 GB-GBN 908 (90.4) 96 (9.6) 1004 1004 GB-NIR 269 (86.8) 41 (13.2) 310 310 GR 835 (83.5) 165 (16.5) 1000 1000 IE 915 (91.4) 86 (8.6) 1001 1001 IT 863 (86.3) 137 (13.7) 1000 1000 LU 464 (76.6) 142 (23.4) 606 606 NL 825 (80.6) 198 (19.4) 1023 1023 PT 762 (76.2) 238 (23.8) 1000 1000 SE 796 (79.6) 204 (20.4) 1000 1000 N Sum 13248 2876 16124 N Valid Sum 13248 2876 16124 printed 25.01.2012 page 498 Eurobarometer 60.0 - September 2003,isocntry AT 766 (74.3) 265 (25.7) 1031 1031 BE 852 (82.7) 178 (17.3) 1030 1030 DE-E 825 (81.4) 189 (18.6) 1014 1014 DE-W 857 (82.2) 186 (17.8) 1043 1043 DK 849 (84.9) 151 (15.1) 1000 1000 ES 777 (77.7) 223 (22.3) 1000 1000 FI 904 (89.4) 107 (10.6) 1011 1011 FR 781 (74.3) 270 (25.7) 1051 1051 GB-GBN 908 (90.4) 96 (9.6) 1004 1004 GB-NIR 269 (86.8) 41 (13.2) 310 310 GR 835 (83.5) 165 (16.5) 1000 1000 IE 915 (91.4) 86 (8.6) 1001 1001 IT 863 (86.3) 137 (13.7) 1000 1000 LU 464 (76.6) 142 (23.4) 606 606 NL 825 (80.6) 198 (19.4) 1023 1023 PT 762 (76.2) 238 (23.8) 1000 1000 SE 796 (79.6) 204 (20.4) 1000 1000 N Sum 13248 2876 16124 N Valid Sum 13248 2876 16124 printed 25.01.2012 page 498 Eurobarometer 60.0 - September 2003,GESIS Variable Report,524,ZA3937
v459,v459 0 1 N Sum N Valid Sum,Q85 DISABILITIES YEAR AIM: OTHER,isocntry AT 1024 (99.3) 7 (0.7) 1031 1031 BE 1018 (98.8) 12 (1.2) 1030 1030 DE-E 1006 (99.2) 8 (0.8) 1014 1014 DE-W 1039 (99.7) 3 (0.3) 1042 1042 DK 995 (99.5) 5 (0.5) 1000 1000 ES 988 (98.8) 12 (1.2) 1000 1000 FI 1007 (99.6) 4 (0.4) 1011 1011 FR 1042 (99.1) 9 (0.9) 1051 1051 GB-GBN 991 (98.7) 13 (1.3) 1004 1004 GB-NIR 307 (99.0) 3 (1.0) 310 310 GR 996 (99.6) 4 (0.4) 1000 1000 IE 994 (99.3) 7 (0.7) 1001 1001 IT 990 (99.0) 10 (1.0) 1000 1000 LU 601 (99.2) 5 (0.8) 606 606 NL 1006 (98.3) 17 (1.7) 1023 1023 PT 994 (99.4) 6 (0.6) 1000 1000 SE 996 (99.6) 4 (0.4) 1000 1000 N Sum 15994 129 16123 N Valid Sum 15994 129 16123 printed 25.01.2012 page 499 Eurobarometer 60.0 - September 2003,isocntry AT 1024 (99.3) 7 (0.7) 1031 1031 BE 1018 (98.8) 12 (1.2) 1030 1030 DE-E 1006 (99.2) 8 (0.8) 1014 1014 DE-W 1039 (99.7) 3 (0.3) 1042 1042 DK 995 (99.5) 5 (0.5) 1000 1000 ES 988 (98.8) 12 (1.2) 1000 1000 FI 1007 (99.6) 4 (0.4) 1011 1011 FR 1042 (99.1) 9 (0.9) 1051 1051 GB-GBN 991 (98.7) 13 (1.3) 1004 1004 GB-NIR 307 (99.0) 3 (1.0) 310 310 GR 996 (99.6) 4 (0.4) 1000 1000 IE 994 (99.3) 7 (0.7) 1001 1001 IT 990 (99.0) 10 (1.0) 1000 1000 LU 601 (99.2) 5 (0.8) 606 606 NL 1006 (98.3) 17 (1.7) 1023 1023 PT 994 (99.4) 6 (0.6) 1000 1000 SE 996 (99.6) 4 (0.4) 1000 1000 N Sum 15994 129 16123 N Valid Sum 15994 129 16123 printed 25.01.2012 page 499 Eurobarometer 60.0 - September 2003,GESIS Variable Report,525,ZA3937
v460,v460 0 1 N Sum N Valid Sum,Q85 DISABILITIES YEAR AIM: DK,isocntry AT 991 (96.1) 40 (3.9) 1031 1031 BE 956 (92.8) 74 (7.2) 1030 1030 DE-E 950 (93.7) 64 (6.3) 1014 1014 DE-W 964 (92.5) 78 (7.5) 1042 1042 DK 968 (96.8) 32 (3.2) 1000 1000 ES 915 (91.5) 85 (8.5) 1000 1000 FI 940 (93.0) 71 (7.0) 1011 1011 FR 978 (93.1) 73 (6.9) 1051 1051 GB-GBN 874 (87.1) 130 (12.9) 1004 1004 GB-NIR 292 (94.2) 18 (5.8) 310 310 GR 935 (93.5) 65 (6.5) 1000 1000 IE 961 (96.0) 40 (4.0) 1001 1001 IT 932 (93.2) 68 (6.8) 1000 1000 LU 600 (99.0) 6 (1.0) 606 606 NL 966 (94.4) 57 (5.6) 1023 1023 PT 864 (86.4) 136 (13.6) 1000 1000 SE 976 (97.6) 24 (2.4) 1000 1000 N Sum 15062 1061 16123 N Valid Sum 15062 1061 16123 printed 25.01.2012 page 500 Eurobarometer 60.0 - September 2003,isocntry AT 991 (96.1) 40 (3.9) 1031 1031 BE 956 (92.8) 74 (7.2) 1030 1030 DE-E 950 (93.7) 64 (6.3) 1014 1014 DE-W 964 (92.5) 78 (7.5) 1042 1042 DK 968 (96.8) 32 (3.2) 1000 1000 ES 915 (91.5) 85 (8.5) 1000 1000 FI 940 (93.0) 71 (7.0) 1011 1011 FR 978 (93.1) 73 (6.9) 1051 1051 GB-GBN 874 (87.1) 130 (12.9) 1004 1004 GB-NIR 292 (94.2) 18 (5.8) 310 310 GR 935 (93.5) 65 (6.5) 1000 1000 IE 961 (96.0) 40 (4.0) 1001 1001 IT 932 (93.2) 68 (6.8) 1000 1000 LU 600 (99.0) 6 (1.0) 606 606 NL 966 (94.4) 57 (5.6) 1023 1023 PT 864 (86.4) 136 (13.6) 1000 1000 SE 976 (97.6) 24 (2.4) 1000 1000 N Sum 15062 1061 16123 N Valid Sum 15062 1061 16123 printed 25.01.2012 page 500 Eurobarometer 60.0 - September 2003,GESIS Variable Report,526,ZA3937
v461,v461 1 2 3 N Sum N Valid Sum,Q86 DISABIL YEAR: INFORM ABOUT DIFFICULTIES,isocntry M AT 770 (85.1) 135 (14.9) 127 1032 905 BE 595 (75.0) 198 (25.0) 238 1031 793 DE-E 706 (84.1) 133 (15.9) 175 1014 839 DE-W 680 (82.2) 147 (17.8) 216 1043 827 DK 588 (77.5) 171 (22.5) 241 1000 759 ES 670 (82.9) 138 (17.1) 192 1000 808 FI 686 (82.8) 143 (17.2) 182 1011 829 FR 670 (78.9) 179 (21.1) 202 1051 849 GB-GBN 443 (71.5) 177 (28.5) 384 1004 620 GB-NIR 226 (86.6) 35 (13.4) 49 310 261 GR 572 (73.7) 204 (26.3) 224 1000 776 IE 811 (93.5) 56 (6.5) 134 1001 867 IT 609 (72.3) 233 (27.7) 159 1001 842 LU 491 (86.4) 77 (13.6) 38 606 568 NL 555 (67.3) 270 (32.7) 198 1023 825 PT 659 (81.8) 147 (18.2) 194 1000 806 SE 551 (74.1) 193 (25.9) 256 1000 744 N Sum 10282 2636 3209 16127 N Valid Sum 10282 2636 12918 printed 25.01.2012 page 501 Eurobarometer 60.0 - September 2003,isocntry M AT 770 (85.1) 135 (14.9) 127 1032 905 BE 595 (75.0) 198 (25.0) 238 1031 793 DE-E 706 (84.1) 133 (15.9) 175 1014 839 DE-W 680 (82.2) 147 (17.8) 216 1043 827 DK 588 (77.5) 171 (22.5) 241 1000 759 ES 670 (82.9) 138 (17.1) 192 1000 808 FI 686 (82.8) 143 (17.2) 182 1011 829 FR 670 (78.9) 179 (21.1) 202 1051 849 GB-GBN 443 (71.5) 177 (28.5) 384 1004 620 GB-NIR 226 (86.6) 35 (13.4) 49 310 261 GR 572 (73.7) 204 (26.3) 224 1000 776 IE 811 (93.5) 56 (6.5) 134 1001 867 IT 609 (72.3) 233 (27.7) 159 1001 842 LU 491 (86.4) 77 (13.6) 38 606 568 NL 555 (67.3) 270 (32.7) 198 1023 825 PT 659 (81.8) 147 (18.2) 194 1000 806 SE 551 (74.1) 193 (25.9) 256 1000 744 N Sum 10282 2636 3209 16127 N Valid Sum 10282 2636 12918 printed 25.01.2012 page 501 Eurobarometer 60.0 - September 2003,GESIS Variable Report,527,ZA3937
v462,v462 1 2 3 N Sum N Valid Sum,Q86 DISABIL YEAR: GET SAME RIGHTS,isocntry M AT 636 (73.8) 226 (26.2) 168 1030 862 BE 509 (67.6) 244 (32.4) 277 1030 753 DE-E 500 (64.7) 273 (35.3) 240 1013 773 DE-W 457 (62.0) 280 (38.0) 306 1043 737 DK 457 (65.1) 245 (34.9) 298 1000 702 ES 607 (76.7) 184 (23.3) 208 999 791 FI 590 (73.9) 208 (26.1) 212 1010 798 FR 578 (73.6) 207 (26.4) 266 1051 785 GB-GBN 451 (77.9) 128 (22.1) 426 1005 579 GB-NIR 210 (83.0) 43 (17.0) 57 310 253 GR 521 (68.4) 241 (31.6) 237 999 762 IE 724 (87.3) 105 (12.7) 171 1000 829 IT 519 (65.7) 271 (34.3) 211 1001 790 LU 386 (71.3) 155 (28.7) 66 607 541 NL 430 (54.8) 354 (45.2) 240 1024 784 PT 466 (63.7) 266 (36.3) 268 1000 732 SE 492 (70.0) 211 (30.0) 297 1000 703 N Sum 8533 3641 3948 16122 N Valid Sum 8533 3641 12174 printed 25.01.2012 page 502 Eurobarometer 60.0 - September 2003,isocntry M AT 636 (73.8) 226 (26.2) 168 1030 862 BE 509 (67.6) 244 (32.4) 277 1030 753 DE-E 500 (64.7) 273 (35.3) 240 1013 773 DE-W 457 (62.0) 280 (38.0) 306 1043 737 DK 457 (65.1) 245 (34.9) 298 1000 702 ES 607 (76.7) 184 (23.3) 208 999 791 FI 590 (73.9) 208 (26.1) 212 1010 798 FR 578 (73.6) 207 (26.4) 266 1051 785 GB-GBN 451 (77.9) 128 (22.1) 426 1005 579 GB-NIR 210 (83.0) 43 (17.0) 57 310 253 GR 521 (68.4) 241 (31.6) 237 999 762 IE 724 (87.3) 105 (12.7) 171 1000 829 IT 519 (65.7) 271 (34.3) 211 1001 790 LU 386 (71.3) 155 (28.7) 66 607 541 NL 430 (54.8) 354 (45.2) 240 1024 784 PT 466 (63.7) 266 (36.3) 268 1000 732 SE 492 (70.0) 211 (30.0) 297 1000 703 N Sum 8533 3641 3948 16122 N Valid Sum 8533 3641 12174 printed 25.01.2012 page 502 Eurobarometer 60.0 - September 2003,GESIS Variable Report,528,ZA3937
v463,v463 1 2 3 N Sum N Valid Sum,Q86 DISABIL YEAR: PUBL ACCESS F PHYS DISAB,isocntry M AT 630 (73.0) 233 (27.0) 167 1030 863 BE 537 (68.0) 253 (32.0) 240 1030 790 DE-E 552 (72.2) 213 (27.8) 249 1014 765 DE-W 497 (66.5) 250 (33.5) 296 1043 747 DK 404 (57.8) 295 (42.2) 301 1000 699 ES 500 (63.9) 282 (36.1) 218 1000 782 FI 474 (60.5) 310 (39.5) 227 1011 784 FR 536 (64.8) 291 (35.2) 225 1052 827 GB-GBN 458 (78.0) 129 (22.0) 417 1004 587 GB-NIR 213 (82.9) 44 (17.1) 54 311 257 GR 495 (63.1) 290 (36.9) 215 1000 785 IE 680 (79.5) 175 (20.5) 146 1001 855 IT 434 (56.4) 336 (43.6) 231 1001 770 LU 332 (62.1) 203 (37.9) 70 605 535 NL 497 (61.4) 313 (38.6) 213 1023 810 PT 343 (48.0) 371 (52.0) 286 1000 714 SE 390 (56.4) 302 (43.6) 308 1000 692 N Sum 7972 4290 3863 16125 N Valid Sum 7972 4290 12262 printed 25.01.2012 page 503 Eurobarometer 60.0 - September 2003,isocntry M AT 630 (73.0) 233 (27.0) 167 1030 863 BE 537 (68.0) 253 (32.0) 240 1030 790 DE-E 552 (72.2) 213 (27.8) 249 1014 765 DE-W 497 (66.5) 250 (33.5) 296 1043 747 DK 404 (57.8) 295 (42.2) 301 1000 699 ES 500 (63.9) 282 (36.1) 218 1000 782 FI 474 (60.5) 310 (39.5) 227 1011 784 FR 536 (64.8) 291 (35.2) 225 1052 827 GB-GBN 458 (78.0) 129 (22.0) 417 1004 587 GB-NIR 213 (82.9) 44 (17.1) 54 311 257 GR 495 (63.1) 290 (36.9) 215 1000 785 IE 680 (79.5) 175 (20.5) 146 1001 855 IT 434 (56.4) 336 (43.6) 231 1001 770 LU 332 (62.1) 203 (37.9) 70 605 535 NL 497 (61.4) 313 (38.6) 213 1023 810 PT 343 (48.0) 371 (52.0) 286 1000 714 SE 390 (56.4) 302 (43.6) 308 1000 692 N Sum 7972 4290 3863 16125 N Valid Sum 7972 4290 12262 printed 25.01.2012 page 503 Eurobarometer 60.0 - September 2003,GESIS Variable Report,529,ZA3937
v464,v464 1 2 3 N Sum N Valid Sum,Q86 DISABIL YEAR: PUBL ACCESS F INTEL DISAB,isocntry M AT 555 (67.2) 271 (32.8) 205 1031 826 BE 422 (57.3) 315 (42.7) 293 1030 737 DE-E 450 (64.2) 251 (35.8) 313 1014 701 DE-W 395 (56.7) 302 (43.3) 345 1042 697 DK 304 (48.2) 327 (51.8) 369 1000 631 ES 467 (62.3) 283 (37.7) 250 1000 750 FI 393 (52.7) 353 (47.3) 265 1011 746 FR 408 (54.3) 343 (45.7) 300 1051 751 GB-GBN 364 (70.3) 154 (29.7) 486 1004 518 GB-NIR 165 (69.6) 72 (30.4) 73 310 237 GR 415 (55.0) 339 (45.0) 246 1000 754 IE 623 (76.9) 187 (23.1) 191 1001 810 IT 319 (45.2) 386 (54.8) 295 1000 705 LU 270 (53.5) 235 (46.5) 101 606 505 NL 401 (54.6) 334 (45.4) 288 1023 735 PT 310 (45.1) 378 (54.9) 311 999 688 SE 258 (41.7) 360 (58.3) 382 1000 618 N Sum 6519 4890 4713 16122 N Valid Sum 6519 4890 11409 printed 25.01.2012 page 504 Eurobarometer 60.0 - September 2003,isocntry M AT 555 (67.2) 271 (32.8) 205 1031 826 BE 422 (57.3) 315 (42.7) 293 1030 737 DE-E 450 (64.2) 251 (35.8) 313 1014 701 DE-W 395 (56.7) 302 (43.3) 345 1042 697 DK 304 (48.2) 327 (51.8) 369 1000 631 ES 467 (62.3) 283 (37.7) 250 1000 750 FI 393 (52.7) 353 (47.3) 265 1011 746 FR 408 (54.3) 343 (45.7) 300 1051 751 GB-GBN 364 (70.3) 154 (29.7) 486 1004 518 GB-NIR 165 (69.6) 72 (30.4) 73 310 237 GR 415 (55.0) 339 (45.0) 246 1000 754 IE 623 (76.9) 187 (23.1) 191 1001 810 IT 319 (45.2) 386 (54.8) 295 1000 705 LU 270 (53.5) 235 (46.5) 101 606 505 NL 401 (54.6) 334 (45.4) 288 1023 735 PT 310 (45.1) 378 (54.9) 311 999 688 SE 258 (41.7) 360 (58.3) 382 1000 618 N Sum 6519 4890 4713 16122 N Valid Sum 6519 4890 11409 printed 25.01.2012 page 504 Eurobarometer 60.0 - September 2003,GESIS Variable Report,530,ZA3937
v465,v465 1 2 3 N Sum N Valid Sum,Q86 DISABIL YEAR: SERVICES PHYS DISAB,isocntry M AT 618 (75.2) 204 (24.8) 209 1031 822 BE 468 (65.2) 250 (34.8) 311 1029 718 DE-E 525 (70.7) 218 (29.3) 271 1014 743 DE-W 469 (65.8) 244 (34.2) 329 1042 713 DK 408 (63.2) 238 (36.8) 354 1000 646 ES 507 (69.0) 228 (31.0) 265 1000 735 FI 518 (66.2) 265 (33.8) 227 1010 783 FR 529 (68.5) 243 (31.5) 278 1050 772 GB-GBN 408 (77.0) 122 (23.0) 474 1004 530 GB-NIR 204 (81.0) 48 (19.0) 57 309 252 GR 466 (60.8) 301 (39.2) 233 1000 767 IE 670 (82.6) 141 (17.4) 190 1001 811 IT 457 (63.4) 264 (36.6) 278 999 721 LU 322 (64.4) 178 (35.6) 106 606 500 NL 476 (62.6) 284 (37.4) 263 1023 760 PT 371 (53.9) 317 (46.1) 313 1001 688 SE 390 (59.2) 269 (40.8) 341 1000 659 N Sum 7806 3814 4499 16119 N Valid Sum 7806 3814 11620 printed 25.01.2012 page 505 Eurobarometer 60.0 - September 2003,isocntry M AT 618 (75.2) 204 (24.8) 209 1031 822 BE 468 (65.2) 250 (34.8) 311 1029 718 DE-E 525 (70.7) 218 (29.3) 271 1014 743 DE-W 469 (65.8) 244 (34.2) 329 1042 713 DK 408 (63.2) 238 (36.8) 354 1000 646 ES 507 (69.0) 228 (31.0) 265 1000 735 FI 518 (66.2) 265 (33.8) 227 1010 783 FR 529 (68.5) 243 (31.5) 278 1050 772 GB-GBN 408 (77.0) 122 (23.0) 474 1004 530 GB-NIR 204 (81.0) 48 (19.0) 57 309 252 GR 466 (60.8) 301 (39.2) 233 1000 767 IE 670 (82.6) 141 (17.4) 190 1001 811 IT 457 (63.4) 264 (36.6) 278 999 721 LU 322 (64.4) 178 (35.6) 106 606 500 NL 476 (62.6) 284 (37.4) 263 1023 760 PT 371 (53.9) 317 (46.1) 313 1001 688 SE 390 (59.2) 269 (40.8) 341 1000 659 N Sum 7806 3814 4499 16119 N Valid Sum 7806 3814 11620 printed 25.01.2012 page 505 Eurobarometer 60.0 - September 2003,GESIS Variable Report,531,ZA3937
v466,v466 1 2 3 N Sum N Valid Sum,Q86 DISABIL YEAR: SERVICES INTEL DISAB,isocntry M AT 498 (63.5) 286 (36.5) 247 1031 784 BE 376 (55.9) 297 (44.1) 356 1029 673 DE-E 456 (64.5) 251 (35.5) 306 1013 707 DE-W 362 (53.9) 310 (46.1) 371 1043 672 DK 317 (52.5) 287 (47.5) 396 1000 604 ES 493 (68.8) 224 (31.2) 284 1001 717 FI 446 (59.1) 309 (40.9) 256 1011 755 FR 420 (57.7) 308 (42.3) 323 1051 728 GB-GBN 362 (72.7) 136 (27.3) 506 1004 498 GB-NIR 164 (72.6) 62 (27.4) 84 310 226 GR 400 (53.8) 343 (46.2) 257 1000 743 IE 614 (79.3) 160 (20.7) 227 1001 774 IT 348 (50.9) 336 (49.1) 317 1001 684 LU 283 (57.8) 207 (42.2) 115 605 490 NL 409 (57.0) 309 (43.0) 306 1024 718 PT 326 (48.9) 341 (51.1) 333 1000 667 SE 280 (45.1) 341 (54.9) 379 1000 621 N Sum 6554 4507 5063 16124 N Valid Sum 6554 4507 11061 printed 25.01.2012 page 506 Eurobarometer 60.0 - September 2003,isocntry M AT 498 (63.5) 286 (36.5) 247 1031 784 BE 376 (55.9) 297 (44.1) 356 1029 673 DE-E 456 (64.5) 251 (35.5) 306 1013 707 DE-W 362 (53.9) 310 (46.1) 371 1043 672 DK 317 (52.5) 287 (47.5) 396 1000 604 ES 493 (68.8) 224 (31.2) 284 1001 717 FI 446 (59.1) 309 (40.9) 256 1011 755 FR 420 (57.7) 308 (42.3) 323 1051 728 GB-GBN 362 (72.7) 136 (27.3) 506 1004 498 GB-NIR 164 (72.6) 62 (27.4) 84 310 226 GR 400 (53.8) 343 (46.2) 257 1000 743 IE 614 (79.3) 160 (20.7) 227 1001 774 IT 348 (50.9) 336 (49.1) 317 1001 684 LU 283 (57.8) 207 (42.2) 115 605 490 NL 409 (57.0) 309 (43.0) 306 1024 718 PT 326 (48.9) 341 (51.1) 333 1000 667 SE 280 (45.1) 341 (54.9) 379 1000 621 N Sum 6554 4507 5063 16124 N Valid Sum 6554 4507 11061 printed 25.01.2012 page 506 Eurobarometer 60.0 - September 2003,GESIS Variable Report,532,ZA3937
v467,v467 1 2 3 N Sum N Valid Sum,Q86 DISABIL YEAR: EMPLOYMNT PHYS DISAB,isocntry M AT 550 (68.8) 250 (31.3) 231 1031 800 BE 400 (58.4) 285 (41.6) 346 1031 685 DE-E 400 (53.5) 348 (46.5) 266 1014 748 DE-W 430 (58.4) 306 (41.6) 306 1042 736 DK 386 (60.1) 256 (39.9) 359 1001 642 ES 485 (66.7) 242 (33.3) 272 999 727 FI 407 (53.3) 356 (46.7) 248 1011 763 FR 492 (65.3) 262 (34.7) 297 1051 754 GB-GBN 400 (74.9) 134 (25.1) 470 1004 534 GB-NIR 183 (77.9) 52 (22.1) 75 310 235 GR 459 (59.6) 311 (40.4) 230 1000 770 IE 622 (79.0) 165 (21.0) 215 1002 787 IT 379 (54.3) 319 (45.7) 303 1001 698 LU 327 (65.8) 170 (34.2) 109 606 497 NL 432 (56.8) 329 (43.2) 263 1024 761 PT 298 (42.3) 406 (57.7) 297 1001 704 SE 350 (53.4) 306 (46.6) 344 1000 656 N Sum 7000 4497 4631 16128 N Valid Sum 7000 4497 11497 printed 25.01.2012 page 507 Eurobarometer 60.0 - September 2003,isocntry M AT 550 (68.8) 250 (31.3) 231 1031 800 BE 400 (58.4) 285 (41.6) 346 1031 685 DE-E 400 (53.5) 348 (46.5) 266 1014 748 DE-W 430 (58.4) 306 (41.6) 306 1042 736 DK 386 (60.1) 256 (39.9) 359 1001 642 ES 485 (66.7) 242 (33.3) 272 999 727 FI 407 (53.3) 356 (46.7) 248 1011 763 FR 492 (65.3) 262 (34.7) 297 1051 754 GB-GBN 400 (74.9) 134 (25.1) 470 1004 534 GB-NIR 183 (77.9) 52 (22.1) 75 310 235 GR 459 (59.6) 311 (40.4) 230 1000 770 IE 622 (79.0) 165 (21.0) 215 1002 787 IT 379 (54.3) 319 (45.7) 303 1001 698 LU 327 (65.8) 170 (34.2) 109 606 497 NL 432 (56.8) 329 (43.2) 263 1024 761 PT 298 (42.3) 406 (57.7) 297 1001 704 SE 350 (53.4) 306 (46.6) 344 1000 656 N Sum 7000 4497 4631 16128 N Valid Sum 7000 4497 11497 printed 25.01.2012 page 507 Eurobarometer 60.0 - September 2003,GESIS Variable Report,533,ZA3937
v468,v468 1 2 3 N Sum N Valid Sum,Q86 DISABIL YEAR: EMPLOYMNT INTEL DISAB,isocntry M AT 471 (60.3) 310 (39.7) 251 1032 781 BE 302 (46.0) 354 (54.0) 373 1029 656 DE-E 340 (47.9) 370 (52.1) 303 1013 710 DE-W 314 (45.9) 370 (54.1) 359 1043 684 DK 301 (49.9) 302 (50.1) 397 1000 603 ES 450 (62.8) 267 (37.2) 283 1000 717 FI 318 (42.9) 423 (57.1) 270 1011 741 FR 354 (50.2) 351 (49.8) 346 1051 705 GB-GBN 326 (68.3) 151 (31.7) 527 1004 477 GB-NIR 146 (66.4) 74 (33.6) 90 310 220 GR 382 (51.5) 360 (48.5) 258 1000 742 IE 557 (74.1) 195 (25.9) 249 1001 752 IT 280 (41.4) 396 (58.6) 324 1000 676 LU 276 (57.6) 203 (42.4) 127 606 479 NL 347 (47.9) 378 (52.1) 298 1023 725 PT 260 (38.6) 413 (61.4) 327 1000 673 SE 254 (41.2) 363 (58.8) 383 1000 617 N Sum 5678 5280 5165 16123 N Valid Sum 5678 5280 10958 printed 25.01.2012 page 508 Eurobarometer 60.0 - September 2003,isocntry M AT 471 (60.3) 310 (39.7) 251 1032 781 BE 302 (46.0) 354 (54.0) 373 1029 656 DE-E 340 (47.9) 370 (52.1) 303 1013 710 DE-W 314 (45.9) 370 (54.1) 359 1043 684 DK 301 (49.9) 302 (50.1) 397 1000 603 ES 450 (62.8) 267 (37.2) 283 1000 717 FI 318 (42.9) 423 (57.1) 270 1011 741 FR 354 (50.2) 351 (49.8) 346 1051 705 GB-GBN 326 (68.3) 151 (31.7) 527 1004 477 GB-NIR 146 (66.4) 74 (33.6) 90 310 220 GR 382 (51.5) 360 (48.5) 258 1000 742 IE 557 (74.1) 195 (25.9) 249 1001 752 IT 280 (41.4) 396 (58.6) 324 1000 676 LU 276 (57.6) 203 (42.4) 127 606 479 NL 347 (47.9) 378 (52.1) 298 1023 725 PT 260 (38.6) 413 (61.4) 327 1000 673 SE 254 (41.2) 363 (58.8) 383 1000 617 N Sum 5678 5280 5165 16123 N Valid Sum 5678 5280 10958 printed 25.01.2012 page 508 Eurobarometer 60.0 - September 2003,GESIS Variable Report,534,ZA3937
v469,v469 1 2 3 N Sum N Valid Sum,Q86 DISABIL YEAR: EDUCATN PHYS DISAB,isocntry M AT 603 (76.0) 190 (24.0) 238 1031 793 BE 418 (62.1) 255 (37.9) 356 1029 673 DE-E 440 (67.0) 217 (33.0) 357 1014 657 DE-W 449 (64.3) 249 (35.7) 344 1042 698 DK 358 (59.2) 247 (40.8) 395 1000 605 ES 521 (73.7) 186 (26.3) 293 1000 707 FI 491 (65.1) 263 (34.9) 257 1011 754 FR 502 (67.5) 242 (32.5) 308 1052 744 GB-GBN 379 (74.6) 129 (25.4) 496 1004 508 GB-NIR 179 (80.6) 43 (19.4) 88 310 222 GR 517 (70.1) 221 (29.9) 262 1000 738 IE 652 (83.6) 128 (16.4) 220 1000 780 IT 449 (63.7) 256 (36.3) 295 1000 705 LU 315 (64.5) 173 (35.5) 118 606 488 NL 459 (63.6) 263 (36.4) 301 1023 722 PT 359 (52.9) 319 (47.1) 322 1000 678 SE 388 (62.6) 232 (37.4) 380 1000 620 N Sum 7479 3613 5030 16122 N Valid Sum 7479 3613 11092 printed 25.01.2012 page 509 Eurobarometer 60.0 - September 2003,isocntry M AT 603 (76.0) 190 (24.0) 238 1031 793 BE 418 (62.1) 255 (37.9) 356 1029 673 DE-E 440 (67.0) 217 (33.0) 357 1014 657 DE-W 449 (64.3) 249 (35.7) 344 1042 698 DK 358 (59.2) 247 (40.8) 395 1000 605 ES 521 (73.7) 186 (26.3) 293 1000 707 FI 491 (65.1) 263 (34.9) 257 1011 754 FR 502 (67.5) 242 (32.5) 308 1052 744 GB-GBN 379 (74.6) 129 (25.4) 496 1004 508 GB-NIR 179 (80.6) 43 (19.4) 88 310 222 GR 517 (70.1) 221 (29.9) 262 1000 738 IE 652 (83.6) 128 (16.4) 220 1000 780 IT 449 (63.7) 256 (36.3) 295 1000 705 LU 315 (64.5) 173 (35.5) 118 606 488 NL 459 (63.6) 263 (36.4) 301 1023 722 PT 359 (52.9) 319 (47.1) 322 1000 678 SE 388 (62.6) 232 (37.4) 380 1000 620 N Sum 7479 3613 5030 16122 N Valid Sum 7479 3613 11092 printed 25.01.2012 page 509 Eurobarometer 60.0 - September 2003,GESIS Variable Report,535,ZA3937
v470,v470 1 2 3 N Sum N Valid Sum,Q86 DISABIL YEAR: UNDERSTAND PHYS DISAB,isocntry M AT 694 (81.0) 163 (19.0) 174 1031 857 BE 516 (71.2) 209 (28.8) 305 1030 725 DE-E 551 (74.5) 189 (25.5) 274 1014 740 DE-W 535 (72.2) 206 (27.8) 302 1043 741 DK 490 (73.2) 179 (26.8) 332 1001 669 ES 572 (76.4) 177 (23.6) 251 1000 749 FI 635 (80.1) 158 (19.9) 218 1011 793 FR 553 (71.9) 216 (28.1) 282 1051 769 GB-GBN 404 (74.3) 140 (25.7) 460 1004 544 GB-NIR 227 (87.6) 32 (12.4) 51 310 259 GR 551 (73.6) 198 (26.4) 251 1000 749 IE 776 (91.6) 71 (8.4) 154 1001 847 IT 505 (67.4) 244 (32.6) 251 1000 749 LU 400 (76.9) 120 (23.1) 86 606 520 NL 545 (70.0) 234 (30.0) 243 1022 779 PT 468 (64.6) 256 (35.4) 276 1000 724 SE 515 (73.8) 183 (26.2) 302 1000 698 N Sum 8937 2975 4212 16124 N Valid Sum 8937 2975 11912 printed 25.01.2012 page 510 Eurobarometer 60.0 - September 2003,isocntry M AT 694 (81.0) 163 (19.0) 174 1031 857 BE 516 (71.2) 209 (28.8) 305 1030 725 DE-E 551 (74.5) 189 (25.5) 274 1014 740 DE-W 535 (72.2) 206 (27.8) 302 1043 741 DK 490 (73.2) 179 (26.8) 332 1001 669 ES 572 (76.4) 177 (23.6) 251 1000 749 FI 635 (80.1) 158 (19.9) 218 1011 793 FR 553 (71.9) 216 (28.1) 282 1051 769 GB-GBN 404 (74.3) 140 (25.7) 460 1004 544 GB-NIR 227 (87.6) 32 (12.4) 51 310 259 GR 551 (73.6) 198 (26.4) 251 1000 749 IE 776 (91.6) 71 (8.4) 154 1001 847 IT 505 (67.4) 244 (32.6) 251 1000 749 LU 400 (76.9) 120 (23.1) 86 606 520 NL 545 (70.0) 234 (30.0) 243 1022 779 PT 468 (64.6) 256 (35.4) 276 1000 724 SE 515 (73.8) 183 (26.2) 302 1000 698 N Sum 8937 2975 4212 16124 N Valid Sum 8937 2975 11912 printed 25.01.2012 page 510 Eurobarometer 60.0 - September 2003,GESIS Variable Report,536,ZA3937
v471,v471 1 2 3 N Sum N Valid Sum,Q86 DISABIL YEAR: UNDERSTAND INTEL DISAB,isocntry M AT 610 (73.4) 221 (26.6) 201 1032 831 BE 470 (66.6) 236 (33.4) 324 1030 706 DE-E 514 (71.7) 203 (28.3) 297 1014 717 DE-W 458 (63.4) 264 (36.6) 320 1042 722 DK 419 (66.1) 215 (33.9) 366 1000 634 ES 563 (75.9) 179 (24.1) 258 1000 742 FI 553 (70.8) 228 (29.2) 230 1011 781 FR 449 (61.0) 287 (39.0) 314 1050 736 GB-GBN 332 (66.5) 167 (33.5) 505 1004 499 GB-NIR 189 (78.1) 53 (21.9) 68 310 242 GR 503 (68.1) 236 (31.9) 261 1000 739 IE 710 (86.5) 111 (13.5) 180 1001 821 IT 426 (58.3) 305 (41.7) 269 1000 731 LU 362 (70.0) 155 (30.0) 89 606 517 NL 502 (66.8) 249 (33.2) 272 1023 751 PT 430 (59.6) 291 (40.4) 278 999 721 SE 385 (59.6) 261 (40.4) 353 999 646 N Sum 7875 3661 4585 16121 N Valid Sum 7875 3661 11536 printed 25.01.2012 page 511 Eurobarometer 60.0 - September 2003,isocntry M AT 610 (73.4) 221 (26.6) 201 1032 831 BE 470 (66.6) 236 (33.4) 324 1030 706 DE-E 514 (71.7) 203 (28.3) 297 1014 717 DE-W 458 (63.4) 264 (36.6) 320 1042 722 DK 419 (66.1) 215 (33.9) 366 1000 634 ES 563 (75.9) 179 (24.1) 258 1000 742 FI 553 (70.8) 228 (29.2) 230 1011 781 FR 449 (61.0) 287 (39.0) 314 1050 736 GB-GBN 332 (66.5) 167 (33.5) 505 1004 499 GB-NIR 189 (78.1) 53 (21.9) 68 310 242 GR 503 (68.1) 236 (31.9) 261 1000 739 IE 710 (86.5) 111 (13.5) 180 1001 821 IT 426 (58.3) 305 (41.7) 269 1000 731 LU 362 (70.0) 155 (30.0) 89 606 517 NL 502 (66.8) 249 (33.2) 272 1023 751 PT 430 (59.6) 291 (40.4) 278 999 721 SE 385 (59.6) 261 (40.4) 353 999 646 N Sum 7875 3661 4585 16121 N Valid Sum 7875 3661 11536 printed 25.01.2012 page 511 Eurobarometer 60.0 - September 2003,GESIS Variable Report,537,ZA3937
v472,v472 1 2 3 N Sum N Valid Sum,Q86 DISABIL YEAR: MEDIA COVRG PHYS DISAB,isocntry M AT 667 (77.3) 196 (22.7) 168 1031 863 BE 540 (71.4) 216 (28.6) 273 1029 756 DE-E 543 (69.7) 236 (30.3) 235 1014 779 DE-W 545 (71.1) 221 (28.9) 276 1042 766 DK 480 (67.5) 231 (32.5) 289 1000 711 ES 588 (77.0) 176 (23.0) 235 999 764 FI 557 (69.5) 244 (30.5) 210 1011 801 FR 575 (71.4) 230 (28.6) 246 1051 805 GB-GBN 354 (61.6) 221 (38.4) 428 1003 575 GB-NIR 212 (84.5) 39 (15.5) 59 310 251 GR 547 (71.1) 222 (28.9) 231 1000 769 IE 781 (90.9) 78 (9.1) 142 1001 859 IT 546 (70.5) 228 (29.5) 226 1000 774 LU 398 (75.8) 127 (24.2) 81 606 525 NL 510 (64.6) 279 (35.4) 234 1023 789 PT 459 (65.6) 241 (34.4) 300 1000 700 SE 414 (60.9) 266 (39.1) 320 1000 680 N Sum 8716 3451 3953 16120 N Valid Sum 8716 3451 12167 printed 25.01.2012 page 512 Eurobarometer 60.0 - September 2003,isocntry M AT 667 (77.3) 196 (22.7) 168 1031 863 BE 540 (71.4) 216 (28.6) 273 1029 756 DE-E 543 (69.7) 236 (30.3) 235 1014 779 DE-W 545 (71.1) 221 (28.9) 276 1042 766 DK 480 (67.5) 231 (32.5) 289 1000 711 ES 588 (77.0) 176 (23.0) 235 999 764 FI 557 (69.5) 244 (30.5) 210 1011 801 FR 575 (71.4) 230 (28.6) 246 1051 805 GB-GBN 354 (61.6) 221 (38.4) 428 1003 575 GB-NIR 212 (84.5) 39 (15.5) 59 310 251 GR 547 (71.1) 222 (28.9) 231 1000 769 IE 781 (90.9) 78 (9.1) 142 1001 859 IT 546 (70.5) 228 (29.5) 226 1000 774 LU 398 (75.8) 127 (24.2) 81 606 525 NL 510 (64.6) 279 (35.4) 234 1023 789 PT 459 (65.6) 241 (34.4) 300 1000 700 SE 414 (60.9) 266 (39.1) 320 1000 680 N Sum 8716 3451 3953 16120 N Valid Sum 8716 3451 12167 printed 25.01.2012 page 512 Eurobarometer 60.0 - September 2003,GESIS Variable Report,538,ZA3937
v473,v473 1 2 3 N Sum N Valid Sum,Q86 DISABIL YEAR: MEDIA COVRG INTEL DISAB,isocntry M AT 629 (74.1) 220 (25.9) 182 1031 849 BE 489 (67.1) 240 (32.9) 300 1029 729 DE-E 512 (67.0) 252 (33.0) 251 1015 764 DE-W 462 (63.5) 265 (36.5) 315 1042 727 DK 429 (61.1) 273 (38.9) 297 999 702 ES 574 (76.2) 179 (23.8) 247 1000 753 FI 496 (62.6) 296 (37.4) 219 1011 792 FR 487 (62.8) 289 (37.2) 275 1051 776 GB-GBN 310 (57.3) 231 (42.7) 463 1004 541 GB-NIR 177 (72.2) 68 (27.8) 65 310 245 GR 499 (65.2) 266 (34.8) 235 1000 765 IE 732 (87.4) 106 (12.6) 162 1000 838 IT 466 (62.7) 277 (37.3) 257 1000 743 LU 362 (69.9) 156 (30.1) 89 607 518 NL 442 (57.8) 323 (42.2) 258 1023 765 PT 455 (64.6) 249 (35.4) 296 1000 704 SE 343 (52.5) 310 (47.5) 347 1000 653 N Sum 7864 4000 4258 16122 N Valid Sum 7864 4000 11864 printed 25.01.2012 page 513 Eurobarometer 60.0 - September 2003,isocntry M AT 629 (74.1) 220 (25.9) 182 1031 849 BE 489 (67.1) 240 (32.9) 300 1029 729 DE-E 512 (67.0) 252 (33.0) 251 1015 764 DE-W 462 (63.5) 265 (36.5) 315 1042 727 DK 429 (61.1) 273 (38.9) 297 999 702 ES 574 (76.2) 179 (23.8) 247 1000 753 FI 496 (62.6) 296 (37.4) 219 1011 792 FR 487 (62.8) 289 (37.2) 275 1051 776 GB-GBN 310 (57.3) 231 (42.7) 463 1004 541 GB-NIR 177 (72.2) 68 (27.8) 65 310 245 GR 499 (65.2) 266 (34.8) 235 1000 765 IE 732 (87.4) 106 (12.6) 162 1000 838 IT 466 (62.7) 277 (37.3) 257 1000 743 LU 362 (69.9) 156 (30.1) 89 607 518 NL 442 (57.8) 323 (42.2) 258 1023 765 PT 455 (64.6) 249 (35.4) 296 1000 704 SE 343 (52.5) 310 (47.5) 347 1000 653 N Sum 7864 4000 4258 16122 N Valid Sum 7864 4000 11864 printed 25.01.2012 page 513 Eurobarometer 60.0 - September 2003,GESIS Variable Report,539,ZA3937
v474,v474 1 2 3 N Sum N Valid Sum,Q87 DISABIL AND WORK: SM JOB RIGHT,isocntry M AT 777 (84.8) 139 (15.2) 115 1031 916 BE 866 (89.0) 107 (11.0) 56 1029 973 DE-E 869 (92.5) 70 (7.5) 75 1014 939 DE-W 864 (90.9) 86 (9.1) 93 1043 950 DK 861 (91.1) 84 (8.9) 55 1000 945 ES 826 (88.3) 109 (11.7) 66 1001 935 FI 950 (96.3) 37 (3.7) 24 1011 987 FR 914 (91.4) 86 (8.6) 51 1051 1000 GB-GBN 877 (93.3) 63 (6.7) 65 1005 940 GB-NIR 291 (95.4) 14 (4.6) 5 310 305 GR 805 (89.0) 99 (11.0) 96 1000 904 IE 886 (94.0) 57 (6.0) 58 1001 943 IT 843 (92.0) 73 (8.0) 84 1000 916 LU 535 (92.1) 46 (7.9) 25 606 581 NL 895 (90.9) 90 (9.1) 37 1022 985 PT 829 (88.6) 107 (11.4) 64 1000 936 SE 890 (93.6) 61 (6.4) 50 1001 951 N Sum 13778 1328 1019 16125 N Valid Sum 13778 1328 15106 printed 25.01.2012 page 514 Eurobarometer 60.0 - September 2003,isocntry M AT 777 (84.8) 139 (15.2) 115 1031 916 BE 866 (89.0) 107 (11.0) 56 1029 973 DE-E 869 (92.5) 70 (7.5) 75 1014 939 DE-W 864 (90.9) 86 (9.1) 93 1043 950 DK 861 (91.1) 84 (8.9) 55 1000 945 ES 826 (88.3) 109 (11.7) 66 1001 935 FI 950 (96.3) 37 (3.7) 24 1011 987 FR 914 (91.4) 86 (8.6) 51 1051 1000 GB-GBN 877 (93.3) 63 (6.7) 65 1005 940 GB-NIR 291 (95.4) 14 (4.6) 5 310 305 GR 805 (89.0) 99 (11.0) 96 1000 904 IE 886 (94.0) 57 (6.0) 58 1001 943 IT 843 (92.0) 73 (8.0) 84 1000 916 LU 535 (92.1) 46 (7.9) 25 606 581 NL 895 (90.9) 90 (9.1) 37 1022 985 PT 829 (88.6) 107 (11.4) 64 1000 936 SE 890 (93.6) 61 (6.4) 50 1001 951 N Sum 13778 1328 1019 16125 N Valid Sum 13778 1328 15106 printed 25.01.2012 page 514 Eurobarometer 60.0 - September 2003,GESIS Variable Report,540,ZA3937
v475,v475 1 2 3 N Sum N Valid Sum,Q87 DISABIL AND WORK: SM TRAINING RIGHT,isocntry M AT 808 (87.6) 114 (12.4) 109 1031 922 BE 916 (94.3) 55 (5.7) 60 1031 971 DE-E 891 (94.2) 55 (5.8) 68 1014 946 DE-W 893 (93.8) 59 (6.2) 90 1042 952 DK 918 (94.8) 50 (5.2) 33 1001 968 ES 810 (88.5) 105 (11.5) 85 1000 915 FI 976 (98.3) 17 (1.7) 18 1011 993 FR 945 (95.6) 43 (4.4) 63 1051 988 GB-GBN 892 (96.9) 29 (3.1) 83 1004 921 GB-NIR 296 (97.7) 7 (2.3) 7 310 303 GR 854 (94.4) 51 (5.6) 95 1000 905 IE 910 (96.2) 36 (3.8) 55 1001 946 IT 869 (94.5) 51 (5.5) 80 1000 920 LU 556 (94.9) 30 (5.1) 20 606 586 NL 945 (94.4) 56 (5.6) 22 1023 1001 PT 820 (89.2) 99 (10.8) 81 1000 919 SE 948 (97.0) 29 (3.0) 24 1001 977 N Sum 14247 886 993 16126 N Valid Sum 14247 886 15133 printed 25.01.2012 page 515 Eurobarometer 60.0 - September 2003,isocntry M AT 808 (87.6) 114 (12.4) 109 1031 922 BE 916 (94.3) 55 (5.7) 60 1031 971 DE-E 891 (94.2) 55 (5.8) 68 1014 946 DE-W 893 (93.8) 59 (6.2) 90 1042 952 DK 918 (94.8) 50 (5.2) 33 1001 968 ES 810 (88.5) 105 (11.5) 85 1000 915 FI 976 (98.3) 17 (1.7) 18 1011 993 FR 945 (95.6) 43 (4.4) 63 1051 988 GB-GBN 892 (96.9) 29 (3.1) 83 1004 921 GB-NIR 296 (97.7) 7 (2.3) 7 310 303 GR 854 (94.4) 51 (5.6) 95 1000 905 IE 910 (96.2) 36 (3.8) 55 1001 946 IT 869 (94.5) 51 (5.5) 80 1000 920 LU 556 (94.9) 30 (5.1) 20 606 586 NL 945 (94.4) 56 (5.6) 22 1023 1001 PT 820 (89.2) 99 (10.8) 81 1000 919 SE 948 (97.0) 29 (3.0) 24 1001 977 N Sum 14247 886 993 16126 N Valid Sum 14247 886 15133 printed 25.01.2012 page 515 Eurobarometer 60.0 - September 2003,GESIS Variable Report,541,ZA3937
v476,v476 1 2 3 N Sum N Valid Sum,Q87 DISABIL AND WORK: EUROPEAN LAWS,isocntry M AT 646 (87.2) 95 (12.8) 291 1032 741 BE 559 (86.3) 89 (13.7) 382 1030 648 DE-E 544 (86.3) 86 (13.7) 384 1014 630 DE-W 627 (91.4) 59 (8.6) 356 1042 686 DK 605 (89.1) 74 (10.9) 320 999 679 ES 618 (89.4) 73 (10.6) 309 1000 691 FI 685 (94.0) 44 (6.0) 282 1011 729 FR 731 (93.6) 50 (6.4) 270 1051 781 GB-GBN 743 (94.2) 46 (5.8) 214 1003 789 GB-NIR 229 (95.8) 10 (4.2) 71 310 239 GR 595 (88.4) 78 (11.6) 327 1000 673 IE 765 (97.0) 24 (3.0) 211 1000 789 IT 547 (89.2) 66 (10.8) 387 1000 613 LU 473 (90.4) 50 (9.6) 82 605 523 NL 690 (89.7) 79 (10.3) 254 1023 769 PT 622 (82.7) 130 (17.3) 248 1000 752 SE 682 (91.7) 62 (8.3) 256 1000 744 N Sum 10361 1115 4644 16120 N Valid Sum 10361 1115 11476 printed 25.01.2012 page 516 Eurobarometer 60.0 - September 2003,isocntry M AT 646 (87.2) 95 (12.8) 291 1032 741 BE 559 (86.3) 89 (13.7) 382 1030 648 DE-E 544 (86.3) 86 (13.7) 384 1014 630 DE-W 627 (91.4) 59 (8.6) 356 1042 686 DK 605 (89.1) 74 (10.9) 320 999 679 ES 618 (89.4) 73 (10.6) 309 1000 691 FI 685 (94.0) 44 (6.0) 282 1011 729 FR 731 (93.6) 50 (6.4) 270 1051 781 GB-GBN 743 (94.2) 46 (5.8) 214 1003 789 GB-NIR 229 (95.8) 10 (4.2) 71 310 239 GR 595 (88.4) 78 (11.6) 327 1000 673 IE 765 (97.0) 24 (3.0) 211 1000 789 IT 547 (89.2) 66 (10.8) 387 1000 613 LU 473 (90.4) 50 (9.6) 82 605 523 NL 690 (89.7) 79 (10.3) 254 1023 769 PT 622 (82.7) 130 (17.3) 248 1000 752 SE 682 (91.7) 62 (8.3) 256 1000 744 N Sum 10361 1115 4644 16120 N Valid Sum 10361 1115 11476 printed 25.01.2012 page 516 Eurobarometer 60.0 - September 2003,GESIS Variable Report,542,ZA3937
v477,v477 1 2 3 N Sum N Valid Sum,Q87 DISABIL AND WORK: WORKPLACE CHANGES,isocntry M AT 482 (60.3) 318 (39.8) 231 1031 800 BE 279 (34.3) 535 (65.7) 216 1030 814 DE-E 381 (49.7) 386 (50.3) 247 1014 767 DE-W 506 (63.2) 295 (36.8) 242 1043 801 DK 286 (33.1) 578 (66.9) 136 1000 864 ES 354 (48.5) 376 (51.5) 271 1001 730 FI 324 (37.3) 544 (62.7) 143 1011 868 FR 533 (60.8) 343 (39.2) 175 1051 876 GB-GBN 534 (65.3) 284 (34.7) 186 1004 818 GB-NIR 181 (68.6) 83 (31.4) 46 310 264 GR 311 (36.5) 540 (63.5) 148 999 851 IE 566 (68.8) 257 (31.2) 177 1000 823 IT 373 (52.1) 343 (47.9) 284 1000 716 LU 359 (66.5) 181 (33.5) 66 606 540 NL 453 (52.1) 416 (47.9) 154 1023 869 PT 224 (26.3) 628 (73.7) 148 1000 852 SE 337 (40.3) 499 (59.7) 163 999 836 N Sum 6483 6606 3033 16122 N Valid Sum 6483 6606 13089 printed 25.01.2012 page 517 Eurobarometer 60.0 - September 2003,isocntry M AT 482 (60.3) 318 (39.8) 231 1031 800 BE 279 (34.3) 535 (65.7) 216 1030 814 DE-E 381 (49.7) 386 (50.3) 247 1014 767 DE-W 506 (63.2) 295 (36.8) 242 1043 801 DK 286 (33.1) 578 (66.9) 136 1000 864 ES 354 (48.5) 376 (51.5) 271 1001 730 FI 324 (37.3) 544 (62.7) 143 1011 868 FR 533 (60.8) 343 (39.2) 175 1051 876 GB-GBN 534 (65.3) 284 (34.7) 186 1004 818 GB-NIR 181 (68.6) 83 (31.4) 46 310 264 GR 311 (36.5) 540 (63.5) 148 999 851 IE 566 (68.8) 257 (31.2) 177 1000 823 IT 373 (52.1) 343 (47.9) 284 1000 716 LU 359 (66.5) 181 (33.5) 66 606 540 NL 453 (52.1) 416 (47.9) 154 1023 869 PT 224 (26.3) 628 (73.7) 148 1000 852 SE 337 (40.3) 499 (59.7) 163 999 836 N Sum 6483 6606 3033 16122 N Valid Sum 6483 6606 13089 printed 25.01.2012 page 517 Eurobarometer 60.0 - September 2003,GESIS Variable Report,543,ZA3937
v478,v478 1 2 3 N Sum N Valid Sum,Q87 DISABIL AND WORK: ONLY SHELTERED,isocntry M AT 705 (77.8) 201 (22.2) 125 1031 906 BE 526 (59.8) 353 (40.2) 150 1029 879 DE-E 713 (78.5) 195 (21.5) 106 1014 908 DE-W 631 (72.9) 235 (27.1) 177 1043 866 DK 385 (42.3) 525 (57.7) 90 1000 910 ES 470 (62.4) 283 (37.6) 248 1001 753 FI 453 (51.3) 430 (48.7) 129 1012 883 FR 686 (78.0) 193 (22.0) 173 1052 879 GB-GBN 322 (41.1) 462 (58.9) 220 1004 784 GB-NIR 104 (38.2) 168 (61.8) 39 311 272 GR 724 (82.2) 157 (17.8) 119 1000 881 IE 446 (54.3) 375 (45.7) 180 1001 821 IT 529 (67.7) 252 (32.3) 219 1000 781 LU 420 (75.0) 140 (25.0) 46 606 560 NL 407 (43.5) 529 (56.5) 88 1024 936 PT 667 (77.4) 195 (22.6) 138 1000 862 SE 357 (42.4) 485 (57.6) 158 1000 842 N Sum 8545 5178 2405 16128 N Valid Sum 8545 5178 13723 printed 25.01.2012 page 518 Eurobarometer 60.0 - September 2003,isocntry M AT 705 (77.8) 201 (22.2) 125 1031 906 BE 526 (59.8) 353 (40.2) 150 1029 879 DE-E 713 (78.5) 195 (21.5) 106 1014 908 DE-W 631 (72.9) 235 (27.1) 177 1043 866 DK 385 (42.3) 525 (57.7) 90 1000 910 ES 470 (62.4) 283 (37.6) 248 1001 753 FI 453 (51.3) 430 (48.7) 129 1012 883 FR 686 (78.0) 193 (22.0) 173 1052 879 GB-GBN 322 (41.1) 462 (58.9) 220 1004 784 GB-NIR 104 (38.2) 168 (61.8) 39 311 272 GR 724 (82.2) 157 (17.8) 119 1000 881 IE 446 (54.3) 375 (45.7) 180 1001 821 IT 529 (67.7) 252 (32.3) 219 1000 781 LU 420 (75.0) 140 (25.0) 46 606 560 NL 407 (43.5) 529 (56.5) 88 1024 936 PT 667 (77.4) 195 (22.6) 138 1000 862 SE 357 (42.4) 485 (57.6) 158 1000 842 N Sum 8545 5178 2405 16128 N Valid Sum 8545 5178 13723 printed 25.01.2012 page 518 Eurobarometer 60.0 - September 2003,GESIS Variable Report,544,ZA3937
v479,v479 0 1 N Sum N Valid Sum,Q88 DISABLED PERS KNOWN: NO,isocntry AT 551 (53.4) 480 (46.6) 1031 1031 BE 643 (62.4) 387 (37.6) 1030 1030 DE-E 588 (58.0) 426 (42.0) 1014 1014 DE-W 663 (63.6) 379 (36.4) 1042 1042 DK 709 (70.9) 291 (29.1) 1000 1000 ES 676 (67.6) 324 (32.4) 1000 1000 FI 796 (78.7) 215 (21.3) 1011 1011 FR 620 (59.0) 431 (41.0) 1051 1051 GB-GBN 632 (62.9) 372 (37.1) 1004 1004 GB-NIR 232 (74.8) 78 (25.2) 310 310 GR 579 (57.9) 421 (42.1) 1000 1000 IE 727 (72.6) 274 (27.4) 1001 1001 IT 687 (68.7) 313 (31.3) 1000 1000 LU 417 (68.8) 189 (31.2) 606 606 NL 775 (75.8) 248 (24.2) 1023 1023 PT 658 (65.8) 342 (34.2) 1000 1000 SE 752 (75.2) 248 (24.8) 1000 1000 N Sum 10705 5418 16123 N Valid Sum 10705 5418 16123 printed 25.01.2012 page 519 Eurobarometer 60.0 - September 2003,isocntry AT 551 (53.4) 480 (46.6) 1031 1031 BE 643 (62.4) 387 (37.6) 1030 1030 DE-E 588 (58.0) 426 (42.0) 1014 1014 DE-W 663 (63.6) 379 (36.4) 1042 1042 DK 709 (70.9) 291 (29.1) 1000 1000 ES 676 (67.6) 324 (32.4) 1000 1000 FI 796 (78.7) 215 (21.3) 1011 1011 FR 620 (59.0) 431 (41.0) 1051 1051 GB-GBN 632 (62.9) 372 (37.1) 1004 1004 GB-NIR 232 (74.8) 78 (25.2) 310 310 GR 579 (57.9) 421 (42.1) 1000 1000 IE 727 (72.6) 274 (27.4) 1001 1001 IT 687 (68.7) 313 (31.3) 1000 1000 LU 417 (68.8) 189 (31.2) 606 606 NL 775 (75.8) 248 (24.2) 1023 1023 PT 658 (65.8) 342 (34.2) 1000 1000 SE 752 (75.2) 248 (24.8) 1000 1000 N Sum 10705 5418 16123 N Valid Sum 10705 5418 16123 printed 25.01.2012 page 519 Eurobarometer 60.0 - September 2003,GESIS Variable Report,545,ZA3937
v480,,Q88 DISABLED PERS KNOWN: FAMILY,,Q88 DISABLED PERS KNOWN: FAMILY,GESIS Variable Report,546,ZA3937
v481,,Q88 DISABLED PERS KNOWN: FRIEND,,Q88 DISABLED PERS KNOWN: FRIEND,GESIS Variable Report,547,ZA3937
v482,,Q88 DISABLED PERS KNOWN: ACQUAINTANCE,,Q88 DISABLED PERS KNOWN: ACQUAINTANCE,GESIS Variable Report,548,ZA3937
v483,,Q88 DISABLED PERS KNOWN: NEIGHBOUR,,Q88 DISABLED PERS KNOWN: NEIGHBOUR,GESIS Variable Report,549,ZA3937
v484,,Q88 DISABLED PERS KNOWN: COLLEAGUE,,Q88 DISABLED PERS KNOWN: COLLEAGUE,GESIS Variable Report,550,ZA3937
v485,,Q88 DISABLED PERS KNOWN: CLIENT,,Q88 DISABLED PERS KNOWN: CLIENT,GESIS Variable Report,551,ZA3937
v486,,Q88 DISABLED PERS KNOWN: PUPIL,,Q88 DISABLED PERS KNOWN: PUPIL,GESIS Variable Report,552,ZA3937
v487,,Q88 DISABLED PERS KNOWN: STUDENT,,Q88 DISABLED PERS KNOWN: STUDENT,GESIS Variable Report,553,ZA3937
v488,,Q88 DISABLED PERS KNOWN: OTHER,,Q88 DISABLED PERS KNOWN: OTHER,GESIS Variable Report,554,ZA3937
v489,,Q88 DISABLED PERS KNOWN: MYSELF,,Q88 DISABLED PERS KNOWN: MYSELF,GESIS Variable Report,555,ZA3937
v490,,Q88 DISABLED PERS KNOWN: DK,,Q88 DISABLED PERS KNOWN: DK,GESIS Variable Report,556,ZA3937
v491,v491 1 2 3 N Sum N Valid Sum,Q89 DISABILITY AWARE: VISUAL,isocntry M AT 949 (92.8) 74 (7.2) 7 1030 1023 BE 517 (50.9) 498 (49.1) 15 1030 1015 DE-E 625 (63.7) 356 (36.3) 32 1013 981 DE-W 670 (66.2) 342 (33.8) 30 1042 1012 DK 514 (51.9) 476 (48.1) 10 1000 990 ES 502 (54.7) 416 (45.3) 81 999 918 FI 737 (73.6) 264 (26.4) 10 1011 1001 FR 592 (57.1) 445 (42.9) 13 1050 1037 GB-GBN 917 (91.8) 82 (8.2) 5 1004 999 GB-NIR 278 (90.6) 29 (9.4) 3 310 307 GR 652 (65.5) 343 (34.5) 5 1000 995 IE 868 (87.5) 124 (12.5) 9 1001 992 IT 395 (40.3) 585 (59.7) 20 1000 980 LU 390 (66.2) 199 (33.8) 17 606 589 NL 732 (72.3) 281 (27.7) 10 1023 1013 PT 565 (56.6) 433 (43.4) 2 1000 998 SE 712 (72.0) 277 (28.0) 11 1000 989 N Sum 10615 5224 280 16119 N Valid Sum 10615 5224 15839 printed 25.01.2012 page 531 Eurobarometer 60.0 - September 2003,isocntry M AT 949 (92.8) 74 (7.2) 7 1030 1023 BE 517 (50.9) 498 (49.1) 15 1030 1015 DE-E 625 (63.7) 356 (36.3) 32 1013 981 DE-W 670 (66.2) 342 (33.8) 30 1042 1012 DK 514 (51.9) 476 (48.1) 10 1000 990 ES 502 (54.7) 416 (45.3) 81 999 918 FI 737 (73.6) 264 (26.4) 10 1011 1001 FR 592 (57.1) 445 (42.9) 13 1050 1037 GB-GBN 917 (91.8) 82 (8.2) 5 1004 999 GB-NIR 278 (90.6) 29 (9.4) 3 310 307 GR 652 (65.5) 343 (34.5) 5 1000 995 IE 868 (87.5) 124 (12.5) 9 1001 992 IT 395 (40.3) 585 (59.7) 20 1000 980 LU 390 (66.2) 199 (33.8) 17 606 589 NL 732 (72.3) 281 (27.7) 10 1023 1013 PT 565 (56.6) 433 (43.4) 2 1000 998 SE 712 (72.0) 277 (28.0) 11 1000 989 N Sum 10615 5224 280 16119 N Valid Sum 10615 5224 15839 printed 25.01.2012 page 531 Eurobarometer 60.0 - September 2003,GESIS Variable Report,557,ZA3937
v492,v492 1 2 3 N Sum N Valid Sum,Q89 DISABILITY AWARE: HEARING,isocntry M AT 923 (90.1) 101 (9.9) 7 1031 1024 BE 513 (50.4) 504 (49.6) 13 1030 1017 DE-E 553 (56.3) 430 (43.7) 30 1013 983 DE-W 579 (57.9) 421 (42.1) 42 1042 1000 DK 554 (56.1) 433 (43.9) 13 1000 987 ES 414 (45.3) 499 (54.7) 87 1000 913 FI 721 (72.0) 280 (28.0) 10 1011 1001 FR 600 (57.8) 438 (42.2) 13 1051 1038 GB-GBN 900 (90.7) 92 (9.3) 12 1004 992 GB-NIR 277 (89.6) 32 (10.4) 1 310 309 GR 603 (60.5) 394 (39.5) 4 1001 997 IE 868 (87.5) 124 (12.5) 9 1001 992 IT 362 (37.1) 613 (62.9) 25 1000 975 LU 365 (61.3) 230 (38.7) 11 606 595 NL 743 (73.3) 271 (26.7) 9 1023 1014 PT 537 (54.0) 458 (46.0) 4 999 995 SE 719 (72.7) 270 (27.3) 11 1000 989 N Sum 10231 5590 301 16122 N Valid Sum 10231 5590 15821 printed 25.01.2012 page 532 Eurobarometer 60.0 - September 2003,isocntry M AT 923 (90.1) 101 (9.9) 7 1031 1024 BE 513 (50.4) 504 (49.6) 13 1030 1017 DE-E 553 (56.3) 430 (43.7) 30 1013 983 DE-W 579 (57.9) 421 (42.1) 42 1042 1000 DK 554 (56.1) 433 (43.9) 13 1000 987 ES 414 (45.3) 499 (54.7) 87 1000 913 FI 721 (72.0) 280 (28.0) 10 1011 1001 FR 600 (57.8) 438 (42.2) 13 1051 1038 GB-GBN 900 (90.7) 92 (9.3) 12 1004 992 GB-NIR 277 (89.6) 32 (10.4) 1 310 309 GR 603 (60.5) 394 (39.5) 4 1001 997 IE 868 (87.5) 124 (12.5) 9 1001 992 IT 362 (37.1) 613 (62.9) 25 1000 975 LU 365 (61.3) 230 (38.7) 11 606 595 NL 743 (73.3) 271 (26.7) 9 1023 1014 PT 537 (54.0) 458 (46.0) 4 999 995 SE 719 (72.7) 270 (27.3) 11 1000 989 N Sum 10231 5590 301 16122 N Valid Sum 10231 5590 15821 printed 25.01.2012 page 532 Eurobarometer 60.0 - September 2003,GESIS Variable Report,558,ZA3937
v493,v493 1 2 3 N Sum N Valid Sum,Q89 DISABILITY AWARE: NEUROMUSCULAR,isocntry M AT 472 (48.0) 511 (52.0) 49 1032 983 BE 198 (19.9) 796 (80.1) 36 1030 994 DE-E 268 (28.3) 678 (71.7) 69 1015 946 DE-W 286 (29.3) 691 (70.7) 65 1042 977 DK 159 (17.9) 731 (82.1) 111 1001 890 ES 226 (26.1) 641 (73.9) 133 1000 867 FI 297 (30.0) 692 (70.0) 23 1012 989 FR 331 (32.3) 693 (67.7) 27 1051 1024 GB-GBN 599 (63.7) 342 (36.3) 63 1004 941 GB-NIR 150 (50.0) 150 (50.0) 10 310 300 GR 369 (37.4) 617 (62.6) 15 1001 986 IE 454 (49.2) 468 (50.8) 79 1001 922 IT 313 (32.4) 652 (67.6) 35 1000 965 LU 297 (50.6) 290 (49.4) 18 605 587 NL 443 (44.7) 548 (55.3) 32 1023 991 PT 241 (24.4) 746 (75.6) 13 1000 987 SE 351 (36.8) 604 (63.2) 45 1000 955 N Sum 5454 9850 823 16127 N Valid Sum 5454 9850 15304 printed 25.01.2012 page 533 Eurobarometer 60.0 - September 2003,isocntry M AT 472 (48.0) 511 (52.0) 49 1032 983 BE 198 (19.9) 796 (80.1) 36 1030 994 DE-E 268 (28.3) 678 (71.7) 69 1015 946 DE-W 286 (29.3) 691 (70.7) 65 1042 977 DK 159 (17.9) 731 (82.1) 111 1001 890 ES 226 (26.1) 641 (73.9) 133 1000 867 FI 297 (30.0) 692 (70.0) 23 1012 989 FR 331 (32.3) 693 (67.7) 27 1051 1024 GB-GBN 599 (63.7) 342 (36.3) 63 1004 941 GB-NIR 150 (50.0) 150 (50.0) 10 310 300 GR 369 (37.4) 617 (62.6) 15 1001 986 IE 454 (49.2) 468 (50.8) 79 1001 922 IT 313 (32.4) 652 (67.6) 35 1000 965 LU 297 (50.6) 290 (49.4) 18 605 587 NL 443 (44.7) 548 (55.3) 32 1023 991 PT 241 (24.4) 746 (75.6) 13 1000 987 SE 351 (36.8) 604 (63.2) 45 1000 955 N Sum 5454 9850 823 16127 N Valid Sum 5454 9850 15304 printed 25.01.2012 page 533 Eurobarometer 60.0 - September 2003,GESIS Variable Report,559,ZA3937
v494,v494 1 2 3 N Sum N Valid Sum,Q89 DISABILITY AWARE: SKELETAL,isocntry M AT 798 (79.4) 207 (20.6) 26 1031 1005 BE 249 (24.7) 758 (75.3) 23 1030 1007 DE-E 376 (39.0) 587 (61.0) 50 1013 963 DE-W 360 (36.6) 623 (63.4) 60 1043 983 DK 399 (42.1) 549 (57.9) 52 1000 948 ES 327 (37.2) 553 (62.8) 120 1000 880 FI 691 (69.5) 303 (30.5) 17 1011 994 FR 317 (30.7) 714 (69.3) 20 1051 1031 GB-GBN 531 (56.9) 402 (43.1) 71 1004 933 GB-NIR 140 (46.8) 159 (53.2) 11 310 299 GR 373 (37.7) 616 (62.3) 12 1001 989 IE 349 (39.1) 544 (60.9) 108 1001 893 IT 311 (31.9) 665 (68.1) 24 1000 976 LU 325 (54.7) 269 (45.3) 11 605 594 NL 483 (48.6) 511 (51.4) 29 1023 994 PT 324 (32.7) 666 (67.3) 10 1000 990 SE 341 (35.3) 625 (64.7) 34 1000 966 N Sum 6694 8751 678 16123 N Valid Sum 6694 8751 15445 printed 25.01.2012 page 534 Eurobarometer 60.0 - September 2003,isocntry M AT 798 (79.4) 207 (20.6) 26 1031 1005 BE 249 (24.7) 758 (75.3) 23 1030 1007 DE-E 376 (39.0) 587 (61.0) 50 1013 963 DE-W 360 (36.6) 623 (63.4) 60 1043 983 DK 399 (42.1) 549 (57.9) 52 1000 948 ES 327 (37.2) 553 (62.8) 120 1000 880 FI 691 (69.5) 303 (30.5) 17 1011 994 FR 317 (30.7) 714 (69.3) 20 1051 1031 GB-GBN 531 (56.9) 402 (43.1) 71 1004 933 GB-NIR 140 (46.8) 159 (53.2) 11 310 299 GR 373 (37.7) 616 (62.3) 12 1001 989 IE 349 (39.1) 544 (60.9) 108 1001 893 IT 311 (31.9) 665 (68.1) 24 1000 976 LU 325 (54.7) 269 (45.3) 11 605 594 NL 483 (48.6) 511 (51.4) 29 1023 994 PT 324 (32.7) 666 (67.3) 10 1000 990 SE 341 (35.3) 625 (64.7) 34 1000 966 N Sum 6694 8751 678 16123 N Valid Sum 6694 8751 15445 printed 25.01.2012 page 534 Eurobarometer 60.0 - September 2003,GESIS Variable Report,560,ZA3937
v495,v495 1 2 3 N Sum N Valid Sum,Q89 DISABILITY AWARE: CEREBRAL,isocntry M AT 699 (70.0) 300 (30.0) 32 1031 999 BE 291 (28.9) 716 (71.1) 23 1030 1007 DE-E 331 (34.5) 629 (65.5) 54 1014 960 DE-W 345 (35.5) 628 (64.5) 69 1042 973 DK 224 (24.9) 676 (75.1) 100 1000 900 ES 304 (34.0) 590 (66.0) 106 1000 894 FI 341 (34.5) 646 (65.5) 24 1011 987 FR 347 (33.7) 682 (66.3) 22 1051 1029 GB-GBN 743 (76.2) 232 (23.8) 29 1004 975 GB-NIR 228 (74.3) 79 (25.7) 3 310 307 GR 422 (42.6) 568 (57.4) 10 1000 990 IE 675 (69.4) 298 (30.6) 29 1002 973 IT 235 (24.4) 727 (75.6) 37 999 962 LU 365 (61.4) 229 (38.6) 12 606 594 NL 643 (64.4) 356 (35.6) 23 1022 999 PT 321 (32.5) 666 (67.5) 13 1000 987 SE 453 (46.6) 520 (53.4) 27 1000 973 N Sum 6967 8542 613 16122 N Valid Sum 6967 8542 15509 printed 25.01.2012 page 535 Eurobarometer 60.0 - September 2003,isocntry M AT 699 (70.0) 300 (30.0) 32 1031 999 BE 291 (28.9) 716 (71.1) 23 1030 1007 DE-E 331 (34.5) 629 (65.5) 54 1014 960 DE-W 345 (35.5) 628 (64.5) 69 1042 973 DK 224 (24.9) 676 (75.1) 100 1000 900 ES 304 (34.0) 590 (66.0) 106 1000 894 FI 341 (34.5) 646 (65.5) 24 1011 987 FR 347 (33.7) 682 (66.3) 22 1051 1029 GB-GBN 743 (76.2) 232 (23.8) 29 1004 975 GB-NIR 228 (74.3) 79 (25.7) 3 310 307 GR 422 (42.6) 568 (57.4) 10 1000 990 IE 675 (69.4) 298 (30.6) 29 1002 973 IT 235 (24.4) 727 (75.6) 37 999 962 LU 365 (61.4) 229 (38.6) 12 606 594 NL 643 (64.4) 356 (35.6) 23 1022 999 PT 321 (32.5) 666 (67.5) 13 1000 987 SE 453 (46.6) 520 (53.4) 27 1000 973 N Sum 6967 8542 613 16122 N Valid Sum 6967 8542 15509 printed 25.01.2012 page 535 Eurobarometer 60.0 - September 2003,GESIS Variable Report,561,ZA3937
v496,v496 1 2 3 N Sum N Valid Sum,Q89 DISABILITY AWARE: SPINAL CORD,isocntry M AT 772 (77.5) 224 (22.5) 35 1031 996 BE 279 (27.8) 726 (72.2) 25 1030 1005 DE-E 259 (27.1) 695 (72.9) 60 1014 954 DE-W 318 (32.5) 660 (67.5) 65 1043 978 DK 250 (27.3) 665 (72.7) 85 1000 915 ES 267 (30.7) 602 (69.3) 131 1000 869 FI 340 (34.6) 644 (65.4) 27 1011 984 FR 325 (31.6) 705 (68.4) 20 1050 1030 GB-GBN 729 (74.5) 250 (25.5) 25 1004 979 GB-NIR 234 (76.2) 73 (23.8) 3 310 307 GR 325 (32.8) 665 (67.2) 10 1000 990 IE 684 (70.2) 290 (29.8) 28 1002 974 IT 259 (27.1) 696 (72.9) 45 1000 955 LU 329 (55.7) 262 (44.3) 15 606 591 NL 368 (37.5) 614 (62.5) 41 1023 982 PT 234 (23.9) 746 (76.1) 19 999 980 SE 349 (36.3) 613 (63.7) 38 1000 962 N Sum 6321 9130 672 16123 N Valid Sum 6321 9130 15451 printed 25.01.2012 page 536 Eurobarometer 60.0 - September 2003,isocntry M AT 772 (77.5) 224 (22.5) 35 1031 996 BE 279 (27.8) 726 (72.2) 25 1030 1005 DE-E 259 (27.1) 695 (72.9) 60 1014 954 DE-W 318 (32.5) 660 (67.5) 65 1043 978 DK 250 (27.3) 665 (72.7) 85 1000 915 ES 267 (30.7) 602 (69.3) 131 1000 869 FI 340 (34.6) 644 (65.4) 27 1011 984 FR 325 (31.6) 705 (68.4) 20 1050 1030 GB-GBN 729 (74.5) 250 (25.5) 25 1004 979 GB-NIR 234 (76.2) 73 (23.8) 3 310 307 GR 325 (32.8) 665 (67.2) 10 1000 990 IE 684 (70.2) 290 (29.8) 28 1002 974 IT 259 (27.1) 696 (72.9) 45 1000 955 LU 329 (55.7) 262 (44.3) 15 606 591 NL 368 (37.5) 614 (62.5) 41 1023 982 PT 234 (23.9) 746 (76.1) 19 999 980 SE 349 (36.3) 613 (63.7) 38 1000 962 N Sum 6321 9130 672 16123 N Valid Sum 6321 9130 15451 printed 25.01.2012 page 536 Eurobarometer 60.0 - September 2003,GESIS Variable Report,562,ZA3937
v497,v497 1 2 3 N Sum N Valid Sum,Q89 DISABILITY AWARE: HEAD INJURY,isocntry M AT 677 (67.6) 324 (32.4) 30 1031 1001 BE 332 (32.9) 676 (67.1) 22 1030 1008 DE-E 135 (14.5) 798 (85.5) 80 1013 933 DE-W 181 (18.8) 780 (81.2) 81 1042 961 DK 368 (39.6) 562 (60.4) 70 1000 930 ES 246 (28.4) 621 (71.6) 133 1000 867 FI 477 (48.1) 514 (51.9) 21 1012 991 FR 380 (37.0) 647 (63.0) 24 1051 1027 GB-GBN 743 (75.7) 239 (24.3) 23 1005 982 GB-NIR 242 (79.1) 64 (20.9) 4 310 306 GR 371 (37.5) 619 (62.5) 10 1000 990 IE 683 (70.4) 287 (29.6) 31 1001 970 IT 250 (26.1) 708 (73.9) 42 1000 958 LU 326 (55.1) 266 (44.9) 14 606 592 NL 453 (45.9) 535 (54.1) 35 1023 988 PT 262 (26.7) 718 (73.3) 21 1001 980 SE 323 (33.5) 641 (66.5) 36 1000 964 N Sum 6449 8999 677 16125 N Valid Sum 6449 8999 15448 printed 25.01.2012 page 537 Eurobarometer 60.0 - September 2003,isocntry M AT 677 (67.6) 324 (32.4) 30 1031 1001 BE 332 (32.9) 676 (67.1) 22 1030 1008 DE-E 135 (14.5) 798 (85.5) 80 1013 933 DE-W 181 (18.8) 780 (81.2) 81 1042 961 DK 368 (39.6) 562 (60.4) 70 1000 930 ES 246 (28.4) 621 (71.6) 133 1000 867 FI 477 (48.1) 514 (51.9) 21 1012 991 FR 380 (37.0) 647 (63.0) 24 1051 1027 GB-GBN 743 (75.7) 239 (24.3) 23 1005 982 GB-NIR 242 (79.1) 64 (20.9) 4 310 306 GR 371 (37.5) 619 (62.5) 10 1000 990 IE 683 (70.4) 287 (29.6) 31 1001 970 IT 250 (26.1) 708 (73.9) 42 1000 958 LU 326 (55.1) 266 (44.9) 14 606 592 NL 453 (45.9) 535 (54.1) 35 1023 988 PT 262 (26.7) 718 (73.3) 21 1001 980 SE 323 (33.5) 641 (66.5) 36 1000 964 N Sum 6449 8999 677 16125 N Valid Sum 6449 8999 15448 printed 25.01.2012 page 537 Eurobarometer 60.0 - September 2003,GESIS Variable Report,563,ZA3937
v498,v498 1 2 3 N Sum N Valid Sum,Q89 DISABILITY AWARE: STROKE,isocntry M AT 838 (83.0) 172 (17.0) 21 1031 1010 BE 384 (37.8) 633 (62.2) 14 1031 1017 DE-E 480 (49.1) 497 (50.9) 38 1015 977 DE-W 553 (55.2) 448 (44.8) 41 1042 1001 DK 580 (59.9) 388 (40.1) 32 1000 968 ES 439 (48.5) 466 (51.5) 95 1000 905 FI 426 (42.9) 567 (57.1) 18 1011 993 FR 375 (36.3) 657 (63.7) 18 1050 1032 GB-GBN 885 (89.3) 106 (10.7) 13 1004 991 GB-NIR 281 (91.2) 27 (8.8) 2 310 308 GR 733 (73.5) 264 (26.5) 3 1000 997 IE 869 (87.8) 121 (12.2) 11 1001 990 IT 370 (38.1) 601 (61.9) 29 1000 971 LU 365 (61.7) 227 (38.3) 14 606 592 NL 638 (63.9) 361 (36.1) 25 1024 999 PT 187 (19.1) 794 (80.9) 19 1000 981 SE 598 (61.0) 383 (39.0) 19 1000 981 N Sum 9001 6712 412 16125 N Valid Sum 9001 6712 15713 printed 25.01.2012 page 538 Eurobarometer 60.0 - September 2003,isocntry M AT 838 (83.0) 172 (17.0) 21 1031 1010 BE 384 (37.8) 633 (62.2) 14 1031 1017 DE-E 480 (49.1) 497 (50.9) 38 1015 977 DE-W 553 (55.2) 448 (44.8) 41 1042 1001 DK 580 (59.9) 388 (40.1) 32 1000 968 ES 439 (48.5) 466 (51.5) 95 1000 905 FI 426 (42.9) 567 (57.1) 18 1011 993 FR 375 (36.3) 657 (63.7) 18 1050 1032 GB-GBN 885 (89.3) 106 (10.7) 13 1004 991 GB-NIR 281 (91.2) 27 (8.8) 2 310 308 GR 733 (73.5) 264 (26.5) 3 1000 997 IE 869 (87.8) 121 (12.2) 11 1001 990 IT 370 (38.1) 601 (61.9) 29 1000 971 LU 365 (61.7) 227 (38.3) 14 606 592 NL 638 (63.9) 361 (36.1) 25 1024 999 PT 187 (19.1) 794 (80.9) 19 1000 981 SE 598 (61.0) 383 (39.0) 19 1000 981 N Sum 9001 6712 412 16125 N Valid Sum 9001 6712 15713 printed 25.01.2012 page 538 Eurobarometer 60.0 - September 2003,GESIS Variable Report,564,ZA3937
v499,v499 1 2 3 N Sum N Valid Sum,Q89 DISABILITY AWARE: LIMBS LOSS,isocntry M AT 749 (74.5) 257 (25.5) 25 1031 1006 BE 347 (34.4) 663 (65.6) 20 1030 1010 DE-E 427 (44.1) 542 (55.9) 45 1014 969 DE-W 452 (45.9) 532 (54.1) 58 1042 984 DK 312 (33.8) 611 (66.2) 77 1000 923 ES 376 (41.9) 522 (58.1) 102 1000 898 FI 586 (59.1) 406 (40.9) 19 1011 992 FR 420 (41.1) 603 (58.9) 29 1052 1023 GB-GBN 817 (82.3) 176 (17.7) 11 1004 993 GB-NIR 246 (79.9) 62 (20.1) 2 310 308 GR 489 (49.2) 504 (50.8) 7 1000 993 IE 737 (75.0) 246 (25.0) 18 1001 983 IT 297 (30.8) 666 (69.2) 38 1001 963 LU 338 (56.9) 256 (43.1) 12 606 594 NL 439 (44.1) 557 (55.9) 27 1023 996 PT 384 (39.0) 601 (61.0) 15 1000 985 SE 442 (45.4) 532 (54.6) 27 1001 974 N Sum 7858 7736 532 16126 N Valid Sum 7858 7736 15594 printed 25.01.2012 page 539 Eurobarometer 60.0 - September 2003,isocntry M AT 749 (74.5) 257 (25.5) 25 1031 1006 BE 347 (34.4) 663 (65.6) 20 1030 1010 DE-E 427 (44.1) 542 (55.9) 45 1014 969 DE-W 452 (45.9) 532 (54.1) 58 1042 984 DK 312 (33.8) 611 (66.2) 77 1000 923 ES 376 (41.9) 522 (58.1) 102 1000 898 FI 586 (59.1) 406 (40.9) 19 1011 992 FR 420 (41.1) 603 (58.9) 29 1052 1023 GB-GBN 817 (82.3) 176 (17.7) 11 1004 993 GB-NIR 246 (79.9) 62 (20.1) 2 310 308 GR 489 (49.2) 504 (50.8) 7 1000 993 IE 737 (75.0) 246 (25.0) 18 1001 983 IT 297 (30.8) 666 (69.2) 38 1001 963 LU 338 (56.9) 256 (43.1) 12 606 594 NL 439 (44.1) 557 (55.9) 27 1023 996 PT 384 (39.0) 601 (61.0) 15 1000 985 SE 442 (45.4) 532 (54.6) 27 1001 974 N Sum 7858 7736 532 16126 N Valid Sum 7858 7736 15594 printed 25.01.2012 page 539 Eurobarometer 60.0 - September 2003,GESIS Variable Report,565,ZA3937
v500,v500 1 2 3 N Sum N Valid Sum,Q89 DISABILITY AWARE: MULT SCLEROS,isocntry M AT 639 (63.9) 361 (36.1) 31 1031 1000 BE 426 (41.8) 594 (58.2) 9 1029 1020 DE-E 273 (28.4) 689 (71.6) 52 1014 962 DE-W 371 (37.4) 621 (62.6) 50 1042 992 DK 375 (40.5) 551 (59.5) 74 1000 926 ES 262 (30.0) 610 (70.0) 128 1000 872 FI 453 (45.6) 540 (54.4) 17 1010 993 FR 487 (47.1) 547 (52.9) 18 1052 1034 GB-GBN 783 (80.0) 196 (20.0) 25 1004 979 GB-NIR 260 (84.1) 49 (15.9) 1 310 309 GR 432 (43.5) 561 (56.5) 7 1000 993 IE 743 (75.7) 238 (24.3) 20 1001 981 IT 338 (34.7) 636 (65.3) 26 1000 974 LU 346 (58.4) 246 (41.6) 13 605 592 NL 554 (55.8) 438 (44.2) 30 1022 992 PT 222 (22.7) 754 (77.3) 24 1000 976 SE 475 (48.5) 505 (51.5) 20 1000 980 N Sum 7439 8136 545 16120 N Valid Sum 7439 8136 15575 printed 25.01.2012 page 540 Eurobarometer 60.0 - September 2003,isocntry M AT 639 (63.9) 361 (36.1) 31 1031 1000 BE 426 (41.8) 594 (58.2) 9 1029 1020 DE-E 273 (28.4) 689 (71.6) 52 1014 962 DE-W 371 (37.4) 621 (62.6) 50 1042 992 DK 375 (40.5) 551 (59.5) 74 1000 926 ES 262 (30.0) 610 (70.0) 128 1000 872 FI 453 (45.6) 540 (54.4) 17 1010 993 FR 487 (47.1) 547 (52.9) 18 1052 1034 GB-GBN 783 (80.0) 196 (20.0) 25 1004 979 GB-NIR 260 (84.1) 49 (15.9) 1 310 309 GR 432 (43.5) 561 (56.5) 7 1000 993 IE 743 (75.7) 238 (24.3) 20 1001 981 IT 338 (34.7) 636 (65.3) 26 1000 974 LU 346 (58.4) 246 (41.6) 13 605 592 NL 554 (55.8) 438 (44.2) 30 1022 992 PT 222 (22.7) 754 (77.3) 24 1000 976 SE 475 (48.5) 505 (51.5) 20 1000 980 N Sum 7439 8136 545 16120 N Valid Sum 7439 8136 15575 printed 25.01.2012 page 540 Eurobarometer 60.0 - September 2003,GESIS Variable Report,566,ZA3937
v501,v501 1 2 3 N Sum N Valid Sum,Q89 DISABILITY AWARE: MUSCULAR DYST,isocntry M AT 665 (66.4) 336 (33.6) 30 1031 1001 BE 176 (17.6) 825 (82.4) 29 1030 1001 DE-E 288 (30.1) 670 (69.9) 56 1014 958 DE-W 308 (31.2) 680 (68.8) 54 1042 988 DK 341 (36.4) 596 (63.6) 63 1000 937 ES 219 (25.9) 625 (74.1) 156 1000 844 FI 321 (32.7) 662 (67.3) 28 1011 983 FR 218 (21.4) 801 (78.6) 32 1051 1019 GB-GBN 641 (66.5) 323 (33.5) 39 1003 964 GB-NIR 193 (63.3) 112 (36.7) 5 310 305 GR 323 (32.7) 664 (67.3) 13 1000 987 IE 451 (48.2) 484 (51.8) 66 1001 935 IT 337 (34.7) 633 (65.3) 30 1000 970 LU 316 (53.4) 276 (46.6) 14 606 592 NL 419 (42.2) 575 (57.8) 29 1023 994 PT 210 (21.4) 771 (78.6) 19 1000 981 SE 192 (20.5) 745 (79.5) 63 1000 937 N Sum 5618 9778 726 16122 N Valid Sum 5618 9778 15396 printed 25.01.2012 page 541 Eurobarometer 60.0 - September 2003,isocntry M AT 665 (66.4) 336 (33.6) 30 1031 1001 BE 176 (17.6) 825 (82.4) 29 1030 1001 DE-E 288 (30.1) 670 (69.9) 56 1014 958 DE-W 308 (31.2) 680 (68.8) 54 1042 988 DK 341 (36.4) 596 (63.6) 63 1000 937 ES 219 (25.9) 625 (74.1) 156 1000 844 FI 321 (32.7) 662 (67.3) 28 1011 983 FR 218 (21.4) 801 (78.6) 32 1051 1019 GB-GBN 641 (66.5) 323 (33.5) 39 1003 964 GB-NIR 193 (63.3) 112 (36.7) 5 310 305 GR 323 (32.7) 664 (67.3) 13 1000 987 IE 451 (48.2) 484 (51.8) 66 1001 935 IT 337 (34.7) 633 (65.3) 30 1000 970 LU 316 (53.4) 276 (46.6) 14 606 592 NL 419 (42.2) 575 (57.8) 29 1023 994 PT 210 (21.4) 771 (78.6) 19 1000 981 SE 192 (20.5) 745 (79.5) 63 1000 937 N Sum 5618 9778 726 16122 N Valid Sum 5618 9778 15396 printed 25.01.2012 page 541 Eurobarometer 60.0 - September 2003,GESIS Variable Report,567,ZA3937
v502,v502 1 2 3 N Sum N Valid Sum,Q89 DISABILITY AWARE: ARTHRITIS,isocntry M AT 700 (70.3) 296 (29.7) 35 1031 996 BE 487 (48.1) 525 (51.9) 18 1030 1012 DE-E 595 (60.6) 387 (39.4) 32 1014 982 DE-W 608 (60.4) 398 (39.6) 36 1042 1006 DK 670 (68.1) 314 (31.9) 15 999 984 ES 499 (54.8) 412 (45.2) 89 1000 911 FI 708 (71.1) 288 (28.9) 15 1011 996 FR 578 (56.0) 454 (44.0) 19 1051 1032 GB-GBN 925 (92.8) 72 (7.2) 7 1004 997 GB-NIR 297 (96.1) 12 (3.9) 1 310 309 GR 647 (65.1) 347 (34.9) 6 1000 994 IE 925 (92.9) 71 (7.1) 5 1001 996 IT 461 (47.3) 514 (52.7) 25 1000 975 LU 397 (67.5) 191 (32.5) 17 605 588 NL 804 (79.4) 209 (20.6) 10 1023 1013 PT 410 (41.6) 576 (58.4) 15 1001 986 SE 455 (46.7) 520 (53.3) 25 1000 975 N Sum 10166 5586 370 16122 N Valid Sum 10166 5586 15752 printed 25.01.2012 page 542 Eurobarometer 60.0 - September 2003,isocntry M AT 700 (70.3) 296 (29.7) 35 1031 996 BE 487 (48.1) 525 (51.9) 18 1030 1012 DE-E 595 (60.6) 387 (39.4) 32 1014 982 DE-W 608 (60.4) 398 (39.6) 36 1042 1006 DK 670 (68.1) 314 (31.9) 15 999 984 ES 499 (54.8) 412 (45.2) 89 1000 911 FI 708 (71.1) 288 (28.9) 15 1011 996 FR 578 (56.0) 454 (44.0) 19 1051 1032 GB-GBN 925 (92.8) 72 (7.2) 7 1004 997 GB-NIR 297 (96.1) 12 (3.9) 1 310 309 GR 647 (65.1) 347 (34.9) 6 1000 994 IE 925 (92.9) 71 (7.1) 5 1001 996 IT 461 (47.3) 514 (52.7) 25 1000 975 LU 397 (67.5) 191 (32.5) 17 605 588 NL 804 (79.4) 209 (20.6) 10 1023 1013 PT 410 (41.6) 576 (58.4) 15 1001 986 SE 455 (46.7) 520 (53.3) 25 1000 975 N Sum 10166 5586 370 16122 N Valid Sum 10166 5586 15752 printed 25.01.2012 page 542 Eurobarometer 60.0 - September 2003,GESIS Variable Report,568,ZA3937
v503,v503 1 2 3 N Sum N Valid Sum,Q89 DISABILITY AWARE: ASTHMA,isocntry M AT 892 (87.9) 123 (12.1) 16 1031 1015 BE 635 (62.4) 383 (37.6) 12 1030 1018 DE-E 581 (58.9) 405 (41.1) 28 1014 986 DE-W 606 (60.6) 394 (39.4) 42 1042 1000 DK 659 (67.5) 318 (32.5) 23 1000 977 ES 541 (58.4) 385 (41.6) 74 1000 926 FI 845 (84.2) 158 (15.8) 8 1011 1003 FR 743 (71.3) 299 (28.7) 10 1052 1042 GB-GBN 931 (93.4) 66 (6.6) 7 1004 997 GB-NIR 295 (95.8) 13 (4.2) 2 310 308 GR 673 (67.6) 323 (32.4) 5 1001 996 IE 904 (90.9) 90 (9.1) 7 1001 994 IT 480 (49.0) 499 (51.0) 21 1000 979 LU 472 (79.5) 122 (20.5) 12 606 594 NL 836 (82.1) 182 (17.9) 5 1023 1018 PT 576 (58.1) 416 (41.9) 8 1000 992 SE 801 (80.7) 191 (19.3) 8 1000 992 N Sum 11470 4367 288 16125 N Valid Sum 11470 4367 15837 printed 25.01.2012 page 543 Eurobarometer 60.0 - September 2003,isocntry M AT 892 (87.9) 123 (12.1) 16 1031 1015 BE 635 (62.4) 383 (37.6) 12 1030 1018 DE-E 581 (58.9) 405 (41.1) 28 1014 986 DE-W 606 (60.6) 394 (39.4) 42 1042 1000 DK 659 (67.5) 318 (32.5) 23 1000 977 ES 541 (58.4) 385 (41.6) 74 1000 926 FI 845 (84.2) 158 (15.8) 8 1011 1003 FR 743 (71.3) 299 (28.7) 10 1052 1042 GB-GBN 931 (93.4) 66 (6.6) 7 1004 997 GB-NIR 295 (95.8) 13 (4.2) 2 310 308 GR 673 (67.6) 323 (32.4) 5 1001 996 IE 904 (90.9) 90 (9.1) 7 1001 994 IT 480 (49.0) 499 (51.0) 21 1000 979 LU 472 (79.5) 122 (20.5) 12 606 594 NL 836 (82.1) 182 (17.9) 5 1023 1018 PT 576 (58.1) 416 (41.9) 8 1000 992 SE 801 (80.7) 191 (19.3) 8 1000 992 N Sum 11470 4367 288 16125 N Valid Sum 11470 4367 15837 printed 25.01.2012 page 543 Eurobarometer 60.0 - September 2003,GESIS Variable Report,569,ZA3937
v504,v504 1 2 3 N Sum N Valid Sum,Q89 DISABILITY AWARE: CANCER,isocntry M AT 916 (90.2) 99 (9.8) 16 1031 1015 BE 727 (71.1) 296 (28.9) 7 1030 1023 DE-E 616 (62.7) 367 (37.3) 32 1015 983 DE-W 604 (60.6) 392 (39.4) 46 1042 996 DK 702 (71.5) 280 (28.5) 18 1000 982 ES 533 (57.1) 400 (42.9) 67 1000 933 FI 759 (75.7) 244 (24.3) 9 1012 1003 FR 806 (77.3) 237 (22.7) 7 1050 1043 GB-GBN 914 (91.9) 81 (8.1) 9 1004 995 GB-NIR 294 (95.8) 13 (4.2) 3 310 307 GR 779 (78.2) 217 (21.8) 4 1000 996 IE 909 (91.4) 86 (8.6) 6 1001 995 IT 539 (54.8) 445 (45.2) 17 1001 984 LU 482 (81.0) 113 (19.0) 11 606 595 NL 887 (87.0) 133 (13.0) 3 1023 1020 PT 565 (57.1) 425 (42.9) 10 1000 990 SE 762 (76.8) 230 (23.2) 9 1001 992 N Sum 11794 4058 274 16126 N Valid Sum 11794 4058 15852 printed 25.01.2012 page 544 Eurobarometer 60.0 - September 2003,isocntry M AT 916 (90.2) 99 (9.8) 16 1031 1015 BE 727 (71.1) 296 (28.9) 7 1030 1023 DE-E 616 (62.7) 367 (37.3) 32 1015 983 DE-W 604 (60.6) 392 (39.4) 46 1042 996 DK 702 (71.5) 280 (28.5) 18 1000 982 ES 533 (57.1) 400 (42.9) 67 1000 933 FI 759 (75.7) 244 (24.3) 9 1012 1003 FR 806 (77.3) 237 (22.7) 7 1050 1043 GB-GBN 914 (91.9) 81 (8.1) 9 1004 995 GB-NIR 294 (95.8) 13 (4.2) 3 310 307 GR 779 (78.2) 217 (21.8) 4 1000 996 IE 909 (91.4) 86 (8.6) 6 1001 995 IT 539 (54.8) 445 (45.2) 17 1001 984 LU 482 (81.0) 113 (19.0) 11 606 595 NL 887 (87.0) 133 (13.0) 3 1023 1020 PT 565 (57.1) 425 (42.9) 10 1000 990 SE 762 (76.8) 230 (23.2) 9 1001 992 N Sum 11794 4058 274 16126 N Valid Sum 11794 4058 15852 printed 25.01.2012 page 544 Eurobarometer 60.0 - September 2003,GESIS Variable Report,570,ZA3937
v505,v505 1 2 3 N Sum N Valid Sum,Q89 DISABILITY AWARE: DIABETES,isocntry M AT 878 (86.5) 137 (13.5) 16 1031 1015 BE 654 (63.9) 369 (36.1) 7 1030 1023 DE-E 685 (69.3) 303 (30.7) 25 1013 988 DE-W 651 (64.8) 354 (35.2) 38 1043 1005 DK 624 (63.9) 352 (36.1) 24 1000 976 ES 555 (59.9) 372 (40.1) 73 1000 927 FI 840 (83.8) 162 (16.2) 9 1011 1002 FR 762 (73.3) 278 (26.7) 12 1052 1040 GB-GBN 903 (90.5) 95 (9.5) 6 1004 998 GB-NIR 290 (94.2) 18 (5.8) 2 310 308 GR 685 (68.8) 310 (31.2) 6 1001 995 IE 859 (86.7) 132 (13.3) 10 1001 991 IT 499 (50.8) 484 (49.2) 17 1000 983 LU 463 (77.8) 132 (22.2) 11 606 595 NL 829 (81.0) 194 (19.0) 1023 1023 PT 632 (63.5) 363 (36.5) 5 1000 995 SE 795 (80.1) 197 (19.9) 8 1000 992 N Sum 11604 4252 269 16125 N Valid Sum 11604 4252 15856 printed 25.01.2012 page 545 Eurobarometer 60.0 - September 2003,isocntry M AT 878 (86.5) 137 (13.5) 16 1031 1015 BE 654 (63.9) 369 (36.1) 7 1030 1023 DE-E 685 (69.3) 303 (30.7) 25 1013 988 DE-W 651 (64.8) 354 (35.2) 38 1043 1005 DK 624 (63.9) 352 (36.1) 24 1000 976 ES 555 (59.9) 372 (40.1) 73 1000 927 FI 840 (83.8) 162 (16.2) 9 1011 1002 FR 762 (73.3) 278 (26.7) 12 1052 1040 GB-GBN 903 (90.5) 95 (9.5) 6 1004 998 GB-NIR 290 (94.2) 18 (5.8) 2 310 308 GR 685 (68.8) 310 (31.2) 6 1001 995 IE 859 (86.7) 132 (13.3) 10 1001 991 IT 499 (50.8) 484 (49.2) 17 1000 983 LU 463 (77.8) 132 (22.2) 11 606 595 NL 829 (81.0) 194 (19.0) 1023 1023 PT 632 (63.5) 363 (36.5) 5 1000 995 SE 795 (80.1) 197 (19.9) 8 1000 992 N Sum 11604 4252 269 16125 N Valid Sum 11604 4252 15856 printed 25.01.2012 page 545 Eurobarometer 60.0 - September 2003,GESIS Variable Report,571,ZA3937
v506,v506 1 2 3 N Sum N Valid Sum,Q89 DISABILITY AWARE: EPILEPSY,isocntry M AT 690 (68.8) 313 (31.2) 28 1031 1003 BE 465 (45.9) 549 (54.1) 15 1029 1014 DE-E 283 (29.4) 681 (70.6) 51 1015 964 DE-W 293 (29.7) 693 (70.3) 56 1042 986 DK 440 (46.2) 513 (53.8) 48 1001 953 ES 330 (36.9) 565 (63.1) 105 1000 895 FI 594 (59.6) 402 (40.4) 15 1011 996 FR 479 (46.1) 559 (53.9) 13 1051 1038 GB-GBN 851 (86.0) 139 (14.0) 14 1004 990 GB-NIR 261 (84.5) 48 (15.5) 1 310 309 GR 513 (51.7) 480 (48.3) 7 1000 993 IE 786 (79.3) 205 (20.7) 10 1001 991 IT 317 (32.8) 649 (67.2) 34 1000 966 LU 382 (64.4) 211 (35.6) 13 606 593 NL 626 (61.9) 386 (38.1) 11 1023 1012 PT 382 (38.7) 604 (61.3) 14 1000 986 SE 565 (57.6) 416 (42.4) 19 1000 981 N Sum 8257 7413 454 16124 N Valid Sum 8257 7413 15670 printed 25.01.2012 page 546 Eurobarometer 60.0 - September 2003,isocntry M AT 690 (68.8) 313 (31.2) 28 1031 1003 BE 465 (45.9) 549 (54.1) 15 1029 1014 DE-E 283 (29.4) 681 (70.6) 51 1015 964 DE-W 293 (29.7) 693 (70.3) 56 1042 986 DK 440 (46.2) 513 (53.8) 48 1001 953 ES 330 (36.9) 565 (63.1) 105 1000 895 FI 594 (59.6) 402 (40.4) 15 1011 996 FR 479 (46.1) 559 (53.9) 13 1051 1038 GB-GBN 851 (86.0) 139 (14.0) 14 1004 990 GB-NIR 261 (84.5) 48 (15.5) 1 310 309 GR 513 (51.7) 480 (48.3) 7 1000 993 IE 786 (79.3) 205 (20.7) 10 1001 991 IT 317 (32.8) 649 (67.2) 34 1000 966 LU 382 (64.4) 211 (35.6) 13 606 593 NL 626 (61.9) 386 (38.1) 11 1023 1012 PT 382 (38.7) 604 (61.3) 14 1000 986 SE 565 (57.6) 416 (42.4) 19 1000 981 N Sum 8257 7413 454 16124 N Valid Sum 8257 7413 15670 printed 25.01.2012 page 546 Eurobarometer 60.0 - September 2003,GESIS Variable Report,572,ZA3937
v507,v507 1 2 3 N Sum N Valid Sum,Q89 DISABILITY AWARE: BRAIN INJURY,isocntry M AT 647 (65.1) 347 (34.9) 37 1031 994 BE 320 (31.8) 687 (68.2) 22 1029 1007 DE-E 185 (19.4) 768 (80.6) 61 1014 953 DE-W 205 (21.2) 764 (78.8) 73 1042 969 DK 355 (38.0) 579 (62.0) 66 1000 934 ES 281 (31.8) 604 (68.2) 115 1000 885 FI 363 (36.9) 620 (63.1) 28 1011 983 FR 331 (32.5) 688 (67.5) 32 1051 1019 GB-GBN 732 (74.5) 251 (25.5) 21 1004 983 GB-NIR 233 (76.1) 73 (23.9) 3 309 306 GR 350 (35.3) 641 (64.7) 9 1000 991 IE 695 (70.8) 287 (29.2) 20 1002 982 IT 249 (26.0) 709 (74.0) 42 1000 958 LU 317 (53.8) 272 (46.2) 17 606 589 NL 520 (51.6) 488 (48.4) 15 1023 1008 PT 294 (29.8) 692 (70.2) 14 1000 986 SE 379 (39.0) 592 (61.0) 29 1000 971 N Sum 6456 9062 604 16122 N Valid Sum 6456 9062 15518 printed 25.01.2012 page 547 Eurobarometer 60.0 - September 2003,isocntry M AT 647 (65.1) 347 (34.9) 37 1031 994 BE 320 (31.8) 687 (68.2) 22 1029 1007 DE-E 185 (19.4) 768 (80.6) 61 1014 953 DE-W 205 (21.2) 764 (78.8) 73 1042 969 DK 355 (38.0) 579 (62.0) 66 1000 934 ES 281 (31.8) 604 (68.2) 115 1000 885 FI 363 (36.9) 620 (63.1) 28 1011 983 FR 331 (32.5) 688 (67.5) 32 1051 1019 GB-GBN 732 (74.5) 251 (25.5) 21 1004 983 GB-NIR 233 (76.1) 73 (23.9) 3 309 306 GR 350 (35.3) 641 (64.7) 9 1000 991 IE 695 (70.8) 287 (29.2) 20 1002 982 IT 249 (26.0) 709 (74.0) 42 1000 958 LU 317 (53.8) 272 (46.2) 17 606 589 NL 520 (51.6) 488 (48.4) 15 1023 1008 PT 294 (29.8) 692 (70.2) 14 1000 986 SE 379 (39.0) 592 (61.0) 29 1000 971 N Sum 6456 9062 604 16122 N Valid Sum 6456 9062 15518 printed 25.01.2012 page 547 Eurobarometer 60.0 - September 2003,GESIS Variable Report,573,ZA3937
v508,v508 1 2 3 N Sum N Valid Sum,Q89 DISABILITY AWARE: ALZHEIMER,isocntry M AT 762 (75.6) 246 (24.4) 23 1031 1008 BE 481 (47.1) 540 (52.9) 9 1030 1021 DE-E 361 (37.3) 608 (62.7) 45 1014 969 DE-W 413 (41.6) 580 (58.4) 50 1043 993 DK 356 (37.9) 583 (62.1) 61 1000 939 ES 406 (44.7) 503 (55.3) 91 1000 909 FI 494 (49.9) 496 (50.1) 21 1011 990 FR 624 (60.4) 409 (39.6) 19 1052 1033 GB-GBN 813 (82.4) 174 (17.6) 17 1004 987 GB-NIR 260 (84.1) 49 (15.9) 1 310 309 GR 475 (48.0) 515 (52.0) 10 1000 990 IE 806 (81.4) 184 (18.6) 11 1001 990 IT 342 (35.3) 627 (64.7) 31 1000 969 LU 410 (69.0) 184 (31.0) 13 607 594 NL 606 (60.4) 398 (39.6) 19 1023 1004 PT 304 (30.7) 686 (69.3) 10 1000 990 SE 531 (54.1) 451 (45.9) 18 1000 982 N Sum 8444 7233 449 16126 N Valid Sum 8444 7233 15677 printed 25.01.2012 page 548 Eurobarometer 60.0 - September 2003,isocntry M AT 762 (75.6) 246 (24.4) 23 1031 1008 BE 481 (47.1) 540 (52.9) 9 1030 1021 DE-E 361 (37.3) 608 (62.7) 45 1014 969 DE-W 413 (41.6) 580 (58.4) 50 1043 993 DK 356 (37.9) 583 (62.1) 61 1000 939 ES 406 (44.7) 503 (55.3) 91 1000 909 FI 494 (49.9) 496 (50.1) 21 1011 990 FR 624 (60.4) 409 (39.6) 19 1052 1033 GB-GBN 813 (82.4) 174 (17.6) 17 1004 987 GB-NIR 260 (84.1) 49 (15.9) 1 310 309 GR 475 (48.0) 515 (52.0) 10 1000 990 IE 806 (81.4) 184 (18.6) 11 1001 990 IT 342 (35.3) 627 (64.7) 31 1000 969 LU 410 (69.0) 184 (31.0) 13 607 594 NL 606 (60.4) 398 (39.6) 19 1023 1004 PT 304 (30.7) 686 (69.3) 10 1000 990 SE 531 (54.1) 451 (45.9) 18 1000 982 N Sum 8444 7233 449 16126 N Valid Sum 8444 7233 15677 printed 25.01.2012 page 548 Eurobarometer 60.0 - September 2003,GESIS Variable Report,574,ZA3937
v509,v509 1 2 3 N Sum N Valid Sum,Q89 DISABILITY AWARE: PARKINSON,isocntry M AT 741 (73.4) 268 (26.6) 21 1030 1009 BE 482 (47.3) 538 (52.7) 10 1030 1020 DE-E 284 (29.4) 682 (70.6) 48 1014 966 DE-W 366 (36.8) 628 (63.2) 48 1042 994 DK 380 (40.3) 562 (59.7) 59 1001 942 ES 377 (41.9) 523 (58.1) 101 1001 900 FI 495 (49.8) 498 (50.2) 18 1011 993 FR 543 (52.4) 494 (47.6) 14 1051 1037 GB-GBN 786 (79.7) 200 (20.3) 18 1004 986 GB-NIR 252 (81.6) 57 (18.4) 1 310 309 GR 520 (52.4) 473 (47.6) 6 999 993 IE 721 (73.3) 262 (26.7) 18 1001 983 IT 342 (35.1) 633 (64.9) 24 999 975 LU 390 (66.0) 201 (34.0) 15 606 591 NL 573 (57.0) 432 (43.0) 19 1024 1005 PT 282 (28.6) 704 (71.4) 13 999 986 SE 508 (51.7) 475 (48.3) 18 1001 983 N Sum 8042 7630 451 16123 N Valid Sum 8042 7630 15672 printed 25.01.2012 page 549 Eurobarometer 60.0 - September 2003,isocntry M AT 741 (73.4) 268 (26.6) 21 1030 1009 BE 482 (47.3) 538 (52.7) 10 1030 1020 DE-E 284 (29.4) 682 (70.6) 48 1014 966 DE-W 366 (36.8) 628 (63.2) 48 1042 994 DK 380 (40.3) 562 (59.7) 59 1001 942 ES 377 (41.9) 523 (58.1) 101 1001 900 FI 495 (49.8) 498 (50.2) 18 1011 993 FR 543 (52.4) 494 (47.6) 14 1051 1037 GB-GBN 786 (79.7) 200 (20.3) 18 1004 986 GB-NIR 252 (81.6) 57 (18.4) 1 310 309 GR 520 (52.4) 473 (47.6) 6 999 993 IE 721 (73.3) 262 (26.7) 18 1001 983 IT 342 (35.1) 633 (64.9) 24 999 975 LU 390 (66.0) 201 (34.0) 15 606 591 NL 573 (57.0) 432 (43.0) 19 1024 1005 PT 282 (28.6) 704 (71.4) 13 999 986 SE 508 (51.7) 475 (48.3) 18 1001 983 N Sum 8042 7630 451 16123 N Valid Sum 8042 7630 15672 printed 25.01.2012 page 549 Eurobarometer 60.0 - September 2003,GESIS Variable Report,575,ZA3937
v510,v510 1 2 3 N Sum N Valid Sum,Q89 DISABILITY AWARE: MENTAL RETARD,isocntry M AT 745 (74.7) 252 (25.3) 34 1031 997 BE 390 (38.8) 615 (61.2) 25 1030 1005 DE-E 265 (27.7) 691 (72.3) 58 1014 956 DE-W 279 (28.9) 687 (71.1) 77 1043 966 DK 338 (36.3) 594 (63.7) 67 999 932 ES 413 (45.1) 503 (54.9) 83 999 916 FI 618 (62.6) 370 (37.4) 23 1011 988 FR 436 (42.5) 591 (57.5) 24 1051 1027 GB-GBN 773 (78.8) 208 (21.2) 23 1004 981 GB-NIR 244 (79.0) 65 (21.0) 1 310 309 GR 486 (49.0) 506 (51.0) 8 1000 992 IE 751 (76.9) 226 (23.1) 24 1001 977 IT 324 (33.4) 645 (66.6) 32 1001 969 LU 359 (60.7) 232 (39.3) 15 606 591 NL 599 (59.5) 408 (40.5) 16 1023 1007 PT 421 (42.7) 566 (57.3) 13 1000 987 SE 493 (50.5) 484 (49.5) 23 1000 977 N Sum 7934 7643 546 16123 N Valid Sum 7934 7643 15577 printed 25.01.2012 page 550 Eurobarometer 60.0 - September 2003,isocntry M AT 745 (74.7) 252 (25.3) 34 1031 997 BE 390 (38.8) 615 (61.2) 25 1030 1005 DE-E 265 (27.7) 691 (72.3) 58 1014 956 DE-W 279 (28.9) 687 (71.1) 77 1043 966 DK 338 (36.3) 594 (63.7) 67 999 932 ES 413 (45.1) 503 (54.9) 83 999 916 FI 618 (62.6) 370 (37.4) 23 1011 988 FR 436 (42.5) 591 (57.5) 24 1051 1027 GB-GBN 773 (78.8) 208 (21.2) 23 1004 981 GB-NIR 244 (79.0) 65 (21.0) 1 310 309 GR 486 (49.0) 506 (51.0) 8 1000 992 IE 751 (76.9) 226 (23.1) 24 1001 977 IT 324 (33.4) 645 (66.6) 32 1001 969 LU 359 (60.7) 232 (39.3) 15 606 591 NL 599 (59.5) 408 (40.5) 16 1023 1007 PT 421 (42.7) 566 (57.3) 13 1000 987 SE 493 (50.5) 484 (49.5) 23 1000 977 N Sum 7934 7643 546 16123 N Valid Sum 7934 7643 15577 printed 25.01.2012 page 550 Eurobarometer 60.0 - September 2003,GESIS Variable Report,576,ZA3937
v511,v511 1 2 3 N Sum N Valid Sum,Q89 DISABILITY AWARE: PSYCHIATRIC,isocntry M AT 685 (68.8) 310 (31.2) 37 1032 995 BE 332 (33.2) 667 (66.8) 31 1030 999 DE-E 322 (33.4) 641 (66.6) 50 1013 963 DE-W 321 (33.1) 650 (66.9) 72 1043 971 DK 434 (46.0) 510 (54.0) 57 1001 944 ES 345 (38.5) 552 (61.5) 103 1000 897 FI 436 (44.7) 539 (55.3) 37 1012 975 FR 361 (35.2) 665 (64.8) 25 1051 1026 GB-GBN 772 (78.2) 215 (21.8) 17 1004 987 GB-NIR 226 (73.4) 82 (26.6) 2 310 308 GR 465 (46.9) 527 (53.1) 7 999 992 IE 732 (74.8) 247 (25.2) 23 1002 979 IT 247 (25.8) 709 (74.2) 44 1000 956 LU 332 (56.3) 258 (43.7) 16 606 590 NL 514 (51.3) 488 (48.7) 22 1024 1002 PT 318 (32.4) 664 (67.6) 18 1000 982 SE 492 (50.5) 483 (49.5) 25 1000 975 N Sum 7334 8207 586 16127 N Valid Sum 7334 8207 15541 printed 25.01.2012 page 551 Eurobarometer 60.0 - September 2003,isocntry M AT 685 (68.8) 310 (31.2) 37 1032 995 BE 332 (33.2) 667 (66.8) 31 1030 999 DE-E 322 (33.4) 641 (66.6) 50 1013 963 DE-W 321 (33.1) 650 (66.9) 72 1043 971 DK 434 (46.0) 510 (54.0) 57 1001 944 ES 345 (38.5) 552 (61.5) 103 1000 897 FI 436 (44.7) 539 (55.3) 37 1012 975 FR 361 (35.2) 665 (64.8) 25 1051 1026 GB-GBN 772 (78.2) 215 (21.8) 17 1004 987 GB-NIR 226 (73.4) 82 (26.6) 2 310 308 GR 465 (46.9) 527 (53.1) 7 999 992 IE 732 (74.8) 247 (25.2) 23 1002 979 IT 247 (25.8) 709 (74.2) 44 1000 956 LU 332 (56.3) 258 (43.7) 16 606 590 NL 514 (51.3) 488 (48.7) 22 1024 1002 PT 318 (32.4) 664 (67.6) 18 1000 982 SE 492 (50.5) 483 (49.5) 25 1000 975 N Sum 7334 8207 586 16127 N Valid Sum 7334 8207 15541 printed 25.01.2012 page 551 Eurobarometer 60.0 - September 2003,GESIS Variable Report,577,ZA3937
v512,,Q90 DISABLITITIES - POPULATION SHARE,,Q90 DISABLITITIES - POPULATION SHARE,GESIS Variable Report,578,ZA3937
v513,,Q91 EURO CURRENCY FEEL - PERS PLEASED,,Q91 EURO CURRENCY FEEL - PERS PLEASED,GESIS Variable Report,579,ZA3937
v514,,Q92 EURO CURRENCY FEEL - MORE EUROPEAN,,Q92 EURO CURRENCY FEEL - MORE EUROPEAN,GESIS Variable Report,580,ZA3937
v515,,D1 LEFT-RIGHT PLACEMENT,,D1 LEFT-RIGHT PLACEMENT,GESIS Variable Report,581,ZA3937
v516,v516 1 2 3 4 N Sum N Valid Sum,D1 LEFT-RIGHT PLACEMENT - RECODED 3 CAT,isocntry M AT 200 (27.8) 351 (48.8) 168 (23.4) 313 1032 719 BE 235 (31.1) 328 (43.4) 192 (25.4) 275 1030 755 DE-E 292 (37.4) 399 (51.1) 90 (11.5) 233 1014 781 DE-W 218 (27.0) 395 (48.9) 195 (24.1) 234 1042 808 DK 263 (28.8) 342 (37.4) 309 (33.8) 87 1001 914 ES 328 (45.2) 288 (39.7) 109 (15.0) 274 999 725 FI 247 (30.5) 343 (42.4) 219 (27.1) 202 1011 809 FR 328 (40.7) 266 (33.0) 212 (26.3) 245 1051 806 GB-GBN 224 (29.5) 391 (51.5) 144 (19.0) 244 1003 759 GB-NIR 40 (16.8) 159 (66.8) 39 (16.4) 72 310 238 GR 122 (20.9) 308 (52.6) 155 (26.5) 414 999 585 IE 150 (21.7) 369 (53.5) 171 (24.8) 311 1001 690 IT 264 (41.9) 193 (30.6) 173 (27.5) 370 1000 630 LU 128 (29.1) 251 (57.0) 61 (13.9) 167 607 440 NL 339 (34.6) 395 (40.3) 247 (25.2) 42 1023 981 PT 230 (32.6) 293 (41.5) 183 (25.9) 294 1000 706 SE 342 (37.2) 314 (34.1) 264 (28.7) 81 1001 920 N Sum 3950 5385 2931 3858 16124 N Valid Sum 3950 5385 2931 12266 printed 25.01.2012 page 557 Eurobarometer 60.0 - September 2003,isocntry M AT 200 (27.8) 351 (48.8) 168 (23.4) 313 1032 719 BE 235 (31.1) 328 (43.4) 192 (25.4) 275 1030 755 DE-E 292 (37.4) 399 (51.1) 90 (11.5) 233 1014 781 DE-W 218 (27.0) 395 (48.9) 195 (24.1) 234 1042 808 DK 263 (28.8) 342 (37.4) 309 (33.8) 87 1001 914 ES 328 (45.2) 288 (39.7) 109 (15.0) 274 999 725 FI 247 (30.5) 343 (42.4) 219 (27.1) 202 1011 809 FR 328 (40.7) 266 (33.0) 212 (26.3) 245 1051 806 GB-GBN 224 (29.5) 391 (51.5) 144 (19.0) 244 1003 759 GB-NIR 40 (16.8) 159 (66.8) 39 (16.4) 72 310 238 GR 122 (20.9) 308 (52.6) 155 (26.5) 414 999 585 IE 150 (21.7) 369 (53.5) 171 (24.8) 311 1001 690 IT 264 (41.9) 193 (30.6) 173 (27.5) 370 1000 630 LU 128 (29.1) 251 (57.0) 61 (13.9) 167 607 440 NL 339 (34.6) 395 (40.3) 247 (25.2) 42 1023 981 PT 230 (32.6) 293 (41.5) 183 (25.9) 294 1000 706 SE 342 (37.2) 314 (34.1) 264 (28.7) 81 1001 920 N Sum 3950 5385 2931 3858 16124 N Valid Sum 3950 5385 2931 12266 printed 25.01.2012 page 557 Eurobarometer 60.0 - September 2003,GESIS Variable Report,583,ZA3937
v517,,D1 LEFT-RIGHT PLACEMENT - RECODED 5 CAT,,D1 LEFT-RIGHT PLACEMENT - RECODED 5 CAT,GESIS Variable Report,584,ZA3937
v518,,D7 MARITAL STATUS,,D7 MARITAL STATUS,GESIS Variable Report,585,ZA3937
v519,,D8 AGE EDUCATION,,D8 AGE EDUCATION,GESIS Variable Report,586,ZA3937
v520,,D8 AGE EDUCATION - RECODED,,D8 AGE EDUCATION - RECODED,GESIS Variable Report,587,ZA3937
v521,v521 1 2 N Sum N Valid Sum,D10 GENDER,isocntry AT 494 (47.9) 537 (52.1) 1031 1031 BE 499 (48.4) 531 (51.6) 1030 1030 DE-E 489 (48.2) 525 (51.8) 1014 1014 DE-W 504 (48.3) 539 (51.7) 1043 1043 DK 490 (49.0) 510 (51.0) 1000 1000 ES 485 (48.5) 515 (51.5) 1000 1000 FI 488 (48.3) 523 (51.7) 1011 1011 FR 504 (48.0) 547 (52.0) 1051 1051 GB-GBN 482 (48.0) 522 (52.0) 1004 1004 GB-NIR 149 (48.1) 161 (51.9) 310 310 GR 489 (48.9) 511 (51.1) 1000 1000 IE 493 (49.3) 508 (50.7) 1001 1001 IT 481 (48.1) 519 (51.9) 1000 1000 LU 296 (48.8) 310 (51.2) 606 606 NL 502 (49.1) 521 (50.9) 1023 1023 PT 477 (47.7) 523 (52.3) 1000 1000 SE 490 (49.0) 510 (51.0) 1000 1000 N Sum 7812 8312 16124 N Valid Sum 7812 8312 16124 printed 25.01.2012 page 563 Eurobarometer 60.0 - September 2003,isocntry AT 494 (47.9) 537 (52.1) 1031 1031 BE 499 (48.4) 531 (51.6) 1030 1030 DE-E 489 (48.2) 525 (51.8) 1014 1014 DE-W 504 (48.3) 539 (51.7) 1043 1043 DK 490 (49.0) 510 (51.0) 1000 1000 ES 485 (48.5) 515 (51.5) 1000 1000 FI 488 (48.3) 523 (51.7) 1011 1011 FR 504 (48.0) 547 (52.0) 1051 1051 GB-GBN 482 (48.0) 522 (52.0) 1004 1004 GB-NIR 149 (48.1) 161 (51.9) 310 310 GR 489 (48.9) 511 (51.1) 1000 1000 IE 493 (49.3) 508 (50.7) 1001 1001 IT 481 (48.1) 519 (51.9) 1000 1000 LU 296 (48.8) 310 (51.2) 606 606 NL 502 (49.1) 521 (50.9) 1023 1023 PT 477 (47.7) 523 (52.3) 1000 1000 SE 490 (49.0) 510 (51.0) 1000 1000 N Sum 7812 8312 16124 N Valid Sum 7812 8312 16124 printed 25.01.2012 page 563 Eurobarometer 60.0 - September 2003,GESIS Variable Report,589,ZA3937
v522,,D11 AGE EXACT,,D11 AGE EXACT,GESIS Variable Report,590,ZA3937
v523,v523 1 2 3 4 N Sum N Valid Sum,D11 AGE RECODED - FOUR GROUPS,isocntry AT 145 (14.1) 300 (29.1) 256 (24.8) 330 (32.0) 1031 1031 BE 151 (14.7) 273 (26.5) 268 (26.0) 338 (32.8) 1030 1030 DE-E 146 (14.4) 282 (27.8) 239 (23.6) 347 (34.2) 1014 1014 DE-W 134 (12.8) 289 (27.7) 256 (24.5) 364 (34.9) 1043 1043 DK 139 (13.9) 275 (27.5) 260 (26.0) 325 (32.5) 999 999 ES 166 (16.6) 291 (29.1) 228 (22.8) 316 (31.6) 1001 1001 FI 157 (15.5) 246 (24.3) 288 (28.5) 320 (31.7) 1011 1011 FR 168 (16.0) 278 (26.4) 277 (26.3) 329 (31.3) 1052 1052 GB-GBN 151 (15.0) 273 (27.2) 251 (25.0) 329 (32.8) 1004 1004 GB-NIR 56 (18.1) 88 (28.4) 75 (24.2) 91 (29.4) 310 310 GR 175 (17.5) 270 (27.0) 220 (22.0) 334 (33.4) 999 999 IE 220 (22.0) 286 (28.6) 242 (24.2) 253 (25.3) 1001 1001 IT 133 (13.3) 278 (27.8) 239 (23.9) 350 (35.0) 1000 1000 LU 84 (13.8) 180 (29.7) 161 (26.5) 182 (30.0) 607 607 NL 149 (14.6) 296 (28.9) 280 (27.4) 298 (29.1) 1023 1023 PT 172 (17.2) 266 (26.6) 238 (23.8) 324 (32.4) 1000 1000 SE 141 (14.1) 255 (25.5) 249 (24.9) 354 (35.4) 999 999 N Sum 2487 4426 4027 5184 16124 N Valid Sum 2487 4426 4027 5184 16124 printed 25.01.2012 page 565 Eurobarometer 60.0 - September 2003,isocntry AT 145 (14.1) 300 (29.1) 256 (24.8) 330 (32.0) 1031 1031 BE 151 (14.7) 273 (26.5) 268 (26.0) 338 (32.8) 1030 1030 DE-E 146 (14.4) 282 (27.8) 239 (23.6) 347 (34.2) 1014 1014 DE-W 134 (12.8) 289 (27.7) 256 (24.5) 364 (34.9) 1043 1043 DK 139 (13.9) 275 (27.5) 260 (26.0) 325 (32.5) 999 999 ES 166 (16.6) 291 (29.1) 228 (22.8) 316 (31.6) 1001 1001 FI 157 (15.5) 246 (24.3) 288 (28.5) 320 (31.7) 1011 1011 FR 168 (16.0) 278 (26.4) 277 (26.3) 329 (31.3) 1052 1052 GB-GBN 151 (15.0) 273 (27.2) 251 (25.0) 329 (32.8) 1004 1004 GB-NIR 56 (18.1) 88 (28.4) 75 (24.2) 91 (29.4) 310 310 GR 175 (17.5) 270 (27.0) 220 (22.0) 334 (33.4) 999 999 IE 220 (22.0) 286 (28.6) 242 (24.2) 253 (25.3) 1001 1001 IT 133 (13.3) 278 (27.8) 239 (23.9) 350 (35.0) 1000 1000 LU 84 (13.8) 180 (29.7) 161 (26.5) 182 (30.0) 607 607 NL 149 (14.6) 296 (28.9) 280 (27.4) 298 (29.1) 1023 1023 PT 172 (17.2) 266 (26.6) 238 (23.8) 324 (32.4) 1000 1000 SE 141 (14.1) 255 (25.5) 249 (24.9) 354 (35.4) 999 999 N Sum 2487 4426 4027 5184 16124 N Valid Sum 2487 4426 4027 5184 16124 printed 25.01.2012 page 565 Eurobarometer 60.0 - September 2003,GESIS Variable Report,591,ZA3937
v524,,D11 AGE RECODED - SIX GROUPS,,D11 AGE RECODED - SIX GROUPS,GESIS Variable Report,592,ZA3937
v525,,D15A OCCUPATION OF RESPONDENT,,D15A OCCUPATION OF RESPONDENT,GESIS Variable Report,593,ZA3937
v526,,D15B OCCUPATION OF RESPONDENT - LAST JOB,,D15B OCCUPATION OF RESPONDENT - LAST JOB,GESIS Variable Report,595,ZA3937
v527,,D19 MAIN INCOME EARNER,,D19 MAIN INCOME EARNER,GESIS Variable Report,597,ZA3937
v528,IF CODE 2 AT D.19,D21A OCCUPATION OF HEAD OF HOUSEHOLD,What is the current occupation of the person who contributes most to the household income? NON-ACTIVE,What is the current occupation of the person who contributes most to the household income? NON-ACTIVE,GESIS Variable Report,598,ZA3937
v529,,D21B OCCUPATION OF HEAD OF HH - LAST JOB,,D21B OCCUPATION OF HEAD OF HH - LAST JOB,GESIS Variable Report,600,ZA3937
v530,,D25 TYPE OF COMMUNITY,,D25 TYPE OF COMMUNITY,GESIS Variable Report,602,ZA3937
v531,,D29 INCOME HH - FRANCE,,D29 INCOME HH - FRANCE,GESIS Variable Report,603,ZA3937
v532,,D29 INCOME HH - BELGIUM,,D29 INCOME HH - BELGIUM,GESIS Variable Report,605,ZA3937
v533,,D29 INCOME HH - NETHERLANDS,,D29 INCOME HH - NETHERLANDS,GESIS Variable Report,607,ZA3937
v534,,D29 INCOME HH - GERMANY WEST,,D29 INCOME HH - GERMANY WEST,GESIS Variable Report,609,ZA3937
v535,,D29 INCOME HH - ITALY,,D29 INCOME HH - ITALY,GESIS Variable Report,611,ZA3937
v536,,D29 INCOME HH - LUXEMBOURG,,D29 INCOME HH - LUXEMBOURG,GESIS Variable Report,613,ZA3937
v537,,D29 INCOME HH - DENMARK,,D29 INCOME HH - DENMARK,GESIS Variable Report,615,ZA3937
v538,,D29 INCOME HH - IRELAND,,D29 INCOME HH - IRELAND,GESIS Variable Report,617,ZA3937
v539,,D29 INCOME HH - GREAT BRITAIN,,D29 INCOME HH - GREAT BRITAIN,GESIS Variable Report,619,ZA3937
v540,,D29 INCOME HH - NORTHERN IRELAND,,D29 INCOME HH - NORTHERN IRELAND,GESIS Variable Report,621,ZA3937
v541,,D29 INCOME HH - GREECE,,D29 INCOME HH - GREECE,GESIS Variable Report,623,ZA3937
v542,,D29 INCOME HH - SPAIN,,D29 INCOME HH - SPAIN,GESIS Variable Report,625,ZA3937
v543,,D29 INCOME HH - PORTUGAL,,D29 INCOME HH - PORTUGAL,GESIS Variable Report,627,ZA3937
v544,,D29 INCOME HH - GERMANY EAST,,D29 INCOME HH - GERMANY EAST,GESIS Variable Report,629,ZA3937
v545,,D29 INCOME HH - FINLAND,,D29 INCOME HH - FINLAND,GESIS Variable Report,631,ZA3937
v546,,D29 INCOME HH - SWEDEN,,D29 INCOME HH - SWEDEN,GESIS Variable Report,633,ZA3937
v547,,D29 INCOME HH - AUSTRIA,,D29 INCOME HH - AUSTRIA,GESIS Variable Report,635,ZA3937
v548,,D29 INCOME HH - ALL INTEGRATED,,D29 INCOME HH - ALL INTEGRATED,GESIS Variable Report,637,ZA3937
v549,,D29 INCOME HH QUARTILES,,D29 INCOME HH QUARTILES,GESIS Variable Report,643,ZA3937
v550,,P1 DATE OF INTERVIEW,,P1 DATE OF INTERVIEW,GESIS Variable Report,644,ZA3937
v551,v551 1 2 3 4 5 6 N Sum N Valid Sum,P2 TIME OF INTERVIEW,isocntry AT 2 (0.2) 325 (31.5) 402 (39.0) 281 (27.3) 21 (2.0) 1031 1031 BE 4 (0.4) 323 (31.4) 388 (37.7) 235 (22.8) 80 (7.8) 1030 1030 DE-E 2 (0.2) 299 (29.5) 449 (44.3) 247 (24.4) 17 (1.7) 1014 1014 DE-W 296 (28.4) 451 (43.2) 277 (26.6) 19 (1.8) 1043 1043 DK 123 (12.3) 446 (44.6) 385 (38.5) 46 (4.6) 1000 1000 ES 350 (35.0) 293 (29.3) 277 (27.7) 80 (8.0) 1000 1000 FI 254 (25.1) 473 (46.8) 273 (27.0) 11 (1.1) 1011 1011 FR 273 (26.0) 372 (35.4) 376 (35.8) 30 (2.9) 1051 1051 GB-GBN 16 (1.6) 291 (29.0) 511 (50.9) 175 (17.4) 11 (1.1) 1004 1004 GB-NIR 77 (24.8) 168 (54.2) 53 (17.1) 12 (3.9) 310 310 GR 358 (35.8) 154 (15.4) 385 (38.5) 103 (10.3) 1000 1000 IE 7 (0.7) 210 (21.0) 537 (53.6) 204 (20.4) 40 (4.0) 3 (0.3) 1001 1001 IT 1 (0.1) 276 (27.6) 310 (31.0) 318 (31.8) 94 (9.4) 1 (0.1) 1000 1000 LU 118 (19.5) 246 (40.6) 184 (30.4) 58 (9.6) 606 606 NL 1 (0.1) 294 (28.7) 364 (35.6) 220 (21.5) 139 (13.6) 5 (0.5) 1023 1023 PT 346 (34.6) 378 (37.8) 247 (24.7) 29 (2.9) 1000 1000 SE 1 (0.1) 310 (31.0) 342 (34.2) 292 (29.2) 53 (5.3) 2 (0.2) 1000 1000 N Sum 34 4523 6284 4429 843 11 16124 N Valid Sum 34 4523 6284 4429 843 11 16124 printed 25.01.2012 page 620 Eurobarometer 60.0 - September 2003,isocntry AT 2 (0.2) 325 (31.5) 402 (39.0) 281 (27.3) 21 (2.0) 1031 1031 BE 4 (0.4) 323 (31.4) 388 (37.7) 235 (22.8) 80 (7.8) 1030 1030 DE-E 2 (0.2) 299 (29.5) 449 (44.3) 247 (24.4) 17 (1.7) 1014 1014 DE-W 296 (28.4) 451 (43.2) 277 (26.6) 19 (1.8) 1043 1043 DK 123 (12.3) 446 (44.6) 385 (38.5) 46 (4.6) 1000 1000 ES 350 (35.0) 293 (29.3) 277 (27.7) 80 (8.0) 1000 1000 FI 254 (25.1) 473 (46.8) 273 (27.0) 11 (1.1) 1011 1011 FR 273 (26.0) 372 (35.4) 376 (35.8) 30 (2.9) 1051 1051 GB-GBN 16 (1.6) 291 (29.0) 511 (50.9) 175 (17.4) 11 (1.1) 1004 1004 GB-NIR 77 (24.8) 168 (54.2) 53 (17.1) 12 (3.9) 310 310 GR 358 (35.8) 154 (15.4) 385 (38.5) 103 (10.3) 1000 1000 IE 7 (0.7) 210 (21.0) 537 (53.6) 204 (20.4) 40 (4.0) 3 (0.3) 1001 1001 IT 1 (0.1) 276 (27.6) 310 (31.0) 318 (31.8) 94 (9.4) 1 (0.1) 1000 1000 LU 118 (19.5) 246 (40.6) 184 (30.4) 58 (9.6) 606 606 NL 1 (0.1) 294 (28.7) 364 (35.6) 220 (21.5) 139 (13.6) 5 (0.5) 1023 1023 PT 346 (34.6) 378 (37.8) 247 (24.7) 29 (2.9) 1000 1000 SE 1 (0.1) 310 (31.0) 342 (34.2) 292 (29.2) 53 (5.3) 2 (0.2) 1000 1000 N Sum 34 4523 6284 4429 843 11 16124 N Valid Sum 34 4523 6284 4429 843 11 16124 printed 25.01.2012 page 620 Eurobarometer 60.0 - September 2003,GESIS Variable Report,646,ZA3937
v552,v552 2 3 4 5 6 7 N Sum N Valid Sum,P3 DURATION OF INTERVIEW - RECODED 7 CAT,isocntry AT 11 (1.1) 338 (32.8) 322 (31.2) 320 (31.0) 27 (2.6) 13 (1.3) 1031 1031 BE 58 (5.6) 391 (38.0) 403 (39.1) 119 (11.6) 20 (1.9) 39 (3.8) 1030 1030 DE-E 1 (0.1) 114 (11.2) 375 (37.0) 372 (36.7) 93 (9.2) 59 (5.8) 1014 1014 DE-W 9 (0.9) 142 (13.6) 442 (42.4) 336 (32.2) 66 (6.3) 48 (4.6) 1043 1043 DK 17 (1.7) 270 (27.0) 397 (39.7) 240 (24.0) 54 (5.4) 22 (2.2) 1000 1000 ES 20 (2.0) 552 (55.2) 324 (32.4) 87 (8.7) 9 (0.9) 8 (0.8) 1000 1000 FI 12 (1.2) 220 (21.8) 450 (44.5) 231 (22.8) 52 (5.1) 46 (4.5) 1011 1011 FR 10 (1.0) 509 (48.4) 425 (40.4) 49 (4.7) 58 (5.5) 1051 1051 GB-GBN 6 (0.6) 152 (15.1) 533 (53.1) 290 (28.9) 8 (0.8) 15 (1.5) 1004 1004 GB-NIR 58 (18.7) 189 (61.0) 57 (18.4) 4 (1.3) 2 (0.6) 310 310 GR 6 (0.6) 287 (28.7) 587 (58.7) 117 (11.7) 3 (0.3) 1000 1000 IE 123 (12.3) 466 (46.6) 278 (27.8) 120 (12.0) 13 (1.3) 1 (0.1) 1001 1001 IT 4 (0.4) 243 (24.3) 367 (36.7) 297 (29.7) 51 (5.1) 38 (3.8) 1000 1000 LU 10 (1.7) 94 (15.5) 211 (34.8) 179 (29.5) 44 (7.3) 68 (11.2) 606 606 NL 124 (12.1) 453 (44.3) 261 (25.5) 118 (11.5) 44 (4.3) 23 (2.2) 1023 1023 PT 77 (7.7) 661 (66.1) 229 (22.9) 30 (3.0) 3 (0.3) 1000 1000 SE 51 (5.1) 239 (23.9) 529 (52.9) 115 (11.5) 66 (6.6) 1000 1000 N Sum 478 4502 6116 3867 655 506 16124 N Valid Sum 478 4502 6116 3867 655 506 16124 printed 25.01.2012 page 621 Eurobarometer 60.0 - September 2003,isocntry AT 11 (1.1) 338 (32.8) 322 (31.2) 320 (31.0) 27 (2.6) 13 (1.3) 1031 1031 BE 58 (5.6) 391 (38.0) 403 (39.1) 119 (11.6) 20 (1.9) 39 (3.8) 1030 1030 DE-E 1 (0.1) 114 (11.2) 375 (37.0) 372 (36.7) 93 (9.2) 59 (5.8) 1014 1014 DE-W 9 (0.9) 142 (13.6) 442 (42.4) 336 (32.2) 66 (6.3) 48 (4.6) 1043 1043 DK 17 (1.7) 270 (27.0) 397 (39.7) 240 (24.0) 54 (5.4) 22 (2.2) 1000 1000 ES 20 (2.0) 552 (55.2) 324 (32.4) 87 (8.7) 9 (0.9) 8 (0.8) 1000 1000 FI 12 (1.2) 220 (21.8) 450 (44.5) 231 (22.8) 52 (5.1) 46 (4.5) 1011 1011 FR 10 (1.0) 509 (48.4) 425 (40.4) 49 (4.7) 58 (5.5) 1051 1051 GB-GBN 6 (0.6) 152 (15.1) 533 (53.1) 290 (28.9) 8 (0.8) 15 (1.5) 1004 1004 GB-NIR 58 (18.7) 189 (61.0) 57 (18.4) 4 (1.3) 2 (0.6) 310 310 GR 6 (0.6) 287 (28.7) 587 (58.7) 117 (11.7) 3 (0.3) 1000 1000 IE 123 (12.3) 466 (46.6) 278 (27.8) 120 (12.0) 13 (1.3) 1 (0.1) 1001 1001 IT 4 (0.4) 243 (24.3) 367 (36.7) 297 (29.7) 51 (5.1) 38 (3.8) 1000 1000 LU 10 (1.7) 94 (15.5) 211 (34.8) 179 (29.5) 44 (7.3) 68 (11.2) 606 606 NL 124 (12.1) 453 (44.3) 261 (25.5) 118 (11.5) 44 (4.3) 23 (2.2) 1023 1023 PT 77 (7.7) 661 (66.1) 229 (22.9) 30 (3.0) 3 (0.3) 1000 1000 SE 51 (5.1) 239 (23.9) 529 (52.9) 115 (11.5) 66 (6.6) 1000 1000 N Sum 478 4502 6116 3867 655 506 16124 N Valid Sum 478 4502 6116 3867 655 506 16124 printed 25.01.2012 page 621 Eurobarometer 60.0 - September 2003,GESIS Variable Report,647,ZA3937
v553,,P3 DURATION OF INTERVIEW - RECODED 12 CAT,,P3 DURATION OF INTERVIEW - RECODED 12 CAT,GESIS Variable Report,648,ZA3937
v554,v554 1 2 3 4 N Sum N Valid Sum,P4 N OF PERSONS PRESENT DURING INTERVIEW,isocntry AT 809 (78.5) 199 (19.3) 21 (2.0) 2 (0.2) 1031 1031 BE 794 (77.1) 194 (18.8) 28 (2.7) 14 (1.4) 1030 1030 DE-E 873 (86.1) 137 (13.5) 4 (0.4) 1014 1014 DE-W 872 (83.6) 157 (15.1) 12 (1.2) 2 (0.2) 1043 1043 DK 825 (82.5) 156 (15.6) 14 (1.4) 5 (0.5) 1000 1000 ES 849 (84.9) 141 (14.1) 8 (0.8) 2 (0.2) 1000 1000 FI 766 (75.8) 193 (19.1) 38 (3.8) 14 (1.4) 1011 1011 FR 823 (78.3) 193 (18.4) 24 (2.3) 11 (1.0) 1051 1051 GB-GBN 784 (78.1) 181 (18.0) 34 (3.4) 5 (0.5) 1004 1004 GB-NIR 253 (81.6) 50 (16.1) 7 (2.3) 310 310 GR 664 (66.4) 269 (26.9) 57 (5.7) 10 (1.0) 1000 1000 IE 826 (82.5) 144 (14.4) 27 (2.7) 4 (0.4) 1001 1001 IT 763 (76.3) 206 (20.6) 25 (2.5) 6 (0.6) 1000 1000 LU 459 (75.7) 109 (18.0) 30 (5.0) 8 (1.3) 606 606 NL 793 (77.5) 193 (18.9) 27 (2.6) 10 (1.0) 1023 1023 PT 888 (88.8) 100 (10.0) 11 (1.1) 1 (0.1) 1000 1000 SE 945 (94.5) 51 (5.1) 4 (0.4) 1000 1000 N Sum 12986 2673 371 94 16124 N Valid Sum 12986 2673 371 94 16124 printed 25.01.2012 page 624 Eurobarometer 60.0 - September 2003,isocntry AT 809 (78.5) 199 (19.3) 21 (2.0) 2 (0.2) 1031 1031 BE 794 (77.1) 194 (18.8) 28 (2.7) 14 (1.4) 1030 1030 DE-E 873 (86.1) 137 (13.5) 4 (0.4) 1014 1014 DE-W 872 (83.6) 157 (15.1) 12 (1.2) 2 (0.2) 1043 1043 DK 825 (82.5) 156 (15.6) 14 (1.4) 5 (0.5) 1000 1000 ES 849 (84.9) 141 (14.1) 8 (0.8) 2 (0.2) 1000 1000 FI 766 (75.8) 193 (19.1) 38 (3.8) 14 (1.4) 1011 1011 FR 823 (78.3) 193 (18.4) 24 (2.3) 11 (1.0) 1051 1051 GB-GBN 784 (78.1) 181 (18.0) 34 (3.4) 5 (0.5) 1004 1004 GB-NIR 253 (81.6) 50 (16.1) 7 (2.3) 310 310 GR 664 (66.4) 269 (26.9) 57 (5.7) 10 (1.0) 1000 1000 IE 826 (82.5) 144 (14.4) 27 (2.7) 4 (0.4) 1001 1001 IT 763 (76.3) 206 (20.6) 25 (2.5) 6 (0.6) 1000 1000 LU 459 (75.7) 109 (18.0) 30 (5.0) 8 (1.3) 606 606 NL 793 (77.5) 193 (18.9) 27 (2.6) 10 (1.0) 1023 1023 PT 888 (88.8) 100 (10.0) 11 (1.1) 1 (0.1) 1000 1000 SE 945 (94.5) 51 (5.1) 4 (0.4) 1000 1000 N Sum 12986 2673 371 94 16124 N Valid Sum 12986 2673 371 94 16124 printed 25.01.2012 page 624 Eurobarometer 60.0 - September 2003,GESIS Variable Report,650,ZA3937
v555,v555 1 2 3 4 N Sum N Valid Sum,P5 RESPONDENT COOPERATION,isocntry AT 664 (64.4) 219 (21.2) 136 (13.2) 12 (1.2) 1031 1031 BE 679 (65.9) 292 (28.3) 50 (4.9) 9 (0.9) 1030 1030 DE-E 538 (53.1) 337 (33.2) 128 (12.6) 11 (1.1) 1014 1014 DE-W 485 (46.5) 414 (39.7) 131 (12.6) 13 (1.2) 1043 1043 DK 637 (63.7) 249 (24.9) 101 (10.1) 13 (1.3) 1000 1000 ES 472 (47.2) 471 (47.1) 52 (5.2) 5 (0.5) 1000 1000 FI 769 (76.1) 200 (19.8) 35 (3.5) 7 (0.7) 1011 1011 FR 658 (62.6) 327 (31.1) 58 (5.5) 8 (0.8) 1051 1051 GB-GBN 716 (71.3) 183 (18.2) 97 (9.7) 8 (0.8) 1004 1004 GB-NIR 195 (62.9) 63 (20.3) 46 (14.8) 6 (1.9) 310 310 GR 484 (48.4) 413 (41.3) 86 (8.6) 17 (1.7) 1000 1000 IE 483 (48.3) 248 (24.8) 203 (20.3) 67 (6.7) 1001 1001 IT 464 (46.4) 432 (43.2) 91 (9.1) 13 (1.3) 1000 1000 LU 371 (61.2) 195 (32.2) 35 (5.8) 5 (0.8) 606 606 NL 699 (68.3) 305 (29.8) 15 (1.5) 4 (0.4) 1023 1023 PT 203 (20.3) 441 (44.1) 256 (25.6) 100 (10.0) 1000 1000 SE 879 (87.9) 94 (9.4) 24 (2.4) 3 (0.3) 1000 1000 N Sum 9396 4883 1544 301 16124 N Valid Sum 9396 4883 1544 301 16124 printed 25.01.2012 page 625 Eurobarometer 60.0 - September 2003,isocntry AT 664 (64.4) 219 (21.2) 136 (13.2) 12 (1.2) 1031 1031 BE 679 (65.9) 292 (28.3) 50 (4.9) 9 (0.9) 1030 1030 DE-E 538 (53.1) 337 (33.2) 128 (12.6) 11 (1.1) 1014 1014 DE-W 485 (46.5) 414 (39.7) 131 (12.6) 13 (1.2) 1043 1043 DK 637 (63.7) 249 (24.9) 101 (10.1) 13 (1.3) 1000 1000 ES 472 (47.2) 471 (47.1) 52 (5.2) 5 (0.5) 1000 1000 FI 769 (76.1) 200 (19.8) 35 (3.5) 7 (0.7) 1011 1011 FR 658 (62.6) 327 (31.1) 58 (5.5) 8 (0.8) 1051 1051 GB-GBN 716 (71.3) 183 (18.2) 97 (9.7) 8 (0.8) 1004 1004 GB-NIR 195 (62.9) 63 (20.3) 46 (14.8) 6 (1.9) 310 310 GR 484 (48.4) 413 (41.3) 86 (8.6) 17 (1.7) 1000 1000 IE 483 (48.3) 248 (24.8) 203 (20.3) 67 (6.7) 1001 1001 IT 464 (46.4) 432 (43.2) 91 (9.1) 13 (1.3) 1000 1000 LU 371 (61.2) 195 (32.2) 35 (5.8) 5 (0.8) 606 606 NL 699 (68.3) 305 (29.8) 15 (1.5) 4 (0.4) 1023 1023 PT 203 (20.3) 441 (44.1) 256 (25.6) 100 (10.0) 1000 1000 SE 879 (87.9) 94 (9.4) 24 (2.4) 3 (0.3) 1000 1000 N Sum 9396 4883 1544 301 16124 N Valid Sum 9396 4883 1544 301 16124 printed 25.01.2012 page 625 Eurobarometer 60.0 - September 2003,GESIS Variable Report,651,ZA3937
v556,,P6 SIZE OF COMMUNITY - FRANCE,,P6 SIZE OF COMMUNITY - FRANCE,GESIS Variable Report,652,ZA3937
v557,,P6 SIZE OF COMMUNITY - BELGIUM,,P6 SIZE OF COMMUNITY - BELGIUM,GESIS Variable Report,653,ZA3937
v558,,P6 SIZE OF COMMUNITY - NETHERLANDS,,P6 SIZE OF COMMUNITY - NETHERLANDS,GESIS Variable Report,654,ZA3937
v559,,P6 SIZE OF COMMUNITY - GERMANY WEST,,P6 SIZE OF COMMUNITY - GERMANY WEST,GESIS Variable Report,655,ZA3937
v560,,P6 SIZE OF COMMUNITY - ITALY,,P6 SIZE OF COMMUNITY - ITALY,GESIS Variable Report,656,ZA3937
v561,,P6 SIZE OF COMMUNITY - LUXEMBOURG,,P6 SIZE OF COMMUNITY - LUXEMBOURG,GESIS Variable Report,657,ZA3937
v562,,P6 SIZE OF COMMUNITY - DENMARK,,P6 SIZE OF COMMUNITY - DENMARK,GESIS Variable Report,658,ZA3937
v563,,P6 SIZE OF COMMUNITY - IRELAND,,P6 SIZE OF COMMUNITY - IRELAND,GESIS Variable Report,659,ZA3937
v564,,P6 SIZE OF COMMUNITY - GREAT BRITAIN,,P6 SIZE OF COMMUNITY - GREAT BRITAIN,GESIS Variable Report,660,ZA3937
v565,,P6 SIZE OF COMMUNITY - NORTHERN IRELAND,,P6 SIZE OF COMMUNITY - NORTHERN IRELAND,GESIS Variable Report,661,ZA3937
v566,,P6 SIZE OF COMMUNITY - GREECE,,P6 SIZE OF COMMUNITY - GREECE,GESIS Variable Report,662,ZA3937
v567,,P6 SIZE OF COMMUNITY - SPAIN,,P6 SIZE OF COMMUNITY - SPAIN,GESIS Variable Report,663,ZA3937
v568,,P6 SIZE OF COMMUNITY - PORTUGAL,,P6 SIZE OF COMMUNITY - PORTUGAL,GESIS Variable Report,664,ZA3937
v569,,P6 SIZE OF COMMUNITY - GERMANY EAST,,P6 SIZE OF COMMUNITY - GERMANY EAST,GESIS Variable Report,665,ZA3937
v570,,P6 SIZE OF COMMUNITY - FINLAND,,P6 SIZE OF COMMUNITY - FINLAND,GESIS Variable Report,666,ZA3937
v571,,P6 SIZE OF COMMUNITY - SWEDEN,,P6 SIZE OF COMMUNITY - SWEDEN,GESIS Variable Report,667,ZA3937
v572,,P6 SIZE OF COMMUNITY - AUSTRIA,,P6 SIZE OF COMMUNITY - AUSTRIA,GESIS Variable Report,668,ZA3937
v573,,P7 REGION I - FRANCE,,P7 REGION I - FRANCE,GESIS Variable Report,669,ZA3937
v574,,P7 REGION I - BELGIUM,,P7 REGION I - BELGIUM,GESIS Variable Report,671,ZA3937
v575,,P7 REGION I - NETHERLANDS,,P7 REGION I - NETHERLANDS,GESIS Variable Report,672,ZA3937
v576,,P7 REGION I - GERMANY,,P7 REGION I - GERMANY,GESIS Variable Report,673,ZA3937
v577,,P7 REGION I - ITALY,,P7 REGION I - ITALY,GESIS Variable Report,676,ZA3937
v578,,P7 REGION I - LUXEMBOURG,,P7 REGION I - LUXEMBOURG,GESIS Variable Report,678,ZA3937
v579,,P7 REGION I - DENMARK,,P7 REGION I - DENMARK,GESIS Variable Report,679,ZA3937
v580,,P7 REGION I - IRELAND,,P7 REGION I - IRELAND,GESIS Variable Report,680,ZA3937
v581,,P7 REGION I - UNITED KINGDOM,,P7 REGION I - UNITED KINGDOM,GESIS Variable Report,681,ZA3937
v582,,P7 REGION I - GREECE,,P7 REGION I - GREECE,GESIS Variable Report,683,ZA3937
v583,,P7 REGION I - SPAIN,,P7 REGION I - SPAIN,GESIS Variable Report,684,ZA3937
v584,,P7 REGION I - PORTUGAL,,P7 REGION I - PORTUGAL,GESIS Variable Report,686,ZA3937
v585,,P7 REGION I - FINLAND,,P7 REGION I - FINLAND,GESIS Variable Report,687,ZA3937
v586,,P7 REGION I - SWEDEN,,P7 REGION I - SWEDEN,GESIS Variable Report,689,ZA3937
v587,,P7 REGION I - AUSTRIA,,P7 REGION I - AUSTRIA,GESIS Variable Report,690,ZA3937
v588,,P7 REGION II - FRANCE,,P7 REGION II - FRANCE,GESIS Variable Report,691,ZA3937
v589,,P7 REGION II - BELGIUM,,P7 REGION II - BELGIUM,GESIS Variable Report,692,ZA3937
v590,,P7 REGION II - NETHERLANDS,,P7 REGION II - NETHERLANDS,GESIS Variable Report,693,ZA3937
v591,,P7 REGION II - GERMANY,,P7 REGION II - GERMANY,GESIS Variable Report,694,ZA3937
v592,,P7 REGION II - ITALY,,P7 REGION II - ITALY,GESIS Variable Report,696,ZA3937
v593,,P7 REGION II - IRELAND,,P7 REGION II - IRELAND,GESIS Variable Report,697,ZA3937
v594,,P7 REGION II - UNITED KINGDOM,,P7 REGION II - UNITED KINGDOM,GESIS Variable Report,698,ZA3937
v595,,P7 REGION II - GREECE,,P7 REGION II - GREECE,GESIS Variable Report,699,ZA3937
v596,,P7 REGION II - SPAIN (10 CATEGORIES),,P7 REGION II - SPAIN (10 CATEGORIES),GESIS Variable Report,700,ZA3937
v597,,P7 REGION II - SPAIN (7 CATEGORIES),,P7 REGION II - SPAIN (7 CATEGORIES),GESIS Variable Report,701,ZA3937
v598,,P7 REGION II - FINLAND,,P7 REGION II - FINLAND,GESIS Variable Report,702,ZA3937
v599,,P7 REGION II - AUSTRIA,,P7 REGION II - AUSTRIA,GESIS Variable Report,703,ZA3937
v600,v600 1 2 N Sum N Valid Sum,P12A TELEPHONE IN HH - FIXED,isocntry AT 699 (67.8) 332 (32.2) 1031 1031 BE 711 (69.0) 319 (31.0) 1030 1030 DE-E 841 (82.9) 173 (17.1) 1014 1014 DE-W 965 (92.6) 77 (7.4) 1042 1042 DK 924 (92.4) 76 (7.6) 1000 1000 ES 796 (79.6) 204 (20.4) 1000 1000 FI 620 (61.3) 391 (38.7) 1011 1011 FR 785 (74.7) 266 (25.3) 1051 1051 GB-GBN 829 (82.6) 175 (17.4) 1004 1004 GB-NIR 276 (89.0) 34 (11.0) 310 310 GR 926 (92.6) 74 (7.4) 1000 1000 IE 832 (83.1) 169 (16.9) 1001 1001 IT 780 (78.0) 220 (22.0) 1000 1000 LU 555 (91.6) 51 (8.4) 606 606 NL 902 (88.2) 121 (11.8) 1023 1023 PT 586 (58.6) 414 (41.4) 1000 1000 SE 958 (95.8) 42 (4.2) 1000 1000 N Sum 12985 3138 16123 N Valid Sum 12985 3138 16123 printed 25.01.2012 page 678 Eurobarometer 60.0 - September 2003,isocntry AT 699 (67.8) 332 (32.2) 1031 1031 BE 711 (69.0) 319 (31.0) 1030 1030 DE-E 841 (82.9) 173 (17.1) 1014 1014 DE-W 965 (92.6) 77 (7.4) 1042 1042 DK 924 (92.4) 76 (7.6) 1000 1000 ES 796 (79.6) 204 (20.4) 1000 1000 FI 620 (61.3) 391 (38.7) 1011 1011 FR 785 (74.7) 266 (25.3) 1051 1051 GB-GBN 829 (82.6) 175 (17.4) 1004 1004 GB-NIR 276 (89.0) 34 (11.0) 310 310 GR 926 (92.6) 74 (7.4) 1000 1000 IE 832 (83.1) 169 (16.9) 1001 1001 IT 780 (78.0) 220 (22.0) 1000 1000 LU 555 (91.6) 51 (8.4) 606 606 NL 902 (88.2) 121 (11.8) 1023 1023 PT 586 (58.6) 414 (41.4) 1000 1000 SE 958 (95.8) 42 (4.2) 1000 1000 N Sum 12985 3138 16123 N Valid Sum 12985 3138 16123 printed 25.01.2012 page 678 Eurobarometer 60.0 - September 2003,GESIS Variable Report,704,ZA3937
v601,v601 1 2 N Sum N Valid Sum,P12B TELEPHONE IN HH - MOBILE,isocntry AT 755 (73.2) 276 (26.8) 1031 1031 BE 779 (75.6) 251 (24.4) 1030 1030 DE-E 651 (64.2) 363 (35.8) 1014 1014 DE-W 728 (69.8) 315 (30.2) 1043 1043 DK 815 (81.5) 185 (18.5) 1000 1000 ES 768 (76.8) 232 (23.2) 1000 1000 FI 889 (87.9) 122 (12.1) 1011 1011 FR 709 (67.5) 342 (32.5) 1051 1051 GB-GBN 710 (70.7) 294 (29.3) 1004 1004 GB-NIR 223 (71.9) 87 (28.1) 310 310 GR 709 (70.9) 291 (29.1) 1000 1000 IE 793 (79.2) 208 (20.8) 1001 1001 IT 788 (78.8) 212 (21.2) 1000 1000 LU 529 (87.3) 77 (12.7) 606 606 NL 830 (81.1) 193 (18.9) 1023 1023 PT 670 (67.0) 330 (33.0) 1000 1000 SE 895 (89.5) 105 (10.5) 1000 1000 N Sum 12241 3883 16124 N Valid Sum 12241 3883 16124 printed 25.01.2012 page 679 Eurobarometer 60.0 - September 2003,isocntry AT 755 (73.2) 276 (26.8) 1031 1031 BE 779 (75.6) 251 (24.4) 1030 1030 DE-E 651 (64.2) 363 (35.8) 1014 1014 DE-W 728 (69.8) 315 (30.2) 1043 1043 DK 815 (81.5) 185 (18.5) 1000 1000 ES 768 (76.8) 232 (23.2) 1000 1000 FI 889 (87.9) 122 (12.1) 1011 1011 FR 709 (67.5) 342 (32.5) 1051 1051 GB-GBN 710 (70.7) 294 (29.3) 1004 1004 GB-NIR 223 (71.9) 87 (28.1) 310 310 GR 709 (70.9) 291 (29.1) 1000 1000 IE 793 (79.2) 208 (20.8) 1001 1001 IT 788 (78.8) 212 (21.2) 1000 1000 LU 529 (87.3) 77 (12.7) 606 606 NL 830 (81.1) 193 (18.9) 1023 1023 PT 670 (67.0) 330 (33.0) 1000 1000 SE 895 (89.5) 105 (10.5) 1000 1000 N Sum 12241 3883 16124 N Valid Sum 12241 3883 16124 printed 25.01.2012 page 679 Eurobarometer 60.0 - September 2003,GESIS Variable Report,705,ZA3937
v602,v602,P13 LANGUAGE OF INTERVIEW - BELGIUM,Value Label Missing Count Percent Valid Percent,Value Label Missing Count Percent Valid Percent,GESIS Variable Report,706,ZA3937
v603,v603,P13 LANGUAGE OF INTERVIEW - LUXEMBOURG,Value Label Missing Count Percent Valid Percent,Value Label Missing Count Percent Valid Percent,GESIS Variable Report,707,ZA3937
v604,v604,P13 LANGUAGE OF INTERVIEW - FINLAND,Value Label Missing Count Percent Valid Percent,Value Label Missing Count Percent Valid Percent,GESIS Variable Report,708,ZA3937
v605,,C4 SOCIO PROF STATUS,,C4 SOCIO PROF STATUS,GESIS Variable Report,709,ZA3937
v606,,C14 RESPONDENT OCCUPATION SCALE,,C14 RESPONDENT OCCUPATION SCALE,GESIS Variable Report,711,ZA3937
