variable,question_number,variable_label,question_text,question_text_filled,source,source_page,za_id
v4,v4,EUROBAROMETER NUMBER,Value Label Missing Count Percent Valid Percent,Value Label Missing Count Percent Valid Percent,GESIS Variable Report,30,ZA4056
v6,,NATION I (UNITED KINGDOM),,NATION I (UNITED KINGDOM),GESIS Variable Report,33,ZA4056
v8,,NATION II (GB AND NORTHERN IRELAND),,NATION II (GB AND NORTHERN IRELAND),GESIS Variable Report,36,ZA4056
v10,,NATION III (UNITED GERMANY),,NATION III (UNITED GERMANY),GESIS Variable Report,39,ZA4056
v12,,NATION IV (UK + UNITED GERMANY),,NATION IV (UK + UNITED GERMANY),GESIS Variable Report,42,ZA4056
v21,v21 0 1 N Sum N Valid Sum,Q1 NATIONALITY BELGIUM,isocntry AT 1052 (100.0) 1052 1052 BE 57 (5.6) 955 (94.4) 1012 1012 DE-E 1032 (100.0) 1032 1032 DE-W 1037 (100.0) 1037 1037 DK 1000 (100.0) 1000 1000 ES 1000 (100.0) 1000 1000 FI 1027 (100.0) 1027 1027 FR 1018 (99.9) 1 (0.1) 1019 1019 GB-GBN 1034 (99.9) 1 (0.1) 1035 1035 GB-NIR 308 (100.0) 308 308 GR 1005 (100.0) 1005 1005 IE 1001 (100.0) 1001 1001 IT 1025 (100.0) 1025 1025 LU 606 (97.9) 13 (2.1) 619 619 NL 1037 (99.3) 7 (0.7) 1044 1044 PT 1000 (100.0) 1000 1000 SE 1000 (100.0) 1000 1000 N Sum 15239 977 16216 N Valid Sum 15239 977 16216 printed 25.01.2012 page 26 Eurobarometer 61 - February-March 2004,isocntry AT 1052 (100.0) 1052 1052 BE 57 (5.6) 955 (94.4) 1012 1012 DE-E 1032 (100.0) 1032 1032 DE-W 1037 (100.0) 1037 1037 DK 1000 (100.0) 1000 1000 ES 1000 (100.0) 1000 1000 FI 1027 (100.0) 1027 1027 FR 1018 (99.9) 1 (0.1) 1019 1019 GB-GBN 1034 (99.9) 1 (0.1) 1035 1035 GB-NIR 308 (100.0) 308 308 GR 1005 (100.0) 1005 1005 IE 1001 (100.0) 1001 1001 IT 1025 (100.0) 1025 1025 LU 606 (97.9) 13 (2.1) 619 619 NL 1037 (99.3) 7 (0.7) 1044 1044 PT 1000 (100.0) 1000 1000 SE 1000 (100.0) 1000 1000 N Sum 15239 977 16216 N Valid Sum 15239 977 16216 printed 25.01.2012 page 26 Eurobarometer 61 - February-March 2004,GESIS Variable Report,51,ZA4056
v22,v22 0 1 N Sum N Valid Sum,Q1 NATIONALITY DENMARK,isocntry AT 1052 (100.0) 1052 1052 BE 1011 (99.9) 1 (0.1) 1012 1012 DE-E 1030 (99.8) 2 (0.2) 1032 1032 DE-W 1034 (99.7) 3 (0.3) 1037 1037 DK 4 (0.4) 996 (99.6) 1000 1000 ES 999 (99.9) 1 (0.1) 1000 1000 FI 1027 (100.0) 1027 1027 FR 1019 (100.0) 1019 1019 GB-GBN 1030 (99.5) 5 (0.5) 1035 1035 GB-NIR 308 (100.0) 308 308 GR 1004 (99.9) 1 (0.1) 1005 1005 IE 1001 (100.0) 1001 1001 IT 1025 (100.0) 1025 1025 LU 615 (99.4) 4 (0.6) 619 619 NL 1043 (99.9) 1 (0.1) 1044 1044 PT 1000 (100.0) 1000 1000 SE 995 (99.5) 5 (0.5) 1000 1000 N Sum 15197 1019 16216 N Valid Sum 15197 1019 16216 printed 25.01.2012 page 27 Eurobarometer 61 - February-March 2004,isocntry AT 1052 (100.0) 1052 1052 BE 1011 (99.9) 1 (0.1) 1012 1012 DE-E 1030 (99.8) 2 (0.2) 1032 1032 DE-W 1034 (99.7) 3 (0.3) 1037 1037 DK 4 (0.4) 996 (99.6) 1000 1000 ES 999 (99.9) 1 (0.1) 1000 1000 FI 1027 (100.0) 1027 1027 FR 1019 (100.0) 1019 1019 GB-GBN 1030 (99.5) 5 (0.5) 1035 1035 GB-NIR 308 (100.0) 308 308 GR 1004 (99.9) 1 (0.1) 1005 1005 IE 1001 (100.0) 1001 1001 IT 1025 (100.0) 1025 1025 LU 615 (99.4) 4 (0.6) 619 619 NL 1043 (99.9) 1 (0.1) 1044 1044 PT 1000 (100.0) 1000 1000 SE 995 (99.5) 5 (0.5) 1000 1000 N Sum 15197 1019 16216 N Valid Sum 15197 1019 16216 printed 25.01.2012 page 27 Eurobarometer 61 - February-March 2004,GESIS Variable Report,52,ZA4056
v23,v23 0 1 N Sum N Valid Sum,Q1 NATIONALITY GERMANY,isocntry AT 1042 (99.0) 10 (1.0) 1052 1052 BE 1007 (99.5) 5 (0.5) 1012 1012 DE-E 6 (0.6) 1026 (99.4) 1032 1032 DE-W 31 (3.0) 1006 (97.0) 1037 1037 DK 996 (99.6) 4 (0.4) 1000 1000 ES 998 (99.8) 2 (0.2) 1000 1000 FI 1027 (100.0) 1027 1027 FR 1013 (99.4) 6 (0.6) 1019 1019 GB-GBN 1030 (99.5) 5 (0.5) 1035 1035 GB-NIR 308 (100.0) 308 308 GR 1002 (99.7) 3 (0.3) 1005 1005 IE 1001 (100.0) 1001 1001 IT 1025 (100.0) 1025 1025 LU 600 (96.9) 19 (3.1) 619 619 NL 1041 (99.7) 3 (0.3) 1044 1044 PT 1000 (100.0) 1000 1000 SE 998 (99.8) 2 (0.2) 1000 1000 N Sum 14125 2091 16216 N Valid Sum 14125 2091 16216 printed 25.01.2012 page 28 Eurobarometer 61 - February-March 2004,isocntry AT 1042 (99.0) 10 (1.0) 1052 1052 BE 1007 (99.5) 5 (0.5) 1012 1012 DE-E 6 (0.6) 1026 (99.4) 1032 1032 DE-W 31 (3.0) 1006 (97.0) 1037 1037 DK 996 (99.6) 4 (0.4) 1000 1000 ES 998 (99.8) 2 (0.2) 1000 1000 FI 1027 (100.0) 1027 1027 FR 1013 (99.4) 6 (0.6) 1019 1019 GB-GBN 1030 (99.5) 5 (0.5) 1035 1035 GB-NIR 308 (100.0) 308 308 GR 1002 (99.7) 3 (0.3) 1005 1005 IE 1001 (100.0) 1001 1001 IT 1025 (100.0) 1025 1025 LU 600 (96.9) 19 (3.1) 619 619 NL 1041 (99.7) 3 (0.3) 1044 1044 PT 1000 (100.0) 1000 1000 SE 998 (99.8) 2 (0.2) 1000 1000 N Sum 14125 2091 16216 N Valid Sum 14125 2091 16216 printed 25.01.2012 page 28 Eurobarometer 61 - February-March 2004,GESIS Variable Report,53,ZA4056
v24,v24 0 1 N Sum N Valid Sum,Q1 NATIONALITY GREECE,isocntry AT 1051 (99.9) 1 (0.1) 1052 1052 BE 1009 (99.7) 3 (0.3) 1012 1012 DE-E 1028 (99.6) 4 (0.4) 1032 1032 DE-W 1029 (99.2) 8 (0.8) 1037 1037 DK 1000 (100.0) 1000 1000 ES 999 (99.9) 1 (0.1) 1000 1000 FI 1027 (100.0) 1027 1027 FR 1019 (100.0) 1019 1019 GB-GBN 1033 (99.8) 2 (0.2) 1035 1035 GB-NIR 308 (100.0) 308 308 GR 6 (0.6) 999 (99.4) 1005 1005 IE 1001 (100.0) 1001 1001 IT 1024 (99.9) 1 (0.1) 1025 1025 LU 619 (100.0) 619 619 NL 1043 (99.9) 1 (0.1) 1044 1044 PT 1000 (100.0) 1000 1000 SE 996 (99.6) 4 (0.4) 1000 1000 N Sum 15192 1024 16216 N Valid Sum 15192 1024 16216 printed 25.01.2012 page 29 Eurobarometer 61 - February-March 2004,isocntry AT 1051 (99.9) 1 (0.1) 1052 1052 BE 1009 (99.7) 3 (0.3) 1012 1012 DE-E 1028 (99.6) 4 (0.4) 1032 1032 DE-W 1029 (99.2) 8 (0.8) 1037 1037 DK 1000 (100.0) 1000 1000 ES 999 (99.9) 1 (0.1) 1000 1000 FI 1027 (100.0) 1027 1027 FR 1019 (100.0) 1019 1019 GB-GBN 1033 (99.8) 2 (0.2) 1035 1035 GB-NIR 308 (100.0) 308 308 GR 6 (0.6) 999 (99.4) 1005 1005 IE 1001 (100.0) 1001 1001 IT 1024 (99.9) 1 (0.1) 1025 1025 LU 619 (100.0) 619 619 NL 1043 (99.9) 1 (0.1) 1044 1044 PT 1000 (100.0) 1000 1000 SE 996 (99.6) 4 (0.4) 1000 1000 N Sum 15192 1024 16216 N Valid Sum 15192 1024 16216 printed 25.01.2012 page 29 Eurobarometer 61 - February-March 2004,GESIS Variable Report,54,ZA4056
v25,v25 0 1 N Sum N Valid Sum,Q1 NATIONALITY SPAIN,isocntry AT 1052 (100.0) 1052 1052 BE 1008 (99.6) 4 (0.4) 1012 1012 DE-E 1032 (100.0) 1032 1032 DE-W 1035 (99.8) 2 (0.2) 1037 1037 DK 1000 (100.0) 1000 1000 ES 6 (0.6) 994 (99.4) 1000 1000 FI 1027 (100.0) 1027 1027 FR 1017 (99.8) 2 (0.2) 1019 1019 GB-GBN 1035 (100.0) 1035 1035 GB-NIR 308 (100.0) 308 308 GR 1003 (99.8) 2 (0.2) 1005 1005 IE 1001 (100.0) 1001 1001 IT 1025 (100.0) 1025 1025 LU 618 (99.8) 1 (0.2) 619 619 NL 1043 (99.9) 1 (0.1) 1044 1044 PT 1000 (100.0) 1000 1000 SE 1000 (100.0) 1000 1000 N Sum 15210 1006 16216 N Valid Sum 15210 1006 16216 printed 25.01.2012 page 30 Eurobarometer 61 - February-March 2004,isocntry AT 1052 (100.0) 1052 1052 BE 1008 (99.6) 4 (0.4) 1012 1012 DE-E 1032 (100.0) 1032 1032 DE-W 1035 (99.8) 2 (0.2) 1037 1037 DK 1000 (100.0) 1000 1000 ES 6 (0.6) 994 (99.4) 1000 1000 FI 1027 (100.0) 1027 1027 FR 1017 (99.8) 2 (0.2) 1019 1019 GB-GBN 1035 (100.0) 1035 1035 GB-NIR 308 (100.0) 308 308 GR 1003 (99.8) 2 (0.2) 1005 1005 IE 1001 (100.0) 1001 1001 IT 1025 (100.0) 1025 1025 LU 618 (99.8) 1 (0.2) 619 619 NL 1043 (99.9) 1 (0.1) 1044 1044 PT 1000 (100.0) 1000 1000 SE 1000 (100.0) 1000 1000 N Sum 15210 1006 16216 N Valid Sum 15210 1006 16216 printed 25.01.2012 page 30 Eurobarometer 61 - February-March 2004,GESIS Variable Report,55,ZA4056
v26,v26 0 1 N Sum N Valid Sum,Q1 NATIONALITY FRANCE,isocntry AT 1052 (100.0) 1052 1052 BE 997 (98.5) 15 (1.5) 1012 1012 DE-E 1032 (100.0) 1032 1032 DE-W 1036 (99.9) 1 (0.1) 1037 1037 DK 1000 (100.0) 1000 1000 ES 996 (99.6) 4 (0.4) 1000 1000 FI 1027 (100.0) 1027 1027 FR 16 (1.6) 1003 (98.4) 1019 1019 GB-GBN 1028 (99.3) 7 (0.7) 1035 1035 GB-NIR 308 (100.0) 308 308 GR 1005 (100.0) 1005 1005 IE 999 (99.8) 2 (0.2) 1001 1001 IT 1024 (99.9) 1 (0.1) 1025 1025 LU 594 (96.0) 25 (4.0) 619 619 NL 1043 (99.9) 1 (0.1) 1044 1044 PT 1000 (100.0) 1000 1000 SE 1000 (100.0) 1000 1000 N Sum 15157 1059 16216 N Valid Sum 15157 1059 16216 printed 25.01.2012 page 31 Eurobarometer 61 - February-March 2004,isocntry AT 1052 (100.0) 1052 1052 BE 997 (98.5) 15 (1.5) 1012 1012 DE-E 1032 (100.0) 1032 1032 DE-W 1036 (99.9) 1 (0.1) 1037 1037 DK 1000 (100.0) 1000 1000 ES 996 (99.6) 4 (0.4) 1000 1000 FI 1027 (100.0) 1027 1027 FR 16 (1.6) 1003 (98.4) 1019 1019 GB-GBN 1028 (99.3) 7 (0.7) 1035 1035 GB-NIR 308 (100.0) 308 308 GR 1005 (100.0) 1005 1005 IE 999 (99.8) 2 (0.2) 1001 1001 IT 1024 (99.9) 1 (0.1) 1025 1025 LU 594 (96.0) 25 (4.0) 619 619 NL 1043 (99.9) 1 (0.1) 1044 1044 PT 1000 (100.0) 1000 1000 SE 1000 (100.0) 1000 1000 N Sum 15157 1059 16216 N Valid Sum 15157 1059 16216 printed 25.01.2012 page 31 Eurobarometer 61 - February-March 2004,GESIS Variable Report,56,ZA4056
v27,v27 0 1 N Sum N Valid Sum,Q1 NATIONALITY IRELAND,isocntry AT 1052 (100.0) 1052 1052 BE 1012 (100.0) 1012 1012 DE-E 1032 (100.0) 1032 1032 DE-W 1036 (99.9) 1 (0.1) 1037 1037 DK 1000 (100.0) 1000 1000 ES 1000 (100.0) 1000 1000 FI 1027 (100.0) 1027 1027 FR 1019 (100.0) 1019 1019 GB-GBN 1026 (99.1) 9 (0.9) 1035 1035 GB-NIR 254 (82.5) 54 (17.5) 308 308 GR 1004 (99.9) 1 (0.1) 1005 1005 IE 20 (2.0) 981 (98.0) 1001 1001 IT 1025 (100.0) 1025 1025 LU 618 (99.8) 1 (0.2) 619 619 NL 1044 (100.0) 1044 1044 PT 1000 (100.0) 1000 1000 SE 1000 (100.0) 1000 1000 N Sum 15169 1047 16216 N Valid Sum 15169 1047 16216 printed 25.01.2012 page 32 Eurobarometer 61 - February-March 2004,isocntry AT 1052 (100.0) 1052 1052 BE 1012 (100.0) 1012 1012 DE-E 1032 (100.0) 1032 1032 DE-W 1036 (99.9) 1 (0.1) 1037 1037 DK 1000 (100.0) 1000 1000 ES 1000 (100.0) 1000 1000 FI 1027 (100.0) 1027 1027 FR 1019 (100.0) 1019 1019 GB-GBN 1026 (99.1) 9 (0.9) 1035 1035 GB-NIR 254 (82.5) 54 (17.5) 308 308 GR 1004 (99.9) 1 (0.1) 1005 1005 IE 20 (2.0) 981 (98.0) 1001 1001 IT 1025 (100.0) 1025 1025 LU 618 (99.8) 1 (0.2) 619 619 NL 1044 (100.0) 1044 1044 PT 1000 (100.0) 1000 1000 SE 1000 (100.0) 1000 1000 N Sum 15169 1047 16216 N Valid Sum 15169 1047 16216 printed 25.01.2012 page 32 Eurobarometer 61 - February-March 2004,GESIS Variable Report,57,ZA4056
v28,v28 0 1 N Sum N Valid Sum,Q1 NATIONALITY ITALY,isocntry AT 1050 (99.8) 2 (0.2) 1052 1052 BE 991 (97.9) 21 (2.1) 1012 1012 DE-E 1032 (100.0) 1032 1032 DE-W 1030 (99.3) 7 (0.7) 1037 1037 DK 999 (99.9) 1 (0.1) 1000 1000 ES 1000 (100.0) 1000 1000 FI 1027 (100.0) 1027 1027 FR 1019 (100.0) 1019 1019 GB-GBN 1035 (100.0) 1035 1035 GB-NIR 308 (100.0) 308 308 GR 1005 (100.0) 1005 1005 IE 997 (99.6) 4 (0.4) 1001 1001 IT 1 (0.1) 1024 (99.9) 1025 1025 LU 597 (96.4) 22 (3.6) 619 619 NL 1040 (99.6) 4 (0.4) 1044 1044 PT 1000 (100.0) 1000 1000 SE 999 (99.9) 1 (0.1) 1000 1000 N Sum 15130 1086 16216 N Valid Sum 15130 1086 16216 printed 25.01.2012 page 33 Eurobarometer 61 - February-March 2004,isocntry AT 1050 (99.8) 2 (0.2) 1052 1052 BE 991 (97.9) 21 (2.1) 1012 1012 DE-E 1032 (100.0) 1032 1032 DE-W 1030 (99.3) 7 (0.7) 1037 1037 DK 999 (99.9) 1 (0.1) 1000 1000 ES 1000 (100.0) 1000 1000 FI 1027 (100.0) 1027 1027 FR 1019 (100.0) 1019 1019 GB-GBN 1035 (100.0) 1035 1035 GB-NIR 308 (100.0) 308 308 GR 1005 (100.0) 1005 1005 IE 997 (99.6) 4 (0.4) 1001 1001 IT 1 (0.1) 1024 (99.9) 1025 1025 LU 597 (96.4) 22 (3.6) 619 619 NL 1040 (99.6) 4 (0.4) 1044 1044 PT 1000 (100.0) 1000 1000 SE 999 (99.9) 1 (0.1) 1000 1000 N Sum 15130 1086 16216 N Valid Sum 15130 1086 16216 printed 25.01.2012 page 33 Eurobarometer 61 - February-March 2004,GESIS Variable Report,58,ZA4056
v29,v29 0 1 N Sum N Valid Sum,Q1 NATIONALITY LUXEMBOURG,isocntry AT 1052 (100.0) 1052 1052 BE 1009 (99.7) 3 (0.3) 1012 1012 DE-E 1032 (100.0) 1032 1032 DE-W 1037 (100.0) 1037 1037 DK 1000 (100.0) 1000 1000 ES 1000 (100.0) 1000 1000 FI 1027 (100.0) 1027 1027 FR 1019 (100.0) 1019 1019 GB-GBN 1035 (100.0) 1035 1035 GB-NIR 308 (100.0) 308 308 GR 1005 (100.0) 1005 1005 IE 1001 (100.0) 1001 1001 IT 1025 (100.0) 1025 1025 LU 163 (26.3) 456 (73.7) 619 619 NL 1044 (100.0) 1044 1044 PT 1000 (100.0) 1000 1000 SE 1000 (100.0) 1000 1000 N Sum 15757 459 16216 N Valid Sum 15757 459 16216 printed 25.01.2012 page 34 Eurobarometer 61 - February-March 2004,isocntry AT 1052 (100.0) 1052 1052 BE 1009 (99.7) 3 (0.3) 1012 1012 DE-E 1032 (100.0) 1032 1032 DE-W 1037 (100.0) 1037 1037 DK 1000 (100.0) 1000 1000 ES 1000 (100.0) 1000 1000 FI 1027 (100.0) 1027 1027 FR 1019 (100.0) 1019 1019 GB-GBN 1035 (100.0) 1035 1035 GB-NIR 308 (100.0) 308 308 GR 1005 (100.0) 1005 1005 IE 1001 (100.0) 1001 1001 IT 1025 (100.0) 1025 1025 LU 163 (26.3) 456 (73.7) 619 619 NL 1044 (100.0) 1044 1044 PT 1000 (100.0) 1000 1000 SE 1000 (100.0) 1000 1000 N Sum 15757 459 16216 N Valid Sum 15757 459 16216 printed 25.01.2012 page 34 Eurobarometer 61 - February-March 2004,GESIS Variable Report,59,ZA4056
v30,v30 0 1 N Sum N Valid Sum,Q1 NATIONALITY NETHERLANDS,isocntry AT 1052 (100.0) 1052 1052 BE 1009 (99.7) 3 (0.3) 1012 1012 DE-E 1032 (100.0) 1032 1032 DE-W 1034 (99.7) 3 (0.3) 1037 1037 DK 1000 (100.0) 1000 1000 ES 1000 (100.0) 1000 1000 FI 1027 (100.0) 1027 1027 FR 1019 (100.0) 1019 1019 GB-GBN 1035 (100.0) 1035 1035 GB-NIR 307 (99.7) 1 (0.3) 308 308 GR 1004 (99.9) 1 (0.1) 1005 1005 IE 1000 (99.9) 1 (0.1) 1001 1001 IT 1025 (100.0) 1025 1025 LU 606 (97.9) 13 (2.1) 619 619 NL 12 (1.1) 1032 (98.9) 1044 1044 PT 1000 (100.0) 1000 1000 SE 999 (99.9) 1 (0.1) 1000 1000 N Sum 15161 1055 16216 N Valid Sum 15161 1055 16216 printed 25.01.2012 page 35 Eurobarometer 61 - February-March 2004,isocntry AT 1052 (100.0) 1052 1052 BE 1009 (99.7) 3 (0.3) 1012 1012 DE-E 1032 (100.0) 1032 1032 DE-W 1034 (99.7) 3 (0.3) 1037 1037 DK 1000 (100.0) 1000 1000 ES 1000 (100.0) 1000 1000 FI 1027 (100.0) 1027 1027 FR 1019 (100.0) 1019 1019 GB-GBN 1035 (100.0) 1035 1035 GB-NIR 307 (99.7) 1 (0.3) 308 308 GR 1004 (99.9) 1 (0.1) 1005 1005 IE 1000 (99.9) 1 (0.1) 1001 1001 IT 1025 (100.0) 1025 1025 LU 606 (97.9) 13 (2.1) 619 619 NL 12 (1.1) 1032 (98.9) 1044 1044 PT 1000 (100.0) 1000 1000 SE 999 (99.9) 1 (0.1) 1000 1000 N Sum 15161 1055 16216 N Valid Sum 15161 1055 16216 printed 25.01.2012 page 35 Eurobarometer 61 - February-March 2004,GESIS Variable Report,60,ZA4056
v31,v31 0 1 N Sum N Valid Sum,Q1 NATIONALITY PORTUGAL,isocntry AT 1052 (100.0) 1052 1052 BE 1010 (99.8) 2 (0.2) 1012 1012 DE-E 1031 (99.9) 1 (0.1) 1032 1032 DE-W 1031 (99.4) 6 (0.6) 1037 1037 DK 1000 (100.0) 1000 1000 ES 1000 (100.0) 1000 1000 FI 1027 (100.0) 1027 1027 FR 1014 (99.5) 5 (0.5) 1019 1019 GB-GBN 1035 (100.0) 1035 1035 GB-NIR 308 (100.0) 308 308 GR 1005 (100.0) 1005 1005 IE 1001 (100.0) 1001 1001 IT 1025 (100.0) 1025 1025 LU 554 (89.5) 65 (10.5) 619 619 NL 1044 (100.0) 1044 1044 PT 1000 (100.0) 1000 1000 SE 998 (99.8) 2 (0.2) 1000 1000 N Sum 15135 1081 16216 N Valid Sum 15135 1081 16216 printed 25.01.2012 page 36 Eurobarometer 61 - February-March 2004,isocntry AT 1052 (100.0) 1052 1052 BE 1010 (99.8) 2 (0.2) 1012 1012 DE-E 1031 (99.9) 1 (0.1) 1032 1032 DE-W 1031 (99.4) 6 (0.6) 1037 1037 DK 1000 (100.0) 1000 1000 ES 1000 (100.0) 1000 1000 FI 1027 (100.0) 1027 1027 FR 1014 (99.5) 5 (0.5) 1019 1019 GB-GBN 1035 (100.0) 1035 1035 GB-NIR 308 (100.0) 308 308 GR 1005 (100.0) 1005 1005 IE 1001 (100.0) 1001 1001 IT 1025 (100.0) 1025 1025 LU 554 (89.5) 65 (10.5) 619 619 NL 1044 (100.0) 1044 1044 PT 1000 (100.0) 1000 1000 SE 998 (99.8) 2 (0.2) 1000 1000 N Sum 15135 1081 16216 N Valid Sum 15135 1081 16216 printed 25.01.2012 page 36 Eurobarometer 61 - February-March 2004,GESIS Variable Report,61,ZA4056
v32,v32 0 1 N Sum N Valid Sum,Q1 NATIONALITY UNITED KINGDOM,isocntry AT 1051 (99.9) 1 (0.1) 1052 1052 BE 1011 (99.9) 1 (0.1) 1012 1012 DE-E 1032 (100.0) 1032 1032 DE-W 1036 (99.9) 1 (0.1) 1037 1037 DK 997 (99.7) 3 (0.3) 1000 1000 ES 1000 (100.0) 1000 1000 FI 1027 (100.0) 1027 1027 FR 1016 (99.7) 3 (0.3) 1019 1019 GB-GBN 28 (2.7) 1007 (97.3) 1035 1035 GB-NIR 55 (17.9) 253 (82.1) 308 308 GR 1005 (100.0) 1005 1005 IE 990 (98.9) 11 (1.1) 1001 1001 IT 1025 (100.0) 1025 1025 LU 616 (99.5) 3 (0.5) 619 619 NL 1044 (100.0) 1044 1044 PT 1000 (100.0) 1000 1000 SE 1000 (100.0) 1000 1000 N Sum 14933 1283 16216 N Valid Sum 14933 1283 16216 printed 25.01.2012 page 37 Eurobarometer 61 - February-March 2004,isocntry AT 1051 (99.9) 1 (0.1) 1052 1052 BE 1011 (99.9) 1 (0.1) 1012 1012 DE-E 1032 (100.0) 1032 1032 DE-W 1036 (99.9) 1 (0.1) 1037 1037 DK 997 (99.7) 3 (0.3) 1000 1000 ES 1000 (100.0) 1000 1000 FI 1027 (100.0) 1027 1027 FR 1016 (99.7) 3 (0.3) 1019 1019 GB-GBN 28 (2.7) 1007 (97.3) 1035 1035 GB-NIR 55 (17.9) 253 (82.1) 308 308 GR 1005 (100.0) 1005 1005 IE 990 (98.9) 11 (1.1) 1001 1001 IT 1025 (100.0) 1025 1025 LU 616 (99.5) 3 (0.5) 619 619 NL 1044 (100.0) 1044 1044 PT 1000 (100.0) 1000 1000 SE 1000 (100.0) 1000 1000 N Sum 14933 1283 16216 N Valid Sum 14933 1283 16216 printed 25.01.2012 page 37 Eurobarometer 61 - February-March 2004,GESIS Variable Report,62,ZA4056
v33,v33 0 1 N Sum N Valid Sum,Q1 NATIONALITY AUSTRIA,isocntry AT 15 (1.4) 1037 (98.6) 1052 1052 BE 1012 (100.0) 1012 1012 DE-E 1032 (100.0) 1032 1032 DE-W 1035 (99.8) 2 (0.2) 1037 1037 DK 1000 (100.0) 1000 1000 ES 1000 (100.0) 1000 1000 FI 1027 (100.0) 1027 1027 FR 1019 (100.0) 1019 1019 GB-GBN 1033 (99.8) 2 (0.2) 1035 1035 GB-NIR 308 (100.0) 308 308 GR 1005 (100.0) 1005 1005 IE 1001 (100.0) 1001 1001 IT 1025 (100.0) 1025 1025 LU 619 (100.0) 619 619 NL 1044 (100.0) 1044 1044 PT 1000 (100.0) 1000 1000 SE 997 (99.7) 3 (0.3) 1000 1000 N Sum 15172 1044 16216 N Valid Sum 15172 1044 16216 printed 25.01.2012 page 38 Eurobarometer 61 - February-March 2004,isocntry AT 15 (1.4) 1037 (98.6) 1052 1052 BE 1012 (100.0) 1012 1012 DE-E 1032 (100.0) 1032 1032 DE-W 1035 (99.8) 2 (0.2) 1037 1037 DK 1000 (100.0) 1000 1000 ES 1000 (100.0) 1000 1000 FI 1027 (100.0) 1027 1027 FR 1019 (100.0) 1019 1019 GB-GBN 1033 (99.8) 2 (0.2) 1035 1035 GB-NIR 308 (100.0) 308 308 GR 1005 (100.0) 1005 1005 IE 1001 (100.0) 1001 1001 IT 1025 (100.0) 1025 1025 LU 619 (100.0) 619 619 NL 1044 (100.0) 1044 1044 PT 1000 (100.0) 1000 1000 SE 997 (99.7) 3 (0.3) 1000 1000 N Sum 15172 1044 16216 N Valid Sum 15172 1044 16216 printed 25.01.2012 page 38 Eurobarometer 61 - February-March 2004,GESIS Variable Report,63,ZA4056
v34,v34 0 1 N Sum N Valid Sum,Q1 NATIONALITY SWEDEN,isocntry AT 1050 (99.8) 2 (0.2) 1052 1052 BE 1012 (100.0) 1012 1012 DE-E 1032 (100.0) 1032 1032 DE-W 1037 (100.0) 1037 1037 DK 999 (99.9) 1 (0.1) 1000 1000 ES 1000 (100.0) 1000 1000 FI 1026 (99.9) 1 (0.1) 1027 1027 FR 1019 (100.0) 1019 1019 GB-GBN 1035 (100.0) 1035 1035 GB-NIR 308 (100.0) 308 308 GR 1005 (100.0) 1005 1005 IE 999 (99.8) 2 (0.2) 1001 1001 IT 1025 (100.0) 1025 1025 LU 619 (100.0) 619 619 NL 1044 (100.0) 1044 1044 PT 1000 (100.0) 1000 1000 SE 10 (1.0) 990 (99.0) 1000 1000 N Sum 15220 996 16216 N Valid Sum 15220 996 16216 printed 25.01.2012 page 39 Eurobarometer 61 - February-March 2004,isocntry AT 1050 (99.8) 2 (0.2) 1052 1052 BE 1012 (100.0) 1012 1012 DE-E 1032 (100.0) 1032 1032 DE-W 1037 (100.0) 1037 1037 DK 999 (99.9) 1 (0.1) 1000 1000 ES 1000 (100.0) 1000 1000 FI 1026 (99.9) 1 (0.1) 1027 1027 FR 1019 (100.0) 1019 1019 GB-GBN 1035 (100.0) 1035 1035 GB-NIR 308 (100.0) 308 308 GR 1005 (100.0) 1005 1005 IE 999 (99.8) 2 (0.2) 1001 1001 IT 1025 (100.0) 1025 1025 LU 619 (100.0) 619 619 NL 1044 (100.0) 1044 1044 PT 1000 (100.0) 1000 1000 SE 10 (1.0) 990 (99.0) 1000 1000 N Sum 15220 996 16216 N Valid Sum 15220 996 16216 printed 25.01.2012 page 39 Eurobarometer 61 - February-March 2004,GESIS Variable Report,64,ZA4056
v35,v35 0 1 N Sum N Valid Sum,Q1 NATIONALITY FINLAND,isocntry AT 1052 (100.0) 1052 1052 BE 1012 (100.0) 1012 1012 DE-E 1032 (100.0) 1032 1032 DE-W 1037 (100.0) 1037 1037 DK 1000 (100.0) 1000 1000 ES 1000 (100.0) 1000 1000 FI 1 (0.1) 1026 (99.9) 1027 1027 FR 1019 (100.0) 1019 1019 GB-GBN 1035 (100.0) 1035 1035 GB-NIR 308 (100.0) 308 308 GR 1005 (100.0) 1005 1005 IE 1001 (100.0) 1001 1001 IT 1025 (100.0) 1025 1025 LU 619 (100.0) 619 619 NL 1044 (100.0) 1044 1044 PT 1000 (100.0) 1000 1000 SE 988 (98.8) 12 (1.2) 1000 1000 N Sum 15178 1038 16216 N Valid Sum 15178 1038 16216 printed 25.01.2012 page 40 Eurobarometer 61 - February-March 2004,isocntry AT 1052 (100.0) 1052 1052 BE 1012 (100.0) 1012 1012 DE-E 1032 (100.0) 1032 1032 DE-W 1037 (100.0) 1037 1037 DK 1000 (100.0) 1000 1000 ES 1000 (100.0) 1000 1000 FI 1 (0.1) 1026 (99.9) 1027 1027 FR 1019 (100.0) 1019 1019 GB-GBN 1035 (100.0) 1035 1035 GB-NIR 308 (100.0) 308 308 GR 1005 (100.0) 1005 1005 IE 1001 (100.0) 1001 1001 IT 1025 (100.0) 1025 1025 LU 619 (100.0) 619 619 NL 1044 (100.0) 1044 1044 PT 1000 (100.0) 1000 1000 SE 988 (98.8) 12 (1.2) 1000 1000 N Sum 15178 1038 16216 N Valid Sum 15178 1038 16216 printed 25.01.2012 page 40 Eurobarometer 61 - February-March 2004,GESIS Variable Report,65,ZA4056
v36,v36 1 2 3 4 N Sum N Valid Sum,Q2 POL DISCUSSION - FREQUENCY,isocntry M AT 148 (14.4) 673 (65.5) 207 (20.1) 24 1052 1028 BE 104 (10.3) 510 (50.7) 391 (38.9) 7 1012 1005 DE-E 188 (18.4) 629 (61.7) 203 (19.9) 12 1032 1020 DE-W 182 (17.8) 666 (65.0) 177 (17.3) 12 1037 1025 DK 169 (16.9) 630 (63.0) 201 (20.1) 1 1001 1000 ES 94 (9.4) 507 (50.8) 397 (39.8) 2 1000 998 FI 110 (10.8) 655 (64.1) 257 (25.1) 5 1027 1022 FR 127 (12.5) 553 (54.5) 334 (32.9) 5 1019 1014 GB-GBN 130 (12.6) 523 (50.8) 376 (36.5) 6 1035 1029 GB-NIR 26 (8.5) 147 (48.0) 133 (43.5) 2 308 306 GR 235 (23.4) 513 (51.1) 255 (25.4) 2 1005 1003 IE 95 (9.6) 495 (49.8) 404 (40.6) 7 1001 994 IT 188 (18.3) 576 (56.2) 261 (25.5) 1025 1025 LU 124 (20.1) 325 (52.6) 169 (27.3) 1 619 618 NL 137 (13.1) 673 (64.6) 232 (22.3) 1 1043 1042 PT 94 (9.4) 431 (43.3) 470 (47.2) 5 1000 995 SE 154 (15.5) 654 (65.8) 186 (18.7) 6 1000 994 N Sum 2305 9160 4653 98 16216 N Valid Sum 2305 9160 4653 16118 printed 25.01.2012 page 41 Eurobarometer 61 - February-March 2004,isocntry M AT 148 (14.4) 673 (65.5) 207 (20.1) 24 1052 1028 BE 104 (10.3) 510 (50.7) 391 (38.9) 7 1012 1005 DE-E 188 (18.4) 629 (61.7) 203 (19.9) 12 1032 1020 DE-W 182 (17.8) 666 (65.0) 177 (17.3) 12 1037 1025 DK 169 (16.9) 630 (63.0) 201 (20.1) 1 1001 1000 ES 94 (9.4) 507 (50.8) 397 (39.8) 2 1000 998 FI 110 (10.8) 655 (64.1) 257 (25.1) 5 1027 1022 FR 127 (12.5) 553 (54.5) 334 (32.9) 5 1019 1014 GB-GBN 130 (12.6) 523 (50.8) 376 (36.5) 6 1035 1029 GB-NIR 26 (8.5) 147 (48.0) 133 (43.5) 2 308 306 GR 235 (23.4) 513 (51.1) 255 (25.4) 2 1005 1003 IE 95 (9.6) 495 (49.8) 404 (40.6) 7 1001 994 IT 188 (18.3) 576 (56.2) 261 (25.5) 1025 1025 LU 124 (20.1) 325 (52.6) 169 (27.3) 1 619 618 NL 137 (13.1) 673 (64.6) 232 (22.3) 1 1043 1042 PT 94 (9.4) 431 (43.3) 470 (47.2) 5 1000 995 SE 154 (15.5) 654 (65.8) 186 (18.7) 6 1000 994 N Sum 2305 9160 4653 98 16216 N Valid Sum 2305 9160 4653 16118 printed 25.01.2012 page 41 Eurobarometer 61 - February-March 2004,GESIS Variable Report,66,ZA4056
v37,,Q3 POL DISCUSSION - CONVINCE FRIENDS,,Q3 POL DISCUSSION - CONVINCE FRIENDS,GESIS Variable Report,67,ZA4056
v38,v38 1 2 3 4 N Sum N Valid Sum,Q4 EXPECTATIONS: LIFE IN GENERAL,isocntry M AT 188 (18.4) 152 (14.9) 682 (66.7) 30 1052 1022 BE 264 (27.0) 112 (11.5) 602 (61.6) 33 1011 978 DE-E 167 (16.6) 311 (30.9) 530 (52.6) 23 1031 1008 DE-W 176 (17.4) 267 (26.4) 568 (56.2) 25 1036 1011 DK 395 (40.2) 54 (5.5) 534 (54.3) 17 1000 983 ES 379 (39.0) 81 (8.3) 511 (52.6) 28 999 971 FI 427 (42.2) 47 (4.6) 539 (53.2) 14 1027 1013 FR 369 (37.3) 132 (13.4) 487 (49.3) 32 1020 988 GB-GBN 442 (44.2) 88 (8.8) 471 (47.1) 33 1034 1001 GB-NIR 135 (44.7) 16 (5.3) 151 (50.0) 6 308 302 GR 419 (44.0) 129 (13.5) 405 (42.5) 52 1005 953 IE 425 (44.2) 55 (5.7) 481 (50.1) 40 1001 961 IT 378 (39.2) 112 (11.6) 474 (49.2) 61 1025 964 LU 208 (34.0) 57 (9.3) 346 (56.6) 9 620 611 NL 293 (28.8) 146 (14.4) 577 (56.8) 28 1044 1016 PT 203 (21.1) 347 (36.1) 411 (42.8) 39 1000 961 SE 472 (48.0) 49 (5.0) 462 (47.0) 16 999 983 N Sum 5340 2155 8231 486 16212 N Valid Sum 5340 2155 8231 15726 printed 25.01.2012 page 43 Eurobarometer 61 - February-March 2004,isocntry M AT 188 (18.4) 152 (14.9) 682 (66.7) 30 1052 1022 BE 264 (27.0) 112 (11.5) 602 (61.6) 33 1011 978 DE-E 167 (16.6) 311 (30.9) 530 (52.6) 23 1031 1008 DE-W 176 (17.4) 267 (26.4) 568 (56.2) 25 1036 1011 DK 395 (40.2) 54 (5.5) 534 (54.3) 17 1000 983 ES 379 (39.0) 81 (8.3) 511 (52.6) 28 999 971 FI 427 (42.2) 47 (4.6) 539 (53.2) 14 1027 1013 FR 369 (37.3) 132 (13.4) 487 (49.3) 32 1020 988 GB-GBN 442 (44.2) 88 (8.8) 471 (47.1) 33 1034 1001 GB-NIR 135 (44.7) 16 (5.3) 151 (50.0) 6 308 302 GR 419 (44.0) 129 (13.5) 405 (42.5) 52 1005 953 IE 425 (44.2) 55 (5.7) 481 (50.1) 40 1001 961 IT 378 (39.2) 112 (11.6) 474 (49.2) 61 1025 964 LU 208 (34.0) 57 (9.3) 346 (56.6) 9 620 611 NL 293 (28.8) 146 (14.4) 577 (56.8) 28 1044 1016 PT 203 (21.1) 347 (36.1) 411 (42.8) 39 1000 961 SE 472 (48.0) 49 (5.0) 462 (47.0) 16 999 983 N Sum 5340 2155 8231 486 16212 N Valid Sum 5340 2155 8231 15726 printed 25.01.2012 page 43 Eurobarometer 61 - February-March 2004,GESIS Variable Report,68,ZA4056
v39,v39 1 2 3 4 N Sum N Valid Sum,Q4 EXPECTATIONS: ECONOMIC SITUATION,isocntry M AT 150 (15.1) 406 (41.0) 435 (43.9) 61 1052 991 BE 133 (13.9) 411 (43.1) 410 (43.0) 58 1012 954 DE-E 106 (10.7) 632 (63.9) 251 (25.4) 43 1032 989 DE-W 138 (13.7) 584 (58.1) 283 (28.2) 32 1037 1005 DK 245 (26.0) 236 (25.1) 460 (48.9) 59 1000 941 ES 264 (28.5) 209 (22.6) 452 (48.9) 75 1000 925 FI 219 (22.0) 231 (23.2) 545 (54.8) 32 1027 995 FR 190 (19.8) 437 (45.6) 332 (34.6) 59 1018 959 GB-GBN 173 (18.5) 352 (37.6) 410 (43.9) 100 1035 935 GB-NIR 80 (28.4) 66 (23.4) 136 (48.2) 26 308 282 GR 344 (36.7) 236 (25.2) 357 (38.1) 69 1006 937 IE 281 (31.0) 259 (28.6) 365 (40.3) 95 1000 905 IT 131 (13.6) 531 (55.1) 301 (31.3) 63 1026 963 LU 130 (22.5) 209 (36.2) 239 (41.3) 41 619 578 NL 229 (22.8) 507 (50.4) 269 (26.8) 39 1044 1005 PT 140 (14.8) 591 (62.7) 212 (22.5) 58 1001 943 SE 239 (24.8) 333 (34.6) 390 (40.5) 38 1000 962 N Sum 3192 6230 5847 948 16217 N Valid Sum 3192 6230 5847 15269 printed 25.01.2012 page 44 Eurobarometer 61 - February-March 2004,isocntry M AT 150 (15.1) 406 (41.0) 435 (43.9) 61 1052 991 BE 133 (13.9) 411 (43.1) 410 (43.0) 58 1012 954 DE-E 106 (10.7) 632 (63.9) 251 (25.4) 43 1032 989 DE-W 138 (13.7) 584 (58.1) 283 (28.2) 32 1037 1005 DK 245 (26.0) 236 (25.1) 460 (48.9) 59 1000 941 ES 264 (28.5) 209 (22.6) 452 (48.9) 75 1000 925 FI 219 (22.0) 231 (23.2) 545 (54.8) 32 1027 995 FR 190 (19.8) 437 (45.6) 332 (34.6) 59 1018 959 GB-GBN 173 (18.5) 352 (37.6) 410 (43.9) 100 1035 935 GB-NIR 80 (28.4) 66 (23.4) 136 (48.2) 26 308 282 GR 344 (36.7) 236 (25.2) 357 (38.1) 69 1006 937 IE 281 (31.0) 259 (28.6) 365 (40.3) 95 1000 905 IT 131 (13.6) 531 (55.1) 301 (31.3) 63 1026 963 LU 130 (22.5) 209 (36.2) 239 (41.3) 41 619 578 NL 229 (22.8) 507 (50.4) 269 (26.8) 39 1044 1005 PT 140 (14.8) 591 (62.7) 212 (22.5) 58 1001 943 SE 239 (24.8) 333 (34.6) 390 (40.5) 38 1000 962 N Sum 3192 6230 5847 948 16217 N Valid Sum 3192 6230 5847 15269 printed 25.01.2012 page 44 Eurobarometer 61 - February-March 2004,GESIS Variable Report,69,ZA4056
v40,v40 1 2 3 4 N Sum N Valid Sum,Q4 EXPECTATIONS: FINANCIAL SITUATION OF HH,isocntry M AT 133 (13.1) 208 (20.5) 674 (66.4) 37 1052 1015 BE 185 (19.1) 143 (14.8) 641 (66.2) 44 1013 969 DE-E 112 (11.3) 413 (41.5) 470 (47.2) 36 1031 995 DE-W 112 (11.0) 355 (34.8) 552 (54.2) 18 1037 1019 DK 316 (31.9) 80 (8.1) 594 (60.0) 10 1000 990 ES 279 (28.8) 85 (8.8) 606 (62.5) 30 1000 970 FI 259 (25.7) 73 (7.2) 677 (67.1) 17 1026 1009 FR 279 (28.5) 201 (20.6) 498 (50.9) 40 1018 978 GB-GBN 329 (33.1) 163 (16.4) 503 (50.6) 40 1035 995 GB-NIR 110 (36.7) 16 (5.3) 174 (58.0) 8 308 300 GR 344 (35.4) 151 (15.5) 478 (49.1) 32 1005 973 IE 309 (32.7) 113 (12.0) 522 (55.3) 57 1001 944 IT 206 (21.0) 178 (18.2) 596 (60.8) 45 1025 980 LU 150 (24.9) 68 (11.3) 385 (63.8) 15 618 603 NL 217 (21.2) 268 (26.1) 541 (52.7) 18 1044 1026 PT 143 (14.8) 330 (34.1) 494 (51.1) 33 1000 967 SE 318 (32.4) 103 (10.5) 561 (57.1) 17 999 982 N Sum 3801 2948 8966 497 16212 N Valid Sum 3801 2948 8966 15715 printed 25.01.2012 page 45 Eurobarometer 61 - February-March 2004,isocntry M AT 133 (13.1) 208 (20.5) 674 (66.4) 37 1052 1015 BE 185 (19.1) 143 (14.8) 641 (66.2) 44 1013 969 DE-E 112 (11.3) 413 (41.5) 470 (47.2) 36 1031 995 DE-W 112 (11.0) 355 (34.8) 552 (54.2) 18 1037 1019 DK 316 (31.9) 80 (8.1) 594 (60.0) 10 1000 990 ES 279 (28.8) 85 (8.8) 606 (62.5) 30 1000 970 FI 259 (25.7) 73 (7.2) 677 (67.1) 17 1026 1009 FR 279 (28.5) 201 (20.6) 498 (50.9) 40 1018 978 GB-GBN 329 (33.1) 163 (16.4) 503 (50.6) 40 1035 995 GB-NIR 110 (36.7) 16 (5.3) 174 (58.0) 8 308 300 GR 344 (35.4) 151 (15.5) 478 (49.1) 32 1005 973 IE 309 (32.7) 113 (12.0) 522 (55.3) 57 1001 944 IT 206 (21.0) 178 (18.2) 596 (60.8) 45 1025 980 LU 150 (24.9) 68 (11.3) 385 (63.8) 15 618 603 NL 217 (21.2) 268 (26.1) 541 (52.7) 18 1044 1026 PT 143 (14.8) 330 (34.1) 494 (51.1) 33 1000 967 SE 318 (32.4) 103 (10.5) 561 (57.1) 17 999 982 N Sum 3801 2948 8966 497 16212 N Valid Sum 3801 2948 8966 15715 printed 25.01.2012 page 45 Eurobarometer 61 - February-March 2004,GESIS Variable Report,70,ZA4056
v41,v41 1 2 3 4 N Sum N Valid Sum,Q4 EXPECTATIONS: EMPLOYMENT SITUATION,isocntry M AT 98 (9.9) 518 (52.3) 374 (37.8) 62 1052 990 BE 120 (12.5) 522 (54.4) 317 (33.1) 53 1012 959 DE-E 61 (6.1) 713 (71.9) 218 (22.0) 40 1032 992 DE-W 87 (8.7) 678 (67.9) 234 (23.4) 37 1036 999 DK 245 (26.2) 401 (42.8) 290 (31.0) 64 1000 936 ES 219 (23.7) 278 (30.1) 426 (46.2) 78 1001 923 FI 172 (17.1) 441 (43.8) 393 (39.1) 21 1027 1006 FR 179 (18.6) 501 (52.1) 281 (29.2) 57 1018 961 GB-GBN 179 (19.5) 316 (34.4) 423 (46.1) 118 1036 918 GB-NIR 75 (26.1) 94 (32.8) 118 (41.1) 22 309 287 GR 299 (32.6) 277 (30.2) 342 (37.3) 86 1004 918 IE 255 (28.1) 314 (34.6) 338 (37.3) 95 1002 907 IT 148 (15.8) 505 (54.0) 283 (30.2) 89 1025 936 LU 105 (17.8) 353 (59.9) 131 (22.2) 30 619 589 NL 148 (14.7) 641 (63.8) 215 (21.4) 39 1043 1004 PT 102 (10.8) 676 (71.7) 165 (17.5) 56 999 943 SE 195 (20.2) 461 (47.7) 310 (32.1) 34 1000 966 N Sum 2687 7689 4858 981 16215 N Valid Sum 2687 7689 4858 15234 printed 25.01.2012 page 46 Eurobarometer 61 - February-March 2004,isocntry M AT 98 (9.9) 518 (52.3) 374 (37.8) 62 1052 990 BE 120 (12.5) 522 (54.4) 317 (33.1) 53 1012 959 DE-E 61 (6.1) 713 (71.9) 218 (22.0) 40 1032 992 DE-W 87 (8.7) 678 (67.9) 234 (23.4) 37 1036 999 DK 245 (26.2) 401 (42.8) 290 (31.0) 64 1000 936 ES 219 (23.7) 278 (30.1) 426 (46.2) 78 1001 923 FI 172 (17.1) 441 (43.8) 393 (39.1) 21 1027 1006 FR 179 (18.6) 501 (52.1) 281 (29.2) 57 1018 961 GB-GBN 179 (19.5) 316 (34.4) 423 (46.1) 118 1036 918 GB-NIR 75 (26.1) 94 (32.8) 118 (41.1) 22 309 287 GR 299 (32.6) 277 (30.2) 342 (37.3) 86 1004 918 IE 255 (28.1) 314 (34.6) 338 (37.3) 95 1002 907 IT 148 (15.8) 505 (54.0) 283 (30.2) 89 1025 936 LU 105 (17.8) 353 (59.9) 131 (22.2) 30 619 589 NL 148 (14.7) 641 (63.8) 215 (21.4) 39 1043 1004 PT 102 (10.8) 676 (71.7) 165 (17.5) 56 999 943 SE 195 (20.2) 461 (47.7) 310 (32.1) 34 1000 966 N Sum 2687 7689 4858 981 16215 N Valid Sum 2687 7689 4858 15234 printed 25.01.2012 page 46 Eurobarometer 61 - February-March 2004,GESIS Variable Report,71,ZA4056
v42,v42 1 2 3 4 N Sum N Valid Sum,Q4 EXPECTATIONS: PERSONAL JOB SITUATION,isocntry M AT 134 (13.7) 108 (11.0) 737 (75.3) 73 1052 979 BE 170 (18.5) 77 (8.4) 671 (73.1) 93 1011 918 DE-E 124 (14.2) 194 (22.2) 556 (63.6) 157 1031 874 DE-W 126 (13.4) 178 (18.9) 639 (67.8) 94 1037 943 DK 202 (20.6) 37 (3.8) 740 (75.6) 21 1000 979 ES 276 (28.8) 71 (7.4) 610 (63.7) 43 1000 957 FI 205 (21.0) 50 (5.1) 722 (73.9) 51 1028 977 FR 249 (27.2) 96 (10.5) 569 (62.3) 105 1019 914 GB-GBN 263 (28.9) 63 (6.9) 584 (64.2) 125 1035 910 GB-NIR 83 (28.0) 15 (5.1) 198 (66.9) 12 308 296 GR 271 (29.0) 120 (12.8) 543 (58.1) 71 1005 934 IE 279 (30.5) 49 (5.3) 588 (64.2) 86 1002 916 IT 243 (25.5) 89 (9.3) 622 (65.2) 70 1024 954 LU 128 (23.1) 33 (6.0) 393 (70.9) 65 619 554 NL 211 (23.3) 103 (11.4) 592 (65.3) 138 1044 906 PT 125 (13.2) 213 (22.6) 606 (64.2) 56 1000 944 SE 249 (26.4) 52 (5.5) 642 (68.1) 56 999 943 N Sum 3338 1548 10012 1316 16214 N Valid Sum 3338 1548 10012 14898 printed 25.01.2012 page 47 Eurobarometer 61 - February-March 2004,isocntry M AT 134 (13.7) 108 (11.0) 737 (75.3) 73 1052 979 BE 170 (18.5) 77 (8.4) 671 (73.1) 93 1011 918 DE-E 124 (14.2) 194 (22.2) 556 (63.6) 157 1031 874 DE-W 126 (13.4) 178 (18.9) 639 (67.8) 94 1037 943 DK 202 (20.6) 37 (3.8) 740 (75.6) 21 1000 979 ES 276 (28.8) 71 (7.4) 610 (63.7) 43 1000 957 FI 205 (21.0) 50 (5.1) 722 (73.9) 51 1028 977 FR 249 (27.2) 96 (10.5) 569 (62.3) 105 1019 914 GB-GBN 263 (28.9) 63 (6.9) 584 (64.2) 125 1035 910 GB-NIR 83 (28.0) 15 (5.1) 198 (66.9) 12 308 296 GR 271 (29.0) 120 (12.8) 543 (58.1) 71 1005 934 IE 279 (30.5) 49 (5.3) 588 (64.2) 86 1002 916 IT 243 (25.5) 89 (9.3) 622 (65.2) 70 1024 954 LU 128 (23.1) 33 (6.0) 393 (70.9) 65 619 554 NL 211 (23.3) 103 (11.4) 592 (65.3) 138 1044 906 PT 125 (13.2) 213 (22.6) 606 (64.2) 56 1000 944 SE 249 (26.4) 52 (5.5) 642 (68.1) 56 999 943 N Sum 3338 1548 10012 1316 16214 N Valid Sum 3338 1548 10012 14898 printed 25.01.2012 page 47 Eurobarometer 61 - February-March 2004,GESIS Variable Report,72,ZA4056
v43,v43 1 2 3 4 N Sum N Valid Sum,Q5 PERSONAL SITUATION - FIVE YEARS AGO,isocntry M AT 231 (22.8) 496 (49.0) 286 (28.2) 39 1052 1013 BE 287 (28.9) 455 (45.8) 251 (25.3) 19 1012 993 DE-E 158 (15.5) 372 (36.4) 491 (48.1) 11 1032 1021 DE-W 187 (18.2) 397 (38.7) 442 (43.1) 11 1037 1026 DK 482 (48.4) 348 (35.0) 165 (16.6) 6 1001 995 ES 377 (37.9) 499 (50.2) 119 (12.0) 5 1000 995 FI 484 (47.3) 381 (37.2) 159 (15.5) 3 1027 1024 FR 308 (30.6) 348 (34.6) 351 (34.9) 12 1019 1007 GB-GBN 479 (46.8) 334 (32.6) 210 (20.5) 12 1035 1023 GB-NIR 158 (51.6) 101 (33.0) 47 (15.4) 2 308 306 GR 407 (40.7) 298 (29.8) 296 (29.6) 4 1005 1001 IE 533 (54.7) 308 (31.6) 133 (13.7) 27 1001 974 IT 349 (34.4) 336 (33.1) 329 (32.4) 11 1025 1014 LU 267 (43.5) 261 (42.5) 86 (14.0) 5 619 614 NL 427 (41.2) 297 (28.6) 313 (30.2) 6 1043 1037 PT 254 (25.7) 296 (29.9) 439 (44.4) 11 1000 989 SE 500 (50.1) 300 (30.1) 198 (19.8) 2 1000 998 N Sum 5888 5827 4315 186 16216 N Valid Sum 5888 5827 4315 16030 printed 25.01.2012 page 48 Eurobarometer 61 - February-March 2004,isocntry M AT 231 (22.8) 496 (49.0) 286 (28.2) 39 1052 1013 BE 287 (28.9) 455 (45.8) 251 (25.3) 19 1012 993 DE-E 158 (15.5) 372 (36.4) 491 (48.1) 11 1032 1021 DE-W 187 (18.2) 397 (38.7) 442 (43.1) 11 1037 1026 DK 482 (48.4) 348 (35.0) 165 (16.6) 6 1001 995 ES 377 (37.9) 499 (50.2) 119 (12.0) 5 1000 995 FI 484 (47.3) 381 (37.2) 159 (15.5) 3 1027 1024 FR 308 (30.6) 348 (34.6) 351 (34.9) 12 1019 1007 GB-GBN 479 (46.8) 334 (32.6) 210 (20.5) 12 1035 1023 GB-NIR 158 (51.6) 101 (33.0) 47 (15.4) 2 308 306 GR 407 (40.7) 298 (29.8) 296 (29.6) 4 1005 1001 IE 533 (54.7) 308 (31.6) 133 (13.7) 27 1001 974 IT 349 (34.4) 336 (33.1) 329 (32.4) 11 1025 1014 LU 267 (43.5) 261 (42.5) 86 (14.0) 5 619 614 NL 427 (41.2) 297 (28.6) 313 (30.2) 6 1043 1037 PT 254 (25.7) 296 (29.9) 439 (44.4) 11 1000 989 SE 500 (50.1) 300 (30.1) 198 (19.8) 2 1000 998 N Sum 5888 5827 4315 186 16216 N Valid Sum 5888 5827 4315 16030 printed 25.01.2012 page 48 Eurobarometer 61 - February-March 2004,GESIS Variable Report,73,ZA4056
v44,v44 1 2 3 4 N Sum N Valid Sum,Q6 PERSONAL SITUATION - NEXT FIVE YEARS,isocntry M AT 254 (25.9) 562 (57.2) 166 (16.9) 70 1052 982 BE 344 (36.4) 486 (51.4) 115 (12.2) 67 1012 945 DE-E 172 (18.0) 449 (46.9) 337 (35.2) 74 1032 958 DE-W 196 (20.5) 450 (47.0) 312 (32.6) 79 1037 958 DK 392 (40.2) 502 (51.5) 80 (8.2) 26 1000 974 ES 504 (53.2) 400 (42.2) 44 (4.6) 51 999 948 FI 450 (44.4) 483 (47.7) 80 (7.9) 14 1027 1013 FR 443 (45.8) 377 (38.9) 148 (15.3) 51 1019 968 GB-GBN 520 (52.7) 363 (36.8) 104 (10.5) 48 1035 987 GB-NIR 160 (53.2) 117 (38.9) 24 (8.0) 7 308 301 GR 513 (55.8) 310 (33.7) 96 (10.4) 86 1005 919 IE 500 (55.7) 313 (34.9) 85 (9.5) 103 1001 898 IT 456 (49.2) 331 (35.7) 139 (15.0) 99 1025 926 LU 264 (43.6) 308 (50.8) 34 (5.6) 14 620 606 NL 375 (37.3) 458 (45.6) 172 (17.1) 39 1044 1005 PT 494 (54.3) 291 (32.0) 125 (13.7) 90 1000 910 SE 455 (46.8) 417 (42.9) 101 (10.4) 27 1000 973 N Sum 6492 6617 2162 945 16216 N Valid Sum 6492 6617 2162 15271 printed 25.01.2012 page 49 Eurobarometer 61 - February-March 2004,isocntry M AT 254 (25.9) 562 (57.2) 166 (16.9) 70 1052 982 BE 344 (36.4) 486 (51.4) 115 (12.2) 67 1012 945 DE-E 172 (18.0) 449 (46.9) 337 (35.2) 74 1032 958 DE-W 196 (20.5) 450 (47.0) 312 (32.6) 79 1037 958 DK 392 (40.2) 502 (51.5) 80 (8.2) 26 1000 974 ES 504 (53.2) 400 (42.2) 44 (4.6) 51 999 948 FI 450 (44.4) 483 (47.7) 80 (7.9) 14 1027 1013 FR 443 (45.8) 377 (38.9) 148 (15.3) 51 1019 968 GB-GBN 520 (52.7) 363 (36.8) 104 (10.5) 48 1035 987 GB-NIR 160 (53.2) 117 (38.9) 24 (8.0) 7 308 301 GR 513 (55.8) 310 (33.7) 96 (10.4) 86 1005 919 IE 500 (55.7) 313 (34.9) 85 (9.5) 103 1001 898 IT 456 (49.2) 331 (35.7) 139 (15.0) 99 1025 926 LU 264 (43.6) 308 (50.8) 34 (5.6) 14 620 606 NL 375 (37.3) 458 (45.6) 172 (17.1) 39 1044 1005 PT 494 (54.3) 291 (32.0) 125 (13.7) 90 1000 910 SE 455 (46.8) 417 (42.9) 101 (10.4) 27 1000 973 N Sum 6492 6617 2162 945 16216 N Valid Sum 6492 6617 2162 15271 printed 25.01.2012 page 49 Eurobarometer 61 - February-March 2004,GESIS Variable Report,74,ZA4056
v45,v45 1 2 3 N Sum N Valid Sum,Q7 TRUST IN INSTITUTIONS: THE PRESS,isocntry M AT 512 (52.8) 457 (47.2) 84 1053 969 BE 599 (61.4) 376 (38.6) 38 1013 975 DE-E 406 (42.2) 555 (57.8) 71 1032 961 DE-W 465 (48.5) 493 (51.5) 79 1037 958 DK 508 (54.3) 428 (45.7) 65 1001 936 ES 605 (63.9) 342 (36.1) 53 1000 947 FI 575 (57.5) 425 (42.5) 27 1027 1000 FR 606 (62.6) 362 (37.4) 50 1018 968 GB-GBN 205 (21.3) 756 (78.7) 73 1034 961 GB-NIR 70 (24.4) 217 (75.6) 21 308 287 GR 460 (47.3) 513 (52.7) 32 1005 973 IE 469 (51.0) 450 (49.0) 82 1001 919 IT 446 (48.2) 480 (51.8) 99 1025 926 LU 345 (60.4) 226 (39.6) 48 619 571 NL 606 (62.9) 357 (37.1) 81 1044 963 PT 530 (59.6) 359 (40.4) 111 1000 889 SE 379 (39.1) 590 (60.9) 31 1000 969 N Sum 7786 7386 1045 16217 N Valid Sum 7786 7386 15172 printed 25.01.2012 page 50 Eurobarometer 61 - February-March 2004,isocntry M AT 512 (52.8) 457 (47.2) 84 1053 969 BE 599 (61.4) 376 (38.6) 38 1013 975 DE-E 406 (42.2) 555 (57.8) 71 1032 961 DE-W 465 (48.5) 493 (51.5) 79 1037 958 DK 508 (54.3) 428 (45.7) 65 1001 936 ES 605 (63.9) 342 (36.1) 53 1000 947 FI 575 (57.5) 425 (42.5) 27 1027 1000 FR 606 (62.6) 362 (37.4) 50 1018 968 GB-GBN 205 (21.3) 756 (78.7) 73 1034 961 GB-NIR 70 (24.4) 217 (75.6) 21 308 287 GR 460 (47.3) 513 (52.7) 32 1005 973 IE 469 (51.0) 450 (49.0) 82 1001 919 IT 446 (48.2) 480 (51.8) 99 1025 926 LU 345 (60.4) 226 (39.6) 48 619 571 NL 606 (62.9) 357 (37.1) 81 1044 963 PT 530 (59.6) 359 (40.4) 111 1000 889 SE 379 (39.1) 590 (60.9) 31 1000 969 N Sum 7786 7386 1045 16217 N Valid Sum 7786 7386 15172 printed 25.01.2012 page 50 Eurobarometer 61 - February-March 2004,GESIS Variable Report,75,ZA4056
v46,v46 1 2 3 N Sum N Valid Sum,Q7 TRUST IN INSTITUTIONS: RADIO,isocntry M AT 622 (63.4) 359 (36.6) 71 1052 981 BE 694 (71.6) 275 (28.4) 43 1012 969 DE-E 585 (61.5) 366 (38.5) 80 1031 951 DE-W 671 (70.6) 280 (29.4) 85 1036 951 DK 739 (78.8) 199 (21.2) 62 1000 938 ES 667 (70.8) 275 (29.2) 59 1001 942 FI 821 (83.6) 161 (16.4) 45 1027 982 FR 683 (70.4) 287 (29.6) 50 1020 970 GB-GBN 604 (66.7) 301 (33.3) 130 1035 905 GB-NIR 200 (70.4) 84 (29.6) 24 308 284 GR 575 (59.4) 393 (40.6) 37 1005 968 IE 748 (79.0) 199 (21.0) 54 1001 947 IT 559 (63.9) 316 (36.1) 150 1025 875 LU 383 (66.6) 192 (33.4) 43 618 575 NL 713 (75.1) 237 (24.9) 94 1044 950 PT 635 (70.1) 271 (29.9) 93 999 906 SE 762 (79.2) 200 (20.8) 38 1000 962 N Sum 10661 4395 1158 16214 N Valid Sum 10661 4395 15056 printed 25.01.2012 page 51 Eurobarometer 61 - February-March 2004,isocntry M AT 622 (63.4) 359 (36.6) 71 1052 981 BE 694 (71.6) 275 (28.4) 43 1012 969 DE-E 585 (61.5) 366 (38.5) 80 1031 951 DE-W 671 (70.6) 280 (29.4) 85 1036 951 DK 739 (78.8) 199 (21.2) 62 1000 938 ES 667 (70.8) 275 (29.2) 59 1001 942 FI 821 (83.6) 161 (16.4) 45 1027 982 FR 683 (70.4) 287 (29.6) 50 1020 970 GB-GBN 604 (66.7) 301 (33.3) 130 1035 905 GB-NIR 200 (70.4) 84 (29.6) 24 308 284 GR 575 (59.4) 393 (40.6) 37 1005 968 IE 748 (79.0) 199 (21.0) 54 1001 947 IT 559 (63.9) 316 (36.1) 150 1025 875 LU 383 (66.6) 192 (33.4) 43 618 575 NL 713 (75.1) 237 (24.9) 94 1044 950 PT 635 (70.1) 271 (29.9) 93 999 906 SE 762 (79.2) 200 (20.8) 38 1000 962 N Sum 10661 4395 1158 16214 N Valid Sum 10661 4395 15056 printed 25.01.2012 page 51 Eurobarometer 61 - February-March 2004,GESIS Variable Report,76,ZA4056
v47,v47 1 2 3 N Sum N Valid Sum,Q7 TRUST IN INSTITUTIONS: TELEVISION,isocntry M AT 630 (63.5) 362 (36.5) 60 1052 992 BE 658 (67.4) 318 (32.6) 36 1012 976 DE-E 585 (60.0) 390 (40.0) 57 1032 975 DE-W 623 (64.6) 341 (35.4) 73 1037 964 DK 653 (68.8) 296 (31.2) 51 1000 949 ES 518 (53.8) 444 (46.2) 38 1000 962 FI 744 (74.6) 253 (25.4) 31 1028 997 FR 493 (50.3) 487 (49.7) 39 1019 980 GB-GBN 556 (59.3) 381 (40.7) 98 1035 937 GB-NIR 178 (60.5) 116 (39.5) 14 308 294 GR 511 (51.5) 481 (48.5) 13 1005 992 IE 737 (77.9) 209 (22.1) 54 1000 946 IT 383 (40.9) 554 (59.1) 88 1025 937 LU 372 (63.6) 213 (36.4) 34 619 585 NL 700 (70.8) 289 (29.2) 56 1045 989 PT 656 (69.6) 286 (30.4) 58 1000 942 SE 640 (66.5) 323 (33.5) 36 999 963 N Sum 9637 5743 836 16216 N Valid Sum 9637 5743 15380 printed 25.01.2012 page 52 Eurobarometer 61 - February-March 2004,isocntry M AT 630 (63.5) 362 (36.5) 60 1052 992 BE 658 (67.4) 318 (32.6) 36 1012 976 DE-E 585 (60.0) 390 (40.0) 57 1032 975 DE-W 623 (64.6) 341 (35.4) 73 1037 964 DK 653 (68.8) 296 (31.2) 51 1000 949 ES 518 (53.8) 444 (46.2) 38 1000 962 FI 744 (74.6) 253 (25.4) 31 1028 997 FR 493 (50.3) 487 (49.7) 39 1019 980 GB-GBN 556 (59.3) 381 (40.7) 98 1035 937 GB-NIR 178 (60.5) 116 (39.5) 14 308 294 GR 511 (51.5) 481 (48.5) 13 1005 992 IE 737 (77.9) 209 (22.1) 54 1000 946 IT 383 (40.9) 554 (59.1) 88 1025 937 LU 372 (63.6) 213 (36.4) 34 619 585 NL 700 (70.8) 289 (29.2) 56 1045 989 PT 656 (69.6) 286 (30.4) 58 1000 942 SE 640 (66.5) 323 (33.5) 36 999 963 N Sum 9637 5743 836 16216 N Valid Sum 9637 5743 15380 printed 25.01.2012 page 52 Eurobarometer 61 - February-March 2004,GESIS Variable Report,77,ZA4056
v48,v48 1 2 3 N Sum N Valid Sum,Q7 TRUST IN INSTITUTIONS: JUSTICE,isocntry M AT 717 (74.5) 246 (25.5) 88 1051 963 BE 299 (31.3) 655 (68.7) 58 1012 954 DE-E 459 (49.1) 476 (50.9) 97 1032 935 DE-W 608 (63.7) 347 (36.3) 82 1037 955 DK 759 (79.8) 192 (20.2) 49 1000 951 ES 469 (49.3) 482 (50.7) 50 1001 951 FI 706 (71.7) 279 (28.3) 41 1026 985 FR 428 (44.1) 543 (55.9) 48 1019 971 GB-GBN 382 (42.3) 521 (57.7) 132 1035 903 GB-NIR 149 (52.7) 134 (47.3) 25 308 283 GR 731 (74.9) 245 (25.1) 29 1005 976 IE 498 (55.1) 406 (44.9) 98 1002 904 IT 470 (51.2) 448 (48.8) 107 1025 918 LU 353 (63.6) 202 (36.4) 65 620 555 NL 515 (53.1) 455 (46.9) 74 1044 970 PT 357 (38.6) 568 (61.4) 75 1000 925 SE 574 (60.2) 380 (39.8) 46 1000 954 N Sum 8474 6579 1164 16217 N Valid Sum 8474 6579 15053 printed 25.01.2012 page 53 Eurobarometer 61 - February-March 2004,isocntry M AT 717 (74.5) 246 (25.5) 88 1051 963 BE 299 (31.3) 655 (68.7) 58 1012 954 DE-E 459 (49.1) 476 (50.9) 97 1032 935 DE-W 608 (63.7) 347 (36.3) 82 1037 955 DK 759 (79.8) 192 (20.2) 49 1000 951 ES 469 (49.3) 482 (50.7) 50 1001 951 FI 706 (71.7) 279 (28.3) 41 1026 985 FR 428 (44.1) 543 (55.9) 48 1019 971 GB-GBN 382 (42.3) 521 (57.7) 132 1035 903 GB-NIR 149 (52.7) 134 (47.3) 25 308 283 GR 731 (74.9) 245 (25.1) 29 1005 976 IE 498 (55.1) 406 (44.9) 98 1002 904 IT 470 (51.2) 448 (48.8) 107 1025 918 LU 353 (63.6) 202 (36.4) 65 620 555 NL 515 (53.1) 455 (46.9) 74 1044 970 PT 357 (38.6) 568 (61.4) 75 1000 925 SE 574 (60.2) 380 (39.8) 46 1000 954 N Sum 8474 6579 1164 16217 N Valid Sum 8474 6579 15053 printed 25.01.2012 page 53 Eurobarometer 61 - February-March 2004,GESIS Variable Report,78,ZA4056
v49,v49 1 2 3 N Sum N Valid Sum,Q7 TRUST IN INSTITUTIONS: THE POLICE,isocntry M AT 799 (80.1) 198 (19.9) 55 1052 997 BE 525 (54.3) 441 (45.7) 46 1012 966 DE-E 688 (72.5) 261 (27.5) 83 1032 949 DE-W 797 (80.4) 194 (19.6) 46 1037 991 DK 856 (87.8) 119 (12.2) 25 1000 975 ES 585 (61.5) 366 (38.5) 50 1001 951 FI 902 (88.8) 114 (11.2) 11 1027 1016 FR 558 (57.3) 416 (42.7) 44 1018 974 GB-GBN 571 (61.3) 360 (38.7) 104 1035 931 GB-NIR 195 (68.2) 91 (31.8) 22 308 286 GR 722 (73.5) 260 (26.5) 23 1005 982 IE 624 (66.9) 309 (33.1) 68 1001 933 IT 723 (76.4) 223 (23.6) 79 1025 946 LU 402 (68.6) 184 (31.4) 33 619 586 NL 600 (60.6) 390 (39.4) 54 1044 990 PT 587 (61.8) 363 (38.2) 50 1000 950 SE 701 (71.6) 278 (28.4) 22 1001 979 N Sum 10835 4567 815 16217 N Valid Sum 10835 4567 15402 printed 25.01.2012 page 54 Eurobarometer 61 - February-March 2004,isocntry M AT 799 (80.1) 198 (19.9) 55 1052 997 BE 525 (54.3) 441 (45.7) 46 1012 966 DE-E 688 (72.5) 261 (27.5) 83 1032 949 DE-W 797 (80.4) 194 (19.6) 46 1037 991 DK 856 (87.8) 119 (12.2) 25 1000 975 ES 585 (61.5) 366 (38.5) 50 1001 951 FI 902 (88.8) 114 (11.2) 11 1027 1016 FR 558 (57.3) 416 (42.7) 44 1018 974 GB-GBN 571 (61.3) 360 (38.7) 104 1035 931 GB-NIR 195 (68.2) 91 (31.8) 22 308 286 GR 722 (73.5) 260 (26.5) 23 1005 982 IE 624 (66.9) 309 (33.1) 68 1001 933 IT 723 (76.4) 223 (23.6) 79 1025 946 LU 402 (68.6) 184 (31.4) 33 619 586 NL 600 (60.6) 390 (39.4) 54 1044 990 PT 587 (61.8) 363 (38.2) 50 1000 950 SE 701 (71.6) 278 (28.4) 22 1001 979 N Sum 10835 4567 815 16217 N Valid Sum 10835 4567 15402 printed 25.01.2012 page 54 Eurobarometer 61 - February-March 2004,GESIS Variable Report,79,ZA4056
v50,v50 1 2 3 N Sum N Valid Sum,Q7 TRUST IN INSTITUTIONS: THE ARMY,isocntry M AT 652 (69.7) 284 (30.3) 116 1052 936 BE 524 (60.0) 349 (40.0) 139 1012 873 DE-E 604 (70.2) 257 (29.8) 171 1032 861 DE-W 640 (71.3) 258 (28.7) 138 1036 898 DK 670 (77.0) 200 (23.0) 130 1000 870 ES 547 (58.8) 383 (41.2) 70 1000 930 FI 911 (92.2) 77 (7.8) 40 1028 988 FR 595 (64.2) 332 (35.8) 92 1019 927 GB-GBN 691 (77.3) 203 (22.7) 141 1035 894 GB-NIR 193 (72.0) 75 (28.0) 41 309 268 GR 844 (85.7) 141 (14.3) 20 1005 985 IE 756 (85.2) 131 (14.8) 114 1001 887 IT 744 (80.0) 186 (20.0) 95 1025 930 LU 383 (71.5) 153 (28.5) 83 619 536 NL 556 (62.5) 333 (37.5) 155 1044 889 PT 702 (77.9) 199 (22.1) 100 1001 901 SE 514 (56.2) 401 (43.8) 86 1001 915 N Sum 10526 3962 1731 16219 N Valid Sum 10526 3962 14488 printed 25.01.2012 page 55 Eurobarometer 61 - February-March 2004,isocntry M AT 652 (69.7) 284 (30.3) 116 1052 936 BE 524 (60.0) 349 (40.0) 139 1012 873 DE-E 604 (70.2) 257 (29.8) 171 1032 861 DE-W 640 (71.3) 258 (28.7) 138 1036 898 DK 670 (77.0) 200 (23.0) 130 1000 870 ES 547 (58.8) 383 (41.2) 70 1000 930 FI 911 (92.2) 77 (7.8) 40 1028 988 FR 595 (64.2) 332 (35.8) 92 1019 927 GB-GBN 691 (77.3) 203 (22.7) 141 1035 894 GB-NIR 193 (72.0) 75 (28.0) 41 309 268 GR 844 (85.7) 141 (14.3) 20 1005 985 IE 756 (85.2) 131 (14.8) 114 1001 887 IT 744 (80.0) 186 (20.0) 95 1025 930 LU 383 (71.5) 153 (28.5) 83 619 536 NL 556 (62.5) 333 (37.5) 155 1044 889 PT 702 (77.9) 199 (22.1) 100 1001 901 SE 514 (56.2) 401 (43.8) 86 1001 915 N Sum 10526 3962 1731 16219 N Valid Sum 10526 3962 14488 printed 25.01.2012 page 55 Eurobarometer 61 - February-March 2004,GESIS Variable Report,80,ZA4056
v51,v51 1 2 3 N Sum N Valid Sum,Q7 TRUST IN INSTITUTIONS: RELIGIOUS INST,isocntry M AT 449 (47.8) 490 (52.2) 113 1052 939 BE 335 (38.1) 545 (61.9) 132 1012 880 DE-E 252 (30.9) 564 (69.1) 216 1032 816 DE-W 418 (47.7) 459 (52.3) 160 1037 877 DK 742 (82.7) 155 (17.3) 103 1000 897 ES 348 (37.5) 581 (62.5) 71 1000 929 FI 729 (76.0) 230 (24.0) 68 1027 959 FR 331 (38.4) 531 (61.6) 157 1019 862 GB-GBN 380 (44.5) 473 (55.5) 182 1035 853 GB-NIR 180 (67.2) 88 (32.8) 39 307 268 GR 610 (62.9) 360 (37.1) 35 1005 970 IE 377 (43.7) 485 (56.3) 139 1001 862 IT 565 (62.3) 342 (37.7) 118 1025 907 LU 231 (41.8) 322 (58.2) 66 619 553 NL 386 (44.3) 485 (55.7) 173 1044 871 PT 626 (67.2) 306 (32.8) 68 1000 932 SE 210 (22.3) 730 (77.7) 60 1000 940 N Sum 7169 7146 1900 16215 N Valid Sum 7169 7146 14315 printed 25.01.2012 page 56 Eurobarometer 61 - February-March 2004,isocntry M AT 449 (47.8) 490 (52.2) 113 1052 939 BE 335 (38.1) 545 (61.9) 132 1012 880 DE-E 252 (30.9) 564 (69.1) 216 1032 816 DE-W 418 (47.7) 459 (52.3) 160 1037 877 DK 742 (82.7) 155 (17.3) 103 1000 897 ES 348 (37.5) 581 (62.5) 71 1000 929 FI 729 (76.0) 230 (24.0) 68 1027 959 FR 331 (38.4) 531 (61.6) 157 1019 862 GB-GBN 380 (44.5) 473 (55.5) 182 1035 853 GB-NIR 180 (67.2) 88 (32.8) 39 307 268 GR 610 (62.9) 360 (37.1) 35 1005 970 IE 377 (43.7) 485 (56.3) 139 1001 862 IT 565 (62.3) 342 (37.7) 118 1025 907 LU 231 (41.8) 322 (58.2) 66 619 553 NL 386 (44.3) 485 (55.7) 173 1044 871 PT 626 (67.2) 306 (32.8) 68 1000 932 SE 210 (22.3) 730 (77.7) 60 1000 940 N Sum 7169 7146 1900 16215 N Valid Sum 7169 7146 14315 printed 25.01.2012 page 56 Eurobarometer 61 - February-March 2004,GESIS Variable Report,81,ZA4056
v52,v52 1 2 3 N Sum N Valid Sum,Q7 TRUST IN INSTITUTIONS: TRADE UNIONS,isocntry M AT 404 (44.6) 501 (55.4) 147 1052 905 BE 437 (48.2) 469 (51.8) 106 1012 906 DE-E 320 (38.1) 519 (61.9) 193 1032 839 DE-W 276 (30.8) 619 (69.2) 142 1037 895 DK 512 (58.4) 364 (41.6) 124 1000 876 ES 373 (41.3) 530 (58.7) 97 1000 903 FI 543 (58.9) 379 (41.1) 104 1026 922 FR 350 (39.3) 541 (60.7) 128 1019 891 GB-GBN 345 (43.9) 440 (56.1) 251 1036 785 GB-NIR 131 (53.9) 112 (46.1) 65 308 243 GR 498 (52.8) 446 (47.2) 62 1006 944 IE 484 (60.8) 312 (39.2) 204 1000 796 IT 358 (40.0) 537 (60.0) 130 1025 895 LU 291 (52.4) 264 (47.6) 64 619 555 NL 563 (63.1) 329 (36.9) 152 1044 892 PT 403 (44.5) 502 (55.5) 96 1001 905 SE 494 (52.9) 440 (47.1) 66 1000 934 N Sum 6782 7304 2131 16217 N Valid Sum 6782 7304 14086 printed 25.01.2012 page 57 Eurobarometer 61 - February-March 2004,isocntry M AT 404 (44.6) 501 (55.4) 147 1052 905 BE 437 (48.2) 469 (51.8) 106 1012 906 DE-E 320 (38.1) 519 (61.9) 193 1032 839 DE-W 276 (30.8) 619 (69.2) 142 1037 895 DK 512 (58.4) 364 (41.6) 124 1000 876 ES 373 (41.3) 530 (58.7) 97 1000 903 FI 543 (58.9) 379 (41.1) 104 1026 922 FR 350 (39.3) 541 (60.7) 128 1019 891 GB-GBN 345 (43.9) 440 (56.1) 251 1036 785 GB-NIR 131 (53.9) 112 (46.1) 65 308 243 GR 498 (52.8) 446 (47.2) 62 1006 944 IE 484 (60.8) 312 (39.2) 204 1000 796 IT 358 (40.0) 537 (60.0) 130 1025 895 LU 291 (52.4) 264 (47.6) 64 619 555 NL 563 (63.1) 329 (36.9) 152 1044 892 PT 403 (44.5) 502 (55.5) 96 1001 905 SE 494 (52.9) 440 (47.1) 66 1000 934 N Sum 6782 7304 2131 16217 N Valid Sum 6782 7304 14086 printed 25.01.2012 page 57 Eurobarometer 61 - February-March 2004,GESIS Variable Report,82,ZA4056
v53,v53 1 2 3 N Sum N Valid Sum,Q7 TRUST IN INSTITUTIONS: POLIT PARTIES,isocntry M AT 195 (20.8) 743 (79.2) 113 1051 938 BE 200 (21.3) 739 (78.7) 73 1012 939 DE-E 84 (8.9) 857 (91.1) 91 1032 941 DE-W 125 (13.1) 829 (86.9) 84 1038 954 DK 323 (36.4) 565 (63.6) 112 1000 888 ES 270 (29.2) 654 (70.8) 76 1000 924 FI 212 (22.2) 741 (77.8) 74 1027 953 FR 136 (14.5) 801 (85.5) 82 1019 937 GB-GBN 104 (11.4) 812 (88.6) 120 1036 916 GB-NIR 46 (16.6) 231 (83.4) 31 308 277 GR 282 (29.3) 680 (70.7) 43 1005 962 IE 233 (26.7) 641 (73.3) 127 1001 874 IT 131 (14.0) 802 (86.0) 91 1024 933 LU 194 (36.7) 335 (63.3) 89 618 529 NL 284 (29.7) 671 (70.3) 89 1044 955 PT 163 (17.1) 792 (82.9) 45 1000 955 SE 209 (22.0) 740 (78.0) 52 1001 949 N Sum 3191 11633 1392 16216 N Valid Sum 3191 11633 14824 printed 25.01.2012 page 58 Eurobarometer 61 - February-March 2004,isocntry M AT 195 (20.8) 743 (79.2) 113 1051 938 BE 200 (21.3) 739 (78.7) 73 1012 939 DE-E 84 (8.9) 857 (91.1) 91 1032 941 DE-W 125 (13.1) 829 (86.9) 84 1038 954 DK 323 (36.4) 565 (63.6) 112 1000 888 ES 270 (29.2) 654 (70.8) 76 1000 924 FI 212 (22.2) 741 (77.8) 74 1027 953 FR 136 (14.5) 801 (85.5) 82 1019 937 GB-GBN 104 (11.4) 812 (88.6) 120 1036 916 GB-NIR 46 (16.6) 231 (83.4) 31 308 277 GR 282 (29.3) 680 (70.7) 43 1005 962 IE 233 (26.7) 641 (73.3) 127 1001 874 IT 131 (14.0) 802 (86.0) 91 1024 933 LU 194 (36.7) 335 (63.3) 89 618 529 NL 284 (29.7) 671 (70.3) 89 1044 955 PT 163 (17.1) 792 (82.9) 45 1000 955 SE 209 (22.0) 740 (78.0) 52 1001 949 N Sum 3191 11633 1392 16216 N Valid Sum 3191 11633 14824 printed 25.01.2012 page 58 Eurobarometer 61 - February-March 2004,GESIS Variable Report,83,ZA4056
v54,v54 1 2 3 N Sum N Valid Sum,Q7 TRUST IN INSTITUTIONS: BIG COMPANIES,isocntry M AT 356 (39.2) 552 (60.8) 145 1053 908 BE 372 (41.7) 521 (58.3) 119 1012 893 DE-E 206 (23.5) 669 (76.5) 157 1032 875 DE-W 213 (23.8) 682 (76.2) 142 1037 895 DK 473 (54.6) 393 (45.4) 134 1000 866 ES 355 (39.5) 544 (60.5) 101 1000 899 FI 334 (35.5) 608 (64.5) 84 1026 942 FR 299 (32.5) 621 (67.5) 99 1019 920 GB-GBN 200 (22.9) 674 (77.1) 161 1035 874 GB-NIR 70 (25.4) 206 (74.6) 31 307 276 GR 271 (29.0) 663 (71.0) 72 1006 934 IE 337 (41.5) 475 (58.5) 189 1001 812 IT 248 (28.3) 627 (71.7) 150 1025 875 LU 236 (43.5) 306 (56.5) 77 619 542 NL 311 (33.8) 609 (66.2) 124 1044 920 PT 388 (43.2) 511 (56.8) 100 999 899 SE 258 (27.4) 684 (72.6) 57 999 942 N Sum 4927 9345 1942 16214 N Valid Sum 4927 9345 14272 printed 25.01.2012 page 59 Eurobarometer 61 - February-March 2004,isocntry M AT 356 (39.2) 552 (60.8) 145 1053 908 BE 372 (41.7) 521 (58.3) 119 1012 893 DE-E 206 (23.5) 669 (76.5) 157 1032 875 DE-W 213 (23.8) 682 (76.2) 142 1037 895 DK 473 (54.6) 393 (45.4) 134 1000 866 ES 355 (39.5) 544 (60.5) 101 1000 899 FI 334 (35.5) 608 (64.5) 84 1026 942 FR 299 (32.5) 621 (67.5) 99 1019 920 GB-GBN 200 (22.9) 674 (77.1) 161 1035 874 GB-NIR 70 (25.4) 206 (74.6) 31 307 276 GR 271 (29.0) 663 (71.0) 72 1006 934 IE 337 (41.5) 475 (58.5) 189 1001 812 IT 248 (28.3) 627 (71.7) 150 1025 875 LU 236 (43.5) 306 (56.5) 77 619 542 NL 311 (33.8) 609 (66.2) 124 1044 920 PT 388 (43.2) 511 (56.8) 100 999 899 SE 258 (27.4) 684 (72.6) 57 999 942 N Sum 4927 9345 1942 16214 N Valid Sum 4927 9345 14272 printed 25.01.2012 page 59 Eurobarometer 61 - February-March 2004,GESIS Variable Report,84,ZA4056
v55,v55 1 2 3 N Sum N Valid Sum,Q7 TRUST IN INSTITUTIONS: NAT GOVERNMENT,isocntry M AT 410 (44.0) 522 (56.0) 120 1052 932 BE 346 (37.3) 581 (62.7) 85 1012 927 DE-E 208 (21.9) 743 (78.1) 81 1032 951 DE-W 240 (25.6) 699 (74.4) 98 1037 939 DK 442 (47.2) 495 (52.8) 62 999 937 ES 417 (44.4) 523 (55.6) 60 1000 940 FI 605 (62.1) 369 (37.9) 53 1027 974 FR 295 (31.5) 642 (68.5) 82 1019 937 GB-GBN 200 (22.0) 710 (78.0) 125 1035 910 GB-NIR 63 (22.3) 220 (77.7) 25 308 283 GR 553 (58.5) 393 (41.5) 59 1005 946 IE 387 (43.2) 509 (56.8) 106 1002 896 IT 270 (29.5) 645 (70.5) 110 1025 915 LU 375 (67.7) 179 (32.3) 65 619 554 NL 406 (41.2) 580 (58.8) 58 1044 986 PT 340 (35.5) 617 (64.5) 42 999 957 SE 484 (51.0) 465 (49.0) 51 1000 949 N Sum 6041 8892 1282 16215 N Valid Sum 6041 8892 14933 printed 25.01.2012 page 60 Eurobarometer 61 - February-March 2004,isocntry M AT 410 (44.0) 522 (56.0) 120 1052 932 BE 346 (37.3) 581 (62.7) 85 1012 927 DE-E 208 (21.9) 743 (78.1) 81 1032 951 DE-W 240 (25.6) 699 (74.4) 98 1037 939 DK 442 (47.2) 495 (52.8) 62 999 937 ES 417 (44.4) 523 (55.6) 60 1000 940 FI 605 (62.1) 369 (37.9) 53 1027 974 FR 295 (31.5) 642 (68.5) 82 1019 937 GB-GBN 200 (22.0) 710 (78.0) 125 1035 910 GB-NIR 63 (22.3) 220 (77.7) 25 308 283 GR 553 (58.5) 393 (41.5) 59 1005 946 IE 387 (43.2) 509 (56.8) 106 1002 896 IT 270 (29.5) 645 (70.5) 110 1025 915 LU 375 (67.7) 179 (32.3) 65 619 554 NL 406 (41.2) 580 (58.8) 58 1044 986 PT 340 (35.5) 617 (64.5) 42 999 957 SE 484 (51.0) 465 (49.0) 51 1000 949 N Sum 6041 8892 1282 16215 N Valid Sum 6041 8892 14933 printed 25.01.2012 page 60 Eurobarometer 61 - February-March 2004,GESIS Variable Report,85,ZA4056
v56,,Q7 TRUST IN INSTITUTIONS: NAT PARLIAMENT,,Q7 TRUST IN INSTITUTIONS: NAT PARLIAMENT,GESIS Variable Report,86,ZA4056
v57,v57 1 2 3 N Sum N Valid Sum,Q7 TRUST IN INSTITUTIONS: EUROPEAN UNION,isocntry M AT 327 (35.4) 596 (64.6) 130 1053 923 BE 495 (54.7) 410 (45.3) 107 1012 905 DE-E 324 (41.1) 465 (58.9) 244 1033 789 DE-W 374 (44.6) 465 (55.4) 198 1037 839 DK 410 (45.6) 490 (54.4) 100 1000 900 ES 577 (64.2) 322 (35.8) 100 999 899 FI 409 (44.5) 510 (55.5) 109 1028 919 FR 430 (48.8) 451 (51.2) 139 1020 881 GB-GBN 195 (25.5) 569 (74.5) 271 1035 764 GB-NIR 107 (46.5) 123 (53.5) 78 308 230 GR 683 (71.5) 272 (28.5) 50 1005 955 IE 557 (70.5) 233 (29.5) 211 1001 790 IT 556 (66.7) 278 (33.3) 191 1025 834 LU 327 (60.4) 214 (39.6) 78 619 541 NL 402 (45.3) 486 (54.7) 156 1044 888 PT 604 (69.3) 267 (30.7) 128 999 871 SE 285 (30.4) 653 (69.6) 61 999 938 N Sum 7062 6804 2351 16217 N Valid Sum 7062 6804 13866 printed 25.01.2012 page 62 Eurobarometer 61 - February-March 2004,isocntry M AT 327 (35.4) 596 (64.6) 130 1053 923 BE 495 (54.7) 410 (45.3) 107 1012 905 DE-E 324 (41.1) 465 (58.9) 244 1033 789 DE-W 374 (44.6) 465 (55.4) 198 1037 839 DK 410 (45.6) 490 (54.4) 100 1000 900 ES 577 (64.2) 322 (35.8) 100 999 899 FI 409 (44.5) 510 (55.5) 109 1028 919 FR 430 (48.8) 451 (51.2) 139 1020 881 GB-GBN 195 (25.5) 569 (74.5) 271 1035 764 GB-NIR 107 (46.5) 123 (53.5) 78 308 230 GR 683 (71.5) 272 (28.5) 50 1005 955 IE 557 (70.5) 233 (29.5) 211 1001 790 IT 556 (66.7) 278 (33.3) 191 1025 834 LU 327 (60.4) 214 (39.6) 78 619 541 NL 402 (45.3) 486 (54.7) 156 1044 888 PT 604 (69.3) 267 (30.7) 128 999 871 SE 285 (30.4) 653 (69.6) 61 999 938 N Sum 7062 6804 2351 16217 N Valid Sum 7062 6804 13866 printed 25.01.2012 page 62 Eurobarometer 61 - February-March 2004,GESIS Variable Report,87,ZA4056
v58,v58 1 2 3 N Sum N Valid Sum,Q7 TRUST IN INSTITUTIONS: UNITED NATIONS,isocntry M AT 516 (57.1) 387 (42.9) 149 1052 903 BE 437 (50.1) 435 (49.9) 140 1012 872 DE-E 423 (51.1) 404 (48.9) 204 1031 827 DE-W 463 (54.8) 382 (45.2) 192 1037 845 DK 741 (81.0) 174 (19.0) 85 1000 915 ES 559 (63.0) 329 (37.0) 112 1000 888 FI 700 (75.0) 233 (25.0) 95 1028 933 FR 441 (51.4) 417 (48.6) 161 1019 858 GB-GBN 468 (57.5) 346 (42.5) 221 1035 814 GB-NIR 146 (61.1) 93 (38.9) 69 308 239 GR 401 (43.4) 523 (56.6) 80 1004 924 IE 632 (76.4) 195 (23.6) 175 1002 827 IT 517 (61.3) 327 (38.7) 181 1025 844 LU 331 (63.8) 188 (36.2) 100 619 519 NL 537 (59.3) 369 (40.7) 138 1044 906 PT 615 (71.3) 247 (28.7) 137 999 862 SE 763 (80.1) 190 (19.9) 47 1000 953 N Sum 8690 5239 2286 16215 N Valid Sum 8690 5239 13929 printed 25.01.2012 page 63 Eurobarometer 61 - February-March 2004,isocntry M AT 516 (57.1) 387 (42.9) 149 1052 903 BE 437 (50.1) 435 (49.9) 140 1012 872 DE-E 423 (51.1) 404 (48.9) 204 1031 827 DE-W 463 (54.8) 382 (45.2) 192 1037 845 DK 741 (81.0) 174 (19.0) 85 1000 915 ES 559 (63.0) 329 (37.0) 112 1000 888 FI 700 (75.0) 233 (25.0) 95 1028 933 FR 441 (51.4) 417 (48.6) 161 1019 858 GB-GBN 468 (57.5) 346 (42.5) 221 1035 814 GB-NIR 146 (61.1) 93 (38.9) 69 308 239 GR 401 (43.4) 523 (56.6) 80 1004 924 IE 632 (76.4) 195 (23.6) 175 1002 827 IT 517 (61.3) 327 (38.7) 181 1025 844 LU 331 (63.8) 188 (36.2) 100 619 519 NL 537 (59.3) 369 (40.7) 138 1044 906 PT 615 (71.3) 247 (28.7) 137 999 862 SE 763 (80.1) 190 (19.9) 47 1000 953 N Sum 8690 5239 2286 16215 N Valid Sum 8690 5239 13929 printed 25.01.2012 page 63 Eurobarometer 61 - February-March 2004,GESIS Variable Report,88,ZA4056
v59,v59 1 2 3 N Sum N Valid Sum,Q7 TRUST IN INSTITUTIONS: CHARITIES,isocntry M AT 601 (65.8) 313 (34.2) 138 1052 914 BE 646 (69.1) 289 (30.9) 77 1012 935 DE-E 479 (57.6) 352 (42.4) 201 1032 831 DE-W 541 (62.2) 329 (37.8) 167 1037 870 DK 632 (69.8) 273 (30.2) 95 1000 905 ES 653 (71.3) 263 (28.7) 84 1000 916 FI 574 (60.2) 380 (39.8) 74 1028 954 FR 690 (74.1) 241 (25.9) 88 1019 931 GB-GBN 677 (74.6) 231 (25.4) 127 1035 908 GB-NIR 202 (72.9) 75 (27.1) 32 309 277 GR 638 (66.9) 315 (33.1) 52 1005 953 IE 644 (74.6) 219 (25.4) 138 1001 863 IT 626 (70.0) 268 (30.0) 131 1025 894 LU 382 (70.1) 163 (29.9) 74 619 545 NL 626 (67.1) 307 (32.9) 111 1044 933 PT 679 (74.4) 234 (25.6) 87 1000 913 SE 455 (49.3) 468 (50.7) 77 1000 923 N Sum 9745 4720 1753 16218 N Valid Sum 9745 4720 14465 printed 25.01.2012 page 64 Eurobarometer 61 - February-March 2004,isocntry M AT 601 (65.8) 313 (34.2) 138 1052 914 BE 646 (69.1) 289 (30.9) 77 1012 935 DE-E 479 (57.6) 352 (42.4) 201 1032 831 DE-W 541 (62.2) 329 (37.8) 167 1037 870 DK 632 (69.8) 273 (30.2) 95 1000 905 ES 653 (71.3) 263 (28.7) 84 1000 916 FI 574 (60.2) 380 (39.8) 74 1028 954 FR 690 (74.1) 241 (25.9) 88 1019 931 GB-GBN 677 (74.6) 231 (25.4) 127 1035 908 GB-NIR 202 (72.9) 75 (27.1) 32 309 277 GR 638 (66.9) 315 (33.1) 52 1005 953 IE 644 (74.6) 219 (25.4) 138 1001 863 IT 626 (70.0) 268 (30.0) 131 1025 894 LU 382 (70.1) 163 (29.9) 74 619 545 NL 626 (67.1) 307 (32.9) 111 1044 933 PT 679 (74.4) 234 (25.6) 87 1000 913 SE 455 (49.3) 468 (50.7) 77 1000 923 N Sum 9745 4720 1753 16218 N Valid Sum 9745 4720 14465 printed 25.01.2012 page 64 Eurobarometer 61 - February-March 2004,GESIS Variable Report,89,ZA4056
v60,v60 1 2 3 4 N Sum N Valid Sum,Q8 EU MEMBERSHIP - GOOD/BAD,isocntry M AT 312 (31.3) 379 (38.1) 305 (30.6) 56 1052 996 BE 572 (59.3) 294 (30.5) 98 (10.2) 47 1011 964 DE-E 396 (41.3) 425 (44.4) 137 (14.3) 74 1032 958 DE-W 479 (49.5) 339 (35.0) 150 (15.5) 69 1037 968 DK 535 (55.4) 229 (23.7) 201 (20.8) 35 1000 965 ES 643 (66.8) 221 (22.9) 99 (10.3) 37 1000 963 FI 475 (47.1) 323 (32.0) 210 (20.8) 19 1027 1008 FR 442 (44.9) 357 (36.3) 185 (18.8) 35 1019 984 GB-GBN 290 (32.4) 303 (33.8) 303 (33.8) 138 1034 896 GB-NIR 149 (56.9) 73 (27.9) 40 (15.3) 46 308 262 GR 714 (72.3) 208 (21.1) 66 (6.7) 16 1004 988 IE 715 (74.9) 160 (16.8) 79 (8.3) 47 1001 954 IT 550 (57.1) 280 (29.0) 134 (13.9) 62 1026 964 LU 461 (75.8) 103 (16.9) 44 (7.2) 11 619 608 NL 666 (65.9) 214 (21.2) 130 (12.9) 34 1044 1010 PT 553 (59.5) 243 (26.2) 133 (14.3) 70 999 929 SE 368 (37.2) 289 (29.2) 332 (33.6) 11 1000 989 N Sum 8320 4440 2646 807 16213 N Valid Sum 8320 4440 2646 15406 printed 25.01.2012 page 65 Eurobarometer 61 - February-March 2004,isocntry M AT 312 (31.3) 379 (38.1) 305 (30.6) 56 1052 996 BE 572 (59.3) 294 (30.5) 98 (10.2) 47 1011 964 DE-E 396 (41.3) 425 (44.4) 137 (14.3) 74 1032 958 DE-W 479 (49.5) 339 (35.0) 150 (15.5) 69 1037 968 DK 535 (55.4) 229 (23.7) 201 (20.8) 35 1000 965 ES 643 (66.8) 221 (22.9) 99 (10.3) 37 1000 963 FI 475 (47.1) 323 (32.0) 210 (20.8) 19 1027 1008 FR 442 (44.9) 357 (36.3) 185 (18.8) 35 1019 984 GB-GBN 290 (32.4) 303 (33.8) 303 (33.8) 138 1034 896 GB-NIR 149 (56.9) 73 (27.9) 40 (15.3) 46 308 262 GR 714 (72.3) 208 (21.1) 66 (6.7) 16 1004 988 IE 715 (74.9) 160 (16.8) 79 (8.3) 47 1001 954 IT 550 (57.1) 280 (29.0) 134 (13.9) 62 1026 964 LU 461 (75.8) 103 (16.9) 44 (7.2) 11 619 608 NL 666 (65.9) 214 (21.2) 130 (12.9) 34 1044 1010 PT 553 (59.5) 243 (26.2) 133 (14.3) 70 999 929 SE 368 (37.2) 289 (29.2) 332 (33.6) 11 1000 989 N Sum 8320 4440 2646 807 16213 N Valid Sum 8320 4440 2646 15406 printed 25.01.2012 page 65 Eurobarometer 61 - February-March 2004,GESIS Variable Report,90,ZA4056
v61,v61 1 2 3 N Sum N Valid Sum,Q9 EU MEMBERSHIP - CNTRY BENEFIT,isocntry M AT 397 (44.6) 493 (55.4) 162 1052 890 BE 585 (68.7) 266 (31.3) 162 1013 851 DE-E 315 (41.3) 448 (58.7) 269 1032 763 DE-W 433 (53.3) 380 (46.7) 225 1038 813 DK 643 (73.7) 229 (26.3) 129 1001 872 ES 690 (81.3) 159 (18.7) 150 999 849 FI 468 (51.0) 450 (49.0) 109 1027 918 FR 468 (57.5) 346 (42.5) 205 1019 814 GB-GBN 305 (38.4) 490 (61.6) 240 1035 795 GB-NIR 172 (72.0) 67 (28.0) 70 309 239 GR 821 (87.0) 123 (13.0) 61 1005 944 IE 804 (88.7) 102 (11.3) 95 1001 906 IT 505 (57.3) 377 (42.7) 143 1025 882 LU 428 (77.1) 127 (22.9) 64 619 555 NL 569 (62.5) 341 (37.5) 134 1044 910 PT 663 (75.4) 216 (24.6) 122 1001 879 SE 271 (31.4) 591 (68.6) 139 1001 862 N Sum 8537 5205 2479 16221 N Valid Sum 8537 5205 13742 printed 25.01.2012 page 66 Eurobarometer 61 - February-March 2004,isocntry M AT 397 (44.6) 493 (55.4) 162 1052 890 BE 585 (68.7) 266 (31.3) 162 1013 851 DE-E 315 (41.3) 448 (58.7) 269 1032 763 DE-W 433 (53.3) 380 (46.7) 225 1038 813 DK 643 (73.7) 229 (26.3) 129 1001 872 ES 690 (81.3) 159 (18.7) 150 999 849 FI 468 (51.0) 450 (49.0) 109 1027 918 FR 468 (57.5) 346 (42.5) 205 1019 814 GB-GBN 305 (38.4) 490 (61.6) 240 1035 795 GB-NIR 172 (72.0) 67 (28.0) 70 309 239 GR 821 (87.0) 123 (13.0) 61 1005 944 IE 804 (88.7) 102 (11.3) 95 1001 906 IT 505 (57.3) 377 (42.7) 143 1025 882 LU 428 (77.1) 127 (22.9) 64 619 555 NL 569 (62.5) 341 (37.5) 134 1044 910 PT 663 (75.4) 216 (24.6) 122 1001 879 SE 271 (31.4) 591 (68.6) 139 1001 862 N Sum 8537 5205 2479 16221 N Valid Sum 8537 5205 13742 printed 25.01.2012 page 66 Eurobarometer 61 - February-March 2004,GESIS Variable Report,91,ZA4056
v62,v62 1 2 3 4 5 6 N Sum N Valid Sum,Q10 EU MEMBERSHIP - IMAGE,isocntry M AT 76 (7.7) 184 (18.7) 388 (39.5) 251 (25.6) 83 (8.5) 68 1050 982 BE 68 (7.0) 447 (46.1) 332 (34.2) 91 (9.4) 32 (3.3) 41 1011 970 DE-E 27 (2.7) 262 (26.6) 508 (51.6) 147 (14.9) 40 (4.1) 48 1032 984 DE-W 39 (3.9) 357 (35.6) 404 (40.2) 150 (14.9) 54 (5.4) 34 1038 1004 DK 37 (3.8) 262 (26.8) 402 (41.1) 222 (22.7) 56 (5.7) 20 999 979 ES 127 (13.1) 443 (45.7) 328 (33.8) 62 (6.4) 9 (0.9) 29 998 969 FI 44 (4.4) 288 (28.5) 417 (41.3) 218 (21.6) 42 (4.2) 18 1027 1009 FR 56 (5.7) 401 (40.7) 304 (30.8) 171 (17.3) 54 (5.5) 32 1018 986 GB-GBN 45 (4.8) 217 (23.4) 276 (29.7) 239 (25.8) 151 (16.3) 108 1036 928 GB-NIR 23 (8.1) 106 (37.2) 100 (35.1) 39 (13.7) 17 (6.0) 22 307 285 GR 183 (18.5) 467 (47.1) 276 (27.9) 49 (4.9) 16 (1.6) 15 1006 991 IE 194 (20.2) 460 (47.8) 231 (24.0) 47 (4.9) 30 (3.1) 39 1001 962 IT 85 (8.6) 507 (51.2) 252 (25.5) 118 (11.9) 28 (2.8) 36 1026 990 LU 64 (10.6) 279 (46.4) 184 (30.6) 54 (9.0) 20 (3.3) 17 618 601 NL 34 (3.3) 321 (31.5) 437 (42.8) 181 (17.7) 47 (4.6) 22 1042 1020 PT 106 (11.2) 465 (49.1) 241 (25.4) 125 (13.2) 10 (1.1) 53 1000 947 SE 26 (2.6) 259 (26.0) 295 (29.6) 323 (32.5) 92 (9.2) 5 1000 995 N Sum 1234 5725 5375 2487 781 607 16209 N Valid Sum 1234 5725 5375 2487 781 15602 printed 25.01.2012 page 67 Eurobarometer 61 - February-March 2004,isocntry M AT 76 (7.7) 184 (18.7) 388 (39.5) 251 (25.6) 83 (8.5) 68 1050 982 BE 68 (7.0) 447 (46.1) 332 (34.2) 91 (9.4) 32 (3.3) 41 1011 970 DE-E 27 (2.7) 262 (26.6) 508 (51.6) 147 (14.9) 40 (4.1) 48 1032 984 DE-W 39 (3.9) 357 (35.6) 404 (40.2) 150 (14.9) 54 (5.4) 34 1038 1004 DK 37 (3.8) 262 (26.8) 402 (41.1) 222 (22.7) 56 (5.7) 20 999 979 ES 127 (13.1) 443 (45.7) 328 (33.8) 62 (6.4) 9 (0.9) 29 998 969 FI 44 (4.4) 288 (28.5) 417 (41.3) 218 (21.6) 42 (4.2) 18 1027 1009 FR 56 (5.7) 401 (40.7) 304 (30.8) 171 (17.3) 54 (5.5) 32 1018 986 GB-GBN 45 (4.8) 217 (23.4) 276 (29.7) 239 (25.8) 151 (16.3) 108 1036 928 GB-NIR 23 (8.1) 106 (37.2) 100 (35.1) 39 (13.7) 17 (6.0) 22 307 285 GR 183 (18.5) 467 (47.1) 276 (27.9) 49 (4.9) 16 (1.6) 15 1006 991 IE 194 (20.2) 460 (47.8) 231 (24.0) 47 (4.9) 30 (3.1) 39 1001 962 IT 85 (8.6) 507 (51.2) 252 (25.5) 118 (11.9) 28 (2.8) 36 1026 990 LU 64 (10.6) 279 (46.4) 184 (30.6) 54 (9.0) 20 (3.3) 17 618 601 NL 34 (3.3) 321 (31.5) 437 (42.8) 181 (17.7) 47 (4.6) 22 1042 1020 PT 106 (11.2) 465 (49.1) 241 (25.4) 125 (13.2) 10 (1.1) 53 1000 947 SE 26 (2.6) 259 (26.0) 295 (29.6) 323 (32.5) 92 (9.2) 5 1000 995 N Sum 1234 5725 5375 2487 781 607 16209 N Valid Sum 1234 5725 5375 2487 781 15602 printed 25.01.2012 page 67 Eurobarometer 61 - February-March 2004,GESIS Variable Report,92,ZA4056
v63,v63 0 1 N Sum N Valid Sum,Q11 EU MEANING: PEACE,isocntry AT 812 (77.2) 240 (22.8) 1052 1052 BE 733 (72.4) 279 (27.6) 1012 1012 DE-E 570 (55.2) 462 (44.8) 1032 1032 DE-W 584 (56.3) 453 (43.7) 1037 1037 DK 600 (60.0) 400 (40.0) 1000 1000 ES 808 (80.8) 192 (19.2) 1000 1000 FI 736 (71.7) 291 (28.3) 1027 1027 FR 661 (64.9) 358 (35.1) 1019 1019 GB-GBN 843 (81.4) 192 (18.6) 1035 1035 GB-NIR 264 (85.7) 44 (14.3) 308 308 GR 559 (55.6) 446 (44.4) 1005 1005 IE 798 (79.7) 203 (20.3) 1001 1001 IT 732 (71.4) 293 (28.6) 1025 1025 LU 352 (56.9) 267 (43.1) 619 619 NL 762 (73.0) 282 (27.0) 1044 1044 PT 856 (85.6) 144 (14.4) 1000 1000 SE 585 (58.5) 415 (41.5) 1000 1000 N Sum 11255 4961 16216 N Valid Sum 11255 4961 16216 printed 25.01.2012 page 68 Eurobarometer 61 - February-March 2004,isocntry AT 812 (77.2) 240 (22.8) 1052 1052 BE 733 (72.4) 279 (27.6) 1012 1012 DE-E 570 (55.2) 462 (44.8) 1032 1032 DE-W 584 (56.3) 453 (43.7) 1037 1037 DK 600 (60.0) 400 (40.0) 1000 1000 ES 808 (80.8) 192 (19.2) 1000 1000 FI 736 (71.7) 291 (28.3) 1027 1027 FR 661 (64.9) 358 (35.1) 1019 1019 GB-GBN 843 (81.4) 192 (18.6) 1035 1035 GB-NIR 264 (85.7) 44 (14.3) 308 308 GR 559 (55.6) 446 (44.4) 1005 1005 IE 798 (79.7) 203 (20.3) 1001 1001 IT 732 (71.4) 293 (28.6) 1025 1025 LU 352 (56.9) 267 (43.1) 619 619 NL 762 (73.0) 282 (27.0) 1044 1044 PT 856 (85.6) 144 (14.4) 1000 1000 SE 585 (58.5) 415 (41.5) 1000 1000 N Sum 11255 4961 16216 N Valid Sum 11255 4961 16216 printed 25.01.2012 page 68 Eurobarometer 61 - February-March 2004,GESIS Variable Report,93,ZA4056
v64,v64 0 1 N Sum N Valid Sum,Q11 EU MEANING: ECONOMIC PROSPERITY,isocntry AT 930 (88.4) 122 (11.6) 1052 1052 BE 828 (81.8) 184 (18.2) 1012 1012 DE-E 922 (89.3) 110 (10.7) 1032 1032 DE-W 875 (84.4) 162 (15.6) 1037 1037 DK 723 (72.3) 277 (27.7) 1000 1000 ES 685 (68.5) 315 (31.5) 1000 1000 FI 878 (85.5) 149 (14.5) 1027 1027 FR 807 (79.2) 212 (20.8) 1019 1019 GB-GBN 867 (83.8) 168 (16.2) 1035 1035 GB-NIR 238 (77.3) 70 (22.7) 308 308 GR 735 (73.1) 270 (26.9) 1005 1005 IE 681 (68.0) 320 (32.0) 1001 1001 IT 837 (81.7) 188 (18.3) 1025 1025 LU 446 (72.1) 173 (27.9) 619 619 NL 794 (76.1) 250 (23.9) 1044 1044 PT 844 (84.4) 156 (15.6) 1000 1000 SE 896 (89.6) 104 (10.4) 1000 1000 N Sum 12986 3230 16216 N Valid Sum 12986 3230 16216 printed 25.01.2012 page 69 Eurobarometer 61 - February-March 2004,isocntry AT 930 (88.4) 122 (11.6) 1052 1052 BE 828 (81.8) 184 (18.2) 1012 1012 DE-E 922 (89.3) 110 (10.7) 1032 1032 DE-W 875 (84.4) 162 (15.6) 1037 1037 DK 723 (72.3) 277 (27.7) 1000 1000 ES 685 (68.5) 315 (31.5) 1000 1000 FI 878 (85.5) 149 (14.5) 1027 1027 FR 807 (79.2) 212 (20.8) 1019 1019 GB-GBN 867 (83.8) 168 (16.2) 1035 1035 GB-NIR 238 (77.3) 70 (22.7) 308 308 GR 735 (73.1) 270 (26.9) 1005 1005 IE 681 (68.0) 320 (32.0) 1001 1001 IT 837 (81.7) 188 (18.3) 1025 1025 LU 446 (72.1) 173 (27.9) 619 619 NL 794 (76.1) 250 (23.9) 1044 1044 PT 844 (84.4) 156 (15.6) 1000 1000 SE 896 (89.6) 104 (10.4) 1000 1000 N Sum 12986 3230 16216 N Valid Sum 12986 3230 16216 printed 25.01.2012 page 69 Eurobarometer 61 - February-March 2004,GESIS Variable Report,94,ZA4056
v65,v65 0 1 N Sum N Valid Sum,Q11 EU MEANING: DEMOCRACY,isocntry AT 932 (88.6) 120 (11.4) 1052 1052 BE 799 (79.0) 213 (21.0) 1012 1012 DE-E 829 (80.3) 203 (19.7) 1032 1032 DE-W 703 (67.8) 334 (32.2) 1037 1037 DK 746 (74.6) 254 (25.4) 1000 1000 ES 755 (75.5) 245 (24.5) 1000 1000 FI 922 (89.8) 105 (10.2) 1027 1027 FR 810 (79.5) 209 (20.5) 1019 1019 GB-GBN 905 (87.4) 130 (12.6) 1035 1035 GB-NIR 252 (81.8) 56 (18.2) 308 308 GR 731 (72.7) 274 (27.3) 1005 1005 IE 902 (90.1) 99 (9.9) 1001 1001 IT 790 (77.1) 235 (22.9) 1025 1025 LU 456 (73.7) 163 (26.3) 619 619 NL 801 (76.7) 243 (23.3) 1044 1044 PT 868 (86.8) 132 (13.2) 1000 1000 SE 829 (82.9) 171 (17.1) 1000 1000 N Sum 13030 3186 16216 N Valid Sum 13030 3186 16216 printed 25.01.2012 page 70 Eurobarometer 61 - February-March 2004,isocntry AT 932 (88.6) 120 (11.4) 1052 1052 BE 799 (79.0) 213 (21.0) 1012 1012 DE-E 829 (80.3) 203 (19.7) 1032 1032 DE-W 703 (67.8) 334 (32.2) 1037 1037 DK 746 (74.6) 254 (25.4) 1000 1000 ES 755 (75.5) 245 (24.5) 1000 1000 FI 922 (89.8) 105 (10.2) 1027 1027 FR 810 (79.5) 209 (20.5) 1019 1019 GB-GBN 905 (87.4) 130 (12.6) 1035 1035 GB-NIR 252 (81.8) 56 (18.2) 308 308 GR 731 (72.7) 274 (27.3) 1005 1005 IE 902 (90.1) 99 (9.9) 1001 1001 IT 790 (77.1) 235 (22.9) 1025 1025 LU 456 (73.7) 163 (26.3) 619 619 NL 801 (76.7) 243 (23.3) 1044 1044 PT 868 (86.8) 132 (13.2) 1000 1000 SE 829 (82.9) 171 (17.1) 1000 1000 N Sum 13030 3186 16216 N Valid Sum 13030 3186 16216 printed 25.01.2012 page 70 Eurobarometer 61 - February-March 2004,GESIS Variable Report,95,ZA4056
v66,v66 0 1 N Sum N Valid Sum,Q11 EU MEANING: SOCIAL PROTECTION,isocntry AT 919 (87.4) 133 (12.6) 1052 1052 BE 935 (92.4) 77 (7.6) 1012 1012 DE-E 936 (90.7) 96 (9.3) 1032 1032 DE-W 923 (89.0) 114 (11.0) 1037 1037 DK 852 (85.2) 148 (14.8) 1000 1000 ES 863 (86.3) 137 (13.7) 1000 1000 FI 964 (93.9) 63 (6.1) 1027 1027 FR 930 (91.3) 89 (8.7) 1019 1019 GB-GBN 914 (88.3) 121 (11.7) 1035 1035 GB-NIR 275 (89.3) 33 (10.7) 308 308 GR 798 (79.4) 207 (20.6) 1005 1005 IE 902 (90.1) 99 (9.9) 1001 1001 IT 902 (88.0) 123 (12.0) 1025 1025 LU 501 (80.9) 118 (19.1) 619 619 NL 940 (90.0) 104 (10.0) 1044 1044 PT 921 (92.1) 79 (7.9) 1000 1000 SE 946 (94.6) 54 (5.4) 1000 1000 N Sum 14421 1795 16216 N Valid Sum 14421 1795 16216 printed 25.01.2012 page 71 Eurobarometer 61 - February-March 2004,isocntry AT 919 (87.4) 133 (12.6) 1052 1052 BE 935 (92.4) 77 (7.6) 1012 1012 DE-E 936 (90.7) 96 (9.3) 1032 1032 DE-W 923 (89.0) 114 (11.0) 1037 1037 DK 852 (85.2) 148 (14.8) 1000 1000 ES 863 (86.3) 137 (13.7) 1000 1000 FI 964 (93.9) 63 (6.1) 1027 1027 FR 930 (91.3) 89 (8.7) 1019 1019 GB-GBN 914 (88.3) 121 (11.7) 1035 1035 GB-NIR 275 (89.3) 33 (10.7) 308 308 GR 798 (79.4) 207 (20.6) 1005 1005 IE 902 (90.1) 99 (9.9) 1001 1001 IT 902 (88.0) 123 (12.0) 1025 1025 LU 501 (80.9) 118 (19.1) 619 619 NL 940 (90.0) 104 (10.0) 1044 1044 PT 921 (92.1) 79 (7.9) 1000 1000 SE 946 (94.6) 54 (5.4) 1000 1000 N Sum 14421 1795 16216 N Valid Sum 14421 1795 16216 printed 25.01.2012 page 71 Eurobarometer 61 - February-March 2004,GESIS Variable Report,96,ZA4056
v67,v67 0 1 N Sum N Valid Sum,Q11 EU MEANING: TRAVEL/STUDY/WORK ABROAD,isocntry AT 649 (61.7) 403 (38.3) 1052 1052 BE 572 (56.5) 440 (43.5) 1012 1012 DE-E 549 (53.2) 483 (46.8) 1032 1032 DE-W 499 (48.1) 538 (51.9) 1037 1037 DK 460 (46.0) 540 (54.0) 1000 1000 ES 491 (49.1) 509 (50.9) 1000 1000 FI 317 (30.9) 710 (69.1) 1027 1027 FR 490 (48.1) 529 (51.9) 1019 1019 GB-GBN 568 (54.9) 467 (45.1) 1035 1035 GB-NIR 170 (55.2) 138 (44.8) 308 308 GR 587 (58.4) 418 (41.6) 1005 1005 IE 551 (55.0) 450 (45.0) 1001 1001 IT 415 (40.5) 610 (59.5) 1025 1025 LU 265 (42.8) 354 (57.2) 619 619 NL 478 (45.8) 566 (54.2) 1044 1044 PT 653 (65.3) 347 (34.7) 1000 1000 SE 363 (36.3) 637 (63.7) 1000 1000 N Sum 8077 8139 16216 N Valid Sum 8077 8139 16216 printed 25.01.2012 page 72 Eurobarometer 61 - February-March 2004,isocntry AT 649 (61.7) 403 (38.3) 1052 1052 BE 572 (56.5) 440 (43.5) 1012 1012 DE-E 549 (53.2) 483 (46.8) 1032 1032 DE-W 499 (48.1) 538 (51.9) 1037 1037 DK 460 (46.0) 540 (54.0) 1000 1000 ES 491 (49.1) 509 (50.9) 1000 1000 FI 317 (30.9) 710 (69.1) 1027 1027 FR 490 (48.1) 529 (51.9) 1019 1019 GB-GBN 568 (54.9) 467 (45.1) 1035 1035 GB-NIR 170 (55.2) 138 (44.8) 308 308 GR 587 (58.4) 418 (41.6) 1005 1005 IE 551 (55.0) 450 (45.0) 1001 1001 IT 415 (40.5) 610 (59.5) 1025 1025 LU 265 (42.8) 354 (57.2) 619 619 NL 478 (45.8) 566 (54.2) 1044 1044 PT 653 (65.3) 347 (34.7) 1000 1000 SE 363 (36.3) 637 (63.7) 1000 1000 N Sum 8077 8139 16216 N Valid Sum 8077 8139 16216 printed 25.01.2012 page 72 Eurobarometer 61 - February-March 2004,GESIS Variable Report,97,ZA4056
v68,v68 0 1 N Sum N Valid Sum,Q11 EU MEANING: CULTURAL DIVERSITY,isocntry AT 836 (79.5) 216 (20.5) 1052 1052 BE 794 (78.5) 218 (21.5) 1012 1012 DE-E 721 (69.9) 311 (30.1) 1032 1032 DE-W 666 (64.2) 371 (35.8) 1037 1037 DK 717 (71.7) 283 (28.3) 1000 1000 ES 712 (71.2) 288 (28.8) 1000 1000 FI 722 (70.3) 305 (29.7) 1027 1027 FR 627 (61.5) 392 (38.5) 1019 1019 GB-GBN 837 (80.9) 198 (19.1) 1035 1035 GB-NIR 250 (81.2) 58 (18.8) 308 308 GR 792 (78.8) 213 (21.2) 1005 1005 IE 853 (85.2) 148 (14.8) 1001 1001 IT 759 (74.0) 266 (26.0) 1025 1025 LU 428 (69.1) 191 (30.9) 619 619 NL 859 (82.3) 185 (17.7) 1044 1044 PT 839 (83.9) 161 (16.1) 1000 1000 SE 684 (68.4) 316 (31.6) 1000 1000 N Sum 12096 4120 16216 N Valid Sum 12096 4120 16216 printed 25.01.2012 page 73 Eurobarometer 61 - February-March 2004,isocntry AT 836 (79.5) 216 (20.5) 1052 1052 BE 794 (78.5) 218 (21.5) 1012 1012 DE-E 721 (69.9) 311 (30.1) 1032 1032 DE-W 666 (64.2) 371 (35.8) 1037 1037 DK 717 (71.7) 283 (28.3) 1000 1000 ES 712 (71.2) 288 (28.8) 1000 1000 FI 722 (70.3) 305 (29.7) 1027 1027 FR 627 (61.5) 392 (38.5) 1019 1019 GB-GBN 837 (80.9) 198 (19.1) 1035 1035 GB-NIR 250 (81.2) 58 (18.8) 308 308 GR 792 (78.8) 213 (21.2) 1005 1005 IE 853 (85.2) 148 (14.8) 1001 1001 IT 759 (74.0) 266 (26.0) 1025 1025 LU 428 (69.1) 191 (30.9) 619 619 NL 859 (82.3) 185 (17.7) 1044 1044 PT 839 (83.9) 161 (16.1) 1000 1000 SE 684 (68.4) 316 (31.6) 1000 1000 N Sum 12096 4120 16216 N Valid Sum 12096 4120 16216 printed 25.01.2012 page 73 Eurobarometer 61 - February-March 2004,GESIS Variable Report,98,ZA4056
v69,v69 0 1 N Sum N Valid Sum,Q11 EU MEANING: STRONGER IN THE WORLD,isocntry AT 827 (78.6) 225 (21.4) 1052 1052 BE 749 (74.0) 263 (26.0) 1012 1012 DE-E 761 (73.7) 271 (26.3) 1032 1032 DE-W 708 (68.3) 329 (31.7) 1037 1037 DK 698 (69.8) 302 (30.2) 1000 1000 ES 711 (71.1) 289 (28.9) 1000 1000 FI 841 (81.9) 186 (18.1) 1027 1027 FR 700 (68.7) 319 (31.3) 1019 1019 GB-GBN 820 (79.2) 215 (20.8) 1035 1035 GB-NIR 230 (74.7) 78 (25.3) 308 308 GR 667 (66.4) 338 (33.6) 1005 1005 IE 776 (77.5) 225 (22.5) 1001 1001 IT 724 (70.6) 301 (29.4) 1025 1025 LU 430 (69.5) 189 (30.5) 619 619 NL 659 (63.1) 385 (36.9) 1044 1044 PT 790 (79.0) 210 (21.0) 1000 1000 SE 681 (68.1) 319 (31.9) 1000 1000 N Sum 11772 4444 16216 N Valid Sum 11772 4444 16216 printed 25.01.2012 page 74 Eurobarometer 61 - February-March 2004,isocntry AT 827 (78.6) 225 (21.4) 1052 1052 BE 749 (74.0) 263 (26.0) 1012 1012 DE-E 761 (73.7) 271 (26.3) 1032 1032 DE-W 708 (68.3) 329 (31.7) 1037 1037 DK 698 (69.8) 302 (30.2) 1000 1000 ES 711 (71.1) 289 (28.9) 1000 1000 FI 841 (81.9) 186 (18.1) 1027 1027 FR 700 (68.7) 319 (31.3) 1019 1019 GB-GBN 820 (79.2) 215 (20.8) 1035 1035 GB-NIR 230 (74.7) 78 (25.3) 308 308 GR 667 (66.4) 338 (33.6) 1005 1005 IE 776 (77.5) 225 (22.5) 1001 1001 IT 724 (70.6) 301 (29.4) 1025 1025 LU 430 (69.5) 189 (30.5) 619 619 NL 659 (63.1) 385 (36.9) 1044 1044 PT 790 (79.0) 210 (21.0) 1000 1000 SE 681 (68.1) 319 (31.9) 1000 1000 N Sum 11772 4444 16216 N Valid Sum 11772 4444 16216 printed 25.01.2012 page 74 Eurobarometer 61 - February-March 2004,GESIS Variable Report,99,ZA4056
v70,v70 0 1 N Sum N Valid Sum,Q11 EU MEANING: EURO,isocntry AT 490 (46.6) 562 (53.4) 1052 1052 BE 336 (33.2) 676 (66.8) 1012 1012 DE-E 477 (46.2) 555 (53.8) 1032 1032 DE-W 431 (41.6) 606 (58.4) 1037 1037 DK 645 (64.5) 355 (35.5) 1000 1000 ES 500 (50.0) 500 (50.0) 1000 1000 FI 356 (34.7) 671 (65.3) 1027 1027 FR 423 (41.5) 596 (58.5) 1019 1019 GB-GBN 742 (71.7) 293 (28.3) 1035 1035 GB-NIR 213 (69.2) 95 (30.8) 308 308 GR 511 (50.8) 494 (49.2) 1005 1005 IE 499 (49.9) 502 (50.1) 1001 1001 IT 532 (51.9) 493 (48.1) 1025 1025 LU 241 (38.9) 378 (61.1) 619 619 NL 462 (44.3) 582 (55.7) 1044 1044 PT 541 (54.1) 459 (45.9) 1000 1000 SE 697 (69.7) 303 (30.3) 1000 1000 N Sum 8096 8120 16216 N Valid Sum 8096 8120 16216 printed 25.01.2012 page 75 Eurobarometer 61 - February-March 2004,isocntry AT 490 (46.6) 562 (53.4) 1052 1052 BE 336 (33.2) 676 (66.8) 1012 1012 DE-E 477 (46.2) 555 (53.8) 1032 1032 DE-W 431 (41.6) 606 (58.4) 1037 1037 DK 645 (64.5) 355 (35.5) 1000 1000 ES 500 (50.0) 500 (50.0) 1000 1000 FI 356 (34.7) 671 (65.3) 1027 1027 FR 423 (41.5) 596 (58.5) 1019 1019 GB-GBN 742 (71.7) 293 (28.3) 1035 1035 GB-NIR 213 (69.2) 95 (30.8) 308 308 GR 511 (50.8) 494 (49.2) 1005 1005 IE 499 (49.9) 502 (50.1) 1001 1001 IT 532 (51.9) 493 (48.1) 1025 1025 LU 241 (38.9) 378 (61.1) 619 619 NL 462 (44.3) 582 (55.7) 1044 1044 PT 541 (54.1) 459 (45.9) 1000 1000 SE 697 (69.7) 303 (30.3) 1000 1000 N Sum 8096 8120 16216 N Valid Sum 8096 8120 16216 printed 25.01.2012 page 75 Eurobarometer 61 - February-March 2004,GESIS Variable Report,100,ZA4056
v71,v71 0 1 N Sum N Valid Sum,Q11 EU MEANING: UNEMPLOYMENT,isocntry AT 704 (66.9) 348 (33.1) 1052 1052 BE 744 (73.5) 268 (26.5) 1012 1012 DE-E 578 (56.0) 454 (44.0) 1032 1032 DE-W 742 (71.6) 295 (28.4) 1037 1037 DK 873 (87.3) 127 (12.7) 1000 1000 ES 909 (90.9) 91 (9.1) 1000 1000 FI 893 (87.0) 134 (13.0) 1027 1027 FR 751 (73.7) 268 (26.3) 1019 1019 GB-GBN 918 (88.7) 117 (11.3) 1035 1035 GB-NIR 283 (91.9) 25 (8.1) 308 308 GR 758 (75.4) 247 (24.6) 1005 1005 IE 914 (91.3) 87 (8.7) 1001 1001 IT 943 (92.0) 82 (8.0) 1025 1025 LU 485 (78.4) 134 (21.6) 619 619 NL 879 (84.2) 165 (15.8) 1044 1044 PT 790 (79.0) 210 (21.0) 1000 1000 SE 849 (84.9) 151 (15.1) 1000 1000 N Sum 13013 3203 16216 N Valid Sum 13013 3203 16216 printed 25.01.2012 page 76 Eurobarometer 61 - February-March 2004,isocntry AT 704 (66.9) 348 (33.1) 1052 1052 BE 744 (73.5) 268 (26.5) 1012 1012 DE-E 578 (56.0) 454 (44.0) 1032 1032 DE-W 742 (71.6) 295 (28.4) 1037 1037 DK 873 (87.3) 127 (12.7) 1000 1000 ES 909 (90.9) 91 (9.1) 1000 1000 FI 893 (87.0) 134 (13.0) 1027 1027 FR 751 (73.7) 268 (26.3) 1019 1019 GB-GBN 918 (88.7) 117 (11.3) 1035 1035 GB-NIR 283 (91.9) 25 (8.1) 308 308 GR 758 (75.4) 247 (24.6) 1005 1005 IE 914 (91.3) 87 (8.7) 1001 1001 IT 943 (92.0) 82 (8.0) 1025 1025 LU 485 (78.4) 134 (21.6) 619 619 NL 879 (84.2) 165 (15.8) 1044 1044 PT 790 (79.0) 210 (21.0) 1000 1000 SE 849 (84.9) 151 (15.1) 1000 1000 N Sum 13013 3203 16216 N Valid Sum 13013 3203 16216 printed 25.01.2012 page 76 Eurobarometer 61 - February-March 2004,GESIS Variable Report,101,ZA4056
v72,v72 0 1 N Sum N Valid Sum,Q11 EU MEANING: BUREAUCRCY,isocntry AT 688 (65.4) 364 (34.6) 1052 1052 BE 872 (86.2) 140 (13.8) 1012 1012 DE-E 684 (66.3) 348 (33.7) 1032 1032 DE-W 673 (64.9) 364 (35.1) 1037 1037 DK 542 (54.2) 458 (45.8) 1000 1000 ES 928 (92.8) 72 (7.2) 1000 1000 FI 576 (56.1) 451 (43.9) 1027 1027 FR 831 (81.6) 188 (18.4) 1019 1019 GB-GBN 729 (70.4) 306 (29.6) 1035 1035 GB-NIR 236 (76.6) 72 (23.4) 308 308 GR 933 (92.8) 72 (7.2) 1005 1005 IE 890 (88.9) 111 (11.1) 1001 1001 IT 956 (93.3) 69 (6.7) 1025 1025 LU 527 (85.1) 92 (14.9) 619 619 NL 712 (68.2) 332 (31.8) 1044 1044 PT 949 (94.9) 51 (5.1) 1000 1000 SE 491 (49.1) 509 (50.9) 1000 1000 N Sum 12217 3999 16216 N Valid Sum 12217 3999 16216 printed 25.01.2012 page 77 Eurobarometer 61 - February-March 2004,isocntry AT 688 (65.4) 364 (34.6) 1052 1052 BE 872 (86.2) 140 (13.8) 1012 1012 DE-E 684 (66.3) 348 (33.7) 1032 1032 DE-W 673 (64.9) 364 (35.1) 1037 1037 DK 542 (54.2) 458 (45.8) 1000 1000 ES 928 (92.8) 72 (7.2) 1000 1000 FI 576 (56.1) 451 (43.9) 1027 1027 FR 831 (81.6) 188 (18.4) 1019 1019 GB-GBN 729 (70.4) 306 (29.6) 1035 1035 GB-NIR 236 (76.6) 72 (23.4) 308 308 GR 933 (92.8) 72 (7.2) 1005 1005 IE 890 (88.9) 111 (11.1) 1001 1001 IT 956 (93.3) 69 (6.7) 1025 1025 LU 527 (85.1) 92 (14.9) 619 619 NL 712 (68.2) 332 (31.8) 1044 1044 PT 949 (94.9) 51 (5.1) 1000 1000 SE 491 (49.1) 509 (50.9) 1000 1000 N Sum 12217 3999 16216 N Valid Sum 12217 3999 16216 printed 25.01.2012 page 77 Eurobarometer 61 - February-March 2004,GESIS Variable Report,102,ZA4056
v73,v73 0 1 N Sum N Valid Sum,Q11 EU MEANING: WASTE OF MONEY,isocntry AT 614 (58.4) 438 (41.6) 1052 1052 BE 770 (76.1) 242 (23.9) 1012 1012 DE-E 617 (59.8) 415 (40.2) 1032 1032 DE-W 627 (60.5) 410 (39.5) 1037 1037 DK 735 (73.5) 265 (26.5) 1000 1000 ES 905 (90.5) 95 (9.5) 1000 1000 FI 694 (67.6) 333 (32.4) 1027 1027 FR 740 (72.6) 279 (27.4) 1019 1019 GB-GBN 712 (68.8) 323 (31.2) 1035 1035 GB-NIR 247 (80.2) 61 (19.8) 308 308 GR 899 (89.5) 106 (10.5) 1005 1005 IE 926 (92.5) 75 (7.5) 1001 1001 IT 920 (89.8) 105 (10.2) 1025 1025 LU 496 (80.1) 123 (19.9) 619 619 NL 812 (77.8) 232 (22.2) 1044 1044 PT 910 (91.0) 90 (9.0) 1000 1000 SE 457 (45.7) 543 (54.3) 1000 1000 N Sum 12081 4135 16216 N Valid Sum 12081 4135 16216 printed 25.01.2012 page 78 Eurobarometer 61 - February-March 2004,isocntry AT 614 (58.4) 438 (41.6) 1052 1052 BE 770 (76.1) 242 (23.9) 1012 1012 DE-E 617 (59.8) 415 (40.2) 1032 1032 DE-W 627 (60.5) 410 (39.5) 1037 1037 DK 735 (73.5) 265 (26.5) 1000 1000 ES 905 (90.5) 95 (9.5) 1000 1000 FI 694 (67.6) 333 (32.4) 1027 1027 FR 740 (72.6) 279 (27.4) 1019 1019 GB-GBN 712 (68.8) 323 (31.2) 1035 1035 GB-NIR 247 (80.2) 61 (19.8) 308 308 GR 899 (89.5) 106 (10.5) 1005 1005 IE 926 (92.5) 75 (7.5) 1001 1001 IT 920 (89.8) 105 (10.2) 1025 1025 LU 496 (80.1) 123 (19.9) 619 619 NL 812 (77.8) 232 (22.2) 1044 1044 PT 910 (91.0) 90 (9.0) 1000 1000 SE 457 (45.7) 543 (54.3) 1000 1000 N Sum 12081 4135 16216 N Valid Sum 12081 4135 16216 printed 25.01.2012 page 78 Eurobarometer 61 - February-March 2004,GESIS Variable Report,103,ZA4056
v74,v74 0 1 N Sum N Valid Sum,Q11 EU MEANING: LOSS OF CULT IDENTITY,isocntry AT 890 (84.6) 162 (15.4) 1052 1052 BE 931 (92.0) 81 (8.0) 1012 1012 DE-E 902 (87.4) 130 (12.6) 1032 1032 DE-W 901 (86.9) 136 (13.1) 1037 1037 DK 851 (85.1) 149 (14.9) 1000 1000 ES 954 (95.4) 46 (4.6) 1000 1000 FI 888 (86.5) 139 (13.5) 1027 1027 FR 856 (84.0) 163 (16.0) 1019 1019 GB-GBN 729 (70.4) 306 (29.6) 1035 1035 GB-NIR 257 (83.4) 51 (16.6) 308 308 GR 858 (85.4) 147 (14.6) 1005 1005 IE 885 (88.4) 116 (11.6) 1001 1001 IT 936 (91.3) 89 (8.7) 1025 1025 LU 533 (86.1) 86 (13.9) 619 619 NL 862 (82.6) 182 (17.4) 1044 1044 PT 939 (93.9) 61 (6.1) 1000 1000 SE 866 (86.6) 134 (13.4) 1000 1000 N Sum 14038 2178 16216 N Valid Sum 14038 2178 16216 printed 25.01.2012 page 79 Eurobarometer 61 - February-March 2004,isocntry AT 890 (84.6) 162 (15.4) 1052 1052 BE 931 (92.0) 81 (8.0) 1012 1012 DE-E 902 (87.4) 130 (12.6) 1032 1032 DE-W 901 (86.9) 136 (13.1) 1037 1037 DK 851 (85.1) 149 (14.9) 1000 1000 ES 954 (95.4) 46 (4.6) 1000 1000 FI 888 (86.5) 139 (13.5) 1027 1027 FR 856 (84.0) 163 (16.0) 1019 1019 GB-GBN 729 (70.4) 306 (29.6) 1035 1035 GB-NIR 257 (83.4) 51 (16.6) 308 308 GR 858 (85.4) 147 (14.6) 1005 1005 IE 885 (88.4) 116 (11.6) 1001 1001 IT 936 (91.3) 89 (8.7) 1025 1025 LU 533 (86.1) 86 (13.9) 619 619 NL 862 (82.6) 182 (17.4) 1044 1044 PT 939 (93.9) 61 (6.1) 1000 1000 SE 866 (86.6) 134 (13.4) 1000 1000 N Sum 14038 2178 16216 N Valid Sum 14038 2178 16216 printed 25.01.2012 page 79 Eurobarometer 61 - February-March 2004,GESIS Variable Report,104,ZA4056
v75,v75 0 1 N Sum N Valid Sum,Q11 EU MEANING: MORE CRIME,isocntry AT 653 (62.1) 399 (37.9) 1052 1052 BE 729 (72.0) 283 (28.0) 1012 1012 DE-E 543 (52.6) 489 (47.4) 1032 1032 DE-W 633 (61.0) 404 (39.0) 1037 1037 DK 800 (80.0) 200 (20.0) 1000 1000 ES 962 (96.2) 38 (3.8) 1000 1000 FI 726 (70.7) 301 (29.3) 1027 1027 FR 915 (89.8) 104 (10.2) 1019 1019 GB-GBN 902 (87.1) 133 (12.9) 1035 1035 GB-NIR 285 (92.5) 23 (7.5) 308 308 GR 916 (91.1) 89 (8.9) 1005 1005 IE 894 (89.3) 107 (10.7) 1001 1001 IT 958 (93.5) 67 (6.5) 1025 1025 LU 374 (60.4) 245 (39.6) 619 619 NL 756 (72.4) 288 (27.6) 1044 1044 PT 847 (84.7) 153 (15.3) 1000 1000 SE 628 (62.8) 372 (37.2) 1000 1000 N Sum 12521 3695 16216 N Valid Sum 12521 3695 16216 printed 25.01.2012 page 80 Eurobarometer 61 - February-March 2004,isocntry AT 653 (62.1) 399 (37.9) 1052 1052 BE 729 (72.0) 283 (28.0) 1012 1012 DE-E 543 (52.6) 489 (47.4) 1032 1032 DE-W 633 (61.0) 404 (39.0) 1037 1037 DK 800 (80.0) 200 (20.0) 1000 1000 ES 962 (96.2) 38 (3.8) 1000 1000 FI 726 (70.7) 301 (29.3) 1027 1027 FR 915 (89.8) 104 (10.2) 1019 1019 GB-GBN 902 (87.1) 133 (12.9) 1035 1035 GB-NIR 285 (92.5) 23 (7.5) 308 308 GR 916 (91.1) 89 (8.9) 1005 1005 IE 894 (89.3) 107 (10.7) 1001 1001 IT 958 (93.5) 67 (6.5) 1025 1025 LU 374 (60.4) 245 (39.6) 619 619 NL 756 (72.4) 288 (27.6) 1044 1044 PT 847 (84.7) 153 (15.3) 1000 1000 SE 628 (62.8) 372 (37.2) 1000 1000 N Sum 12521 3695 16216 N Valid Sum 12521 3695 16216 printed 25.01.2012 page 80 Eurobarometer 61 - February-March 2004,GESIS Variable Report,105,ZA4056
v76,v76 0 1 N Sum N Valid Sum,Q11 EU MEANING: EXT FRONTIER CONTROL,isocntry AT 797 (75.8) 255 (24.2) 1052 1052 BE 734 (72.5) 278 (27.5) 1012 1012 DE-E 669 (64.8) 363 (35.2) 1032 1032 DE-W 691 (66.6) 346 (33.4) 1037 1037 DK 699 (69.9) 301 (30.1) 1000 1000 ES 908 (90.8) 92 (9.2) 1000 1000 FI 833 (81.1) 194 (18.9) 1027 1027 FR 760 (74.6) 259 (25.4) 1019 1019 GB-GBN 764 (73.8) 271 (26.2) 1035 1035 GB-NIR 266 (86.4) 42 (13.6) 308 308 GR 883 (87.9) 122 (12.1) 1005 1005 IE 912 (91.1) 89 (8.9) 1001 1001 IT 892 (87.0) 133 (13.0) 1025 1025 LU 425 (68.7) 194 (31.3) 619 619 NL 748 (71.6) 296 (28.4) 1044 1044 PT 877 (87.7) 123 (12.3) 1000 1000 SE 635 (63.5) 365 (36.5) 1000 1000 N Sum 12493 3723 16216 N Valid Sum 12493 3723 16216 printed 25.01.2012 page 81 Eurobarometer 61 - February-March 2004,isocntry AT 797 (75.8) 255 (24.2) 1052 1052 BE 734 (72.5) 278 (27.5) 1012 1012 DE-E 669 (64.8) 363 (35.2) 1032 1032 DE-W 691 (66.6) 346 (33.4) 1037 1037 DK 699 (69.9) 301 (30.1) 1000 1000 ES 908 (90.8) 92 (9.2) 1000 1000 FI 833 (81.1) 194 (18.9) 1027 1027 FR 760 (74.6) 259 (25.4) 1019 1019 GB-GBN 764 (73.8) 271 (26.2) 1035 1035 GB-NIR 266 (86.4) 42 (13.6) 308 308 GR 883 (87.9) 122 (12.1) 1005 1005 IE 912 (91.1) 89 (8.9) 1001 1001 IT 892 (87.0) 133 (13.0) 1025 1025 LU 425 (68.7) 194 (31.3) 619 619 NL 748 (71.6) 296 (28.4) 1044 1044 PT 877 (87.7) 123 (12.3) 1000 1000 SE 635 (63.5) 365 (36.5) 1000 1000 N Sum 12493 3723 16216 N Valid Sum 12493 3723 16216 printed 25.01.2012 page 81 Eurobarometer 61 - February-March 2004,GESIS Variable Report,106,ZA4056
v77,v77 0 1 N Sum N Valid Sum,Q11 EU MEANING: OTHER,isocntry AT 1028 (97.7) 24 (2.3) 1052 1052 BE 994 (98.2) 18 (1.8) 1012 1012 DE-E 1023 (99.1) 9 (0.9) 1032 1032 DE-W 1029 (99.2) 8 (0.8) 1037 1037 DK 987 (98.7) 13 (1.3) 1000 1000 ES 965 (96.5) 35 (3.5) 1000 1000 FI 1020 (99.3) 7 (0.7) 1027 1027 FR 1007 (98.8) 12 (1.2) 1019 1019 GB-GBN 997 (96.3) 38 (3.7) 1035 1035 GB-NIR 301 (97.7) 7 (2.3) 308 308 GR 992 (98.7) 13 (1.3) 1005 1005 IE 980 (97.9) 21 (2.1) 1001 1001 IT 1004 (98.0) 21 (2.0) 1025 1025 LU 609 (98.4) 10 (1.6) 619 619 NL 1016 (97.3) 28 (2.7) 1044 1044 PT 979 (97.9) 21 (2.1) 1000 1000 SE 983 (98.3) 17 (1.7) 1000 1000 N Sum 15914 302 16216 N Valid Sum 15914 302 16216 printed 25.01.2012 page 82 Eurobarometer 61 - February-March 2004,isocntry AT 1028 (97.7) 24 (2.3) 1052 1052 BE 994 (98.2) 18 (1.8) 1012 1012 DE-E 1023 (99.1) 9 (0.9) 1032 1032 DE-W 1029 (99.2) 8 (0.8) 1037 1037 DK 987 (98.7) 13 (1.3) 1000 1000 ES 965 (96.5) 35 (3.5) 1000 1000 FI 1020 (99.3) 7 (0.7) 1027 1027 FR 1007 (98.8) 12 (1.2) 1019 1019 GB-GBN 997 (96.3) 38 (3.7) 1035 1035 GB-NIR 301 (97.7) 7 (2.3) 308 308 GR 992 (98.7) 13 (1.3) 1005 1005 IE 980 (97.9) 21 (2.1) 1001 1001 IT 1004 (98.0) 21 (2.0) 1025 1025 LU 609 (98.4) 10 (1.6) 619 619 NL 1016 (97.3) 28 (2.7) 1044 1044 PT 979 (97.9) 21 (2.1) 1000 1000 SE 983 (98.3) 17 (1.7) 1000 1000 N Sum 15914 302 16216 N Valid Sum 15914 302 16216 printed 25.01.2012 page 82 Eurobarometer 61 - February-March 2004,GESIS Variable Report,107,ZA4056
v78,v78 0 1 N Sum N Valid Sum,Q11 EU MEANING: DK,isocntry AT 1020 (97.0) 32 (3.0) 1052 1052 BE 996 (98.4) 16 (1.6) 1012 1012 DE-E 1010 (97.9) 22 (2.1) 1032 1032 DE-W 1012 (97.6) 25 (2.4) 1037 1037 DK 968 (96.8) 32 (3.2) 1000 1000 ES 973 (97.3) 27 (2.7) 1000 1000 FI 1011 (98.4) 16 (1.6) 1027 1027 FR 998 (97.9) 21 (2.1) 1019 1019 GB-GBN 941 (90.9) 94 (9.1) 1035 1035 GB-NIR 280 (90.9) 28 (9.1) 308 308 GR 985 (98.0) 20 (2.0) 1005 1005 IE 947 (94.6) 54 (5.4) 1001 1001 IT 1000 (97.6) 25 (2.4) 1025 1025 LU 613 (99.0) 6 (1.0) 619 619 NL 1013 (97.0) 31 (3.0) 1044 1044 PT 935 (93.5) 65 (6.5) 1000 1000 SE 993 (99.3) 7 (0.7) 1000 1000 N Sum 15695 521 16216 N Valid Sum 15695 521 16216 printed 25.01.2012 page 83 Eurobarometer 61 - February-March 2004,isocntry AT 1020 (97.0) 32 (3.0) 1052 1052 BE 996 (98.4) 16 (1.6) 1012 1012 DE-E 1010 (97.9) 22 (2.1) 1032 1032 DE-W 1012 (97.6) 25 (2.4) 1037 1037 DK 968 (96.8) 32 (3.2) 1000 1000 ES 973 (97.3) 27 (2.7) 1000 1000 FI 1011 (98.4) 16 (1.6) 1027 1027 FR 998 (97.9) 21 (2.1) 1019 1019 GB-GBN 941 (90.9) 94 (9.1) 1035 1035 GB-NIR 280 (90.9) 28 (9.1) 308 308 GR 985 (98.0) 20 (2.0) 1005 1005 IE 947 (94.6) 54 (5.4) 1001 1001 IT 1000 (97.6) 25 (2.4) 1025 1025 LU 613 (99.0) 6 (1.0) 619 619 NL 1013 (97.0) 31 (3.0) 1044 1044 PT 935 (93.5) 65 (6.5) 1000 1000 SE 993 (99.3) 7 (0.7) 1000 1000 N Sum 15695 521 16216 N Valid Sum 15695 521 16216 printed 25.01.2012 page 83 Eurobarometer 61 - February-March 2004,GESIS Variable Report,108,ZA4056
v79,v79 1 2 3 N Sum N Valid Sum,Q12 EU STATEMENTS: FEELING SAFER,isocntry M AT 398 (41.8) 554 (58.2) 100 1052 952 BE 320 (34.2) 616 (65.8) 76 1012 936 DE-E 372 (43.9) 475 (56.1) 185 1032 847 DE-W 440 (50.0) 440 (50.0) 157 1037 880 DK 482 (52.7) 433 (47.3) 85 1000 915 ES 630 (69.2) 280 (30.8) 91 1001 910 FI 485 (49.8) 488 (50.2) 54 1027 973 FR 294 (31.5) 640 (68.5) 85 1019 934 GB-GBN 262 (30.3) 603 (69.7) 170 1035 865 GB-NIR 116 (45.3) 140 (54.7) 52 308 256 GR 767 (79.2) 202 (20.8) 36 1005 969 IE 522 (62.6) 312 (37.4) 166 1000 834 IT 529 (58.9) 369 (41.1) 127 1025 898 LU 297 (51.7) 277 (48.3) 46 620 574 NL 242 (26.1) 684 (73.9) 118 1044 926 PT 529 (57.7) 388 (42.3) 83 1000 917 SE 293 (30.7) 661 (69.3) 45 999 954 N Sum 6978 7562 1676 16216 N Valid Sum 6978 7562 14540 printed 25.01.2012 page 84 Eurobarometer 61 - February-March 2004,isocntry M AT 398 (41.8) 554 (58.2) 100 1052 952 BE 320 (34.2) 616 (65.8) 76 1012 936 DE-E 372 (43.9) 475 (56.1) 185 1032 847 DE-W 440 (50.0) 440 (50.0) 157 1037 880 DK 482 (52.7) 433 (47.3) 85 1000 915 ES 630 (69.2) 280 (30.8) 91 1001 910 FI 485 (49.8) 488 (50.2) 54 1027 973 FR 294 (31.5) 640 (68.5) 85 1019 934 GB-GBN 262 (30.3) 603 (69.7) 170 1035 865 GB-NIR 116 (45.3) 140 (54.7) 52 308 256 GR 767 (79.2) 202 (20.8) 36 1005 969 IE 522 (62.6) 312 (37.4) 166 1000 834 IT 529 (58.9) 369 (41.1) 127 1025 898 LU 297 (51.7) 277 (48.3) 46 620 574 NL 242 (26.1) 684 (73.9) 118 1044 926 PT 529 (57.7) 388 (42.3) 83 1000 917 SE 293 (30.7) 661 (69.3) 45 999 954 N Sum 6978 7562 1676 16216 N Valid Sum 6978 7562 14540 printed 25.01.2012 page 84 Eurobarometer 61 - February-March 2004,GESIS Variable Report,109,ZA4056
v80,v80 1 2 3 N Sum N Valid Sum,Q12 EU STATEMENTS: ECONOMICALLY STABLE,isocntry M AT 430 (45.9) 507 (54.1) 115 1052 937 BE 435 (46.7) 496 (53.3) 81 1012 931 DE-E 301 (33.3) 602 (66.7) 129 1032 903 DE-W 361 (40.2) 536 (59.8) 140 1037 897 DK 561 (61.2) 356 (38.8) 83 1000 917 ES 610 (68.6) 279 (31.4) 111 1000 889 FI 454 (47.5) 501 (52.5) 72 1027 955 FR 331 (35.8) 594 (64.2) 94 1019 925 GB-GBN 311 (36.1) 551 (63.9) 172 1034 862 GB-NIR 152 (58.0) 110 (42.0) 46 308 262 GR 656 (70.8) 270 (29.2) 80 1006 926 IE 629 (75.2) 207 (24.8) 165 1001 836 IT 413 (45.3) 498 (54.7) 113 1024 911 LU 357 (62.2) 217 (37.8) 45 619 574 NL 409 (43.4) 534 (56.6) 101 1044 943 PT 453 (49.7) 458 (50.3) 89 1000 911 SE 242 (25.8) 695 (74.2) 63 1000 937 N Sum 7105 7411 1699 16215 N Valid Sum 7105 7411 14516 printed 25.01.2012 page 85 Eurobarometer 61 - February-March 2004,isocntry M AT 430 (45.9) 507 (54.1) 115 1052 937 BE 435 (46.7) 496 (53.3) 81 1012 931 DE-E 301 (33.3) 602 (66.7) 129 1032 903 DE-W 361 (40.2) 536 (59.8) 140 1037 897 DK 561 (61.2) 356 (38.8) 83 1000 917 ES 610 (68.6) 279 (31.4) 111 1000 889 FI 454 (47.5) 501 (52.5) 72 1027 955 FR 331 (35.8) 594 (64.2) 94 1019 925 GB-GBN 311 (36.1) 551 (63.9) 172 1034 862 GB-NIR 152 (58.0) 110 (42.0) 46 308 262 GR 656 (70.8) 270 (29.2) 80 1006 926 IE 629 (75.2) 207 (24.8) 165 1001 836 IT 413 (45.3) 498 (54.7) 113 1024 911 LU 357 (62.2) 217 (37.8) 45 619 574 NL 409 (43.4) 534 (56.6) 101 1044 943 PT 453 (49.7) 458 (50.3) 89 1000 911 SE 242 (25.8) 695 (74.2) 63 1000 937 N Sum 7105 7411 1699 16215 N Valid Sum 7105 7411 14516 printed 25.01.2012 page 85 Eurobarometer 61 - February-March 2004,GESIS Variable Report,110,ZA4056
v81,v81 1 2 3 N Sum N Valid Sum,Q12 EU STATEMENTS: POLITICALLY STABLE,isocntry M AT 341 (36.7) 588 (63.3) 123 1052 929 BE 329 (36.6) 569 (63.4) 113 1011 898 DE-E 399 (44.7) 493 (55.3) 139 1031 892 DE-W 425 (47.1) 477 (52.9) 135 1037 902 DK 368 (40.8) 533 (59.2) 99 1000 901 ES 578 (65.5) 305 (34.5) 117 1000 883 FI 464 (50.3) 459 (49.7) 103 1026 923 FR 293 (32.5) 608 (67.5) 118 1019 901 GB-GBN 275 (32.4) 575 (67.6) 185 1035 850 GB-NIR 118 (45.6) 141 (54.4) 49 308 259 GR 644 (70.6) 268 (29.4) 93 1005 912 IE 494 (61.7) 307 (38.3) 201 1002 801 IT 354 (40.6) 518 (59.4) 153 1025 872 LU 334 (60.7) 216 (39.3) 69 619 550 NL 335 (36.3) 588 (63.7) 120 1043 923 PT 442 (50.0) 442 (50.0) 115 999 884 SE 281 (29.8) 661 (70.2) 58 1000 942 N Sum 6474 7748 1990 16212 N Valid Sum 6474 7748 14222 printed 25.01.2012 page 86 Eurobarometer 61 - February-March 2004,isocntry M AT 341 (36.7) 588 (63.3) 123 1052 929 BE 329 (36.6) 569 (63.4) 113 1011 898 DE-E 399 (44.7) 493 (55.3) 139 1031 892 DE-W 425 (47.1) 477 (52.9) 135 1037 902 DK 368 (40.8) 533 (59.2) 99 1000 901 ES 578 (65.5) 305 (34.5) 117 1000 883 FI 464 (50.3) 459 (49.7) 103 1026 923 FR 293 (32.5) 608 (67.5) 118 1019 901 GB-GBN 275 (32.4) 575 (67.6) 185 1035 850 GB-NIR 118 (45.6) 141 (54.4) 49 308 259 GR 644 (70.6) 268 (29.4) 93 1005 912 IE 494 (61.7) 307 (38.3) 201 1002 801 IT 354 (40.6) 518 (59.4) 153 1025 872 LU 334 (60.7) 216 (39.3) 69 619 550 NL 335 (36.3) 588 (63.7) 120 1043 923 PT 442 (50.0) 442 (50.0) 115 999 884 SE 281 (29.8) 661 (70.2) 58 1000 942 N Sum 6474 7748 1990 16212 N Valid Sum 6474 7748 14222 printed 25.01.2012 page 86 Eurobarometer 61 - February-March 2004,GESIS Variable Report,111,ZA4056
v82,v82 1 2 3 N Sum N Valid Sum,Q12 EU STATEMENTS: PERS VOICE COUNTS,isocntry M AT 275 (29.9) 645 (70.1) 132 1052 920 BE 326 (36.4) 570 (63.6) 115 1011 896 DE-E 212 (26.7) 583 (73.3) 236 1031 795 DE-W 366 (43.8) 470 (56.2) 201 1037 836 DK 468 (51.5) 441 (48.5) 91 1000 909 ES 371 (43.9) 475 (56.1) 153 999 846 FI 282 (29.0) 690 (71.0) 55 1027 972 FR 379 (42.6) 510 (57.4) 130 1019 889 GB-GBN 136 (16.1) 711 (83.9) 188 1035 847 GB-NIR 77 (28.9) 189 (71.1) 42 308 266 GR 405 (44.5) 506 (55.5) 94 1005 911 IE 370 (44.6) 460 (55.4) 170 1000 830 IT 234 (27.0) 634 (73.0) 157 1025 868 LU 269 (49.0) 280 (51.0) 70 619 549 NL 422 (47.0) 476 (53.0) 147 1045 898 PT 255 (27.7) 664 (72.3) 81 1000 919 SE 323 (34.7) 609 (65.3) 68 1000 932 N Sum 5170 8913 2130 16213 N Valid Sum 5170 8913 14083 printed 25.01.2012 page 87 Eurobarometer 61 - February-March 2004,isocntry M AT 275 (29.9) 645 (70.1) 132 1052 920 BE 326 (36.4) 570 (63.6) 115 1011 896 DE-E 212 (26.7) 583 (73.3) 236 1031 795 DE-W 366 (43.8) 470 (56.2) 201 1037 836 DK 468 (51.5) 441 (48.5) 91 1000 909 ES 371 (43.9) 475 (56.1) 153 999 846 FI 282 (29.0) 690 (71.0) 55 1027 972 FR 379 (42.6) 510 (57.4) 130 1019 889 GB-GBN 136 (16.1) 711 (83.9) 188 1035 847 GB-NIR 77 (28.9) 189 (71.1) 42 308 266 GR 405 (44.5) 506 (55.5) 94 1005 911 IE 370 (44.6) 460 (55.4) 170 1000 830 IT 234 (27.0) 634 (73.0) 157 1025 868 LU 269 (49.0) 280 (51.0) 70 619 549 NL 422 (47.0) 476 (53.0) 147 1045 898 PT 255 (27.7) 664 (72.3) 81 1000 919 SE 323 (34.7) 609 (65.3) 68 1000 932 N Sum 5170 8913 2130 16213 N Valid Sum 5170 8913 14083 printed 25.01.2012 page 87 Eurobarometer 61 - February-March 2004,GESIS Variable Report,112,ZA4056
v83,v83 1 2 3 N Sum N Valid Sum,Q12 EU STATEMENTS: UNDERSTAND HOW,isocntry M AT 478 (52.5) 432 (47.5) 142 1052 910 BE 434 (46.3) 503 (53.7) 75 1012 937 DE-E 350 (44.0) 446 (56.0) 235 1031 796 DE-W 441 (55.2) 358 (44.8) 238 1037 799 DK 481 (53.0) 426 (47.0) 92 999 907 ES 368 (43.7) 474 (56.3) 158 1000 842 FI 391 (40.3) 579 (59.7) 57 1027 970 FR 414 (44.6) 514 (55.4) 91 1019 928 GB-GBN 355 (39.8) 537 (60.2) 143 1035 892 GB-NIR 86 (29.9) 202 (70.1) 20 308 288 GR 579 (63.0) 340 (37.0) 86 1005 919 IE 350 (39.6) 534 (60.4) 116 1000 884 IT 462 (55.0) 378 (45.0) 185 1025 840 LU 339 (61.0) 217 (39.0) 63 619 556 NL 474 (50.7) 460 (49.3) 110 1044 934 PT 400 (42.4) 543 (57.6) 57 1000 943 SE 432 (45.6) 515 (54.4) 53 1000 947 N Sum 6834 7458 1921 16213 N Valid Sum 6834 7458 14292 printed 25.01.2012 page 88 Eurobarometer 61 - February-March 2004,isocntry M AT 478 (52.5) 432 (47.5) 142 1052 910 BE 434 (46.3) 503 (53.7) 75 1012 937 DE-E 350 (44.0) 446 (56.0) 235 1031 796 DE-W 441 (55.2) 358 (44.8) 238 1037 799 DK 481 (53.0) 426 (47.0) 92 999 907 ES 368 (43.7) 474 (56.3) 158 1000 842 FI 391 (40.3) 579 (59.7) 57 1027 970 FR 414 (44.6) 514 (55.4) 91 1019 928 GB-GBN 355 (39.8) 537 (60.2) 143 1035 892 GB-NIR 86 (29.9) 202 (70.1) 20 308 288 GR 579 (63.0) 340 (37.0) 86 1005 919 IE 350 (39.6) 534 (60.4) 116 1000 884 IT 462 (55.0) 378 (45.0) 185 1025 840 LU 339 (61.0) 217 (39.0) 63 619 556 NL 474 (50.7) 460 (49.3) 110 1044 934 PT 400 (42.4) 543 (57.6) 57 1000 943 SE 432 (45.6) 515 (54.4) 53 1000 947 N Sum 6834 7458 1921 16213 N Valid Sum 6834 7458 14292 printed 25.01.2012 page 88 Eurobarometer 61 - February-March 2004,GESIS Variable Report,113,ZA4056
v84,v84 1 2 3 N Sum N Valid Sum,Q12 EU STATEMENTS: CTRY VOICE COUNTS,isocntry M AT 437 (46.8) 496 (53.2) 119 1052 933 BE 641 (69.9) 276 (30.1) 95 1012 917 DE-E 737 (83.0) 151 (17.0) 145 1033 888 DE-W 781 (84.2) 147 (15.8) 109 1037 928 DK 735 (77.2) 217 (22.8) 47 999 952 ES 657 (74.5) 225 (25.5) 118 1000 882 FI 607 (62.4) 366 (37.6) 54 1027 973 FR 796 (83.9) 153 (16.1) 70 1019 949 GB-GBN 458 (52.8) 410 (47.2) 167 1035 868 GB-NIR 114 (44.0) 145 (56.0) 49 308 259 GR 699 (74.7) 237 (25.3) 69 1005 936 IE 667 (78.5) 183 (21.5) 150 1000 850 IT 519 (59.4) 355 (40.6) 151 1025 874 LU 463 (81.8) 103 (18.2) 54 620 566 NL 632 (67.7) 301 (32.3) 111 1044 933 PT 528 (58.4) 376 (41.6) 96 1000 904 SE 729 (76.5) 224 (23.5) 47 1000 953 N Sum 10200 4365 1651 16216 N Valid Sum 10200 4365 14565 printed 25.01.2012 page 89 Eurobarometer 61 - February-March 2004,isocntry M AT 437 (46.8) 496 (53.2) 119 1052 933 BE 641 (69.9) 276 (30.1) 95 1012 917 DE-E 737 (83.0) 151 (17.0) 145 1033 888 DE-W 781 (84.2) 147 (15.8) 109 1037 928 DK 735 (77.2) 217 (22.8) 47 999 952 ES 657 (74.5) 225 (25.5) 118 1000 882 FI 607 (62.4) 366 (37.6) 54 1027 973 FR 796 (83.9) 153 (16.1) 70 1019 949 GB-GBN 458 (52.8) 410 (47.2) 167 1035 868 GB-NIR 114 (44.0) 145 (56.0) 49 308 259 GR 699 (74.7) 237 (25.3) 69 1005 936 IE 667 (78.5) 183 (21.5) 150 1000 850 IT 519 (59.4) 355 (40.6) 151 1025 874 LU 463 (81.8) 103 (18.2) 54 620 566 NL 632 (67.7) 301 (32.3) 111 1044 933 PT 528 (58.4) 376 (41.6) 96 1000 904 SE 729 (76.5) 224 (23.5) 47 1000 953 N Sum 10200 4365 1651 16216 N Valid Sum 10200 4365 14565 printed 25.01.2012 page 89 Eurobarometer 61 - February-March 2004,GESIS Variable Report,114,ZA4056
v85,v85 1 2 3 N Sum N Valid Sum,Q12 EU STATEMENTS: CTRY INFLUENCE FUTURE,isocntry M AT 285 (31.3) 625 (68.7) 142 1052 910 BE 267 (33.0) 542 (67.0) 203 1012 809 DE-E 394 (52.9) 351 (47.1) 287 1032 745 DE-W 466 (59.1) 323 (40.9) 248 1037 789 DK 247 (29.5) 590 (70.5) 163 1000 837 ES 599 (77.5) 174 (22.5) 227 1000 773 FI 320 (34.4) 610 (65.6) 97 1027 930 FR 408 (51.2) 389 (48.8) 222 1019 797 GB-GBN 374 (46.8) 425 (53.2) 236 1035 799 GB-NIR 95 (41.3) 135 (58.7) 77 307 230 GR 680 (77.8) 194 (22.2) 131 1005 874 IE 490 (65.8) 255 (34.2) 256 1001 745 IT 483 (66.2) 247 (33.8) 295 1025 730 LU 238 (46.3) 276 (53.7) 105 619 514 NL 237 (27.1) 637 (72.9) 169 1043 874 PT 460 (56.7) 351 (43.3) 189 1000 811 SE 289 (32.7) 594 (67.3) 117 1000 883 N Sum 6332 6718 3164 16214 N Valid Sum 6332 6718 13050 printed 25.01.2012 page 90 Eurobarometer 61 - February-March 2004,isocntry M AT 285 (31.3) 625 (68.7) 142 1052 910 BE 267 (33.0) 542 (67.0) 203 1012 809 DE-E 394 (52.9) 351 (47.1) 287 1032 745 DE-W 466 (59.1) 323 (40.9) 248 1037 789 DK 247 (29.5) 590 (70.5) 163 1000 837 ES 599 (77.5) 174 (22.5) 227 1000 773 FI 320 (34.4) 610 (65.6) 97 1027 930 FR 408 (51.2) 389 (48.8) 222 1019 797 GB-GBN 374 (46.8) 425 (53.2) 236 1035 799 GB-NIR 95 (41.3) 135 (58.7) 77 307 230 GR 680 (77.8) 194 (22.2) 131 1005 874 IE 490 (65.8) 255 (34.2) 256 1001 745 IT 483 (66.2) 247 (33.8) 295 1025 730 LU 238 (46.3) 276 (53.7) 105 619 514 NL 237 (27.1) 637 (72.9) 169 1043 874 PT 460 (56.7) 351 (43.3) 189 1000 811 SE 289 (32.7) 594 (67.3) 117 1000 883 N Sum 6332 6718 3164 16214 N Valid Sum 6332 6718 13050 printed 25.01.2012 page 90 Eurobarometer 61 - February-March 2004,GESIS Variable Report,115,ZA4056
v86,v86 1 2 3 N Sum N Valid Sum,Q12 EU STATEMENTS: BIG COUNTRIES POWER,isocntry M AT 804 (82.8) 167 (17.2) 82 1053 971 BE 727 (79.0) 193 (21.0) 92 1012 920 DE-E 645 (74.6) 220 (25.4) 167 1032 865 DE-W 676 (77.3) 199 (22.7) 162 1037 875 DK 891 (92.3) 74 (7.7) 35 1000 965 ES 723 (82.8) 150 (17.2) 127 1000 873 FI 955 (95.3) 47 (4.7) 25 1027 1002 FR 715 (77.5) 207 (22.5) 97 1019 922 GB-GBN 656 (77.3) 193 (22.7) 186 1035 849 GB-NIR 251 (89.0) 31 (11.0) 26 308 282 GR 790 (86.0) 129 (14.0) 86 1005 919 IE 709 (83.4) 141 (16.6) 151 1001 850 IT 663 (76.6) 202 (23.4) 159 1024 865 LU 438 (76.6) 134 (23.4) 47 619 572 NL 923 (91.7) 83 (8.3) 38 1044 1006 PT 837 (89.3) 100 (10.7) 63 1000 937 SE 915 (94.8) 50 (5.2) 35 1000 965 N Sum 12318 2320 1578 16216 N Valid Sum 12318 2320 14638 printed 25.01.2012 page 91 Eurobarometer 61 - February-March 2004,isocntry M AT 804 (82.8) 167 (17.2) 82 1053 971 BE 727 (79.0) 193 (21.0) 92 1012 920 DE-E 645 (74.6) 220 (25.4) 167 1032 865 DE-W 676 (77.3) 199 (22.7) 162 1037 875 DK 891 (92.3) 74 (7.7) 35 1000 965 ES 723 (82.8) 150 (17.2) 127 1000 873 FI 955 (95.3) 47 (4.7) 25 1027 1002 FR 715 (77.5) 207 (22.5) 97 1019 922 GB-GBN 656 (77.3) 193 (22.7) 186 1035 849 GB-NIR 251 (89.0) 31 (11.0) 26 308 282 GR 790 (86.0) 129 (14.0) 86 1005 919 IE 709 (83.4) 141 (16.6) 151 1001 850 IT 663 (76.6) 202 (23.4) 159 1024 865 LU 438 (76.6) 134 (23.4) 47 619 572 NL 923 (91.7) 83 (8.3) 38 1044 1006 PT 837 (89.3) 100 (10.7) 63 1000 937 SE 915 (94.8) 50 (5.2) 35 1000 965 N Sum 12318 2320 1578 16216 N Valid Sum 12318 2320 14638 printed 25.01.2012 page 91 Eurobarometer 61 - February-March 2004,GESIS Variable Report,116,ZA4056
v87,,Q12 EU STATEMENTS: CTRY INFLUENCE NOW,,Q12 EU STATEMENTS: CTRY INFLUENCE NOW,GESIS Variable Report,117,ZA4056
v88,,Q13A EUROP UNIFICATION SPEED - CURRENTLY,,Q13A EUROP UNIFICATION SPEED - CURRENTLY,GESIS Variable Report,118,ZA4056
v89,,Q13B EUROP UNIFICATION SPEED - PREFERENCE,,Q13B EUROP UNIFICATION SPEED - PREFERENCE,GESIS Variable Report,119,ZA4056
v90,v90 1 2 3 4 N Sum N Valid Sum,Q14A EU ROLE IN DAILY LIFE - EXPECTATION,isocntry M AT 325 (35.2) 161 (17.4) 438 (47.4) 128 1052 924 BE 352 (38.9) 88 (9.7) 466 (51.4) 106 1012 906 DE-E 358 (39.5) 171 (18.9) 378 (41.7) 126 1033 907 DE-W 400 (42.1) 130 (13.7) 421 (44.3) 86 1037 951 DK 434 (45.4) 57 (6.0) 465 (48.6) 44 1000 956 ES 369 (41.1) 86 (9.6) 443 (49.3) 102 1000 898 FI 305 (30.6) 98 (9.8) 594 (59.6) 30 1027 997 FR 414 (45.0) 67 (7.3) 439 (47.7) 98 1018 920 GB-GBN 433 (49.8) 99 (11.4) 338 (38.9) 164 1034 870 GB-NIR 150 (55.8) 16 (5.9) 103 (38.3) 39 308 269 GR 659 (70.1) 92 (9.8) 189 (20.1) 64 1004 940 IE 457 (53.5) 66 (7.7) 332 (38.8) 147 1002 855 IT 526 (56.4) 66 (7.1) 341 (36.5) 92 1025 933 LU 240 (41.7) 67 (11.6) 269 (46.7) 44 620 576 NL 422 (42.9) 77 (7.8) 485 (49.3) 61 1045 984 PT 526 (60.7) 89 (10.3) 251 (29.0) 134 1000 866 SE 406 (41.8) 93 (9.6) 473 (48.7) 27 999 972 N Sum 6776 1523 6425 1492 16216 N Valid Sum 6776 1523 6425 14724 printed 25.01.2012 page 96 Eurobarometer 61 - February-March 2004,isocntry M AT 325 (35.2) 161 (17.4) 438 (47.4) 128 1052 924 BE 352 (38.9) 88 (9.7) 466 (51.4) 106 1012 906 DE-E 358 (39.5) 171 (18.9) 378 (41.7) 126 1033 907 DE-W 400 (42.1) 130 (13.7) 421 (44.3) 86 1037 951 DK 434 (45.4) 57 (6.0) 465 (48.6) 44 1000 956 ES 369 (41.1) 86 (9.6) 443 (49.3) 102 1000 898 FI 305 (30.6) 98 (9.8) 594 (59.6) 30 1027 997 FR 414 (45.0) 67 (7.3) 439 (47.7) 98 1018 920 GB-GBN 433 (49.8) 99 (11.4) 338 (38.9) 164 1034 870 GB-NIR 150 (55.8) 16 (5.9) 103 (38.3) 39 308 269 GR 659 (70.1) 92 (9.8) 189 (20.1) 64 1004 940 IE 457 (53.5) 66 (7.7) 332 (38.8) 147 1002 855 IT 526 (56.4) 66 (7.1) 341 (36.5) 92 1025 933 LU 240 (41.7) 67 (11.6) 269 (46.7) 44 620 576 NL 422 (42.9) 77 (7.8) 485 (49.3) 61 1045 984 PT 526 (60.7) 89 (10.3) 251 (29.0) 134 1000 866 SE 406 (41.8) 93 (9.6) 473 (48.7) 27 999 972 N Sum 6776 1523 6425 1492 16216 N Valid Sum 6776 1523 6425 14724 printed 25.01.2012 page 96 Eurobarometer 61 - February-March 2004,GESIS Variable Report,121,ZA4056
v91,,Q14B EU ROLE IN DAILY LIFE - PREFERENCE,,Q14B EU ROLE IN DAILY LIFE - PREFERENCE,GESIS Variable Report,122,ZA4056
v92,v92 1 2 3 N Sum N Valid Sum,Q15 FEARS - POWER LOSS SMALL STATES,isocntry M AT 487 (49.3) 500 (50.7) 65 1052 987 BE 503 (53.7) 434 (46.3) 76 1013 937 DE-E 223 (25.6) 647 (74.4) 161 1031 870 DE-W 189 (20.4) 739 (79.6) 108 1036 928 DK 600 (62.0) 368 (38.0) 31 999 968 ES 318 (35.1) 588 (64.9) 95 1001 906 FI 792 (78.8) 213 (21.2) 21 1026 1005 FR 522 (57.1) 392 (42.9) 105 1019 914 GB-GBN 430 (48.8) 452 (51.2) 154 1036 882 GB-NIR 164 (60.5) 107 (39.5) 37 308 271 GR 489 (53.1) 432 (46.9) 84 1005 921 IE 560 (63.7) 319 (36.3) 121 1000 879 IT 531 (57.1) 399 (42.9) 96 1026 930 LU 362 (62.0) 222 (38.0) 35 619 584 NL 652 (67.4) 316 (32.6) 76 1044 968 PT 609 (66.5) 307 (33.5) 85 1001 916 SE 583 (59.9) 390 (40.1) 27 1000 973 N Sum 8014 6825 1377 16216 N Valid Sum 8014 6825 14839 printed 25.01.2012 page 98 Eurobarometer 61 - February-March 2004,isocntry M AT 487 (49.3) 500 (50.7) 65 1052 987 BE 503 (53.7) 434 (46.3) 76 1013 937 DE-E 223 (25.6) 647 (74.4) 161 1031 870 DE-W 189 (20.4) 739 (79.6) 108 1036 928 DK 600 (62.0) 368 (38.0) 31 999 968 ES 318 (35.1) 588 (64.9) 95 1001 906 FI 792 (78.8) 213 (21.2) 21 1026 1005 FR 522 (57.1) 392 (42.9) 105 1019 914 GB-GBN 430 (48.8) 452 (51.2) 154 1036 882 GB-NIR 164 (60.5) 107 (39.5) 37 308 271 GR 489 (53.1) 432 (46.9) 84 1005 921 IE 560 (63.7) 319 (36.3) 121 1000 879 IT 531 (57.1) 399 (42.9) 96 1026 930 LU 362 (62.0) 222 (38.0) 35 619 584 NL 652 (67.4) 316 (32.6) 76 1044 968 PT 609 (66.5) 307 (33.5) 85 1001 916 SE 583 (59.9) 390 (40.1) 27 1000 973 N Sum 8014 6825 1377 16216 N Valid Sum 8014 6825 14839 printed 25.01.2012 page 98 Eurobarometer 61 - February-March 2004,GESIS Variable Report,123,ZA4056
v93,v93 1 2 3 N Sum N Valid Sum,Q15 FEARS - INCREASED DRUG/ORG CRIME,isocntry M AT 657 (64.4) 363 (35.6) 32 1052 1020 BE 725 (74.1) 253 (25.9) 34 1012 978 DE-E 799 (80.5) 193 (19.5) 40 1032 992 DE-W 721 (72.9) 268 (27.1) 47 1036 989 DK 673 (69.3) 298 (30.7) 29 1000 971 ES 478 (51.2) 456 (48.8) 66 1000 934 FI 821 (81.2) 190 (18.8) 16 1027 1011 FR 616 (65.0) 332 (35.0) 71 1019 948 GB-GBN 680 (70.6) 283 (29.4) 72 1035 963 GB-NIR 228 (79.4) 59 (20.6) 21 308 287 GR 610 (64.4) 337 (35.6) 58 1005 947 IE 686 (75.1) 227 (24.9) 89 1002 913 IT 600 (62.4) 361 (37.6) 64 1025 961 LU 484 (81.1) 113 (18.9) 22 619 597 NL 687 (68.0) 323 (32.0) 34 1044 1010 PT 769 (79.0) 205 (21.0) 27 1001 974 SE 809 (82.6) 170 (17.4) 21 1000 979 N Sum 11043 4431 743 16217 N Valid Sum 11043 4431 15474 printed 25.01.2012 page 99 Eurobarometer 61 - February-March 2004,isocntry M AT 657 (64.4) 363 (35.6) 32 1052 1020 BE 725 (74.1) 253 (25.9) 34 1012 978 DE-E 799 (80.5) 193 (19.5) 40 1032 992 DE-W 721 (72.9) 268 (27.1) 47 1036 989 DK 673 (69.3) 298 (30.7) 29 1000 971 ES 478 (51.2) 456 (48.8) 66 1000 934 FI 821 (81.2) 190 (18.8) 16 1027 1011 FR 616 (65.0) 332 (35.0) 71 1019 948 GB-GBN 680 (70.6) 283 (29.4) 72 1035 963 GB-NIR 228 (79.4) 59 (20.6) 21 308 287 GR 610 (64.4) 337 (35.6) 58 1005 947 IE 686 (75.1) 227 (24.9) 89 1002 913 IT 600 (62.4) 361 (37.6) 64 1025 961 LU 484 (81.1) 113 (18.9) 22 619 597 NL 687 (68.0) 323 (32.0) 34 1044 1010 PT 769 (79.0) 205 (21.0) 27 1001 974 SE 809 (82.6) 170 (17.4) 21 1000 979 N Sum 11043 4431 743 16217 N Valid Sum 11043 4431 15474 printed 25.01.2012 page 99 Eurobarometer 61 - February-March 2004,GESIS Variable Report,124,ZA4056
v94,v94 1 2 3 N Sum N Valid Sum,Q15 FEARS - OUR LANGUAGE USED LESS,isocntry M AT 375 (36.9) 641 (63.1) 36 1052 1016 BE 296 (30.3) 680 (69.7) 36 1012 976 DE-E 448 (47.4) 498 (52.6) 86 1032 946 DE-W 443 (45.2) 538 (54.8) 57 1038 981 DK 392 (40.3) 581 (59.7) 27 1000 973 ES 262 (27.7) 684 (72.3) 54 1000 946 FI 366 (36.5) 636 (63.5) 25 1027 1002 FR 360 (36.7) 620 (63.3) 39 1019 980 GB-GBN 349 (36.3) 613 (63.7) 74 1036 962 GB-NIR 77 (26.5) 214 (73.5) 17 308 291 GR 497 (52.3) 453 (47.7) 54 1004 950 IE 508 (54.7) 420 (45.3) 73 1001 928 IT 427 (43.6) 552 (56.4) 45 1024 979 LU 427 (71.8) 168 (28.2) 24 619 595 NL 440 (43.7) 568 (56.3) 36 1044 1008 PT 443 (46.5) 510 (53.5) 47 1000 953 SE 314 (31.9) 671 (68.1) 15 1000 985 N Sum 6424 9047 745 16216 N Valid Sum 6424 9047 15471 printed 25.01.2012 page 100 Eurobarometer 61 - February-March 2004,isocntry M AT 375 (36.9) 641 (63.1) 36 1052 1016 BE 296 (30.3) 680 (69.7) 36 1012 976 DE-E 448 (47.4) 498 (52.6) 86 1032 946 DE-W 443 (45.2) 538 (54.8) 57 1038 981 DK 392 (40.3) 581 (59.7) 27 1000 973 ES 262 (27.7) 684 (72.3) 54 1000 946 FI 366 (36.5) 636 (63.5) 25 1027 1002 FR 360 (36.7) 620 (63.3) 39 1019 980 GB-GBN 349 (36.3) 613 (63.7) 74 1036 962 GB-NIR 77 (26.5) 214 (73.5) 17 308 291 GR 497 (52.3) 453 (47.7) 54 1004 950 IE 508 (54.7) 420 (45.3) 73 1001 928 IT 427 (43.6) 552 (56.4) 45 1024 979 LU 427 (71.8) 168 (28.2) 24 619 595 NL 440 (43.7) 568 (56.3) 36 1044 1008 PT 443 (46.5) 510 (53.5) 47 1000 953 SE 314 (31.9) 671 (68.1) 15 1000 985 N Sum 6424 9047 745 16216 N Valid Sum 6424 9047 15471 printed 25.01.2012 page 100 Eurobarometer 61 - February-March 2004,GESIS Variable Report,125,ZA4056
v95,v95 1 2 3 N Sum N Valid Sum,Q15 FEARS - R'S CTRY PAYING MORE,isocntry M AT 635 (64.9) 343 (35.1) 73 1051 978 BE 633 (68.7) 288 (31.3) 91 1012 921 DE-E 754 (82.4) 161 (17.6) 117 1032 915 DE-W 726 (76.1) 228 (23.9) 83 1037 954 DK 609 (64.2) 339 (35.8) 53 1001 948 ES 457 (50.5) 448 (49.5) 95 1000 905 FI 803 (80.7) 192 (19.3) 32 1027 995 FR 695 (74.7) 235 (25.3) 89 1019 930 GB-GBN 710 (77.2) 210 (22.8) 114 1034 920 GB-NIR 193 (71.7) 76 (28.3) 39 308 269 GR 586 (66.5) 295 (33.5) 124 1005 881 IE 606 (68.8) 275 (31.2) 119 1000 881 IT 544 (63.6) 312 (36.4) 169 1025 856 LU 355 (66.5) 179 (33.5) 85 619 534 NL 771 (77.8) 220 (22.2) 53 1044 991 PT 610 (67.7) 291 (32.3) 99 1000 901 SE 745 (77.6) 215 (22.4) 40 1000 960 N Sum 10432 4307 1475 16214 N Valid Sum 10432 4307 14739 printed 25.01.2012 page 101 Eurobarometer 61 - February-March 2004,isocntry M AT 635 (64.9) 343 (35.1) 73 1051 978 BE 633 (68.7) 288 (31.3) 91 1012 921 DE-E 754 (82.4) 161 (17.6) 117 1032 915 DE-W 726 (76.1) 228 (23.9) 83 1037 954 DK 609 (64.2) 339 (35.8) 53 1001 948 ES 457 (50.5) 448 (49.5) 95 1000 905 FI 803 (80.7) 192 (19.3) 32 1027 995 FR 695 (74.7) 235 (25.3) 89 1019 930 GB-GBN 710 (77.2) 210 (22.8) 114 1034 920 GB-NIR 193 (71.7) 76 (28.3) 39 308 269 GR 586 (66.5) 295 (33.5) 124 1005 881 IE 606 (68.8) 275 (31.2) 119 1000 881 IT 544 (63.6) 312 (36.4) 169 1025 856 LU 355 (66.5) 179 (33.5) 85 619 534 NL 771 (77.8) 220 (22.2) 53 1044 991 PT 610 (67.7) 291 (32.3) 99 1000 901 SE 745 (77.6) 215 (22.4) 40 1000 960 N Sum 10432 4307 1475 16214 N Valid Sum 10432 4307 14739 printed 25.01.2012 page 101 Eurobarometer 61 - February-March 2004,GESIS Variable Report,126,ZA4056
v96,v96 1 2 3 N Sum N Valid Sum,Q15 FEARS - LOSS OF SOCIAL BENEFITS,isocntry M AT 591 (59.4) 404 (40.6) 57 1052 995 BE 461 (49.2) 476 (50.8) 75 1012 937 DE-E 820 (84.8) 147 (15.2) 65 1032 967 DE-W 694 (71.2) 281 (28.8) 62 1037 975 DK 491 (51.3) 466 (48.7) 43 1000 957 ES 417 (46.2) 486 (53.8) 97 1000 903 FI 501 (51.0) 482 (49.0) 44 1027 983 FR 647 (67.3) 314 (32.7) 57 1018 961 GB-GBN 458 (52.4) 416 (47.6) 161 1035 874 GB-NIR 155 (55.8) 123 (44.2) 30 308 278 GR 420 (47.8) 459 (52.2) 126 1005 879 IE 507 (56.3) 394 (43.7) 101 1002 901 IT 388 (43.2) 511 (56.8) 126 1025 899 LU 338 (59.9) 226 (40.1) 55 619 564 NL 636 (65.1) 341 (34.9) 66 1043 977 PT 677 (72.9) 252 (27.1) 71 1000 929 SE 462 (48.6) 488 (51.4) 50 1000 950 N Sum 8663 6266 1286 16215 N Valid Sum 8663 6266 14929 printed 25.01.2012 page 102 Eurobarometer 61 - February-March 2004,isocntry M AT 591 (59.4) 404 (40.6) 57 1052 995 BE 461 (49.2) 476 (50.8) 75 1012 937 DE-E 820 (84.8) 147 (15.2) 65 1032 967 DE-W 694 (71.2) 281 (28.8) 62 1037 975 DK 491 (51.3) 466 (48.7) 43 1000 957 ES 417 (46.2) 486 (53.8) 97 1000 903 FI 501 (51.0) 482 (49.0) 44 1027 983 FR 647 (67.3) 314 (32.7) 57 1018 961 GB-GBN 458 (52.4) 416 (47.6) 161 1035 874 GB-NIR 155 (55.8) 123 (44.2) 30 308 278 GR 420 (47.8) 459 (52.2) 126 1005 879 IE 507 (56.3) 394 (43.7) 101 1002 901 IT 388 (43.2) 511 (56.8) 126 1025 899 LU 338 (59.9) 226 (40.1) 55 619 564 NL 636 (65.1) 341 (34.9) 66 1043 977 PT 677 (72.9) 252 (27.1) 71 1000 929 SE 462 (48.6) 488 (51.4) 50 1000 950 N Sum 8663 6266 1286 16215 N Valid Sum 8663 6266 14929 printed 25.01.2012 page 102 Eurobarometer 61 - February-March 2004,GESIS Variable Report,127,ZA4056
v97,v97 1 2 3 N Sum N Valid Sum,Q15 FEARS - LOSE NAT IDENTITY/CULT,isocntry M AT 406 (40.7) 591 (59.3) 55 1052 997 BE 305 (31.6) 660 (68.4) 47 1012 965 DE-E 465 (49.4) 477 (50.6) 90 1032 942 DE-W 429 (44.3) 540 (55.7) 68 1037 969 DK 407 (42.3) 555 (57.7) 38 1000 962 ES 276 (29.6) 656 (70.4) 68 1000 932 FI 342 (34.2) 658 (65.8) 27 1027 1000 FR 385 (39.0) 601 (61.0) 32 1018 986 GB-GBN 636 (65.6) 333 (34.4) 66 1035 969 GB-NIR 164 (56.7) 125 (43.3) 19 308 289 GR 483 (51.6) 453 (48.4) 69 1005 936 IE 576 (62.7) 343 (37.3) 81 1000 919 IT 396 (40.6) 579 (59.4) 50 1025 975 LU 319 (54.5) 266 (45.5) 34 619 585 NL 468 (46.7) 534 (53.3) 42 1044 1002 PT 476 (51.0) 457 (49.0) 67 1000 933 SE 300 (31.1) 664 (68.9) 36 1000 964 N Sum 6833 8492 889 16214 N Valid Sum 6833 8492 15325 printed 25.01.2012 page 103 Eurobarometer 61 - February-March 2004,isocntry M AT 406 (40.7) 591 (59.3) 55 1052 997 BE 305 (31.6) 660 (68.4) 47 1012 965 DE-E 465 (49.4) 477 (50.6) 90 1032 942 DE-W 429 (44.3) 540 (55.7) 68 1037 969 DK 407 (42.3) 555 (57.7) 38 1000 962 ES 276 (29.6) 656 (70.4) 68 1000 932 FI 342 (34.2) 658 (65.8) 27 1027 1000 FR 385 (39.0) 601 (61.0) 32 1018 986 GB-GBN 636 (65.6) 333 (34.4) 66 1035 969 GB-NIR 164 (56.7) 125 (43.3) 19 308 289 GR 483 (51.6) 453 (48.4) 69 1005 936 IE 576 (62.7) 343 (37.3) 81 1000 919 IT 396 (40.6) 579 (59.4) 50 1025 975 LU 319 (54.5) 266 (45.5) 34 619 585 NL 468 (46.7) 534 (53.3) 42 1044 1002 PT 476 (51.0) 457 (49.0) 67 1000 933 SE 300 (31.1) 664 (68.9) 36 1000 964 N Sum 6833 8492 889 16214 N Valid Sum 6833 8492 15325 printed 25.01.2012 page 103 Eurobarometer 61 - February-March 2004,GESIS Variable Report,128,ZA4056
v98,v98 1 2 3 N Sum N Valid Sum,Q15 FEARS - ECONOMIC CRISIS,isocntry M AT 497 (51.3) 471 (48.7) 84 1052 968 BE 531 (56.0) 418 (44.0) 63 1012 949 DE-E 610 (68.5) 281 (31.5) 141 1032 891 DE-W 564 (60.3) 371 (39.7) 102 1037 935 DK 280 (31.4) 611 (68.6) 110 1001 891 ES 415 (45.8) 492 (54.2) 93 1000 907 FI 324 (33.7) 638 (66.3) 64 1026 962 FR 576 (61.9) 355 (38.1) 88 1019 931 GB-GBN 505 (57.2) 378 (42.8) 152 1035 883 GB-NIR 134 (51.0) 129 (49.0) 45 308 263 GR 429 (48.3) 460 (51.7) 117 1006 889 IE 443 (52.2) 406 (47.8) 153 1002 849 IT 552 (59.9) 369 (40.1) 104 1025 921 LU 301 (54.0) 256 (46.0) 61 618 557 NL 488 (51.0) 468 (49.0) 87 1043 956 PT 722 (75.9) 229 (24.1) 49 1000 951 SE 370 (39.4) 570 (60.6) 60 1000 940 N Sum 7741 6902 1573 16216 N Valid Sum 7741 6902 14643 printed 25.01.2012 page 104 Eurobarometer 61 - February-March 2004,isocntry M AT 497 (51.3) 471 (48.7) 84 1052 968 BE 531 (56.0) 418 (44.0) 63 1012 949 DE-E 610 (68.5) 281 (31.5) 141 1032 891 DE-W 564 (60.3) 371 (39.7) 102 1037 935 DK 280 (31.4) 611 (68.6) 110 1001 891 ES 415 (45.8) 492 (54.2) 93 1000 907 FI 324 (33.7) 638 (66.3) 64 1026 962 FR 576 (61.9) 355 (38.1) 88 1019 931 GB-GBN 505 (57.2) 378 (42.8) 152 1035 883 GB-NIR 134 (51.0) 129 (49.0) 45 308 263 GR 429 (48.3) 460 (51.7) 117 1006 889 IE 443 (52.2) 406 (47.8) 153 1002 849 IT 552 (59.9) 369 (40.1) 104 1025 921 LU 301 (54.0) 256 (46.0) 61 618 557 NL 488 (51.0) 468 (49.0) 87 1043 956 PT 722 (75.9) 229 (24.1) 49 1000 951 SE 370 (39.4) 570 (60.6) 60 1000 940 N Sum 7741 6902 1573 16216 N Valid Sum 7741 6902 14643 printed 25.01.2012 page 104 Eurobarometer 61 - February-March 2004,GESIS Variable Report,129,ZA4056
v99,v99 1 2 3 N Sum N Valid Sum,Q15 FEARS - TRANSFER JOBS OTH MEMB,isocntry M AT 674 (67.9) 318 (32.1) 60 1052 992 BE 774 (80.2) 191 (19.8) 47 1012 965 DE-E 853 (86.8) 130 (13.2) 49 1032 983 DE-W 802 (81.7) 180 (18.3) 56 1038 982 DK 761 (78.9) 203 (21.1) 36 1000 964 ES 528 (59.7) 356 (40.3) 116 1000 884 FI 888 (87.8) 123 (12.2) 16 1027 1011 FR 848 (87.5) 121 (12.5) 50 1019 969 GB-GBN 697 (75.4) 227 (24.6) 110 1034 924 GB-NIR 242 (85.8) 40 (14.2) 26 308 282 GR 708 (76.5) 218 (23.5) 80 1006 926 IE 744 (81.0) 175 (19.0) 83 1002 919 IT 661 (70.2) 281 (29.8) 83 1025 942 LU 453 (78.5) 124 (21.5) 42 619 577 NL 791 (79.5) 204 (20.5) 49 1044 995 PT 780 (82.4) 167 (17.6) 54 1001 947 SE 792 (81.0) 186 (19.0) 22 1000 978 N Sum 11996 3244 979 16219 N Valid Sum 11996 3244 15240 printed 25.01.2012 page 105 Eurobarometer 61 - February-March 2004,isocntry M AT 674 (67.9) 318 (32.1) 60 1052 992 BE 774 (80.2) 191 (19.8) 47 1012 965 DE-E 853 (86.8) 130 (13.2) 49 1032 983 DE-W 802 (81.7) 180 (18.3) 56 1038 982 DK 761 (78.9) 203 (21.1) 36 1000 964 ES 528 (59.7) 356 (40.3) 116 1000 884 FI 888 (87.8) 123 (12.2) 16 1027 1011 FR 848 (87.5) 121 (12.5) 50 1019 969 GB-GBN 697 (75.4) 227 (24.6) 110 1034 924 GB-NIR 242 (85.8) 40 (14.2) 26 308 282 GR 708 (76.5) 218 (23.5) 80 1006 926 IE 744 (81.0) 175 (19.0) 83 1002 919 IT 661 (70.2) 281 (29.8) 83 1025 942 LU 453 (78.5) 124 (21.5) 42 619 577 NL 791 (79.5) 204 (20.5) 49 1044 995 PT 780 (82.4) 167 (17.6) 54 1001 947 SE 792 (81.0) 186 (19.0) 22 1000 978 N Sum 11996 3244 979 16219 N Valid Sum 11996 3244 15240 printed 25.01.2012 page 105 Eurobarometer 61 - February-March 2004,GESIS Variable Report,130,ZA4056
v100,v100 1 2 3 N Sum N Valid Sum,Q15 FEARS - DIFFICULTIES F FARMERS,isocntry M AT 538 (57.1) 405 (42.9) 109 1052 943 BE 565 (64.5) 311 (35.5) 136 1012 876 DE-E 655 (75.4) 214 (24.6) 163 1032 869 DE-W 592 (65.5) 312 (34.5) 133 1037 904 DK 474 (54.3) 399 (45.7) 128 1001 873 ES 432 (50.9) 416 (49.1) 152 1000 848 FI 816 (82.6) 172 (17.4) 39 1027 988 FR 746 (83.3) 150 (16.7) 123 1019 896 GB-GBN 644 (72.9) 239 (27.1) 152 1035 883 GB-NIR 212 (78.2) 59 (21.8) 37 308 271 GR 606 (68.3) 281 (31.7) 118 1005 887 IE 582 (69.1) 260 (30.9) 159 1001 842 IT 592 (68.0) 278 (32.0) 155 1025 870 LU 402 (75.6) 130 (24.4) 87 619 532 NL 778 (80.7) 186 (19.3) 79 1043 964 PT 799 (84.3) 149 (15.7) 52 1000 948 SE 656 (69.1) 293 (30.9) 51 1000 949 N Sum 10089 4254 1873 16216 N Valid Sum 10089 4254 14343 printed 25.01.2012 page 106 Eurobarometer 61 - February-March 2004,isocntry M AT 538 (57.1) 405 (42.9) 109 1052 943 BE 565 (64.5) 311 (35.5) 136 1012 876 DE-E 655 (75.4) 214 (24.6) 163 1032 869 DE-W 592 (65.5) 312 (34.5) 133 1037 904 DK 474 (54.3) 399 (45.7) 128 1001 873 ES 432 (50.9) 416 (49.1) 152 1000 848 FI 816 (82.6) 172 (17.4) 39 1027 988 FR 746 (83.3) 150 (16.7) 123 1019 896 GB-GBN 644 (72.9) 239 (27.1) 152 1035 883 GB-NIR 212 (78.2) 59 (21.8) 37 308 271 GR 606 (68.3) 281 (31.7) 118 1005 887 IE 582 (69.1) 260 (30.9) 159 1001 842 IT 592 (68.0) 278 (32.0) 155 1025 870 LU 402 (75.6) 130 (24.4) 87 619 532 NL 778 (80.7) 186 (19.3) 79 1043 964 PT 799 (84.3) 149 (15.7) 52 1000 948 SE 656 (69.1) 293 (30.9) 51 1000 949 N Sum 10089 4254 1873 16216 N Valid Sum 10089 4254 14343 printed 25.01.2012 page 106 Eurobarometer 61 - February-March 2004,GESIS Variable Report,131,ZA4056
v101,,Q15 FEARS - END OF NAT CURRENCY,,Q15 FEARS - END OF NAT CURRENCY,GESIS Variable Report,132,ZA4056
v102,,Q16 EUROPEAN UNION KNOWLEDGE - SCALE,,Q16 EUROPEAN UNION KNOWLEDGE - SCALE,GESIS Variable Report,133,ZA4056
v103,,Q17 INFO ABOUT EU ENLARGEMENT,,Q17 INFO ABOUT EU ENLARGEMENT,GESIS Variable Report,135,ZA4056
v104,v104 0 1 N Sum N Valid Sum,Q18 EU INFO SOURCES: MEETINGS,isocntry AT 971 (92.3) 81 (7.7) 1052 1052 BE 989 (97.7) 23 (2.3) 1012 1012 DE-E 1012 (98.1) 20 (1.9) 1032 1032 DE-W 985 (95.0) 52 (5.0) 1037 1037 DK 960 (96.0) 40 (4.0) 1000 1000 ES 976 (97.6) 24 (2.4) 1000 1000 FI 1004 (97.8) 23 (2.2) 1027 1027 FR 986 (96.8) 33 (3.2) 1019 1019 GB-GBN 1010 (97.6) 25 (2.4) 1035 1035 GB-NIR 304 (98.7) 4 (1.3) 308 308 GR 981 (97.6) 24 (2.4) 1005 1005 IE 968 (96.7) 33 (3.3) 1001 1001 IT 1001 (97.7) 24 (2.3) 1025 1025 LU 577 (93.2) 42 (6.8) 619 619 NL 1016 (97.3) 28 (2.7) 1044 1044 PT 994 (99.4) 6 (0.6) 1000 1000 SE 957 (95.7) 43 (4.3) 1000 1000 N Sum 15691 525 16216 N Valid Sum 15691 525 16216 printed 25.01.2012 page 111 Eurobarometer 61 - February-March 2004,isocntry AT 971 (92.3) 81 (7.7) 1052 1052 BE 989 (97.7) 23 (2.3) 1012 1012 DE-E 1012 (98.1) 20 (1.9) 1032 1032 DE-W 985 (95.0) 52 (5.0) 1037 1037 DK 960 (96.0) 40 (4.0) 1000 1000 ES 976 (97.6) 24 (2.4) 1000 1000 FI 1004 (97.8) 23 (2.2) 1027 1027 FR 986 (96.8) 33 (3.2) 1019 1019 GB-GBN 1010 (97.6) 25 (2.4) 1035 1035 GB-NIR 304 (98.7) 4 (1.3) 308 308 GR 981 (97.6) 24 (2.4) 1005 1005 IE 968 (96.7) 33 (3.3) 1001 1001 IT 1001 (97.7) 24 (2.3) 1025 1025 LU 577 (93.2) 42 (6.8) 619 619 NL 1016 (97.3) 28 (2.7) 1044 1044 PT 994 (99.4) 6 (0.6) 1000 1000 SE 957 (95.7) 43 (4.3) 1000 1000 N Sum 15691 525 16216 N Valid Sum 15691 525 16216 printed 25.01.2012 page 111 Eurobarometer 61 - February-March 2004,GESIS Variable Report,136,ZA4056
v105,v105 0 1 N Sum N Valid Sum,Q18 EU INFO SOURCES: FRIENDS/COLLEAGUES,isocntry AT 756 (71.9) 296 (28.1) 1052 1052 BE 839 (82.9) 173 (17.1) 1012 1012 DE-E 803 (77.8) 229 (22.2) 1032 1032 DE-W 734 (70.8) 303 (29.2) 1037 1037 DK 699 (69.9) 301 (30.1) 1000 1000 ES 834 (83.4) 166 (16.6) 1000 1000 FI 809 (78.8) 218 (21.2) 1027 1027 FR 691 (67.8) 328 (32.2) 1019 1019 GB-GBN 824 (79.6) 211 (20.4) 1035 1035 GB-NIR 273 (88.6) 35 (11.4) 308 308 GR 725 (72.1) 280 (27.9) 1005 1005 IE 861 (86.0) 140 (14.0) 1001 1001 IT 774 (75.5) 251 (24.5) 1025 1025 LU 450 (72.7) 169 (27.3) 619 619 NL 795 (76.1) 249 (23.9) 1044 1044 PT 766 (76.6) 234 (23.4) 1000 1000 SE 642 (64.2) 358 (35.8) 1000 1000 N Sum 12275 3941 16216 N Valid Sum 12275 3941 16216 printed 25.01.2012 page 112 Eurobarometer 61 - February-March 2004,isocntry AT 756 (71.9) 296 (28.1) 1052 1052 BE 839 (82.9) 173 (17.1) 1012 1012 DE-E 803 (77.8) 229 (22.2) 1032 1032 DE-W 734 (70.8) 303 (29.2) 1037 1037 DK 699 (69.9) 301 (30.1) 1000 1000 ES 834 (83.4) 166 (16.6) 1000 1000 FI 809 (78.8) 218 (21.2) 1027 1027 FR 691 (67.8) 328 (32.2) 1019 1019 GB-GBN 824 (79.6) 211 (20.4) 1035 1035 GB-NIR 273 (88.6) 35 (11.4) 308 308 GR 725 (72.1) 280 (27.9) 1005 1005 IE 861 (86.0) 140 (14.0) 1001 1001 IT 774 (75.5) 251 (24.5) 1025 1025 LU 450 (72.7) 169 (27.3) 619 619 NL 795 (76.1) 249 (23.9) 1044 1044 PT 766 (76.6) 234 (23.4) 1000 1000 SE 642 (64.2) 358 (35.8) 1000 1000 N Sum 12275 3941 16216 N Valid Sum 12275 3941 16216 printed 25.01.2012 page 112 Eurobarometer 61 - February-March 2004,GESIS Variable Report,137,ZA4056
v106,v106 0 1 N Sum N Valid Sum,Q18 EU INFO SOURCES: NEWSPAPERS,isocntry AT 462 (43.9) 590 (56.1) 1052 1052 BE 526 (52.0) 486 (48.0) 1012 1012 DE-E 401 (38.9) 631 (61.1) 1032 1032 DE-W 301 (29.0) 736 (71.0) 1037 1037 DK 458 (45.8) 542 (54.2) 1000 1000 ES 656 (65.6) 344 (34.4) 1000 1000 FI 311 (30.3) 716 (69.7) 1027 1027 FR 492 (48.3) 527 (51.7) 1019 1019 GB-GBN 516 (49.9) 519 (50.1) 1035 1035 GB-NIR 186 (60.4) 122 (39.6) 308 308 GR 698 (69.5) 307 (30.5) 1005 1005 IE 566 (56.5) 435 (43.5) 1001 1001 IT 484 (47.2) 541 (52.8) 1025 1025 LU 238 (38.4) 381 (61.6) 619 619 NL 385 (36.9) 659 (63.1) 1044 1044 PT 742 (74.2) 258 (25.8) 1000 1000 SE 243 (24.3) 757 (75.7) 1000 1000 N Sum 7665 8551 16216 N Valid Sum 7665 8551 16216 printed 25.01.2012 page 113 Eurobarometer 61 - February-March 2004,isocntry AT 462 (43.9) 590 (56.1) 1052 1052 BE 526 (52.0) 486 (48.0) 1012 1012 DE-E 401 (38.9) 631 (61.1) 1032 1032 DE-W 301 (29.0) 736 (71.0) 1037 1037 DK 458 (45.8) 542 (54.2) 1000 1000 ES 656 (65.6) 344 (34.4) 1000 1000 FI 311 (30.3) 716 (69.7) 1027 1027 FR 492 (48.3) 527 (51.7) 1019 1019 GB-GBN 516 (49.9) 519 (50.1) 1035 1035 GB-NIR 186 (60.4) 122 (39.6) 308 308 GR 698 (69.5) 307 (30.5) 1005 1005 IE 566 (56.5) 435 (43.5) 1001 1001 IT 484 (47.2) 541 (52.8) 1025 1025 LU 238 (38.4) 381 (61.6) 619 619 NL 385 (36.9) 659 (63.1) 1044 1044 PT 742 (74.2) 258 (25.8) 1000 1000 SE 243 (24.3) 757 (75.7) 1000 1000 N Sum 7665 8551 16216 N Valid Sum 7665 8551 16216 printed 25.01.2012 page 113 Eurobarometer 61 - February-March 2004,GESIS Variable Report,138,ZA4056
v107,v107 0 1 N Sum N Valid Sum,Q18 EU INFO SOURCES: MAGAZINES,isocntry AT 688 (65.4) 364 (34.6) 1052 1052 BE 826 (81.6) 186 (18.4) 1012 1012 DE-E 786 (76.2) 246 (23.8) 1032 1032 DE-W 719 (69.3) 318 (30.7) 1037 1037 DK 712 (71.2) 288 (28.8) 1000 1000 ES 886 (88.6) 114 (11.4) 1000 1000 FI 606 (59.0) 421 (41.0) 1027 1027 FR 755 (74.1) 264 (25.9) 1019 1019 GB-GBN 870 (84.1) 165 (15.9) 1035 1035 GB-NIR 266 (86.4) 42 (13.6) 308 308 GR 823 (81.9) 182 (18.1) 1005 1005 IE 786 (78.5) 215 (21.5) 1001 1001 IT 770 (75.1) 255 (24.9) 1025 1025 LU 424 (68.5) 195 (31.5) 619 619 NL 722 (69.2) 322 (30.8) 1044 1044 PT 819 (81.9) 181 (18.1) 1000 1000 SE 772 (77.2) 228 (22.8) 1000 1000 N Sum 12230 3986 16216 N Valid Sum 12230 3986 16216 printed 25.01.2012 page 114 Eurobarometer 61 - February-March 2004,isocntry AT 688 (65.4) 364 (34.6) 1052 1052 BE 826 (81.6) 186 (18.4) 1012 1012 DE-E 786 (76.2) 246 (23.8) 1032 1032 DE-W 719 (69.3) 318 (30.7) 1037 1037 DK 712 (71.2) 288 (28.8) 1000 1000 ES 886 (88.6) 114 (11.4) 1000 1000 FI 606 (59.0) 421 (41.0) 1027 1027 FR 755 (74.1) 264 (25.9) 1019 1019 GB-GBN 870 (84.1) 165 (15.9) 1035 1035 GB-NIR 266 (86.4) 42 (13.6) 308 308 GR 823 (81.9) 182 (18.1) 1005 1005 IE 786 (78.5) 215 (21.5) 1001 1001 IT 770 (75.1) 255 (24.9) 1025 1025 LU 424 (68.5) 195 (31.5) 619 619 NL 722 (69.2) 322 (30.8) 1044 1044 PT 819 (81.9) 181 (18.1) 1000 1000 SE 772 (77.2) 228 (22.8) 1000 1000 N Sum 12230 3986 16216 N Valid Sum 12230 3986 16216 printed 25.01.2012 page 114 Eurobarometer 61 - February-March 2004,GESIS Variable Report,139,ZA4056
v108,v108 0 1 N Sum N Valid Sum,Q18 EU INFO SOURCES: TELEVISION,isocntry AT 300 (28.5) 752 (71.5) 1052 1052 BE 289 (28.6) 723 (71.4) 1012 1012 DE-E 195 (18.9) 837 (81.1) 1032 1032 DE-W 162 (15.6) 875 (84.4) 1037 1037 DK 133 (13.3) 867 (86.7) 1000 1000 ES 396 (39.6) 604 (60.4) 1000 1000 FI 160 (15.6) 867 (84.4) 1027 1027 FR 259 (25.4) 760 (74.6) 1019 1019 GB-GBN 406 (39.2) 629 (60.8) 1035 1035 GB-NIR 146 (47.4) 162 (52.6) 308 308 GR 248 (24.7) 757 (75.3) 1005 1005 IE 420 (42.0) 581 (58.0) 1001 1001 IT 310 (30.2) 715 (69.8) 1025 1025 LU 120 (19.4) 499 (80.6) 619 619 NL 195 (18.7) 849 (81.3) 1044 1044 PT 193 (19.3) 807 (80.7) 1000 1000 SE 166 (16.6) 834 (83.4) 1000 1000 N Sum 4098 12118 16216 N Valid Sum 4098 12118 16216 printed 25.01.2012 page 115 Eurobarometer 61 - February-March 2004,isocntry AT 300 (28.5) 752 (71.5) 1052 1052 BE 289 (28.6) 723 (71.4) 1012 1012 DE-E 195 (18.9) 837 (81.1) 1032 1032 DE-W 162 (15.6) 875 (84.4) 1037 1037 DK 133 (13.3) 867 (86.7) 1000 1000 ES 396 (39.6) 604 (60.4) 1000 1000 FI 160 (15.6) 867 (84.4) 1027 1027 FR 259 (25.4) 760 (74.6) 1019 1019 GB-GBN 406 (39.2) 629 (60.8) 1035 1035 GB-NIR 146 (47.4) 162 (52.6) 308 308 GR 248 (24.7) 757 (75.3) 1005 1005 IE 420 (42.0) 581 (58.0) 1001 1001 IT 310 (30.2) 715 (69.8) 1025 1025 LU 120 (19.4) 499 (80.6) 619 619 NL 195 (18.7) 849 (81.3) 1044 1044 PT 193 (19.3) 807 (80.7) 1000 1000 SE 166 (16.6) 834 (83.4) 1000 1000 N Sum 4098 12118 16216 N Valid Sum 4098 12118 16216 printed 25.01.2012 page 115 Eurobarometer 61 - February-March 2004,GESIS Variable Report,140,ZA4056
v109,v109 0 1 N Sum N Valid Sum,Q18 EU INFO SOURCES: RADIO,isocntry AT 637 (60.6) 415 (39.4) 1052 1052 BE 644 (63.6) 368 (36.4) 1012 1012 DE-E 571 (55.3) 461 (44.7) 1032 1032 DE-W 552 (53.2) 485 (46.8) 1037 1037 DK 449 (44.9) 551 (55.1) 1000 1000 ES 704 (70.4) 296 (29.6) 1000 1000 FI 539 (52.5) 488 (47.5) 1027 1027 FR 627 (61.5) 392 (38.5) 1019 1019 GB-GBN 709 (68.5) 326 (31.5) 1035 1035 GB-NIR 241 (78.2) 67 (21.8) 308 308 GR 770 (76.6) 235 (23.4) 1005 1005 IE 701 (70.0) 300 (30.0) 1001 1001 IT 816 (79.6) 209 (20.4) 1025 1025 LU 256 (41.4) 363 (58.6) 619 619 NL 647 (62.0) 397 (38.0) 1044 1044 PT 869 (86.9) 131 (13.1) 1000 1000 SE 450 (45.0) 550 (55.0) 1000 1000 N Sum 10182 6034 16216 N Valid Sum 10182 6034 16216 printed 25.01.2012 page 116 Eurobarometer 61 - February-March 2004,isocntry AT 637 (60.6) 415 (39.4) 1052 1052 BE 644 (63.6) 368 (36.4) 1012 1012 DE-E 571 (55.3) 461 (44.7) 1032 1032 DE-W 552 (53.2) 485 (46.8) 1037 1037 DK 449 (44.9) 551 (55.1) 1000 1000 ES 704 (70.4) 296 (29.6) 1000 1000 FI 539 (52.5) 488 (47.5) 1027 1027 FR 627 (61.5) 392 (38.5) 1019 1019 GB-GBN 709 (68.5) 326 (31.5) 1035 1035 GB-NIR 241 (78.2) 67 (21.8) 308 308 GR 770 (76.6) 235 (23.4) 1005 1005 IE 701 (70.0) 300 (30.0) 1001 1001 IT 816 (79.6) 209 (20.4) 1025 1025 LU 256 (41.4) 363 (58.6) 619 619 NL 647 (62.0) 397 (38.0) 1044 1044 PT 869 (86.9) 131 (13.1) 1000 1000 SE 450 (45.0) 550 (55.0) 1000 1000 N Sum 10182 6034 16216 N Valid Sum 10182 6034 16216 printed 25.01.2012 page 116 Eurobarometer 61 - February-March 2004,GESIS Variable Report,141,ZA4056
v110,v110 0 1 N Sum N Valid Sum,Q18 EU INFO SOURCES: INTERNET,isocntry AT 908 (86.3) 144 (13.7) 1052 1052 BE 828 (81.8) 184 (18.2) 1012 1012 DE-E 897 (86.9) 135 (13.1) 1032 1032 DE-W 853 (82.3) 184 (17.7) 1037 1037 DK 744 (74.4) 256 (25.6) 1000 1000 ES 904 (90.4) 96 (9.6) 1000 1000 FI 779 (75.9) 248 (24.1) 1027 1027 FR 877 (86.1) 142 (13.9) 1019 1019 GB-GBN 853 (82.4) 182 (17.6) 1035 1035 GB-NIR 263 (85.4) 45 (14.6) 308 308 GR 910 (90.5) 95 (9.5) 1005 1005 IE 907 (90.6) 94 (9.4) 1001 1001 IT 828 (80.8) 197 (19.2) 1025 1025 LU 464 (75.0) 155 (25.0) 619 619 NL 745 (71.4) 299 (28.6) 1044 1044 PT 941 (94.1) 59 (5.9) 1000 1000 SE 739 (73.9) 261 (26.1) 1000 1000 N Sum 13440 2776 16216 N Valid Sum 13440 2776 16216 printed 25.01.2012 page 117 Eurobarometer 61 - February-March 2004,isocntry AT 908 (86.3) 144 (13.7) 1052 1052 BE 828 (81.8) 184 (18.2) 1012 1012 DE-E 897 (86.9) 135 (13.1) 1032 1032 DE-W 853 (82.3) 184 (17.7) 1037 1037 DK 744 (74.4) 256 (25.6) 1000 1000 ES 904 (90.4) 96 (9.6) 1000 1000 FI 779 (75.9) 248 (24.1) 1027 1027 FR 877 (86.1) 142 (13.9) 1019 1019 GB-GBN 853 (82.4) 182 (17.6) 1035 1035 GB-NIR 263 (85.4) 45 (14.6) 308 308 GR 910 (90.5) 95 (9.5) 1005 1005 IE 907 (90.6) 94 (9.4) 1001 1001 IT 828 (80.8) 197 (19.2) 1025 1025 LU 464 (75.0) 155 (25.0) 619 619 NL 745 (71.4) 299 (28.6) 1044 1044 PT 941 (94.1) 59 (5.9) 1000 1000 SE 739 (73.9) 261 (26.1) 1000 1000 N Sum 13440 2776 16216 N Valid Sum 13440 2776 16216 printed 25.01.2012 page 117 Eurobarometer 61 - February-March 2004,GESIS Variable Report,142,ZA4056
v111,v111 0 1 N Sum N Valid Sum,Q18 EU INFO SOURCES: BOOKS / BROCHURES,isocntry AT 970 (92.2) 82 (7.8) 1052 1052 BE 918 (90.7) 94 (9.3) 1012 1012 DE-E 932 (90.3) 100 (9.7) 1032 1032 DE-W 916 (88.3) 121 (11.7) 1037 1037 DK 859 (85.9) 141 (14.1) 1000 1000 ES 943 (94.3) 57 (5.7) 1000 1000 FI 887 (86.4) 140 (13.6) 1027 1027 FR 902 (88.5) 117 (11.5) 1019 1019 GB-GBN 938 (90.6) 97 (9.4) 1035 1035 GB-NIR 285 (92.5) 23 (7.5) 308 308 GR 950 (94.5) 55 (5.5) 1005 1005 IE 917 (91.6) 84 (8.4) 1001 1001 IT 911 (88.9) 114 (11.1) 1025 1025 LU 493 (79.6) 126 (20.4) 619 619 NL 930 (89.1) 114 (10.9) 1044 1044 PT 971 (97.1) 29 (2.9) 1000 1000 SE 763 (76.3) 237 (23.7) 1000 1000 N Sum 14485 1731 16216 N Valid Sum 14485 1731 16216 printed 25.01.2012 page 118 Eurobarometer 61 - February-March 2004,isocntry AT 970 (92.2) 82 (7.8) 1052 1052 BE 918 (90.7) 94 (9.3) 1012 1012 DE-E 932 (90.3) 100 (9.7) 1032 1032 DE-W 916 (88.3) 121 (11.7) 1037 1037 DK 859 (85.9) 141 (14.1) 1000 1000 ES 943 (94.3) 57 (5.7) 1000 1000 FI 887 (86.4) 140 (13.6) 1027 1027 FR 902 (88.5) 117 (11.5) 1019 1019 GB-GBN 938 (90.6) 97 (9.4) 1035 1035 GB-NIR 285 (92.5) 23 (7.5) 308 308 GR 950 (94.5) 55 (5.5) 1005 1005 IE 917 (91.6) 84 (8.4) 1001 1001 IT 911 (88.9) 114 (11.1) 1025 1025 LU 493 (79.6) 126 (20.4) 619 619 NL 930 (89.1) 114 (10.9) 1044 1044 PT 971 (97.1) 29 (2.9) 1000 1000 SE 763 (76.3) 237 (23.7) 1000 1000 N Sum 14485 1731 16216 N Valid Sum 14485 1731 16216 printed 25.01.2012 page 118 Eurobarometer 61 - February-March 2004,GESIS Variable Report,143,ZA4056
v112,v112 0 1 N Sum N Valid Sum,Q18 EU INFO SOURCES: CD-ROM,isocntry AT 1036 (98.5) 16 (1.5) 1052 1052 BE 999 (98.7) 13 (1.3) 1012 1012 DE-E 1022 (99.0) 10 (1.0) 1032 1032 DE-W 1028 (99.1) 9 (0.9) 1037 1037 DK 996 (99.6) 4 (0.4) 1000 1000 ES 983 (98.3) 17 (1.7) 1000 1000 FI 1019 (99.2) 8 (0.8) 1027 1027 FR 1009 (99.0) 10 (1.0) 1019 1019 GB-GBN 1023 (98.8) 12 (1.2) 1035 1035 GB-NIR 306 (99.4) 2 (0.6) 308 308 GR 998 (99.3) 7 (0.7) 1005 1005 IE 993 (99.2) 8 (0.8) 1001 1001 IT 1012 (98.7) 13 (1.3) 1025 1025 LU 604 (97.6) 15 (2.4) 619 619 NL 1037 (99.3) 7 (0.7) 1044 1044 PT 993 (99.3) 7 (0.7) 1000 1000 SE 998 (99.8) 2 (0.2) 1000 1000 N Sum 16056 160 16216 N Valid Sum 16056 160 16216 printed 25.01.2012 page 119 Eurobarometer 61 - February-March 2004,isocntry AT 1036 (98.5) 16 (1.5) 1052 1052 BE 999 (98.7) 13 (1.3) 1012 1012 DE-E 1022 (99.0) 10 (1.0) 1032 1032 DE-W 1028 (99.1) 9 (0.9) 1037 1037 DK 996 (99.6) 4 (0.4) 1000 1000 ES 983 (98.3) 17 (1.7) 1000 1000 FI 1019 (99.2) 8 (0.8) 1027 1027 FR 1009 (99.0) 10 (1.0) 1019 1019 GB-GBN 1023 (98.8) 12 (1.2) 1035 1035 GB-NIR 306 (99.4) 2 (0.6) 308 308 GR 998 (99.3) 7 (0.7) 1005 1005 IE 993 (99.2) 8 (0.8) 1001 1001 IT 1012 (98.7) 13 (1.3) 1025 1025 LU 604 (97.6) 15 (2.4) 619 619 NL 1037 (99.3) 7 (0.7) 1044 1044 PT 993 (99.3) 7 (0.7) 1000 1000 SE 998 (99.8) 2 (0.2) 1000 1000 N Sum 16056 160 16216 N Valid Sum 16056 160 16216 printed 25.01.2012 page 119 Eurobarometer 61 - February-March 2004,GESIS Variable Report,144,ZA4056
v113,v113 0 1 N Sum N Valid Sum,Q18 EU INFO SOURCES: EU INFO OFFICES,isocntry AT 1015 (96.5) 37 (3.5) 1052 1052 BE 981 (96.9) 31 (3.1) 1012 1012 DE-E 1007 (97.6) 25 (2.4) 1032 1032 DE-W 997 (96.1) 40 (3.9) 1037 1037 DK 956 (95.6) 44 (4.4) 1000 1000 ES 986 (98.6) 14 (1.4) 1000 1000 FI 959 (93.4) 68 (6.6) 1027 1027 FR 991 (97.3) 28 (2.7) 1019 1019 GB-GBN 1008 (97.4) 27 (2.6) 1035 1035 GB-NIR 303 (98.4) 5 (1.6) 308 308 GR 985 (98.0) 20 (2.0) 1005 1005 IE 970 (96.9) 31 (3.1) 1001 1001 IT 984 (96.0) 41 (4.0) 1025 1025 LU 595 (96.1) 24 (3.9) 619 619 NL 994 (95.2) 50 (4.8) 1044 1044 PT 996 (99.6) 4 (0.4) 1000 1000 SE 951 (95.1) 49 (4.9) 1000 1000 N Sum 15678 538 16216 N Valid Sum 15678 538 16216 printed 25.01.2012 page 120 Eurobarometer 61 - February-March 2004,isocntry AT 1015 (96.5) 37 (3.5) 1052 1052 BE 981 (96.9) 31 (3.1) 1012 1012 DE-E 1007 (97.6) 25 (2.4) 1032 1032 DE-W 997 (96.1) 40 (3.9) 1037 1037 DK 956 (95.6) 44 (4.4) 1000 1000 ES 986 (98.6) 14 (1.4) 1000 1000 FI 959 (93.4) 68 (6.6) 1027 1027 FR 991 (97.3) 28 (2.7) 1019 1019 GB-GBN 1008 (97.4) 27 (2.6) 1035 1035 GB-NIR 303 (98.4) 5 (1.6) 308 308 GR 985 (98.0) 20 (2.0) 1005 1005 IE 970 (96.9) 31 (3.1) 1001 1001 IT 984 (96.0) 41 (4.0) 1025 1025 LU 595 (96.1) 24 (3.9) 619 619 NL 994 (95.2) 50 (4.8) 1044 1044 PT 996 (99.6) 4 (0.4) 1000 1000 SE 951 (95.1) 49 (4.9) 1000 1000 N Sum 15678 538 16216 N Valid Sum 15678 538 16216 printed 25.01.2012 page 120 Eurobarometer 61 - February-March 2004,GESIS Variable Report,145,ZA4056
v114,v114 0 1 N Sum N Valid Sum,Q18 EU INFO SOURCES: GOVERNMENT OFFICES,isocntry AT 1026 (97.5) 26 (2.5) 1052 1052 BE 986 (97.4) 26 (2.6) 1012 1012 DE-E 1013 (98.2) 19 (1.8) 1032 1032 DE-W 1011 (97.5) 26 (2.5) 1037 1037 DK 981 (98.1) 19 (1.9) 1000 1000 ES 983 (98.3) 17 (1.7) 1000 1000 FI 1015 (98.8) 12 (1.2) 1027 1027 FR 1001 (98.2) 18 (1.8) 1019 1019 GB-GBN 1007 (97.3) 28 (2.7) 1035 1035 GB-NIR 302 (98.1) 6 (1.9) 308 308 GR 987 (98.2) 18 (1.8) 1005 1005 IE 975 (97.4) 26 (2.6) 1001 1001 IT 994 (97.0) 31 (3.0) 1025 1025 LU 599 (96.8) 20 (3.2) 619 619 NL 1024 (98.1) 20 (1.9) 1044 1044 PT 997 (99.7) 3 (0.3) 1000 1000 SE 951 (95.1) 49 (4.9) 1000 1000 N Sum 15852 364 16216 N Valid Sum 15852 364 16216 printed 25.01.2012 page 121 Eurobarometer 61 - February-March 2004,isocntry AT 1026 (97.5) 26 (2.5) 1052 1052 BE 986 (97.4) 26 (2.6) 1012 1012 DE-E 1013 (98.2) 19 (1.8) 1032 1032 DE-W 1011 (97.5) 26 (2.5) 1037 1037 DK 981 (98.1) 19 (1.9) 1000 1000 ES 983 (98.3) 17 (1.7) 1000 1000 FI 1015 (98.8) 12 (1.2) 1027 1027 FR 1001 (98.2) 18 (1.8) 1019 1019 GB-GBN 1007 (97.3) 28 (2.7) 1035 1035 GB-NIR 302 (98.1) 6 (1.9) 308 308 GR 987 (98.2) 18 (1.8) 1005 1005 IE 975 (97.4) 26 (2.6) 1001 1001 IT 994 (97.0) 31 (3.0) 1025 1025 LU 599 (96.8) 20 (3.2) 619 619 NL 1024 (98.1) 20 (1.9) 1044 1044 PT 997 (99.7) 3 (0.3) 1000 1000 SE 951 (95.1) 49 (4.9) 1000 1000 N Sum 15852 364 16216 N Valid Sum 15852 364 16216 printed 25.01.2012 page 121 Eurobarometer 61 - February-March 2004,GESIS Variable Report,146,ZA4056
v115,v115 0 1 N Sum N Valid Sum,Q18 EU INFO SOURCES: TRADE UNIONS,isocntry AT 1010 (96.0) 42 (4.0) 1052 1052 BE 969 (95.8) 43 (4.2) 1012 1012 DE-E 1016 (98.4) 16 (1.6) 1032 1032 DE-W 996 (96.0) 41 (4.0) 1037 1037 DK 926 (92.6) 74 (7.4) 1000 1000 ES 988 (98.8) 12 (1.2) 1000 1000 FI 958 (93.3) 69 (6.7) 1027 1027 FR 979 (96.1) 40 (3.9) 1019 1019 GB-GBN 998 (96.4) 37 (3.6) 1035 1035 GB-NIR 302 (98.1) 6 (1.9) 308 308 GR 984 (97.9) 21 (2.1) 1005 1005 IE 977 (97.6) 24 (2.4) 1001 1001 IT 1009 (98.4) 16 (1.6) 1025 1025 LU 585 (94.5) 34 (5.5) 619 619 NL 1002 (96.0) 42 (4.0) 1044 1044 PT 993 (99.3) 7 (0.7) 1000 1000 SE 908 (90.8) 92 (9.2) 1000 1000 N Sum 15600 616 16216 N Valid Sum 15600 616 16216 printed 25.01.2012 page 122 Eurobarometer 61 - February-March 2004,isocntry AT 1010 (96.0) 42 (4.0) 1052 1052 BE 969 (95.8) 43 (4.2) 1012 1012 DE-E 1016 (98.4) 16 (1.6) 1032 1032 DE-W 996 (96.0) 41 (4.0) 1037 1037 DK 926 (92.6) 74 (7.4) 1000 1000 ES 988 (98.8) 12 (1.2) 1000 1000 FI 958 (93.3) 69 (6.7) 1027 1027 FR 979 (96.1) 40 (3.9) 1019 1019 GB-GBN 998 (96.4) 37 (3.6) 1035 1035 GB-NIR 302 (98.1) 6 (1.9) 308 308 GR 984 (97.9) 21 (2.1) 1005 1005 IE 977 (97.6) 24 (2.4) 1001 1001 IT 1009 (98.4) 16 (1.6) 1025 1025 LU 585 (94.5) 34 (5.5) 619 619 NL 1002 (96.0) 42 (4.0) 1044 1044 PT 993 (99.3) 7 (0.7) 1000 1000 SE 908 (90.8) 92 (9.2) 1000 1000 N Sum 15600 616 16216 N Valid Sum 15600 616 16216 printed 25.01.2012 page 122 Eurobarometer 61 - February-March 2004,GESIS Variable Report,147,ZA4056
v116,v116 0 1 N Sum N Valid Sum,Q18 EU INFO SOURCES: OTHER ORGANISATIONS,isocntry AT 1026 (97.5) 26 (2.5) 1052 1052 BE 989 (97.7) 23 (2.3) 1012 1012 DE-E 1013 (98.2) 19 (1.8) 1032 1032 DE-W 1006 (97.0) 31 (3.0) 1037 1037 DK 958 (95.8) 42 (4.2) 1000 1000 ES 990 (99.0) 10 (1.0) 1000 1000 FI 993 (96.7) 34 (3.3) 1027 1027 FR 980 (96.2) 39 (3.8) 1019 1019 GB-GBN 1006 (97.2) 29 (2.8) 1035 1035 GB-NIR 305 (99.0) 3 (1.0) 308 308 GR 996 (99.1) 9 (0.9) 1005 1005 IE 982 (98.1) 19 (1.9) 1001 1001 IT 990 (96.6) 35 (3.4) 1025 1025 LU 594 (96.0) 25 (4.0) 619 619 NL 1014 (97.1) 30 (2.9) 1044 1044 PT 997 (99.7) 3 (0.3) 1000 1000 SE 961 (96.1) 39 (3.9) 1000 1000 N Sum 15800 416 16216 N Valid Sum 15800 416 16216 printed 25.01.2012 page 123 Eurobarometer 61 - February-March 2004,isocntry AT 1026 (97.5) 26 (2.5) 1052 1052 BE 989 (97.7) 23 (2.3) 1012 1012 DE-E 1013 (98.2) 19 (1.8) 1032 1032 DE-W 1006 (97.0) 31 (3.0) 1037 1037 DK 958 (95.8) 42 (4.2) 1000 1000 ES 990 (99.0) 10 (1.0) 1000 1000 FI 993 (96.7) 34 (3.3) 1027 1027 FR 980 (96.2) 39 (3.8) 1019 1019 GB-GBN 1006 (97.2) 29 (2.8) 1035 1035 GB-NIR 305 (99.0) 3 (1.0) 308 308 GR 996 (99.1) 9 (0.9) 1005 1005 IE 982 (98.1) 19 (1.9) 1001 1001 IT 990 (96.6) 35 (3.4) 1025 1025 LU 594 (96.0) 25 (4.0) 619 619 NL 1014 (97.1) 30 (2.9) 1044 1044 PT 997 (99.7) 3 (0.3) 1000 1000 SE 961 (96.1) 39 (3.9) 1000 1000 N Sum 15800 416 16216 N Valid Sum 15800 416 16216 printed 25.01.2012 page 123 Eurobarometer 61 - February-March 2004,GESIS Variable Report,148,ZA4056
v117,v117 0 1 N Sum N Valid Sum,Q18 EU INFO SOURCES: EU PARLIAM MEMBER,isocntry AT 1041 (99.0) 11 (1.0) 1052 1052 BE 987 (97.5) 25 (2.5) 1012 1012 DE-E 1027 (99.5) 5 (0.5) 1032 1032 DE-W 1020 (98.4) 17 (1.6) 1037 1037 DK 974 (97.4) 26 (2.6) 1000 1000 ES 992 (99.2) 8 (0.8) 1000 1000 FI 992 (96.6) 35 (3.4) 1027 1027 FR 1002 (98.3) 17 (1.7) 1019 1019 GB-GBN 1011 (97.7) 24 (2.3) 1035 1035 GB-NIR 299 (97.1) 9 (2.9) 308 308 GR 997 (99.2) 8 (0.8) 1005 1005 IE 979 (97.8) 22 (2.2) 1001 1001 IT 1018 (99.3) 7 (0.7) 1025 1025 LU 605 (97.7) 14 (2.3) 619 619 NL 1031 (98.8) 13 (1.2) 1044 1044 PT 996 (99.6) 4 (0.4) 1000 1000 SE 986 (98.6) 14 (1.4) 1000 1000 N Sum 15957 259 16216 N Valid Sum 15957 259 16216 printed 25.01.2012 page 124 Eurobarometer 61 - February-March 2004,isocntry AT 1041 (99.0) 11 (1.0) 1052 1052 BE 987 (97.5) 25 (2.5) 1012 1012 DE-E 1027 (99.5) 5 (0.5) 1032 1032 DE-W 1020 (98.4) 17 (1.6) 1037 1037 DK 974 (97.4) 26 (2.6) 1000 1000 ES 992 (99.2) 8 (0.8) 1000 1000 FI 992 (96.6) 35 (3.4) 1027 1027 FR 1002 (98.3) 17 (1.7) 1019 1019 GB-GBN 1011 (97.7) 24 (2.3) 1035 1035 GB-NIR 299 (97.1) 9 (2.9) 308 308 GR 997 (99.2) 8 (0.8) 1005 1005 IE 979 (97.8) 22 (2.2) 1001 1001 IT 1018 (99.3) 7 (0.7) 1025 1025 LU 605 (97.7) 14 (2.3) 619 619 NL 1031 (98.8) 13 (1.2) 1044 1044 PT 996 (99.6) 4 (0.4) 1000 1000 SE 986 (98.6) 14 (1.4) 1000 1000 N Sum 15957 259 16216 N Valid Sum 15957 259 16216 printed 25.01.2012 page 124 Eurobarometer 61 - February-March 2004,GESIS Variable Report,149,ZA4056
v118,v118 0 1 N Sum N Valid Sum,Q18 EU INFO SOURCES: OTHER POLITICIAN,isocntry AT 1028 (97.7) 24 (2.3) 1052 1052 BE 975 (96.3) 37 (3.7) 1012 1012 DE-E 1026 (99.4) 6 (0.6) 1032 1032 DE-W 1002 (96.6) 35 (3.4) 1037 1037 DK 951 (95.1) 49 (4.9) 1000 1000 ES 991 (99.1) 9 (0.9) 1000 1000 FI 974 (94.8) 53 (5.2) 1027 1027 FR 996 (97.7) 23 (2.3) 1019 1019 GB-GBN 1000 (96.6) 35 (3.4) 1035 1035 GB-NIR 304 (98.7) 4 (1.3) 308 308 GR 987 (98.2) 18 (1.8) 1005 1005 IE 982 (98.1) 19 (1.9) 1001 1001 IT 1011 (98.6) 14 (1.4) 1025 1025 LU 599 (96.8) 20 (3.2) 619 619 NL 1018 (97.5) 26 (2.5) 1044 1044 PT 996 (99.6) 4 (0.4) 1000 1000 SE 931 (93.1) 69 (6.9) 1000 1000 N Sum 15771 445 16216 N Valid Sum 15771 445 16216 printed 25.01.2012 page 125 Eurobarometer 61 - February-March 2004,isocntry AT 1028 (97.7) 24 (2.3) 1052 1052 BE 975 (96.3) 37 (3.7) 1012 1012 DE-E 1026 (99.4) 6 (0.6) 1032 1032 DE-W 1002 (96.6) 35 (3.4) 1037 1037 DK 951 (95.1) 49 (4.9) 1000 1000 ES 991 (99.1) 9 (0.9) 1000 1000 FI 974 (94.8) 53 (5.2) 1027 1027 FR 996 (97.7) 23 (2.3) 1019 1019 GB-GBN 1000 (96.6) 35 (3.4) 1035 1035 GB-NIR 304 (98.7) 4 (1.3) 308 308 GR 987 (98.2) 18 (1.8) 1005 1005 IE 982 (98.1) 19 (1.9) 1001 1001 IT 1011 (98.6) 14 (1.4) 1025 1025 LU 599 (96.8) 20 (3.2) 619 619 NL 1018 (97.5) 26 (2.5) 1044 1044 PT 996 (99.6) 4 (0.4) 1000 1000 SE 931 (93.1) 69 (6.9) 1000 1000 N Sum 15771 445 16216 N Valid Sum 15771 445 16216 printed 25.01.2012 page 125 Eurobarometer 61 - February-March 2004,GESIS Variable Report,150,ZA4056
v119,v119 0 1 N Sum N Valid Sum,Q18 EU INFO SOURCES: OTHER,isocntry AT 1035 (98.4) 17 (1.6) 1052 1052 BE 999 (98.7) 13 (1.3) 1012 1012 DE-E 1023 (99.1) 9 (0.9) 1032 1032 DE-W 1024 (98.7) 13 (1.3) 1037 1037 DK 989 (98.9) 11 (1.1) 1000 1000 ES 989 (98.9) 11 (1.1) 1000 1000 FI 1018 (99.1) 9 (0.9) 1027 1027 FR 1011 (99.2) 8 (0.8) 1019 1019 GB-GBN 1021 (98.6) 14 (1.4) 1035 1035 GB-NIR 305 (99.0) 3 (1.0) 308 308 GR 996 (99.1) 9 (0.9) 1005 1005 IE 980 (97.9) 21 (2.1) 1001 1001 IT 1007 (98.2) 18 (1.8) 1025 1025 LU 608 (98.2) 11 (1.8) 619 619 NL 1030 (98.7) 14 (1.3) 1044 1044 PT 991 (99.1) 9 (0.9) 1000 1000 SE 988 (98.8) 12 (1.2) 1000 1000 N Sum 16014 202 16216 N Valid Sum 16014 202 16216 printed 25.01.2012 page 126 Eurobarometer 61 - February-March 2004,isocntry AT 1035 (98.4) 17 (1.6) 1052 1052 BE 999 (98.7) 13 (1.3) 1012 1012 DE-E 1023 (99.1) 9 (0.9) 1032 1032 DE-W 1024 (98.7) 13 (1.3) 1037 1037 DK 989 (98.9) 11 (1.1) 1000 1000 ES 989 (98.9) 11 (1.1) 1000 1000 FI 1018 (99.1) 9 (0.9) 1027 1027 FR 1011 (99.2) 8 (0.8) 1019 1019 GB-GBN 1021 (98.6) 14 (1.4) 1035 1035 GB-NIR 305 (99.0) 3 (1.0) 308 308 GR 996 (99.1) 9 (0.9) 1005 1005 IE 980 (97.9) 21 (2.1) 1001 1001 IT 1007 (98.2) 18 (1.8) 1025 1025 LU 608 (98.2) 11 (1.8) 619 619 NL 1030 (98.7) 14 (1.3) 1044 1044 PT 991 (99.1) 9 (0.9) 1000 1000 SE 988 (98.8) 12 (1.2) 1000 1000 N Sum 16014 202 16216 N Valid Sum 16014 202 16216 printed 25.01.2012 page 126 Eurobarometer 61 - February-March 2004,GESIS Variable Report,151,ZA4056
v120,v120 0 1 N Sum N Valid Sum,Q18 EU INFO SOURCES: NEVER LOOK FOR,isocntry AT 947 (90.0) 105 (10.0) 1052 1052 BE 863 (85.3) 149 (14.7) 1012 1012 DE-E 941 (91.2) 91 (8.8) 1032 1032 DE-W 980 (94.5) 57 (5.5) 1037 1037 DK 945 (94.5) 55 (5.5) 1000 1000 ES 815 (81.5) 185 (18.5) 1000 1000 FI 982 (95.6) 45 (4.4) 1027 1027 FR 935 (91.8) 84 (8.2) 1019 1019 GB-GBN 817 (78.9) 218 (21.1) 1035 1035 GB-NIR 227 (73.7) 81 (26.3) 308 308 GR 879 (87.5) 126 (12.5) 1005 1005 IE 801 (80.0) 200 (20.0) 1001 1001 IT 928 (90.5) 97 (9.5) 1025 1025 LU 598 (96.6) 21 (3.4) 619 619 NL 981 (94.0) 63 (6.0) 1044 1044 PT 868 (86.8) 132 (13.2) 1000 1000 SE 936 (93.6) 64 (6.4) 1000 1000 N Sum 14443 1773 16216 N Valid Sum 14443 1773 16216 printed 25.01.2012 page 127 Eurobarometer 61 - February-March 2004,isocntry AT 947 (90.0) 105 (10.0) 1052 1052 BE 863 (85.3) 149 (14.7) 1012 1012 DE-E 941 (91.2) 91 (8.8) 1032 1032 DE-W 980 (94.5) 57 (5.5) 1037 1037 DK 945 (94.5) 55 (5.5) 1000 1000 ES 815 (81.5) 185 (18.5) 1000 1000 FI 982 (95.6) 45 (4.4) 1027 1027 FR 935 (91.8) 84 (8.2) 1019 1019 GB-GBN 817 (78.9) 218 (21.1) 1035 1035 GB-NIR 227 (73.7) 81 (26.3) 308 308 GR 879 (87.5) 126 (12.5) 1005 1005 IE 801 (80.0) 200 (20.0) 1001 1001 IT 928 (90.5) 97 (9.5) 1025 1025 LU 598 (96.6) 21 (3.4) 619 619 NL 981 (94.0) 63 (6.0) 1044 1044 PT 868 (86.8) 132 (13.2) 1000 1000 SE 936 (93.6) 64 (6.4) 1000 1000 N Sum 14443 1773 16216 N Valid Sum 14443 1773 16216 printed 25.01.2012 page 127 Eurobarometer 61 - February-March 2004,GESIS Variable Report,152,ZA4056
v121,v121 0 1 N Sum N Valid Sum,Q18 EU INFO SOURCES: DK,isocntry AT 1041 (99.0) 11 (1.0) 1052 1052 BE 1005 (99.3) 7 (0.7) 1012 1012 DE-E 1023 (99.1) 9 (0.9) 1032 1032 DE-W 1029 (99.2) 8 (0.8) 1037 1037 DK 999 (99.9) 1 (0.1) 1000 1000 ES 984 (98.4) 16 (1.6) 1000 1000 FI 1023 (99.6) 4 (0.4) 1027 1027 FR 1014 (99.5) 5 (0.5) 1019 1019 GB-GBN 1014 (98.0) 21 (2.0) 1035 1035 GB-NIR 301 (97.7) 7 (2.3) 308 308 GR 999 (99.4) 6 (0.6) 1005 1005 IE 985 (98.4) 16 (1.6) 1001 1001 IT 1017 (99.2) 8 (0.8) 1025 1025 LU 614 (99.2) 5 (0.8) 619 619 NL 1037 (99.3) 7 (0.7) 1044 1044 PT 997 (99.7) 3 (0.3) 1000 1000 SE 996 (99.6) 4 (0.4) 1000 1000 N Sum 16078 138 16216 N Valid Sum 16078 138 16216 printed 25.01.2012 page 128 Eurobarometer 61 - February-March 2004,isocntry AT 1041 (99.0) 11 (1.0) 1052 1052 BE 1005 (99.3) 7 (0.7) 1012 1012 DE-E 1023 (99.1) 9 (0.9) 1032 1032 DE-W 1029 (99.2) 8 (0.8) 1037 1037 DK 999 (99.9) 1 (0.1) 1000 1000 ES 984 (98.4) 16 (1.6) 1000 1000 FI 1023 (99.6) 4 (0.4) 1027 1027 FR 1014 (99.5) 5 (0.5) 1019 1019 GB-GBN 1014 (98.0) 21 (2.0) 1035 1035 GB-NIR 301 (97.7) 7 (2.3) 308 308 GR 999 (99.4) 6 (0.6) 1005 1005 IE 985 (98.4) 16 (1.6) 1001 1001 IT 1017 (99.2) 8 (0.8) 1025 1025 LU 614 (99.2) 5 (0.8) 619 619 NL 1037 (99.3) 7 (0.7) 1044 1044 PT 997 (99.7) 3 (0.3) 1000 1000 SE 996 (99.6) 4 (0.4) 1000 1000 N Sum 16078 138 16216 N Valid Sum 16078 138 16216 printed 25.01.2012 page 128 Eurobarometer 61 - February-March 2004,GESIS Variable Report,153,ZA4056
v122,v122 1 2 3 4 N Sum N Valid Sum,Q19 EU MEDIA COVERAGE,isocntry M AT 76 (8.1) 573 (61.3) 285 (30.5) 119 1053 934 BE 47 (5.1) 554 (59.6) 328 (35.3) 83 1012 929 DE-E 46 (4.8) 518 (54.1) 393 (41.1) 75 1032 957 DE-W 19 (2.0) 484 (50.8) 450 (47.2) 83 1036 953 DK 59 (6.3) 596 (63.7) 280 (29.9) 65 1000 935 ES 133 (14.6) 496 (54.4) 282 (31.0) 89 1000 911 FI 46 (4.6) 706 (70.1) 255 (25.3) 19 1026 1007 FR 97 (10.1) 409 (42.4) 458 (47.5) 56 1020 964 GB-GBN 133 (15.0) 320 (36.0) 435 (49.0) 147 1035 888 GB-NIR 38 (14.3) 80 (30.1) 148 (55.6) 42 308 266 GR 128 (13.4) 370 (38.6) 460 (48.0) 46 1004 958 IE 104 (12.6) 426 (51.4) 298 (36.0) 174 1002 828 IT 52 (5.5) 379 (40.0) 516 (54.5) 78 1025 947 LU 33 (5.8) 328 (58.0) 205 (36.2) 52 618 566 NL 23 (2.4) 374 (39.3) 554 (58.3) 93 1044 951 PT 94 (10.7) 409 (46.5) 377 (42.8) 121 1001 880 SE 45 (4.6) 592 (60.7) 338 (34.7) 24 999 975 N Sum 1173 7614 6062 1366 16215 N Valid Sum 1173 7614 6062 14849 printed 25.01.2012 page 129 Eurobarometer 61 - February-March 2004,isocntry M AT 76 (8.1) 573 (61.3) 285 (30.5) 119 1053 934 BE 47 (5.1) 554 (59.6) 328 (35.3) 83 1012 929 DE-E 46 (4.8) 518 (54.1) 393 (41.1) 75 1032 957 DE-W 19 (2.0) 484 (50.8) 450 (47.2) 83 1036 953 DK 59 (6.3) 596 (63.7) 280 (29.9) 65 1000 935 ES 133 (14.6) 496 (54.4) 282 (31.0) 89 1000 911 FI 46 (4.6) 706 (70.1) 255 (25.3) 19 1026 1007 FR 97 (10.1) 409 (42.4) 458 (47.5) 56 1020 964 GB-GBN 133 (15.0) 320 (36.0) 435 (49.0) 147 1035 888 GB-NIR 38 (14.3) 80 (30.1) 148 (55.6) 42 308 266 GR 128 (13.4) 370 (38.6) 460 (48.0) 46 1004 958 IE 104 (12.6) 426 (51.4) 298 (36.0) 174 1002 828 IT 52 (5.5) 379 (40.0) 516 (54.5) 78 1025 947 LU 33 (5.8) 328 (58.0) 205 (36.2) 52 618 566 NL 23 (2.4) 374 (39.3) 554 (58.3) 93 1044 951 PT 94 (10.7) 409 (46.5) 377 (42.8) 121 1001 880 SE 45 (4.6) 592 (60.7) 338 (34.7) 24 999 975 N Sum 1173 7614 6062 1366 16215 N Valid Sum 1173 7614 6062 14849 printed 25.01.2012 page 129 Eurobarometer 61 - February-March 2004,GESIS Variable Report,154,ZA4056
v123,v123 1 2 3 4 N Sum N Valid Sum,Q20 EU MEDIA IMAGE,isocntry M AT 309 (35.8) 479 (55.6) 74 (8.6) 190 1052 862 BE 187 (22.3) 578 (69.0) 73 (8.7) 173 1011 838 DE-E 260 (33.2) 448 (57.1) 76 (9.7) 248 1032 784 DE-W 204 (26.2) 477 (61.2) 99 (12.7) 257 1037 780 DK 220 (24.7) 569 (63.8) 103 (11.5) 108 1000 892 ES 339 (43.4) 386 (49.4) 56 (7.2) 219 1000 781 FI 351 (35.5) 588 (59.5) 50 (5.1) 38 1027 989 FR 271 (33.2) 416 (51.0) 129 (15.8) 202 1018 816 GB-GBN 117 (15.7) 350 (47.0) 278 (37.3) 289 1034 745 GB-NIR 26 (12.3) 110 (51.9) 76 (35.8) 97 309 212 GR 304 (35.4) 508 (59.2) 46 (5.4) 147 1005 858 IE 138 (19.9) 487 (70.3) 68 (9.8) 308 1001 693 IT 283 (36.9) 334 (43.5) 150 (19.6) 257 1024 767 LU 172 (33.8) 304 (59.7) 33 (6.5) 110 619 509 NL 248 (29.0) 435 (50.8) 173 (20.2) 188 1044 856 PT 101 (13.9) 452 (62.1) 175 (24.0) 272 1000 728 SE 258 (28.7) 489 (54.4) 152 (16.9) 102 1001 899 N Sum 3788 7410 1811 3205 16214 N Valid Sum 3788 7410 1811 13009 printed 25.01.2012 page 130 Eurobarometer 61 - February-March 2004,isocntry M AT 309 (35.8) 479 (55.6) 74 (8.6) 190 1052 862 BE 187 (22.3) 578 (69.0) 73 (8.7) 173 1011 838 DE-E 260 (33.2) 448 (57.1) 76 (9.7) 248 1032 784 DE-W 204 (26.2) 477 (61.2) 99 (12.7) 257 1037 780 DK 220 (24.7) 569 (63.8) 103 (11.5) 108 1000 892 ES 339 (43.4) 386 (49.4) 56 (7.2) 219 1000 781 FI 351 (35.5) 588 (59.5) 50 (5.1) 38 1027 989 FR 271 (33.2) 416 (51.0) 129 (15.8) 202 1018 816 GB-GBN 117 (15.7) 350 (47.0) 278 (37.3) 289 1034 745 GB-NIR 26 (12.3) 110 (51.9) 76 (35.8) 97 309 212 GR 304 (35.4) 508 (59.2) 46 (5.4) 147 1005 858 IE 138 (19.9) 487 (70.3) 68 (9.8) 308 1001 693 IT 283 (36.9) 334 (43.5) 150 (19.6) 257 1024 767 LU 172 (33.8) 304 (59.7) 33 (6.5) 110 619 509 NL 248 (29.0) 435 (50.8) 173 (20.2) 188 1044 856 PT 101 (13.9) 452 (62.1) 175 (24.0) 272 1000 728 SE 258 (28.7) 489 (54.4) 152 (16.9) 102 1001 899 N Sum 3788 7410 1811 3205 16214 N Valid Sum 3788 7410 1811 13009 printed 25.01.2012 page 130 Eurobarometer 61 - February-March 2004,GESIS Variable Report,155,ZA4056
v124,v124 1 2 3 N Sum N Valid Sum,Q21 EUROPEAN PARLIAMENT - HEARD ABOUT,isocntry M AT 980 (94.7) 55 (5.3) 17 1052 1035 BE 973 (96.6) 34 (3.4) 5 1012 1007 DE-E 901 (89.5) 106 (10.5) 25 1032 1007 DE-W 924 (91.3) 88 (8.7) 26 1038 1012 DK 977 (97.8) 22 (2.2) 1 1000 999 ES 931 (93.8) 62 (6.2) 8 1001 993 FI 1000 (97.7) 24 (2.3) 3 1027 1024 FR 964 (95.1) 50 (4.9) 5 1019 1014 GB-GBN 881 (86.8) 134 (13.2) 20 1035 1015 GB-NIR 281 (91.5) 26 (8.5) 1 308 307 GR 882 (88.6) 113 (11.4) 11 1006 995 IE 944 (95.7) 42 (4.3) 15 1001 986 IT 978 (96.5) 35 (3.5) 12 1025 1013 LU 603 (97.7) 14 (2.3) 2 619 617 NL 999 (96.2) 39 (3.8) 6 1044 1038 PT 945 (95.2) 48 (4.8) 7 1000 993 SE 971 (97.3) 27 (2.7) 2 1000 998 N Sum 15134 919 166 16219 N Valid Sum 15134 919 16053 printed 25.01.2012 page 131 Eurobarometer 61 - February-March 2004,isocntry M AT 980 (94.7) 55 (5.3) 17 1052 1035 BE 973 (96.6) 34 (3.4) 5 1012 1007 DE-E 901 (89.5) 106 (10.5) 25 1032 1007 DE-W 924 (91.3) 88 (8.7) 26 1038 1012 DK 977 (97.8) 22 (2.2) 1 1000 999 ES 931 (93.8) 62 (6.2) 8 1001 993 FI 1000 (97.7) 24 (2.3) 3 1027 1024 FR 964 (95.1) 50 (4.9) 5 1019 1014 GB-GBN 881 (86.8) 134 (13.2) 20 1035 1015 GB-NIR 281 (91.5) 26 (8.5) 1 308 307 GR 882 (88.6) 113 (11.4) 11 1006 995 IE 944 (95.7) 42 (4.3) 15 1001 986 IT 978 (96.5) 35 (3.5) 12 1025 1013 LU 603 (97.7) 14 (2.3) 2 619 617 NL 999 (96.2) 39 (3.8) 6 1044 1038 PT 945 (95.2) 48 (4.8) 7 1000 993 SE 971 (97.3) 27 (2.7) 2 1000 998 N Sum 15134 919 166 16219 N Valid Sum 15134 919 16053 printed 25.01.2012 page 131 Eurobarometer 61 - February-March 2004,GESIS Variable Report,156,ZA4056
v125,v125 1 2 3 N Sum N Valid Sum,Q21 EUROPEAN COMMISSION - HEARD ABOUT,isocntry M AT 923 (89.4) 109 (10.6) 20 1052 1032 BE 919 (91.6) 84 (8.4) 9 1012 1003 DE-E 734 (74.6) 250 (25.4) 49 1033 984 DE-W 750 (75.8) 239 (24.2) 48 1037 989 DK 905 (91.0) 90 (9.0) 5 1000 995 ES 759 (77.4) 222 (22.6) 19 1000 981 FI 972 (95.1) 50 (4.9) 5 1027 1022 FR 889 (88.7) 113 (11.3) 17 1019 1002 GB-GBN 780 (76.8) 235 (23.2) 20 1035 1015 GB-NIR 231 (76.2) 72 (23.8) 5 308 303 GR 807 (81.7) 181 (18.3) 17 1005 988 IE 876 (90.1) 96 (9.9) 29 1001 972 IT 864 (86.4) 136 (13.6) 25 1025 1000 LU 591 (95.9) 25 (4.1) 4 620 616 NL 885 (85.9) 145 (14.1) 14 1044 1030 PT 870 (88.1) 117 (11.9) 13 1000 987 SE 883 (88.8) 111 (11.2) 6 1000 994 N Sum 13638 2275 305 16218 N Valid Sum 13638 2275 15913 printed 25.01.2012 page 132 Eurobarometer 61 - February-March 2004,isocntry M AT 923 (89.4) 109 (10.6) 20 1052 1032 BE 919 (91.6) 84 (8.4) 9 1012 1003 DE-E 734 (74.6) 250 (25.4) 49 1033 984 DE-W 750 (75.8) 239 (24.2) 48 1037 989 DK 905 (91.0) 90 (9.0) 5 1000 995 ES 759 (77.4) 222 (22.6) 19 1000 981 FI 972 (95.1) 50 (4.9) 5 1027 1022 FR 889 (88.7) 113 (11.3) 17 1019 1002 GB-GBN 780 (76.8) 235 (23.2) 20 1035 1015 GB-NIR 231 (76.2) 72 (23.8) 5 308 303 GR 807 (81.7) 181 (18.3) 17 1005 988 IE 876 (90.1) 96 (9.9) 29 1001 972 IT 864 (86.4) 136 (13.6) 25 1025 1000 LU 591 (95.9) 25 (4.1) 4 620 616 NL 885 (85.9) 145 (14.1) 14 1044 1030 PT 870 (88.1) 117 (11.9) 13 1000 987 SE 883 (88.8) 111 (11.2) 6 1000 994 N Sum 13638 2275 305 16218 N Valid Sum 13638 2275 15913 printed 25.01.2012 page 132 Eurobarometer 61 - February-March 2004,GESIS Variable Report,157,ZA4056
v126,v126 1 2 3 N Sum N Valid Sum,Q21 COUNCIL OF MINISTERS - HEARD ABOUT,isocntry M AT 821 (81.1) 191 (18.9) 40 1052 1012 BE 713 (71.9) 278 (28.1) 21 1012 991 DE-E 559 (58.4) 399 (41.6) 74 1032 958 DE-W 616 (64.2) 343 (35.8) 79 1038 959 DK 884 (88.8) 111 (11.2) 5 1000 995 ES 769 (78.9) 206 (21.1) 25 1000 975 FI 741 (73.4) 269 (26.6) 17 1027 1010 FR 682 (68.9) 308 (31.1) 29 1019 990 GB-GBN 422 (42.5) 571 (57.5) 43 1036 993 GB-NIR 145 (47.5) 160 (52.5) 3 308 305 GR 762 (77.6) 220 (22.4) 23 1005 982 IE 723 (75.9) 229 (24.1) 49 1001 952 IT 766 (77.5) 223 (22.5) 36 1025 989 LU 537 (88.2) 72 (11.8) 10 619 609 NL 654 (64.9) 353 (35.1) 36 1043 1007 PT 804 (81.5) 183 (18.5) 13 1000 987 SE 915 (92.2) 77 (7.8) 8 1000 992 N Sum 11513 4193 511 16217 N Valid Sum 11513 4193 15706 printed 25.01.2012 page 133 Eurobarometer 61 - February-March 2004,isocntry M AT 821 (81.1) 191 (18.9) 40 1052 1012 BE 713 (71.9) 278 (28.1) 21 1012 991 DE-E 559 (58.4) 399 (41.6) 74 1032 958 DE-W 616 (64.2) 343 (35.8) 79 1038 959 DK 884 (88.8) 111 (11.2) 5 1000 995 ES 769 (78.9) 206 (21.1) 25 1000 975 FI 741 (73.4) 269 (26.6) 17 1027 1010 FR 682 (68.9) 308 (31.1) 29 1019 990 GB-GBN 422 (42.5) 571 (57.5) 43 1036 993 GB-NIR 145 (47.5) 160 (52.5) 3 308 305 GR 762 (77.6) 220 (22.4) 23 1005 982 IE 723 (75.9) 229 (24.1) 49 1001 952 IT 766 (77.5) 223 (22.5) 36 1025 989 LU 537 (88.2) 72 (11.8) 10 619 609 NL 654 (64.9) 353 (35.1) 36 1043 1007 PT 804 (81.5) 183 (18.5) 13 1000 987 SE 915 (92.2) 77 (7.8) 8 1000 992 N Sum 11513 4193 511 16217 N Valid Sum 11513 4193 15706 printed 25.01.2012 page 133 Eurobarometer 61 - February-March 2004,GESIS Variable Report,158,ZA4056
v127,v127 1 2 3 N Sum N Valid Sum,Q21 EU COURT OF JUSTICE - HEARD ABOUT,isocntry M AT 922 (89.7) 106 (10.3) 24 1052 1028 BE 788 (79.3) 206 (20.7) 18 1012 994 DE-E 884 (87.6) 125 (12.4) 23 1032 1009 DE-W 878 (88.2) 117 (11.8) 42 1037 995 DK 927 (93.1) 69 (6.9) 5 1001 996 ES 705 (73.8) 250 (26.2) 45 1000 955 FI 806 (79.7) 205 (20.3) 16 1027 1011 FR 711 (71.5) 284 (28.5) 23 1018 995 GB-GBN 675 (67.3) 328 (32.7) 32 1035 1003 GB-NIR 221 (72.0) 86 (28.0) 1 308 307 GR 764 (78.0) 216 (22.0) 25 1005 980 IE 732 (77.7) 210 (22.3) 59 1001 942 IT 592 (61.0) 379 (39.0) 53 1024 971 LU 555 (90.2) 60 (9.8) 4 619 615 NL 844 (82.8) 175 (17.2) 24 1043 1019 PT 771 (79.2) 203 (20.8) 26 1000 974 SE 925 (93.1) 69 (6.9) 6 1000 994 N Sum 12700 3088 426 16214 N Valid Sum 12700 3088 15788 printed 25.01.2012 page 134 Eurobarometer 61 - February-March 2004,isocntry M AT 922 (89.7) 106 (10.3) 24 1052 1028 BE 788 (79.3) 206 (20.7) 18 1012 994 DE-E 884 (87.6) 125 (12.4) 23 1032 1009 DE-W 878 (88.2) 117 (11.8) 42 1037 995 DK 927 (93.1) 69 (6.9) 5 1001 996 ES 705 (73.8) 250 (26.2) 45 1000 955 FI 806 (79.7) 205 (20.3) 16 1027 1011 FR 711 (71.5) 284 (28.5) 23 1018 995 GB-GBN 675 (67.3) 328 (32.7) 32 1035 1003 GB-NIR 221 (72.0) 86 (28.0) 1 308 307 GR 764 (78.0) 216 (22.0) 25 1005 980 IE 732 (77.7) 210 (22.3) 59 1001 942 IT 592 (61.0) 379 (39.0) 53 1024 971 LU 555 (90.2) 60 (9.8) 4 619 615 NL 844 (82.8) 175 (17.2) 24 1043 1019 PT 771 (79.2) 203 (20.8) 26 1000 974 SE 925 (93.1) 69 (6.9) 6 1000 994 N Sum 12700 3088 426 16214 N Valid Sum 12700 3088 15788 printed 25.01.2012 page 134 Eurobarometer 61 - February-March 2004,GESIS Variable Report,159,ZA4056
v128,v128 1 2 3 N Sum N Valid Sum,Q21 EUROPEAN OMBUDSMAN - HEARD ABOUT,isocntry M AT 438 (43.9) 560 (56.1) 54 1052 998 BE 319 (32.3) 670 (67.7) 23 1012 989 DE-E 198 (21.8) 711 (78.2) 123 1032 909 DE-W 226 (24.6) 693 (75.4) 118 1037 919 DK 446 (45.8) 528 (54.2) 26 1000 974 ES 606 (63.8) 344 (36.2) 50 1000 950 FI 808 (79.5) 208 (20.5) 11 1027 1016 FR 317 (32.3) 665 (67.7) 37 1019 982 GB-GBN 385 (39.1) 600 (60.9) 50 1035 985 GB-NIR 132 (43.4) 172 (56.6) 4 308 304 GR 546 (56.5) 421 (43.5) 38 1005 967 IE 588 (62.1) 359 (37.9) 54 1001 947 IT 242 (25.3) 715 (74.7) 68 1025 957 LU 376 (62.4) 227 (37.6) 16 619 603 NL 348 (34.5) 660 (65.5) 36 1044 1008 PT 551 (56.9) 418 (43.1) 31 1000 969 SE 224 (23.1) 746 (76.9) 30 1000 970 N Sum 6750 8697 769 16216 N Valid Sum 6750 8697 15447 printed 25.01.2012 page 135 Eurobarometer 61 - February-March 2004,isocntry M AT 438 (43.9) 560 (56.1) 54 1052 998 BE 319 (32.3) 670 (67.7) 23 1012 989 DE-E 198 (21.8) 711 (78.2) 123 1032 909 DE-W 226 (24.6) 693 (75.4) 118 1037 919 DK 446 (45.8) 528 (54.2) 26 1000 974 ES 606 (63.8) 344 (36.2) 50 1000 950 FI 808 (79.5) 208 (20.5) 11 1027 1016 FR 317 (32.3) 665 (67.7) 37 1019 982 GB-GBN 385 (39.1) 600 (60.9) 50 1035 985 GB-NIR 132 (43.4) 172 (56.6) 4 308 304 GR 546 (56.5) 421 (43.5) 38 1005 967 IE 588 (62.1) 359 (37.9) 54 1001 947 IT 242 (25.3) 715 (74.7) 68 1025 957 LU 376 (62.4) 227 (37.6) 16 619 603 NL 348 (34.5) 660 (65.5) 36 1044 1008 PT 551 (56.9) 418 (43.1) 31 1000 969 SE 224 (23.1) 746 (76.9) 30 1000 970 N Sum 6750 8697 769 16216 N Valid Sum 6750 8697 15447 printed 25.01.2012 page 135 Eurobarometer 61 - February-March 2004,GESIS Variable Report,160,ZA4056
v129,v129 1 2 3 N Sum N Valid Sum,Q21 EUROPEAN CENTRAL BANK - HEARD ABOUT,isocntry M AT 893 (87.3) 130 (12.7) 29 1052 1023 BE 678 (68.4) 313 (31.6) 21 1012 991 DE-E 900 (89.2) 109 (10.8) 24 1033 1009 DE-W 879 (87.4) 127 (12.6) 31 1037 1006 DK 794 (79.7) 202 (20.3) 4 1000 996 ES 714 (75.2) 235 (24.8) 51 1000 949 FI 922 (90.5) 97 (9.5) 7 1026 1019 FR 727 (72.4) 277 (27.6) 15 1019 1004 GB-GBN 590 (59.1) 409 (40.9) 36 1035 999 GB-NIR 166 (55.1) 135 (44.9) 7 308 301 GR 649 (66.2) 332 (33.8) 24 1005 981 IE 824 (84.8) 148 (15.2) 29 1001 972 IT 736 (75.5) 239 (24.5) 50 1025 975 LU 547 (90.0) 61 (10.0) 11 619 608 NL 877 (85.1) 154 (14.9) 13 1044 1031 PT 836 (85.6) 141 (14.4) 23 1000 977 SE 913 (92.0) 79 (8.0) 8 1000 992 N Sum 12645 3188 383 16216 N Valid Sum 12645 3188 15833 printed 25.01.2012 page 136 Eurobarometer 61 - February-March 2004,isocntry M AT 893 (87.3) 130 (12.7) 29 1052 1023 BE 678 (68.4) 313 (31.6) 21 1012 991 DE-E 900 (89.2) 109 (10.8) 24 1033 1009 DE-W 879 (87.4) 127 (12.6) 31 1037 1006 DK 794 (79.7) 202 (20.3) 4 1000 996 ES 714 (75.2) 235 (24.8) 51 1000 949 FI 922 (90.5) 97 (9.5) 7 1026 1019 FR 727 (72.4) 277 (27.6) 15 1019 1004 GB-GBN 590 (59.1) 409 (40.9) 36 1035 999 GB-NIR 166 (55.1) 135 (44.9) 7 308 301 GR 649 (66.2) 332 (33.8) 24 1005 981 IE 824 (84.8) 148 (15.2) 29 1001 972 IT 736 (75.5) 239 (24.5) 50 1025 975 LU 547 (90.0) 61 (10.0) 11 619 608 NL 877 (85.1) 154 (14.9) 13 1044 1031 PT 836 (85.6) 141 (14.4) 23 1000 977 SE 913 (92.0) 79 (8.0) 8 1000 992 N Sum 12645 3188 383 16216 N Valid Sum 12645 3188 15833 printed 25.01.2012 page 136 Eurobarometer 61 - February-March 2004,GESIS Variable Report,161,ZA4056
v130,v130 1 2 3 N Sum N Valid Sum,Q21 EU COURT OF AUDITORS - HEARD ABOUT,isocntry M AT 817 (80.3) 201 (19.7) 34 1052 1018 BE 508 (51.3) 482 (48.7) 22 1012 990 DE-E 749 (76.1) 235 (23.9) 48 1032 984 DE-W 735 (74.8) 247 (25.2) 55 1037 982 DK 210 (21.9) 749 (78.1) 41 1000 959 ES 540 (57.6) 397 (42.4) 63 1000 937 FI 286 (28.6) 715 (71.4) 27 1028 1001 FR 585 (58.9) 409 (41.1) 24 1018 994 GB-GBN 186 (18.8) 803 (81.2) 46 1035 989 GB-NIR 47 (15.6) 255 (84.4) 6 308 302 GR 506 (52.2) 463 (47.8) 35 1004 969 IE 394 (43.1) 521 (56.9) 86 1001 915 IT 477 (49.8) 481 (50.2) 67 1025 958 LU 467 (76.4) 144 (23.6) 8 619 611 NL 558 (55.0) 456 (45.0) 30 1044 1014 PT 697 (71.9) 272 (28.1) 31 1000 969 SE 274 (28.0) 704 (72.0) 22 1000 978 N Sum 8036 7534 645 16215 N Valid Sum 8036 7534 15570 printed 25.01.2012 page 137 Eurobarometer 61 - February-March 2004,isocntry M AT 817 (80.3) 201 (19.7) 34 1052 1018 BE 508 (51.3) 482 (48.7) 22 1012 990 DE-E 749 (76.1) 235 (23.9) 48 1032 984 DE-W 735 (74.8) 247 (25.2) 55 1037 982 DK 210 (21.9) 749 (78.1) 41 1000 959 ES 540 (57.6) 397 (42.4) 63 1000 937 FI 286 (28.6) 715 (71.4) 27 1028 1001 FR 585 (58.9) 409 (41.1) 24 1018 994 GB-GBN 186 (18.8) 803 (81.2) 46 1035 989 GB-NIR 47 (15.6) 255 (84.4) 6 308 302 GR 506 (52.2) 463 (47.8) 35 1004 969 IE 394 (43.1) 521 (56.9) 86 1001 915 IT 477 (49.8) 481 (50.2) 67 1025 958 LU 467 (76.4) 144 (23.6) 8 619 611 NL 558 (55.0) 456 (45.0) 30 1044 1014 PT 697 (71.9) 272 (28.1) 31 1000 969 SE 274 (28.0) 704 (72.0) 22 1000 978 N Sum 8036 7534 645 16215 N Valid Sum 8036 7534 15570 printed 25.01.2012 page 137 Eurobarometer 61 - February-March 2004,GESIS Variable Report,162,ZA4056
v131,v131 1 2 3 N Sum N Valid Sum,Q21 COMMITTEE OF REGIONS - HEARD ABOUT,isocntry M AT 527 (53.3) 461 (46.7) 64 1052 988 BE 227 (23.2) 750 (76.8) 35 1012 977 DE-E 313 (33.7) 616 (66.3) 102 1031 929 DE-W 344 (37.0) 585 (63.0) 108 1037 929 DK 218 (22.6) 746 (77.4) 35 999 964 ES 433 (46.4) 501 (53.6) 66 1000 934 FI 350 (35.0) 649 (65.0) 28 1027 999 FR 249 (25.4) 732 (74.6) 38 1019 981 GB-GBN 151 (15.3) 833 (84.7) 51 1035 984 GB-NIR 57 (18.8) 246 (81.2) 5 308 303 GR 416 (43.4) 542 (56.6) 47 1005 958 IE 370 (41.0) 533 (59.0) 97 1000 903 IT 293 (31.0) 652 (69.0) 79 1024 945 LU 256 (43.4) 334 (56.6) 29 619 590 NL 120 (12.4) 850 (87.6) 75 1045 970 PT 514 (53.5) 447 (46.5) 39 1000 961 SE 215 (22.1) 756 (77.9) 29 1000 971 N Sum 5053 10233 927 16213 N Valid Sum 5053 10233 15286 printed 25.01.2012 page 138 Eurobarometer 61 - February-March 2004,isocntry M AT 527 (53.3) 461 (46.7) 64 1052 988 BE 227 (23.2) 750 (76.8) 35 1012 977 DE-E 313 (33.7) 616 (66.3) 102 1031 929 DE-W 344 (37.0) 585 (63.0) 108 1037 929 DK 218 (22.6) 746 (77.4) 35 999 964 ES 433 (46.4) 501 (53.6) 66 1000 934 FI 350 (35.0) 649 (65.0) 28 1027 999 FR 249 (25.4) 732 (74.6) 38 1019 981 GB-GBN 151 (15.3) 833 (84.7) 51 1035 984 GB-NIR 57 (18.8) 246 (81.2) 5 308 303 GR 416 (43.4) 542 (56.6) 47 1005 958 IE 370 (41.0) 533 (59.0) 97 1000 903 IT 293 (31.0) 652 (69.0) 79 1024 945 LU 256 (43.4) 334 (56.6) 29 619 590 NL 120 (12.4) 850 (87.6) 75 1045 970 PT 514 (53.5) 447 (46.5) 39 1000 961 SE 215 (22.1) 756 (77.9) 29 1000 971 N Sum 5053 10233 927 16213 N Valid Sum 5053 10233 15286 printed 25.01.2012 page 138 Eurobarometer 61 - February-March 2004,GESIS Variable Report,163,ZA4056
v132,v132 1 2 3 N Sum N Valid Sum,Q21 SOC&ECONOM COMMITTEE - HEARD ABOUT,isocntry M AT 548 (55.8) 434 (44.2) 70 1052 982 BE 260 (26.6) 716 (73.4) 36 1012 976 DE-E 418 (44.6) 520 (55.4) 94 1032 938 DE-W 471 (50.1) 469 (49.9) 97 1037 940 DK 372 (38.8) 587 (61.2) 41 1000 959 ES 480 (51.8) 446 (48.2) 74 1000 926 FI 404 (40.6) 592 (59.4) 31 1027 996 FR 328 (33.4) 655 (66.6) 35 1018 983 GB-GBN 246 (24.9) 740 (75.1) 49 1035 986 GB-NIR 101 (33.6) 200 (66.4) 7 308 301 GR 517 (53.7) 445 (46.3) 43 1005 962 IE 441 (48.9) 461 (51.1) 98 1000 902 IT 349 (36.9) 596 (63.1) 80 1025 945 LU 364 (61.3) 230 (38.7) 25 619 594 NL 210 (21.5) 765 (78.5) 69 1044 975 PT 512 (53.4) 447 (46.6) 41 1000 959 SE 279 (28.8) 690 (71.2) 31 1000 969 N Sum 6300 8993 921 16214 N Valid Sum 6300 8993 15293 printed 25.01.2012 page 139 Eurobarometer 61 - February-March 2004,isocntry M AT 548 (55.8) 434 (44.2) 70 1052 982 BE 260 (26.6) 716 (73.4) 36 1012 976 DE-E 418 (44.6) 520 (55.4) 94 1032 938 DE-W 471 (50.1) 469 (49.9) 97 1037 940 DK 372 (38.8) 587 (61.2) 41 1000 959 ES 480 (51.8) 446 (48.2) 74 1000 926 FI 404 (40.6) 592 (59.4) 31 1027 996 FR 328 (33.4) 655 (66.6) 35 1018 983 GB-GBN 246 (24.9) 740 (75.1) 49 1035 986 GB-NIR 101 (33.6) 200 (66.4) 7 308 301 GR 517 (53.7) 445 (46.3) 43 1005 962 IE 441 (48.9) 461 (51.1) 98 1000 902 IT 349 (36.9) 596 (63.1) 80 1025 945 LU 364 (61.3) 230 (38.7) 25 619 594 NL 210 (21.5) 765 (78.5) 69 1044 975 PT 512 (53.4) 447 (46.6) 41 1000 959 SE 279 (28.8) 690 (71.2) 31 1000 969 N Sum 6300 8993 921 16214 N Valid Sum 6300 8993 15293 printed 25.01.2012 page 139 Eurobarometer 61 - February-March 2004,GESIS Variable Report,164,ZA4056
v133,v133 1 2 3 N Sum N Valid Sum,Q22 EUROPEAN PARLIAMENT - IMPORTANCE,isocntry M AT 781 (86.2) 125 (13.8) 146 1052 906 BE 838 (91.5) 78 (8.5) 96 1012 916 DE-E 804 (89.0) 99 (11.0) 129 1032 903 DE-W 802 (87.9) 110 (12.1) 125 1037 912 DK 803 (89.5) 94 (10.5) 104 1001 897 ES 814 (93.3) 58 (6.7) 128 1000 872 FI 885 (92.2) 75 (7.8) 67 1027 960 FR 857 (93.1) 64 (6.9) 97 1018 921 GB-GBN 749 (87.1) 111 (12.9) 175 1035 860 GB-NIR 247 (93.9) 16 (6.1) 45 308 263 GR 843 (96.1) 34 (3.9) 128 1005 877 IE 870 (96.7) 30 (3.3) 101 1001 900 IT 881 (94.5) 51 (5.5) 92 1024 932 LU 504 (92.6) 40 (7.4) 75 619 544 NL 936 (94.8) 51 (5.2) 56 1043 987 PT 779 (92.6) 62 (7.4) 159 1000 841 SE 881 (92.8) 68 (7.2) 51 1000 949 N Sum 13274 1166 1774 16214 N Valid Sum 13274 1166 14440 printed 25.01.2012 page 140 Eurobarometer 61 - February-March 2004,isocntry M AT 781 (86.2) 125 (13.8) 146 1052 906 BE 838 (91.5) 78 (8.5) 96 1012 916 DE-E 804 (89.0) 99 (11.0) 129 1032 903 DE-W 802 (87.9) 110 (12.1) 125 1037 912 DK 803 (89.5) 94 (10.5) 104 1001 897 ES 814 (93.3) 58 (6.7) 128 1000 872 FI 885 (92.2) 75 (7.8) 67 1027 960 FR 857 (93.1) 64 (6.9) 97 1018 921 GB-GBN 749 (87.1) 111 (12.9) 175 1035 860 GB-NIR 247 (93.9) 16 (6.1) 45 308 263 GR 843 (96.1) 34 (3.9) 128 1005 877 IE 870 (96.7) 30 (3.3) 101 1001 900 IT 881 (94.5) 51 (5.5) 92 1024 932 LU 504 (92.6) 40 (7.4) 75 619 544 NL 936 (94.8) 51 (5.2) 56 1043 987 PT 779 (92.6) 62 (7.4) 159 1000 841 SE 881 (92.8) 68 (7.2) 51 1000 949 N Sum 13274 1166 1774 16214 N Valid Sum 13274 1166 14440 printed 25.01.2012 page 140 Eurobarometer 61 - February-March 2004,GESIS Variable Report,165,ZA4056
v134,v134 1 2 3 N Sum N Valid Sum,Q22 EUROPEAN COMMISSION - IMPORTANCE,isocntry M AT 781 (88.0) 106 (12.0) 164 1051 887 BE 827 (92.8) 64 (7.2) 121 1012 891 DE-E 684 (83.7) 133 (16.3) 215 1032 817 DE-W 687 (84.5) 126 (15.5) 224 1037 813 DK 778 (93.4) 55 (6.6) 166 999 833 ES 720 (90.0) 80 (10.0) 200 1000 800 FI 845 (91.5) 79 (8.5) 103 1027 924 FR 820 (93.1) 61 (6.9) 138 1019 881 GB-GBN 631 (83.4) 126 (16.6) 278 1035 757 GB-NIR 223 (93.7) 15 (6.3) 70 308 238 GR 778 (94.8) 43 (5.2) 184 1005 821 IE 825 (95.9) 35 (4.1) 141 1001 860 IT 793 (92.3) 66 (7.7) 165 1024 859 LU 506 (94.4) 30 (5.6) 83 619 536 NL 861 (94.5) 50 (5.5) 133 1044 911 PT 743 (91.7) 67 (8.3) 190 1000 810 SE 814 (91.5) 76 (8.5) 110 1000 890 N Sum 12316 1212 2685 16213 N Valid Sum 12316 1212 13528 printed 25.01.2012 page 141 Eurobarometer 61 - February-March 2004,isocntry M AT 781 (88.0) 106 (12.0) 164 1051 887 BE 827 (92.8) 64 (7.2) 121 1012 891 DE-E 684 (83.7) 133 (16.3) 215 1032 817 DE-W 687 (84.5) 126 (15.5) 224 1037 813 DK 778 (93.4) 55 (6.6) 166 999 833 ES 720 (90.0) 80 (10.0) 200 1000 800 FI 845 (91.5) 79 (8.5) 103 1027 924 FR 820 (93.1) 61 (6.9) 138 1019 881 GB-GBN 631 (83.4) 126 (16.6) 278 1035 757 GB-NIR 223 (93.7) 15 (6.3) 70 308 238 GR 778 (94.8) 43 (5.2) 184 1005 821 IE 825 (95.9) 35 (4.1) 141 1001 860 IT 793 (92.3) 66 (7.7) 165 1024 859 LU 506 (94.4) 30 (5.6) 83 619 536 NL 861 (94.5) 50 (5.5) 133 1044 911 PT 743 (91.7) 67 (8.3) 190 1000 810 SE 814 (91.5) 76 (8.5) 110 1000 890 N Sum 12316 1212 2685 16213 N Valid Sum 12316 1212 13528 printed 25.01.2012 page 141 Eurobarometer 61 - February-March 2004,GESIS Variable Report,166,ZA4056
v135,v135 1 2 3 N Sum N Valid Sum,Q22 COUNCIL OF MINISTERS - IMPORTANCE,isocntry M AT 675 (80.8) 160 (19.2) 217 1052 835 BE 698 (85.5) 118 (14.5) 197 1013 816 DE-E 592 (77.3) 174 (22.7) 266 1032 766 DE-W 588 (80.4) 143 (19.6) 307 1038 731 DK 756 (90.2) 82 (9.8) 162 1000 838 ES 717 (89.3) 86 (10.7) 198 1001 803 FI 669 (81.0) 157 (19.0) 200 1026 826 FR 693 (85.2) 120 (14.8) 206 1019 813 GB-GBN 443 (73.6) 159 (26.4) 433 1035 602 GB-NIR 172 (86.9) 26 (13.1) 109 307 198 GR 740 (93.1) 55 (6.9) 210 1005 795 IE 723 (93.2) 53 (6.8) 225 1001 776 IT 717 (90.0) 80 (10.0) 228 1025 797 LU 474 (91.3) 45 (8.7) 100 619 519 NL 721 (87.3) 105 (12.7) 219 1045 826 PT 711 (90.5) 75 (9.5) 214 1000 786 SE 838 (91.6) 77 (8.4) 85 1000 915 N Sum 10927 1715 3576 16218 N Valid Sum 10927 1715 12642 printed 25.01.2012 page 142 Eurobarometer 61 - February-March 2004,isocntry M AT 675 (80.8) 160 (19.2) 217 1052 835 BE 698 (85.5) 118 (14.5) 197 1013 816 DE-E 592 (77.3) 174 (22.7) 266 1032 766 DE-W 588 (80.4) 143 (19.6) 307 1038 731 DK 756 (90.2) 82 (9.8) 162 1000 838 ES 717 (89.3) 86 (10.7) 198 1001 803 FI 669 (81.0) 157 (19.0) 200 1026 826 FR 693 (85.2) 120 (14.8) 206 1019 813 GB-GBN 443 (73.6) 159 (26.4) 433 1035 602 GB-NIR 172 (86.9) 26 (13.1) 109 307 198 GR 740 (93.1) 55 (6.9) 210 1005 795 IE 723 (93.2) 53 (6.8) 225 1001 776 IT 717 (90.0) 80 (10.0) 228 1025 797 LU 474 (91.3) 45 (8.7) 100 619 519 NL 721 (87.3) 105 (12.7) 219 1045 826 PT 711 (90.5) 75 (9.5) 214 1000 786 SE 838 (91.6) 77 (8.4) 85 1000 915 N Sum 10927 1715 3576 16218 N Valid Sum 10927 1715 12642 printed 25.01.2012 page 142 Eurobarometer 61 - February-March 2004,GESIS Variable Report,167,ZA4056
v136,v136 1 2 3 N Sum N Valid Sum,Q22 EU COURT OF JUSTICE - IMPORTANCE,isocntry M AT 783 (86.3) 124 (13.7) 145 1052 907 BE 734 (87.1) 109 (12.9) 169 1012 843 DE-E 805 (89.0) 99 (11.0) 128 1032 904 DE-W 788 (88.9) 98 (11.1) 152 1038 886 DK 779 (90.7) 80 (9.3) 141 1000 859 ES 692 (88.0) 94 (12.0) 213 999 786 FI 813 (90.1) 89 (9.9) 126 1028 902 FR 685 (83.3) 137 (16.7) 198 1020 822 GB-GBN 618 (85.4) 106 (14.6) 311 1035 724 GB-NIR 209 (88.9) 26 (11.1) 73 308 235 GR 758 (93.8) 50 (6.2) 197 1005 808 IE 740 (94.6) 42 (5.4) 219 1001 782 IT 618 (86.4) 97 (13.6) 310 1025 715 LU 496 (93.9) 32 (6.1) 91 619 528 NL 811 (88.6) 104 (11.4) 129 1044 915 PT 698 (91.2) 67 (8.8) 235 1000 765 SE 865 (91.7) 78 (8.3) 57 1000 943 N Sum 11892 1432 2894 16218 N Valid Sum 11892 1432 13324 printed 25.01.2012 page 143 Eurobarometer 61 - February-March 2004,isocntry M AT 783 (86.3) 124 (13.7) 145 1052 907 BE 734 (87.1) 109 (12.9) 169 1012 843 DE-E 805 (89.0) 99 (11.0) 128 1032 904 DE-W 788 (88.9) 98 (11.1) 152 1038 886 DK 779 (90.7) 80 (9.3) 141 1000 859 ES 692 (88.0) 94 (12.0) 213 999 786 FI 813 (90.1) 89 (9.9) 126 1028 902 FR 685 (83.3) 137 (16.7) 198 1020 822 GB-GBN 618 (85.4) 106 (14.6) 311 1035 724 GB-NIR 209 (88.9) 26 (11.1) 73 308 235 GR 758 (93.8) 50 (6.2) 197 1005 808 IE 740 (94.6) 42 (5.4) 219 1001 782 IT 618 (86.4) 97 (13.6) 310 1025 715 LU 496 (93.9) 32 (6.1) 91 619 528 NL 811 (88.6) 104 (11.4) 129 1044 915 PT 698 (91.2) 67 (8.8) 235 1000 765 SE 865 (91.7) 78 (8.3) 57 1000 943 N Sum 11892 1432 2894 16218 N Valid Sum 11892 1432 13324 printed 25.01.2012 page 143 Eurobarometer 61 - February-March 2004,GESIS Variable Report,168,ZA4056
v137,v137 1 2 3 N Sum N Valid Sum,Q22 EUROPEAN OMBUDSMAN - IMPORTANCE,isocntry M AT 385 (58.1) 278 (41.9) 388 1051 663 BE 396 (61.8) 245 (38.2) 371 1012 641 DE-E 242 (55.3) 196 (44.7) 594 1032 438 DE-W 225 (54.0) 192 (46.0) 619 1036 417 DK 337 (72.3) 129 (27.7) 533 999 466 ES 603 (83.9) 116 (16.1) 281 1000 719 FI 808 (90.4) 86 (9.6) 133 1027 894 FR 381 (64.2) 212 (35.8) 426 1019 593 GB-GBN 370 (69.9) 159 (30.1) 506 1035 529 GB-NIR 161 (82.1) 35 (17.9) 112 308 196 GR 580 (87.9) 80 (12.1) 345 1005 660 IE 639 (91.5) 59 (8.5) 303 1001 698 IT 285 (69.5) 125 (30.5) 615 1025 410 LU 305 (75.1) 101 (24.9) 213 619 406 NL 423 (61.2) 268 (38.8) 352 1043 691 PT 587 (88.1) 79 (11.9) 334 1000 666 SE 319 (56.5) 246 (43.5) 434 999 565 N Sum 7046 2606 6559 16211 N Valid Sum 7046 2606 9652 printed 25.01.2012 page 144 Eurobarometer 61 - February-March 2004,isocntry M AT 385 (58.1) 278 (41.9) 388 1051 663 BE 396 (61.8) 245 (38.2) 371 1012 641 DE-E 242 (55.3) 196 (44.7) 594 1032 438 DE-W 225 (54.0) 192 (46.0) 619 1036 417 DK 337 (72.3) 129 (27.7) 533 999 466 ES 603 (83.9) 116 (16.1) 281 1000 719 FI 808 (90.4) 86 (9.6) 133 1027 894 FR 381 (64.2) 212 (35.8) 426 1019 593 GB-GBN 370 (69.9) 159 (30.1) 506 1035 529 GB-NIR 161 (82.1) 35 (17.9) 112 308 196 GR 580 (87.9) 80 (12.1) 345 1005 660 IE 639 (91.5) 59 (8.5) 303 1001 698 IT 285 (69.5) 125 (30.5) 615 1025 410 LU 305 (75.1) 101 (24.9) 213 619 406 NL 423 (61.2) 268 (38.8) 352 1043 691 PT 587 (88.1) 79 (11.9) 334 1000 666 SE 319 (56.5) 246 (43.5) 434 999 565 N Sum 7046 2606 6559 16211 N Valid Sum 7046 2606 9652 printed 25.01.2012 page 144 Eurobarometer 61 - February-March 2004,GESIS Variable Report,169,ZA4056
v138,v138 1 2 3 N Sum N Valid Sum,Q22 EUROPEAN CENTRAL BANK - IMPORTANCE,isocntry M AT 792 (88.2) 106 (11.8) 154 1052 898 BE 688 (84.5) 126 (15.5) 197 1011 814 DE-E 861 (93.2) 63 (6.8) 109 1033 924 DE-W 821 (91.7) 74 (8.3) 143 1038 895 DK 696 (92.7) 55 (7.3) 249 1000 751 ES 720 (90.8) 73 (9.2) 207 1000 793 FI 832 (89.9) 93 (10.1) 102 1027 925 FR 709 (87.1) 105 (12.9) 205 1019 814 GB-GBN 569 (82.9) 117 (17.1) 349 1035 686 GB-NIR 197 (90.0) 22 (10.0) 89 308 219 GR 669 (91.1) 65 (8.9) 272 1006 734 IE 791 (95.8) 35 (4.2) 176 1002 826 IT 676 (89.9) 76 (10.1) 273 1025 752 LU 480 (91.8) 43 (8.2) 96 619 523 NL 877 (94.3) 53 (5.7) 114 1044 930 PT 718 (92.2) 61 (7.8) 220 999 779 SE 859 (92.5) 70 (7.5) 72 1001 929 N Sum 11955 1237 3027 16219 N Valid Sum 11955 1237 13192 printed 25.01.2012 page 145 Eurobarometer 61 - February-March 2004,isocntry M AT 792 (88.2) 106 (11.8) 154 1052 898 BE 688 (84.5) 126 (15.5) 197 1011 814 DE-E 861 (93.2) 63 (6.8) 109 1033 924 DE-W 821 (91.7) 74 (8.3) 143 1038 895 DK 696 (92.7) 55 (7.3) 249 1000 751 ES 720 (90.8) 73 (9.2) 207 1000 793 FI 832 (89.9) 93 (10.1) 102 1027 925 FR 709 (87.1) 105 (12.9) 205 1019 814 GB-GBN 569 (82.9) 117 (17.1) 349 1035 686 GB-NIR 197 (90.0) 22 (10.0) 89 308 219 GR 669 (91.1) 65 (8.9) 272 1006 734 IE 791 (95.8) 35 (4.2) 176 1002 826 IT 676 (89.9) 76 (10.1) 273 1025 752 LU 480 (91.8) 43 (8.2) 96 619 523 NL 877 (94.3) 53 (5.7) 114 1044 930 PT 718 (92.2) 61 (7.8) 220 999 779 SE 859 (92.5) 70 (7.5) 72 1001 929 N Sum 11955 1237 3027 16219 N Valid Sum 11955 1237 13192 printed 25.01.2012 page 145 Eurobarometer 61 - February-March 2004,GESIS Variable Report,170,ZA4056
v139,v139 1 2 3 N Sum N Valid Sum,Q22 EU COURT OF AUDITORS - IMPORTANCE,isocntry M AT 698 (81.1) 163 (18.9) 191 1052 861 BE 560 (76.8) 169 (23.2) 283 1012 729 DE-E 694 (85.7) 116 (14.3) 222 1032 810 DE-W 671 (82.0) 147 (18.0) 219 1037 818 DK 202 (69.9) 87 (30.1) 711 1000 289 ES 604 (86.2) 97 (13.8) 298 999 701 FI 522 (77.0) 156 (23.0) 349 1027 678 FR 596 (81.6) 134 (18.4) 289 1019 730 GB-GBN 306 (66.5) 154 (33.5) 575 1035 460 GB-NIR 116 (73.0) 43 (27.0) 149 308 159 GR 584 (91.0) 58 (9.0) 363 1005 642 IE 539 (89.5) 63 (10.5) 399 1001 602 IT 477 (82.2) 103 (17.8) 444 1024 580 LU 401 (85.1) 70 (14.9) 147 618 471 NL 693 (86.7) 106 (13.3) 245 1044 799 PT 655 (91.1) 64 (8.9) 281 1000 719 SE 455 (73.5) 164 (26.5) 381 1000 619 N Sum 8773 1894 5546 16213 N Valid Sum 8773 1894 10667 printed 25.01.2012 page 146 Eurobarometer 61 - February-March 2004,isocntry M AT 698 (81.1) 163 (18.9) 191 1052 861 BE 560 (76.8) 169 (23.2) 283 1012 729 DE-E 694 (85.7) 116 (14.3) 222 1032 810 DE-W 671 (82.0) 147 (18.0) 219 1037 818 DK 202 (69.9) 87 (30.1) 711 1000 289 ES 604 (86.2) 97 (13.8) 298 999 701 FI 522 (77.0) 156 (23.0) 349 1027 678 FR 596 (81.6) 134 (18.4) 289 1019 730 GB-GBN 306 (66.5) 154 (33.5) 575 1035 460 GB-NIR 116 (73.0) 43 (27.0) 149 308 159 GR 584 (91.0) 58 (9.0) 363 1005 642 IE 539 (89.5) 63 (10.5) 399 1001 602 IT 477 (82.2) 103 (17.8) 444 1024 580 LU 401 (85.1) 70 (14.9) 147 618 471 NL 693 (86.7) 106 (13.3) 245 1044 799 PT 655 (91.1) 64 (8.9) 281 1000 719 SE 455 (73.5) 164 (26.5) 381 1000 619 N Sum 8773 1894 5546 16213 N Valid Sum 8773 1894 10667 printed 25.01.2012 page 146 Eurobarometer 61 - February-March 2004,GESIS Variable Report,171,ZA4056
v140,v140 1 2 3 N Sum N Valid Sum,Q22 COMMITTEE OF REGIONS - IMPORTANCE,isocntry M AT 458 (66.2) 234 (33.8) 360 1052 692 BE 357 (60.5) 233 (39.5) 422 1012 590 DE-E 361 (64.6) 198 (35.4) 473 1032 559 DE-W 358 (65.6) 188 (34.4) 491 1037 546 DK 187 (66.3) 95 (33.7) 719 1001 282 ES 526 (82.3) 113 (17.7) 361 1000 639 FI 467 (71.3) 188 (28.7) 372 1027 655 FR 352 (62.3) 213 (37.7) 454 1019 565 GB-GBN 265 (61.9) 163 (38.1) 606 1034 428 GB-NIR 121 (76.1) 38 (23.9) 148 307 159 GR 515 (87.9) 71 (12.1) 419 1005 586 IE 524 (88.2) 70 (11.8) 407 1001 594 IT 339 (72.7) 127 (27.3) 559 1025 466 LU 274 (73.5) 99 (26.5) 246 619 373 NL 301 (61.8) 186 (38.2) 557 1044 487 PT 568 (88.8) 72 (11.3) 360 1000 640 SE 338 (60.2) 223 (39.8) 438 999 561 N Sum 6311 2511 7392 16214 N Valid Sum 6311 2511 8822 printed 25.01.2012 page 147 Eurobarometer 61 - February-March 2004,isocntry M AT 458 (66.2) 234 (33.8) 360 1052 692 BE 357 (60.5) 233 (39.5) 422 1012 590 DE-E 361 (64.6) 198 (35.4) 473 1032 559 DE-W 358 (65.6) 188 (34.4) 491 1037 546 DK 187 (66.3) 95 (33.7) 719 1001 282 ES 526 (82.3) 113 (17.7) 361 1000 639 FI 467 (71.3) 188 (28.7) 372 1027 655 FR 352 (62.3) 213 (37.7) 454 1019 565 GB-GBN 265 (61.9) 163 (38.1) 606 1034 428 GB-NIR 121 (76.1) 38 (23.9) 148 307 159 GR 515 (87.9) 71 (12.1) 419 1005 586 IE 524 (88.2) 70 (11.8) 407 1001 594 IT 339 (72.7) 127 (27.3) 559 1025 466 LU 274 (73.5) 99 (26.5) 246 619 373 NL 301 (61.8) 186 (38.2) 557 1044 487 PT 568 (88.8) 72 (11.3) 360 1000 640 SE 338 (60.2) 223 (39.8) 438 999 561 N Sum 6311 2511 7392 16214 N Valid Sum 6311 2511 8822 printed 25.01.2012 page 147 Eurobarometer 61 - February-March 2004,GESIS Variable Report,172,ZA4056
v141,v141 1 2 3 N Sum N Valid Sum,Q22 SOC&ECONOM COMMITTEE - IMPORTANCE,isocntry M AT 497 (70.0) 213 (30.0) 343 1053 710 BE 399 (64.6) 219 (35.4) 394 1012 618 DE-E 463 (73.3) 169 (26.7) 400 1032 632 DE-W 458 (74.8) 154 (25.2) 425 1037 612 DK 319 (78.0) 90 (22.0) 592 1001 409 ES 555 (85.1) 97 (14.9) 348 1000 652 FI 553 (79.3) 144 (20.7) 330 1027 697 FR 422 (68.4) 195 (31.6) 402 1019 617 GB-GBN 326 (69.4) 144 (30.6) 565 1035 470 GB-NIR 147 (84.0) 28 (16.0) 133 308 175 GR 590 (91.9) 52 (8.1) 363 1005 642 IE 553 (89.2) 67 (10.8) 381 1001 620 IT 385 (77.3) 113 (22.7) 526 1024 498 LU 357 (82.4) 76 (17.6) 186 619 433 NL 362 (69.1) 162 (30.9) 520 1044 524 PT 547 (87.0) 82 (13.0) 370 999 629 SE 427 (70.9) 175 (29.1) 398 1000 602 N Sum 7360 2180 6676 16216 N Valid Sum 7360 2180 9540 printed 25.01.2012 page 148 Eurobarometer 61 - February-March 2004,isocntry M AT 497 (70.0) 213 (30.0) 343 1053 710 BE 399 (64.6) 219 (35.4) 394 1012 618 DE-E 463 (73.3) 169 (26.7) 400 1032 632 DE-W 458 (74.8) 154 (25.2) 425 1037 612 DK 319 (78.0) 90 (22.0) 592 1001 409 ES 555 (85.1) 97 (14.9) 348 1000 652 FI 553 (79.3) 144 (20.7) 330 1027 697 FR 422 (68.4) 195 (31.6) 402 1019 617 GB-GBN 326 (69.4) 144 (30.6) 565 1035 470 GB-NIR 147 (84.0) 28 (16.0) 133 308 175 GR 590 (91.9) 52 (8.1) 363 1005 642 IE 553 (89.2) 67 (10.8) 381 1001 620 IT 385 (77.3) 113 (22.7) 526 1024 498 LU 357 (82.4) 76 (17.6) 186 619 433 NL 362 (69.1) 162 (30.9) 520 1044 524 PT 547 (87.0) 82 (13.0) 370 999 629 SE 427 (70.9) 175 (29.1) 398 1000 602 N Sum 7360 2180 6676 16216 N Valid Sum 7360 2180 9540 printed 25.01.2012 page 148 Eurobarometer 61 - February-March 2004,GESIS Variable Report,173,ZA4056
v142,v142 1 2 3 N Sum N Valid Sum,Q23 EUROPEAN PARLIAMENT - TRUST,isocntry M AT 450 (51.8) 419 (48.2) 183 1052 869 BE 645 (70.4) 271 (29.6) 96 1012 916 DE-E 527 (64.0) 296 (36.0) 209 1032 823 DE-W 533 (62.2) 324 (37.8) 180 1037 857 DK 545 (64.2) 304 (35.8) 152 1001 849 ES 621 (73.5) 224 (26.5) 154 999 845 FI 625 (68.3) 290 (31.7) 112 1027 915 FR 576 (67.4) 279 (32.6) 164 1019 855 GB-GBN 299 (39.4) 459 (60.6) 277 1035 758 GB-NIR 166 (68.0) 78 (32.0) 64 308 244 GR 707 (83.6) 139 (16.4) 159 1005 846 IE 638 (83.5) 126 (16.5) 237 1001 764 IT 699 (78.5) 192 (21.5) 134 1025 891 LU 417 (76.9) 125 (23.1) 76 618 542 NL 594 (64.3) 330 (35.7) 119 1043 924 PT 582 (73.3) 212 (26.7) 206 1000 794 SE 546 (59.6) 370 (40.4) 84 1000 916 N Sum 9170 4438 2606 16214 N Valid Sum 9170 4438 13608 printed 25.01.2012 page 149 Eurobarometer 61 - February-March 2004,isocntry M AT 450 (51.8) 419 (48.2) 183 1052 869 BE 645 (70.4) 271 (29.6) 96 1012 916 DE-E 527 (64.0) 296 (36.0) 209 1032 823 DE-W 533 (62.2) 324 (37.8) 180 1037 857 DK 545 (64.2) 304 (35.8) 152 1001 849 ES 621 (73.5) 224 (26.5) 154 999 845 FI 625 (68.3) 290 (31.7) 112 1027 915 FR 576 (67.4) 279 (32.6) 164 1019 855 GB-GBN 299 (39.4) 459 (60.6) 277 1035 758 GB-NIR 166 (68.0) 78 (32.0) 64 308 244 GR 707 (83.6) 139 (16.4) 159 1005 846 IE 638 (83.5) 126 (16.5) 237 1001 764 IT 699 (78.5) 192 (21.5) 134 1025 891 LU 417 (76.9) 125 (23.1) 76 618 542 NL 594 (64.3) 330 (35.7) 119 1043 924 PT 582 (73.3) 212 (26.7) 206 1000 794 SE 546 (59.6) 370 (40.4) 84 1000 916 N Sum 9170 4438 2606 16214 N Valid Sum 9170 4438 13608 printed 25.01.2012 page 149 Eurobarometer 61 - February-March 2004,GESIS Variable Report,174,ZA4056
v143,v143 1 2 3 N Sum N Valid Sum,Q23 EUROPEAN COMMISSION - TRUST,isocntry M AT 391 (45.8) 462 (54.2) 198 1051 853 BE 635 (70.2) 269 (29.8) 108 1012 904 DE-E 398 (54.1) 338 (45.9) 296 1032 736 DE-W 405 (53.9) 346 (46.1) 286 1037 751 DK 472 (59.1) 327 (40.9) 201 1000 799 ES 529 (67.2) 258 (32.8) 214 1001 787 FI 608 (67.6) 291 (32.4) 127 1026 899 FR 532 (65.8) 276 (34.2) 212 1020 808 GB-GBN 269 (39.9) 406 (60.1) 360 1035 675 GB-NIR 136 (61.0) 87 (39.0) 85 308 223 GR 635 (79.8) 161 (20.2) 210 1006 796 IE 608 (82.8) 126 (17.2) 267 1001 734 IT 642 (76.4) 198 (23.6) 185 1025 840 LU 411 (76.1) 129 (23.9) 79 619 540 NL 561 (65.0) 302 (35.0) 181 1044 863 PT 562 (73.2) 206 (26.8) 232 1000 768 SE 482 (55.1) 392 (44.9) 126 1000 874 N Sum 8276 4574 3367 16217 N Valid Sum 8276 4574 12850 printed 25.01.2012 page 150 Eurobarometer 61 - February-March 2004,isocntry M AT 391 (45.8) 462 (54.2) 198 1051 853 BE 635 (70.2) 269 (29.8) 108 1012 904 DE-E 398 (54.1) 338 (45.9) 296 1032 736 DE-W 405 (53.9) 346 (46.1) 286 1037 751 DK 472 (59.1) 327 (40.9) 201 1000 799 ES 529 (67.2) 258 (32.8) 214 1001 787 FI 608 (67.6) 291 (32.4) 127 1026 899 FR 532 (65.8) 276 (34.2) 212 1020 808 GB-GBN 269 (39.9) 406 (60.1) 360 1035 675 GB-NIR 136 (61.0) 87 (39.0) 85 308 223 GR 635 (79.8) 161 (20.2) 210 1006 796 IE 608 (82.8) 126 (17.2) 267 1001 734 IT 642 (76.4) 198 (23.6) 185 1025 840 LU 411 (76.1) 129 (23.9) 79 619 540 NL 561 (65.0) 302 (35.0) 181 1044 863 PT 562 (73.2) 206 (26.8) 232 1000 768 SE 482 (55.1) 392 (44.9) 126 1000 874 N Sum 8276 4574 3367 16217 N Valid Sum 8276 4574 12850 printed 25.01.2012 page 150 Eurobarometer 61 - February-March 2004,GESIS Variable Report,175,ZA4056
v144,v144 1 2 3 N Sum N Valid Sum,Q23 COUNCIL OF MINISTERS - TRUST,isocntry M AT 350 (43.2) 461 (56.8) 240 1051 811 BE 497 (60.8) 321 (39.2) 194 1012 818 DE-E 350 (50.2) 347 (49.8) 335 1032 697 DE-W 359 (51.5) 338 (48.5) 340 1037 697 DK 498 (63.0) 293 (37.0) 209 1000 791 ES 521 (66.5) 263 (33.5) 216 1000 784 FI 501 (61.9) 308 (38.1) 217 1026 809 FR 414 (54.6) 344 (45.4) 261 1019 758 GB-GBN 184 (33.1) 372 (66.9) 479 1035 556 GB-NIR 106 (52.7) 95 (47.3) 108 309 201 GR 579 (76.8) 175 (23.2) 251 1005 754 IE 525 (80.6) 126 (19.4) 350 1001 651 IT 533 (69.3) 236 (30.7) 255 1024 769 LU 375 (72.7) 141 (27.3) 103 619 516 NL 426 (55.3) 344 (44.7) 273 1043 770 PT 517 (69.8) 224 (30.2) 258 999 741 SE 494 (55.2) 401 (44.8) 105 1000 895 N Sum 7229 4789 4194 16212 N Valid Sum 7229 4789 12018 printed 25.01.2012 page 151 Eurobarometer 61 - February-March 2004,isocntry M AT 350 (43.2) 461 (56.8) 240 1051 811 BE 497 (60.8) 321 (39.2) 194 1012 818 DE-E 350 (50.2) 347 (49.8) 335 1032 697 DE-W 359 (51.5) 338 (48.5) 340 1037 697 DK 498 (63.0) 293 (37.0) 209 1000 791 ES 521 (66.5) 263 (33.5) 216 1000 784 FI 501 (61.9) 308 (38.1) 217 1026 809 FR 414 (54.6) 344 (45.4) 261 1019 758 GB-GBN 184 (33.1) 372 (66.9) 479 1035 556 GB-NIR 106 (52.7) 95 (47.3) 108 309 201 GR 579 (76.8) 175 (23.2) 251 1005 754 IE 525 (80.6) 126 (19.4) 350 1001 651 IT 533 (69.3) 236 (30.7) 255 1024 769 LU 375 (72.7) 141 (27.3) 103 619 516 NL 426 (55.3) 344 (44.7) 273 1043 770 PT 517 (69.8) 224 (30.2) 258 999 741 SE 494 (55.2) 401 (44.8) 105 1000 895 N Sum 7229 4789 4194 16212 N Valid Sum 7229 4789 12018 printed 25.01.2012 page 151 Eurobarometer 61 - February-March 2004,GESIS Variable Report,176,ZA4056
v145,v145 1 2 3 N Sum N Valid Sum,Q23 EU COURT OF JUSTICE - TRUST,isocntry M AT 572 (66.1) 294 (33.9) 186 1052 866 BE 554 (64.9) 299 (35.1) 158 1011 853 DE-E 641 (75.9) 203 (24.1) 188 1032 844 DE-W 646 (75.6) 208 (24.4) 182 1036 854 DK 685 (80.6) 165 (19.4) 150 1000 850 ES 499 (65.4) 264 (34.6) 237 1000 763 FI 674 (77.4) 197 (22.6) 156 1027 871 FR 480 (61.7) 298 (38.3) 241 1019 778 GB-GBN 344 (51.3) 326 (48.7) 365 1035 670 GB-NIR 136 (61.5) 85 (38.5) 87 308 221 GR 624 (81.0) 146 (19.0) 235 1005 770 IE 562 (84.9) 100 (15.1) 338 1000 662 IT 519 (74.0) 182 (26.0) 324 1025 701 LU 433 (79.4) 112 (20.6) 74 619 545 NL 637 (73.9) 225 (26.1) 182 1044 862 PT 526 (72.2) 203 (27.8) 271 1000 729 SE 740 (80.2) 183 (19.8) 76 999 923 N Sum 9272 3490 3450 16212 N Valid Sum 9272 3490 12762 printed 25.01.2012 page 152 Eurobarometer 61 - February-March 2004,isocntry M AT 572 (66.1) 294 (33.9) 186 1052 866 BE 554 (64.9) 299 (35.1) 158 1011 853 DE-E 641 (75.9) 203 (24.1) 188 1032 844 DE-W 646 (75.6) 208 (24.4) 182 1036 854 DK 685 (80.6) 165 (19.4) 150 1000 850 ES 499 (65.4) 264 (34.6) 237 1000 763 FI 674 (77.4) 197 (22.6) 156 1027 871 FR 480 (61.7) 298 (38.3) 241 1019 778 GB-GBN 344 (51.3) 326 (48.7) 365 1035 670 GB-NIR 136 (61.5) 85 (38.5) 87 308 221 GR 624 (81.0) 146 (19.0) 235 1005 770 IE 562 (84.9) 100 (15.1) 338 1000 662 IT 519 (74.0) 182 (26.0) 324 1025 701 LU 433 (79.4) 112 (20.6) 74 619 545 NL 637 (73.9) 225 (26.1) 182 1044 862 PT 526 (72.2) 203 (27.8) 271 1000 729 SE 740 (80.2) 183 (19.8) 76 999 923 N Sum 9272 3490 3450 16212 N Valid Sum 9272 3490 12762 printed 25.01.2012 page 152 Eurobarometer 61 - February-March 2004,GESIS Variable Report,177,ZA4056
v146,v146 1 2 3 N Sum N Valid Sum,Q23 EUROPEAN OMBUDSMAN - TRUST,isocntry M AT 300 (46.6) 344 (53.4) 408 1052 644 BE 378 (57.1) 284 (42.9) 350 1012 662 DE-E 174 (44.7) 215 (55.3) 643 1032 389 DE-W 201 (46.3) 233 (53.7) 603 1037 434 DK 320 (69.4) 141 (30.6) 539 1000 461 ES 492 (67.8) 234 (32.2) 274 1000 726 FI 699 (80.3) 171 (19.7) 157 1027 870 FR 297 (51.2) 283 (48.8) 440 1020 580 GB-GBN 206 (40.7) 300 (59.3) 529 1035 506 GB-NIR 119 (64.0) 67 (36.0) 122 308 186 GR 447 (71.0) 183 (29.0) 375 1005 630 IE 506 (83.9) 97 (16.1) 398 1001 603 IT 232 (54.8) 191 (45.2) 602 1025 423 LU 247 (62.4) 149 (37.6) 223 619 396 NL 390 (61.4) 245 (38.6) 409 1044 635 PT 447 (69.6) 195 (30.4) 358 1000 642 SE 259 (46.6) 297 (53.4) 444 1000 556 N Sum 5714 3629 6874 16217 N Valid Sum 5714 3629 9343 printed 25.01.2012 page 153 Eurobarometer 61 - February-March 2004,isocntry M AT 300 (46.6) 344 (53.4) 408 1052 644 BE 378 (57.1) 284 (42.9) 350 1012 662 DE-E 174 (44.7) 215 (55.3) 643 1032 389 DE-W 201 (46.3) 233 (53.7) 603 1037 434 DK 320 (69.4) 141 (30.6) 539 1000 461 ES 492 (67.8) 234 (32.2) 274 1000 726 FI 699 (80.3) 171 (19.7) 157 1027 870 FR 297 (51.2) 283 (48.8) 440 1020 580 GB-GBN 206 (40.7) 300 (59.3) 529 1035 506 GB-NIR 119 (64.0) 67 (36.0) 122 308 186 GR 447 (71.0) 183 (29.0) 375 1005 630 IE 506 (83.9) 97 (16.1) 398 1001 603 IT 232 (54.8) 191 (45.2) 602 1025 423 LU 247 (62.4) 149 (37.6) 223 619 396 NL 390 (61.4) 245 (38.6) 409 1044 635 PT 447 (69.6) 195 (30.4) 358 1000 642 SE 259 (46.6) 297 (53.4) 444 1000 556 N Sum 5714 3629 6874 16217 N Valid Sum 5714 3629 9343 printed 25.01.2012 page 153 Eurobarometer 61 - February-March 2004,GESIS Variable Report,178,ZA4056
v147,v147 1 2 3 N Sum N Valid Sum,Q23 EUROPEAN CENTRAL BANK - TRUST,isocntry M AT 499 (58.4) 355 (41.6) 199 1053 854 BE 525 (66.0) 270 (34.0) 218 1013 795 DE-E 541 (66.5) 273 (33.5) 218 1032 814 DE-W 559 (67.7) 267 (32.3) 211 1037 826 DK 552 (77.0) 165 (23.0) 283 1000 717 ES 486 (65.0) 262 (35.0) 251 999 748 FI 699 (77.5) 203 (22.5) 126 1028 902 FR 411 (55.1) 335 (44.9) 273 1019 746 GB-GBN 284 (46.9) 322 (53.1) 429 1035 606 GB-NIR 104 (56.2) 81 (43.8) 123 308 185 GR 511 (72.9) 190 (27.1) 304 1005 701 IE 565 (81.5) 128 (18.5) 308 1001 693 IT 453 (64.9) 245 (35.1) 327 1025 698 LU 409 (78.8) 110 (21.2) 100 619 519 NL 666 (77.3) 196 (22.7) 182 1044 862 PT 522 (72.1) 202 (27.9) 276 1000 724 SE 586 (66.1) 300 (33.9) 114 1000 886 N Sum 8372 3904 3942 16218 N Valid Sum 8372 3904 12276 printed 25.01.2012 page 154 Eurobarometer 61 - February-March 2004,isocntry M AT 499 (58.4) 355 (41.6) 199 1053 854 BE 525 (66.0) 270 (34.0) 218 1013 795 DE-E 541 (66.5) 273 (33.5) 218 1032 814 DE-W 559 (67.7) 267 (32.3) 211 1037 826 DK 552 (77.0) 165 (23.0) 283 1000 717 ES 486 (65.0) 262 (35.0) 251 999 748 FI 699 (77.5) 203 (22.5) 126 1028 902 FR 411 (55.1) 335 (44.9) 273 1019 746 GB-GBN 284 (46.9) 322 (53.1) 429 1035 606 GB-NIR 104 (56.2) 81 (43.8) 123 308 185 GR 511 (72.9) 190 (27.1) 304 1005 701 IE 565 (81.5) 128 (18.5) 308 1001 693 IT 453 (64.9) 245 (35.1) 327 1025 698 LU 409 (78.8) 110 (21.2) 100 619 519 NL 666 (77.3) 196 (22.7) 182 1044 862 PT 522 (72.1) 202 (27.9) 276 1000 724 SE 586 (66.1) 300 (33.9) 114 1000 886 N Sum 8372 3904 3942 16218 N Valid Sum 8372 3904 12276 printed 25.01.2012 page 154 Eurobarometer 61 - February-March 2004,GESIS Variable Report,179,ZA4056
v148,v148 1 2 3 N Sum N Valid Sum,Q23 EU COURT OF AUDITORS - TRUST,isocntry M AT 481 (59.2) 332 (40.8) 239 1052 813 BE 451 (62.6) 270 (37.4) 291 1012 721 DE-E 483 (65.4) 256 (34.6) 293 1032 739 DE-W 479 (64.2) 267 (35.8) 290 1036 746 DK 162 (56.3) 126 (43.8) 712 1000 288 ES 421 (60.6) 274 (39.4) 305 1000 695 FI 389 (61.9) 239 (38.1) 398 1026 628 FR 385 (56.2) 300 (43.8) 334 1019 685 GB-GBN 135 (31.5) 294 (68.5) 605 1034 429 GB-NIR 74 (49.0) 77 (51.0) 157 308 151 GR 446 (73.4) 162 (26.6) 397 1005 608 IE 375 (76.5) 115 (23.5) 510 1000 490 IT 356 (62.0) 218 (38.0) 451 1025 574 LU 342 (72.8) 128 (27.2) 149 619 470 NL 504 (67.7) 241 (32.3) 299 1044 745 PT 491 (71.4) 197 (28.6) 312 1000 688 SE 380 (60.0) 253 (40.0) 367 1000 633 N Sum 6354 3749 6109 16212 N Valid Sum 6354 3749 10103 printed 25.01.2012 page 155 Eurobarometer 61 - February-March 2004,isocntry M AT 481 (59.2) 332 (40.8) 239 1052 813 BE 451 (62.6) 270 (37.4) 291 1012 721 DE-E 483 (65.4) 256 (34.6) 293 1032 739 DE-W 479 (64.2) 267 (35.8) 290 1036 746 DK 162 (56.3) 126 (43.8) 712 1000 288 ES 421 (60.6) 274 (39.4) 305 1000 695 FI 389 (61.9) 239 (38.1) 398 1026 628 FR 385 (56.2) 300 (43.8) 334 1019 685 GB-GBN 135 (31.5) 294 (68.5) 605 1034 429 GB-NIR 74 (49.0) 77 (51.0) 157 308 151 GR 446 (73.4) 162 (26.6) 397 1005 608 IE 375 (76.5) 115 (23.5) 510 1000 490 IT 356 (62.0) 218 (38.0) 451 1025 574 LU 342 (72.8) 128 (27.2) 149 619 470 NL 504 (67.7) 241 (32.3) 299 1044 745 PT 491 (71.4) 197 (28.6) 312 1000 688 SE 380 (60.0) 253 (40.0) 367 1000 633 N Sum 6354 3749 6109 16212 N Valid Sum 6354 3749 10103 printed 25.01.2012 page 155 Eurobarometer 61 - February-March 2004,GESIS Variable Report,180,ZA4056
v149,v149 1 2 3 N Sum N Valid Sum,Q23 COMMITTEE OF REGIONS - TRUST,isocntry M AT 297 (44.8) 366 (55.2) 389 1052 663 BE 301 (50.6) 294 (49.4) 417 1012 595 DE-E 242 (46.9) 274 (53.1) 516 1032 516 DE-W 235 (44.5) 293 (55.5) 509 1037 528 DK 141 (54.0) 120 (46.0) 738 999 261 ES 405 (63.8) 230 (36.2) 365 1000 635 FI 334 (54.8) 275 (45.2) 418 1027 609 FR 279 (51.3) 265 (48.7) 475 1019 544 GB-GBN 107 (26.7) 294 (73.3) 635 1036 401 GB-NIR 69 (46.6) 79 (53.4) 160 308 148 GR 393 (70.8) 162 (29.2) 450 1005 555 IE 372 (76.4) 115 (23.6) 514 1001 487 IT 274 (59.1) 190 (40.9) 561 1025 464 LU 226 (62.8) 134 (37.2) 259 619 360 NL 222 (48.7) 234 (51.3) 588 1044 456 PT 410 (67.5) 197 (32.5) 393 1000 607 SE 253 (45.2) 307 (54.8) 441 1001 560 N Sum 4560 3829 7828 16217 N Valid Sum 4560 3829 8389 printed 25.01.2012 page 156 Eurobarometer 61 - February-March 2004,isocntry M AT 297 (44.8) 366 (55.2) 389 1052 663 BE 301 (50.6) 294 (49.4) 417 1012 595 DE-E 242 (46.9) 274 (53.1) 516 1032 516 DE-W 235 (44.5) 293 (55.5) 509 1037 528 DK 141 (54.0) 120 (46.0) 738 999 261 ES 405 (63.8) 230 (36.2) 365 1000 635 FI 334 (54.8) 275 (45.2) 418 1027 609 FR 279 (51.3) 265 (48.7) 475 1019 544 GB-GBN 107 (26.7) 294 (73.3) 635 1036 401 GB-NIR 69 (46.6) 79 (53.4) 160 308 148 GR 393 (70.8) 162 (29.2) 450 1005 555 IE 372 (76.4) 115 (23.6) 514 1001 487 IT 274 (59.1) 190 (40.9) 561 1025 464 LU 226 (62.8) 134 (37.2) 259 619 360 NL 222 (48.7) 234 (51.3) 588 1044 456 PT 410 (67.5) 197 (32.5) 393 1000 607 SE 253 (45.2) 307 (54.8) 441 1001 560 N Sum 4560 3829 7828 16217 N Valid Sum 4560 3829 8389 printed 25.01.2012 page 156 Eurobarometer 61 - February-March 2004,GESIS Variable Report,181,ZA4056
v150,v150 1 2 3 N Sum N Valid Sum,Q23 SOC&ECONOM COMMITTEE - TRUST,isocntry M AT 297 (43.5) 385 (56.5) 369 1051 682 BE 320 (52.5) 290 (47.5) 402 1012 610 DE-E 273 (47.8) 298 (52.2) 460 1031 571 DE-W 273 (47.4) 303 (52.6) 461 1037 576 DK 225 (60.2) 149 (39.8) 626 1000 374 ES 420 (64.5) 231 (35.5) 350 1001 651 FI 375 (59.7) 253 (40.3) 399 1027 628 FR 310 (52.2) 284 (47.8) 425 1019 594 GB-GBN 142 (31.8) 305 (68.2) 587 1034 447 GB-NIR 84 (52.2) 77 (47.8) 148 309 161 GR 448 (73.6) 161 (26.4) 396 1005 609 IE 384 (76.8) 116 (23.2) 501 1001 500 IT 303 (62.0) 186 (38.0) 536 1025 489 LU 269 (65.3) 143 (34.7) 207 619 412 NL 250 (52.1) 230 (47.9) 564 1044 480 PT 404 (67.3) 196 (32.7) 400 1000 600 SE 289 (50.6) 282 (49.4) 428 999 571 N Sum 5066 3889 7259 16214 N Valid Sum 5066 3889 8955 printed 25.01.2012 page 157 Eurobarometer 61 - February-March 2004,isocntry M AT 297 (43.5) 385 (56.5) 369 1051 682 BE 320 (52.5) 290 (47.5) 402 1012 610 DE-E 273 (47.8) 298 (52.2) 460 1031 571 DE-W 273 (47.4) 303 (52.6) 461 1037 576 DK 225 (60.2) 149 (39.8) 626 1000 374 ES 420 (64.5) 231 (35.5) 350 1001 651 FI 375 (59.7) 253 (40.3) 399 1027 628 FR 310 (52.2) 284 (47.8) 425 1019 594 GB-GBN 142 (31.8) 305 (68.2) 587 1034 447 GB-NIR 84 (52.2) 77 (47.8) 148 309 161 GR 448 (73.6) 161 (26.4) 396 1005 609 IE 384 (76.8) 116 (23.2) 501 1001 500 IT 303 (62.0) 186 (38.0) 536 1025 489 LU 269 (65.3) 143 (34.7) 207 619 412 NL 250 (52.1) 230 (47.9) 564 1044 480 PT 404 (67.3) 196 (32.7) 400 1000 600 SE 289 (50.6) 282 (49.4) 428 999 571 N Sum 5066 3889 7259 16214 N Valid Sum 5066 3889 8955 printed 25.01.2012 page 157 Eurobarometer 61 - February-March 2004,GESIS Variable Report,182,ZA4056
v151,v151 1 2 3 N Sum N Valid Sum,Q24 EU KNOWLEDGE: NO OF MEMBERS,isocntry M AT 400 (44.5) 498 (55.5) 154 1052 898 BE 405 (47.9) 441 (52.1) 165 1011 846 DE-E 593 (76.1) 186 (23.9) 254 1033 779 DE-W 558 (67.9) 264 (32.1) 215 1037 822 DK 469 (55.2) 381 (44.8) 150 1000 850 ES 495 (60.2) 327 (39.8) 179 1001 822 FI 545 (61.2) 346 (38.8) 136 1027 891 FR 380 (41.6) 534 (58.4) 105 1019 914 GB-GBN 483 (70.1) 206 (29.9) 346 1035 689 GB-NIR 144 (67.0) 71 (33.0) 93 308 215 GR 401 (46.3) 466 (53.7) 138 1005 867 IE 553 (66.2) 282 (33.8) 166 1001 835 IT 498 (63.1) 291 (36.9) 236 1025 789 LU 183 (31.9) 391 (68.1) 45 619 574 NL 582 (70.5) 243 (29.5) 219 1044 825 PT 353 (42.6) 475 (57.4) 172 1000 828 SE 440 (48.9) 459 (51.1) 101 1000 899 N Sum 7482 5861 2874 16217 N Valid Sum 7482 5861 13343 printed 25.01.2012 page 158 Eurobarometer 61 - February-March 2004,isocntry M AT 400 (44.5) 498 (55.5) 154 1052 898 BE 405 (47.9) 441 (52.1) 165 1011 846 DE-E 593 (76.1) 186 (23.9) 254 1033 779 DE-W 558 (67.9) 264 (32.1) 215 1037 822 DK 469 (55.2) 381 (44.8) 150 1000 850 ES 495 (60.2) 327 (39.8) 179 1001 822 FI 545 (61.2) 346 (38.8) 136 1027 891 FR 380 (41.6) 534 (58.4) 105 1019 914 GB-GBN 483 (70.1) 206 (29.9) 346 1035 689 GB-NIR 144 (67.0) 71 (33.0) 93 308 215 GR 401 (46.3) 466 (53.7) 138 1005 867 IE 553 (66.2) 282 (33.8) 166 1001 835 IT 498 (63.1) 291 (36.9) 236 1025 789 LU 183 (31.9) 391 (68.1) 45 619 574 NL 582 (70.5) 243 (29.5) 219 1044 825 PT 353 (42.6) 475 (57.4) 172 1000 828 SE 440 (48.9) 459 (51.1) 101 1000 899 N Sum 7482 5861 2874 16217 N Valid Sum 7482 5861 13343 printed 25.01.2012 page 158 Eurobarometer 61 - February-March 2004,GESIS Variable Report,183,ZA4056
v152,v152 1 2 3 N Sum N Valid Sum,Q24 EU KNOWLEDGE: CREATION DATE,isocntry M AT 120 (14.8) 693 (85.2) 239 1052 813 BE 143 (21.2) 533 (78.8) 336 1012 676 DE-E 94 (13.1) 623 (86.9) 315 1032 717 DE-W 93 (13.1) 619 (86.9) 324 1036 712 DK 64 (7.5) 794 (92.5) 142 1000 858 ES 176 (29.7) 416 (70.3) 408 1000 592 FI 154 (18.3) 686 (81.7) 187 1027 840 FR 155 (21.2) 575 (78.8) 289 1019 730 GB-GBN 154 (24.7) 470 (75.3) 412 1036 624 GB-NIR 53 (28.3) 134 (71.7) 121 308 187 GR 173 (29.5) 414 (70.5) 419 1006 587 IE 166 (26.8) 454 (73.2) 381 1001 620 IT 126 (17.5) 594 (82.5) 305 1025 720 LU 67 (13.5) 431 (86.5) 121 619 498 NL 146 (20.3) 572 (79.7) 325 1043 718 PT 132 (18.9) 568 (81.1) 300 1000 700 SE 133 (14.5) 785 (85.5) 82 1000 918 N Sum 2149 9361 4706 16216 N Valid Sum 2149 9361 11510 printed 25.01.2012 page 159 Eurobarometer 61 - February-March 2004,isocntry M AT 120 (14.8) 693 (85.2) 239 1052 813 BE 143 (21.2) 533 (78.8) 336 1012 676 DE-E 94 (13.1) 623 (86.9) 315 1032 717 DE-W 93 (13.1) 619 (86.9) 324 1036 712 DK 64 (7.5) 794 (92.5) 142 1000 858 ES 176 (29.7) 416 (70.3) 408 1000 592 FI 154 (18.3) 686 (81.7) 187 1027 840 FR 155 (21.2) 575 (78.8) 289 1019 730 GB-GBN 154 (24.7) 470 (75.3) 412 1036 624 GB-NIR 53 (28.3) 134 (71.7) 121 308 187 GR 173 (29.5) 414 (70.5) 419 1006 587 IE 166 (26.8) 454 (73.2) 381 1001 620 IT 126 (17.5) 594 (82.5) 305 1025 720 LU 67 (13.5) 431 (86.5) 121 619 498 NL 146 (20.3) 572 (79.7) 325 1043 718 PT 132 (18.9) 568 (81.1) 300 1000 700 SE 133 (14.5) 785 (85.5) 82 1000 918 N Sum 2149 9361 4706 16216 N Valid Sum 2149 9361 11510 printed 25.01.2012 page 159 Eurobarometer 61 - February-March 2004,GESIS Variable Report,184,ZA4056
v153,v153 1 2 3 N Sum N Valid Sum,Q24 EU KNOWLEDGE: FLAG COLOURS,isocntry M AT 895 (93.4) 63 (6.6) 94 1052 958 BE 881 (96.2) 35 (3.8) 96 1012 916 DE-E 900 (96.5) 33 (3.5) 99 1032 933 DE-W 871 (95.1) 45 (4.9) 121 1037 916 DK 893 (94.7) 50 (5.3) 57 1000 943 ES 806 (92.3) 67 (7.7) 127 1000 873 FI 921 (94.9) 49 (5.1) 57 1027 970 FR 888 (93.7) 60 (6.3) 71 1019 948 GB-GBN 625 (89.4) 74 (10.6) 336 1035 699 GB-NIR 193 (95.5) 9 (4.5) 106 308 202 GR 751 (91.3) 72 (8.7) 182 1005 823 IE 762 (94.7) 43 (5.3) 196 1001 805 IT 893 (95.3) 44 (4.7) 89 1026 937 LU 562 (96.4) 21 (3.6) 36 619 583 NL 853 (94.8) 47 (5.2) 144 1044 900 PT 742 (90.4) 79 (9.6) 179 1000 821 SE 908 (94.3) 55 (5.7) 38 1001 963 N Sum 13344 846 2028 16218 N Valid Sum 13344 846 14190 printed 25.01.2012 page 160 Eurobarometer 61 - February-March 2004,isocntry M AT 895 (93.4) 63 (6.6) 94 1052 958 BE 881 (96.2) 35 (3.8) 96 1012 916 DE-E 900 (96.5) 33 (3.5) 99 1032 933 DE-W 871 (95.1) 45 (4.9) 121 1037 916 DK 893 (94.7) 50 (5.3) 57 1000 943 ES 806 (92.3) 67 (7.7) 127 1000 873 FI 921 (94.9) 49 (5.1) 57 1027 970 FR 888 (93.7) 60 (6.3) 71 1019 948 GB-GBN 625 (89.4) 74 (10.6) 336 1035 699 GB-NIR 193 (95.5) 9 (4.5) 106 308 202 GR 751 (91.3) 72 (8.7) 182 1005 823 IE 762 (94.7) 43 (5.3) 196 1001 805 IT 893 (95.3) 44 (4.7) 89 1026 937 LU 562 (96.4) 21 (3.6) 36 619 583 NL 853 (94.8) 47 (5.2) 144 1044 900 PT 742 (90.4) 79 (9.6) 179 1000 821 SE 908 (94.3) 55 (5.7) 38 1001 963 N Sum 13344 846 2028 16218 N Valid Sum 13344 846 14190 printed 25.01.2012 page 160 Eurobarometer 61 - February-March 2004,GESIS Variable Report,185,ZA4056
v154,v154 1 2 3 N Sum N Valid Sum,Q24 EU KNOWLEDGE: FLAG STARS,isocntry M AT 657 (76.1) 206 (23.9) 189 1052 863 BE 630 (77.5) 183 (22.5) 199 1012 813 DE-E 754 (89.5) 88 (10.5) 190 1032 842 DE-W 715 (85.2) 124 (14.8) 199 1038 839 DK 737 (82.9) 152 (17.1) 111 1000 889 ES 701 (88.4) 92 (11.6) 207 1000 793 FI 705 (75.3) 231 (24.7) 92 1028 936 FR 706 (79.7) 180 (20.3) 132 1018 886 GB-GBN 553 (82.7) 116 (17.3) 366 1035 669 GB-NIR 169 (84.5) 31 (15.5) 108 308 200 GR 715 (88.5) 93 (11.5) 198 1006 808 IE 671 (90.9) 67 (9.1) 263 1001 738 IT 746 (86.6) 115 (13.4) 164 1025 861 LU 371 (64.5) 204 (35.5) 44 619 575 NL 760 (88.8) 96 (11.2) 188 1044 856 PT 655 (87.7) 92 (12.3) 253 1000 747 SE 551 (62.9) 325 (37.1) 123 999 876 N Sum 10796 2395 3026 16217 N Valid Sum 10796 2395 13191 printed 25.01.2012 page 161 Eurobarometer 61 - February-March 2004,isocntry M AT 657 (76.1) 206 (23.9) 189 1052 863 BE 630 (77.5) 183 (22.5) 199 1012 813 DE-E 754 (89.5) 88 (10.5) 190 1032 842 DE-W 715 (85.2) 124 (14.8) 199 1038 839 DK 737 (82.9) 152 (17.1) 111 1000 889 ES 701 (88.4) 92 (11.6) 207 1000 793 FI 705 (75.3) 231 (24.7) 92 1028 936 FR 706 (79.7) 180 (20.3) 132 1018 886 GB-GBN 553 (82.7) 116 (17.3) 366 1035 669 GB-NIR 169 (84.5) 31 (15.5) 108 308 200 GR 715 (88.5) 93 (11.5) 198 1006 808 IE 671 (90.9) 67 (9.1) 263 1001 738 IT 746 (86.6) 115 (13.4) 164 1025 861 LU 371 (64.5) 204 (35.5) 44 619 575 NL 760 (88.8) 96 (11.2) 188 1044 856 PT 655 (87.7) 92 (12.3) 253 1000 747 SE 551 (62.9) 325 (37.1) 123 999 876 N Sum 10796 2395 3026 16217 N Valid Sum 10796 2395 13191 printed 25.01.2012 page 161 Eurobarometer 61 - February-March 2004,GESIS Variable Report,186,ZA4056
v155,v155 1 2 3 N Sum N Valid Sum,Q24 EU KNOWLEDGE: HEADQUARTERS,isocntry M AT 389 (46.3) 452 (53.7) 211 1052 841 BE 575 (72.0) 224 (28.0) 213 1012 799 DE-E 450 (70.3) 190 (29.7) 392 1032 640 DE-W 495 (70.2) 210 (29.8) 332 1037 705 DK 478 (57.9) 347 (42.1) 175 1000 825 ES 420 (74.5) 144 (25.5) 436 1000 564 FI 505 (62.6) 302 (37.4) 220 1027 807 FR 623 (72.4) 238 (27.6) 158 1019 861 GB-GBN 405 (63.8) 230 (36.2) 400 1035 635 GB-NIR 164 (75.6) 53 (24.4) 91 308 217 GR 480 (69.2) 214 (30.8) 311 1005 694 IE 539 (70.8) 222 (29.2) 240 1001 761 IT 559 (73.0) 207 (27.0) 259 1025 766 LU 314 (60.4) 206 (39.6) 99 619 520 NL 431 (54.6) 358 (45.4) 255 1044 789 PT 379 (61.2) 240 (38.8) 381 1000 619 SE 465 (52.9) 414 (47.1) 121 1000 879 N Sum 7671 4251 4294 16216 N Valid Sum 7671 4251 11922 printed 25.01.2012 page 162 Eurobarometer 61 - February-March 2004,isocntry M AT 389 (46.3) 452 (53.7) 211 1052 841 BE 575 (72.0) 224 (28.0) 213 1012 799 DE-E 450 (70.3) 190 (29.7) 392 1032 640 DE-W 495 (70.2) 210 (29.8) 332 1037 705 DK 478 (57.9) 347 (42.1) 175 1000 825 ES 420 (74.5) 144 (25.5) 436 1000 564 FI 505 (62.6) 302 (37.4) 220 1027 807 FR 623 (72.4) 238 (27.6) 158 1019 861 GB-GBN 405 (63.8) 230 (36.2) 400 1035 635 GB-NIR 164 (75.6) 53 (24.4) 91 308 217 GR 480 (69.2) 214 (30.8) 311 1005 694 IE 539 (70.8) 222 (29.2) 240 1001 761 IT 559 (73.0) 207 (27.0) 259 1025 766 LU 314 (60.4) 206 (39.6) 99 619 520 NL 431 (54.6) 358 (45.4) 255 1044 789 PT 379 (61.2) 240 (38.8) 381 1000 619 SE 465 (52.9) 414 (47.1) 121 1000 879 N Sum 7671 4251 4294 16216 N Valid Sum 7671 4251 11922 printed 25.01.2012 page 162 Eurobarometer 61 - February-March 2004,GESIS Variable Report,187,ZA4056
v156,v156 1 2 3 N Sum N Valid Sum,Q24 EU KNOWLEDGE: EP MEMBERS ELECTION,isocntry M AT 376 (50.7) 365 (49.3) 311 1052 741 BE 594 (78.4) 164 (21.6) 255 1013 758 DE-E 438 (64.0) 246 (36.0) 348 1032 684 DE-W 499 (67.8) 237 (32.2) 300 1036 736 DK 682 (76.7) 207 (23.3) 111 1000 889 ES 471 (70.3) 199 (29.7) 330 1000 670 FI 712 (79.2) 187 (20.8) 128 1027 899 FR 531 (71.1) 216 (28.9) 271 1018 747 GB-GBN 419 (71.9) 164 (28.1) 452 1035 583 GB-NIR 193 (86.5) 30 (13.5) 85 308 223 GR 745 (88.5) 97 (11.5) 163 1005 842 IE 604 (85.9) 99 (14.1) 298 1001 703 IT 571 (73.2) 209 (26.8) 245 1025 780 LU 384 (78.5) 105 (21.5) 130 619 489 NL 485 (59.6) 329 (40.4) 229 1043 814 PT 641 (80.8) 152 (19.2) 207 1000 793 SE 486 (53.8) 417 (46.2) 98 1001 903 N Sum 8831 3423 3961 16215 N Valid Sum 8831 3423 12254 printed 25.01.2012 page 163 Eurobarometer 61 - February-March 2004,isocntry M AT 376 (50.7) 365 (49.3) 311 1052 741 BE 594 (78.4) 164 (21.6) 255 1013 758 DE-E 438 (64.0) 246 (36.0) 348 1032 684 DE-W 499 (67.8) 237 (32.2) 300 1036 736 DK 682 (76.7) 207 (23.3) 111 1000 889 ES 471 (70.3) 199 (29.7) 330 1000 670 FI 712 (79.2) 187 (20.8) 128 1027 899 FR 531 (71.1) 216 (28.9) 271 1018 747 GB-GBN 419 (71.9) 164 (28.1) 452 1035 583 GB-NIR 193 (86.5) 30 (13.5) 85 308 223 GR 745 (88.5) 97 (11.5) 163 1005 842 IE 604 (85.9) 99 (14.1) 298 1001 703 IT 571 (73.2) 209 (26.8) 245 1025 780 LU 384 (78.5) 105 (21.5) 130 619 489 NL 485 (59.6) 329 (40.4) 229 1043 814 PT 641 (80.8) 152 (19.2) 207 1000 793 SE 486 (53.8) 417 (46.2) 98 1001 903 N Sum 8831 3423 3961 16215 N Valid Sum 8831 3423 12254 printed 25.01.2012 page 163 Eurobarometer 61 - February-March 2004,GESIS Variable Report,188,ZA4056
v157,v157 1 2 3 N Sum N Valid Sum,Q24 EU KNOWLEDGE: EC PRESIDENT ELECTION,isocntry M AT 172 (23.1) 574 (76.9) 307 1053 746 BE 187 (26.3) 523 (73.7) 303 1013 710 DE-E 149 (23.2) 492 (76.8) 391 1032 641 DE-W 152 (21.8) 545 (78.2) 340 1037 697 DK 65 (7.6) 788 (92.4) 147 1000 853 ES 261 (43.6) 338 (56.4) 400 999 599 FI 151 (17.9) 694 (82.1) 182 1027 845 FR 194 (28.3) 491 (71.7) 333 1018 685 GB-GBN 181 (34.5) 343 (65.5) 511 1035 524 GB-NIR 62 (33.9) 121 (66.1) 125 308 183 GR 184 (27.1) 496 (72.9) 325 1005 680 IE 259 (41.5) 365 (58.5) 377 1001 624 IT 149 (20.8) 566 (79.2) 310 1025 715 LU 71 (14.8) 408 (85.2) 139 618 479 NL 113 (14.2) 683 (85.8) 248 1044 796 PT 266 (41.7) 372 (58.3) 362 1000 638 SE 107 (12.0) 783 (88.0) 110 1000 890 N Sum 2723 8582 4910 16215 N Valid Sum 2723 8582 11305 printed 25.01.2012 page 164 Eurobarometer 61 - February-March 2004,isocntry M AT 172 (23.1) 574 (76.9) 307 1053 746 BE 187 (26.3) 523 (73.7) 303 1013 710 DE-E 149 (23.2) 492 (76.8) 391 1032 641 DE-W 152 (21.8) 545 (78.2) 340 1037 697 DK 65 (7.6) 788 (92.4) 147 1000 853 ES 261 (43.6) 338 (56.4) 400 999 599 FI 151 (17.9) 694 (82.1) 182 1027 845 FR 194 (28.3) 491 (71.7) 333 1018 685 GB-GBN 181 (34.5) 343 (65.5) 511 1035 524 GB-NIR 62 (33.9) 121 (66.1) 125 308 183 GR 184 (27.1) 496 (72.9) 325 1005 680 IE 259 (41.5) 365 (58.5) 377 1001 624 IT 149 (20.8) 566 (79.2) 310 1025 715 LU 71 (14.8) 408 (85.2) 139 618 479 NL 113 (14.2) 683 (85.8) 248 1044 796 PT 266 (41.7) 372 (58.3) 362 1000 638 SE 107 (12.0) 783 (88.0) 110 1000 890 N Sum 2723 8582 4910 16215 N Valid Sum 2723 8582 11305 printed 25.01.2012 page 164 Eurobarometer 61 - February-March 2004,GESIS Variable Report,189,ZA4056
v158,v158 1 2 3 N Sum N Valid Sum,Q24 EU KNOWLEDGE: OWN ANTHEM,isocntry M AT 503 (66.1) 258 (33.9) 291 1052 761 BE 271 (38.9) 426 (61.1) 315 1012 697 DE-E 158 (24.6) 485 (75.4) 388 1031 643 DE-W 204 (32.1) 432 (67.9) 402 1038 636 DK 294 (46.4) 340 (53.6) 366 1000 634 ES 329 (64.4) 182 (35.6) 489 1000 511 FI 187 (23.8) 598 (76.2) 242 1027 785 FR 365 (54.6) 304 (45.4) 350 1019 669 GB-GBN 172 (30.9) 385 (69.1) 478 1035 557 GB-NIR 70 (40.5) 103 (59.5) 135 308 173 GR 272 (51.7) 254 (48.3) 479 1005 526 IE 236 (46.8) 268 (53.2) 498 1002 504 IT 258 (42.6) 348 (57.4) 419 1025 606 LU 250 (52.1) 230 (47.9) 138 618 480 NL 86 (10.7) 717 (89.3) 241 1044 803 PT 290 (45.7) 345 (54.3) 365 1000 635 SE 320 (42.6) 431 (57.4) 248 999 751 N Sum 4265 6106 5844 16215 N Valid Sum 4265 6106 10371 printed 25.01.2012 page 165 Eurobarometer 61 - February-March 2004,isocntry M AT 503 (66.1) 258 (33.9) 291 1052 761 BE 271 (38.9) 426 (61.1) 315 1012 697 DE-E 158 (24.6) 485 (75.4) 388 1031 643 DE-W 204 (32.1) 432 (67.9) 402 1038 636 DK 294 (46.4) 340 (53.6) 366 1000 634 ES 329 (64.4) 182 (35.6) 489 1000 511 FI 187 (23.8) 598 (76.2) 242 1027 785 FR 365 (54.6) 304 (45.4) 350 1019 669 GB-GBN 172 (30.9) 385 (69.1) 478 1035 557 GB-NIR 70 (40.5) 103 (59.5) 135 308 173 GR 272 (51.7) 254 (48.3) 479 1005 526 IE 236 (46.8) 268 (53.2) 498 1002 504 IT 258 (42.6) 348 (57.4) 419 1025 606 LU 250 (52.1) 230 (47.9) 138 618 480 NL 86 (10.7) 717 (89.3) 241 1044 803 PT 290 (45.7) 345 (54.3) 365 1000 635 SE 320 (42.6) 431 (57.4) 248 999 751 N Sum 4265 6106 5844 16215 N Valid Sum 4265 6106 10371 printed 25.01.2012 page 165 Eurobarometer 61 - February-March 2004,GESIS Variable Report,190,ZA4056
v159,v159 1 2 3 N Sum N Valid Sum,Q24 EU KNOWLEDGE: EUROPE DAY,isocntry M AT 394 (63.5) 226 (36.5) 433 1053 620 BE 353 (58.2) 254 (41.8) 404 1011 607 DE-E 368 (65.6) 193 (34.4) 471 1032 561 DE-W 446 (71.0) 182 (29.0) 409 1037 628 DK 329 (49.6) 334 (50.4) 337 1000 663 ES 259 (53.2) 228 (46.8) 513 1000 487 FI 722 (81.7) 162 (18.3) 143 1027 884 FR 444 (69.7) 193 (30.3) 382 1019 637 GB-GBN 141 (26.4) 393 (73.6) 501 1035 534 GB-NIR 77 (44.8) 95 (55.2) 136 308 172 GR 372 (68.9) 168 (31.1) 465 1005 540 IE 289 (58.4) 206 (41.6) 506 1001 495 IT 356 (63.6) 204 (36.4) 465 1025 560 LU 321 (72.1) 124 (27.9) 174 619 445 NL 187 (28.9) 461 (71.1) 396 1044 648 PT 403 (64.1) 226 (35.9) 371 1000 629 SE 413 (53.4) 360 (46.6) 227 1000 773 N Sum 5874 4009 6333 16216 N Valid Sum 5874 4009 9883 printed 25.01.2012 page 166 Eurobarometer 61 - February-March 2004,isocntry M AT 394 (63.5) 226 (36.5) 433 1053 620 BE 353 (58.2) 254 (41.8) 404 1011 607 DE-E 368 (65.6) 193 (34.4) 471 1032 561 DE-W 446 (71.0) 182 (29.0) 409 1037 628 DK 329 (49.6) 334 (50.4) 337 1000 663 ES 259 (53.2) 228 (46.8) 513 1000 487 FI 722 (81.7) 162 (18.3) 143 1027 884 FR 444 (69.7) 193 (30.3) 382 1019 637 GB-GBN 141 (26.4) 393 (73.6) 501 1035 534 GB-NIR 77 (44.8) 95 (55.2) 136 308 172 GR 372 (68.9) 168 (31.1) 465 1005 540 IE 289 (58.4) 206 (41.6) 506 1001 495 IT 356 (63.6) 204 (36.4) 465 1025 560 LU 321 (72.1) 124 (27.9) 174 619 445 NL 187 (28.9) 461 (71.1) 396 1044 648 PT 403 (64.1) 226 (35.9) 371 1000 629 SE 413 (53.4) 360 (46.6) 227 1000 773 N Sum 5874 4009 6333 16216 N Valid Sum 5874 4009 9883 printed 25.01.2012 page 166 Eurobarometer 61 - February-March 2004,GESIS Variable Report,191,ZA4056
v160,v160 1 2 3 N Sum N Valid Sum,Q24 EU KNOWLEDGE: NEXT EUROP ELECTIONS,isocntry M AT 246 (41.8) 342 (58.2) 464 1052 588 BE 266 (38.9) 418 (61.1) 328 1012 684 DE-E 267 (49.4) 273 (50.6) 492 1032 540 DE-W 255 (43.6) 330 (56.4) 452 1037 585 DK 256 (47.9) 278 (52.1) 466 1000 534 ES 230 (57.6) 169 (42.4) 602 1001 399 FI 232 (29.6) 553 (70.4) 242 1027 785 FR 279 (51.4) 264 (48.6) 476 1019 543 GB-GBN 273 (69.6) 119 (30.4) 643 1035 392 GB-NIR 72 (39.3) 111 (60.7) 125 308 183 GR 142 (20.8) 541 (79.2) 322 1005 683 IE 259 (39.3) 400 (60.7) 341 1000 659 IT 231 (36.1) 409 (63.9) 385 1025 640 LU 116 (25.4) 340 (74.6) 162 618 456 NL 285 (49.7) 289 (50.3) 470 1044 574 PT 172 (27.8) 446 (72.2) 382 1000 618 SE 288 (41.8) 401 (58.2) 311 1000 689 N Sum 3869 5683 6663 16215 N Valid Sum 3869 5683 9552 printed 25.01.2012 page 167 Eurobarometer 61 - February-March 2004,isocntry M AT 246 (41.8) 342 (58.2) 464 1052 588 BE 266 (38.9) 418 (61.1) 328 1012 684 DE-E 267 (49.4) 273 (50.6) 492 1032 540 DE-W 255 (43.6) 330 (56.4) 452 1037 585 DK 256 (47.9) 278 (52.1) 466 1000 534 ES 230 (57.6) 169 (42.4) 602 1001 399 FI 232 (29.6) 553 (70.4) 242 1027 785 FR 279 (51.4) 264 (48.6) 476 1019 543 GB-GBN 273 (69.6) 119 (30.4) 643 1035 392 GB-NIR 72 (39.3) 111 (60.7) 125 308 183 GR 142 (20.8) 541 (79.2) 322 1005 683 IE 259 (39.3) 400 (60.7) 341 1000 659 IT 231 (36.1) 409 (63.9) 385 1025 640 LU 116 (25.4) 340 (74.6) 162 618 456 NL 285 (49.7) 289 (50.3) 470 1044 574 PT 172 (27.8) 446 (72.2) 382 1000 618 SE 288 (41.8) 401 (58.2) 311 1000 689 N Sum 3869 5683 6663 16215 N Valid Sum 3869 5683 9552 printed 25.01.2012 page 167 Eurobarometer 61 - February-March 2004,GESIS Variable Report,192,ZA4056
v161,,Q25 EC PRESIDENCY IRELAND - HEARD ABOUT,,Q25 EC PRESIDENCY IRELAND - HEARD ABOUT,GESIS Variable Report,193,ZA4056
v162,,Q26 EC PRESIDENCY IRELAND - IMPORTANCE,,Q26 EC PRESIDENCY IRELAND - IMPORTANCE,GESIS Variable Report,194,ZA4056
v163,v163 0 1 N Sum N Valid Sum,Q27 IMPORTANT ISSUES: CRIME,isocntry AT 782 (74.3) 270 (25.7) 1052 1052 BE 710 (70.2) 302 (29.8) 1012 1012 DE-E 821 (79.6) 211 (20.4) 1032 1032 DE-W 835 (80.5) 202 (19.5) 1037 1037 DK 694 (69.4) 306 (30.6) 1000 1000 ES 900 (90.0) 100 (10.0) 1000 1000 FI 787 (76.6) 240 (23.4) 1027 1027 FR 721 (70.8) 298 (29.2) 1019 1019 GB-GBN 657 (63.5) 378 (36.5) 1035 1035 GB-NIR 156 (50.6) 152 (49.4) 308 308 GR 762 (75.8) 243 (24.2) 1005 1005 IE 614 (61.3) 387 (38.7) 1001 1001 IT 793 (77.4) 232 (22.6) 1025 1025 LU 529 (85.5) 90 (14.5) 619 619 NL 553 (53.0) 491 (47.0) 1044 1044 PT 749 (74.9) 251 (25.1) 1000 1000 SE 725 (72.5) 275 (27.5) 1000 1000 N Sum 11788 4428 16216 N Valid Sum 11788 4428 16216 printed 25.01.2012 page 170 Eurobarometer 61 - February-March 2004,isocntry AT 782 (74.3) 270 (25.7) 1052 1052 BE 710 (70.2) 302 (29.8) 1012 1012 DE-E 821 (79.6) 211 (20.4) 1032 1032 DE-W 835 (80.5) 202 (19.5) 1037 1037 DK 694 (69.4) 306 (30.6) 1000 1000 ES 900 (90.0) 100 (10.0) 1000 1000 FI 787 (76.6) 240 (23.4) 1027 1027 FR 721 (70.8) 298 (29.2) 1019 1019 GB-GBN 657 (63.5) 378 (36.5) 1035 1035 GB-NIR 156 (50.6) 152 (49.4) 308 308 GR 762 (75.8) 243 (24.2) 1005 1005 IE 614 (61.3) 387 (38.7) 1001 1001 IT 793 (77.4) 232 (22.6) 1025 1025 LU 529 (85.5) 90 (14.5) 619 619 NL 553 (53.0) 491 (47.0) 1044 1044 PT 749 (74.9) 251 (25.1) 1000 1000 SE 725 (72.5) 275 (27.5) 1000 1000 N Sum 11788 4428 16216 N Valid Sum 11788 4428 16216 printed 25.01.2012 page 170 Eurobarometer 61 - February-March 2004,GESIS Variable Report,195,ZA4056
v164,v164 0 1 N Sum N Valid Sum,Q27 IMPORTANT ISSUES: PUBLIC TRANSPORT,isocntry AT 937 (89.1) 115 (10.9) 1052 1052 BE 981 (96.9) 31 (3.1) 1012 1012 DE-E 1026 (99.4) 6 (0.6) 1032 1032 DE-W 1031 (99.4) 6 (0.6) 1037 1037 DK 974 (97.4) 26 (2.6) 1000 1000 ES 986 (98.6) 14 (1.4) 1000 1000 FI 1023 (99.6) 4 (0.4) 1027 1027 FR 1011 (99.2) 8 (0.8) 1019 1019 GB-GBN 1000 (96.6) 35 (3.4) 1035 1035 GB-NIR 306 (99.4) 2 (0.6) 308 308 GR 994 (98.9) 11 (1.1) 1005 1005 IE 933 (93.2) 68 (6.8) 1001 1001 IT 1003 (97.9) 22 (2.1) 1025 1025 LU 562 (90.8) 57 (9.2) 619 619 NL 1019 (97.6) 25 (2.4) 1044 1044 PT 989 (98.9) 11 (1.1) 1000 1000 SE 993 (99.3) 7 (0.7) 1000 1000 N Sum 15768 448 16216 N Valid Sum 15768 448 16216 printed 25.01.2012 page 171 Eurobarometer 61 - February-March 2004,isocntry AT 937 (89.1) 115 (10.9) 1052 1052 BE 981 (96.9) 31 (3.1) 1012 1012 DE-E 1026 (99.4) 6 (0.6) 1032 1032 DE-W 1031 (99.4) 6 (0.6) 1037 1037 DK 974 (97.4) 26 (2.6) 1000 1000 ES 986 (98.6) 14 (1.4) 1000 1000 FI 1023 (99.6) 4 (0.4) 1027 1027 FR 1011 (99.2) 8 (0.8) 1019 1019 GB-GBN 1000 (96.6) 35 (3.4) 1035 1035 GB-NIR 306 (99.4) 2 (0.6) 308 308 GR 994 (98.9) 11 (1.1) 1005 1005 IE 933 (93.2) 68 (6.8) 1001 1001 IT 1003 (97.9) 22 (2.1) 1025 1025 LU 562 (90.8) 57 (9.2) 619 619 NL 1019 (97.6) 25 (2.4) 1044 1044 PT 989 (98.9) 11 (1.1) 1000 1000 SE 993 (99.3) 7 (0.7) 1000 1000 N Sum 15768 448 16216 N Valid Sum 15768 448 16216 printed 25.01.2012 page 171 Eurobarometer 61 - February-March 2004,GESIS Variable Report,196,ZA4056
v165,v165 0 1 N Sum N Valid Sum,Q27 IMPORTANT ISSUES: ECONOMIC SITUATION,isocntry AT 814 (77.4) 238 (22.6) 1052 1052 BE 782 (77.3) 230 (22.7) 1012 1012 DE-E 678 (65.7) 354 (34.3) 1032 1032 DE-W 678 (65.4) 359 (34.6) 1037 1037 DK 833 (83.3) 167 (16.7) 1000 1000 ES 861 (86.1) 139 (13.9) 1000 1000 FI 881 (85.8) 146 (14.2) 1027 1027 FR 754 (74.0) 265 (26.0) 1019 1019 GB-GBN 939 (90.7) 96 (9.3) 1035 1035 GB-NIR 261 (84.7) 47 (15.3) 308 308 GR 703 (70.0) 302 (30.0) 1005 1005 IE 851 (85.0) 150 (15.0) 1001 1001 IT 729 (71.1) 296 (28.9) 1025 1025 LU 502 (81.1) 117 (18.9) 619 619 NL 621 (59.5) 423 (40.5) 1044 1044 PT 696 (69.6) 304 (30.4) 1000 1000 SE 702 (70.2) 298 (29.8) 1000 1000 N Sum 12285 3931 16216 N Valid Sum 12285 3931 16216 printed 25.01.2012 page 172 Eurobarometer 61 - February-March 2004,isocntry AT 814 (77.4) 238 (22.6) 1052 1052 BE 782 (77.3) 230 (22.7) 1012 1012 DE-E 678 (65.7) 354 (34.3) 1032 1032 DE-W 678 (65.4) 359 (34.6) 1037 1037 DK 833 (83.3) 167 (16.7) 1000 1000 ES 861 (86.1) 139 (13.9) 1000 1000 FI 881 (85.8) 146 (14.2) 1027 1027 FR 754 (74.0) 265 (26.0) 1019 1019 GB-GBN 939 (90.7) 96 (9.3) 1035 1035 GB-NIR 261 (84.7) 47 (15.3) 308 308 GR 703 (70.0) 302 (30.0) 1005 1005 IE 851 (85.0) 150 (15.0) 1001 1001 IT 729 (71.1) 296 (28.9) 1025 1025 LU 502 (81.1) 117 (18.9) 619 619 NL 621 (59.5) 423 (40.5) 1044 1044 PT 696 (69.6) 304 (30.4) 1000 1000 SE 702 (70.2) 298 (29.8) 1000 1000 N Sum 12285 3931 16216 N Valid Sum 12285 3931 16216 printed 25.01.2012 page 172 Eurobarometer 61 - February-March 2004,GESIS Variable Report,197,ZA4056
v166,v166 0 1 N Sum N Valid Sum,Q27 IMPORTANT ISSUES: RISING PRICES / INFLA,isocntry AT 880 (83.7) 172 (16.3) 1052 1052 BE 856 (84.6) 156 (15.4) 1012 1012 DE-E 897 (86.9) 135 (13.1) 1032 1032 DE-W 935 (90.2) 102 (9.8) 1037 1037 DK 983 (98.3) 17 (1.7) 1000 1000 ES 861 (86.1) 139 (13.9) 1000 1000 FI 948 (92.3) 79 (7.7) 1027 1027 FR 773 (75.9) 246 (24.1) 1019 1019 GB-GBN 960 (92.8) 75 (7.2) 1035 1035 GB-NIR 296 (96.1) 12 (3.9) 308 308 GR 834 (83.0) 171 (17.0) 1005 1005 IE 693 (69.2) 308 (30.8) 1001 1001 IT 563 (54.9) 462 (45.1) 1025 1025 LU 512 (82.7) 107 (17.3) 619 619 NL 1002 (96.0) 42 (4.0) 1044 1044 PT 761 (76.1) 239 (23.9) 1000 1000 SE 977 (97.7) 23 (2.3) 1000 1000 N Sum 13731 2485 16216 N Valid Sum 13731 2485 16216 printed 25.01.2012 page 173 Eurobarometer 61 - February-March 2004,isocntry AT 880 (83.7) 172 (16.3) 1052 1052 BE 856 (84.6) 156 (15.4) 1012 1012 DE-E 897 (86.9) 135 (13.1) 1032 1032 DE-W 935 (90.2) 102 (9.8) 1037 1037 DK 983 (98.3) 17 (1.7) 1000 1000 ES 861 (86.1) 139 (13.9) 1000 1000 FI 948 (92.3) 79 (7.7) 1027 1027 FR 773 (75.9) 246 (24.1) 1019 1019 GB-GBN 960 (92.8) 75 (7.2) 1035 1035 GB-NIR 296 (96.1) 12 (3.9) 308 308 GR 834 (83.0) 171 (17.0) 1005 1005 IE 693 (69.2) 308 (30.8) 1001 1001 IT 563 (54.9) 462 (45.1) 1025 1025 LU 512 (82.7) 107 (17.3) 619 619 NL 1002 (96.0) 42 (4.0) 1044 1044 PT 761 (76.1) 239 (23.9) 1000 1000 SE 977 (97.7) 23 (2.3) 1000 1000 N Sum 13731 2485 16216 N Valid Sum 13731 2485 16216 printed 25.01.2012 page 173 Eurobarometer 61 - February-March 2004,GESIS Variable Report,198,ZA4056
v167,v167 0 1 N Sum N Valid Sum,Q27 IMPORTANT ISSUES: TAXATION,isocntry AT 966 (91.8) 86 (8.2) 1052 1052 BE 828 (81.8) 184 (18.2) 1012 1012 DE-E 971 (94.1) 61 (5.9) 1032 1032 DE-W 934 (90.1) 103 (9.9) 1037 1037 DK 949 (94.9) 51 (5.1) 1000 1000 ES 948 (94.8) 52 (5.2) 1000 1000 FI 843 (82.1) 184 (17.9) 1027 1027 FR 980 (96.2) 39 (3.8) 1019 1019 GB-GBN 952 (92.0) 83 (8.0) 1035 1035 GB-NIR 302 (98.1) 6 (1.9) 308 308 GR 969 (96.4) 36 (3.6) 1005 1005 IE 945 (94.4) 56 (5.6) 1001 1001 IT 899 (87.7) 126 (12.3) 1025 1025 LU 593 (95.8) 26 (4.2) 619 619 NL 1015 (97.2) 29 (2.8) 1044 1044 PT 936 (93.6) 64 (6.4) 1000 1000 SE 927 (92.7) 73 (7.3) 1000 1000 N Sum 14957 1259 16216 N Valid Sum 14957 1259 16216 printed 25.01.2012 page 174 Eurobarometer 61 - February-March 2004,isocntry AT 966 (91.8) 86 (8.2) 1052 1052 BE 828 (81.8) 184 (18.2) 1012 1012 DE-E 971 (94.1) 61 (5.9) 1032 1032 DE-W 934 (90.1) 103 (9.9) 1037 1037 DK 949 (94.9) 51 (5.1) 1000 1000 ES 948 (94.8) 52 (5.2) 1000 1000 FI 843 (82.1) 184 (17.9) 1027 1027 FR 980 (96.2) 39 (3.8) 1019 1019 GB-GBN 952 (92.0) 83 (8.0) 1035 1035 GB-NIR 302 (98.1) 6 (1.9) 308 308 GR 969 (96.4) 36 (3.6) 1005 1005 IE 945 (94.4) 56 (5.6) 1001 1001 IT 899 (87.7) 126 (12.3) 1025 1025 LU 593 (95.8) 26 (4.2) 619 619 NL 1015 (97.2) 29 (2.8) 1044 1044 PT 936 (93.6) 64 (6.4) 1000 1000 SE 927 (92.7) 73 (7.3) 1000 1000 N Sum 14957 1259 16216 N Valid Sum 14957 1259 16216 printed 25.01.2012 page 174 Eurobarometer 61 - February-March 2004,GESIS Variable Report,199,ZA4056
v168,v168 0 1 N Sum N Valid Sum,Q27 IMPORTANT ISSUES: UNEMPLOYMENT,isocntry AT 622 (59.1) 430 (40.9) 1052 1052 BE 466 (46.0) 546 (54.0) 1012 1012 DE-E 273 (26.5) 759 (73.5) 1032 1032 DE-W 401 (38.7) 636 (61.3) 1037 1037 DK 445 (44.5) 555 (55.5) 1000 1000 ES 669 (66.9) 331 (33.1) 1000 1000 FI 370 (36.0) 657 (64.0) 1027 1027 FR 433 (42.5) 586 (57.5) 1019 1019 GB-GBN 907 (87.6) 128 (12.4) 1035 1035 GB-NIR 208 (67.5) 100 (32.5) 308 308 GR 252 (25.1) 753 (74.9) 1005 1005 IE 831 (83.0) 170 (17.0) 1001 1001 IT 679 (66.2) 346 (33.8) 1025 1025 LU 297 (48.0) 322 (52.0) 619 619 NL 721 (69.1) 323 (30.9) 1044 1044 PT 336 (33.6) 664 (66.4) 1000 1000 SE 607 (60.7) 393 (39.3) 1000 1000 N Sum 8517 7699 16216 N Valid Sum 8517 7699 16216 printed 25.01.2012 page 175 Eurobarometer 61 - February-March 2004,isocntry AT 622 (59.1) 430 (40.9) 1052 1052 BE 466 (46.0) 546 (54.0) 1012 1012 DE-E 273 (26.5) 759 (73.5) 1032 1032 DE-W 401 (38.7) 636 (61.3) 1037 1037 DK 445 (44.5) 555 (55.5) 1000 1000 ES 669 (66.9) 331 (33.1) 1000 1000 FI 370 (36.0) 657 (64.0) 1027 1027 FR 433 (42.5) 586 (57.5) 1019 1019 GB-GBN 907 (87.6) 128 (12.4) 1035 1035 GB-NIR 208 (67.5) 100 (32.5) 308 308 GR 252 (25.1) 753 (74.9) 1005 1005 IE 831 (83.0) 170 (17.0) 1001 1001 IT 679 (66.2) 346 (33.8) 1025 1025 LU 297 (48.0) 322 (52.0) 619 619 NL 721 (69.1) 323 (30.9) 1044 1044 PT 336 (33.6) 664 (66.4) 1000 1000 SE 607 (60.7) 393 (39.3) 1000 1000 N Sum 8517 7699 16216 N Valid Sum 8517 7699 16216 printed 25.01.2012 page 175 Eurobarometer 61 - February-March 2004,GESIS Variable Report,200,ZA4056
v169,v169 0 1 N Sum N Valid Sum,Q27 IMPORTANT ISSUES: TERRORISM,isocntry AT 986 (93.7) 66 (6.3) 1052 1052 BE 949 (93.8) 63 (6.2) 1012 1012 DE-E 994 (96.3) 38 (3.7) 1032 1032 DE-W 984 (94.9) 53 (5.1) 1037 1037 DK 892 (89.2) 108 (10.8) 1000 1000 ES 422 (42.2) 578 (57.8) 1000 1000 FI 993 (96.7) 34 (3.3) 1027 1027 FR 928 (91.1) 91 (8.9) 1019 1019 GB-GBN 781 (75.5) 254 (24.5) 1035 1035 GB-NIR 211 (68.5) 97 (31.5) 308 308 GR 966 (96.1) 39 (3.9) 1005 1005 IE 937 (93.6) 64 (6.4) 1001 1001 IT 913 (89.1) 112 (10.9) 1025 1025 LU 548 (88.5) 71 (11.5) 619 619 NL 971 (93.0) 73 (7.0) 1044 1044 PT 934 (93.4) 66 (6.6) 1000 1000 SE 951 (95.1) 49 (4.9) 1000 1000 N Sum 14360 1856 16216 N Valid Sum 14360 1856 16216 printed 25.01.2012 page 176 Eurobarometer 61 - February-March 2004,isocntry AT 986 (93.7) 66 (6.3) 1052 1052 BE 949 (93.8) 63 (6.2) 1012 1012 DE-E 994 (96.3) 38 (3.7) 1032 1032 DE-W 984 (94.9) 53 (5.1) 1037 1037 DK 892 (89.2) 108 (10.8) 1000 1000 ES 422 (42.2) 578 (57.8) 1000 1000 FI 993 (96.7) 34 (3.3) 1027 1027 FR 928 (91.1) 91 (8.9) 1019 1019 GB-GBN 781 (75.5) 254 (24.5) 1035 1035 GB-NIR 211 (68.5) 97 (31.5) 308 308 GR 966 (96.1) 39 (3.9) 1005 1005 IE 937 (93.6) 64 (6.4) 1001 1001 IT 913 (89.1) 112 (10.9) 1025 1025 LU 548 (88.5) 71 (11.5) 619 619 NL 971 (93.0) 73 (7.0) 1044 1044 PT 934 (93.4) 66 (6.6) 1000 1000 SE 951 (95.1) 49 (4.9) 1000 1000 N Sum 14360 1856 16216 N Valid Sum 14360 1856 16216 printed 25.01.2012 page 176 Eurobarometer 61 - February-March 2004,GESIS Variable Report,201,ZA4056
v170,v170 0 1 N Sum N Valid Sum,Q27 IMPORTANT ISSUES: DEFENCE / FOREIGN AFF,isocntry AT 1031 (98.0) 21 (2.0) 1052 1052 BE 1002 (99.0) 10 (1.0) 1012 1012 DE-E 1026 (99.4) 6 (0.6) 1032 1032 DE-W 1031 (99.4) 6 (0.6) 1037 1037 DK 959 (95.9) 41 (4.1) 1000 1000 ES 952 (95.2) 48 (4.8) 1000 1000 FI 990 (96.4) 37 (3.6) 1027 1027 FR 1010 (99.1) 9 (0.9) 1019 1019 GB-GBN 1001 (96.7) 34 (3.3) 1035 1035 GB-NIR 307 (99.7) 1 (0.3) 308 308 GR 992 (98.7) 13 (1.3) 1005 1005 IE 992 (99.1) 9 (0.9) 1001 1001 IT 1017 (99.2) 8 (0.8) 1025 1025 LU 618 (99.8) 1 (0.2) 619 619 NL 1021 (97.8) 23 (2.2) 1044 1044 PT 999 (99.9) 1 (0.1) 1000 1000 SE 963 (96.3) 37 (3.7) 1000 1000 N Sum 15911 305 16216 N Valid Sum 15911 305 16216 printed 25.01.2012 page 177 Eurobarometer 61 - February-March 2004,isocntry AT 1031 (98.0) 21 (2.0) 1052 1052 BE 1002 (99.0) 10 (1.0) 1012 1012 DE-E 1026 (99.4) 6 (0.6) 1032 1032 DE-W 1031 (99.4) 6 (0.6) 1037 1037 DK 959 (95.9) 41 (4.1) 1000 1000 ES 952 (95.2) 48 (4.8) 1000 1000 FI 990 (96.4) 37 (3.6) 1027 1027 FR 1010 (99.1) 9 (0.9) 1019 1019 GB-GBN 1001 (96.7) 34 (3.3) 1035 1035 GB-NIR 307 (99.7) 1 (0.3) 308 308 GR 992 (98.7) 13 (1.3) 1005 1005 IE 992 (99.1) 9 (0.9) 1001 1001 IT 1017 (99.2) 8 (0.8) 1025 1025 LU 618 (99.8) 1 (0.2) 619 619 NL 1021 (97.8) 23 (2.2) 1044 1044 PT 999 (99.9) 1 (0.1) 1000 1000 SE 963 (96.3) 37 (3.7) 1000 1000 N Sum 15911 305 16216 N Valid Sum 15911 305 16216 printed 25.01.2012 page 177 Eurobarometer 61 - February-March 2004,GESIS Variable Report,202,ZA4056
v171,v171 0 1 N Sum N Valid Sum,Q27 IMPORTANT ISSUES: HOUSING,isocntry AT 1036 (98.5) 16 (1.5) 1052 1052 BE 966 (95.5) 46 (4.5) 1012 1012 DE-E 1031 (99.9) 1 (0.1) 1032 1032 DE-W 1034 (99.7) 3 (0.3) 1037 1037 DK 948 (94.8) 52 (5.2) 1000 1000 ES 829 (82.9) 171 (17.1) 1000 1000 FI 997 (97.1) 30 (2.9) 1027 1027 FR 970 (95.2) 49 (4.8) 1019 1019 GB-GBN 980 (94.7) 55 (5.3) 1035 1035 GB-NIR 295 (95.8) 13 (4.2) 308 308 GR 1004 (99.9) 1 (0.1) 1005 1005 IE 873 (87.2) 128 (12.8) 1001 1001 IT 1016 (99.1) 9 (0.9) 1025 1025 LU 536 (86.6) 83 (13.4) 619 619 NL 1027 (98.4) 17 (1.6) 1044 1044 PT 986 (98.6) 14 (1.4) 1000 1000 SE 986 (98.6) 14 (1.4) 1000 1000 N Sum 15514 702 16216 N Valid Sum 15514 702 16216 printed 25.01.2012 page 178 Eurobarometer 61 - February-March 2004,isocntry AT 1036 (98.5) 16 (1.5) 1052 1052 BE 966 (95.5) 46 (4.5) 1012 1012 DE-E 1031 (99.9) 1 (0.1) 1032 1032 DE-W 1034 (99.7) 3 (0.3) 1037 1037 DK 948 (94.8) 52 (5.2) 1000 1000 ES 829 (82.9) 171 (17.1) 1000 1000 FI 997 (97.1) 30 (2.9) 1027 1027 FR 970 (95.2) 49 (4.8) 1019 1019 GB-GBN 980 (94.7) 55 (5.3) 1035 1035 GB-NIR 295 (95.8) 13 (4.2) 308 308 GR 1004 (99.9) 1 (0.1) 1005 1005 IE 873 (87.2) 128 (12.8) 1001 1001 IT 1016 (99.1) 9 (0.9) 1025 1025 LU 536 (86.6) 83 (13.4) 619 619 NL 1027 (98.4) 17 (1.6) 1044 1044 PT 986 (98.6) 14 (1.4) 1000 1000 SE 986 (98.6) 14 (1.4) 1000 1000 N Sum 15514 702 16216 N Valid Sum 15514 702 16216 printed 25.01.2012 page 178 Eurobarometer 61 - February-March 2004,GESIS Variable Report,203,ZA4056
v172,v172 0 1 N Sum N Valid Sum,Q27 IMPORTANT ISSUES: IMMIGRATION,isocntry AT 945 (89.8) 107 (10.2) 1052 1052 BE 830 (82.0) 182 (18.0) 1012 1012 DE-E 969 (93.9) 63 (6.1) 1032 1032 DE-W 954 (92.0) 83 (8.0) 1037 1037 DK 767 (76.7) 233 (23.3) 1000 1000 ES 799 (79.9) 201 (20.1) 1000 1000 FI 957 (93.2) 70 (6.8) 1027 1027 FR 934 (91.7) 85 (8.3) 1019 1019 GB-GBN 600 (58.0) 435 (42.0) 1035 1035 GB-NIR 293 (95.1) 15 (4.9) 308 308 GR 944 (93.9) 61 (6.1) 1005 1005 IE 877 (87.6) 124 (12.4) 1001 1001 IT 902 (88.0) 123 (12.0) 1025 1025 LU 515 (83.2) 104 (16.8) 619 619 NL 877 (84.0) 167 (16.0) 1044 1044 PT 977 (97.7) 23 (2.3) 1000 1000 SE 893 (89.3) 107 (10.7) 1000 1000 N Sum 14033 2183 16216 N Valid Sum 14033 2183 16216 printed 25.01.2012 page 179 Eurobarometer 61 - February-March 2004,isocntry AT 945 (89.8) 107 (10.2) 1052 1052 BE 830 (82.0) 182 (18.0) 1012 1012 DE-E 969 (93.9) 63 (6.1) 1032 1032 DE-W 954 (92.0) 83 (8.0) 1037 1037 DK 767 (76.7) 233 (23.3) 1000 1000 ES 799 (79.9) 201 (20.1) 1000 1000 FI 957 (93.2) 70 (6.8) 1027 1027 FR 934 (91.7) 85 (8.3) 1019 1019 GB-GBN 600 (58.0) 435 (42.0) 1035 1035 GB-NIR 293 (95.1) 15 (4.9) 308 308 GR 944 (93.9) 61 (6.1) 1005 1005 IE 877 (87.6) 124 (12.4) 1001 1001 IT 902 (88.0) 123 (12.0) 1025 1025 LU 515 (83.2) 104 (16.8) 619 619 NL 877 (84.0) 167 (16.0) 1044 1044 PT 977 (97.7) 23 (2.3) 1000 1000 SE 893 (89.3) 107 (10.7) 1000 1000 N Sum 14033 2183 16216 N Valid Sum 14033 2183 16216 printed 25.01.2012 page 179 Eurobarometer 61 - February-March 2004,GESIS Variable Report,204,ZA4056
v173,v173 0 1 N Sum N Valid Sum,Q27 IMPORTANT ISSUES: HEALTHCARE SYSTEM,isocntry AT 929 (88.3) 123 (11.7) 1052 1052 BE 977 (96.5) 35 (3.5) 1012 1012 DE-E 852 (82.6) 180 (17.4) 1032 1032 DE-W 870 (83.9) 167 (16.1) 1037 1037 DK 814 (81.4) 186 (18.6) 1000 1000 ES 971 (97.1) 29 (2.9) 1000 1000 FI 672 (65.4) 355 (34.6) 1027 1027 FR 890 (87.3) 129 (12.7) 1019 1019 GB-GBN 804 (77.7) 231 (22.3) 1035 1035 GB-NIR 210 (68.2) 98 (31.8) 308 308 GR 841 (83.7) 164 (16.3) 1005 1005 IE 665 (66.4) 336 (33.6) 1001 1001 IT 961 (93.8) 64 (6.2) 1025 1025 LU 579 (93.5) 40 (6.5) 619 619 NL 698 (66.9) 346 (33.1) 1044 1044 PT 825 (82.5) 175 (17.5) 1000 1000 SE 570 (57.0) 430 (43.0) 1000 1000 N Sum 13128 3088 16216 N Valid Sum 13128 3088 16216 printed 25.01.2012 page 180 Eurobarometer 61 - February-March 2004,isocntry AT 929 (88.3) 123 (11.7) 1052 1052 BE 977 (96.5) 35 (3.5) 1012 1012 DE-E 852 (82.6) 180 (17.4) 1032 1032 DE-W 870 (83.9) 167 (16.1) 1037 1037 DK 814 (81.4) 186 (18.6) 1000 1000 ES 971 (97.1) 29 (2.9) 1000 1000 FI 672 (65.4) 355 (34.6) 1027 1027 FR 890 (87.3) 129 (12.7) 1019 1019 GB-GBN 804 (77.7) 231 (22.3) 1035 1035 GB-NIR 210 (68.2) 98 (31.8) 308 308 GR 841 (83.7) 164 (16.3) 1005 1005 IE 665 (66.4) 336 (33.6) 1001 1001 IT 961 (93.8) 64 (6.2) 1025 1025 LU 579 (93.5) 40 (6.5) 619 619 NL 698 (66.9) 346 (33.1) 1044 1044 PT 825 (82.5) 175 (17.5) 1000 1000 SE 570 (57.0) 430 (43.0) 1000 1000 N Sum 13128 3088 16216 N Valid Sum 13128 3088 16216 printed 25.01.2012 page 180 Eurobarometer 61 - February-March 2004,GESIS Variable Report,205,ZA4056
v174,v174 0 1 N Sum N Valid Sum,Q27 IMPORTANT ISSUES: EDUCATIONAL SYSTEM,isocntry AT 1005 (95.5) 47 (4.5) 1052 1052 BE 983 (97.1) 29 (2.9) 1012 1012 DE-E 967 (93.7) 65 (6.3) 1032 1032 DE-W 960 (92.6) 77 (7.4) 1037 1037 DK 925 (92.5) 75 (7.5) 1000 1000 ES 976 (97.6) 24 (2.4) 1000 1000 FI 999 (97.3) 28 (2.7) 1027 1027 FR 982 (96.4) 37 (3.6) 1019 1019 GB-GBN 943 (91.1) 92 (8.9) 1035 1035 GB-NIR 277 (89.9) 31 (10.1) 308 308 GR 933 (92.8) 72 (7.2) 1005 1005 IE 960 (95.9) 41 (4.1) 1001 1001 IT 979 (95.5) 46 (4.5) 1025 1025 LU 518 (83.7) 101 (16.3) 619 619 NL 980 (93.9) 64 (6.1) 1044 1044 PT 969 (96.9) 31 (3.1) 1000 1000 SE 859 (85.9) 141 (14.1) 1000 1000 N Sum 15215 1001 16216 N Valid Sum 15215 1001 16216 printed 25.01.2012 page 181 Eurobarometer 61 - February-March 2004,isocntry AT 1005 (95.5) 47 (4.5) 1052 1052 BE 983 (97.1) 29 (2.9) 1012 1012 DE-E 967 (93.7) 65 (6.3) 1032 1032 DE-W 960 (92.6) 77 (7.4) 1037 1037 DK 925 (92.5) 75 (7.5) 1000 1000 ES 976 (97.6) 24 (2.4) 1000 1000 FI 999 (97.3) 28 (2.7) 1027 1027 FR 982 (96.4) 37 (3.6) 1019 1019 GB-GBN 943 (91.1) 92 (8.9) 1035 1035 GB-NIR 277 (89.9) 31 (10.1) 308 308 GR 933 (92.8) 72 (7.2) 1005 1005 IE 960 (95.9) 41 (4.1) 1001 1001 IT 979 (95.5) 46 (4.5) 1025 1025 LU 518 (83.7) 101 (16.3) 619 619 NL 980 (93.9) 64 (6.1) 1044 1044 PT 969 (96.9) 31 (3.1) 1000 1000 SE 859 (85.9) 141 (14.1) 1000 1000 N Sum 15215 1001 16216 N Valid Sum 15215 1001 16216 printed 25.01.2012 page 181 Eurobarometer 61 - February-March 2004,GESIS Variable Report,206,ZA4056
v175,v175 0 1 N Sum N Valid Sum,Q27 IMPORTANT ISSUES: PENSIONS,isocntry AT 789 (75.0) 263 (25.0) 1052 1052 BE 883 (87.3) 129 (12.7) 1012 1012 DE-E 932 (90.3) 100 (9.7) 1032 1032 DE-W 878 (84.7) 159 (15.3) 1037 1037 DK 958 (95.8) 42 (4.2) 1000 1000 ES 962 (96.2) 38 (3.8) 1000 1000 FI 930 (90.6) 97 (9.4) 1027 1027 FR 921 (90.4) 98 (9.6) 1019 1019 GB-GBN 938 (90.6) 97 (9.4) 1035 1035 GB-NIR 289 (93.8) 19 (6.2) 308 308 GR 918 (91.3) 87 (8.7) 1005 1005 IE 969 (96.8) 32 (3.2) 1001 1001 IT 910 (88.8) 115 (11.2) 1025 1025 LU 580 (93.7) 39 (6.3) 619 619 NL 1014 (97.1) 30 (2.9) 1044 1044 PT 904 (90.4) 96 (9.6) 1000 1000 SE 960 (96.0) 40 (4.0) 1000 1000 N Sum 14735 1481 16216 N Valid Sum 14735 1481 16216 printed 25.01.2012 page 182 Eurobarometer 61 - February-March 2004,isocntry AT 789 (75.0) 263 (25.0) 1052 1052 BE 883 (87.3) 129 (12.7) 1012 1012 DE-E 932 (90.3) 100 (9.7) 1032 1032 DE-W 878 (84.7) 159 (15.3) 1037 1037 DK 958 (95.8) 42 (4.2) 1000 1000 ES 962 (96.2) 38 (3.8) 1000 1000 FI 930 (90.6) 97 (9.4) 1027 1027 FR 921 (90.4) 98 (9.6) 1019 1019 GB-GBN 938 (90.6) 97 (9.4) 1035 1035 GB-NIR 289 (93.8) 19 (6.2) 308 308 GR 918 (91.3) 87 (8.7) 1005 1005 IE 969 (96.8) 32 (3.2) 1001 1001 IT 910 (88.8) 115 (11.2) 1025 1025 LU 580 (93.7) 39 (6.3) 619 619 NL 1014 (97.1) 30 (2.9) 1044 1044 PT 904 (90.4) 96 (9.6) 1000 1000 SE 960 (96.0) 40 (4.0) 1000 1000 N Sum 14735 1481 16216 N Valid Sum 14735 1481 16216 printed 25.01.2012 page 182 Eurobarometer 61 - February-March 2004,GESIS Variable Report,207,ZA4056
v176,v176 0 1 N Sum N Valid Sum,Q27 IMPORTANT ISSUES: ENVIRONMENT PROTECT,isocntry AT 996 (94.7) 56 (5.3) 1052 1052 BE 971 (95.9) 41 (4.1) 1012 1012 DE-E 1015 (98.4) 17 (1.6) 1032 1032 DE-W 1016 (98.0) 21 (2.0) 1037 1037 DK 894 (89.4) 106 (10.6) 1000 1000 ES 989 (98.9) 11 (1.1) 1000 1000 FI 968 (94.3) 59 (5.7) 1027 1027 FR 962 (94.4) 57 (5.6) 1019 1019 GB-GBN 1005 (97.1) 30 (2.9) 1035 1035 GB-NIR 302 (98.1) 6 (1.9) 308 308 GR 989 (98.4) 16 (1.6) 1005 1005 IE 960 (95.9) 41 (4.1) 1001 1001 IT 987 (96.3) 38 (3.7) 1025 1025 LU 594 (96.0) 25 (4.0) 619 619 NL 1030 (98.7) 14 (1.3) 1044 1044 PT 993 (99.3) 7 (0.7) 1000 1000 SE 918 (91.8) 82 (8.2) 1000 1000 N Sum 15589 627 16216 N Valid Sum 15589 627 16216 printed 25.01.2012 page 183 Eurobarometer 61 - February-March 2004,isocntry AT 996 (94.7) 56 (5.3) 1052 1052 BE 971 (95.9) 41 (4.1) 1012 1012 DE-E 1015 (98.4) 17 (1.6) 1032 1032 DE-W 1016 (98.0) 21 (2.0) 1037 1037 DK 894 (89.4) 106 (10.6) 1000 1000 ES 989 (98.9) 11 (1.1) 1000 1000 FI 968 (94.3) 59 (5.7) 1027 1027 FR 962 (94.4) 57 (5.6) 1019 1019 GB-GBN 1005 (97.1) 30 (2.9) 1035 1035 GB-NIR 302 (98.1) 6 (1.9) 308 308 GR 989 (98.4) 16 (1.6) 1005 1005 IE 960 (95.9) 41 (4.1) 1001 1001 IT 987 (96.3) 38 (3.7) 1025 1025 LU 594 (96.0) 25 (4.0) 619 619 NL 1030 (98.7) 14 (1.3) 1044 1044 PT 993 (99.3) 7 (0.7) 1000 1000 SE 918 (91.8) 82 (8.2) 1000 1000 N Sum 15589 627 16216 N Valid Sum 15589 627 16216 printed 25.01.2012 page 183 Eurobarometer 61 - February-March 2004,GESIS Variable Report,208,ZA4056
v177,v177 0 1 N Sum N Valid Sum,Q27 IMPORTANT ISSUES: OTHERS,isocntry AT 1040 (98.9) 12 (1.1) 1052 1052 BE 997 (98.5) 15 (1.5) 1012 1012 DE-E 1025 (99.3) 7 (0.7) 1032 1032 DE-W 1032 (99.5) 5 (0.5) 1037 1037 DK 997 (99.7) 3 (0.3) 1000 1000 ES 983 (98.3) 17 (1.7) 1000 1000 FI 1021 (99.4) 6 (0.6) 1027 1027 FR 1006 (98.7) 13 (1.3) 1019 1019 GB-GBN 1028 (99.3) 7 (0.7) 1035 1035 GB-NIR 296 (96.1) 12 (3.9) 308 308 GR 993 (98.8) 12 (1.2) 1005 1005 IE 984 (98.3) 17 (1.7) 1001 1001 IT 1019 (99.4) 6 (0.6) 1025 1025 LU 607 (98.1) 12 (1.9) 619 619 NL 1035 (99.1) 9 (0.9) 1044 1044 PT 981 (98.1) 19 (1.9) 1000 1000 SE 993 (99.3) 7 (0.7) 1000 1000 N Sum 16037 179 16216 N Valid Sum 16037 179 16216 printed 25.01.2012 page 184 Eurobarometer 61 - February-March 2004,isocntry AT 1040 (98.9) 12 (1.1) 1052 1052 BE 997 (98.5) 15 (1.5) 1012 1012 DE-E 1025 (99.3) 7 (0.7) 1032 1032 DE-W 1032 (99.5) 5 (0.5) 1037 1037 DK 997 (99.7) 3 (0.3) 1000 1000 ES 983 (98.3) 17 (1.7) 1000 1000 FI 1021 (99.4) 6 (0.6) 1027 1027 FR 1006 (98.7) 13 (1.3) 1019 1019 GB-GBN 1028 (99.3) 7 (0.7) 1035 1035 GB-NIR 296 (96.1) 12 (3.9) 308 308 GR 993 (98.8) 12 (1.2) 1005 1005 IE 984 (98.3) 17 (1.7) 1001 1001 IT 1019 (99.4) 6 (0.6) 1025 1025 LU 607 (98.1) 12 (1.9) 619 619 NL 1035 (99.1) 9 (0.9) 1044 1044 PT 981 (98.1) 19 (1.9) 1000 1000 SE 993 (99.3) 7 (0.7) 1000 1000 N Sum 16037 179 16216 N Valid Sum 16037 179 16216 printed 25.01.2012 page 184 Eurobarometer 61 - February-March 2004,GESIS Variable Report,209,ZA4056
v178,v178 0 1 N Sum N Valid Sum,Q27 IMPORTANT ISSUES: DK,isocntry AT 1032 (98.1) 20 (1.9) 1052 1052 BE 1007 (99.5) 5 (0.5) 1012 1012 DE-E 1032 (100.0) 1032 1032 DE-W 1030 (99.3) 7 (0.7) 1037 1037 DK 995 (99.5) 5 (0.5) 1000 1000 ES 976 (97.6) 24 (2.4) 1000 1000 FI 1022 (99.5) 5 (0.5) 1027 1027 FR 1014 (99.5) 5 (0.5) 1019 1019 GB-GBN 1024 (98.9) 11 (1.1) 1035 1035 GB-NIR 308 (100.0) 308 308 GR 1003 (99.8) 2 (0.2) 1005 1005 IE 978 (97.7) 23 (2.3) 1001 1001 IT 1016 (99.1) 9 (0.9) 1025 1025 LU 612 (98.9) 7 (1.1) 619 619 NL 1040 (99.6) 4 (0.4) 1044 1044 PT 994 (99.4) 6 (0.6) 1000 1000 SE 995 (99.5) 5 (0.5) 1000 1000 N Sum 16078 138 16216 N Valid Sum 16078 138 16216 printed 25.01.2012 page 185 Eurobarometer 61 - February-March 2004,isocntry AT 1032 (98.1) 20 (1.9) 1052 1052 BE 1007 (99.5) 5 (0.5) 1012 1012 DE-E 1032 (100.0) 1032 1032 DE-W 1030 (99.3) 7 (0.7) 1037 1037 DK 995 (99.5) 5 (0.5) 1000 1000 ES 976 (97.6) 24 (2.4) 1000 1000 FI 1022 (99.5) 5 (0.5) 1027 1027 FR 1014 (99.5) 5 (0.5) 1019 1019 GB-GBN 1024 (98.9) 11 (1.1) 1035 1035 GB-NIR 308 (100.0) 308 308 GR 1003 (99.8) 2 (0.2) 1005 1005 IE 978 (97.7) 23 (2.3) 1001 1001 IT 1016 (99.1) 9 (0.9) 1025 1025 LU 612 (98.9) 7 (1.1) 619 619 NL 1040 (99.6) 4 (0.4) 1044 1044 PT 994 (99.4) 6 (0.6) 1000 1000 SE 995 (99.5) 5 (0.5) 1000 1000 N Sum 16078 138 16216 N Valid Sum 16078 138 16216 printed 25.01.2012 page 185 Eurobarometer 61 - February-March 2004,GESIS Variable Report,210,ZA4056
v179,,Q28 EU ROLE: CRIME,,Q28 EU ROLE: CRIME,GESIS Variable Report,211,ZA4056
v180,,Q28 EU ROLE: PUBLIC TRANSPORT,,Q28 EU ROLE: PUBLIC TRANSPORT,GESIS Variable Report,212,ZA4056
v181,,Q28 EU ROLE: ECONOMIC SITUATION,,Q28 EU ROLE: ECONOMIC SITUATION,GESIS Variable Report,213,ZA4056
v182,,Q28 EU ROLE: RISING PRICES/INFLA,,Q28 EU ROLE: RISING PRICES/INFLA,GESIS Variable Report,214,ZA4056
v183,,Q28 EU ROLE: TAXATION,,Q28 EU ROLE: TAXATION,GESIS Variable Report,215,ZA4056
v184,,Q28 EU ROLE: UNEMPLOYMENT,,Q28 EU ROLE: UNEMPLOYMENT,GESIS Variable Report,216,ZA4056
v185,,Q28 EU ROLE: TERRORISM,,Q28 EU ROLE: TERRORISM,GESIS Variable Report,217,ZA4056
v186,,Q28 EU ROLE: DEFENCE,,Q28 EU ROLE: DEFENCE,GESIS Variable Report,218,ZA4056
v187,,Q28 EU ROLE: FOREIGN AFFAIRS,,Q28 EU ROLE: FOREIGN AFFAIRS,GESIS Variable Report,219,ZA4056
v188,,Q28 EU ROLE: HOUSING,,Q28 EU ROLE: HOUSING,GESIS Variable Report,220,ZA4056
v189,,Q28 EU ROLE: IMMIGRATION,,Q28 EU ROLE: IMMIGRATION,GESIS Variable Report,221,ZA4056
v190,,Q28 EU ROLE: HEALTHCARE SYSTEM,,Q28 EU ROLE: HEALTHCARE SYSTEM,GESIS Variable Report,222,ZA4056
v191,,Q28 EU ROLE: EDUCATIONAL SYSTEM,,Q28 EU ROLE: EDUCATIONAL SYSTEM,GESIS Variable Report,223,ZA4056
v192,,Q28 EU ROLE: PENSIONS,,Q28 EU ROLE: PENSIONS,GESIS Variable Report,224,ZA4056
v193,,Q28 EU ROLE: ENVIRONMENT PROTECT,,Q28 EU ROLE: ENVIRONMENT PROTECT,GESIS Variable Report,225,ZA4056
v194,v194 1 2 3 N Sum N Valid Sum,Q29 EU PROPOSALS: SINGLE CURRENCY,isocntry M AT 714 (75.2) 235 (24.8) 103 1052 949 BE 837 (84.6) 152 (15.4) 23 1012 989 DE-E 571 (58.4) 407 (41.6) 54 1032 978 DE-W 608 (61.4) 383 (38.6) 45 1036 991 DK 496 (52.9) 441 (47.1) 64 1001 937 ES 741 (75.8) 236 (24.2) 23 1000 977 FI 749 (74.4) 258 (25.6) 21 1028 1007 FR 696 (71.8) 274 (28.2) 49 1019 970 GB-GBN 267 (29.5) 639 (70.5) 129 1035 906 GB-NIR 145 (50.2) 144 (49.8) 19 308 289 GR 646 (66.3) 328 (33.7) 31 1005 974 IE 825 (87.7) 116 (12.3) 60 1001 941 IT 705 (71.8) 277 (28.2) 43 1025 982 LU 542 (89.4) 64 (10.6) 13 619 606 NL 609 (60.2) 403 (39.8) 32 1044 1012 PT 673 (71.3) 271 (28.7) 56 1000 944 SE 446 (46.6) 511 (53.4) 42 999 957 N Sum 10270 5139 807 16216 N Valid Sum 10270 5139 15409 printed 25.01.2012 page 201 Eurobarometer 61 - February-March 2004,isocntry M AT 714 (75.2) 235 (24.8) 103 1052 949 BE 837 (84.6) 152 (15.4) 23 1012 989 DE-E 571 (58.4) 407 (41.6) 54 1032 978 DE-W 608 (61.4) 383 (38.6) 45 1036 991 DK 496 (52.9) 441 (47.1) 64 1001 937 ES 741 (75.8) 236 (24.2) 23 1000 977 FI 749 (74.4) 258 (25.6) 21 1028 1007 FR 696 (71.8) 274 (28.2) 49 1019 970 GB-GBN 267 (29.5) 639 (70.5) 129 1035 906 GB-NIR 145 (50.2) 144 (49.8) 19 308 289 GR 646 (66.3) 328 (33.7) 31 1005 974 IE 825 (87.7) 116 (12.3) 60 1001 941 IT 705 (71.8) 277 (28.2) 43 1025 982 LU 542 (89.4) 64 (10.6) 13 619 606 NL 609 (60.2) 403 (39.8) 32 1044 1012 PT 673 (71.3) 271 (28.7) 56 1000 944 SE 446 (46.6) 511 (53.4) 42 999 957 N Sum 10270 5139 807 16216 N Valid Sum 10270 5139 15409 printed 25.01.2012 page 201 Eurobarometer 61 - February-March 2004,GESIS Variable Report,226,ZA4056
v195,v195 1 2 3 N Sum N Valid Sum,Q29 EU PROPOSALS: FOREIGN POLICY,isocntry M AT 655 (74.4) 225 (25.6) 172 1052 880 BE 722 (80.9) 171 (19.1) 119 1012 893 DE-E 766 (82.8) 159 (17.2) 108 1033 925 DE-W 772 (81.9) 171 (18.1) 94 1037 943 DK 501 (56.2) 390 (43.8) 109 1000 891 ES 690 (80.0) 173 (20.0) 137 1000 863 FI 564 (60.5) 369 (39.5) 94 1027 933 FR 675 (75.0) 225 (25.0) 119 1019 900 GB-GBN 399 (49.4) 408 (50.6) 228 1035 807 GB-NIR 174 (68.2) 81 (31.8) 53 308 255 GR 783 (85.1) 137 (14.9) 85 1005 920 IE 664 (81.0) 156 (19.0) 181 1001 820 IT 786 (86.9) 118 (13.1) 122 1026 904 LU 477 (85.6) 80 (14.4) 62 619 557 NL 716 (76.6) 219 (23.4) 109 1044 935 PT 624 (78.1) 175 (21.9) 200 999 799 SE 490 (52.9) 436 (47.1) 74 1000 926 N Sum 10458 3693 2066 16217 N Valid Sum 10458 3693 14151 printed 25.01.2012 page 202 Eurobarometer 61 - February-March 2004,isocntry M AT 655 (74.4) 225 (25.6) 172 1052 880 BE 722 (80.9) 171 (19.1) 119 1012 893 DE-E 766 (82.8) 159 (17.2) 108 1033 925 DE-W 772 (81.9) 171 (18.1) 94 1037 943 DK 501 (56.2) 390 (43.8) 109 1000 891 ES 690 (80.0) 173 (20.0) 137 1000 863 FI 564 (60.5) 369 (39.5) 94 1027 933 FR 675 (75.0) 225 (25.0) 119 1019 900 GB-GBN 399 (49.4) 408 (50.6) 228 1035 807 GB-NIR 174 (68.2) 81 (31.8) 53 308 255 GR 783 (85.1) 137 (14.9) 85 1005 920 IE 664 (81.0) 156 (19.0) 181 1001 820 IT 786 (86.9) 118 (13.1) 122 1026 904 LU 477 (85.6) 80 (14.4) 62 619 557 NL 716 (76.6) 219 (23.4) 109 1044 935 PT 624 (78.1) 175 (21.9) 200 999 799 SE 490 (52.9) 436 (47.1) 74 1000 926 N Sum 10458 3693 2066 16217 N Valid Sum 10458 3693 14151 printed 25.01.2012 page 202 Eurobarometer 61 - February-March 2004,GESIS Variable Report,227,ZA4056
v196,v196 1 2 3 N Sum N Valid Sum,Q29 EU PROPOSALS: DEFENCE POLICY,isocntry M AT 602 (67.3) 293 (32.7) 157 1052 895 BE 777 (84.5) 143 (15.5) 92 1012 920 DE-E 828 (87.9) 114 (12.1) 90 1032 942 DE-W 824 (86.4) 130 (13.6) 83 1037 954 DK 605 (66.0) 311 (34.0) 84 1000 916 ES 741 (85.6) 125 (14.4) 134 1000 866 FI 590 (62.1) 360 (37.9) 77 1027 950 FR 762 (82.1) 166 (17.9) 91 1019 928 GB-GBN 535 (65.0) 288 (35.0) 212 1035 823 GB-NIR 205 (77.7) 59 (22.3) 44 308 264 GR 806 (87.0) 120 (13.0) 79 1005 926 IE 596 (73.9) 210 (26.1) 195 1001 806 IT 855 (91.8) 76 (8.2) 94 1025 931 LU 514 (89.5) 60 (10.5) 46 620 574 NL 802 (82.4) 171 (17.6) 71 1044 973 PT 681 (82.9) 140 (17.1) 179 1000 821 SE 553 (59.5) 376 (40.5) 71 1000 929 N Sum 11276 3142 1799 16217 N Valid Sum 11276 3142 14418 printed 25.01.2012 page 203 Eurobarometer 61 - February-March 2004,isocntry M AT 602 (67.3) 293 (32.7) 157 1052 895 BE 777 (84.5) 143 (15.5) 92 1012 920 DE-E 828 (87.9) 114 (12.1) 90 1032 942 DE-W 824 (86.4) 130 (13.6) 83 1037 954 DK 605 (66.0) 311 (34.0) 84 1000 916 ES 741 (85.6) 125 (14.4) 134 1000 866 FI 590 (62.1) 360 (37.9) 77 1027 950 FR 762 (82.1) 166 (17.9) 91 1019 928 GB-GBN 535 (65.0) 288 (35.0) 212 1035 823 GB-NIR 205 (77.7) 59 (22.3) 44 308 264 GR 806 (87.0) 120 (13.0) 79 1005 926 IE 596 (73.9) 210 (26.1) 195 1001 806 IT 855 (91.8) 76 (8.2) 94 1025 931 LU 514 (89.5) 60 (10.5) 46 620 574 NL 802 (82.4) 171 (17.6) 71 1044 973 PT 681 (82.9) 140 (17.1) 179 1000 821 SE 553 (59.5) 376 (40.5) 71 1000 929 N Sum 11276 3142 1799 16217 N Valid Sum 11276 3142 14418 printed 25.01.2012 page 203 Eurobarometer 61 - February-March 2004,GESIS Variable Report,228,ZA4056
v197,v197 1 2 3 N Sum N Valid Sum,Q29 EU PROPOSALS: ENLARGEMENT,isocntry M AT 358 (39.6) 547 (60.4) 147 1052 905 BE 383 (43.6) 496 (56.4) 133 1012 879 DE-E 292 (34.7) 549 (65.3) 190 1031 841 DE-W 293 (33.4) 585 (66.6) 159 1037 878 DK 587 (65.5) 309 (34.5) 104 1000 896 ES 587 (76.6) 179 (23.4) 234 1000 766 FI 490 (51.9) 454 (48.1) 83 1027 944 FR 380 (44.3) 478 (55.7) 161 1019 858 GB-GBN 315 (42.9) 419 (57.1) 301 1035 734 GB-NIR 135 (57.9) 98 (42.1) 75 308 233 GR 660 (77.3) 194 (22.7) 151 1005 854 IE 601 (72.9) 223 (27.1) 177 1001 824 IT 568 (69.3) 252 (30.7) 205 1025 820 LU 228 (42.1) 313 (57.9) 79 620 541 NL 461 (49.7) 467 (50.3) 117 1045 928 PT 521 (65.5) 274 (34.5) 205 1000 795 SE 536 (58.9) 374 (41.1) 90 1000 910 N Sum 7395 6211 2611 16217 N Valid Sum 7395 6211 13606 printed 25.01.2012 page 204 Eurobarometer 61 - February-March 2004,isocntry M AT 358 (39.6) 547 (60.4) 147 1052 905 BE 383 (43.6) 496 (56.4) 133 1012 879 DE-E 292 (34.7) 549 (65.3) 190 1031 841 DE-W 293 (33.4) 585 (66.6) 159 1037 878 DK 587 (65.5) 309 (34.5) 104 1000 896 ES 587 (76.6) 179 (23.4) 234 1000 766 FI 490 (51.9) 454 (48.1) 83 1027 944 FR 380 (44.3) 478 (55.7) 161 1019 858 GB-GBN 315 (42.9) 419 (57.1) 301 1035 734 GB-NIR 135 (57.9) 98 (42.1) 75 308 233 GR 660 (77.3) 194 (22.7) 151 1005 854 IE 601 (72.9) 223 (27.1) 177 1001 824 IT 568 (69.3) 252 (30.7) 205 1025 820 LU 228 (42.1) 313 (57.9) 79 620 541 NL 461 (49.7) 467 (50.3) 117 1045 928 PT 521 (65.5) 274 (34.5) 205 1000 795 SE 536 (58.9) 374 (41.1) 90 1000 910 N Sum 7395 6211 2611 16217 N Valid Sum 7395 6211 13606 printed 25.01.2012 page 204 Eurobarometer 61 - February-March 2004,GESIS Variable Report,229,ZA4056
v198,v198 1 2 3 N Sum N Valid Sum,Q29 EU PROPOSALS: FUTURE ENLARGEM,isocntry M AT 265 (29.8) 623 (70.2) 164 1052 888 BE 372 (43.0) 494 (57.0) 146 1012 866 DE-E 240 (28.2) 612 (71.8) 179 1031 852 DE-W 254 (28.8) 627 (71.2) 156 1037 881 DK 401 (48.3) 429 (51.7) 170 1000 830 ES 570 (76.7) 173 (23.3) 257 1000 743 FI 355 (38.5) 566 (61.5) 105 1026 921 FR 329 (38.3) 530 (61.7) 160 1019 859 GB-GBN 319 (43.2) 419 (56.8) 297 1035 738 GB-NIR 120 (53.6) 104 (46.4) 84 308 224 GR 603 (72.6) 228 (27.4) 174 1005 831 IE 455 (60.3) 300 (39.7) 246 1001 755 IT 476 (62.0) 292 (38.0) 257 1025 768 LU 213 (39.4) 328 (60.6) 77 618 541 NL 477 (51.4) 451 (48.6) 117 1045 928 PT 506 (64.1) 283 (35.9) 211 1000 789 SE 410 (46.0) 481 (54.0) 109 1000 891 N Sum 6365 6940 2909 16214 N Valid Sum 6365 6940 13305 printed 25.01.2012 page 205 Eurobarometer 61 - February-March 2004,isocntry M AT 265 (29.8) 623 (70.2) 164 1052 888 BE 372 (43.0) 494 (57.0) 146 1012 866 DE-E 240 (28.2) 612 (71.8) 179 1031 852 DE-W 254 (28.8) 627 (71.2) 156 1037 881 DK 401 (48.3) 429 (51.7) 170 1000 830 ES 570 (76.7) 173 (23.3) 257 1000 743 FI 355 (38.5) 566 (61.5) 105 1026 921 FR 329 (38.3) 530 (61.7) 160 1019 859 GB-GBN 319 (43.2) 419 (56.8) 297 1035 738 GB-NIR 120 (53.6) 104 (46.4) 84 308 224 GR 603 (72.6) 228 (27.4) 174 1005 831 IE 455 (60.3) 300 (39.7) 246 1001 755 IT 476 (62.0) 292 (38.0) 257 1025 768 LU 213 (39.4) 328 (60.6) 77 618 541 NL 477 (51.4) 451 (48.6) 117 1045 928 PT 506 (64.1) 283 (35.9) 211 1000 789 SE 410 (46.0) 481 (54.0) 109 1000 891 N Sum 6365 6940 2909 16214 N Valid Sum 6365 6940 13305 printed 25.01.2012 page 205 Eurobarometer 61 - February-March 2004,GESIS Variable Report,230,ZA4056
v199,v199 1 2 3 N Sum N Valid Sum,Q29 EU PROPOSALS: CONSTITUTION,isocntry M AT 628 (79.0) 167 (21.0) 256 1051 795 BE 729 (85.7) 122 (14.3) 160 1011 851 DE-E 702 (84.3) 131 (15.7) 199 1032 833 DE-W 706 (81.9) 156 (18.1) 175 1037 862 DK 367 (47.0) 414 (53.0) 220 1001 781 ES 700 (87.2) 103 (12.8) 197 1000 803 FI 532 (59.4) 363 (40.6) 132 1027 895 FR 627 (79.0) 167 (21.0) 225 1019 794 GB-GBN 430 (63.2) 250 (36.8) 355 1035 680 GB-NIR 159 (74.6) 54 (25.4) 95 308 213 GR 660 (76.9) 198 (23.1) 148 1006 858 IE 590 (83.1) 120 (16.9) 291 1001 710 IT 795 (88.6) 102 (11.4) 128 1025 897 LU 462 (83.5) 91 (16.5) 66 619 553 NL 728 (76.5) 224 (23.5) 93 1045 952 PT 573 (78.5) 157 (21.5) 270 1000 730 SE 525 (62.7) 312 (37.3) 163 1000 837 N Sum 9913 3131 3173 16217 N Valid Sum 9913 3131 13044 printed 25.01.2012 page 206 Eurobarometer 61 - February-March 2004,isocntry M AT 628 (79.0) 167 (21.0) 256 1051 795 BE 729 (85.7) 122 (14.3) 160 1011 851 DE-E 702 (84.3) 131 (15.7) 199 1032 833 DE-W 706 (81.9) 156 (18.1) 175 1037 862 DK 367 (47.0) 414 (53.0) 220 1001 781 ES 700 (87.2) 103 (12.8) 197 1000 803 FI 532 (59.4) 363 (40.6) 132 1027 895 FR 627 (79.0) 167 (21.0) 225 1019 794 GB-GBN 430 (63.2) 250 (36.8) 355 1035 680 GB-NIR 159 (74.6) 54 (25.4) 95 308 213 GR 660 (76.9) 198 (23.1) 148 1006 858 IE 590 (83.1) 120 (16.9) 291 1001 710 IT 795 (88.6) 102 (11.4) 128 1025 897 LU 462 (83.5) 91 (16.5) 66 619 553 NL 728 (76.5) 224 (23.5) 93 1045 952 PT 573 (78.5) 157 (21.5) 270 1000 730 SE 525 (62.7) 312 (37.3) 163 1000 837 N Sum 9913 3131 3173 16217 N Valid Sum 9913 3131 13044 printed 25.01.2012 page 206 Eurobarometer 61 - February-March 2004,GESIS Variable Report,231,ZA4056
v200,v200 1 2 3 N Sum N Valid Sum,Q29 EU PROPOSALS: EC COMPOSIT,isocntry M AT 679 (82.8) 141 (17.2) 232 1052 820 BE 673 (83.6) 132 (16.4) 207 1012 805 DE-E 721 (87.7) 101 (12.3) 210 1032 822 DE-W 723 (84.7) 131 (15.3) 183 1037 854 DK 844 (91.9) 74 (8.1) 82 1000 918 ES 668 (86.9) 101 (13.1) 231 1000 769 FI 873 (92.5) 71 (7.5) 83 1027 944 FR 686 (83.9) 132 (16.1) 201 1019 818 GB-GBN 520 (75.0) 173 (25.0) 342 1035 693 GB-NIR 193 (86.2) 31 (13.8) 84 308 224 GR 804 (91.0) 80 (9.0) 121 1005 884 IE 689 (90.7) 71 (9.3) 241 1001 760 IT 837 (93.1) 62 (6.9) 125 1024 899 LU 510 (91.1) 50 (8.9) 59 619 560 NL 869 (92.2) 74 (7.8) 100 1043 943 PT 596 (83.8) 115 (16.2) 289 1000 711 SE 873 (93.7) 59 (6.3) 69 1001 932 N Sum 11758 1598 2859 16215 N Valid Sum 11758 1598 13356 printed 25.01.2012 page 207 Eurobarometer 61 - February-March 2004,isocntry M AT 679 (82.8) 141 (17.2) 232 1052 820 BE 673 (83.6) 132 (16.4) 207 1012 805 DE-E 721 (87.7) 101 (12.3) 210 1032 822 DE-W 723 (84.7) 131 (15.3) 183 1037 854 DK 844 (91.9) 74 (8.1) 82 1000 918 ES 668 (86.9) 101 (13.1) 231 1000 769 FI 873 (92.5) 71 (7.5) 83 1027 944 FR 686 (83.9) 132 (16.1) 201 1019 818 GB-GBN 520 (75.0) 173 (25.0) 342 1035 693 GB-NIR 193 (86.2) 31 (13.8) 84 308 224 GR 804 (91.0) 80 (9.0) 121 1005 884 IE 689 (90.7) 71 (9.3) 241 1001 760 IT 837 (93.1) 62 (6.9) 125 1024 899 LU 510 (91.1) 50 (8.9) 59 619 560 NL 869 (92.2) 74 (7.8) 100 1043 943 PT 596 (83.8) 115 (16.2) 289 1000 711 SE 873 (93.7) 59 (6.3) 69 1001 932 N Sum 11758 1598 2859 16215 N Valid Sum 11758 1598 13356 printed 25.01.2012 page 207 Eurobarometer 61 - February-March 2004,GESIS Variable Report,232,ZA4056
v201,v201 1 2 3 N Sum N Valid Sum,Q29 EU PROPOSALS: SPEED BUILDING EUROPE,isocntry M AT 446 (57.2) 334 (42.8) 272 1052 780 BE 362 (47.8) 395 (52.2) 254 1011 757 DE-E 298 (42.0) 411 (58.0) 324 1033 709 DE-W 331 (43.2) 436 (56.8) 270 1037 767 DK 294 (36.8) 504 (63.2) 203 1001 798 ES 411 (54.0) 350 (46.0) 239 1000 761 FI 223 (25.7) 644 (74.3) 161 1028 867 FR 288 (38.5) 461 (61.5) 270 1019 749 GB-GBN 172 (27.1) 462 (72.9) 401 1035 634 GB-NIR 70 (33.0) 142 (67.0) 97 309 212 GR 525 (62.8) 311 (37.2) 169 1005 836 IE 356 (53.0) 316 (47.0) 329 1001 672 IT 378 (53.1) 334 (46.9) 313 1025 712 LU 210 (42.3) 287 (57.7) 123 620 497 NL 309 (37.6) 512 (62.4) 223 1044 821 PT 337 (44.6) 419 (55.4) 244 1000 756 SE 296 (34.5) 562 (65.5) 142 1000 858 N Sum 5306 6880 4034 16220 N Valid Sum 5306 6880 12186 printed 25.01.2012 page 208 Eurobarometer 61 - February-March 2004,isocntry M AT 446 (57.2) 334 (42.8) 272 1052 780 BE 362 (47.8) 395 (52.2) 254 1011 757 DE-E 298 (42.0) 411 (58.0) 324 1033 709 DE-W 331 (43.2) 436 (56.8) 270 1037 767 DK 294 (36.8) 504 (63.2) 203 1001 798 ES 411 (54.0) 350 (46.0) 239 1000 761 FI 223 (25.7) 644 (74.3) 161 1028 867 FR 288 (38.5) 461 (61.5) 270 1019 749 GB-GBN 172 (27.1) 462 (72.9) 401 1035 634 GB-NIR 70 (33.0) 142 (67.0) 97 309 212 GR 525 (62.8) 311 (37.2) 169 1005 836 IE 356 (53.0) 316 (47.0) 329 1001 672 IT 378 (53.1) 334 (46.9) 313 1025 712 LU 210 (42.3) 287 (57.7) 123 620 497 NL 309 (37.6) 512 (62.4) 223 1044 821 PT 337 (44.6) 419 (55.4) 244 1000 756 SE 296 (34.5) 562 (65.5) 142 1000 858 N Sum 5306 6880 4034 16220 N Valid Sum 5306 6880 12186 printed 25.01.2012 page 208 Eurobarometer 61 - February-March 2004,GESIS Variable Report,233,ZA4056
v202,v202 1 2 3 N Sum N Valid Sum,Q29 EU PROPOSALS: SCHOOL CURRICULUM,isocntry M AT 806 (88.8) 102 (11.2) 145 1053 908 BE 885 (92.7) 70 (7.3) 57 1012 955 DE-E 851 (90.9) 85 (9.1) 97 1033 936 DE-W 873 (91.3) 83 (8.7) 80 1036 956 DK 833 (89.9) 94 (10.1) 72 999 927 ES 727 (87.4) 105 (12.6) 168 1000 832 FI 943 (95.2) 48 (4.8) 36 1027 991 FR 868 (91.6) 80 (8.4) 71 1019 948 GB-GBN 739 (84.7) 134 (15.3) 162 1035 873 GB-NIR 262 (93.9) 17 (6.1) 30 309 279 GR 847 (90.7) 87 (9.3) 71 1005 934 IE 855 (95.7) 38 (4.3) 109 1002 893 IT 899 (94.5) 52 (5.5) 74 1025 951 LU 541 (90.2) 59 (9.8) 19 619 600 NL 943 (93.1) 70 (6.9) 31 1044 1013 PT 864 (92.3) 72 (7.7) 64 1000 936 SE 941 (97.1) 28 (2.9) 31 1000 969 N Sum 13677 1224 1317 16218 N Valid Sum 13677 1224 14901 printed 25.01.2012 page 209 Eurobarometer 61 - February-March 2004,isocntry M AT 806 (88.8) 102 (11.2) 145 1053 908 BE 885 (92.7) 70 (7.3) 57 1012 955 DE-E 851 (90.9) 85 (9.1) 97 1033 936 DE-W 873 (91.3) 83 (8.7) 80 1036 956 DK 833 (89.9) 94 (10.1) 72 999 927 ES 727 (87.4) 105 (12.6) 168 1000 832 FI 943 (95.2) 48 (4.8) 36 1027 991 FR 868 (91.6) 80 (8.4) 71 1019 948 GB-GBN 739 (84.7) 134 (15.3) 162 1035 873 GB-NIR 262 (93.9) 17 (6.1) 30 309 279 GR 847 (90.7) 87 (9.3) 71 1005 934 IE 855 (95.7) 38 (4.3) 109 1002 893 IT 899 (94.5) 52 (5.5) 74 1025 951 LU 541 (90.2) 59 (9.8) 19 619 600 NL 943 (93.1) 70 (6.9) 31 1044 1013 PT 864 (92.3) 72 (7.7) 64 1000 936 SE 941 (97.1) 28 (2.9) 31 1000 969 N Sum 13677 1224 1317 16218 N Valid Sum 13677 1224 14901 printed 25.01.2012 page 209 Eurobarometer 61 - February-March 2004,GESIS Variable Report,234,ZA4056
v203,,Q30 EU DEFENCE POL: MILIT REACT FORCE,,Q30 EU DEFENCE POL: MILIT REACT FORCE,GESIS Variable Report,235,ZA4056
v204,,Q30 EU FOREIGN POL: COM POS IF CRISIS,,Q30 EU FOREIGN POL: COM POS IF CRISIS,GESIS Variable Report,236,ZA4056
v205,,Q30 EU FOREIGN POL: EU MINISTER,,Q30 EU FOREIGN POL: EU MINISTER,GESIS Variable Report,237,ZA4056
v206,,Q30 EU FOREIGN POL: UN SECURITY COUNC,,Q30 EU FOREIGN POL: UN SECURITY COUNC,GESIS Variable Report,238,ZA4056
v207,,Q30 EU FOREIGN POL: NEUTR MEMBERS SAY,,Q30 EU FOREIGN POL: NEUTR MEMBERS SAY,GESIS Variable Report,239,ZA4056
v208,,Q30 EU FOREIGN POL: INDEPEND OF USA,,Q30 EU FOREIGN POL: INDEPEND OF USA,GESIS Variable Report,240,ZA4056
v209,,Q30 EU FOREIGN POL: HUM RIGHTS EU,,Q30 EU FOREIGN POL: HUM RIGHTS EU,GESIS Variable Report,241,ZA4056
v210,,Q30 EU FOREIGN POL: HUM RIGHTS WORLD,,Q30 EU FOREIGN POL: HUM RIGHTS WORLD,GESIS Variable Report,242,ZA4056
v211,,Q30 EU FOREIGN POL: COM IMMIGR POL,,Q30 EU FOREIGN POL: COM IMMIGR POL,GESIS Variable Report,243,ZA4056
v212,,Q30 EU FOREIGN POL: COM ASYLUM POL,,Q30 EU FOREIGN POL: COM ASYLUM POL,GESIS Variable Report,244,ZA4056
v213,,Q31 EUROP DEFENCE - POLICY DECISIONS,,Q31 EUROP DEFENCE - POLICY DECISIONS,GESIS Variable Report,245,ZA4056
v214,,Q32 EUROP COUNCIL PERIOD - PREFERENCE,,Q32 EUROP COUNCIL PERIOD - PREFERENCE,GESIS Variable Report,246,ZA4056
v215,v215 1 2 3 4 N Sum N Valid Sum,Q33 EU MEMBER STATE VETO - PREFERENCE,isocntry M AT 674 (73.7) 183 (20.0) 57 (6.2) 138 1052 914 BE 351 (45.2) 243 (31.3) 183 (23.6) 234 1011 777 DE-E 529 (58.7) 253 (28.1) 119 (13.2) 131 1032 901 DE-W 474 (51.6) 309 (33.6) 136 (14.8) 118 1037 919 DK 568 (62.0) 275 (30.0) 73 (8.0) 84 1000 916 ES 387 (55.8) 182 (26.3) 124 (17.9) 307 1000 693 FI 565 (60.0) 273 (29.0) 103 (10.9) 86 1027 941 FR 432 (50.6) 309 (36.2) 113 (13.2) 165 1019 854 GB-GBN 450 (60.5) 191 (25.7) 103 (13.8) 291 1035 744 GB-NIR 119 (53.4) 57 (25.6) 47 (21.1) 85 308 223 GR 700 (80.8) 107 (12.4) 59 (6.8) 139 1005 866 IE 537 (70.8) 142 (18.7) 80 (10.5) 241 1000 759 IT 373 (48.0) 233 (30.0) 171 (22.0) 249 1026 777 LU 397 (73.2) 110 (20.3) 35 (6.5) 77 619 542 NL 490 (52.5) 276 (29.6) 168 (18.0) 109 1043 934 PT 539 (70.5) 165 (21.6) 60 (7.9) 235 999 764 SE 542 (59.9) 221 (24.4) 142 (15.7) 95 1000 905 N Sum 8127 3529 1773 2784 16213 N Valid Sum 8127 3529 1773 13429 printed 25.01.2012 page 222 Eurobarometer 61 - February-March 2004,isocntry M AT 674 (73.7) 183 (20.0) 57 (6.2) 138 1052 914 BE 351 (45.2) 243 (31.3) 183 (23.6) 234 1011 777 DE-E 529 (58.7) 253 (28.1) 119 (13.2) 131 1032 901 DE-W 474 (51.6) 309 (33.6) 136 (14.8) 118 1037 919 DK 568 (62.0) 275 (30.0) 73 (8.0) 84 1000 916 ES 387 (55.8) 182 (26.3) 124 (17.9) 307 1000 693 FI 565 (60.0) 273 (29.0) 103 (10.9) 86 1027 941 FR 432 (50.6) 309 (36.2) 113 (13.2) 165 1019 854 GB-GBN 450 (60.5) 191 (25.7) 103 (13.8) 291 1035 744 GB-NIR 119 (53.4) 57 (25.6) 47 (21.1) 85 308 223 GR 700 (80.8) 107 (12.4) 59 (6.8) 139 1005 866 IE 537 (70.8) 142 (18.7) 80 (10.5) 241 1000 759 IT 373 (48.0) 233 (30.0) 171 (22.0) 249 1026 777 LU 397 (73.2) 110 (20.3) 35 (6.5) 77 619 542 NL 490 (52.5) 276 (29.6) 168 (18.0) 109 1043 934 PT 539 (70.5) 165 (21.6) 60 (7.9) 235 999 764 SE 542 (59.9) 221 (24.4) 142 (15.7) 95 1000 905 N Sum 8127 3529 1773 2784 16213 N Valid Sum 8127 3529 1773 13429 printed 25.01.2012 page 222 Eurobarometer 61 - February-March 2004,GESIS Variable Report,247,ZA4056
v216,v216 1 2 3 4 N Sum N Valid Sum,Q34 EU CONSTIT - COUNCIL OF MINIST VOTE,isocntry M AT 660 (70.6) 179 (19.1) 96 (10.3) 116 1051 935 BE 490 (58.1) 262 (31.1) 91 (10.8) 168 1011 843 DE-E 438 (47.8) 423 (46.1) 56 (6.1) 115 1032 917 DE-W 300 (32.3) 583 (62.7) 47 (5.1) 107 1037 930 DK 721 (77.5) 159 (17.1) 50 (5.4) 70 1000 930 ES 415 (53.7) 283 (36.6) 75 (9.7) 228 1001 773 FI 781 (78.6) 183 (18.4) 30 (3.0) 33 1027 994 FR 415 (49.8) 351 (42.1) 68 (8.2) 184 1018 834 GB-GBN 427 (55.0) 262 (33.7) 88 (11.3) 259 1036 777 GB-NIR 122 (54.0) 91 (40.3) 13 (5.8) 82 308 226 GR 553 (65.1) 227 (26.7) 70 (8.2) 155 1005 850 IE 598 (73.6) 175 (21.6) 39 (4.8) 189 1001 812 IT 459 (53.9) 305 (35.8) 87 (10.2) 173 1024 851 LU 405 (71.1) 121 (21.2) 44 (7.7) 49 619 570 NL 555 (57.0) 319 (32.8) 99 (10.2) 71 1044 973 PT 545 (68.3) 215 (26.9) 38 (4.8) 202 1000 798 SE 682 (71.3) 206 (21.5) 69 (7.2) 43 1000 957 N Sum 8566 4344 1060 2244 16214 N Valid Sum 8566 4344 1060 13970 printed 25.01.2012 page 223 Eurobarometer 61 - February-March 2004,isocntry M AT 660 (70.6) 179 (19.1) 96 (10.3) 116 1051 935 BE 490 (58.1) 262 (31.1) 91 (10.8) 168 1011 843 DE-E 438 (47.8) 423 (46.1) 56 (6.1) 115 1032 917 DE-W 300 (32.3) 583 (62.7) 47 (5.1) 107 1037 930 DK 721 (77.5) 159 (17.1) 50 (5.4) 70 1000 930 ES 415 (53.7) 283 (36.6) 75 (9.7) 228 1001 773 FI 781 (78.6) 183 (18.4) 30 (3.0) 33 1027 994 FR 415 (49.8) 351 (42.1) 68 (8.2) 184 1018 834 GB-GBN 427 (55.0) 262 (33.7) 88 (11.3) 259 1036 777 GB-NIR 122 (54.0) 91 (40.3) 13 (5.8) 82 308 226 GR 553 (65.1) 227 (26.7) 70 (8.2) 155 1005 850 IE 598 (73.6) 175 (21.6) 39 (4.8) 189 1001 812 IT 459 (53.9) 305 (35.8) 87 (10.2) 173 1024 851 LU 405 (71.1) 121 (21.2) 44 (7.7) 49 619 570 NL 555 (57.0) 319 (32.8) 99 (10.2) 71 1044 973 PT 545 (68.3) 215 (26.9) 38 (4.8) 202 1000 798 SE 682 (71.3) 206 (21.5) 69 (7.2) 43 1000 957 N Sum 8566 4344 1060 2244 16214 N Valid Sum 8566 4344 1060 13970 printed 25.01.2012 page 223 Eurobarometer 61 - February-March 2004,GESIS Variable Report,248,ZA4056
v217,,Q35 EU BUDGET - MOSTLY SPENT ON,,Q35 EU BUDGET - MOSTLY SPENT ON,GESIS Variable Report,249,ZA4056
v218,v218 1 2 3 N Sum N Valid Sum,Q36 GLOBALISATION: GOOD THING FOR CTRY,isocntry M AT 383 (44.1) 486 (55.9) 183 1052 869 BE 391 (47.6) 430 (52.4) 190 1011 821 DE-E 373 (47.2) 418 (52.8) 241 1032 791 DE-W 416 (49.9) 417 (50.1) 204 1037 833 DK 544 (69.8) 235 (30.2) 221 1000 779 ES 293 (41.0) 421 (59.0) 286 1000 714 FI 572 (65.1) 306 (34.9) 150 1028 878 FR 310 (36.5) 539 (63.5) 170 1019 849 GB-GBN 467 (62.1) 285 (37.9) 283 1035 752 GB-NIR 122 (56.2) 95 (43.8) 91 308 217 GR 327 (39.1) 510 (60.9) 168 1005 837 IE 428 (61.9) 263 (38.1) 310 1001 691 IT 394 (47.9) 429 (52.1) 201 1024 823 LU 268 (51.8) 249 (48.2) 101 618 517 NL 557 (64.5) 306 (35.5) 181 1044 863 PT 394 (58.0) 285 (42.0) 321 1000 679 SE 644 (72.0) 250 (28.0) 106 1000 894 N Sum 6883 5924 3407 16214 N Valid Sum 6883 5924 12807 printed 25.01.2012 page 225 Eurobarometer 61 - February-March 2004,isocntry M AT 383 (44.1) 486 (55.9) 183 1052 869 BE 391 (47.6) 430 (52.4) 190 1011 821 DE-E 373 (47.2) 418 (52.8) 241 1032 791 DE-W 416 (49.9) 417 (50.1) 204 1037 833 DK 544 (69.8) 235 (30.2) 221 1000 779 ES 293 (41.0) 421 (59.0) 286 1000 714 FI 572 (65.1) 306 (34.9) 150 1028 878 FR 310 (36.5) 539 (63.5) 170 1019 849 GB-GBN 467 (62.1) 285 (37.9) 283 1035 752 GB-NIR 122 (56.2) 95 (43.8) 91 308 217 GR 327 (39.1) 510 (60.9) 168 1005 837 IE 428 (61.9) 263 (38.1) 310 1001 691 IT 394 (47.9) 429 (52.1) 201 1024 823 LU 268 (51.8) 249 (48.2) 101 618 517 NL 557 (64.5) 306 (35.5) 181 1044 863 PT 394 (58.0) 285 (42.0) 321 1000 679 SE 644 (72.0) 250 (28.0) 106 1000 894 N Sum 6883 5924 3407 16214 N Valid Sum 6883 5924 12807 printed 25.01.2012 page 225 Eurobarometer 61 - February-March 2004,GESIS Variable Report,250,ZA4056
v219,v219 1 2 3 N Sum N Valid Sum,Q36 GLOBALISATION: GOOD THING FOR RESP,isocntry M AT 290 (34.0) 564 (66.0) 198 1052 854 BE 275 (36.2) 485 (63.8) 252 1012 760 DE-E 195 (27.0) 528 (73.0) 308 1031 723 DE-W 315 (39.9) 475 (60.1) 247 1037 790 DK 451 (61.8) 279 (38.2) 270 1000 730 ES 219 (32.5) 454 (67.5) 327 1000 673 FI 408 (52.1) 375 (47.9) 244 1027 783 FR 195 (24.1) 615 (75.9) 209 1019 810 GB-GBN 365 (55.5) 293 (44.5) 376 1034 658 GB-NIR 105 (51.2) 100 (48.8) 103 308 205 GR 285 (34.3) 547 (65.7) 173 1005 832 IE 379 (58.1) 273 (41.9) 349 1001 652 IT 304 (38.9) 478 (61.1) 243 1025 782 LU 217 (44.5) 271 (55.5) 131 619 488 NL 432 (55.5) 347 (44.5) 264 1043 779 PT 334 (48.3) 358 (51.7) 308 1000 692 SE 512 (60.5) 334 (39.5) 154 1000 846 N Sum 5281 6776 4156 16213 N Valid Sum 5281 6776 12057 printed 25.01.2012 page 226 Eurobarometer 61 - February-March 2004,isocntry M AT 290 (34.0) 564 (66.0) 198 1052 854 BE 275 (36.2) 485 (63.8) 252 1012 760 DE-E 195 (27.0) 528 (73.0) 308 1031 723 DE-W 315 (39.9) 475 (60.1) 247 1037 790 DK 451 (61.8) 279 (38.2) 270 1000 730 ES 219 (32.5) 454 (67.5) 327 1000 673 FI 408 (52.1) 375 (47.9) 244 1027 783 FR 195 (24.1) 615 (75.9) 209 1019 810 GB-GBN 365 (55.5) 293 (44.5) 376 1034 658 GB-NIR 105 (51.2) 100 (48.8) 103 308 205 GR 285 (34.3) 547 (65.7) 173 1005 832 IE 379 (58.1) 273 (41.9) 349 1001 652 IT 304 (38.9) 478 (61.1) 243 1025 782 LU 217 (44.5) 271 (55.5) 131 619 488 NL 432 (55.5) 347 (44.5) 264 1043 779 PT 334 (48.3) 358 (51.7) 308 1000 692 SE 512 (60.5) 334 (39.5) 154 1000 846 N Sum 5281 6776 4156 16213 N Valid Sum 5281 6776 12057 printed 25.01.2012 page 226 Eurobarometer 61 - February-March 2004,GESIS Variable Report,251,ZA4056
v220,v220 1 2 3 N Sum N Valid Sum,Q36 GLOBALISATION: LARGE COMPANY POWER,isocntry M AT 702 (79.1) 185 (20.9) 164 1051 887 BE 720 (84.0) 137 (16.0) 154 1011 857 DE-E 675 (81.2) 156 (18.8) 201 1032 831 DE-W 691 (77.6) 199 (22.4) 147 1037 890 DK 655 (79.0) 174 (21.0) 171 1000 829 ES 549 (76.9) 165 (23.1) 285 999 714 FI 764 (84.0) 145 (16.0) 118 1027 909 FR 787 (87.5) 112 (12.5) 120 1019 899 GB-GBN 537 (75.0) 179 (25.0) 319 1035 716 GB-NIR 186 (81.2) 43 (18.8) 79 308 229 GR 643 (78.9) 172 (21.1) 190 1005 815 IE 553 (77.7) 159 (22.3) 288 1000 712 IT 684 (79.5) 176 (20.5) 165 1025 860 LU 413 (78.8) 111 (21.2) 96 620 524 NL 643 (72.2) 248 (27.8) 153 1044 891 PT 520 (77.6) 150 (22.4) 330 1000 670 SE 644 (74.1) 225 (25.9) 132 1001 869 N Sum 10366 2736 3112 16214 N Valid Sum 10366 2736 13102 printed 25.01.2012 page 227 Eurobarometer 61 - February-March 2004,isocntry M AT 702 (79.1) 185 (20.9) 164 1051 887 BE 720 (84.0) 137 (16.0) 154 1011 857 DE-E 675 (81.2) 156 (18.8) 201 1032 831 DE-W 691 (77.6) 199 (22.4) 147 1037 890 DK 655 (79.0) 174 (21.0) 171 1000 829 ES 549 (76.9) 165 (23.1) 285 999 714 FI 764 (84.0) 145 (16.0) 118 1027 909 FR 787 (87.5) 112 (12.5) 120 1019 899 GB-GBN 537 (75.0) 179 (25.0) 319 1035 716 GB-NIR 186 (81.2) 43 (18.8) 79 308 229 GR 643 (78.9) 172 (21.1) 190 1005 815 IE 553 (77.7) 159 (22.3) 288 1000 712 IT 684 (79.5) 176 (20.5) 165 1025 860 LU 413 (78.8) 111 (21.2) 96 620 524 NL 643 (72.2) 248 (27.8) 153 1044 891 PT 520 (77.6) 150 (22.4) 330 1000 670 SE 644 (74.1) 225 (25.9) 132 1001 869 N Sum 10366 2736 3112 16214 N Valid Sum 10366 2736 13102 printed 25.01.2012 page 227 Eurobarometer 61 - February-March 2004,GESIS Variable Report,252,ZA4056
v221,v221 1 2 3 N Sum N Valid Sum,Q36 GLOBALISATION: ENVIRONMENT PROBLEMS,isocntry M AT 678 (75.8) 216 (24.2) 158 1052 894 BE 581 (70.3) 245 (29.7) 186 1012 826 DE-E 554 (71.6) 220 (28.4) 259 1033 774 DE-W 563 (68.2) 262 (31.8) 212 1037 825 DK 584 (72.3) 224 (27.7) 192 1000 808 ES 434 (66.9) 215 (33.1) 351 1000 649 FI 627 (71.7) 248 (28.3) 152 1027 875 FR 725 (83.6) 142 (16.4) 152 1019 867 GB-GBN 515 (72.0) 200 (28.0) 320 1035 715 GB-NIR 161 (74.5) 55 (25.5) 92 308 216 GR 539 (70.8) 222 (29.2) 244 1005 761 IE 565 (79.2) 148 (20.8) 288 1001 713 IT 555 (69.9) 239 (30.1) 231 1025 794 LU 402 (80.2) 99 (19.8) 118 619 501 NL 538 (64.3) 299 (35.7) 207 1044 837 PT 495 (74.5) 169 (25.5) 335 999 664 SE 584 (65.8) 304 (34.2) 112 1000 888 N Sum 9100 3507 3609 16216 N Valid Sum 9100 3507 12607 printed 25.01.2012 page 228 Eurobarometer 61 - February-March 2004,isocntry M AT 678 (75.8) 216 (24.2) 158 1052 894 BE 581 (70.3) 245 (29.7) 186 1012 826 DE-E 554 (71.6) 220 (28.4) 259 1033 774 DE-W 563 (68.2) 262 (31.8) 212 1037 825 DK 584 (72.3) 224 (27.7) 192 1000 808 ES 434 (66.9) 215 (33.1) 351 1000 649 FI 627 (71.7) 248 (28.3) 152 1027 875 FR 725 (83.6) 142 (16.4) 152 1019 867 GB-GBN 515 (72.0) 200 (28.0) 320 1035 715 GB-NIR 161 (74.5) 55 (25.5) 92 308 216 GR 539 (70.8) 222 (29.2) 244 1005 761 IE 565 (79.2) 148 (20.8) 288 1001 713 IT 555 (69.9) 239 (30.1) 231 1025 794 LU 402 (80.2) 99 (19.8) 118 619 501 NL 538 (64.3) 299 (35.7) 207 1044 837 PT 495 (74.5) 169 (25.5) 335 999 664 SE 584 (65.8) 304 (34.2) 112 1000 888 N Sum 9100 3507 3609 16216 N Valid Sum 9100 3507 12607 printed 25.01.2012 page 228 Eurobarometer 61 - February-March 2004,GESIS Variable Report,253,ZA4056
v222,v222 1 2 3 N Sum N Valid Sum,Q36 GLOBALISATION: OPPORTUNITY NAT COMP,isocntry M AT 509 (58.9) 355 (41.1) 188 1052 864 BE 417 (52.0) 385 (48.0) 210 1012 802 DE-E 436 (59.1) 302 (40.9) 294 1032 738 DE-W 471 (58.7) 331 (41.3) 236 1038 802 DK 627 (78.1) 176 (21.9) 197 1000 803 ES 350 (53.0) 311 (47.0) 339 1000 661 FI 610 (70.0) 262 (30.0) 155 1027 872 FR 381 (45.7) 453 (54.3) 186 1020 834 GB-GBN 532 (72.8) 199 (27.2) 304 1035 731 GB-NIR 148 (67.9) 70 (32.1) 91 309 218 GR 368 (49.2) 380 (50.8) 256 1004 748 IE 461 (67.3) 224 (32.7) 316 1001 685 IT 433 (55.9) 342 (44.1) 249 1024 775 LU 266 (56.4) 206 (43.6) 148 620 472 NL 621 (73.1) 229 (26.9) 194 1044 850 PT 392 (59.2) 270 (40.8) 338 1000 662 SE 697 (79.8) 176 (20.2) 127 1000 873 N Sum 7719 4671 3828 16218 N Valid Sum 7719 4671 12390 printed 25.01.2012 page 229 Eurobarometer 61 - February-March 2004,isocntry M AT 509 (58.9) 355 (41.1) 188 1052 864 BE 417 (52.0) 385 (48.0) 210 1012 802 DE-E 436 (59.1) 302 (40.9) 294 1032 738 DE-W 471 (58.7) 331 (41.3) 236 1038 802 DK 627 (78.1) 176 (21.9) 197 1000 803 ES 350 (53.0) 311 (47.0) 339 1000 661 FI 610 (70.0) 262 (30.0) 155 1027 872 FR 381 (45.7) 453 (54.3) 186 1020 834 GB-GBN 532 (72.8) 199 (27.2) 304 1035 731 GB-NIR 148 (67.9) 70 (32.1) 91 309 218 GR 368 (49.2) 380 (50.8) 256 1004 748 IE 461 (67.3) 224 (32.7) 316 1001 685 IT 433 (55.9) 342 (44.1) 249 1024 775 LU 266 (56.4) 206 (43.6) 148 620 472 NL 621 (73.1) 229 (26.9) 194 1044 850 PT 392 (59.2) 270 (40.8) 338 1000 662 SE 697 (79.8) 176 (20.2) 127 1000 873 N Sum 7719 4671 3828 16218 N Valid Sum 7719 4671 12390 printed 25.01.2012 page 229 Eurobarometer 61 - February-March 2004,GESIS Variable Report,254,ZA4056
v223,v223 1 2 3 N Sum N Valid Sum,Q36 GLOBALISATION: THREAT TO EMPLOYMENT,isocntry M AT 568 (64.8) 309 (35.2) 175 1052 877 BE 608 (71.7) 240 (28.3) 164 1012 848 DE-E 696 (81.5) 158 (18.5) 177 1031 854 DE-W 693 (77.6) 200 (22.4) 145 1038 893 DK 525 (63.9) 297 (36.1) 179 1001 822 ES 424 (61.0) 271 (39.0) 305 1000 695 FI 730 (80.0) 183 (20.0) 114 1027 913 FR 746 (83.1) 152 (16.9) 121 1019 898 GB-GBN 512 (70.7) 212 (29.3) 311 1035 724 GB-NIR 166 (71.9) 65 (28.1) 77 308 231 GR 602 (74.6) 205 (25.4) 198 1005 807 IE 518 (70.7) 215 (29.3) 269 1002 733 IT 471 (58.9) 329 (41.1) 225 1025 800 LU 413 (78.8) 111 (21.2) 95 619 524 NL 572 (67.1) 280 (32.9) 193 1045 852 PT 515 (73.6) 185 (26.4) 300 1000 700 SE 588 (64.3) 327 (35.7) 85 1000 915 N Sum 9347 3739 3133 16219 N Valid Sum 9347 3739 13086 printed 25.01.2012 page 230 Eurobarometer 61 - February-March 2004,isocntry M AT 568 (64.8) 309 (35.2) 175 1052 877 BE 608 (71.7) 240 (28.3) 164 1012 848 DE-E 696 (81.5) 158 (18.5) 177 1031 854 DE-W 693 (77.6) 200 (22.4) 145 1038 893 DK 525 (63.9) 297 (36.1) 179 1001 822 ES 424 (61.0) 271 (39.0) 305 1000 695 FI 730 (80.0) 183 (20.0) 114 1027 913 FR 746 (83.1) 152 (16.9) 121 1019 898 GB-GBN 512 (70.7) 212 (29.3) 311 1035 724 GB-NIR 166 (71.9) 65 (28.1) 77 308 231 GR 602 (74.6) 205 (25.4) 198 1005 807 IE 518 (70.7) 215 (29.3) 269 1002 733 IT 471 (58.9) 329 (41.1) 225 1025 800 LU 413 (78.8) 111 (21.2) 95 619 524 NL 572 (67.1) 280 (32.9) 193 1045 852 PT 515 (73.6) 185 (26.4) 300 1000 700 SE 588 (64.3) 327 (35.7) 85 1000 915 N Sum 9347 3739 3133 16219 N Valid Sum 9347 3739 13086 printed 25.01.2012 page 230 Eurobarometer 61 - February-March 2004,GESIS Variable Report,255,ZA4056
v224,v224 1 2 3 N Sum N Valid Sum,Q36 GLOBALISATION: PRODUCT VARIETY,isocntry M AT 706 (78.6) 192 (21.4) 154 1052 898 BE 602 (70.2) 256 (29.8) 154 1012 858 DE-E 529 (67.4) 256 (32.6) 247 1032 785 DE-W 627 (73.1) 231 (26.9) 179 1037 858 DK 752 (90.0) 84 (10.0) 163 999 836 ES 459 (66.0) 236 (34.0) 305 1000 695 FI 779 (85.0) 137 (15.0) 111 1027 916 FR 615 (70.9) 252 (29.1) 152 1019 867 GB-GBN 632 (81.0) 148 (19.0) 255 1035 780 GB-NIR 180 (80.7) 43 (19.3) 85 308 223 GR 626 (79.5) 161 (20.5) 218 1005 787 IE 627 (87.3) 91 (12.7) 283 1001 718 IT 573 (69.7) 249 (30.3) 204 1026 822 LU 419 (80.7) 100 (19.3) 100 619 519 NL 670 (76.4) 207 (23.6) 167 1044 877 PT 567 (79.3) 148 (20.7) 285 1000 715 SE 820 (89.7) 94 (10.3) 86 1000 914 N Sum 10183 2885 3148 16216 N Valid Sum 10183 2885 13068 printed 25.01.2012 page 231 Eurobarometer 61 - February-March 2004,isocntry M AT 706 (78.6) 192 (21.4) 154 1052 898 BE 602 (70.2) 256 (29.8) 154 1012 858 DE-E 529 (67.4) 256 (32.6) 247 1032 785 DE-W 627 (73.1) 231 (26.9) 179 1037 858 DK 752 (90.0) 84 (10.0) 163 999 836 ES 459 (66.0) 236 (34.0) 305 1000 695 FI 779 (85.0) 137 (15.0) 111 1027 916 FR 615 (70.9) 252 (29.1) 152 1019 867 GB-GBN 632 (81.0) 148 (19.0) 255 1035 780 GB-NIR 180 (80.7) 43 (19.3) 85 308 223 GR 626 (79.5) 161 (20.5) 218 1005 787 IE 627 (87.3) 91 (12.7) 283 1001 718 IT 573 (69.7) 249 (30.3) 204 1026 822 LU 419 (80.7) 100 (19.3) 100 619 519 NL 670 (76.4) 207 (23.6) 167 1044 877 PT 567 (79.3) 148 (20.7) 285 1000 715 SE 820 (89.7) 94 (10.3) 86 1000 914 N Sum 10183 2885 3148 16216 N Valid Sum 10183 2885 13068 printed 25.01.2012 page 231 Eurobarometer 61 - February-March 2004,GESIS Variable Report,256,ZA4056
v225,v225 1 2 3 N Sum N Valid Sum,Q36 GLOBALISATION: LOWER PRODUCT PRICES,isocntry M AT 444 (49.8) 448 (50.2) 160 1052 892 BE 296 (35.0) 549 (65.0) 167 1012 845 DE-E 468 (59.6) 317 (40.4) 247 1032 785 DE-W 556 (66.6) 279 (33.4) 201 1036 835 DK 583 (73.1) 214 (26.9) 202 999 797 ES 302 (45.6) 361 (54.4) 336 999 663 FI 610 (66.7) 305 (33.3) 112 1027 915 FR 351 (40.1) 524 (59.9) 145 1020 875 GB-GBN 506 (68.5) 233 (31.5) 296 1035 739 GB-NIR 151 (69.3) 67 (30.7) 90 308 218 GR 441 (58.6) 311 (41.4) 253 1005 752 IE 496 (72.2) 191 (27.8) 314 1001 687 IT 385 (48.4) 411 (51.6) 229 1025 796 LU 303 (60.1) 201 (39.9) 114 618 504 NL 543 (62.1) 331 (37.9) 170 1044 874 PT 400 (59.1) 277 (40.9) 322 999 677 SE 701 (76.9) 211 (23.1) 88 1000 912 N Sum 7536 5230 3446 16212 N Valid Sum 7536 5230 12766 printed 25.01.2012 page 232 Eurobarometer 61 - February-March 2004,isocntry M AT 444 (49.8) 448 (50.2) 160 1052 892 BE 296 (35.0) 549 (65.0) 167 1012 845 DE-E 468 (59.6) 317 (40.4) 247 1032 785 DE-W 556 (66.6) 279 (33.4) 201 1036 835 DK 583 (73.1) 214 (26.9) 202 999 797 ES 302 (45.6) 361 (54.4) 336 999 663 FI 610 (66.7) 305 (33.3) 112 1027 915 FR 351 (40.1) 524 (59.9) 145 1020 875 GB-GBN 506 (68.5) 233 (31.5) 296 1035 739 GB-NIR 151 (69.3) 67 (30.7) 90 308 218 GR 441 (58.6) 311 (41.4) 253 1005 752 IE 496 (72.2) 191 (27.8) 314 1001 687 IT 385 (48.4) 411 (51.6) 229 1025 796 LU 303 (60.1) 201 (39.9) 114 618 504 NL 543 (62.1) 331 (37.9) 170 1044 874 PT 400 (59.1) 277 (40.9) 322 999 677 SE 701 (76.9) 211 (23.1) 88 1000 912 N Sum 7536 5230 3446 16212 N Valid Sum 7536 5230 12766 printed 25.01.2012 page 232 Eurobarometer 61 - February-March 2004,GESIS Variable Report,257,ZA4056
v226,v226 1 2 3 N Sum N Valid Sum,Q36 GLOBALISATION: FOOD CONTROL PROBLEM,isocntry M AT 748 (81.9) 165 (18.1) 139 1052 913 BE 617 (71.8) 242 (28.2) 153 1012 859 DE-E 609 (77.5) 177 (22.5) 247 1033 786 DE-W 681 (78.0) 192 (22.0) 163 1036 873 DK 719 (84.6) 131 (15.4) 150 1000 850 ES 333 (52.1) 306 (47.9) 361 1000 639 FI 650 (69.9) 280 (30.1) 97 1027 930 FR 643 (74.4) 221 (25.6) 154 1018 864 GB-GBN 513 (70.0) 220 (30.0) 302 1035 733 GB-NIR 167 (74.6) 57 (25.4) 84 308 224 GR 581 (77.2) 172 (22.8) 252 1005 753 IE 516 (73.5) 186 (26.5) 299 1001 702 IT 601 (73.2) 220 (26.8) 203 1024 821 LU 398 (76.5) 122 (23.5) 99 619 520 NL 563 (64.4) 311 (35.6) 170 1044 874 PT 521 (74.7) 176 (25.3) 303 1000 697 SE 776 (83.0) 159 (17.0) 65 1000 935 N Sum 9636 3337 3241 16214 N Valid Sum 9636 3337 12973 printed 25.01.2012 page 233 Eurobarometer 61 - February-March 2004,isocntry M AT 748 (81.9) 165 (18.1) 139 1052 913 BE 617 (71.8) 242 (28.2) 153 1012 859 DE-E 609 (77.5) 177 (22.5) 247 1033 786 DE-W 681 (78.0) 192 (22.0) 163 1036 873 DK 719 (84.6) 131 (15.4) 150 1000 850 ES 333 (52.1) 306 (47.9) 361 1000 639 FI 650 (69.9) 280 (30.1) 97 1027 930 FR 643 (74.4) 221 (25.6) 154 1018 864 GB-GBN 513 (70.0) 220 (30.0) 302 1035 733 GB-NIR 167 (74.6) 57 (25.4) 84 308 224 GR 581 (77.2) 172 (22.8) 252 1005 753 IE 516 (73.5) 186 (26.5) 299 1001 702 IT 601 (73.2) 220 (26.8) 203 1024 821 LU 398 (76.5) 122 (23.5) 99 619 520 NL 563 (64.4) 311 (35.6) 170 1044 874 PT 521 (74.7) 176 (25.3) 303 1000 697 SE 776 (83.0) 159 (17.0) 65 1000 935 N Sum 9636 3337 3241 16214 N Valid Sum 9636 3337 12973 printed 25.01.2012 page 233 Eurobarometer 61 - February-March 2004,GESIS Variable Report,258,ZA4056
v227,v227 1 2 3 N Sum N Valid Sum,Q36 GLOBALISATION: UNIFORM WORLD,isocntry M AT 319 (40.6) 467 (59.4) 266 1052 786 BE 464 (58.0) 336 (42.0) 211 1011 800 DE-E 198 (27.7) 517 (72.3) 317 1032 715 DE-W 246 (32.2) 517 (67.8) 274 1037 763 DK 339 (42.2) 465 (57.8) 195 999 804 ES 316 (49.5) 322 (50.5) 362 1000 638 FI 581 (66.6) 292 (33.4) 154 1027 873 FR 635 (74.4) 219 (25.6) 165 1019 854 GB-GBN 342 (48.8) 359 (51.2) 335 1036 701 GB-NIR 96 (51.3) 91 (48.7) 121 308 187 GR 549 (72.8) 205 (27.2) 251 1005 754 IE 351 (54.3) 295 (45.7) 354 1000 646 IT 449 (57.6) 331 (42.4) 244 1024 780 LU 299 (60.3) 197 (39.7) 123 619 496 NL 389 (45.2) 472 (54.8) 183 1044 861 PT 392 (60.7) 254 (39.3) 354 1000 646 SE 387 (44.2) 489 (55.8) 124 1000 876 N Sum 6352 5828 4033 16213 N Valid Sum 6352 5828 12180 printed 25.01.2012 page 234 Eurobarometer 61 - February-March 2004,isocntry M AT 319 (40.6) 467 (59.4) 266 1052 786 BE 464 (58.0) 336 (42.0) 211 1011 800 DE-E 198 (27.7) 517 (72.3) 317 1032 715 DE-W 246 (32.2) 517 (67.8) 274 1037 763 DK 339 (42.2) 465 (57.8) 195 999 804 ES 316 (49.5) 322 (50.5) 362 1000 638 FI 581 (66.6) 292 (33.4) 154 1027 873 FR 635 (74.4) 219 (25.6) 165 1019 854 GB-GBN 342 (48.8) 359 (51.2) 335 1036 701 GB-NIR 96 (51.3) 91 (48.7) 121 308 187 GR 549 (72.8) 205 (27.2) 251 1005 754 IE 351 (54.3) 295 (45.7) 354 1000 646 IT 449 (57.6) 331 (42.4) 244 1024 780 LU 299 (60.3) 197 (39.7) 123 619 496 NL 389 (45.2) 472 (54.8) 183 1044 861 PT 392 (60.7) 254 (39.3) 354 1000 646 SE 387 (44.2) 489 (55.8) 124 1000 876 N Sum 6352 5828 4033 16213 N Valid Sum 6352 5828 12180 printed 25.01.2012 page 234 Eurobarometer 61 - February-March 2004,GESIS Variable Report,259,ZA4056
v228,v228 0 1 N Sum N Valid Sum,Q37 GLOBALIS CONTR TRUST: POLIT PARTIES,isocntry AT 938 (89.2) 114 (10.8) 1052 1052 BE 955 (94.4) 57 (5.6) 1012 1012 DE-E 969 (93.9) 63 (6.1) 1032 1032 DE-W 937 (90.4) 100 (9.6) 1037 1037 DK 862 (86.2) 138 (13.8) 1000 1000 ES 920 (92.0) 80 (8.0) 1000 1000 FI 970 (94.4) 57 (5.6) 1027 1027 FR 967 (94.9) 52 (5.1) 1019 1019 GB-GBN 992 (95.8) 43 (4.2) 1035 1035 GB-NIR 286 (92.9) 22 (7.1) 308 308 GR 921 (91.6) 84 (8.4) 1005 1005 IE 914 (91.3) 87 (8.7) 1001 1001 IT 979 (95.5) 46 (4.5) 1025 1025 LU 569 (91.9) 50 (8.1) 619 619 NL 910 (87.2) 134 (12.8) 1044 1044 PT 970 (97.0) 30 (3.0) 1000 1000 SE 901 (90.1) 99 (9.9) 1000 1000 N Sum 14960 1256 16216 N Valid Sum 14960 1256 16216 printed 25.01.2012 page 235 Eurobarometer 61 - February-March 2004,isocntry AT 938 (89.2) 114 (10.8) 1052 1052 BE 955 (94.4) 57 (5.6) 1012 1012 DE-E 969 (93.9) 63 (6.1) 1032 1032 DE-W 937 (90.4) 100 (9.6) 1037 1037 DK 862 (86.2) 138 (13.8) 1000 1000 ES 920 (92.0) 80 (8.0) 1000 1000 FI 970 (94.4) 57 (5.6) 1027 1027 FR 967 (94.9) 52 (5.1) 1019 1019 GB-GBN 992 (95.8) 43 (4.2) 1035 1035 GB-NIR 286 (92.9) 22 (7.1) 308 308 GR 921 (91.6) 84 (8.4) 1005 1005 IE 914 (91.3) 87 (8.7) 1001 1001 IT 979 (95.5) 46 (4.5) 1025 1025 LU 569 (91.9) 50 (8.1) 619 619 NL 910 (87.2) 134 (12.8) 1044 1044 PT 970 (97.0) 30 (3.0) 1000 1000 SE 901 (90.1) 99 (9.9) 1000 1000 N Sum 14960 1256 16216 N Valid Sum 14960 1256 16216 printed 25.01.2012 page 235 Eurobarometer 61 - February-March 2004,GESIS Variable Report,260,ZA4056
v229,v229 0 1 N Sum N Valid Sum,Q37 GLOBALIS CONTR TRUST: NAT GOVERNMENT,isocntry AT 873 (83.0) 179 (17.0) 1052 1052 BE 790 (78.1) 222 (21.9) 1012 1012 DE-E 897 (86.9) 135 (13.1) 1032 1032 DE-W 872 (84.1) 165 (15.9) 1037 1037 DK 719 (71.9) 281 (28.1) 1000 1000 ES 810 (81.0) 190 (19.0) 1000 1000 FI 797 (77.6) 230 (22.4) 1027 1027 FR 808 (79.3) 211 (20.7) 1019 1019 GB-GBN 830 (80.2) 205 (19.8) 1035 1035 GB-NIR 250 (81.2) 58 (18.8) 308 308 GR 665 (66.2) 340 (33.8) 1005 1005 IE 742 (74.1) 259 (25.9) 1001 1001 IT 880 (85.9) 145 (14.1) 1025 1025 LU 452 (73.0) 167 (27.0) 619 619 NL 776 (74.3) 268 (25.7) 1044 1044 PT 760 (76.0) 240 (24.0) 1000 1000 SE 749 (74.9) 251 (25.1) 1000 1000 N Sum 12670 3546 16216 N Valid Sum 12670 3546 16216 printed 25.01.2012 page 236 Eurobarometer 61 - February-March 2004,isocntry AT 873 (83.0) 179 (17.0) 1052 1052 BE 790 (78.1) 222 (21.9) 1012 1012 DE-E 897 (86.9) 135 (13.1) 1032 1032 DE-W 872 (84.1) 165 (15.9) 1037 1037 DK 719 (71.9) 281 (28.1) 1000 1000 ES 810 (81.0) 190 (19.0) 1000 1000 FI 797 (77.6) 230 (22.4) 1027 1027 FR 808 (79.3) 211 (20.7) 1019 1019 GB-GBN 830 (80.2) 205 (19.8) 1035 1035 GB-NIR 250 (81.2) 58 (18.8) 308 308 GR 665 (66.2) 340 (33.8) 1005 1005 IE 742 (74.1) 259 (25.9) 1001 1001 IT 880 (85.9) 145 (14.1) 1025 1025 LU 452 (73.0) 167 (27.0) 619 619 NL 776 (74.3) 268 (25.7) 1044 1044 PT 760 (76.0) 240 (24.0) 1000 1000 SE 749 (74.9) 251 (25.1) 1000 1000 N Sum 12670 3546 16216 N Valid Sum 12670 3546 16216 printed 25.01.2012 page 236 Eurobarometer 61 - February-March 2004,GESIS Variable Report,261,ZA4056
v230,v230 0 1 N Sum N Valid Sum,Q37 GLOBALIS CONTR TRUST: EU,isocntry AT 821 (78.0) 231 (22.0) 1052 1052 BE 658 (65.0) 354 (35.0) 1012 1012 DE-E 698 (67.6) 334 (32.4) 1032 1032 DE-W 691 (66.6) 346 (33.4) 1037 1037 DK 641 (64.1) 359 (35.9) 1000 1000 ES 762 (76.2) 238 (23.8) 1000 1000 FI 650 (63.3) 377 (36.7) 1027 1027 FR 807 (79.2) 212 (20.8) 1019 1019 GB-GBN 878 (84.8) 157 (15.2) 1035 1035 GB-NIR 229 (74.4) 79 (25.6) 308 308 GR 629 (62.6) 376 (37.4) 1005 1005 IE 727 (72.6) 274 (27.4) 1001 1001 IT 750 (73.2) 275 (26.8) 1025 1025 LU 422 (68.2) 197 (31.8) 619 619 NL 594 (56.9) 450 (43.1) 1044 1044 PT 696 (69.6) 304 (30.4) 1000 1000 SE 602 (60.2) 398 (39.8) 1000 1000 N Sum 11255 4961 16216 N Valid Sum 11255 4961 16216 printed 25.01.2012 page 237 Eurobarometer 61 - February-March 2004,isocntry AT 821 (78.0) 231 (22.0) 1052 1052 BE 658 (65.0) 354 (35.0) 1012 1012 DE-E 698 (67.6) 334 (32.4) 1032 1032 DE-W 691 (66.6) 346 (33.4) 1037 1037 DK 641 (64.1) 359 (35.9) 1000 1000 ES 762 (76.2) 238 (23.8) 1000 1000 FI 650 (63.3) 377 (36.7) 1027 1027 FR 807 (79.2) 212 (20.8) 1019 1019 GB-GBN 878 (84.8) 157 (15.2) 1035 1035 GB-NIR 229 (74.4) 79 (25.6) 308 308 GR 629 (62.6) 376 (37.4) 1005 1005 IE 727 (72.6) 274 (27.4) 1001 1001 IT 750 (73.2) 275 (26.8) 1025 1025 LU 422 (68.2) 197 (31.8) 619 619 NL 594 (56.9) 450 (43.1) 1044 1044 PT 696 (69.6) 304 (30.4) 1000 1000 SE 602 (60.2) 398 (39.8) 1000 1000 N Sum 11255 4961 16216 N Valid Sum 11255 4961 16216 printed 25.01.2012 page 237 Eurobarometer 61 - February-March 2004,GESIS Variable Report,262,ZA4056
v231,v231 0 1 N Sum N Valid Sum,Q37 GLOBALIS CONTR TRUST: ENVIRONM GRPS,isocntry AT 878 (83.5) 174 (16.5) 1052 1052 BE 913 (90.2) 99 (9.8) 1012 1012 DE-E 936 (90.7) 96 (9.3) 1032 1032 DE-W 903 (87.1) 134 (12.9) 1037 1037 DK 783 (78.3) 217 (21.7) 1000 1000 ES 873 (87.3) 127 (12.7) 1000 1000 FI 893 (87.0) 134 (13.0) 1027 1027 FR 814 (79.9) 205 (20.1) 1019 1019 GB-GBN 847 (81.8) 188 (18.2) 1035 1035 GB-NIR 264 (85.7) 44 (14.3) 308 308 GR 792 (78.8) 213 (21.2) 1005 1005 IE 813 (81.2) 188 (18.8) 1001 1001 IT 853 (83.2) 172 (16.8) 1025 1025 LU 536 (86.6) 83 (13.4) 619 619 NL 944 (90.4) 100 (9.6) 1044 1044 PT 931 (93.1) 69 (6.9) 1000 1000 SE 779 (77.9) 221 (22.1) 1000 1000 N Sum 13752 2464 16216 N Valid Sum 13752 2464 16216 printed 25.01.2012 page 238 Eurobarometer 61 - February-March 2004,isocntry AT 878 (83.5) 174 (16.5) 1052 1052 BE 913 (90.2) 99 (9.8) 1012 1012 DE-E 936 (90.7) 96 (9.3) 1032 1032 DE-W 903 (87.1) 134 (12.9) 1037 1037 DK 783 (78.3) 217 (21.7) 1000 1000 ES 873 (87.3) 127 (12.7) 1000 1000 FI 893 (87.0) 134 (13.0) 1027 1027 FR 814 (79.9) 205 (20.1) 1019 1019 GB-GBN 847 (81.8) 188 (18.2) 1035 1035 GB-NIR 264 (85.7) 44 (14.3) 308 308 GR 792 (78.8) 213 (21.2) 1005 1005 IE 813 (81.2) 188 (18.8) 1001 1001 IT 853 (83.2) 172 (16.8) 1025 1025 LU 536 (86.6) 83 (13.4) 619 619 NL 944 (90.4) 100 (9.6) 1044 1044 PT 931 (93.1) 69 (6.9) 1000 1000 SE 779 (77.9) 221 (22.1) 1000 1000 N Sum 13752 2464 16216 N Valid Sum 13752 2464 16216 printed 25.01.2012 page 238 Eurobarometer 61 - February-March 2004,GESIS Variable Report,263,ZA4056
v232,v232 0 1 N Sum N Valid Sum,Q37 GLOBALIS CONTR TRUST: TRADE UNIONS,isocntry AT 929 (88.3) 123 (11.7) 1052 1052 BE 902 (89.1) 110 (10.9) 1012 1012 DE-E 970 (94.0) 62 (6.0) 1032 1032 DE-W 953 (91.9) 84 (8.1) 1037 1037 DK 913 (91.3) 87 (8.7) 1000 1000 ES 929 (92.9) 71 (7.1) 1000 1000 FI 961 (93.6) 66 (6.4) 1027 1027 FR 912 (89.5) 107 (10.5) 1019 1019 GB-GBN 941 (90.9) 94 (9.1) 1035 1035 GB-NIR 284 (92.2) 24 (7.8) 308 308 GR 889 (88.5) 116 (11.5) 1005 1005 IE 908 (90.7) 93 (9.3) 1001 1001 IT 950 (92.7) 75 (7.3) 1025 1025 LU 552 (89.2) 67 (10.8) 619 619 NL 938 (89.8) 106 (10.2) 1044 1044 PT 945 (94.5) 55 (5.5) 1000 1000 SE 918 (91.8) 82 (8.2) 1000 1000 N Sum 14794 1422 16216 N Valid Sum 14794 1422 16216 printed 25.01.2012 page 239 Eurobarometer 61 - February-March 2004,isocntry AT 929 (88.3) 123 (11.7) 1052 1052 BE 902 (89.1) 110 (10.9) 1012 1012 DE-E 970 (94.0) 62 (6.0) 1032 1032 DE-W 953 (91.9) 84 (8.1) 1037 1037 DK 913 (91.3) 87 (8.7) 1000 1000 ES 929 (92.9) 71 (7.1) 1000 1000 FI 961 (93.6) 66 (6.4) 1027 1027 FR 912 (89.5) 107 (10.5) 1019 1019 GB-GBN 941 (90.9) 94 (9.1) 1035 1035 GB-NIR 284 (92.2) 24 (7.8) 308 308 GR 889 (88.5) 116 (11.5) 1005 1005 IE 908 (90.7) 93 (9.3) 1001 1001 IT 950 (92.7) 75 (7.3) 1025 1025 LU 552 (89.2) 67 (10.8) 619 619 NL 938 (89.8) 106 (10.2) 1044 1044 PT 945 (94.5) 55 (5.5) 1000 1000 SE 918 (91.8) 82 (8.2) 1000 1000 N Sum 14794 1422 16216 N Valid Sum 14794 1422 16216 printed 25.01.2012 page 239 Eurobarometer 61 - February-March 2004,GESIS Variable Report,264,ZA4056
v233,v233 0 1 N Sum N Valid Sum,Q37 GLOBALIS CONTR TRUST: CONSUMER ASSOC,isocntry AT 853 (81.1) 199 (18.9) 1052 1052 BE 761 (75.2) 251 (24.8) 1012 1012 DE-E 838 (81.2) 194 (18.8) 1032 1032 DE-W 750 (72.3) 287 (27.7) 1037 1037 DK 819 (81.9) 181 (18.1) 1000 1000 ES 850 (85.0) 150 (15.0) 1000 1000 FI 871 (84.8) 156 (15.2) 1027 1027 FR 674 (66.1) 345 (33.9) 1019 1019 GB-GBN 868 (83.9) 167 (16.1) 1035 1035 GB-NIR 251 (81.5) 57 (18.5) 308 308 GR 743 (73.9) 262 (26.1) 1005 1005 IE 777 (77.6) 224 (22.4) 1001 1001 IT 609 (59.4) 416 (40.6) 1025 1025 LU 526 (85.0) 93 (15.0) 619 619 NL 833 (79.8) 211 (20.2) 1044 1044 PT 861 (86.1) 139 (13.9) 1000 1000 SE 818 (81.8) 182 (18.2) 1000 1000 N Sum 12702 3514 16216 N Valid Sum 12702 3514 16216 printed 25.01.2012 page 240 Eurobarometer 61 - February-March 2004,isocntry AT 853 (81.1) 199 (18.9) 1052 1052 BE 761 (75.2) 251 (24.8) 1012 1012 DE-E 838 (81.2) 194 (18.8) 1032 1032 DE-W 750 (72.3) 287 (27.7) 1037 1037 DK 819 (81.9) 181 (18.1) 1000 1000 ES 850 (85.0) 150 (15.0) 1000 1000 FI 871 (84.8) 156 (15.2) 1027 1027 FR 674 (66.1) 345 (33.9) 1019 1019 GB-GBN 868 (83.9) 167 (16.1) 1035 1035 GB-NIR 251 (81.5) 57 (18.5) 308 308 GR 743 (73.9) 262 (26.1) 1005 1005 IE 777 (77.6) 224 (22.4) 1001 1001 IT 609 (59.4) 416 (40.6) 1025 1025 LU 526 (85.0) 93 (15.0) 619 619 NL 833 (79.8) 211 (20.2) 1044 1044 PT 861 (86.1) 139 (13.9) 1000 1000 SE 818 (81.8) 182 (18.2) 1000 1000 N Sum 12702 3514 16216 N Valid Sum 12702 3514 16216 printed 25.01.2012 page 240 Eurobarometer 61 - February-March 2004,GESIS Variable Report,265,ZA4056
v234,v234 0 1 N Sum N Valid Sum,Q37 GLOBALIS CONTR TRUST: MULTINAT COMP,isocntry AT 980 (93.2) 72 (6.8) 1052 1052 BE 994 (98.2) 18 (1.8) 1012 1012 DE-E 970 (94.0) 62 (6.0) 1032 1032 DE-W 977 (94.2) 60 (5.8) 1037 1037 DK 905 (90.5) 95 (9.5) 1000 1000 ES 976 (97.6) 24 (2.4) 1000 1000 FI 865 (84.2) 162 (15.8) 1027 1027 FR 992 (97.4) 27 (2.6) 1019 1019 GB-GBN 990 (95.7) 45 (4.3) 1035 1035 GB-NIR 300 (97.4) 8 (2.6) 308 308 GR 970 (96.5) 35 (3.5) 1005 1005 IE 957 (95.6) 44 (4.4) 1001 1001 IT 1001 (97.7) 24 (2.3) 1025 1025 LU 608 (98.2) 11 (1.8) 619 619 NL 933 (89.4) 111 (10.6) 1044 1044 PT 982 (98.2) 18 (1.8) 1000 1000 SE 819 (81.9) 181 (18.1) 1000 1000 N Sum 15219 997 16216 N Valid Sum 15219 997 16216 printed 25.01.2012 page 241 Eurobarometer 61 - February-March 2004,isocntry AT 980 (93.2) 72 (6.8) 1052 1052 BE 994 (98.2) 18 (1.8) 1012 1012 DE-E 970 (94.0) 62 (6.0) 1032 1032 DE-W 977 (94.2) 60 (5.8) 1037 1037 DK 905 (90.5) 95 (9.5) 1000 1000 ES 976 (97.6) 24 (2.4) 1000 1000 FI 865 (84.2) 162 (15.8) 1027 1027 FR 992 (97.4) 27 (2.6) 1019 1019 GB-GBN 990 (95.7) 45 (4.3) 1035 1035 GB-NIR 300 (97.4) 8 (2.6) 308 308 GR 970 (96.5) 35 (3.5) 1005 1005 IE 957 (95.6) 44 (4.4) 1001 1001 IT 1001 (97.7) 24 (2.3) 1025 1025 LU 608 (98.2) 11 (1.8) 619 619 NL 933 (89.4) 111 (10.6) 1044 1044 PT 982 (98.2) 18 (1.8) 1000 1000 SE 819 (81.9) 181 (18.1) 1000 1000 N Sum 15219 997 16216 N Valid Sum 15219 997 16216 printed 25.01.2012 page 241 Eurobarometer 61 - February-March 2004,GESIS Variable Report,266,ZA4056
v235,v235 0 1 N Sum N Valid Sum,Q37 GLOBALIS CONTR TRUST: WTO,isocntry AT 887 (84.3) 165 (15.7) 1052 1052 BE 853 (84.3) 159 (15.7) 1012 1012 DE-E 826 (80.0) 206 (20.0) 1032 1032 DE-W 829 (79.9) 208 (20.1) 1037 1037 DK 773 (77.3) 227 (22.7) 1000 1000 ES 933 (93.3) 67 (6.7) 1000 1000 FI 727 (70.8) 300 (29.2) 1027 1027 FR 900 (88.3) 119 (11.7) 1019 1019 GB-GBN 800 (77.3) 235 (22.7) 1035 1035 GB-NIR 256 (83.1) 52 (16.9) 308 308 GR 874 (87.0) 131 (13.0) 1005 1005 IE 822 (82.1) 179 (17.9) 1001 1001 IT 876 (85.5) 149 (14.5) 1025 1025 LU 537 (86.8) 82 (13.2) 619 619 NL 634 (60.7) 410 (39.3) 1044 1044 PT 948 (94.8) 52 (5.2) 1000 1000 SE 643 (64.3) 357 (35.7) 1000 1000 N Sum 13118 3098 16216 N Valid Sum 13118 3098 16216 printed 25.01.2012 page 242 Eurobarometer 61 - February-March 2004,isocntry AT 887 (84.3) 165 (15.7) 1052 1052 BE 853 (84.3) 159 (15.7) 1012 1012 DE-E 826 (80.0) 206 (20.0) 1032 1032 DE-W 829 (79.9) 208 (20.1) 1037 1037 DK 773 (77.3) 227 (22.7) 1000 1000 ES 933 (93.3) 67 (6.7) 1000 1000 FI 727 (70.8) 300 (29.2) 1027 1027 FR 900 (88.3) 119 (11.7) 1019 1019 GB-GBN 800 (77.3) 235 (22.7) 1035 1035 GB-NIR 256 (83.1) 52 (16.9) 308 308 GR 874 (87.0) 131 (13.0) 1005 1005 IE 822 (82.1) 179 (17.9) 1001 1001 IT 876 (85.5) 149 (14.5) 1025 1025 LU 537 (86.8) 82 (13.2) 619 619 NL 634 (60.7) 410 (39.3) 1044 1044 PT 948 (94.8) 52 (5.2) 1000 1000 SE 643 (64.3) 357 (35.7) 1000 1000 N Sum 13118 3098 16216 N Valid Sum 13118 3098 16216 printed 25.01.2012 page 242 Eurobarometer 61 - February-March 2004,GESIS Variable Report,267,ZA4056
v236,v236 0 1 N Sum N Valid Sum,Q37 GLOBALIS CONTR TRUST: UN,isocntry AT 933 (88.7) 119 (11.3) 1052 1052 BE 901 (89.0) 111 (11.0) 1012 1012 DE-E 817 (79.2) 215 (20.8) 1032 1032 DE-W 863 (83.2) 174 (16.8) 1037 1037 DK 742 (74.2) 258 (25.8) 1000 1000 ES 896 (89.6) 104 (10.4) 1000 1000 FI 746 (72.6) 281 (27.4) 1027 1027 FR 949 (93.1) 70 (6.9) 1019 1019 GB-GBN 852 (82.3) 183 (17.7) 1035 1035 GB-NIR 262 (85.1) 46 (14.9) 308 308 GR 936 (93.1) 69 (6.9) 1005 1005 IE 909 (90.8) 92 (9.2) 1001 1001 IT 950 (92.7) 75 (7.3) 1025 1025 LU 535 (86.4) 84 (13.6) 619 619 NL 856 (82.0) 188 (18.0) 1044 1044 PT 901 (90.1) 99 (9.9) 1000 1000 SE 723 (72.3) 277 (27.7) 1000 1000 N Sum 13771 2445 16216 N Valid Sum 13771 2445 16216 printed 25.01.2012 page 243 Eurobarometer 61 - February-March 2004,isocntry AT 933 (88.7) 119 (11.3) 1052 1052 BE 901 (89.0) 111 (11.0) 1012 1012 DE-E 817 (79.2) 215 (20.8) 1032 1032 DE-W 863 (83.2) 174 (16.8) 1037 1037 DK 742 (74.2) 258 (25.8) 1000 1000 ES 896 (89.6) 104 (10.4) 1000 1000 FI 746 (72.6) 281 (27.4) 1027 1027 FR 949 (93.1) 70 (6.9) 1019 1019 GB-GBN 852 (82.3) 183 (17.7) 1035 1035 GB-NIR 262 (85.1) 46 (14.9) 308 308 GR 936 (93.1) 69 (6.9) 1005 1005 IE 909 (90.8) 92 (9.2) 1001 1001 IT 950 (92.7) 75 (7.3) 1025 1025 LU 535 (86.4) 84 (13.6) 619 619 NL 856 (82.0) 188 (18.0) 1044 1044 PT 901 (90.1) 99 (9.9) 1000 1000 SE 723 (72.3) 277 (27.7) 1000 1000 N Sum 13771 2445 16216 N Valid Sum 13771 2445 16216 printed 25.01.2012 page 243 Eurobarometer 61 - February-March 2004,GESIS Variable Report,268,ZA4056
v237,v237 0 1 N Sum N Valid Sum,Q37 GLOBALIS CONTR TRUST: WORLD BANK,isocntry AT 986 (93.7) 66 (6.3) 1052 1052 BE 938 (92.7) 74 (7.3) 1012 1012 DE-E 883 (85.6) 149 (14.4) 1032 1032 DE-W 878 (84.7) 159 (15.3) 1037 1037 DK 808 (80.8) 192 (19.2) 1000 1000 ES 957 (95.7) 43 (4.3) 1000 1000 FI 787 (76.6) 240 (23.4) 1027 1027 FR 962 (94.4) 57 (5.6) 1019 1019 GB-GBN 943 (91.1) 92 (8.9) 1035 1035 GB-NIR 286 (92.9) 22 (7.1) 308 308 GR 949 (94.4) 56 (5.6) 1005 1005 IE 953 (95.2) 48 (4.8) 1001 1001 IT 963 (94.0) 62 (6.0) 1025 1025 LU 574 (92.7) 45 (7.3) 619 619 NL 798 (76.4) 246 (23.6) 1044 1044 PT 967 (96.7) 33 (3.3) 1000 1000 SE 698 (69.8) 302 (30.2) 1000 1000 N Sum 14330 1886 16216 N Valid Sum 14330 1886 16216 printed 25.01.2012 page 244 Eurobarometer 61 - February-March 2004,isocntry AT 986 (93.7) 66 (6.3) 1052 1052 BE 938 (92.7) 74 (7.3) 1012 1012 DE-E 883 (85.6) 149 (14.4) 1032 1032 DE-W 878 (84.7) 159 (15.3) 1037 1037 DK 808 (80.8) 192 (19.2) 1000 1000 ES 957 (95.7) 43 (4.3) 1000 1000 FI 787 (76.6) 240 (23.4) 1027 1027 FR 962 (94.4) 57 (5.6) 1019 1019 GB-GBN 943 (91.1) 92 (8.9) 1035 1035 GB-NIR 286 (92.9) 22 (7.1) 308 308 GR 949 (94.4) 56 (5.6) 1005 1005 IE 953 (95.2) 48 (4.8) 1001 1001 IT 963 (94.0) 62 (6.0) 1025 1025 LU 574 (92.7) 45 (7.3) 619 619 NL 798 (76.4) 246 (23.6) 1044 1044 PT 967 (96.7) 33 (3.3) 1000 1000 SE 698 (69.8) 302 (30.2) 1000 1000 N Sum 14330 1886 16216 N Valid Sum 14330 1886 16216 printed 25.01.2012 page 244 Eurobarometer 61 - February-March 2004,GESIS Variable Report,269,ZA4056
v238,v238 0 1 N Sum N Valid Sum,Q37 GLOBALIS CONTR TRUST: US GOVERNMENT,isocntry AT 1015 (96.5) 37 (3.5) 1052 1052 BE 1002 (99.0) 10 (1.0) 1012 1012 DE-E 1009 (97.8) 23 (2.2) 1032 1032 DE-W 1011 (97.5) 26 (2.5) 1037 1037 DK 928 (92.8) 72 (7.2) 1000 1000 ES 978 (97.8) 22 (2.2) 1000 1000 FI 967 (94.2) 60 (5.8) 1027 1027 FR 1006 (98.7) 13 (1.3) 1019 1019 GB-GBN 1003 (96.9) 32 (3.1) 1035 1035 GB-NIR 303 (98.4) 5 (1.6) 308 308 GR 990 (98.5) 15 (1.5) 1005 1005 IE 979 (97.8) 22 (2.2) 1001 1001 IT 1000 (97.6) 25 (2.4) 1025 1025 LU 605 (97.7) 14 (2.3) 619 619 NL 971 (93.0) 73 (7.0) 1044 1044 PT 995 (99.5) 5 (0.5) 1000 1000 SE 880 (88.0) 120 (12.0) 1000 1000 N Sum 15642 574 16216 N Valid Sum 15642 574 16216 printed 25.01.2012 page 245 Eurobarometer 61 - February-March 2004,isocntry AT 1015 (96.5) 37 (3.5) 1052 1052 BE 1002 (99.0) 10 (1.0) 1012 1012 DE-E 1009 (97.8) 23 (2.2) 1032 1032 DE-W 1011 (97.5) 26 (2.5) 1037 1037 DK 928 (92.8) 72 (7.2) 1000 1000 ES 978 (97.8) 22 (2.2) 1000 1000 FI 967 (94.2) 60 (5.8) 1027 1027 FR 1006 (98.7) 13 (1.3) 1019 1019 GB-GBN 1003 (96.9) 32 (3.1) 1035 1035 GB-NIR 303 (98.4) 5 (1.6) 308 308 GR 990 (98.5) 15 (1.5) 1005 1005 IE 979 (97.8) 22 (2.2) 1001 1001 IT 1000 (97.6) 25 (2.4) 1025 1025 LU 605 (97.7) 14 (2.3) 619 619 NL 971 (93.0) 73 (7.0) 1044 1044 PT 995 (99.5) 5 (0.5) 1000 1000 SE 880 (88.0) 120 (12.0) 1000 1000 N Sum 15642 574 16216 N Valid Sum 15642 574 16216 printed 25.01.2012 page 245 Eurobarometer 61 - February-March 2004,GESIS Variable Report,270,ZA4056
v239,v239 0 1 N Sum N Valid Sum,Q37 GLOBALIS CONTR TRUST: ANTI-G MOVEMENT,isocntry AT 936 (89.0) 116 (11.0) 1052 1052 BE 916 (90.5) 96 (9.5) 1012 1012 DE-E 900 (87.2) 132 (12.8) 1032 1032 DE-W 895 (86.3) 142 (13.7) 1037 1037 DK 932 (93.2) 68 (6.8) 1000 1000 ES 857 (85.7) 143 (14.3) 1000 1000 FI 915 (89.1) 112 (10.9) 1027 1027 FR 795 (78.0) 224 (22.0) 1019 1019 GB-GBN 958 (92.6) 77 (7.4) 1035 1035 GB-NIR 288 (93.5) 20 (6.5) 308 308 GR 806 (80.2) 199 (19.8) 1005 1005 IE 902 (90.1) 99 (9.9) 1001 1001 IT 890 (86.8) 135 (13.2) 1025 1025 LU 567 (91.6) 52 (8.4) 619 619 NL 937 (89.8) 107 (10.2) 1044 1044 PT 955 (95.5) 45 (4.5) 1000 1000 SE 898 (89.8) 102 (10.2) 1000 1000 N Sum 14347 1869 16216 N Valid Sum 14347 1869 16216 printed 25.01.2012 page 246 Eurobarometer 61 - February-March 2004,isocntry AT 936 (89.0) 116 (11.0) 1052 1052 BE 916 (90.5) 96 (9.5) 1012 1012 DE-E 900 (87.2) 132 (12.8) 1032 1032 DE-W 895 (86.3) 142 (13.7) 1037 1037 DK 932 (93.2) 68 (6.8) 1000 1000 ES 857 (85.7) 143 (14.3) 1000 1000 FI 915 (89.1) 112 (10.9) 1027 1027 FR 795 (78.0) 224 (22.0) 1019 1019 GB-GBN 958 (92.6) 77 (7.4) 1035 1035 GB-NIR 288 (93.5) 20 (6.5) 308 308 GR 806 (80.2) 199 (19.8) 1005 1005 IE 902 (90.1) 99 (9.9) 1001 1001 IT 890 (86.8) 135 (13.2) 1025 1025 LU 567 (91.6) 52 (8.4) 619 619 NL 937 (89.8) 107 (10.2) 1044 1044 PT 955 (95.5) 45 (4.5) 1000 1000 SE 898 (89.8) 102 (10.2) 1000 1000 N Sum 14347 1869 16216 N Valid Sum 14347 1869 16216 printed 25.01.2012 page 246 Eurobarometer 61 - February-March 2004,GESIS Variable Report,271,ZA4056
v240,v240 0 1 N Sum N Valid Sum,Q37 GLOBALIS CONTR TRUST: NON-GOVRNM ORG,isocntry AT 962 (91.4) 90 (8.6) 1052 1052 BE 871 (86.1) 141 (13.9) 1012 1012 DE-E 972 (94.2) 60 (5.8) 1032 1032 DE-W 969 (93.4) 68 (6.6) 1037 1037 DK 896 (89.6) 104 (10.4) 1000 1000 ES 855 (85.5) 145 (14.5) 1000 1000 FI 902 (87.8) 125 (12.2) 1027 1027 FR 802 (78.7) 217 (21.3) 1019 1019 GB-GBN 914 (88.3) 121 (11.7) 1035 1035 GB-NIR 283 (91.9) 25 (8.1) 308 308 GR 876 (87.2) 129 (12.8) 1005 1005 IE 930 (92.9) 71 (7.1) 1001 1001 IT 807 (78.7) 218 (21.3) 1025 1025 LU 553 (89.3) 66 (10.7) 619 619 NL 1008 (96.6) 36 (3.4) 1044 1044 PT 954 (95.4) 46 (4.6) 1000 1000 SE 948 (94.8) 52 (5.2) 1000 1000 N Sum 14502 1714 16216 N Valid Sum 14502 1714 16216 printed 25.01.2012 page 247 Eurobarometer 61 - February-March 2004,isocntry AT 962 (91.4) 90 (8.6) 1052 1052 BE 871 (86.1) 141 (13.9) 1012 1012 DE-E 972 (94.2) 60 (5.8) 1032 1032 DE-W 969 (93.4) 68 (6.6) 1037 1037 DK 896 (89.6) 104 (10.4) 1000 1000 ES 855 (85.5) 145 (14.5) 1000 1000 FI 902 (87.8) 125 (12.2) 1027 1027 FR 802 (78.7) 217 (21.3) 1019 1019 GB-GBN 914 (88.3) 121 (11.7) 1035 1035 GB-NIR 283 (91.9) 25 (8.1) 308 308 GR 876 (87.2) 129 (12.8) 1005 1005 IE 930 (92.9) 71 (7.1) 1001 1001 IT 807 (78.7) 218 (21.3) 1025 1025 LU 553 (89.3) 66 (10.7) 619 619 NL 1008 (96.6) 36 (3.4) 1044 1044 PT 954 (95.4) 46 (4.6) 1000 1000 SE 948 (94.8) 52 (5.2) 1000 1000 N Sum 14502 1714 16216 N Valid Sum 14502 1714 16216 printed 25.01.2012 page 247 Eurobarometer 61 - February-March 2004,GESIS Variable Report,272,ZA4056
v241,v241 0 1 N Sum N Valid Sum,Q37 GLOBALIS CONTR TRUST: CITIZENS,isocntry AT 829 (78.8) 223 (21.2) 1052 1052 BE 727 (71.8) 285 (28.2) 1012 1012 DE-E 844 (81.8) 188 (18.2) 1032 1032 DE-W 782 (75.4) 255 (24.6) 1037 1037 DK 743 (74.3) 257 (25.7) 1000 1000 ES 839 (83.9) 161 (16.1) 1000 1000 FI 721 (70.2) 306 (29.8) 1027 1027 FR 702 (68.9) 317 (31.1) 1019 1019 GB-GBN 817 (78.9) 218 (21.1) 1035 1035 GB-NIR 245 (79.5) 63 (20.5) 308 308 GR 721 (71.7) 284 (28.3) 1005 1005 IE 841 (84.0) 160 (16.0) 1001 1001 IT 793 (77.4) 232 (22.6) 1025 1025 LU 484 (78.2) 135 (21.8) 619 619 NL 791 (75.8) 253 (24.2) 1044 1044 PT 854 (85.4) 146 (14.6) 1000 1000 SE 742 (74.2) 258 (25.8) 1000 1000 N Sum 12475 3741 16216 N Valid Sum 12475 3741 16216 printed 25.01.2012 page 248 Eurobarometer 61 - February-March 2004,isocntry AT 829 (78.8) 223 (21.2) 1052 1052 BE 727 (71.8) 285 (28.2) 1012 1012 DE-E 844 (81.8) 188 (18.2) 1032 1032 DE-W 782 (75.4) 255 (24.6) 1037 1037 DK 743 (74.3) 257 (25.7) 1000 1000 ES 839 (83.9) 161 (16.1) 1000 1000 FI 721 (70.2) 306 (29.8) 1027 1027 FR 702 (68.9) 317 (31.1) 1019 1019 GB-GBN 817 (78.9) 218 (21.1) 1035 1035 GB-NIR 245 (79.5) 63 (20.5) 308 308 GR 721 (71.7) 284 (28.3) 1005 1005 IE 841 (84.0) 160 (16.0) 1001 1001 IT 793 (77.4) 232 (22.6) 1025 1025 LU 484 (78.2) 135 (21.8) 619 619 NL 791 (75.8) 253 (24.2) 1044 1044 PT 854 (85.4) 146 (14.6) 1000 1000 SE 742 (74.2) 258 (25.8) 1000 1000 N Sum 12475 3741 16216 N Valid Sum 12475 3741 16216 printed 25.01.2012 page 248 Eurobarometer 61 - February-March 2004,GESIS Variable Report,273,ZA4056
v242,v242 0 1 N Sum N Valid Sum,Q37 GLOBALIS CONTR TRUST: OTHERS,isocntry AT 1044 (99.2) 8 (0.8) 1052 1052 BE 1004 (99.2) 8 (0.8) 1012 1012 DE-E 1029 (99.7) 3 (0.3) 1032 1032 DE-W 1029 (99.2) 8 (0.8) 1037 1037 DK 995 (99.5) 5 (0.5) 1000 1000 ES 983 (98.3) 17 (1.7) 1000 1000 FI 1022 (99.5) 5 (0.5) 1027 1027 FR 1013 (99.4) 6 (0.6) 1019 1019 GB-GBN 1028 (99.3) 7 (0.7) 1035 1035 GB-NIR 308 (100.0) 308 308 GR 998 (99.3) 7 (0.7) 1005 1005 IE 995 (99.4) 6 (0.6) 1001 1001 IT 1015 (99.0) 10 (1.0) 1025 1025 LU 610 (98.5) 9 (1.5) 619 619 NL 1038 (99.4) 6 (0.6) 1044 1044 PT 998 (99.8) 2 (0.2) 1000 1000 SE 994 (99.4) 6 (0.6) 1000 1000 N Sum 16103 113 16216 N Valid Sum 16103 113 16216 printed 25.01.2012 page 249 Eurobarometer 61 - February-March 2004,isocntry AT 1044 (99.2) 8 (0.8) 1052 1052 BE 1004 (99.2) 8 (0.8) 1012 1012 DE-E 1029 (99.7) 3 (0.3) 1032 1032 DE-W 1029 (99.2) 8 (0.8) 1037 1037 DK 995 (99.5) 5 (0.5) 1000 1000 ES 983 (98.3) 17 (1.7) 1000 1000 FI 1022 (99.5) 5 (0.5) 1027 1027 FR 1013 (99.4) 6 (0.6) 1019 1019 GB-GBN 1028 (99.3) 7 (0.7) 1035 1035 GB-NIR 308 (100.0) 308 308 GR 998 (99.3) 7 (0.7) 1005 1005 IE 995 (99.4) 6 (0.6) 1001 1001 IT 1015 (99.0) 10 (1.0) 1025 1025 LU 610 (98.5) 9 (1.5) 619 619 NL 1038 (99.4) 6 (0.6) 1044 1044 PT 998 (99.8) 2 (0.2) 1000 1000 SE 994 (99.4) 6 (0.6) 1000 1000 N Sum 16103 113 16216 N Valid Sum 16103 113 16216 printed 25.01.2012 page 249 Eurobarometer 61 - February-March 2004,GESIS Variable Report,274,ZA4056
v243,v243 0 1 N Sum N Valid Sum,Q37 GLOBALIS CONTR TRUST: NO ONE,isocntry AT 913 (86.8) 139 (13.2) 1052 1052 BE 932 (92.1) 80 (7.9) 1012 1012 DE-E 888 (86.0) 144 (14.0) 1032 1032 DE-W 940 (90.6) 97 (9.4) 1037 1037 DK 973 (97.3) 27 (2.7) 1000 1000 ES 882 (88.2) 118 (11.8) 1000 1000 FI 979 (95.3) 48 (4.7) 1027 1027 FR 881 (86.5) 138 (13.5) 1019 1019 GB-GBN 967 (93.4) 68 (6.6) 1035 1035 GB-NIR 296 (96.1) 12 (3.9) 308 308 GR 958 (95.3) 47 (4.7) 1005 1005 IE 956 (95.5) 45 (4.5) 1001 1001 IT 945 (92.2) 80 (7.8) 1025 1025 LU 556 (89.8) 63 (10.2) 619 619 NL 1020 (97.7) 24 (2.3) 1044 1044 PT 910 (91.0) 90 (9.0) 1000 1000 SE 967 (96.7) 33 (3.3) 1000 1000 N Sum 14963 1253 16216 N Valid Sum 14963 1253 16216 printed 25.01.2012 page 250 Eurobarometer 61 - February-March 2004,isocntry AT 913 (86.8) 139 (13.2) 1052 1052 BE 932 (92.1) 80 (7.9) 1012 1012 DE-E 888 (86.0) 144 (14.0) 1032 1032 DE-W 940 (90.6) 97 (9.4) 1037 1037 DK 973 (97.3) 27 (2.7) 1000 1000 ES 882 (88.2) 118 (11.8) 1000 1000 FI 979 (95.3) 48 (4.7) 1027 1027 FR 881 (86.5) 138 (13.5) 1019 1019 GB-GBN 967 (93.4) 68 (6.6) 1035 1035 GB-NIR 296 (96.1) 12 (3.9) 308 308 GR 958 (95.3) 47 (4.7) 1005 1005 IE 956 (95.5) 45 (4.5) 1001 1001 IT 945 (92.2) 80 (7.8) 1025 1025 LU 556 (89.8) 63 (10.2) 619 619 NL 1020 (97.7) 24 (2.3) 1044 1044 PT 910 (91.0) 90 (9.0) 1000 1000 SE 967 (96.7) 33 (3.3) 1000 1000 N Sum 14963 1253 16216 N Valid Sum 14963 1253 16216 printed 25.01.2012 page 250 Eurobarometer 61 - February-March 2004,GESIS Variable Report,275,ZA4056
v244,v244 0 1 N Sum N Valid Sum,Q37 GLOBALIS CONTR TRUST: DK,isocntry AT 896 (85.2) 156 (14.8) 1052 1052 BE 915 (90.4) 97 (9.6) 1012 1012 DE-E 911 (88.3) 121 (11.7) 1032 1032 DE-W 918 (88.5) 119 (11.5) 1037 1037 DK 837 (83.7) 163 (16.3) 1000 1000 ES 807 (80.7) 193 (19.3) 1000 1000 FI 959 (93.4) 68 (6.6) 1027 1027 FR 942 (92.4) 77 (7.6) 1019 1019 GB-GBN 795 (76.8) 240 (23.2) 1035 1035 GB-NIR 231 (75.0) 77 (25.0) 308 308 GR 907 (90.2) 98 (9.8) 1005 1005 IE 776 (77.5) 225 (22.5) 1001 1001 IT 923 (90.0) 102 (10.0) 1025 1025 LU 562 (90.8) 57 (9.2) 619 619 NL 911 (87.3) 133 (12.7) 1044 1044 PT 771 (77.1) 229 (22.9) 1000 1000 SE 937 (93.7) 63 (6.3) 1000 1000 N Sum 13998 2218 16216 N Valid Sum 13998 2218 16216 printed 25.01.2012 page 251 Eurobarometer 61 - February-March 2004,isocntry AT 896 (85.2) 156 (14.8) 1052 1052 BE 915 (90.4) 97 (9.6) 1012 1012 DE-E 911 (88.3) 121 (11.7) 1032 1032 DE-W 918 (88.5) 119 (11.5) 1037 1037 DK 837 (83.7) 163 (16.3) 1000 1000 ES 807 (80.7) 193 (19.3) 1000 1000 FI 959 (93.4) 68 (6.6) 1027 1027 FR 942 (92.4) 77 (7.6) 1019 1019 GB-GBN 795 (76.8) 240 (23.2) 1035 1035 GB-NIR 231 (75.0) 77 (25.0) 308 308 GR 907 (90.2) 98 (9.8) 1005 1005 IE 776 (77.5) 225 (22.5) 1001 1001 IT 923 (90.0) 102 (10.0) 1025 1025 LU 562 (90.8) 57 (9.2) 619 619 NL 911 (87.3) 133 (12.7) 1044 1044 PT 771 (77.1) 229 (22.9) 1000 1000 SE 937 (93.7) 63 (6.3) 1000 1000 N Sum 13998 2218 16216 N Valid Sum 13998 2218 16216 printed 25.01.2012 page 251 Eurobarometer 61 - February-March 2004,GESIS Variable Report,276,ZA4056
v245,,Q38 EUROPEAN CITIZENSHIP FUTURE FEELING (A),,Q38 EUROPEAN CITIZENSHIP FUTURE FEELING (A),GESIS Variable Report,277,ZA4056
v246,,Q38 EUROPEAN CITIZENSHIP FUTURE FEELING (B),,Q38 EUROPEAN CITIZENSHIP FUTURE FEELING (B),GESIS Variable Report,278,ZA4056
v247,,Q39A DEMOCRACY SATISFACTION - COUNTRY,,Q39A DEMOCRACY SATISFACTION - COUNTRY,GESIS Variable Report,279,ZA4056
v248,,Q39B DEMOCRACY SATISFACTION - EU,,Q39B DEMOCRACY SATISFACTION - EU,GESIS Variable Report,280,ZA4056
v249,,Q40 ELECTORAL PARTICIPATION - NATIONAL,,Q40 ELECTORAL PARTICIPATION - NATIONAL,GESIS Variable Report,281,ZA4056
v250,,Q41 ELECTORAL PARTICIPATION - EUROPEAN,,Q41 ELECTORAL PARTICIPATION - EUROPEAN,GESIS Variable Report,283,ZA4056
v251,v251 0 1 9 N Sum N Valid Sum,Q42 EU VOTE DECISION: NATIONAL ISSUES,isocntry M AT 591 (66.1) 303 (33.9) 158 1052 894 BE 635 (74.2) 221 (25.8) 156 1012 856 DE-E 552 (61.5) 346 (38.5) 134 1032 898 DE-W 621 (65.6) 325 (34.4) 91 1037 946 DK 525 (56.4) 406 (43.6) 69 1000 931 ES 528 (60.1) 350 (39.9) 122 1000 878 FI 493 (55.0) 404 (45.0) 130 1027 897 FR 537 (60.2) 355 (39.8) 127 1019 892 GB-GBN 515 (62.0) 315 (38.0) 205 1035 830 GB-NIR 211 (79.9) 53 (20.1) 45 309 264 GR 533 (54.8) 439 (45.2) 33 1005 972 IE 538 (61.3) 340 (38.7) 123 1001 878 IT 556 (58.2) 399 (41.8) 70 1025 955 LU 321 (64.6) 176 (35.4) 122 619 497 NL 630 (68.3) 292 (31.7) 122 1044 922 PT 468 (62.1) 286 (37.9) 246 1000 754 SE 476 (52.7) 428 (47.3) 96 1000 904 N Sum 8730 5438 2049 16217 N Valid Sum 8730 5438 14168 printed 25.01.2012 page 260 Eurobarometer 61 - February-March 2004,isocntry M AT 591 (66.1) 303 (33.9) 158 1052 894 BE 635 (74.2) 221 (25.8) 156 1012 856 DE-E 552 (61.5) 346 (38.5) 134 1032 898 DE-W 621 (65.6) 325 (34.4) 91 1037 946 DK 525 (56.4) 406 (43.6) 69 1000 931 ES 528 (60.1) 350 (39.9) 122 1000 878 FI 493 (55.0) 404 (45.0) 130 1027 897 FR 537 (60.2) 355 (39.8) 127 1019 892 GB-GBN 515 (62.0) 315 (38.0) 205 1035 830 GB-NIR 211 (79.9) 53 (20.1) 45 309 264 GR 533 (54.8) 439 (45.2) 33 1005 972 IE 538 (61.3) 340 (38.7) 123 1001 878 IT 556 (58.2) 399 (41.8) 70 1025 955 LU 321 (64.6) 176 (35.4) 122 619 497 NL 630 (68.3) 292 (31.7) 122 1044 922 PT 468 (62.1) 286 (37.9) 246 1000 754 SE 476 (52.7) 428 (47.3) 96 1000 904 N Sum 8730 5438 2049 16217 N Valid Sum 8730 5438 14168 printed 25.01.2012 page 260 Eurobarometer 61 - February-March 2004,GESIS Variable Report,285,ZA4056
v252,v252 0 1 9 N Sum N Valid Sum,Q42 EU VOTE DECISION: EUROPEAN ISSUES,isocntry M AT 604 (67.6) 290 (32.4) 158 1052 894 BE 599 (70.0) 257 (30.0) 156 1012 856 DE-E 543 (60.5) 355 (39.5) 134 1032 898 DE-W 547 (57.8) 399 (42.2) 91 1037 946 DK 583 (62.6) 348 (37.4) 69 1000 931 ES 617 (70.4) 260 (29.6) 122 999 877 FI 645 (71.9) 252 (28.1) 130 1027 897 FR 540 (60.5) 352 (39.5) 127 1019 892 GB-GBN 580 (70.0) 249 (30.0) 205 1034 829 GB-NIR 192 (73.0) 71 (27.0) 45 308 263 GR 758 (78.0) 214 (22.0) 33 1005 972 IE 692 (78.8) 186 (21.2) 123 1001 878 IT 629 (65.9) 326 (34.1) 70 1025 955 LU 321 (64.6) 176 (35.4) 122 619 497 NL 531 (57.6) 391 (42.4) 122 1044 922 PT 646 (85.7) 108 (14.3) 246 1000 754 SE 472 (52.2) 432 (47.8) 96 1000 904 N Sum 9499 4666 2049 16214 N Valid Sum 9499 4666 14165 printed 25.01.2012 page 261 Eurobarometer 61 - February-March 2004,isocntry M AT 604 (67.6) 290 (32.4) 158 1052 894 BE 599 (70.0) 257 (30.0) 156 1012 856 DE-E 543 (60.5) 355 (39.5) 134 1032 898 DE-W 547 (57.8) 399 (42.2) 91 1037 946 DK 583 (62.6) 348 (37.4) 69 1000 931 ES 617 (70.4) 260 (29.6) 122 999 877 FI 645 (71.9) 252 (28.1) 130 1027 897 FR 540 (60.5) 352 (39.5) 127 1019 892 GB-GBN 580 (70.0) 249 (30.0) 205 1034 829 GB-NIR 192 (73.0) 71 (27.0) 45 308 263 GR 758 (78.0) 214 (22.0) 33 1005 972 IE 692 (78.8) 186 (21.2) 123 1001 878 IT 629 (65.9) 326 (34.1) 70 1025 955 LU 321 (64.6) 176 (35.4) 122 619 497 NL 531 (57.6) 391 (42.4) 122 1044 922 PT 646 (85.7) 108 (14.3) 246 1000 754 SE 472 (52.2) 432 (47.8) 96 1000 904 N Sum 9499 4666 2049 16214 N Valid Sum 9499 4666 14165 printed 25.01.2012 page 261 Eurobarometer 61 - February-March 2004,GESIS Variable Report,286,ZA4056
v253,v253 0 1 9 N Sum N Valid Sum,Q42 EU VOTE DECISION: PARTY,isocntry M AT 745 (83.3) 149 (16.7) 158 1052 894 BE 637 (74.4) 219 (25.6) 156 1012 856 DE-E 733 (81.6) 165 (18.4) 134 1032 898 DE-W 718 (75.9) 228 (24.1) 91 1037 946 DK 687 (73.8) 244 (26.2) 69 1000 931 ES 706 (80.4) 172 (19.6) 122 1000 878 FI 622 (69.3) 275 (30.7) 130 1027 897 FR 681 (76.3) 211 (23.7) 127 1019 892 GB-GBN 714 (86.0) 116 (14.0) 205 1035 830 GB-NIR 180 (68.4) 83 (31.6) 45 308 263 GR 678 (69.8) 294 (30.2) 33 1005 972 IE 677 (77.0) 202 (23.0) 123 1002 879 IT 742 (77.7) 213 (22.3) 70 1025 955 LU 414 (83.3) 83 (16.7) 122 619 497 NL 678 (73.5) 244 (26.5) 122 1044 922 PT 568 (75.3) 186 (24.7) 246 1000 754 SE 710 (78.5) 194 (21.5) 96 1000 904 N Sum 10890 3278 2049 16217 N Valid Sum 10890 3278 14168 printed 25.01.2012 page 262 Eurobarometer 61 - February-March 2004,isocntry M AT 745 (83.3) 149 (16.7) 158 1052 894 BE 637 (74.4) 219 (25.6) 156 1012 856 DE-E 733 (81.6) 165 (18.4) 134 1032 898 DE-W 718 (75.9) 228 (24.1) 91 1037 946 DK 687 (73.8) 244 (26.2) 69 1000 931 ES 706 (80.4) 172 (19.6) 122 1000 878 FI 622 (69.3) 275 (30.7) 130 1027 897 FR 681 (76.3) 211 (23.7) 127 1019 892 GB-GBN 714 (86.0) 116 (14.0) 205 1035 830 GB-NIR 180 (68.4) 83 (31.6) 45 308 263 GR 678 (69.8) 294 (30.2) 33 1005 972 IE 677 (77.0) 202 (23.0) 123 1002 879 IT 742 (77.7) 213 (22.3) 70 1025 955 LU 414 (83.3) 83 (16.7) 122 619 497 NL 678 (73.5) 244 (26.5) 122 1044 922 PT 568 (75.3) 186 (24.7) 246 1000 754 SE 710 (78.5) 194 (21.5) 96 1000 904 N Sum 10890 3278 2049 16217 N Valid Sum 10890 3278 14168 printed 25.01.2012 page 262 Eurobarometer 61 - February-March 2004,GESIS Variable Report,287,ZA4056
v254,v254 0 1 9 N Sum N Valid Sum,Q42 EU VOTE DECISION: CANDIDATE(S),isocntry M AT 637 (71.3) 257 (28.7) 158 1052 894 BE 635 (74.2) 221 (25.8) 156 1012 856 DE-E 739 (82.3) 159 (17.7) 134 1032 898 DE-W 747 (79.0) 199 (21.0) 91 1037 946 DK 717 (77.0) 214 (23.0) 69 1000 931 ES 758 (86.3) 120 (13.7) 122 1000 878 FI 503 (56.1) 394 (43.9) 130 1027 897 FR 724 (81.2) 168 (18.8) 127 1019 892 GB-GBN 768 (92.5) 62 (7.5) 205 1035 830 GB-NIR 230 (87.5) 33 (12.5) 45 308 263 GR 730 (75.1) 242 (24.9) 33 1005 972 IE 701 (79.7) 178 (20.3) 123 1002 879 IT 810 (84.8) 145 (15.2) 70 1025 955 LU 375 (75.5) 122 (24.5) 122 619 497 NL 784 (85.0) 138 (15.0) 122 1044 922 PT 630 (83.6) 124 (16.4) 246 1000 754 SE 768 (85.0) 136 (15.0) 96 1000 904 N Sum 11256 2912 2049 16217 N Valid Sum 11256 2912 14168 printed 25.01.2012 page 263 Eurobarometer 61 - February-March 2004,isocntry M AT 637 (71.3) 257 (28.7) 158 1052 894 BE 635 (74.2) 221 (25.8) 156 1012 856 DE-E 739 (82.3) 159 (17.7) 134 1032 898 DE-W 747 (79.0) 199 (21.0) 91 1037 946 DK 717 (77.0) 214 (23.0) 69 1000 931 ES 758 (86.3) 120 (13.7) 122 1000 878 FI 503 (56.1) 394 (43.9) 130 1027 897 FR 724 (81.2) 168 (18.8) 127 1019 892 GB-GBN 768 (92.5) 62 (7.5) 205 1035 830 GB-NIR 230 (87.5) 33 (12.5) 45 308 263 GR 730 (75.1) 242 (24.9) 33 1005 972 IE 701 (79.7) 178 (20.3) 123 1002 879 IT 810 (84.8) 145 (15.2) 70 1025 955 LU 375 (75.5) 122 (24.5) 122 619 497 NL 784 (85.0) 138 (15.0) 122 1044 922 PT 630 (83.6) 124 (16.4) 246 1000 754 SE 768 (85.0) 136 (15.0) 96 1000 904 N Sum 11256 2912 2049 16217 N Valid Sum 11256 2912 14168 printed 25.01.2012 page 263 Eurobarometer 61 - February-March 2004,GESIS Variable Report,288,ZA4056
v255,v255 0 1 9 N Sum N Valid Sum,Q42 EU VOTE DECISION: POLICIES,isocntry M AT 693 (77.5) 201 (22.5) 158 1052 894 BE 600 (70.0) 257 (30.0) 156 1013 857 DE-E 638 (71.0) 260 (29.0) 134 1032 898 DE-W 591 (62.4) 356 (37.6) 91 1038 947 DK 476 (51.1) 456 (48.9) 69 1001 932 ES 665 (75.7) 213 (24.3) 122 1000 878 FI 633 (70.6) 264 (29.4) 130 1027 897 FR 423 (47.4) 469 (52.6) 127 1019 892 GB-GBN 437 (52.7) 393 (47.3) 205 1035 830 GB-NIR 116 (44.1) 147 (55.9) 45 308 263 GR 597 (61.4) 375 (38.6) 33 1005 972 IE 558 (63.5) 321 (36.5) 123 1002 879 IT 616 (64.5) 339 (35.5) 70 1025 955 LU 340 (68.3) 158 (31.7) 122 620 498 NL 471 (51.1) 450 (48.9) 122 1043 921 PT 579 (76.8) 175 (23.2) 246 1000 754 SE 482 (53.3) 422 (46.7) 96 1000 904 N Sum 8915 5256 2049 16220 N Valid Sum 8915 5256 14171 printed 25.01.2012 page 264 Eurobarometer 61 - February-March 2004,isocntry M AT 693 (77.5) 201 (22.5) 158 1052 894 BE 600 (70.0) 257 (30.0) 156 1013 857 DE-E 638 (71.0) 260 (29.0) 134 1032 898 DE-W 591 (62.4) 356 (37.6) 91 1038 947 DK 476 (51.1) 456 (48.9) 69 1001 932 ES 665 (75.7) 213 (24.3) 122 1000 878 FI 633 (70.6) 264 (29.4) 130 1027 897 FR 423 (47.4) 469 (52.6) 127 1019 892 GB-GBN 437 (52.7) 393 (47.3) 205 1035 830 GB-NIR 116 (44.1) 147 (55.9) 45 308 263 GR 597 (61.4) 375 (38.6) 33 1005 972 IE 558 (63.5) 321 (36.5) 123 1002 879 IT 616 (64.5) 339 (35.5) 70 1025 955 LU 340 (68.3) 158 (31.7) 122 620 498 NL 471 (51.1) 450 (48.9) 122 1043 921 PT 579 (76.8) 175 (23.2) 246 1000 754 SE 482 (53.3) 422 (46.7) 96 1000 904 N Sum 8915 5256 2049 16220 N Valid Sum 8915 5256 14171 printed 25.01.2012 page 264 Eurobarometer 61 - February-March 2004,GESIS Variable Report,289,ZA4056
v256,v256 0 1 9 N Sum N Valid Sum,Q42 EU VOTE DECISION: OTHER REASONS,isocntry M AT 864 (96.6) 30 (3.4) 158 1052 894 BE 830 (97.0) 26 (3.0) 156 1012 856 DE-E 880 (98.0) 18 (2.0) 134 1032 898 DE-W 932 (98.4) 15 (1.6) 91 1038 947 DK 904 (97.1) 27 (2.9) 69 1000 931 ES 851 (96.9) 27 (3.1) 122 1000 878 FI 885 (98.7) 12 (1.3) 130 1027 897 FR 871 (97.6) 21 (2.4) 127 1019 892 GB-GBN 812 (97.8) 18 (2.2) 205 1035 830 GB-NIR 259 (98.5) 4 (1.5) 45 308 263 GR 962 (99.0) 10 (1.0) 33 1005 972 IE 860 (97.8) 19 (2.2) 123 1002 879 IT 918 (96.1) 37 (3.9) 70 1025 955 LU 476 (95.8) 21 (4.2) 122 619 497 NL 915 (99.2) 7 (0.8) 122 1044 922 PT 713 (94.6) 41 (5.4) 246 1000 754 SE 895 (99.0) 9 (1.0) 96 1000 904 N Sum 13827 342 2049 16218 N Valid Sum 13827 342 14169 printed 25.01.2012 page 265 Eurobarometer 61 - February-March 2004,isocntry M AT 864 (96.6) 30 (3.4) 158 1052 894 BE 830 (97.0) 26 (3.0) 156 1012 856 DE-E 880 (98.0) 18 (2.0) 134 1032 898 DE-W 932 (98.4) 15 (1.6) 91 1038 947 DK 904 (97.1) 27 (2.9) 69 1000 931 ES 851 (96.9) 27 (3.1) 122 1000 878 FI 885 (98.7) 12 (1.3) 130 1027 897 FR 871 (97.6) 21 (2.4) 127 1019 892 GB-GBN 812 (97.8) 18 (2.2) 205 1035 830 GB-NIR 259 (98.5) 4 (1.5) 45 308 263 GR 962 (99.0) 10 (1.0) 33 1005 972 IE 860 (97.8) 19 (2.2) 123 1002 879 IT 918 (96.1) 37 (3.9) 70 1025 955 LU 476 (95.8) 21 (4.2) 122 619 497 NL 915 (99.2) 7 (0.8) 122 1044 922 PT 713 (94.6) 41 (5.4) 246 1000 754 SE 895 (99.0) 9 (1.0) 96 1000 904 N Sum 13827 342 2049 16218 N Valid Sum 13827 342 14169 printed 25.01.2012 page 265 Eurobarometer 61 - February-March 2004,GESIS Variable Report,290,ZA4056
v257,v257 0 1 9 N Sum N Valid Sum,Q42 EU VOTE DECISION: DK,isocntry M AT 757 (84.7) 137 (15.3) 158 1052 894 BE 745 (86.9) 112 (13.1) 156 1013 857 DE-E 786 (87.5) 112 (12.5) 134 1032 898 DE-W 868 (91.8) 78 (8.2) 91 1037 946 DK 875 (94.0) 56 (6.0) 69 1000 931 ES 769 (87.6) 109 (12.4) 122 1000 878 FI 882 (98.3) 15 (1.7) 130 1027 897 FR 827 (92.7) 65 (7.3) 127 1019 892 GB-GBN 722 (87.0) 108 (13.0) 205 1035 830 GB-NIR 251 (95.1) 13 (4.9) 45 309 264 GR 916 (94.2) 56 (5.8) 33 1005 972 IE 748 (85.1) 131 (14.9) 123 1002 879 IT 852 (89.2) 103 (10.8) 70 1025 955 LU 464 (93.4) 33 (6.6) 122 619 497 NL 854 (92.6) 68 (7.4) 122 1044 922 PT 648 (86.1) 105 (13.9) 246 999 753 SE 871 (96.3) 33 (3.7) 96 1000 904 N Sum 12835 1334 2049 16218 N Valid Sum 12835 1334 14169 printed 25.01.2012 page 266 Eurobarometer 61 - February-March 2004,isocntry M AT 757 (84.7) 137 (15.3) 158 1052 894 BE 745 (86.9) 112 (13.1) 156 1013 857 DE-E 786 (87.5) 112 (12.5) 134 1032 898 DE-W 868 (91.8) 78 (8.2) 91 1037 946 DK 875 (94.0) 56 (6.0) 69 1000 931 ES 769 (87.6) 109 (12.4) 122 1000 878 FI 882 (98.3) 15 (1.7) 130 1027 897 FR 827 (92.7) 65 (7.3) 127 1019 892 GB-GBN 722 (87.0) 108 (13.0) 205 1035 830 GB-NIR 251 (95.1) 13 (4.9) 45 309 264 GR 916 (94.2) 56 (5.8) 33 1005 972 IE 748 (85.1) 131 (14.9) 123 1002 879 IT 852 (89.2) 103 (10.8) 70 1025 955 LU 464 (93.4) 33 (6.6) 122 619 497 NL 854 (92.6) 68 (7.4) 122 1044 922 PT 648 (86.1) 105 (13.9) 246 999 753 SE 871 (96.3) 33 (3.7) 96 1000 904 N Sum 12835 1334 2049 16218 N Valid Sum 12835 1334 14169 printed 25.01.2012 page 266 Eurobarometer 61 - February-March 2004,GESIS Variable Report,291,ZA4056
v258,v258 0 1 N Sum N Valid Sum,Q43 EUROP PARLIAM HEARD: NEWSPAPER/MAGAZ,isocntry AT 628 (59.7) 424 (40.3) 1052 1052 BE 677 (66.9) 335 (33.1) 1012 1012 DE-E 779 (75.5) 253 (24.5) 1032 1032 DE-W 620 (59.8) 417 (40.2) 1037 1037 DK 479 (47.9) 521 (52.1) 1000 1000 ES 789 (78.9) 211 (21.1) 1000 1000 FI 460 (44.8) 567 (55.2) 1027 1027 FR 698 (68.5) 321 (31.5) 1019 1019 GB-GBN 770 (74.4) 265 (25.6) 1035 1035 GB-NIR 219 (71.1) 89 (28.9) 308 308 GR 833 (82.9) 172 (17.1) 1005 1005 IE 624 (62.3) 377 (37.7) 1001 1001 IT 700 (68.3) 325 (31.7) 1025 1025 LU 308 (49.8) 311 (50.2) 619 619 NL 630 (60.3) 414 (39.7) 1044 1044 PT 906 (90.6) 94 (9.4) 1000 1000 SE 460 (46.0) 540 (54.0) 1000 1000 N Sum 10580 5636 16216 N Valid Sum 10580 5636 16216 printed 25.01.2012 page 267 Eurobarometer 61 - February-March 2004,isocntry AT 628 (59.7) 424 (40.3) 1052 1052 BE 677 (66.9) 335 (33.1) 1012 1012 DE-E 779 (75.5) 253 (24.5) 1032 1032 DE-W 620 (59.8) 417 (40.2) 1037 1037 DK 479 (47.9) 521 (52.1) 1000 1000 ES 789 (78.9) 211 (21.1) 1000 1000 FI 460 (44.8) 567 (55.2) 1027 1027 FR 698 (68.5) 321 (31.5) 1019 1019 GB-GBN 770 (74.4) 265 (25.6) 1035 1035 GB-NIR 219 (71.1) 89 (28.9) 308 308 GR 833 (82.9) 172 (17.1) 1005 1005 IE 624 (62.3) 377 (37.7) 1001 1001 IT 700 (68.3) 325 (31.7) 1025 1025 LU 308 (49.8) 311 (50.2) 619 619 NL 630 (60.3) 414 (39.7) 1044 1044 PT 906 (90.6) 94 (9.4) 1000 1000 SE 460 (46.0) 540 (54.0) 1000 1000 N Sum 10580 5636 16216 N Valid Sum 10580 5636 16216 printed 25.01.2012 page 267 Eurobarometer 61 - February-March 2004,GESIS Variable Report,292,ZA4056
v259,v259 0 1 N Sum N Valid Sum,Q43 EUROP PARLIAM HEARD: TELEVISION,isocntry AT 577 (54.8) 475 (45.2) 1052 1052 BE 469 (46.3) 543 (53.7) 1012 1012 DE-E 673 (65.2) 359 (34.8) 1032 1032 DE-W 569 (54.9) 468 (45.1) 1037 1037 DK 197 (19.7) 803 (80.3) 1000 1000 ES 539 (53.9) 461 (46.1) 1000 1000 FI 375 (36.5) 652 (63.5) 1027 1027 FR 574 (56.3) 445 (43.7) 1019 1019 GB-GBN 713 (68.9) 322 (31.1) 1035 1035 GB-NIR 170 (55.2) 138 (44.8) 308 308 GR 535 (53.2) 470 (46.8) 1005 1005 IE 443 (44.3) 558 (55.7) 1001 1001 IT 581 (56.7) 444 (43.3) 1025 1025 LU 249 (40.2) 370 (59.8) 619 619 NL 511 (48.9) 533 (51.1) 1044 1044 PT 519 (51.9) 481 (48.1) 1000 1000 SE 314 (31.4) 686 (68.6) 1000 1000 N Sum 8008 8208 16216 N Valid Sum 8008 8208 16216 printed 25.01.2012 page 268 Eurobarometer 61 - February-March 2004,isocntry AT 577 (54.8) 475 (45.2) 1052 1052 BE 469 (46.3) 543 (53.7) 1012 1012 DE-E 673 (65.2) 359 (34.8) 1032 1032 DE-W 569 (54.9) 468 (45.1) 1037 1037 DK 197 (19.7) 803 (80.3) 1000 1000 ES 539 (53.9) 461 (46.1) 1000 1000 FI 375 (36.5) 652 (63.5) 1027 1027 FR 574 (56.3) 445 (43.7) 1019 1019 GB-GBN 713 (68.9) 322 (31.1) 1035 1035 GB-NIR 170 (55.2) 138 (44.8) 308 308 GR 535 (53.2) 470 (46.8) 1005 1005 IE 443 (44.3) 558 (55.7) 1001 1001 IT 581 (56.7) 444 (43.3) 1025 1025 LU 249 (40.2) 370 (59.8) 619 619 NL 511 (48.9) 533 (51.1) 1044 1044 PT 519 (51.9) 481 (48.1) 1000 1000 SE 314 (31.4) 686 (68.6) 1000 1000 N Sum 8008 8208 16216 N Valid Sum 8008 8208 16216 printed 25.01.2012 page 268 Eurobarometer 61 - February-March 2004,GESIS Variable Report,293,ZA4056
v260,v260 0 1 N Sum N Valid Sum,Q43 EUROP PARLIAM HEARD: RADIO,isocntry AT 841 (79.9) 211 (20.1) 1052 1052 BE 801 (79.2) 211 (20.8) 1012 1012 DE-E 917 (88.9) 115 (11.1) 1032 1032 DE-W 884 (85.2) 153 (14.8) 1037 1037 DK 571 (57.1) 429 (42.9) 1000 1000 ES 826 (82.6) 174 (17.4) 1000 1000 FI 783 (76.2) 244 (23.8) 1027 1027 FR 852 (83.6) 167 (16.4) 1019 1019 GB-GBN 896 (86.6) 139 (13.4) 1035 1035 GB-NIR 254 (82.5) 54 (17.5) 308 308 GR 914 (90.9) 91 (9.1) 1005 1005 IE 703 (70.2) 298 (29.8) 1001 1001 IT 959 (93.6) 66 (6.4) 1025 1025 LU 352 (56.9) 267 (43.1) 619 619 NL 840 (80.5) 204 (19.5) 1044 1044 PT 945 (94.5) 55 (5.5) 1000 1000 SE 694 (69.4) 306 (30.6) 1000 1000 N Sum 13032 3184 16216 N Valid Sum 13032 3184 16216 printed 25.01.2012 page 269 Eurobarometer 61 - February-March 2004,isocntry AT 841 (79.9) 211 (20.1) 1052 1052 BE 801 (79.2) 211 (20.8) 1012 1012 DE-E 917 (88.9) 115 (11.1) 1032 1032 DE-W 884 (85.2) 153 (14.8) 1037 1037 DK 571 (57.1) 429 (42.9) 1000 1000 ES 826 (82.6) 174 (17.4) 1000 1000 FI 783 (76.2) 244 (23.8) 1027 1027 FR 852 (83.6) 167 (16.4) 1019 1019 GB-GBN 896 (86.6) 139 (13.4) 1035 1035 GB-NIR 254 (82.5) 54 (17.5) 308 308 GR 914 (90.9) 91 (9.1) 1005 1005 IE 703 (70.2) 298 (29.8) 1001 1001 IT 959 (93.6) 66 (6.4) 1025 1025 LU 352 (56.9) 267 (43.1) 619 619 NL 840 (80.5) 204 (19.5) 1044 1044 PT 945 (94.5) 55 (5.5) 1000 1000 SE 694 (69.4) 306 (30.6) 1000 1000 N Sum 13032 3184 16216 N Valid Sum 13032 3184 16216 printed 25.01.2012 page 269 Eurobarometer 61 - February-March 2004,GESIS Variable Report,294,ZA4056
v261,v261 0 1 N Sum N Valid Sum,Q43 EUROP PARLIAM HEARD: INTERNET,isocntry AT 987 (93.8) 65 (6.2) 1052 1052 BE 972 (96.0) 40 (4.0) 1012 1012 DE-E 1010 (97.9) 22 (2.1) 1032 1032 DE-W 988 (95.3) 49 (4.7) 1037 1037 DK 907 (90.7) 93 (9.3) 1000 1000 ES 953 (95.3) 47 (4.7) 1000 1000 FI 966 (94.1) 61 (5.9) 1027 1027 FR 962 (94.4) 57 (5.6) 1019 1019 GB-GBN 995 (96.1) 40 (3.9) 1035 1035 GB-NIR 295 (95.8) 13 (4.2) 308 308 GR 969 (96.4) 36 (3.6) 1005 1005 IE 957 (95.6) 44 (4.4) 1001 1001 IT 965 (94.1) 60 (5.9) 1025 1025 LU 569 (91.9) 50 (8.1) 619 619 NL 950 (91.0) 94 (9.0) 1044 1044 PT 969 (96.9) 31 (3.1) 1000 1000 SE 915 (91.5) 85 (8.5) 1000 1000 N Sum 15329 887 16216 N Valid Sum 15329 887 16216 printed 25.01.2012 page 270 Eurobarometer 61 - February-March 2004,isocntry AT 987 (93.8) 65 (6.2) 1052 1052 BE 972 (96.0) 40 (4.0) 1012 1012 DE-E 1010 (97.9) 22 (2.1) 1032 1032 DE-W 988 (95.3) 49 (4.7) 1037 1037 DK 907 (90.7) 93 (9.3) 1000 1000 ES 953 (95.3) 47 (4.7) 1000 1000 FI 966 (94.1) 61 (5.9) 1027 1027 FR 962 (94.4) 57 (5.6) 1019 1019 GB-GBN 995 (96.1) 40 (3.9) 1035 1035 GB-NIR 295 (95.8) 13 (4.2) 308 308 GR 969 (96.4) 36 (3.6) 1005 1005 IE 957 (95.6) 44 (4.4) 1001 1001 IT 965 (94.1) 60 (5.9) 1025 1025 LU 569 (91.9) 50 (8.1) 619 619 NL 950 (91.0) 94 (9.0) 1044 1044 PT 969 (96.9) 31 (3.1) 1000 1000 SE 915 (91.5) 85 (8.5) 1000 1000 N Sum 15329 887 16216 N Valid Sum 15329 887 16216 printed 25.01.2012 page 270 Eurobarometer 61 - February-March 2004,GESIS Variable Report,295,ZA4056
v262,v262 0 1 N Sum N Valid Sum,Q43 EUROP PARLIAM HEARD: NEWSLETTER,isocntry AT 1016 (96.6) 36 (3.4) 1052 1052 BE 958 (94.7) 54 (5.3) 1012 1012 DE-E 1017 (98.5) 15 (1.5) 1032 1032 DE-W 991 (95.6) 46 (4.4) 1037 1037 DK 935 (93.5) 65 (6.5) 1000 1000 ES 979 (97.9) 21 (2.1) 1000 1000 FI 982 (95.6) 45 (4.4) 1027 1027 FR 957 (93.9) 62 (6.1) 1019 1019 GB-GBN 972 (93.9) 63 (6.1) 1035 1035 GB-NIR 292 (94.8) 16 (5.2) 308 308 GR 981 (97.6) 24 (2.4) 1005 1005 IE 950 (94.9) 51 (5.1) 1001 1001 IT 1006 (98.1) 19 (1.9) 1025 1025 LU 559 (90.3) 60 (9.7) 619 619 NL 1014 (97.1) 30 (2.9) 1044 1044 PT 993 (99.3) 7 (0.7) 1000 1000 SE 934 (93.4) 66 (6.6) 1000 1000 N Sum 15536 680 16216 N Valid Sum 15536 680 16216 printed 25.01.2012 page 271 Eurobarometer 61 - February-March 2004,isocntry AT 1016 (96.6) 36 (3.4) 1052 1052 BE 958 (94.7) 54 (5.3) 1012 1012 DE-E 1017 (98.5) 15 (1.5) 1032 1032 DE-W 991 (95.6) 46 (4.4) 1037 1037 DK 935 (93.5) 65 (6.5) 1000 1000 ES 979 (97.9) 21 (2.1) 1000 1000 FI 982 (95.6) 45 (4.4) 1027 1027 FR 957 (93.9) 62 (6.1) 1019 1019 GB-GBN 972 (93.9) 63 (6.1) 1035 1035 GB-NIR 292 (94.8) 16 (5.2) 308 308 GR 981 (97.6) 24 (2.4) 1005 1005 IE 950 (94.9) 51 (5.1) 1001 1001 IT 1006 (98.1) 19 (1.9) 1025 1025 LU 559 (90.3) 60 (9.7) 619 619 NL 1014 (97.1) 30 (2.9) 1044 1044 PT 993 (99.3) 7 (0.7) 1000 1000 SE 934 (93.4) 66 (6.6) 1000 1000 N Sum 15536 680 16216 N Valid Sum 15536 680 16216 printed 25.01.2012 page 271 Eurobarometer 61 - February-March 2004,GESIS Variable Report,296,ZA4056
v263,v263 0 1 N Sum N Valid Sum,Q43 EUROP PARLIAM HEARD: PUBLIC MEETING,isocntry AT 1001 (95.2) 51 (4.8) 1052 1052 BE 975 (96.3) 37 (3.7) 1012 1012 DE-E 1021 (98.9) 11 (1.1) 1032 1032 DE-W 1003 (96.7) 34 (3.3) 1037 1037 DK 963 (96.3) 37 (3.7) 1000 1000 ES 981 (98.1) 19 (1.9) 1000 1000 FI 976 (95.0) 51 (5.0) 1027 1027 FR 996 (97.7) 23 (2.3) 1019 1019 GB-GBN 1020 (98.6) 15 (1.4) 1035 1035 GB-NIR 299 (97.1) 9 (2.9) 308 308 GR 984 (97.9) 21 (2.1) 1005 1005 IE 966 (96.5) 35 (3.5) 1001 1001 IT 1002 (97.8) 23 (2.2) 1025 1025 LU 576 (93.1) 43 (6.9) 619 619 NL 1010 (96.7) 34 (3.3) 1044 1044 PT 993 (99.3) 7 (0.7) 1000 1000 SE 943 (94.3) 57 (5.7) 1000 1000 N Sum 15709 507 16216 N Valid Sum 15709 507 16216 printed 25.01.2012 page 272 Eurobarometer 61 - February-March 2004,isocntry AT 1001 (95.2) 51 (4.8) 1052 1052 BE 975 (96.3) 37 (3.7) 1012 1012 DE-E 1021 (98.9) 11 (1.1) 1032 1032 DE-W 1003 (96.7) 34 (3.3) 1037 1037 DK 963 (96.3) 37 (3.7) 1000 1000 ES 981 (98.1) 19 (1.9) 1000 1000 FI 976 (95.0) 51 (5.0) 1027 1027 FR 996 (97.7) 23 (2.3) 1019 1019 GB-GBN 1020 (98.6) 15 (1.4) 1035 1035 GB-NIR 299 (97.1) 9 (2.9) 308 308 GR 984 (97.9) 21 (2.1) 1005 1005 IE 966 (96.5) 35 (3.5) 1001 1001 IT 1002 (97.8) 23 (2.2) 1025 1025 LU 576 (93.1) 43 (6.9) 619 619 NL 1010 (96.7) 34 (3.3) 1044 1044 PT 993 (99.3) 7 (0.7) 1000 1000 SE 943 (94.3) 57 (5.7) 1000 1000 N Sum 15709 507 16216 N Valid Sum 15709 507 16216 printed 25.01.2012 page 272 Eurobarometer 61 - February-March 2004,GESIS Variable Report,297,ZA4056
v264,v264 0 1 N Sum N Valid Sum,Q43 EUROP PARLIAM HEARD: NOT ANYTHING,isocntry AT 756 (71.9) 296 (28.1) 1052 1052 BE 680 (67.2) 332 (32.8) 1012 1012 DE-E 538 (52.1) 494 (47.9) 1032 1032 DE-W 676 (65.2) 361 (34.8) 1037 1037 DK 868 (86.8) 132 (13.2) 1000 1000 ES 629 (62.9) 371 (37.1) 1000 1000 FI 780 (75.9) 247 (24.1) 1027 1027 FR 650 (63.8) 369 (36.2) 1019 1019 GB-GBN 485 (46.9) 550 (53.1) 1035 1035 GB-NIR 164 (53.2) 144 (46.8) 308 308 GR 573 (57.0) 432 (43.0) 1005 1005 IE 723 (72.2) 278 (27.8) 1001 1001 IT 666 (65.0) 359 (35.0) 1025 1025 LU 461 (74.5) 158 (25.5) 619 619 NL 725 (69.4) 319 (30.6) 1044 1044 PT 612 (61.2) 388 (38.8) 1000 1000 SE 763 (76.3) 237 (23.7) 1000 1000 N Sum 10749 5467 16216 N Valid Sum 10749 5467 16216 printed 25.01.2012 page 273 Eurobarometer 61 - February-March 2004,isocntry AT 756 (71.9) 296 (28.1) 1052 1052 BE 680 (67.2) 332 (32.8) 1012 1012 DE-E 538 (52.1) 494 (47.9) 1032 1032 DE-W 676 (65.2) 361 (34.8) 1037 1037 DK 868 (86.8) 132 (13.2) 1000 1000 ES 629 (62.9) 371 (37.1) 1000 1000 FI 780 (75.9) 247 (24.1) 1027 1027 FR 650 (63.8) 369 (36.2) 1019 1019 GB-GBN 485 (46.9) 550 (53.1) 1035 1035 GB-NIR 164 (53.2) 144 (46.8) 308 308 GR 573 (57.0) 432 (43.0) 1005 1005 IE 723 (72.2) 278 (27.8) 1001 1001 IT 666 (65.0) 359 (35.0) 1025 1025 LU 461 (74.5) 158 (25.5) 619 619 NL 725 (69.4) 319 (30.6) 1044 1044 PT 612 (61.2) 388 (38.8) 1000 1000 SE 763 (76.3) 237 (23.7) 1000 1000 N Sum 10749 5467 16216 N Valid Sum 10749 5467 16216 printed 25.01.2012 page 273 Eurobarometer 61 - February-March 2004,GESIS Variable Report,298,ZA4056
v265,v265 0 1 N Sum N Valid Sum,Q43 EUROP PARLIAM HEARD: OTHER,isocntry AT 1037 (98.6) 15 (1.4) 1052 1052 BE 1007 (99.5) 5 (0.5) 1012 1012 DE-E 1025 (99.3) 7 (0.7) 1032 1032 DE-W 1031 (99.4) 6 (0.6) 1037 1037 DK 992 (99.2) 8 (0.8) 1000 1000 ES 988 (98.8) 12 (1.2) 1000 1000 FI 1025 (99.8) 2 (0.2) 1027 1027 FR 1012 (99.3) 7 (0.7) 1019 1019 GB-GBN 1024 (98.9) 11 (1.1) 1035 1035 GB-NIR 305 (99.0) 3 (1.0) 308 308 GR 1000 (99.5) 5 (0.5) 1005 1005 IE 993 (99.2) 8 (0.8) 1001 1001 IT 1006 (98.1) 19 (1.9) 1025 1025 LU 607 (98.1) 12 (1.9) 619 619 NL 1036 (99.2) 8 (0.8) 1044 1044 PT 983 (98.3) 17 (1.7) 1000 1000 SE 993 (99.3) 7 (0.7) 1000 1000 N Sum 16064 152 16216 N Valid Sum 16064 152 16216 printed 25.01.2012 page 274 Eurobarometer 61 - February-March 2004,isocntry AT 1037 (98.6) 15 (1.4) 1052 1052 BE 1007 (99.5) 5 (0.5) 1012 1012 DE-E 1025 (99.3) 7 (0.7) 1032 1032 DE-W 1031 (99.4) 6 (0.6) 1037 1037 DK 992 (99.2) 8 (0.8) 1000 1000 ES 988 (98.8) 12 (1.2) 1000 1000 FI 1025 (99.8) 2 (0.2) 1027 1027 FR 1012 (99.3) 7 (0.7) 1019 1019 GB-GBN 1024 (98.9) 11 (1.1) 1035 1035 GB-NIR 305 (99.0) 3 (1.0) 308 308 GR 1000 (99.5) 5 (0.5) 1005 1005 IE 993 (99.2) 8 (0.8) 1001 1001 IT 1006 (98.1) 19 (1.9) 1025 1025 LU 607 (98.1) 12 (1.9) 619 619 NL 1036 (99.2) 8 (0.8) 1044 1044 PT 983 (98.3) 17 (1.7) 1000 1000 SE 993 (99.3) 7 (0.7) 1000 1000 N Sum 16064 152 16216 N Valid Sum 16064 152 16216 printed 25.01.2012 page 274 Eurobarometer 61 - February-March 2004,GESIS Variable Report,299,ZA4056
v266,v266 0 1 N Sum N Valid Sum,Q43 EUROP PARLIAM HEARD: DK,isocntry AT 1002 (95.2) 50 (4.8) 1052 1052 BE 969 (95.8) 43 (4.2) 1012 1012 DE-E 975 (94.5) 57 (5.5) 1032 1032 DE-W 990 (95.5) 47 (4.5) 1037 1037 DK 989 (98.9) 11 (1.1) 1000 1000 ES 953 (95.3) 47 (4.7) 1000 1000 FI 1020 (99.3) 7 (0.7) 1027 1027 FR 973 (95.5) 46 (4.5) 1019 1019 GB-GBN 980 (94.7) 55 (5.3) 1035 1035 GB-NIR 304 (98.7) 4 (1.3) 308 308 GR 967 (96.2) 38 (3.8) 1005 1005 IE 950 (94.9) 51 (5.1) 1001 1001 IT 944 (92.1) 81 (7.9) 1025 1025 LU 604 (97.6) 15 (2.4) 619 619 NL 986 (94.4) 58 (5.6) 1044 1044 PT 917 (91.7) 83 (8.3) 1000 1000 SE 983 (98.3) 17 (1.7) 1000 1000 N Sum 15506 710 16216 N Valid Sum 15506 710 16216 printed 25.01.2012 page 275 Eurobarometer 61 - February-March 2004,isocntry AT 1002 (95.2) 50 (4.8) 1052 1052 BE 969 (95.8) 43 (4.2) 1012 1012 DE-E 975 (94.5) 57 (5.5) 1032 1032 DE-W 990 (95.5) 47 (4.5) 1037 1037 DK 989 (98.9) 11 (1.1) 1000 1000 ES 953 (95.3) 47 (4.7) 1000 1000 FI 1020 (99.3) 7 (0.7) 1027 1027 FR 973 (95.5) 46 (4.5) 1019 1019 GB-GBN 980 (94.7) 55 (5.3) 1035 1035 GB-NIR 304 (98.7) 4 (1.3) 308 308 GR 967 (96.2) 38 (3.8) 1005 1005 IE 950 (94.9) 51 (5.1) 1001 1001 IT 944 (92.1) 81 (7.9) 1025 1025 LU 604 (97.6) 15 (2.4) 619 619 NL 986 (94.4) 58 (5.6) 1044 1044 PT 917 (91.7) 83 (8.3) 1000 1000 SE 983 (98.3) 17 (1.7) 1000 1000 N Sum 15506 710 16216 N Valid Sum 15506 710 16216 printed 25.01.2012 page 275 Eurobarometer 61 - February-March 2004,GESIS Variable Report,300,ZA4056
v267,v267 0 1 N Sum N Valid Sum,Q44 EUROP PARLIAM INFO: NEWSPAPER/MAGAZ,isocntry AT 701 (66.6) 351 (33.4) 1052 1052 BE 735 (72.6) 277 (27.4) 1012 1012 DE-E 756 (73.3) 276 (26.7) 1032 1032 DE-W 657 (63.4) 380 (36.6) 1037 1037 DK 634 (63.4) 366 (36.6) 1000 1000 ES 768 (76.8) 232 (23.2) 1000 1000 FI 646 (62.9) 381 (37.1) 1027 1027 FR 686 (67.3) 333 (32.7) 1019 1019 GB-GBN 744 (71.9) 291 (28.1) 1035 1035 GB-NIR 222 (72.1) 86 (27.9) 308 308 GR 719 (71.5) 286 (28.5) 1005 1005 IE 713 (71.2) 288 (28.8) 1001 1001 IT 662 (64.6) 363 (35.4) 1025 1025 LU 408 (65.9) 211 (34.1) 619 619 NL 652 (62.5) 392 (37.5) 1044 1044 PT 850 (85.0) 150 (15.0) 1000 1000 SE 601 (60.1) 399 (39.9) 1000 1000 N Sum 11154 5062 16216 N Valid Sum 11154 5062 16216 printed 25.01.2012 page 276 Eurobarometer 61 - February-March 2004,isocntry AT 701 (66.6) 351 (33.4) 1052 1052 BE 735 (72.6) 277 (27.4) 1012 1012 DE-E 756 (73.3) 276 (26.7) 1032 1032 DE-W 657 (63.4) 380 (36.6) 1037 1037 DK 634 (63.4) 366 (36.6) 1000 1000 ES 768 (76.8) 232 (23.2) 1000 1000 FI 646 (62.9) 381 (37.1) 1027 1027 FR 686 (67.3) 333 (32.7) 1019 1019 GB-GBN 744 (71.9) 291 (28.1) 1035 1035 GB-NIR 222 (72.1) 86 (27.9) 308 308 GR 719 (71.5) 286 (28.5) 1005 1005 IE 713 (71.2) 288 (28.8) 1001 1001 IT 662 (64.6) 363 (35.4) 1025 1025 LU 408 (65.9) 211 (34.1) 619 619 NL 652 (62.5) 392 (37.5) 1044 1044 PT 850 (85.0) 150 (15.0) 1000 1000 SE 601 (60.1) 399 (39.9) 1000 1000 N Sum 11154 5062 16216 N Valid Sum 11154 5062 16216 printed 25.01.2012 page 276 Eurobarometer 61 - February-March 2004,GESIS Variable Report,301,ZA4056
v268,v268 0 1 N Sum N Valid Sum,Q44 EUROP PARLIAM INFO: TELEVISION,isocntry AT 663 (63.0) 389 (37.0) 1052 1052 BE 676 (66.8) 336 (33.2) 1012 1012 DE-E 634 (61.4) 398 (38.6) 1032 1032 DE-W 561 (54.1) 476 (45.9) 1037 1037 DK 396 (39.6) 604 (60.4) 1000 1000 ES 542 (54.2) 458 (45.8) 1000 1000 FI 592 (57.6) 435 (42.4) 1027 1027 FR 585 (57.4) 434 (42.6) 1019 1019 GB-GBN 677 (65.4) 358 (34.6) 1035 1035 GB-NIR 180 (58.4) 128 (41.6) 308 308 GR 423 (42.1) 582 (57.9) 1005 1005 IE 543 (54.2) 458 (45.8) 1001 1001 IT 604 (58.9) 421 (41.1) 1025 1025 LU 356 (57.5) 263 (42.5) 619 619 NL 574 (55.0) 470 (45.0) 1044 1044 PT 465 (46.5) 535 (53.5) 1000 1000 SE 457 (45.7) 543 (54.3) 1000 1000 N Sum 8928 7288 16216 N Valid Sum 8928 7288 16216 printed 25.01.2012 page 277 Eurobarometer 61 - February-March 2004,isocntry AT 663 (63.0) 389 (37.0) 1052 1052 BE 676 (66.8) 336 (33.2) 1012 1012 DE-E 634 (61.4) 398 (38.6) 1032 1032 DE-W 561 (54.1) 476 (45.9) 1037 1037 DK 396 (39.6) 604 (60.4) 1000 1000 ES 542 (54.2) 458 (45.8) 1000 1000 FI 592 (57.6) 435 (42.4) 1027 1027 FR 585 (57.4) 434 (42.6) 1019 1019 GB-GBN 677 (65.4) 358 (34.6) 1035 1035 GB-NIR 180 (58.4) 128 (41.6) 308 308 GR 423 (42.1) 582 (57.9) 1005 1005 IE 543 (54.2) 458 (45.8) 1001 1001 IT 604 (58.9) 421 (41.1) 1025 1025 LU 356 (57.5) 263 (42.5) 619 619 NL 574 (55.0) 470 (45.0) 1044 1044 PT 465 (46.5) 535 (53.5) 1000 1000 SE 457 (45.7) 543 (54.3) 1000 1000 N Sum 8928 7288 16216 N Valid Sum 8928 7288 16216 printed 25.01.2012 page 277 Eurobarometer 61 - February-March 2004,GESIS Variable Report,302,ZA4056
v269,v269 0 1 N Sum N Valid Sum,Q44 EUROP PARLIAM INFO: RADIO,isocntry AT 860 (81.7) 192 (18.3) 1052 1052 BE 867 (85.7) 145 (14.3) 1012 1012 DE-E 912 (88.4) 120 (11.6) 1032 1032 DE-W 869 (83.8) 168 (16.2) 1037 1037 DK 663 (66.3) 337 (33.7) 1000 1000 ES 782 (78.2) 218 (21.8) 1000 1000 FI 870 (84.7) 157 (15.3) 1027 1027 FR 847 (83.1) 172 (16.9) 1019 1019 GB-GBN 858 (82.9) 177 (17.1) 1035 1035 GB-NIR 242 (78.6) 66 (21.4) 308 308 GR 882 (87.8) 123 (12.2) 1005 1005 IE 757 (75.6) 244 (24.4) 1001 1001 IT 953 (93.0) 72 (7.0) 1025 1025 LU 445 (71.9) 174 (28.1) 619 619 NL 860 (82.4) 184 (17.6) 1044 1044 PT 902 (90.2) 98 (9.8) 1000 1000 SE 776 (77.6) 224 (22.4) 1000 1000 N Sum 13345 2871 16216 N Valid Sum 13345 2871 16216 printed 25.01.2012 page 278 Eurobarometer 61 - February-March 2004,isocntry AT 860 (81.7) 192 (18.3) 1052 1052 BE 867 (85.7) 145 (14.3) 1012 1012 DE-E 912 (88.4) 120 (11.6) 1032 1032 DE-W 869 (83.8) 168 (16.2) 1037 1037 DK 663 (66.3) 337 (33.7) 1000 1000 ES 782 (78.2) 218 (21.8) 1000 1000 FI 870 (84.7) 157 (15.3) 1027 1027 FR 847 (83.1) 172 (16.9) 1019 1019 GB-GBN 858 (82.9) 177 (17.1) 1035 1035 GB-NIR 242 (78.6) 66 (21.4) 308 308 GR 882 (87.8) 123 (12.2) 1005 1005 IE 757 (75.6) 244 (24.4) 1001 1001 IT 953 (93.0) 72 (7.0) 1025 1025 LU 445 (71.9) 174 (28.1) 619 619 NL 860 (82.4) 184 (17.6) 1044 1044 PT 902 (90.2) 98 (9.8) 1000 1000 SE 776 (77.6) 224 (22.4) 1000 1000 N Sum 13345 2871 16216 N Valid Sum 13345 2871 16216 printed 25.01.2012 page 278 Eurobarometer 61 - February-March 2004,GESIS Variable Report,303,ZA4056
v270,v270 0 1 N Sum N Valid Sum,Q44 EUROP PARLIAM INFO: INTERNET,isocntry AT 958 (91.1) 94 (8.9) 1052 1052 BE 939 (92.8) 73 (7.2) 1012 1012 DE-E 994 (96.3) 38 (3.7) 1032 1032 DE-W 955 (92.1) 82 (7.9) 1037 1037 DK 892 (89.2) 108 (10.8) 1000 1000 ES 936 (93.6) 64 (6.4) 1000 1000 FI 955 (93.0) 72 (7.0) 1027 1027 FR 937 (92.0) 82 (8.0) 1019 1019 GB-GBN 952 (92.0) 83 (8.0) 1035 1035 GB-NIR 288 (93.5) 20 (6.5) 308 308 GR 934 (92.9) 71 (7.1) 1005 1005 IE 948 (94.7) 53 (5.3) 1001 1001 IT 950 (92.7) 75 (7.3) 1025 1025 LU 564 (91.1) 55 (8.9) 619 619 NL 925 (88.6) 119 (11.4) 1044 1044 PT 943 (94.3) 57 (5.7) 1000 1000 SE 919 (91.9) 81 (8.1) 1000 1000 N Sum 14989 1227 16216 N Valid Sum 14989 1227 16216 printed 25.01.2012 page 279 Eurobarometer 61 - February-March 2004,isocntry AT 958 (91.1) 94 (8.9) 1052 1052 BE 939 (92.8) 73 (7.2) 1012 1012 DE-E 994 (96.3) 38 (3.7) 1032 1032 DE-W 955 (92.1) 82 (7.9) 1037 1037 DK 892 (89.2) 108 (10.8) 1000 1000 ES 936 (93.6) 64 (6.4) 1000 1000 FI 955 (93.0) 72 (7.0) 1027 1027 FR 937 (92.0) 82 (8.0) 1019 1019 GB-GBN 952 (92.0) 83 (8.0) 1035 1035 GB-NIR 288 (93.5) 20 (6.5) 308 308 GR 934 (92.9) 71 (7.1) 1005 1005 IE 948 (94.7) 53 (5.3) 1001 1001 IT 950 (92.7) 75 (7.3) 1025 1025 LU 564 (91.1) 55 (8.9) 619 619 NL 925 (88.6) 119 (11.4) 1044 1044 PT 943 (94.3) 57 (5.7) 1000 1000 SE 919 (91.9) 81 (8.1) 1000 1000 N Sum 14989 1227 16216 N Valid Sum 14989 1227 16216 printed 25.01.2012 page 279 Eurobarometer 61 - February-March 2004,GESIS Variable Report,304,ZA4056
v271,v271 0 1 N Sum N Valid Sum,Q44 EUROP PARLIAM INFO: NEWSLETTER,isocntry AT 993 (94.4) 59 (5.6) 1052 1052 BE 909 (89.8) 103 (10.2) 1012 1012 DE-E 964 (93.4) 68 (6.6) 1032 1032 DE-W 875 (84.4) 162 (15.6) 1037 1037 DK 887 (88.7) 113 (11.3) 1000 1000 ES 929 (92.9) 71 (7.1) 1000 1000 FI 939 (91.4) 88 (8.6) 1027 1027 FR 839 (82.3) 180 (17.7) 1019 1019 GB-GBN 858 (82.9) 177 (17.1) 1035 1035 GB-NIR 255 (82.8) 53 (17.2) 308 308 GR 819 (81.5) 186 (18.5) 1005 1005 IE 894 (89.3) 107 (10.7) 1001 1001 IT 898 (87.6) 127 (12.4) 1025 1025 LU 561 (90.6) 58 (9.4) 619 619 NL 952 (91.2) 92 (8.8) 1044 1044 PT 948 (94.8) 52 (5.2) 1000 1000 SE 885 (88.5) 115 (11.5) 1000 1000 N Sum 14405 1811 16216 N Valid Sum 14405 1811 16216 printed 25.01.2012 page 280 Eurobarometer 61 - February-March 2004,isocntry AT 993 (94.4) 59 (5.6) 1052 1052 BE 909 (89.8) 103 (10.2) 1012 1012 DE-E 964 (93.4) 68 (6.6) 1032 1032 DE-W 875 (84.4) 162 (15.6) 1037 1037 DK 887 (88.7) 113 (11.3) 1000 1000 ES 929 (92.9) 71 (7.1) 1000 1000 FI 939 (91.4) 88 (8.6) 1027 1027 FR 839 (82.3) 180 (17.7) 1019 1019 GB-GBN 858 (82.9) 177 (17.1) 1035 1035 GB-NIR 255 (82.8) 53 (17.2) 308 308 GR 819 (81.5) 186 (18.5) 1005 1005 IE 894 (89.3) 107 (10.7) 1001 1001 IT 898 (87.6) 127 (12.4) 1025 1025 LU 561 (90.6) 58 (9.4) 619 619 NL 952 (91.2) 92 (8.8) 1044 1044 PT 948 (94.8) 52 (5.2) 1000 1000 SE 885 (88.5) 115 (11.5) 1000 1000 N Sum 14405 1811 16216 N Valid Sum 14405 1811 16216 printed 25.01.2012 page 280 Eurobarometer 61 - February-March 2004,GESIS Variable Report,305,ZA4056
v272,v272 0 1 N Sum N Valid Sum,Q44 EUROP PARLIAM INFO: PUBLIC MEETING,isocntry AT 963 (91.5) 89 (8.5) 1052 1052 BE 951 (94.0) 61 (6.0) 1012 1012 DE-E 931 (90.2) 101 (9.8) 1032 1032 DE-W 880 (84.9) 157 (15.1) 1037 1037 DK 904 (90.4) 96 (9.6) 1000 1000 ES 943 (94.3) 57 (5.7) 1000 1000 FI 864 (84.1) 163 (15.9) 1027 1027 FR 938 (92.1) 81 (7.9) 1019 1019 GB-GBN 935 (90.3) 100 (9.7) 1035 1035 GB-NIR 268 (87.0) 40 (13.0) 308 308 GR 878 (87.4) 127 (12.6) 1005 1005 IE 907 (90.6) 94 (9.4) 1001 1001 IT 872 (85.1) 153 (14.9) 1025 1025 LU 570 (92.1) 49 (7.9) 619 619 NL 1002 (96.0) 42 (4.0) 1044 1044 PT 955 (95.5) 45 (4.5) 1000 1000 SE 869 (86.9) 131 (13.1) 1000 1000 N Sum 14630 1586 16216 N Valid Sum 14630 1586 16216 printed 25.01.2012 page 281 Eurobarometer 61 - February-March 2004,isocntry AT 963 (91.5) 89 (8.5) 1052 1052 BE 951 (94.0) 61 (6.0) 1012 1012 DE-E 931 (90.2) 101 (9.8) 1032 1032 DE-W 880 (84.9) 157 (15.1) 1037 1037 DK 904 (90.4) 96 (9.6) 1000 1000 ES 943 (94.3) 57 (5.7) 1000 1000 FI 864 (84.1) 163 (15.9) 1027 1027 FR 938 (92.1) 81 (7.9) 1019 1019 GB-GBN 935 (90.3) 100 (9.7) 1035 1035 GB-NIR 268 (87.0) 40 (13.0) 308 308 GR 878 (87.4) 127 (12.6) 1005 1005 IE 907 (90.6) 94 (9.4) 1001 1001 IT 872 (85.1) 153 (14.9) 1025 1025 LU 570 (92.1) 49 (7.9) 619 619 NL 1002 (96.0) 42 (4.0) 1044 1044 PT 955 (95.5) 45 (4.5) 1000 1000 SE 869 (86.9) 131 (13.1) 1000 1000 N Sum 14630 1586 16216 N Valid Sum 14630 1586 16216 printed 25.01.2012 page 281 Eurobarometer 61 - February-March 2004,GESIS Variable Report,306,ZA4056
v273,v273 0 1 N Sum N Valid Sum,Q44 EUROP PARLIAM INFO: NOT INTERESTED,isocntry AT 691 (65.7) 361 (34.3) 1052 1052 BE 547 (54.1) 465 (45.9) 1012 1012 DE-E 661 (64.1) 371 (35.9) 1032 1032 DE-W 732 (70.6) 305 (29.4) 1037 1037 DK 714 (71.4) 286 (28.6) 1000 1000 ES 661 (66.1) 339 (33.9) 1000 1000 FI 646 (62.9) 381 (37.1) 1027 1027 FR 738 (72.4) 281 (27.6) 1019 1019 GB-GBN 614 (59.3) 421 (40.7) 1035 1035 GB-NIR 179 (58.1) 129 (41.9) 308 308 GR 787 (78.3) 218 (21.7) 1005 1005 IE 687 (68.6) 314 (31.4) 1001 1001 IT 797 (77.8) 228 (22.2) 1025 1025 LU 401 (64.8) 218 (35.2) 619 619 NL 662 (63.4) 382 (36.6) 1044 1044 PT 704 (70.4) 296 (29.6) 1000 1000 SE 706 (70.6) 294 (29.4) 1000 1000 N Sum 10927 5289 16216 N Valid Sum 10927 5289 16216 printed 25.01.2012 page 282 Eurobarometer 61 - February-March 2004,isocntry AT 691 (65.7) 361 (34.3) 1052 1052 BE 547 (54.1) 465 (45.9) 1012 1012 DE-E 661 (64.1) 371 (35.9) 1032 1032 DE-W 732 (70.6) 305 (29.4) 1037 1037 DK 714 (71.4) 286 (28.6) 1000 1000 ES 661 (66.1) 339 (33.9) 1000 1000 FI 646 (62.9) 381 (37.1) 1027 1027 FR 738 (72.4) 281 (27.6) 1019 1019 GB-GBN 614 (59.3) 421 (40.7) 1035 1035 GB-NIR 179 (58.1) 129 (41.9) 308 308 GR 787 (78.3) 218 (21.7) 1005 1005 IE 687 (68.6) 314 (31.4) 1001 1001 IT 797 (77.8) 228 (22.2) 1025 1025 LU 401 (64.8) 218 (35.2) 619 619 NL 662 (63.4) 382 (36.6) 1044 1044 PT 704 (70.4) 296 (29.6) 1000 1000 SE 706 (70.6) 294 (29.4) 1000 1000 N Sum 10927 5289 16216 N Valid Sum 10927 5289 16216 printed 25.01.2012 page 282 Eurobarometer 61 - February-March 2004,GESIS Variable Report,307,ZA4056
v274,v274 0 1 N Sum N Valid Sum,Q44 EUROP PARLIAM INFO: OTHER,isocntry AT 1035 (98.4) 17 (1.6) 1052 1052 BE 1005 (99.3) 7 (0.7) 1012 1012 DE-E 1029 (99.7) 3 (0.3) 1032 1032 DE-W 1035 (99.8) 2 (0.2) 1037 1037 DK 994 (99.4) 6 (0.6) 1000 1000 ES 990 (99.0) 10 (1.0) 1000 1000 FI 1019 (99.2) 8 (0.8) 1027 1027 FR 1013 (99.4) 6 (0.6) 1019 1019 GB-GBN 1031 (99.6) 4 (0.4) 1035 1035 GB-NIR 307 (99.7) 1 (0.3) 308 308 GR 999 (99.4) 6 (0.6) 1005 1005 IE 993 (99.2) 8 (0.8) 1001 1001 IT 1001 (97.7) 24 (2.3) 1025 1025 LU 593 (95.8) 26 (4.2) 619 619 NL 1031 (98.8) 13 (1.2) 1044 1044 PT 991 (99.1) 9 (0.9) 1000 1000 SE 994 (99.4) 6 (0.6) 1000 1000 N Sum 16060 156 16216 N Valid Sum 16060 156 16216 printed 25.01.2012 page 283 Eurobarometer 61 - February-March 2004,isocntry AT 1035 (98.4) 17 (1.6) 1052 1052 BE 1005 (99.3) 7 (0.7) 1012 1012 DE-E 1029 (99.7) 3 (0.3) 1032 1032 DE-W 1035 (99.8) 2 (0.2) 1037 1037 DK 994 (99.4) 6 (0.6) 1000 1000 ES 990 (99.0) 10 (1.0) 1000 1000 FI 1019 (99.2) 8 (0.8) 1027 1027 FR 1013 (99.4) 6 (0.6) 1019 1019 GB-GBN 1031 (99.6) 4 (0.4) 1035 1035 GB-NIR 307 (99.7) 1 (0.3) 308 308 GR 999 (99.4) 6 (0.6) 1005 1005 IE 993 (99.2) 8 (0.8) 1001 1001 IT 1001 (97.7) 24 (2.3) 1025 1025 LU 593 (95.8) 26 (4.2) 619 619 NL 1031 (98.8) 13 (1.2) 1044 1044 PT 991 (99.1) 9 (0.9) 1000 1000 SE 994 (99.4) 6 (0.6) 1000 1000 N Sum 16060 156 16216 N Valid Sum 16060 156 16216 printed 25.01.2012 page 283 Eurobarometer 61 - February-March 2004,GESIS Variable Report,308,ZA4056
v275,v275 0 1 N Sum N Valid Sum,Q44 EUROP PARLIAM INFO: DK,isocntry AT 992 (94.3) 60 (5.7) 1052 1052 BE 972 (96.0) 40 (4.0) 1012 1012 DE-E 970 (94.0) 62 (6.0) 1032 1032 DE-W 999 (96.3) 38 (3.7) 1037 1037 DK 988 (98.8) 12 (1.2) 1000 1000 ES 941 (94.1) 59 (5.9) 1000 1000 FI 1016 (98.9) 11 (1.1) 1027 1027 FR 952 (93.4) 67 (6.6) 1019 1019 GB-GBN 960 (92.8) 75 (7.2) 1035 1035 GB-NIR 302 (98.1) 6 (1.9) 308 308 GR 980 (97.5) 25 (2.5) 1005 1005 IE 936 (93.5) 65 (6.5) 1001 1001 IT 948 (92.5) 77 (7.5) 1025 1025 LU 601 (97.1) 18 (2.9) 619 619 NL 1026 (98.3) 18 (1.7) 1044 1044 PT 911 (91.1) 89 (8.9) 1000 1000 SE 978 (97.8) 22 (2.2) 1000 1000 N Sum 15472 744 16216 N Valid Sum 15472 744 16216 printed 25.01.2012 page 284 Eurobarometer 61 - February-March 2004,isocntry AT 992 (94.3) 60 (5.7) 1052 1052 BE 972 (96.0) 40 (4.0) 1012 1012 DE-E 970 (94.0) 62 (6.0) 1032 1032 DE-W 999 (96.3) 38 (3.7) 1037 1037 DK 988 (98.8) 12 (1.2) 1000 1000 ES 941 (94.1) 59 (5.9) 1000 1000 FI 1016 (98.9) 11 (1.1) 1027 1027 FR 952 (93.4) 67 (6.6) 1019 1019 GB-GBN 960 (92.8) 75 (7.2) 1035 1035 GB-NIR 302 (98.1) 6 (1.9) 308 308 GR 980 (97.5) 25 (2.5) 1005 1005 IE 936 (93.5) 65 (6.5) 1001 1001 IT 948 (92.5) 77 (7.5) 1025 1025 LU 601 (97.1) 18 (2.9) 619 619 NL 1026 (98.3) 18 (1.7) 1044 1044 PT 911 (91.1) 89 (8.9) 1000 1000 SE 978 (97.8) 22 (2.2) 1000 1000 N Sum 15472 744 16216 N Valid Sum 15472 744 16216 printed 25.01.2012 page 284 Eurobarometer 61 - February-March 2004,GESIS Variable Report,309,ZA4056
v276,,Q45 NATIONAL GOVERMENT: PERS EFFECT,,Q45 NATIONAL GOVERMENT: PERS EFFECT,GESIS Variable Report,310,ZA4056
v277,,Q45 NATIONAL PARLIAMENT: PERS EFFECT,,Q45 NATIONAL PARLIAMENT: PERS EFFECT,GESIS Variable Report,311,ZA4056
v278,,Q45 EUROPEAN UNION: PERS EFFECT,,Q45 EUROPEAN UNION: PERS EFFECT,GESIS Variable Report,312,ZA4056
v279,,Q45 EUROPEAN PARLIAMENT: PERS EFFECT,,Q45 EUROPEAN PARLIAMENT: PERS EFFECT,GESIS Variable Report,313,ZA4056
v280,,Q45 REGIONAL GOVERNMENT: PERS EFFECT,,Q45 REGIONAL GOVERNMENT: PERS EFFECT,GESIS Variable Report,314,ZA4056
v281,,Q46 EUROP PARLIAMENT: PROTECT INTERESTS,,Q46 EUROP PARLIAMENT: PROTECT INTERESTS,GESIS Variable Report,315,ZA4056
v282,,Q46 EUROP PARLIAMENT: POWER,,Q46 EUROP PARLIAMENT: POWER,GESIS Variable Report,316,ZA4056
v283,,Q46 EUROP PARLIAMENT: ELECTIONS IMPORT,,Q46 EUROP PARLIAMENT: ELECTIONS IMPORT,GESIS Variable Report,317,ZA4056
v284,v284 0 1 N Sum N Valid Sum,Q47 EP ELECTION CAMP: COUNTRY ISSUES,isocntry AT 550 (52.3) 502 (47.7) 1052 1052 BE 832 (82.2) 180 (17.8) 1012 1012 DE-E 698 (67.6) 334 (32.4) 1032 1032 DE-W 723 (69.7) 314 (30.3) 1037 1037 DK 785 (78.5) 215 (21.5) 1000 1000 ES 645 (64.5) 355 (35.5) 1000 1000 FI 551 (53.7) 476 (46.3) 1027 1027 FR 691 (67.8) 328 (32.2) 1019 1019 GB-GBN 700 (67.6) 335 (32.4) 1035 1035 GB-NIR 158 (51.3) 150 (48.7) 308 308 GR 574 (57.1) 431 (42.9) 1005 1005 IE 543 (54.2) 458 (45.8) 1001 1001 IT 634 (61.9) 391 (38.1) 1025 1025 LU 492 (79.5) 127 (20.5) 619 619 NL 611 (58.5) 433 (41.5) 1044 1044 PT 535 (53.5) 465 (46.5) 1000 1000 SE 463 (46.3) 537 (53.7) 1000 1000 N Sum 10185 6031 16216 N Valid Sum 10185 6031 16216 printed 25.01.2012 page 293 Eurobarometer 61 - February-March 2004,isocntry AT 550 (52.3) 502 (47.7) 1052 1052 BE 832 (82.2) 180 (17.8) 1012 1012 DE-E 698 (67.6) 334 (32.4) 1032 1032 DE-W 723 (69.7) 314 (30.3) 1037 1037 DK 785 (78.5) 215 (21.5) 1000 1000 ES 645 (64.5) 355 (35.5) 1000 1000 FI 551 (53.7) 476 (46.3) 1027 1027 FR 691 (67.8) 328 (32.2) 1019 1019 GB-GBN 700 (67.6) 335 (32.4) 1035 1035 GB-NIR 158 (51.3) 150 (48.7) 308 308 GR 574 (57.1) 431 (42.9) 1005 1005 IE 543 (54.2) 458 (45.8) 1001 1001 IT 634 (61.9) 391 (38.1) 1025 1025 LU 492 (79.5) 127 (20.5) 619 619 NL 611 (58.5) 433 (41.5) 1044 1044 PT 535 (53.5) 465 (46.5) 1000 1000 SE 463 (46.3) 537 (53.7) 1000 1000 N Sum 10185 6031 16216 N Valid Sum 10185 6031 16216 printed 25.01.2012 page 293 Eurobarometer 61 - February-March 2004,GESIS Variable Report,318,ZA4056
v285,v285 0 1 N Sum N Valid Sum,Q47 EP ELECTION CAMP: AGRICULTURE,isocntry AT 807 (76.7) 245 (23.3) 1052 1052 BE 889 (87.8) 123 (12.2) 1012 1012 DE-E 809 (78.4) 223 (21.6) 1032 1032 DE-W 821 (79.2) 216 (20.8) 1037 1037 DK 754 (75.4) 246 (24.6) 1000 1000 ES 752 (75.2) 248 (24.8) 1000 1000 FI 597 (58.1) 430 (41.9) 1027 1027 FR 755 (74.1) 264 (25.9) 1019 1019 GB-GBN 792 (76.5) 243 (23.5) 1035 1035 GB-NIR 239 (77.6) 69 (22.4) 308 308 GR 498 (49.6) 507 (50.4) 1005 1005 IE 807 (80.6) 194 (19.4) 1001 1001 IT 838 (81.8) 187 (18.2) 1025 1025 LU 477 (77.1) 142 (22.9) 619 619 NL 715 (68.5) 329 (31.5) 1044 1044 PT 733 (73.3) 267 (26.7) 1000 1000 SE 693 (69.3) 307 (30.7) 1000 1000 N Sum 11976 4240 16216 N Valid Sum 11976 4240 16216 printed 25.01.2012 page 294 Eurobarometer 61 - February-March 2004,isocntry AT 807 (76.7) 245 (23.3) 1052 1052 BE 889 (87.8) 123 (12.2) 1012 1012 DE-E 809 (78.4) 223 (21.6) 1032 1032 DE-W 821 (79.2) 216 (20.8) 1037 1037 DK 754 (75.4) 246 (24.6) 1000 1000 ES 752 (75.2) 248 (24.8) 1000 1000 FI 597 (58.1) 430 (41.9) 1027 1027 FR 755 (74.1) 264 (25.9) 1019 1019 GB-GBN 792 (76.5) 243 (23.5) 1035 1035 GB-NIR 239 (77.6) 69 (22.4) 308 308 GR 498 (49.6) 507 (50.4) 1005 1005 IE 807 (80.6) 194 (19.4) 1001 1001 IT 838 (81.8) 187 (18.2) 1025 1025 LU 477 (77.1) 142 (22.9) 619 619 NL 715 (68.5) 329 (31.5) 1044 1044 PT 733 (73.3) 267 (26.7) 1000 1000 SE 693 (69.3) 307 (30.7) 1000 1000 N Sum 11976 4240 16216 N Valid Sum 11976 4240 16216 printed 25.01.2012 page 294 Eurobarometer 61 - February-March 2004,GESIS Variable Report,319,ZA4056
v286,v286 0 1 N Sum N Valid Sum,Q47 EP ELECTION CAMP: ENVIRONMENT,isocntry AT 677 (64.4) 375 (35.6) 1052 1052 BE 726 (71.7) 286 (28.3) 1012 1012 DE-E 725 (70.3) 307 (29.7) 1032 1032 DE-W 688 (66.3) 349 (33.7) 1037 1037 DK 454 (45.4) 546 (54.6) 1000 1000 ES 726 (72.6) 274 (27.4) 1000 1000 FI 723 (70.4) 304 (29.6) 1027 1027 FR 570 (55.9) 449 (44.1) 1019 1019 GB-GBN 729 (70.4) 306 (29.6) 1035 1035 GB-NIR 238 (77.3) 70 (22.7) 308 308 GR 685 (68.2) 320 (31.8) 1005 1005 IE 718 (71.7) 283 (28.3) 1001 1001 IT 675 (65.9) 350 (34.1) 1025 1025 LU 362 (58.5) 257 (41.5) 619 619 NL 660 (63.2) 384 (36.8) 1044 1044 PT 809 (80.9) 191 (19.1) 1000 1000 SE 433 (43.3) 567 (56.7) 1000 1000 N Sum 10598 5618 16216 N Valid Sum 10598 5618 16216 printed 25.01.2012 page 295 Eurobarometer 61 - February-March 2004,isocntry AT 677 (64.4) 375 (35.6) 1052 1052 BE 726 (71.7) 286 (28.3) 1012 1012 DE-E 725 (70.3) 307 (29.7) 1032 1032 DE-W 688 (66.3) 349 (33.7) 1037 1037 DK 454 (45.4) 546 (54.6) 1000 1000 ES 726 (72.6) 274 (27.4) 1000 1000 FI 723 (70.4) 304 (29.6) 1027 1027 FR 570 (55.9) 449 (44.1) 1019 1019 GB-GBN 729 (70.4) 306 (29.6) 1035 1035 GB-NIR 238 (77.3) 70 (22.7) 308 308 GR 685 (68.2) 320 (31.8) 1005 1005 IE 718 (71.7) 283 (28.3) 1001 1001 IT 675 (65.9) 350 (34.1) 1025 1025 LU 362 (58.5) 257 (41.5) 619 619 NL 660 (63.2) 384 (36.8) 1044 1044 PT 809 (80.9) 191 (19.1) 1000 1000 SE 433 (43.3) 567 (56.7) 1000 1000 N Sum 10598 5618 16216 N Valid Sum 10598 5618 16216 printed 25.01.2012 page 295 Eurobarometer 61 - February-March 2004,GESIS Variable Report,320,ZA4056
v287,v287 0 1 N Sum N Valid Sum,Q47 EP ELECTION CAMP: CRIME,isocntry AT 542 (51.5) 510 (48.5) 1052 1052 BE 493 (48.7) 519 (51.3) 1012 1012 DE-E 505 (48.9) 527 (51.1) 1032 1032 DE-W 503 (48.5) 534 (51.5) 1037 1037 DK 504 (50.4) 496 (49.6) 1000 1000 ES 709 (70.9) 291 (29.1) 1000 1000 FI 567 (55.2) 460 (44.8) 1027 1027 FR 643 (63.1) 376 (36.9) 1019 1019 GB-GBN 558 (53.9) 477 (46.1) 1035 1035 GB-NIR 144 (46.8) 164 (53.2) 308 308 GR 577 (57.4) 428 (42.6) 1005 1005 IE 567 (56.6) 434 (43.4) 1001 1001 IT 562 (54.8) 463 (45.2) 1025 1025 LU 327 (52.8) 292 (47.2) 619 619 NL 386 (37.0) 658 (63.0) 1044 1044 PT 605 (60.5) 395 (39.5) 1000 1000 SE 454 (45.4) 546 (54.6) 1000 1000 N Sum 8646 7570 16216 N Valid Sum 8646 7570 16216 printed 25.01.2012 page 296 Eurobarometer 61 - February-March 2004,isocntry AT 542 (51.5) 510 (48.5) 1052 1052 BE 493 (48.7) 519 (51.3) 1012 1012 DE-E 505 (48.9) 527 (51.1) 1032 1032 DE-W 503 (48.5) 534 (51.5) 1037 1037 DK 504 (50.4) 496 (49.6) 1000 1000 ES 709 (70.9) 291 (29.1) 1000 1000 FI 567 (55.2) 460 (44.8) 1027 1027 FR 643 (63.1) 376 (36.9) 1019 1019 GB-GBN 558 (53.9) 477 (46.1) 1035 1035 GB-NIR 144 (46.8) 164 (53.2) 308 308 GR 577 (57.4) 428 (42.6) 1005 1005 IE 567 (56.6) 434 (43.4) 1001 1001 IT 562 (54.8) 463 (45.2) 1025 1025 LU 327 (52.8) 292 (47.2) 619 619 NL 386 (37.0) 658 (63.0) 1044 1044 PT 605 (60.5) 395 (39.5) 1000 1000 SE 454 (45.4) 546 (54.6) 1000 1000 N Sum 8646 7570 16216 N Valid Sum 8646 7570 16216 printed 25.01.2012 page 296 Eurobarometer 61 - February-March 2004,GESIS Variable Report,321,ZA4056
v288,v288 0 1 N Sum N Valid Sum,Q47 EP ELECTION CAMP: EMPLOYMENT,isocntry AT 532 (50.6) 520 (49.4) 1052 1052 BE 298 (29.4) 714 (70.6) 1012 1012 DE-E 317 (30.7) 715 (69.3) 1032 1032 DE-W 392 (37.8) 645 (62.2) 1037 1037 DK 455 (45.5) 545 (54.5) 1000 1000 ES 386 (38.6) 614 (61.4) 1000 1000 FI 336 (32.7) 691 (67.3) 1027 1027 FR 230 (22.6) 789 (77.4) 1019 1019 GB-GBN 645 (62.3) 390 (37.7) 1035 1035 GB-NIR 162 (52.6) 146 (47.4) 308 308 GR 302 (30.0) 703 (70.0) 1005 1005 IE 609 (60.8) 392 (39.2) 1001 1001 IT 540 (52.7) 485 (47.3) 1025 1025 LU 240 (38.8) 379 (61.2) 619 619 NL 414 (39.7) 630 (60.3) 1044 1044 PT 297 (29.7) 703 (70.3) 1000 1000 SE 372 (37.2) 628 (62.8) 1000 1000 N Sum 6527 9689 16216 N Valid Sum 6527 9689 16216 printed 25.01.2012 page 297 Eurobarometer 61 - February-March 2004,isocntry AT 532 (50.6) 520 (49.4) 1052 1052 BE 298 (29.4) 714 (70.6) 1012 1012 DE-E 317 (30.7) 715 (69.3) 1032 1032 DE-W 392 (37.8) 645 (62.2) 1037 1037 DK 455 (45.5) 545 (54.5) 1000 1000 ES 386 (38.6) 614 (61.4) 1000 1000 FI 336 (32.7) 691 (67.3) 1027 1027 FR 230 (22.6) 789 (77.4) 1019 1019 GB-GBN 645 (62.3) 390 (37.7) 1035 1035 GB-NIR 162 (52.6) 146 (47.4) 308 308 GR 302 (30.0) 703 (70.0) 1005 1005 IE 609 (60.8) 392 (39.2) 1001 1001 IT 540 (52.7) 485 (47.3) 1025 1025 LU 240 (38.8) 379 (61.2) 619 619 NL 414 (39.7) 630 (60.3) 1044 1044 PT 297 (29.7) 703 (70.3) 1000 1000 SE 372 (37.2) 628 (62.8) 1000 1000 N Sum 6527 9689 16216 N Valid Sum 6527 9689 16216 printed 25.01.2012 page 297 Eurobarometer 61 - February-March 2004,GESIS Variable Report,322,ZA4056
v289,v289 0 1 N Sum N Valid Sum,Q47 EP ELECTION CAMP: IMMIGRATION,isocntry AT 665 (63.2) 387 (36.8) 1052 1052 BE 590 (58.3) 422 (41.7) 1012 1012 DE-E 608 (58.9) 424 (41.1) 1032 1032 DE-W 530 (51.1) 507 (48.9) 1037 1037 DK 524 (52.4) 476 (47.6) 1000 1000 ES 466 (46.6) 534 (53.4) 1000 1000 FI 797 (77.6) 230 (22.4) 1027 1027 FR 678 (66.5) 341 (33.5) 1019 1019 GB-GBN 390 (37.7) 645 (62.3) 1035 1035 GB-NIR 216 (70.1) 92 (29.9) 308 308 GR 647 (64.4) 358 (35.6) 1005 1005 IE 701 (70.0) 300 (30.0) 1001 1001 IT 577 (56.3) 448 (43.7) 1025 1025 LU 349 (56.4) 270 (43.6) 619 619 NL 643 (61.6) 401 (38.4) 1044 1044 PT 784 (78.4) 216 (21.6) 1000 1000 SE 640 (64.0) 360 (36.0) 1000 1000 N Sum 9805 6411 16216 N Valid Sum 9805 6411 16216 printed 25.01.2012 page 298 Eurobarometer 61 - February-March 2004,isocntry AT 665 (63.2) 387 (36.8) 1052 1052 BE 590 (58.3) 422 (41.7) 1012 1012 DE-E 608 (58.9) 424 (41.1) 1032 1032 DE-W 530 (51.1) 507 (48.9) 1037 1037 DK 524 (52.4) 476 (47.6) 1000 1000 ES 466 (46.6) 534 (53.4) 1000 1000 FI 797 (77.6) 230 (22.4) 1027 1027 FR 678 (66.5) 341 (33.5) 1019 1019 GB-GBN 390 (37.7) 645 (62.3) 1035 1035 GB-NIR 216 (70.1) 92 (29.9) 308 308 GR 647 (64.4) 358 (35.6) 1005 1005 IE 701 (70.0) 300 (30.0) 1001 1001 IT 577 (56.3) 448 (43.7) 1025 1025 LU 349 (56.4) 270 (43.6) 619 619 NL 643 (61.6) 401 (38.4) 1044 1044 PT 784 (78.4) 216 (21.6) 1000 1000 SE 640 (64.0) 360 (36.0) 1000 1000 N Sum 9805 6411 16216 N Valid Sum 9805 6411 16216 printed 25.01.2012 page 298 Eurobarometer 61 - February-March 2004,GESIS Variable Report,323,ZA4056
v290,v290 0 1 N Sum N Valid Sum,Q47 EP ELECTION CAMP: EDUCATION,isocntry AT 783 (74.4) 269 (25.6) 1052 1052 BE 747 (73.8) 265 (26.2) 1012 1012 DE-E 672 (65.1) 360 (34.9) 1032 1032 DE-W 683 (65.9) 354 (34.1) 1037 1037 DK 712 (71.2) 288 (28.8) 1000 1000 ES 681 (68.1) 319 (31.9) 1000 1000 FI 811 (79.0) 216 (21.0) 1027 1027 FR 681 (66.8) 338 (33.2) 1019 1019 GB-GBN 703 (67.9) 332 (32.1) 1035 1035 GB-NIR 209 (67.9) 99 (32.1) 308 308 GR 575 (57.2) 430 (42.8) 1005 1005 IE 744 (74.3) 257 (25.7) 1001 1001 IT 780 (76.1) 245 (23.9) 1025 1025 LU 353 (57.0) 266 (43.0) 619 619 NL 589 (56.4) 455 (43.6) 1044 1044 PT 681 (68.1) 319 (31.9) 1000 1000 SE 706 (70.6) 294 (29.4) 1000 1000 N Sum 11110 5106 16216 N Valid Sum 11110 5106 16216 printed 25.01.2012 page 299 Eurobarometer 61 - February-March 2004,isocntry AT 783 (74.4) 269 (25.6) 1052 1052 BE 747 (73.8) 265 (26.2) 1012 1012 DE-E 672 (65.1) 360 (34.9) 1032 1032 DE-W 683 (65.9) 354 (34.1) 1037 1037 DK 712 (71.2) 288 (28.8) 1000 1000 ES 681 (68.1) 319 (31.9) 1000 1000 FI 811 (79.0) 216 (21.0) 1027 1027 FR 681 (66.8) 338 (33.2) 1019 1019 GB-GBN 703 (67.9) 332 (32.1) 1035 1035 GB-NIR 209 (67.9) 99 (32.1) 308 308 GR 575 (57.2) 430 (42.8) 1005 1005 IE 744 (74.3) 257 (25.7) 1001 1001 IT 780 (76.1) 245 (23.9) 1025 1025 LU 353 (57.0) 266 (43.0) 619 619 NL 589 (56.4) 455 (43.6) 1044 1044 PT 681 (68.1) 319 (31.9) 1000 1000 SE 706 (70.6) 294 (29.4) 1000 1000 N Sum 11110 5106 16216 N Valid Sum 11110 5106 16216 printed 25.01.2012 page 299 Eurobarometer 61 - February-March 2004,GESIS Variable Report,324,ZA4056
v291,v291 0 1 N Sum N Valid Sum,Q47 EP ELECTION CAMP: COMMON DEFENCE,isocntry AT 898 (85.4) 154 (14.6) 1052 1052 BE 883 (87.3) 129 (12.7) 1012 1012 DE-E 820 (79.5) 212 (20.5) 1032 1032 DE-W 764 (73.7) 273 (26.3) 1037 1037 DK 769 (76.9) 231 (23.1) 1000 1000 ES 801 (80.1) 199 (19.9) 1000 1000 FI 802 (78.1) 225 (21.9) 1027 1027 FR 831 (81.6) 188 (18.4) 1019 1019 GB-GBN 751 (72.6) 284 (27.4) 1035 1035 GB-NIR 277 (89.9) 31 (10.1) 308 308 GR 784 (78.0) 221 (22.0) 1005 1005 IE 879 (87.8) 122 (12.2) 1001 1001 IT 800 (78.0) 225 (22.0) 1025 1025 LU 488 (78.8) 131 (21.2) 619 619 NL 785 (75.2) 259 (24.8) 1044 1044 PT 886 (88.6) 114 (11.4) 1000 1000 SE 809 (80.9) 191 (19.1) 1000 1000 N Sum 13027 3189 16216 N Valid Sum 13027 3189 16216 printed 25.01.2012 page 300 Eurobarometer 61 - February-March 2004,isocntry AT 898 (85.4) 154 (14.6) 1052 1052 BE 883 (87.3) 129 (12.7) 1012 1012 DE-E 820 (79.5) 212 (20.5) 1032 1032 DE-W 764 (73.7) 273 (26.3) 1037 1037 DK 769 (76.9) 231 (23.1) 1000 1000 ES 801 (80.1) 199 (19.9) 1000 1000 FI 802 (78.1) 225 (21.9) 1027 1027 FR 831 (81.6) 188 (18.4) 1019 1019 GB-GBN 751 (72.6) 284 (27.4) 1035 1035 GB-NIR 277 (89.9) 31 (10.1) 308 308 GR 784 (78.0) 221 (22.0) 1005 1005 IE 879 (87.8) 122 (12.2) 1001 1001 IT 800 (78.0) 225 (22.0) 1025 1025 LU 488 (78.8) 131 (21.2) 619 619 NL 785 (75.2) 259 (24.8) 1044 1044 PT 886 (88.6) 114 (11.4) 1000 1000 SE 809 (80.9) 191 (19.1) 1000 1000 N Sum 13027 3189 16216 N Valid Sum 13027 3189 16216 printed 25.01.2012 page 300 Eurobarometer 61 - February-March 2004,GESIS Variable Report,325,ZA4056
v292,v292 0 1 N Sum N Valid Sum,Q47 EP ELECTION CAMP: FOREIGN POLICY,isocntry AT 915 (87.0) 137 (13.0) 1052 1052 BE 880 (87.0) 132 (13.0) 1012 1012 DE-E 778 (75.4) 254 (24.6) 1032 1032 DE-W 720 (69.4) 317 (30.6) 1037 1037 DK 769 (76.9) 231 (23.1) 1000 1000 ES 840 (84.0) 160 (16.0) 1000 1000 FI 904 (88.0) 123 (12.0) 1027 1027 FR 827 (81.2) 192 (18.8) 1019 1019 GB-GBN 828 (80.0) 207 (20.0) 1035 1035 GB-NIR 287 (93.2) 21 (6.8) 308 308 GR 757 (75.3) 248 (24.7) 1005 1005 IE 883 (88.2) 118 (11.8) 1001 1001 IT 855 (83.4) 170 (16.6) 1025 1025 LU 510 (82.4) 109 (17.6) 619 619 NL 798 (76.4) 246 (23.6) 1044 1044 PT 945 (94.5) 55 (5.5) 1000 1000 SE 795 (79.5) 205 (20.5) 1000 1000 N Sum 13291 2925 16216 N Valid Sum 13291 2925 16216 printed 25.01.2012 page 301 Eurobarometer 61 - February-March 2004,isocntry AT 915 (87.0) 137 (13.0) 1052 1052 BE 880 (87.0) 132 (13.0) 1012 1012 DE-E 778 (75.4) 254 (24.6) 1032 1032 DE-W 720 (69.4) 317 (30.6) 1037 1037 DK 769 (76.9) 231 (23.1) 1000 1000 ES 840 (84.0) 160 (16.0) 1000 1000 FI 904 (88.0) 123 (12.0) 1027 1027 FR 827 (81.2) 192 (18.8) 1019 1019 GB-GBN 828 (80.0) 207 (20.0) 1035 1035 GB-NIR 287 (93.2) 21 (6.8) 308 308 GR 757 (75.3) 248 (24.7) 1005 1005 IE 883 (88.2) 118 (11.8) 1001 1001 IT 855 (83.4) 170 (16.6) 1025 1025 LU 510 (82.4) 109 (17.6) 619 619 NL 798 (76.4) 246 (23.6) 1044 1044 PT 945 (94.5) 55 (5.5) 1000 1000 SE 795 (79.5) 205 (20.5) 1000 1000 N Sum 13291 2925 16216 N Valid Sum 13291 2925 16216 printed 25.01.2012 page 301 Eurobarometer 61 - February-March 2004,GESIS Variable Report,326,ZA4056
v293,v293 0 1 N Sum N Valid Sum,Q47 EP ELECTION CAMP: EU ENLARGEMENT,isocntry AT 942 (89.5) 110 (10.5) 1052 1052 BE 916 (90.5) 96 (9.5) 1012 1012 DE-E 874 (84.7) 158 (15.3) 1032 1032 DE-W 853 (82.3) 184 (17.7) 1037 1037 DK 755 (75.5) 245 (24.5) 1000 1000 ES 874 (87.4) 126 (12.6) 1000 1000 FI 891 (86.8) 136 (13.2) 1027 1027 FR 882 (86.6) 137 (13.4) 1019 1019 GB-GBN 935 (90.3) 100 (9.7) 1035 1035 GB-NIR 280 (90.9) 28 (9.1) 308 308 GR 906 (90.1) 99 (9.9) 1005 1005 IE 883 (88.2) 118 (11.8) 1001 1001 IT 913 (89.1) 112 (10.9) 1025 1025 LU 544 (87.9) 75 (12.1) 619 619 NL 867 (83.0) 177 (17.0) 1044 1044 PT 897 (89.7) 103 (10.3) 1000 1000 SE 836 (83.6) 164 (16.4) 1000 1000 N Sum 14048 2168 16216 N Valid Sum 14048 2168 16216 printed 25.01.2012 page 302 Eurobarometer 61 - February-March 2004,isocntry AT 942 (89.5) 110 (10.5) 1052 1052 BE 916 (90.5) 96 (9.5) 1012 1012 DE-E 874 (84.7) 158 (15.3) 1032 1032 DE-W 853 (82.3) 184 (17.7) 1037 1037 DK 755 (75.5) 245 (24.5) 1000 1000 ES 874 (87.4) 126 (12.6) 1000 1000 FI 891 (86.8) 136 (13.2) 1027 1027 FR 882 (86.6) 137 (13.4) 1019 1019 GB-GBN 935 (90.3) 100 (9.7) 1035 1035 GB-NIR 280 (90.9) 28 (9.1) 308 308 GR 906 (90.1) 99 (9.9) 1005 1005 IE 883 (88.2) 118 (11.8) 1001 1001 IT 913 (89.1) 112 (10.9) 1025 1025 LU 544 (87.9) 75 (12.1) 619 619 NL 867 (83.0) 177 (17.0) 1044 1044 PT 897 (89.7) 103 (10.3) 1000 1000 SE 836 (83.6) 164 (16.4) 1000 1000 N Sum 14048 2168 16216 N Valid Sum 14048 2168 16216 printed 25.01.2012 page 302 Eurobarometer 61 - February-March 2004,GESIS Variable Report,327,ZA4056
v294,v294 0 1 N Sum N Valid Sum,Q47 EP ELECTION CAMP: EU INSTIT REFORM,isocntry AT 920 (87.5) 132 (12.5) 1052 1052 BE 934 (92.3) 78 (7.7) 1012 1012 DE-E 911 (88.3) 121 (11.7) 1032 1032 DE-W 870 (83.9) 167 (16.1) 1037 1037 DK 825 (82.5) 175 (17.5) 1000 1000 ES 903 (90.3) 97 (9.7) 1000 1000 FI 907 (88.3) 120 (11.7) 1027 1027 FR 878 (86.2) 141 (13.8) 1019 1019 GB-GBN 879 (84.9) 156 (15.1) 1035 1035 GB-NIR 284 (92.2) 24 (7.8) 308 308 GR 909 (90.4) 96 (9.6) 1005 1005 IE 923 (92.2) 78 (7.8) 1001 1001 IT 910 (88.8) 115 (11.2) 1025 1025 LU 555 (89.7) 64 (10.3) 619 619 NL 840 (80.5) 204 (19.5) 1044 1044 PT 928 (92.8) 72 (7.2) 1000 1000 SE 821 (82.1) 179 (17.9) 1000 1000 N Sum 14197 2019 16216 N Valid Sum 14197 2019 16216 printed 25.01.2012 page 303 Eurobarometer 61 - February-March 2004,isocntry AT 920 (87.5) 132 (12.5) 1052 1052 BE 934 (92.3) 78 (7.7) 1012 1012 DE-E 911 (88.3) 121 (11.7) 1032 1032 DE-W 870 (83.9) 167 (16.1) 1037 1037 DK 825 (82.5) 175 (17.5) 1000 1000 ES 903 (90.3) 97 (9.7) 1000 1000 FI 907 (88.3) 120 (11.7) 1027 1027 FR 878 (86.2) 141 (13.8) 1019 1019 GB-GBN 879 (84.9) 156 (15.1) 1035 1035 GB-NIR 284 (92.2) 24 (7.8) 308 308 GR 909 (90.4) 96 (9.6) 1005 1005 IE 923 (92.2) 78 (7.8) 1001 1001 IT 910 (88.8) 115 (11.2) 1025 1025 LU 555 (89.7) 64 (10.3) 619 619 NL 840 (80.5) 204 (19.5) 1044 1044 PT 928 (92.8) 72 (7.2) 1000 1000 SE 821 (82.1) 179 (17.9) 1000 1000 N Sum 14197 2019 16216 N Valid Sum 14197 2019 16216 printed 25.01.2012 page 303 Eurobarometer 61 - February-March 2004,GESIS Variable Report,328,ZA4056
v295,v295 0 1 N Sum N Valid Sum,Q47 EP ELECTION CAMP: EP ACTIVITIES,isocntry AT 944 (89.7) 108 (10.3) 1052 1052 BE 955 (94.4) 57 (5.6) 1012 1012 DE-E 933 (90.4) 99 (9.6) 1032 1032 DE-W 876 (84.5) 161 (15.5) 1037 1037 DK 861 (86.1) 139 (13.9) 1000 1000 ES 912 (91.2) 88 (8.8) 1000 1000 FI 898 (87.4) 129 (12.6) 1027 1027 FR 900 (88.3) 119 (11.7) 1019 1019 GB-GBN 902 (87.1) 133 (12.9) 1035 1035 GB-NIR 278 (90.3) 30 (9.7) 308 308 GR 918 (91.3) 87 (8.7) 1005 1005 IE 919 (91.8) 82 (8.2) 1001 1001 IT 924 (90.1) 101 (9.9) 1025 1025 LU 573 (92.6) 46 (7.4) 619 619 NL 873 (83.6) 171 (16.4) 1044 1044 PT 933 (93.3) 67 (6.7) 1000 1000 SE 864 (86.4) 136 (13.6) 1000 1000 N Sum 14463 1753 16216 N Valid Sum 14463 1753 16216 printed 25.01.2012 page 304 Eurobarometer 61 - February-March 2004,isocntry AT 944 (89.7) 108 (10.3) 1052 1052 BE 955 (94.4) 57 (5.6) 1012 1012 DE-E 933 (90.4) 99 (9.6) 1032 1032 DE-W 876 (84.5) 161 (15.5) 1037 1037 DK 861 (86.1) 139 (13.9) 1000 1000 ES 912 (91.2) 88 (8.8) 1000 1000 FI 898 (87.4) 129 (12.6) 1027 1027 FR 900 (88.3) 119 (11.7) 1019 1019 GB-GBN 902 (87.1) 133 (12.9) 1035 1035 GB-NIR 278 (90.3) 30 (9.7) 308 308 GR 918 (91.3) 87 (8.7) 1005 1005 IE 919 (91.8) 82 (8.2) 1001 1001 IT 924 (90.1) 101 (9.9) 1025 1025 LU 573 (92.6) 46 (7.4) 619 619 NL 873 (83.6) 171 (16.4) 1044 1044 PT 933 (93.3) 67 (6.7) 1000 1000 SE 864 (86.4) 136 (13.6) 1000 1000 N Sum 14463 1753 16216 N Valid Sum 14463 1753 16216 printed 25.01.2012 page 304 Eurobarometer 61 - February-March 2004,GESIS Variable Report,329,ZA4056
v296,v296 0 1 N Sum N Valid Sum,Q47 EP ELECTION CAMP: CITIZEN RIGHTS,isocntry AT 780 (74.1) 272 (25.9) 1052 1052 BE 734 (72.5) 278 (27.5) 1012 1012 DE-E 658 (63.8) 374 (36.2) 1032 1032 DE-W 631 (60.8) 406 (39.2) 1037 1037 DK 569 (56.9) 431 (43.1) 1000 1000 ES 681 (68.1) 319 (31.9) 1000 1000 FI 687 (66.9) 340 (33.1) 1027 1027 FR 656 (64.4) 363 (35.6) 1019 1019 GB-GBN 782 (75.6) 253 (24.4) 1035 1035 GB-NIR 240 (77.9) 68 (22.1) 308 308 GR 664 (66.1) 341 (33.9) 1005 1005 IE 797 (79.6) 204 (20.4) 1001 1001 IT 698 (68.1) 327 (31.9) 1025 1025 LU 357 (57.7) 262 (42.3) 619 619 NL 658 (63.0) 386 (37.0) 1044 1044 PT 796 (79.6) 204 (20.4) 1000 1000 SE 593 (59.3) 407 (40.7) 1000 1000 N Sum 10981 5235 16216 N Valid Sum 10981 5235 16216 printed 25.01.2012 page 305 Eurobarometer 61 - February-March 2004,isocntry AT 780 (74.1) 272 (25.9) 1052 1052 BE 734 (72.5) 278 (27.5) 1012 1012 DE-E 658 (63.8) 374 (36.2) 1032 1032 DE-W 631 (60.8) 406 (39.2) 1037 1037 DK 569 (56.9) 431 (43.1) 1000 1000 ES 681 (68.1) 319 (31.9) 1000 1000 FI 687 (66.9) 340 (33.1) 1027 1027 FR 656 (64.4) 363 (35.6) 1019 1019 GB-GBN 782 (75.6) 253 (24.4) 1035 1035 GB-NIR 240 (77.9) 68 (22.1) 308 308 GR 664 (66.1) 341 (33.9) 1005 1005 IE 797 (79.6) 204 (20.4) 1001 1001 IT 698 (68.1) 327 (31.9) 1025 1025 LU 357 (57.7) 262 (42.3) 619 619 NL 658 (63.0) 386 (37.0) 1044 1044 PT 796 (79.6) 204 (20.4) 1000 1000 SE 593 (59.3) 407 (40.7) 1000 1000 N Sum 10981 5235 16216 N Valid Sum 10981 5235 16216 printed 25.01.2012 page 305 Eurobarometer 61 - February-March 2004,GESIS Variable Report,330,ZA4056
v297,v297 0 1 N Sum N Valid Sum,Q47 EP ELECTION CAMP: DK,isocntry AT 996 (94.7) 56 (5.3) 1052 1052 BE 982 (97.0) 30 (3.0) 1012 1012 DE-E 990 (95.9) 42 (4.1) 1032 1032 DE-W 1007 (97.1) 30 (2.9) 1037 1037 DK 947 (94.7) 53 (5.3) 1000 1000 ES 937 (93.7) 63 (6.3) 1000 1000 FI 1008 (98.1) 19 (1.9) 1027 1027 FR 999 (98.0) 20 (2.0) 1019 1019 GB-GBN 928 (89.7) 107 (10.3) 1035 1035 GB-NIR 293 (95.1) 15 (4.9) 308 308 GR 958 (95.3) 47 (4.7) 1005 1005 IE 922 (92.1) 79 (7.9) 1001 1001 IT 978 (95.4) 47 (4.6) 1025 1025 LU 596 (96.3) 23 (3.7) 619 619 NL 1017 (97.4) 27 (2.6) 1044 1044 PT 958 (95.8) 42 (4.2) 1000 1000 SE 991 (99.1) 9 (0.9) 1000 1000 N Sum 15507 709 16216 N Valid Sum 15507 709 16216 printed 25.01.2012 page 306 Eurobarometer 61 - February-March 2004,isocntry AT 996 (94.7) 56 (5.3) 1052 1052 BE 982 (97.0) 30 (3.0) 1012 1012 DE-E 990 (95.9) 42 (4.1) 1032 1032 DE-W 1007 (97.1) 30 (2.9) 1037 1037 DK 947 (94.7) 53 (5.3) 1000 1000 ES 937 (93.7) 63 (6.3) 1000 1000 FI 1008 (98.1) 19 (1.9) 1027 1027 FR 999 (98.0) 20 (2.0) 1019 1019 GB-GBN 928 (89.7) 107 (10.3) 1035 1035 GB-NIR 293 (95.1) 15 (4.9) 308 308 GR 958 (95.3) 47 (4.7) 1005 1005 IE 922 (92.1) 79 (7.9) 1001 1001 IT 978 (95.4) 47 (4.6) 1025 1025 LU 596 (96.3) 23 (3.7) 619 619 NL 1017 (97.4) 27 (2.6) 1044 1044 PT 958 (95.8) 42 (4.2) 1000 1000 SE 991 (99.1) 9 (0.9) 1000 1000 N Sum 15507 709 16216 N Valid Sum 15507 709 16216 printed 25.01.2012 page 306 Eurobarometer 61 - February-March 2004,GESIS Variable Report,331,ZA4056
v298,v298 1 2 3 N Sum N Valid Sum,Q48 EP ELECT PARTICIP: FREE TRANSPORT,isocntry M AT 255 (27.0) 689 (73.0) 108 1052 944 BE 187 (18.8) 807 (81.2) 19 1013 994 DE-E 317 (34.3) 606 (65.7) 109 1032 923 DE-W 251 (26.8) 687 (73.2) 99 1037 938 DK 67 (6.8) 915 (93.2) 19 1001 982 ES 347 (36.5) 604 (63.5) 49 1000 951 FI 191 (19.2) 806 (80.8) 29 1026 997 FR 183 (18.8) 788 (81.2) 48 1019 971 GB-GBN 236 (24.3) 737 (75.7) 62 1035 973 GB-NIR 64 (21.1) 239 (78.9) 4 307 303 GR 562 (59.0) 391 (41.0) 52 1005 953 IE 329 (37.1) 558 (62.9) 114 1001 887 IT 315 (33.6) 623 (66.4) 87 1025 938 LU 107 (18.3) 477 (81.7) 36 620 584 NL 139 (13.7) 872 (86.3) 34 1045 1011 PT 279 (29.4) 671 (70.6) 50 1000 950 SE 83 (8.6) 884 (91.4) 33 1000 967 N Sum 3912 11354 952 16218 N Valid Sum 3912 11354 15266 printed 25.01.2012 page 307 Eurobarometer 61 - February-March 2004,isocntry M AT 255 (27.0) 689 (73.0) 108 1052 944 BE 187 (18.8) 807 (81.2) 19 1013 994 DE-E 317 (34.3) 606 (65.7) 109 1032 923 DE-W 251 (26.8) 687 (73.2) 99 1037 938 DK 67 (6.8) 915 (93.2) 19 1001 982 ES 347 (36.5) 604 (63.5) 49 1000 951 FI 191 (19.2) 806 (80.8) 29 1026 997 FR 183 (18.8) 788 (81.2) 48 1019 971 GB-GBN 236 (24.3) 737 (75.7) 62 1035 973 GB-NIR 64 (21.1) 239 (78.9) 4 307 303 GR 562 (59.0) 391 (41.0) 52 1005 953 IE 329 (37.1) 558 (62.9) 114 1001 887 IT 315 (33.6) 623 (66.4) 87 1025 938 LU 107 (18.3) 477 (81.7) 36 620 584 NL 139 (13.7) 872 (86.3) 34 1045 1011 PT 279 (29.4) 671 (70.6) 50 1000 950 SE 83 (8.6) 884 (91.4) 33 1000 967 N Sum 3912 11354 952 16218 N Valid Sum 3912 11354 15266 printed 25.01.2012 page 307 Eurobarometer 61 - February-March 2004,GESIS Variable Report,332,ZA4056
v299,v299 1 2 3 N Sum N Valid Sum,Q48 EP ELECT PARTICIP: IN SUPERMARKETS,isocntry M AT 258 (26.9) 700 (73.1) 94 1052 958 BE 109 (11.0) 885 (89.0) 18 1012 994 DE-E 224 (24.2) 700 (75.8) 108 1032 924 DE-W 194 (20.6) 746 (79.4) 97 1037 940 DK 99 (10.1) 882 (89.9) 20 1001 981 ES 248 (26.2) 698 (73.8) 54 1000 946 FI 348 (34.7) 655 (65.3) 24 1027 1003 FR 140 (14.3) 839 (85.7) 40 1019 979 GB-GBN 356 (36.4) 621 (63.6) 58 1035 977 GB-NIR 79 (26.2) 222 (73.8) 6 307 301 GR 196 (20.6) 756 (79.4) 53 1005 952 IE 388 (43.5) 503 (56.5) 110 1001 891 IT 187 (19.5) 771 (80.5) 67 1025 958 LU 76 (12.9) 512 (87.1) 31 619 588 NL 157 (15.6) 851 (84.4) 36 1044 1008 PT 221 (23.2) 731 (76.8) 48 1000 952 SE 149 (15.3) 822 (84.7) 29 1000 971 N Sum 3429 11894 893 16216 N Valid Sum 3429 11894 15323 printed 25.01.2012 page 308 Eurobarometer 61 - February-March 2004,isocntry M AT 258 (26.9) 700 (73.1) 94 1052 958 BE 109 (11.0) 885 (89.0) 18 1012 994 DE-E 224 (24.2) 700 (75.8) 108 1032 924 DE-W 194 (20.6) 746 (79.4) 97 1037 940 DK 99 (10.1) 882 (89.9) 20 1001 981 ES 248 (26.2) 698 (73.8) 54 1000 946 FI 348 (34.7) 655 (65.3) 24 1027 1003 FR 140 (14.3) 839 (85.7) 40 1019 979 GB-GBN 356 (36.4) 621 (63.6) 58 1035 977 GB-NIR 79 (26.2) 222 (73.8) 6 307 301 GR 196 (20.6) 756 (79.4) 53 1005 952 IE 388 (43.5) 503 (56.5) 110 1001 891 IT 187 (19.5) 771 (80.5) 67 1025 958 LU 76 (12.9) 512 (87.1) 31 619 588 NL 157 (15.6) 851 (84.4) 36 1044 1008 PT 221 (23.2) 731 (76.8) 48 1000 952 SE 149 (15.3) 822 (84.7) 29 1000 971 N Sum 3429 11894 893 16216 N Valid Sum 3429 11894 15323 printed 25.01.2012 page 308 Eurobarometer 61 - February-March 2004,GESIS Variable Report,333,ZA4056
v300,v300 1 2 3 N Sum N Valid Sum,Q48 EP ELECT PARTICIP: INTERNET VOTING,isocntry M AT 277 (28.9) 683 (71.1) 91 1051 960 BE 268 (27.3) 715 (72.7) 29 1012 983 DE-E 246 (27.0) 665 (73.0) 120 1031 911 DE-W 253 (27.4) 671 (72.6) 113 1037 924 DK 251 (25.6) 728 (74.4) 21 1000 979 ES 314 (33.4) 625 (66.6) 62 1001 939 FI 372 (37.2) 627 (62.8) 28 1027 999 FR 290 (29.9) 681 (70.1) 48 1019 971 GB-GBN 348 (35.8) 625 (64.2) 62 1035 973 GB-NIR 86 (29.0) 211 (71.0) 10 307 297 GR 283 (31.1) 626 (68.9) 97 1006 909 IE 319 (36.8) 547 (63.2) 135 1001 866 IT 289 (30.6) 655 (69.4) 81 1025 944 LU 217 (36.4) 379 (63.6) 23 619 596 NL 377 (37.0) 641 (63.0) 26 1044 1018 PT 166 (17.9) 760 (82.1) 74 1000 926 SE 334 (34.9) 624 (65.1) 43 1001 958 N Sum 4690 10463 1063 16216 N Valid Sum 4690 10463 15153 printed 25.01.2012 page 309 Eurobarometer 61 - February-March 2004,isocntry M AT 277 (28.9) 683 (71.1) 91 1051 960 BE 268 (27.3) 715 (72.7) 29 1012 983 DE-E 246 (27.0) 665 (73.0) 120 1031 911 DE-W 253 (27.4) 671 (72.6) 113 1037 924 DK 251 (25.6) 728 (74.4) 21 1000 979 ES 314 (33.4) 625 (66.6) 62 1001 939 FI 372 (37.2) 627 (62.8) 28 1027 999 FR 290 (29.9) 681 (70.1) 48 1019 971 GB-GBN 348 (35.8) 625 (64.2) 62 1035 973 GB-NIR 86 (29.0) 211 (71.0) 10 307 297 GR 283 (31.1) 626 (68.9) 97 1006 909 IE 319 (36.8) 547 (63.2) 135 1001 866 IT 289 (30.6) 655 (69.4) 81 1025 944 LU 217 (36.4) 379 (63.6) 23 619 596 NL 377 (37.0) 641 (63.0) 26 1044 1018 PT 166 (17.9) 760 (82.1) 74 1000 926 SE 334 (34.9) 624 (65.1) 43 1001 958 N Sum 4690 10463 1063 16216 N Valid Sum 4690 10463 15153 printed 25.01.2012 page 309 Eurobarometer 61 - February-March 2004,GESIS Variable Report,334,ZA4056
v301,v301 1 2 3 N Sum N Valid Sum,Q48 EP ELECT PARTICIP: AT WORKPLACE,isocntry M AT 355 (36.9) 607 (63.1) 90 1052 962 BE 221 (22.7) 754 (77.3) 37 1012 975 DE-E 228 (25.2) 675 (74.8) 129 1032 903 DE-W 259 (27.5) 684 (72.5) 94 1037 943 DK 181 (18.6) 791 (81.4) 27 999 972 ES 331 (35.8) 593 (64.2) 76 1000 924 FI 308 (31.5) 671 (68.5) 48 1027 979 FR 261 (27.5) 689 (72.5) 69 1019 950 GB-GBN 335 (36.1) 593 (63.9) 108 1036 928 GB-NIR 101 (33.8) 198 (66.2) 8 307 299 GR 338 (36.2) 595 (63.8) 73 1006 933 IE 375 (44.3) 472 (55.7) 154 1001 847 IT 302 (32.0) 641 (68.0) 82 1025 943 LU 181 (31.7) 390 (68.3) 47 618 571 NL 242 (24.7) 739 (75.3) 62 1043 981 PT 220 (23.6) 711 (76.4) 69 1000 931 SE 221 (23.5) 719 (76.5) 60 1000 940 N Sum 4459 10522 1233 16214 N Valid Sum 4459 10522 14981 printed 25.01.2012 page 310 Eurobarometer 61 - February-March 2004,isocntry M AT 355 (36.9) 607 (63.1) 90 1052 962 BE 221 (22.7) 754 (77.3) 37 1012 975 DE-E 228 (25.2) 675 (74.8) 129 1032 903 DE-W 259 (27.5) 684 (72.5) 94 1037 943 DK 181 (18.6) 791 (81.4) 27 999 972 ES 331 (35.8) 593 (64.2) 76 1000 924 FI 308 (31.5) 671 (68.5) 48 1027 979 FR 261 (27.5) 689 (72.5) 69 1019 950 GB-GBN 335 (36.1) 593 (63.9) 108 1036 928 GB-NIR 101 (33.8) 198 (66.2) 8 307 299 GR 338 (36.2) 595 (63.8) 73 1006 933 IE 375 (44.3) 472 (55.7) 154 1001 847 IT 302 (32.0) 641 (68.0) 82 1025 943 LU 181 (31.7) 390 (68.3) 47 618 571 NL 242 (24.7) 739 (75.3) 62 1043 981 PT 220 (23.6) 711 (76.4) 69 1000 931 SE 221 (23.5) 719 (76.5) 60 1000 940 N Sum 4459 10522 1233 16214 N Valid Sum 4459 10522 14981 printed 25.01.2012 page 310 Eurobarometer 61 - February-March 2004,GESIS Variable Report,335,ZA4056
v302,v302 1 2 3 N Sum N Valid Sum,Q48 EP ELECT PARTICIP: NAT ELECTION DAY,isocntry M AT 439 (46.3) 510 (53.7) 104 1053 949 BE 392 (40.0) 589 (60.0) 31 1012 981 DE-E 542 (60.5) 354 (39.5) 136 1032 896 DE-W 496 (53.4) 433 (46.6) 108 1037 929 DK 239 (24.5) 738 (75.5) 23 1000 977 ES 519 (55.9) 409 (44.1) 71 999 928 FI 461 (46.4) 533 (53.6) 33 1027 994 FR 362 (37.8) 596 (62.2) 60 1018 958 GB-GBN 422 (44.7) 522 (55.3) 91 1035 944 GB-NIR 131 (44.7) 162 (55.3) 14 307 293 GR 580 (61.2) 368 (38.8) 57 1005 948 IE 455 (53.4) 397 (46.6) 150 1002 852 IT 559 (59.5) 380 (40.5) 87 1026 939 LU 265 (45.5) 317 (54.5) 37 619 582 NL 429 (43.2) 564 (56.8) 52 1045 993 PT 252 (26.9) 685 (73.1) 63 1000 937 SE 378 (39.3) 583 (60.7) 39 1000 961 N Sum 6921 8140 1156 16217 N Valid Sum 6921 8140 15061 printed 25.01.2012 page 311 Eurobarometer 61 - February-March 2004,isocntry M AT 439 (46.3) 510 (53.7) 104 1053 949 BE 392 (40.0) 589 (60.0) 31 1012 981 DE-E 542 (60.5) 354 (39.5) 136 1032 896 DE-W 496 (53.4) 433 (46.6) 108 1037 929 DK 239 (24.5) 738 (75.5) 23 1000 977 ES 519 (55.9) 409 (44.1) 71 999 928 FI 461 (46.4) 533 (53.6) 33 1027 994 FR 362 (37.8) 596 (62.2) 60 1018 958 GB-GBN 422 (44.7) 522 (55.3) 91 1035 944 GB-NIR 131 (44.7) 162 (55.3) 14 307 293 GR 580 (61.2) 368 (38.8) 57 1005 948 IE 455 (53.4) 397 (46.6) 150 1002 852 IT 559 (59.5) 380 (40.5) 87 1026 939 LU 265 (45.5) 317 (54.5) 37 619 582 NL 429 (43.2) 564 (56.8) 52 1045 993 PT 252 (26.9) 685 (73.1) 63 1000 937 SE 378 (39.3) 583 (60.7) 39 1000 961 N Sum 6921 8140 1156 16217 N Valid Sum 6921 8140 15061 printed 25.01.2012 page 311 Eurobarometer 61 - February-March 2004,GESIS Variable Report,336,ZA4056
v303,v303 1 2 3 N Sum N Valid Sum,Q48 EP ELECT PARTICIP: THROUGHOUT EU,isocntry M AT 335 (36.3) 587 (63.7) 130 1052 922 BE 288 (29.9) 675 (70.1) 49 1012 963 DE-E 447 (52.2) 410 (47.8) 175 1032 857 DE-W 407 (45.1) 496 (54.9) 133 1036 903 DK 146 (15.1) 819 (84.9) 35 1000 965 ES 372 (40.1) 555 (59.9) 74 1001 927 FI 303 (31.0) 675 (69.0) 49 1027 978 FR 376 (39.5) 577 (60.5) 66 1019 953 GB-GBN 289 (31.3) 633 (68.7) 113 1035 922 GB-NIR 91 (31.0) 203 (69.0) 14 308 294 GR 614 (65.7) 320 (34.3) 71 1005 934 IE 292 (35.2) 538 (64.8) 171 1001 830 IT 498 (54.5) 415 (45.5) 113 1026 913 LU 227 (39.0) 355 (61.0) 37 619 582 NL 338 (34.6) 640 (65.4) 66 1044 978 PT 239 (26.1) 678 (73.9) 82 999 917 SE 313 (32.8) 642 (67.2) 44 999 955 N Sum 5575 9218 1422 16215 N Valid Sum 5575 9218 14793 printed 25.01.2012 page 312 Eurobarometer 61 - February-March 2004,isocntry M AT 335 (36.3) 587 (63.7) 130 1052 922 BE 288 (29.9) 675 (70.1) 49 1012 963 DE-E 447 (52.2) 410 (47.8) 175 1032 857 DE-W 407 (45.1) 496 (54.9) 133 1036 903 DK 146 (15.1) 819 (84.9) 35 1000 965 ES 372 (40.1) 555 (59.9) 74 1001 927 FI 303 (31.0) 675 (69.0) 49 1027 978 FR 376 (39.5) 577 (60.5) 66 1019 953 GB-GBN 289 (31.3) 633 (68.7) 113 1035 922 GB-NIR 91 (31.0) 203 (69.0) 14 308 294 GR 614 (65.7) 320 (34.3) 71 1005 934 IE 292 (35.2) 538 (64.8) 171 1001 830 IT 498 (54.5) 415 (45.5) 113 1026 913 LU 227 (39.0) 355 (61.0) 37 619 582 NL 338 (34.6) 640 (65.4) 66 1044 978 PT 239 (26.1) 678 (73.9) 82 999 917 SE 313 (32.8) 642 (67.2) 44 999 955 N Sum 5575 9218 1422 16215 N Valid Sum 5575 9218 14793 printed 25.01.2012 page 312 Eurobarometer 61 - February-March 2004,GESIS Variable Report,337,ZA4056
v304,,Q48 EP ELECT PARTICIP: CANDIDATE LISTS,,Q48 EP ELECT PARTICIP: CANDIDATE LISTS,GESIS Variable Report,338,ZA4056
v305,v305 1 2 3 N Sum N Valid Sum,Q48 EP ELECT PARTICIP: EU CANDIDATES,isocntry M AT 161 (17.9) 736 (82.1) 155 1052 897 BE 132 (14.0) 814 (86.0) 66 1012 946 DE-E 175 (21.6) 636 (78.4) 220 1031 811 DE-W 215 (25.4) 630 (74.6) 191 1036 845 DK 34 (3.5) 926 (96.5) 40 1000 960 ES 262 (29.0) 643 (71.0) 95 1000 905 FI 74 (7.5) 908 (92.5) 46 1028 982 FR 189 (20.6) 727 (79.4) 103 1019 916 GB-GBN 167 (18.7) 728 (81.3) 141 1036 895 GB-NIR 35 (12.2) 251 (87.8) 22 308 286 GR 307 (34.3) 588 (65.7) 109 1004 895 IE 195 (23.8) 626 (76.2) 179 1000 821 IT 215 (25.9) 615 (74.1) 195 1025 830 LU 116 (20.5) 451 (79.5) 52 619 567 NL 171 (18.2) 771 (81.8) 102 1044 942 PT 129 (14.3) 775 (85.7) 96 1000 904 SE 79 (8.5) 852 (91.5) 69 1000 931 N Sum 2656 11677 1881 16214 N Valid Sum 2656 11677 14333 printed 25.01.2012 page 314 Eurobarometer 61 - February-March 2004,isocntry M AT 161 (17.9) 736 (82.1) 155 1052 897 BE 132 (14.0) 814 (86.0) 66 1012 946 DE-E 175 (21.6) 636 (78.4) 220 1031 811 DE-W 215 (25.4) 630 (74.6) 191 1036 845 DK 34 (3.5) 926 (96.5) 40 1000 960 ES 262 (29.0) 643 (71.0) 95 1000 905 FI 74 (7.5) 908 (92.5) 46 1028 982 FR 189 (20.6) 727 (79.4) 103 1019 916 GB-GBN 167 (18.7) 728 (81.3) 141 1036 895 GB-NIR 35 (12.2) 251 (87.8) 22 308 286 GR 307 (34.3) 588 (65.7) 109 1004 895 IE 195 (23.8) 626 (76.2) 179 1000 821 IT 215 (25.9) 615 (74.1) 195 1025 830 LU 116 (20.5) 451 (79.5) 52 619 567 NL 171 (18.2) 771 (81.8) 102 1044 942 PT 129 (14.3) 775 (85.7) 96 1000 904 SE 79 (8.5) 852 (91.5) 69 1000 931 N Sum 2656 11677 1881 16214 N Valid Sum 2656 11677 14333 printed 25.01.2012 page 314 Eurobarometer 61 - February-March 2004,GESIS Variable Report,339,ZA4056
v306,,Q48 EP ELECT PARTICIP: ELECT REGISTER,,Q48 EP ELECT PARTICIP: ELECT REGISTER,GESIS Variable Report,340,ZA4056
v307,,D1 LEFT-RIGHT PLACEMENT,,D1 LEFT-RIGHT PLACEMENT,GESIS Variable Report,341,ZA4056
v308,v308 1 2 3 4 N Sum N Valid Sum,D1 LEFT-RIGHT PLACEMENT - RECODED 3 CAT,isocntry M AT 193 (27.5) 348 (49.6) 161 (22.9) 350 1052 702 BE 204 (26.6) 347 (45.2) 217 (28.3) 244 1012 768 DE-E 307 (36.9) 394 (47.4) 130 (15.6) 202 1033 831 DE-W 250 (29.1) 375 (43.7) 234 (27.2) 178 1037 859 DK 313 (33.3) 307 (32.6) 321 (34.1) 59 1000 941 ES 403 (48.4) 266 (32.0) 163 (19.6) 167 999 832 FI 243 (25.7) 392 (41.5) 309 (32.7) 83 1027 944 FR 354 (43.3) 264 (32.3) 200 (24.4) 201 1019 818 GB-GBN 261 (31.0) 415 (49.2) 167 (19.8) 193 1036 843 GB-NIR 55 (20.6) 157 (58.8) 55 (20.6) 41 308 267 GR 180 (22.4) 317 (39.5) 306 (38.1) 202 1005 803 IE 150 (22.0) 354 (51.9) 178 (26.1) 319 1001 682 IT 295 (41.0) 230 (31.9) 195 (27.1) 305 1025 720 LU 121 (26.1) 218 (47.0) 125 (26.9) 154 618 464 NL 337 (32.8) 421 (41.0) 269 (26.2) 17 1044 1027 PT 296 (39.2) 297 (39.3) 162 (21.5) 245 1000 755 SE 344 (36.1) 322 (33.8) 286 (30.0) 49 1001 952 N Sum 4306 5424 3478 3009 16217 N Valid Sum 4306 5424 3478 13208 printed 25.01.2012 page 318 Eurobarometer 61 - February-March 2004,isocntry M AT 193 (27.5) 348 (49.6) 161 (22.9) 350 1052 702 BE 204 (26.6) 347 (45.2) 217 (28.3) 244 1012 768 DE-E 307 (36.9) 394 (47.4) 130 (15.6) 202 1033 831 DE-W 250 (29.1) 375 (43.7) 234 (27.2) 178 1037 859 DK 313 (33.3) 307 (32.6) 321 (34.1) 59 1000 941 ES 403 (48.4) 266 (32.0) 163 (19.6) 167 999 832 FI 243 (25.7) 392 (41.5) 309 (32.7) 83 1027 944 FR 354 (43.3) 264 (32.3) 200 (24.4) 201 1019 818 GB-GBN 261 (31.0) 415 (49.2) 167 (19.8) 193 1036 843 GB-NIR 55 (20.6) 157 (58.8) 55 (20.6) 41 308 267 GR 180 (22.4) 317 (39.5) 306 (38.1) 202 1005 803 IE 150 (22.0) 354 (51.9) 178 (26.1) 319 1001 682 IT 295 (41.0) 230 (31.9) 195 (27.1) 305 1025 720 LU 121 (26.1) 218 (47.0) 125 (26.9) 154 618 464 NL 337 (32.8) 421 (41.0) 269 (26.2) 17 1044 1027 PT 296 (39.2) 297 (39.3) 162 (21.5) 245 1000 755 SE 344 (36.1) 322 (33.8) 286 (30.0) 49 1001 952 N Sum 4306 5424 3478 3009 16217 N Valid Sum 4306 5424 3478 13208 printed 25.01.2012 page 318 Eurobarometer 61 - February-March 2004,GESIS Variable Report,343,ZA4056
v309,,D1 LEFT-RIGHT PLACEMENT - RECODED 5 CAT,,D1 LEFT-RIGHT PLACEMENT - RECODED 5 CAT,GESIS Variable Report,344,ZA4056
v310,,D2 VOTE INTENTION EU ELECTIONS - FRANCE,,D2 VOTE INTENTION EU ELECTIONS - FRANCE,GESIS Variable Report,345,ZA4056
v311,,D2 VOTE INTENTION EU ELECTIONS - BELGIUM,,D2 VOTE INTENTION EU ELECTIONS - BELGIUM,GESIS Variable Report,347,ZA4056
v312,,D2 VOTE INTENTION EU ELECTIONS - NETHERLANDS,,D2 VOTE INTENTION EU ELECTIONS - NETHERLANDS,GESIS Variable Report,349,ZA4056
v313,,D2 VOTE INTENTION EU ELECTIONS - GERMANY,,D2 VOTE INTENTION EU ELECTIONS - GERMANY,GESIS Variable Report,351,ZA4056
v314,,D2 VOTE INTENTION EU ELECTIONS - ITALY,,D2 VOTE INTENTION EU ELECTIONS - ITALY,GESIS Variable Report,353,ZA4056
v315,,D2 VOTE INTENTION EU ELECTIONS - LUXEMBOURG,,D2 VOTE INTENTION EU ELECTIONS - LUXEMBOURG,GESIS Variable Report,355,ZA4056
v316,,D2 VOTE INTENTION EU ELECTIONS - DENMARK,,D2 VOTE INTENTION EU ELECTIONS - DENMARK,GESIS Variable Report,357,ZA4056
v317,,D2 VOTE INTENTION EU ELECTIONS - IRELAND,,D2 VOTE INTENTION EU ELECTIONS - IRELAND,GESIS Variable Report,359,ZA4056
v318,,D2 VOTE INTENTION EU ELECTIONS - GREAT BRITAIN,,D2 VOTE INTENTION EU ELECTIONS - GREAT BRITAIN,GESIS Variable Report,361,ZA4056
v319,,D2 VOTE INTENTION EU ELECTIONS - NORTHERN IRL,,D2 VOTE INTENTION EU ELECTIONS - NORTHERN IRL,GESIS Variable Report,363,ZA4056
v320,,D2 VOTE INTENTION EU ELECTIONS - GREECE,,D2 VOTE INTENTION EU ELECTIONS - GREECE,GESIS Variable Report,365,ZA4056
v321,,D2 VOTE INTENTION EU ELECTIONS - SPAIN,,D2 VOTE INTENTION EU ELECTIONS - SPAIN,GESIS Variable Report,366,ZA4056
v322,,D2 VOTE INTENTION EU ELECTIONS - PORTUGAL,,D2 VOTE INTENTION EU ELECTIONS - PORTUGAL,GESIS Variable Report,368,ZA4056
v323,,D2 VOTE INTENTION EU ELECTIONS - FINLAND,,D2 VOTE INTENTION EU ELECTIONS - FINLAND,GESIS Variable Report,369,ZA4056
v324,,D2 VOTE INTENTION EU ELECTIONS - SWEDEN,,D2 VOTE INTENTION EU ELECTIONS - SWEDEN,GESIS Variable Report,371,ZA4056
v325,,D2 VOTE INTENTION EU ELECTIONS - AUSTRIA,,D2 VOTE INTENTION EU ELECTIONS - AUSTRIA,GESIS Variable Report,373,ZA4056
v326,,D2 VOTE INTENTION EU ELECTIONS - ALL INTEGRATED,,D2 VOTE INTENTION EU ELECTIONS - ALL INTEGRATED,GESIS Variable Report,374,ZA4056
v327,,D7 MARITAL STATUS,,D7 MARITAL STATUS,GESIS Variable Report,379,ZA4056
v328,,D8 AGE EDUCATION,,D8 AGE EDUCATION,GESIS Variable Report,380,ZA4056
v329,,D8 AGE EDUCATION - RECODED,,D8 AGE EDUCATION - RECODED,GESIS Variable Report,381,ZA4056
v330,v330 1 2 N Sum N Valid Sum,D10 GENDER,isocntry AT 506 (48.1) 546 (51.9) 1052 1052 BE 490 (48.4) 522 (51.6) 1012 1012 DE-E 498 (48.3) 534 (51.7) 1032 1032 DE-W 501 (48.3) 536 (51.7) 1037 1037 DK 490 (49.0) 510 (51.0) 1000 1000 ES 485 (48.5) 515 (51.5) 1000 1000 FI 496 (48.3) 531 (51.7) 1027 1027 FR 489 (48.0) 530 (52.0) 1019 1019 GB-GBN 497 (48.0) 538 (52.0) 1035 1035 GB-NIR 148 (48.1) 160 (51.9) 308 308 GR 492 (49.0) 513 (51.0) 1005 1005 IE 493 (49.3) 508 (50.7) 1001 1001 IT 493 (48.1) 532 (51.9) 1025 1025 LU 302 (48.8) 317 (51.2) 619 619 NL 513 (49.1) 531 (50.9) 1044 1044 PT 477 (47.7) 523 (52.3) 1000 1000 SE 490 (49.0) 510 (51.0) 1000 1000 N Sum 7860 8356 16216 N Valid Sum 7860 8356 16216 printed 25.01.2012 page 358 Eurobarometer 61 - February-March 2004,isocntry AT 506 (48.1) 546 (51.9) 1052 1052 BE 490 (48.4) 522 (51.6) 1012 1012 DE-E 498 (48.3) 534 (51.7) 1032 1032 DE-W 501 (48.3) 536 (51.7) 1037 1037 DK 490 (49.0) 510 (51.0) 1000 1000 ES 485 (48.5) 515 (51.5) 1000 1000 FI 496 (48.3) 531 (51.7) 1027 1027 FR 489 (48.0) 530 (52.0) 1019 1019 GB-GBN 497 (48.0) 538 (52.0) 1035 1035 GB-NIR 148 (48.1) 160 (51.9) 308 308 GR 492 (49.0) 513 (51.0) 1005 1005 IE 493 (49.3) 508 (50.7) 1001 1001 IT 493 (48.1) 532 (51.9) 1025 1025 LU 302 (48.8) 317 (51.2) 619 619 NL 513 (49.1) 531 (50.9) 1044 1044 PT 477 (47.7) 523 (52.3) 1000 1000 SE 490 (49.0) 510 (51.0) 1000 1000 N Sum 7860 8356 16216 N Valid Sum 7860 8356 16216 printed 25.01.2012 page 358 Eurobarometer 61 - February-March 2004,GESIS Variable Report,383,ZA4056
v331,,D11 AGE EXACT,,D11 AGE EXACT,GESIS Variable Report,384,ZA4056
v332,v332 1 2 3 4 N Sum N Valid Sum,D11 AGE RECODED - FOUR GROUPS,isocntry AT 149 (14.2) 307 (29.2) 258 (24.5) 338 (32.1) 1052 1052 BE 149 (14.7) 268 (26.5) 263 (26.0) 332 (32.8) 1012 1012 DE-E 149 (14.4) 251 (24.3) 279 (27.0) 353 (34.2) 1032 1032 DE-W 133 (12.8) 287 (27.7) 255 (24.6) 362 (34.9) 1037 1037 DK 139 (13.9) 276 (27.6) 260 (26.0) 325 (32.5) 1000 1000 ES 166 (16.6) 291 (29.1) 228 (22.8) 316 (31.6) 1001 1001 FI 159 (15.5) 250 (24.3) 293 (28.5) 325 (31.6) 1027 1027 FR 163 (16.0) 269 (26.4) 268 (26.3) 319 (31.3) 1019 1019 GB-GBN 156 (15.1) 282 (27.2) 259 (25.0) 339 (32.7) 1036 1036 GB-NIR 56 (18.2) 87 (28.2) 75 (24.4) 90 (29.2) 308 308 GR 176 (17.5) 276 (27.5) 217 (21.6) 336 (33.4) 1005 1005 IE 220 (22.0) 286 (28.6) 242 (24.2) 253 (25.3) 1001 1001 IT 137 (13.4) 285 (27.8) 245 (23.9) 358 (34.9) 1025 1025 LU 85 (13.7) 184 (29.7) 164 (26.5) 186 (30.0) 619 619 NL 152 (14.6) 302 (28.9) 286 (27.4) 304 (29.1) 1044 1044 PT 173 (17.3) 266 (26.6) 238 (23.8) 324 (32.4) 1001 1001 SE 141 (14.1) 255 (25.5) 249 (24.9) 354 (35.4) 999 999 N Sum 2503 4422 4079 5214 16218 N Valid Sum 2503 4422 4079 5214 16218 printed 25.01.2012 page 360 Eurobarometer 61 - February-March 2004,isocntry AT 149 (14.2) 307 (29.2) 258 (24.5) 338 (32.1) 1052 1052 BE 149 (14.7) 268 (26.5) 263 (26.0) 332 (32.8) 1012 1012 DE-E 149 (14.4) 251 (24.3) 279 (27.0) 353 (34.2) 1032 1032 DE-W 133 (12.8) 287 (27.7) 255 (24.6) 362 (34.9) 1037 1037 DK 139 (13.9) 276 (27.6) 260 (26.0) 325 (32.5) 1000 1000 ES 166 (16.6) 291 (29.1) 228 (22.8) 316 (31.6) 1001 1001 FI 159 (15.5) 250 (24.3) 293 (28.5) 325 (31.6) 1027 1027 FR 163 (16.0) 269 (26.4) 268 (26.3) 319 (31.3) 1019 1019 GB-GBN 156 (15.1) 282 (27.2) 259 (25.0) 339 (32.7) 1036 1036 GB-NIR 56 (18.2) 87 (28.2) 75 (24.4) 90 (29.2) 308 308 GR 176 (17.5) 276 (27.5) 217 (21.6) 336 (33.4) 1005 1005 IE 220 (22.0) 286 (28.6) 242 (24.2) 253 (25.3) 1001 1001 IT 137 (13.4) 285 (27.8) 245 (23.9) 358 (34.9) 1025 1025 LU 85 (13.7) 184 (29.7) 164 (26.5) 186 (30.0) 619 619 NL 152 (14.6) 302 (28.9) 286 (27.4) 304 (29.1) 1044 1044 PT 173 (17.3) 266 (26.6) 238 (23.8) 324 (32.4) 1001 1001 SE 141 (14.1) 255 (25.5) 249 (24.9) 354 (35.4) 999 999 N Sum 2503 4422 4079 5214 16218 N Valid Sum 2503 4422 4079 5214 16218 printed 25.01.2012 page 360 Eurobarometer 61 - February-March 2004,GESIS Variable Report,385,ZA4056
v333,,D11 AGE RECODED - SIX GROUPS,,D11 AGE RECODED - SIX GROUPS,GESIS Variable Report,386,ZA4056
v334,,D15A OCCUPATION OF RESPONDENT,,D15A OCCUPATION OF RESPONDENT,GESIS Variable Report,387,ZA4056
v335,,D15B OCCUPATION OF RESPONDENT - LAST JOB,,D15B OCCUPATION OF RESPONDENT - LAST JOB,GESIS Variable Report,389,ZA4056
v336,,D19 MAIN INCOME EARNER,,D19 MAIN INCOME EARNER,GESIS Variable Report,391,ZA4056
v337,IF CODE 2 AT D.19,D21A OCCUPATION OF HEAD OF HOUSEHOLD,What is the current occupation of the person who contributes most to the household income? NON-ACTIVE,What is the current occupation of the person who contributes most to the household income? NON-ACTIVE,GESIS Variable Report,392,ZA4056
v338,,D21B OCCUPATION OF HEAD OF HH - LAST JOB,,D21B OCCUPATION OF HEAD OF HH - LAST JOB,GESIS Variable Report,394,ZA4056
v339,,D25 TYPE OF COMMUNITY,,D25 TYPE OF COMMUNITY,GESIS Variable Report,396,ZA4056
v340,,D29 INCOME HH - FRANCE,,D29 INCOME HH - FRANCE,GESIS Variable Report,397,ZA4056
v341,,D29 INCOME HH - BELGIUM,,D29 INCOME HH - BELGIUM,GESIS Variable Report,399,ZA4056
v342,,D29 INCOME HH - NETHERLANDS,,D29 INCOME HH - NETHERLANDS,GESIS Variable Report,401,ZA4056
v343,,D29 INCOME HH - GERMANY WEST,,D29 INCOME HH - GERMANY WEST,GESIS Variable Report,403,ZA4056
v344,,D29 INCOME HH - ITALY,,D29 INCOME HH - ITALY,GESIS Variable Report,405,ZA4056
v345,,D29 INCOME HH - LUXEMBOURG,,D29 INCOME HH - LUXEMBOURG,GESIS Variable Report,407,ZA4056
v346,,D29 INCOME HH - DENMARK,,D29 INCOME HH - DENMARK,GESIS Variable Report,409,ZA4056
v347,,D29 INCOME HH - IRELAND,,D29 INCOME HH - IRELAND,GESIS Variable Report,411,ZA4056
v348,,D29 INCOME HH - GREAT BRITAIN,,D29 INCOME HH - GREAT BRITAIN,GESIS Variable Report,413,ZA4056
v349,,D29 INCOME HH - NORTHERN IRELAND,,D29 INCOME HH - NORTHERN IRELAND,GESIS Variable Report,415,ZA4056
v350,,D29 INCOME HH - GREECE,,D29 INCOME HH - GREECE,GESIS Variable Report,417,ZA4056
v351,,D29 INCOME HH - SPAIN,,D29 INCOME HH - SPAIN,GESIS Variable Report,419,ZA4056
v352,,D29 INCOME HH - PORTUGAL,,D29 INCOME HH - PORTUGAL,GESIS Variable Report,421,ZA4056
v353,,D29 INCOME HH - GERMANY EAST,,D29 INCOME HH - GERMANY EAST,GESIS Variable Report,423,ZA4056
v354,,D29 INCOME HH - FINLAND,,D29 INCOME HH - FINLAND,GESIS Variable Report,425,ZA4056
v355,,D29 INCOME HH - SWEDEN,,D29 INCOME HH - SWEDEN,GESIS Variable Report,427,ZA4056
v356,,D29 INCOME HH - AUSTRIA,,D29 INCOME HH - AUSTRIA,GESIS Variable Report,429,ZA4056
v357,,D29 INCOME HH - ALL INTEGRATED,,D29 INCOME HH - ALL INTEGRATED,GESIS Variable Report,431,ZA4056
v358,,D29 INCOME HH QUARTILES,,D29 INCOME HH QUARTILES,GESIS Variable Report,437,ZA4056
v359,,P1 DATE OF INTERVIEW,,P1 DATE OF INTERVIEW,GESIS Variable Report,438,ZA4056
v360,v360 0 1 2 3 4 5 6 N Sum N Valid Sum,P2 TIME OF INTERVIEW,isocntry M AT 7 (0.7) 375 (35.6) 402 (38.2) 255 (24.2) 13 (1.2) 1052 1052 BE 2 (0.2) 329 (32.5) 410 (40.5) 215 (21.2) 55 (5.4) 1 (0.1) 1012 1012 DE-E 326 (31.6) 495 (48.0) 198 (19.2) 13 (1.3) 1032 1032 DE-W 264 (25.5) 489 (47.2) 272 (26.2) 12 (1.2) 1037 1037 DK 163 (16.3) 508 (50.8) 311 (31.1) 18 (1.8) 1000 1000 ES 2 (0.2) 369 (36.9) 324 (32.4) 249 (24.9) 55 (5.5) 1 (0.1) 1000 1000 FI 160 (15.6) 549 (53.5) 308 (30.0) 10 (1.0) 1027 1027 FR 252 (24.7) 386 (37.9) 358 (35.1) 23 (2.3) 1019 1019 GB-GBN 3 (0.3) 273 (26.4) 576 (55.7) 175 (16.9) 8 (0.8) 1035 1035 GB-NIR 2 (0.6) 115 (37.3) 147 (47.7) 43 (14.0) 1 (0.3) 308 308 GR 296 (29.5) 212 (21.1) 407 (40.5) 90 (9.0) 1005 1005 IE 1 35 (3.5) 319 (31.9) 453 (45.3) 167 (16.7) 26 (2.6) 1001 1000 IT 238 (23.2) 324 (31.6) 374 (36.5) 89 (8.7) 1025 1025 LU 1 (0.2) 135 (21.8) 277 (44.7) 166 (26.8) 39 (6.3) 1 (0.2) 619 619 NL 1 1 (0.1) 307 (29.4) 414 (39.7) 212 (20.3) 102 (9.8) 7 (0.7) 1044 1043 PT 325 (32.5) 359 (35.9) 300 (30.0) 16 (1.6) 1000 1000 SE 302 (30.2) 344 (34.4) 322 (32.2) 32 (3.2) 1000 1000 N Sum 2 53 4548 6669 4332 602 10 16216 N Valid Sum 53 4548 6669 4332 602 10 16214 printed 25.01.2012 page 415 Eurobarometer 61 - February-March 2004,isocntry M AT 7 (0.7) 375 (35.6) 402 (38.2) 255 (24.2) 13 (1.2) 1052 1052 BE 2 (0.2) 329 (32.5) 410 (40.5) 215 (21.2) 55 (5.4) 1 (0.1) 1012 1012 DE-E 326 (31.6) 495 (48.0) 198 (19.2) 13 (1.3) 1032 1032 DE-W 264 (25.5) 489 (47.2) 272 (26.2) 12 (1.2) 1037 1037 DK 163 (16.3) 508 (50.8) 311 (31.1) 18 (1.8) 1000 1000 ES 2 (0.2) 369 (36.9) 324 (32.4) 249 (24.9) 55 (5.5) 1 (0.1) 1000 1000 FI 160 (15.6) 549 (53.5) 308 (30.0) 10 (1.0) 1027 1027 FR 252 (24.7) 386 (37.9) 358 (35.1) 23 (2.3) 1019 1019 GB-GBN 3 (0.3) 273 (26.4) 576 (55.7) 175 (16.9) 8 (0.8) 1035 1035 GB-NIR 2 (0.6) 115 (37.3) 147 (47.7) 43 (14.0) 1 (0.3) 308 308 GR 296 (29.5) 212 (21.1) 407 (40.5) 90 (9.0) 1005 1005 IE 1 35 (3.5) 319 (31.9) 453 (45.3) 167 (16.7) 26 (2.6) 1001 1000 IT 238 (23.2) 324 (31.6) 374 (36.5) 89 (8.7) 1025 1025 LU 1 (0.2) 135 (21.8) 277 (44.7) 166 (26.8) 39 (6.3) 1 (0.2) 619 619 NL 1 1 (0.1) 307 (29.4) 414 (39.7) 212 (20.3) 102 (9.8) 7 (0.7) 1044 1043 PT 325 (32.5) 359 (35.9) 300 (30.0) 16 (1.6) 1000 1000 SE 302 (30.2) 344 (34.4) 322 (32.2) 32 (3.2) 1000 1000 N Sum 2 53 4548 6669 4332 602 10 16216 N Valid Sum 53 4548 6669 4332 602 10 16214 printed 25.01.2012 page 415 Eurobarometer 61 - February-March 2004,GESIS Variable Report,440,ZA4056
v361,v361 1 2 3 4 5 6 7 N Sum N Valid Sum,P3 DURATION OF INTERVIEW - RECODED 7 CAT,isocntry AT 15 (1.4) 527 (50.1) 338 (32.1) 151 (14.4) 19 (1.8) 2 (0.2) 1052 1052 BE 173 (17.1) 554 (54.7) 199 (19.7) 72 (7.1) 6 (0.6) 8 (0.8) 1012 1012 DE-E 32 (3.1) 459 (44.5) 387 (37.5) 143 (13.9) 8 (0.8) 3 (0.3) 1032 1032 DE-W 44 (4.2) 427 (41.2) 356 (34.3) 183 (17.6) 12 (1.2) 15 (1.4) 1037 1037 DK 79 (7.9) 483 (48.3) 310 (31.0) 107 (10.7) 15 (1.5) 6 (0.6) 1000 1000 ES 265 (26.5) 579 (57.9) 110 (11.0) 45 (4.5) 1 (0.1) 1000 1000 FI 73 (7.1) 474 (46.2) 324 (31.5) 119 (11.6) 24 (2.3) 13 (1.3) 1027 1027 FR 27 (2.6) 463 (45.4) 328 (32.2) 181 (17.8) 10 (1.0) 10 (1.0) 1019 1019 GB-GBN 46 (4.4) 537 (51.9) 379 (36.6) 63 (6.1) 7 (0.7) 3 (0.3) 1035 1035 GB-NIR 33 (10.7) 200 (64.9) 67 (21.8) 6 (1.9) 2 (0.6) 308 308 GR 53 (5.3) 798 (79.4) 148 (14.7) 6 (0.6) 1005 1005 IE 177 (17.7) 596 (59.5) 168 (16.8) 50 (5.0) 6 (0.6) 4 (0.4) 1001 1001 IT 20 (2.0) 451 (44.0) 367 (35.8) 153 (14.9) 20 (2.0) 14 (1.4) 1025 1025 LU 33 (5.3) 308 (49.8) 155 (25.0) 97 (15.7) 9 (1.5) 17 (2.7) 619 619 NL 31 (3.0) 257 (24.6) 476 (45.6) 199 (19.1) 51 (4.9) 19 (1.8) 11 (1.1) 1044 1044 PT 391 (39.1) 539 (53.9) 61 (6.1) 9 (0.9) 1000 1000 SE 5 (0.5) 202 (20.2) 474 (47.4) 248 (24.8) 35 (3.5) 36 (3.6) 1000 1000 N Sum 31 1723 8073 4370 1684 191 144 16216 N Valid Sum 31 1723 8073 4370 1684 191 144 16216 printed 25.01.2012 page 416 Eurobarometer 61 - February-March 2004,isocntry AT 15 (1.4) 527 (50.1) 338 (32.1) 151 (14.4) 19 (1.8) 2 (0.2) 1052 1052 BE 173 (17.1) 554 (54.7) 199 (19.7) 72 (7.1) 6 (0.6) 8 (0.8) 1012 1012 DE-E 32 (3.1) 459 (44.5) 387 (37.5) 143 (13.9) 8 (0.8) 3 (0.3) 1032 1032 DE-W 44 (4.2) 427 (41.2) 356 (34.3) 183 (17.6) 12 (1.2) 15 (1.4) 1037 1037 DK 79 (7.9) 483 (48.3) 310 (31.0) 107 (10.7) 15 (1.5) 6 (0.6) 1000 1000 ES 265 (26.5) 579 (57.9) 110 (11.0) 45 (4.5) 1 (0.1) 1000 1000 FI 73 (7.1) 474 (46.2) 324 (31.5) 119 (11.6) 24 (2.3) 13 (1.3) 1027 1027 FR 27 (2.6) 463 (45.4) 328 (32.2) 181 (17.8) 10 (1.0) 10 (1.0) 1019 1019 GB-GBN 46 (4.4) 537 (51.9) 379 (36.6) 63 (6.1) 7 (0.7) 3 (0.3) 1035 1035 GB-NIR 33 (10.7) 200 (64.9) 67 (21.8) 6 (1.9) 2 (0.6) 308 308 GR 53 (5.3) 798 (79.4) 148 (14.7) 6 (0.6) 1005 1005 IE 177 (17.7) 596 (59.5) 168 (16.8) 50 (5.0) 6 (0.6) 4 (0.4) 1001 1001 IT 20 (2.0) 451 (44.0) 367 (35.8) 153 (14.9) 20 (2.0) 14 (1.4) 1025 1025 LU 33 (5.3) 308 (49.8) 155 (25.0) 97 (15.7) 9 (1.5) 17 (2.7) 619 619 NL 31 (3.0) 257 (24.6) 476 (45.6) 199 (19.1) 51 (4.9) 19 (1.8) 11 (1.1) 1044 1044 PT 391 (39.1) 539 (53.9) 61 (6.1) 9 (0.9) 1000 1000 SE 5 (0.5) 202 (20.2) 474 (47.4) 248 (24.8) 35 (3.5) 36 (3.6) 1000 1000 N Sum 31 1723 8073 4370 1684 191 144 16216 N Valid Sum 31 1723 8073 4370 1684 191 144 16216 printed 25.01.2012 page 416 Eurobarometer 61 - February-March 2004,GESIS Variable Report,441,ZA4056
v362,,P3 DURATION OF INTERVIEW - RECODED 12 CAT,,P3 DURATION OF INTERVIEW - RECODED 12 CAT,GESIS Variable Report,442,ZA4056
v363,v363 1 2 3 4 N Sum N Valid Sum,P4 N OF PERSONS PRESENT DURING INTERVIEW,isocntry AT 817 (77.7) 195 (18.5) 32 (3.0) 8 (0.8) 1052 1052 BE 785 (77.6) 186 (18.4) 30 (3.0) 11 (1.1) 1012 1012 DE-E 863 (83.6) 155 (15.0) 13 (1.3) 1 (0.1) 1032 1032 DE-W 833 (80.3) 179 (17.3) 19 (1.8) 6 (0.6) 1037 1037 DK 795 (79.5) 175 (17.5) 21 (2.1) 9 (0.9) 1000 1000 ES 825 (82.5) 158 (15.8) 16 (1.6) 1 (0.1) 1000 1000 FI 733 (71.4) 225 (21.9) 52 (5.1) 17 (1.7) 1027 1027 FR 828 (81.3) 159 (15.6) 18 (1.8) 14 (1.4) 1019 1019 GB-GBN 849 (82.0) 162 (15.7) 21 (2.0) 3 (0.3) 1035 1035 GB-NIR 272 (88.3) 34 (11.0) 2 (0.6) 308 308 GR 642 (63.9) 283 (28.2) 66 (6.6) 14 (1.4) 1005 1005 IE 811 (81.0) 158 (15.8) 25 (2.5) 7 (0.7) 1001 1001 IT 782 (76.3) 203 (19.8) 30 (2.9) 10 (1.0) 1025 1025 LU 504 (81.4) 93 (15.0) 15 (2.4) 7 (1.1) 619 619 NL 776 (74.3) 225 (21.6) 31 (3.0) 12 (1.1) 1044 1044 PT 891 (89.1) 98 (9.8) 10 (1.0) 1 (0.1) 1000 1000 SE 905 (90.5) 86 (8.6) 7 (0.7) 2 (0.2) 1000 1000 N Sum 12911 2774 408 123 16216 N Valid Sum 12911 2774 408 123 16216 printed 25.01.2012 page 419 Eurobarometer 61 - February-March 2004,isocntry AT 817 (77.7) 195 (18.5) 32 (3.0) 8 (0.8) 1052 1052 BE 785 (77.6) 186 (18.4) 30 (3.0) 11 (1.1) 1012 1012 DE-E 863 (83.6) 155 (15.0) 13 (1.3) 1 (0.1) 1032 1032 DE-W 833 (80.3) 179 (17.3) 19 (1.8) 6 (0.6) 1037 1037 DK 795 (79.5) 175 (17.5) 21 (2.1) 9 (0.9) 1000 1000 ES 825 (82.5) 158 (15.8) 16 (1.6) 1 (0.1) 1000 1000 FI 733 (71.4) 225 (21.9) 52 (5.1) 17 (1.7) 1027 1027 FR 828 (81.3) 159 (15.6) 18 (1.8) 14 (1.4) 1019 1019 GB-GBN 849 (82.0) 162 (15.7) 21 (2.0) 3 (0.3) 1035 1035 GB-NIR 272 (88.3) 34 (11.0) 2 (0.6) 308 308 GR 642 (63.9) 283 (28.2) 66 (6.6) 14 (1.4) 1005 1005 IE 811 (81.0) 158 (15.8) 25 (2.5) 7 (0.7) 1001 1001 IT 782 (76.3) 203 (19.8) 30 (2.9) 10 (1.0) 1025 1025 LU 504 (81.4) 93 (15.0) 15 (2.4) 7 (1.1) 619 619 NL 776 (74.3) 225 (21.6) 31 (3.0) 12 (1.1) 1044 1044 PT 891 (89.1) 98 (9.8) 10 (1.0) 1 (0.1) 1000 1000 SE 905 (90.5) 86 (8.6) 7 (0.7) 2 (0.2) 1000 1000 N Sum 12911 2774 408 123 16216 N Valid Sum 12911 2774 408 123 16216 printed 25.01.2012 page 419 Eurobarometer 61 - February-March 2004,GESIS Variable Report,444,ZA4056
v364,v364 1 2 3 4 N Sum N Valid Sum,P5 RESPONDENT COOPERATION,isocntry AT 580 (55.1) 273 (26.0) 178 (16.9) 21 (2.0) 1052 1052 BE 708 (70.0) 223 (22.0) 67 (6.6) 14 (1.4) 1012 1012 DE-E 483 (46.8) 376 (36.4) 160 (15.5) 13 (1.3) 1032 1032 DE-W 435 (41.9) 409 (39.4) 180 (17.4) 13 (1.3) 1037 1037 DK 608 (60.8) 263 (26.3) 100 (10.0) 29 (2.9) 1000 1000 ES 465 (46.5) 462 (46.2) 66 (6.6) 7 (0.7) 1000 1000 FI 772 (75.2) 200 (19.5) 46 (4.5) 9 (0.9) 1027 1027 FR 637 (62.5) 313 (30.7) 57 (5.6) 12 (1.2) 1019 1019 GB-GBN 712 (68.8) 189 (18.3) 119 (11.5) 15 (1.4) 1035 1035 GB-NIR 184 (59.7) 66 (21.4) 46 (14.9) 12 (3.9) 308 308 GR 477 (47.5) 449 (44.7) 72 (7.2) 7 (0.7) 1005 1005 IE 524 (52.3) 251 (25.1) 157 (15.7) 69 (6.9) 1001 1001 IT 442 (43.1) 434 (42.3) 112 (10.9) 37 (3.6) 1025 1025 LU 405 (65.4) 170 (27.5) 42 (6.8) 2 (0.3) 619 619 NL 726 (69.5) 277 (26.5) 37 (3.5) 4 (0.4) 1044 1044 PT 185 (18.5) 458 (45.8) 299 (29.9) 58 (5.8) 1000 1000 SE 846 (84.6) 127 (12.7) 24 (2.4) 3 (0.3) 1000 1000 N Sum 9189 4940 1762 325 16216 N Valid Sum 9189 4940 1762 325 16216 printed 25.01.2012 page 420 Eurobarometer 61 - February-March 2004,isocntry AT 580 (55.1) 273 (26.0) 178 (16.9) 21 (2.0) 1052 1052 BE 708 (70.0) 223 (22.0) 67 (6.6) 14 (1.4) 1012 1012 DE-E 483 (46.8) 376 (36.4) 160 (15.5) 13 (1.3) 1032 1032 DE-W 435 (41.9) 409 (39.4) 180 (17.4) 13 (1.3) 1037 1037 DK 608 (60.8) 263 (26.3) 100 (10.0) 29 (2.9) 1000 1000 ES 465 (46.5) 462 (46.2) 66 (6.6) 7 (0.7) 1000 1000 FI 772 (75.2) 200 (19.5) 46 (4.5) 9 (0.9) 1027 1027 FR 637 (62.5) 313 (30.7) 57 (5.6) 12 (1.2) 1019 1019 GB-GBN 712 (68.8) 189 (18.3) 119 (11.5) 15 (1.4) 1035 1035 GB-NIR 184 (59.7) 66 (21.4) 46 (14.9) 12 (3.9) 308 308 GR 477 (47.5) 449 (44.7) 72 (7.2) 7 (0.7) 1005 1005 IE 524 (52.3) 251 (25.1) 157 (15.7) 69 (6.9) 1001 1001 IT 442 (43.1) 434 (42.3) 112 (10.9) 37 (3.6) 1025 1025 LU 405 (65.4) 170 (27.5) 42 (6.8) 2 (0.3) 619 619 NL 726 (69.5) 277 (26.5) 37 (3.5) 4 (0.4) 1044 1044 PT 185 (18.5) 458 (45.8) 299 (29.9) 58 (5.8) 1000 1000 SE 846 (84.6) 127 (12.7) 24 (2.4) 3 (0.3) 1000 1000 N Sum 9189 4940 1762 325 16216 N Valid Sum 9189 4940 1762 325 16216 printed 25.01.2012 page 420 Eurobarometer 61 - February-March 2004,GESIS Variable Report,445,ZA4056
v365,,P6 SIZE OF COMMUNITY - FRANCE,,P6 SIZE OF COMMUNITY - FRANCE,GESIS Variable Report,446,ZA4056
v366,,P6 SIZE OF COMMUNITY - BELGIUM,,P6 SIZE OF COMMUNITY - BELGIUM,GESIS Variable Report,447,ZA4056
v367,,P6 SIZE OF COMMUNITY - NETHERLANDS,,P6 SIZE OF COMMUNITY - NETHERLANDS,GESIS Variable Report,448,ZA4056
v368,,P6 SIZE OF COMMUNITY - GERMANY WEST,,P6 SIZE OF COMMUNITY - GERMANY WEST,GESIS Variable Report,449,ZA4056
v369,,P6 SIZE OF COMMUNITY - ITALY,,P6 SIZE OF COMMUNITY - ITALY,GESIS Variable Report,450,ZA4056
v370,,P6 SIZE OF COMMUNITY - LUXEMBOURG,,P6 SIZE OF COMMUNITY - LUXEMBOURG,GESIS Variable Report,451,ZA4056
v371,,P6 SIZE OF COMMUNITY - DENMARK,,P6 SIZE OF COMMUNITY - DENMARK,GESIS Variable Report,452,ZA4056
v372,,P6 SIZE OF COMMUNITY - IRELAND,,P6 SIZE OF COMMUNITY - IRELAND,GESIS Variable Report,453,ZA4056
v373,,P6 SIZE OF COMMUNITY - GREAT BRITAIN,,P6 SIZE OF COMMUNITY - GREAT BRITAIN,GESIS Variable Report,454,ZA4056
v374,,P6 SIZE OF COMMUNITY - NORTHERN IRELAND,,P6 SIZE OF COMMUNITY - NORTHERN IRELAND,GESIS Variable Report,455,ZA4056
v375,,P6 SIZE OF COMMUNITY - GREECE,,P6 SIZE OF COMMUNITY - GREECE,GESIS Variable Report,456,ZA4056
v376,,P6 SIZE OF COMMUNITY - SPAIN,,P6 SIZE OF COMMUNITY - SPAIN,GESIS Variable Report,457,ZA4056
v377,,P6 SIZE OF COMMUNITY - PORTUGAL,,P6 SIZE OF COMMUNITY - PORTUGAL,GESIS Variable Report,458,ZA4056
v378,,P6 SIZE OF COMMUNITY - GERMANY EAST,,P6 SIZE OF COMMUNITY - GERMANY EAST,GESIS Variable Report,459,ZA4056
v379,,P6 SIZE OF COMMUNITY - FINLAND,,P6 SIZE OF COMMUNITY - FINLAND,GESIS Variable Report,460,ZA4056
v380,,P6 SIZE OF COMMUNITY - SWEDEN,,P6 SIZE OF COMMUNITY - SWEDEN,GESIS Variable Report,461,ZA4056
v381,,P6 SIZE OF COMMUNITY - AUSTRIA,,P6 SIZE OF COMMUNITY - AUSTRIA,GESIS Variable Report,462,ZA4056
v382,,P7 REGION I - FRANCE,,P7 REGION I - FRANCE,GESIS Variable Report,463,ZA4056
v383,,P7 REGION I - BELGIUM,,P7 REGION I - BELGIUM,GESIS Variable Report,465,ZA4056
v384,,P7 REGION I - NETHERLANDS,,P7 REGION I - NETHERLANDS,GESIS Variable Report,466,ZA4056
v385,,P7 REGION I - GERMANY,,P7 REGION I - GERMANY,GESIS Variable Report,467,ZA4056
v386,,P7 REGION I - ITALY,,P7 REGION I - ITALY,GESIS Variable Report,470,ZA4056
v387,,P7 REGION I - LUXEMBOURG,,P7 REGION I - LUXEMBOURG,GESIS Variable Report,472,ZA4056
v388,,P7 REGION I - DENMARK,,P7 REGION I - DENMARK,GESIS Variable Report,473,ZA4056
v389,,P7 REGION I - IRELAND,,P7 REGION I - IRELAND,GESIS Variable Report,474,ZA4056
v390,,P7 REGION I - UNITED KINGDOM,,P7 REGION I - UNITED KINGDOM,GESIS Variable Report,475,ZA4056
v391,,P7 REGION I - GREECE,,P7 REGION I - GREECE,GESIS Variable Report,477,ZA4056
v392,,P7 REGION I - SPAIN,,P7 REGION I - SPAIN,GESIS Variable Report,478,ZA4056
v393,,P7 REGION I - PORTUGAL,,P7 REGION I - PORTUGAL,GESIS Variable Report,480,ZA4056
v394,,P7 REGION I - FINLAND,,P7 REGION I - FINLAND,GESIS Variable Report,481,ZA4056
v395,,P7 REGION I - SWEDEN,,P7 REGION I - SWEDEN,GESIS Variable Report,483,ZA4056
v396,,P7 REGION I - AUSTRIA,,P7 REGION I - AUSTRIA,GESIS Variable Report,484,ZA4056
v397,,P7 REGION II - FRANCE,,P7 REGION II - FRANCE,GESIS Variable Report,485,ZA4056
v398,,P7 REGION II - BELGIUM,,P7 REGION II - BELGIUM,GESIS Variable Report,486,ZA4056
v399,,P7 REGION II - NETHERLANDS,,P7 REGION II - NETHERLANDS,GESIS Variable Report,487,ZA4056
v400,,P7 REGION II - GERMANY,,P7 REGION II - GERMANY,GESIS Variable Report,488,ZA4056
v401,,P7 REGION II - ITALY,,P7 REGION II - ITALY,GESIS Variable Report,490,ZA4056
v402,,P7 REGION II - IRELAND,,P7 REGION II - IRELAND,GESIS Variable Report,491,ZA4056
v403,,P7 REGION II - UNITED KINGDOM,,P7 REGION II - UNITED KINGDOM,GESIS Variable Report,492,ZA4056
v404,,P7 REGION II - GREECE,,P7 REGION II - GREECE,GESIS Variable Report,493,ZA4056
v405,,P7 REGION II - SPAIN (10 CATEGORIES),,P7 REGION II - SPAIN (10 CATEGORIES),GESIS Variable Report,494,ZA4056
v406,,P7 REGION II - SPAIN (7 CATEGORIES),,P7 REGION II - SPAIN (7 CATEGORIES),GESIS Variable Report,495,ZA4056
v407,,P7 REGION II - FINLAND,,P7 REGION II - FINLAND,GESIS Variable Report,496,ZA4056
v408,,P7 REGION II - AUSTRIA,,P7 REGION II - AUSTRIA,GESIS Variable Report,497,ZA4056
v409,v409 1 2 N Sum N Valid Sum,P12A TELEPHONE IN HH - FIXED,isocntry AT 668 (63.5) 384 (36.5) 1052 1052 BE 696 (68.8) 316 (31.2) 1012 1012 DE-E 845 (81.9) 187 (18.1) 1032 1032 DE-W 968 (93.3) 69 (6.7) 1037 1037 DK 927 (92.7) 73 (7.3) 1000 1000 ES 821 (82.1) 179 (17.9) 1000 1000 FI 622 (60.6) 405 (39.4) 1027 1027 FR 758 (74.4) 261 (25.6) 1019 1019 GB-GBN 853 (82.4) 182 (17.6) 1035 1035 GB-NIR 273 (88.6) 35 (11.4) 308 308 GR 892 (88.8) 113 (11.2) 1005 1005 IE 786 (78.5) 215 (21.5) 1001 1001 IT 813 (79.3) 212 (20.7) 1025 1025 LU 565 (91.3) 54 (8.7) 619 619 NL 910 (87.2) 134 (12.8) 1044 1044 PT 648 (64.8) 352 (35.2) 1000 1000 SE 976 (97.6) 24 (2.4) 1000 1000 N Sum 13021 3195 16216 N Valid Sum 13021 3195 16216 printed 25.01.2012 page 473 Eurobarometer 61 - February-March 2004,isocntry AT 668 (63.5) 384 (36.5) 1052 1052 BE 696 (68.8) 316 (31.2) 1012 1012 DE-E 845 (81.9) 187 (18.1) 1032 1032 DE-W 968 (93.3) 69 (6.7) 1037 1037 DK 927 (92.7) 73 (7.3) 1000 1000 ES 821 (82.1) 179 (17.9) 1000 1000 FI 622 (60.6) 405 (39.4) 1027 1027 FR 758 (74.4) 261 (25.6) 1019 1019 GB-GBN 853 (82.4) 182 (17.6) 1035 1035 GB-NIR 273 (88.6) 35 (11.4) 308 308 GR 892 (88.8) 113 (11.2) 1005 1005 IE 786 (78.5) 215 (21.5) 1001 1001 IT 813 (79.3) 212 (20.7) 1025 1025 LU 565 (91.3) 54 (8.7) 619 619 NL 910 (87.2) 134 (12.8) 1044 1044 PT 648 (64.8) 352 (35.2) 1000 1000 SE 976 (97.6) 24 (2.4) 1000 1000 N Sum 13021 3195 16216 N Valid Sum 13021 3195 16216 printed 25.01.2012 page 473 Eurobarometer 61 - February-March 2004,GESIS Variable Report,498,ZA4056
v410,v410 1 2 N Sum N Valid Sum,P12B TELEPHONE IN HH - MOBILE,isocntry AT 796 (75.7) 256 (24.3) 1052 1052 BE 760 (75.1) 252 (24.9) 1012 1012 DE-E 646 (62.6) 386 (37.4) 1032 1032 DE-W 741 (71.5) 296 (28.5) 1037 1037 DK 803 (80.3) 197 (19.7) 1000 1000 ES 799 (79.9) 201 (20.1) 1000 1000 FI 920 (89.6) 107 (10.4) 1027 1027 FR 738 (72.4) 281 (27.6) 1019 1019 GB-GBN 764 (73.8) 271 (26.2) 1035 1035 GB-NIR 222 (72.1) 86 (27.9) 308 308 GR 718 (71.4) 287 (28.6) 1005 1005 IE 787 (78.6) 214 (21.4) 1001 1001 IT 833 (81.3) 192 (18.7) 1025 1025 LU 556 (89.8) 63 (10.2) 619 619 NL 851 (81.5) 193 (18.5) 1044 1044 PT 628 (62.8) 372 (37.2) 1000 1000 SE 878 (87.8) 122 (12.2) 1000 1000 N Sum 12440 3776 16216 N Valid Sum 12440 3776 16216 printed 25.01.2012 page 474 Eurobarometer 61 - February-March 2004,isocntry AT 796 (75.7) 256 (24.3) 1052 1052 BE 760 (75.1) 252 (24.9) 1012 1012 DE-E 646 (62.6) 386 (37.4) 1032 1032 DE-W 741 (71.5) 296 (28.5) 1037 1037 DK 803 (80.3) 197 (19.7) 1000 1000 ES 799 (79.9) 201 (20.1) 1000 1000 FI 920 (89.6) 107 (10.4) 1027 1027 FR 738 (72.4) 281 (27.6) 1019 1019 GB-GBN 764 (73.8) 271 (26.2) 1035 1035 GB-NIR 222 (72.1) 86 (27.9) 308 308 GR 718 (71.4) 287 (28.6) 1005 1005 IE 787 (78.6) 214 (21.4) 1001 1001 IT 833 (81.3) 192 (18.7) 1025 1025 LU 556 (89.8) 63 (10.2) 619 619 NL 851 (81.5) 193 (18.5) 1044 1044 PT 628 (62.8) 372 (37.2) 1000 1000 SE 878 (87.8) 122 (12.2) 1000 1000 N Sum 12440 3776 16216 N Valid Sum 12440 3776 16216 printed 25.01.2012 page 474 Eurobarometer 61 - February-March 2004,GESIS Variable Report,499,ZA4056
v411,v411,P13 LANGUAGE OF INTERVIEW - BELGIUM,Value Label Missing Count Percent Valid Percent,Value Label Missing Count Percent Valid Percent,GESIS Variable Report,500,ZA4056
v412,v412,P13 LANGUAGE OF INTERVIEW - LUXEMBOURG,Value Label Missing Count Percent Valid Percent,Value Label Missing Count Percent Valid Percent,GESIS Variable Report,501,ZA4056
v413,v413,P13 LANGUAGE OF INTERVIEW - FINLAND,Value Label Missing Count Percent Valid Percent,Value Label Missing Count Percent Valid Percent,GESIS Variable Report,502,ZA4056
v414,,C1 OPINION LEADERSHIP INDEX,,C1 OPINION LEADERSHIP INDEX,GESIS Variable Report,503,ZA4056
v415,,C4 SOCIO PROF STATUS,,C4 SOCIO PROF STATUS,GESIS Variable Report,505,ZA4056
v416,,C5 EUROPEAN POLITICAL PARTY PREFERENCE,,C5 EUROPEAN POLITICAL PARTY PREFERENCE,GESIS Variable Report,507,ZA4056
v417,,C14 RESPONDENT OCCUPATION SCALE,,C14 RESPONDENT OCCUPATION SCALE,GESIS Variable Report,509,ZA4056
v418,v418,SPLIT (Q38),Value Label Missing Count Percent Valid Percent,Value Label Missing Count Percent Valid Percent,GESIS Variable Report,510,ZA4056
