variable,question_number,variable_label,question_text,question_text_filled,source,source_page,za_id
v4,V4,EUROBAROMETER NUMBER,Value Label Missing Count Percent Valid Percent,Value Label Missing Count Percent Valid Percent,GESIS Variable Report,31,ZA5564
v6,,NATION - ALL SAMPLES,,NATION - ALL SAMPLES,GESIS Variable Report,33,ZA5564
v9,page 11,NATION - UNITED KINGDOM ONLY,Eurobarometer 75.4 - June 2011,Eurobarometer 75.4 - June 2011,GESIS Variable Report,38,ZA5564
v11,page 14,NATION - UNITED GERMANY ONLY,Eurobarometer 75.4 - June 2011,Eurobarometer 75.4 - June 2011,GESIS Variable Report,41,ZA5564
v13,page 17,NATION GROUP EU6,Eurobarometer 75.4 - June 2011,Eurobarometer 75.4 - June 2011,GESIS Variable Report,44,ZA5564
v15,page 20,NATION GROUP EU9,Eurobarometer 75.4 - June 2011,Eurobarometer 75.4 - June 2011,GESIS Variable Report,47,ZA5564
v17,page 23,NATION GROUP EU10,Eurobarometer 75.4 - June 2011,Eurobarometer 75.4 - June 2011,GESIS Variable Report,50,ZA5564
v19,page 26,NATION GROUP EU12,Eurobarometer 75.4 - June 2011,Eurobarometer 75.4 - June 2011,GESIS Variable Report,53,ZA5564
v21,page 29,NATION GROUP EU12+,Eurobarometer 75.4 - June 2011,Eurobarometer 75.4 - June 2011,GESIS Variable Report,56,ZA5564
v23,page 32,NATION GROUP EU NMS 3 (1995),Eurobarometer 75.4 - June 2011,Eurobarometer 75.4 - June 2011,GESIS Variable Report,59,ZA5564
v25,page 35,NATION GROUP EU15,Eurobarometer 75.4 - June 2011,Eurobarometer 75.4 - June 2011,GESIS Variable Report,62,ZA5564
v27,page 38,NATION GROUP EU NMS 10 (2004),Eurobarometer 75.4 - June 2011,Eurobarometer 75.4 - June 2011,GESIS Variable Report,65,ZA5564
v29,page 41,NATION GROUP EU25 (2004),Eurobarometer 75.4 - June 2011,Eurobarometer 75.4 - June 2011,GESIS Variable Report,68,ZA5564
v31,page 44,NATION GROUP EU27 (2007),Eurobarometer 75.4 - June 2011,Eurobarometer 75.4 - June 2011,GESIS Variable Report,71,ZA5564
v33,page 47,NATION GROUP EU NMS 12 (2007),Eurobarometer 75.4 - June 2011,Eurobarometer 75.4 - June 2011,GESIS Variable Report,74,ZA5564
v35,page 50,NATION GROUP EURO ZONE 15 (2008),Eurobarometer 75.4 - June 2011,Eurobarometer 75.4 - June 2011,GESIS Variable Report,77,ZA5564
v37,page 53,NATION GROUP NON-EURO ZONE 15 (2008),Eurobarometer 75.4 - June 2011,Eurobarometer 75.4 - June 2011,GESIS Variable Report,80,ZA5564
v39,page 56,NATION GROUP EURO ZONE 16 (2009),Eurobarometer 75.4 - June 2011,Eurobarometer 75.4 - June 2011,GESIS Variable Report,83,ZA5564
v41,page 59,NATION GROUP NON-EURO ZONE 16 (2009),Eurobarometer 75.4 - June 2011,Eurobarometer 75.4 - June 2011,GESIS Variable Report,86,ZA5564
v43,page 62,NATION GROUP NON-EURO ZONE NMS 12 (2009),Eurobarometer 75.4 - June 2011,Eurobarometer 75.4 - June 2011,GESIS Variable Report,89,ZA5564
v45,page 65,NATION GROUP EURO ZONE 17 (2011),Eurobarometer 75.4 - June 2011,Eurobarometer 75.4 - June 2011,GESIS Variable Report,92,ZA5564
v47,page 68,NATION GROUP NON-EURO ZONE 17 (2011),Eurobarometer 75.4 - June 2011,Eurobarometer 75.4 - June 2011,GESIS Variable Report,95,ZA5564
v50,Q1,Q1_1 NATIONALITY BELGIUM,What is your nationality? Please tell me the country(ies) that applies(y). (MULTIPLE ANSWERS POSSIBLE) (IF OTHER or DK THEN CLOSE INTERVIEW),What is your nationality? Please tell me the country(ies) that applies(y). (MULTIPLE ANSWERS POSSIBLE) (IF OTHER or DK THEN CLOSE INTERVIEW),GESIS Variable Report,99,ZA5564
v51,Q1,Q1_2 NATIONALITY DENMARK,What is your nationality? Please tell me the country(ies) that applies(y). (MULTIPLE ANSWERS POSSIBLE) (IF OTHER or DK THEN CLOSE INTERVIEW),What is your nationality? Please tell me the country(ies) that applies(y). (MULTIPLE ANSWERS POSSIBLE) (IF OTHER or DK THEN CLOSE INTERVIEW),GESIS Variable Report,101,ZA5564
v52,Q1,Q1_3 NATIONALITY GERMANY,What is your nationality? Please tell me the country(ies) that applies(y). (MULTIPLE ANSWERS POSSIBLE) (IF OTHER or DK THEN CLOSE INTERVIEW),What is your nationality? Please tell me the country(ies) that applies(y). (MULTIPLE ANSWERS POSSIBLE) (IF OTHER or DK THEN CLOSE INTERVIEW),GESIS Variable Report,103,ZA5564
v53,Q1,Q1_4 NATIONALITY GREECE,What is your nationality? Please tell me the country(ies) that applies(y). (MULTIPLE ANSWERS POSSIBLE) (IF OTHER or DK THEN CLOSE INTERVIEW),What is your nationality? Please tell me the country(ies) that applies(y). (MULTIPLE ANSWERS POSSIBLE) (IF OTHER or DK THEN CLOSE INTERVIEW),GESIS Variable Report,105,ZA5564
v54,Q1,Q1_5 NATIONALITY SPAIN,What is your nationality? Please tell me the country(ies) that applies(y). (MULTIPLE ANSWERS POSSIBLE) (IF OTHER or DK THEN CLOSE INTERVIEW),What is your nationality? Please tell me the country(ies) that applies(y). (MULTIPLE ANSWERS POSSIBLE) (IF OTHER or DK THEN CLOSE INTERVIEW),GESIS Variable Report,107,ZA5564
v55,Q1,Q1_6 NATIONALITY FRANCE,What is your nationality? Please tell me the country(ies) that applies(y). (MULTIPLE ANSWERS POSSIBLE) (IF OTHER or DK THEN CLOSE INTERVIEW),What is your nationality? Please tell me the country(ies) that applies(y). (MULTIPLE ANSWERS POSSIBLE) (IF OTHER or DK THEN CLOSE INTERVIEW),GESIS Variable Report,109,ZA5564
v56,Q1,Q1_7 NATIONALITY IRELAND,What is your nationality? Please tell me the country(ies) that applies(y). (MULTIPLE ANSWERS POSSIBLE) (IF OTHER or DK THEN CLOSE INTERVIEW),What is your nationality? Please tell me the country(ies) that applies(y). (MULTIPLE ANSWERS POSSIBLE) (IF OTHER or DK THEN CLOSE INTERVIEW),GESIS Variable Report,111,ZA5564
v57,Q1,Q1_8 NATIONALITY ITALY,What is your nationality? Please tell me the country(ies) that applies(y). (MULTIPLE ANSWERS POSSIBLE) (IF OTHER or DK THEN CLOSE INTERVIEW),What is your nationality? Please tell me the country(ies) that applies(y). (MULTIPLE ANSWERS POSSIBLE) (IF OTHER or DK THEN CLOSE INTERVIEW),GESIS Variable Report,113,ZA5564
v58,Q1,Q1_9 NATIONALITY LUXEMBOURG,What is your nationality? Please tell me the country(ies) that applies(y). (MULTIPLE ANSWERS POSSIBLE) (IF OTHER or DK THEN CLOSE INTERVIEW),What is your nationality? Please tell me the country(ies) that applies(y). (MULTIPLE ANSWERS POSSIBLE) (IF OTHER or DK THEN CLOSE INTERVIEW),GESIS Variable Report,115,ZA5564
v59,Q1,Q1_10 NATIONALITY NETHERLANDS,What is your nationality? Please tell me the country(ies) that applies(y). (MULTIPLE ANSWERS POSSIBLE) (IF OTHER or DK THEN CLOSE INTERVIEW),What is your nationality? Please tell me the country(ies) that applies(y). (MULTIPLE ANSWERS POSSIBLE) (IF OTHER or DK THEN CLOSE INTERVIEW),GESIS Variable Report,117,ZA5564
v60,Q1,Q1_11 NATIONALITY PORTUGAL,What is your nationality? Please tell me the country(ies) that applies(y). (MULTIPLE ANSWERS POSSIBLE) (IF OTHER or DK THEN CLOSE INTERVIEW),What is your nationality? Please tell me the country(ies) that applies(y). (MULTIPLE ANSWERS POSSIBLE) (IF OTHER or DK THEN CLOSE INTERVIEW),GESIS Variable Report,119,ZA5564
v61,Q1,Q1_12 NATIONALITY UNITED KINGDOM,What is your nationality? Please tell me the country(ies) that applies(y). (MULTIPLE ANSWERS POSSIBLE) (IF OTHER or DK THEN CLOSE INTERVIEW),What is your nationality? Please tell me the country(ies) that applies(y). (MULTIPLE ANSWERS POSSIBLE) (IF OTHER or DK THEN CLOSE INTERVIEW),GESIS Variable Report,121,ZA5564
v62,Q1,Q1_13 NATIONALITY AUSTRIA,What is your nationality? Please tell me the country(ies) that applies(y). (MULTIPLE ANSWERS POSSIBLE) (IF OTHER or DK THEN CLOSE INTERVIEW),What is your nationality? Please tell me the country(ies) that applies(y). (MULTIPLE ANSWERS POSSIBLE) (IF OTHER or DK THEN CLOSE INTERVIEW),GESIS Variable Report,123,ZA5564
v63,Q1,Q1_14 NATIONALITY SWEDEN,What is your nationality? Please tell me the country(ies) that applies(y). (MULTIPLE ANSWERS POSSIBLE) (IF OTHER or DK THEN CLOSE INTERVIEW),What is your nationality? Please tell me the country(ies) that applies(y). (MULTIPLE ANSWERS POSSIBLE) (IF OTHER or DK THEN CLOSE INTERVIEW),GESIS Variable Report,125,ZA5564
v64,Q1,Q1_15 NATIONALITY FINLAND,What is your nationality? Please tell me the country(ies) that applies(y). (MULTIPLE ANSWERS POSSIBLE) (IF OTHER or DK THEN CLOSE INTERVIEW),What is your nationality? Please tell me the country(ies) that applies(y). (MULTIPLE ANSWERS POSSIBLE) (IF OTHER or DK THEN CLOSE INTERVIEW),GESIS Variable Report,127,ZA5564
v65,Q1,Q1_16 NATIONALITY CYPRUS (REPUBLIC),What is your nationality? Please tell me the country(ies) that applies(y). (MULTIPLE ANSWERS POSSIBLE) (IF OTHER or DK THEN CLOSE INTERVIEW),What is your nationality? Please tell me the country(ies) that applies(y). (MULTIPLE ANSWERS POSSIBLE) (IF OTHER or DK THEN CLOSE INTERVIEW),GESIS Variable Report,129,ZA5564
v66,Q1,Q1_17 NATIONALITY CZECH REPUBLIC,What is your nationality? Please tell me the country(ies) that applies(y). (MULTIPLE ANSWERS POSSIBLE) (IF OTHER or DK THEN CLOSE INTERVIEW),What is your nationality? Please tell me the country(ies) that applies(y). (MULTIPLE ANSWERS POSSIBLE) (IF OTHER or DK THEN CLOSE INTERVIEW),GESIS Variable Report,131,ZA5564
v67,Q1,Q1_18 NATIONALITY ESTONIA,What is your nationality? Please tell me the country(ies) that applies(y). (MULTIPLE ANSWERS POSSIBLE) (IF OTHER or DK THEN CLOSE INTERVIEW),What is your nationality? Please tell me the country(ies) that applies(y). (MULTIPLE ANSWERS POSSIBLE) (IF OTHER or DK THEN CLOSE INTERVIEW),GESIS Variable Report,133,ZA5564
v68,Q1,Q1_19 NATIONALITY HUNGARY,What is your nationality? Please tell me the country(ies) that applies(y). (MULTIPLE ANSWERS POSSIBLE) (IF OTHER or DK THEN CLOSE INTERVIEW),What is your nationality? Please tell me the country(ies) that applies(y). (MULTIPLE ANSWERS POSSIBLE) (IF OTHER or DK THEN CLOSE INTERVIEW),GESIS Variable Report,135,ZA5564
v69,Q1,Q1_20 NATIONALITY LATVIA,What is your nationality? Please tell me the country(ies) that applies(y). (MULTIPLE ANSWERS POSSIBLE) (IF OTHER or DK THEN CLOSE INTERVIEW),What is your nationality? Please tell me the country(ies) that applies(y). (MULTIPLE ANSWERS POSSIBLE) (IF OTHER or DK THEN CLOSE INTERVIEW),GESIS Variable Report,137,ZA5564
v70,Q1,Q1_21 NATIONALITY LITHUANIA,What is your nationality? Please tell me the country(ies) that applies(y). (MULTIPLE ANSWERS POSSIBLE) (IF OTHER or DK THEN CLOSE INTERVIEW),What is your nationality? Please tell me the country(ies) that applies(y). (MULTIPLE ANSWERS POSSIBLE) (IF OTHER or DK THEN CLOSE INTERVIEW),GESIS Variable Report,139,ZA5564
v71,Q1,Q1_22 NATIONALITY MALTA,What is your nationality? Please tell me the country(ies) that applies(y). (MULTIPLE ANSWERS POSSIBLE) (IF OTHER or DK THEN CLOSE INTERVIEW),What is your nationality? Please tell me the country(ies) that applies(y). (MULTIPLE ANSWERS POSSIBLE) (IF OTHER or DK THEN CLOSE INTERVIEW),GESIS Variable Report,141,ZA5564
v72,Q1,Q1_23 NATIONALITY POLAND,What is your nationality? Please tell me the country(ies) that applies(y). (MULTIPLE ANSWERS POSSIBLE) (IF OTHER or DK THEN CLOSE INTERVIEW),What is your nationality? Please tell me the country(ies) that applies(y). (MULTIPLE ANSWERS POSSIBLE) (IF OTHER or DK THEN CLOSE INTERVIEW),GESIS Variable Report,143,ZA5564
v73,Q1,Q1_24 NATIONALITY SLOVAKIA,What is your nationality? Please tell me the country(ies) that applies(y). (MULTIPLE ANSWERS POSSIBLE) (IF OTHER or DK THEN CLOSE INTERVIEW),What is your nationality? Please tell me the country(ies) that applies(y). (MULTIPLE ANSWERS POSSIBLE) (IF OTHER or DK THEN CLOSE INTERVIEW),GESIS Variable Report,145,ZA5564
v74,Q1,Q1_25 NATIONALITY SLOVENIA,What is your nationality? Please tell me the country(ies) that applies(y). (MULTIPLE ANSWERS POSSIBLE) (IF OTHER or DK THEN CLOSE INTERVIEW),What is your nationality? Please tell me the country(ies) that applies(y). (MULTIPLE ANSWERS POSSIBLE) (IF OTHER or DK THEN CLOSE INTERVIEW),GESIS Variable Report,147,ZA5564
v75,Q1,Q1_26 NATIONALITY BULGARIA,What is your nationality? Please tell me the country(ies) that applies(y). (MULTIPLE ANSWERS POSSIBLE) (IF OTHER or DK THEN CLOSE INTERVIEW),What is your nationality? Please tell me the country(ies) that applies(y). (MULTIPLE ANSWERS POSSIBLE) (IF OTHER or DK THEN CLOSE INTERVIEW),GESIS Variable Report,149,ZA5564
v76,Q1,Q1_27 NATIONALITY ROMANIA,What is your nationality? Please tell me the country(ies) that applies(y). (MULTIPLE ANSWERS POSSIBLE) (IF OTHER or DK THEN CLOSE INTERVIEW),What is your nationality? Please tell me the country(ies) that applies(y). (MULTIPLE ANSWERS POSSIBLE) (IF OTHER or DK THEN CLOSE INTERVIEW),GESIS Variable Report,151,ZA5564
v77,Q1,Q1_28 NATIONALITY OTHER COUNTRIES,What is your nationality? Please tell me the country(ies) that applies(y). (MULTIPLE ANSWERS POSSIBLE) (IF OTHER or DK THEN CLOSE INTERVIEW),What is your nationality? Please tell me the country(ies) that applies(y). (MULTIPLE ANSWERS POSSIBLE) (IF OTHER or DK THEN CLOSE INTERVIEW),GESIS Variable Report,153,ZA5564
v78,QA1,QA1 EDUCATION LEVEL ISCED97 - FR,ASK ALL What is the highest level of education you have successfully completed (usually by obtaining a certificate or diploma)? (USE ISCED 97 CODES),ASK ALL What is the highest level of education you have successfully completed (usually by obtaining a certificate or diploma)? (USE ISCED 97 CODES),GESIS Variable Report,155,ZA5564
v79,QA1,QA1 EDUCATION LEVEL ISCED97 - BE,ASK ALL What is the highest level of education you have successfully completed (usually by obtaining a certificate or diploma)? (USE ISCED 97 CODES),ASK ALL What is the highest level of education you have successfully completed (usually by obtaining a certificate or diploma)? (USE ISCED 97 CODES),GESIS Variable Report,157,ZA5564
v80,QA1,QA1 EDUCATION LEVEL ISCED97 - NL,ASK ALL What is the highest level of education you have successfully completed (usually by obtaining a certificate or diploma)? (USE ISCED 97 CODES),ASK ALL What is the highest level of education you have successfully completed (usually by obtaining a certificate or diploma)? (USE ISCED 97 CODES),GESIS Variable Report,159,ZA5564
v81,QA1,QA1 EDUCATION LEVEL ISCED97 - DE,ASK ALL What is the highest level of education you have successfully completed (usually by obtaining a certificate or diploma)? (USE ISCED 97 CODES),ASK ALL What is the highest level of education you have successfully completed (usually by obtaining a certificate or diploma)? (USE ISCED 97 CODES),GESIS Variable Report,161,ZA5564
v82,QA1,QA1 EDUCATION LEVEL ISCED97 - IT,ASK ALL What is the highest level of education you have successfully completed (usually by obtaining a certificate or diploma)? (USE ISCED 97 CODES),ASK ALL What is the highest level of education you have successfully completed (usually by obtaining a certificate or diploma)? (USE ISCED 97 CODES),GESIS Variable Report,163,ZA5564
v83,QA1,QA1 EDUCATION LEVEL ISCED97 - LU,ASK ALL What is the highest level of education you have successfully completed (usually by obtaining a certificate or diploma)? (USE ISCED 97 CODES),ASK ALL What is the highest level of education you have successfully completed (usually by obtaining a certificate or diploma)? (USE ISCED 97 CODES),GESIS Variable Report,165,ZA5564
v84,QA1,QA1 EDUCATION LEVEL ISCED97 - DK,ASK ALL What is the highest level of education you have successfully completed (usually by obtaining a certificate or diploma)? (USE ISCED 97 CODES),ASK ALL What is the highest level of education you have successfully completed (usually by obtaining a certificate or diploma)? (USE ISCED 97 CODES),GESIS Variable Report,167,ZA5564
v85,QA1,QA1 EDUCATION LEVEL ISCED97 - IE,ASK ALL What is the highest level of education you have successfully completed (usually by obtaining a certificate or diploma)? (USE ISCED 97 CODES),ASK ALL What is the highest level of education you have successfully completed (usually by obtaining a certificate or diploma)? (USE ISCED 97 CODES),GESIS Variable Report,169,ZA5564
v86,QA1,QA1 EDUCATION LEVEL ISCED97 - GB,ASK ALL What is the highest level of education you have successfully completed (usually by obtaining a certificate or diploma)? (USE ISCED 97 CODES),ASK ALL What is the highest level of education you have successfully completed (usually by obtaining a certificate or diploma)? (USE ISCED 97 CODES),GESIS Variable Report,171,ZA5564
v87,QA1,QA1 EDUCATION LEVEL ISCED97 - GR,ASK ALL What is the highest level of education you have successfully completed (usually by obtaining a certificate or diploma)? (USE ISCED 97 CODES),ASK ALL What is the highest level of education you have successfully completed (usually by obtaining a certificate or diploma)? (USE ISCED 97 CODES),GESIS Variable Report,173,ZA5564
v88,QA1,QA1 EDUCATION LEVEL ISCED97 - ES,ASK ALL What is the highest level of education you have successfully completed (usually by obtaining a certificate or diploma)? (USE ISCED 97 CODES),ASK ALL What is the highest level of education you have successfully completed (usually by obtaining a certificate or diploma)? (USE ISCED 97 CODES),GESIS Variable Report,175,ZA5564
v89,QA1,QA1 EDUCATION LEVEL ISCED97 - PT,ASK ALL What is the highest level of education you have successfully completed (usually by obtaining a certificate or diploma)? (USE ISCED 97 CODES),ASK ALL What is the highest level of education you have successfully completed (usually by obtaining a certificate or diploma)? (USE ISCED 97 CODES),GESIS Variable Report,177,ZA5564
v90,QA1,QA1 EDUCATION LEVEL ISCED97 - FI,ASK ALL What is the highest level of education you have successfully completed (usually by obtaining a certificate or diploma)? (USE ISCED 97 CODES),ASK ALL What is the highest level of education you have successfully completed (usually by obtaining a certificate or diploma)? (USE ISCED 97 CODES),GESIS Variable Report,179,ZA5564
v91,QA1,QA1 EDUCATION LEVEL ISCED97 - SE,ASK ALL What is the highest level of education you have successfully completed (usually by obtaining a certificate or diploma)? (USE ISCED 97 CODES),ASK ALL What is the highest level of education you have successfully completed (usually by obtaining a certificate or diploma)? (USE ISCED 97 CODES),GESIS Variable Report,181,ZA5564
v92,QA1,QA1 EDUCATION LEVEL ISCED97 - AT,ASK ALL What is the highest level of education you have successfully completed (usually by obtaining a certificate or diploma)? (USE ISCED 97 CODES),ASK ALL What is the highest level of education you have successfully completed (usually by obtaining a certificate or diploma)? (USE ISCED 97 CODES),GESIS Variable Report,183,ZA5564
v93,QA1,QA1 EDUCATION LEVEL ISCED97 - CY,ASK ALL What is the highest level of education you have successfully completed (usually by obtaining a certificate or diploma)? (USE ISCED 97 CODES),ASK ALL What is the highest level of education you have successfully completed (usually by obtaining a certificate or diploma)? (USE ISCED 97 CODES),GESIS Variable Report,185,ZA5564
v94,QA1,QA1 EDUCATION LEVEL ISCED97 - CZ,ASK ALL What is the highest level of education you have successfully completed (usually by obtaining a certificate or diploma)? (USE ISCED 97 CODES),ASK ALL What is the highest level of education you have successfully completed (usually by obtaining a certificate or diploma)? (USE ISCED 97 CODES),GESIS Variable Report,187,ZA5564
v95,QA1,QA1 EDUCATION LEVEL ISCED97 - EE,ASK ALL What is the highest level of education you have successfully completed (usually by obtaining a certificate or diploma)? (USE ISCED 97 CODES),ASK ALL What is the highest level of education you have successfully completed (usually by obtaining a certificate or diploma)? (USE ISCED 97 CODES),GESIS Variable Report,189,ZA5564
v96,QA1,QA1 EDUCATION LEVEL ISCED97 - HU,ASK ALL What is the highest level of education you have successfully completed (usually by obtaining a certificate or diploma)? (USE ISCED 97 CODES),ASK ALL What is the highest level of education you have successfully completed (usually by obtaining a certificate or diploma)? (USE ISCED 97 CODES),GESIS Variable Report,191,ZA5564
v97,QA1,QA1 EDUCATION LEVEL ISCED97 - LV,ASK ALL What is the highest level of education you have successfully completed (usually by obtaining a certificate or diploma)? (USE ISCED 97 CODES),ASK ALL What is the highest level of education you have successfully completed (usually by obtaining a certificate or diploma)? (USE ISCED 97 CODES),GESIS Variable Report,193,ZA5564
v98,QA1,QA1 EDUCATION LEVEL ISCED97 - LT,ASK ALL What is the highest level of education you have successfully completed (usually by obtaining a certificate or diploma)? (USE ISCED 97 CODES),ASK ALL What is the highest level of education you have successfully completed (usually by obtaining a certificate or diploma)? (USE ISCED 97 CODES),GESIS Variable Report,195,ZA5564
v99,QA1,QA1 EDUCATION LEVEL ISCED97 - MT,ASK ALL What is the highest level of education you have successfully completed (usually by obtaining a certificate or diploma)? (USE ISCED 97 CODES),ASK ALL What is the highest level of education you have successfully completed (usually by obtaining a certificate or diploma)? (USE ISCED 97 CODES),GESIS Variable Report,197,ZA5564
v100,QA1,QA1 EDUCATION LEVEL ISCED97 - PL,ASK ALL What is the highest level of education you have successfully completed (usually by obtaining a certificate or diploma)? (USE ISCED 97 CODES),ASK ALL What is the highest level of education you have successfully completed (usually by obtaining a certificate or diploma)? (USE ISCED 97 CODES),GESIS Variable Report,199,ZA5564
v101,QA1,QA1 EDUCATION LEVEL ISCED97 - SK,ASK ALL What is the highest level of education you have successfully completed (usually by obtaining a certificate or diploma)? (USE ISCED 97 CODES),ASK ALL What is the highest level of education you have successfully completed (usually by obtaining a certificate or diploma)? (USE ISCED 97 CODES),GESIS Variable Report,201,ZA5564
v102,QA1,QA1 EDUCATION LEVEL ISCED97 - SI,ASK ALL What is the highest level of education you have successfully completed (usually by obtaining a certificate or diploma)? (USE ISCED 97 CODES),ASK ALL What is the highest level of education you have successfully completed (usually by obtaining a certificate or diploma)? (USE ISCED 97 CODES),GESIS Variable Report,203,ZA5564
v103,QA1,QA1 EDUCATION LEVEL ISCED97 - BG,ASK ALL What is the highest level of education you have successfully completed (usually by obtaining a certificate or diploma)? (USE ISCED 97 CODES),ASK ALL What is the highest level of education you have successfully completed (usually by obtaining a certificate or diploma)? (USE ISCED 97 CODES),GESIS Variable Report,205,ZA5564
v104,QA1,QA1 EDUCATION LEVEL ISCED97 - RO,ASK ALL What is the highest level of education you have successfully completed (usually by obtaining a certificate or diploma)? (USE ISCED 97 CODES),ASK ALL What is the highest level of education you have successfully completed (usually by obtaining a certificate or diploma)? (USE ISCED 97 CODES),GESIS Variable Report,207,ZA5564
v105,QA1,EDUCATIONAL LEVEL - ISCED97 - HARMONIZED,ASK ALL What is the highest level of education you have successfully completed (usually by obtaining a certificate or diploma)? (USE ISCED 97 CODES),ASK ALL What is the highest level of education you have successfully completed (usually by obtaining a certificate or diploma)? (USE ISCED 97 CODES),GESIS Variable Report,209,ZA5564
v106,page 184,EDUCATIONAL LEVEL - ISCED97 - RECODED,Eurobarometer 75.4 - June 2011,Eurobarometer 75.4 - June 2011,GESIS Variable Report,211,ZA5564
v107,QA2,QA2 INDUSTRIAL SECTOR,"ASK QA2 IF ""CURRENTLY WORKING"", CODES 5 TO 18 IN D15A – OTHERS GO TO QA3 In which sector do you work? (SHOW CARD – DO NOT READ OUT – ONE ANSWER ONLY)","ASK QA2 IF ""CURRENTLY WORKING"", CODES 5 TO 18 IN D15A – OTHERS GO TO QA3 In which sector do you work? (SHOW CARD – DO NOT READ OUT – ONE ANSWER ONLY)",GESIS Variable Report,213,ZA5564
v108,QA3,QA3_1 VOCATIONAL EDUCATION: IN THE PAST,ASK ALL I would like to ask you some questions about vocational education and training (VET). Vocational education and training is a type of learning which has a practical orientation towards a particular profession as well as preparing people for jobs which can be both manual and sophisticated (different from more general education).,ASK ALL I would like to ask you some questions about vocational education and training (VET). Vocational education and training is a type of learning which has a practical orientation towards a particular profession as well as preparing people for jobs which can be both manual and sophisticated (different from more general education).,GESIS Variable Report,216,ZA5564
v109,QA3,QA3_2 VOCATIONAL EDUCATION: CURRENTLY,ASK ALL I would like to ask you some questions about vocational education and training (VET). Vocational education and training is a type of learning which has a practical orientation towards a particular profession as well as preparing people for jobs which can be both manual and sophisticated (different from more general education).,ASK ALL I would like to ask you some questions about vocational education and training (VET). Vocational education and training is a type of learning which has a practical orientation towards a particular profession as well as preparing people for jobs which can be both manual and sophisticated (different from more general education).,GESIS Variable Report,218,ZA5564
v110,QA3,QA3_3 VOCATIONAL EDUCATION: NO,ASK ALL I would like to ask you some questions about vocational education and training (VET). Vocational education and training is a type of learning which has a practical orientation towards a particular profession as well as preparing people for jobs which can be both manual and sophisticated (different from more general education).,ASK ALL I would like to ask you some questions about vocational education and training (VET). Vocational education and training is a type of learning which has a practical orientation towards a particular profession as well as preparing people for jobs which can be both manual and sophisticated (different from more general education).,GESIS Variable Report,220,ZA5564
v111,page 195,QA3T VOCATIONAL EDUCATION: YES (SUMMARIZED),Eurobarometer 75.4 - June 2011,Eurobarometer 75.4 - June 2011,GESIS Variable Report,222,ZA5564
v112,QA4A,QA4A_1 VOCATIONAL PATHWAY: DISTANCE,"ASK QA4A IF ""YES"", CODES 1 OR 2 IN QA3 – OTHERS GO TO QA4B When you decided to follow a vocational pathway, how important was each of the following factors for you? (SHOW CARD WITH SCALE – ONE ANSWER PER LINE - READ OUT)","ASK QA4A IF ""YES"", CODES 1 OR 2 IN QA3 – OTHERS GO TO QA4B When you decided to follow a vocational pathway, how important was each of the following factors for you? (SHOW CARD WITH SCALE – ONE ANSWER PER LINE - READ OUT)",GESIS Variable Report,224,ZA5564
v113,QA4A,QA4A_2 VOCATIONAL PATHWAY: COSTS,"ASK QA4A IF ""YES"", CODES 1 OR 2 IN QA3 – OTHERS GO TO QA4B When you decided to follow a vocational pathway, how important was each of the following factors for you? (SHOW CARD WITH SCALE – ONE ANSWER PER LINE - READ OUT)","ASK QA4A IF ""YES"", CODES 1 OR 2 IN QA3 – OTHERS GO TO QA4B When you decided to follow a vocational pathway, how important was each of the following factors for you? (SHOW CARD WITH SCALE – ONE ANSWER PER LINE - READ OUT)",GESIS Variable Report,226,ZA5564
v114,QA4A,QA4A_3 VOCATIONAL PATHWAY: IMAGE OF INSTITUTION,"ASK QA4A IF ""YES"", CODES 1 OR 2 IN QA3 – OTHERS GO TO QA4B When you decided to follow a vocational pathway, how important was each of the following factors for you? (SHOW CARD WITH SCALE – ONE ANSWER PER LINE - READ OUT)","ASK QA4A IF ""YES"", CODES 1 OR 2 IN QA3 – OTHERS GO TO QA4B When you decided to follow a vocational pathway, how important was each of the following factors for you? (SHOW CARD WITH SCALE – ONE ANSWER PER LINE - READ OUT)",GESIS Variable Report,228,ZA5564
v115,QA4A,QA4A_4 VOCATIONAL PATHWAY: INTEREST IN SUBJECT,"ASK QA4A IF ""YES"", CODES 1 OR 2 IN QA3 – OTHERS GO TO QA4B When you decided to follow a vocational pathway, how important was each of the following factors for you? (SHOW CARD WITH SCALE – ONE ANSWER PER LINE - READ OUT)","ASK QA4A IF ""YES"", CODES 1 OR 2 IN QA3 – OTHERS GO TO QA4B When you decided to follow a vocational pathway, how important was each of the following factors for you? (SHOW CARD WITH SCALE – ONE ANSWER PER LINE - READ OUT)",GESIS Variable Report,230,ZA5564
v116,QA4A,QA4A_5 VOCATIONAL PATHWAY: EMPLOYM OPPORTUNITIES,"ASK QA4A IF ""YES"", CODES 1 OR 2 IN QA3 – OTHERS GO TO QA4B When you decided to follow a vocational pathway, how important was each of the following factors for you? (SHOW CARD WITH SCALE – ONE ANSWER PER LINE - READ OUT)","ASK QA4A IF ""YES"", CODES 1 OR 2 IN QA3 – OTHERS GO TO QA4B When you decided to follow a vocational pathway, how important was each of the following factors for you? (SHOW CARD WITH SCALE – ONE ANSWER PER LINE - READ OUT)",GESIS Variable Report,232,ZA5564
v117,QA4A,QA4A_6 VOCATIONAL PATHWAY: TYPE OF TEACHING,"ASK QA4A IF ""YES"", CODES 1 OR 2 IN QA3 – OTHERS GO TO QA4B When you decided to follow a vocational pathway, how important was each of the following factors for you? (SHOW CARD WITH SCALE – ONE ANSWER PER LINE - READ OUT)","ASK QA4A IF ""YES"", CODES 1 OR 2 IN QA3 – OTHERS GO TO QA4B When you decided to follow a vocational pathway, how important was each of the following factors for you? (SHOW CARD WITH SCALE – ONE ANSWER PER LINE - READ OUT)",GESIS Variable Report,234,ZA5564
v118,QA4A,QA4A_7 VOCATIONAL PATHWAY: LENGTH OF STUDIES,"ASK QA4A IF ""YES"", CODES 1 OR 2 IN QA3 – OTHERS GO TO QA4B When you decided to follow a vocational pathway, how important was each of the following factors for you? (SHOW CARD WITH SCALE – ONE ANSWER PER LINE - READ OUT)","ASK QA4A IF ""YES"", CODES 1 OR 2 IN QA3 – OTHERS GO TO QA4B When you decided to follow a vocational pathway, how important was each of the following factors for you? (SHOW CARD WITH SCALE – ONE ANSWER PER LINE - READ OUT)",GESIS Variable Report,236,ZA5564
v119,QA4B,QA4B_1 GENERAL EDUCATION: DISTANCE,"ASK QA4B IF ""NO"", CODE 3 IN QA3 – OTHERS GO TO QA5 If applicable, when you decided to follow general secondary or higher education, how important was each of the following factors for you? (SHOW CARD WITH SCALE – ONE ANSWER PER LINE - READ OUT)","ASK QA4B IF ""NO"", CODE 3 IN QA3 – OTHERS GO TO QA5 If applicable, when you decided to follow general secondary or higher education, how important was each of the following factors for you? (SHOW CARD WITH SCALE – ONE ANSWER PER LINE - READ OUT)",GESIS Variable Report,238,ZA5564
v120,QA4B,QA4B_2 GENERAL EDUCATION: COSTS,"ASK QA4B IF ""NO"", CODE 3 IN QA3 – OTHERS GO TO QA5 If applicable, when you decided to follow general secondary or higher education, how important was each of the following factors for you? (SHOW CARD WITH SCALE – ONE ANSWER PER LINE - READ OUT)","ASK QA4B IF ""NO"", CODE 3 IN QA3 – OTHERS GO TO QA5 If applicable, when you decided to follow general secondary or higher education, how important was each of the following factors for you? (SHOW CARD WITH SCALE – ONE ANSWER PER LINE - READ OUT)",GESIS Variable Report,240,ZA5564
v121,QA4B,QA4B_3 GENERAL EDUCATION: IMAGE OF INSTITUTION,"ASK QA4B IF ""NO"", CODE 3 IN QA3 – OTHERS GO TO QA5 If applicable, when you decided to follow general secondary or higher education, how important was each of the following factors for you? (SHOW CARD WITH SCALE – ONE ANSWER PER LINE - READ OUT)","ASK QA4B IF ""NO"", CODE 3 IN QA3 – OTHERS GO TO QA5 If applicable, when you decided to follow general secondary or higher education, how important was each of the following factors for you? (SHOW CARD WITH SCALE – ONE ANSWER PER LINE - READ OUT)",GESIS Variable Report,242,ZA5564
v122,QA4B,QA4B_4 GENERAL EDUCATION: INTEREST IN SUBJECT,"ASK QA4B IF ""NO"", CODE 3 IN QA3 – OTHERS GO TO QA5 If applicable, when you decided to follow general secondary or higher education, how important was each of the following factors for you? (SHOW CARD WITH SCALE – ONE ANSWER PER LINE - READ OUT)","ASK QA4B IF ""NO"", CODE 3 IN QA3 – OTHERS GO TO QA5 If applicable, when you decided to follow general secondary or higher education, how important was each of the following factors for you? (SHOW CARD WITH SCALE – ONE ANSWER PER LINE - READ OUT)",GESIS Variable Report,244,ZA5564
v123,QA4B,QA4B_5 GENERAL EDUCATION: EMPLOYM OPPORTUNITIES,"ASK QA4B IF ""NO"", CODE 3 IN QA3 – OTHERS GO TO QA5 If applicable, when you decided to follow general secondary or higher education, how important was each of the following factors for you? (SHOW CARD WITH SCALE – ONE ANSWER PER LINE - READ OUT)","ASK QA4B IF ""NO"", CODE 3 IN QA3 – OTHERS GO TO QA5 If applicable, when you decided to follow general secondary or higher education, how important was each of the following factors for you? (SHOW CARD WITH SCALE – ONE ANSWER PER LINE - READ OUT)",GESIS Variable Report,246,ZA5564
v124,QA4B,QA4B_6 GENERAL EDUCATION: TYPE OF TEACHING,"ASK QA4B IF ""NO"", CODE 3 IN QA3 – OTHERS GO TO QA5 If applicable, when you decided to follow general secondary or higher education, how important was each of the following factors for you? (SHOW CARD WITH SCALE – ONE ANSWER PER LINE - READ OUT)","ASK QA4B IF ""NO"", CODE 3 IN QA3 – OTHERS GO TO QA5 If applicable, when you decided to follow general secondary or higher education, how important was each of the following factors for you? (SHOW CARD WITH SCALE – ONE ANSWER PER LINE - READ OUT)",GESIS Variable Report,248,ZA5564
v125,QA4B,QA4B_7 GENERAL EDUCATION: LENGTH OF STUDIES,"ASK QA4B IF ""NO"", CODE 3 IN QA3 – OTHERS GO TO QA5 If applicable, when you decided to follow general secondary or higher education, how important was each of the following factors for you? (SHOW CARD WITH SCALE – ONE ANSWER PER LINE - READ OUT)","ASK QA4B IF ""NO"", CODE 3 IN QA3 – OTHERS GO TO QA5 If applicable, when you decided to follow general secondary or higher education, how important was each of the following factors for you? (SHOW CARD WITH SCALE – ONE ANSWER PER LINE - READ OUT)",GESIS Variable Report,250,ZA5564
v126,QA5,"QA5_1 EDUCATIONAL PATH ADVICE: PARENTS, FAMILY",ASK ALL Did any of the following people advise you to choose a specific educational path? (SHOW CARD WITH SCALE – ONE ANSWER PER LINE - READ OUT),ASK ALL Did any of the following people advise you to choose a specific educational path? (SHOW CARD WITH SCALE – ONE ANSWER PER LINE - READ OUT),GESIS Variable Report,252,ZA5564
v127,QA5,QA5_2 EDUCATIONAL PATH ADVICE: A FRIEND,ASK ALL Did any of the following people advise you to choose a specific educational path? (SHOW CARD WITH SCALE – ONE ANSWER PER LINE - READ OUT),ASK ALL Did any of the following people advise you to choose a specific educational path? (SHOW CARD WITH SCALE – ONE ANSWER PER LINE - READ OUT),GESIS Variable Report,254,ZA5564
v128,QA5,QA5_3 EDUCATIONAL PATH ADVICE: A TEACHER,ASK ALL Did any of the following people advise you to choose a specific educational path? (SHOW CARD WITH SCALE – ONE ANSWER PER LINE - READ OUT),ASK ALL Did any of the following people advise you to choose a specific educational path? (SHOW CARD WITH SCALE – ONE ANSWER PER LINE - READ OUT),GESIS Variable Report,256,ZA5564
v129,QA5,QA5_4 EDUCATIONAL PATH ADVICE: COUNSELOR,ASK ALL Did any of the following people advise you to choose a specific educational path? (SHOW CARD WITH SCALE – ONE ANSWER PER LINE - READ OUT),ASK ALL Did any of the following people advise you to choose a specific educational path? (SHOW CARD WITH SCALE – ONE ANSWER PER LINE - READ OUT),GESIS Variable Report,258,ZA5564
v130,QA5,QA5_5 EDUCATIONAL PATH ADVICE: HEADMASTER,ASK ALL Did any of the following people advise you to choose a specific educational path? (SHOW CARD WITH SCALE – ONE ANSWER PER LINE - READ OUT),ASK ALL Did any of the following people advise you to choose a specific educational path? (SHOW CARD WITH SCALE – ONE ANSWER PER LINE - READ OUT),GESIS Variable Report,260,ZA5564
v131,QA5,QA5_6 EDUCATIONAL PATH ADVICE: WORLD OF WORK,ASK ALL Did any of the following people advise you to choose a specific educational path? (SHOW CARD WITH SCALE – ONE ANSWER PER LINE - READ OUT),ASK ALL Did any of the following people advise you to choose a specific educational path? (SHOW CARD WITH SCALE – ONE ANSWER PER LINE - READ OUT),GESIS Variable Report,262,ZA5564
v132,QA6,QA6 EDUCATIONAL ADVICE SERVICE - SATISFACTORY,Could you tell me to what extent you agree or disagree with the following statement: In (OUR COUNTRY) young people receive enough advice concerning their learning and career opportunities from schools and employment services. (READ OUT – ONE ANSWER ONLY),Could you tell me to what extent you agree or disagree with the following statement: In (OUR COUNTRY) young people receive enough advice concerning their learning and career opportunities from schools and employment services. (READ OUT – ONE ANSWER ONLY),GESIS Variable Report,264,ZA5564
v133,QA7A,QA7A EDUCATIONAL PATH INFO SOURCE - FIRSTLY,"Which of the following sources of information, if any, have you used or are you using to choose your educational path? Firstly? (SHOW CARD – READ OUT – ROTATE – ONE ANSWER ONLY)","Which of the following sources of information, if any, have you used or are you using to choose your educational path? Firstly? (SHOW CARD – READ OUT – ROTATE – ONE ANSWER ONLY)",GESIS Variable Report,266,ZA5564
v134,QA7B,QA7B_1 EDUCATIONAL PATH INFO SOURCE: TELEVISION,And then? (SHOW CARD – READ OUT – ROTATE – MULTIPLE ANSWERS POSSIBLE),And then? (SHOW CARD – READ OUT – ROTATE – MULTIPLE ANSWERS POSSIBLE),GESIS Variable Report,269,ZA5564
v135,QA7B,QA7B_2 EDUCATIONAL PATH INFO SOURCE: INTERNET,And then? (SHOW CARD – READ OUT – ROTATE – MULTIPLE ANSWERS POSSIBLE),And then? (SHOW CARD – READ OUT – ROTATE – MULTIPLE ANSWERS POSSIBLE),GESIS Variable Report,271,ZA5564
v136,QA7B,QA7B_3 EDUCATIONAL PATH INFO SOURCE: NEWSPAPER,And then? (SHOW CARD – READ OUT – ROTATE – MULTIPLE ANSWERS POSSIBLE),And then? (SHOW CARD – READ OUT – ROTATE – MULTIPLE ANSWERS POSSIBLE),GESIS Variable Report,273,ZA5564
v137,QA7B,QA7B_4 EDUCATIONAL PATH INFO SOURCE: RADIO,And then? (SHOW CARD – READ OUT – ROTATE – MULTIPLE ANSWERS POSSIBLE),And then? (SHOW CARD – READ OUT – ROTATE – MULTIPLE ANSWERS POSSIBLE),GESIS Variable Report,275,ZA5564
v138,QA7B,QA7B_5 EDUCATIONAL PATH INFO SOURCE: EVENTS,And then? (SHOW CARD – READ OUT – ROTATE – MULTIPLE ANSWERS POSSIBLE),And then? (SHOW CARD – READ OUT – ROTATE – MULTIPLE ANSWERS POSSIBLE),GESIS Variable Report,277,ZA5564
v139,QA7B,QA7B_6 EDUCATIONAL PATH INFO SOURCE: EXHIBITIONS,And then? (SHOW CARD – READ OUT – ROTATE – MULTIPLE ANSWERS POSSIBLE),And then? (SHOW CARD – READ OUT – ROTATE – MULTIPLE ANSWERS POSSIBLE),GESIS Variable Report,279,ZA5564
v140,QA7B,QA7B_7 EDUCATIONAL PATH INFO SOURCE: SCHOOLS,And then? (SHOW CARD – READ OUT – ROTATE – MULTIPLE ANSWERS POSSIBLE),And then? (SHOW CARD – READ OUT – ROTATE – MULTIPLE ANSWERS POSSIBLE),GESIS Variable Report,281,ZA5564
v141,QA7B,QA7B_8 EDUCATIONAL PATH INFO SOURCE: FAMILY,And then? (SHOW CARD – READ OUT – ROTATE – MULTIPLE ANSWERS POSSIBLE),And then? (SHOW CARD – READ OUT – ROTATE – MULTIPLE ANSWERS POSSIBLE),GESIS Variable Report,283,ZA5564
v142,QA7B,QA7B_9 EDUCATIONAL PATH INFO SOURCE: FRIENDS,And then? (SHOW CARD – READ OUT – ROTATE – MULTIPLE ANSWERS POSSIBLE),And then? (SHOW CARD – READ OUT – ROTATE – MULTIPLE ANSWERS POSSIBLE),GESIS Variable Report,285,ZA5564
v143,QA7B,QA7B_10 EDUCATIONAL PATH INFO SOURCE: EXPERIENCE,And then? (SHOW CARD – READ OUT – ROTATE – MULTIPLE ANSWERS POSSIBLE),And then? (SHOW CARD – READ OUT – ROTATE – MULTIPLE ANSWERS POSSIBLE),GESIS Variable Report,287,ZA5564
v144,QA7B,QA7B_11 EDUCATIONAL PATH INFO SOURCE: OTHER,And then? (SHOW CARD – READ OUT – ROTATE – MULTIPLE ANSWERS POSSIBLE),And then? (SHOW CARD – READ OUT – ROTATE – MULTIPLE ANSWERS POSSIBLE),GESIS Variable Report,289,ZA5564
v145,QA7B,QA7B_12 EDUCATIONAL PATH INFO SOURCE: NO FURTHER,And then? (SHOW CARD – READ OUT – ROTATE – MULTIPLE ANSWERS POSSIBLE),And then? (SHOW CARD – READ OUT – ROTATE – MULTIPLE ANSWERS POSSIBLE),GESIS Variable Report,291,ZA5564
v146,QA7B,QA7B_13 EDUCATIONAL PATH INFO SOURCE: NONE,And then? (SHOW CARD – READ OUT – ROTATE – MULTIPLE ANSWERS POSSIBLE),And then? (SHOW CARD – READ OUT – ROTATE – MULTIPLE ANSWERS POSSIBLE),GESIS Variable Report,293,ZA5564
v147,QA7B,QA7B_14 EDUCATIONAL PATH INFO SOURCE: DK,And then? (SHOW CARD – READ OUT – ROTATE – MULTIPLE ANSWERS POSSIBLE),And then? (SHOW CARD – READ OUT – ROTATE – MULTIPLE ANSWERS POSSIBLE),GESIS Variable Report,295,ZA5564
v148,QA7T_1 Television,QA7T_1 EDUCATIONAL PATH INFO SOURCE: TELEVISION,0 Not mentioned,0 Not mentioned,GESIS Variable Report,297,ZA5564
v149,page 272,QA7T_2 EDUCATIONAL PATH INFO SOURCE: INTERNET,Eurobarometer 75.4 - June 2011,Eurobarometer 75.4 - June 2011,GESIS Variable Report,299,ZA5564
v150,QA7T_3 Newspapers,QA7T_3 EDUCATIONAL PATH INFO SOURCE: NEWSPAPER,0 Not mentioned,0 Not mentioned,GESIS Variable Report,301,ZA5564
v151,QA7T_4 Radio,QA7T_4 EDUCATIONAL PATH INFO SOURCE: RADIO,0 Not mentioned,0 Not mentioned,GESIS Variable Report,303,ZA5564
v152,page 278,QA7T_5 EDUCATIONAL PATH INFO SOURCE: EVENTS,Eurobarometer 75.4 - June 2011,Eurobarometer 75.4 - June 2011,GESIS Variable Report,305,ZA5564
v153,QA7T_6 Exhibitions or fairs,QA7T_6 EDUCATIONAL PATH INFO SOURCE: EXHIBITIONS,0 Not mentioned,0 Not mentioned,GESIS Variable Report,307,ZA5564
v154,page 282,QA7T_7 EDUCATIONAL PATH INFO SOURCE: SCHOOLS,Eurobarometer 75.4 - June 2011,Eurobarometer 75.4 - June 2011,GESIS Variable Report,309,ZA5564
v155,QA7T_8 Family,QA7T_8 EDUCATIONAL PATH INFO SOURCE: FAMILY,0 Not mentioned,0 Not mentioned,GESIS Variable Report,311,ZA5564
v156,QA7T_9 Friends,QA7T_9 EDUCATIONAL PATH INFO SOURCE: FRIENDS,0 Not mentioned,0 Not mentioned,GESIS Variable Report,313,ZA5564
v157,page 288,QA7T_10 EDUCATIONAL PATH INFO SOURCE: EXPERIENCE,Eurobarometer 75.4 - June 2011,Eurobarometer 75.4 - June 2011,GESIS Variable Report,315,ZA5564
v158,page 290,QA7T_11 EDUCATIONAL PATH INFO SOURCE: OTHER,Eurobarometer 75.4 - June 2011,Eurobarometer 75.4 - June 2011,GESIS Variable Report,317,ZA5564
v159,page 292,QA7T_12 EDUCATIONAL PATH INFO SOURCE: NO FURTHER,Eurobarometer 75.4 - June 2011,Eurobarometer 75.4 - June 2011,GESIS Variable Report,319,ZA5564
v160,page 294,QA7T_13 EDUCATIONAL PATH INFO SOURCE: NONE,Eurobarometer 75.4 - June 2011,Eurobarometer 75.4 - June 2011,GESIS Variable Report,321,ZA5564
v161,page 296,QA7T_14 EDUCATIONAL PATH INFO SOURCE: DK (QA7A),Eurobarometer 75.4 - June 2011,Eurobarometer 75.4 - June 2011,GESIS Variable Report,323,ZA5564
v162,QA8,QA8 EDUCATIONAL PATHWAY - RECOMMENDATION,"Nowadays, which of the following would you recommend to a young person who is finishing compulsory education? (READ OUT – ONE ANSWER ONLY)","Nowadays, which of the following would you recommend to a young person who is finishing compulsory education? (READ OUT – ONE ANSWER ONLY)",GESIS Variable Report,325,ZA5564
v163,QA9,QA9 VOCATIONAL EDUCATION - IMAGE,"And do you think that vocational education and training has a very positive, fairly positive, fairly negative or very negative image in (OUR COUNTRY)? (ONE ANSWER ONLY)","And do you think that vocational education and training has a very positive, fairly positive, fairly negative or very negative image in (OUR COUNTRY)? (ONE ANSWER ONLY)",GESIS Variable Report,327,ZA5564
v164,QA10,QA10_1 VOCATIONAL EDUC - HIGH QUALITY,Please tell me to what extent you agree or disagree with each of the following statements. (SHOW CARD WITH SCALE – ONE ANSWER PER LINE - READ OUT),Please tell me to what extent you agree or disagree with each of the following statements. (SHOW CARD WITH SCALE – ONE ANSWER PER LINE - READ OUT),GESIS Variable Report,329,ZA5564
v165,QA10,QA10_2 VOCATIONAL EDUC - MODERN EQUIPMENT,Please tell me to what extent you agree or disagree with each of the following statements. (SHOW CARD WITH SCALE – ONE ANSWER PER LINE - READ OUT),Please tell me to what extent you agree or disagree with each of the following statements. (SHOW CARD WITH SCALE – ONE ANSWER PER LINE - READ OUT),GESIS Variable Report,331,ZA5564
v166,QA10,QA10_3 VOCATIONAL EDUC - COMPETENT TEACHERS,Please tell me to what extent you agree or disagree with each of the following statements. (SHOW CARD WITH SCALE – ONE ANSWER PER LINE - READ OUT),Please tell me to what extent you agree or disagree with each of the following statements. (SHOW CARD WITH SCALE – ONE ANSWER PER LINE - READ OUT),GESIS Variable Report,333,ZA5564
v167,QA10,QA10_4 VOCATIONAL EDUC - ENABLES FOR UNIVERSITY,Please tell me to what extent you agree or disagree with each of the following statements. (SHOW CARD WITH SCALE – ONE ANSWER PER LINE - READ OUT),Please tell me to what extent you agree or disagree with each of the following statements. (SHOW CARD WITH SCALE – ONE ANSWER PER LINE - READ OUT),GESIS Variable Report,335,ZA5564
v168,QA10,QA10_5 VOCATIONAL EDUC - NO OPP TO STUDY ABROAD,Please tell me to what extent you agree or disagree with each of the following statements. (SHOW CARD WITH SCALE – ONE ANSWER PER LINE - READ OUT),Please tell me to what extent you agree or disagree with each of the following statements. (SHOW CARD WITH SCALE – ONE ANSWER PER LINE - READ OUT),GESIS Variable Report,337,ZA5564
v169,QA10,QA10_6 VOCATIONAL EDUC - NEEDS OF EMPLOYERS,Please tell me to what extent you agree or disagree with each of the following statements. (SHOW CARD WITH SCALE – ONE ANSWER PER LINE - READ OUT),Please tell me to what extent you agree or disagree with each of the following statements. (SHOW CARD WITH SCALE – ONE ANSWER PER LINE - READ OUT),GESIS Variable Report,339,ZA5564
v170,QA10,QA10_7 VOCATIONAL EDUC - NOT FOR OWN BUSINESS,Please tell me to what extent you agree or disagree with each of the following statements. (SHOW CARD WITH SCALE – ONE ANSWER PER LINE - READ OUT),Please tell me to what extent you agree or disagree with each of the following statements. (SHOW CARD WITH SCALE – ONE ANSWER PER LINE - READ OUT),GESIS Variable Report,341,ZA5564
v171,QA10,QA10_8 VOCATIONAL EDUC - NO SOCIAL SKILLS,Please tell me to what extent you agree or disagree with each of the following statements. (SHOW CARD WITH SCALE – ONE ANSWER PER LINE - READ OUT),Please tell me to what extent you agree or disagree with each of the following statements. (SHOW CARD WITH SCALE – ONE ANSWER PER LINE - READ OUT),GESIS Variable Report,343,ZA5564
v172,QA10,QA10_9 VOCATIONAL EDUC - LEADS TO WELL PAID JOBS,Please tell me to what extent you agree or disagree with each of the following statements. (SHOW CARD WITH SCALE – ONE ANSWER PER LINE - READ OUT),Please tell me to what extent you agree or disagree with each of the following statements. (SHOW CARD WITH SCALE – ONE ANSWER PER LINE - READ OUT),GESIS Variable Report,345,ZA5564
v173,QA10,QA10_10 VOCATIONAL EDUC - NOT WELL REGARDED JOBS,Please tell me to what extent you agree or disagree with each of the following statements. (SHOW CARD WITH SCALE – ONE ANSWER PER LINE - READ OUT),Please tell me to what extent you agree or disagree with each of the following statements. (SHOW CARD WITH SCALE – ONE ANSWER PER LINE - READ OUT),GESIS Variable Report,347,ZA5564
v174,QA10,QA10_11 VOCATIONAL EDUC - DEMANDED PROFESSIONS,Please tell me to what extent you agree or disagree with each of the following statements. (SHOW CARD WITH SCALE – ONE ANSWER PER LINE - READ OUT),Please tell me to what extent you agree or disagree with each of the following statements. (SHOW CARD WITH SCALE – ONE ANSWER PER LINE - READ OUT),GESIS Variable Report,349,ZA5564
v175,QA10,QA10_12 VOCATIONAL EDUC - GOOD CAREER OPPORTUNITIES,Please tell me to what extent you agree or disagree with each of the following statements. (SHOW CARD WITH SCALE – ONE ANSWER PER LINE - READ OUT),Please tell me to what extent you agree or disagree with each of the following statements. (SHOW CARD WITH SCALE – ONE ANSWER PER LINE - READ OUT),GESIS Variable Report,351,ZA5564
v176,QA11,QA11 VOCATIONAL EDUCATION - ACCEPTANCE COMPARED,"Compared to general secondary or higher education, do you think that it is easier or more difficult to be accepted for a vocational education and training? (READ OUT – ONE ANSWER ONLY)","Compared to general secondary or higher education, do you think that it is easier or more difficult to be accepted for a vocational education and training? (READ OUT – ONE ANSWER ONLY)",GESIS Variable Report,353,ZA5564
v177,QA12,QA12 VOCATIONAL EDUCATION - JOB CHANCES COMPARED,Do you think that people who completed their vocational education and training are more likely or less likely to find a job after their studies than people who completed their general secondary or higher education? (ONE ANSWER ONLY),Do you think that people who completed their vocational education and training are more likely or less likely to find a job after their studies than people who completed their general secondary or higher education? (ONE ANSWER ONLY),GESIS Variable Report,355,ZA5564
v178,QA13,QA13_1 VOCAT EDUC - POSITIVE FOR THE ECONOMY,To what extent do you agree or disagree with each of the following statements? (SHOW CARD WITH SCALE – ONE ANSWER PER LINE - READ OUT),To what extent do you agree or disagree with each of the following statements? (SHOW CARD WITH SCALE – ONE ANSWER PER LINE - READ OUT),GESIS Variable Report,357,ZA5564
v179,QA13,QA13_2 VOCAT EDUC - ROLE IN REDUCING UNEMPLOYMENT,To what extent do you agree or disagree with each of the following statements? (SHOW CARD WITH SCALE – ONE ANSWER PER LINE - READ OUT),To what extent do you agree or disagree with each of the following statements? (SHOW CARD WITH SCALE – ONE ANSWER PER LINE - READ OUT),GESIS Variable Report,359,ZA5564
v180,QA13,QA13_3 VOCAT EDUC - NOT STIMULATE SMALL COMPANIES,To what extent do you agree or disagree with each of the following statements? (SHOW CARD WITH SCALE – ONE ANSWER PER LINE - READ OUT),To what extent do you agree or disagree with each of the following statements? (SHOW CARD WITH SCALE – ONE ANSWER PER LINE - READ OUT),GESIS Variable Report,361,ZA5564
v181,QA13,QA13_4 VOCAT EDUC - CONTRIBUTES TO SERVICE QUALITY,To what extent do you agree or disagree with each of the following statements? (SHOW CARD WITH SCALE – ONE ANSWER PER LINE - READ OUT),To what extent do you agree or disagree with each of the following statements? (SHOW CARD WITH SCALE – ONE ANSWER PER LINE - READ OUT),GESIS Variable Report,363,ZA5564
v182,QA13,QA13_5 VOCAT EDUC - NOT ENCRG ENVIRONMENT FRNDL ATT,To what extent do you agree or disagree with each of the following statements? (SHOW CARD WITH SCALE – ONE ANSWER PER LINE - READ OUT),To what extent do you agree or disagree with each of the following statements? (SHOW CARD WITH SCALE – ONE ANSWER PER LINE - READ OUT),GESIS Variable Report,365,ZA5564
v183,QA14,QA14 VOCAT EDUCATION - PRACTICE PROFESSION ABROAD,"For people who received a vocational education and training, do you think that practicing their profession in another EU Member States is easy or difficult? (READ OUT – ONE ANSWER ONLY)","For people who received a vocational education and training, do you think that practicing their profession in another EU Member States is easy or difficult? (READ OUT – ONE ANSWER ONLY)",GESIS Variable Report,367,ZA5564
v184,QA15A,QA15A EDUCATION LEVEL - FATHER,What was the highest level of education your father successfully completed (usually by obtaining a certificate or diploma)? (SHOW CARD – ONE ANSWER PER COLUMN - READ OUT),What was the highest level of education your father successfully completed (usually by obtaining a certificate or diploma)? (SHOW CARD – ONE ANSWER PER COLUMN - READ OUT),GESIS Variable Report,369,ZA5564
v185,QA15B,QA15B EDUCATION LEVEL - MOTHER,And your mother? (SHOW CARD – ONE ANSWER PER COLUMN - READ OUT),And your mother? (SHOW CARD – ONE ANSWER PER COLUMN - READ OUT),GESIS Variable Report,371,ZA5564
v186,QB1,QB1 LIFE SATISFACTION,"On the whole, are you very satisfied, fairly satisfied, not very satisfied or not at all satisfied with the life you lead? (READ OUT)","On the whole, are you very satisfied, fairly satisfied, not very satisfied or not at all satisfied with the life you lead? (READ OUT)",GESIS Variable Report,373,ZA5564
v187,QB2,QB2_1 SITUATION: AREA YOU LIVE IN,How would you judge the current situation in each of the following? (SHOW CARD WITH SCALE - ONE ANSWER PER LINE - READ OUT),How would you judge the current situation in each of the following? (SHOW CARD WITH SCALE - ONE ANSWER PER LINE - READ OUT),GESIS Variable Report,375,ZA5564
v188,QB2,QB2_2 SITUATION: HEALTH CARE PROVISION,How would you judge the current situation in each of the following? (SHOW CARD WITH SCALE - ONE ANSWER PER LINE - READ OUT),How would you judge the current situation in each of the following? (SHOW CARD WITH SCALE - ONE ANSWER PER LINE - READ OUT),GESIS Variable Report,377,ZA5564
v189,QB2,QB2_3 SITUATION: PROVISION OF PENSIONS,How would you judge the current situation in each of the following? (SHOW CARD WITH SCALE - ONE ANSWER PER LINE - READ OUT),How would you judge the current situation in each of the following? (SHOW CARD WITH SCALE - ONE ANSWER PER LINE - READ OUT),GESIS Variable Report,379,ZA5564
v190,QB2,QB2_4 SITUATION: UNEMPLOYMENT BENEFITS,How would you judge the current situation in each of the following? (SHOW CARD WITH SCALE - ONE ANSWER PER LINE - READ OUT),How would you judge the current situation in each of the following? (SHOW CARD WITH SCALE - ONE ANSWER PER LINE - READ OUT),GESIS Variable Report,381,ZA5564
v191,QB2,QB2_5 SITUATION: COST OF LIVING,How would you judge the current situation in each of the following? (SHOW CARD WITH SCALE - ONE ANSWER PER LINE - READ OUT),How would you judge the current situation in each of the following? (SHOW CARD WITH SCALE - ONE ANSWER PER LINE - READ OUT),GESIS Variable Report,383,ZA5564
v192,QB2,QB2_6 SITUATION: CROSS-CULTURAL RELATIONS,How would you judge the current situation in each of the following? (SHOW CARD WITH SCALE - ONE ANSWER PER LINE - READ OUT),How would you judge the current situation in each of the following? (SHOW CARD WITH SCALE - ONE ANSWER PER LINE - READ OUT),GESIS Variable Report,385,ZA5564
v193,QB2,QB2_7 SITUATION: WAY ADDRESSING POVERTY,How would you judge the current situation in each of the following? (SHOW CARD WITH SCALE - ONE ANSWER PER LINE - READ OUT),How would you judge the current situation in each of the following? (SHOW CARD WITH SCALE - ONE ANSWER PER LINE - READ OUT),GESIS Variable Report,387,ZA5564
v194,QB2,QB2_8 SITUATION: AFFORDABILITY OF ENERGY,How would you judge the current situation in each of the following? (SHOW CARD WITH SCALE - ONE ANSWER PER LINE - READ OUT),How would you judge the current situation in each of the following? (SHOW CARD WITH SCALE - ONE ANSWER PER LINE - READ OUT),GESIS Variable Report,389,ZA5564
v195,QB2,QB2_9 SITUATION: AFFORDABILITY OF HOUSING,How would you judge the current situation in each of the following? (SHOW CARD WITH SCALE - ONE ANSWER PER LINE - READ OUT),How would you judge the current situation in each of the following? (SHOW CARD WITH SCALE - ONE ANSWER PER LINE - READ OUT),GESIS Variable Report,391,ZA5564
v196,QB2,QB2_10 SITUATION: PUBLIC ADMINISTRATION,How would you judge the current situation in each of the following? (SHOW CARD WITH SCALE - ONE ANSWER PER LINE - READ OUT),How would you judge the current situation in each of the following? (SHOW CARD WITH SCALE - ONE ANSWER PER LINE - READ OUT),GESIS Variable Report,393,ZA5564
v197,QB2,QB2_11 SITUATION: ECONOMIC SITUATION COUNTRY,How would you judge the current situation in each of the following? (SHOW CARD WITH SCALE - ONE ANSWER PER LINE - READ OUT),How would you judge the current situation in each of the following? (SHOW CARD WITH SCALE - ONE ANSWER PER LINE - READ OUT),GESIS Variable Report,395,ZA5564
v198,QB2,QB2_12 SITUATION: PERSONAL JOB SITUATION,How would you judge the current situation in each of the following? (SHOW CARD WITH SCALE - ONE ANSWER PER LINE - READ OUT),How would you judge the current situation in each of the following? (SHOW CARD WITH SCALE - ONE ANSWER PER LINE - READ OUT),GESIS Variable Report,397,ZA5564
v199,QB2,QB2_13 SITUATION: FINANCIAL SITUATION HH,How would you judge the current situation in each of the following? (SHOW CARD WITH SCALE - ONE ANSWER PER LINE - READ OUT),How would you judge the current situation in each of the following? (SHOW CARD WITH SCALE - ONE ANSWER PER LINE - READ OUT),GESIS Variable Report,399,ZA5564
v200,QB2,QB2_14 SITUATION: EMPLOYMENT SITUATION COUNTRY,How would you judge the current situation in each of the following? (SHOW CARD WITH SCALE - ONE ANSWER PER LINE - READ OUT),How would you judge the current situation in each of the following? (SHOW CARD WITH SCALE - ONE ANSWER PER LINE - READ OUT),GESIS Variable Report,401,ZA5564
v201,QB3,QB3_1 EXPECTATIONS: LIFE IN GENERAL,"What are your expectations for the next twelve months: will the next twelve months be better, worse or the same, when it comes to...? (ONE ANSWER PER LINE - READ OUT)","What are your expectations for the next twelve months: will the next twelve months be better, worse or the same, when it comes to...? (ONE ANSWER PER LINE - READ OUT)",GESIS Variable Report,403,ZA5564
v202,QB3,QB3_2 EXPECTATIONS: AREA YOU LIVE IN,"What are your expectations for the next twelve months: will the next twelve months be better, worse or the same, when it comes to...? (ONE ANSWER PER LINE - READ OUT)","What are your expectations for the next twelve months: will the next twelve months be better, worse or the same, when it comes to...? (ONE ANSWER PER LINE - READ OUT)",GESIS Variable Report,405,ZA5564
v203,QB3,QB3_3 EXPECTATIONS: HEALTHCARE SYSTEM,"What are your expectations for the next twelve months: will the next twelve months be better, worse or the same, when it comes to...? (ONE ANSWER PER LINE - READ OUT)","What are your expectations for the next twelve months: will the next twelve months be better, worse or the same, when it comes to...? (ONE ANSWER PER LINE - READ OUT)",GESIS Variable Report,407,ZA5564
v204,QB3,QB3_4 EXPECTATIONS: PROVISION OF PENSIONS,"What are your expectations for the next twelve months: will the next twelve months be better, worse or the same, when it comes to...? (ONE ANSWER PER LINE - READ OUT)","What are your expectations for the next twelve months: will the next twelve months be better, worse or the same, when it comes to...? (ONE ANSWER PER LINE - READ OUT)",GESIS Variable Report,409,ZA5564
v205,QB3,QB3_5 EXPECTATIONS: UNEMPLOYMENT BENEFITS,"What are your expectations for the next twelve months: will the next twelve months be better, worse or the same, when it comes to...? (ONE ANSWER PER LINE - READ OUT)","What are your expectations for the next twelve months: will the next twelve months be better, worse or the same, when it comes to...? (ONE ANSWER PER LINE - READ OUT)",GESIS Variable Report,411,ZA5564
v206,QB3,QB3_6 EXPECTATIONS: COST OF LIVING,"What are your expectations for the next twelve months: will the next twelve months be better, worse or the same, when it comes to...? (ONE ANSWER PER LINE - READ OUT)","What are your expectations for the next twelve months: will the next twelve months be better, worse or the same, when it comes to...? (ONE ANSWER PER LINE - READ OUT)",GESIS Variable Report,413,ZA5564
v207,QB3,QB3_7 EXPECTATIONS: CROSS-CULTURAL RELATIONS,"What are your expectations for the next twelve months: will the next twelve months be better, worse or the same, when it comes to...? (ONE ANSWER PER LINE - READ OUT)","What are your expectations for the next twelve months: will the next twelve months be better, worse or the same, when it comes to...? (ONE ANSWER PER LINE - READ OUT)",GESIS Variable Report,415,ZA5564
v208,QB3,QB3_8 EXPECTATIONS: WAY ADDRESSING POVERTY,"What are your expectations for the next twelve months: will the next twelve months be better, worse or the same, when it comes to...? (ONE ANSWER PER LINE - READ OUT)","What are your expectations for the next twelve months: will the next twelve months be better, worse or the same, when it comes to...? (ONE ANSWER PER LINE - READ OUT)",GESIS Variable Report,417,ZA5564
v209,QB3,QB3_9 EXPECTATIONS: AFFORDABILITY OF ENERGY,"What are your expectations for the next twelve months: will the next twelve months be better, worse or the same, when it comes to...? (ONE ANSWER PER LINE - READ OUT)","What are your expectations for the next twelve months: will the next twelve months be better, worse or the same, when it comes to...? (ONE ANSWER PER LINE - READ OUT)",GESIS Variable Report,419,ZA5564
v210,QB3,QB3_10 EXPECTATIONS: AFFORDABILITY OF HOUSING,"What are your expectations for the next twelve months: will the next twelve months be better, worse or the same, when it comes to...? (ONE ANSWER PER LINE - READ OUT)","What are your expectations for the next twelve months: will the next twelve months be better, worse or the same, when it comes to...? (ONE ANSWER PER LINE - READ OUT)",GESIS Variable Report,421,ZA5564
v211,QB3,QB3_11 EXPECTATIONS: PUBLIC ADMINISTRATION,"What are your expectations for the next twelve months: will the next twelve months be better, worse or the same, when it comes to...? (ONE ANSWER PER LINE - READ OUT)","What are your expectations for the next twelve months: will the next twelve months be better, worse or the same, when it comes to...? (ONE ANSWER PER LINE - READ OUT)",GESIS Variable Report,423,ZA5564
v212,QB3,QB3_12 EXPECTATIONS: ECONOMIC SITUATION COUNTRY,"What are your expectations for the next twelve months: will the next twelve months be better, worse or the same, when it comes to...? (ONE ANSWER PER LINE - READ OUT)","What are your expectations for the next twelve months: will the next twelve months be better, worse or the same, when it comes to...? (ONE ANSWER PER LINE - READ OUT)",GESIS Variable Report,425,ZA5564
v213,QB3,QB3_13 EXPECTATIONS: PERSONAL JOB SITUATION,"What are your expectations for the next twelve months: will the next twelve months be better, worse or the same, when it comes to...? (ONE ANSWER PER LINE - READ OUT)","What are your expectations for the next twelve months: will the next twelve months be better, worse or the same, when it comes to...? (ONE ANSWER PER LINE - READ OUT)",GESIS Variable Report,427,ZA5564
v214,QB3,QB3_14 EXPECTATIONS: FINANCIAL SITUATION HH,"What are your expectations for the next twelve months: will the next twelve months be better, worse or the same, when it comes to...? (ONE ANSWER PER LINE - READ OUT)","What are your expectations for the next twelve months: will the next twelve months be better, worse or the same, when it comes to...? (ONE ANSWER PER LINE - READ OUT)",GESIS Variable Report,429,ZA5564
v215,QB3,QB3_15 EXPECTATIONS: EMPLOYMENT SITUATION COUNTRY,"What are your expectations for the next twelve months: will the next twelve months be better, worse or the same, when it comes to...? (ONE ANSWER PER LINE - READ OUT)","What are your expectations for the next twelve months: will the next twelve months be better, worse or the same, when it comes to...? (ONE ANSWER PER LINE - READ OUT)",GESIS Variable Report,431,ZA5564
v216,,QB2/QB3 NATIONAL ECONOMY ASSESSMENT (INDEX),,QB2/QB3 NATIONAL ECONOMY ASSESSMENT (INDEX),GESIS Variable Report,433,ZA5564
v217,QB4,QB4_1 CHANGE 5 YRS: LIFE IN GENERAL,"Compared with five years ago, would you say things have improved, gotten worse or stayed about the same when it comes to…? (ONE ANSWER PER LINE - READ OUT)","Compared with five years ago, would you say things have improved, gotten worse or stayed about the same when it comes to…? (ONE ANSWER PER LINE - READ OUT)",GESIS Variable Report,435,ZA5564
v218,QB4,QB4_2 CHANGE 5 YRS: AREA YOU LIVE IN,"Compared with five years ago, would you say things have improved, gotten worse or stayed about the same when it comes to…? (ONE ANSWER PER LINE - READ OUT)","Compared with five years ago, would you say things have improved, gotten worse or stayed about the same when it comes to…? (ONE ANSWER PER LINE - READ OUT)",GESIS Variable Report,437,ZA5564
v219,QB4,QB4_3 CHANGE 5 YRS: HEALTHCARE SYSTEM,"Compared with five years ago, would you say things have improved, gotten worse or stayed about the same when it comes to…? (ONE ANSWER PER LINE - READ OUT)","Compared with five years ago, would you say things have improved, gotten worse or stayed about the same when it comes to…? (ONE ANSWER PER LINE - READ OUT)",GESIS Variable Report,439,ZA5564
v220,QB4,QB4_4 CHANGE 5 YRS: PROVISION OF PENSIONS,"Compared with five years ago, would you say things have improved, gotten worse or stayed about the same when it comes to…? (ONE ANSWER PER LINE - READ OUT)","Compared with five years ago, would you say things have improved, gotten worse or stayed about the same when it comes to…? (ONE ANSWER PER LINE - READ OUT)",GESIS Variable Report,441,ZA5564
v221,QB4,QB4_5 CHANGE 5 YRS: UNEMPLOYMENT BENEFITS,"Compared with five years ago, would you say things have improved, gotten worse or stayed about the same when it comes to…? (ONE ANSWER PER LINE - READ OUT)","Compared with five years ago, would you say things have improved, gotten worse or stayed about the same when it comes to…? (ONE ANSWER PER LINE - READ OUT)",GESIS Variable Report,443,ZA5564
v222,QB4,QB4_6 CHANGE 5 YRS: COST OF LIVING,"Compared with five years ago, would you say things have improved, gotten worse or stayed about the same when it comes to…? (ONE ANSWER PER LINE - READ OUT)","Compared with five years ago, would you say things have improved, gotten worse or stayed about the same when it comes to…? (ONE ANSWER PER LINE - READ OUT)",GESIS Variable Report,445,ZA5564
v223,QB4,QB4_7 CHANGE 5 YRS: CROSS-CULTURAL RELATIONS,"Compared with five years ago, would you say things have improved, gotten worse or stayed about the same when it comes to…? (ONE ANSWER PER LINE - READ OUT)","Compared with five years ago, would you say things have improved, gotten worse or stayed about the same when it comes to…? (ONE ANSWER PER LINE - READ OUT)",GESIS Variable Report,447,ZA5564
v224,QB4,QB4_8 CHANGE 5 YRS: WAY ADDRESSING POVERTY,"Compared with five years ago, would you say things have improved, gotten worse or stayed about the same when it comes to…? (ONE ANSWER PER LINE - READ OUT)","Compared with five years ago, would you say things have improved, gotten worse or stayed about the same when it comes to…? (ONE ANSWER PER LINE - READ OUT)",GESIS Variable Report,449,ZA5564
v225,QB4,QB4_9 CHANGE 5 YRS: AFFORDABILITY OF ENERGY,"Compared with five years ago, would you say things have improved, gotten worse or stayed about the same when it comes to…? (ONE ANSWER PER LINE - READ OUT)","Compared with five years ago, would you say things have improved, gotten worse or stayed about the same when it comes to…? (ONE ANSWER PER LINE - READ OUT)",GESIS Variable Report,451,ZA5564
v226,QB4,QB4_10 CHANGE 5 YRS: AFFORDABILITY OF HOUSING,"Compared with five years ago, would you say things have improved, gotten worse or stayed about the same when it comes to…? (ONE ANSWER PER LINE - READ OUT)","Compared with five years ago, would you say things have improved, gotten worse or stayed about the same when it comes to…? (ONE ANSWER PER LINE - READ OUT)",GESIS Variable Report,453,ZA5564
v227,QB4,QB4_11 CHANGE 5 YRS: PUBLIC ADMINISTRATION,"Compared with five years ago, would you say things have improved, gotten worse or stayed about the same when it comes to…? (ONE ANSWER PER LINE - READ OUT)","Compared with five years ago, would you say things have improved, gotten worse or stayed about the same when it comes to…? (ONE ANSWER PER LINE - READ OUT)",GESIS Variable Report,455,ZA5564
v228,QB4,QB4_12 CHANGE 5 YRS: ECONOMIC SITUATION COUNTRY,"Compared with five years ago, would you say things have improved, gotten worse or stayed about the same when it comes to…? (ONE ANSWER PER LINE - READ OUT)","Compared with five years ago, would you say things have improved, gotten worse or stayed about the same when it comes to…? (ONE ANSWER PER LINE - READ OUT)",GESIS Variable Report,457,ZA5564
v229,QB4,QB4_13 CHANGE 5 YRS: PERSONAL JOB SITUATION,"Compared with five years ago, would you say things have improved, gotten worse or stayed about the same when it comes to…? (ONE ANSWER PER LINE - READ OUT)","Compared with five years ago, would you say things have improved, gotten worse or stayed about the same when it comes to…? (ONE ANSWER PER LINE - READ OUT)",GESIS Variable Report,459,ZA5564
v230,QB4,QB4_14 CHANGE 5 YRS: FINANCIAL SITUATION HH,"Compared with five years ago, would you say things have improved, gotten worse or stayed about the same when it comes to…? (ONE ANSWER PER LINE - READ OUT)","Compared with five years ago, would you say things have improved, gotten worse or stayed about the same when it comes to…? (ONE ANSWER PER LINE - READ OUT)",GESIS Variable Report,461,ZA5564
v231,QB4,QB4_15 CHANGE 5 YRS: EMPLOYMENT SITUATION COUNTRY,"Compared with five years ago, would you say things have improved, gotten worse or stayed about the same when it comes to…? (ONE ANSWER PER LINE - READ OUT)","Compared with five years ago, would you say things have improved, gotten worse or stayed about the same when it comes to…? (ONE ANSWER PER LINE - READ OUT)",GESIS Variable Report,463,ZA5564
v232,QB5,QB5 IDEAL N OF CHILDREN - GENERAL,"Generally speaking, what do you think is the ideal number of children for a family? (DO NOT READ OUT – PRE-CODED OPEN ENDED QUESTION – ONE ANSWER ONLY)","Generally speaking, what do you think is the ideal number of children for a family? (DO NOT READ OUT – PRE-CODED OPEN ENDED QUESTION – ONE ANSWER ONLY)",GESIS Variable Report,465,ZA5564
v233,QB6,QB6 IDEAL N OF CHILDREN - PERSONALLY,"And for you personally, what would be the ideal number of children you would like to have or would have liked to have had? (DO NOT READ OUT – PRE-CODED OPEN ENDED QUESTION – ONE ANSWER ONLY)","And for you personally, what would be the ideal number of children you would like to have or would have liked to have had? (DO NOT READ OUT – PRE-CODED OPEN ENDED QUESTION – ONE ANSWER ONLY)",GESIS Variable Report,467,ZA5564
v234,QB7,QB7 FAMILY COMPOSITION - N OF CHILDREN,"How many children, if any, have you had? (DO NOT PROMPT – PRE-CODED OPEN ENDED QUESTION – ONE ANSWER ONLY)","How many children, if any, have you had? (DO NOT PROMPT – PRE-CODED OPEN ENDED QUESTION – ONE ANSWER ONLY)",GESIS Variable Report,470,ZA5564
v235,QB8,QB8 FAMILY PLANNING - CHILDREN STILL,How many (more) children do you intend to have? (DO NOT PROMPT – PRE-CODED OPEN ENDED QUESTION – ONE ANSWER ONLY),How many (more) children do you intend to have? (DO NOT PROMPT – PRE-CODED OPEN ENDED QUESTION – ONE ANSWER ONLY),GESIS Variable Report,473,ZA5564
v236,QB9,QB9 FAMILY PLANNING - SURE TO ACHIEVE,"ASK QB9 AND QB10 IF ""STILL INTEND TO HAVE CHILDREN"", CODE 1 TO 7 IN QB8 - OTHERS GO TO QC1 How sure are you that you will have the number of children that you have just mentioned? (READ OUT – ONE ANSWER ONLY)","ASK QB9 AND QB10 IF ""STILL INTEND TO HAVE CHILDREN"", CODE 1 TO 7 IN QB8 - OTHERS GO TO QC1 How sure are you that you will have the number of children that you have just mentioned? (READ OUT – ONE ANSWER ONLY)",GESIS Variable Report,475,ZA5564
v237,QB10,QB10 FAMILY PLANNING - CHILD IN NEXT 3 YEARS,Do you intend to have a (another) child in the next three years? (READ OUT – ONE ANSWER ONLY),Do you intend to have a (another) child in the next three years? (READ OUT – ONE ANSWER ONLY),GESIS Variable Report,477,ZA5564
v238,QC1,QC1_1 SECURITY CHLLNGS CNTRY: ORGANISED CRIME,ASK ALL What do you think are the most important challenges to the security of (NATIONALITY) citizens at the moment? (DO NOT SHOW CARD – DO NOT READ OUT – MAX.3 ANSWERS),ASK ALL What do you think are the most important challenges to the security of (NATIONALITY) citizens at the moment? (DO NOT SHOW CARD – DO NOT READ OUT – MAX.3 ANSWERS),GESIS Variable Report,479,ZA5564
v239,QC1,QC1_2 SECURITY CHLLNGS CNTRY: TERRORISM,ASK ALL What do you think are the most important challenges to the security of (NATIONALITY) citizens at the moment? (DO NOT SHOW CARD – DO NOT READ OUT – MAX.3 ANSWERS),ASK ALL What do you think are the most important challenges to the security of (NATIONALITY) citizens at the moment? (DO NOT SHOW CARD – DO NOT READ OUT – MAX.3 ANSWERS),GESIS Variable Report,481,ZA5564
v240,QC1,QC1_3 SECURITY CHLLNGS CNTRY: CYBERCRIME,ASK ALL What do you think are the most important challenges to the security of (NATIONALITY) citizens at the moment? (DO NOT SHOW CARD – DO NOT READ OUT – MAX.3 ANSWERS),ASK ALL What do you think are the most important challenges to the security of (NATIONALITY) citizens at the moment? (DO NOT SHOW CARD – DO NOT READ OUT – MAX.3 ANSWERS),GESIS Variable Report,483,ZA5564
v241,QC1,QC1_4 SECURITY CHLLNGS CNTRY: EU BORDERS,ASK ALL What do you think are the most important challenges to the security of (NATIONALITY) citizens at the moment? (DO NOT SHOW CARD – DO NOT READ OUT – MAX.3 ANSWERS),ASK ALL What do you think are the most important challenges to the security of (NATIONALITY) citizens at the moment? (DO NOT SHOW CARD – DO NOT READ OUT – MAX.3 ANSWERS),GESIS Variable Report,485,ZA5564
v242,QC1,QC1_5 SECURITY CHLLNGS CNTRY: NATURAL DISASTERS,ASK ALL What do you think are the most important challenges to the security of (NATIONALITY) citizens at the moment? (DO NOT SHOW CARD – DO NOT READ OUT – MAX.3 ANSWERS),ASK ALL What do you think are the most important challenges to the security of (NATIONALITY) citizens at the moment? (DO NOT SHOW CARD – DO NOT READ OUT – MAX.3 ANSWERS),GESIS Variable Report,487,ZA5564
v243,QC1,QC1_6 SECURITY CHLLNGS CNTRY: CORRUPTION,ASK ALL What do you think are the most important challenges to the security of (NATIONALITY) citizens at the moment? (DO NOT SHOW CARD – DO NOT READ OUT – MAX.3 ANSWERS),ASK ALL What do you think are the most important challenges to the security of (NATIONALITY) citizens at the moment? (DO NOT SHOW CARD – DO NOT READ OUT – MAX.3 ANSWERS),GESIS Variable Report,489,ZA5564
v244,QC1,QC1_7 SECURITY CHLLNGS CNTRY: ECONOM FINANC CRISIS,ASK ALL What do you think are the most important challenges to the security of (NATIONALITY) citizens at the moment? (DO NOT SHOW CARD – DO NOT READ OUT – MAX.3 ANSWERS),ASK ALL What do you think are the most important challenges to the security of (NATIONALITY) citizens at the moment? (DO NOT SHOW CARD – DO NOT READ OUT – MAX.3 ANSWERS),GESIS Variable Report,491,ZA5564
v245,QC1,QC1_8 SECURITY CHLLNGS CNTRY: ILLEGAL IMMIGRATION,ASK ALL What do you think are the most important challenges to the security of (NATIONALITY) citizens at the moment? (DO NOT SHOW CARD – DO NOT READ OUT – MAX.3 ANSWERS),ASK ALL What do you think are the most important challenges to the security of (NATIONALITY) citizens at the moment? (DO NOT SHOW CARD – DO NOT READ OUT – MAX.3 ANSWERS),GESIS Variable Report,493,ZA5564
v246,QC1,QC1_9 SECURITY CHLLNGS CNTRY: NUCLEAR DISASTERS,ASK ALL What do you think are the most important challenges to the security of (NATIONALITY) citizens at the moment? (DO NOT SHOW CARD – DO NOT READ OUT – MAX.3 ANSWERS),ASK ALL What do you think are the most important challenges to the security of (NATIONALITY) citizens at the moment? (DO NOT SHOW CARD – DO NOT READ OUT – MAX.3 ANSWERS),GESIS Variable Report,495,ZA5564
v247,QC1,QC1_10 SECURITY CHLLNGS CNTRY: ENVIRONMENTAL ISSUES,ASK ALL What do you think are the most important challenges to the security of (NATIONALITY) citizens at the moment? (DO NOT SHOW CARD – DO NOT READ OUT – MAX.3 ANSWERS),ASK ALL What do you think are the most important challenges to the security of (NATIONALITY) citizens at the moment? (DO NOT SHOW CARD – DO NOT READ OUT – MAX.3 ANSWERS),GESIS Variable Report,497,ZA5564
v248,QC1,QC1_11 SECURITY CHLLNGS CNTRY: RELIGIOUS EXTREMISM,ASK ALL What do you think are the most important challenges to the security of (NATIONALITY) citizens at the moment? (DO NOT SHOW CARD – DO NOT READ OUT – MAX.3 ANSWERS),ASK ALL What do you think are the most important challenges to the security of (NATIONALITY) citizens at the moment? (DO NOT SHOW CARD – DO NOT READ OUT – MAX.3 ANSWERS),GESIS Variable Report,499,ZA5564
v249,QC1,QC1_12 SECURITY CHLLNGS CNTRY: POVERTY,ASK ALL What do you think are the most important challenges to the security of (NATIONALITY) citizens at the moment? (DO NOT SHOW CARD – DO NOT READ OUT – MAX.3 ANSWERS),ASK ALL What do you think are the most important challenges to the security of (NATIONALITY) citizens at the moment? (DO NOT SHOW CARD – DO NOT READ OUT – MAX.3 ANSWERS),GESIS Variable Report,501,ZA5564
v250,QC1,QC1_13 SECURITY CHLLNGS CNTRY: CIVIL WARS / WARS,ASK ALL What do you think are the most important challenges to the security of (NATIONALITY) citizens at the moment? (DO NOT SHOW CARD – DO NOT READ OUT – MAX.3 ANSWERS),ASK ALL What do you think are the most important challenges to the security of (NATIONALITY) citizens at the moment? (DO NOT SHOW CARD – DO NOT READ OUT – MAX.3 ANSWERS),GESIS Variable Report,503,ZA5564
v251,QC1,QC1_14 SECURITY CHLLNGS CNTRY: PETTY CRIME,ASK ALL What do you think are the most important challenges to the security of (NATIONALITY) citizens at the moment? (DO NOT SHOW CARD – DO NOT READ OUT – MAX.3 ANSWERS),ASK ALL What do you think are the most important challenges to the security of (NATIONALITY) citizens at the moment? (DO NOT SHOW CARD – DO NOT READ OUT – MAX.3 ANSWERS),GESIS Variable Report,505,ZA5564
v252,QC1,QC1_15 SECURITY CHLLNGS CNTRY: OTHER,ASK ALL What do you think are the most important challenges to the security of (NATIONALITY) citizens at the moment? (DO NOT SHOW CARD – DO NOT READ OUT – MAX.3 ANSWERS),ASK ALL What do you think are the most important challenges to the security of (NATIONALITY) citizens at the moment? (DO NOT SHOW CARD – DO NOT READ OUT – MAX.3 ANSWERS),GESIS Variable Report,507,ZA5564
v253,QC1,QC1_16 SECURITY CHLLNGS CNTRY: DK,ASK ALL What do you think are the most important challenges to the security of (NATIONALITY) citizens at the moment? (DO NOT SHOW CARD – DO NOT READ OUT – MAX.3 ANSWERS),ASK ALL What do you think are the most important challenges to the security of (NATIONALITY) citizens at the moment? (DO NOT SHOW CARD – DO NOT READ OUT – MAX.3 ANSWERS),GESIS Variable Report,509,ZA5564
v254,QC2,QC2_1 SECURITY CHLLNGS EU: ORGANISED CRIME,And what do you think are the most important challenges to the security of EU citizens at the moment? (DO NOT SHOW CARD – DO NOT READ OUT – MAX.3 ANSWERS),And what do you think are the most important challenges to the security of EU citizens at the moment? (DO NOT SHOW CARD – DO NOT READ OUT – MAX.3 ANSWERS),GESIS Variable Report,511,ZA5564
v255,QC2,QC2_2 SECURITY CHLLNGS EU: TERRORISM,And what do you think are the most important challenges to the security of EU citizens at the moment? (DO NOT SHOW CARD – DO NOT READ OUT – MAX.3 ANSWERS),And what do you think are the most important challenges to the security of EU citizens at the moment? (DO NOT SHOW CARD – DO NOT READ OUT – MAX.3 ANSWERS),GESIS Variable Report,513,ZA5564
v256,QC2,QC2_3 SECURITY CHLLNGS EU: CYBERCRIME,And what do you think are the most important challenges to the security of EU citizens at the moment? (DO NOT SHOW CARD – DO NOT READ OUT – MAX.3 ANSWERS),And what do you think are the most important challenges to the security of EU citizens at the moment? (DO NOT SHOW CARD – DO NOT READ OUT – MAX.3 ANSWERS),GESIS Variable Report,515,ZA5564
v257,QC2,QC2_4 SECURITY CHLLNGS EU: EU BORDERS,And what do you think are the most important challenges to the security of EU citizens at the moment? (DO NOT SHOW CARD – DO NOT READ OUT – MAX.3 ANSWERS),And what do you think are the most important challenges to the security of EU citizens at the moment? (DO NOT SHOW CARD – DO NOT READ OUT – MAX.3 ANSWERS),GESIS Variable Report,517,ZA5564
v258,QC2,QC2_5 SECURITY CHLLNGSS EU: NATURAL DISASTERS,And what do you think are the most important challenges to the security of EU citizens at the moment? (DO NOT SHOW CARD – DO NOT READ OUT – MAX.3 ANSWERS),And what do you think are the most important challenges to the security of EU citizens at the moment? (DO NOT SHOW CARD – DO NOT READ OUT – MAX.3 ANSWERS),GESIS Variable Report,519,ZA5564
v259,QC2,QC2_6 SECURITY CHLLNGS EU: CORRUPTION,And what do you think are the most important challenges to the security of EU citizens at the moment? (DO NOT SHOW CARD – DO NOT READ OUT – MAX.3 ANSWERS),And what do you think are the most important challenges to the security of EU citizens at the moment? (DO NOT SHOW CARD – DO NOT READ OUT – MAX.3 ANSWERS),GESIS Variable Report,521,ZA5564
v260,QC2,QC2_7 SECURITY CHLLNGS EU: ECONOM FINANC CRISIS,And what do you think are the most important challenges to the security of EU citizens at the moment? (DO NOT SHOW CARD – DO NOT READ OUT – MAX.3 ANSWERS),And what do you think are the most important challenges to the security of EU citizens at the moment? (DO NOT SHOW CARD – DO NOT READ OUT – MAX.3 ANSWERS),GESIS Variable Report,523,ZA5564
v261,QC2,QC2_8 SECURITY CHLLNGS EU: ILLEGAL IMMIGRATION,And what do you think are the most important challenges to the security of EU citizens at the moment? (DO NOT SHOW CARD – DO NOT READ OUT – MAX.3 ANSWERS),And what do you think are the most important challenges to the security of EU citizens at the moment? (DO NOT SHOW CARD – DO NOT READ OUT – MAX.3 ANSWERS),GESIS Variable Report,525,ZA5564
v262,QC2,QC2_9 SECURITY CHLLNGS EU: NUCLEAR DISASTERS,And what do you think are the most important challenges to the security of EU citizens at the moment? (DO NOT SHOW CARD – DO NOT READ OUT – MAX.3 ANSWERS),And what do you think are the most important challenges to the security of EU citizens at the moment? (DO NOT SHOW CARD – DO NOT READ OUT – MAX.3 ANSWERS),GESIS Variable Report,527,ZA5564
v263,QC2,QC2_10 SECURITY CHLLNGS EU: ENVIRONMENTAL ISSUES,And what do you think are the most important challenges to the security of EU citizens at the moment? (DO NOT SHOW CARD – DO NOT READ OUT – MAX.3 ANSWERS),And what do you think are the most important challenges to the security of EU citizens at the moment? (DO NOT SHOW CARD – DO NOT READ OUT – MAX.3 ANSWERS),GESIS Variable Report,529,ZA5564
v264,QC2,QC2_11 SECURITY CHLLNGS EU: RELIGIOUS EXTREMISM,And what do you think are the most important challenges to the security of EU citizens at the moment? (DO NOT SHOW CARD – DO NOT READ OUT – MAX.3 ANSWERS),And what do you think are the most important challenges to the security of EU citizens at the moment? (DO NOT SHOW CARD – DO NOT READ OUT – MAX.3 ANSWERS),GESIS Variable Report,531,ZA5564
v265,QC2,QC2_12 SECURITY CHLLNGS EU: POVERTY,And what do you think are the most important challenges to the security of EU citizens at the moment? (DO NOT SHOW CARD – DO NOT READ OUT – MAX.3 ANSWERS),And what do you think are the most important challenges to the security of EU citizens at the moment? (DO NOT SHOW CARD – DO NOT READ OUT – MAX.3 ANSWERS),GESIS Variable Report,533,ZA5564
v266,QC2,QC2_13 SECURITY CHLLNGS EU: CIVIL WARS / WARS,And what do you think are the most important challenges to the security of EU citizens at the moment? (DO NOT SHOW CARD – DO NOT READ OUT – MAX.3 ANSWERS),And what do you think are the most important challenges to the security of EU citizens at the moment? (DO NOT SHOW CARD – DO NOT READ OUT – MAX.3 ANSWERS),GESIS Variable Report,535,ZA5564
v267,QC2,QC2_14 SECURITY CHLLNGS EU: PETTY CRIME,And what do you think are the most important challenges to the security of EU citizens at the moment? (DO NOT SHOW CARD – DO NOT READ OUT – MAX.3 ANSWERS),And what do you think are the most important challenges to the security of EU citizens at the moment? (DO NOT SHOW CARD – DO NOT READ OUT – MAX.3 ANSWERS),GESIS Variable Report,537,ZA5564
v268,QC2,QC2_15 SECURITY CHLLNGS EU: OTHER,And what do you think are the most important challenges to the security of EU citizens at the moment? (DO NOT SHOW CARD – DO NOT READ OUT – MAX.3 ANSWERS),And what do you think are the most important challenges to the security of EU citizens at the moment? (DO NOT SHOW CARD – DO NOT READ OUT – MAX.3 ANSWERS),GESIS Variable Report,539,ZA5564
v269,QC2,QC2_16 SECURITY CHLLNGS EU: DK,And what do you think are the most important challenges to the security of EU citizens at the moment? (DO NOT SHOW CARD – DO NOT READ OUT – MAX.3 ANSWERS),And what do you think are the most important challenges to the security of EU citizens at the moment? (DO NOT SHOW CARD – DO NOT READ OUT – MAX.3 ANSWERS),GESIS Variable Report,541,ZA5564
v270,QC3,QC3_1 SECURITY CHLLNGS IMPORTNC: ORGANISED CRIME,"In your opinion, how important or not important are currently the following challenges to the internal security of the EU? (SHOW CARD WITH SCALE – ONE ANSWER PER LINE - READ OUT – ROTATE)","In your opinion, how important or not important are currently the following challenges to the internal security of the EU? (SHOW CARD WITH SCALE – ONE ANSWER PER LINE - READ OUT – ROTATE)",GESIS Variable Report,543,ZA5564
v271,QC3,QC3_2 SECURITY CHLLNGS IMPORTNC: TERRORISM,"In your opinion, how important or not important are currently the following challenges to the internal security of the EU? (SHOW CARD WITH SCALE – ONE ANSWER PER LINE - READ OUT – ROTATE)","In your opinion, how important or not important are currently the following challenges to the internal security of the EU? (SHOW CARD WITH SCALE – ONE ANSWER PER LINE - READ OUT – ROTATE)",GESIS Variable Report,545,ZA5564
v272,QC3,QC3_3 SECURITY CHLLNGS IMPORTNC: CYBERCRIME,"In your opinion, how important or not important are currently the following challenges to the internal security of the EU? (SHOW CARD WITH SCALE – ONE ANSWER PER LINE - READ OUT – ROTATE)","In your opinion, how important or not important are currently the following challenges to the internal security of the EU? (SHOW CARD WITH SCALE – ONE ANSWER PER LINE - READ OUT – ROTATE)",GESIS Variable Report,547,ZA5564
v273,QC3,QC3_4 SECURITY CHLLNGS IMPORTNC: EU BORDERS,"In your opinion, how important or not important are currently the following challenges to the internal security of the EU? (SHOW CARD WITH SCALE – ONE ANSWER PER LINE - READ OUT – ROTATE)","In your opinion, how important or not important are currently the following challenges to the internal security of the EU? (SHOW CARD WITH SCALE – ONE ANSWER PER LINE - READ OUT – ROTATE)",GESIS Variable Report,549,ZA5564
v274,QC3,QC3_5 SECURITY CHLLNGS IMPORTANCE: DISASTERS,"In your opinion, how important or not important are currently the following challenges to the internal security of the EU? (SHOW CARD WITH SCALE – ONE ANSWER PER LINE - READ OUT – ROTATE)","In your opinion, how important or not important are currently the following challenges to the internal security of the EU? (SHOW CARD WITH SCALE – ONE ANSWER PER LINE - READ OUT – ROTATE)",GESIS Variable Report,551,ZA5564
v275,QC4,QC4_1 SECURITY SIT NEXT YEARS: ORGANISED CRIME,"Compared to the current situation, would you say that the following challenges to the internal security of the EU will increase, decrease or remain unchanged over the next three years? (SHOW CARD WITH SCALE – ONE ANSWER PER LINE - READ OUT – ROTATE)","Compared to the current situation, would you say that the following challenges to the internal security of the EU will increase, decrease or remain unchanged over the next three years? (SHOW CARD WITH SCALE – ONE ANSWER PER LINE - READ OUT – ROTATE)",GESIS Variable Report,553,ZA5564
v276,QC4,QC4_2 SECURITY SIT NEXT YEARS: TERRORISM,"Compared to the current situation, would you say that the following challenges to the internal security of the EU will increase, decrease or remain unchanged over the next three years? (SHOW CARD WITH SCALE – ONE ANSWER PER LINE - READ OUT – ROTATE)","Compared to the current situation, would you say that the following challenges to the internal security of the EU will increase, decrease or remain unchanged over the next three years? (SHOW CARD WITH SCALE – ONE ANSWER PER LINE - READ OUT – ROTATE)",GESIS Variable Report,555,ZA5564
v277,QC4,QC4_3 SECURITY SIT NEXT YEARS: CYBERCRIME,"Compared to the current situation, would you say that the following challenges to the internal security of the EU will increase, decrease or remain unchanged over the next three years? (SHOW CARD WITH SCALE – ONE ANSWER PER LINE - READ OUT – ROTATE)","Compared to the current situation, would you say that the following challenges to the internal security of the EU will increase, decrease or remain unchanged over the next three years? (SHOW CARD WITH SCALE – ONE ANSWER PER LINE - READ OUT – ROTATE)",GESIS Variable Report,557,ZA5564
v278,QC4,QC4_4 SECURITY SIT NEXT YEARS: EU BORDERS,"Compared to the current situation, would you say that the following challenges to the internal security of the EU will increase, decrease or remain unchanged over the next three years? (SHOW CARD WITH SCALE – ONE ANSWER PER LINE - READ OUT – ROTATE)","Compared to the current situation, would you say that the following challenges to the internal security of the EU will increase, decrease or remain unchanged over the next three years? (SHOW CARD WITH SCALE – ONE ANSWER PER LINE - READ OUT – ROTATE)",GESIS Variable Report,559,ZA5564
v279,QC4,QC4_5 SECURITY SIT NEXT YEARS: DISASTERS,"Compared to the current situation, would you say that the following challenges to the internal security of the EU will increase, decrease or remain unchanged over the next three years? (SHOW CARD WITH SCALE – ONE ANSWER PER LINE - READ OUT – ROTATE)","Compared to the current situation, would you say that the following challenges to the internal security of the EU will increase, decrease or remain unchanged over the next three years? (SHOW CARD WITH SCALE – ONE ANSWER PER LINE - READ OUT – ROTATE)",GESIS Variable Report,561,ZA5564
v280,QC5A,QC5A_1 EU DOING ENOUGH: FIGHT ORGANISED CRIME,To what extent do you agree or disagree with each of the following statements? The EU is doing enough to… (SHOW CARD WITH SCALE – ONE ANSWER PER LINE - READ OUT – ROTATE),To what extent do you agree or disagree with each of the following statements? The EU is doing enough to… (SHOW CARD WITH SCALE – ONE ANSWER PER LINE - READ OUT – ROTATE),GESIS Variable Report,563,ZA5564
v281,QC5A,QC5A_2 EU DOING ENOUGH: FIGHT TERRORISM,To what extent do you agree or disagree with each of the following statements? The EU is doing enough to… (SHOW CARD WITH SCALE – ONE ANSWER PER LINE - READ OUT – ROTATE),To what extent do you agree or disagree with each of the following statements? The EU is doing enough to… (SHOW CARD WITH SCALE – ONE ANSWER PER LINE - READ OUT – ROTATE),GESIS Variable Report,565,ZA5564
v282,QC5A,QC5A_3 EU DOING ENOUGH: FIGHT CYBERCRIME,To what extent do you agree or disagree with each of the following statements? The EU is doing enough to… (SHOW CARD WITH SCALE – ONE ANSWER PER LINE - READ OUT – ROTATE),To what extent do you agree or disagree with each of the following statements? The EU is doing enough to… (SHOW CARD WITH SCALE – ONE ANSWER PER LINE - READ OUT – ROTATE),GESIS Variable Report,567,ZA5564
v283,QC5A,QC5A_4 EU DOING ENOUGH: SECURE EU BORDERS,To what extent do you agree or disagree with each of the following statements? The EU is doing enough to… (SHOW CARD WITH SCALE – ONE ANSWER PER LINE - READ OUT – ROTATE),To what extent do you agree or disagree with each of the following statements? The EU is doing enough to… (SHOW CARD WITH SCALE – ONE ANSWER PER LINE - READ OUT – ROTATE),GESIS Variable Report,569,ZA5564
v284,QC5A,QC5A_5 EU DOING ENOUGH: MANAGE DISASTERS,To what extent do you agree or disagree with each of the following statements? The EU is doing enough to… (SHOW CARD WITH SCALE – ONE ANSWER PER LINE - READ OUT – ROTATE),To what extent do you agree or disagree with each of the following statements? The EU is doing enough to… (SHOW CARD WITH SCALE – ONE ANSWER PER LINE - READ OUT – ROTATE),GESIS Variable Report,571,ZA5564
v285,QC5B,QC5B_1 CNTRY DOING ENOUGH: FIGHT ORGANISED CRIME,To what extent do you agree or disagree with each of the following statements? (OUR COUNTRY) is doing enough to… (SHOW CARD WITH SCALE – ONE ANSWER PER LINE - READ OUT – ROTATE),To what extent do you agree or disagree with each of the following statements? (OUR COUNTRY) is doing enough to… (SHOW CARD WITH SCALE – ONE ANSWER PER LINE - READ OUT – ROTATE),GESIS Variable Report,573,ZA5564
v286,QC5B,QC5B_2 CNTRY DOING ENOUGH: FIGHT TERRORISM,To what extent do you agree or disagree with each of the following statements? (OUR COUNTRY) is doing enough to… (SHOW CARD WITH SCALE – ONE ANSWER PER LINE - READ OUT – ROTATE),To what extent do you agree or disagree with each of the following statements? (OUR COUNTRY) is doing enough to… (SHOW CARD WITH SCALE – ONE ANSWER PER LINE - READ OUT – ROTATE),GESIS Variable Report,575,ZA5564
v287,QC5B,QC5B_3 CNTRY DOING ENOUGH: FIGHT CYBERCRIME,To what extent do you agree or disagree with each of the following statements? (OUR COUNTRY) is doing enough to… (SHOW CARD WITH SCALE – ONE ANSWER PER LINE - READ OUT – ROTATE),To what extent do you agree or disagree with each of the following statements? (OUR COUNTRY) is doing enough to… (SHOW CARD WITH SCALE – ONE ANSWER PER LINE - READ OUT – ROTATE),GESIS Variable Report,577,ZA5564
v288,QC5B,QC5B_4 CNTRY DOING ENOUGH: SECURE EU BORDERS,To what extent do you agree or disagree with each of the following statements? (OUR COUNTRY) is doing enough to… (SHOW CARD WITH SCALE – ONE ANSWER PER LINE - READ OUT – ROTATE),To what extent do you agree or disagree with each of the following statements? (OUR COUNTRY) is doing enough to… (SHOW CARD WITH SCALE – ONE ANSWER PER LINE - READ OUT – ROTATE),GESIS Variable Report,579,ZA5564
v289,QC5B,QC5B_5 CNTRY DOING ENOUGH: MANAGE DISASTERS,To what extent do you agree or disagree with each of the following statements? (OUR COUNTRY) is doing enough to… (SHOW CARD WITH SCALE – ONE ANSWER PER LINE - READ OUT – ROTATE),To what extent do you agree or disagree with each of the following statements? (OUR COUNTRY) is doing enough to… (SHOW CARD WITH SCALE – ONE ANSWER PER LINE - READ OUT – ROTATE),GESIS Variable Report,581,ZA5564
v290,QC6,QC6 EU SECURITY LINKED TO OUTSIDE DEVELOPMENTS,To what extent do you believe that the internal security of the EU is linked to events and developments that take place outside the EU? (READ OUT – ONE ANSWER ONLY),To what extent do you believe that the internal security of the EU is linked to events and developments that take place outside the EU? (READ OUT – ONE ANSWER ONLY),GESIS Variable Report,583,ZA5564
v291,QC7R,QC7R_1 EU SECURITY PARTNERS: CANADA,Which non-EU member countries do you consider as the EU main partners in responding to challenges to the internal security of the EU? (WRITE DOWN – CODE AT THE OFFICE – MAX. 3 ANSWERS),Which non-EU member countries do you consider as the EU main partners in responding to challenges to the internal security of the EU? (WRITE DOWN – CODE AT THE OFFICE – MAX. 3 ANSWERS),GESIS Variable Report,585,ZA5564
v292,QC7R,QC7R_2 EU SECURITY PARTNERS: CHINA,Which non-EU member countries do you consider as the EU main partners in responding to challenges to the internal security of the EU? (WRITE DOWN – CODE AT THE OFFICE – MAX. 3 ANSWERS),Which non-EU member countries do you consider as the EU main partners in responding to challenges to the internal security of the EU? (WRITE DOWN – CODE AT THE OFFICE – MAX. 3 ANSWERS),GESIS Variable Report,587,ZA5564
v293,QC7R,QC7R_3 EU SECURITY PARTNERS: EU COUNTRIES,Which non-EU member countries do you consider as the EU main partners in responding to challenges to the internal security of the EU? (WRITE DOWN – CODE AT THE OFFICE – MAX. 3 ANSWERS),Which non-EU member countries do you consider as the EU main partners in responding to challenges to the internal security of the EU? (WRITE DOWN – CODE AT THE OFFICE – MAX. 3 ANSWERS),GESIS Variable Report,589,ZA5564
v294,QC7R,QC7R_4 EU SECURITY PARTNERS: JAPAN,Which non-EU member countries do you consider as the EU main partners in responding to challenges to the internal security of the EU? (WRITE DOWN – CODE AT THE OFFICE – MAX. 3 ANSWERS),Which non-EU member countries do you consider as the EU main partners in responding to challenges to the internal security of the EU? (WRITE DOWN – CODE AT THE OFFICE – MAX. 3 ANSWERS),GESIS Variable Report,591,ZA5564
v295,QC7R,QC7R_5 EU SECURITY PARTNERS: NORWAY,Which non-EU member countries do you consider as the EU main partners in responding to challenges to the internal security of the EU? (WRITE DOWN – CODE AT THE OFFICE – MAX. 3 ANSWERS),Which non-EU member countries do you consider as the EU main partners in responding to challenges to the internal security of the EU? (WRITE DOWN – CODE AT THE OFFICE – MAX. 3 ANSWERS),GESIS Variable Report,593,ZA5564
v296,QC7R,QC7R_6 EU SECURITY PARTNERS: RUSSIA,Which non-EU member countries do you consider as the EU main partners in responding to challenges to the internal security of the EU? (WRITE DOWN – CODE AT THE OFFICE – MAX. 3 ANSWERS),Which non-EU member countries do you consider as the EU main partners in responding to challenges to the internal security of the EU? (WRITE DOWN – CODE AT THE OFFICE – MAX. 3 ANSWERS),GESIS Variable Report,595,ZA5564
v297,QC7R,QC7R_7 EU SECURITY PARTNERS: SWITZERLAND,Which non-EU member countries do you consider as the EU main partners in responding to challenges to the internal security of the EU? (WRITE DOWN – CODE AT THE OFFICE – MAX. 3 ANSWERS),Which non-EU member countries do you consider as the EU main partners in responding to challenges to the internal security of the EU? (WRITE DOWN – CODE AT THE OFFICE – MAX. 3 ANSWERS),GESIS Variable Report,597,ZA5564
v298,QC7R,QC7R_8 EU SECURITY PARTNERS: TURKEY,Which non-EU member countries do you consider as the EU main partners in responding to challenges to the internal security of the EU? (WRITE DOWN – CODE AT THE OFFICE – MAX. 3 ANSWERS),Which non-EU member countries do you consider as the EU main partners in responding to challenges to the internal security of the EU? (WRITE DOWN – CODE AT THE OFFICE – MAX. 3 ANSWERS),GESIS Variable Report,599,ZA5564
v299,QC7R,QC7R_9 EU SECURITY PARTNERS: USA,Which non-EU member countries do you consider as the EU main partners in responding to challenges to the internal security of the EU? (WRITE DOWN – CODE AT THE OFFICE – MAX. 3 ANSWERS),Which non-EU member countries do you consider as the EU main partners in responding to challenges to the internal security of the EU? (WRITE DOWN – CODE AT THE OFFICE – MAX. 3 ANSWERS),GESIS Variable Report,601,ZA5564
v300,QC7R,QC7R_10 EU SECURITY PARTNERS: OTHER,Which non-EU member countries do you consider as the EU main partners in responding to challenges to the internal security of the EU? (WRITE DOWN – CODE AT THE OFFICE – MAX. 3 ANSWERS),Which non-EU member countries do you consider as the EU main partners in responding to challenges to the internal security of the EU? (WRITE DOWN – CODE AT THE OFFICE – MAX. 3 ANSWERS),GESIS Variable Report,603,ZA5564
v301,QC7R,QC7R_11 EU SECURITY PARTNERS: NONE,Which non-EU member countries do you consider as the EU main partners in responding to challenges to the internal security of the EU? (WRITE DOWN – CODE AT THE OFFICE – MAX. 3 ANSWERS),Which non-EU member countries do you consider as the EU main partners in responding to challenges to the internal security of the EU? (WRITE DOWN – CODE AT THE OFFICE – MAX. 3 ANSWERS),GESIS Variable Report,605,ZA5564
v302,QC7R,QC7R_12 EU SECURITY PARTNERS: DK,Which non-EU member countries do you consider as the EU main partners in responding to challenges to the internal security of the EU? (WRITE DOWN – CODE AT THE OFFICE – MAX. 3 ANSWERS),Which non-EU member countries do you consider as the EU main partners in responding to challenges to the internal security of the EU? (WRITE DOWN – CODE AT THE OFFICE – MAX. 3 ANSWERS),GESIS Variable Report,607,ZA5564
v303,QC7,QC7_1 EU SECURITY PARTNERS: AFGHANISTAN,Which non-EU member countries do you consider as the EU main partners in responding to challenges to the internal security of the EU? (WRITE DOWN – CODE AT THE OFFICE – MAX. 3 ANSWERS),Which non-EU member countries do you consider as the EU main partners in responding to challenges to the internal security of the EU? (WRITE DOWN – CODE AT THE OFFICE – MAX. 3 ANSWERS),GESIS Variable Report,609,ZA5564
v304,QC7,QC7_2 EU SECURITY PARTNERS: AFRICA,Which non-EU member countries do you consider as the EU main partners in responding to challenges to the internal security of the EU? (WRITE DOWN – CODE AT THE OFFICE – MAX. 3 ANSWERS),Which non-EU member countries do you consider as the EU main partners in responding to challenges to the internal security of the EU? (WRITE DOWN – CODE AT THE OFFICE – MAX. 3 ANSWERS),GESIS Variable Report,611,ZA5564
v305,QC7,QC7_3 EU SECURITY PARTNERS: ALBANIA,Which non-EU member countries do you consider as the EU main partners in responding to challenges to the internal security of the EU? (WRITE DOWN – CODE AT THE OFFICE – MAX. 3 ANSWERS),Which non-EU member countries do you consider as the EU main partners in responding to challenges to the internal security of the EU? (WRITE DOWN – CODE AT THE OFFICE – MAX. 3 ANSWERS),GESIS Variable Report,613,ZA5564
v306,QC7,QC7_4 EU SECURITY PARTNERS: ALGERIA,Which non-EU member countries do you consider as the EU main partners in responding to challenges to the internal security of the EU? (WRITE DOWN – CODE AT THE OFFICE – MAX. 3 ANSWERS),Which non-EU member countries do you consider as the EU main partners in responding to challenges to the internal security of the EU? (WRITE DOWN – CODE AT THE OFFICE – MAX. 3 ANSWERS),GESIS Variable Report,615,ZA5564
v307,QC7,QC7_5 EU SECURITY PARTNERS: ANGOLA,Which non-EU member countries do you consider as the EU main partners in responding to challenges to the internal security of the EU? (WRITE DOWN – CODE AT THE OFFICE – MAX. 3 ANSWERS),Which non-EU member countries do you consider as the EU main partners in responding to challenges to the internal security of the EU? (WRITE DOWN – CODE AT THE OFFICE – MAX. 3 ANSWERS),GESIS Variable Report,617,ZA5564
v308,QC7,QC7_6 EU SECURITY PARTNERS: ARABIC COUNTRIES,Which non-EU member countries do you consider as the EU main partners in responding to challenges to the internal security of the EU? (WRITE DOWN – CODE AT THE OFFICE – MAX. 3 ANSWERS),Which non-EU member countries do you consider as the EU main partners in responding to challenges to the internal security of the EU? (WRITE DOWN – CODE AT THE OFFICE – MAX. 3 ANSWERS),GESIS Variable Report,619,ZA5564
v309,QC7,QC7_7 EU SECURITY PARTNERS: ASIA,Which non-EU member countries do you consider as the EU main partners in responding to challenges to the internal security of the EU? (WRITE DOWN – CODE AT THE OFFICE – MAX. 3 ANSWERS),Which non-EU member countries do you consider as the EU main partners in responding to challenges to the internal security of the EU? (WRITE DOWN – CODE AT THE OFFICE – MAX. 3 ANSWERS),GESIS Variable Report,621,ZA5564
v310,QC7,QC7_8 EU SECURITY PARTNERS: AUSTRALIA,Which non-EU member countries do you consider as the EU main partners in responding to challenges to the internal security of the EU? (WRITE DOWN – CODE AT THE OFFICE – MAX. 3 ANSWERS),Which non-EU member countries do you consider as the EU main partners in responding to challenges to the internal security of the EU? (WRITE DOWN – CODE AT THE OFFICE – MAX. 3 ANSWERS),GESIS Variable Report,623,ZA5564
v311,QC7,QC7_9 EU SECURITY PARTNERS: AUSTRIA,Which non-EU member countries do you consider as the EU main partners in responding to challenges to the internal security of the EU? (WRITE DOWN – CODE AT THE OFFICE – MAX. 3 ANSWERS),Which non-EU member countries do you consider as the EU main partners in responding to challenges to the internal security of the EU? (WRITE DOWN – CODE AT THE OFFICE – MAX. 3 ANSWERS),GESIS Variable Report,625,ZA5564
v312,QC7,QC7_10 EU SECURITY PARTNERS: AZERBAIJAN,Which non-EU member countries do you consider as the EU main partners in responding to challenges to the internal security of the EU? (WRITE DOWN – CODE AT THE OFFICE – MAX. 3 ANSWERS),Which non-EU member countries do you consider as the EU main partners in responding to challenges to the internal security of the EU? (WRITE DOWN – CODE AT THE OFFICE – MAX. 3 ANSWERS),GESIS Variable Report,627,ZA5564
v313,QC7,QC7_11 EU SECURITY PARTNERS: BELARUS,Which non-EU member countries do you consider as the EU main partners in responding to challenges to the internal security of the EU? (WRITE DOWN – CODE AT THE OFFICE – MAX. 3 ANSWERS),Which non-EU member countries do you consider as the EU main partners in responding to challenges to the internal security of the EU? (WRITE DOWN – CODE AT THE OFFICE – MAX. 3 ANSWERS),GESIS Variable Report,629,ZA5564
v314,QC7,QC7_12 EU SECURITY PARTNERS: BELGIUM,Which non-EU member countries do you consider as the EU main partners in responding to challenges to the internal security of the EU? (WRITE DOWN – CODE AT THE OFFICE – MAX. 3 ANSWERS),Which non-EU member countries do you consider as the EU main partners in responding to challenges to the internal security of the EU? (WRITE DOWN – CODE AT THE OFFICE – MAX. 3 ANSWERS),GESIS Variable Report,631,ZA5564
v315,QC7,QC7_13 EU SECURITY PARTNERS: BOSNIA HERZEGOVINA,Which non-EU member countries do you consider as the EU main partners in responding to challenges to the internal security of the EU? (WRITE DOWN – CODE AT THE OFFICE – MAX. 3 ANSWERS),Which non-EU member countries do you consider as the EU main partners in responding to challenges to the internal security of the EU? (WRITE DOWN – CODE AT THE OFFICE – MAX. 3 ANSWERS),GESIS Variable Report,633,ZA5564
v316,QC7,QC7_14 EU SECURITY PARTNERS: BRAZIL,Which non-EU member countries do you consider as the EU main partners in responding to challenges to the internal security of the EU? (WRITE DOWN – CODE AT THE OFFICE – MAX. 3 ANSWERS),Which non-EU member countries do you consider as the EU main partners in responding to challenges to the internal security of the EU? (WRITE DOWN – CODE AT THE OFFICE – MAX. 3 ANSWERS),GESIS Variable Report,635,ZA5564
v317,QC7,QC7_15 EU SECURITY PARTNERS: BULGARIA,Which non-EU member countries do you consider as the EU main partners in responding to challenges to the internal security of the EU? (WRITE DOWN – CODE AT THE OFFICE – MAX. 3 ANSWERS),Which non-EU member countries do you consider as the EU main partners in responding to challenges to the internal security of the EU? (WRITE DOWN – CODE AT THE OFFICE – MAX. 3 ANSWERS),GESIS Variable Report,637,ZA5564
v318,QC7,QC7_16 EU SECURITY PARTNERS: CANADA,Which non-EU member countries do you consider as the EU main partners in responding to challenges to the internal security of the EU? (WRITE DOWN – CODE AT THE OFFICE – MAX. 3 ANSWERS),Which non-EU member countries do you consider as the EU main partners in responding to challenges to the internal security of the EU? (WRITE DOWN – CODE AT THE OFFICE – MAX. 3 ANSWERS),GESIS Variable Report,639,ZA5564
v319,QC7,QC7_17 EU SECURITY PARTNERS: CHINA,Which non-EU member countries do you consider as the EU main partners in responding to challenges to the internal security of the EU? (WRITE DOWN – CODE AT THE OFFICE – MAX. 3 ANSWERS),Which non-EU member countries do you consider as the EU main partners in responding to challenges to the internal security of the EU? (WRITE DOWN – CODE AT THE OFFICE – MAX. 3 ANSWERS),GESIS Variable Report,641,ZA5564
v320,QC7,QC7_18 EU SECURITY PARTNERS: CROATIA,Which non-EU member countries do you consider as the EU main partners in responding to challenges to the internal security of the EU? (WRITE DOWN – CODE AT THE OFFICE – MAX. 3 ANSWERS),Which non-EU member countries do you consider as the EU main partners in responding to challenges to the internal security of the EU? (WRITE DOWN – CODE AT THE OFFICE – MAX. 3 ANSWERS),GESIS Variable Report,643,ZA5564
v321,QC7,QC7_19 EU SECURITY PARTNERS: DENMARK,Which non-EU member countries do you consider as the EU main partners in responding to challenges to the internal security of the EU? (WRITE DOWN – CODE AT THE OFFICE – MAX. 3 ANSWERS),Which non-EU member countries do you consider as the EU main partners in responding to challenges to the internal security of the EU? (WRITE DOWN – CODE AT THE OFFICE – MAX. 3 ANSWERS),GESIS Variable Report,645,ZA5564
v322,QC7,QC7_20 EU SECURITY PARTNERS: DUBAI,Which non-EU member countries do you consider as the EU main partners in responding to challenges to the internal security of the EU? (WRITE DOWN – CODE AT THE OFFICE – MAX. 3 ANSWERS),Which non-EU member countries do you consider as the EU main partners in responding to challenges to the internal security of the EU? (WRITE DOWN – CODE AT THE OFFICE – MAX. 3 ANSWERS),GESIS Variable Report,647,ZA5564
v323,QC7,QC7_21 EU SECURITY PARTNERS: EGYPT,Which non-EU member countries do you consider as the EU main partners in responding to challenges to the internal security of the EU? (WRITE DOWN – CODE AT THE OFFICE – MAX. 3 ANSWERS),Which non-EU member countries do you consider as the EU main partners in responding to challenges to the internal security of the EU? (WRITE DOWN – CODE AT THE OFFICE – MAX. 3 ANSWERS),GESIS Variable Report,649,ZA5564
v324,QC7,QC7_22 EU SECURITY PARTNERS: ESTONIA,Which non-EU member countries do you consider as the EU main partners in responding to challenges to the internal security of the EU? (WRITE DOWN – CODE AT THE OFFICE – MAX. 3 ANSWERS),Which non-EU member countries do you consider as the EU main partners in responding to challenges to the internal security of the EU? (WRITE DOWN – CODE AT THE OFFICE – MAX. 3 ANSWERS),GESIS Variable Report,651,ZA5564
v325,QC7,QC7_23 EU SECURITY PARTNERS: FINLAND,Which non-EU member countries do you consider as the EU main partners in responding to challenges to the internal security of the EU? (WRITE DOWN – CODE AT THE OFFICE – MAX. 3 ANSWERS),Which non-EU member countries do you consider as the EU main partners in responding to challenges to the internal security of the EU? (WRITE DOWN – CODE AT THE OFFICE – MAX. 3 ANSWERS),GESIS Variable Report,653,ZA5564
v326,QC7,QC7_24 EU SECURITY PARTNERS: FRANCE,Which non-EU member countries do you consider as the EU main partners in responding to challenges to the internal security of the EU? (WRITE DOWN – CODE AT THE OFFICE – MAX. 3 ANSWERS),Which non-EU member countries do you consider as the EU main partners in responding to challenges to the internal security of the EU? (WRITE DOWN – CODE AT THE OFFICE – MAX. 3 ANSWERS),GESIS Variable Report,655,ZA5564
v327,QC7,QC7_25 EU SECURITY PARTNERS: GEORGIA,Which non-EU member countries do you consider as the EU main partners in responding to challenges to the internal security of the EU? (WRITE DOWN – CODE AT THE OFFICE – MAX. 3 ANSWERS),Which non-EU member countries do you consider as the EU main partners in responding to challenges to the internal security of the EU? (WRITE DOWN – CODE AT THE OFFICE – MAX. 3 ANSWERS),GESIS Variable Report,657,ZA5564
v328,QC7,QC7_26 EU SECURITY PARTNERS: GERMANY,Which non-EU member countries do you consider as the EU main partners in responding to challenges to the internal security of the EU? (WRITE DOWN – CODE AT THE OFFICE – MAX. 3 ANSWERS),Which non-EU member countries do you consider as the EU main partners in responding to challenges to the internal security of the EU? (WRITE DOWN – CODE AT THE OFFICE – MAX. 3 ANSWERS),GESIS Variable Report,659,ZA5564
v329,QC7,QC7_27 EU SECURITY PARTNERS: GHANA,Which non-EU member countries do you consider as the EU main partners in responding to challenges to the internal security of the EU? (WRITE DOWN – CODE AT THE OFFICE – MAX. 3 ANSWERS),Which non-EU member countries do you consider as the EU main partners in responding to challenges to the internal security of the EU? (WRITE DOWN – CODE AT THE OFFICE – MAX. 3 ANSWERS),GESIS Variable Report,661,ZA5564
v330,QC7,QC7_28 EU SECURITY PARTNERS: GREECE,Which non-EU member countries do you consider as the EU main partners in responding to challenges to the internal security of the EU? (WRITE DOWN – CODE AT THE OFFICE – MAX. 3 ANSWERS),Which non-EU member countries do you consider as the EU main partners in responding to challenges to the internal security of the EU? (WRITE DOWN – CODE AT THE OFFICE – MAX. 3 ANSWERS),GESIS Variable Report,663,ZA5564
v331,QC7,QC7_29 EU SECURITY PARTNERS: ICELAND,Which non-EU member countries do you consider as the EU main partners in responding to challenges to the internal security of the EU? (WRITE DOWN – CODE AT THE OFFICE – MAX. 3 ANSWERS),Which non-EU member countries do you consider as the EU main partners in responding to challenges to the internal security of the EU? (WRITE DOWN – CODE AT THE OFFICE – MAX. 3 ANSWERS),GESIS Variable Report,665,ZA5564
v332,QC7,QC7_30 EU SECURITY PARTNERS: INDIA,Which non-EU member countries do you consider as the EU main partners in responding to challenges to the internal security of the EU? (WRITE DOWN – CODE AT THE OFFICE – MAX. 3 ANSWERS),Which non-EU member countries do you consider as the EU main partners in responding to challenges to the internal security of the EU? (WRITE DOWN – CODE AT THE OFFICE – MAX. 3 ANSWERS),GESIS Variable Report,667,ZA5564
v333,QC7,QC7_31 EU SECURITY PARTNERS: INDONESIA,Which non-EU member countries do you consider as the EU main partners in responding to challenges to the internal security of the EU? (WRITE DOWN – CODE AT THE OFFICE – MAX. 3 ANSWERS),Which non-EU member countries do you consider as the EU main partners in responding to challenges to the internal security of the EU? (WRITE DOWN – CODE AT THE OFFICE – MAX. 3 ANSWERS),GESIS Variable Report,669,ZA5564
v334,QC7,QC7_32 EU SECURITY PARTNERS: IRAN,Which non-EU member countries do you consider as the EU main partners in responding to challenges to the internal security of the EU? (WRITE DOWN – CODE AT THE OFFICE – MAX. 3 ANSWERS),Which non-EU member countries do you consider as the EU main partners in responding to challenges to the internal security of the EU? (WRITE DOWN – CODE AT THE OFFICE – MAX. 3 ANSWERS),GESIS Variable Report,671,ZA5564
v335,QC7,QC7_33 EU SECURITY PARTNERS: IRAQ,Which non-EU member countries do you consider as the EU main partners in responding to challenges to the internal security of the EU? (WRITE DOWN – CODE AT THE OFFICE – MAX. 3 ANSWERS),Which non-EU member countries do you consider as the EU main partners in responding to challenges to the internal security of the EU? (WRITE DOWN – CODE AT THE OFFICE – MAX. 3 ANSWERS),GESIS Variable Report,673,ZA5564
v336,QC7,QC7_34 EU SECURITY PARTNERS: IRELAND,Which non-EU member countries do you consider as the EU main partners in responding to challenges to the internal security of the EU? (WRITE DOWN – CODE AT THE OFFICE – MAX. 3 ANSWERS),Which non-EU member countries do you consider as the EU main partners in responding to challenges to the internal security of the EU? (WRITE DOWN – CODE AT THE OFFICE – MAX. 3 ANSWERS),GESIS Variable Report,675,ZA5564
v337,QC7,QC7_35 EU SECURITY PARTNERS: ISRAEL,Which non-EU member countries do you consider as the EU main partners in responding to challenges to the internal security of the EU? (WRITE DOWN – CODE AT THE OFFICE – MAX. 3 ANSWERS),Which non-EU member countries do you consider as the EU main partners in responding to challenges to the internal security of the EU? (WRITE DOWN – CODE AT THE OFFICE – MAX. 3 ANSWERS),GESIS Variable Report,677,ZA5564
v338,QC7,QC7_36 EU SECURITY PARTNERS: ITALY,Which non-EU member countries do you consider as the EU main partners in responding to challenges to the internal security of the EU? (WRITE DOWN – CODE AT THE OFFICE – MAX. 3 ANSWERS),Which non-EU member countries do you consider as the EU main partners in responding to challenges to the internal security of the EU? (WRITE DOWN – CODE AT THE OFFICE – MAX. 3 ANSWERS),GESIS Variable Report,679,ZA5564
v339,QC7,QC7_37 EU SECURITY PARTNERS: JAPAN,Which non-EU member countries do you consider as the EU main partners in responding to challenges to the internal security of the EU? (WRITE DOWN – CODE AT THE OFFICE – MAX. 3 ANSWERS),Which non-EU member countries do you consider as the EU main partners in responding to challenges to the internal security of the EU? (WRITE DOWN – CODE AT THE OFFICE – MAX. 3 ANSWERS),GESIS Variable Report,681,ZA5564
v340,QC7,QC7_38 EU SECURITY PARTNERS: JORDAN,Which non-EU member countries do you consider as the EU main partners in responding to challenges to the internal security of the EU? (WRITE DOWN – CODE AT THE OFFICE – MAX. 3 ANSWERS),Which non-EU member countries do you consider as the EU main partners in responding to challenges to the internal security of the EU? (WRITE DOWN – CODE AT THE OFFICE – MAX. 3 ANSWERS),GESIS Variable Report,683,ZA5564
v341,QC7,QC7_39 EU SECURITY PARTNERS: KAZAKHSTAN,Which non-EU member countries do you consider as the EU main partners in responding to challenges to the internal security of the EU? (WRITE DOWN – CODE AT THE OFFICE – MAX. 3 ANSWERS),Which non-EU member countries do you consider as the EU main partners in responding to challenges to the internal security of the EU? (WRITE DOWN – CODE AT THE OFFICE – MAX. 3 ANSWERS),GESIS Variable Report,685,ZA5564
v342,QC7,QC7_40 EU SECURITY PARTNERS: KONGO,Which non-EU member countries do you consider as the EU main partners in responding to challenges to the internal security of the EU? (WRITE DOWN – CODE AT THE OFFICE – MAX. 3 ANSWERS),Which non-EU member countries do you consider as the EU main partners in responding to challenges to the internal security of the EU? (WRITE DOWN – CODE AT THE OFFICE – MAX. 3 ANSWERS),GESIS Variable Report,687,ZA5564
v343,QC7,QC7_41 EU SECURITY PARTNERS: KOREA,Which non-EU member countries do you consider as the EU main partners in responding to challenges to the internal security of the EU? (WRITE DOWN – CODE AT THE OFFICE – MAX. 3 ANSWERS),Which non-EU member countries do you consider as the EU main partners in responding to challenges to the internal security of the EU? (WRITE DOWN – CODE AT THE OFFICE – MAX. 3 ANSWERS),GESIS Variable Report,689,ZA5564
v344,QC7,QC7_42 EU SECURITY PARTNERS: KOSOVO,Which non-EU member countries do you consider as the EU main partners in responding to challenges to the internal security of the EU? (WRITE DOWN – CODE AT THE OFFICE – MAX. 3 ANSWERS),Which non-EU member countries do you consider as the EU main partners in responding to challenges to the internal security of the EU? (WRITE DOWN – CODE AT THE OFFICE – MAX. 3 ANSWERS),GESIS Variable Report,691,ZA5564
v345,QC7,QC7_43 EU SECURITY PARTNERS: LIBYA,Which non-EU member countries do you consider as the EU main partners in responding to challenges to the internal security of the EU? (WRITE DOWN – CODE AT THE OFFICE – MAX. 3 ANSWERS),Which non-EU member countries do you consider as the EU main partners in responding to challenges to the internal security of the EU? (WRITE DOWN – CODE AT THE OFFICE – MAX. 3 ANSWERS),GESIS Variable Report,693,ZA5564
v346,QC7,QC7_44 EU SECURITY PARTNERS: LIECHTENSTEIN,Which non-EU member countries do you consider as the EU main partners in responding to challenges to the internal security of the EU? (WRITE DOWN – CODE AT THE OFFICE – MAX. 3 ANSWERS),Which non-EU member countries do you consider as the EU main partners in responding to challenges to the internal security of the EU? (WRITE DOWN – CODE AT THE OFFICE – MAX. 3 ANSWERS),GESIS Variable Report,695,ZA5564
v347,QC7,QC7_45 EU SECURITY PARTNERS: LUXEMBOURG,Which non-EU member countries do you consider as the EU main partners in responding to challenges to the internal security of the EU? (WRITE DOWN – CODE AT THE OFFICE – MAX. 3 ANSWERS),Which non-EU member countries do you consider as the EU main partners in responding to challenges to the internal security of the EU? (WRITE DOWN – CODE AT THE OFFICE – MAX. 3 ANSWERS),GESIS Variable Report,697,ZA5564
v348,QC7,QC7_46 EU SECURITY PARTNERS: MACEDONIA,Which non-EU member countries do you consider as the EU main partners in responding to challenges to the internal security of the EU? (WRITE DOWN – CODE AT THE OFFICE – MAX. 3 ANSWERS),Which non-EU member countries do you consider as the EU main partners in responding to challenges to the internal security of the EU? (WRITE DOWN – CODE AT THE OFFICE – MAX. 3 ANSWERS),GESIS Variable Report,699,ZA5564
v349,QC7,QC7_47 EU SECURITY PARTNERS: MAGHREB,Which non-EU member countries do you consider as the EU main partners in responding to challenges to the internal security of the EU? (WRITE DOWN – CODE AT THE OFFICE – MAX. 3 ANSWERS),Which non-EU member countries do you consider as the EU main partners in responding to challenges to the internal security of the EU? (WRITE DOWN – CODE AT THE OFFICE – MAX. 3 ANSWERS),GESIS Variable Report,701,ZA5564
v350,QC7,QC7_48 EU SECURITY PARTNERS: MEXICO,Which non-EU member countries do you consider as the EU main partners in responding to challenges to the internal security of the EU? (WRITE DOWN – CODE AT THE OFFICE – MAX. 3 ANSWERS),Which non-EU member countries do you consider as the EU main partners in responding to challenges to the internal security of the EU? (WRITE DOWN – CODE AT THE OFFICE – MAX. 3 ANSWERS),GESIS Variable Report,703,ZA5564
v351,QC7,QC7_49 EU SECURITY PARTNERS: MIDDLE EAST,Which non-EU member countries do you consider as the EU main partners in responding to challenges to the internal security of the EU? (WRITE DOWN – CODE AT THE OFFICE – MAX. 3 ANSWERS),Which non-EU member countries do you consider as the EU main partners in responding to challenges to the internal security of the EU? (WRITE DOWN – CODE AT THE OFFICE – MAX. 3 ANSWERS),GESIS Variable Report,705,ZA5564
v352,QC7,QC7_50 EU SECURITY PARTNERS: MOLDAVIA,Which non-EU member countries do you consider as the EU main partners in responding to challenges to the internal security of the EU? (WRITE DOWN – CODE AT THE OFFICE – MAX. 3 ANSWERS),Which non-EU member countries do you consider as the EU main partners in responding to challenges to the internal security of the EU? (WRITE DOWN – CODE AT THE OFFICE – MAX. 3 ANSWERS),GESIS Variable Report,707,ZA5564
v353,QC7,QC7_51 EU SECURITY PARTNERS: MONACO,Which non-EU member countries do you consider as the EU main partners in responding to challenges to the internal security of the EU? (WRITE DOWN – CODE AT THE OFFICE – MAX. 3 ANSWERS),Which non-EU member countries do you consider as the EU main partners in responding to challenges to the internal security of the EU? (WRITE DOWN – CODE AT THE OFFICE – MAX. 3 ANSWERS),GESIS Variable Report,709,ZA5564
v354,QC7,QC7_52 EU SECURITY PARTNERS: MONTENEGRO,Which non-EU member countries do you consider as the EU main partners in responding to challenges to the internal security of the EU? (WRITE DOWN – CODE AT THE OFFICE – MAX. 3 ANSWERS),Which non-EU member countries do you consider as the EU main partners in responding to challenges to the internal security of the EU? (WRITE DOWN – CODE AT THE OFFICE – MAX. 3 ANSWERS),GESIS Variable Report,711,ZA5564
v355,QC7,QC7_53 EU SECURITY PARTNERS: MOROCCO,Which non-EU member countries do you consider as the EU main partners in responding to challenges to the internal security of the EU? (WRITE DOWN – CODE AT THE OFFICE – MAX. 3 ANSWERS),Which non-EU member countries do you consider as the EU main partners in responding to challenges to the internal security of the EU? (WRITE DOWN – CODE AT THE OFFICE – MAX. 3 ANSWERS),GESIS Variable Report,713,ZA5564
v356,QC7,QC7_54 EU SECURITY PARTNERS: NATO COUNTRIES,Which non-EU member countries do you consider as the EU main partners in responding to challenges to the internal security of the EU? (WRITE DOWN – CODE AT THE OFFICE – MAX. 3 ANSWERS),Which non-EU member countries do you consider as the EU main partners in responding to challenges to the internal security of the EU? (WRITE DOWN – CODE AT THE OFFICE – MAX. 3 ANSWERS),GESIS Variable Report,715,ZA5564
v357,QC7,QC7_55 EU SECURITY PARTNERS: NETHERLANDS,Which non-EU member countries do you consider as the EU main partners in responding to challenges to the internal security of the EU? (WRITE DOWN – CODE AT THE OFFICE – MAX. 3 ANSWERS),Which non-EU member countries do you consider as the EU main partners in responding to challenges to the internal security of the EU? (WRITE DOWN – CODE AT THE OFFICE – MAX. 3 ANSWERS),GESIS Variable Report,717,ZA5564
v358,QC7,QC7_56 EU SECURITY PARTNERS: NEW ZEALAND,Which non-EU member countries do you consider as the EU main partners in responding to challenges to the internal security of the EU? (WRITE DOWN – CODE AT THE OFFICE – MAX. 3 ANSWERS),Which non-EU member countries do you consider as the EU main partners in responding to challenges to the internal security of the EU? (WRITE DOWN – CODE AT THE OFFICE – MAX. 3 ANSWERS),GESIS Variable Report,719,ZA5564
v359,QC7,QC7_57 EU SECURITY PARTNERS: NIGERIA,Which non-EU member countries do you consider as the EU main partners in responding to challenges to the internal security of the EU? (WRITE DOWN – CODE AT THE OFFICE – MAX. 3 ANSWERS),Which non-EU member countries do you consider as the EU main partners in responding to challenges to the internal security of the EU? (WRITE DOWN – CODE AT THE OFFICE – MAX. 3 ANSWERS),GESIS Variable Report,721,ZA5564
v360,QC7,QC7_58 EU SECURITY PARTNERS: NORTH AFRICA,Which non-EU member countries do you consider as the EU main partners in responding to challenges to the internal security of the EU? (WRITE DOWN – CODE AT THE OFFICE – MAX. 3 ANSWERS),Which non-EU member countries do you consider as the EU main partners in responding to challenges to the internal security of the EU? (WRITE DOWN – CODE AT THE OFFICE – MAX. 3 ANSWERS),GESIS Variable Report,723,ZA5564
v361,QC7,QC7_59 EU SECURITY PARTNERS: NORTH KOREA,Which non-EU member countries do you consider as the EU main partners in responding to challenges to the internal security of the EU? (WRITE DOWN – CODE AT THE OFFICE – MAX. 3 ANSWERS),Which non-EU member countries do you consider as the EU main partners in responding to challenges to the internal security of the EU? (WRITE DOWN – CODE AT THE OFFICE – MAX. 3 ANSWERS),GESIS Variable Report,725,ZA5564
v362,QC7,QC7_60 EU SECURITY PARTNERS: NORWAY,Which non-EU member countries do you consider as the EU main partners in responding to challenges to the internal security of the EU? (WRITE DOWN – CODE AT THE OFFICE – MAX. 3 ANSWERS),Which non-EU member countries do you consider as the EU main partners in responding to challenges to the internal security of the EU? (WRITE DOWN – CODE AT THE OFFICE – MAX. 3 ANSWERS),GESIS Variable Report,727,ZA5564
v363,QC7,QC7_61 EU SECURITY PARTNERS: PAKISTAN,Which non-EU member countries do you consider as the EU main partners in responding to challenges to the internal security of the EU? (WRITE DOWN – CODE AT THE OFFICE – MAX. 3 ANSWERS),Which non-EU member countries do you consider as the EU main partners in responding to challenges to the internal security of the EU? (WRITE DOWN – CODE AT THE OFFICE – MAX. 3 ANSWERS),GESIS Variable Report,729,ZA5564
v364,QC7,QC7_62 EU SECURITY PARTNERS: PALESTINE,Which non-EU member countries do you consider as the EU main partners in responding to challenges to the internal security of the EU? (WRITE DOWN – CODE AT THE OFFICE – MAX. 3 ANSWERS),Which non-EU member countries do you consider as the EU main partners in responding to challenges to the internal security of the EU? (WRITE DOWN – CODE AT THE OFFICE – MAX. 3 ANSWERS),GESIS Variable Report,731,ZA5564
v365,QC7,QC7_63 EU SECURITY PARTNERS: PHILIPPINES,Which non-EU member countries do you consider as the EU main partners in responding to challenges to the internal security of the EU? (WRITE DOWN – CODE AT THE OFFICE – MAX. 3 ANSWERS),Which non-EU member countries do you consider as the EU main partners in responding to challenges to the internal security of the EU? (WRITE DOWN – CODE AT THE OFFICE – MAX. 3 ANSWERS),GESIS Variable Report,733,ZA5564
v366,QC7,QC7_64 EU SECURITY PARTNERS: QATAR,Which non-EU member countries do you consider as the EU main partners in responding to challenges to the internal security of the EU? (WRITE DOWN – CODE AT THE OFFICE – MAX. 3 ANSWERS),Which non-EU member countries do you consider as the EU main partners in responding to challenges to the internal security of the EU? (WRITE DOWN – CODE AT THE OFFICE – MAX. 3 ANSWERS),GESIS Variable Report,735,ZA5564
v367,QC7,QC7_65 EU SECURITY PARTNERS: ROMANIA,Which non-EU member countries do you consider as the EU main partners in responding to challenges to the internal security of the EU? (WRITE DOWN – CODE AT THE OFFICE – MAX. 3 ANSWERS),Which non-EU member countries do you consider as the EU main partners in responding to challenges to the internal security of the EU? (WRITE DOWN – CODE AT THE OFFICE – MAX. 3 ANSWERS),GESIS Variable Report,737,ZA5564
v368,QC7,QC7_66 EU SECURITY PARTNERS: RUSSIA,Which non-EU member countries do you consider as the EU main partners in responding to challenges to the internal security of the EU? (WRITE DOWN – CODE AT THE OFFICE – MAX. 3 ANSWERS),Which non-EU member countries do you consider as the EU main partners in responding to challenges to the internal security of the EU? (WRITE DOWN – CODE AT THE OFFICE – MAX. 3 ANSWERS),GESIS Variable Report,739,ZA5564
v369,QC7,QC7_67 EU SECURITY PARTNERS: SAUDI ARABIA,Which non-EU member countries do you consider as the EU main partners in responding to challenges to the internal security of the EU? (WRITE DOWN – CODE AT THE OFFICE – MAX. 3 ANSWERS),Which non-EU member countries do you consider as the EU main partners in responding to challenges to the internal security of the EU? (WRITE DOWN – CODE AT THE OFFICE – MAX. 3 ANSWERS),GESIS Variable Report,741,ZA5564
v370,QC7,QC7_68 EU SECURITY PARTNERS: SERBIA,Which non-EU member countries do you consider as the EU main partners in responding to challenges to the internal security of the EU? (WRITE DOWN – CODE AT THE OFFICE – MAX. 3 ANSWERS),Which non-EU member countries do you consider as the EU main partners in responding to challenges to the internal security of the EU? (WRITE DOWN – CODE AT THE OFFICE – MAX. 3 ANSWERS),GESIS Variable Report,743,ZA5564
v371,QC7,QC7_69 EU SECURITY PARTNERS: SLOVAKIA,Which non-EU member countries do you consider as the EU main partners in responding to challenges to the internal security of the EU? (WRITE DOWN – CODE AT THE OFFICE – MAX. 3 ANSWERS),Which non-EU member countries do you consider as the EU main partners in responding to challenges to the internal security of the EU? (WRITE DOWN – CODE AT THE OFFICE – MAX. 3 ANSWERS),GESIS Variable Report,745,ZA5564
v372,QC7,QC7_70 EU SECURITY PARTNERS: SOMALIA,Which non-EU member countries do you consider as the EU main partners in responding to challenges to the internal security of the EU? (WRITE DOWN – CODE AT THE OFFICE – MAX. 3 ANSWERS),Which non-EU member countries do you consider as the EU main partners in responding to challenges to the internal security of the EU? (WRITE DOWN – CODE AT THE OFFICE – MAX. 3 ANSWERS),GESIS Variable Report,747,ZA5564
v373,QC7,QC7_71 EU SECURITY PARTNERS: SOUTH AFRICA,Which non-EU member countries do you consider as the EU main partners in responding to challenges to the internal security of the EU? (WRITE DOWN – CODE AT THE OFFICE – MAX. 3 ANSWERS),Which non-EU member countries do you consider as the EU main partners in responding to challenges to the internal security of the EU? (WRITE DOWN – CODE AT THE OFFICE – MAX. 3 ANSWERS),GESIS Variable Report,749,ZA5564
v374,QC7,QC7_72 EU SECURITY PARTNERS: SOUTH KOREA,Which non-EU member countries do you consider as the EU main partners in responding to challenges to the internal security of the EU? (WRITE DOWN – CODE AT THE OFFICE – MAX. 3 ANSWERS),Which non-EU member countries do you consider as the EU main partners in responding to challenges to the internal security of the EU? (WRITE DOWN – CODE AT THE OFFICE – MAX. 3 ANSWERS),GESIS Variable Report,751,ZA5564
v375,QC7,QC7_73 EU SECURITY PARTNERS: SPAIN,Which non-EU member countries do you consider as the EU main partners in responding to challenges to the internal security of the EU? (WRITE DOWN – CODE AT THE OFFICE – MAX. 3 ANSWERS),Which non-EU member countries do you consider as the EU main partners in responding to challenges to the internal security of the EU? (WRITE DOWN – CODE AT THE OFFICE – MAX. 3 ANSWERS),GESIS Variable Report,753,ZA5564
v376,QC7,QC7_74 EU SECURITY PARTNERS: SUDAN,Which non-EU member countries do you consider as the EU main partners in responding to challenges to the internal security of the EU? (WRITE DOWN – CODE AT THE OFFICE – MAX. 3 ANSWERS),Which non-EU member countries do you consider as the EU main partners in responding to challenges to the internal security of the EU? (WRITE DOWN – CODE AT THE OFFICE – MAX. 3 ANSWERS),GESIS Variable Report,755,ZA5564
v377,QC7,QC7_75 EU SECURITY PARTNERS: SWEDEN,Which non-EU member countries do you consider as the EU main partners in responding to challenges to the internal security of the EU? (WRITE DOWN – CODE AT THE OFFICE – MAX. 3 ANSWERS),Which non-EU member countries do you consider as the EU main partners in responding to challenges to the internal security of the EU? (WRITE DOWN – CODE AT THE OFFICE – MAX. 3 ANSWERS),GESIS Variable Report,757,ZA5564
v378,QC7,QC7_76 EU SECURITY PARTNERS: SWITZERLAND,Which non-EU member countries do you consider as the EU main partners in responding to challenges to the internal security of the EU? (WRITE DOWN – CODE AT THE OFFICE – MAX. 3 ANSWERS),Which non-EU member countries do you consider as the EU main partners in responding to challenges to the internal security of the EU? (WRITE DOWN – CODE AT THE OFFICE – MAX. 3 ANSWERS),GESIS Variable Report,759,ZA5564
v379,QC7,QC7_77 EU SECURITY PARTNERS: SYRIA,Which non-EU member countries do you consider as the EU main partners in responding to challenges to the internal security of the EU? (WRITE DOWN – CODE AT THE OFFICE – MAX. 3 ANSWERS),Which non-EU member countries do you consider as the EU main partners in responding to challenges to the internal security of the EU? (WRITE DOWN – CODE AT THE OFFICE – MAX. 3 ANSWERS),GESIS Variable Report,761,ZA5564
v380,QC7,QC7_78 EU SECURITY PARTNERS: TUNESIA,Which non-EU member countries do you consider as the EU main partners in responding to challenges to the internal security of the EU? (WRITE DOWN – CODE AT THE OFFICE – MAX. 3 ANSWERS),Which non-EU member countries do you consider as the EU main partners in responding to challenges to the internal security of the EU? (WRITE DOWN – CODE AT THE OFFICE – MAX. 3 ANSWERS),GESIS Variable Report,763,ZA5564
v381,QC7,QC7_79 EU SECURITY PARTNERS: TURKEY,Which non-EU member countries do you consider as the EU main partners in responding to challenges to the internal security of the EU? (WRITE DOWN – CODE AT THE OFFICE – MAX. 3 ANSWERS),Which non-EU member countries do you consider as the EU main partners in responding to challenges to the internal security of the EU? (WRITE DOWN – CODE AT THE OFFICE – MAX. 3 ANSWERS),GESIS Variable Report,765,ZA5564
v382,QC7,QC7_80 EU SECURITY PARTNERS: UKRAINE,Which non-EU member countries do you consider as the EU main partners in responding to challenges to the internal security of the EU? (WRITE DOWN – CODE AT THE OFFICE – MAX. 3 ANSWERS),Which non-EU member countries do you consider as the EU main partners in responding to challenges to the internal security of the EU? (WRITE DOWN – CODE AT THE OFFICE – MAX. 3 ANSWERS),GESIS Variable Report,767,ZA5564
v383,QC7,QC7_81 EU SECURITY PARTNERS: UNITED ARAB EMIRATES,Which non-EU member countries do you consider as the EU main partners in responding to challenges to the internal security of the EU? (WRITE DOWN – CODE AT THE OFFICE – MAX. 3 ANSWERS),Which non-EU member countries do you consider as the EU main partners in responding to challenges to the internal security of the EU? (WRITE DOWN – CODE AT THE OFFICE – MAX. 3 ANSWERS),GESIS Variable Report,769,ZA5564
v384,QC7,QC7_82 EU SECURITY PARTNERS: UNITED KINGDOM,Which non-EU member countries do you consider as the EU main partners in responding to challenges to the internal security of the EU? (WRITE DOWN – CODE AT THE OFFICE – MAX. 3 ANSWERS),Which non-EU member countries do you consider as the EU main partners in responding to challenges to the internal security of the EU? (WRITE DOWN – CODE AT THE OFFICE – MAX. 3 ANSWERS),GESIS Variable Report,771,ZA5564
v385,QC7,QC7_83 EU SECURITY PARTNERS: USA,Which non-EU member countries do you consider as the EU main partners in responding to challenges to the internal security of the EU? (WRITE DOWN – CODE AT THE OFFICE – MAX. 3 ANSWERS),Which non-EU member countries do you consider as the EU main partners in responding to challenges to the internal security of the EU? (WRITE DOWN – CODE AT THE OFFICE – MAX. 3 ANSWERS),GESIS Variable Report,773,ZA5564
v386,QC7,QC7_84 EU SECURITY PARTNERS: POLAND,Which non-EU member countries do you consider as the EU main partners in responding to challenges to the internal security of the EU? (WRITE DOWN – CODE AT THE OFFICE – MAX. 3 ANSWERS),Which non-EU member countries do you consider as the EU main partners in responding to challenges to the internal security of the EU? (WRITE DOWN – CODE AT THE OFFICE – MAX. 3 ANSWERS),GESIS Variable Report,775,ZA5564
v387,QC7,QC7_85 EU SECURITY PARTNERS: PORTUGAL,Which non-EU member countries do you consider as the EU main partners in responding to challenges to the internal security of the EU? (WRITE DOWN – CODE AT THE OFFICE – MAX. 3 ANSWERS),Which non-EU member countries do you consider as the EU main partners in responding to challenges to the internal security of the EU? (WRITE DOWN – CODE AT THE OFFICE – MAX. 3 ANSWERS),GESIS Variable Report,777,ZA5564
v388,QC7,QC7_86 EU SECURITY PARTNERS: SLOVENIA,Which non-EU member countries do you consider as the EU main partners in responding to challenges to the internal security of the EU? (WRITE DOWN – CODE AT THE OFFICE – MAX. 3 ANSWERS),Which non-EU member countries do you consider as the EU main partners in responding to challenges to the internal security of the EU? (WRITE DOWN – CODE AT THE OFFICE – MAX. 3 ANSWERS),GESIS Variable Report,779,ZA5564
v389,QC7,QC7_87 EU SECURITY PARTNERS: CZECH REPUBLIC,Which non-EU member countries do you consider as the EU main partners in responding to challenges to the internal security of the EU? (WRITE DOWN – CODE AT THE OFFICE – MAX. 3 ANSWERS),Which non-EU member countries do you consider as the EU main partners in responding to challenges to the internal security of the EU? (WRITE DOWN – CODE AT THE OFFICE – MAX. 3 ANSWERS),GESIS Variable Report,781,ZA5564
v390,QC7,QC7_88 EU SECURITY PARTNERS: HUNGARY,Which non-EU member countries do you consider as the EU main partners in responding to challenges to the internal security of the EU? (WRITE DOWN – CODE AT THE OFFICE – MAX. 3 ANSWERS),Which non-EU member countries do you consider as the EU main partners in responding to challenges to the internal security of the EU? (WRITE DOWN – CODE AT THE OFFICE – MAX. 3 ANSWERS),GESIS Variable Report,783,ZA5564
v391,QC7,QC7_89 EU SECURITY PARTNERS: EX-YUGOSLAVIA,Which non-EU member countries do you consider as the EU main partners in responding to challenges to the internal security of the EU? (WRITE DOWN – CODE AT THE OFFICE – MAX. 3 ANSWERS),Which non-EU member countries do you consider as the EU main partners in responding to challenges to the internal security of the EU? (WRITE DOWN – CODE AT THE OFFICE – MAX. 3 ANSWERS),GESIS Variable Report,785,ZA5564
v392,QC7,QC7_90 EU SECURITY PARTNERS: BALKAN STATES,Which non-EU member countries do you consider as the EU main partners in responding to challenges to the internal security of the EU? (WRITE DOWN – CODE AT THE OFFICE – MAX. 3 ANSWERS),Which non-EU member countries do you consider as the EU main partners in responding to challenges to the internal security of the EU? (WRITE DOWN – CODE AT THE OFFICE – MAX. 3 ANSWERS),GESIS Variable Report,787,ZA5564
v393,QC7,QC7_91 EU SECURITY PARTNERS: EAST BLOCK STATES,Which non-EU member countries do you consider as the EU main partners in responding to challenges to the internal security of the EU? (WRITE DOWN – CODE AT THE OFFICE – MAX. 3 ANSWERS),Which non-EU member countries do you consider as the EU main partners in responding to challenges to the internal security of the EU? (WRITE DOWN – CODE AT THE OFFICE – MAX. 3 ANSWERS),GESIS Variable Report,789,ZA5564
v394,QC7,QC7_92 EU SECURITY PARTNERS: ARGENTINA,Which non-EU member countries do you consider as the EU main partners in responding to challenges to the internal security of the EU? (WRITE DOWN – CODE AT THE OFFICE – MAX. 3 ANSWERS),Which non-EU member countries do you consider as the EU main partners in responding to challenges to the internal security of the EU? (WRITE DOWN – CODE AT THE OFFICE – MAX. 3 ANSWERS),GESIS Variable Report,791,ZA5564
v395,QC7,QC7_93 EU SECURITY PARTNERS: CHECHNYA,Which non-EU member countries do you consider as the EU main partners in responding to challenges to the internal security of the EU? (WRITE DOWN – CODE AT THE OFFICE – MAX. 3 ANSWERS),Which non-EU member countries do you consider as the EU main partners in responding to challenges to the internal security of the EU? (WRITE DOWN – CODE AT THE OFFICE – MAX. 3 ANSWERS),GESIS Variable Report,793,ZA5564
v396,QC7,QC7_94 EU SECURITY PARTNERS: LATVIA,Which non-EU member countries do you consider as the EU main partners in responding to challenges to the internal security of the EU? (WRITE DOWN – CODE AT THE OFFICE – MAX. 3 ANSWERS),Which non-EU member countries do you consider as the EU main partners in responding to challenges to the internal security of the EU? (WRITE DOWN – CODE AT THE OFFICE – MAX. 3 ANSWERS),GESIS Variable Report,795,ZA5564
v397,QC7,QC7_95 EU SECURITY PARTNERS: LITHUANIA,Which non-EU member countries do you consider as the EU main partners in responding to challenges to the internal security of the EU? (WRITE DOWN – CODE AT THE OFFICE – MAX. 3 ANSWERS),Which non-EU member countries do you consider as the EU main partners in responding to challenges to the internal security of the EU? (WRITE DOWN – CODE AT THE OFFICE – MAX. 3 ANSWERS),GESIS Variable Report,797,ZA5564
v398,QC7,QC7_96 EU SECURITY PARTNERS: SCANDINAVIA,Which non-EU member countries do you consider as the EU main partners in responding to challenges to the internal security of the EU? (WRITE DOWN – CODE AT THE OFFICE – MAX. 3 ANSWERS),Which non-EU member countries do you consider as the EU main partners in responding to challenges to the internal security of the EU? (WRITE DOWN – CODE AT THE OFFICE – MAX. 3 ANSWERS),GESIS Variable Report,799,ZA5564
v399,QC7,QC7_97 EU SECURITY PARTNERS: SOUTH AMERICA,Which non-EU member countries do you consider as the EU main partners in responding to challenges to the internal security of the EU? (WRITE DOWN – CODE AT THE OFFICE – MAX. 3 ANSWERS),Which non-EU member countries do you consider as the EU main partners in responding to challenges to the internal security of the EU? (WRITE DOWN – CODE AT THE OFFICE – MAX. 3 ANSWERS),GESIS Variable Report,801,ZA5564
v400,QC7,QC7_98 EU SECURITY PARTNERS: VATICAN,Which non-EU member countries do you consider as the EU main partners in responding to challenges to the internal security of the EU? (WRITE DOWN – CODE AT THE OFFICE – MAX. 3 ANSWERS),Which non-EU member countries do you consider as the EU main partners in responding to challenges to the internal security of the EU? (WRITE DOWN – CODE AT THE OFFICE – MAX. 3 ANSWERS),GESIS Variable Report,803,ZA5564
v401,QC7,QC7_99 EU SECURITY PARTNERS: MEDITERRANEAN CNTRS,Which non-EU member countries do you consider as the EU main partners in responding to challenges to the internal security of the EU? (WRITE DOWN – CODE AT THE OFFICE – MAX. 3 ANSWERS),Which non-EU member countries do you consider as the EU main partners in responding to challenges to the internal security of the EU? (WRITE DOWN – CODE AT THE OFFICE – MAX. 3 ANSWERS),GESIS Variable Report,805,ZA5564
v402,QC7,QC7_100 EU SECURITY PARTNERS: NEIGHBOURS OF AUSTRIA,Which non-EU member countries do you consider as the EU main partners in responding to challenges to the internal security of the EU? (WRITE DOWN – CODE AT THE OFFICE – MAX. 3 ANSWERS),Which non-EU member countries do you consider as the EU main partners in responding to challenges to the internal security of the EU? (WRITE DOWN – CODE AT THE OFFICE – MAX. 3 ANSWERS),GESIS Variable Report,807,ZA5564
v403,QC7,QC7_101 EU SECURITY PARTNERS: CNTRS BORDERING THE EU,Which non-EU member countries do you consider as the EU main partners in responding to challenges to the internal security of the EU? (WRITE DOWN – CODE AT THE OFFICE – MAX. 3 ANSWERS),Which non-EU member countries do you consider as the EU main partners in responding to challenges to the internal security of the EU? (WRITE DOWN – CODE AT THE OFFICE – MAX. 3 ANSWERS),GESIS Variable Report,809,ZA5564
v404,QC7,QC7_102 EU SECURITY PARTNERS: NON-EUROPEAN CNTRS,Which non-EU member countries do you consider as the EU main partners in responding to challenges to the internal security of the EU? (WRITE DOWN – CODE AT THE OFFICE – MAX. 3 ANSWERS),Which non-EU member countries do you consider as the EU main partners in responding to challenges to the internal security of the EU? (WRITE DOWN – CODE AT THE OFFICE – MAX. 3 ANSWERS),GESIS Variable Report,811,ZA5564
v405,QC7,QC7_103 EU SECURITY PARTNERS: ALL CNTRS,Which non-EU member countries do you consider as the EU main partners in responding to challenges to the internal security of the EU? (WRITE DOWN – CODE AT THE OFFICE – MAX. 3 ANSWERS),Which non-EU member countries do you consider as the EU main partners in responding to challenges to the internal security of the EU? (WRITE DOWN – CODE AT THE OFFICE – MAX. 3 ANSWERS),GESIS Variable Report,813,ZA5564
v406,QC7,QC7_104 EU SECURITY PARTNERS: CNTRS FACING CHANGE,Which non-EU member countries do you consider as the EU main partners in responding to challenges to the internal security of the EU? (WRITE DOWN – CODE AT THE OFFICE – MAX. 3 ANSWERS),Which non-EU member countries do you consider as the EU main partners in responding to challenges to the internal security of the EU? (WRITE DOWN – CODE AT THE OFFICE – MAX. 3 ANSWERS),GESIS Variable Report,815,ZA5564
v407,QC7,QC7_105 EU SECURITY PARTNERS: REMAINING EUROP CNTRS,Which non-EU member countries do you consider as the EU main partners in responding to challenges to the internal security of the EU? (WRITE DOWN – CODE AT THE OFFICE – MAX. 3 ANSWERS),Which non-EU member countries do you consider as the EU main partners in responding to challenges to the internal security of the EU? (WRITE DOWN – CODE AT THE OFFICE – MAX. 3 ANSWERS),GESIS Variable Report,817,ZA5564
v408,QC7,QC7_106 EU SECURITY PARTNERS: OPEC MEMBER CNTRS,Which non-EU member countries do you consider as the EU main partners in responding to challenges to the internal security of the EU? (WRITE DOWN – CODE AT THE OFFICE – MAX. 3 ANSWERS),Which non-EU member countries do you consider as the EU main partners in responding to challenges to the internal security of the EU? (WRITE DOWN – CODE AT THE OFFICE – MAX. 3 ANSWERS),GESIS Variable Report,819,ZA5564
v409,QC7,QC7_107 EU SECURITY PARTNERS: G20 CNTRS,Which non-EU member countries do you consider as the EU main partners in responding to challenges to the internal security of the EU? (WRITE DOWN – CODE AT THE OFFICE – MAX. 3 ANSWERS),Which non-EU member countries do you consider as the EU main partners in responding to challenges to the internal security of the EU? (WRITE DOWN – CODE AT THE OFFICE – MAX. 3 ANSWERS),GESIS Variable Report,821,ZA5564
v410,QC7,QC7_108 EU SECURITY PARTNERS: UNO MEMBER CNTRS,Which non-EU member countries do you consider as the EU main partners in responding to challenges to the internal security of the EU? (WRITE DOWN – CODE AT THE OFFICE – MAX. 3 ANSWERS),Which non-EU member countries do you consider as the EU main partners in responding to challenges to the internal security of the EU? (WRITE DOWN – CODE AT THE OFFICE – MAX. 3 ANSWERS),GESIS Variable Report,823,ZA5564
v411,QC7,QC7_109 EU SECURITY PARTNERS: BRIC CNTRS,Which non-EU member countries do you consider as the EU main partners in responding to challenges to the internal security of the EU? (WRITE DOWN – CODE AT THE OFFICE – MAX. 3 ANSWERS),Which non-EU member countries do you consider as the EU main partners in responding to challenges to the internal security of the EU? (WRITE DOWN – CODE AT THE OFFICE – MAX. 3 ANSWERS),GESIS Variable Report,825,ZA5564
v412,QC7,QC7_110 EU SECURITY PARTNERS: COMMONWEALTH CNTRS,Which non-EU member countries do you consider as the EU main partners in responding to challenges to the internal security of the EU? (WRITE DOWN – CODE AT THE OFFICE – MAX. 3 ANSWERS),Which non-EU member countries do you consider as the EU main partners in responding to challenges to the internal security of the EU? (WRITE DOWN – CODE AT THE OFFICE – MAX. 3 ANSWERS),GESIS Variable Report,827,ZA5564
v413,QC7,QC7_111 EU SECURITY PARTNERS: EAST (AS IN ASIA),Which non-EU member countries do you consider as the EU main partners in responding to challenges to the internal security of the EU? (WRITE DOWN – CODE AT THE OFFICE – MAX. 3 ANSWERS),Which non-EU member countries do you consider as the EU main partners in responding to challenges to the internal security of the EU? (WRITE DOWN – CODE AT THE OFFICE – MAX. 3 ANSWERS),GESIS Variable Report,829,ZA5564
v414,QC7,QC7_112 EU SECURITY PARTNERS: NON-EU EASTERN EUROPE,Which non-EU member countries do you consider as the EU main partners in responding to challenges to the internal security of the EU? (WRITE DOWN – CODE AT THE OFFICE – MAX. 3 ANSWERS),Which non-EU member countries do you consider as the EU main partners in responding to challenges to the internal security of the EU? (WRITE DOWN – CODE AT THE OFFICE – MAX. 3 ANSWERS),GESIS Variable Report,831,ZA5564
v415,QC7,QC7_113 EU SECURITY PARTNERS: NON-EU WESTERN WORLD,Which non-EU member countries do you consider as the EU main partners in responding to challenges to the internal security of the EU? (WRITE DOWN – CODE AT THE OFFICE – MAX. 3 ANSWERS),Which non-EU member countries do you consider as the EU main partners in responding to challenges to the internal security of the EU? (WRITE DOWN – CODE AT THE OFFICE – MAX. 3 ANSWERS),GESIS Variable Report,833,ZA5564
v416,QC7,QC7_114 EU SECURITY PARTNERS: NORDIC COUNTRIES,Which non-EU member countries do you consider as the EU main partners in responding to challenges to the internal security of the EU? (WRITE DOWN – CODE AT THE OFFICE – MAX. 3 ANSWERS),Which non-EU member countries do you consider as the EU main partners in responding to challenges to the internal security of the EU? (WRITE DOWN – CODE AT THE OFFICE – MAX. 3 ANSWERS),GESIS Variable Report,835,ZA5564
v417,QC7,QC7_115 EU SECURITY PARTNERS: SOVJET UNION,Which non-EU member countries do you consider as the EU main partners in responding to challenges to the internal security of the EU? (WRITE DOWN – CODE AT THE OFFICE – MAX. 3 ANSWERS),Which non-EU member countries do you consider as the EU main partners in responding to challenges to the internal security of the EU? (WRITE DOWN – CODE AT THE OFFICE – MAX. 3 ANSWERS),GESIS Variable Report,837,ZA5564
v418,QC7,QC7_116 EU SECURITY PARTNERS: AMERICA,Which non-EU member countries do you consider as the EU main partners in responding to challenges to the internal security of the EU? (WRITE DOWN – CODE AT THE OFFICE – MAX. 3 ANSWERS),Which non-EU member countries do you consider as the EU main partners in responding to challenges to the internal security of the EU? (WRITE DOWN – CODE AT THE OFFICE – MAX. 3 ANSWERS),GESIS Variable Report,839,ZA5564
v419,QC7,QC7_117 EU SECURITY PARTNERS: YUGOSLAVIA,Which non-EU member countries do you consider as the EU main partners in responding to challenges to the internal security of the EU? (WRITE DOWN – CODE AT THE OFFICE – MAX. 3 ANSWERS),Which non-EU member countries do you consider as the EU main partners in responding to challenges to the internal security of the EU? (WRITE DOWN – CODE AT THE OFFICE – MAX. 3 ANSWERS),GESIS Variable Report,841,ZA5564
v420,QC7,QC7_118 EU SECURITY PARTNERS: CUBA,Which non-EU member countries do you consider as the EU main partners in responding to challenges to the internal security of the EU? (WRITE DOWN – CODE AT THE OFFICE – MAX. 3 ANSWERS),Which non-EU member countries do you consider as the EU main partners in responding to challenges to the internal security of the EU? (WRITE DOWN – CODE AT THE OFFICE – MAX. 3 ANSWERS),GESIS Variable Report,843,ZA5564
v421,QC7,QC7_119 EU SECURITY PARTNERS: CNTRS PREPARING FOR EU,Which non-EU member countries do you consider as the EU main partners in responding to challenges to the internal security of the EU? (WRITE DOWN – CODE AT THE OFFICE – MAX. 3 ANSWERS),Which non-EU member countries do you consider as the EU main partners in responding to challenges to the internal security of the EU? (WRITE DOWN – CODE AT THE OFFICE – MAX. 3 ANSWERS),GESIS Variable Report,845,ZA5564
v422,QC7,QC7_120 EU SECURITY PARTNERS: EU MEMBER STATES,Which non-EU member countries do you consider as the EU main partners in responding to challenges to the internal security of the EU? (WRITE DOWN – CODE AT THE OFFICE – MAX. 3 ANSWERS),Which non-EU member countries do you consider as the EU main partners in responding to challenges to the internal security of the EU? (WRITE DOWN – CODE AT THE OFFICE – MAX. 3 ANSWERS),GESIS Variable Report,847,ZA5564
v423,QC7,QC7_121 EU SECURITY PARTNERS: ALL WILLING CNTRS,Which non-EU member countries do you consider as the EU main partners in responding to challenges to the internal security of the EU? (WRITE DOWN – CODE AT THE OFFICE – MAX. 3 ANSWERS),Which non-EU member countries do you consider as the EU main partners in responding to challenges to the internal security of the EU? (WRITE DOWN – CODE AT THE OFFICE – MAX. 3 ANSWERS),GESIS Variable Report,849,ZA5564
v424,QC7,QC7_122 EU SECURITY PARTNERS: WHOLE EUROPE,Which non-EU member countries do you consider as the EU main partners in responding to challenges to the internal security of the EU? (WRITE DOWN – CODE AT THE OFFICE – MAX. 3 ANSWERS),Which non-EU member countries do you consider as the EU main partners in responding to challenges to the internal security of the EU? (WRITE DOWN – CODE AT THE OFFICE – MAX. 3 ANSWERS),GESIS Variable Report,851,ZA5564
v425,QC7,QC7_123 EU SECURITY PARTNERS: MUSLIM CNTRS,Which non-EU member countries do you consider as the EU main partners in responding to challenges to the internal security of the EU? (WRITE DOWN – CODE AT THE OFFICE – MAX. 3 ANSWERS),Which non-EU member countries do you consider as the EU main partners in responding to challenges to the internal security of the EU? (WRITE DOWN – CODE AT THE OFFICE – MAX. 3 ANSWERS),GESIS Variable Report,853,ZA5564
v426,QC7,QC7_124 EU SECURITY PARTNERS: SOUTHERN CNTRS,Which non-EU member countries do you consider as the EU main partners in responding to challenges to the internal security of the EU? (WRITE DOWN – CODE AT THE OFFICE – MAX. 3 ANSWERS),Which non-EU member countries do you consider as the EU main partners in responding to challenges to the internal security of the EU? (WRITE DOWN – CODE AT THE OFFICE – MAX. 3 ANSWERS),GESIS Variable Report,855,ZA5564
v427,QC7,QC7_125 EU SECURITY PARTNERS: FORMER USSR CNTRS,Which non-EU member countries do you consider as the EU main partners in responding to challenges to the internal security of the EU? (WRITE DOWN – CODE AT THE OFFICE – MAX. 3 ANSWERS),Which non-EU member countries do you consider as the EU main partners in responding to challenges to the internal security of the EU? (WRITE DOWN – CODE AT THE OFFICE – MAX. 3 ANSWERS),GESIS Variable Report,857,ZA5564
v428,QC7,QC7_126 EU SECURITY PARTNERS: NEIGHBOUR CNTRS,Which non-EU member countries do you consider as the EU main partners in responding to challenges to the internal security of the EU? (WRITE DOWN – CODE AT THE OFFICE – MAX. 3 ANSWERS),Which non-EU member countries do you consider as the EU main partners in responding to challenges to the internal security of the EU? (WRITE DOWN – CODE AT THE OFFICE – MAX. 3 ANSWERS),GESIS Variable Report,859,ZA5564
v429,QC7,QC7_127 EU SECURITY PARTNERS: NATO,Which non-EU member countries do you consider as the EU main partners in responding to challenges to the internal security of the EU? (WRITE DOWN – CODE AT THE OFFICE – MAX. 3 ANSWERS),Which non-EU member countries do you consider as the EU main partners in responding to challenges to the internal security of the EU? (WRITE DOWN – CODE AT THE OFFICE – MAX. 3 ANSWERS),GESIS Variable Report,861,ZA5564
v430,QC7,QC7_128 EU SECURITY PARTNERS: YEMEN,Which non-EU member countries do you consider as the EU main partners in responding to challenges to the internal security of the EU? (WRITE DOWN – CODE AT THE OFFICE – MAX. 3 ANSWERS),Which non-EU member countries do you consider as the EU main partners in responding to challenges to the internal security of the EU? (WRITE DOWN – CODE AT THE OFFICE – MAX. 3 ANSWERS),GESIS Variable Report,863,ZA5564
v431,QC7,QC7_129 EU SECURITY PARTNERS: NORTHERN CNTRS,Which non-EU member countries do you consider as the EU main partners in responding to challenges to the internal security of the EU? (WRITE DOWN – CODE AT THE OFFICE – MAX. 3 ANSWERS),Which non-EU member countries do you consider as the EU main partners in responding to challenges to the internal security of the EU? (WRITE DOWN – CODE AT THE OFFICE – MAX. 3 ANSWERS),GESIS Variable Report,865,ZA5564
v432,QC7,QC7_130 EU SECURITY PARTNERS: NON-EU CNTRS,Which non-EU member countries do you consider as the EU main partners in responding to challenges to the internal security of the EU? (WRITE DOWN – CODE AT THE OFFICE – MAX. 3 ANSWERS),Which non-EU member countries do you consider as the EU main partners in responding to challenges to the internal security of the EU? (WRITE DOWN – CODE AT THE OFFICE – MAX. 3 ANSWERS),GESIS Variable Report,867,ZA5564
v433,QC7,QC7_131 EU SECURITY PARTNERS: SOUTH/LATIN AMERICA,Which non-EU member countries do you consider as the EU main partners in responding to challenges to the internal security of the EU? (WRITE DOWN – CODE AT THE OFFICE – MAX. 3 ANSWERS),Which non-EU member countries do you consider as the EU main partners in responding to challenges to the internal security of the EU? (WRITE DOWN – CODE AT THE OFFICE – MAX. 3 ANSWERS),GESIS Variable Report,869,ZA5564
v434,QC7,QC7_132 EU SECURITY PARTNERS: AMERICAN COUNTRS,Which non-EU member countries do you consider as the EU main partners in responding to challenges to the internal security of the EU? (WRITE DOWN – CODE AT THE OFFICE – MAX. 3 ANSWERS),Which non-EU member countries do you consider as the EU main partners in responding to challenges to the internal security of the EU? (WRITE DOWN – CODE AT THE OFFICE – MAX. 3 ANSWERS),GESIS Variable Report,871,ZA5564
v435,QC7,QC7_133 EU SECURITY PARTNERS: LEBANON,Which non-EU member countries do you consider as the EU main partners in responding to challenges to the internal security of the EU? (WRITE DOWN – CODE AT THE OFFICE – MAX. 3 ANSWERS),Which non-EU member countries do you consider as the EU main partners in responding to challenges to the internal security of the EU? (WRITE DOWN – CODE AT THE OFFICE – MAX. 3 ANSWERS),GESIS Variable Report,873,ZA5564
v436,QC7,QC7_134 EU SECURITY PARTNERS: MONGOLIA,Which non-EU member countries do you consider as the EU main partners in responding to challenges to the internal security of the EU? (WRITE DOWN – CODE AT THE OFFICE – MAX. 3 ANSWERS),Which non-EU member countries do you consider as the EU main partners in responding to challenges to the internal security of the EU? (WRITE DOWN – CODE AT THE OFFICE – MAX. 3 ANSWERS),GESIS Variable Report,875,ZA5564
v437,QC7,QC7_135 EU SECURITY PARTNERS: WEST,Which non-EU member countries do you consider as the EU main partners in responding to challenges to the internal security of the EU? (WRITE DOWN – CODE AT THE OFFICE – MAX. 3 ANSWERS),Which non-EU member countries do you consider as the EU main partners in responding to challenges to the internal security of the EU? (WRITE DOWN – CODE AT THE OFFICE – MAX. 3 ANSWERS),GESIS Variable Report,877,ZA5564
v438,QC7,QC7_136 EU SECURITY PARTNERS: VENEZUELA,Which non-EU member countries do you consider as the EU main partners in responding to challenges to the internal security of the EU? (WRITE DOWN – CODE AT THE OFFICE – MAX. 3 ANSWERS),Which non-EU member countries do you consider as the EU main partners in responding to challenges to the internal security of the EU? (WRITE DOWN – CODE AT THE OFFICE – MAX. 3 ANSWERS),GESIS Variable Report,879,ZA5564
v439,QC7,QC7_137 EU SECURITY PARTNERS: BOLIVIA,Which non-EU member countries do you consider as the EU main partners in responding to challenges to the internal security of the EU? (WRITE DOWN – CODE AT THE OFFICE – MAX. 3 ANSWERS),Which non-EU member countries do you consider as the EU main partners in responding to challenges to the internal security of the EU? (WRITE DOWN – CODE AT THE OFFICE – MAX. 3 ANSWERS),GESIS Variable Report,881,ZA5564
v440,QC7,QC7_138 EU SECURITY PARTNERS: COLOMBIA,Which non-EU member countries do you consider as the EU main partners in responding to challenges to the internal security of the EU? (WRITE DOWN – CODE AT THE OFFICE – MAX. 3 ANSWERS),Which non-EU member countries do you consider as the EU main partners in responding to challenges to the internal security of the EU? (WRITE DOWN – CODE AT THE OFFICE – MAX. 3 ANSWERS),GESIS Variable Report,883,ZA5564
v441,QC7,QC7_139 EU SECURITY PARTNERS: EMERGING CNTRS,Which non-EU member countries do you consider as the EU main partners in responding to challenges to the internal security of the EU? (WRITE DOWN – CODE AT THE OFFICE – MAX. 3 ANSWERS),Which non-EU member countries do you consider as the EU main partners in responding to challenges to the internal security of the EU? (WRITE DOWN – CODE AT THE OFFICE – MAX. 3 ANSWERS),GESIS Variable Report,885,ZA5564
v442,QC7,QC7_140 EU SECURITY PARTNERS: ALL,Which non-EU member countries do you consider as the EU main partners in responding to challenges to the internal security of the EU? (WRITE DOWN – CODE AT THE OFFICE – MAX. 3 ANSWERS),Which non-EU member countries do you consider as the EU main partners in responding to challenges to the internal security of the EU? (WRITE DOWN – CODE AT THE OFFICE – MAX. 3 ANSWERS),GESIS Variable Report,887,ZA5564
v443,QC7,QC7_141 EU SECURITY PARTNERS: DONT TRUST NON-EUROP,Which non-EU member countries do you consider as the EU main partners in responding to challenges to the internal security of the EU? (WRITE DOWN – CODE AT THE OFFICE – MAX. 3 ANSWERS),Which non-EU member countries do you consider as the EU main partners in responding to challenges to the internal security of the EU? (WRITE DOWN – CODE AT THE OFFICE – MAX. 3 ANSWERS),GESIS Variable Report,889,ZA5564
v444,QC7,QC7_142 EU SECURITY PARTNERS: NON-EUROP UNIMPORTANT,Which non-EU member countries do you consider as the EU main partners in responding to challenges to the internal security of the EU? (WRITE DOWN – CODE AT THE OFFICE – MAX. 3 ANSWERS),Which non-EU member countries do you consider as the EU main partners in responding to challenges to the internal security of the EU? (WRITE DOWN – CODE AT THE OFFICE – MAX. 3 ANSWERS),GESIS Variable Report,891,ZA5564
v445,QC7,QC7_143 EU SECURITY PARTNERS: EUROPE ON ITS OWN,Which non-EU member countries do you consider as the EU main partners in responding to challenges to the internal security of the EU? (WRITE DOWN – CODE AT THE OFFICE – MAX. 3 ANSWERS),Which non-EU member countries do you consider as the EU main partners in responding to challenges to the internal security of the EU? (WRITE DOWN – CODE AT THE OFFICE – MAX. 3 ANSWERS),GESIS Variable Report,893,ZA5564
v446,QC7,QC7_144 EU SECURITY PARTNERS: EASTERN NEIGHBOURS,Which non-EU member countries do you consider as the EU main partners in responding to challenges to the internal security of the EU? (WRITE DOWN – CODE AT THE OFFICE – MAX. 3 ANSWERS),Which non-EU member countries do you consider as the EU main partners in responding to challenges to the internal security of the EU? (WRITE DOWN – CODE AT THE OFFICE – MAX. 3 ANSWERS),GESIS Variable Report,895,ZA5564
v447,QC7,QC7_145 EU SECURITY PARTNERS: FAR EAST,Which non-EU member countries do you consider as the EU main partners in responding to challenges to the internal security of the EU? (WRITE DOWN – CODE AT THE OFFICE – MAX. 3 ANSWERS),Which non-EU member countries do you consider as the EU main partners in responding to challenges to the internal security of the EU? (WRITE DOWN – CODE AT THE OFFICE – MAX. 3 ANSWERS),GESIS Variable Report,897,ZA5564
v448,QC7,QC7_146 EU SECURITY PARTNERS: DEVELOPMENT CNTRS,Which non-EU member countries do you consider as the EU main partners in responding to challenges to the internal security of the EU? (WRITE DOWN – CODE AT THE OFFICE – MAX. 3 ANSWERS),Which non-EU member countries do you consider as the EU main partners in responding to challenges to the internal security of the EU? (WRITE DOWN – CODE AT THE OFFICE – MAX. 3 ANSWERS),GESIS Variable Report,899,ZA5564
v449,QC7,QC7_147 EU SECURITY PARTNERS: PEOPLE FROM POOR CNTRS,Which non-EU member countries do you consider as the EU main partners in responding to challenges to the internal security of the EU? (WRITE DOWN – CODE AT THE OFFICE – MAX. 3 ANSWERS),Which non-EU member countries do you consider as the EU main partners in responding to challenges to the internal security of the EU? (WRITE DOWN – CODE AT THE OFFICE – MAX. 3 ANSWERS),GESIS Variable Report,901,ZA5564
v450,QC7,QC7_148 EU SECURITY PARTNERS: BIG CNTRS WITH RESOURCES,Which non-EU member countries do you consider as the EU main partners in responding to challenges to the internal security of the EU? (WRITE DOWN – CODE AT THE OFFICE – MAX. 3 ANSWERS),Which non-EU member countries do you consider as the EU main partners in responding to challenges to the internal security of the EU? (WRITE DOWN – CODE AT THE OFFICE – MAX. 3 ANSWERS),GESIS Variable Report,903,ZA5564
v451,QC7,QC7_149 EU SECURITY PARTNERS: TERRORIST NATIONS,Which non-EU member countries do you consider as the EU main partners in responding to challenges to the internal security of the EU? (WRITE DOWN – CODE AT THE OFFICE – MAX. 3 ANSWERS),Which non-EU member countries do you consider as the EU main partners in responding to challenges to the internal security of the EU? (WRITE DOWN – CODE AT THE OFFICE – MAX. 3 ANSWERS),GESIS Variable Report,905,ZA5564
v452,QC7,QC7_150 EU SECURITY PARTNERS: BALTIC STATES,Which non-EU member countries do you consider as the EU main partners in responding to challenges to the internal security of the EU? (WRITE DOWN – CODE AT THE OFFICE – MAX. 3 ANSWERS),Which non-EU member countries do you consider as the EU main partners in responding to challenges to the internal security of the EU? (WRITE DOWN – CODE AT THE OFFICE – MAX. 3 ANSWERS),GESIS Variable Report,907,ZA5564
v453,QC7,QC7_151 EU SECURITY PARTNERS: SURROUNDING CNTRS,Which non-EU member countries do you consider as the EU main partners in responding to challenges to the internal security of the EU? (WRITE DOWN – CODE AT THE OFFICE – MAX. 3 ANSWERS),Which non-EU member countries do you consider as the EU main partners in responding to challenges to the internal security of the EU? (WRITE DOWN – CODE AT THE OFFICE – MAX. 3 ANSWERS),GESIS Variable Report,909,ZA5564
v454,QC7,QC7_152 EU SECURITY PARTNERS: EAST CNTRS,Which non-EU member countries do you consider as the EU main partners in responding to challenges to the internal security of the EU? (WRITE DOWN – CODE AT THE OFFICE – MAX. 3 ANSWERS),Which non-EU member countries do you consider as the EU main partners in responding to challenges to the internal security of the EU? (WRITE DOWN – CODE AT THE OFFICE – MAX. 3 ANSWERS),GESIS Variable Report,911,ZA5564
v455,QC7,QC7_153 EU SECURITY PARTNERS: BALKANS,Which non-EU member countries do you consider as the EU main partners in responding to challenges to the internal security of the EU? (WRITE DOWN – CODE AT THE OFFICE – MAX. 3 ANSWERS),Which non-EU member countries do you consider as the EU main partners in responding to challenges to the internal security of the EU? (WRITE DOWN – CODE AT THE OFFICE – MAX. 3 ANSWERS),GESIS Variable Report,913,ZA5564
v456,QC7,QC7_154 EU SECURITY PARTNERS: EU CANDIDATE CNTRS,Which non-EU member countries do you consider as the EU main partners in responding to challenges to the internal security of the EU? (WRITE DOWN – CODE AT THE OFFICE – MAX. 3 ANSWERS),Which non-EU member countries do you consider as the EU main partners in responding to challenges to the internal security of the EU? (WRITE DOWN – CODE AT THE OFFICE – MAX. 3 ANSWERS),GESIS Variable Report,915,ZA5564
v457,QC7,QC7_155 EU SECURITY PARTNERS: GREAT POWERS,Which non-EU member countries do you consider as the EU main partners in responding to challenges to the internal security of the EU? (WRITE DOWN – CODE AT THE OFFICE – MAX. 3 ANSWERS),Which non-EU member countries do you consider as the EU main partners in responding to challenges to the internal security of the EU? (WRITE DOWN – CODE AT THE OFFICE – MAX. 3 ANSWERS),GESIS Variable Report,917,ZA5564
v458,QC7,QC7_156 EU SECURITY PARTNERS: DEPENDS ON LEADERS,Which non-EU member countries do you consider as the EU main partners in responding to challenges to the internal security of the EU? (WRITE DOWN – CODE AT THE OFFICE – MAX. 3 ANSWERS),Which non-EU member countries do you consider as the EU main partners in responding to challenges to the internal security of the EU? (WRITE DOWN – CODE AT THE OFFICE – MAX. 3 ANSWERS),GESIS Variable Report,919,ZA5564
v459,QC7,QC7_157 EU SECURITY PARTNERS: EX-YUGOSLAVIA MEMBERS,Which non-EU member countries do you consider as the EU main partners in responding to challenges to the internal security of the EU? (WRITE DOWN – CODE AT THE OFFICE – MAX. 3 ANSWERS),Which non-EU member countries do you consider as the EU main partners in responding to challenges to the internal security of the EU? (WRITE DOWN – CODE AT THE OFFICE – MAX. 3 ANSWERS),GESIS Variable Report,921,ZA5564
v460,QC7,QC7_158 EU SECURITY PARTNERS: CERTAIN CONTINENT,Which non-EU member countries do you consider as the EU main partners in responding to challenges to the internal security of the EU? (WRITE DOWN – CODE AT THE OFFICE – MAX. 3 ANSWERS),Which non-EU member countries do you consider as the EU main partners in responding to challenges to the internal security of the EU? (WRITE DOWN – CODE AT THE OFFICE – MAX. 3 ANSWERS),GESIS Variable Report,923,ZA5564
v461,QC7,QC7_159 EU SECURITY PARTNERS: NORTH AMERICA,Which non-EU member countries do you consider as the EU main partners in responding to challenges to the internal security of the EU? (WRITE DOWN – CODE AT THE OFFICE – MAX. 3 ANSWERS),Which non-EU member countries do you consider as the EU main partners in responding to challenges to the internal security of the EU? (WRITE DOWN – CODE AT THE OFFICE – MAX. 3 ANSWERS),GESIS Variable Report,925,ZA5564
v462,QC7,QC7_160 EU SECURITY PARTNERS: FROM WHERE REFUGEES,Which non-EU member countries do you consider as the EU main partners in responding to challenges to the internal security of the EU? (WRITE DOWN – CODE AT THE OFFICE – MAX. 3 ANSWERS),Which non-EU member countries do you consider as the EU main partners in responding to challenges to the internal security of the EU? (WRITE DOWN – CODE AT THE OFFICE – MAX. 3 ANSWERS),GESIS Variable Report,927,ZA5564
v463,QC7,QC7_161 EU SECURITY PARTNERS: CNTRS CONSIDERING,Which non-EU member countries do you consider as the EU main partners in responding to challenges to the internal security of the EU? (WRITE DOWN – CODE AT THE OFFICE – MAX. 3 ANSWERS),Which non-EU member countries do you consider as the EU main partners in responding to challenges to the internal security of the EU? (WRITE DOWN – CODE AT THE OFFICE – MAX. 3 ANSWERS),GESIS Variable Report,929,ZA5564
v464,QC7,QC7_162 EU SECURITY PARTNERS: LIBAN,Which non-EU member countries do you consider as the EU main partners in responding to challenges to the internal security of the EU? (WRITE DOWN – CODE AT THE OFFICE – MAX. 3 ANSWERS),Which non-EU member countries do you consider as the EU main partners in responding to challenges to the internal security of the EU? (WRITE DOWN – CODE AT THE OFFICE – MAX. 3 ANSWERS),GESIS Variable Report,931,ZA5564
v465,QC7,QC7_163 EU SECURITY PARTNERS: UZBEKISTAN,Which non-EU member countries do you consider as the EU main partners in responding to challenges to the internal security of the EU? (WRITE DOWN – CODE AT THE OFFICE – MAX. 3 ANSWERS),Which non-EU member countries do you consider as the EU main partners in responding to challenges to the internal security of the EU? (WRITE DOWN – CODE AT THE OFFICE – MAX. 3 ANSWERS),GESIS Variable Report,933,ZA5564
v466,QC7,QC7_164 EU SECURITY PARTNERS: ARMENIA,Which non-EU member countries do you consider as the EU main partners in responding to challenges to the internal security of the EU? (WRITE DOWN – CODE AT THE OFFICE – MAX. 3 ANSWERS),Which non-EU member countries do you consider as the EU main partners in responding to challenges to the internal security of the EU? (WRITE DOWN – CODE AT THE OFFICE – MAX. 3 ANSWERS),GESIS Variable Report,935,ZA5564
v467,QC7,QC7_165 EU SECURITY PARTNERS: GREENLAND,Which non-EU member countries do you consider as the EU main partners in responding to challenges to the internal security of the EU? (WRITE DOWN – CODE AT THE OFFICE – MAX. 3 ANSWERS),Which non-EU member countries do you consider as the EU main partners in responding to challenges to the internal security of the EU? (WRITE DOWN – CODE AT THE OFFICE – MAX. 3 ANSWERS),GESIS Variable Report,937,ZA5564
v468,QC7,QC7_166 EU SECURITY PARTNERS: ALL NON-EU CNTRS,Which non-EU member countries do you consider as the EU main partners in responding to challenges to the internal security of the EU? (WRITE DOWN – CODE AT THE OFFICE – MAX. 3 ANSWERS),Which non-EU member countries do you consider as the EU main partners in responding to challenges to the internal security of the EU? (WRITE DOWN – CODE AT THE OFFICE – MAX. 3 ANSWERS),GESIS Variable Report,939,ZA5564
v469,QC7,QC7_167 EU SECURITY PARTNERS: DRUGS EXPORTING CNTRS,Which non-EU member countries do you consider as the EU main partners in responding to challenges to the internal security of the EU? (WRITE DOWN – CODE AT THE OFFICE – MAX. 3 ANSWERS),Which non-EU member countries do you consider as the EU main partners in responding to challenges to the internal security of the EU? (WRITE DOWN – CODE AT THE OFFICE – MAX. 3 ANSWERS),GESIS Variable Report,941,ZA5564
v470,QC7,QC7_168 EU SECURITY PARTNERS: CHILE,Which non-EU member countries do you consider as the EU main partners in responding to challenges to the internal security of the EU? (WRITE DOWN – CODE AT THE OFFICE – MAX. 3 ANSWERS),Which non-EU member countries do you consider as the EU main partners in responding to challenges to the internal security of the EU? (WRITE DOWN – CODE AT THE OFFICE – MAX. 3 ANSWERS),GESIS Variable Report,943,ZA5564
v471,QC7,QC7_169 EU SECURITY PARTNERS: EAST EUROPE,Which non-EU member countries do you consider as the EU main partners in responding to challenges to the internal security of the EU? (WRITE DOWN – CODE AT THE OFFICE – MAX. 3 ANSWERS),Which non-EU member countries do you consider as the EU main partners in responding to challenges to the internal security of the EU? (WRITE DOWN – CODE AT THE OFFICE – MAX. 3 ANSWERS),GESIS Variable Report,945,ZA5564
v472,QC7,QC7_170 EU SECURITY PARTNERS: WHOLE WORLD,Which non-EU member countries do you consider as the EU main partners in responding to challenges to the internal security of the EU? (WRITE DOWN – CODE AT THE OFFICE – MAX. 3 ANSWERS),Which non-EU member countries do you consider as the EU main partners in responding to challenges to the internal security of the EU? (WRITE DOWN – CODE AT THE OFFICE – MAX. 3 ANSWERS),GESIS Variable Report,947,ZA5564
v473,QC7,QC7_171 EU SECURITY PARTNERS: VIETNAM,Which non-EU member countries do you consider as the EU main partners in responding to challenges to the internal security of the EU? (WRITE DOWN – CODE AT THE OFFICE – MAX. 3 ANSWERS),Which non-EU member countries do you consider as the EU main partners in responding to challenges to the internal security of the EU? (WRITE DOWN – CODE AT THE OFFICE – MAX. 3 ANSWERS),GESIS Variable Report,949,ZA5564
v474,QC7,QC7_172 EU SECURITY PARTNERS: SOVIET,Which non-EU member countries do you consider as the EU main partners in responding to challenges to the internal security of the EU? (WRITE DOWN – CODE AT THE OFFICE – MAX. 3 ANSWERS),Which non-EU member countries do you consider as the EU main partners in responding to challenges to the internal security of the EU? (WRITE DOWN – CODE AT THE OFFICE – MAX. 3 ANSWERS),GESIS Variable Report,951,ZA5564
v475,QC7,QC7_173 EU SECURITY PARTNERS: LATIN AMERICA,Which non-EU member countries do you consider as the EU main partners in responding to challenges to the internal security of the EU? (WRITE DOWN – CODE AT THE OFFICE – MAX. 3 ANSWERS),Which non-EU member countries do you consider as the EU main partners in responding to challenges to the internal security of the EU? (WRITE DOWN – CODE AT THE OFFICE – MAX. 3 ANSWERS),GESIS Variable Report,953,ZA5564
v476,QC7,QC7_174 EU SECURITY PARTNERS: UNITED NATIONS,Which non-EU member countries do you consider as the EU main partners in responding to challenges to the internal security of the EU? (WRITE DOWN – CODE AT THE OFFICE – MAX. 3 ANSWERS),Which non-EU member countries do you consider as the EU main partners in responding to challenges to the internal security of the EU? (WRITE DOWN – CODE AT THE OFFICE – MAX. 3 ANSWERS),GESIS Variable Report,955,ZA5564
v477,QC7,QC7_175 EU SECURITY PARTNERS: EASTERN EUROP CNTRS,Which non-EU member countries do you consider as the EU main partners in responding to challenges to the internal security of the EU? (WRITE DOWN – CODE AT THE OFFICE – MAX. 3 ANSWERS),Which non-EU member countries do you consider as the EU main partners in responding to challenges to the internal security of the EU? (WRITE DOWN – CODE AT THE OFFICE – MAX. 3 ANSWERS),GESIS Variable Report,957,ZA5564
v478,QC7,QC7_176 EU SECURITY PARTNERS: MENA CNTRS,Which non-EU member countries do you consider as the EU main partners in responding to challenges to the internal security of the EU? (WRITE DOWN – CODE AT THE OFFICE – MAX. 3 ANSWERS),Which non-EU member countries do you consider as the EU main partners in responding to challenges to the internal security of the EU? (WRITE DOWN – CODE AT THE OFFICE – MAX. 3 ANSWERS),GESIS Variable Report,959,ZA5564
v479,QC7,QC7_177 EU SECURITY PARTNERS: CNTRS TO COOPERATE,Which non-EU member countries do you consider as the EU main partners in responding to challenges to the internal security of the EU? (WRITE DOWN – CODE AT THE OFFICE – MAX. 3 ANSWERS),Which non-EU member countries do you consider as the EU main partners in responding to challenges to the internal security of the EU? (WRITE DOWN – CODE AT THE OFFICE – MAX. 3 ANSWERS),GESIS Variable Report,961,ZA5564
v480,QC7,QC7_178 EU SECURITY PARTNERS: OECD CNTRS,Which non-EU member countries do you consider as the EU main partners in responding to challenges to the internal security of the EU? (WRITE DOWN – CODE AT THE OFFICE – MAX. 3 ANSWERS),Which non-EU member countries do you consider as the EU main partners in responding to challenges to the internal security of the EU? (WRITE DOWN – CODE AT THE OFFICE – MAX. 3 ANSWERS),GESIS Variable Report,963,ZA5564
v481,QC7,QC7_179 EU SECURITY PARTNERS: EU NEIGHBOURS,Which non-EU member countries do you consider as the EU main partners in responding to challenges to the internal security of the EU? (WRITE DOWN – CODE AT THE OFFICE – MAX. 3 ANSWERS),Which non-EU member countries do you consider as the EU main partners in responding to challenges to the internal security of the EU? (WRITE DOWN – CODE AT THE OFFICE – MAX. 3 ANSWERS),GESIS Variable Report,965,ZA5564
v482,QC7,QC7_180 EU SECURITY PARTNERS: WEST CNTRS,Which non-EU member countries do you consider as the EU main partners in responding to challenges to the internal security of the EU? (WRITE DOWN – CODE AT THE OFFICE – MAX. 3 ANSWERS),Which non-EU member countries do you consider as the EU main partners in responding to challenges to the internal security of the EU? (WRITE DOWN – CODE AT THE OFFICE – MAX. 3 ANSWERS),GESIS Variable Report,967,ZA5564
v483,QC7,QC7_181 EU SECURITY PARTNERS: NEAR EAST CNTRS,Which non-EU member countries do you consider as the EU main partners in responding to challenges to the internal security of the EU? (WRITE DOWN – CODE AT THE OFFICE – MAX. 3 ANSWERS),Which non-EU member countries do you consider as the EU main partners in responding to challenges to the internal security of the EU? (WRITE DOWN – CODE AT THE OFFICE – MAX. 3 ANSWERS),GESIS Variable Report,969,ZA5564
v484,QC7,QC7_182 EU SECURITY PARTNERS: NORTH AFRICAN CNTRS,Which non-EU member countries do you consider as the EU main partners in responding to challenges to the internal security of the EU? (WRITE DOWN – CODE AT THE OFFICE – MAX. 3 ANSWERS),Which non-EU member countries do you consider as the EU main partners in responding to challenges to the internal security of the EU? (WRITE DOWN – CODE AT THE OFFICE – MAX. 3 ANSWERS),GESIS Variable Report,971,ZA5564
v485,QC7,QC7_183 EU SECURITY PARTNERS: THIRD WORLD CNTRS,Which non-EU member countries do you consider as the EU main partners in responding to challenges to the internal security of the EU? (WRITE DOWN – CODE AT THE OFFICE – MAX. 3 ANSWERS),Which non-EU member countries do you consider as the EU main partners in responding to challenges to the internal security of the EU? (WRITE DOWN – CODE AT THE OFFICE – MAX. 3 ANSWERS),GESIS Variable Report,973,ZA5564
v486,QC7,QC7_184 EU SECURITY PARTNERS: ALL OUTSIDE EU,Which non-EU member countries do you consider as the EU main partners in responding to challenges to the internal security of the EU? (WRITE DOWN – CODE AT THE OFFICE – MAX. 3 ANSWERS),Which non-EU member countries do you consider as the EU main partners in responding to challenges to the internal security of the EU? (WRITE DOWN – CODE AT THE OFFICE – MAX. 3 ANSWERS),GESIS Variable Report,975,ZA5564
v487,QC7,QC7_185 EU SECURITY PARTNERS: SOME MORE THAN OTHERS,Which non-EU member countries do you consider as the EU main partners in responding to challenges to the internal security of the EU? (WRITE DOWN – CODE AT THE OFFICE – MAX. 3 ANSWERS),Which non-EU member countries do you consider as the EU main partners in responding to challenges to the internal security of the EU? (WRITE DOWN – CODE AT THE OFFICE – MAX. 3 ANSWERS),GESIS Variable Report,977,ZA5564
v488,QC7,QC7_186 EU SECURITY PARTNERS: DEPENDS WHO NEEDS HELP,Which non-EU member countries do you consider as the EU main partners in responding to challenges to the internal security of the EU? (WRITE DOWN – CODE AT THE OFFICE – MAX. 3 ANSWERS),Which non-EU member countries do you consider as the EU main partners in responding to challenges to the internal security of the EU? (WRITE DOWN – CODE AT THE OFFICE – MAX. 3 ANSWERS),GESIS Variable Report,979,ZA5564
v489,QC7,QC7_187 EU SECURITY PARTNERS: BIGGER COUNTRIES,Which non-EU member countries do you consider as the EU main partners in responding to challenges to the internal security of the EU? (WRITE DOWN – CODE AT THE OFFICE – MAX. 3 ANSWERS),Which non-EU member countries do you consider as the EU main partners in responding to challenges to the internal security of the EU? (WRITE DOWN – CODE AT THE OFFICE – MAX. 3 ANSWERS),GESIS Variable Report,981,ZA5564
v490,QC7,QC7_188 EU SECURITY PARTNERS: SOMEBODY LK TO BUY US,Which non-EU member countries do you consider as the EU main partners in responding to challenges to the internal security of the EU? (WRITE DOWN – CODE AT THE OFFICE – MAX. 3 ANSWERS),Which non-EU member countries do you consider as the EU main partners in responding to challenges to the internal security of the EU? (WRITE DOWN – CODE AT THE OFFICE – MAX. 3 ANSWERS),GESIS Variable Report,983,ZA5564
v491,QC7,QC7_189 EU SECURITY PARTNERS: POWERFUL CNTRS,Which non-EU member countries do you consider as the EU main partners in responding to challenges to the internal security of the EU? (WRITE DOWN – CODE AT THE OFFICE – MAX. 3 ANSWERS),Which non-EU member countries do you consider as the EU main partners in responding to challenges to the internal security of the EU? (WRITE DOWN – CODE AT THE OFFICE – MAX. 3 ANSWERS),GESIS Variable Report,985,ZA5564
v492,QC7,QC7_190 EU SECURITY PARTNERS: CYPRUS (TURKISH PART),Which non-EU member countries do you consider as the EU main partners in responding to challenges to the internal security of the EU? (WRITE DOWN – CODE AT THE OFFICE – MAX. 3 ANSWERS),Which non-EU member countries do you consider as the EU main partners in responding to challenges to the internal security of the EU? (WRITE DOWN – CODE AT THE OFFICE – MAX. 3 ANSWERS),GESIS Variable Report,987,ZA5564
v493,QC7,QC7_191 EU SECURITY PARTNERS: FAR EAST CNTRS,Which non-EU member countries do you consider as the EU main partners in responding to challenges to the internal security of the EU? (WRITE DOWN – CODE AT THE OFFICE – MAX. 3 ANSWERS),Which non-EU member countries do you consider as the EU main partners in responding to challenges to the internal security of the EU? (WRITE DOWN – CODE AT THE OFFICE – MAX. 3 ANSWERS),GESIS Variable Report,989,ZA5564
v494,QC7,QC7_192 EU SECURITY PARTNERS: NEIGHBOURING CNTRS,Which non-EU member countries do you consider as the EU main partners in responding to challenges to the internal security of the EU? (WRITE DOWN – CODE AT THE OFFICE – MAX. 3 ANSWERS),Which non-EU member countries do you consider as the EU main partners in responding to challenges to the internal security of the EU? (WRITE DOWN – CODE AT THE OFFICE – MAX. 3 ANSWERS),GESIS Variable Report,991,ZA5564
v495,QC7,QC7_193 EU SECURITY PARTNERS: DEPENDS FROM DANGER,Which non-EU member countries do you consider as the EU main partners in responding to challenges to the internal security of the EU? (WRITE DOWN – CODE AT THE OFFICE – MAX. 3 ANSWERS),Which non-EU member countries do you consider as the EU main partners in responding to challenges to the internal security of the EU? (WRITE DOWN – CODE AT THE OFFICE – MAX. 3 ANSWERS),GESIS Variable Report,993,ZA5564
v496,QC7,QC7_194 EU SECURITY PARTNERS: STATES OF EAST EUROPE,Which non-EU member countries do you consider as the EU main partners in responding to challenges to the internal security of the EU? (WRITE DOWN – CODE AT THE OFFICE – MAX. 3 ANSWERS),Which non-EU member countries do you consider as the EU main partners in responding to challenges to the internal security of the EU? (WRITE DOWN – CODE AT THE OFFICE – MAX. 3 ANSWERS),GESIS Variable Report,995,ZA5564
v497,QC7,QC7_195 EU SECURITY PARTNERS: BRUSSELS,Which non-EU member countries do you consider as the EU main partners in responding to challenges to the internal security of the EU? (WRITE DOWN – CODE AT THE OFFICE – MAX. 3 ANSWERS),Which non-EU member countries do you consider as the EU main partners in responding to challenges to the internal security of the EU? (WRITE DOWN – CODE AT THE OFFICE – MAX. 3 ANSWERS),GESIS Variable Report,997,ZA5564
v498,QC7,QC7_196 EU SECURITY PARTNERS: SOUTHEAST EUROPE,Which non-EU member countries do you consider as the EU main partners in responding to challenges to the internal security of the EU? (WRITE DOWN – CODE AT THE OFFICE – MAX. 3 ANSWERS),Which non-EU member countries do you consider as the EU main partners in responding to challenges to the internal security of the EU? (WRITE DOWN – CODE AT THE OFFICE – MAX. 3 ANSWERS),GESIS Variable Report,999,ZA5564
v499,QC7,QC7_197 EU SECURITY PARTNERS: SCHENGEN CNTRS,Which non-EU member countries do you consider as the EU main partners in responding to challenges to the internal security of the EU? (WRITE DOWN – CODE AT THE OFFICE – MAX. 3 ANSWERS),Which non-EU member countries do you consider as the EU main partners in responding to challenges to the internal security of the EU? (WRITE DOWN – CODE AT THE OFFICE – MAX. 3 ANSWERS),GESIS Variable Report,1001,ZA5564
v500,QC7,QC7_198 EU SECURITY PARTNERS: CNTRS IN WAR,Which non-EU member countries do you consider as the EU main partners in responding to challenges to the internal security of the EU? (WRITE DOWN – CODE AT THE OFFICE – MAX. 3 ANSWERS),Which non-EU member countries do you consider as the EU main partners in responding to challenges to the internal security of the EU? (WRITE DOWN – CODE AT THE OFFICE – MAX. 3 ANSWERS),GESIS Variable Report,1003,ZA5564
v501,QC7,QC7_199 EU SECURITY PARTNERS: SOUTH CNTRS,Which non-EU member countries do you consider as the EU main partners in responding to challenges to the internal security of the EU? (WRITE DOWN – CODE AT THE OFFICE – MAX. 3 ANSWERS),Which non-EU member countries do you consider as the EU main partners in responding to challenges to the internal security of the EU? (WRITE DOWN – CODE AT THE OFFICE – MAX. 3 ANSWERS),GESIS Variable Report,1005,ZA5564
v502,QC7,QC7_200 EU SECURITY PARTNERS: MALTA,Which non-EU member countries do you consider as the EU main partners in responding to challenges to the internal security of the EU? (WRITE DOWN – CODE AT THE OFFICE – MAX. 3 ANSWERS),Which non-EU member countries do you consider as the EU main partners in responding to challenges to the internal security of the EU? (WRITE DOWN – CODE AT THE OFFICE – MAX. 3 ANSWERS),GESIS Variable Report,1007,ZA5564
v503,QC7,QC7_201 EU SECURITY PARTNERS: ANY/EVERY CNTR,Which non-EU member countries do you consider as the EU main partners in responding to challenges to the internal security of the EU? (WRITE DOWN – CODE AT THE OFFICE – MAX. 3 ANSWERS),Which non-EU member countries do you consider as the EU main partners in responding to challenges to the internal security of the EU? (WRITE DOWN – CODE AT THE OFFICE – MAX. 3 ANSWERS),GESIS Variable Report,1009,ZA5564
v504,QC7,QC7_202 EU SECURITY PARTNERS: WHERE HAVING WARS,Which non-EU member countries do you consider as the EU main partners in responding to challenges to the internal security of the EU? (WRITE DOWN – CODE AT THE OFFICE – MAX. 3 ANSWERS),Which non-EU member countries do you consider as the EU main partners in responding to challenges to the internal security of the EU? (WRITE DOWN – CODE AT THE OFFICE – MAX. 3 ANSWERS),GESIS Variable Report,1011,ZA5564
v505,QC7,QC7_203 EU SECURITY PARTNERS: ANDORRA,Which non-EU member countries do you consider as the EU main partners in responding to challenges to the internal security of the EU? (WRITE DOWN – CODE AT THE OFFICE – MAX. 3 ANSWERS),Which non-EU member countries do you consider as the EU main partners in responding to challenges to the internal security of the EU? (WRITE DOWN – CODE AT THE OFFICE – MAX. 3 ANSWERS),GESIS Variable Report,1013,ZA5564
v506,QC7,QC7_204 EU SECURITY PARTNERS: G8 CNTRS,Which non-EU member countries do you consider as the EU main partners in responding to challenges to the internal security of the EU? (WRITE DOWN – CODE AT THE OFFICE – MAX. 3 ANSWERS),Which non-EU member countries do you consider as the EU main partners in responding to challenges to the internal security of the EU? (WRITE DOWN – CODE AT THE OFFICE – MAX. 3 ANSWERS),GESIS Variable Report,1015,ZA5564
v507,QC7,QC7_205 EU SECURITY PARTNERS: SCOTLAND,Which non-EU member countries do you consider as the EU main partners in responding to challenges to the internal security of the EU? (WRITE DOWN – CODE AT THE OFFICE – MAX. 3 ANSWERS),Which non-EU member countries do you consider as the EU main partners in responding to challenges to the internal security of the EU? (WRITE DOWN – CODE AT THE OFFICE – MAX. 3 ANSWERS),GESIS Variable Report,1017,ZA5564
v508,QC7,QC7_206 EU SECURITY PARTNERS: NO SUCH CNTRS,Which non-EU member countries do you consider as the EU main partners in responding to challenges to the internal security of the EU? (WRITE DOWN – CODE AT THE OFFICE – MAX. 3 ANSWERS),Which non-EU member countries do you consider as the EU main partners in responding to challenges to the internal security of the EU? (WRITE DOWN – CODE AT THE OFFICE – MAX. 3 ANSWERS),GESIS Variable Report,1019,ZA5564
v509,QC7,QC7_207 EU SECURITY PARTNERS: A LOT OF CNTRS,Which non-EU member countries do you consider as the EU main partners in responding to challenges to the internal security of the EU? (WRITE DOWN – CODE AT THE OFFICE – MAX. 3 ANSWERS),Which non-EU member countries do you consider as the EU main partners in responding to challenges to the internal security of the EU? (WRITE DOWN – CODE AT THE OFFICE – MAX. 3 ANSWERS),GESIS Variable Report,1021,ZA5564
v510,QC7,QC7_208 EU SECURITY PARTNERS: SEVERAL CNTRS,Which non-EU member countries do you consider as the EU main partners in responding to challenges to the internal security of the EU? (WRITE DOWN – CODE AT THE OFFICE – MAX. 3 ANSWERS),Which non-EU member countries do you consider as the EU main partners in responding to challenges to the internal security of the EU? (WRITE DOWN – CODE AT THE OFFICE – MAX. 3 ANSWERS),GESIS Variable Report,1023,ZA5564
v511,QC7,QC7_209 EU SECURITY PARTNERS: NOT INTERESTED,Which non-EU member countries do you consider as the EU main partners in responding to challenges to the internal security of the EU? (WRITE DOWN – CODE AT THE OFFICE – MAX. 3 ANSWERS),Which non-EU member countries do you consider as the EU main partners in responding to challenges to the internal security of the EU? (WRITE DOWN – CODE AT THE OFFICE – MAX. 3 ANSWERS),GESIS Variable Report,1025,ZA5564
v512,QC7,QC7_210 EU SECURITY PARTNERS: ALL OTHER CNTRS,Which non-EU member countries do you consider as the EU main partners in responding to challenges to the internal security of the EU? (WRITE DOWN – CODE AT THE OFFICE – MAX. 3 ANSWERS),Which non-EU member countries do you consider as the EU main partners in responding to challenges to the internal security of the EU? (WRITE DOWN – CODE AT THE OFFICE – MAX. 3 ANSWERS),GESIS Variable Report,1027,ZA5564
v513,QC7,QC7_211 EU SECURITY PARTNERS: UNITED NATIONS,Which non-EU member countries do you consider as the EU main partners in responding to challenges to the internal security of the EU? (WRITE DOWN – CODE AT THE OFFICE – MAX. 3 ANSWERS),Which non-EU member countries do you consider as the EU main partners in responding to challenges to the internal security of the EU? (WRITE DOWN – CODE AT THE OFFICE – MAX. 3 ANSWERS),GESIS Variable Report,1029,ZA5564
v514,QC7,QC7_212 EU SECURITY PARTNERS: CZECHOSLOVAKIA,Which non-EU member countries do you consider as the EU main partners in responding to challenges to the internal security of the EU? (WRITE DOWN – CODE AT THE OFFICE – MAX. 3 ANSWERS),Which non-EU member countries do you consider as the EU main partners in responding to challenges to the internal security of the EU? (WRITE DOWN – CODE AT THE OFFICE – MAX. 3 ANSWERS),GESIS Variable Report,1031,ZA5564
v515,QC7,QC7_213 EU SECURITY PARTNERS: SEYCHELLES,Which non-EU member countries do you consider as the EU main partners in responding to challenges to the internal security of the EU? (WRITE DOWN – CODE AT THE OFFICE – MAX. 3 ANSWERS),Which non-EU member countries do you consider as the EU main partners in responding to challenges to the internal security of the EU? (WRITE DOWN – CODE AT THE OFFICE – MAX. 3 ANSWERS),GESIS Variable Report,1033,ZA5564
v516,QC7,QC7_214 EU SECURITY PARTNERS: SINGAPORE,Which non-EU member countries do you consider as the EU main partners in responding to challenges to the internal security of the EU? (WRITE DOWN – CODE AT THE OFFICE – MAX. 3 ANSWERS),Which non-EU member countries do you consider as the EU main partners in responding to challenges to the internal security of the EU? (WRITE DOWN – CODE AT THE OFFICE – MAX. 3 ANSWERS),GESIS Variable Report,1035,ZA5564
v517,QC7,QC7_215 EU SECURITY PARTNERS: ALL WITH CRIME PROBL,Which non-EU member countries do you consider as the EU main partners in responding to challenges to the internal security of the EU? (WRITE DOWN – CODE AT THE OFFICE – MAX. 3 ANSWERS),Which non-EU member countries do you consider as the EU main partners in responding to challenges to the internal security of the EU? (WRITE DOWN – CODE AT THE OFFICE – MAX. 3 ANSWERS),GESIS Variable Report,1037,ZA5564
v518,QC7,QC7_216 EU SECURITY PARTNERS: EU EAST BORDER CNTRS,Which non-EU member countries do you consider as the EU main partners in responding to challenges to the internal security of the EU? (WRITE DOWN – CODE AT THE OFFICE – MAX. 3 ANSWERS),Which non-EU member countries do you consider as the EU main partners in responding to challenges to the internal security of the EU? (WRITE DOWN – CODE AT THE OFFICE – MAX. 3 ANSWERS),GESIS Variable Report,1039,ZA5564
v519,QC7,QC7_217 EU SECURITY PARTNERS: MOST OF OTHER CNTRS,Which non-EU member countries do you consider as the EU main partners in responding to challenges to the internal security of the EU? (WRITE DOWN – CODE AT THE OFFICE – MAX. 3 ANSWERS),Which non-EU member countries do you consider as the EU main partners in responding to challenges to the internal security of the EU? (WRITE DOWN – CODE AT THE OFFICE – MAX. 3 ANSWERS),GESIS Variable Report,1041,ZA5564
v520,QC7,QC7_218 EU SECURITY PARTNERS: CAMEROUN,Which non-EU member countries do you consider as the EU main partners in responding to challenges to the internal security of the EU? (WRITE DOWN – CODE AT THE OFFICE – MAX. 3 ANSWERS),Which non-EU member countries do you consider as the EU main partners in responding to challenges to the internal security of the EU? (WRITE DOWN – CODE AT THE OFFICE – MAX. 3 ANSWERS),GESIS Variable Report,1043,ZA5564
v521,QC7,QC7_219 EU SECURITY PARTNERS: IVORY COAST,Which non-EU member countries do you consider as the EU main partners in responding to challenges to the internal security of the EU? (WRITE DOWN – CODE AT THE OFFICE – MAX. 3 ANSWERS),Which non-EU member countries do you consider as the EU main partners in responding to challenges to the internal security of the EU? (WRITE DOWN – CODE AT THE OFFICE – MAX. 3 ANSWERS),GESIS Variable Report,1045,ZA5564
v522,QC7,QC7_220 EU SECURITY PARTNERS: SENEGAL,Which non-EU member countries do you consider as the EU main partners in responding to challenges to the internal security of the EU? (WRITE DOWN – CODE AT THE OFFICE – MAX. 3 ANSWERS),Which non-EU member countries do you consider as the EU main partners in responding to challenges to the internal security of the EU? (WRITE DOWN – CODE AT THE OFFICE – MAX. 3 ANSWERS),GESIS Variable Report,1047,ZA5564
v523,QC7,QC7_221 EU SECURITY PARTNERS: DEMOCRATIC CNTRS,Which non-EU member countries do you consider as the EU main partners in responding to challenges to the internal security of the EU? (WRITE DOWN – CODE AT THE OFFICE – MAX. 3 ANSWERS),Which non-EU member countries do you consider as the EU main partners in responding to challenges to the internal security of the EU? (WRITE DOWN – CODE AT THE OFFICE – MAX. 3 ANSWERS),GESIS Variable Report,1049,ZA5564
v524,QC7,QC7_222 EU SECURITY PARTNERS: SLAVIC CNTRS,Which non-EU member countries do you consider as the EU main partners in responding to challenges to the internal security of the EU? (WRITE DOWN – CODE AT THE OFFICE – MAX. 3 ANSWERS),Which non-EU member countries do you consider as the EU main partners in responding to challenges to the internal security of the EU? (WRITE DOWN – CODE AT THE OFFICE – MAX. 3 ANSWERS),GESIS Variable Report,1051,ZA5564
v525,QC7,QC7_223 EU SECURITY PARTNERS: PETROLEUM EXPORTING,Which non-EU member countries do you consider as the EU main partners in responding to challenges to the internal security of the EU? (WRITE DOWN – CODE AT THE OFFICE – MAX. 3 ANSWERS),Which non-EU member countries do you consider as the EU main partners in responding to challenges to the internal security of the EU? (WRITE DOWN – CODE AT THE OFFICE – MAX. 3 ANSWERS),GESIS Variable Report,1053,ZA5564
v526,QC7,QC7_224 EU SECURITY PARTNERS: NIGER,Which non-EU member countries do you consider as the EU main partners in responding to challenges to the internal security of the EU? (WRITE DOWN – CODE AT THE OFFICE – MAX. 3 ANSWERS),Which non-EU member countries do you consider as the EU main partners in responding to challenges to the internal security of the EU? (WRITE DOWN – CODE AT THE OFFICE – MAX. 3 ANSWERS),GESIS Variable Report,1055,ZA5564
v527,QC7,QC7_225 EU SECURITY PARTNERS: KUWAIT,Which non-EU member countries do you consider as the EU main partners in responding to challenges to the internal security of the EU? (WRITE DOWN – CODE AT THE OFFICE – MAX. 3 ANSWERS),Which non-EU member countries do you consider as the EU main partners in responding to challenges to the internal security of the EU? (WRITE DOWN – CODE AT THE OFFICE – MAX. 3 ANSWERS),GESIS Variable Report,1057,ZA5564
v528,QC7,QC7_226 EU SECURITY PARTNERS: THAILAND,Which non-EU member countries do you consider as the EU main partners in responding to challenges to the internal security of the EU? (WRITE DOWN – CODE AT THE OFFICE – MAX. 3 ANSWERS),Which non-EU member countries do you consider as the EU main partners in responding to challenges to the internal security of the EU? (WRITE DOWN – CODE AT THE OFFICE – MAX. 3 ANSWERS),GESIS Variable Report,1059,ZA5564
v529,QC7,QC7_227 EU SECURITY PARTNERS: NORTH CNTRS,Which non-EU member countries do you consider as the EU main partners in responding to challenges to the internal security of the EU? (WRITE DOWN – CODE AT THE OFFICE – MAX. 3 ANSWERS),Which non-EU member countries do you consider as the EU main partners in responding to challenges to the internal security of the EU? (WRITE DOWN – CODE AT THE OFFICE – MAX. 3 ANSWERS),GESIS Variable Report,1061,ZA5564
v530,QC7,QC7_228 EU SECURITY PARTNERS: MALI,Which non-EU member countries do you consider as the EU main partners in responding to challenges to the internal security of the EU? (WRITE DOWN – CODE AT THE OFFICE – MAX. 3 ANSWERS),Which non-EU member countries do you consider as the EU main partners in responding to challenges to the internal security of the EU? (WRITE DOWN – CODE AT THE OFFICE – MAX. 3 ANSWERS),GESIS Variable Report,1063,ZA5564
v531,QC7,QC7_229 EU SECURITY PARTNERS: OTHER CNTRY,Which non-EU member countries do you consider as the EU main partners in responding to challenges to the internal security of the EU? (WRITE DOWN – CODE AT THE OFFICE – MAX. 3 ANSWERS),Which non-EU member countries do you consider as the EU main partners in responding to challenges to the internal security of the EU? (WRITE DOWN – CODE AT THE OFFICE – MAX. 3 ANSWERS),GESIS Variable Report,1065,ZA5564
v532,QC7,QC7_230 EU SECURITY PARTNERS: NONE,Which non-EU member countries do you consider as the EU main partners in responding to challenges to the internal security of the EU? (WRITE DOWN – CODE AT THE OFFICE – MAX. 3 ANSWERS),Which non-EU member countries do you consider as the EU main partners in responding to challenges to the internal security of the EU? (WRITE DOWN – CODE AT THE OFFICE – MAX. 3 ANSWERS),GESIS Variable Report,1067,ZA5564
v533,QC7,QC7_231 EU SECURITY PARTNERS: DONT KNOW,Which non-EU member countries do you consider as the EU main partners in responding to challenges to the internal security of the EU? (WRITE DOWN – CODE AT THE OFFICE – MAX. 3 ANSWERS),Which non-EU member countries do you consider as the EU main partners in responding to challenges to the internal security of the EU? (WRITE DOWN – CODE AT THE OFFICE – MAX. 3 ANSWERS),GESIS Variable Report,1069,ZA5564
v534,QD1A,QD1A SERIOUS WORLD PROBLEMS - FIRST,Which of the following do you consider to be the single most serious problem facing the world as a whole? (SHOW CARD – READ OUT – ONE ANSWER ONLY),Which of the following do you consider to be the single most serious problem facing the world as a whole? (SHOW CARD – READ OUT – ONE ANSWER ONLY),GESIS Variable Report,1071,ZA5564
v535,QD1B,QD1B_1 SERIOUS WORLD PROBLEMS: CLIMATE CHANGE,Any others? (SHOW CARD – READ OUT – MAX. 3 ANSWERS),Any others? (SHOW CARD – READ OUT – MAX. 3 ANSWERS),GESIS Variable Report,1074,ZA5564
v536,QD1B,QD1B_2 SERIOUS WORLD PROBLEMS: ENERGY AVAILABILITY,Any others? (SHOW CARD – READ OUT – MAX. 3 ANSWERS),Any others? (SHOW CARD – READ OUT – MAX. 3 ANSWERS),GESIS Variable Report,1076,ZA5564
v537,QD1B,QD1B_3 SERIOUS WORLD PROBLEMS: INTERNAT TERRORISM,Any others? (SHOW CARD – READ OUT – MAX. 3 ANSWERS),Any others? (SHOW CARD – READ OUT – MAX. 3 ANSWERS),GESIS Variable Report,1078,ZA5564
v538,QD1B,QD1B_4 SERIOUS WORLD PROBLEMS: POVERTY,Any others? (SHOW CARD – READ OUT – MAX. 3 ANSWERS),Any others? (SHOW CARD – READ OUT – MAX. 3 ANSWERS),GESIS Variable Report,1080,ZA5564
v539,QD1B,QD1B_5 SERIOUS WORLD PROBLEMS: INFECTIOUS DISEASES,Any others? (SHOW CARD – READ OUT – MAX. 3 ANSWERS),Any others? (SHOW CARD – READ OUT – MAX. 3 ANSWERS),GESIS Variable Report,1082,ZA5564
v540,QD1B,QD1B_6 SERIOUS WORLD PROBLEMS: ECONOMIC SITUATION,Any others? (SHOW CARD – READ OUT – MAX. 3 ANSWERS),Any others? (SHOW CARD – READ OUT – MAX. 3 ANSWERS),GESIS Variable Report,1084,ZA5564
v541,QD1B,QD1B_7 SERIOUS WORLD PROBLEMS: NUCLEAR WEAPONS,Any others? (SHOW CARD – READ OUT – MAX. 3 ANSWERS),Any others? (SHOW CARD – READ OUT – MAX. 3 ANSWERS),GESIS Variable Report,1086,ZA5564
v542,QD1B,QD1B_8 SERIOUS WORLD PROBLEMS: ARMED CONFLICTS,Any others? (SHOW CARD – READ OUT – MAX. 3 ANSWERS),Any others? (SHOW CARD – READ OUT – MAX. 3 ANSWERS),GESIS Variable Report,1088,ZA5564
v543,QD1B,QD1B_9 SERIOUS WORLD PROBLEMS: GLOBAL POPULATION,Any others? (SHOW CARD – READ OUT – MAX. 3 ANSWERS),Any others? (SHOW CARD – READ OUT – MAX. 3 ANSWERS),GESIS Variable Report,1090,ZA5564
v544,QD1B,QD1B_10 SERIOUS WORLD PROBLEMS: OTHER,Any others? (SHOW CARD – READ OUT – MAX. 3 ANSWERS),Any others? (SHOW CARD – READ OUT – MAX. 3 ANSWERS),GESIS Variable Report,1092,ZA5564
v545,QD1B,QD1B_11 SERIOUS WORLD PROBLEMS: DK,Any others? (SHOW CARD – READ OUT – MAX. 3 ANSWERS),Any others? (SHOW CARD – READ OUT – MAX. 3 ANSWERS),GESIS Variable Report,1094,ZA5564
v546,QD1T_1 Climate change,QD1T_1 SERIOUS WORLD PROBLEMS: CLIMATE CHANGE,0 Not mentioned,0 Not mentioned,GESIS Variable Report,1096,ZA5564
v547,page 1071,QD1T_2 SERIOUS WORLD PROBLEMS: ENERGY AVAILABILITY,Eurobarometer 75.4 - June 2011,Eurobarometer 75.4 - June 2011,GESIS Variable Report,1098,ZA5564
v548,page 1073,QD1T_3 SERIOUS WORLD PROBLEMS: INTERNAT TERRORISM,Eurobarometer 75.4 - June 2011,Eurobarometer 75.4 - June 2011,GESIS Variable Report,1100,ZA5564
v549,page 1075,QD1T_4 SERIOUS WORLD PROBLEMS: POVERTY,Eurobarometer 75.4 - June 2011,Eurobarometer 75.4 - June 2011,GESIS Variable Report,1102,ZA5564
v550,page 1077,QD1T_5 SERIOUS WORLD PROBLEMS: INFECTIOUS DISEASES,Eurobarometer 75.4 - June 2011,Eurobarometer 75.4 - June 2011,GESIS Variable Report,1104,ZA5564
v551,page 1079,QD1T_6 SERIOUS WORLD PROBLEMS: ECONOMIC SITUATION,Eurobarometer 75.4 - June 2011,Eurobarometer 75.4 - June 2011,GESIS Variable Report,1106,ZA5564
v552,page 1081,QD1T_7 SERIOUS WORLD PROBLEMS: NUCLEAR WEAPONS,Eurobarometer 75.4 - June 2011,Eurobarometer 75.4 - June 2011,GESIS Variable Report,1108,ZA5564
v553,QD1T_8 Armed conflicts,QD1T_8 SERIOUS WORLD PROBLEMS: ARMED CONFLICTE,0 Not mentioned,0 Not mentioned,GESIS Variable Report,1110,ZA5564
v554,page 1085,QD1T_9 SERIOUS WORLD PROBLEMS: GLOBAL POPULATION,Eurobarometer 75.4 - June 2011,Eurobarometer 75.4 - June 2011,GESIS Variable Report,1112,ZA5564
v555,page 1087,QD1T_10 SERIOUS WORLD PROBLEMS: OTHER,Eurobarometer 75.4 - June 2011,Eurobarometer 75.4 - June 2011,GESIS Variable Report,1114,ZA5564
v556,QD1T_11 DK,QD1T_11 SERIOUS WORLD PROBLEMS: DK (QD1A),0 Not mentioned,0 Not mentioned,GESIS Variable Report,1116,ZA5564
v557,QD2,QD2 CLIMATE CHANGE - PERCEPTION (10-POINT SCALE),"And how serious a problem do you think climate change is at this moment? Please use a scale from 1 to 10, where '1' would mean that it is ""not at all a serious problem"" and '10' would mean that it is “an extremely serious problem"". (SHOW CARD - ONE ANSWER ONLY)","And how serious a problem do you think climate change is at this moment? Please use a scale from 1 to 10, where '1' would mean that it is ""not at all a serious problem"" and '10' would mean that it is “an extremely serious problem"". (SHOW CARD - ONE ANSWER ONLY)",GESIS Variable Report,1118,ZA5564
v558,page 1094,QD2R CLIMATE CHANGE - PERCEPTION (RECODED),Eurobarometer 75.4 - June 2011,Eurobarometer 75.4 - June 2011,GESIS Variable Report,1121,ZA5564
v559,QD3,QD3_1 CLIMATE CHANGE RSPNSBLTY: NAT GOVERNMENTS,"In your opinion, who within the EU is responsible for tackling climate change? (SHOW CARD – READ OUT – ROTATE – MULTIPLE ANSWERS POSSIBLE)","In your opinion, who within the EU is responsible for tackling climate change? (SHOW CARD – READ OUT – ROTATE – MULTIPLE ANSWERS POSSIBLE)",GESIS Variable Report,1123,ZA5564
v560,QD3,QD3_2 CLIMATE CHANGE RSPNSBLTY: EUROPEAN UNION,"In your opinion, who within the EU is responsible for tackling climate change? (SHOW CARD – READ OUT – ROTATE – MULTIPLE ANSWERS POSSIBLE)","In your opinion, who within the EU is responsible for tackling climate change? (SHOW CARD – READ OUT – ROTATE – MULTIPLE ANSWERS POSSIBLE)",GESIS Variable Report,1125,ZA5564
v561,QD3,QD3_3 CLIMATE CHANGE RSPNSBLTY: REG/LOC AUTHORITIES,"In your opinion, who within the EU is responsible for tackling climate change? (SHOW CARD – READ OUT – ROTATE – MULTIPLE ANSWERS POSSIBLE)","In your opinion, who within the EU is responsible for tackling climate change? (SHOW CARD – READ OUT – ROTATE – MULTIPLE ANSWERS POSSIBLE)",GESIS Variable Report,1127,ZA5564
v562,QD3,QD3_4 CLIMATE CHANGE RSPNSBLTY: BUSINESS/INDUSTRY,"In your opinion, who within the EU is responsible for tackling climate change? (SHOW CARD – READ OUT – ROTATE – MULTIPLE ANSWERS POSSIBLE)","In your opinion, who within the EU is responsible for tackling climate change? (SHOW CARD – READ OUT – ROTATE – MULTIPLE ANSWERS POSSIBLE)",GESIS Variable Report,1129,ZA5564
v563,QD3,QD3_5 CLIMATE CHANGE RSPNSBLTY: YOU PERSONALLY,"In your opinion, who within the EU is responsible for tackling climate change? (SHOW CARD – READ OUT – ROTATE – MULTIPLE ANSWERS POSSIBLE)","In your opinion, who within the EU is responsible for tackling climate change? (SHOW CARD – READ OUT – ROTATE – MULTIPLE ANSWERS POSSIBLE)",GESIS Variable Report,1131,ZA5564
v564,QD3,QD3_6 CLIMATE CHANGE RSPNSBLTY: ALL OF THEM,"In your opinion, who within the EU is responsible for tackling climate change? (SHOW CARD – READ OUT – ROTATE – MULTIPLE ANSWERS POSSIBLE)","In your opinion, who within the EU is responsible for tackling climate change? (SHOW CARD – READ OUT – ROTATE – MULTIPLE ANSWERS POSSIBLE)",GESIS Variable Report,1133,ZA5564
v565,QD3,QD3_7 CLIMATE CHANGE RSPNSBLTY: OTHER,"In your opinion, who within the EU is responsible for tackling climate change? (SHOW CARD – READ OUT – ROTATE – MULTIPLE ANSWERS POSSIBLE)","In your opinion, who within the EU is responsible for tackling climate change? (SHOW CARD – READ OUT – ROTATE – MULTIPLE ANSWERS POSSIBLE)",GESIS Variable Report,1135,ZA5564
v566,QD3,QD3_8 CLIMATE CHANGE RSPNSBLTY: NONE,"In your opinion, who within the EU is responsible for tackling climate change? (SHOW CARD – READ OUT – ROTATE – MULTIPLE ANSWERS POSSIBLE)","In your opinion, who within the EU is responsible for tackling climate change? (SHOW CARD – READ OUT – ROTATE – MULTIPLE ANSWERS POSSIBLE)",GESIS Variable Report,1137,ZA5564
v567,QD3,QD3_9 CLIMATE CHANGE RSPNSBLTY: DK,"In your opinion, who within the EU is responsible for tackling climate change? (SHOW CARD – READ OUT – ROTATE – MULTIPLE ANSWERS POSSIBLE)","In your opinion, who within the EU is responsible for tackling climate change? (SHOW CARD – READ OUT – ROTATE – MULTIPLE ANSWERS POSSIBLE)",GESIS Variable Report,1139,ZA5564
v568,QD4,QD4_1 FIGHT CLIMATE CHANGE: CAN BOOST ECONONMY,To what extent do you agree or disagree with each of the following statements? (SHOW CARD WITH SCALE – ONE ANSWER PER LINE - READ OUT),To what extent do you agree or disagree with each of the following statements? (SHOW CARD WITH SCALE – ONE ANSWER PER LINE - READ OUT),GESIS Variable Report,1141,ZA5564
v569,QD4,QD4_2 FIGHT CLIMATE CHANGE: ENERGY USE BASED TAXES,To what extent do you agree or disagree with each of the following statements? (SHOW CARD WITH SCALE – ONE ANSWER PER LINE - READ OUT),To what extent do you agree or disagree with each of the following statements? (SHOW CARD WITH SCALE – ONE ANSWER PER LINE - READ OUT),GESIS Variable Report,1143,ZA5564
v570,QD5,QD5 FIGHT CLIMATE CHANGE - PERSONAL ACTION TAKEN,Have you personally taken any action to fight climate change over the past six months?,Have you personally taken any action to fight climate change over the past six months?,GESIS Variable Report,1145,ZA5564
v571,QD6,QD6_1 CLIMATE CH ACTION: LOW FUEL CONSUMPTION CAR,"Which of the following actions have you taken, if any? (SHOW CARD – READ OUT – MULTIPLE ANSWERS POSSIBLE)","Which of the following actions have you taken, if any? (SHOW CARD – READ OUT – MULTIPLE ANSWERS POSSIBLE)",GESIS Variable Report,1147,ZA5564
v572,QD6,QD6_2 CLIMATE CH ACTION: ALTERNATIVES TO CAR USE,"Which of the following actions have you taken, if any? (SHOW CARD – READ OUT – MULTIPLE ANSWERS POSSIBLE)","Which of the following actions have you taken, if any? (SHOW CARD – READ OUT – MULTIPLE ANSWERS POSSIBLE)",GESIS Variable Report,1149,ZA5564
v573,QD6,QD6_3 CLIMATE CH ACTION: INSULATED HOME BETTER,"Which of the following actions have you taken, if any? (SHOW CARD – READ OUT – MULTIPLE ANSWERS POSSIBLE)","Which of the following actions have you taken, if any? (SHOW CARD – READ OUT – MULTIPLE ANSWERS POSSIBLE)",GESIS Variable Report,1151,ZA5564
v574,QD6,QD6_4 CLIMATE CH ACTION: BOUGHT LOW-ENERGY HOME,"Which of the following actions have you taken, if any? (SHOW CARD – READ OUT – MULTIPLE ANSWERS POSSIBLE)","Which of the following actions have you taken, if any? (SHOW CARD – READ OUT – MULTIPLE ANSWERS POSSIBLE)",GESIS Variable Report,1153,ZA5564
v575,QD6,QD6_5 CLIMATE CH ACTION: ENERGY EFF HH APPLIANCES,"Which of the following actions have you taken, if any? (SHOW CARD – READ OUT – MULTIPLE ANSWERS POSSIBLE)","Which of the following actions have you taken, if any? (SHOW CARD – READ OUT – MULTIPLE ANSWERS POSSIBLE)",GESIS Variable Report,1155,ZA5564
v576,QD6,QD6_6 CLIMATE CH ACTION: SWITCHED ENERGY SUPPLIER,"Which of the following actions have you taken, if any? (SHOW CARD – READ OUT – MULTIPLE ANSWERS POSSIBLE)","Which of the following actions have you taken, if any? (SHOW CARD – READ OUT – MULTIPLE ANSWERS POSSIBLE)",GESIS Variable Report,1157,ZA5564
v577,QD6,QD6_7 CLIMATE CH ACTION: GENERATE RENEWABLE ENERGY,"Which of the following actions have you taken, if any? (SHOW CARD – READ OUT – MULTIPLE ANSWERS POSSIBLE)","Which of the following actions have you taken, if any? (SHOW CARD – READ OUT – MULTIPLE ANSWERS POSSIBLE)",GESIS Variable Report,1159,ZA5564
v578,QD6,QD6_8 CLIMATE CH ACTION: LOCALLY PRODUCED FOOD,"Which of the following actions have you taken, if any? (SHOW CARD – READ OUT – MULTIPLE ANSWERS POSSIBLE)","Which of the following actions have you taken, if any? (SHOW CARD – READ OUT – MULTIPLE ANSWERS POSSIBLE)",GESIS Variable Report,1161,ZA5564
v579,QD6,QD6_9 CLIMATE CH ACTION: AVOID SHORT-HAUL FLIGHTS,"Which of the following actions have you taken, if any? (SHOW CARD – READ OUT – MULTIPLE ANSWERS POSSIBLE)","Which of the following actions have you taken, if any? (SHOW CARD – READ OUT – MULTIPLE ANSWERS POSSIBLE)",GESIS Variable Report,1163,ZA5564
v580,QD6,QD6_10 CLIMATE CH ACTION: REDUCE AND SEPARATE WASTE,"Which of the following actions have you taken, if any? (SHOW CARD – READ OUT – MULTIPLE ANSWERS POSSIBLE)","Which of the following actions have you taken, if any? (SHOW CARD – READ OUT – MULTIPLE ANSWERS POSSIBLE)",GESIS Variable Report,1165,ZA5564
v581,QD6,QD6_11 CLIMATE CH ACTION: USE LESS DISPOSAL ITEMS,"Which of the following actions have you taken, if any? (SHOW CARD – READ OUT – MULTIPLE ANSWERS POSSIBLE)","Which of the following actions have you taken, if any? (SHOW CARD – READ OUT – MULTIPLE ANSWERS POSSIBLE)",GESIS Variable Report,1167,ZA5564
v582,QD6,QD6_12 CLIMATE CH ACTION: OTHER,"Which of the following actions have you taken, if any? (SHOW CARD – READ OUT – MULTIPLE ANSWERS POSSIBLE)","Which of the following actions have you taken, if any? (SHOW CARD – READ OUT – MULTIPLE ANSWERS POSSIBLE)",GESIS Variable Report,1169,ZA5564
v583,QD6,QD6_13 CLIMATE CH ACTION: NONE,"Which of the following actions have you taken, if any? (SHOW CARD – READ OUT – MULTIPLE ANSWERS POSSIBLE)","Which of the following actions have you taken, if any? (SHOW CARD – READ OUT – MULTIPLE ANSWERS POSSIBLE)",GESIS Variable Report,1171,ZA5564
v584,QD6,QD6_14 CLIMATE CH ACTION: DK,"Which of the following actions have you taken, if any? (SHOW CARD – READ OUT – MULTIPLE ANSWERS POSSIBLE)","Which of the following actions have you taken, if any? (SHOW CARD – READ OUT – MULTIPLE ANSWERS POSSIBLE)",GESIS Variable Report,1173,ZA5564
v585,QD7,QD7 USE OF RENEWABLE ENERGY IN 2050,Do you think that in 2050 people will be using renewable energy sources such as wind and solar power more than they do now? (READ OUT – ONE ANSWER ONLY),Do you think that in 2050 people will be using renewable energy sources such as wind and solar power more than they do now? (READ OUT – ONE ANSWER ONLY),GESIS Variable Report,1175,ZA5564
v586,QD8,QD8 MORE EFFICIENT ENERGY CONSUMPTION IN 2050,Do you think that in 2050 people will consume energy more efficiently than they do now? (READ OUT – ONE ANSWER ONLY),Do you think that in 2050 people will consume energy more efficiently than they do now? (READ OUT – ONE ANSWER ONLY),GESIS Variable Report,1177,ZA5564
v587,QD9,QD9 CARS FUELLED MORE EFFICIENTLY IN 2050,Do you think that in 2050 cars will still be using petrol or diesel or will cars be fuelled in a more energy efficient way? (DO NOT SHOW CARD – DO NOT READ OUT – ONE ANSWER ONLY),Do you think that in 2050 cars will still be using petrol or diesel or will cars be fuelled in a more energy efficient way? (DO NOT SHOW CARD – DO NOT READ OUT – ONE ANSWER ONLY),GESIS Variable Report,1179,ZA5564
v588,D7,D7 MARITAL STATUS,ASK ALL Could you give me the letter which corresponds best to your own current situation? (SHOW CARD – READ OUT – ONE ANSWER ONLY) MARRIED OR REMARRIED,ASK ALL Could you give me the letter which corresponds best to your own current situation? (SHOW CARD – READ OUT – ONE ANSWER ONLY) MARRIED OR REMARRIED,GESIS Variable Report,1181,ZA5564
v589,,D7R1 MARITAL STATUS (RECODED 5 CAT),,D7R1 MARITAL STATUS (RECODED 5 CAT),GESIS Variable Report,1184,ZA5564
v590,page 1159,D7R2 MARITAL STATUS (RECODED 4 CAT),Eurobarometer 75.4 - June 2011,Eurobarometer 75.4 - June 2011,GESIS Variable Report,1186,ZA5564
v591,page 1161,D7R3 MARITAL STATUS (RECODED HOUSEHOLD),Eurobarometer 75.4 - June 2011,Eurobarometer 75.4 - June 2011,GESIS Variable Report,1188,ZA5564
v592,D8,D8 AGE EDUCATION,"How old were you when you stopped full-time education? (IF ""STILL STUDYING"", CODE ‘00’ – IF ""NO EDUCATION"" CODE '01' – IF ""REFUSAL"" CODE '98' – IF ""DK"" CODE '99')","How old were you when you stopped full-time education? (IF ""STILL STUDYING"", CODE ‘00’ – IF ""NO EDUCATION"" CODE '01' – IF ""REFUSAL"" CODE '98' – IF ""DK"" CODE '99')",GESIS Variable Report,1190,ZA5564
v593,,D8R AGE EDUCATION - RECODED,,D8R AGE EDUCATION - RECODED,GESIS Variable Report,1191,ZA5564
v594,D10,D10 GENDER,Gender,Gender,GESIS Variable Report,1194,ZA5564
v595,D11,D11 AGE EXACT,How old are you?,How old are you?,GESIS Variable Report,1195,ZA5564
v596,page 1169,D11R1 AGE RECODED - 4 CATEGORIES,Eurobarometer 75.4 - June 2011,Eurobarometer 75.4 - June 2011,GESIS Variable Report,1196,ZA5564
v597,,D11R2 AGE RECODED - 6 CATEGORIES,,D11R2 AGE RECODED - 6 CATEGORIES,GESIS Variable Report,1198,ZA5564
v598,D15A,D15A OCCUPATION OF RESPONDENT,What is your current occupation? NON-ACTIVE,What is your current occupation? NON-ACTIVE,GESIS Variable Report,1200,ZA5564
v599,page 1176,D15A_R1 OCCUPATION REC 1,Eurobarometer 75.4 - June 2011,Eurobarometer 75.4 - June 2011,GESIS Variable Report,1203,ZA5564
v600,page 1178,D15A_R2 OCCUPATION REC 2 (C14),Eurobarometer 75.4 - June 2011,Eurobarometer 75.4 - June 2011,GESIS Variable Report,1205,ZA5564
v601,D15B,D15B OCCUPATION OF RESPONDENT - LAST JOB,"ASK D15B IF ""NOT DOING ANY PAID WORK CURRENTLY"", CODES 1 to 4 in D15A Did you do any paid work in the past? What was your last occupation? SELF EMPLOYED","ASK D15B IF ""NOT DOING ANY PAID WORK CURRENTLY"", CODES 1 to 4 in D15A Did you do any paid work in the past? What was your last occupation? SELF EMPLOYED",GESIS Variable Report,1207,ZA5564
v602,D25,D25 TYPE OF COMMUNITY,Would you say you live in a...? (READ OUT),Would you say you live in a...? (READ OUT),GESIS Variable Report,1210,ZA5564
v603,D40A,D40A HOUSEHOLD COMPOSITION: AGED 15+,"Could you tell me how many people aged 15 years or more live in your household, yourself included? (READ OUT – WRITE DOWN)","Could you tell me how many people aged 15 years or more live in your household, yourself included? (READ OUT – WRITE DOWN)",GESIS Variable Report,1212,ZA5564
v604,page 1188,D40A HOUSEHOLD COMPOSITION: AGED 15+ (REC),Eurobarometer 75.4 - June 2011,Eurobarometer 75.4 - June 2011,GESIS Variable Report,1215,ZA5564
v605,D40B,D40B HOUSEHOLD COMPOSITION: AGED <10,Could you tell me how many children less than 10 years old live in your household? (READ OUT - WRITE DOWN),Could you tell me how many children less than 10 years old live in your household? (READ OUT - WRITE DOWN),GESIS Variable Report,1217,ZA5564
v606,page 1192,D40B HOUSEHOLD COMPOSITION: AGED <10 (REC),Eurobarometer 75.4 - June 2011,Eurobarometer 75.4 - June 2011,GESIS Variable Report,1219,ZA5564
v607,D40C,D40C HOUSEHOLD COMPOSITION: AGED 10-14,Could you tell me how many children aged 10 to 14 years old live in your household? (READ OUT - WRITE DOWN),Could you tell me how many children aged 10 to 14 years old live in your household? (READ OUT - WRITE DOWN),GESIS Variable Report,1221,ZA5564
v608,page 1196,D40C HOUSEHOLD COMPOSITION: AGED 10-14 (REC),Eurobarometer 75.4 - June 2011,Eurobarometer 75.4 - June 2011,GESIS Variable Report,1223,ZA5564
v609,,D40T HOUSEHOLD COMPOSITION: SIZE A+B+C,,D40T HOUSEHOLD COMPOSITION: SIZE A+B+C,GESIS Variable Report,1225,ZA5564
v610,,D40T HOUSEHOLD COMPOSITION: SIZE A+B+C (REC),,D40T HOUSEHOLD COMPOSITION: SIZE A+B+C (REC),GESIS Variable Report,1228,ZA5564
v611,D43A,D43A PHONE AVAILABLE - FIXED IN HH,Do you own a fixed telephone in your household?,Do you own a fixed telephone in your household?,GESIS Variable Report,1230,ZA5564
v612,D43B,D43B PHONE AVAILABLE - PRIVATE MOBILE,Do you own a personal mobile telephone?,Do you own a personal mobile telephone?,GESIS Variable Report,1231,ZA5564
v613,,D43T PHONE AVAILABLE - LANDLINE/MOBILE (SUM),,D43T PHONE AVAILABLE - LANDLINE/MOBILE (SUM),GESIS Variable Report,1232,ZA5564
v614,D46,D46_1 OWNERSHIP DURABLES: TELEVISION,Which of the following goods do you have? (SHOW CARD – READ OUT – MULTIPLE ANSWERS POSSIBLE),Which of the following goods do you have? (SHOW CARD – READ OUT – MULTIPLE ANSWERS POSSIBLE),GESIS Variable Report,1234,ZA5564
v615,D46,D46_2 OWNERSHIP DURABLES: DVD PLAYER,Which of the following goods do you have? (SHOW CARD – READ OUT – MULTIPLE ANSWERS POSSIBLE),Which of the following goods do you have? (SHOW CARD – READ OUT – MULTIPLE ANSWERS POSSIBLE),GESIS Variable Report,1236,ZA5564
v616,D46,D46_3 OWNERSHIP DURABLES: MUSIC CD PLAYER,Which of the following goods do you have? (SHOW CARD – READ OUT – MULTIPLE ANSWERS POSSIBLE),Which of the following goods do you have? (SHOW CARD – READ OUT – MULTIPLE ANSWERS POSSIBLE),GESIS Variable Report,1238,ZA5564
v617,D46,D46_4 OWNERSHIP DURABLES: COMPUTER,Which of the following goods do you have? (SHOW CARD – READ OUT – MULTIPLE ANSWERS POSSIBLE),Which of the following goods do you have? (SHOW CARD – READ OUT – MULTIPLE ANSWERS POSSIBLE),GESIS Variable Report,1240,ZA5564
v618,D46,D46_5 OWNERSHIP DURABLES: INTERNET ACCESS,Which of the following goods do you have? (SHOW CARD – READ OUT – MULTIPLE ANSWERS POSSIBLE),Which of the following goods do you have? (SHOW CARD – READ OUT – MULTIPLE ANSWERS POSSIBLE),GESIS Variable Report,1242,ZA5564
v619,D46,D46_6 OWNERSHIP DURABLES: CAR,Which of the following goods do you have? (SHOW CARD – READ OUT – MULTIPLE ANSWERS POSSIBLE),Which of the following goods do you have? (SHOW CARD – READ OUT – MULTIPLE ANSWERS POSSIBLE),GESIS Variable Report,1244,ZA5564
v620,D46,D46_7 OWNERSHIP DURABLES: AP/HOUSE PAID,Which of the following goods do you have? (SHOW CARD – READ OUT – MULTIPLE ANSWERS POSSIBLE),Which of the following goods do you have? (SHOW CARD – READ OUT – MULTIPLE ANSWERS POSSIBLE),GESIS Variable Report,1246,ZA5564
v621,D46,D46_8 OWNERSHIP DURABLES: AP/HOUSE PAYING,Which of the following goods do you have? (SHOW CARD – READ OUT – MULTIPLE ANSWERS POSSIBLE),Which of the following goods do you have? (SHOW CARD – READ OUT – MULTIPLE ANSWERS POSSIBLE),GESIS Variable Report,1248,ZA5564
v622,D46,D46_9 OWNERSHIP DURABLES: NONE,Which of the following goods do you have? (SHOW CARD – READ OUT – MULTIPLE ANSWERS POSSIBLE),Which of the following goods do you have? (SHOW CARD – READ OUT – MULTIPLE ANSWERS POSSIBLE),GESIS Variable Report,1250,ZA5564
v623,D46,D46_10 OWNERSHIP DURABLES: DK,Which of the following goods do you have? (SHOW CARD – READ OUT – MULTIPLE ANSWERS POSSIBLE),Which of the following goods do you have? (SHOW CARD – READ OUT – MULTIPLE ANSWERS POSSIBLE),GESIS Variable Report,1252,ZA5564
v624,D60,D60 DIFFICULTIES PAYING BILLS - LAST YEAR,"During the last twelve months, would you say you had difficulties to pay your bills at the end of the month…? (SHOW CARD – READ OUT – ONE ANSWER ONLY)","During the last twelve months, would you say you had difficulties to pay your bills at the end of the month…? (SHOW CARD – READ OUT – ONE ANSWER ONLY)",GESIS Variable Report,1254,ZA5564
v625,D61,D61 LEVEL IN SOCIETY - SELF PLACEMENT,"On the following scale, step '1' corresponds to ""the lowest level in the society""; step '10' corresponds to ""the highest level in the society"". Could you tell me on which step you would place yourself? (SHOW CARD – ONE ANSWER ONLY)","On the following scale, step '1' corresponds to ""the lowest level in the society""; step '10' corresponds to ""the highest level in the society"". Could you tell me on which step you would place yourself? (SHOW CARD – ONE ANSWER ONLY)",GESIS Variable Report,1256,ZA5564
v626,D62,D62_1 INTERNET USE FREQ: AT HOME,Could you tell me if…? (SHOW SCREEN – READ OUT) D.62_1 You use the Internet at home,Could you tell me if…? (SHOW SCREEN – READ OUT) D.62_1 You use the Internet at home,GESIS Variable Report,1259,ZA5564
v627,D62,D62_2 INTERNET USE FREQ: AT PLACE OF WORK,Could you tell me if…? (SHOW SCREEN – READ OUT) D.62_2 You use the Internet at your place of work,Could you tell me if…? (SHOW SCREEN – READ OUT) D.62_2 You use the Internet at your place of work,GESIS Variable Report,1261,ZA5564
v628,D62,D62_3 INTERNET USE FREQ: SOMEWHERE ELSE,"Could you tell me if…? (SHOW SCREEN – READ OUT) D.62_3 You use the Internet somewhere else (school, university, cyber-café, etc.)","Could you tell me if…? (SHOW SCREEN – READ OUT) D.62_3 You use the Internet somewhere else (school, university, cyber-café, etc.)",GESIS Variable Report,1263,ZA5564
v629,V629.,D62T1 INTERNET USE - INDEX 1,,D62T1 INTERNET USE - INDEX 1,GESIS Variable Report,1265,ZA5564
v630,,D62T2 INTERNET USE - INDEX 2,,D62T2 INTERNET USE - INDEX 2,GESIS Variable Report,1267,ZA5564
v631,P1 DATE OF THE INTERVIEW,P1 DATE OF INTERVIEW,1 Saturday 4th June 2011,1 Saturday 4th June 2011,GESIS Variable Report,1269,ZA5564
v632,page 1244,P2 TIME OF INTERVIEW - RECODED,Eurobarometer 75.4 - June 2011,Eurobarometer 75.4 - June 2011,GESIS Variable Report,1271,ZA5564
v633,page 1246,P3 DURATION OF INTERVIEW,Eurobarometer 75.4 - June 2011,Eurobarometer 75.4 - June 2011,GESIS Variable Report,1273,ZA5564
v634,page 1250,P3 DURATION OF INTERVIEW - RECODED,Eurobarometer 75.4 - June 2011,Eurobarometer 75.4 - June 2011,GESIS Variable Report,1277,ZA5564
v635,page 1252,P4 N OF PERSONS PRESENT DURING INTERVIEW,Eurobarometer 75.4 - June 2011,Eurobarometer 75.4 - June 2011,GESIS Variable Report,1279,ZA5564
v636,P5 RESPONDENT COOPERATION,P5 RESPONDENT COOPERATION,1 Excellent,1 Excellent,GESIS Variable Report,1281,ZA5564
v637,,P6 SIZE OF COMMUNITY - FRANCE,,P6 SIZE OF COMMUNITY - FRANCE,GESIS Variable Report,1283,ZA5564
v638,,P6 SIZE OF COMMUNITY - BELGIUM,,P6 SIZE OF COMMUNITY - BELGIUM,GESIS Variable Report,1284,ZA5564
v639,,P6 SIZE OF COMMUNITY - NETHERLANDS,,P6 SIZE OF COMMUNITY - NETHERLANDS,GESIS Variable Report,1285,ZA5564
v640,,P6 SIZE OF COMMUNITY - GERMANY,,P6 SIZE OF COMMUNITY - GERMANY,GESIS Variable Report,1286,ZA5564
v641,,P6 SIZE OF COMMUNITY - ITALY,,P6 SIZE OF COMMUNITY - ITALY,GESIS Variable Report,1287,ZA5564
v642,,P6 SIZE OF COMMUNITY - LUXEMBOURG,,P6 SIZE OF COMMUNITY - LUXEMBOURG,GESIS Variable Report,1288,ZA5564
v643,,P6 SIZE OF COMMUNITY - DENMARK,,P6 SIZE OF COMMUNITY - DENMARK,GESIS Variable Report,1289,ZA5564
v644,,P6 SIZE OF COMMUNITY - IRELAND,,P6 SIZE OF COMMUNITY - IRELAND,GESIS Variable Report,1290,ZA5564
v645,,P6 SIZE OF COMMUNITY - UNITED KINGDOM,,P6 SIZE OF COMMUNITY - UNITED KINGDOM,GESIS Variable Report,1291,ZA5564
v646,,P6 SIZE OF COMMUNITY - GREECE,,P6 SIZE OF COMMUNITY - GREECE,GESIS Variable Report,1292,ZA5564
v647,,P6 SIZE OF COMMUNITY - SPAIN,,P6 SIZE OF COMMUNITY - SPAIN,GESIS Variable Report,1293,ZA5564
v648,,P6 SIZE OF COMMUNITY - PORTUGAL,,P6 SIZE OF COMMUNITY - PORTUGAL,GESIS Variable Report,1294,ZA5564
v649,,P6 SIZE OF COMMUNITY - FINLAND,,P6 SIZE OF COMMUNITY - FINLAND,GESIS Variable Report,1295,ZA5564
v650,,P6 SIZE OF COMMUNITY - SWEDEN,,P6 SIZE OF COMMUNITY - SWEDEN,GESIS Variable Report,1296,ZA5564
v651,,P6 SIZE OF COMMUNITY - AUSTRIA,,P6 SIZE OF COMMUNITY - AUSTRIA,GESIS Variable Report,1297,ZA5564
v652,Sum 26840 100.0 100.0,P6 SIZE OF COMMUNITY - CYPRUS (REPUBLIC),Valid Cases 504 Eurobarometer 75.4 - June 2011,Valid Cases 504 Eurobarometer 75.4 - June 2011,GESIS Variable Report,1298,ZA5564
v653,,P6 SIZE OF COMMUNITY - CZECH REPUBLIC,,P6 SIZE OF COMMUNITY - CZECH REPUBLIC,GESIS Variable Report,1299,ZA5564
v654,,P6 SIZE OF COMMUNITY - ESTONIA,,P6 SIZE OF COMMUNITY - ESTONIA,GESIS Variable Report,1300,ZA5564
v655,,P6 SIZE OF COMMUNITY - HUNGARY,,P6 SIZE OF COMMUNITY - HUNGARY,GESIS Variable Report,1301,ZA5564
v656,,P6 SIZE OF COMMUNITY - LATVIA,,P6 SIZE OF COMMUNITY - LATVIA,GESIS Variable Report,1302,ZA5564
v657,,P6 SIZE OF COMMUNITY - LITHUANIA,,P6 SIZE OF COMMUNITY - LITHUANIA,GESIS Variable Report,1303,ZA5564
v658,,P6 SIZE OF COMMUNITY - MALTA,,P6 SIZE OF COMMUNITY - MALTA,GESIS Variable Report,1304,ZA5564
v659,,P6 SIZE OF COMMUNITY - POLAND,,P6 SIZE OF COMMUNITY - POLAND,GESIS Variable Report,1305,ZA5564
v660,,P6 SIZE OF COMMUNITY - SLOVAKIA,,P6 SIZE OF COMMUNITY - SLOVAKIA,GESIS Variable Report,1306,ZA5564
v661,,P6 SIZE OF COMMUNITY - SLOVENIA,,P6 SIZE OF COMMUNITY - SLOVENIA,GESIS Variable Report,1307,ZA5564
v662,,P6 SIZE OF COMMUNITY - BULGARIA,,P6 SIZE OF COMMUNITY - BULGARIA,GESIS Variable Report,1308,ZA5564
v663,,P6 SIZE OF COMMUNITY - ROMANIA,,P6 SIZE OF COMMUNITY - ROMANIA,GESIS Variable Report,1309,ZA5564
v664,P7_FR REGION,P7 REGION - FRANCE NUTS 2,France (EUROSTAT NUTS 2 LEVEL) – Régions,France (EUROSTAT NUTS 2 LEVEL) – Régions,GESIS Variable Report,1310,ZA5564
v665,P7R_FR REGION,P7 REGION - FRANCE NUTS 1,France (EUROSTAT NUTS 1 LEVEL) – Zones d'études et d'aménagement du territoire Z.E.A.T. (Research and National Development Zones),France (EUROSTAT NUTS 1 LEVEL) – Zones d'études et d'aménagement du territoire Z.E.A.T. (Research and National Development Zones),GESIS Variable Report,1312,ZA5564
v666,P7_BE REGION,P7 REGION - BELGIUM NUTS 2,Belgium (EUROSTAT NUTS 2 LEVEL) – Provincies / Provinces,Belgium (EUROSTAT NUTS 2 LEVEL) – Provincies / Provinces,GESIS Variable Report,1313,ZA5564
v667,P7R_BE REGION,P7 REGION - BELGIUM NUTS 1,Belgium (EUROSTAT NUTS 1 LEVEL) – Gewesten / Régions,Belgium (EUROSTAT NUTS 1 LEVEL) – Gewesten / Régions,GESIS Variable Report,1314,ZA5564
v668,P7_NL REGION,P7 REGION - NETHERLANDS NUTS 2,The Netherlands (EUROSTAT NUTS 2 LEVEL) – Provincies,The Netherlands (EUROSTAT NUTS 2 LEVEL) – Provincies,GESIS Variable Report,1315,ZA5564
v669,P7R_NL REGION,P7 REGION - NETHERLANDS NUTS 1,The Netherlands (EUROSTAT NUTS 1 LEVEL) – Landsdelen,The Netherlands (EUROSTAT NUTS 1 LEVEL) – Landsdelen,GESIS Variable Report,1316,ZA5564
v670,P7_DE REGION,P7 REGION - GERMANY NUTS 1,Germany (EUROSTAT NUTS 1 LEVEL) – Länder (Bundesländer),Germany (EUROSTAT NUTS 1 LEVEL) – Länder (Bundesländer),GESIS Variable Report,1317,ZA5564
v671,P7_IT REGION,P7 REGION - ITALY NUTS 2 MOD,Italy (EUROSTAT NUTS 2 LEVEL – modified) – Regioni,Italy (EUROSTAT NUTS 2 LEVEL – modified) – Regioni,GESIS Variable Report,1319,ZA5564
v672,,P7 REGION - ITALY NUTS 1,,P7 REGION - ITALY NUTS 1,GESIS Variable Report,1321,ZA5564
v673,,P7 REGION - ITALY NUTS 1 MOD,,P7 REGION - ITALY NUTS 1 MOD,GESIS Variable Report,1322,ZA5564
v674,P7_LU REGION,P7 REGION - LUXEMBOURG,Luxembourg – Non-NUTS subdivisions,Luxembourg – Non-NUTS subdivisions,GESIS Variable Report,1323,ZA5564
v675,P7_DK REGION,P7 REGION - DENMARK NUTS 2,Denmark (EUROSTAT NUTS 2 LEVEL) – Regioner,Denmark (EUROSTAT NUTS 2 LEVEL) – Regioner,GESIS Variable Report,1324,ZA5564
v676,P7_IE REGION,P7 REGION - IRELAND,Ireland – Non-NUTS subdivisions,Ireland – Non-NUTS subdivisions,GESIS Variable Report,1325,ZA5564
v677,P7_GB REGION,P7 REGION - UNITED KINGDOM NUTS 1,United Kingdom (GB-NIR: EUROSTAT NUTS 3 LEVEL; GB-GBN: EUROSTAT NUTS 1 LEVEL),United Kingdom (GB-NIR: EUROSTAT NUTS 3 LEVEL; GB-GBN: EUROSTAT NUTS 1 LEVEL),GESIS Variable Report,1326,ZA5564
v678,P7R_GB REGION,P7 REGION - UNITED KINGDOM NUTS 1 MOD,United Kingdom (EUROSTAT NUTS 1 LEVEL – modified) – Government Office Regions; Country,United Kingdom (EUROSTAT NUTS 1 LEVEL – modified) – Government Office Regions; Country,GESIS Variable Report,1328,ZA5564
v679,P7_GR REGION,P7 REGION - GREECE NUTS 2,Greece (EUROSTAT NUTS II LEVEL) – Περιφέρειες (Periferies),Greece (EUROSTAT NUTS II LEVEL) – Περιφέρειες (Periferies),GESIS Variable Report,1329,ZA5564
v680,P7R_GR REGION,P7 REGION - GREECE NUTS 1,Greece (EUROSTAT NUTS 1 LEVEL) – Γεωγραφική Ομάδα (Groups of development regions),Greece (EUROSTAT NUTS 1 LEVEL) – Γεωγραφική Ομάδα (Groups of development regions),GESIS Variable Report,1330,ZA5564
v681,P7_ES REGION,P7 REGION - SPAIN NUTS 2,Spain (EUROSTAT NUTS 2 LEVEL) – Comunidades y ciudades autónomas,Spain (EUROSTAT NUTS 2 LEVEL) – Comunidades y ciudades autónomas,GESIS Variable Report,1331,ZA5564
v682,,P7 REGION - SPAIN NUTS 1,,P7 REGION - SPAIN NUTS 1,GESIS Variable Report,1333,ZA5564
v683,,P7 REGION - SPAIN NUTS 1 MOD,,P7 REGION - SPAIN NUTS 1 MOD,GESIS Variable Report,1334,ZA5564
v684,P7_PT REGION,P7 REGION - PORTUGAL NUTS 2,Portugal (EUROSTAT NUTS 2 LEVEL) – Comissaoes de Coordenaçao regional + Regioes autonomas,Portugal (EUROSTAT NUTS 2 LEVEL) – Comissaoes de Coordenaçao regional + Regioes autonomas,GESIS Variable Report,1335,ZA5564
v685,P7_FI REGION,P7 REGION - FINLAND NUTS 3,Finland (EUROSTAT NUTS 3 LEVEL 2010) – Maakunnat / Landskap,Finland (EUROSTAT NUTS 3 LEVEL 2010) – Maakunnat / Landskap,GESIS Variable Report,1336,ZA5564
v686,P7R_FI REGION,P7 REGION - FINLAND NUTS 2,Finland (EUROSTAT NUTS 2 LEVEL 2003 / 2006) – Suuralueet / Storområden,Finland (EUROSTAT NUTS 2 LEVEL 2003 / 2006) – Suuralueet / Storområden,GESIS Variable Report,1338,ZA5564
v687,P7_SE REGION,P7 REGION - SWEDEN NUTS 2,Sweden (EUROSTAT NUTS 2 LEVEL) – Riksområden,Sweden (EUROSTAT NUTS 2 LEVEL) – Riksområden,GESIS Variable Report,1339,ZA5564
v688,P7R_SE REGION,P7 REGION - SWEDEN NUTS 1,Sweden (EUROSTAT NUTS 1 LEVEL) – Grupper av riksområden,Sweden (EUROSTAT NUTS 1 LEVEL) – Grupper av riksområden,GESIS Variable Report,1340,ZA5564
v689,P7_AT REGION,P7 REGION - AUSTRIA NUTS 2,Austria (EUROSTAT NUTS 2 LEVEL) – Bundesländer,Austria (EUROSTAT NUTS 2 LEVEL) – Bundesländer,GESIS Variable Report,1341,ZA5564
v690,P7R_AT REGION,P7 REGION - AUSTRIA NUTS 1,Austria (EUROSTAT NUTS 1 LEVEL) – Gruppen von Bundesländern,Austria (EUROSTAT NUTS 1 LEVEL) – Gruppen von Bundesländern,GESIS Variable Report,1342,ZA5564
v691,P7_CY REGION,P7 REGION - CYPRUS (REPUBLIC),Republic of Cyprus (Districts based on EUROSTAT local administration units LAU 1 as defined for Cyprus as a whole) – Επαρχίες (Eparchies),Republic of Cyprus (Districts based on EUROSTAT local administration units LAU 1 as defined for Cyprus as a whole) – Επαρχίες (Eparchies),GESIS Variable Report,1343,ZA5564
v692,P7_CZ REGION,P7 REGION - CZECH REPUBLIC NUTS 2,Czech Republic (EUROSTAT NUTS 2 LEVEL) – Oblasti,Czech Republic (EUROSTAT NUTS 2 LEVEL) – Oblasti,GESIS Variable Report,1344,ZA5564
v693,P7_EE REGION,P7 REGION - ESTONIA,Estonia (EUROSTAT NUTS 3 LEVEL – strongly modified) – Groups of counties (Maakond),Estonia (EUROSTAT NUTS 3 LEVEL – strongly modified) – Groups of counties (Maakond),GESIS Variable Report,1345,ZA5564
v694,P7_HU REGION,P7 REGION - HUNGARY NUTS 2,Hungary (EUROSTAT NUTS 2 LEVEL) – Tervezési-statisztikai régiók,Hungary (EUROSTAT NUTS 2 LEVEL) – Tervezési-statisztikai régiók,GESIS Variable Report,1346,ZA5564
v695,P7R_HU REGION,P7 REGION - HUNGARY NUTS 1,Hungary (EUROSTAT NUTS 1 LEVEL) – Statisztikai nagyrégiók,Hungary (EUROSTAT NUTS 1 LEVEL) – Statisztikai nagyrégiók,GESIS Variable Report,1347,ZA5564
v696,P7_LV REGION,P7 REGION - LATVIA NUTS 3,Latvia (EUROSTAT NUTS 3 LEVEL) – Statistiskie reģioni,Latvia (EUROSTAT NUTS 3 LEVEL) – Statistiskie reģioni,GESIS Variable Report,1348,ZA5564
v697,P7_LT REGION,P7 REGION - LITHUANIA NUTS 3,Lithuania (EUROSTAT NUTS 3 LEVEL) – Apskritys (counties),Lithuania (EUROSTAT NUTS 3 LEVEL) – Apskritys (counties),GESIS Variable Report,1349,ZA5564
v698,P7_PL REGION,P7 REGION - POLAND NUTS 2,Poland (EUROSTAT NUTS 2 LEVEL) – Województwa (Voivodeship),Poland (EUROSTAT NUTS 2 LEVEL) – Województwa (Voivodeship),GESIS Variable Report,1350,ZA5564
v699,P7R_PL REGION,P7 REGION - POLAND NUTS 1,Poland (EUROSTAT NUTS 1 LEVEL) – Regiony,Poland (EUROSTAT NUTS 1 LEVEL) – Regiony,GESIS Variable Report,1352,ZA5564
v700,P7_SK REGION,P7 REGION - SLOVAKIA NUTS 2,Slovakia (EUROSTAT NUTS 2 LEVEL) – Oblasti,Slovakia (EUROSTAT NUTS 2 LEVEL) – Oblasti,GESIS Variable Report,1353,ZA5564
v701,P7_SI REGION,P7 REGION - SLOVENIA NUTS 3,Slovenia (EUROSTAT NUTS 3 LEVEL) – Statistične regije (statistical regions),Slovenia (EUROSTAT NUTS 3 LEVEL) – Statistične regije (statistical regions),GESIS Variable Report,1354,ZA5564
v702,P7R_SI REGION,P7 REGION - SLOVENIA NUTS 2,Slovenia (EUROSTAT NUTS 2 LEVEL) – Kohezijske regije,Slovenia (EUROSTAT NUTS 2 LEVEL) – Kohezijske regije,GESIS Variable Report,1355,ZA5564
v703,P7_BG REGION,P7 REGION - BULGARIA NUTS 3,Bulgaria (EUROSTAT NUTS 3 LEVEL) – Области (Oblasti),Bulgaria (EUROSTAT NUTS 3 LEVEL) – Области (Oblasti),GESIS Variable Report,1356,ZA5564
v704,P7R_BG REGION,P7 REGION - BULGARIA NUTS 2,Bulgaria (EUROSTAT NUTS 2 LEVEL) – Райони за планиране (Rajoni za planirane),Bulgaria (EUROSTAT NUTS 2 LEVEL) – Райони за планиране (Rajoni za planirane),GESIS Variable Report,1358,ZA5564
v705,P7_RO REGION,P7 REGION - ROMANIA NUTS 2,Romania (EUROSTAT NUTS 2 LEVEL) – Regiuni,Romania (EUROSTAT NUTS 2 LEVEL) – Regiuni,GESIS Variable Report,1359,ZA5564
v706,P7R_RO REGION,P7 REGION - ROMANIA NUTS 1,Romania (EUROSTAT NUTS 1 LEVEL) – Macroregiuni,Romania (EUROSTAT NUTS 1 LEVEL) – Macroregiuni,GESIS Variable Report,1360,ZA5564
v708,page 1343,REGION - NUTS LEVEL,Eurobarometer 75.4 - June 2011,Eurobarometer 75.4 - June 2011,GESIS Variable Report,1370,ZA5564
v709,V709,P13 LANGUAGE OF INTERVIEW - BELGIUM,Value Label Missing Count Percent Valid Percent,Value Label Missing Count Percent Valid Percent,GESIS Variable Report,1372,ZA5564
v710,V710,P13 LANGUAGE OF INTERVIEW - LUXEMBOURG,Value Label Missing Count Percent Valid Percent,Value Label Missing Count Percent Valid Percent,GESIS Variable Report,1373,ZA5564
v711,V711,P13 LANGUAGE OF INTERVIEW - SPAIN,Value Label Missing Count Percent Valid Percent,Value Label Missing Count Percent Valid Percent,GESIS Variable Report,1374,ZA5564
v712,V712,P13 LANGUAGE OF INTERVIEW - FINLAND,Value Label Missing Count Percent Valid Percent,Value Label Missing Count Percent Valid Percent,GESIS Variable Report,1375,ZA5564
v713,V713,P13 LANGUAGE OF INTERVIEW - ESTONIA,Value Label Missing Count Percent Valid Percent,Value Label Missing Count Percent Valid Percent,GESIS Variable Report,1376,ZA5564
v714,V714,P13 LANGUAGE OF INTERVIEW - LATVIA,Value Label Missing Count Percent Valid Percent,Value Label Missing Count Percent Valid Percent,GESIS Variable Report,1377,ZA5564
v715,V715,P13 LANGUAGE OF INTERVIEW - MALTA,Value Label Missing Count Percent Valid Percent,Value Label Missing Count Percent Valid Percent,GESIS Variable Report,1378,ZA5564
v722,,ORIGINAL TNS COUNTRY CODE,,ORIGINAL TNS COUNTRY CODE,GESIS Variable Report,1385,ZA5564
