variable,question_number,variable_label,question_text,question_text_filled,source,source_page,za_id
studyno1,Sum 27474 100.0 100.0,ARCHIVE STUDY NUMBER - DISTRIBUTOR,Valid Cases 27474 Eurobarometer 90.1 - September 2018,Valid Cases 27474 Eurobarometer 90.1 - September 2018,GESIS Variable Report,35,ZA7484
studyno2,Sum 27474 100.0 100.0,ARCHIVE STUDY NUMBER - PUBLISHER,"Valid Cases 27474 Eurobarometer 90.1 - September 2018 doi - DIGITAL OBJECT IDENTIFIER Digital object identifier This variable holds the Digital Object Identifier (DOI) for the dataset at hand as registered via the da|ra registration agency for economic and social science data. Each dataset version (see variable ‘version’) has a unique persistent DOI. For direct access to the complete archive dissemination package for this study, including new dataset versions, the DOI needs to be appended to the resolver service URL: https://dx.doi.org/10.4232/1.14329 In terms of good scientific practice, the DOI is an important element for the correct citation of a dataset. doi Value Label Missing Count Percent Valid Percent doi:10.4232/1.14329 27474 100.0 100.0 Sum 27474 100.0 100.0 Valid Cases 27474 Eurobarometer 90.1 - September 2018 version - GESIS ARCHIVE VERSION & DATE GESIS archive version & date 2.0.0 '2024-06-04' This variable identifies the GESIS archive version number of this data set and the corresponding release date, recorded as an alphanumeric string. The version number is composed of a sequence of three numbers. The major number is incremented when there are changes in the composition of the data set (e.g. additional variables or cases), the minor or second number is incremented when significant errors have been fixed (e.g. coding errors, misleading value labels), and the third or revision number is incremented when minor bugs are fixed (e.g. spelling errors in variable or value labels). For details of the version history and for information on errata in current or former dataset versions, please consult the GESIS data catalogue entry (study description) persistently referenced by the dataset DOI (Digital Object Identifier). version Value Label Missing Count Percent Valid Percent 2.0.0 (2024-06-04) 27474 100.0 100.0 Sum 27474 100.0 100.0 Valid Cases 27474 Eurobarometer 90.1 - September 2018","Valid Cases 27474 Eurobarometer 90.1 - September 2018 doi - DIGITAL OBJECT IDENTIFIER Digital object identifier This variable holds the Digital Object Identifier (DOI) for the dataset at hand as registered via the da|ra registration agency for economic and social science data. Each dataset version (see variable ‘version’) has a unique persistent DOI. For direct access to the complete archive dissemination package for this study, including new dataset versions, the DOI needs to be appended to the resolver service URL: https://dx.doi.org/10.4232/1.14329 In terms of good scientific practice, the DOI is an important element for the correct citation of a dataset. doi Value Label Missing Count Percent Valid Percent doi:10.4232/1.14329 27474 100.0 100.0 Sum 27474 100.0 100.0 Valid Cases 27474 Eurobarometer 90.1 - September 2018 version - GESIS ARCHIVE VERSION & DATE GESIS archive version & date 2.0.0 '2024-06-04' This variable identifies the GESIS archive version number of this data set and the corresponding release date, recorded as an alphanumeric string. The version number is composed of a sequence of three numbers. The major number is incremented when there are changes in the composition of the data set (e.g. additional variables or cases), the minor or second number is incremented when significant errors have been fixed (e.g. coding errors, misleading value labels), and the third or revision number is incremented when minor bugs are fixed (e.g. spelling errors in variable or value labels). For details of the version history and for information on errata in current or former dataset versions, please consult the GESIS data catalogue entry (study description) persistently referenced by the dataset DOI (Digital Object Identifier). version Value Label Missing Count Percent Valid Percent 2.0.0 (2024-06-04) 27474 100.0 100.0 Sum 27474 100.0 100.0 Valid Cases 27474 Eurobarometer 90.1 - September 2018",GESIS Variable Report,36,ZA7484
edition,Sum 27474 100.0 100.0,DATASET EDITION,Valid Cases 27474 Eurobarometer 90.1 - September 2018,Valid Cases 27474 Eurobarometer 90.1 - September 2018,GESIS Variable Report,39,ZA7484
survey,Sum 27474 100.0 100.0,SURVEY IDENTIFICATION,Valid Cases 27474 Eurobarometer 90.1 - September 2018 caseid - KANTAR CASE ID (SEE NOTE) Kantar case ID The original non-unique case (interview) identification numbers as provided by the fieldwork institute (Kantar). The unique respondent identification variable uniqid adds the original country identification codes (tnscntry) as a prefix to the original case ID numbers in order to make them unique.,Valid Cases 27474 Eurobarometer 90.1 - September 2018 caseid - KANTAR CASE ID (SEE NOTE) Kantar case ID The original non-unique case (interview) identification numbers as provided by the fieldwork institute (Kantar). The unique respondent identification variable uniqid adds the original country identification codes (tnscntry) as a prefix to the original case ID numbers in order to make them unique.,GESIS Variable Report,40,ZA7484
tnscntry,,ORIGINAL KANTAR COUNTRY/SAMPLE ID,,ORIGINAL KANTAR COUNTRY/SAMPLE ID,GESIS Variable Report,44,ZA7484
country,,COUNTRY/SAMPLE ID (SERIES STANDARD),,COUNTRY/SAMPLE ID (SERIES STANDARD),GESIS Variable Report,46,ZA7484
d11,D11,AGE EXACT,How old are you? (IF ‘REFUSAL’ CODE ‘99’ – IF D11=99 (REFUSAL) THEN STOP INTERVIEW),How old are you? (IF ‘REFUSAL’ CODE ‘99’ – IF D11=99 (REFUSAL) THEN STOP INTERVIEW),GESIS Variable Report,134,ZA7484
d11r1,page 102,AGE: 4 GROUPS (RECODED),Eurobarometer 90.1 - September 2018,Eurobarometer 90.1 - September 2018,GESIS Variable Report,136,ZA7484
d11r2,,AGE: 6 GROUPS (RECODED),,AGE: 6 GROUPS (RECODED),GESIS Variable Report,138,ZA7484
d11r3,,AGE: 7 GROUPS (RECODED),,AGE: 7 GROUPS (RECODED),GESIS Variable Report,140,ZA7484
gen1,page 108,GENERATION BEFORE 1928 (AGE 91 AND OLDER),Eurobarometer 90.1 - September 2018,Eurobarometer 90.1 - September 2018,GESIS Variable Report,142,ZA7484
gen2,page 110,GENERATION 1928-1945 (AGE 73-90),Eurobarometer 90.1 - September 2018,Eurobarometer 90.1 - September 2018,GESIS Variable Report,144,ZA7484
gen3,page 112,GENERATION BEFORE 1946 (AGE 73 AND OLDER),Eurobarometer 90.1 - September 2018,Eurobarometer 90.1 - September 2018,GESIS Variable Report,146,ZA7484
gen4,page 114,GENERATION 1946-1964 (AGE 54-72),Eurobarometer 90.1 - September 2018,Eurobarometer 90.1 - September 2018,GESIS Variable Report,148,ZA7484
gen5,page 116,GENERATION 1965-1980 (AGE 38-53),Eurobarometer 90.1 - September 2018,Eurobarometer 90.1 - September 2018,GESIS Variable Report,150,ZA7484
gen6,page 118,GENERATION AFTER 1980 (AGE 15-37),Eurobarometer 90.1 - September 2018,Eurobarometer 90.1 - September 2018,GESIS Variable Report,152,ZA7484
q1_1,Q1,NATIONALITY: BELGIUM,What is your nationality? Please tell me the country(ies) that applies(y). (MULTIPLE ANSWERS POSSIBLE) (CODE 29 CANNOT BE THE ONLY ANSWER OTHERWISE CLOSE THE INTERVIEW – CODE 30 IS EXCLUSIVE – IF CODE 30 THEN CLOSE INTERVIEW),What is your nationality? Please tell me the country(ies) that applies(y). (MULTIPLE ANSWERS POSSIBLE) (CODE 29 CANNOT BE THE ONLY ANSWER OTHERWISE CLOSE THE INTERVIEW – CODE 30 IS EXCLUSIVE – IF CODE 30 THEN CLOSE INTERVIEW),GESIS Variable Report,154,ZA7484
q1_2,Q1,NATIONALITY: DENMARK,What is your nationality? Please tell me the country(ies) that applies(y). (MULTIPLE ANSWERS POSSIBLE) (CODE 29 CANNOT BE THE ONLY ANSWER OTHERWISE CLOSE THE INTERVIEW – CODE 30 IS EXCLUSIVE – IF CODE 30 THEN CLOSE INTERVIEW),What is your nationality? Please tell me the country(ies) that applies(y). (MULTIPLE ANSWERS POSSIBLE) (CODE 29 CANNOT BE THE ONLY ANSWER OTHERWISE CLOSE THE INTERVIEW – CODE 30 IS EXCLUSIVE – IF CODE 30 THEN CLOSE INTERVIEW),GESIS Variable Report,156,ZA7484
q1_3,Q1,NATIONALITY: GERMANY,What is your nationality? Please tell me the country(ies) that applies(y). (MULTIPLE ANSWERS POSSIBLE) (CODE 29 CANNOT BE THE ONLY ANSWER OTHERWISE CLOSE THE INTERVIEW – CODE 30 IS EXCLUSIVE – IF CODE 30 THEN CLOSE INTERVIEW),What is your nationality? Please tell me the country(ies) that applies(y). (MULTIPLE ANSWERS POSSIBLE) (CODE 29 CANNOT BE THE ONLY ANSWER OTHERWISE CLOSE THE INTERVIEW – CODE 30 IS EXCLUSIVE – IF CODE 30 THEN CLOSE INTERVIEW),GESIS Variable Report,158,ZA7484
q1_4,Q1,NATIONALITY: GREECE,What is your nationality? Please tell me the country(ies) that applies(y). (MULTIPLE ANSWERS POSSIBLE) (CODE 29 CANNOT BE THE ONLY ANSWER OTHERWISE CLOSE THE INTERVIEW – CODE 30 IS EXCLUSIVE – IF CODE 30 THEN CLOSE INTERVIEW),What is your nationality? Please tell me the country(ies) that applies(y). (MULTIPLE ANSWERS POSSIBLE) (CODE 29 CANNOT BE THE ONLY ANSWER OTHERWISE CLOSE THE INTERVIEW – CODE 30 IS EXCLUSIVE – IF CODE 30 THEN CLOSE INTERVIEW),GESIS Variable Report,160,ZA7484
q1_5,Q1,NATIONALITY: SPAIN,What is your nationality? Please tell me the country(ies) that applies(y). (MULTIPLE ANSWERS POSSIBLE) (CODE 29 CANNOT BE THE ONLY ANSWER OTHERWISE CLOSE THE INTERVIEW – CODE 30 IS EXCLUSIVE – IF CODE 30 THEN CLOSE INTERVIEW),What is your nationality? Please tell me the country(ies) that applies(y). (MULTIPLE ANSWERS POSSIBLE) (CODE 29 CANNOT BE THE ONLY ANSWER OTHERWISE CLOSE THE INTERVIEW – CODE 30 IS EXCLUSIVE – IF CODE 30 THEN CLOSE INTERVIEW),GESIS Variable Report,162,ZA7484
q1_6,Q1,NATIONALITY: FRANCE,What is your nationality? Please tell me the country(ies) that applies(y). (MULTIPLE ANSWERS POSSIBLE) (CODE 29 CANNOT BE THE ONLY ANSWER OTHERWISE CLOSE THE INTERVIEW – CODE 30 IS EXCLUSIVE – IF CODE 30 THEN CLOSE INTERVIEW),What is your nationality? Please tell me the country(ies) that applies(y). (MULTIPLE ANSWERS POSSIBLE) (CODE 29 CANNOT BE THE ONLY ANSWER OTHERWISE CLOSE THE INTERVIEW – CODE 30 IS EXCLUSIVE – IF CODE 30 THEN CLOSE INTERVIEW),GESIS Variable Report,164,ZA7484
q1_7,Q1,NATIONALITY: IRELAND,What is your nationality? Please tell me the country(ies) that applies(y). (MULTIPLE ANSWERS POSSIBLE) (CODE 29 CANNOT BE THE ONLY ANSWER OTHERWISE CLOSE THE INTERVIEW – CODE 30 IS EXCLUSIVE – IF CODE 30 THEN CLOSE INTERVIEW),What is your nationality? Please tell me the country(ies) that applies(y). (MULTIPLE ANSWERS POSSIBLE) (CODE 29 CANNOT BE THE ONLY ANSWER OTHERWISE CLOSE THE INTERVIEW – CODE 30 IS EXCLUSIVE – IF CODE 30 THEN CLOSE INTERVIEW),GESIS Variable Report,166,ZA7484
q1_8,Q1,NATIONALITY: ITALY,What is your nationality? Please tell me the country(ies) that applies(y). (MULTIPLE ANSWERS POSSIBLE) (CODE 29 CANNOT BE THE ONLY ANSWER OTHERWISE CLOSE THE INTERVIEW – CODE 30 IS EXCLUSIVE – IF CODE 30 THEN CLOSE INTERVIEW),What is your nationality? Please tell me the country(ies) that applies(y). (MULTIPLE ANSWERS POSSIBLE) (CODE 29 CANNOT BE THE ONLY ANSWER OTHERWISE CLOSE THE INTERVIEW – CODE 30 IS EXCLUSIVE – IF CODE 30 THEN CLOSE INTERVIEW),GESIS Variable Report,168,ZA7484
q1_9,Q1,NATIONALITY: LUXEMBOURG,What is your nationality? Please tell me the country(ies) that applies(y). (MULTIPLE ANSWERS POSSIBLE) (CODE 29 CANNOT BE THE ONLY ANSWER OTHERWISE CLOSE THE INTERVIEW – CODE 30 IS EXCLUSIVE – IF CODE 30 THEN CLOSE INTERVIEW),What is your nationality? Please tell me the country(ies) that applies(y). (MULTIPLE ANSWERS POSSIBLE) (CODE 29 CANNOT BE THE ONLY ANSWER OTHERWISE CLOSE THE INTERVIEW – CODE 30 IS EXCLUSIVE – IF CODE 30 THEN CLOSE INTERVIEW),GESIS Variable Report,170,ZA7484
q1_10,Q1,NATIONALITY: NETHERLANDS,What is your nationality? Please tell me the country(ies) that applies(y). (MULTIPLE ANSWERS POSSIBLE) (CODE 29 CANNOT BE THE ONLY ANSWER OTHERWISE CLOSE THE INTERVIEW – CODE 30 IS EXCLUSIVE – IF CODE 30 THEN CLOSE INTERVIEW),What is your nationality? Please tell me the country(ies) that applies(y). (MULTIPLE ANSWERS POSSIBLE) (CODE 29 CANNOT BE THE ONLY ANSWER OTHERWISE CLOSE THE INTERVIEW – CODE 30 IS EXCLUSIVE – IF CODE 30 THEN CLOSE INTERVIEW),GESIS Variable Report,172,ZA7484
q1_11,Q1,NATIONALITY: PORTUGAL,What is your nationality? Please tell me the country(ies) that applies(y). (MULTIPLE ANSWERS POSSIBLE) (CODE 29 CANNOT BE THE ONLY ANSWER OTHERWISE CLOSE THE INTERVIEW – CODE 30 IS EXCLUSIVE – IF CODE 30 THEN CLOSE INTERVIEW),What is your nationality? Please tell me the country(ies) that applies(y). (MULTIPLE ANSWERS POSSIBLE) (CODE 29 CANNOT BE THE ONLY ANSWER OTHERWISE CLOSE THE INTERVIEW – CODE 30 IS EXCLUSIVE – IF CODE 30 THEN CLOSE INTERVIEW),GESIS Variable Report,174,ZA7484
q1_12,Q1,NATIONALITY: UNITED KINGDOM,What is your nationality? Please tell me the country(ies) that applies(y). (MULTIPLE ANSWERS POSSIBLE) (CODE 29 CANNOT BE THE ONLY ANSWER OTHERWISE CLOSE THE INTERVIEW – CODE 30 IS EXCLUSIVE – IF CODE 30 THEN CLOSE INTERVIEW),What is your nationality? Please tell me the country(ies) that applies(y). (MULTIPLE ANSWERS POSSIBLE) (CODE 29 CANNOT BE THE ONLY ANSWER OTHERWISE CLOSE THE INTERVIEW – CODE 30 IS EXCLUSIVE – IF CODE 30 THEN CLOSE INTERVIEW),GESIS Variable Report,176,ZA7484
q1_13,Q1,NATIONALITY: AUSTRIA,What is your nationality? Please tell me the country(ies) that applies(y). (MULTIPLE ANSWERS POSSIBLE) (CODE 29 CANNOT BE THE ONLY ANSWER OTHERWISE CLOSE THE INTERVIEW – CODE 30 IS EXCLUSIVE – IF CODE 30 THEN CLOSE INTERVIEW),What is your nationality? Please tell me the country(ies) that applies(y). (MULTIPLE ANSWERS POSSIBLE) (CODE 29 CANNOT BE THE ONLY ANSWER OTHERWISE CLOSE THE INTERVIEW – CODE 30 IS EXCLUSIVE – IF CODE 30 THEN CLOSE INTERVIEW),GESIS Variable Report,178,ZA7484
q1_14,Q1,NATIONALITY: SWEDEN,What is your nationality? Please tell me the country(ies) that applies(y). (MULTIPLE ANSWERS POSSIBLE) (CODE 29 CANNOT BE THE ONLY ANSWER OTHERWISE CLOSE THE INTERVIEW – CODE 30 IS EXCLUSIVE – IF CODE 30 THEN CLOSE INTERVIEW),What is your nationality? Please tell me the country(ies) that applies(y). (MULTIPLE ANSWERS POSSIBLE) (CODE 29 CANNOT BE THE ONLY ANSWER OTHERWISE CLOSE THE INTERVIEW – CODE 30 IS EXCLUSIVE – IF CODE 30 THEN CLOSE INTERVIEW),GESIS Variable Report,180,ZA7484
q1_15,Q1,NATIONALITY: FINLAND,What is your nationality? Please tell me the country(ies) that applies(y). (MULTIPLE ANSWERS POSSIBLE) (CODE 29 CANNOT BE THE ONLY ANSWER OTHERWISE CLOSE THE INTERVIEW – CODE 30 IS EXCLUSIVE – IF CODE 30 THEN CLOSE INTERVIEW),What is your nationality? Please tell me the country(ies) that applies(y). (MULTIPLE ANSWERS POSSIBLE) (CODE 29 CANNOT BE THE ONLY ANSWER OTHERWISE CLOSE THE INTERVIEW – CODE 30 IS EXCLUSIVE – IF CODE 30 THEN CLOSE INTERVIEW),GESIS Variable Report,182,ZA7484
q1_16,Q1,NATIONALITY: CYPRUS REPUBLIC,What is your nationality? Please tell me the country(ies) that applies(y). (MULTIPLE ANSWERS POSSIBLE) (CODE 29 CANNOT BE THE ONLY ANSWER OTHERWISE CLOSE THE INTERVIEW – CODE 30 IS EXCLUSIVE – IF CODE 30 THEN CLOSE INTERVIEW),What is your nationality? Please tell me the country(ies) that applies(y). (MULTIPLE ANSWERS POSSIBLE) (CODE 29 CANNOT BE THE ONLY ANSWER OTHERWISE CLOSE THE INTERVIEW – CODE 30 IS EXCLUSIVE – IF CODE 30 THEN CLOSE INTERVIEW),GESIS Variable Report,184,ZA7484
q1_17,Q1,NATIONALITY: CZECH REPUBLIC,What is your nationality? Please tell me the country(ies) that applies(y). (MULTIPLE ANSWERS POSSIBLE) (CODE 29 CANNOT BE THE ONLY ANSWER OTHERWISE CLOSE THE INTERVIEW – CODE 30 IS EXCLUSIVE – IF CODE 30 THEN CLOSE INTERVIEW),What is your nationality? Please tell me the country(ies) that applies(y). (MULTIPLE ANSWERS POSSIBLE) (CODE 29 CANNOT BE THE ONLY ANSWER OTHERWISE CLOSE THE INTERVIEW – CODE 30 IS EXCLUSIVE – IF CODE 30 THEN CLOSE INTERVIEW),GESIS Variable Report,186,ZA7484
q1_18,Q1,NATIONALITY: ESTONIA,What is your nationality? Please tell me the country(ies) that applies(y). (MULTIPLE ANSWERS POSSIBLE) (CODE 29 CANNOT BE THE ONLY ANSWER OTHERWISE CLOSE THE INTERVIEW – CODE 30 IS EXCLUSIVE – IF CODE 30 THEN CLOSE INTERVIEW),What is your nationality? Please tell me the country(ies) that applies(y). (MULTIPLE ANSWERS POSSIBLE) (CODE 29 CANNOT BE THE ONLY ANSWER OTHERWISE CLOSE THE INTERVIEW – CODE 30 IS EXCLUSIVE – IF CODE 30 THEN CLOSE INTERVIEW),GESIS Variable Report,188,ZA7484
q1_19,Q1,NATIONALITY: HUNGARY,What is your nationality? Please tell me the country(ies) that applies(y). (MULTIPLE ANSWERS POSSIBLE) (CODE 29 CANNOT BE THE ONLY ANSWER OTHERWISE CLOSE THE INTERVIEW – CODE 30 IS EXCLUSIVE – IF CODE 30 THEN CLOSE INTERVIEW),What is your nationality? Please tell me the country(ies) that applies(y). (MULTIPLE ANSWERS POSSIBLE) (CODE 29 CANNOT BE THE ONLY ANSWER OTHERWISE CLOSE THE INTERVIEW – CODE 30 IS EXCLUSIVE – IF CODE 30 THEN CLOSE INTERVIEW),GESIS Variable Report,190,ZA7484
q1_20,Q1,NATIONALITY: LATVIA,What is your nationality? Please tell me the country(ies) that applies(y). (MULTIPLE ANSWERS POSSIBLE) (CODE 29 CANNOT BE THE ONLY ANSWER OTHERWISE CLOSE THE INTERVIEW – CODE 30 IS EXCLUSIVE – IF CODE 30 THEN CLOSE INTERVIEW),What is your nationality? Please tell me the country(ies) that applies(y). (MULTIPLE ANSWERS POSSIBLE) (CODE 29 CANNOT BE THE ONLY ANSWER OTHERWISE CLOSE THE INTERVIEW – CODE 30 IS EXCLUSIVE – IF CODE 30 THEN CLOSE INTERVIEW),GESIS Variable Report,192,ZA7484
q1_21,Q1,NATIONALITY: LITHUANIA,What is your nationality? Please tell me the country(ies) that applies(y). (MULTIPLE ANSWERS POSSIBLE) (CODE 29 CANNOT BE THE ONLY ANSWER OTHERWISE CLOSE THE INTERVIEW – CODE 30 IS EXCLUSIVE – IF CODE 30 THEN CLOSE INTERVIEW),What is your nationality? Please tell me the country(ies) that applies(y). (MULTIPLE ANSWERS POSSIBLE) (CODE 29 CANNOT BE THE ONLY ANSWER OTHERWISE CLOSE THE INTERVIEW – CODE 30 IS EXCLUSIVE – IF CODE 30 THEN CLOSE INTERVIEW),GESIS Variable Report,194,ZA7484
q1_22,Q1,NATIONALITY: MALTA,What is your nationality? Please tell me the country(ies) that applies(y). (MULTIPLE ANSWERS POSSIBLE) (CODE 29 CANNOT BE THE ONLY ANSWER OTHERWISE CLOSE THE INTERVIEW – CODE 30 IS EXCLUSIVE – IF CODE 30 THEN CLOSE INTERVIEW),What is your nationality? Please tell me the country(ies) that applies(y). (MULTIPLE ANSWERS POSSIBLE) (CODE 29 CANNOT BE THE ONLY ANSWER OTHERWISE CLOSE THE INTERVIEW – CODE 30 IS EXCLUSIVE – IF CODE 30 THEN CLOSE INTERVIEW),GESIS Variable Report,196,ZA7484
q1_23,Q1,NATIONALITY: POLAND,What is your nationality? Please tell me the country(ies) that applies(y). (MULTIPLE ANSWERS POSSIBLE) (CODE 29 CANNOT BE THE ONLY ANSWER OTHERWISE CLOSE THE INTERVIEW – CODE 30 IS EXCLUSIVE – IF CODE 30 THEN CLOSE INTERVIEW),What is your nationality? Please tell me the country(ies) that applies(y). (MULTIPLE ANSWERS POSSIBLE) (CODE 29 CANNOT BE THE ONLY ANSWER OTHERWISE CLOSE THE INTERVIEW – CODE 30 IS EXCLUSIVE – IF CODE 30 THEN CLOSE INTERVIEW),GESIS Variable Report,198,ZA7484
q1_24,Q1,NATIONALITY: SLOVAKIA,What is your nationality? Please tell me the country(ies) that applies(y). (MULTIPLE ANSWERS POSSIBLE) (CODE 29 CANNOT BE THE ONLY ANSWER OTHERWISE CLOSE THE INTERVIEW – CODE 30 IS EXCLUSIVE – IF CODE 30 THEN CLOSE INTERVIEW),What is your nationality? Please tell me the country(ies) that applies(y). (MULTIPLE ANSWERS POSSIBLE) (CODE 29 CANNOT BE THE ONLY ANSWER OTHERWISE CLOSE THE INTERVIEW – CODE 30 IS EXCLUSIVE – IF CODE 30 THEN CLOSE INTERVIEW),GESIS Variable Report,200,ZA7484
q1_25,Q1,NATIONALITY: SLOVENIA,What is your nationality? Please tell me the country(ies) that applies(y). (MULTIPLE ANSWERS POSSIBLE) (CODE 29 CANNOT BE THE ONLY ANSWER OTHERWISE CLOSE THE INTERVIEW – CODE 30 IS EXCLUSIVE – IF CODE 30 THEN CLOSE INTERVIEW),What is your nationality? Please tell me the country(ies) that applies(y). (MULTIPLE ANSWERS POSSIBLE) (CODE 29 CANNOT BE THE ONLY ANSWER OTHERWISE CLOSE THE INTERVIEW – CODE 30 IS EXCLUSIVE – IF CODE 30 THEN CLOSE INTERVIEW),GESIS Variable Report,202,ZA7484
q1_26,Q1,NATIONALITY: BULGARIA,What is your nationality? Please tell me the country(ies) that applies(y). (MULTIPLE ANSWERS POSSIBLE) (CODE 29 CANNOT BE THE ONLY ANSWER OTHERWISE CLOSE THE INTERVIEW – CODE 30 IS EXCLUSIVE – IF CODE 30 THEN CLOSE INTERVIEW),What is your nationality? Please tell me the country(ies) that applies(y). (MULTIPLE ANSWERS POSSIBLE) (CODE 29 CANNOT BE THE ONLY ANSWER OTHERWISE CLOSE THE INTERVIEW – CODE 30 IS EXCLUSIVE – IF CODE 30 THEN CLOSE INTERVIEW),GESIS Variable Report,204,ZA7484
q1_27,Q1,NATIONALITY: ROMANIA,What is your nationality? Please tell me the country(ies) that applies(y). (MULTIPLE ANSWERS POSSIBLE) (CODE 29 CANNOT BE THE ONLY ANSWER OTHERWISE CLOSE THE INTERVIEW – CODE 30 IS EXCLUSIVE – IF CODE 30 THEN CLOSE INTERVIEW),What is your nationality? Please tell me the country(ies) that applies(y). (MULTIPLE ANSWERS POSSIBLE) (CODE 29 CANNOT BE THE ONLY ANSWER OTHERWISE CLOSE THE INTERVIEW – CODE 30 IS EXCLUSIVE – IF CODE 30 THEN CLOSE INTERVIEW),GESIS Variable Report,206,ZA7484
q1_28,Q1,NATIONALITY: CROATIA,What is your nationality? Please tell me the country(ies) that applies(y). (MULTIPLE ANSWERS POSSIBLE) (CODE 29 CANNOT BE THE ONLY ANSWER OTHERWISE CLOSE THE INTERVIEW – CODE 30 IS EXCLUSIVE – IF CODE 30 THEN CLOSE INTERVIEW),What is your nationality? Please tell me the country(ies) that applies(y). (MULTIPLE ANSWERS POSSIBLE) (CODE 29 CANNOT BE THE ONLY ANSWER OTHERWISE CLOSE THE INTERVIEW – CODE 30 IS EXCLUSIVE – IF CODE 30 THEN CLOSE INTERVIEW),GESIS Variable Report,208,ZA7484
q1_29,Q1,NATIONALITY: OTHER COUNTRIES,What is your nationality? Please tell me the country(ies) that applies(y). (MULTIPLE ANSWERS POSSIBLE) (CODE 29 CANNOT BE THE ONLY ANSWER OTHERWISE CLOSE THE INTERVIEW – CODE 30 IS EXCLUSIVE – IF CODE 30 THEN CLOSE INTERVIEW),What is your nationality? Please tell me the country(ies) that applies(y). (MULTIPLE ANSWERS POSSIBLE) (CODE 29 CANNOT BE THE ONLY ANSWER OTHERWISE CLOSE THE INTERVIEW – CODE 30 IS EXCLUSIVE – IF CODE 30 THEN CLOSE INTERVIEW),GESIS Variable Report,210,ZA7484
q1_30,Q1,NATIONALITY: DK,What is your nationality? Please tell me the country(ies) that applies(y). (MULTIPLE ANSWERS POSSIBLE) (CODE 29 CANNOT BE THE ONLY ANSWER OTHERWISE CLOSE THE INTERVIEW – CODE 30 IS EXCLUSIVE – IF CODE 30 THEN CLOSE INTERVIEW),What is your nationality? Please tell me the country(ies) that applies(y). (MULTIPLE ANSWERS POSSIBLE) (CODE 29 CANNOT BE THE ONLY ANSWER OTHERWISE CLOSE THE INTERVIEW – CODE 30 IS EXCLUSIVE – IF CODE 30 THEN CLOSE INTERVIEW),GESIS Variable Report,212,ZA7484
d62_1,D62,INTERNET USE FREQ: AT HOME,Could you tell me if …? (SHOW SCREEN – READ OUT – ONE ANSWER PER LINE – DISPLAY ‘95’ INSTEAD OF ‘NO INTERNET ACCESS’),Could you tell me if …? (SHOW SCREEN – READ OUT – ONE ANSWER PER LINE – DISPLAY ‘95’ INSTEAD OF ‘NO INTERNET ACCESS’),GESIS Variable Report,214,ZA7484
d62_2,D62,INTERNET USE FREQ: AT PLACE OF WORK,Could you tell me if …? (SHOW SCREEN – READ OUT – ONE ANSWER PER LINE – DISPLAY ‘95’ INSTEAD OF ‘NO INTERNET ACCESS’),Could you tell me if …? (SHOW SCREEN – READ OUT – ONE ANSWER PER LINE – DISPLAY ‘95’ INSTEAD OF ‘NO INTERNET ACCESS’),GESIS Variable Report,216,ZA7484
d62_3,D62,INTERNET USE FREQ: ON MOBILE DEVICE,Could you tell me if …? (SHOW SCREEN – READ OUT – ONE ANSWER PER LINE – DISPLAY ‘95’ INSTEAD OF ‘NO INTERNET ACCESS’),Could you tell me if …? (SHOW SCREEN – READ OUT – ONE ANSWER PER LINE – DISPLAY ‘95’ INSTEAD OF ‘NO INTERNET ACCESS’),GESIS Variable Report,218,ZA7484
d62_4,D62,INTERNET USE FREQ: SOMEWHERE ELSE,Could you tell me if …? (SHOW SCREEN – READ OUT – ONE ANSWER PER LINE – DISPLAY ‘95’ INSTEAD OF ‘NO INTERNET ACCESS’),Could you tell me if …? (SHOW SCREEN – READ OUT – ONE ANSWER PER LINE – DISPLAY ‘95’ INSTEAD OF ‘NO INTERNET ACCESS’),GESIS Variable Report,220,ZA7484
d62t,,,,d62t,native LSM source map,,ZA7484
netuse,,,,netuse,native LSM source map,,ZA7484
qa1,QA1,EUROPEAN PARLIAMENT - IMAGE,"ASK ALL In general, do you have a very positive, fairly positive, neutral, fairly negative or very negative image of the European Parliament? (ONE ANSWER ONLY)","ASK ALL In general, do you have a very positive, fairly positive, neutral, fairly negative or very negative image of the European Parliament? (ONE ANSWER ONLY)",GESIS Variable Report,226,ZA7484
qa2,QA2,EUROPEAN PARLIAMENT - ROLE PREFERENCE,Would you personally like to see the European Parliament play a more important or less important role? (ONE ANSWER ONLY),Would you personally like to see the European Parliament play a more important or less important role? (ONE ANSWER ONLY),GESIS Variable Report,228,ZA7484
qa3,QA3,REFERENDUM ON LEAVING EU - VOTE,"If a referendum was held tomorrow regarding (OUR COUNTRY)'s membership of the EU, how would you vote? (READ OUT – ONE ANSWER ONLY)","If a referendum was held tomorrow regarding (OUR COUNTRY)'s membership of the EU, how would you vote? (READ OUT – ONE ANSWER ONLY)",GESIS Variable Report,230,ZA7484
qa4,QA4,BRITISH PEOPLE MADE RIGHT CHOICE LEAVING EU,"From today's perspective, would you say the British people made the right choice in voting to leave the EU? (READ OUT – ONE ANSWER ONLY)","From today's perspective, would you say the British people made the right choice in voting to leave the EU? (READ OUT – ONE ANSWER ONLY)",GESIS Variable Report,232,ZA7484
qa5,QA5,BREXIT GOOD OR BAD FOR EU,Would you say that Brexit is a good or a bad thing for the European Union? (READ OUT – ONE ANSWER ONLY),Would you say that Brexit is a good or a bad thing for the European Union? (READ OUT – ONE ANSWER ONLY),GESIS Variable Report,234,ZA7484
qa6,QA6,EUROPEAN ELECTIONS - DATE KNOWLEDGE,"DO NOT ASK QA6 TO QA11 IN THE UK In your opinion, when will the next European Parliament elections be held here in (OUR COUNTRY)? (DO NOT SHOW SCREEN – DO NOT READ OUT – ONE ANSWER ONLY)","DO NOT ASK QA6 TO QA11 IN THE UK In your opinion, when will the next European Parliament elections be held here in (OUR COUNTRY)? (DO NOT SHOW SCREEN – DO NOT READ OUT – ONE ANSWER ONLY)",GESIS Variable Report,236,ZA7484
qa6r,page 204,EUROPEAN ELECTIONS - DATE CORRECT (RECODED),Eurobarometer 90.1 - September 2018,Eurobarometer 90.1 - September 2018,GESIS Variable Report,238,ZA7484
qa7,QA7,NEXT EP ELECTION - HOW INTERESTED,The next European Parliament elections will be held in May-June 2019. How interested or not are you in these elections? (READ OUT – ONE ANSWER ONLY),The next European Parliament elections will be held in May-June 2019. How interested or not are you in these elections? (READ OUT – ONE ANSWER ONLY),GESIS Variable Report,240,ZA7484
qa8,QA8,NEXT EP ELECTION - HOW LIKELY TO VOTE,"The next European Parliament elections will be held in May 2019. How likely are you to vote in these elections? Please use a scale from 1 to 10, where ‘1’ means ‘not at all likely’ and ‘10’ means ‘very likely’. (SHOW SCREEN – READ OUT – ONE ANSWER ONLY)","The next European Parliament elections will be held in May 2019. How likely are you to vote in these elections? Please use a scale from 1 to 10, where ‘1’ means ‘not at all likely’ and ‘10’ means ‘very likely’. (SHOW SCREEN – READ OUT – ONE ANSWER ONLY)",GESIS Variable Report,242,ZA7484
qa10a,QA10A,EUROP ELEC CAMPAIGN THEMES - FIRST,Which of the following themes should be discussed as a matter of priority during the electoral campaign for the next European Parliament elections? Firstly? (SHOW SCREEN – READ OUT – ONE ANSWER ONLY – ROTATE ANSWERS 1 TO 12),Which of the following themes should be discussed as a matter of priority during the electoral campaign for the next European Parliament elections? Firstly? (SHOW SCREEN – READ OUT – ONE ANSWER ONLY – ROTATE ANSWERS 1 TO 12),GESIS Variable Report,247,ZA7484
qa10b_1,QA10B,EUROP ELEC CAMPAIGN THEMES 2ND: IMMIGRATION,"IF ‘NONE’, ‘REFUSAL’ OR ‘DK’ IN QA10A THEN SKIP QA10B And then? (SHOW SCREEN – READ OUT – MAX. 5 ANSWERS – DO NOT PROPOSE ANSWER GIVEN IN QA10A (EXCEPT FOR CODE 13) – ROTATE ANSWERS 1 TO 12 – DISPLAY ‘96’ ON SCREEN INSTEAD OF ‘OTHER’ – CODES 14, 15 AND 16 ARE EXCLUSIVE)","IF ‘NONE’, ‘REFUSAL’ OR ‘DK’ IN QA10A THEN SKIP QA10B And then? (SHOW SCREEN – READ OUT – MAX. 5 ANSWERS – DO NOT PROPOSE ANSWER GIVEN IN QA10A (EXCEPT FOR CODE 13) – ROTATE ANSWERS 1 TO 12 – DISPLAY ‘96’ ON SCREEN INSTEAD OF ‘OTHER’ – CODES 14, 15 AND 16 ARE EXCLUSIVE)",GESIS Variable Report,250,ZA7484
qa10b_2,QA10B,EUROP ELEC CAMPAIGN THEMES 2ND: ECONOMY/GROWTH,"IF ‘NONE’, ‘REFUSAL’ OR ‘DK’ IN QA10A THEN SKIP QA10B And then? (SHOW SCREEN – READ OUT – MAX. 5 ANSWERS – DO NOT PROPOSE ANSWER GIVEN IN QA10A (EXCEPT FOR CODE 13) – ROTATE ANSWERS 1 TO 12 – DISPLAY ‘96’ ON SCREEN INSTEAD OF ‘OTHER’ – CODES 14, 15 AND 16 ARE EXCLUSIVE)","IF ‘NONE’, ‘REFUSAL’ OR ‘DK’ IN QA10A THEN SKIP QA10B And then? (SHOW SCREEN – READ OUT – MAX. 5 ANSWERS – DO NOT PROPOSE ANSWER GIVEN IN QA10A (EXCEPT FOR CODE 13) – ROTATE ANSWERS 1 TO 12 – DISPLAY ‘96’ ON SCREEN INSTEAD OF ‘OTHER’ – CODES 14, 15 AND 16 ARE EXCLUSIVE)",GESIS Variable Report,252,ZA7484
qa10b_3,QA10B,EUROP ELEC CAMPAIGN THEMES 2ND: SOCIAL PROTECTION EU CIT,"IF ‘NONE’, ‘REFUSAL’ OR ‘DK’ IN QA10A THEN SKIP QA10B And then? (SHOW SCREEN – READ OUT – MAX. 5 ANSWERS – DO NOT PROPOSE ANSWER GIVEN IN QA10A (EXCEPT FOR CODE 13) – ROTATE ANSWERS 1 TO 12 – DISPLAY ‘96’ ON SCREEN INSTEAD OF ‘OTHER’ – CODES 14, 15 AND 16 ARE EXCLUSIVE) QA10_3 Social protection of EU citizens","IF ‘NONE’, ‘REFUSAL’ OR ‘DK’ IN QA10A THEN SKIP QA10B And then? (SHOW SCREEN – READ OUT – MAX. 5 ANSWERS – DO NOT PROPOSE ANSWER GIVEN IN QA10A (EXCEPT FOR CODE 13) – ROTATE ANSWERS 1 TO 12 – DISPLAY ‘96’ ON SCREEN INSTEAD OF ‘OTHER’ – CODES 14, 15 AND 16 ARE EXCLUSIVE) QA10_3 Social protection of EU citizens",GESIS Variable Report,254,ZA7484
qa10b_4,QA10B,EUROP ELEC CAMPAIGN THEMES 2ND: CONSUMER PROT/FOOD SAFETY,"IF ‘NONE’, ‘REFUSAL’ OR ‘DK’ IN QA10A THEN SKIP QA10B And then? (SHOW SCREEN – READ OUT – MAX. 5 ANSWERS – DO NOT PROPOSE ANSWER GIVEN IN QA10A (EXCEPT FOR CODE 13) – ROTATE ANSWERS 1 TO 12 – DISPLAY ‘96’ ON SCREEN INSTEAD OF ‘OTHER’ – CODES 14, 15 AND 16 ARE EXCLUSIVE)","IF ‘NONE’, ‘REFUSAL’ OR ‘DK’ IN QA10A THEN SKIP QA10B And then? (SHOW SCREEN – READ OUT – MAX. 5 ANSWERS – DO NOT PROPOSE ANSWER GIVEN IN QA10A (EXCEPT FOR CODE 13) – ROTATE ANSWERS 1 TO 12 – DISPLAY ‘96’ ON SCREEN INSTEAD OF ‘OTHER’ – CODES 14, 15 AND 16 ARE EXCLUSIVE)",GESIS Variable Report,256,ZA7484
qa10b_5,QA10B,EUROP ELEC CAMPAIGN THEMES 2ND: CLIMATE CHANGE/ENVIRONMENT,"IF ‘NONE’, ‘REFUSAL’ OR ‘DK’ IN QA10A THEN SKIP QA10B And then? (SHOW SCREEN – READ OUT – MAX. 5 ANSWERS – DO NOT PROPOSE ANSWER GIVEN IN QA10A (EXCEPT FOR CODE 13) – ROTATE ANSWERS 1 TO 12 – DISPLAY ‘96’ ON SCREEN INSTEAD OF ‘OTHER’ – CODES 14, 15 AND 16 ARE EXCLUSIVE)","IF ‘NONE’, ‘REFUSAL’ OR ‘DK’ IN QA10A THEN SKIP QA10B And then? (SHOW SCREEN – READ OUT – MAX. 5 ANSWERS – DO NOT PROPOSE ANSWER GIVEN IN QA10A (EXCEPT FOR CODE 13) – ROTATE ANSWERS 1 TO 12 – DISPLAY ‘96’ ON SCREEN INSTEAD OF ‘OTHER’ – CODES 14, 15 AND 16 ARE EXCLUSIVE)",GESIS Variable Report,258,ZA7484
qa10b_6,QA10B,EUROP ELEC CAMPAIGN THEMES 2ND: HUMAN RIGHTS/DEMOCRACY,"IF ‘NONE’, ‘REFUSAL’ OR ‘DK’ IN QA10A THEN SKIP QA10B And then? (SHOW SCREEN – READ OUT – MAX. 5 ANSWERS – DO NOT PROPOSE ANSWER GIVEN IN QA10A (EXCEPT FOR CODE 13) – ROTATE ANSWERS 1 TO 12 – DISPLAY ‘96’ ON SCREEN INSTEAD OF ‘OTHER’ – CODES 14, 15 AND 16 ARE EXCLUSIVE)","IF ‘NONE’, ‘REFUSAL’ OR ‘DK’ IN QA10A THEN SKIP QA10B And then? (SHOW SCREEN – READ OUT – MAX. 5 ANSWERS – DO NOT PROPOSE ANSWER GIVEN IN QA10A (EXCEPT FOR CODE 13) – ROTATE ANSWERS 1 TO 12 – DISPLAY ‘96’ ON SCREEN INSTEAD OF ‘OTHER’ – CODES 14, 15 AND 16 ARE EXCLUSIVE)",GESIS Variable Report,260,ZA7484
qa10b_7,QA10B,EUROP ELEC CAMPAIGN THEMES 2ND: FIGHT AGAINST TERRORISM,"IF ‘NONE’, ‘REFUSAL’ OR ‘DK’ IN QA10A THEN SKIP QA10B And then? (SHOW SCREEN – READ OUT – MAX. 5 ANSWERS – DO NOT PROPOSE ANSWER GIVEN IN QA10A (EXCEPT FOR CODE 13) – ROTATE ANSWERS 1 TO 12 – DISPLAY ‘96’ ON SCREEN INSTEAD OF ‘OTHER’ – CODES 14, 15 AND 16 ARE EXCLUSIVE)","IF ‘NONE’, ‘REFUSAL’ OR ‘DK’ IN QA10A THEN SKIP QA10B And then? (SHOW SCREEN – READ OUT – MAX. 5 ANSWERS – DO NOT PROPOSE ANSWER GIVEN IN QA10A (EXCEPT FOR CODE 13) – ROTATE ANSWERS 1 TO 12 – DISPLAY ‘96’ ON SCREEN INSTEAD OF ‘OTHER’ – CODES 14, 15 AND 16 ARE EXCLUSIVE)",GESIS Variable Report,262,ZA7484
qa10b_8,QA10B,EUROP ELEC CAMPAIGN THEMES 2ND: WAY EU WORKS IN FUTURE,"IF ‘NONE’, ‘REFUSAL’ OR ‘DK’ IN QA10A THEN SKIP QA10B And then? (SHOW SCREEN – READ OUT – MAX. 5 ANSWERS – DO NOT PROPOSE ANSWER GIVEN IN QA10A (EXCEPT FOR CODE 13) – ROTATE ANSWERS 1 TO 12 – DISPLAY ‘96’ ON SCREEN INSTEAD OF ‘OTHER’ – CODES 14, 15 AND 16 ARE EXCLUSIVE)","IF ‘NONE’, ‘REFUSAL’ OR ‘DK’ IN QA10A THEN SKIP QA10B And then? (SHOW SCREEN – READ OUT – MAX. 5 ANSWERS – DO NOT PROPOSE ANSWER GIVEN IN QA10A (EXCEPT FOR CODE 13) – ROTATE ANSWERS 1 TO 12 – DISPLAY ‘96’ ON SCREEN INSTEAD OF ‘OTHER’ – CODES 14, 15 AND 16 ARE EXCLUSIVE)",GESIS Variable Report,264,ZA7484
qa10b_9,QA10B,EUROP ELEC CAMPAIGN THEMES 2ND: YOUTH UNEMPLOYMENT,"IF ‘NONE’, ‘REFUSAL’ OR ‘DK’ IN QA10A THEN SKIP QA10B And then? (SHOW SCREEN – READ OUT – MAX. 5 ANSWERS – DO NOT PROPOSE ANSWER GIVEN IN QA10A (EXCEPT FOR CODE 13) – ROTATE ANSWERS 1 TO 12 – DISPLAY ‘96’ ON SCREEN INSTEAD OF ‘OTHER’ – CODES 14, 15 AND 16 ARE EXCLUSIVE)","IF ‘NONE’, ‘REFUSAL’ OR ‘DK’ IN QA10A THEN SKIP QA10B And then? (SHOW SCREEN – READ OUT – MAX. 5 ANSWERS – DO NOT PROPOSE ANSWER GIVEN IN QA10A (EXCEPT FOR CODE 13) – ROTATE ANSWERS 1 TO 12 – DISPLAY ‘96’ ON SCREEN INSTEAD OF ‘OTHER’ – CODES 14, 15 AND 16 ARE EXCLUSIVE)",GESIS Variable Report,266,ZA7484
qa10b_10,QA10B,EUROP ELEC CAMPAIGN THEMES 2ND: SECURITY/DEFENCE POLICY,"IF ‘NONE’, ‘REFUSAL’ OR ‘DK’ IN QA10A THEN SKIP QA10B And then? (SHOW SCREEN – READ OUT – MAX. 5 ANSWERS – DO NOT PROPOSE ANSWER GIVEN IN QA10A (EXCEPT FOR CODE 13) – ROTATE ANSWERS 1 TO 12 – DISPLAY ‘96’ ON SCREEN INSTEAD OF ‘OTHER’ – CODES 14, 15 AND 16 ARE EXCLUSIVE)","IF ‘NONE’, ‘REFUSAL’ OR ‘DK’ IN QA10A THEN SKIP QA10B And then? (SHOW SCREEN – READ OUT – MAX. 5 ANSWERS – DO NOT PROPOSE ANSWER GIVEN IN QA10A (EXCEPT FOR CODE 13) – ROTATE ANSWERS 1 TO 12 – DISPLAY ‘96’ ON SCREEN INSTEAD OF ‘OTHER’ – CODES 14, 15 AND 16 ARE EXCLUSIVE)",GESIS Variable Report,268,ZA7484
qa10b_11,QA10B,EUROP ELEC CAMPAIGN THEMES 2ND: PROTECTION EXT BORDERS,"IF ‘NONE’, ‘REFUSAL’ OR ‘DK’ IN QA10A THEN SKIP QA10B And then? (SHOW SCREEN – READ OUT – MAX. 5 ANSWERS – DO NOT PROPOSE ANSWER GIVEN IN QA10A (EXCEPT FOR CODE 13) – ROTATE ANSWERS 1 TO 12 – DISPLAY ‘96’ ON SCREEN INSTEAD OF ‘OTHER’ – CODES 14, 15 AND 16 ARE EXCLUSIVE)","IF ‘NONE’, ‘REFUSAL’ OR ‘DK’ IN QA10A THEN SKIP QA10B And then? (SHOW SCREEN – READ OUT – MAX. 5 ANSWERS – DO NOT PROPOSE ANSWER GIVEN IN QA10A (EXCEPT FOR CODE 13) – ROTATE ANSWERS 1 TO 12 – DISPLAY ‘96’ ON SCREEN INSTEAD OF ‘OTHER’ – CODES 14, 15 AND 16 ARE EXCLUSIVE)",GESIS Variable Report,270,ZA7484
qa10b_12,QA10B,EUROP ELEC CAMPAIGN THEMES 2ND: PROTECTION PERSONAL DATA,"IF ‘NONE’, ‘REFUSAL’ OR ‘DK’ IN QA10A THEN SKIP QA10B And then? (SHOW SCREEN – READ OUT – MAX. 5 ANSWERS – DO NOT PROPOSE ANSWER GIVEN IN QA10A (EXCEPT FOR CODE 13) – ROTATE ANSWERS 1 TO 12 – DISPLAY ‘96’ ON SCREEN INSTEAD OF ‘OTHER’ – CODES 14, 15 AND 16 ARE EXCLUSIVE)","IF ‘NONE’, ‘REFUSAL’ OR ‘DK’ IN QA10A THEN SKIP QA10B And then? (SHOW SCREEN – READ OUT – MAX. 5 ANSWERS – DO NOT PROPOSE ANSWER GIVEN IN QA10A (EXCEPT FOR CODE 13) – ROTATE ANSWERS 1 TO 12 – DISPLAY ‘96’ ON SCREEN INSTEAD OF ‘OTHER’ – CODES 14, 15 AND 16 ARE EXCLUSIVE)",GESIS Variable Report,272,ZA7484
qa10b_13,QA10B,EUROP ELEC CAMPAIGN THEMES 2ND: OTHER (SPONT),"IF ‘NONE’, ‘REFUSAL’ OR ‘DK’ IN QA10A THEN SKIP QA10B And then? (SHOW SCREEN – READ OUT – MAX. 5 ANSWERS – DO NOT PROPOSE ANSWER GIVEN IN QA10A (EXCEPT FOR CODE 13) – ROTATE ANSWERS 1 TO 12 – DISPLAY ‘96’ ON SCREEN INSTEAD OF ‘OTHER’ – CODES 14, 15 AND 16 ARE EXCLUSIVE)","IF ‘NONE’, ‘REFUSAL’ OR ‘DK’ IN QA10A THEN SKIP QA10B And then? (SHOW SCREEN – READ OUT – MAX. 5 ANSWERS – DO NOT PROPOSE ANSWER GIVEN IN QA10A (EXCEPT FOR CODE 13) – ROTATE ANSWERS 1 TO 12 – DISPLAY ‘96’ ON SCREEN INSTEAD OF ‘OTHER’ – CODES 14, 15 AND 16 ARE EXCLUSIVE)",GESIS Variable Report,274,ZA7484
qa10b_14,QA10B,EUROP ELEC CAMPAIGN THEMES 2ND: NONE/NOT INTERESTED (SPONT),"IF ‘NONE’, ‘REFUSAL’ OR ‘DK’ IN QA10A THEN SKIP QA10B And then? (SHOW SCREEN – READ OUT – MAX. 5 ANSWERS – DO NOT PROPOSE ANSWER GIVEN IN QA10A (EXCEPT FOR CODE 13) – ROTATE ANSWERS 1 TO 12 – DISPLAY ‘96’ ON SCREEN INSTEAD OF ‘OTHER’ – CODES 14, 15 AND 16 ARE EXCLUSIVE)","IF ‘NONE’, ‘REFUSAL’ OR ‘DK’ IN QA10A THEN SKIP QA10B And then? (SHOW SCREEN – READ OUT – MAX. 5 ANSWERS – DO NOT PROPOSE ANSWER GIVEN IN QA10A (EXCEPT FOR CODE 13) – ROTATE ANSWERS 1 TO 12 – DISPLAY ‘96’ ON SCREEN INSTEAD OF ‘OTHER’ – CODES 14, 15 AND 16 ARE EXCLUSIVE)",GESIS Variable Report,276,ZA7484
qa10b_15,QA10B,EUROP ELEC CAMPAIGN THEMES 2ND: REFUSAL (SPONT),"IF ‘NONE’, ‘REFUSAL’ OR ‘DK’ IN QA10A THEN SKIP QA10B And then? (SHOW SCREEN – READ OUT – MAX. 5 ANSWERS – DO NOT PROPOSE ANSWER GIVEN IN QA10A (EXCEPT FOR CODE 13) – ROTATE ANSWERS 1 TO 12 – DISPLAY ‘96’ ON SCREEN INSTEAD OF ‘OTHER’ – CODES 14, 15 AND 16 ARE EXCLUSIVE)","IF ‘NONE’, ‘REFUSAL’ OR ‘DK’ IN QA10A THEN SKIP QA10B And then? (SHOW SCREEN – READ OUT – MAX. 5 ANSWERS – DO NOT PROPOSE ANSWER GIVEN IN QA10A (EXCEPT FOR CODE 13) – ROTATE ANSWERS 1 TO 12 – DISPLAY ‘96’ ON SCREEN INSTEAD OF ‘OTHER’ – CODES 14, 15 AND 16 ARE EXCLUSIVE)",GESIS Variable Report,278,ZA7484
qa10b_16,QA10B,EUROP ELEC CAMPAIGN THEMES 2ND: DK,"IF ‘NONE’, ‘REFUSAL’ OR ‘DK’ IN QA10A THEN SKIP QA10B And then? (SHOW SCREEN – READ OUT – MAX. 5 ANSWERS – DO NOT PROPOSE ANSWER GIVEN IN QA10A (EXCEPT FOR CODE 13) – ROTATE ANSWERS 1 TO 12 – DISPLAY ‘96’ ON SCREEN INSTEAD OF ‘OTHER’ – CODES 14, 15 AND 16 ARE EXCLUSIVE)","IF ‘NONE’, ‘REFUSAL’ OR ‘DK’ IN QA10A THEN SKIP QA10B And then? (SHOW SCREEN – READ OUT – MAX. 5 ANSWERS – DO NOT PROPOSE ANSWER GIVEN IN QA10A (EXCEPT FOR CODE 13) – ROTATE ANSWERS 1 TO 12 – DISPLAY ‘96’ ON SCREEN INSTEAD OF ‘OTHER’ – CODES 14, 15 AND 16 ARE EXCLUSIVE)",GESIS Variable Report,280,ZA7484
qa10t_1,QA10B,EUROP ELEC CAMPAIGN THEMES: IMMIGRATION (SUM),And then?],And then?],GESIS Variable Report,282,ZA7484
qa10t_2,QA10B,EUROP ELEC CAMPAIGN THEMES: ECONOMY/GROWTH (SUM),And then?],And then?],GESIS Variable Report,284,ZA7484
qa10t_3,QA10B,EUROP ELEC CAMPAIGN THEMES: SOCIAL PROTECTION EU CIT (SUM),And then?],And then?],GESIS Variable Report,286,ZA7484
qa10t_4,QA10B,EUROP ELEC CAMPAIGN THEMES: CONSUMER PROT/FOOD SAFETY (SUM),And then?],And then?],GESIS Variable Report,288,ZA7484
qa10t_5,QA10B,EUROP ELEC CAMPAIGN THEMES: CLIMATE CHANGE/ENVIRONMENT (SUM),And then?],And then?],GESIS Variable Report,290,ZA7484
qa10t_6,QA10B,EUROP ELEC CAMPAIGN THEMES: HUMAN RIGHTS/DEMOCRACY (SUM),And then?],And then?],GESIS Variable Report,292,ZA7484
qa10t_7,QA10B,EUROP ELEC CAMPAIGN THEMES: FIGHT AGAINST TERRORISM (SUM),And then?],And then?],GESIS Variable Report,294,ZA7484
qa10t_8,QA10B,EUROP ELEC CAMPAIGN THEMES: WAY EU WORKS IN FUTURE (SUM),And then?],And then?],GESIS Variable Report,296,ZA7484
qa10t_9,QA10B,EUROP ELEC CAMPAIGN THEMES: YOUTH UNEMPLOYMENT (SUM),And then?],And then?],GESIS Variable Report,298,ZA7484
qa10t_10,QA10B,EUROP ELEC CAMPAIGN THEMES: SECURITY/DEFENCE POLICY (SUM),And then?],And then?],GESIS Variable Report,300,ZA7484
qa10t_11,QA10B,EUROP ELEC CAMPAIGN THEMES: PROTECTION EXT BORDERS (SUM),And then?],And then?],GESIS Variable Report,302,ZA7484
qa10t_12,QA10B,EUROP ELEC CAMPAIGN THEMES: PROTECTION PERSONAL DATA (SUM),And then?],And then?],GESIS Variable Report,304,ZA7484
qa10t_13,QA10B,EUROP ELEC CAMPAIGN THEMES: OTHER (SPONT) (SUM),And then?],And then?],GESIS Variable Report,306,ZA7484
qa10t_14,QA10B,EUROP ELEC CAMPAIGN THEMES: NONE/NOT INTERESTED (SPONT) (SUM),And then?],And then?],GESIS Variable Report,308,ZA7484
qa10t_15,QA10B,EUROP ELEC CAMPAIGN THEMES: REFUSAL (SPONT) (SUM),And then?],And then?],GESIS Variable Report,310,ZA7484
qa10t_16,QA10B,EUROP ELEC CAMPAIGN THEMES: DK (QA10A ONLY),And then?],And then?],GESIS Variable Report,312,ZA7484
qa11a,QA11A,VOTE IN EUROPEAN ELECTIONS - HOW IMPORTANT,"Please tell me how important or not it is for you personally to vote IN THE EUROPEAN ELECTIONS? Please use a scale from 1 to 10, when 1 means that voting is something that has no importance at all for you, and 10 means that voting is something you consider essential or that is a key duty for you as a citizen. The remaining numbers indicate something in between these two positions. (SHOW SCREEN – READ OUT – ONE ANSWER PER COLUMN)","Please tell me how important or not it is for you personally to vote IN THE EUROPEAN ELECTIONS? Please use a scale from 1 to 10, when 1 means that voting is something that has no importance at all for you, and 10 means that voting is something you consider essential or that is a key duty for you as a citizen. The remaining numbers indicate something in between these two positions. (SHOW SCREEN – READ OUT – ONE ANSWER PER COLUMN)",GESIS Variable Report,314,ZA7484
qa11a_r,,VOTE IN EUROPEAN ELECTIONS - HOW IMPORTANT (RECODED),,VOTE IN EUROPEAN ELECTIONS - HOW IMPORTANT (RECODED),GESIS Variable Report,317,ZA7484
qa11b,QA11B,VOTE IN NATIONAL ELECTIONS - HOW IMPORTANT,And how important or not is it for you to vote in THE NATIONAL ELECTIONS IN (OUR COUNTRY)? (SHOW SCREEN – READ OUT – ONE ANSWER PER COLUMN),And how important or not is it for you to vote in THE NATIONAL ELECTIONS IN (OUR COUNTRY)? (SHOW SCREEN – READ OUT – ONE ANSWER PER COLUMN),GESIS Variable Report,319,ZA7484
qa11b_r,,VOTE IN NATIONAL ELECTIONS - HOW IMPORTANT (RECODED),,VOTE IN NATIONAL ELECTIONS - HOW IMPORTANT (RECODED),GESIS Variable Report,322,ZA7484
qa12,QA12,EU PROPOSALS - SINGLE CURRENCY,"ASK ALL What is your opinion on the following statement? Please tell me whether you are for it or against it: A European economic and monetary union with one single currency, the euro. (ONE ANSWER ONLY)","ASK ALL What is your opinion on the following statement? Please tell me whether you are for it or against it: A European economic and monetary union with one single currency, the euro. (ONE ANSWER ONLY)",GESIS Variable Report,324,ZA7484
qa13a,QA13A,EP POLICY PRIORITIES - FIRSTLY,The EP makes decisions on European legislation which directly impacts every citizen's life. In your opinion which of the following should be given priority by the European Parliament? Firstly? (SHOW SCREEN – READ OUT – ONE ANSWER ONLY – ROTATE ANSWERS 1 TO 13),The EP makes decisions on European legislation which directly impacts every citizen's life. In your opinion which of the following should be given priority by the European Parliament? Firstly? (SHOW SCREEN – READ OUT – ONE ANSWER ONLY – ROTATE ANSWERS 1 TO 13),GESIS Variable Report,326,ZA7484
qa13b_1,QA13B,EP POLICY PRIORITIES 2ND: COMMON MIGRATION RESPONSE,"IF ‘NONE’, ‘REFUSAL’ OR ‘DK’ IN QA13A THEN SKIP QA13B And then? (SHOW SCREEN – READ OUT – MAX. 2 ANSWERS – DO NOT PROPOSE ANSWER GIVEN IN QA13A (EXCEPT FOR CODE 14) – ROTATE ANSWERS 1 TO 13 – DISPLAY ‘96’ ON SCREEN INSTEAD OF ‘OTHER’ – CODES 15, 16 AND 17 ARE EXCLUSIVE)","IF ‘NONE’, ‘REFUSAL’ OR ‘DK’ IN QA13A THEN SKIP QA13B And then? (SHOW SCREEN – READ OUT – MAX. 2 ANSWERS – DO NOT PROPOSE ANSWER GIVEN IN QA13A (EXCEPT FOR CODE 14) – ROTATE ANSWERS 1 TO 13 – DISPLAY ‘96’ ON SCREEN INSTEAD OF ‘OTHER’ – CODES 15, 16 AND 17 ARE EXCLUSIVE)",GESIS Variable Report,329,ZA7484
qa13b_2,QA13B,EP POLICY PRIORITIES 2ND: BOOST ECONOMY/GROWTH,"IF ‘NONE’, ‘REFUSAL’ OR ‘DK’ IN QA13A THEN SKIP QA13B And then? (SHOW SCREEN – READ OUT – MAX. 2 ANSWERS – DO NOT PROPOSE ANSWER GIVEN IN QA13A (EXCEPT FOR CODE 14) – ROTATE ANSWERS 1 TO 13 – DISPLAY ‘96’ ON SCREEN INSTEAD OF ‘OTHER’ – CODES 15, 16 AND 17 ARE EXCLUSIVE)","IF ‘NONE’, ‘REFUSAL’ OR ‘DK’ IN QA13A THEN SKIP QA13B And then? (SHOW SCREEN – READ OUT – MAX. 2 ANSWERS – DO NOT PROPOSE ANSWER GIVEN IN QA13A (EXCEPT FOR CODE 14) – ROTATE ANSWERS 1 TO 13 – DISPLAY ‘96’ ON SCREEN INSTEAD OF ‘OTHER’ – CODES 15, 16 AND 17 ARE EXCLUSIVE)",GESIS Variable Report,331,ZA7484
qa13b_3,QA13B,EP POLICY PRIORITIES 2ND: TACKLING POVERTY/EXCLUSION,"IF ‘NONE’, ‘REFUSAL’ OR ‘DK’ IN QA13A THEN SKIP QA13B And then? (SHOW SCREEN – READ OUT – MAX. 2 ANSWERS – DO NOT PROPOSE ANSWER GIVEN IN QA13A (EXCEPT FOR CODE 14) – ROTATE ANSWERS 1 TO 13 – DISPLAY ‘96’ ON SCREEN INSTEAD OF ‘OTHER’ – CODES 15, 16 AND 17 ARE EXCLUSIVE)","IF ‘NONE’, ‘REFUSAL’ OR ‘DK’ IN QA13A THEN SKIP QA13B And then? (SHOW SCREEN – READ OUT – MAX. 2 ANSWERS – DO NOT PROPOSE ANSWER GIVEN IN QA13A (EXCEPT FOR CODE 14) – ROTATE ANSWERS 1 TO 13 – DISPLAY ‘96’ ON SCREEN INSTEAD OF ‘OTHER’ – CODES 15, 16 AND 17 ARE EXCLUSIVE)",GESIS Variable Report,333,ZA7484
qa13b_4,QA13B,EP POLICY PRIORITIES 2ND: SECURE MONETARY UNION,"IF ‘NONE’, ‘REFUSAL’ OR ‘DK’ IN QA13A THEN SKIP QA13B And then? (SHOW SCREEN – READ OUT – MAX. 2 ANSWERS – DO NOT PROPOSE ANSWER GIVEN IN QA13A (EXCEPT FOR CODE 14) – ROTATE ANSWERS 1 TO 13 – DISPLAY ‘96’ ON SCREEN INSTEAD OF ‘OTHER’ – CODES 15, 16 AND 17 ARE EXCLUSIVE)","IF ‘NONE’, ‘REFUSAL’ OR ‘DK’ IN QA13A THEN SKIP QA13B And then? (SHOW SCREEN – READ OUT – MAX. 2 ANSWERS – DO NOT PROPOSE ANSWER GIVEN IN QA13A (EXCEPT FOR CODE 14) – ROTATE ANSWERS 1 TO 13 – DISPLAY ‘96’ ON SCREEN INSTEAD OF ‘OTHER’ – CODES 15, 16 AND 17 ARE EXCLUSIVE)",GESIS Variable Report,335,ZA7484
qa13b_5,QA13B,EP POLICY PRIORITIES 2ND: CONSUMER/HEALTH PROTECTION,"IF ‘NONE’, ‘REFUSAL’ OR ‘DK’ IN QA13A THEN SKIP QA13B And then? (SHOW SCREEN – READ OUT – MAX. 2 ANSWERS – DO NOT PROPOSE ANSWER GIVEN IN QA13A (EXCEPT FOR CODE 14) – ROTATE ANSWERS 1 TO 13 – DISPLAY ‘96’ ON SCREEN INSTEAD OF ‘OTHER’ – CODES 15, 16 AND 17 ARE EXCLUSIVE)","IF ‘NONE’, ‘REFUSAL’ OR ‘DK’ IN QA13A THEN SKIP QA13B And then? (SHOW SCREEN – READ OUT – MAX. 2 ANSWERS – DO NOT PROPOSE ANSWER GIVEN IN QA13A (EXCEPT FOR CODE 14) – ROTATE ANSWERS 1 TO 13 – DISPLAY ‘96’ ON SCREEN INSTEAD OF ‘OTHER’ – CODES 15, 16 AND 17 ARE EXCLUSIVE)",GESIS Variable Report,337,ZA7484
qa13b_6,QA13B,EP POLICY PRIORITIES 2ND: FUNDAM RIGHTS/DEMOCRACY IN WORLD,"IF ‘NONE’, ‘REFUSAL’ OR ‘DK’ IN QA13A THEN SKIP QA13B And then? (SHOW SCREEN – READ OUT – MAX. 2 ANSWERS – DO NOT PROPOSE ANSWER GIVEN IN QA13A (EXCEPT FOR CODE 14) – ROTATE ANSWERS 1 TO 13 – DISPLAY ‘96’ ON SCREEN INSTEAD OF ‘OTHER’ – CODES 15, 16 AND 17 ARE EXCLUSIVE)","IF ‘NONE’, ‘REFUSAL’ OR ‘DK’ IN QA13A THEN SKIP QA13B And then? (SHOW SCREEN – READ OUT – MAX. 2 ANSWERS – DO NOT PROPOSE ANSWER GIVEN IN QA13A (EXCEPT FOR CODE 14) – ROTATE ANSWERS 1 TO 13 – DISPLAY ‘96’ ON SCREEN INSTEAD OF ‘OTHER’ – CODES 15, 16 AND 17 ARE EXCLUSIVE)",GESIS Variable Report,339,ZA7484
qa13b_7,QA13B,EP POLICY PRIORITIES 2ND: CREATIVELY COMBAT CLIM CHANGE,"IF ‘NONE’, ‘REFUSAL’ OR ‘DK’ IN QA13A THEN SKIP QA13B And then? (SHOW SCREEN – READ OUT – MAX. 2 ANSWERS – DO NOT PROPOSE ANSWER GIVEN IN QA13A (EXCEPT FOR CODE 14) – ROTATE ANSWERS 1 TO 13 – DISPLAY ‘96’ ON SCREEN INSTEAD OF ‘OTHER’ – CODES 15, 16 AND 17 ARE EXCLUSIVE)","IF ‘NONE’, ‘REFUSAL’ OR ‘DK’ IN QA13A THEN SKIP QA13B And then? (SHOW SCREEN – READ OUT – MAX. 2 ANSWERS – DO NOT PROPOSE ANSWER GIVEN IN QA13A (EXCEPT FOR CODE 14) – ROTATE ANSWERS 1 TO 13 – DISPLAY ‘96’ ON SCREEN INSTEAD OF ‘OTHER’ – CODES 15, 16 AND 17 ARE EXCLUSIVE)",GESIS Variable Report,341,ZA7484
qa13b_8,QA13B,EP POLICY PRIORITIES 2ND: SUST AND COMPETITIVE ENERGY,"IF ‘NONE’, ‘REFUSAL’ OR ‘DK’ IN QA13A THEN SKIP QA13B And then? (SHOW SCREEN – READ OUT – MAX. 2 ANSWERS – DO NOT PROPOSE ANSWER GIVEN IN QA13A (EXCEPT FOR CODE 14) – ROTATE ANSWERS 1 TO 13 – DISPLAY ‘96’ ON SCREEN INSTEAD OF ‘OTHER’ – CODES 15, 16 AND 17 ARE EXCLUSIVE)","IF ‘NONE’, ‘REFUSAL’ OR ‘DK’ IN QA13A THEN SKIP QA13B And then? (SHOW SCREEN – READ OUT – MAX. 2 ANSWERS – DO NOT PROPOSE ANSWER GIVEN IN QA13A (EXCEPT FOR CODE 14) – ROTATE ANSWERS 1 TO 13 – DISPLAY ‘96’ ON SCREEN INSTEAD OF ‘OTHER’ – CODES 15, 16 AND 17 ARE EXCLUSIVE)",GESIS Variable Report,343,ZA7484
qa13b_9,QA13B,EP POLICY PRIORITIES 2ND: COMBAT TERRORISM,"IF ‘NONE’, ‘REFUSAL’ OR ‘DK’ IN QA13A THEN SKIP QA13B And then? (SHOW SCREEN – READ OUT – MAX. 2 ANSWERS – DO NOT PROPOSE ANSWER GIVEN IN QA13A (EXCEPT FOR CODE 14) – ROTATE ANSWERS 1 TO 13 – DISPLAY ‘96’ ON SCREEN INSTEAD OF ‘OTHER’ – CODES 15, 16 AND 17 ARE EXCLUSIVE)","IF ‘NONE’, ‘REFUSAL’ OR ‘DK’ IN QA13A THEN SKIP QA13B And then? (SHOW SCREEN – READ OUT – MAX. 2 ANSWERS – DO NOT PROPOSE ANSWER GIVEN IN QA13A (EXCEPT FOR CODE 14) – ROTATE ANSWERS 1 TO 13 – DISPLAY ‘96’ ON SCREEN INSTEAD OF ‘OTHER’ – CODES 15, 16 AND 17 ARE EXCLUSIVE)",GESIS Variable Report,345,ZA7484
qa13b_10,QA13B,EP POLICY PRIORITIES 2ND: COMMON DEFENCE/SECU POLICY,"IF ‘NONE’, ‘REFUSAL’ OR ‘DK’ IN QA13A THEN SKIP QA13B And then? (SHOW SCREEN – READ OUT – MAX. 2 ANSWERS – DO NOT PROPOSE ANSWER GIVEN IN QA13A (EXCEPT FOR CODE 14) – ROTATE ANSWERS 1 TO 13 – DISPLAY ‘96’ ON SCREEN INSTEAD OF ‘OTHER’ – CODES 15, 16 AND 17 ARE EXCLUSIVE)","IF ‘NONE’, ‘REFUSAL’ OR ‘DK’ IN QA13A THEN SKIP QA13B And then? (SHOW SCREEN – READ OUT – MAX. 2 ANSWERS – DO NOT PROPOSE ANSWER GIVEN IN QA13A (EXCEPT FOR CODE 14) – ROTATE ANSWERS 1 TO 13 – DISPLAY ‘96’ ON SCREEN INSTEAD OF ‘OTHER’ – CODES 15, 16 AND 17 ARE EXCLUSIVE)",GESIS Variable Report,347,ZA7484
qa13b_11,QA13B,EP POLICY PRIORITIES 2ND: COMBAT YOUTH UNEMPLOYMENT,"IF ‘NONE’, ‘REFUSAL’ OR ‘DK’ IN QA13A THEN SKIP QA13B And then? (SHOW SCREEN – READ OUT – MAX. 2 ANSWERS – DO NOT PROPOSE ANSWER GIVEN IN QA13A (EXCEPT FOR CODE 14) – ROTATE ANSWERS 1 TO 13 – DISPLAY ‘96’ ON SCREEN INSTEAD OF ‘OTHER’ – CODES 15, 16 AND 17 ARE EXCLUSIVE)","IF ‘NONE’, ‘REFUSAL’ OR ‘DK’ IN QA13A THEN SKIP QA13B And then? (SHOW SCREEN – READ OUT – MAX. 2 ANSWERS – DO NOT PROPOSE ANSWER GIVEN IN QA13A (EXCEPT FOR CODE 14) – ROTATE ANSWERS 1 TO 13 – DISPLAY ‘96’ ON SCREEN INSTEAD OF ‘OTHER’ – CODES 15, 16 AND 17 ARE EXCLUSIVE)",GESIS Variable Report,349,ZA7484
qa13b_12,QA13B,EP POLICY PRIORITIES 2ND: FAIR AND SECURE DIG MARKET,"IF ‘NONE’, ‘REFUSAL’ OR ‘DK’ IN QA13A THEN SKIP QA13B And then? (SHOW SCREEN – READ OUT – MAX. 2 ANSWERS – DO NOT PROPOSE ANSWER GIVEN IN QA13A (EXCEPT FOR CODE 14) – ROTATE ANSWERS 1 TO 13 – DISPLAY ‘96’ ON SCREEN INSTEAD OF ‘OTHER’ – CODES 15, 16 AND 17 ARE EXCLUSIVE)","IF ‘NONE’, ‘REFUSAL’ OR ‘DK’ IN QA13A THEN SKIP QA13B And then? (SHOW SCREEN – READ OUT – MAX. 2 ANSWERS – DO NOT PROPOSE ANSWER GIVEN IN QA13A (EXCEPT FOR CODE 14) – ROTATE ANSWERS 1 TO 13 – DISPLAY ‘96’ ON SCREEN INSTEAD OF ‘OTHER’ – CODES 15, 16 AND 17 ARE EXCLUSIVE)",GESIS Variable Report,351,ZA7484
qa13b_13,QA13B,EP POLICY PRIORITIES 2ND: PROTECT OPPORTUNITIES LIKE ERASMUS,"IF ‘NONE’, ‘REFUSAL’ OR ‘DK’ IN QA13A THEN SKIP QA13B And then? (SHOW SCREEN – READ OUT – MAX. 2 ANSWERS – DO NOT PROPOSE ANSWER GIVEN IN QA13A (EXCEPT FOR CODE 14) – ROTATE ANSWERS 1 TO 13 – DISPLAY ‘96’ ON SCREEN INSTEAD OF ‘OTHER’ – CODES 15, 16 AND 17 ARE EXCLUSIVE)","IF ‘NONE’, ‘REFUSAL’ OR ‘DK’ IN QA13A THEN SKIP QA13B And then? (SHOW SCREEN – READ OUT – MAX. 2 ANSWERS – DO NOT PROPOSE ANSWER GIVEN IN QA13A (EXCEPT FOR CODE 14) – ROTATE ANSWERS 1 TO 13 – DISPLAY ‘96’ ON SCREEN INSTEAD OF ‘OTHER’ – CODES 15, 16 AND 17 ARE EXCLUSIVE)",GESIS Variable Report,353,ZA7484
qa13b_14,QA13B,EP POLICY PRIORITIES 2ND: OTHER (SPONT),"IF ‘NONE’, ‘REFUSAL’ OR ‘DK’ IN QA13A THEN SKIP QA13B And then? (SHOW SCREEN – READ OUT – MAX. 2 ANSWERS – DO NOT PROPOSE ANSWER GIVEN IN QA13A (EXCEPT FOR CODE 14) – ROTATE ANSWERS 1 TO 13 – DISPLAY ‘96’ ON SCREEN INSTEAD OF ‘OTHER’ – CODES 15, 16 AND 17 ARE EXCLUSIVE)","IF ‘NONE’, ‘REFUSAL’ OR ‘DK’ IN QA13A THEN SKIP QA13B And then? (SHOW SCREEN – READ OUT – MAX. 2 ANSWERS – DO NOT PROPOSE ANSWER GIVEN IN QA13A (EXCEPT FOR CODE 14) – ROTATE ANSWERS 1 TO 13 – DISPLAY ‘96’ ON SCREEN INSTEAD OF ‘OTHER’ – CODES 15, 16 AND 17 ARE EXCLUSIVE)",GESIS Variable Report,355,ZA7484
qa13b_15,QA13B,EP POLICY PRIORITIES 2ND: NONE (SPONT),"IF ‘NONE’, ‘REFUSAL’ OR ‘DK’ IN QA13A THEN SKIP QA13B And then? (SHOW SCREEN – READ OUT – MAX. 2 ANSWERS – DO NOT PROPOSE ANSWER GIVEN IN QA13A (EXCEPT FOR CODE 14) – ROTATE ANSWERS 1 TO 13 – DISPLAY ‘96’ ON SCREEN INSTEAD OF ‘OTHER’ – CODES 15, 16 AND 17 ARE EXCLUSIVE)","IF ‘NONE’, ‘REFUSAL’ OR ‘DK’ IN QA13A THEN SKIP QA13B And then? (SHOW SCREEN – READ OUT – MAX. 2 ANSWERS – DO NOT PROPOSE ANSWER GIVEN IN QA13A (EXCEPT FOR CODE 14) – ROTATE ANSWERS 1 TO 13 – DISPLAY ‘96’ ON SCREEN INSTEAD OF ‘OTHER’ – CODES 15, 16 AND 17 ARE EXCLUSIVE)",GESIS Variable Report,357,ZA7484
qa13b_16,QA13B,EP POLICY PRIORITIES 2ND: REFUSAL (SPONT),"IF ‘NONE’, ‘REFUSAL’ OR ‘DK’ IN QA13A THEN SKIP QA13B And then? (SHOW SCREEN – READ OUT – MAX. 2 ANSWERS – DO NOT PROPOSE ANSWER GIVEN IN QA13A (EXCEPT FOR CODE 14) – ROTATE ANSWERS 1 TO 13 – DISPLAY ‘96’ ON SCREEN INSTEAD OF ‘OTHER’ – CODES 15, 16 AND 17 ARE EXCLUSIVE)","IF ‘NONE’, ‘REFUSAL’ OR ‘DK’ IN QA13A THEN SKIP QA13B And then? (SHOW SCREEN – READ OUT – MAX. 2 ANSWERS – DO NOT PROPOSE ANSWER GIVEN IN QA13A (EXCEPT FOR CODE 14) – ROTATE ANSWERS 1 TO 13 – DISPLAY ‘96’ ON SCREEN INSTEAD OF ‘OTHER’ – CODES 15, 16 AND 17 ARE EXCLUSIVE)",GESIS Variable Report,359,ZA7484
qa13b_17,QA13B,EP POLICY PRIORITIES 2ND: DK,"IF ‘NONE’, ‘REFUSAL’ OR ‘DK’ IN QA13A THEN SKIP QA13B And then? (SHOW SCREEN – READ OUT – MAX. 2 ANSWERS – DO NOT PROPOSE ANSWER GIVEN IN QA13A (EXCEPT FOR CODE 14) – ROTATE ANSWERS 1 TO 13 – DISPLAY ‘96’ ON SCREEN INSTEAD OF ‘OTHER’ – CODES 15, 16 AND 17 ARE EXCLUSIVE)","IF ‘NONE’, ‘REFUSAL’ OR ‘DK’ IN QA13A THEN SKIP QA13B And then? (SHOW SCREEN – READ OUT – MAX. 2 ANSWERS – DO NOT PROPOSE ANSWER GIVEN IN QA13A (EXCEPT FOR CODE 14) – ROTATE ANSWERS 1 TO 13 – DISPLAY ‘96’ ON SCREEN INSTEAD OF ‘OTHER’ – CODES 15, 16 AND 17 ARE EXCLUSIVE)",GESIS Variable Report,361,ZA7484
qa13t_1,QA13B,EP POLICY PRIORITIES: COMMON MIGRATION RESPONSE (SUM),And then?],And then?],GESIS Variable Report,363,ZA7484
qa13t_2,QA13B,EP POLICY PRIORITIES: BOOST ECONOMY/GROWTH (SUM),And then?],And then?],GESIS Variable Report,365,ZA7484
qa13t_3,QA13B,EP POLICY PRIORITIES: TACKLING POVERTY/EXCLUSION (SUM),And then?],And then?],GESIS Variable Report,367,ZA7484
qa13t_4,QA13B,EP POLICY PRIORITIES: SECURE MONETARY UNION (SUM),And then?],And then?],GESIS Variable Report,369,ZA7484
qa13t_5,QA13B,EP POLICY PRIORITIES: CONSUMER/HEALTH PROTECTION (SUM),And then?],And then?],GESIS Variable Report,371,ZA7484
qa13t_6,QA13B,EP POLICY PRIORITIES: FUNDAM RIGHTS/DEMOCRACY IN WORLD (SUM),And then?],And then?],GESIS Variable Report,373,ZA7484
qa13t_7,QA13B,EP POLICY PRIORITIES: CREATIVELY COMBAT CLIM CHANGE (SUM),And then?],And then?],GESIS Variable Report,375,ZA7484
qa13t_8,QA13B,EP POLICY PRIORITIES: SUST AND COMPETITIVE ENERGY (SUM),And then?],And then?],GESIS Variable Report,377,ZA7484
qa13t_9,QA13B,EP POLICY PRIORITIES: COMBAT TERRORISM (SUM),And then?],And then?],GESIS Variable Report,379,ZA7484
qa13t_10,QA13B,EP POLICY PRIORITIES: COMMON DEFENCE/SECU POLICY (SUM),And then?],And then?],GESIS Variable Report,381,ZA7484
qa13t_11,QA13B,EP POLICY PRIORITIES: COMBAT YOUTH UNEMPLOYMENT (SUM),And then?],And then?],GESIS Variable Report,383,ZA7484
qa13t_12,QA13B,EP POLICY PRIORITIES: FAIR AND SECURE DIG MARKET (SUM),And then?],And then?],GESIS Variable Report,385,ZA7484
qa13t_13,QA13B,EP POLICY PRIORITIES: PROTECT OPPORTUNITIES LIKE ERASMUS (SUM),And then?],And then?],GESIS Variable Report,387,ZA7484
qa13t_14,QA13B,EP POLICY PRIORITIES: OTHER (SPONT) (SUM),And then?],And then?],GESIS Variable Report,389,ZA7484
qa13t_15,QA13B,EP POLICY PRIORITIES: NONE (SPONT) (SUM),And then?],And then?],GESIS Variable Report,391,ZA7484
qa13t_16,QA13B,EP POLICY PRIORITIES: REFUSAL (SPONT) (SUM),And then?],And then?],GESIS Variable Report,393,ZA7484
qa13t_17,QA13B,EP POLICY PRIORITIES: DK (QA13A ONLY),And then?],And then?],GESIS Variable Report,395,ZA7484
qa14_1,QA14,EP VALUES PRIORITY: GENDER EQUALITY,"ASK ALL In your opinion, which of the following values should the European Parliament defend as a matter of priority? (SHOW SCREEN – READ OUT – MAX. 3 ANSWERS – ROTATE ANSWERS 1 TO 8 – DISPLAY ‘96’ ON SCREEN INSTEAD OF ‘OTHER’ – CODES 10, 11 AND 12 ARE EXCLUSIVE)","ASK ALL In your opinion, which of the following values should the European Parliament defend as a matter of priority? (SHOW SCREEN – READ OUT – MAX. 3 ANSWERS – ROTATE ANSWERS 1 TO 8 – DISPLAY ‘96’ ON SCREEN INSTEAD OF ‘OTHER’ – CODES 10, 11 AND 12 ARE EXCLUSIVE)",GESIS Variable Report,397,ZA7484
qa14_2,QA14,EP VALUES PRIORITY: MINORITIES PROTECTION,"ASK ALL In your opinion, which of the following values should the European Parliament defend as a matter of priority? (SHOW SCREEN – READ OUT – MAX. 3 ANSWERS – ROTATE ANSWERS 1 TO 8 – DISPLAY ‘96’ ON SCREEN INSTEAD OF ‘OTHER’ – CODES 10, 11 AND 12 ARE EXCLUSIVE)","ASK ALL In your opinion, which of the following values should the European Parliament defend as a matter of priority? (SHOW SCREEN – READ OUT – MAX. 3 ANSWERS – ROTATE ANSWERS 1 TO 8 – DISPLAY ‘96’ ON SCREEN INSTEAD OF ‘OTHER’ – CODES 10, 11 AND 12 ARE EXCLUSIVE)",GESIS Variable Report,399,ZA7484
qa14_3,QA14,EP VALUES PRIORITY: CROSS-CULTURAL DIALOGUE,"ASK ALL In your opinion, which of the following values should the European Parliament defend as a matter of priority? (SHOW SCREEN – READ OUT – MAX. 3 ANSWERS – ROTATE ANSWERS 1 TO 8 – DISPLAY ‘96’ ON SCREEN INSTEAD OF ‘OTHER’ – CODES 10, 11 AND 12 ARE EXCLUSIVE)","ASK ALL In your opinion, which of the following values should the European Parliament defend as a matter of priority? (SHOW SCREEN – READ OUT – MAX. 3 ANSWERS – ROTATE ANSWERS 1 TO 8 – DISPLAY ‘96’ ON SCREEN INSTEAD OF ‘OTHER’ – CODES 10, 11 AND 12 ARE EXCLUSIVE)",GESIS Variable Report,401,ZA7484
qa14_4,QA14,EP VALUES PRIORITY: EU SOLIDARITY,"ASK ALL In your opinion, which of the following values should the European Parliament defend as a matter of priority? (SHOW SCREEN – READ OUT – MAX. 3 ANSWERS – ROTATE ANSWERS 1 TO 8 – DISPLAY ‘96’ ON SCREEN INSTEAD OF ‘OTHER’ – CODES 10, 11 AND 12 ARE EXCLUSIVE)","ASK ALL In your opinion, which of the following values should the European Parliament defend as a matter of priority? (SHOW SCREEN – READ OUT – MAX. 3 ANSWERS – ROTATE ANSWERS 1 TO 8 – DISPLAY ‘96’ ON SCREEN INSTEAD OF ‘OTHER’ – CODES 10, 11 AND 12 ARE EXCLUSIVE)",GESIS Variable Report,403,ZA7484
qa14_5,QA14,EP VALUES PRIORITY: SOLIDARITY WITH POOR COUNTRIES,"ASK ALL In your opinion, which of the following values should the European Parliament defend as a matter of priority? (SHOW SCREEN – READ OUT – MAX. 3 ANSWERS – ROTATE ANSWERS 1 TO 8 – DISPLAY ‘96’ ON SCREEN INSTEAD OF ‘OTHER’ – CODES 10, 11 AND 12 ARE EXCLUSIVE)","ASK ALL In your opinion, which of the following values should the European Parliament defend as a matter of priority? (SHOW SCREEN – READ OUT – MAX. 3 ANSWERS – ROTATE ANSWERS 1 TO 8 – DISPLAY ‘96’ ON SCREEN INSTEAD OF ‘OTHER’ – CODES 10, 11 AND 12 ARE EXCLUSIVE)",GESIS Variable Report,405,ZA7484
qa14_6,QA14,EP VALUES PRIORITY: HUMANS RIGHTS PROTECTION,"ASK ALL In your opinion, which of the following values should the European Parliament defend as a matter of priority? (SHOW SCREEN – READ OUT – MAX. 3 ANSWERS – ROTATE ANSWERS 1 TO 8 – DISPLAY ‘96’ ON SCREEN INSTEAD OF ‘OTHER’ – CODES 10, 11 AND 12 ARE EXCLUSIVE)","ASK ALL In your opinion, which of the following values should the European Parliament defend as a matter of priority? (SHOW SCREEN – READ OUT – MAX. 3 ANSWERS – ROTATE ANSWERS 1 TO 8 – DISPLAY ‘96’ ON SCREEN INSTEAD OF ‘OTHER’ – CODES 10, 11 AND 12 ARE EXCLUSIVE)",GESIS Variable Report,407,ZA7484
qa14_7,QA14,EP VALUES PRIORITY: FREEDOM OF SPEECH,"ASK ALL In your opinion, which of the following values should the European Parliament defend as a matter of priority? (SHOW SCREEN – READ OUT – MAX. 3 ANSWERS – ROTATE ANSWERS 1 TO 8 – DISPLAY ‘96’ ON SCREEN INSTEAD OF ‘OTHER’ – CODES 10, 11 AND 12 ARE EXCLUSIVE)","ASK ALL In your opinion, which of the following values should the European Parliament defend as a matter of priority? (SHOW SCREEN – READ OUT – MAX. 3 ANSWERS – ROTATE ANSWERS 1 TO 8 – DISPLAY ‘96’ ON SCREEN INSTEAD OF ‘OTHER’ – CODES 10, 11 AND 12 ARE EXCLUSIVE)",GESIS Variable Report,409,ZA7484
qa14_8,QA14,EP VALUES PRIORITY: DEATH PENALTY ABOLITION,"ASK ALL In your opinion, which of the following values should the European Parliament defend as a matter of priority? (SHOW SCREEN – READ OUT – MAX. 3 ANSWERS – ROTATE ANSWERS 1 TO 8 – DISPLAY ‘96’ ON SCREEN INSTEAD OF ‘OTHER’ – CODES 10, 11 AND 12 ARE EXCLUSIVE)","ASK ALL In your opinion, which of the following values should the European Parliament defend as a matter of priority? (SHOW SCREEN – READ OUT – MAX. 3 ANSWERS – ROTATE ANSWERS 1 TO 8 – DISPLAY ‘96’ ON SCREEN INSTEAD OF ‘OTHER’ – CODES 10, 11 AND 12 ARE EXCLUSIVE)",GESIS Variable Report,411,ZA7484
qa14_9,QA14,EP VALUES PRIORITY: OTHER (SPONT),"ASK ALL In your opinion, which of the following values should the European Parliament defend as a matter of priority? (SHOW SCREEN – READ OUT – MAX. 3 ANSWERS – ROTATE ANSWERS 1 TO 8 – DISPLAY ‘96’ ON SCREEN INSTEAD OF ‘OTHER’ – CODES 10, 11 AND 12 ARE EXCLUSIVE)","ASK ALL In your opinion, which of the following values should the European Parliament defend as a matter of priority? (SHOW SCREEN – READ OUT – MAX. 3 ANSWERS – ROTATE ANSWERS 1 TO 8 – DISPLAY ‘96’ ON SCREEN INSTEAD OF ‘OTHER’ – CODES 10, 11 AND 12 ARE EXCLUSIVE)",GESIS Variable Report,413,ZA7484
qa14_10,QA14,EP VALUES PRIORITY: NONE (SPONT),"ASK ALL In your opinion, which of the following values should the European Parliament defend as a matter of priority? (SHOW SCREEN – READ OUT – MAX. 3 ANSWERS – ROTATE ANSWERS 1 TO 8 – DISPLAY ‘96’ ON SCREEN INSTEAD OF ‘OTHER’ – CODES 10, 11 AND 12 ARE EXCLUSIVE)","ASK ALL In your opinion, which of the following values should the European Parliament defend as a matter of priority? (SHOW SCREEN – READ OUT – MAX. 3 ANSWERS – ROTATE ANSWERS 1 TO 8 – DISPLAY ‘96’ ON SCREEN INSTEAD OF ‘OTHER’ – CODES 10, 11 AND 12 ARE EXCLUSIVE)",GESIS Variable Report,415,ZA7484
qa14_11,QA14,EP VALUES PRIORITY: REFUSAL (SPONT),"ASK ALL In your opinion, which of the following values should the European Parliament defend as a matter of priority? (SHOW SCREEN – READ OUT – MAX. 3 ANSWERS – ROTATE ANSWERS 1 TO 8 – DISPLAY ‘96’ ON SCREEN INSTEAD OF ‘OTHER’ – CODES 10, 11 AND 12 ARE EXCLUSIVE)","ASK ALL In your opinion, which of the following values should the European Parliament defend as a matter of priority? (SHOW SCREEN – READ OUT – MAX. 3 ANSWERS – ROTATE ANSWERS 1 TO 8 – DISPLAY ‘96’ ON SCREEN INSTEAD OF ‘OTHER’ – CODES 10, 11 AND 12 ARE EXCLUSIVE)",GESIS Variable Report,417,ZA7484
qa14_12,QA14,EP VALUES PRIORITY: DK,"ASK ALL In your opinion, which of the following values should the European Parliament defend as a matter of priority? (SHOW SCREEN – READ OUT – MAX. 3 ANSWERS – ROTATE ANSWERS 1 TO 8 – DISPLAY ‘96’ ON SCREEN INSTEAD OF ‘OTHER’ – CODES 10, 11 AND 12 ARE EXCLUSIVE)","ASK ALL In your opinion, which of the following values should the European Parliament defend as a matter of priority? (SHOW SCREEN – READ OUT – MAX. 3 ANSWERS – ROTATE ANSWERS 1 TO 8 – DISPLAY ‘96’ ON SCREEN INSTEAD OF ‘OTHER’ – CODES 10, 11 AND 12 ARE EXCLUSIVE)",GESIS Variable Report,419,ZA7484
qa15,QA15,EU MEMBERSHIP - GOOD/BAD,"Generally speaking, do you think that (OUR COUNTRY)'s membership of the EU is...? (READ OUT – ONE ANSWER ONLY)","Generally speaking, do you think that (OUR COUNTRY)'s membership of the EU is...? (READ OUT – ONE ANSWER ONLY)",GESIS Variable Report,421,ZA7484
qa16,QA16,EU MEMBERSHIP - COUNTRY BENEFIT,"Taking everything into account, would you say that (OUR COUNTRY) has on balance benefited or not from being a member of the EU? (ONE ANSWER ONLY)","Taking everything into account, would you say that (OUR COUNTRY) has on balance benefited or not from being a member of the EU? (ONE ANSWER ONLY)",GESIS Variable Report,423,ZA7484
qa17_1,QA17,EU COUNTRY BENEFIT: DEMOCRACY,"ASK QA17 IF ‘COUNTRY HAS BENEFITED FROM BEING A MEMBER OF THE EU’, CODE 1 IN QA16 - OTHERS GO TO QA18A Which of the following are the main reasons for thinking that (OUR COUNTRY) has benefited from being a member of the EU? (SHOW SCREEN – READ OUT – MAX. 3 ANSWERS – ROTATE ANSWERS 1 TO 11 – DISPLAY ‘90’ ON SCREEN INSTEAD OF ‘YOU ARE GENERALLY IN FAVOUR OF THE EU’, DISPLAY ‘96’ ON SCREEN INSTEAD OF ‘OTHER’ – CODES 14 AND 15 ARE EXCLUSIVE)","ASK QA17 IF ‘COUNTRY HAS BENEFITED FROM BEING A MEMBER OF THE EU’, CODE 1 IN QA16 - OTHERS GO TO QA18A Which of the following are the main reasons for thinking that (OUR COUNTRY) has benefited from being a member of the EU? (SHOW SCREEN – READ OUT – MAX. 3 ANSWERS – ROTATE ANSWERS 1 TO 11 – DISPLAY ‘90’ ON SCREEN INSTEAD OF ‘YOU ARE GENERALLY IN FAVOUR OF THE EU’, DISPLAY ‘96’ ON SCREEN INSTEAD OF ‘OTHER’ – CODES 14 AND 15 ARE EXCLUSIVE)",GESIS Variable Report,425,ZA7484
qa17_2,QA17,EU COUNTRY BENEFIT: PEACE,"ASK QA17 IF ‘COUNTRY HAS BENEFITED FROM BEING A MEMBER OF THE EU’, CODE 1 IN QA16 - OTHERS GO TO QA18A Which of the following are the main reasons for thinking that (OUR COUNTRY) has benefited from being a member of the EU? (SHOW SCREEN – READ OUT – MAX. 3 ANSWERS – ROTATE ANSWERS 1 TO 11 – DISPLAY ‘90’ ON SCREEN INSTEAD OF ‘YOU ARE GENERALLY IN FAVOUR OF THE EU’, DISPLAY ‘96’ ON SCREEN INSTEAD OF ‘OTHER’ – CODES 14 AND 15 ARE EXCLUSIVE)","ASK QA17 IF ‘COUNTRY HAS BENEFITED FROM BEING A MEMBER OF THE EU’, CODE 1 IN QA16 - OTHERS GO TO QA18A Which of the following are the main reasons for thinking that (OUR COUNTRY) has benefited from being a member of the EU? (SHOW SCREEN – READ OUT – MAX. 3 ANSWERS – ROTATE ANSWERS 1 TO 11 – DISPLAY ‘90’ ON SCREEN INSTEAD OF ‘YOU ARE GENERALLY IN FAVOUR OF THE EU’, DISPLAY ‘96’ ON SCREEN INSTEAD OF ‘OTHER’ – CODES 14 AND 15 ARE EXCLUSIVE)",GESIS Variable Report,427,ZA7484
qa17_3,QA17,EU COUNTRY BENEFIT: ECONOMIC GROWTH,"ASK QA17 IF ‘COUNTRY HAS BENEFITED FROM BEING A MEMBER OF THE EU’, CODE 1 IN QA16 - OTHERS GO TO QA18A Which of the following are the main reasons for thinking that (OUR COUNTRY) has benefited from being a member of the EU? (SHOW SCREEN – READ OUT – MAX. 3 ANSWERS – ROTATE ANSWERS 1 TO 11 – DISPLAY ‘90’ ON SCREEN INSTEAD OF ‘YOU ARE GENERALLY IN FAVOUR OF THE EU’, DISPLAY ‘96’ ON SCREEN INSTEAD OF ‘OTHER’ – CODES 14 AND 15 ARE EXCLUSIVE)","ASK QA17 IF ‘COUNTRY HAS BENEFITED FROM BEING A MEMBER OF THE EU’, CODE 1 IN QA16 - OTHERS GO TO QA18A Which of the following are the main reasons for thinking that (OUR COUNTRY) has benefited from being a member of the EU? (SHOW SCREEN – READ OUT – MAX. 3 ANSWERS – ROTATE ANSWERS 1 TO 11 – DISPLAY ‘90’ ON SCREEN INSTEAD OF ‘YOU ARE GENERALLY IN FAVOUR OF THE EU’, DISPLAY ‘96’ ON SCREEN INSTEAD OF ‘OTHER’ – CODES 14 AND 15 ARE EXCLUSIVE)",GESIS Variable Report,429,ZA7484
qa17_4,QA17,EU COUNTRY BENEFIT: CO-OPERATION IN EU,"ASK QA17 IF ‘COUNTRY HAS BENEFITED FROM BEING A MEMBER OF THE EU’, CODE 1 IN QA16 - OTHERS GO TO QA18A Which of the following are the main reasons for thinking that (OUR COUNTRY) has benefited from being a member of the EU? (SHOW SCREEN – READ OUT – MAX. 3 ANSWERS – ROTATE ANSWERS 1 TO 11 – DISPLAY ‘90’ ON SCREEN INSTEAD OF ‘YOU ARE GENERALLY IN FAVOUR OF THE EU’, DISPLAY ‘96’ ON SCREEN INSTEAD OF ‘OTHER’ – CODES 14 AND 15 ARE EXCLUSIVE)","ASK QA17 IF ‘COUNTRY HAS BENEFITED FROM BEING A MEMBER OF THE EU’, CODE 1 IN QA16 - OTHERS GO TO QA18A Which of the following are the main reasons for thinking that (OUR COUNTRY) has benefited from being a member of the EU? (SHOW SCREEN – READ OUT – MAX. 3 ANSWERS – ROTATE ANSWERS 1 TO 11 – DISPLAY ‘90’ ON SCREEN INSTEAD OF ‘YOU ARE GENERALLY IN FAVOUR OF THE EU’, DISPLAY ‘96’ ON SCREEN INSTEAD OF ‘OTHER’ – CODES 14 AND 15 ARE EXCLUSIVE)",GESIS Variable Report,431,ZA7484
qa17_5,QA17,EU COUNTRY BENEFIT: CO-OPERATION OUTSIDE EU,"ASK QA17 IF ‘COUNTRY HAS BENEFITED FROM BEING A MEMBER OF THE EU’, CODE 1 IN QA16 - OTHERS GO TO QA18A Which of the following are the main reasons for thinking that (OUR COUNTRY) has benefited from being a member of the EU? (SHOW SCREEN – READ OUT – MAX. 3 ANSWERS – ROTATE ANSWERS 1 TO 11 – DISPLAY ‘90’ ON SCREEN INSTEAD OF ‘YOU ARE GENERALLY IN FAVOUR OF THE EU’, DISPLAY ‘96’ ON SCREEN INSTEAD OF ‘OTHER’ – CODES 14 AND 15 ARE EXCLUSIVE)","ASK QA17 IF ‘COUNTRY HAS BENEFITED FROM BEING A MEMBER OF THE EU’, CODE 1 IN QA16 - OTHERS GO TO QA18A Which of the following are the main reasons for thinking that (OUR COUNTRY) has benefited from being a member of the EU? (SHOW SCREEN – READ OUT – MAX. 3 ANSWERS – ROTATE ANSWERS 1 TO 11 – DISPLAY ‘90’ ON SCREEN INSTEAD OF ‘YOU ARE GENERALLY IN FAVOUR OF THE EU’, DISPLAY ‘96’ ON SCREEN INSTEAD OF ‘OTHER’ – CODES 14 AND 15 ARE EXCLUSIVE)",GESIS Variable Report,433,ZA7484
qa17_6,QA17,EU COUNTRY BENEFIT: INFLUENCE,"ASK QA17 IF ‘COUNTRY HAS BENEFITED FROM BEING A MEMBER OF THE EU’, CODE 1 IN QA16 - OTHERS GO TO QA18A Which of the following are the main reasons for thinking that (OUR COUNTRY) has benefited from being a member of the EU? (SHOW SCREEN – READ OUT – MAX. 3 ANSWERS – ROTATE ANSWERS 1 TO 11 – DISPLAY ‘90’ ON SCREEN INSTEAD OF ‘YOU ARE GENERALLY IN FAVOUR OF THE EU’, DISPLAY ‘96’ ON SCREEN INSTEAD OF ‘OTHER’ – CODES 14 AND 15 ARE EXCLUSIVE)","ASK QA17 IF ‘COUNTRY HAS BENEFITED FROM BEING A MEMBER OF THE EU’, CODE 1 IN QA16 - OTHERS GO TO QA18A Which of the following are the main reasons for thinking that (OUR COUNTRY) has benefited from being a member of the EU? (SHOW SCREEN – READ OUT – MAX. 3 ANSWERS – ROTATE ANSWERS 1 TO 11 – DISPLAY ‘90’ ON SCREEN INSTEAD OF ‘YOU ARE GENERALLY IN FAVOUR OF THE EU’, DISPLAY ‘96’ ON SCREEN INSTEAD OF ‘OTHER’ – CODES 14 AND 15 ARE EXCLUSIVE)",GESIS Variable Report,435,ZA7484
qa17_7,QA17,EU COUNTRY BENEFIT: STRONGER SAY,"ASK QA17 IF ‘COUNTRY HAS BENEFITED FROM BEING A MEMBER OF THE EU’, CODE 1 IN QA16 - OTHERS GO TO QA18A Which of the following are the main reasons for thinking that (OUR COUNTRY) has benefited from being a member of the EU? (SHOW SCREEN – READ OUT – MAX. 3 ANSWERS – ROTATE ANSWERS 1 TO 11 – DISPLAY ‘90’ ON SCREEN INSTEAD OF ‘YOU ARE GENERALLY IN FAVOUR OF THE EU’, DISPLAY ‘96’ ON SCREEN INSTEAD OF ‘OTHER’ – CODES 14 AND 15 ARE EXCLUSIVE)","ASK QA17 IF ‘COUNTRY HAS BENEFITED FROM BEING A MEMBER OF THE EU’, CODE 1 IN QA16 - OTHERS GO TO QA18A Which of the following are the main reasons for thinking that (OUR COUNTRY) has benefited from being a member of the EU? (SHOW SCREEN – READ OUT – MAX. 3 ANSWERS – ROTATE ANSWERS 1 TO 11 – DISPLAY ‘90’ ON SCREEN INSTEAD OF ‘YOU ARE GENERALLY IN FAVOUR OF THE EU’, DISPLAY ‘96’ ON SCREEN INSTEAD OF ‘OTHER’ – CODES 14 AND 15 ARE EXCLUSIVE)",GESIS Variable Report,437,ZA7484
qa17_8,QA17,EU COUNTRY BENEFIT: STANDARD OF LIVING,"ASK QA17 IF ‘COUNTRY HAS BENEFITED FROM BEING A MEMBER OF THE EU’, CODE 1 IN QA16 - OTHERS GO TO QA18A Which of the following are the main reasons for thinking that (OUR COUNTRY) has benefited from being a member of the EU? (SHOW SCREEN – READ OUT – MAX. 3 ANSWERS – ROTATE ANSWERS 1 TO 11 – DISPLAY ‘90’ ON SCREEN INSTEAD OF ‘YOU ARE GENERALLY IN FAVOUR OF THE EU’, DISPLAY ‘96’ ON SCREEN INSTEAD OF ‘OTHER’ – CODES 14 AND 15 ARE EXCLUSIVE)","ASK QA17 IF ‘COUNTRY HAS BENEFITED FROM BEING A MEMBER OF THE EU’, CODE 1 IN QA16 - OTHERS GO TO QA18A Which of the following are the main reasons for thinking that (OUR COUNTRY) has benefited from being a member of the EU? (SHOW SCREEN – READ OUT – MAX. 3 ANSWERS – ROTATE ANSWERS 1 TO 11 – DISPLAY ‘90’ ON SCREEN INSTEAD OF ‘YOU ARE GENERALLY IN FAVOUR OF THE EU’, DISPLAY ‘96’ ON SCREEN INSTEAD OF ‘OTHER’ – CODES 14 AND 15 ARE EXCLUSIVE)",GESIS Variable Report,439,ZA7484
qa17_9,QA17,EU COUNTRY BENEFIT: FIGHTING TERRORISM,"ASK QA17 IF ‘COUNTRY HAS BENEFITED FROM BEING A MEMBER OF THE EU’, CODE 1 IN QA16 - OTHERS GO TO QA18A Which of the following are the main reasons for thinking that (OUR COUNTRY) has benefited from being a member of the EU? (SHOW SCREEN – READ OUT – MAX. 3 ANSWERS – ROTATE ANSWERS 1 TO 11 – DISPLAY ‘90’ ON SCREEN INSTEAD OF ‘YOU ARE GENERALLY IN FAVOUR OF THE EU’, DISPLAY ‘96’ ON SCREEN INSTEAD OF ‘OTHER’ – CODES 14 AND 15 ARE EXCLUSIVE)","ASK QA17 IF ‘COUNTRY HAS BENEFITED FROM BEING A MEMBER OF THE EU’, CODE 1 IN QA16 - OTHERS GO TO QA18A Which of the following are the main reasons for thinking that (OUR COUNTRY) has benefited from being a member of the EU? (SHOW SCREEN – READ OUT – MAX. 3 ANSWERS – ROTATE ANSWERS 1 TO 11 – DISPLAY ‘90’ ON SCREEN INSTEAD OF ‘YOU ARE GENERALLY IN FAVOUR OF THE EU’, DISPLAY ‘96’ ON SCREEN INSTEAD OF ‘OTHER’ – CODES 14 AND 15 ARE EXCLUSIVE)",GESIS Variable Report,441,ZA7484
qa17_10,QA17,EU COUNTRY BENEFIT: TACKLE CLIMATE CHANGE,"ASK QA17 IF ‘COUNTRY HAS BENEFITED FROM BEING A MEMBER OF THE EU’, CODE 1 IN QA16 - OTHERS GO TO QA18A Which of the following are the main reasons for thinking that (OUR COUNTRY) has benefited from being a member of the EU? (SHOW SCREEN – READ OUT – MAX. 3 ANSWERS – ROTATE ANSWERS 1 TO 11 – DISPLAY ‘90’ ON SCREEN INSTEAD OF ‘YOU ARE GENERALLY IN FAVOUR OF THE EU’, DISPLAY ‘96’ ON SCREEN INSTEAD OF ‘OTHER’ – CODES 14 AND 15 ARE EXCLUSIVE)","ASK QA17 IF ‘COUNTRY HAS BENEFITED FROM BEING A MEMBER OF THE EU’, CODE 1 IN QA16 - OTHERS GO TO QA18A Which of the following are the main reasons for thinking that (OUR COUNTRY) has benefited from being a member of the EU? (SHOW SCREEN – READ OUT – MAX. 3 ANSWERS – ROTATE ANSWERS 1 TO 11 – DISPLAY ‘90’ ON SCREEN INSTEAD OF ‘YOU ARE GENERALLY IN FAVOUR OF THE EU’, DISPLAY ‘96’ ON SCREEN INSTEAD OF ‘OTHER’ – CODES 14 AND 15 ARE EXCLUSIVE)",GESIS Variable Report,443,ZA7484
qa17_11,QA17,EU COUNTRY BENEFIT: WORK OPPORTUNITIES,"ASK QA17 IF ‘COUNTRY HAS BENEFITED FROM BEING A MEMBER OF THE EU’, CODE 1 IN QA16 - OTHERS GO TO QA18A Which of the following are the main reasons for thinking that (OUR COUNTRY) has benefited from being a member of the EU? (SHOW SCREEN – READ OUT – MAX. 3 ANSWERS – ROTATE ANSWERS 1 TO 11 – DISPLAY ‘90’ ON SCREEN INSTEAD OF ‘YOU ARE GENERALLY IN FAVOUR OF THE EU’, DISPLAY ‘96’ ON SCREEN INSTEAD OF ‘OTHER’ – CODES 14 AND 15 ARE EXCLUSIVE)","ASK QA17 IF ‘COUNTRY HAS BENEFITED FROM BEING A MEMBER OF THE EU’, CODE 1 IN QA16 - OTHERS GO TO QA18A Which of the following are the main reasons for thinking that (OUR COUNTRY) has benefited from being a member of the EU? (SHOW SCREEN – READ OUT – MAX. 3 ANSWERS – ROTATE ANSWERS 1 TO 11 – DISPLAY ‘90’ ON SCREEN INSTEAD OF ‘YOU ARE GENERALLY IN FAVOUR OF THE EU’, DISPLAY ‘96’ ON SCREEN INSTEAD OF ‘OTHER’ – CODES 14 AND 15 ARE EXCLUSIVE)",GESIS Variable Report,445,ZA7484
qa17_12,QA17,EU COUNTRY BENEFIT: GENERALLY IN FAVOUR (SPONT),"ASK QA17 IF ‘COUNTRY HAS BENEFITED FROM BEING A MEMBER OF THE EU’, CODE 1 IN QA16 - OTHERS GO TO QA18A Which of the following are the main reasons for thinking that (OUR COUNTRY) has benefited from being a member of the EU? (SHOW SCREEN – READ OUT – MAX. 3 ANSWERS – ROTATE ANSWERS 1 TO 11 – DISPLAY ‘90’ ON SCREEN INSTEAD OF ‘YOU ARE GENERALLY IN FAVOUR OF THE EU’, DISPLAY ‘96’ ON SCREEN INSTEAD OF ‘OTHER’ – CODES 14 AND 15 ARE EXCLUSIVE)","ASK QA17 IF ‘COUNTRY HAS BENEFITED FROM BEING A MEMBER OF THE EU’, CODE 1 IN QA16 - OTHERS GO TO QA18A Which of the following are the main reasons for thinking that (OUR COUNTRY) has benefited from being a member of the EU? (SHOW SCREEN – READ OUT – MAX. 3 ANSWERS – ROTATE ANSWERS 1 TO 11 – DISPLAY ‘90’ ON SCREEN INSTEAD OF ‘YOU ARE GENERALLY IN FAVOUR OF THE EU’, DISPLAY ‘96’ ON SCREEN INSTEAD OF ‘OTHER’ – CODES 14 AND 15 ARE EXCLUSIVE)",GESIS Variable Report,447,ZA7484
qa17_13,QA17,EU COUNTRY BENEFIT: OTHER (SPONT),"ASK QA17 IF ‘COUNTRY HAS BENEFITED FROM BEING A MEMBER OF THE EU’, CODE 1 IN QA16 - OTHERS GO TO QA18A Which of the following are the main reasons for thinking that (OUR COUNTRY) has benefited from being a member of the EU? (SHOW SCREEN – READ OUT – MAX. 3 ANSWERS – ROTATE ANSWERS 1 TO 11 – DISPLAY ‘90’ ON SCREEN INSTEAD OF ‘YOU ARE GENERALLY IN FAVOUR OF THE EU’, DISPLAY ‘96’ ON SCREEN INSTEAD OF ‘OTHER’ – CODES 14 AND 15 ARE EXCLUSIVE)","ASK QA17 IF ‘COUNTRY HAS BENEFITED FROM BEING A MEMBER OF THE EU’, CODE 1 IN QA16 - OTHERS GO TO QA18A Which of the following are the main reasons for thinking that (OUR COUNTRY) has benefited from being a member of the EU? (SHOW SCREEN – READ OUT – MAX. 3 ANSWERS – ROTATE ANSWERS 1 TO 11 – DISPLAY ‘90’ ON SCREEN INSTEAD OF ‘YOU ARE GENERALLY IN FAVOUR OF THE EU’, DISPLAY ‘96’ ON SCREEN INSTEAD OF ‘OTHER’ – CODES 14 AND 15 ARE EXCLUSIVE)",GESIS Variable Report,449,ZA7484
qa17_14,QA17,EU COUNTRY BENEFIT: REFUSAL (SPONT),"ASK QA17 IF ‘COUNTRY HAS BENEFITED FROM BEING A MEMBER OF THE EU’, CODE 1 IN QA16 - OTHERS GO TO QA18A Which of the following are the main reasons for thinking that (OUR COUNTRY) has benefited from being a member of the EU? (SHOW SCREEN – READ OUT – MAX. 3 ANSWERS – ROTATE ANSWERS 1 TO 11 – DISPLAY ‘90’ ON SCREEN INSTEAD OF ‘YOU ARE GENERALLY IN FAVOUR OF THE EU’, DISPLAY ‘96’ ON SCREEN INSTEAD OF ‘OTHER’ – CODES 14 AND 15 ARE EXCLUSIVE)","ASK QA17 IF ‘COUNTRY HAS BENEFITED FROM BEING A MEMBER OF THE EU’, CODE 1 IN QA16 - OTHERS GO TO QA18A Which of the following are the main reasons for thinking that (OUR COUNTRY) has benefited from being a member of the EU? (SHOW SCREEN – READ OUT – MAX. 3 ANSWERS – ROTATE ANSWERS 1 TO 11 – DISPLAY ‘90’ ON SCREEN INSTEAD OF ‘YOU ARE GENERALLY IN FAVOUR OF THE EU’, DISPLAY ‘96’ ON SCREEN INSTEAD OF ‘OTHER’ – CODES 14 AND 15 ARE EXCLUSIVE)",GESIS Variable Report,451,ZA7484
qa17_15,QA17,EU COUNTRY BENEFIT: DK,"ASK QA17 IF ‘COUNTRY HAS BENEFITED FROM BEING A MEMBER OF THE EU’, CODE 1 IN QA16 - OTHERS GO TO QA18A Which of the following are the main reasons for thinking that (OUR COUNTRY) has benefited from being a member of the EU? (SHOW SCREEN – READ OUT – MAX. 3 ANSWERS – ROTATE ANSWERS 1 TO 11 – DISPLAY ‘90’ ON SCREEN INSTEAD OF ‘YOU ARE GENERALLY IN FAVOUR OF THE EU’, DISPLAY ‘96’ ON SCREEN INSTEAD OF ‘OTHER’ – CODES 14 AND 15 ARE EXCLUSIVE)","ASK QA17 IF ‘COUNTRY HAS BENEFITED FROM BEING A MEMBER OF THE EU’, CODE 1 IN QA16 - OTHERS GO TO QA18A Which of the following are the main reasons for thinking that (OUR COUNTRY) has benefited from being a member of the EU? (SHOW SCREEN – READ OUT – MAX. 3 ANSWERS – ROTATE ANSWERS 1 TO 11 – DISPLAY ‘90’ ON SCREEN INSTEAD OF ‘YOU ARE GENERALLY IN FAVOUR OF THE EU’, DISPLAY ‘96’ ON SCREEN INSTEAD OF ‘OTHER’ – CODES 14 AND 15 ARE EXCLUSIVE)",GESIS Variable Report,453,ZA7484
qa18a,QA18A,EU PROTECT FROM THREAT - FIRSTLY,ASK ALL The EU and its citizens are facing a number of threats. From which of the following should the EU protect its citizens? Firstly? (SHOW SCREEN – READ OUT – ONE ANSWER ONLY – ROTATE ANSWERS 1 TO 11),ASK ALL The EU and its citizens are facing a number of threats. From which of the following should the EU protect its citizens? Firstly? (SHOW SCREEN – READ OUT – ONE ANSWER ONLY – ROTATE ANSWERS 1 TO 11),GESIS Variable Report,455,ZA7484
qa18b_1,QA18B,EU PROTECT FROM THREAT 2ND: TERRORISM,IF ‘REFUSAL’ OR ‘DK’ IN QA18A THEN SKIP QA18B And then? (SHOW SCREEN – READ OUT – MAX. 3 ANSWERS – DO NOT PROPOSE ANSWER GIVEN IN QA18A (EXCEPT FOR CODE 12) – ROTATE ANSWERS 1 TO 11 – DISPLAY ‘96’ ON SCREEN INSTEAD OF ‘OTHER’ – CODES 13 AND 14 ARE EXCLUSIVE),IF ‘REFUSAL’ OR ‘DK’ IN QA18A THEN SKIP QA18B And then? (SHOW SCREEN – READ OUT – MAX. 3 ANSWERS – DO NOT PROPOSE ANSWER GIVEN IN QA18A (EXCEPT FOR CODE 12) – ROTATE ANSWERS 1 TO 11 – DISPLAY ‘96’ ON SCREEN INSTEAD OF ‘OTHER’ – CODES 13 AND 14 ARE EXCLUSIVE),GESIS Variable Report,458,ZA7484
qa18b_2,QA18B,EU PROTECT FROM THREAT 2ND: CLIMATE CHANGE,IF ‘REFUSAL’ OR ‘DK’ IN QA18A THEN SKIP QA18B And then? (SHOW SCREEN – READ OUT – MAX. 3 ANSWERS – DO NOT PROPOSE ANSWER GIVEN IN QA18A (EXCEPT FOR CODE 12) – ROTATE ANSWERS 1 TO 11 – DISPLAY ‘96’ ON SCREEN INSTEAD OF ‘OTHER’ – CODES 13 AND 14 ARE EXCLUSIVE),IF ‘REFUSAL’ OR ‘DK’ IN QA18A THEN SKIP QA18B And then? (SHOW SCREEN – READ OUT – MAX. 3 ANSWERS – DO NOT PROPOSE ANSWER GIVEN IN QA18A (EXCEPT FOR CODE 12) – ROTATE ANSWERS 1 TO 11 – DISPLAY ‘96’ ON SCREEN INSTEAD OF ‘OTHER’ – CODES 13 AND 14 ARE EXCLUSIVE),GESIS Variable Report,460,ZA7484
qa18b_3,QA18B,EU PROTECT FROM THREAT 2ND: ILLEGAL IMMIGRATION,IF ‘REFUSAL’ OR ‘DK’ IN QA18A THEN SKIP QA18B And then? (SHOW SCREEN – READ OUT – MAX. 3 ANSWERS – DO NOT PROPOSE ANSWER GIVEN IN QA18A (EXCEPT FOR CODE 12) – ROTATE ANSWERS 1 TO 11 – DISPLAY ‘96’ ON SCREEN INSTEAD OF ‘OTHER’ – CODES 13 AND 14 ARE EXCLUSIVE),IF ‘REFUSAL’ OR ‘DK’ IN QA18A THEN SKIP QA18B And then? (SHOW SCREEN – READ OUT – MAX. 3 ANSWERS – DO NOT PROPOSE ANSWER GIVEN IN QA18A (EXCEPT FOR CODE 12) – ROTATE ANSWERS 1 TO 11 – DISPLAY ‘96’ ON SCREEN INSTEAD OF ‘OTHER’ – CODES 13 AND 14 ARE EXCLUSIVE),GESIS Variable Report,462,ZA7484
qa18b_4,QA18B,EU PROTECT FROM THREAT 2ND: FAKE NEWS/DISINF ONLINE,IF ‘REFUSAL’ OR ‘DK’ IN QA18A THEN SKIP QA18B And then? (SHOW SCREEN – READ OUT – MAX. 3 ANSWERS – DO NOT PROPOSE ANSWER GIVEN IN QA18A (EXCEPT FOR CODE 12) – ROTATE ANSWERS 1 TO 11 – DISPLAY ‘96’ ON SCREEN INSTEAD OF ‘OTHER’ – CODES 13 AND 14 ARE EXCLUSIVE),IF ‘REFUSAL’ OR ‘DK’ IN QA18A THEN SKIP QA18B And then? (SHOW SCREEN – READ OUT – MAX. 3 ANSWERS – DO NOT PROPOSE ANSWER GIVEN IN QA18A (EXCEPT FOR CODE 12) – ROTATE ANSWERS 1 TO 11 – DISPLAY ‘96’ ON SCREEN INSTEAD OF ‘OTHER’ – CODES 13 AND 14 ARE EXCLUSIVE),GESIS Variable Report,464,ZA7484
qa18b_5,QA18B,EU PROTECT FROM THREAT 2ND: RELIGIOUS RADICALISM,IF ‘REFUSAL’ OR ‘DK’ IN QA18A THEN SKIP QA18B And then? (SHOW SCREEN – READ OUT – MAX. 3 ANSWERS – DO NOT PROPOSE ANSWER GIVEN IN QA18A (EXCEPT FOR CODE 12) – ROTATE ANSWERS 1 TO 11 – DISPLAY ‘96’ ON SCREEN INSTEAD OF ‘OTHER’ – CODES 13 AND 14 ARE EXCLUSIVE),IF ‘REFUSAL’ OR ‘DK’ IN QA18A THEN SKIP QA18B And then? (SHOW SCREEN – READ OUT – MAX. 3 ANSWERS – DO NOT PROPOSE ANSWER GIVEN IN QA18A (EXCEPT FOR CODE 12) – ROTATE ANSWERS 1 TO 11 – DISPLAY ‘96’ ON SCREEN INSTEAD OF ‘OTHER’ – CODES 13 AND 14 ARE EXCLUSIVE),GESIS Variable Report,466,ZA7484
qa18b_6,QA18B,EU PROTECT FROM THREAT 2ND: POLITICAL EXTREMISM,IF ‘REFUSAL’ OR ‘DK’ IN QA18A THEN SKIP QA18B And then? (SHOW SCREEN – READ OUT – MAX. 3 ANSWERS – DO NOT PROPOSE ANSWER GIVEN IN QA18A (EXCEPT FOR CODE 12) – ROTATE ANSWERS 1 TO 11 – DISPLAY ‘96’ ON SCREEN INSTEAD OF ‘OTHER’ – CODES 13 AND 14 ARE EXCLUSIVE),IF ‘REFUSAL’ OR ‘DK’ IN QA18A THEN SKIP QA18B And then? (SHOW SCREEN – READ OUT – MAX. 3 ANSWERS – DO NOT PROPOSE ANSWER GIVEN IN QA18A (EXCEPT FOR CODE 12) – ROTATE ANSWERS 1 TO 11 – DISPLAY ‘96’ ON SCREEN INSTEAD OF ‘OTHER’ – CODES 13 AND 14 ARE EXCLUSIVE),GESIS Variable Report,468,ZA7484
qa18b_7,QA18B,EU PROTECT FROM THREAT 2ND: ORGANISED CRIME,IF ‘REFUSAL’ OR ‘DK’ IN QA18A THEN SKIP QA18B And then? (SHOW SCREEN – READ OUT – MAX. 3 ANSWERS – DO NOT PROPOSE ANSWER GIVEN IN QA18A (EXCEPT FOR CODE 12) – ROTATE ANSWERS 1 TO 11 – DISPLAY ‘96’ ON SCREEN INSTEAD OF ‘OTHER’ – CODES 13 AND 14 ARE EXCLUSIVE),IF ‘REFUSAL’ OR ‘DK’ IN QA18A THEN SKIP QA18B And then? (SHOW SCREEN – READ OUT – MAX. 3 ANSWERS – DO NOT PROPOSE ANSWER GIVEN IN QA18A (EXCEPT FOR CODE 12) – ROTATE ANSWERS 1 TO 11 – DISPLAY ‘96’ ON SCREEN INSTEAD OF ‘OTHER’ – CODES 13 AND 14 ARE EXCLUSIVE),GESIS Variable Report,470,ZA7484
qa18b_8,QA18B,EU PROTECT FROM THREAT 2ND: UNEMPLOYMENT,IF ‘REFUSAL’ OR ‘DK’ IN QA18A THEN SKIP QA18B And then? (SHOW SCREEN – READ OUT – MAX. 3 ANSWERS – DO NOT PROPOSE ANSWER GIVEN IN QA18A (EXCEPT FOR CODE 12) – ROTATE ANSWERS 1 TO 11 – DISPLAY ‘96’ ON SCREEN INSTEAD OF ‘OTHER’ – CODES 13 AND 14 ARE EXCLUSIVE),IF ‘REFUSAL’ OR ‘DK’ IN QA18A THEN SKIP QA18B And then? (SHOW SCREEN – READ OUT – MAX. 3 ANSWERS – DO NOT PROPOSE ANSWER GIVEN IN QA18A (EXCEPT FOR CODE 12) – ROTATE ANSWERS 1 TO 11 – DISPLAY ‘96’ ON SCREEN INSTEAD OF ‘OTHER’ – CODES 13 AND 14 ARE EXCLUSIVE),GESIS Variable Report,472,ZA7484
qa18b_9,QA18B,EU PROTECT FROM THREAT 2ND: POVERTY AND EXCLUSION,IF ‘REFUSAL’ OR ‘DK’ IN QA18A THEN SKIP QA18B And then? (SHOW SCREEN – READ OUT – MAX. 3 ANSWERS – DO NOT PROPOSE ANSWER GIVEN IN QA18A (EXCEPT FOR CODE 12) – ROTATE ANSWERS 1 TO 11 – DISPLAY ‘96’ ON SCREEN INSTEAD OF ‘OTHER’ – CODES 13 AND 14 ARE EXCLUSIVE),IF ‘REFUSAL’ OR ‘DK’ IN QA18A THEN SKIP QA18B And then? (SHOW SCREEN – READ OUT – MAX. 3 ANSWERS – DO NOT PROPOSE ANSWER GIVEN IN QA18A (EXCEPT FOR CODE 12) – ROTATE ANSWERS 1 TO 11 – DISPLAY ‘96’ ON SCREEN INSTEAD OF ‘OTHER’ – CODES 13 AND 14 ARE EXCLUSIVE),GESIS Variable Report,474,ZA7484
qa18b_10,QA18B,EU PROTECT FROM THREAT 2ND: ARMED CONFLICT,IF ‘REFUSAL’ OR ‘DK’ IN QA18A THEN SKIP QA18B And then? (SHOW SCREEN – READ OUT – MAX. 3 ANSWERS – DO NOT PROPOSE ANSWER GIVEN IN QA18A (EXCEPT FOR CODE 12) – ROTATE ANSWERS 1 TO 11 – DISPLAY ‘96’ ON SCREEN INSTEAD OF ‘OTHER’ – CODES 13 AND 14 ARE EXCLUSIVE),IF ‘REFUSAL’ OR ‘DK’ IN QA18A THEN SKIP QA18B And then? (SHOW SCREEN – READ OUT – MAX. 3 ANSWERS – DO NOT PROPOSE ANSWER GIVEN IN QA18A (EXCEPT FOR CODE 12) – ROTATE ANSWERS 1 TO 11 – DISPLAY ‘96’ ON SCREEN INSTEAD OF ‘OTHER’ – CODES 13 AND 14 ARE EXCLUSIVE),GESIS Variable Report,476,ZA7484
qa18b_11,QA18B,EU PROTECT FROM THREAT 2ND: ABUSE PERS DATA ONLINE,IF ‘REFUSAL’ OR ‘DK’ IN QA18A THEN SKIP QA18B And then? (SHOW SCREEN – READ OUT – MAX. 3 ANSWERS – DO NOT PROPOSE ANSWER GIVEN IN QA18A (EXCEPT FOR CODE 12) – ROTATE ANSWERS 1 TO 11 – DISPLAY ‘96’ ON SCREEN INSTEAD OF ‘OTHER’ – CODES 13 AND 14 ARE EXCLUSIVE),IF ‘REFUSAL’ OR ‘DK’ IN QA18A THEN SKIP QA18B And then? (SHOW SCREEN – READ OUT – MAX. 3 ANSWERS – DO NOT PROPOSE ANSWER GIVEN IN QA18A (EXCEPT FOR CODE 12) – ROTATE ANSWERS 1 TO 11 – DISPLAY ‘96’ ON SCREEN INSTEAD OF ‘OTHER’ – CODES 13 AND 14 ARE EXCLUSIVE),GESIS Variable Report,478,ZA7484
qa18b_12,QA18B,EU PROTECT FROM THREAT 2ND: OTHER (SPONT),IF ‘REFUSAL’ OR ‘DK’ IN QA18A THEN SKIP QA18B And then? (SHOW SCREEN – READ OUT – MAX. 3 ANSWERS – DO NOT PROPOSE ANSWER GIVEN IN QA18A (EXCEPT FOR CODE 12) – ROTATE ANSWERS 1 TO 11 – DISPLAY ‘96’ ON SCREEN INSTEAD OF ‘OTHER’ – CODES 13 AND 14 ARE EXCLUSIVE),IF ‘REFUSAL’ OR ‘DK’ IN QA18A THEN SKIP QA18B And then? (SHOW SCREEN – READ OUT – MAX. 3 ANSWERS – DO NOT PROPOSE ANSWER GIVEN IN QA18A (EXCEPT FOR CODE 12) – ROTATE ANSWERS 1 TO 11 – DISPLAY ‘96’ ON SCREEN INSTEAD OF ‘OTHER’ – CODES 13 AND 14 ARE EXCLUSIVE),GESIS Variable Report,480,ZA7484
qa18b_13,QA18B,EU PROTECT FROM THREAT 2ND: REFUSAL (SPONT),IF ‘REFUSAL’ OR ‘DK’ IN QA18A THEN SKIP QA18B And then? (SHOW SCREEN – READ OUT – MAX. 3 ANSWERS – DO NOT PROPOSE ANSWER GIVEN IN QA18A (EXCEPT FOR CODE 12) – ROTATE ANSWERS 1 TO 11 – DISPLAY ‘96’ ON SCREEN INSTEAD OF ‘OTHER’ – CODES 13 AND 14 ARE EXCLUSIVE),IF ‘REFUSAL’ OR ‘DK’ IN QA18A THEN SKIP QA18B And then? (SHOW SCREEN – READ OUT – MAX. 3 ANSWERS – DO NOT PROPOSE ANSWER GIVEN IN QA18A (EXCEPT FOR CODE 12) – ROTATE ANSWERS 1 TO 11 – DISPLAY ‘96’ ON SCREEN INSTEAD OF ‘OTHER’ – CODES 13 AND 14 ARE EXCLUSIVE),GESIS Variable Report,482,ZA7484
qa18b_14,QA18B,EU PROTECT FROM THREAT 2ND: DK,IF ‘REFUSAL’ OR ‘DK’ IN QA18A THEN SKIP QA18B And then? (SHOW SCREEN – READ OUT – MAX. 3 ANSWERS – DO NOT PROPOSE ANSWER GIVEN IN QA18A (EXCEPT FOR CODE 12) – ROTATE ANSWERS 1 TO 11 – DISPLAY ‘96’ ON SCREEN INSTEAD OF ‘OTHER’ – CODES 13 AND 14 ARE EXCLUSIVE),IF ‘REFUSAL’ OR ‘DK’ IN QA18A THEN SKIP QA18B And then? (SHOW SCREEN – READ OUT – MAX. 3 ANSWERS – DO NOT PROPOSE ANSWER GIVEN IN QA18A (EXCEPT FOR CODE 12) – ROTATE ANSWERS 1 TO 11 – DISPLAY ‘96’ ON SCREEN INSTEAD OF ‘OTHER’ – CODES 13 AND 14 ARE EXCLUSIVE),GESIS Variable Report,484,ZA7484
qa18t_1,QA18B,EU PROTECT FROM THREAT: TERRORISM (SUM),And then?],And then?],GESIS Variable Report,486,ZA7484
qa18t_2,QA18B,EU PROTECT FROM THREAT: CLIMATE CHANGE (SUM),And then?],And then?],GESIS Variable Report,488,ZA7484
qa18t_3,QA18B,EU PROTECT FROM THREAT: ILLEGAL IMMIGRATION,And then?],And then?],GESIS Variable Report,490,ZA7484
qa18t_4,QA18B,EU PROTECT FROM THREAT: FAKE NEWS/DISINF ONLINE,And then?],And then?],GESIS Variable Report,492,ZA7484
qa18t_5,QA18B,EU PROTECT FROM THREAT: RELIGIOUS RADICALISM (SUM),And then?],And then?],GESIS Variable Report,494,ZA7484
qa18t_6,QA18B,EU PROTECT FROM THREAT: POLITICAL EXTREMISM (SUM),And then?],And then?],GESIS Variable Report,496,ZA7484
qa18t_7,QA18B,EU PROTECT FROM THREAT: ORGANISED CRIME (SUM),And then?],And then?],GESIS Variable Report,498,ZA7484
qa18t_8,QA18B,EU PROTECT FROM THREAT: UNEMPLOYMENT (SUM),And then?] QA19T_8 Unemployment,And then?] QA19T_8 Unemployment,GESIS Variable Report,500,ZA7484
qa18t_9,QA18B,EU PROTECT FROM THREAT: POVERTY AND EXCLUSION (SUM),And then?],And then?],GESIS Variable Report,502,ZA7484
qa18t_10,QA18B,EU PROTECT FROM THREAT: ARMED CONFLICT (SUM),And then?],And then?],GESIS Variable Report,504,ZA7484
qa18t_11,QA18B,EU PROTECT FROM THREAT: ABUSE PERS DATA ONLINE (SUM),And then?],And then?],GESIS Variable Report,506,ZA7484
qa18t_12,QA18B,EU PROTECT FROM THREAT: OTHER (SPONT) (SUM),And then?],And then?],GESIS Variable Report,508,ZA7484
qa18t_13,QA18B,EU PROTECT FROM THREAT: REFUSAL (SPONT) (SUM),And then?],And then?],GESIS Variable Report,510,ZA7484
qa18t_14,QA18B,EU PROTECT FROM THREAT: DK (QA18A ONLY),And then?],And then?],GESIS Variable Report,512,ZA7484
qb1,QB1,IF LIVING IN OTHER EU COUNTRY - EP VOTE WHERE,"ASK ALL If you live or were to live in an EU country other than your country of origin, would you rather vote in European Parliament elections organised in …? (SHOW SCREEN – READ OUT – ONE ANSWER ONLY)","ASK ALL If you live or were to live in an EU country other than your country of origin, would you rather vote in European Parliament elections organised in …? (SHOW SCREEN – READ OUT – ONE ANSWER ONLY)",GESIS Variable Report,514,ZA7484
qb2,QB2,IF LIVING IN OTHER EU COUNTRY - IMPORTANCE NAT VOTING RIGHT,"If you live or were to live in an EU country other than your country of origin, how important is it or would it be for you to retain the right to vote in national elections held in your country of origin? (READ OUT – ONE ANSWER ONLY)","If you live or were to live in an EU country other than your country of origin, how important is it or would it be for you to retain the right to vote in national elections held in your country of origin? (READ OUT – ONE ANSWER ONLY)",GESIS Variable Report,516,ZA7484
qb3,QB3,IF LIVING IN OTHER EU COUNTRY - PREF WAY VOTING NAT ELEC,"And if you live or were to live in an EU country other than your country of origin, which of the following would be your preferred way of voting in the national elections of your country? (SHOW SCREEN – READ OUT – ONE ANSWER ONLY)","And if you live or were to live in an EU country other than your country of origin, which of the following would be your preferred way of voting in the national elections of your country? (SHOW SCREEN – READ OUT – ONE ANSWER ONLY)",GESIS Variable Report,518,ZA7484
qb4,QB4,THOSE LIVING IN OTHER EU COUNTRY - CANDIDATE RIGHTS,"EU citizens living in another EU country have the right to stand as candidates in municipal elections there. Which of the following statements do you most agree with? Once elected, these candidates… (SHOW SCREEN – READ OUT – ONE ANSWER ONLY – ROTATE ANSWERS 1 TO 2)","EU citizens living in another EU country have the right to stand as candidates in municipal elections there. Which of the following statements do you most agree with? Once elected, these candidates… (SHOW SCREEN – READ OUT – ONE ANSWER ONLY – ROTATE ANSWERS 1 TO 2)",GESIS Variable Report,520,ZA7484
qb5,QB5,LOCAL ELECTIONS - OTHER EU CAND INCREASE TURNOUT,"Thinking about local elections, do you think that in (OUR COUNTRY) the presence of candidates who are nationals of other EU countries would increase the turnout in these elections? (READ OUT – ONE ANSWER ONLY)","Thinking about local elections, do you think that in (OUR COUNTRY) the presence of candidates who are nationals of other EU countries would increase the turnout in these elections? (READ OUT – ONE ANSWER ONLY)",GESIS Variable Report,522,ZA7484
qb6_1,QB6,NEXT EP ELECTION VOTE IF: BETTER INFORMED,"The next European Parliament elections will be held in May 2019. Which of the following would make you more inclined to vote in these elections? (SHOW SCREEN – READ OUT – MAX. 3 ANSWERS – ROTATE ANSWERS 1 TO 5 – DISPLAY ‘96’ ON SCREEN INSTEAD OF ‘OTHER’ – CODES 7, 8, 9 AND 10 ARE EXCLUSIVE)","The next European Parliament elections will be held in May 2019. Which of the following would make you more inclined to vote in these elections? (SHOW SCREEN – READ OUT – MAX. 3 ANSWERS – ROTATE ANSWERS 1 TO 5 – DISPLAY ‘96’ ON SCREEN INSTEAD OF ‘OTHER’ – CODES 7, 8, 9 AND 10 ARE EXCLUSIVE)",GESIS Variable Report,524,ZA7484
qb6_2,QB6,NEXT EP ELECTION VOTE IF: MORE WOMEN CANDIDATES,"The next European Parliament elections will be held in May 2019. Which of the following would make you more inclined to vote in these elections? (SHOW SCREEN – READ OUT – MAX. 3 ANSWERS – ROTATE ANSWERS 1 TO 5 – DISPLAY ‘96’ ON SCREEN INSTEAD OF ‘OTHER’ – CODES 7, 8, 9 AND 10 ARE EXCLUSIVE)","The next European Parliament elections will be held in May 2019. Which of the following would make you more inclined to vote in these elections? (SHOW SCREEN – READ OUT – MAX. 3 ANSWERS – ROTATE ANSWERS 1 TO 5 – DISPLAY ‘96’ ON SCREEN INSTEAD OF ‘OTHER’ – CODES 7, 8, 9 AND 10 ARE EXCLUSIVE)",GESIS Variable Report,526,ZA7484
qb6_3,QB6,NEXT EP ELECTION VOTE IF: MORE YOUNG CANDIDATES,"The next European Parliament elections will be held in May 2019. Which of the following would make you more inclined to vote in these elections? (SHOW SCREEN – READ OUT – MAX. 3 ANSWERS – ROTATE ANSWERS 1 TO 5 – DISPLAY ‘96’ ON SCREEN INSTEAD OF ‘OTHER’ – CODES 7, 8, 9 AND 10 ARE EXCLUSIVE)","The next European Parliament elections will be held in May 2019. Which of the following would make you more inclined to vote in these elections? (SHOW SCREEN – READ OUT – MAX. 3 ANSWERS – ROTATE ANSWERS 1 TO 5 – DISPLAY ‘96’ ON SCREEN INSTEAD OF ‘OTHER’ – CODES 7, 8, 9 AND 10 ARE EXCLUSIVE)",GESIS Variable Report,528,ZA7484
qb6_4,QB6,NEXT EP ELECTION VOTE IF: MORE UNDER-REP GROUP CANDIDATES,"The next European Parliament elections will be held in May 2019. Which of the following would make you more inclined to vote in these elections? (SHOW SCREEN – READ OUT – MAX. 3 ANSWERS – ROTATE ANSWERS 1 TO 5 – DISPLAY ‘96’ ON SCREEN INSTEAD OF ‘OTHER’ – CODES 7, 8, 9 AND 10 ARE EXCLUSIVE)","The next European Parliament elections will be held in May 2019. Which of the following would make you more inclined to vote in these elections? (SHOW SCREEN – READ OUT – MAX. 3 ANSWERS – ROTATE ANSWERS 1 TO 5 – DISPLAY ‘96’ ON SCREEN INSTEAD OF ‘OTHER’ – CODES 7, 8, 9 AND 10 ARE EXCLUSIVE)",GESIS Variable Report,530,ZA7484
qb6_5,QB6,NEXT EP ELECTION VOTE IF: OTHER EU CANDIDATES,"The next European Parliament elections will be held in May 2019. Which of the following would make you more inclined to vote in these elections? (SHOW SCREEN – READ OUT – MAX. 3 ANSWERS – ROTATE ANSWERS 1 TO 5 – DISPLAY ‘96’ ON SCREEN INSTEAD OF ‘OTHER’ – CODES 7, 8, 9 AND 10 ARE EXCLUSIVE)","The next European Parliament elections will be held in May 2019. Which of the following would make you more inclined to vote in these elections? (SHOW SCREEN – READ OUT – MAX. 3 ANSWERS – ROTATE ANSWERS 1 TO 5 – DISPLAY ‘96’ ON SCREEN INSTEAD OF ‘OTHER’ – CODES 7, 8, 9 AND 10 ARE EXCLUSIVE)",GESIS Variable Report,532,ZA7484
qb6_6,QB6,NEXT EP ELECTION VOTE IF: OTHER (SPONT),"The next European Parliament elections will be held in May 2019. Which of the following would make you more inclined to vote in these elections? (SHOW SCREEN – READ OUT – MAX. 3 ANSWERS – ROTATE ANSWERS 1 TO 5 – DISPLAY ‘96’ ON SCREEN INSTEAD OF ‘OTHER’ – CODES 7, 8, 9 AND 10 ARE EXCLUSIVE)","The next European Parliament elections will be held in May 2019. Which of the following would make you more inclined to vote in these elections? (SHOW SCREEN – READ OUT – MAX. 3 ANSWERS – ROTATE ANSWERS 1 TO 5 – DISPLAY ‘96’ ON SCREEN INSTEAD OF ‘OTHER’ – CODES 7, 8, 9 AND 10 ARE EXCLUSIVE)",GESIS Variable Report,534,ZA7484
qb6_7,QB6,NEXT EP ELECTION VOTE IF: NONE - VOTE ANYWAY (SPONT),"The next European Parliament elections will be held in May 2019. Which of the following would make you more inclined to vote in these elections? (SHOW SCREEN – READ OUT – MAX. 3 ANSWERS – ROTATE ANSWERS 1 TO 5 – DISPLAY ‘96’ ON SCREEN INSTEAD OF ‘OTHER’ – CODES 7, 8, 9 AND 10 ARE EXCLUSIVE)","The next European Parliament elections will be held in May 2019. Which of the following would make you more inclined to vote in these elections? (SHOW SCREEN – READ OUT – MAX. 3 ANSWERS – ROTATE ANSWERS 1 TO 5 – DISPLAY ‘96’ ON SCREEN INSTEAD OF ‘OTHER’ – CODES 7, 8, 9 AND 10 ARE EXCLUSIVE)",GESIS Variable Report,536,ZA7484
qb6_8,QB6,NEXT EP ELECTION VOTE IF: NONE - NOT VOTING ANYWAY (SPONT),"The next European Parliament elections will be held in May 2019. Which of the following would make you more inclined to vote in these elections? (SHOW SCREEN – READ OUT – MAX. 3 ANSWERS – ROTATE ANSWERS 1 TO 5 – DISPLAY ‘96’ ON SCREEN INSTEAD OF ‘OTHER’ – CODES 7, 8, 9 AND 10 ARE EXCLUSIVE)","The next European Parliament elections will be held in May 2019. Which of the following would make you more inclined to vote in these elections? (SHOW SCREEN – READ OUT – MAX. 3 ANSWERS – ROTATE ANSWERS 1 TO 5 – DISPLAY ‘96’ ON SCREEN INSTEAD OF ‘OTHER’ – CODES 7, 8, 9 AND 10 ARE EXCLUSIVE)",GESIS Variable Report,538,ZA7484
qb6_9,QB6,NEXT EP ELECTION VOTE IF: NONE - VOTING COMPULSORY IN CNT (SPONT),"The next European Parliament elections will be held in May 2019. Which of the following would make you more inclined to vote in these elections? (SHOW SCREEN – READ OUT – MAX. 3 ANSWERS – ROTATE ANSWERS 1 TO 5 – DISPLAY ‘96’ ON SCREEN INSTEAD OF ‘OTHER’ – CODES 7, 8, 9 AND 10 ARE EXCLUSIVE)","The next European Parliament elections will be held in May 2019. Which of the following would make you more inclined to vote in these elections? (SHOW SCREEN – READ OUT – MAX. 3 ANSWERS – ROTATE ANSWERS 1 TO 5 – DISPLAY ‘96’ ON SCREEN INSTEAD OF ‘OTHER’ – CODES 7, 8, 9 AND 10 ARE EXCLUSIVE)",GESIS Variable Report,540,ZA7484
qb6_10,QB6,NEXT EP ELECTION VOTE IF: DK,"The next European Parliament elections will be held in May 2019. Which of the following would make you more inclined to vote in these elections? (SHOW SCREEN – READ OUT – MAX. 3 ANSWERS – ROTATE ANSWERS 1 TO 5 – DISPLAY ‘96’ ON SCREEN INSTEAD OF ‘OTHER’ – CODES 7, 8, 9 AND 10 ARE EXCLUSIVE)","The next European Parliament elections will be held in May 2019. Which of the following would make you more inclined to vote in these elections? (SHOW SCREEN – READ OUT – MAX. 3 ANSWERS – ROTATE ANSWERS 1 TO 5 – DISPLAY ‘96’ ON SCREEN INSTEAD OF ‘OTHER’ – CODES 7, 8, 9 AND 10 ARE EXCLUSIVE)",GESIS Variable Report,542,ZA7484
qb7_1,QB7,ELECTRONIC/ONLINE/MAIL VOTING CONCERNS - DIFFICULT TO USE,"Imagine now that you were able to vote electronically, online or by post. How concerned or not would you be about each of the following? (SHOW SCREEN – READ OUT – ONE ANSWER PER LINE – ROTATE STATEMENTS 1 TO 4 – DISPLAY ‘99’ INSTEAD OF ‘DK’)","Imagine now that you were able to vote electronically, online or by post. How concerned or not would you be about each of the following? (SHOW SCREEN – READ OUT – ONE ANSWER PER LINE – ROTATE STATEMENTS 1 TO 4 – DISPLAY ‘99’ INSTEAD OF ‘DK’)",GESIS Variable Report,544,ZA7484
qb7_2,QB7,ELECTRONIC/ONLINE/MAIL VOTING CONCERNS - POTENTIAL FRAUD/CYBERATTACK,"Imagine now that you were able to vote electronically, online or by post. How concerned or not would you be about each of the following? (SHOW SCREEN – READ OUT – ONE ANSWER PER LINE – ROTATE STATEMENTS 1 TO 4 – DISPLAY ‘99’ INSTEAD OF ‘DK’)","Imagine now that you were able to vote electronically, online or by post. How concerned or not would you be about each of the following? (SHOW SCREEN – READ OUT – ONE ANSWER PER LINE – ROTATE STATEMENTS 1 TO 4 – DISPLAY ‘99’ INSTEAD OF ‘DK’)",GESIS Variable Report,546,ZA7484
qb7_3,QB7,ELECTRONIC/ONLINE/MAIL VOTING CONCERNS - SECRECY OF BALLOT,"Imagine now that you were able to vote electronically, online or by post. How concerned or not would you be about each of the following? (SHOW SCREEN – READ OUT – ONE ANSWER PER LINE – ROTATE STATEMENTS 1 TO 4 – DISPLAY ‘99’ INSTEAD OF ‘DK’)","Imagine now that you were able to vote electronically, online or by post. How concerned or not would you be about each of the following? (SHOW SCREEN – READ OUT – ONE ANSWER PER LINE – ROTATE STATEMENTS 1 TO 4 – DISPLAY ‘99’ INSTEAD OF ‘DK’)",GESIS Variable Report,548,ZA7484
qb7_4,QB7,ELECTRONIC/ONLINE/MAIL VOTING CONCERNS - VOTERS INFLUENCED BY 3RD PARTIES,"Imagine now that you were able to vote electronically, online or by post. How concerned or not would you be about each of the following? (SHOW SCREEN – READ OUT – ONE ANSWER PER LINE – ROTATE STATEMENTS 1 TO 4 – DISPLAY ‘99’ INSTEAD OF ‘DK’)","Imagine now that you were able to vote electronically, online or by post. How concerned or not would you be about each of the following? (SHOW SCREEN – READ OUT – ONE ANSWER PER LINE – ROTATE STATEMENTS 1 TO 4 – DISPLAY ‘99’ INSTEAD OF ‘DK’)",GESIS Variable Report,550,ZA7484
qb8_1,QB8,SATISFACTION WITH EU DEMOCRACY - FREE/FAIR ELECTIONS,How satisfied or not are you with the following aspects of democracy in the European Union? (SHOW SCREEN – READ OUT – ONE ANSWER PER LINE – ROTATE STATEMENTS 1 TO 10 – DISPLAY ‘98’ INSTEAD OF ‘REFUSAL’ – DISPLAY ‘99’ INSTEAD OF ‘DK’),How satisfied or not are you with the following aspects of democracy in the European Union? (SHOW SCREEN – READ OUT – ONE ANSWER PER LINE – ROTATE STATEMENTS 1 TO 10 – DISPLAY ‘98’ INSTEAD OF ‘REFUSAL’ – DISPLAY ‘99’ INSTEAD OF ‘DK’),GESIS Variable Report,552,ZA7484
qb8_2,QB8,SATISFACTION WITH EU DEMOCRACY - FREEDOM OF SPEECH,How satisfied or not are you with the following aspects of democracy in the European Union? (SHOW SCREEN – READ OUT – ONE ANSWER PER LINE – ROTATE STATEMENTS 1 TO 10 – DISPLAY ‘98’ INSTEAD OF ‘REFUSAL’ – DISPLAY ‘99’ INSTEAD OF ‘DK’),How satisfied or not are you with the following aspects of democracy in the European Union? (SHOW SCREEN – READ OUT – ONE ANSWER PER LINE – ROTATE STATEMENTS 1 TO 10 – DISPLAY ‘98’ INSTEAD OF ‘REFUSAL’ – DISPLAY ‘99’ INSTEAD OF ‘DK’),GESIS Variable Report,554,ZA7484
qb8_3,QB8,SATISFACTION WITH EU DEMOCRACY - MEDIA DIVERSITY,How satisfied or not are you with the following aspects of democracy in the European Union? (SHOW SCREEN – READ OUT – ONE ANSWER PER LINE – ROTATE STATEMENTS 1 TO 10 – DISPLAY ‘98’ INSTEAD OF ‘REFUSAL’ – DISPLAY ‘99’ INSTEAD OF ‘DK’),How satisfied or not are you with the following aspects of democracy in the European Union? (SHOW SCREEN – READ OUT – ONE ANSWER PER LINE – ROTATE STATEMENTS 1 TO 10 – DISPLAY ‘98’ INSTEAD OF ‘REFUSAL’ – DISPLAY ‘99’ INSTEAD OF ‘DK’),GESIS Variable Report,556,ZA7484
qb8_4,QB8,SATISFACTION WITH EU DEMOCRACY - POSSIB POL PARTICIPATION,How satisfied or not are you with the following aspects of democracy in the European Union? (SHOW SCREEN – READ OUT – ONE ANSWER PER LINE – ROTATE STATEMENTS 1 TO 10 – DISPLAY ‘98’ INSTEAD OF ‘REFUSAL’ – DISPLAY ‘99’ INSTEAD OF ‘DK’),How satisfied or not are you with the following aspects of democracy in the European Union? (SHOW SCREEN – READ OUT – ONE ANSWER PER LINE – ROTATE STATEMENTS 1 TO 10 – DISPLAY ‘98’ INSTEAD OF ‘REFUSAL’ – DISPLAY ‘99’ INSTEAD OF ‘DK’),GESIS Variable Report,558,ZA7484
qb8_5,QB8,SATISFACTION WITH EU DEMOCRACY - RULE OF LAW,How satisfied or not are you with the following aspects of democracy in the European Union? (SHOW SCREEN – READ OUT – ONE ANSWER PER LINE – ROTATE STATEMENTS 1 TO 10 – DISPLAY ‘98’ INSTEAD OF ‘REFUSAL’ – DISPLAY ‘99’ INSTEAD OF ‘DK’),How satisfied or not are you with the following aspects of democracy in the European Union? (SHOW SCREEN – READ OUT – ONE ANSWER PER LINE – ROTATE STATEMENTS 1 TO 10 – DISPLAY ‘98’ INSTEAD OF ‘REFUSAL’ – DISPLAY ‘99’ INSTEAD OF ‘DK’),GESIS Variable Report,560,ZA7484
qb8_6,QB8,SATISFACTION WITH EU DEMOCRACY - RESPECT FUNDAMENTAL RIGHTS,How satisfied or not are you with the following aspects of democracy in the European Union? (SHOW SCREEN – READ OUT – ONE ANSWER PER LINE – ROTATE STATEMENTS 1 TO 10 – DISPLAY ‘98’ INSTEAD OF ‘REFUSAL’ – DISPLAY ‘99’ INSTEAD OF ‘DK’),How satisfied or not are you with the following aspects of democracy in the European Union? (SHOW SCREEN – READ OUT – ONE ANSWER PER LINE – ROTATE STATEMENTS 1 TO 10 – DISPLAY ‘98’ INSTEAD OF ‘REFUSAL’ – DISPLAY ‘99’ INSTEAD OF ‘DK’),GESIS Variable Report,562,ZA7484
qb8_7,QB8,SATISFACTION WITH EU DEMOCRACY - ROLE CIVIL SOCIETY,How satisfied or not are you with the following aspects of democracy in the European Union? (SHOW SCREEN – READ OUT – ONE ANSWER PER LINE – ROTATE STATEMENTS 1 TO 10 – DISPLAY ‘98’ INSTEAD OF ‘REFUSAL’ – DISPLAY ‘99’ INSTEAD OF ‘DK’),How satisfied or not are you with the following aspects of democracy in the European Union? (SHOW SCREEN – READ OUT – ONE ANSWER PER LINE – ROTATE STATEMENTS 1 TO 10 – DISPLAY ‘98’ INSTEAD OF ‘REFUSAL’ – DISPLAY ‘99’ INSTEAD OF ‘DK’),GESIS Variable Report,564,ZA7484
qb8_8,QB8,SATISFACTION WITH EU DEMOCRACY - POLITICAL PARTIES BEING RESPONSIVE,How satisfied or not are you with the following aspects of democracy in the European Union? (SHOW SCREEN – READ OUT – ONE ANSWER PER LINE – ROTATE STATEMENTS 1 TO 10 – DISPLAY ‘98’ INSTEAD OF ‘REFUSAL’ – DISPLAY ‘99’ INSTEAD OF ‘DK’),How satisfied or not are you with the following aspects of democracy in the European Union? (SHOW SCREEN – READ OUT – ONE ANSWER PER LINE – ROTATE STATEMENTS 1 TO 10 – DISPLAY ‘98’ INSTEAD OF ‘REFUSAL’ – DISPLAY ‘99’ INSTEAD OF ‘DK’),GESIS Variable Report,566,ZA7484
qb8_9,QB8,SATISFACTION WITH EU DEMOCRACY - FIGHT AGAINST DISINFORMATION,How satisfied or not are you with the following aspects of democracy in the European Union? (SHOW SCREEN – READ OUT – ONE ANSWER PER LINE – ROTATE STATEMENTS 1 TO 10 – DISPLAY ‘98’ INSTEAD OF ‘REFUSAL’ – DISPLAY ‘99’ INSTEAD OF ‘DK’),How satisfied or not are you with the following aspects of democracy in the European Union? (SHOW SCREEN – READ OUT – ONE ANSWER PER LINE – ROTATE STATEMENTS 1 TO 10 – DISPLAY ‘98’ INSTEAD OF ‘REFUSAL’ – DISPLAY ‘99’ INSTEAD OF ‘DK’),GESIS Variable Report,568,ZA7484
qb8_10,QB8,SATISFACTION WITH EU DEMOCRACY - FIGHT AGAINST CORRUPTION,How satisfied or not are you with the following aspects of democracy in the European Union? (SHOW SCREEN – READ OUT – ONE ANSWER PER LINE – ROTATE STATEMENTS 1 TO 10 – DISPLAY ‘98’ INSTEAD OF ‘REFUSAL’ – DISPLAY ‘99’ INSTEAD OF ‘DK’),How satisfied or not are you with the following aspects of democracy in the European Union? (SHOW SCREEN – READ OUT – ONE ANSWER PER LINE – ROTATE STATEMENTS 1 TO 10 – DISPLAY ‘98’ INSTEAD OF ‘REFUSAL’ – DISPLAY ‘99’ INSTEAD OF ‘DK’),GESIS Variable Report,570,ZA7484
qb9,QB9,PREVENTION OF ELEC FRAUD - DONE WHAT IS NEEDED,"Overall, do you think that (OUR COUNTRY) is doing what is needed to prevent illegal and fraudulent activities during elections, whether at the local, national or European level? (READ OUT – ONE ANSWER ONLY)","Overall, do you think that (OUR COUNTRY) is doing what is needed to prevent illegal and fraudulent activities during elections, whether at the local, national or European level? (READ OUT – ONE ANSWER ONLY)",GESIS Variable Report,572,ZA7484
qb10_1,QB10,ELECTIONS IN EUROPE CONCERNS - ILLEGAL VOTE,"In the context of elections in Europe, how concerned or not are you about the possibility of each of the following events? (SHOW SCREEN – READ OUT – ONE ANSWER PER LINE – ROTATE STATEMENTS 1 TO 7 – DISPLAY ‘99’ INSTEAD OF ‘DK’)","In the context of elections in Europe, how concerned or not are you about the possibility of each of the following events? (SHOW SCREEN – READ OUT – ONE ANSWER PER LINE – ROTATE STATEMENTS 1 TO 7 – DISPLAY ‘99’ INSTEAD OF ‘DK’)",GESIS Variable Report,574,ZA7484
qb10_2,QB10,ELECTIONS IN EUROPE CONCERNS - RESULT MANIPULATED,"In the context of elections in Europe, how concerned or not are you about the possibility of each of the following events? (SHOW SCREEN – READ OUT – ONE ANSWER PER LINE – ROTATE STATEMENTS 1 TO 7 – DISPLAY ‘99’ INSTEAD OF ‘DK’)","In the context of elections in Europe, how concerned or not are you about the possibility of each of the following events? (SHOW SCREEN – READ OUT – ONE ANSWER PER LINE – ROTATE STATEMENTS 1 TO 7 – DISPLAY ‘99’ INSTEAD OF ‘DK’)",GESIS Variable Report,576,ZA7484
qb10_3,QB10,ELECTIONS IN EUROPE CONCERNS - VOTES BOUGHT/SOLD,"In the context of elections in Europe, how concerned or not are you about the possibility of each of the following events? (SHOW SCREEN – READ OUT – ONE ANSWER PER LINE – ROTATE STATEMENTS 1 TO 7 – DISPLAY ‘99’ INSTEAD OF ‘DK’)","In the context of elections in Europe, how concerned or not are you about the possibility of each of the following events? (SHOW SCREEN – READ OUT – ONE ANSWER PER LINE – ROTATE STATEMENTS 1 TO 7 – DISPLAY ‘99’ INSTEAD OF ‘DK’)",GESIS Variable Report,578,ZA7484
qb10_4,QB10,ELECTIONS IN EUROPE CONCERNS - CYBERATTACK MANIPULATION,"In the context of elections in Europe, how concerned or not are you about the possibility of each of the following events? (SHOW SCREEN – READ OUT – ONE ANSWER PER LINE – ROTATE STATEMENTS 1 TO 7 – DISPLAY ‘99’ INSTEAD OF ‘DK’)","In the context of elections in Europe, how concerned or not are you about the possibility of each of the following events? (SHOW SCREEN – READ OUT – ONE ANSWER PER LINE – ROTATE STATEMENTS 1 TO 7 – DISPLAY ‘99’ INSTEAD OF ‘DK’)",GESIS Variable Report,580,ZA7484
qb10_5,QB10,ELECTIONS IN EUROPE CONCERNS - COERCED VOTING,"In the context of elections in Europe, how concerned or not are you about the possibility of each of the following events? (SHOW SCREEN – READ OUT – ONE ANSWER PER LINE – ROTATE STATEMENTS 1 TO 7 – DISPLAY ‘99’ INSTEAD OF ‘DK’)","In the context of elections in Europe, how concerned or not are you about the possibility of each of the following events? (SHOW SCREEN – READ OUT – ONE ANSWER PER LINE – ROTATE STATEMENTS 1 TO 7 – DISPLAY ‘99’ INSTEAD OF ‘DK’)",GESIS Variable Report,582,ZA7484
qb10_6,QB10,ELECTIONS IN EUROPE CONCERNS - FOREIGN ACTORS/CRIMINALS INFLUENCING COVERTLY,"In the context of elections in Europe, how concerned or not are you about the possibility of each of the following events? (SHOW SCREEN – READ OUT – ONE ANSWER PER LINE – ROTATE STATEMENTS 1 TO 7 – DISPLAY ‘99’ INSTEAD OF ‘DK’)","In the context of elections in Europe, how concerned or not are you about the possibility of each of the following events? (SHOW SCREEN – READ OUT – ONE ANSWER PER LINE – ROTATE STATEMENTS 1 TO 7 – DISPLAY ‘99’ INSTEAD OF ‘DK’)",GESIS Variable Report,584,ZA7484
qb10_7,QB10,ELECTIONS IN EUROPE CONCERNS - SOME VOTING TWICE,"In the context of elections in Europe, how concerned or not are you about the possibility of each of the following events? (SHOW SCREEN – READ OUT – ONE ANSWER PER LINE – ROTATE STATEMENTS 1 TO 7 – DISPLAY ‘99’ INSTEAD OF ‘DK’)","In the context of elections in Europe, how concerned or not are you about the possibility of each of the following events? (SHOW SCREEN – READ OUT – ONE ANSWER PER LINE – ROTATE STATEMENTS 1 TO 7 – DISPLAY ‘99’ INSTEAD OF ‘DK’)",GESIS Variable Report,586,ZA7484
qb11,QB11,FOLLOW/PARTICIPATE ONLINE DISCUSSIONS DURING ELECTIONS,"ASK QB11 TO QB15 IF CODES 1 TO 5 IN D62_1 OR D62_2 OR D62_3 OR D62_4 (ONLY TO INTERNET USERS) During election periods, do you follow or participate in online discussions of political topics on online social networks (e.g. responding to posts or sharing content)? (SHOW SCREEN – READ OUT – ONE ANSWER ONLY)","ASK QB11 TO QB15 IF CODES 1 TO 5 IN D62_1 OR D62_2 OR D62_3 OR D62_4 (ONLY TO INTERNET USERS) During election periods, do you follow or participate in online discussions of political topics on online social networks (e.g. responding to posts or sharing content)? (SHOW SCREEN – READ OUT – ONE ANSWER ONLY)",GESIS Variable Report,588,ZA7484
qb12_1,QB12,REASONS NOT PARTICIPATING IN ONLINE DISCUSSIONS: NOT USEFUL FOR RESP,"ASK QB12 TO THOSE WHO DO NOT ACTIVELY PARTICIPATE (CODES 2, 3 AND 4 IN QB11) What prevents you from actively participating in these types of online debates? (SHOW SCREEN – READ OUT – MAX. 3 ANSWERS – DISPLAY ‘96’ ON SCREEN INSTEAD OF ‘OTHER’ – CODE 10 IS EXCLUSIVE)","ASK QB12 TO THOSE WHO DO NOT ACTIVELY PARTICIPATE (CODES 2, 3 AND 4 IN QB11) What prevents you from actively participating in these types of online debates? (SHOW SCREEN – READ OUT – MAX. 3 ANSWERS – DISPLAY ‘96’ ON SCREEN INSTEAD OF ‘OTHER’ – CODE 10 IS EXCLUSIVE)",GESIS Variable Report,590,ZA7484
qb12_2,QB12,REASONS NOT PARTICIPATING IN ONLINE DISCUSSIONS: NOT COMFORTABLE,"ASK QB12 TO THOSE WHO DO NOT ACTIVELY PARTICIPATE (CODES 2, 3 AND 4 IN QB11) What prevents you from actively participating in these types of online debates? (SHOW SCREEN – READ OUT – MAX. 3 ANSWERS – DISPLAY ‘96’ ON SCREEN INSTEAD OF ‘OTHER’ – CODE 10 IS EXCLUSIVE)","ASK QB12 TO THOSE WHO DO NOT ACTIVELY PARTICIPATE (CODES 2, 3 AND 4 IN QB11) What prevents you from actively participating in these types of online debates? (SHOW SCREEN – READ OUT – MAX. 3 ANSWERS – DISPLAY ‘96’ ON SCREEN INSTEAD OF ‘OTHER’ – CODE 10 IS EXCLUSIVE)",GESIS Variable Report,592,ZA7484
qb12_3,QB12,REASONS NOT PARTICIPATING IN ONLINE DISCUSSIONS: NO IMPACT/WASTE OF TIME,"ASK QB12 TO THOSE WHO DO NOT ACTIVELY PARTICIPATE (CODES 2, 3 AND 4 IN QB11) What prevents you from actively participating in these types of online debates? (SHOW SCREEN – READ OUT – MAX. 3 ANSWERS – DISPLAY ‘96’ ON SCREEN INSTEAD OF ‘OTHER’ – CODE 10 IS EXCLUSIVE)","ASK QB12 TO THOSE WHO DO NOT ACTIVELY PARTICIPATE (CODES 2, 3 AND 4 IN QB11) What prevents you from actively participating in these types of online debates? (SHOW SCREEN – READ OUT – MAX. 3 ANSWERS – DISPLAY ‘96’ ON SCREEN INSTEAD OF ‘OTHER’ – CODE 10 IS EXCLUSIVE)",GESIS Variable Report,594,ZA7484
qb12_4,QB12,REASONS NOT PARTICIPATING IN ONLINE DISCUSSIONS: HATEFUL TONE,"ASK QB12 TO THOSE WHO DO NOT ACTIVELY PARTICIPATE (CODES 2, 3 AND 4 IN QB11) What prevents you from actively participating in these types of online debates? (SHOW SCREEN – READ OUT – MAX. 3 ANSWERS – DISPLAY ‘96’ ON SCREEN INSTEAD OF ‘OTHER’ – CODE 10 IS EXCLUSIVE)","ASK QB12 TO THOSE WHO DO NOT ACTIVELY PARTICIPATE (CODES 2, 3 AND 4 IN QB11) What prevents you from actively participating in these types of online debates? (SHOW SCREEN – READ OUT – MAX. 3 ANSWERS – DISPLAY ‘96’ ON SCREEN INSTEAD OF ‘OTHER’ – CODE 10 IS EXCLUSIVE)",GESIS Variable Report,596,ZA7484
qb12_5,QB12,REASONS NOT PARTICIPATING IN ONLINE DISCUSSIONS: PRESUMED CENSORSHIP,"ASK QB12 TO THOSE WHO DO NOT ACTIVELY PARTICIPATE (CODES 2, 3 AND 4 IN QB11) What prevents you from actively participating in these types of online debates? (SHOW SCREEN – READ OUT – MAX. 3 ANSWERS – DISPLAY ‘96’ ON SCREEN INSTEAD OF ‘OTHER’ – CODE 10 IS EXCLUSIVE)","ASK QB12 TO THOSE WHO DO NOT ACTIVELY PARTICIPATE (CODES 2, 3 AND 4 IN QB11) What prevents you from actively participating in these types of online debates? (SHOW SCREEN – READ OUT – MAX. 3 ANSWERS – DISPLAY ‘96’ ON SCREEN INSTEAD OF ‘OTHER’ – CODE 10 IS EXCLUSIVE)",GESIS Variable Report,598,ZA7484
qb12_6,QB12,REASONS NOT PARTICIPATING IN ONLINE DISCUSSIONS: POORLY MODERATED,"ASK QB12 TO THOSE WHO DO NOT ACTIVELY PARTICIPATE (CODES 2, 3 AND 4 IN QB11) What prevents you from actively participating in these types of online debates? (SHOW SCREEN – READ OUT – MAX. 3 ANSWERS – DISPLAY ‘96’ ON SCREEN INSTEAD OF ‘OTHER’ – CODE 10 IS EXCLUSIVE)","ASK QB12 TO THOSE WHO DO NOT ACTIVELY PARTICIPATE (CODES 2, 3 AND 4 IN QB11) What prevents you from actively participating in these types of online debates? (SHOW SCREEN – READ OUT – MAX. 3 ANSWERS – DISPLAY ‘96’ ON SCREEN INSTEAD OF ‘OTHER’ – CODE 10 IS EXCLUSIVE)",GESIS Variable Report,600,ZA7484
qb12_7,QB12,REASONS NOT PARTICIPATING IN ONLINE DISCUSSIONS: DOMINATED BY GROUPS,"ASK QB12 TO THOSE WHO DO NOT ACTIVELY PARTICIPATE (CODES 2, 3 AND 4 IN QB11) What prevents you from actively participating in these types of online debates? (SHOW SCREEN – READ OUT – MAX. 3 ANSWERS – DISPLAY ‘96’ ON SCREEN INSTEAD OF ‘OTHER’ – CODE 10 IS EXCLUSIVE)","ASK QB12 TO THOSE WHO DO NOT ACTIVELY PARTICIPATE (CODES 2, 3 AND 4 IN QB11) What prevents you from actively participating in these types of online debates? (SHOW SCREEN – READ OUT – MAX. 3 ANSWERS – DISPLAY ‘96’ ON SCREEN INSTEAD OF ‘OTHER’ – CODE 10 IS EXCLUSIVE)",GESIS Variable Report,602,ZA7484
qb12_8,QB12,REASONS NOT PARTICIPATING IN ONLINE DISCUSSIONS: NO TRUST IN ONLINE SOC NETWORKS,"ASK QB12 TO THOSE WHO DO NOT ACTIVELY PARTICIPATE (CODES 2, 3 AND 4 IN QB11) What prevents you from actively participating in these types of online debates? (SHOW SCREEN – READ OUT – MAX. 3 ANSWERS – DISPLAY ‘96’ ON SCREEN INSTEAD OF ‘OTHER’ – CODE 10 IS EXCLUSIVE)","ASK QB12 TO THOSE WHO DO NOT ACTIVELY PARTICIPATE (CODES 2, 3 AND 4 IN QB11) What prevents you from actively participating in these types of online debates? (SHOW SCREEN – READ OUT – MAX. 3 ANSWERS – DISPLAY ‘96’ ON SCREEN INSTEAD OF ‘OTHER’ – CODE 10 IS EXCLUSIVE)",GESIS Variable Report,604,ZA7484
qb12_9,QB12,REASONS NOT PARTICIPATING IN ONLINE DISCUSSIONS: OTHER (SPONT),"ASK QB12 TO THOSE WHO DO NOT ACTIVELY PARTICIPATE (CODES 2, 3 AND 4 IN QB11) What prevents you from actively participating in these types of online debates? (SHOW SCREEN – READ OUT – MAX. 3 ANSWERS – DISPLAY ‘96’ ON SCREEN INSTEAD OF ‘OTHER’ – CODE 10 IS EXCLUSIVE)","ASK QB12 TO THOSE WHO DO NOT ACTIVELY PARTICIPATE (CODES 2, 3 AND 4 IN QB11) What prevents you from actively participating in these types of online debates? (SHOW SCREEN – READ OUT – MAX. 3 ANSWERS – DISPLAY ‘96’ ON SCREEN INSTEAD OF ‘OTHER’ – CODE 10 IS EXCLUSIVE)",GESIS Variable Report,606,ZA7484
qb12_10,QB12,REASONS NOT PARTICIPATING IN ONLINE DISCUSSIONS: DK,"ASK QB12 TO THOSE WHO DO NOT ACTIVELY PARTICIPATE (CODES 2, 3 AND 4 IN QB11) What prevents you from actively participating in these types of online debates? (SHOW SCREEN – READ OUT – MAX. 3 ANSWERS – DISPLAY ‘96’ ON SCREEN INSTEAD OF ‘OTHER’ – CODE 10 IS EXCLUSIVE)","ASK QB12 TO THOSE WHO DO NOT ACTIVELY PARTICIPATE (CODES 2, 3 AND 4 IN QB11) What prevents you from actively participating in these types of online debates? (SHOW SCREEN – READ OUT – MAX. 3 ANSWERS – DISPLAY ‘96’ ON SCREEN INSTEAD OF ‘OTHER’ – CODE 10 IS EXCLUSIVE)",GESIS Variable Report,608,ZA7484
qb13_1,QB13,PRE-ELECTION INTERNET CONCERNS - PERSONAL DATA USED FOR TARGETED MESSAGES,"Turning now to the pre-election period, whether at the local, national or European level. How concerned or not are you about the following issues related to the use of the Internet and of online social networks? (SHOW SCREEN – READ OUT – ONE ANSWER PER LINE – ROTATE STATEMENTS 1 TO 3 – DISPLAY ‘99’ ON SCREEN INSTEAD OF ‘DK’)","Turning now to the pre-election period, whether at the local, national or European level. How concerned or not are you about the following issues related to the use of the Internet and of online social networks? (SHOW SCREEN – READ OUT – ONE ANSWER PER LINE – ROTATE STATEMENTS 1 TO 3 – DISPLAY ‘99’ ON SCREEN INSTEAD OF ‘DK’)",GESIS Variable Report,610,ZA7484
qb13_2,QB13,PRE-ELECTION INTERNET CONCERNS - DISINFORMATION/MISINFORMATION,"Turning now to the pre-election period, whether at the local, national or European level. How concerned or not are you about the following issues related to the use of the Internet and of online social networks? (SHOW SCREEN – READ OUT – ONE ANSWER PER LINE – ROTATE STATEMENTS 1 TO 3 – DISPLAY ‘99’ ON SCREEN INSTEAD OF ‘DK’)","Turning now to the pre-election period, whether at the local, national or European level. How concerned or not are you about the following issues related to the use of the Internet and of online social networks? (SHOW SCREEN – READ OUT – ONE ANSWER PER LINE – ROTATE STATEMENTS 1 TO 3 – DISPLAY ‘99’ ON SCREEN INSTEAD OF ‘DK’)",GESIS Variable Report,612,ZA7484
qb13_3,QB13,PRE-ELECTION INTERNET CONCERNS - RESTRICTIONS/CENSORSHIP,"Turning now to the pre-election period, whether at the local, national or European level. How concerned or not are you about the following issues related to the use of the Internet and of online social networks? (SHOW SCREEN – READ OUT – ONE ANSWER PER LINE – ROTATE STATEMENTS 1 TO 3 – DISPLAY ‘99’ ON SCREEN INSTEAD OF ‘DK’)","Turning now to the pre-election period, whether at the local, national or European level. How concerned or not are you about the following issues related to the use of the Internet and of online social networks? (SHOW SCREEN – READ OUT – ONE ANSWER PER LINE – ROTATE STATEMENTS 1 TO 3 – DISPLAY ‘99’ ON SCREEN INSTEAD OF ‘DK’)",GESIS Variable Report,614,ZA7484
qb14,QB14,PRE-ELECTION INTERNET RULES SAME AS TRADITIONAL MEDIA,"In a pre-election period, traditional media usually have to observe a number of rules, such as observing silence periods just before the elections, ensuring equal campaigning time for the different candidates or strict rules on funding for the campaign. Do you think that these rules should also apply to online social networks, Internet platforms and actors using them? (READ OUT – ONE ANSWER ONLY)","In a pre-election period, traditional media usually have to observe a number of rules, such as observing silence periods just before the elections, ensuring equal campaigning time for the different candidates or strict rules on funding for the campaign. Do you think that these rules should also apply to online social networks, Internet platforms and actors using them? (READ OUT – ONE ANSWER ONLY)",GESIS Variable Report,616,ZA7484
qb15_1,QB15,INTERNET PLATFORM RULES DURING ELECTION - TRANSPARENT FUNDING,"In more details, are you in favour or opposed to the application of each of the following principles to online social networks, Internet platforms and actors using them during election periods? (SHOW SCREEN – READ OUT – ONE ANSWER PER LINE – ROTATE STATEMENTS 1 TO 6 – DISPLAY ‘99’ INSTEAD OF ‘DK’)","In more details, are you in favour or opposed to the application of each of the following principles to online social networks, Internet platforms and actors using them during election periods? (SHOW SCREEN – READ OUT – ONE ANSWER PER LINE – ROTATE STATEMENTS 1 TO 6 – DISPLAY ‘99’ INSTEAD OF ‘DK’)",GESIS Variable Report,618,ZA7484
qb15_2,QB15,INTERNET PLATFORM RULES DURING ELECTION - TRANSPARENT ADVERTISING,"In more details, are you in favour or opposed to the application of each of the following principles to online social networks, Internet platforms and actors using them during election periods? (SHOW SCREEN – READ OUT – ONE ANSWER PER LINE – ROTATE STATEMENTS 1 TO 6 – DISPLAY ‘99’ INSTEAD OF ‘DK’)","In more details, are you in favour or opposed to the application of each of the following principles to online social networks, Internet platforms and actors using them during election periods? (SHOW SCREEN – READ OUT – ONE ANSWER PER LINE – ROTATE STATEMENTS 1 TO 6 – DISPLAY ‘99’ INSTEAD OF ‘DK’)",GESIS Variable Report,620,ZA7484
qb15_3,QB15,INTERNET PLATFORM RULES DURING ELECTION - EQUAL OPP ALL PARTIES,"In more details, are you in favour or opposed to the application of each of the following principles to online social networks, Internet platforms and actors using them during election periods? (SHOW SCREEN – READ OUT – ONE ANSWER PER LINE – ROTATE STATEMENTS 1 TO 6 – DISPLAY ‘99’ INSTEAD OF ‘DK’)","In more details, are you in favour or opposed to the application of each of the following principles to online social networks, Internet platforms and actors using them during election periods? (SHOW SCREEN – READ OUT – ONE ANSWER PER LINE – ROTATE STATEMENTS 1 TO 6 – DISPLAY ‘99’ INSTEAD OF ‘DK’)",GESIS Variable Report,622,ZA7484
qb15_4,QB15,INTERNET PLATFORM RULES DURING ELECTION - RIGHT OF REPLY CAND/PARTIES,"In more details, are you in favour or opposed to the application of each of the following principles to online social networks, Internet platforms and actors using them during election periods? (SHOW SCREEN – READ OUT – ONE ANSWER PER LINE – ROTATE STATEMENTS 1 TO 6 – DISPLAY ‘99’ INSTEAD OF ‘DK’)","In more details, are you in favour or opposed to the application of each of the following principles to online social networks, Internet platforms and actors using them during election periods? (SHOW SCREEN – READ OUT – ONE ANSWER PER LINE – ROTATE STATEMENTS 1 TO 6 – DISPLAY ‘99’ INSTEAD OF ‘DK’)",GESIS Variable Report,624,ZA7484
qb15_5,QB15,INTERNET PLATFORM RULES DURING ELECTION - POLLS ONLY WITH TECH INFO,"In more details, are you in favour or opposed to the application of each of the following principles to online social networks, Internet platforms and actors using them during election periods? (SHOW SCREEN – READ OUT – ONE ANSWER PER LINE – ROTATE STATEMENTS 1 TO 6 – DISPLAY ‘99’ INSTEAD OF ‘DK’)","In more details, are you in favour or opposed to the application of each of the following principles to online social networks, Internet platforms and actors using them during election periods? (SHOW SCREEN – READ OUT – ONE ANSWER PER LINE – ROTATE STATEMENTS 1 TO 6 – DISPLAY ‘99’ INSTEAD OF ‘DK’)",GESIS Variable Report,626,ZA7484
qb15_6,QB15,INTERNET PLATFORM RULES DURING ELECTION - STRICT SILENCE PERIOD,"In more details, are you in favour or opposed to the application of each of the following principles to online social networks, Internet platforms and actors using them during election periods? (SHOW SCREEN – READ OUT – ONE ANSWER PER LINE – ROTATE STATEMENTS 1 TO 6 – DISPLAY ‘99’ INSTEAD OF ‘DK’)","In more details, are you in favour or opposed to the application of each of the following principles to online social networks, Internet platforms and actors using them during election periods? (SHOW SCREEN – READ OUT – ONE ANSWER PER LINE – ROTATE STATEMENTS 1 TO 6 – DISPLAY ‘99’ INSTEAD OF ‘DK’)",GESIS Variable Report,628,ZA7484
qb16,QB16,IMPORTANCE CIVIL SOCIETY FOR DEMOCRACY/COMMON VALUES,"ASK ALL How important is the role of civil society (associations, NGOs) in promoting and protecting democracy and common values, including in terms of fostering a well-informed and pluralistic democratic debate? (READ OUT – ONE ANSWER ONLY)","ASK ALL How important is the role of civil society (associations, NGOs) in promoting and protecting democracy and common values, including in terms of fostering a well-informed and pluralistic democratic debate? (READ OUT – ONE ANSWER ONLY)",GESIS Variable Report,630,ZA7484
qc1,QC1,ANTIBIOTICS - TAKEN ORALLY IN LAST 12 MONTHS,"ASK ALL Have you taken any antibiotics orally such as tablets, powder or syrup in the last 12 months? (ONE ANSWER ONLY)","ASK ALL Have you taken any antibiotics orally such as tablets, powder or syrup in the last 12 months? (ONE ANSWER ONLY)",GESIS Variable Report,632,ZA7484
qc2,QC2,ANTIBIOTICS - HOW OBTAINED,"ASK QC2, QC3 AND QC4 IF ‘YES’, CODE 1 IN QC1 – OTHERS GO TO QC5 How did you obtain the last course of antibiotics that you used? (SHOW SCREEN – READ OUT – ONE ANSWER ONLY – ROTATE ANSWERS 1 TO 4 – DISPLAY ‘92’ ON SCREEN INSTEAD OF ‘DON'T REMEMBER’)","ASK QC2, QC3 AND QC4 IF ‘YES’, CODE 1 IN QC1 – OTHERS GO TO QC5 How did you obtain the last course of antibiotics that you used? (SHOW SCREEN – READ OUT – ONE ANSWER ONLY – ROTATE ANSWERS 1 TO 4 – DISPLAY ‘92’ ON SCREEN INSTEAD OF ‘DON'T REMEMBER’)",GESIS Variable Report,634,ZA7484
qc3_1,QC3,ANTIBIOTICS REASON: PNEUMONIA,"What was the reason for last taking the antibiotics that you used? (SHOW SCREEN – READ OUT – MULTIPLE ANSWERS POSSIBLE – ROTATE ANSWERS 1 TO 12 – DISPLAY ‘96’ ON SCREEN INSTEAD OF ‘OTHER’ – CODES 14,","What was the reason for last taking the antibiotics that you used? (SHOW SCREEN – READ OUT – MULTIPLE ANSWERS POSSIBLE – ROTATE ANSWERS 1 TO 12 – DISPLAY ‘96’ ON SCREEN INSTEAD OF ‘OTHER’ – CODES 14,",GESIS Variable Report,636,ZA7484
qc3_2,QC3,ANTIBIOTICS REASON: BRONCHITIS,"What was the reason for last taking the antibiotics that you used? (SHOW SCREEN – READ OUT – MULTIPLE ANSWERS POSSIBLE – ROTATE ANSWERS 1 TO 12 – DISPLAY ‘96’ ON SCREEN INSTEAD OF ‘OTHER’ – CODES 14,","What was the reason for last taking the antibiotics that you used? (SHOW SCREEN – READ OUT – MULTIPLE ANSWERS POSSIBLE – ROTATE ANSWERS 1 TO 12 – DISPLAY ‘96’ ON SCREEN INSTEAD OF ‘OTHER’ – CODES 14,",GESIS Variable Report,638,ZA7484
qc3_3,QC3,ANTIBIOTICS REASON: RHINOPHARYNGITIS,"What was the reason for last taking the antibiotics that you used? (SHOW SCREEN – READ OUT – MULTIPLE ANSWERS POSSIBLE – ROTATE ANSWERS 1 TO 12 – DISPLAY ‘96’ ON SCREEN INSTEAD OF ‘OTHER’ – CODES 14,","What was the reason for last taking the antibiotics that you used? (SHOW SCREEN – READ OUT – MULTIPLE ANSWERS POSSIBLE – ROTATE ANSWERS 1 TO 12 – DISPLAY ‘96’ ON SCREEN INSTEAD OF ‘OTHER’ – CODES 14,",GESIS Variable Report,640,ZA7484
qc3_4,QC3,ANTIBIOTICS REASON: FLU,"What was the reason for last taking the antibiotics that you used? (SHOW SCREEN – READ OUT – MULTIPLE ANSWERS POSSIBLE – ROTATE ANSWERS 1 TO 12 – DISPLAY ‘96’ ON SCREEN INSTEAD OF ‘OTHER’ – CODES 14,","What was the reason for last taking the antibiotics that you used? (SHOW SCREEN – READ OUT – MULTIPLE ANSWERS POSSIBLE – ROTATE ANSWERS 1 TO 12 – DISPLAY ‘96’ ON SCREEN INSTEAD OF ‘OTHER’ – CODES 14,",GESIS Variable Report,642,ZA7484
qc3_5,QC3,ANTIBIOTICS REASON: COLD,"What was the reason for last taking the antibiotics that you used? (SHOW SCREEN – READ OUT – MULTIPLE ANSWERS POSSIBLE – ROTATE ANSWERS 1 TO 12 – DISPLAY ‘96’ ON SCREEN INSTEAD OF ‘OTHER’ – CODES 14,","What was the reason for last taking the antibiotics that you used? (SHOW SCREEN – READ OUT – MULTIPLE ANSWERS POSSIBLE – ROTATE ANSWERS 1 TO 12 – DISPLAY ‘96’ ON SCREEN INSTEAD OF ‘OTHER’ – CODES 14,",GESIS Variable Report,644,ZA7484
qc3_6,QC3,ANTIBIOTICS REASON: SORE THROAT,"What was the reason for last taking the antibiotics that you used? (SHOW SCREEN – READ OUT – MULTIPLE ANSWERS POSSIBLE – ROTATE ANSWERS 1 TO 12 – DISPLAY ‘96’ ON SCREEN INSTEAD OF ‘OTHER’ – CODES 14,","What was the reason for last taking the antibiotics that you used? (SHOW SCREEN – READ OUT – MULTIPLE ANSWERS POSSIBLE – ROTATE ANSWERS 1 TO 12 – DISPLAY ‘96’ ON SCREEN INSTEAD OF ‘OTHER’ – CODES 14,",GESIS Variable Report,646,ZA7484
qc3_7,QC3,ANTIBIOTICS REASON: COUGH,"What was the reason for last taking the antibiotics that you used? (SHOW SCREEN – READ OUT – MULTIPLE ANSWERS POSSIBLE – ROTATE ANSWERS 1 TO 12 – DISPLAY ‘96’ ON SCREEN INSTEAD OF ‘OTHER’ – CODES 14,","What was the reason for last taking the antibiotics that you used? (SHOW SCREEN – READ OUT – MULTIPLE ANSWERS POSSIBLE – ROTATE ANSWERS 1 TO 12 – DISPLAY ‘96’ ON SCREEN INSTEAD OF ‘OTHER’ – CODES 14,",GESIS Variable Report,648,ZA7484
qc3_8,QC3,ANTIBIOTICS REASON: FEVER,"What was the reason for last taking the antibiotics that you used? (SHOW SCREEN – READ OUT – MULTIPLE ANSWERS POSSIBLE – ROTATE ANSWERS 1 TO 12 – DISPLAY ‘96’ ON SCREEN INSTEAD OF ‘OTHER’ – CODES 14,","What was the reason for last taking the antibiotics that you used? (SHOW SCREEN – READ OUT – MULTIPLE ANSWERS POSSIBLE – ROTATE ANSWERS 1 TO 12 – DISPLAY ‘96’ ON SCREEN INSTEAD OF ‘OTHER’ – CODES 14,",GESIS Variable Report,650,ZA7484
qc3_9,QC3,ANTIBIOTICS REASON: HEADACHE,"What was the reason for last taking the antibiotics that you used? (SHOW SCREEN – READ OUT – MULTIPLE ANSWERS POSSIBLE – ROTATE ANSWERS 1 TO 12 – DISPLAY ‘96’ ON SCREEN INSTEAD OF ‘OTHER’ – CODES 14,","What was the reason for last taking the antibiotics that you used? (SHOW SCREEN – READ OUT – MULTIPLE ANSWERS POSSIBLE – ROTATE ANSWERS 1 TO 12 – DISPLAY ‘96’ ON SCREEN INSTEAD OF ‘OTHER’ – CODES 14,",GESIS Variable Report,652,ZA7484
qc3_10,QC3,ANTIBIOTICS REASON: DIARRHEA,"What was the reason for last taking the antibiotics that you used? (SHOW SCREEN – READ OUT – MULTIPLE ANSWERS POSSIBLE – ROTATE ANSWERS 1 TO 12 – DISPLAY ‘96’ ON SCREEN INSTEAD OF ‘OTHER’ – CODES 14,","What was the reason for last taking the antibiotics that you used? (SHOW SCREEN – READ OUT – MULTIPLE ANSWERS POSSIBLE – ROTATE ANSWERS 1 TO 12 – DISPLAY ‘96’ ON SCREEN INSTEAD OF ‘OTHER’ – CODES 14,",GESIS Variable Report,654,ZA7484
qc3_11,QC3,ANTIBIOTICS REASON: URINARY TRACT INFECTION,"What was the reason for last taking the antibiotics that you used? (SHOW SCREEN – READ OUT – MULTIPLE ANSWERS POSSIBLE – ROTATE ANSWERS 1 TO 12 – DISPLAY ‘96’ ON SCREEN INSTEAD OF ‘OTHER’ – CODES 14,","What was the reason for last taking the antibiotics that you used? (SHOW SCREEN – READ OUT – MULTIPLE ANSWERS POSSIBLE – ROTATE ANSWERS 1 TO 12 – DISPLAY ‘96’ ON SCREEN INSTEAD OF ‘OTHER’ – CODES 14,",GESIS Variable Report,656,ZA7484
qc3_12,QC3,ANTIBIOTICS REASON: SKIN OR WOUND INFECTION,"What was the reason for last taking the antibiotics that you used? (SHOW SCREEN – READ OUT – MULTIPLE ANSWERS POSSIBLE – ROTATE ANSWERS 1 TO 12 – DISPLAY ‘96’ ON SCREEN INSTEAD OF ‘OTHER’ – CODES 14,","What was the reason for last taking the antibiotics that you used? (SHOW SCREEN – READ OUT – MULTIPLE ANSWERS POSSIBLE – ROTATE ANSWERS 1 TO 12 – DISPLAY ‘96’ ON SCREEN INSTEAD OF ‘OTHER’ – CODES 14,",GESIS Variable Report,658,ZA7484
qc3_13,QC3,ANTIBIOTICS REASON: OTHER (SPONT),"What was the reason for last taking the antibiotics that you used? (SHOW SCREEN – READ OUT – MULTIPLE ANSWERS POSSIBLE – ROTATE ANSWERS 1 TO 12 – DISPLAY ‘96’ ON SCREEN INSTEAD OF ‘OTHER’ – CODES 14,","What was the reason for last taking the antibiotics that you used? (SHOW SCREEN – READ OUT – MULTIPLE ANSWERS POSSIBLE – ROTATE ANSWERS 1 TO 12 – DISPLAY ‘96’ ON SCREEN INSTEAD OF ‘OTHER’ – CODES 14,",GESIS Variable Report,660,ZA7484
qc3_14,QC3,ANTIBIOTICS REASON: DO NOT WISH TO ANSWER (SPONT),"What was the reason for last taking the antibiotics that you used? (SHOW SCREEN – READ OUT – MULTIPLE ANSWERS POSSIBLE – ROTATE ANSWERS 1 TO 12 – DISPLAY ‘96’ ON SCREEN INSTEAD OF ‘OTHER’ – CODES 14,","What was the reason for last taking the antibiotics that you used? (SHOW SCREEN – READ OUT – MULTIPLE ANSWERS POSSIBLE – ROTATE ANSWERS 1 TO 12 – DISPLAY ‘96’ ON SCREEN INSTEAD OF ‘OTHER’ – CODES 14,",GESIS Variable Report,662,ZA7484
qc3_15,QC3,ANTIBIOTICS REASON: REFUSAL (SPONT),"What was the reason for last taking the antibiotics that you used? (SHOW SCREEN – READ OUT – MULTIPLE ANSWERS POSSIBLE – ROTATE ANSWERS 1 TO 12 – DISPLAY ‘96’ ON SCREEN INSTEAD OF ‘OTHER’ – CODES 14,","What was the reason for last taking the antibiotics that you used? (SHOW SCREEN – READ OUT – MULTIPLE ANSWERS POSSIBLE – ROTATE ANSWERS 1 TO 12 – DISPLAY ‘96’ ON SCREEN INSTEAD OF ‘OTHER’ – CODES 14,",GESIS Variable Report,664,ZA7484
qc3_16,QC3,ANTIBIOTICS REASON: DK,"What was the reason for last taking the antibiotics that you used? (SHOW SCREEN – READ OUT – MULTIPLE ANSWERS POSSIBLE – ROTATE ANSWERS 1 TO 12 – DISPLAY ‘96’ ON SCREEN INSTEAD OF ‘OTHER’ – CODES 14,","What was the reason for last taking the antibiotics that you used? (SHOW SCREEN – READ OUT – MULTIPLE ANSWERS POSSIBLE – ROTATE ANSWERS 1 TO 12 – DISPLAY ‘96’ ON SCREEN INSTEAD OF ‘OTHER’ – CODES 14,",GESIS Variable Report,666,ZA7484
qc3t,,ANTIBIOTICS REASONS (TOTAL),,ANTIBIOTICS REASONS (TOTAL),GESIS Variable Report,668,ZA7484
qc4,QC4,TEST BEFORE TAKING ANTIBIOTICS,"Did you have a test, for example a blood or urine test, or throat swab, to find out what was causing your illness, before or at the same time as you started antibiotics? (ONE ANSWER ONLY)","Did you have a test, for example a blood or urine test, or throat swab, to find out what was causing your illness, before or at the same time as you started antibiotics? (ONE ANSWER ONLY)",GESIS Variable Report,670,ZA7484
qc5_1,QC5,ANTIBIOTICS KNOWLEDGE: KILL VIRUSES,"ASK ALL For each of the following statements, please tell me whether you think it is true or false. (SHOW SCREEN – READ OUT – ONE ANSWER PER LINE – DISPLAY ‘99’ ON SCREEN INSTEAD OF ‘DK’)","ASK ALL For each of the following statements, please tell me whether you think it is true or false. (SHOW SCREEN – READ OUT – ONE ANSWER PER LINE – DISPLAY ‘99’ ON SCREEN INSTEAD OF ‘DK’)",GESIS Variable Report,672,ZA7484
qc5_2,QC5,ANTIBIOTICS KNOWLEDGE: AGAINST COLD,"ASK ALL For each of the following statements, please tell me whether you think it is true or false. (SHOW SCREEN – READ OUT – ONE ANSWER PER LINE – DISPLAY ‘99’ ON SCREEN INSTEAD OF ‘DK’)","ASK ALL For each of the following statements, please tell me whether you think it is true or false. (SHOW SCREEN – READ OUT – ONE ANSWER PER LINE – DISPLAY ‘99’ ON SCREEN INSTEAD OF ‘DK’)",GESIS Variable Report,674,ZA7484
qc5_3,QC5,ANTIBIOTICS KNOWLEDGE: UNNECESSARY USE,"ASK ALL For each of the following statements, please tell me whether you think it is true or false. (SHOW SCREEN – READ OUT – ONE ANSWER PER LINE – DISPLAY ‘99’ ON SCREEN INSTEAD OF ‘DK’)","ASK ALL For each of the following statements, please tell me whether you think it is true or false. (SHOW SCREEN – READ OUT – ONE ANSWER PER LINE – DISPLAY ‘99’ ON SCREEN INSTEAD OF ‘DK’)",GESIS Variable Report,676,ZA7484
qc5_4,QC5,ANTIBIOTICS KNOWLEDGE: SIDE-EFFECTS,"ASK ALL For each of the following statements, please tell me whether you think it is true or false. (SHOW SCREEN – READ OUT – ONE ANSWER PER LINE – DISPLAY ‘99’ ON SCREEN INSTEAD OF ‘DK’)","ASK ALL For each of the following statements, please tell me whether you think it is true or false. (SHOW SCREEN – READ OUT – ONE ANSWER PER LINE – DISPLAY ‘99’ ON SCREEN INSTEAD OF ‘DK’)",GESIS Variable Report,678,ZA7484
qc5r_1,,ANTIBIOTICS KNOWLEDGE: AT LEAST ONE CORRECT,,ANTIBIOTICS KNOWLEDGE: AT LEAST ONE CORRECT,GESIS Variable Report,680,ZA7484
qc5r_2,,ANTIBIOTICS KNOWLEDGE: NO CORRECT ANSWER,,ANTIBIOTICS KNOWLEDGE: NO CORRECT ANSWER,GESIS Variable Report,682,ZA7484
qc5r_3,,ANTIBIOTICS KNOWLEDGE: ONE CORRECT ANSWER,,ANTIBIOTICS KNOWLEDGE: ONE CORRECT ANSWER,GESIS Variable Report,684,ZA7484
qc5r_4,,ANTIBIOTICS KNOWLEDGE: 2 CORRECT ANSWERS,,ANTIBIOTICS KNOWLEDGE: 2 CORRECT ANSWERS,GESIS Variable Report,686,ZA7484
qc5r_5,,ANTIBIOTICS KNOWLEDGE: 3 CORRECT ANSWERS,,ANTIBIOTICS KNOWLEDGE: 3 CORRECT ANSWERS,GESIS Variable Report,688,ZA7484
qc5r_6,,ANTIBIOTICS KNOWLEDGE: 4 CORRECT ANSWERS,,ANTIBIOTICS KNOWLEDGE: 4 CORRECT ANSWERS,GESIS Variable Report,690,ZA7484
qc5r_7,,ANTIBIOTICS KNOWLEDGE: AT LEAST ONE WRONG,,ANTIBIOTICS KNOWLEDGE: AT LEAST ONE WRONG,GESIS Variable Report,692,ZA7484
qc5r_8,,ANTIBIOTICS KNOWLEDGE: AT LEAST ONE DK,,ANTIBIOTICS KNOWLEDGE: AT LEAST ONE DK,GESIS Variable Report,694,ZA7484
qc6,QC6,ANTIBIOTICS KNOWLEDGE: STOP OF TREATMENT,When do you think you should stop taking antibiotics once you have begun a course of treatment? (READ OUT – ONE ANSWER ONLY),When do you think you should stop taking antibiotics once you have begun a course of treatment? (READ OUT – ONE ANSWER ONLY),GESIS Variable Report,696,ZA7484
qc7,QC7,ANTIBIOTICS WARNING INFO - LAST 12 MONTHS,"In the last 12 months, do you remember getting any information about not taking antibiotics unnecessarily, for example for a cold? (ONE ANSWER ONLY)","In the last 12 months, do you remember getting any information about not taking antibiotics unnecessarily, for example for a cold? (ONE ANSWER ONLY)",GESIS Variable Report,698,ZA7484
qc8_1,QC8,ANTIBIOTICS WARNING INFO SOURCE: DOCTOR,"ASK QC8 TO QC10 IF ‘YES’, CODE 1 IN QC7 - OTHERS GO TO QC11 Where did you get this information about not taking antibiotics unnecessarily? (SHOW SCREEN – READ OUT – MULTIPLE ANSWERS POSSIBLE – DISPLAY ‘96’ ON SCREEN INSTEAD OF ‘OTHER’ – CODE 12 IS EXCLUSIVE)","ASK QC8 TO QC10 IF ‘YES’, CODE 1 IN QC7 - OTHERS GO TO QC11 Where did you get this information about not taking antibiotics unnecessarily? (SHOW SCREEN – READ OUT – MULTIPLE ANSWERS POSSIBLE – DISPLAY ‘96’ ON SCREEN INSTEAD OF ‘OTHER’ – CODE 12 IS EXCLUSIVE)",GESIS Variable Report,700,ZA7484
qc8_2,QC8,ANTIBIOTICS WARNING INFO SOURCE: PHARMACIST,"ASK QC8 TO QC10 IF ‘YES’, CODE 1 IN QC7 - OTHERS GO TO QC11 Where did you get this information about not taking antibiotics unnecessarily? (SHOW SCREEN – READ OUT – MULTIPLE ANSWERS POSSIBLE – DISPLAY ‘96’ ON SCREEN INSTEAD OF ‘OTHER’ – CODE 12 IS EXCLUSIVE)","ASK QC8 TO QC10 IF ‘YES’, CODE 1 IN QC7 - OTHERS GO TO QC11 Where did you get this information about not taking antibiotics unnecessarily? (SHOW SCREEN – READ OUT – MULTIPLE ANSWERS POSSIBLE – DISPLAY ‘96’ ON SCREEN INSTEAD OF ‘OTHER’ – CODE 12 IS EXCLUSIVE)",GESIS Variable Report,702,ZA7484
qc8_3,QC8,ANTIBIOTICS WARNING INFO SOURCE: OTH HEALTH PROF,"ASK QC8 TO QC10 IF ‘YES’, CODE 1 IN QC7 - OTHERS GO TO QC11 Where did you get this information about not taking antibiotics unnecessarily? (SHOW SCREEN – READ OUT – MULTIPLE ANSWERS POSSIBLE – DISPLAY ‘96’ ON SCREEN INSTEAD OF ‘OTHER’ – CODE 12 IS EXCLUSIVE)","ASK QC8 TO QC10 IF ‘YES’, CODE 1 IN QC7 - OTHERS GO TO QC11 Where did you get this information about not taking antibiotics unnecessarily? (SHOW SCREEN – READ OUT – MULTIPLE ANSWERS POSSIBLE – DISPLAY ‘96’ ON SCREEN INSTEAD OF ‘OTHER’ – CODE 12 IS EXCLUSIVE)",GESIS Variable Report,704,ZA7484
qc8_4,QC8,ANTIBIOTICS WARNING INFO SOURCE: FAMILY/FRIENDS,"ASK QC8 TO QC10 IF ‘YES’, CODE 1 IN QC7 - OTHERS GO TO QC11 Where did you get this information about not taking antibiotics unnecessarily? (SHOW SCREEN – READ OUT – MULTIPLE ANSWERS POSSIBLE – DISPLAY ‘96’ ON SCREEN INSTEAD OF ‘OTHER’ – CODE 12 IS EXCLUSIVE)","ASK QC8 TO QC10 IF ‘YES’, CODE 1 IN QC7 - OTHERS GO TO QC11 Where did you get this information about not taking antibiotics unnecessarily? (SHOW SCREEN – READ OUT – MULTIPLE ANSWERS POSSIBLE – DISPLAY ‘96’ ON SCREEN INSTEAD OF ‘OTHER’ – CODE 12 IS EXCLUSIVE)",GESIS Variable Report,706,ZA7484
qc8_5,QC8,ANTIBIOTICS WARNING INFO SOURCE: TV ADVERTISEMENT,"ASK QC8 TO QC10 IF ‘YES’, CODE 1 IN QC7 - OTHERS GO TO QC11 Where did you get this information about not taking antibiotics unnecessarily? (SHOW SCREEN – READ OUT – MULTIPLE ANSWERS POSSIBLE – DISPLAY ‘96’ ON SCREEN INSTEAD OF ‘OTHER’ – CODE 12 IS EXCLUSIVE)","ASK QC8 TO QC10 IF ‘YES’, CODE 1 IN QC7 - OTHERS GO TO QC11 Where did you get this information about not taking antibiotics unnecessarily? (SHOW SCREEN – READ OUT – MULTIPLE ANSWERS POSSIBLE – DISPLAY ‘96’ ON SCREEN INSTEAD OF ‘OTHER’ – CODE 12 IS EXCLUSIVE)",GESIS Variable Report,708,ZA7484
qc8_6,QC8,ANTIBIOTICS WARNING INFO SOURCE: INTERNET/ONLINE SOCIAL NETWORKS,"ASK QC8 TO QC10 IF ‘YES’, CODE 1 IN QC7 - OTHERS GO TO QC11 Where did you get this information about not taking antibiotics unnecessarily? (SHOW SCREEN – READ OUT – MULTIPLE ANSWERS POSSIBLE – DISPLAY ‘96’ ON SCREEN INSTEAD OF ‘OTHER’ – CODE 12 IS EXCLUSIVE)","ASK QC8 TO QC10 IF ‘YES’, CODE 1 IN QC7 - OTHERS GO TO QC11 Where did you get this information about not taking antibiotics unnecessarily? (SHOW SCREEN – READ OUT – MULTIPLE ANSWERS POSSIBLE – DISPLAY ‘96’ ON SCREEN INSTEAD OF ‘OTHER’ – CODE 12 IS EXCLUSIVE)",GESIS Variable Report,710,ZA7484
qc8_7,QC8,ANTIBIOTICS WARNING INFO SOURCE: LEAFLET,"ASK QC8 TO QC10 IF ‘YES’, CODE 1 IN QC7 - OTHERS GO TO QC11 Where did you get this information about not taking antibiotics unnecessarily? (SHOW SCREEN – READ OUT – MULTIPLE ANSWERS POSSIBLE – DISPLAY ‘96’ ON SCREEN INSTEAD OF ‘OTHER’ – CODE 12 IS EXCLUSIVE)","ASK QC8 TO QC10 IF ‘YES’, CODE 1 IN QC7 - OTHERS GO TO QC11 Where did you get this information about not taking antibiotics unnecessarily? (SHOW SCREEN – READ OUT – MULTIPLE ANSWERS POSSIBLE – DISPLAY ‘96’ ON SCREEN INSTEAD OF ‘OTHER’ – CODE 12 IS EXCLUSIVE)",GESIS Variable Report,712,ZA7484
qc8_8,QC8,ANTIBIOTICS WARNING INFO SOURCE: NEWSPAPER,"ASK QC8 TO QC10 IF ‘YES’, CODE 1 IN QC7 - OTHERS GO TO QC11 Where did you get this information about not taking antibiotics unnecessarily? (SHOW SCREEN – READ OUT – MULTIPLE ANSWERS POSSIBLE – DISPLAY ‘96’ ON SCREEN INSTEAD OF ‘OTHER’ – CODE 12 IS EXCLUSIVE)","ASK QC8 TO QC10 IF ‘YES’, CODE 1 IN QC7 - OTHERS GO TO QC11 Where did you get this information about not taking antibiotics unnecessarily? (SHOW SCREEN – READ OUT – MULTIPLE ANSWERS POSSIBLE – DISPLAY ‘96’ ON SCREEN INSTEAD OF ‘OTHER’ – CODE 12 IS EXCLUSIVE)",GESIS Variable Report,714,ZA7484
qc8_9,QC8,ANTIBIOTICS WARNING INFO SOURCE: TV NEWS,"ASK QC8 TO QC10 IF ‘YES’, CODE 1 IN QC7 - OTHERS GO TO QC11 Where did you get this information about not taking antibiotics unnecessarily? (SHOW SCREEN – READ OUT – MULTIPLE ANSWERS POSSIBLE – DISPLAY ‘96’ ON SCREEN INSTEAD OF ‘OTHER’ – CODE 12 IS EXCLUSIVE)","ASK QC8 TO QC10 IF ‘YES’, CODE 1 IN QC7 - OTHERS GO TO QC11 Where did you get this information about not taking antibiotics unnecessarily? (SHOW SCREEN – READ OUT – MULTIPLE ANSWERS POSSIBLE – DISPLAY ‘96’ ON SCREEN INSTEAD OF ‘OTHER’ – CODE 12 IS EXCLUSIVE)",GESIS Variable Report,716,ZA7484
qc8_10,QC8,ANTIBIOTICS WARNING INFO SOURCE: RADIO,"ASK QC8 TO QC10 IF ‘YES’, CODE 1 IN QC7 - OTHERS GO TO QC11 Where did you get this information about not taking antibiotics unnecessarily? (SHOW SCREEN – READ OUT – MULTIPLE ANSWERS POSSIBLE – DISPLAY ‘96’ ON SCREEN INSTEAD OF ‘OTHER’ – CODE 12 IS EXCLUSIVE)","ASK QC8 TO QC10 IF ‘YES’, CODE 1 IN QC7 - OTHERS GO TO QC11 Where did you get this information about not taking antibiotics unnecessarily? (SHOW SCREEN – READ OUT – MULTIPLE ANSWERS POSSIBLE – DISPLAY ‘96’ ON SCREEN INSTEAD OF ‘OTHER’ – CODE 12 IS EXCLUSIVE)",GESIS Variable Report,718,ZA7484
qc8_11,QC8,ANTIBIOTICS WARNING INFO SOURCE: OTHER (SPONT),"ASK QC8 TO QC10 IF ‘YES’, CODE 1 IN QC7 - OTHERS GO TO QC11 Where did you get this information about not taking antibiotics unnecessarily? (SHOW SCREEN – READ OUT – MULTIPLE ANSWERS POSSIBLE – DISPLAY ‘96’ ON SCREEN INSTEAD OF ‘OTHER’ – CODE 12 IS EXCLUSIVE)","ASK QC8 TO QC10 IF ‘YES’, CODE 1 IN QC7 - OTHERS GO TO QC11 Where did you get this information about not taking antibiotics unnecessarily? (SHOW SCREEN – READ OUT – MULTIPLE ANSWERS POSSIBLE – DISPLAY ‘96’ ON SCREEN INSTEAD OF ‘OTHER’ – CODE 12 IS EXCLUSIVE)",GESIS Variable Report,720,ZA7484
qc8_12,QC8,ANTIBIOTICS WARNING INFO SOURCE: DK,"ASK QC8 TO QC10 IF ‘YES’, CODE 1 IN QC7 - OTHERS GO TO QC11 Where did you get this information about not taking antibiotics unnecessarily? (SHOW SCREEN – READ OUT – MULTIPLE ANSWERS POSSIBLE – DISPLAY ‘96’ ON SCREEN INSTEAD OF ‘OTHER’ – CODE 12 IS EXCLUSIVE)","ASK QC8 TO QC10 IF ‘YES’, CODE 1 IN QC7 - OTHERS GO TO QC11 Where did you get this information about not taking antibiotics unnecessarily? (SHOW SCREEN – READ OUT – MULTIPLE ANSWERS POSSIBLE – DISPLAY ‘96’ ON SCREEN INSTEAD OF ‘OTHER’ – CODE 12 IS EXCLUSIVE)",GESIS Variable Report,722,ZA7484
qc8t,qc8_1 From a doctor,ANTIBIOTICS WARNING INFO SOURCE - PROFESSIONALS (TOTAL),qc8_2 From a pharmacist qc8_3 From another health professional (e.g. nurse or physio-therapist)],qc8_2 From a pharmacist qc8_3 From another health professional (e.g. nurse or physio-therapist)],GESIS Variable Report,724,ZA7484
qc9,QC9,ANTIBIOTICS WARNING INFO - CHANGED VIEW,Did the information that you received change your views on using antibiotics? (ONE ANSWER ONLY),Did the information that you received change your views on using antibiotics? (ONE ANSWER ONLY),GESIS Variable Report,726,ZA7484
qc10_1,QC10,ANTIBIOTICS WARNING INFO: CONSULT DOCTOR,"ASK QC10 IF ‘YES’, CODE 1 IN QC9 – OTHERS GO TO QC11 On the basis of the information you received, how do you now plan to use antibiotics? (SHOW SCREEN – READ OUT – MULTIPLE ANSWERS POSSIBLE – ROTATE ANSWERS 1 TO 5 – DISPLAY ‘96’ ON SCREEN INSTEAD OF ‘OTHER’ – CODES 7, 8 AND 9 ARE EXCLUSIVE)","ASK QC10 IF ‘YES’, CODE 1 IN QC9 – OTHERS GO TO QC11 On the basis of the information you received, how do you now plan to use antibiotics? (SHOW SCREEN – READ OUT – MULTIPLE ANSWERS POSSIBLE – ROTATE ANSWERS 1 TO 5 – DISPLAY ‘96’ ON SCREEN INSTEAD OF ‘OTHER’ – CODES 7, 8 AND 9 ARE EXCLUSIVE)",GESIS Variable Report,728,ZA7484
qc10_2,QC10,ANTIBIOTICS WARNING INFO: NOT SELF-MEDICATE,"ASK QC10 IF ‘YES’, CODE 1 IN QC9 – OTHERS GO TO QC11 On the basis of the information you received, how do you now plan to use antibiotics? (SHOW SCREEN – READ OUT – MULTIPLE ANSWERS POSSIBLE – ROTATE ANSWERS 1 TO 5 – DISPLAY ‘96’ ON SCREEN INSTEAD OF ‘OTHER’ – CODES 7, 8 AND 9 ARE EXCLUSIVE)","ASK QC10 IF ‘YES’, CODE 1 IN QC9 – OTHERS GO TO QC11 On the basis of the information you received, how do you now plan to use antibiotics? (SHOW SCREEN – READ OUT – MULTIPLE ANSWERS POSSIBLE – ROTATE ANSWERS 1 TO 5 – DISPLAY ‘96’ ON SCREEN INSTEAD OF ‘OTHER’ – CODES 7, 8 AND 9 ARE EXCLUSIVE)",GESIS Variable Report,730,ZA7484
qc10_3,QC10,ANTIBIOTICS WARNING INFO: WITH PRESCRIPTION,"ASK QC10 IF ‘YES’, CODE 1 IN QC9 – OTHERS GO TO QC11 On the basis of the information you received, how do you now plan to use antibiotics? (SHOW SCREEN – READ OUT – MULTIPLE ANSWERS POSSIBLE – ROTATE ANSWERS 1 TO 5 – DISPLAY ‘96’ ON SCREEN INSTEAD OF ‘OTHER’ – CODES 7, 8 AND 9 ARE EXCLUSIVE)","ASK QC10 IF ‘YES’, CODE 1 IN QC9 – OTHERS GO TO QC11 On the basis of the information you received, how do you now plan to use antibiotics? (SHOW SCREEN – READ OUT – MULTIPLE ANSWERS POSSIBLE – ROTATE ANSWERS 1 TO 5 – DISPLAY ‘96’ ON SCREEN INSTEAD OF ‘OTHER’ – CODES 7, 8 AND 9 ARE EXCLUSIVE)",GESIS Variable Report,732,ZA7484
qc10_4,QC10,ANTIBIOTICS WARNING INFO: NO LONGER KEEP,"ASK QC10 IF ‘YES’, CODE 1 IN QC9 – OTHERS GO TO QC11 On the basis of the information you received, how do you now plan to use antibiotics? (SHOW SCREEN – READ OUT – MULTIPLE ANSWERS POSSIBLE – ROTATE ANSWERS 1 TO 5 – DISPLAY ‘96’ ON SCREEN INSTEAD OF ‘OTHER’ – CODES 7, 8 AND 9 ARE EXCLUSIVE)","ASK QC10 IF ‘YES’, CODE 1 IN QC9 – OTHERS GO TO QC11 On the basis of the information you received, how do you now plan to use antibiotics? (SHOW SCREEN – READ OUT – MULTIPLE ANSWERS POSSIBLE – ROTATE ANSWERS 1 TO 5 – DISPLAY ‘96’ ON SCREEN INSTEAD OF ‘OTHER’ – CODES 7, 8 AND 9 ARE EXCLUSIVE)",GESIS Variable Report,734,ZA7484
qc10_5,QC10,ANTIBIOTICS WARNING INFO: GIVE LEFT-OVER TO OTHER,"ASK QC10 IF ‘YES’, CODE 1 IN QC9 – OTHERS GO TO QC11 On the basis of the information you received, how do you now plan to use antibiotics? (SHOW SCREEN – READ OUT – MULTIPLE ANSWERS POSSIBLE – ROTATE ANSWERS 1 TO 5 – DISPLAY ‘96’ ON SCREEN INSTEAD OF ‘OTHER’ – CODES 7, 8 AND 9 ARE EXCLUSIVE)","ASK QC10 IF ‘YES’, CODE 1 IN QC9 – OTHERS GO TO QC11 On the basis of the information you received, how do you now plan to use antibiotics? (SHOW SCREEN – READ OUT – MULTIPLE ANSWERS POSSIBLE – ROTATE ANSWERS 1 TO 5 – DISPLAY ‘96’ ON SCREEN INSTEAD OF ‘OTHER’ – CODES 7, 8 AND 9 ARE EXCLUSIVE)",GESIS Variable Report,736,ZA7484
qc10_6,QC10,ANTIBIOTICS WARNING INFO: OTHER CHANGE (SPONT),"ASK QC10 IF ‘YES’, CODE 1 IN QC9 – OTHERS GO TO QC11 On the basis of the information you received, how do you now plan to use antibiotics? (SHOW SCREEN – READ OUT – MULTIPLE ANSWERS POSSIBLE – ROTATE ANSWERS 1 TO 5 – DISPLAY ‘96’ ON SCREEN INSTEAD OF ‘OTHER’ – CODES 7, 8 AND 9 ARE EXCLUSIVE)","ASK QC10 IF ‘YES’, CODE 1 IN QC9 – OTHERS GO TO QC11 On the basis of the information you received, how do you now plan to use antibiotics? (SHOW SCREEN – READ OUT – MULTIPLE ANSWERS POSSIBLE – ROTATE ANSWERS 1 TO 5 – DISPLAY ‘96’ ON SCREEN INSTEAD OF ‘OTHER’ – CODES 7, 8 AND 9 ARE EXCLUSIVE)",GESIS Variable Report,738,ZA7484
qc10_7,QC10,ANTIBIOTICS WARNING INFO: NONE (SPONT),"ASK QC10 IF ‘YES’, CODE 1 IN QC9 – OTHERS GO TO QC11 On the basis of the information you received, how do you now plan to use antibiotics? (SHOW SCREEN – READ OUT – MULTIPLE ANSWERS POSSIBLE – ROTATE ANSWERS 1 TO 5 – DISPLAY ‘96’ ON SCREEN INSTEAD OF ‘OTHER’ – CODES 7, 8 AND 9 ARE EXCLUSIVE)","ASK QC10 IF ‘YES’, CODE 1 IN QC9 – OTHERS GO TO QC11 On the basis of the information you received, how do you now plan to use antibiotics? (SHOW SCREEN – READ OUT – MULTIPLE ANSWERS POSSIBLE – ROTATE ANSWERS 1 TO 5 – DISPLAY ‘96’ ON SCREEN INSTEAD OF ‘OTHER’ – CODES 7, 8 AND 9 ARE EXCLUSIVE)",GESIS Variable Report,740,ZA7484
qc10_8,QC10,ANTIBIOTICS WARNING INFO: DO NOT WISH TO ANSWER (SPONT),"ASK QC10 IF ‘YES’, CODE 1 IN QC9 – OTHERS GO TO QC11 On the basis of the information you received, how do you now plan to use antibiotics? (SHOW SCREEN – READ OUT – MULTIPLE ANSWERS POSSIBLE – ROTATE ANSWERS 1 TO 5 – DISPLAY ‘96’ ON SCREEN INSTEAD OF ‘OTHER’ – CODES 7, 8 AND 9 ARE EXCLUSIVE)","ASK QC10 IF ‘YES’, CODE 1 IN QC9 – OTHERS GO TO QC11 On the basis of the information you received, how do you now plan to use antibiotics? (SHOW SCREEN – READ OUT – MULTIPLE ANSWERS POSSIBLE – ROTATE ANSWERS 1 TO 5 – DISPLAY ‘96’ ON SCREEN INSTEAD OF ‘OTHER’ – CODES 7, 8 AND 9 ARE EXCLUSIVE)",GESIS Variable Report,742,ZA7484
qc10_9,QC10,ANTIBIOTICS WARNING INFO: DK,"ASK QC10 IF ‘YES’, CODE 1 IN QC9 – OTHERS GO TO QC11 On the basis of the information you received, how do you now plan to use antibiotics? (SHOW SCREEN – READ OUT – MULTIPLE ANSWERS POSSIBLE – ROTATE ANSWERS 1 TO 5 – DISPLAY ‘96’ ON SCREEN INSTEAD OF ‘OTHER’ – CODES 7, 8 AND 9 ARE EXCLUSIVE)","ASK QC10 IF ‘YES’, CODE 1 IN QC9 – OTHERS GO TO QC11 On the basis of the information you received, how do you now plan to use antibiotics? (SHOW SCREEN – READ OUT – MULTIPLE ANSWERS POSSIBLE – ROTATE ANSWERS 1 TO 5 – DISPLAY ‘96’ ON SCREEN INSTEAD OF ‘OTHER’ – CODES 7, 8 AND 9 ARE EXCLUSIVE)",GESIS Variable Report,744,ZA7484
qc11_1,QC11,ANTIBIOTICS INFO NEED: RESISTANCE,"ASK ALL On which topics, if any, would you like to receive more information? (SHOW SCREEN – READ OUT – MULTIPLE ANSWERS POSSIBLE – ROTATE ANSWERS 1 TO 5 – DISPLAY ‘96’ ON SCREEN INSTEAD OF ‘OTHER’ – CODES 7, 8 AND 9 ARE EXCLUSIVE)","ASK ALL On which topics, if any, would you like to receive more information? (SHOW SCREEN – READ OUT – MULTIPLE ANSWERS POSSIBLE – ROTATE ANSWERS 1 TO 5 – DISPLAY ‘96’ ON SCREEN INSTEAD OF ‘OTHER’ – CODES 7, 8 AND 9 ARE EXCLUSIVE)",GESIS Variable Report,746,ZA7484
qc11_2,QC11,ANTIBIOTICS INFO NEED: HOW TO USE,"ASK ALL On which topics, if any, would you like to receive more information? (SHOW SCREEN – READ OUT – MULTIPLE ANSWERS POSSIBLE – ROTATE ANSWERS 1 TO 5 – DISPLAY ‘96’ ON SCREEN INSTEAD OF ‘OTHER’ – CODES 7, 8 AND 9 ARE EXCLUSIVE)","ASK ALL On which topics, if any, would you like to receive more information? (SHOW SCREEN – READ OUT – MULTIPLE ANSWERS POSSIBLE – ROTATE ANSWERS 1 TO 5 – DISPLAY ‘96’ ON SCREEN INSTEAD OF ‘OTHER’ – CODES 7, 8 AND 9 ARE EXCLUSIVE)",GESIS Variable Report,748,ZA7484
qc11_3,QC11,ANTIBIOTICS INFO NEED: MEDICAL CONDITIONS,"ASK ALL On which topics, if any, would you like to receive more information? (SHOW SCREEN – READ OUT – MULTIPLE ANSWERS POSSIBLE – ROTATE ANSWERS 1 TO 5 – DISPLAY ‘96’ ON SCREEN INSTEAD OF ‘OTHER’ – CODES 7, 8 AND 9 ARE EXCLUSIVE)","ASK ALL On which topics, if any, would you like to receive more information? (SHOW SCREEN – READ OUT – MULTIPLE ANSWERS POSSIBLE – ROTATE ANSWERS 1 TO 5 – DISPLAY ‘96’ ON SCREEN INSTEAD OF ‘OTHER’ – CODES 7, 8 AND 9 ARE EXCLUSIVE)",GESIS Variable Report,750,ZA7484
qc11_4,QC11,ANTIBIOTICS INFO NEED: PRESCRIPTION,"ASK ALL On which topics, if any, would you like to receive more information? (SHOW SCREEN – READ OUT – MULTIPLE ANSWERS POSSIBLE – ROTATE ANSWERS 1 TO 5 – DISPLAY ‘96’ ON SCREEN INSTEAD OF ‘OTHER’ – CODES 7, 8 AND 9 ARE EXCLUSIVE)","ASK ALL On which topics, if any, would you like to receive more information? (SHOW SCREEN – READ OUT – MULTIPLE ANSWERS POSSIBLE – ROTATE ANSWERS 1 TO 5 – DISPLAY ‘96’ ON SCREEN INSTEAD OF ‘OTHER’ – CODES 7, 8 AND 9 ARE EXCLUSIVE)",GESIS Variable Report,752,ZA7484
qc11_5,QC11,ANTIBIOTICS INFO NEED: HEALTH LINKS,"ASK ALL On which topics, if any, would you like to receive more information? (SHOW SCREEN – READ OUT – MULTIPLE ANSWERS POSSIBLE – ROTATE ANSWERS 1 TO 5 – DISPLAY ‘96’ ON SCREEN INSTEAD OF ‘OTHER’ – CODES 7, 8 AND 9 ARE EXCLUSIVE)","ASK ALL On which topics, if any, would you like to receive more information? (SHOW SCREEN – READ OUT – MULTIPLE ANSWERS POSSIBLE – ROTATE ANSWERS 1 TO 5 – DISPLAY ‘96’ ON SCREEN INSTEAD OF ‘OTHER’ – CODES 7, 8 AND 9 ARE EXCLUSIVE)",GESIS Variable Report,754,ZA7484
qc11_6,QC11,ANTIBIOTICS INFO NEED: OTHER (SPONT),"ASK ALL On which topics, if any, would you like to receive more information? (SHOW SCREEN – READ OUT – MULTIPLE ANSWERS POSSIBLE – ROTATE ANSWERS 1 TO 5 – DISPLAY ‘96’ ON SCREEN INSTEAD OF ‘OTHER’ – CODES 7, 8 AND 9 ARE EXCLUSIVE)","ASK ALL On which topics, if any, would you like to receive more information? (SHOW SCREEN – READ OUT – MULTIPLE ANSWERS POSSIBLE – ROTATE ANSWERS 1 TO 5 – DISPLAY ‘96’ ON SCREEN INSTEAD OF ‘OTHER’ – CODES 7, 8 AND 9 ARE EXCLUSIVE)",GESIS Variable Report,756,ZA7484
qc11_7,QC11,ANTIBIOTICS INFO NEED: NONE (SPONT),"ASK ALL On which topics, if any, would you like to receive more information? (SHOW SCREEN – READ OUT – MULTIPLE ANSWERS POSSIBLE – ROTATE ANSWERS 1 TO 5 – DISPLAY ‘96’ ON SCREEN INSTEAD OF ‘OTHER’ – CODES 7, 8 AND 9 ARE EXCLUSIVE)","ASK ALL On which topics, if any, would you like to receive more information? (SHOW SCREEN – READ OUT – MULTIPLE ANSWERS POSSIBLE – ROTATE ANSWERS 1 TO 5 – DISPLAY ‘96’ ON SCREEN INSTEAD OF ‘OTHER’ – CODES 7, 8 AND 9 ARE EXCLUSIVE)",GESIS Variable Report,758,ZA7484
qc11_8,QC11,ANTIBIOTICS INFO NEED: NOT WANT MORE INFO (SPONT),"ASK ALL On which topics, if any, would you like to receive more information? (SHOW SCREEN – READ OUT – MULTIPLE ANSWERS POSSIBLE – ROTATE ANSWERS 1 TO 5 – DISPLAY ‘96’ ON SCREEN INSTEAD OF ‘OTHER’ – CODES 7, 8 AND 9 ARE EXCLUSIVE)","ASK ALL On which topics, if any, would you like to receive more information? (SHOW SCREEN – READ OUT – MULTIPLE ANSWERS POSSIBLE – ROTATE ANSWERS 1 TO 5 – DISPLAY ‘96’ ON SCREEN INSTEAD OF ‘OTHER’ – CODES 7, 8 AND 9 ARE EXCLUSIVE)",GESIS Variable Report,760,ZA7484
qc11_9,QC11,ANTIBIOTICS INFO NEED: DK,"ASK ALL On which topics, if any, would you like to receive more information? (SHOW SCREEN – READ OUT – MULTIPLE ANSWERS POSSIBLE – ROTATE ANSWERS 1 TO 5 – DISPLAY ‘96’ ON SCREEN INSTEAD OF ‘OTHER’ – CODES 7, 8 AND 9 ARE EXCLUSIVE)","ASK ALL On which topics, if any, would you like to receive more information? (SHOW SCREEN – READ OUT – MULTIPLE ANSWERS POSSIBLE – ROTATE ANSWERS 1 TO 5 – DISPLAY ‘96’ ON SCREEN INSTEAD OF ‘OTHER’ – CODES 7, 8 AND 9 ARE EXCLUSIVE)",GESIS Variable Report,762,ZA7484
qc12_1,QC12,ANTIBIOTICS TRUSTWORTHY: DOCTOR,Which of the following sources of information would you use in order to get trustworthy information on antibiotics? (SHOW SCREEN – READ OUT – MAX. 3 ANSWERS – DISPLAY ‘96’ ON SCREEN INSTEAD OF ‘OTHER’ – CODES 15 AND 16 ARE EXCLUSIVE),Which of the following sources of information would you use in order to get trustworthy information on antibiotics? (SHOW SCREEN – READ OUT – MAX. 3 ANSWERS – DISPLAY ‘96’ ON SCREEN INSTEAD OF ‘OTHER’ – CODES 15 AND 16 ARE EXCLUSIVE),GESIS Variable Report,764,ZA7484
qc12_2,QC12,ANTIBIOTICS TRUSTWORTHY: NURSE,Which of the following sources of information would you use in order to get trustworthy information on antibiotics? (SHOW SCREEN – READ OUT – MAX. 3 ANSWERS – DISPLAY ‘96’ ON SCREEN INSTEAD OF ‘OTHER’ – CODES 15 AND 16 ARE EXCLUSIVE),Which of the following sources of information would you use in order to get trustworthy information on antibiotics? (SHOW SCREEN – READ OUT – MAX. 3 ANSWERS – DISPLAY ‘96’ ON SCREEN INSTEAD OF ‘OTHER’ – CODES 15 AND 16 ARE EXCLUSIVE),GESIS Variable Report,766,ZA7484
qc12_3,QC12,ANTIBIOTICS TRUSTWORTHY: PHARMACY,Which of the following sources of information would you use in order to get trustworthy information on antibiotics? (SHOW SCREEN – READ OUT – MAX. 3 ANSWERS – DISPLAY ‘96’ ON SCREEN INSTEAD OF ‘OTHER’ – CODES 15 AND 16 ARE EXCLUSIVE),Which of the following sources of information would you use in order to get trustworthy information on antibiotics? (SHOW SCREEN – READ OUT – MAX. 3 ANSWERS – DISPLAY ‘96’ ON SCREEN INSTEAD OF ‘OTHER’ – CODES 15 AND 16 ARE EXCLUSIVE),GESIS Variable Report,768,ZA7484
qc12_4,QC12,ANTIBIOTICS TRUSTWORTHY: HOSPITAL,Which of the following sources of information would you use in order to get trustworthy information on antibiotics? (SHOW SCREEN – READ OUT – MAX. 3 ANSWERS – DISPLAY ‘96’ ON SCREEN INSTEAD OF ‘OTHER’ – CODES 15 AND 16 ARE EXCLUSIVE),Which of the following sources of information would you use in order to get trustworthy information on antibiotics? (SHOW SCREEN – READ OUT – MAX. 3 ANSWERS – DISPLAY ‘96’ ON SCREEN INSTEAD OF ‘OTHER’ – CODES 15 AND 16 ARE EXCLUSIVE),GESIS Variable Report,770,ZA7484
qc12_5,QC12,ANTIBIOTICS TRUSTWORTHY: OTHER HEALTH CARE,Which of the following sources of information would you use in order to get trustworthy information on antibiotics? (SHOW SCREEN – READ OUT – MAX. 3 ANSWERS – DISPLAY ‘96’ ON SCREEN INSTEAD OF ‘OTHER’ – CODES 15 AND 16 ARE EXCLUSIVE),Which of the following sources of information would you use in order to get trustworthy information on antibiotics? (SHOW SCREEN – READ OUT – MAX. 3 ANSWERS – DISPLAY ‘96’ ON SCREEN INSTEAD OF ‘OTHER’ – CODES 15 AND 16 ARE EXCLUSIVE),GESIS Variable Report,772,ZA7484
qc12_6,QC12,ANTIBIOTICS TRUSTWORTHY: FAMILY/FRIENDS,Which of the following sources of information would you use in order to get trustworthy information on antibiotics? (SHOW SCREEN – READ OUT – MAX. 3 ANSWERS – DISPLAY ‘96’ ON SCREEN INSTEAD OF ‘OTHER’ – CODES 15 AND 16 ARE EXCLUSIVE),Which of the following sources of information would you use in order to get trustworthy information on antibiotics? (SHOW SCREEN – READ OUT – MAX. 3 ANSWERS – DISPLAY ‘96’ ON SCREEN INSTEAD OF ‘OTHER’ – CODES 15 AND 16 ARE EXCLUSIVE),GESIS Variable Report,774,ZA7484
qc12_7,QC12,ANTIBIOTICS TRUSTWORTHY: OFFICIAL HEALTH WEBS,Which of the following sources of information would you use in order to get trustworthy information on antibiotics? (SHOW SCREEN – READ OUT – MAX. 3 ANSWERS – DISPLAY ‘96’ ON SCREEN INSTEAD OF ‘OTHER’ – CODES 15 AND 16 ARE EXCLUSIVE),Which of the following sources of information would you use in order to get trustworthy information on antibiotics? (SHOW SCREEN – READ OUT – MAX. 3 ANSWERS – DISPLAY ‘96’ ON SCREEN INSTEAD OF ‘OTHER’ – CODES 15 AND 16 ARE EXCLUSIVE),GESIS Variable Report,776,ZA7484
qc12_8,QC12,ANTIBIOTICS TRUSTWORTHY: PERSONAL HEALTH BLOG,Which of the following sources of information would you use in order to get trustworthy information on antibiotics? (SHOW SCREEN – READ OUT – MAX. 3 ANSWERS – DISPLAY ‘96’ ON SCREEN INSTEAD OF ‘OTHER’ – CODES 15 AND 16 ARE EXCLUSIVE),Which of the following sources of information would you use in order to get trustworthy information on antibiotics? (SHOW SCREEN – READ OUT – MAX. 3 ANSWERS – DISPLAY ‘96’ ON SCREEN INSTEAD OF ‘OTHER’ – CODES 15 AND 16 ARE EXCLUSIVE),GESIS Variable Report,778,ZA7484
qc12_9,QC12,ANTIBIOTICS TRUSTWORTHY: OTHER HEALTH WEBSITE,Which of the following sources of information would you use in order to get trustworthy information on antibiotics? (SHOW SCREEN – READ OUT – MAX. 3 ANSWERS – DISPLAY ‘96’ ON SCREEN INSTEAD OF ‘OTHER’ – CODES 15 AND 16 ARE EXCLUSIVE),Which of the following sources of information would you use in order to get trustworthy information on antibiotics? (SHOW SCREEN – READ OUT – MAX. 3 ANSWERS – DISPLAY ‘96’ ON SCREEN INSTEAD OF ‘OTHER’ – CODES 15 AND 16 ARE EXCLUSIVE),GESIS Variable Report,780,ZA7484
qc12_10,QC12,ANTIBIOTICS TRUSTWORTHY: ONLINE SOCIAL NETWORKS,Which of the following sources of information would you use in order to get trustworthy information on antibiotics? (SHOW SCREEN – READ OUT – MAX. 3 ANSWERS – DISPLAY ‘96’ ON SCREEN INSTEAD OF ‘OTHER’ – CODES 15 AND 16 ARE EXCLUSIVE),Which of the following sources of information would you use in order to get trustworthy information on antibiotics? (SHOW SCREEN – READ OUT – MAX. 3 ANSWERS – DISPLAY ‘96’ ON SCREEN INSTEAD OF ‘OTHER’ – CODES 15 AND 16 ARE EXCLUSIVE),GESIS Variable Report,782,ZA7484
qc12_11,QC12,ANTIBIOTICS TRUSTWORTHY: TV,Which of the following sources of information would you use in order to get trustworthy information on antibiotics? (SHOW SCREEN – READ OUT – MAX. 3 ANSWERS – DISPLAY ‘96’ ON SCREEN INSTEAD OF ‘OTHER’ – CODES 15 AND 16 ARE EXCLUSIVE),Which of the following sources of information would you use in order to get trustworthy information on antibiotics? (SHOW SCREEN – READ OUT – MAX. 3 ANSWERS – DISPLAY ‘96’ ON SCREEN INSTEAD OF ‘OTHER’ – CODES 15 AND 16 ARE EXCLUSIVE),GESIS Variable Report,784,ZA7484
qc12_12,QC12,ANTIBIOTICS TRUSTWORTHY: NEWSPAPER/MAG,Which of the following sources of information would you use in order to get trustworthy information on antibiotics? (SHOW SCREEN – READ OUT – MAX. 3 ANSWERS – DISPLAY ‘96’ ON SCREEN INSTEAD OF ‘OTHER’ – CODES 15 AND 16 ARE EXCLUSIVE),Which of the following sources of information would you use in order to get trustworthy information on antibiotics? (SHOW SCREEN – READ OUT – MAX. 3 ANSWERS – DISPLAY ‘96’ ON SCREEN INSTEAD OF ‘OTHER’ – CODES 15 AND 16 ARE EXCLUSIVE),GESIS Variable Report,786,ZA7484
qc12_13,QC12,ANTIBIOTICS TRUSTWORTHY: RADIO,Which of the following sources of information would you use in order to get trustworthy information on antibiotics? (SHOW SCREEN – READ OUT – MAX. 3 ANSWERS – DISPLAY ‘96’ ON SCREEN INSTEAD OF ‘OTHER’ – CODES 15 AND 16 ARE EXCLUSIVE),Which of the following sources of information would you use in order to get trustworthy information on antibiotics? (SHOW SCREEN – READ OUT – MAX. 3 ANSWERS – DISPLAY ‘96’ ON SCREEN INSTEAD OF ‘OTHER’ – CODES 15 AND 16 ARE EXCLUSIVE),GESIS Variable Report,788,ZA7484
qc12_14,QC12,ANTIBIOTICS TRUSTWORTHY: OTHER (SPONT),Which of the following sources of information would you use in order to get trustworthy information on antibiotics? (SHOW SCREEN – READ OUT – MAX. 3 ANSWERS – DISPLAY ‘96’ ON SCREEN INSTEAD OF ‘OTHER’ – CODES 15 AND 16 ARE EXCLUSIVE),Which of the following sources of information would you use in order to get trustworthy information on antibiotics? (SHOW SCREEN – READ OUT – MAX. 3 ANSWERS – DISPLAY ‘96’ ON SCREEN INSTEAD OF ‘OTHER’ – CODES 15 AND 16 ARE EXCLUSIVE),GESIS Variable Report,790,ZA7484
qc12_15,QC12,ANTIBIOTICS TRUSTWORTHY: NOT INTERESTED (SPONT),Which of the following sources of information would you use in order to get trustworthy information on antibiotics? (SHOW SCREEN – READ OUT – MAX. 3 ANSWERS – DISPLAY ‘96’ ON SCREEN INSTEAD OF ‘OTHER’ – CODES 15 AND 16 ARE EXCLUSIVE),Which of the following sources of information would you use in order to get trustworthy information on antibiotics? (SHOW SCREEN – READ OUT – MAX. 3 ANSWERS – DISPLAY ‘96’ ON SCREEN INSTEAD OF ‘OTHER’ – CODES 15 AND 16 ARE EXCLUSIVE),GESIS Variable Report,792,ZA7484
qc12_16,QC12,ANTIBIOTICS TRUSTWORTHY: DK,Which of the following sources of information would you use in order to get trustworthy information on antibiotics? (SHOW SCREEN – READ OUT – MAX. 3 ANSWERS – DISPLAY ‘96’ ON SCREEN INSTEAD OF ‘OTHER’ – CODES 15 AND 16 ARE EXCLUSIVE),Which of the following sources of information would you use in order to get trustworthy information on antibiotics? (SHOW SCREEN – READ OUT – MAX. 3 ANSWERS – DISPLAY ‘96’ ON SCREEN INSTEAD OF ‘OTHER’ – CODES 15 AND 16 ARE EXCLUSIVE),GESIS Variable Report,794,ZA7484
qc13,QC13,ANTIBIOTICS - TACKLE RESISTANCE AT LEVEL,At what level do you believe it is most effective to tackle the resistance to antibiotics? (READ OUT – ONE ANSWER ONLY),At what level do you believe it is most effective to tackle the resistance to antibiotics? (READ OUT – ONE ANSWER ONLY),GESIS Variable Report,796,ZA7484
qc14,QC14,ANTIBIOTICS FARM ANIMALS - TREATMENT,To what extent do you agree or disagree that sick farm animals should be treated with antibiotics if this is the most appropriate treatment? (READ OUT – ONE ANSWER ONLY),To what extent do you agree or disagree that sick farm animals should be treated with antibiotics if this is the most appropriate treatment? (READ OUT – ONE ANSWER ONLY),GESIS Variable Report,798,ZA7484
qc15,QC15,ANTIBIOTICS FARM ANIMALS - BAN TO STIMULATE GROWTH,Did you know that using antibiotics to stimulate growth in farm animals is banned within the EU? (ONE ANSWER ONLY),Did you know that using antibiotics to stimulate growth in farm animals is banned within the EU? (ONE ANSWER ONLY),GESIS Variable Report,800,ZA7484
d1,D1,LEFT-RIGHT PLACEMENT,"ASK ALL In political matters people talk of ‘the le(cid:519)’ and ‘the right’. How would you place your views on this scale? (SHOW SCREEN – DO NOT PROMPT – IF CONTACT HESITATES, TRY AGAIN)","ASK ALL In political matters people talk of ‘the le(cid:519)’ and ‘the right’. How would you place your views on this scale? (SHOW SCREEN – DO NOT PROMPT – IF CONTACT HESITATES, TRY AGAIN)",GESIS Variable Report,802,ZA7484
d1r1,page 771,LEFT-RIGHT PLACEMENT: 3 CAT (RECODED),Eurobarometer 90.1 - September 2018,Eurobarometer 90.1 - September 2018,GESIS Variable Report,805,ZA7484
d1r2,,LEFT-RIGHT PLACEMENT: 5 CAT (RECODED),,LEFT-RIGHT PLACEMENT: 5 CAT (RECODED),GESIS Variable Report,807,ZA7484
d7,D7,MARITAL STATUS,Which of the following best corresponds to your own current situation? (SHOW SCREEN – READ OUT – ONE ANSWER ONLY) MARRIED OR REMARRIED,Which of the following best corresponds to your own current situation? (SHOW SCREEN – READ OUT – ONE ANSWER ONLY) MARRIED OR REMARRIED,GESIS Variable Report,809,ZA7484
d7r1,,MARITAL STATUS: 5 CAT (RECODED),,MARITAL STATUS: 5 CAT (RECODED),GESIS Variable Report,812,ZA7484
d7r2,,MARITAL STATUS: 4 CAT (RECODED),,MARITAL STATUS: 4 CAT (RECODED),GESIS Variable Report,814,ZA7484
d7r3,,MARITAL STATUS: HH & CHILDREN (RECODED),,MARITAL STATUS: HH & CHILDREN (RECODED),GESIS Variable Report,816,ZA7484
d10,D10,GENDER,Gender.,Gender.,GESIS Variable Report,818,ZA7484
d8,D8,AGE EDUCATION,"How old were you when you stopped full-time education? (IF ‘STILL STUDYING’, CODE ‘00’ – IF ‘NO EDUCATION’ CODE ‘01’ – IF ‘REFUSAL’ CODE ‘98’ – IF ‘DK’ CODE ‘99’ – CANNOT BE LARGER THAN D11) (MAKE SURE THE RESPONDENT UNDERSTANDS THAT D8 IS ABOUT FULL‐TIME EDUCATION)","How old were you when you stopped full-time education? (IF ‘STILL STUDYING’, CODE ‘00’ – IF ‘NO EDUCATION’ CODE ‘01’ – IF ‘REFUSAL’ CODE ‘98’ – IF ‘DK’ CODE ‘99’ – CANNOT BE LARGER THAN D11) (MAKE SURE THE RESPONDENT UNDERSTANDS THAT D8 IS ABOUT FULL‐TIME EDUCATION)",GESIS Variable Report,819,ZA7484
d8r1,,AGE EDUCATION: 11 CAT (RECODED),,AGE EDUCATION: 11 CAT (RECODED),GESIS Variable Report,820,ZA7484
d8r2,,AGE EDUCATION: 5 CAT (RECODED),,AGE EDUCATION: 5 CAT (RECODED),GESIS Variable Report,823,ZA7484
d15a,D15A,OCCUPATION OF RESPONDENT,What is your current occupation? (DO NOT SHOW SCREEN – IF D15A=2 THEN D8=00 – IF D15<>2 AND D8=00 THEN CORRECT D8 OR CHANGE THE ANSWER IN D15A) NON-ACTIVE,What is your current occupation? (DO NOT SHOW SCREEN – IF D15A=2 THEN D8=00 – IF D15<>2 AND D8=00 THEN CORRECT D8 OR CHANGE THE ANSWER IN D15A) NON-ACTIVE,GESIS Variable Report,825,ZA7484
d15a_r1,page 794,OCCUPATION OF RESPONDENT (RECODED),Eurobarometer 90.1 - September 2018,Eurobarometer 90.1 - September 2018,GESIS Variable Report,828,ZA7484
d15a_r2,,RESPONDENT OCCUPATION SCALE (C14),,RESPONDENT OCCUPATION SCALE (C14),GESIS Variable Report,830,ZA7484
d15b,D15B,OCCUPATION OF RESPONDENT - LAST JOB,"ASK D15B IF ‘NOT DOING ANY PAID WORK CURRENTLY’, CODES 1 TO 4 IN D15A Did you do any paid work in the past? What was your last occupation? (DO NOT SHOW SCREEN) SELF EMPLOYED","ASK D15B IF ‘NOT DOING ANY PAID WORK CURRENTLY’, CODES 1 TO 4 IN D15A Did you do any paid work in the past? What was your last occupation? (DO NOT SHOW SCREEN) SELF EMPLOYED",GESIS Variable Report,832,ZA7484
d15b_r,page 801,OCCUPATION OF RESPONDENT - LAST JOB (RECODED),Eurobarometer 90.1 - September 2018,Eurobarometer 90.1 - September 2018,GESIS Variable Report,835,ZA7484
d25,D25,TYPE OF COMMUNITY,Would you say you live in a...? (READ OUT),Would you say you live in a...? (READ OUT),GESIS Variable Report,837,ZA7484
d40a,D40A,HOUSEHOLD COMPOSITION: AGED 15+,"Could you tell me how many people aged 15 years or more live in your household, yourself included? (WRITE DOWN – MINIMUM = 01)","Could you tell me how many people aged 15 years or more live in your household, yourself included? (WRITE DOWN – MINIMUM = 01)",GESIS Variable Report,839,ZA7484
d40a_r,page 808,HOUSEHOLD COMPOSITION: AGED 15+ (RECODED),Eurobarometer 90.1 - September 2018,Eurobarometer 90.1 - September 2018,GESIS Variable Report,842,ZA7484
d40b,D40B,HOUSEHOLD COMPOSITION: AGED <10,Could you tell me how many children less than 10 years old live in your household? (WRITE DOWN – MINIMUM = 00),Could you tell me how many children less than 10 years old live in your household? (WRITE DOWN – MINIMUM = 00),GESIS Variable Report,844,ZA7484
d40b_r,page 813,HOUSEHOLD COMPOSITION: AGED <10 (RECODED),Eurobarometer 90.1 - September 2018,Eurobarometer 90.1 - September 2018,GESIS Variable Report,847,ZA7484
d40c,D40C,HOUSEHOLD COMPOSITION: AGED 10-14,Could you tell me how many children aged 10 to 14 years old live in your household? (WRITE DOWN – MINIMUM = 00),Could you tell me how many children aged 10 to 14 years old live in your household? (WRITE DOWN – MINIMUM = 00),GESIS Variable Report,849,ZA7484
d40c_r,page 818,HOUSEHOLD COMPOSITION: AGED 10-14 (RECODED),Eurobarometer 90.1 - September 2018,Eurobarometer 90.1 - September 2018,GESIS Variable Report,852,ZA7484
d40abc,,,,d40abc,native LSM source map,,ZA7484
d40abc_r,,,,d40abc_r,native LSM source map,,ZA7484
d40_d11,,ONE-PERSON HOUSEHOLD COMPOSITION BY AGE,,ONE-PERSON HOUSEHOLD COMPOSITION BY AGE,GESIS Variable Report,859,ZA7484
d43a,D43A,PHONE AVAILABLE - FIXED IN HH,Do you own a fixed telephone in your household?,Do you own a fixed telephone in your household?,GESIS Variable Report,861,ZA7484
d43b,D43B,PHONE AVAILABLE - PERSONAL MOBILE,Do you own a personal mobile telephone?,Do you own a personal mobile telephone?,GESIS Variable Report,862,ZA7484
d43t,,PHONE AVAILABLE (SUMMARIZED),,PHONE AVAILABLE (SUMMARIZED),GESIS Variable Report,863,ZA7484
d60,D60,DIFFICULTIES PAYING BILLS - LAST YEAR,"During the last twelve months, would you say you had difficulties to pay your bills at the end of the month…? (SHOW SCREEN – READ OUT – ONE ANSWER ONLY)","During the last twelve months, would you say you had difficulties to pay your bills at the end of the month…? (SHOW SCREEN – READ OUT – ONE ANSWER ONLY)",GESIS Variable Report,865,ZA7484
d63,D63,SOCIAL CLASS - SELF-ASSESSMENT (5 CAT),Do you see yourself and your household belonging to…? (SHOW SCREEN – READ OUT – ONE ANSWER ONLY),Do you see yourself and your household belonging to…? (SHOW SCREEN – READ OUT – ONE ANSWER ONLY),GESIS Variable Report,867,ZA7484
d70,D70,LIFE SATISFACTION,"On the whole, are you very satisfied, fairly satisfied, not very satisfied or not at all satisfied with the life you lead? (ONE ANSWER ONLY)","On the whole, are you very satisfied, fairly satisfied, not very satisfied or not at all satisfied with the life you lead? (ONE ANSWER ONLY)",GESIS Variable Report,869,ZA7484
d79,D79,LIFE CONDITIONS IN 5 YEARS,"In your opinion, in five years' time, do you think that your life conditions will be better, worse, or the same than today? (ONE ANSWER ONLY)","In your opinion, in five years' time, do you think that your life conditions will be better, worse, or the same than today? (ONE ANSWER ONLY)",GESIS Variable Report,871,ZA7484
d71_1,D71,POLITICAL DISCUSSION - NATIONAL MATTERS,"When you get together with friends or relatives, would you say you discuss frequently, occasionally or never about...? (READ OUT – ONE ANSWER PER LINE)","When you get together with friends or relatives, would you say you discuss frequently, occasionally or never about...? (READ OUT – ONE ANSWER PER LINE)",GESIS Variable Report,873,ZA7484
d71_2,D71,POLITICAL DISCUSSION - EUROPEAN MATTERS,"When you get together with friends or relatives, would you say you discuss frequently, occasionally or never about...? (READ OUT – ONE ANSWER PER LINE)","When you get together with friends or relatives, would you say you discuss frequently, occasionally or never about...? (READ OUT – ONE ANSWER PER LINE)",GESIS Variable Report,875,ZA7484
d71_3,D71,POLITICAL DISCUSSION - LOCAL MATTERS,"When you get together with friends or relatives, would you say you discuss frequently, occasionally or never about...? (READ OUT – ONE ANSWER PER LINE)","When you get together with friends or relatives, would you say you discuss frequently, occasionally or never about...? (READ OUT – ONE ANSWER PER LINE)",GESIS Variable Report,877,ZA7484
polintr,,POLITICAL INTEREST INDEX (D71_1/2/3),,POLITICAL INTEREST INDEX (D71_1/2/3),GESIS Variable Report,879,ZA7484
d72_1,D72,MY VOICE COUNTS - IN THE EU,Please tell me to what extent you agree or disagree with each of the following statements. (SHOW SCREEN – READ OUT – ONE ANSWER PER LINE – DISPLAY ‘98’ INSTEAD OF ‘REFUSAL’ – DISPLAY ‘99’ INSTEAD OF ‘DK’),Please tell me to what extent you agree or disagree with each of the following statements. (SHOW SCREEN – READ OUT – ONE ANSWER PER LINE – DISPLAY ‘98’ INSTEAD OF ‘REFUSAL’ – DISPLAY ‘99’ INSTEAD OF ‘DK’),GESIS Variable Report,881,ZA7484
d72_2,D72,MY VOICE COUNTS - IN (OUR COUNTRY),Please tell me to what extent you agree or disagree with each of the following statements. (SHOW SCREEN – READ OUT – ONE ANSWER PER LINE – DISPLAY ‘98’ INSTEAD OF ‘REFUSAL’ – DISPLAY ‘99’ INSTEAD OF ‘DK’),Please tell me to what extent you agree or disagree with each of the following statements. (SHOW SCREEN – READ OUT – ONE ANSWER PER LINE – DISPLAY ‘98’ INSTEAD OF ‘REFUSAL’ – DISPLAY ‘99’ INSTEAD OF ‘DK’),GESIS Variable Report,883,ZA7484
d72_3,D72,COUNTRY VOICE COUNTS IN EU,Please tell me to what extent you agree or disagree with each of the following statements. (SHOW SCREEN – READ OUT – ONE ANSWER PER LINE – DISPLAY ‘98’ INSTEAD OF ‘REFUSAL’ – DISPLAY ‘99’ INSTEAD OF ‘DK’),Please tell me to what extent you agree or disagree with each of the following statements. (SHOW SCREEN – READ OUT – ONE ANSWER PER LINE – DISPLAY ‘98’ INSTEAD OF ‘REFUSAL’ – DISPLAY ‘99’ INSTEAD OF ‘DK’),GESIS Variable Report,885,ZA7484
d73_1,D73,PRESENT DIRECTION - COUNTRY,"At the present time, would you say that, in general, things are going in the right direction or in the wrong direction, in...? (READ OUT – ONE ANSWER PER LINE – DISPLAY ‘94’ ON SCREEN INSTEAD OF ‘NEITHER THE ONE NOR THE OTHER’ – DISPLAY ‘98’ ON SCREEN INSTEAD OF ‘REFUSAL’)","At the present time, would you say that, in general, things are going in the right direction or in the wrong direction, in...? (READ OUT – ONE ANSWER PER LINE – DISPLAY ‘94’ ON SCREEN INSTEAD OF ‘NEITHER THE ONE NOR THE OTHER’ – DISPLAY ‘98’ ON SCREEN INSTEAD OF ‘REFUSAL’)",GESIS Variable Report,887,ZA7484
d73_2,D73,PRESENT DIRECTION - EUROPEAN UNION,"At the present time, would you say that, in general, things are going in the right direction or in the wrong direction, in...? (READ OUT – ONE ANSWER PER LINE – DISPLAY ‘94’ ON SCREEN INSTEAD OF ‘NEITHER THE ONE NOR THE OTHER’ – DISPLAY ‘98’ ON SCREEN INSTEAD OF ‘REFUSAL’)","At the present time, would you say that, in general, things are going in the right direction or in the wrong direction, in...? (READ OUT – ONE ANSWER PER LINE – DISPLAY ‘94’ ON SCREEN INSTEAD OF ‘NEITHER THE ONE NOR THE OTHER’ – DISPLAY ‘98’ ON SCREEN INSTEAD OF ‘REFUSAL’)",GESIS Variable Report,889,ZA7484
d77,D77,POLITICAL DISCUSSION - CONVINCE FRIENDS,"When you hold a strong opinion, do you ever find yourself persuading your friends, relatives or fellow workers to share your views? Does this happen ...? (READ OUT – ONE ANSWER ONLY)","When you hold a strong opinion, do you ever find yourself persuading your friends, relatives or fellow workers to share your views? Does this happen ...? (READ OUT – ONE ANSWER ONLY)",GESIS Variable Report,891,ZA7484
opls,,OPINION LEADERSHIP INDEX (D77 & POLINTR),,OPINION LEADERSHIP INDEX (D77 & POLINTR),GESIS Variable Report,893,ZA7484
d78,D78,EU IMAGE - POSITIVE/NEGATIVE,"In general, does the EU conjure up for you a very positive, fairly positive, neutral, fairly negative or very negative image? (ONE ANSWER ONLY)","In general, does the EU conjure up for you a very positive, fairly positive, neutral, fairly negative or very negative image? (ONE ANSWER ONLY)",GESIS Variable Report,895,ZA7484
d80a,D80A,DEMOCRACY SATISFACTION - COUNTRY,"On the whole, are you very satisfied, fairly satisfied, not very satisfied or not at all satisfied with the way democracy works in (OUR COUNTRY)? (SHOW SCREEN – READ OUT – ONE ANSWER PER COLUMN)","On the whole, are you very satisfied, fairly satisfied, not very satisfied or not at all satisfied with the way democracy works in (OUR COUNTRY)? (SHOW SCREEN – READ OUT – ONE ANSWER PER COLUMN)",GESIS Variable Report,897,ZA7484
d80b,D80B,DEMOCRACY SATISFACTION - EUROPEAN UNION,And how about the way democracy works in the EU? (SHOW SCREEN – READ OUT – ONE ANSWER PER COLUMN),And how about the way democracy works in the EU? (SHOW SCREEN – READ OUT – ONE ANSWER PER COLUMN),GESIS Variable Report,899,ZA7484
d81,D81,TRUST POLITICAL PARTIES,Please tell me if you tend to trust it or tend not to trust political parties. (READ OUT – ONE ANSWER ONLY),Please tell me if you tend to trust it or tend not to trust political parties. (READ OUT – ONE ANSWER ONLY),GESIS Variable Report,901,ZA7484
d82,D82,IMPORTANCE OF SOCIAL INEQUALITY IN COUNTRY,"In your opinion, are the inequalities between the different social classes in (OUR COUNTRY) currently very important, fairly important, not very important or not at all important? (READ OUT – ONE ANSWER ONLY)","In your opinion, are the inequalities between the different social classes in (OUR COUNTRY) currently very important, fairly important, not very important or not at all important? (READ OUT – ONE ANSWER ONLY)",GESIS Variable Report,903,ZA7484
d83,D83,FUTURE IMPORTANCE OF SOCIAL INEQUALITY IN COUNTRY,"And do you think that in five years' time, the inequalities between the different social classes in (OUR COUNTRY) will be...: (READ OUT – ONE ANSWER ONLY)","And do you think that in five years' time, the inequalities between the different social classes in (OUR COUNTRY) will be...: (READ OUT – ONE ANSWER ONLY)",GESIS Variable Report,905,ZA7484
P1,p1 Date of the interview,DATE OF INTERVIEW,"1 Saturday, 8th September 2018","1 Saturday, 8th September 2018",GESIS Variable Report,907,ZA7484
p2,,,,p2,native LSM source map,,ZA7484
p3,,DURATION OF INTERVIEW,,DURATION OF INTERVIEW,GESIS Variable Report,912,ZA7484
p3r,,DURATION OF INTERVIEW (RECODED),,DURATION OF INTERVIEW (RECODED),GESIS Variable Report,914,ZA7484
p4,page 882,N OF PERSONS PRESENT DURING INTERVIEW,Eurobarometer 90.1 - September 2018,Eurobarometer 90.1 - September 2018,GESIS Variable Report,916,ZA7484
p5,p5 Respondent cooperation,RESPONDENT COOPERATION,(NO ANSWERS NOT ALLOWED),(NO ANSWERS NOT ALLOWED),GESIS Variable Report,918,ZA7484
p6,,,,p6,native LSM source map,,ZA7484
p7,,,,p7,native LSM source map,,ZA7484
p13,,,,p13,native LSM source map,,ZA7484
p6be,,SIZE OF COMMUNITY - BELGIUM,,SIZE OF COMMUNITY - BELGIUM,GESIS Variable Report,921,ZA7484
p6at,,SIZE OF COMMUNITY - AUSTRIA,,SIZE OF COMMUNITY - AUSTRIA,GESIS Variable Report,934,ZA7484
p6bg,,SIZE OF COMMUNITY - BULGARIA,,SIZE OF COMMUNITY - BULGARIA,GESIS Variable Report,945,ZA7484
p6cy,,SIZE OF COMMUNITY - CYPRUS,,SIZE OF COMMUNITY - CYPRUS,GESIS Variable Report,935,ZA7484
p6cz,,SIZE OF COMMUNITY - CZECH REPUBLIC,,SIZE OF COMMUNITY - CZECH REPUBLIC,GESIS Variable Report,936,ZA7484
p6dk,,SIZE OF COMMUNITY - DENMARK,,SIZE OF COMMUNITY - DENMARK,GESIS Variable Report,926,ZA7484
p6ee,,SIZE OF COMMUNITY - ESTONIA,,SIZE OF COMMUNITY - ESTONIA,GESIS Variable Report,937,ZA7484
p6de,,SIZE OF COMMUNITY - GERMANY,,SIZE OF COMMUNITY - GERMANY,GESIS Variable Report,923,ZA7484
p6gr,,SIZE OF COMMUNITY - GREECE,,SIZE OF COMMUNITY - GREECE,GESIS Variable Report,929,ZA7484
p6es,,SIZE OF COMMUNITY - SPAIN,,SIZE OF COMMUNITY - SPAIN,GESIS Variable Report,930,ZA7484
p6fi,,SIZE OF COMMUNITY - FINLAND,,SIZE OF COMMUNITY - FINLAND,GESIS Variable Report,932,ZA7484
p6fr,,SIZE OF COMMUNITY - FRANCE,,SIZE OF COMMUNITY - FRANCE,GESIS Variable Report,920,ZA7484
p6gb,,SIZE OF COMMUNITY - UNITED KINGDOM,,SIZE OF COMMUNITY - UNITED KINGDOM,GESIS Variable Report,928,ZA7484
p6hu,,SIZE OF COMMUNITY - HUNGARY,,SIZE OF COMMUNITY - HUNGARY,GESIS Variable Report,938,ZA7484
p6ie,,SIZE OF COMMUNITY - IRELAND,,SIZE OF COMMUNITY - IRELAND,GESIS Variable Report,927,ZA7484
p6it,,SIZE OF COMMUNITY - ITALY,,SIZE OF COMMUNITY - ITALY,GESIS Variable Report,924,ZA7484
p6lt,,SIZE OF COMMUNITY - LITHUANIA,,SIZE OF COMMUNITY - LITHUANIA,GESIS Variable Report,940,ZA7484
p6lu,,SIZE OF COMMUNITY - LUXEMBOURG,,SIZE OF COMMUNITY - LUXEMBOURG,GESIS Variable Report,925,ZA7484
p6lv,,SIZE OF COMMUNITY - LATVIA,,SIZE OF COMMUNITY - LATVIA,GESIS Variable Report,939,ZA7484
p6mt,,SIZE OF COMMUNITY - MALTA,,SIZE OF COMMUNITY - MALTA,GESIS Variable Report,941,ZA7484
p6nl,,SIZE OF COMMUNITY - NETHERLANDS,,SIZE OF COMMUNITY - NETHERLANDS,GESIS Variable Report,922,ZA7484
p6pl,,SIZE OF COMMUNITY - POLAND,,SIZE OF COMMUNITY - POLAND,GESIS Variable Report,942,ZA7484
p6pt,,SIZE OF COMMUNITY - PORTUGAL,,SIZE OF COMMUNITY - PORTUGAL,GESIS Variable Report,931,ZA7484
p6ro,,SIZE OF COMMUNITY - ROMANIA,,SIZE OF COMMUNITY - ROMANIA,GESIS Variable Report,946,ZA7484
p6se,,SIZE OF COMMUNITY - SWEDEN,,SIZE OF COMMUNITY - SWEDEN,GESIS Variable Report,933,ZA7484
p6si,,SIZE OF COMMUNITY - SLOVENIA,,SIZE OF COMMUNITY - SLOVENIA,GESIS Variable Report,944,ZA7484
p6sk,,SIZE OF COMMUNITY - SLOVAKIA,,SIZE OF COMMUNITY - SLOVAKIA,GESIS Variable Report,943,ZA7484
p6hr,,SIZE OF COMMUNITY - CROATIA,,SIZE OF COMMUNITY - CROATIA,GESIS Variable Report,947,ZA7484
p7be,,REGION - BELGIUM NUTS 2,,REGION - BELGIUM NUTS 2,GESIS Variable Report,951,ZA7484
p7be_r,,REGION - BELGIUM NUTS 1,,REGION - BELGIUM NUTS 1,GESIS Variable Report,952,ZA7484
p7at,,REGION - AUSTRIA NUTS 2,,REGION - AUSTRIA NUTS 2,GESIS Variable Report,978,ZA7484
p7at_r,,REGION - AUSTRIA NUTS 1,,REGION - AUSTRIA NUTS 1,GESIS Variable Report,979,ZA7484
p7bg,,REGION - BULGARIA NUTS 2,,REGION - BULGARIA NUTS 2,GESIS Variable Report,993,ZA7484
p7cy,,REGION - CYPRUS (REPUBLIC),,REGION - CYPRUS (REPUBLIC),GESIS Variable Report,980,ZA7484
p7cz,,REGION - CZECH REPUBLIC NUTS 2,,REGION - CZECH REPUBLIC NUTS 2,GESIS Variable Report,981,ZA7484
p7dk,,REGION - DENMARK NUTS 2,,REGION - DENMARK NUTS 2,GESIS Variable Report,962,ZA7484
p7ee,,REGION - ESTONIA NUTS 3,,REGION - ESTONIA NUTS 3,GESIS Variable Report,982,ZA7484
p7de,,REGION - GERMANY NUTS 1,,REGION - GERMANY NUTS 1,GESIS Variable Report,955,ZA7484
p7gr,,REGION - GREECE NUTS 2,,REGION - GREECE NUTS 2,GESIS Variable Report,968,ZA7484
p7gr_r,,REGION - GREECE NUTS 1 MOD,,REGION - GREECE NUTS 1 MOD,GESIS Variable Report,969,ZA7484
p7es,,REGION - SPAIN NUTS 2,,REGION - SPAIN NUTS 2,GESIS Variable Report,970,ZA7484
p7es_r1,,REGION - SPAIN NUTS 1,,REGION - SPAIN NUTS 1,GESIS Variable Report,972,ZA7484
p7es_r2,,REGION - SPAIN NUTS 1 MOD,,REGION - SPAIN NUTS 1 MOD,GESIS Variable Report,973,ZA7484
p7fi,,REGION - FINLAND NUTS 2,,REGION - FINLAND NUTS 2,GESIS Variable Report,975,ZA7484
p7fr,,REGION - FRANCE NUTS 2,,REGION - FRANCE NUTS 2,GESIS Variable Report,948,ZA7484
p7fr_r,,REGION - FRANCE NUTS 1,,REGION - FRANCE NUTS 1,GESIS Variable Report,950,ZA7484
p7gb,,REGION - UNITED KINGDOM NUTS 1,,REGION - UNITED KINGDOM NUTS 1,GESIS Variable Report,965,ZA7484
p7gb_r,,REGION - UNITED KINGDOM NUTS 1 MOD,,REGION - UNITED KINGDOM NUTS 1 MOD,GESIS Variable Report,967,ZA7484
p7hu,,REGION - HUNGARY NUTS 2,,REGION - HUNGARY NUTS 2,GESIS Variable Report,983,ZA7484
p7hu_r,,REGION - HUNGARY NUTS 1,,REGION - HUNGARY NUTS 1,GESIS Variable Report,984,ZA7484
p7ie,,REGION - IRELAND NUTS 3,,REGION - IRELAND NUTS 3,GESIS Variable Report,963,ZA7484
p7it,,REGION - ITALY NUTS 2 MOD,,REGION - ITALY NUTS 2 MOD,GESIS Variable Report,957,ZA7484
p7it_r1,,REGION - ITALY NUTS 1,,REGION - ITALY NUTS 1,GESIS Variable Report,959,ZA7484
p7it_r2,,REGION - ITALY NUTS 1 MOD,,REGION - ITALY NUTS 1 MOD,GESIS Variable Report,960,ZA7484
p7lt,,REGION - LITHUANIA NUTS 3,,REGION - LITHUANIA NUTS 3,GESIS Variable Report,986,ZA7484
p7lu,,REGION - LUXEMBOURG,,REGION - LUXEMBOURG,GESIS Variable Report,961,ZA7484
p7lv,,REGION - LATVIA NUTS 3,,REGION - LATVIA NUTS 3,GESIS Variable Report,985,ZA7484
p7nl,,REGION - NETHERLANDS NUTS 2,,REGION - NETHERLANDS NUTS 2,GESIS Variable Report,953,ZA7484
p7nl_r,,REGION - NETHERLANDS NUTS 1,,REGION - NETHERLANDS NUTS 1,GESIS Variable Report,954,ZA7484
p7pl,,REGION - POLAND NUTS 2,,REGION - POLAND NUTS 2,GESIS Variable Report,987,ZA7484
p7pl_r,,REGION - POLAND NUTS 1,,REGION - POLAND NUTS 1,GESIS Variable Report,989,ZA7484
p7pt,,REGION - PORTUGAL NUTS 2,,REGION - PORTUGAL NUTS 2,GESIS Variable Report,974,ZA7484
p7ro,,REGION - ROMANIA NUTS 2,,REGION - ROMANIA NUTS 2,GESIS Variable Report,994,ZA7484
p7ro_r,,REGION - ROMANIA NUTS 1,,REGION - ROMANIA NUTS 1,GESIS Variable Report,995,ZA7484
p7se,,REGION - SWEDEN NUTS 2,,REGION - SWEDEN NUTS 2,GESIS Variable Report,976,ZA7484
p7se_r,,REGION - SWEDEN NUTS 1,,REGION - SWEDEN NUTS 1,GESIS Variable Report,977,ZA7484
p7si,,REGION - SLOVENIA NUTS 3,,REGION - SLOVENIA NUTS 3,GESIS Variable Report,991,ZA7484
p7si_r,,REGION - SLOVENIA NUTS 2,,REGION - SLOVENIA NUTS 2,GESIS Variable Report,992,ZA7484
p7sk,,REGION - SLOVAKIA NUTS 2,,REGION - SLOVAKIA NUTS 2,GESIS Variable Report,990,ZA7484
p7hr,,REGION - CROATIA NUTS 3,,REGION - CROATIA NUTS 3,GESIS Variable Report,996,ZA7484
p7hr_r,,REGION - CROATIA NUTS 2,,REGION - CROATIA NUTS 2,GESIS Variable Report,998,ZA7484
nutslvl,page 975,REGION - NUTS LEVEL,Eurobarometer 90.1 - September 2018,Eurobarometer 90.1 - September 2018,GESIS Variable Report,1009,ZA7484
p13be,p13be,LANGUAGE OF INTERVIEW - BELGIUM,Value Label Missing Count Percent Valid Percent,Value Label Missing Count Percent Valid Percent,GESIS Variable Report,1011,ZA7484
p13ee,p13ee,LANGUAGE OF INTERVIEW - ESTONIA,Value Label Missing Count Percent Valid Percent,Value Label Missing Count Percent Valid Percent,GESIS Variable Report,1015,ZA7484
p13es,p13es,LANGUAGE OF INTERVIEW - SPAIN,Value Label Missing Count Percent Valid Percent,Value Label Missing Count Percent Valid Percent,GESIS Variable Report,1013,ZA7484
p13fi,p13fi,LANGUAGE OF INTERVIEW - FINLAND,Value Label Missing Count Percent Valid Percent,Value Label Missing Count Percent Valid Percent,GESIS Variable Report,1014,ZA7484
p13lu,p13lu,LANGUAGE OF INTERVIEW - LUXEMBOURG,Value Label Missing Count Percent Valid Percent,Value Label Missing Count Percent Valid Percent,GESIS Variable Report,1012,ZA7484
p13lv,p13lv,LANGUAGE OF INTERVIEW - LATVIA,Value Label Missing Count Percent Valid Percent,Value Label Missing Count Percent Valid Percent,GESIS Variable Report,1016,ZA7484
p13mt,p13mt,LANGUAGE OF INTERVIEW - MALTA,Value Label Missing Count Percent Valid Percent,Value Label Missing Count Percent Valid Percent,GESIS Variable Report,1017,ZA7484
cntry_de,,,,cntry_de,native LSM source map,,ZA7484
eu6,page 21,NATION GROUP EU6 (FOUNDER MEMBERS),Eurobarometer 90.1 - September 2018,Eurobarometer 90.1 - September 2018,GESIS Variable Report,55,ZA7484
eu9,page 24,NATION GROUP EU9 (1973),Eurobarometer 90.1 - September 2018,Eurobarometer 90.1 - September 2018,GESIS Variable Report,58,ZA7484
eu10,page 27,NATION GROUP EU10 (1981),Eurobarometer 90.1 - September 2018,Eurobarometer 90.1 - September 2018,GESIS Variable Report,61,ZA7484
eu12_1,page 30,NATION GROUP EU12 (1986),Eurobarometer 90.1 - September 2018,Eurobarometer 90.1 - September 2018,GESIS Variable Report,64,ZA7484
eu12_2,page 33,NATION GROUP EU12 + DE-E (1990),Eurobarometer 90.1 - September 2018,Eurobarometer 90.1 - September 2018,GESIS Variable Report,67,ZA7484
eu_nms3,page 36,NATION GROUP EU NMS 3 (1995),Eurobarometer 90.1 - September 2018,Eurobarometer 90.1 - September 2018,GESIS Variable Report,70,ZA7484
eu15,page 39,NATION GROUP EU15 (1995),Eurobarometer 90.1 - September 2018,Eurobarometer 90.1 - September 2018,GESIS Variable Report,73,ZA7484
eu_nms10,page 42,NATION GROUP EU NMS 10 (2004),Eurobarometer 90.1 - September 2018,Eurobarometer 90.1 - September 2018,GESIS Variable Report,76,ZA7484
eu25,page 45,NATION GROUP EU25 (2004),Eurobarometer 90.1 - September 2018,Eurobarometer 90.1 - September 2018,GESIS Variable Report,79,ZA7484
eu_ac2,,,,eu_ac2,native LSM source map,,ZA7484
eu_cc3,,,,eu_cc3,native LSM source map,,ZA7484
eu_nms12,page 57,NATION GROUP EU NMS 12 (2004/2007),Eurobarometer 90.1 - September 2018,Eurobarometer 90.1 - September 2018,GESIS Variable Report,91,ZA7484
eu27,page 48,NATION GROUP EU27 (2007),Eurobarometer 90.1 - September 2018,Eurobarometer 90.1 - September 2018,GESIS Variable Report,82,ZA7484
eu27b,page 54,NATION GROUP EU28 (NO UK),Eurobarometer 90.1 - September 2018,Eurobarometer 90.1 - September 2018,GESIS Variable Report,88,ZA7484
eu_nms13,page 96,NATION GROUP EU NMS 13 (2004/2007/2013),Eurobarometer 90.1 - September 2018,Eurobarometer 90.1 - September 2018,GESIS Variable Report,130,ZA7484
eu28,page 51,NATION GROUP EU28 (07-2013),Eurobarometer 90.1 - September 2018,Eurobarometer 90.1 - September 2018,GESIS Variable Report,85,ZA7484
euroz13,,,,euroz13,native LSM source map,,ZA7484
euronz13,,,,euronz13,native LSM source map,,ZA7484
euroz15,page 60,NATION GROUP EURO ZONE 15 EU27 (2008),Eurobarometer 90.1 - September 2018,Eurobarometer 90.1 - September 2018,GESIS Variable Report,94,ZA7484
euronz15,page 63,NATION GROUP NON-EURO ZONE 15 EU27 (2008),Eurobarometer 90.1 - September 2018,Eurobarometer 90.1 - September 2018,GESIS Variable Report,97,ZA7484
euroz16,page 66,NATION GROUP EURO ZONE 16 EU27 (2009),Eurobarometer 90.1 - September 2018,Eurobarometer 90.1 - September 2018,GESIS Variable Report,100,ZA7484
euronz16,page 69,NATION GROUP NON-EURO ZONE 16 EU27 (2009),Eurobarometer 90.1 - September 2018,Eurobarometer 90.1 - September 2018,GESIS Variable Report,103,ZA7484
euroz17,page 72,NATION GROUP EURO ZONE 17 EU27 (2011),Eurobarometer 90.1 - September 2018,Eurobarometer 90.1 - September 2018,GESIS Variable Report,106,ZA7484
eurnz17a,,,,eurnz17a,native LSM source map,,ZA7484
eurnz17b,,,,eurnz17b,native LSM source map,,ZA7484
euroz18,page 78,NATION GROUP EURO ZONE 18 (2014),Eurobarometer 90.1 - September 2018,Eurobarometer 90.1 - September 2018,GESIS Variable Report,112,ZA7484
eurnz18a,page 81,NATION GROUP NON-EURO ZONE 18 EU28 (2014),Eurobarometer 90.1 - September 2018,Eurobarometer 90.1 - September 2018,GESIS Variable Report,115,ZA7484
eurnz18b,page 84,NATION GROUP NON-EURO ZONE 18 (EU27),Eurobarometer 90.1 - September 2018,Eurobarometer 90.1 - September 2018,GESIS Variable Report,118,ZA7484
eurnz18c,page 87,NATION GROUP NON-EURO ZONE 18 - EU NMS 12 (EU27),Eurobarometer 90.1 - September 2018,Eurobarometer 90.1 - September 2018,GESIS Variable Report,121,ZA7484
euroz19,page 90,NATION GROUP EURO ZONE 19 (2015),Eurobarometer 90.1 - September 2018,Eurobarometer 90.1 - September 2018,GESIS Variable Report,124,ZA7484
eurnz19,,,,eurnz19,native LSM source map,,ZA7484
