variable,question_number,variable_label,question_text,question_text_filled,source,source_page,za_id,map_provenance,fallback_sources,fallback_n_sources,fallback_consensus_fraction,fallback_support_similarity,fallback_context_f1,fallback_resolution,fallback_candidate_occurrences,fallback_semantic_clusters
studyno1,Sum 32524 100.0 100.0,ARCHIVE STUDY NUMBER - DISTRIBUTOR,Valid Cases 32524 Eurobarometer 91.5 - June-July 2019,Valid Cases 32524 Eurobarometer 91.5 - June-July 2019,Eurobarometer semantic union consensus,37,ZA7601,UNION_CONSENSUS,ZA5565;ZA5566;ZA5596;ZA5598;ZA5612;ZA5685;ZA5686;ZA5689;ZA5876;ZA5878;ZA5913;ZA5914;ZA5929;ZA5930;ZA5931;ZA5932;ZA5933;ZA5964;ZA5965;ZA5998;ZA6595;ZA6596;ZA6642;ZA6693;ZA6696;ZA6697;ZA6861;ZA6862;ZA6925;ZA6927;ZA6939;ZA6963;ZA7484;ZA7488;ZA7489;ZA7556;ZA7561;ZA7562;ZA7575;ZA7576,40,1.000000,0.000000,0.000000,UNION_CONSENSUS,40,1
studyno2,Sum 32524 100.0 100.0,ARCHIVE STUDY NUMBER - PUBLISHER,"Valid Cases 32524 Eurobarometer 91.5 - June-July 2019 doi - DIGITAL OBJECT IDENTIFIER Digital object identifier This variable holds the Digital Object Identifier (DOI) for the dataset at hand as registered via the da|ra registration agency for economic and social science data. Each dataset version (see variable ‘version’) has a unique persistent DOI. For direct access to the complete archive dissemination package for this study, including new dataset versions, the DOI needs to be appended to the resolver service URL: https://dx.doi.org/10.4232/1.14634 In terms of good scientific practice, the DOI is an important element for the correct citation of a dataset. doi Value Label Missing Count Percent Valid Percent doi:10.4232/1.14634 32524 100.0 100.0 Sum 32524 100.0 100.0 Valid Cases 32524 Eurobarometer 91.5 - June-July 2019 version - GESIS ARCHIVE VERSION & DATE GESIS archive version & date 2.0.0 '2025-12-09' This variable identifies the GESIS archive version number of this data set and the corresponding release date, recorded as an alphanumeric string. The version number is composed of a sequence of three numbers. The major number is incremented when there are changes in the composition of the data set (e.g. additional variables or cases), the minor or second number is incremented when significant errors have been fixed (e.g. coding errors, misleading value labels), and the third or revision number is incremented when minor bugs are fixed (e.g. spelling errors in variable or value labels). For details of the version history and for information on errata in current or former dataset versions, please consult the GESIS data catalogue entry (study description) persistently referenced by the dataset DOI (Digital Object Identifier). version Value Label Missing Count Percent Valid Percent 2.0.0 (2025-12-09) 32524 100.0 100.0 Sum 32524 100.0 100.0 Valid Cases 32524 Eurobarometer 91.5 - June-July 2019","Valid Cases 32524 Eurobarometer 91.5 - June-July 2019 doi - DIGITAL OBJECT IDENTIFIER Digital object identifier This variable holds the Digital Object Identifier (DOI) for the dataset at hand as registered via the da|ra registration agency for economic and social science data. Each dataset version (see variable ‘version’) has a unique persistent DOI. For direct access to the complete archive dissemination package for this study, including new dataset versions, the DOI needs to be appended to the resolver service URL: https://dx.doi.org/10.4232/1.14634 In terms of good scientific practice, the DOI is an important element for the correct citation of a dataset. doi Value Label Missing Count Percent Valid Percent doi:10.4232/1.14634 32524 100.0 100.0 Sum 32524 100.0 100.0 Valid Cases 32524 Eurobarometer 91.5 - June-July 2019 version - GESIS ARCHIVE VERSION & DATE GESIS archive version & date 2.0.0 '2025-12-09' This variable identifies the GESIS archive version number of this data set and the corresponding release date, recorded as an alphanumeric string. The version number is composed of a sequence of three numbers. The major number is incremented when there are changes in the composition of the data set (e.g. additional variables or cases), the minor or second number is incremented when significant errors have been fixed (e.g. coding errors, misleading value labels), and the third or revision number is incremented when minor bugs are fixed (e.g. spelling errors in variable or value labels). For details of the version history and for information on errata in current or former dataset versions, please consult the GESIS data catalogue entry (study description) persistently referenced by the dataset DOI (Digital Object Identifier). version Value Label Missing Count Percent Valid Percent 2.0.0 (2025-12-09) 32524 100.0 100.0 Sum 32524 100.0 100.0 Valid Cases 32524 Eurobarometer 91.5 - June-July 2019",Eurobarometer semantic union consensus,38,ZA7601,UNION_CONSENSUS,ZA5565;ZA5566;ZA5596;ZA5598;ZA5612;ZA5685;ZA5686;ZA5689;ZA5876;ZA5878;ZA5913;ZA5914;ZA5929;ZA5930;ZA5931;ZA5932;ZA5933;ZA5964;ZA5965;ZA5998;ZA6595;ZA6596;ZA6642;ZA6693;ZA6696;ZA6697;ZA6861;ZA6862;ZA6925;ZA6927;ZA6939;ZA6963;ZA7484;ZA7488;ZA7489;ZA7556;ZA7561;ZA7562;ZA7575;ZA7576,40,1.000000,0.000000,0.000000,UNION_CONSENSUS,40,1
edition,Sum 32524 100.0 100.0,DATASET EDITION,Valid Cases 32524 Eurobarometer 91.5 - June-July 2019,Valid Cases 32524 Eurobarometer 91.5 - June-July 2019,Eurobarometer semantic union consensus,41,ZA7601,UNION_CONSENSUS,ZA5565;ZA5566;ZA5596;ZA5598;ZA5612;ZA5685;ZA5686;ZA5689;ZA5876;ZA5878;ZA5913;ZA5914;ZA5929;ZA5930;ZA5931;ZA5932;ZA5933;ZA5964;ZA5965;ZA5998;ZA6595;ZA6596;ZA6642;ZA6693;ZA6696;ZA6697;ZA6861;ZA6862;ZA6925;ZA6927;ZA6939;ZA6963;ZA7484;ZA7488;ZA7489;ZA7556;ZA7561;ZA7562;ZA7575;ZA7576,40,1.000000,1.000000,0.000000,UNION_CONSENSUS,40,1
survey,Sum 32524 100.0 100.0,SURVEY IDENTIFICATION,Valid Cases 32524 Eurobarometer 91.5 - June-July 2019 caseid - KANTAR CASE ID (SEE NOTE) Kantar case ID The original non-unique case (interview) identification numbers as provided by the fieldwork institute (Kantar). The unique respondent identification variable uniqid adds the original country identification codes (tnscntry) as a prefix to the original case ID numbers in order to make them unique.,Valid Cases 32524 Eurobarometer 91.5 - June-July 2019 caseid - KANTAR CASE ID (SEE NOTE) Kantar case ID The original non-unique case (interview) identification numbers as provided by the fieldwork institute (Kantar). The unique respondent identification variable uniqid adds the original country identification codes (tnscntry) as a prefix to the original case ID numbers in order to make them unique.,Eurobarometer semantic union consensus,42,ZA7601,UNION_CONSENSUS,ZA5565;ZA5566;ZA5596;ZA5598;ZA5612;ZA5685;ZA5686;ZA5689;ZA5876;ZA5878;ZA5913;ZA5914;ZA5929;ZA5930;ZA5931;ZA5932;ZA5933;ZA5964;ZA5965;ZA5998;ZA6595;ZA6596;ZA6642;ZA6693;ZA6696;ZA6697;ZA6861;ZA6862;ZA6925;ZA6927;ZA6939;ZA6963;ZA7484;ZA7488;ZA7489;ZA7556;ZA7561;ZA7562;ZA7575;ZA7576,40,1.000000,0.000000,0.000000,UNION_CONSENSUS,40,1
tnscntry,,ORIGINAL TNS COUNTRY/SAMPLE ID,,ORIGINAL TNS COUNTRY/SAMPLE ID,Eurobarometer semantic union consensus,44,ZA7601,UNION_CONSENSUS,ZA5565;ZA5566;ZA5596;ZA5598;ZA5612;ZA5685;ZA5686;ZA5689;ZA5876;ZA5878;ZA5913;ZA5914;ZA5929;ZA5930;ZA5931;ZA5932;ZA5933;ZA5964;ZA5965;ZA5998;ZA6595;ZA6596;ZA6642;ZA6693;ZA6696;ZA6697;ZA6861;ZA6862;ZA6925;ZA6927;ZA6939;ZA6963,32,0.800000,0.868421,0.000000,UNION_CONSENSUS,40,2
country,,COUNTRY/SAMPLE ID (SERIES STANDARD),,COUNTRY/SAMPLE ID (SERIES STANDARD),Eurobarometer semantic union consensus,49,ZA7601,UNION_CONSENSUS,ZA5565;ZA5566;ZA5596;ZA5598;ZA5612;ZA5685;ZA5686;ZA5689;ZA5876;ZA5878;ZA5913;ZA5914;ZA5929;ZA5930;ZA5931;ZA5932;ZA5933;ZA5964;ZA5965;ZA5998;ZA6595;ZA6596;ZA6642;ZA6693;ZA6696;ZA6697;ZA6861;ZA6862;ZA6925;ZA6927;ZA6939;ZA6963;ZA7484;ZA7488;ZA7489;ZA7556;ZA7561;ZA7562;ZA7575;ZA7576,40,1.000000,1.000000,0.000000,UNION_CONSENSUS,40,1
split,Sum 33130 100.0 100.0,QUESTIONNAIRE SPLIT (QC2A),Valid Cases 27988 Eurobarometer 89.1 - March 2018,Valid Cases 27988 Eurobarometer 89.1 - March 2018,Eurobarometer semantic union context match,43,ZA7601,UNION_CONTEXT_MATCH,ZA6963;ZA7576,2,0.200000,1.000000,0.607355,UNION_CONTEXT_MATCH,10,9
d11,D11,AGE EXACT,How old are you? (IF ‘REFUSAL’ CODE ‘99’ – IF D11=99 (REFUSAL) THEN STOP INTERVIEW),How old are you? (IF ‘REFUSAL’ CODE ‘99’ – IF D11=99 (REFUSAL) THEN STOP INTERVIEW),Eurobarometer semantic union consensus,226,ZA7601,UNION_CONSENSUS,ZA5565;ZA5566;ZA5596;ZA5598;ZA5612;ZA5685;ZA5686;ZA5689;ZA5876;ZA5878;ZA5913;ZA5914;ZA5929;ZA5930;ZA5931;ZA5932;ZA5933;ZA5964;ZA5965;ZA5998;ZA6595;ZA6596;ZA6642;ZA6693;ZA6696;ZA6697;ZA6861;ZA6862;ZA6925;ZA6927;ZA6939;ZA6963;ZA7484;ZA7488;ZA7489;ZA7556;ZA7561;ZA7562;ZA7575;ZA7576,40,1.000000,1.000000,0.000000,UNION_CONSENSUS,40,1
d11r1,page 192,AGE: 4 GROUPS (RECODED),Eurobarometer 91.5 - June-July 2019,Eurobarometer 91.5 - June-July 2019,Eurobarometer semantic union consensus,228,ZA7601,UNION_CONSENSUS,ZA5565;ZA5566;ZA5596;ZA5598;ZA5612;ZA5685;ZA5686;ZA5689;ZA5876;ZA5878;ZA5913;ZA5914;ZA5929;ZA5930;ZA5931;ZA5932;ZA5933;ZA5964;ZA5965;ZA5998;ZA6595;ZA6596;ZA6642;ZA6693;ZA6697;ZA6861;ZA6862;ZA6925;ZA6927;ZA6939;ZA6963;ZA7484;ZA7488;ZA7489;ZA7556;ZA7561;ZA7562;ZA7575;ZA7576,39,1.000000,1.000000,0.000000,UNION_CONSENSUS,39,1
d11r2,page 991,AGE: 6 GROUPS (RECODED),Eurobarometer 76.4 - December 2011,Eurobarometer 76.4 - December 2011,Eurobarometer semantic union consensus,1019,ZA7601,UNION_CONSENSUS,ZA5565;ZA5566;ZA5596;ZA5598;ZA5612;ZA5685;ZA5686;ZA5689;ZA5876;ZA5878;ZA5913;ZA5914;ZA5929;ZA5930;ZA5931;ZA5932;ZA5933;ZA5964;ZA5965;ZA5998;ZA6595;ZA6596;ZA6642;ZA6693;ZA6697;ZA6861;ZA6862;ZA6925;ZA6927;ZA6939;ZA6963;ZA7484;ZA7488;ZA7489;ZA7556;ZA7561;ZA7562;ZA7575;ZA7576,39,1.000000,1.000000,0.000000,UNION_CONSENSUS,39,1
d11r3,,AGE: 7 GROUPS (RECODED),,AGE: 7 GROUPS (RECODED),Eurobarometer semantic union consensus,232,ZA7601,UNION_CONSENSUS,ZA5596;ZA5878;ZA5913;ZA5914;ZA5929;ZA5930;ZA5931;ZA5932;ZA5933;ZA5964;ZA5965;ZA5998;ZA6595;ZA6596;ZA6642;ZA6693;ZA6697;ZA6861;ZA6862;ZA6925;ZA6927;ZA6939;ZA6963;ZA7484;ZA7488;ZA7489;ZA7556;ZA7561;ZA7562;ZA7575;ZA7576,31,1.000000,1.000000,0.000000,UNION_CONSENSUS,31,1
gen1,page 1114,GENERATION BEFORE 1928 (AGE 91 AND OLDER),Eurobarometer 89.1 - March 2018,Eurobarometer 89.1 - March 2018,Eurobarometer semantic union context match,1147,ZA7601,UNION_CONTEXT_MATCH,ZA6963;ZA7484;ZA7488;ZA7489;ZA7556;ZA7576,6,0.240000,1.000000,0.607355,UNION_CONTEXT_MATCH,25,8
gen2,page 1116,GENERATION 1928-1945,Eurobarometer 89.1 - March 2018,Eurobarometer 89.1 - March 2018,Eurobarometer semantic union context match,1149,ZA7601,UNION_CONTEXT_MATCH,ZA5913;ZA5933;ZA6963,3,0.120000,1.000000,0.607355,UNION_CONTEXT_MATCH,25,6
gen3,page 1118,GENERATION BEFORE 1946 (AGE 73 AND OLDER),Eurobarometer 89.1 - March 2018,Eurobarometer 89.1 - March 2018,Eurobarometer semantic union context match,1151,ZA7601,UNION_CONTEXT_MATCH,ZA6963;ZA7484;ZA7488;ZA7489;ZA7556;ZA7576,6,0.240000,1.000000,0.607355,UNION_CONTEXT_MATCH,25,8
gen4,page 1120,GENERATION 1946-1964,Eurobarometer 89.1 - March 2018,Eurobarometer 89.1 - March 2018,Eurobarometer semantic union context match,1153,ZA7601,UNION_CONTEXT_MATCH,ZA5913;ZA5933;ZA6963,3,0.120000,1.000000,0.607355,UNION_CONTEXT_MATCH,25,6
gen5,page 1122,GENERATION 1965-1980,Eurobarometer 89.1 - March 2018,Eurobarometer 89.1 - March 2018,Eurobarometer semantic union context match,1155,ZA7601,UNION_CONTEXT_MATCH,ZA5913;ZA5933;ZA6963,3,0.120000,1.000000,0.607355,UNION_CONTEXT_MATCH,25,6
gen6,page 1124,GENERATION AFTER 1980,Eurobarometer 89.1 - March 2018,Eurobarometer 89.1 - March 2018,Eurobarometer semantic union context match,1157,ZA7601,UNION_CONTEXT_MATCH,ZA5913;ZA5933;ZA6963,3,0.120000,1.000000,0.607355,UNION_CONTEXT_MATCH,25,7
q1_1,Q1,NATIONALITY: BELGIUM,What is your nationality? Please tell me the country(ies) that applies(y). (MULTIPLE ANSWERS POSSIBLE) (CODE 35 CANNOT BE THE ONLY ANSWER OTHERWISE CLOSE THE INTERVIEW – CODE 36 IS EXCLUSIVE – IF CODE 36 THEN CLOSE INTERVIEW),What is your nationality? Please tell me the country(ies) that applies(y). (MULTIPLE ANSWERS POSSIBLE) (CODE 35 CANNOT BE THE ONLY ANSWER OTHERWISE CLOSE THE INTERVIEW – CODE 36 IS EXCLUSIVE – IF CODE 36 THEN CLOSE INTERVIEW),Eurobarometer semantic union consensus,246,ZA7601,UNION_CONSENSUS,ZA5565;ZA5566;ZA5596;ZA5598;ZA5612;ZA5685;ZA5686;ZA5689;ZA5876;ZA5878;ZA5913;ZA5914;ZA5929;ZA5930;ZA5931;ZA5932;ZA5933;ZA5964;ZA5965;ZA5998;ZA6595;ZA6596;ZA6642;ZA6693;ZA6696;ZA6697;ZA6861;ZA6862;ZA6925;ZA6927;ZA6939;ZA6963;ZA7484;ZA7488;ZA7489;ZA7556;ZA7561;ZA7562;ZA7575;ZA7576,40,1.000000,1.000000,0.000000,UNION_CONSENSUS,40,1
q1_2,Q1,NATIONALITY: DENMARK,What is your nationality? Please tell me the country(ies) that applies(y). (MULTIPLE ANSWERS POSSIBLE) (CODE 35 CANNOT BE THE ONLY ANSWER OTHERWISE CLOSE THE INTERVIEW – CODE 36 IS EXCLUSIVE – IF CODE 36 THEN CLOSE INTERVIEW),What is your nationality? Please tell me the country(ies) that applies(y). (MULTIPLE ANSWERS POSSIBLE) (CODE 35 CANNOT BE THE ONLY ANSWER OTHERWISE CLOSE THE INTERVIEW – CODE 36 IS EXCLUSIVE – IF CODE 36 THEN CLOSE INTERVIEW),Eurobarometer semantic union consensus,248,ZA7601,UNION_CONSENSUS,ZA5565;ZA5566;ZA5596;ZA5598;ZA5612;ZA5685;ZA5686;ZA5689;ZA5876;ZA5878;ZA5913;ZA5914;ZA5929;ZA5930;ZA5931;ZA5932;ZA5933;ZA5964;ZA5965;ZA5998;ZA6595;ZA6596;ZA6642;ZA6693;ZA6696;ZA6697;ZA6861;ZA6862;ZA6925;ZA6927;ZA6939;ZA6963;ZA7484;ZA7488;ZA7489;ZA7556;ZA7561;ZA7562;ZA7575;ZA7576,40,1.000000,1.000000,0.000000,UNION_CONSENSUS,40,1
q1_3,Q1,NATIONALITY: GERMANY,What is your nationality? Please tell me the country(ies) that applies(y). (MULTIPLE ANSWERS POSSIBLE) (CODE 35 CANNOT BE THE ONLY ANSWER OTHERWISE CLOSE THE INTERVIEW – CODE 36 IS EXCLUSIVE – IF CODE 36 THEN CLOSE INTERVIEW),What is your nationality? Please tell me the country(ies) that applies(y). (MULTIPLE ANSWERS POSSIBLE) (CODE 35 CANNOT BE THE ONLY ANSWER OTHERWISE CLOSE THE INTERVIEW – CODE 36 IS EXCLUSIVE – IF CODE 36 THEN CLOSE INTERVIEW),Eurobarometer semantic union consensus,250,ZA7601,UNION_CONSENSUS,ZA5565;ZA5566;ZA5596;ZA5598;ZA5612;ZA5685;ZA5686;ZA5689;ZA5876;ZA5878;ZA5913;ZA5914;ZA5929;ZA5930;ZA5931;ZA5932;ZA5933;ZA5964;ZA5965;ZA5998;ZA6595;ZA6596;ZA6642;ZA6693;ZA6696;ZA6697;ZA6861;ZA6862;ZA6925;ZA6927;ZA6939;ZA6963;ZA7484;ZA7488;ZA7489;ZA7556;ZA7561;ZA7562;ZA7575;ZA7576,40,1.000000,1.000000,0.000000,UNION_CONSENSUS,40,1
q1_4,Q1,NATIONALITY: GREECE,What is your nationality? Please tell me the country(ies) that applies(y). (MULTIPLE ANSWERS POSSIBLE) (CODE 35 CANNOT BE THE ONLY ANSWER OTHERWISE CLOSE THE INTERVIEW – CODE 36 IS EXCLUSIVE – IF CODE 36 THEN CLOSE INTERVIEW),What is your nationality? Please tell me the country(ies) that applies(y). (MULTIPLE ANSWERS POSSIBLE) (CODE 35 CANNOT BE THE ONLY ANSWER OTHERWISE CLOSE THE INTERVIEW – CODE 36 IS EXCLUSIVE – IF CODE 36 THEN CLOSE INTERVIEW),Eurobarometer semantic union consensus,252,ZA7601,UNION_CONSENSUS,ZA5565;ZA5566;ZA5596;ZA5598;ZA5612;ZA5685;ZA5686;ZA5689;ZA5876;ZA5878;ZA5913;ZA5914;ZA5929;ZA5930;ZA5931;ZA5932;ZA5933;ZA5964;ZA5965;ZA5998;ZA6595;ZA6596;ZA6642;ZA6693;ZA6696;ZA6697;ZA6861;ZA6862;ZA6925;ZA6927;ZA6939;ZA6963;ZA7484;ZA7488;ZA7489;ZA7556;ZA7561;ZA7562;ZA7575;ZA7576,40,1.000000,1.000000,0.000000,UNION_CONSENSUS,40,1
q1_5,Q1,NATIONALITY: SPAIN,What is your nationality? Please tell me the country(ies) that applies(y). (MULTIPLE ANSWERS POSSIBLE) (CODE 35 CANNOT BE THE ONLY ANSWER OTHERWISE CLOSE THE INTERVIEW – CODE 36 IS EXCLUSIVE – IF CODE 36 THEN CLOSE INTERVIEW),What is your nationality? Please tell me the country(ies) that applies(y). (MULTIPLE ANSWERS POSSIBLE) (CODE 35 CANNOT BE THE ONLY ANSWER OTHERWISE CLOSE THE INTERVIEW – CODE 36 IS EXCLUSIVE – IF CODE 36 THEN CLOSE INTERVIEW),Eurobarometer semantic union consensus,254,ZA7601,UNION_CONSENSUS,ZA5565;ZA5566;ZA5596;ZA5598;ZA5612;ZA5685;ZA5686;ZA5689;ZA5876;ZA5878;ZA5913;ZA5914;ZA5929;ZA5930;ZA5931;ZA5932;ZA5933;ZA5964;ZA5965;ZA5998;ZA6595;ZA6596;ZA6642;ZA6693;ZA6696;ZA6697;ZA6861;ZA6862;ZA6925;ZA6927;ZA6939;ZA6963;ZA7484;ZA7488;ZA7489;ZA7556;ZA7561;ZA7562;ZA7575;ZA7576,40,1.000000,1.000000,0.000000,UNION_CONSENSUS,40,1
q1_6,Q1,NATIONALITY: FRANCE,What is your nationality? Please tell me the country(ies) that applies(y). (MULTIPLE ANSWERS POSSIBLE) (CODE 35 CANNOT BE THE ONLY ANSWER OTHERWISE CLOSE THE INTERVIEW – CODE 36 IS EXCLUSIVE – IF CODE 36 THEN CLOSE INTERVIEW),What is your nationality? Please tell me the country(ies) that applies(y). (MULTIPLE ANSWERS POSSIBLE) (CODE 35 CANNOT BE THE ONLY ANSWER OTHERWISE CLOSE THE INTERVIEW – CODE 36 IS EXCLUSIVE – IF CODE 36 THEN CLOSE INTERVIEW),Eurobarometer semantic union consensus,256,ZA7601,UNION_CONSENSUS,ZA5565;ZA5566;ZA5596;ZA5598;ZA5612;ZA5685;ZA5686;ZA5689;ZA5876;ZA5878;ZA5913;ZA5914;ZA5929;ZA5930;ZA5931;ZA5932;ZA5933;ZA5964;ZA5965;ZA5998;ZA6595;ZA6596;ZA6642;ZA6693;ZA6696;ZA6697;ZA6861;ZA6862;ZA6925;ZA6927;ZA6939;ZA6963;ZA7484;ZA7488;ZA7489;ZA7556;ZA7561;ZA7562;ZA7575;ZA7576,40,1.000000,1.000000,0.000000,UNION_CONSENSUS,40,1
q1_7,Q1,NATIONALITY: IRELAND,What is your nationality? Please tell me the country(ies) that applies(y). (MULTIPLE ANSWERS POSSIBLE) (CODE 35 CANNOT BE THE ONLY ANSWER OTHERWISE CLOSE THE INTERVIEW – CODE 36 IS EXCLUSIVE – IF CODE 36 THEN CLOSE INTERVIEW),What is your nationality? Please tell me the country(ies) that applies(y). (MULTIPLE ANSWERS POSSIBLE) (CODE 35 CANNOT BE THE ONLY ANSWER OTHERWISE CLOSE THE INTERVIEW – CODE 36 IS EXCLUSIVE – IF CODE 36 THEN CLOSE INTERVIEW),Eurobarometer semantic union consensus,258,ZA7601,UNION_CONSENSUS,ZA5565;ZA5566;ZA5596;ZA5598;ZA5612;ZA5685;ZA5686;ZA5689;ZA5876;ZA5878;ZA5913;ZA5914;ZA5929;ZA5930;ZA5931;ZA5932;ZA5933;ZA5964;ZA5965;ZA5998;ZA6595;ZA6596;ZA6642;ZA6693;ZA6696;ZA6697;ZA6861;ZA6862;ZA6925;ZA6927;ZA6939;ZA6963;ZA7484;ZA7488;ZA7489;ZA7556;ZA7561;ZA7562;ZA7575;ZA7576,40,1.000000,1.000000,0.000000,UNION_CONSENSUS,40,1
q1_8,Q1,NATIONALITY: ITALY,What is your nationality? Please tell me the country(ies) that applies(y). (MULTIPLE ANSWERS POSSIBLE) (CODE 35 CANNOT BE THE ONLY ANSWER OTHERWISE CLOSE THE INTERVIEW – CODE 36 IS EXCLUSIVE – IF CODE 36 THEN CLOSE INTERVIEW),What is your nationality? Please tell me the country(ies) that applies(y). (MULTIPLE ANSWERS POSSIBLE) (CODE 35 CANNOT BE THE ONLY ANSWER OTHERWISE CLOSE THE INTERVIEW – CODE 36 IS EXCLUSIVE – IF CODE 36 THEN CLOSE INTERVIEW),Eurobarometer semantic union consensus,260,ZA7601,UNION_CONSENSUS,ZA5565;ZA5566;ZA5596;ZA5598;ZA5612;ZA5685;ZA5686;ZA5689;ZA5876;ZA5878;ZA5913;ZA5914;ZA5929;ZA5930;ZA5931;ZA5932;ZA5933;ZA5964;ZA5965;ZA5998;ZA6595;ZA6596;ZA6642;ZA6693;ZA6696;ZA6697;ZA6861;ZA6862;ZA6925;ZA6927;ZA6939;ZA6963;ZA7484;ZA7488;ZA7489;ZA7556;ZA7561;ZA7562;ZA7575;ZA7576,40,1.000000,1.000000,0.000000,UNION_CONSENSUS,40,1
q1_9,Q1,NATIONALITY: LUXEMBOURG,What is your nationality? Please tell me the country(ies) that applies(y). (MULTIPLE ANSWERS POSSIBLE) (CODE 35 CANNOT BE THE ONLY ANSWER OTHERWISE CLOSE THE INTERVIEW – CODE 36 IS EXCLUSIVE – IF CODE 36 THEN CLOSE INTERVIEW),What is your nationality? Please tell me the country(ies) that applies(y). (MULTIPLE ANSWERS POSSIBLE) (CODE 35 CANNOT BE THE ONLY ANSWER OTHERWISE CLOSE THE INTERVIEW – CODE 36 IS EXCLUSIVE – IF CODE 36 THEN CLOSE INTERVIEW),Eurobarometer semantic union consensus,262,ZA7601,UNION_CONSENSUS,ZA5565;ZA5566;ZA5596;ZA5598;ZA5612;ZA5685;ZA5686;ZA5689;ZA5876;ZA5878;ZA5913;ZA5914;ZA5929;ZA5930;ZA5931;ZA5932;ZA5933;ZA5964;ZA5965;ZA5998;ZA6595;ZA6596;ZA6642;ZA6693;ZA6696;ZA6697;ZA6861;ZA6862;ZA6925;ZA6927;ZA6939;ZA6963;ZA7484;ZA7488;ZA7489;ZA7556;ZA7561;ZA7562;ZA7575;ZA7576,40,1.000000,1.000000,0.000000,UNION_CONSENSUS,40,1
q1_10,Q1,NATIONALITY: NETHERLANDS,What is your nationality? Please tell me the country(ies) that applies(y). (MULTIPLE ANSWERS POSSIBLE) (CODE 35 CANNOT BE THE ONLY ANSWER OTHERWISE CLOSE THE INTERVIEW – CODE 36 IS EXCLUSIVE – IF CODE 36 THEN CLOSE INTERVIEW),What is your nationality? Please tell me the country(ies) that applies(y). (MULTIPLE ANSWERS POSSIBLE) (CODE 35 CANNOT BE THE ONLY ANSWER OTHERWISE CLOSE THE INTERVIEW – CODE 36 IS EXCLUSIVE – IF CODE 36 THEN CLOSE INTERVIEW),Eurobarometer semantic union consensus,264,ZA7601,UNION_CONSENSUS,ZA5565;ZA5566;ZA5596;ZA5598;ZA5612;ZA5685;ZA5686;ZA5689;ZA5876;ZA5878;ZA5913;ZA5914;ZA5929;ZA5930;ZA5931;ZA5932;ZA5933;ZA5964;ZA5965;ZA5998;ZA6595;ZA6596;ZA6642;ZA6693;ZA6696;ZA6697;ZA6861;ZA6862;ZA6925;ZA6927;ZA6939;ZA6963;ZA7484;ZA7488;ZA7489;ZA7556;ZA7561;ZA7562;ZA7575;ZA7576,40,1.000000,1.000000,0.000000,UNION_CONSENSUS,40,1
q1_11,Q1,NATIONALITY: PORTUGAL,What is your nationality? Please tell me the country(ies) that applies(y). (MULTIPLE ANSWERS POSSIBLE) (CODE 35 CANNOT BE THE ONLY ANSWER OTHERWISE CLOSE THE INTERVIEW – CODE 36 IS EXCLUSIVE – IF CODE 36 THEN CLOSE INTERVIEW),What is your nationality? Please tell me the country(ies) that applies(y). (MULTIPLE ANSWERS POSSIBLE) (CODE 35 CANNOT BE THE ONLY ANSWER OTHERWISE CLOSE THE INTERVIEW – CODE 36 IS EXCLUSIVE – IF CODE 36 THEN CLOSE INTERVIEW),Eurobarometer semantic union consensus,266,ZA7601,UNION_CONSENSUS,ZA5565;ZA5566;ZA5596;ZA5598;ZA5612;ZA5685;ZA5686;ZA5689;ZA5876;ZA5878;ZA5913;ZA5914;ZA5929;ZA5930;ZA5931;ZA5932;ZA5933;ZA5964;ZA5965;ZA5998;ZA6595;ZA6596;ZA6642;ZA6693;ZA6696;ZA6697;ZA6861;ZA6862;ZA6925;ZA6927;ZA6939;ZA6963;ZA7484;ZA7488;ZA7489;ZA7556;ZA7561;ZA7562;ZA7575;ZA7576,40,1.000000,1.000000,0.000000,UNION_CONSENSUS,40,1
q1_12,Q1,NATIONALITY: UNITED KINGDOM,What is your nationality? Please tell me the country(ies) that applies(y). (MULTIPLE ANSWERS POSSIBLE) (CODE 35 CANNOT BE THE ONLY ANSWER OTHERWISE CLOSE THE INTERVIEW – CODE 36 IS EXCLUSIVE – IF CODE 36 THEN CLOSE INTERVIEW),What is your nationality? Please tell me the country(ies) that applies(y). (MULTIPLE ANSWERS POSSIBLE) (CODE 35 CANNOT BE THE ONLY ANSWER OTHERWISE CLOSE THE INTERVIEW – CODE 36 IS EXCLUSIVE – IF CODE 36 THEN CLOSE INTERVIEW),Eurobarometer semantic union consensus,268,ZA7601,UNION_CONSENSUS,ZA5565;ZA5566;ZA5596;ZA5598;ZA5612;ZA5685;ZA5686;ZA5689;ZA5876;ZA5878;ZA5913;ZA5914;ZA5929;ZA5930;ZA5931;ZA5932;ZA5933;ZA5964;ZA5965;ZA5998;ZA6595;ZA6596;ZA6642;ZA6693;ZA6696;ZA6697;ZA6861;ZA6862;ZA6925;ZA6927;ZA6939;ZA6963;ZA7484;ZA7488;ZA7489;ZA7556;ZA7561;ZA7562;ZA7575;ZA7576,40,1.000000,1.000000,0.000000,UNION_CONSENSUS,40,1
q1_13,Q1,NATIONALITY: AUSTRIA,What is your nationality? Please tell me the country(ies) that applies(y). (MULTIPLE ANSWERS POSSIBLE) (CODE 35 CANNOT BE THE ONLY ANSWER OTHERWISE CLOSE THE INTERVIEW – CODE 36 IS EXCLUSIVE – IF CODE 36 THEN CLOSE INTERVIEW),What is your nationality? Please tell me the country(ies) that applies(y). (MULTIPLE ANSWERS POSSIBLE) (CODE 35 CANNOT BE THE ONLY ANSWER OTHERWISE CLOSE THE INTERVIEW – CODE 36 IS EXCLUSIVE – IF CODE 36 THEN CLOSE INTERVIEW),Eurobarometer semantic union consensus,270,ZA7601,UNION_CONSENSUS,ZA5565;ZA5566;ZA5596;ZA5598;ZA5612;ZA5685;ZA5686;ZA5689;ZA5876;ZA5878;ZA5913;ZA5914;ZA5929;ZA5930;ZA5931;ZA5932;ZA5933;ZA5964;ZA5965;ZA5998;ZA6595;ZA6596;ZA6642;ZA6693;ZA6696;ZA6697;ZA6861;ZA6862;ZA6925;ZA6927;ZA6939;ZA6963;ZA7484;ZA7488;ZA7489;ZA7556;ZA7561;ZA7562;ZA7575;ZA7576,40,1.000000,1.000000,0.000000,UNION_CONSENSUS,40,1
q1_14,Q1,NATIONALITY: SWEDEN,What is your nationality? Please tell me the country(ies) that applies(y). (MULTIPLE ANSWERS POSSIBLE) (CODE 35 CANNOT BE THE ONLY ANSWER OTHERWISE CLOSE THE INTERVIEW – CODE 36 IS EXCLUSIVE – IF CODE 36 THEN CLOSE INTERVIEW),What is your nationality? Please tell me the country(ies) that applies(y). (MULTIPLE ANSWERS POSSIBLE) (CODE 35 CANNOT BE THE ONLY ANSWER OTHERWISE CLOSE THE INTERVIEW – CODE 36 IS EXCLUSIVE – IF CODE 36 THEN CLOSE INTERVIEW),Eurobarometer semantic union consensus,272,ZA7601,UNION_CONSENSUS,ZA5565;ZA5566;ZA5596;ZA5598;ZA5612;ZA5685;ZA5686;ZA5689;ZA5876;ZA5878;ZA5913;ZA5914;ZA5929;ZA5930;ZA5931;ZA5932;ZA5933;ZA5964;ZA5965;ZA5998;ZA6595;ZA6596;ZA6642;ZA6693;ZA6696;ZA6697;ZA6861;ZA6862;ZA6925;ZA6927;ZA6939;ZA6963;ZA7484;ZA7488;ZA7489;ZA7556;ZA7561;ZA7562;ZA7575;ZA7576,40,1.000000,1.000000,0.000000,UNION_CONSENSUS,40,1
q1_15,Q1,NATIONALITY: FINLAND,What is your nationality? Please tell me the country(ies) that applies(y). (MULTIPLE ANSWERS POSSIBLE) (CODE 35 CANNOT BE THE ONLY ANSWER OTHERWISE CLOSE THE INTERVIEW – CODE 36 IS EXCLUSIVE – IF CODE 36 THEN CLOSE INTERVIEW),What is your nationality? Please tell me the country(ies) that applies(y). (MULTIPLE ANSWERS POSSIBLE) (CODE 35 CANNOT BE THE ONLY ANSWER OTHERWISE CLOSE THE INTERVIEW – CODE 36 IS EXCLUSIVE – IF CODE 36 THEN CLOSE INTERVIEW),Eurobarometer semantic union consensus,274,ZA7601,UNION_CONSENSUS,ZA5565;ZA5566;ZA5596;ZA5598;ZA5612;ZA5685;ZA5686;ZA5689;ZA5876;ZA5878;ZA5913;ZA5914;ZA5929;ZA5930;ZA5931;ZA5932;ZA5933;ZA5964;ZA5965;ZA5998;ZA6595;ZA6596;ZA6642;ZA6693;ZA6696;ZA6697;ZA6861;ZA6862;ZA6925;ZA6927;ZA6939;ZA6963;ZA7484;ZA7488;ZA7489;ZA7556;ZA7561;ZA7562;ZA7575;ZA7576,40,1.000000,1.000000,0.000000,UNION_CONSENSUS,40,1
q1_16,Q1,NATIONALITY: CYPRUS,What is your nationality? Please tell me the country(ies) that applies(y). (MULTIPLE ANSWERS POSSIBLE) (CODE 35 CANNOT BE THE ONLY ANSWER OTHERWISE CLOSE THE INTERVIEW – CODE 36 IS EXCLUSIVE – IF CODE 36 THEN CLOSE INTERVIEW),What is your nationality? Please tell me the country(ies) that applies(y). (MULTIPLE ANSWERS POSSIBLE) (CODE 35 CANNOT BE THE ONLY ANSWER OTHERWISE CLOSE THE INTERVIEW – CODE 36 IS EXCLUSIVE – IF CODE 36 THEN CLOSE INTERVIEW),Eurobarometer semantic union context match,181,ZA7601,UNION_CONTEXT_MATCH,ZA5685;ZA5686;ZA5689;ZA5876;ZA5932;ZA5998;ZA6963;ZA7489;ZA7576,9,0.225000,1.000000,0.607355,UNION_CONTEXT_MATCH,40,2
q1_17,Q1,NATIONALITY: CZECH REPUBLIC,What is your nationality? Please tell me the country(ies) that applies(y). (MULTIPLE ANSWERS POSSIBLE) (CODE 35 CANNOT BE THE ONLY ANSWER OTHERWISE CLOSE THE INTERVIEW – CODE 36 IS EXCLUSIVE – IF CODE 36 THEN CLOSE INTERVIEW),What is your nationality? Please tell me the country(ies) that applies(y). (MULTIPLE ANSWERS POSSIBLE) (CODE 35 CANNOT BE THE ONLY ANSWER OTHERWISE CLOSE THE INTERVIEW – CODE 36 IS EXCLUSIVE – IF CODE 36 THEN CLOSE INTERVIEW),Eurobarometer semantic union consensus,278,ZA7601,UNION_CONSENSUS,ZA5565;ZA5566;ZA5596;ZA5598;ZA5612;ZA5685;ZA5686;ZA5689;ZA5876;ZA5878;ZA5913;ZA5914;ZA5929;ZA5930;ZA5931;ZA5932;ZA5933;ZA5964;ZA5965;ZA5998;ZA6595;ZA6596;ZA6642;ZA6693;ZA6696;ZA6697;ZA6861;ZA6862;ZA6925;ZA6927;ZA6939;ZA6963;ZA7484;ZA7488;ZA7489;ZA7556;ZA7561;ZA7562;ZA7575;ZA7576,40,1.000000,1.000000,0.000000,UNION_CONSENSUS,40,1
q1_18,Q1,NATIONALITY: ESTONIA,What is your nationality? Please tell me the country(ies) that applies(y). (MULTIPLE ANSWERS POSSIBLE) (CODE 35 CANNOT BE THE ONLY ANSWER OTHERWISE CLOSE THE INTERVIEW – CODE 36 IS EXCLUSIVE – IF CODE 36 THEN CLOSE INTERVIEW),What is your nationality? Please tell me the country(ies) that applies(y). (MULTIPLE ANSWERS POSSIBLE) (CODE 35 CANNOT BE THE ONLY ANSWER OTHERWISE CLOSE THE INTERVIEW – CODE 36 IS EXCLUSIVE – IF CODE 36 THEN CLOSE INTERVIEW),Eurobarometer semantic union consensus,280,ZA7601,UNION_CONSENSUS,ZA5565;ZA5566;ZA5596;ZA5598;ZA5612;ZA5685;ZA5686;ZA5689;ZA5876;ZA5878;ZA5913;ZA5914;ZA5929;ZA5930;ZA5931;ZA5932;ZA5933;ZA5964;ZA5965;ZA5998;ZA6595;ZA6596;ZA6642;ZA6693;ZA6696;ZA6697;ZA6861;ZA6862;ZA6925;ZA6927;ZA6939;ZA6963;ZA7484;ZA7488;ZA7489;ZA7556;ZA7561;ZA7562;ZA7575;ZA7576,40,1.000000,1.000000,0.000000,UNION_CONSENSUS,40,1
q1_19,Q1,NATIONALITY: HUNGARY,What is your nationality? Please tell me the country(ies) that applies(y). (MULTIPLE ANSWERS POSSIBLE) (CODE 35 CANNOT BE THE ONLY ANSWER OTHERWISE CLOSE THE INTERVIEW – CODE 36 IS EXCLUSIVE – IF CODE 36 THEN CLOSE INTERVIEW),What is your nationality? Please tell me the country(ies) that applies(y). (MULTIPLE ANSWERS POSSIBLE) (CODE 35 CANNOT BE THE ONLY ANSWER OTHERWISE CLOSE THE INTERVIEW – CODE 36 IS EXCLUSIVE – IF CODE 36 THEN CLOSE INTERVIEW),Eurobarometer semantic union consensus,282,ZA7601,UNION_CONSENSUS,ZA5565;ZA5566;ZA5596;ZA5598;ZA5612;ZA5685;ZA5686;ZA5689;ZA5876;ZA5878;ZA5913;ZA5914;ZA5929;ZA5930;ZA5931;ZA5932;ZA5933;ZA5964;ZA5965;ZA5998;ZA6595;ZA6596;ZA6642;ZA6693;ZA6696;ZA6697;ZA6861;ZA6862;ZA6925;ZA6927;ZA6939;ZA6963;ZA7484;ZA7488;ZA7489;ZA7556;ZA7561;ZA7562;ZA7575;ZA7576,40,1.000000,1.000000,0.000000,UNION_CONSENSUS,40,1
q1_20,Q1,NATIONALITY: LATVIA,What is your nationality? Please tell me the country(ies) that applies(y). (MULTIPLE ANSWERS POSSIBLE) (CODE 35 CANNOT BE THE ONLY ANSWER OTHERWISE CLOSE THE INTERVIEW – CODE 36 IS EXCLUSIVE – IF CODE 36 THEN CLOSE INTERVIEW),What is your nationality? Please tell me the country(ies) that applies(y). (MULTIPLE ANSWERS POSSIBLE) (CODE 35 CANNOT BE THE ONLY ANSWER OTHERWISE CLOSE THE INTERVIEW – CODE 36 IS EXCLUSIVE – IF CODE 36 THEN CLOSE INTERVIEW),Eurobarometer semantic union consensus,284,ZA7601,UNION_CONSENSUS,ZA5565;ZA5566;ZA5596;ZA5598;ZA5612;ZA5685;ZA5686;ZA5689;ZA5876;ZA5878;ZA5913;ZA5914;ZA5929;ZA5930;ZA5931;ZA5932;ZA5933;ZA5964;ZA5965;ZA5998;ZA6595;ZA6596;ZA6642;ZA6693;ZA6696;ZA6697;ZA6861;ZA6862;ZA6925;ZA6927;ZA6939;ZA6963;ZA7484;ZA7488;ZA7489;ZA7556;ZA7561;ZA7562;ZA7575;ZA7576,40,1.000000,1.000000,0.000000,UNION_CONSENSUS,40,1
q1_21,Q1,NATIONALITY: LITHUANIA,What is your nationality? Please tell me the country(ies) that applies(y). (MULTIPLE ANSWERS POSSIBLE) (CODE 35 CANNOT BE THE ONLY ANSWER OTHERWISE CLOSE THE INTERVIEW – CODE 36 IS EXCLUSIVE – IF CODE 36 THEN CLOSE INTERVIEW),What is your nationality? Please tell me the country(ies) that applies(y). (MULTIPLE ANSWERS POSSIBLE) (CODE 35 CANNOT BE THE ONLY ANSWER OTHERWISE CLOSE THE INTERVIEW – CODE 36 IS EXCLUSIVE – IF CODE 36 THEN CLOSE INTERVIEW),Eurobarometer semantic union consensus,286,ZA7601,UNION_CONSENSUS,ZA5565;ZA5566;ZA5596;ZA5598;ZA5612;ZA5685;ZA5686;ZA5689;ZA5876;ZA5878;ZA5913;ZA5914;ZA5929;ZA5930;ZA5931;ZA5932;ZA5933;ZA5964;ZA5965;ZA5998;ZA6595;ZA6596;ZA6642;ZA6693;ZA6696;ZA6697;ZA6861;ZA6862;ZA6925;ZA6927;ZA6939;ZA6963;ZA7484;ZA7488;ZA7489;ZA7556;ZA7561;ZA7562;ZA7575;ZA7576,40,1.000000,1.000000,0.000000,UNION_CONSENSUS,40,1
q1_22,Q1,NATIONALITY: MALTA,What is your nationality? Please tell me the country(ies) that applies(y). (MULTIPLE ANSWERS POSSIBLE) (CODE 35 CANNOT BE THE ONLY ANSWER OTHERWISE CLOSE THE INTERVIEW – CODE 36 IS EXCLUSIVE – IF CODE 36 THEN CLOSE INTERVIEW),What is your nationality? Please tell me the country(ies) that applies(y). (MULTIPLE ANSWERS POSSIBLE) (CODE 35 CANNOT BE THE ONLY ANSWER OTHERWISE CLOSE THE INTERVIEW – CODE 36 IS EXCLUSIVE – IF CODE 36 THEN CLOSE INTERVIEW),Eurobarometer semantic union consensus,288,ZA7601,UNION_CONSENSUS,ZA5565;ZA5566;ZA5596;ZA5598;ZA5612;ZA5685;ZA5686;ZA5689;ZA5876;ZA5878;ZA5913;ZA5914;ZA5929;ZA5930;ZA5931;ZA5932;ZA5933;ZA5964;ZA5965;ZA5998;ZA6595;ZA6596;ZA6642;ZA6693;ZA6696;ZA6697;ZA6861;ZA6862;ZA6925;ZA6927;ZA6939;ZA6963;ZA7484;ZA7488;ZA7489;ZA7556;ZA7561;ZA7562;ZA7575;ZA7576,40,1.000000,1.000000,0.000000,UNION_CONSENSUS,40,1
q1_23,Q1,NATIONALITY: POLAND,What is your nationality? Please tell me the country(ies) that applies(y). (MULTIPLE ANSWERS POSSIBLE) (CODE 35 CANNOT BE THE ONLY ANSWER OTHERWISE CLOSE THE INTERVIEW – CODE 36 IS EXCLUSIVE – IF CODE 36 THEN CLOSE INTERVIEW),What is your nationality? Please tell me the country(ies) that applies(y). (MULTIPLE ANSWERS POSSIBLE) (CODE 35 CANNOT BE THE ONLY ANSWER OTHERWISE CLOSE THE INTERVIEW – CODE 36 IS EXCLUSIVE – IF CODE 36 THEN CLOSE INTERVIEW),Eurobarometer semantic union consensus,290,ZA7601,UNION_CONSENSUS,ZA5565;ZA5566;ZA5596;ZA5598;ZA5612;ZA5685;ZA5686;ZA5689;ZA5876;ZA5878;ZA5913;ZA5914;ZA5929;ZA5930;ZA5931;ZA5932;ZA5933;ZA5964;ZA5965;ZA5998;ZA6595;ZA6596;ZA6642;ZA6693;ZA6696;ZA6697;ZA6861;ZA6862;ZA6925;ZA6927;ZA6939;ZA6963;ZA7484;ZA7488;ZA7489;ZA7556;ZA7561;ZA7562;ZA7575;ZA7576,40,1.000000,1.000000,0.000000,UNION_CONSENSUS,40,1
q1_24,Q1,NATIONALITY: SLOVAKIA,What is your nationality? Please tell me the country(ies) that applies(y). (MULTIPLE ANSWERS POSSIBLE) (CODE 35 CANNOT BE THE ONLY ANSWER OTHERWISE CLOSE THE INTERVIEW – CODE 36 IS EXCLUSIVE – IF CODE 36 THEN CLOSE INTERVIEW),What is your nationality? Please tell me the country(ies) that applies(y). (MULTIPLE ANSWERS POSSIBLE) (CODE 35 CANNOT BE THE ONLY ANSWER OTHERWISE CLOSE THE INTERVIEW – CODE 36 IS EXCLUSIVE – IF CODE 36 THEN CLOSE INTERVIEW),Eurobarometer semantic union consensus,292,ZA7601,UNION_CONSENSUS,ZA5565;ZA5566;ZA5596;ZA5598;ZA5612;ZA5685;ZA5686;ZA5689;ZA5876;ZA5878;ZA5913;ZA5914;ZA5929;ZA5930;ZA5931;ZA5932;ZA5933;ZA5964;ZA5965;ZA5998;ZA6595;ZA6596;ZA6642;ZA6693;ZA6696;ZA6697;ZA6861;ZA6862;ZA6925;ZA6927;ZA6939;ZA6963;ZA7484;ZA7488;ZA7489;ZA7556;ZA7561;ZA7562;ZA7575;ZA7576,40,1.000000,1.000000,0.000000,UNION_CONSENSUS,40,1
q1_25,Q1,NATIONALITY: SLOVENIA,What is your nationality? Please tell me the country(ies) that applies(y). (MULTIPLE ANSWERS POSSIBLE) (CODE 35 CANNOT BE THE ONLY ANSWER OTHERWISE CLOSE THE INTERVIEW – CODE 36 IS EXCLUSIVE – IF CODE 36 THEN CLOSE INTERVIEW),What is your nationality? Please tell me the country(ies) that applies(y). (MULTIPLE ANSWERS POSSIBLE) (CODE 35 CANNOT BE THE ONLY ANSWER OTHERWISE CLOSE THE INTERVIEW – CODE 36 IS EXCLUSIVE – IF CODE 36 THEN CLOSE INTERVIEW),Eurobarometer semantic union consensus,294,ZA7601,UNION_CONSENSUS,ZA5565;ZA5566;ZA5596;ZA5598;ZA5612;ZA5685;ZA5686;ZA5689;ZA5876;ZA5878;ZA5913;ZA5914;ZA5929;ZA5930;ZA5931;ZA5932;ZA5933;ZA5964;ZA5965;ZA5998;ZA6595;ZA6596;ZA6642;ZA6693;ZA6696;ZA6697;ZA6861;ZA6862;ZA6925;ZA6927;ZA6939;ZA6963;ZA7484;ZA7488;ZA7489;ZA7556;ZA7561;ZA7562;ZA7575;ZA7576,40,1.000000,1.000000,0.000000,UNION_CONSENSUS,40,1
q1_26,Q1,NATIONALITY: BULGARIA,What is your nationality? Please tell me the country(ies) that applies(y). (MULTIPLE ANSWERS POSSIBLE) (CODE 35 CANNOT BE THE ONLY ANSWER OTHERWISE CLOSE THE INTERVIEW – CODE 36 IS EXCLUSIVE – IF CODE 36 THEN CLOSE INTERVIEW),What is your nationality? Please tell me the country(ies) that applies(y). (MULTIPLE ANSWERS POSSIBLE) (CODE 35 CANNOT BE THE ONLY ANSWER OTHERWISE CLOSE THE INTERVIEW – CODE 36 IS EXCLUSIVE – IF CODE 36 THEN CLOSE INTERVIEW),Eurobarometer semantic union consensus,296,ZA7601,UNION_CONSENSUS,ZA5565;ZA5566;ZA5596;ZA5598;ZA5612;ZA5685;ZA5686;ZA5689;ZA5876;ZA5878;ZA5913;ZA5914;ZA5929;ZA5930;ZA5931;ZA5932;ZA5933;ZA5964;ZA5965;ZA5998;ZA6595;ZA6596;ZA6642;ZA6693;ZA6696;ZA6697;ZA6861;ZA6862;ZA6925;ZA6927;ZA6939;ZA6963;ZA7484;ZA7488;ZA7489;ZA7556;ZA7561;ZA7562;ZA7575;ZA7576,40,1.000000,1.000000,0.000000,UNION_CONSENSUS,40,1
q1_27,Q1,NATIONALITY: ROMANIA,What is your nationality? Please tell me the country(ies) that applies(y). (MULTIPLE ANSWERS POSSIBLE) (CODE 35 CANNOT BE THE ONLY ANSWER OTHERWISE CLOSE THE INTERVIEW – CODE 36 IS EXCLUSIVE – IF CODE 36 THEN CLOSE INTERVIEW),What is your nationality? Please tell me the country(ies) that applies(y). (MULTIPLE ANSWERS POSSIBLE) (CODE 35 CANNOT BE THE ONLY ANSWER OTHERWISE CLOSE THE INTERVIEW – CODE 36 IS EXCLUSIVE – IF CODE 36 THEN CLOSE INTERVIEW),Eurobarometer semantic union consensus,298,ZA7601,UNION_CONSENSUS,ZA5565;ZA5566;ZA5596;ZA5598;ZA5612;ZA5685;ZA5686;ZA5689;ZA5876;ZA5878;ZA5913;ZA5914;ZA5929;ZA5930;ZA5931;ZA5932;ZA5933;ZA5964;ZA5965;ZA5998;ZA6595;ZA6596;ZA6642;ZA6693;ZA6696;ZA6697;ZA6861;ZA6862;ZA6925;ZA6927;ZA6939;ZA6963;ZA7484;ZA7488;ZA7489;ZA7556;ZA7561;ZA7562;ZA7575;ZA7576,40,1.000000,1.000000,0.000000,UNION_CONSENSUS,40,1
q1_28,Q1,NATIONALITY: CROATIA,What is your nationality? Please tell me the country(ies) that applies(y). (MULTIPLE ANSWERS POSSIBLE) (CODE 35 CANNOT BE THE ONLY ANSWER OTHERWISE CLOSE THE INTERVIEW – CODE 36 IS EXCLUSIVE – IF CODE 36 THEN CLOSE INTERVIEW),What is your nationality? Please tell me the country(ies) that applies(y). (MULTIPLE ANSWERS POSSIBLE) (CODE 35 CANNOT BE THE ONLY ANSWER OTHERWISE CLOSE THE INTERVIEW – CODE 36 IS EXCLUSIVE – IF CODE 36 THEN CLOSE INTERVIEW),Eurobarometer semantic union consensus,300,ZA7601,UNION_CONSENSUS,ZA5686;ZA5876;ZA5878;ZA5913;ZA5914;ZA5929;ZA5930;ZA5931;ZA5932;ZA5933;ZA5964;ZA5965;ZA5998;ZA6595;ZA6596;ZA6642;ZA6693;ZA6696;ZA6697;ZA6861;ZA6862;ZA6925;ZA6927;ZA6939;ZA6963;ZA7484;ZA7488;ZA7489;ZA7556;ZA7561;ZA7562;ZA7575;ZA7576,33,0.825000,1.000000,0.000000,UNION_CONSENSUS,40,3
q1_29,Q1,NATIONALITY: TURKEY,ASK ITEM 29 ONLY IN TURKEY What is your nationality? Please tell me the country(ies) that applies(y). (MULTIPLE ANSWERS POSSIBLE) (CODE 35 CANNOT BE THE ONLY ANSWER OTHERWISE CLOSE THE INTERVIEW – CODE 36 IS EXCLUSIVE – IF CODE 36 THEN CLOSE INTERVIEW),ASK ITEM 29 ONLY IN TURKEY What is your nationality? Please tell me the country(ies) that applies(y). (MULTIPLE ANSWERS POSSIBLE) (CODE 35 CANNOT BE THE ONLY ANSWER OTHERWISE CLOSE THE INTERVIEW – CODE 36 IS EXCLUSIVE – IF CODE 36 THEN CLOSE INTERVIEW),Eurobarometer semantic union support match,302,ZA7601,UNION_SUPPORT_MATCH,ZA5876;ZA5932;ZA5998;ZA6963;ZA7489;ZA7576,6,0.150000,1.000000,0.000000,UNION_SUPPORT_MATCH,40,4
q1_30,Q1,NATIONALITY: CYPRUS TCC,ASK ITEM 30 ONLY IN TURKISH CYPRIOT COMMUNITY What is your nationality? Please tell me the country(ies) that applies(y). (MULTIPLE ANSWERS POSSIBLE) (CODE 35 CANNOT BE THE ONLY ANSWER OTHERWISE CLOSE THE INTERVIEW – CODE 36 IS EXCLUSIVE – IF CODE 36 THEN CLOSE INTERVIEW),ASK ITEM 30 ONLY IN TURKISH CYPRIOT COMMUNITY What is your nationality? Please tell me the country(ies) that applies(y). (MULTIPLE ANSWERS POSSIBLE) (CODE 35 CANNOT BE THE ONLY ANSWER OTHERWISE CLOSE THE INTERVIEW – CODE 36 IS EXCLUSIVE – IF CODE 36 THEN CLOSE INTERVIEW),Eurobarometer semantic union support match,304,ZA7601,UNION_SUPPORT_MATCH,ZA5612;ZA5685;ZA5689;ZA5876;ZA5932;ZA5998;ZA6963;ZA7489;ZA7576,9,0.243243,1.000000,0.000000,UNION_SUPPORT_MATCH,37,3
q1_31,Q1,NATIONALITY: MAKEDONIA (FYROM),ASK ITEM 31 ONLY IN FORMER YUGOSLAV REPUBLIC OF MACEDONIA What is your nationality? Please tell me the country(ies) that applies(y). (MULTIPLE ANSWERS POSSIBLE) (CODE 35 CANNOT BE THE ONLY ANSWER OTHERWISE CLOSE THE INTERVIEW – CODE 36 IS EXCLUSIVE – IF CODE 36 THEN CLOSE INTERVIEW),ASK ITEM 31 ONLY IN FORMER YUGOSLAV REPUBLIC OF MACEDONIA What is your nationality? Please tell me the country(ies) that applies(y). (MULTIPLE ANSWERS POSSIBLE) (CODE 35 CANNOT BE THE ONLY ANSWER OTHERWISE CLOSE THE INTERVIEW – CODE 36 IS EXCLUSIVE – IF CODE 36 THEN CLOSE INTERVIEW),Eurobarometer semantic union context match,210,ZA7601,UNION_CONTEXT_MATCH,ZA5932;ZA5998;ZA6963;ZA7489,4,0.400000,1.000000,0.607355,UNION_CONTEXT_MATCH,10,4
q1_32,Q1,NATIONALITY: MONTENEGRO,ASK ITEM 32 ONLY IN MONTENEGRO What is your nationality? Please tell me the country(ies) that applies(y). (MULTIPLE ANSWERS POSSIBLE) (CODE 35 CANNOT BE THE ONLY ANSWER OTHERWISE CLOSE THE INTERVIEW – CODE 36 IS EXCLUSIVE – IF CODE 36 THEN CLOSE INTERVIEW),ASK ITEM 32 ONLY IN MONTENEGRO What is your nationality? Please tell me the country(ies) that applies(y). (MULTIPLE ANSWERS POSSIBLE) (CODE 35 CANNOT BE THE ONLY ANSWER OTHERWISE CLOSE THE INTERVIEW – CODE 36 IS EXCLUSIVE – IF CODE 36 THEN CLOSE INTERVIEW),Eurobarometer semantic union context match,211,ZA7601,UNION_CONTEXT_MATCH,ZA5998;ZA6963;ZA7489;ZA7576,4,0.400000,1.000000,0.607355,UNION_CONTEXT_MATCH,10,3
q1_33,Q1,NATIONALITY: SERBIA,ASK ITEM 33 ONLY IN SERBIA What is your nationality? Please tell me the country(ies) that applies(y). (MULTIPLE ANSWERS POSSIBLE) (CODE 35 CANNOT BE THE ONLY ANSWER OTHERWISE CLOSE THE INTERVIEW – CODE 36 IS EXCLUSIVE – IF CODE 36 THEN CLOSE INTERVIEW),ASK ITEM 33 ONLY IN SERBIA What is your nationality? Please tell me the country(ies) that applies(y). (MULTIPLE ANSWERS POSSIBLE) (CODE 35 CANNOT BE THE ONLY ANSWER OTHERWISE CLOSE THE INTERVIEW – CODE 36 IS EXCLUSIVE – IF CODE 36 THEN CLOSE INTERVIEW),Eurobarometer semantic union context match,212,ZA7601,UNION_CONTEXT_MATCH,ZA5998;ZA6963;ZA7489;ZA7576,4,0.400000,1.000000,0.607355,UNION_CONTEXT_MATCH,10,3
q1_34,Q1,NATIONALITY: ALBANIA,ASK ITEM 34 ONLY IN ALBANIA What is your nationality? Please tell me the country(ies) that applies(y). (MULTIPLE ANSWERS POSSIBLE) (CODE 35 CANNOT BE THE ONLY ANSWER OTHERWISE CLOSE THE INTERVIEW – CODE 36 IS EXCLUSIVE – IF CODE 36 THEN CLOSE INTERVIEW),ASK ITEM 34 ONLY IN ALBANIA What is your nationality? Please tell me the country(ies) that applies(y). (MULTIPLE ANSWERS POSSIBLE) (CODE 35 CANNOT BE THE ONLY ANSWER OTHERWISE CLOSE THE INTERVIEW – CODE 36 IS EXCLUSIVE – IF CODE 36 THEN CLOSE INTERVIEW),Eurobarometer semantic union context match,213,ZA7601,UNION_CONTEXT_MATCH,ZA5998;ZA6963;ZA7489;ZA7576,4,0.400000,1.000000,0.607355,UNION_CONTEXT_MATCH,10,3
q1_35,Q1,NATIONALITY: OTHER COUNTRIES,What is your nationality? Please tell me the country(ies) that applies(y). (MULTIPLE ANSWERS POSSIBLE) (CODE 35 CANNOT BE THE ONLY ANSWER OTHERWISE CLOSE THE INTERVIEW – CODE 36 IS EXCLUSIVE – IF CODE 36 THEN CLOSE INTERVIEW),What is your nationality? Please tell me the country(ies) that applies(y). (MULTIPLE ANSWERS POSSIBLE) (CODE 35 CANNOT BE THE ONLY ANSWER OTHERWISE CLOSE THE INTERVIEW – CODE 36 IS EXCLUSIVE – IF CODE 36 THEN CLOSE INTERVIEW),Eurobarometer semantic union consensus,311,ZA7601,UNION_CONSENSUS,ZA5612;ZA5685;ZA5689;ZA5876;ZA5998;ZA6963;ZA7489;ZA7576,8,0.888889,1.000000,0.000000,UNION_CONSENSUS,9,2
q1_36,Q1,NATIONALITY: DK,What is your nationality? Please tell me the country(ies) that applies(y). (MULTIPLE ANSWERS POSSIBLE) (CODE 35 CANNOT BE THE ONLY ANSWER OTHERWISE CLOSE THE INTERVIEW – CODE 36 IS EXCLUSIVE – IF CODE 36 THEN CLOSE INTERVIEW),What is your nationality? Please tell me the country(ies) that applies(y). (MULTIPLE ANSWERS POSSIBLE) (CODE 35 CANNOT BE THE ONLY ANSWER OTHERWISE CLOSE THE INTERVIEW – CODE 36 IS EXCLUSIVE – IF CODE 36 THEN CLOSE INTERVIEW),Eurobarometer semantic union consensus,313,ZA7601,UNION_CONSENSUS,ZA5612;ZA5685;ZA5689;ZA5876;ZA5998;ZA6963;ZA7489;ZA7576,8,0.888889,1.000000,0.000000,UNION_CONSENSUS,9,2
d70,D70,LIFE SATISFACTION,"ASK ALL On the whole, are you very satisfied, fairly satisfied, not very satisfied or not at all satisfied with the life you lead? (ONE ANSWER ONLY – CODE ‘NO ANSWER’ IN CODE 5)","ASK ALL On the whole, are you very satisfied, fairly satisfied, not very satisfied or not at all satisfied with the life you lead? (ONE ANSWER ONLY – CODE ‘NO ANSWER’ IN CODE 5)",Eurobarometer semantic union consensus,315,ZA7601,UNION_CONSENSUS,ZA5878;ZA5930;ZA5931;ZA5932;ZA5933;ZA5964;ZA5965;ZA5998;ZA6595;ZA6642;ZA6693;ZA6696;ZA6697;ZA6861;ZA6862;ZA6925;ZA6927;ZA6939;ZA6963;ZA7484;ZA7488;ZA7489;ZA7556;ZA7562;ZA7575;ZA7576,26,1.000000,1.000000,0.000000,UNION_CONSENSUS,26,1
d71a_1,D71A,POLITICAL DISCUSSION - NATIONAL MATTERS,"DO NOT ASK D71A IN CY-TCC – CY-TCC GO TO D71B When you get together with friends or relatives, would you say you discuss frequently, occasionally or never about...? (READ OUT – ONE ANSWER PER LINE – CODE ‘NO ANSWER’ IN CODE 4)","DO NOT ASK D71A IN CY-TCC – CY-TCC GO TO D71B When you get together with friends or relatives, would you say you discuss frequently, occasionally or never about...? (READ OUT – ONE ANSWER PER LINE – CODE ‘NO ANSWER’ IN CODE 4)",Eurobarometer semantic union consensus,317,ZA7601,UNION_CONSENSUS,ZA5932;ZA5998;ZA6963;ZA7489;ZA7576,5,1.000000,1.000000,0.000000,UNION_CONSENSUS,5,1
d71a_2,D71A,POLITICAL DISCUSSION - EUROPEAN MATTERS,"DO NOT ASK D71A IN CY-TCC – CY-TCC GO TO D71B When you get together with friends or relatives, would you say you discuss frequently, occasionally or never about...? (READ OUT – ONE ANSWER PER LINE – CODE ‘NO ANSWER’ IN CODE 4)","DO NOT ASK D71A IN CY-TCC – CY-TCC GO TO D71B When you get together with friends or relatives, would you say you discuss frequently, occasionally or never about...? (READ OUT – ONE ANSWER PER LINE – CODE ‘NO ANSWER’ IN CODE 4)",Eurobarometer semantic union consensus,319,ZA7601,UNION_CONSENSUS,ZA5932;ZA5998;ZA6963;ZA7489;ZA7576,5,1.000000,1.000000,0.000000,UNION_CONSENSUS,5,1
d71a_3,D71A,POLITICAL DISCUSSION - LOCAL MATTERS,"DO NOT ASK D71A IN CY-TCC – CY-TCC GO TO D71B When you get together with friends or relatives, would you say you discuss frequently, occasionally or never about...? (READ OUT – ONE ANSWER PER LINE – CODE ‘NO ANSWER’ IN CODE 4)","DO NOT ASK D71A IN CY-TCC – CY-TCC GO TO D71B When you get together with friends or relatives, would you say you discuss frequently, occasionally or never about...? (READ OUT – ONE ANSWER PER LINE – CODE ‘NO ANSWER’ IN CODE 4)",Eurobarometer semantic union consensus,321,ZA7601,UNION_CONSENSUS,ZA5932;ZA5998;ZA6963;ZA7489;ZA7576,5,1.000000,1.000000,0.000000,UNION_CONSENSUS,5,1
d71b_1,D71B,POLITICAL DISCUSSION - COMMUNITY MATTERS (CY-TCC),"ASK D71B ONLY IN CY-TCC – OTHERS GO TO QA1A When you get together with friends or relatives, would you say you discuss frequently, occasionally or never about...? (READ OUT – ONE ANSWER PER LINE – CODE ‘NO ANSWER’ IN CODE 4)","ASK D71B ONLY IN CY-TCC – OTHERS GO TO QA1A When you get together with friends or relatives, would you say you discuss frequently, occasionally or never about...? (READ OUT – ONE ANSWER PER LINE – CODE ‘NO ANSWER’ IN CODE 4)",Eurobarometer semantic union consensus,323,ZA7601,UNION_CONSENSUS,ZA5998;ZA6963;ZA7489;ZA7576,4,0.800000,1.000000,0.000000,UNION_CONSENSUS,5,2
d71b_2,D71B,POLITICAL DISCUSSION - EUROPEAN MATTERS (CY-TCC),"ASK D71B ONLY IN CY-TCC – OTHERS GO TO QA1A When you get together with friends or relatives, would you say you discuss frequently, occasionally or never about...? (READ OUT – ONE ANSWER PER LINE – CODE ‘NO ANSWER’ IN CODE 4)","ASK D71B ONLY IN CY-TCC – OTHERS GO TO QA1A When you get together with friends or relatives, would you say you discuss frequently, occasionally or never about...? (READ OUT – ONE ANSWER PER LINE – CODE ‘NO ANSWER’ IN CODE 4)",Eurobarometer semantic union consensus,324,ZA7601,UNION_CONSENSUS,ZA5998;ZA6963;ZA7489;ZA7576,4,0.800000,1.000000,0.000000,UNION_CONSENSUS,5,2
d71b_3,D71B,POLITICAL DISCUSSION - LOCAL MATTERS (CY-TCC),"ASK D71B ONLY IN CY-TCC – OTHERS GO TO QA1A When you get together with friends or relatives, would you say you discuss frequently, occasionally or never about...? (READ OUT – ONE ANSWER PER LINE – CODE ‘NO ANSWER’ IN CODE 4)","ASK D71B ONLY IN CY-TCC – OTHERS GO TO QA1A When you get together with friends or relatives, would you say you discuss frequently, occasionally or never about...? (READ OUT – ONE ANSWER PER LINE – CODE ‘NO ANSWER’ IN CODE 4)",Eurobarometer semantic union consensus,325,ZA7601,UNION_CONSENSUS,ZA5998;ZA6963;ZA7489;ZA7576,4,0.800000,1.000000,0.000000,UNION_CONSENSUS,5,2
polintr,,POLITICAL INTEREST INDEX (D71A/B_1/2/3),,POLITICAL INTEREST INDEX (D71A/B_1/2/3),Eurobarometer semantic union context match,229,ZA7601,UNION_CONTEXT_MATCH,ZA5932;ZA5998;ZA6963;ZA7489;ZA7576,5,0.147059,1.000000,0.607355,UNION_CONTEXT_MATCH,34,3
qa1a_1,QA1A,SITUATION: COUNTRY GENERAL,DO NOT ASK QA1A IN CY-TCC How would you judge the current situation in each of the following? (SHOW SCREEN – READ OUT – ONE ANSWER PER LINE – DISPLAY ‘99’ INSTEAD OF ‘DK’),DO NOT ASK QA1A IN CY-TCC How would you judge the current situation in each of the following? (SHOW SCREEN – READ OUT – ONE ANSWER PER LINE – DISPLAY ‘99’ INSTEAD OF ‘DK’),Eurobarometer semantic union support match,328,ZA7601,UNION_SUPPORT_MATCH,ZA6963;ZA7489;ZA7576,3,0.500000,1.000000,0.000000,UNION_SUPPORT_MATCH,6,3
qa1a_2,QA1A,SITUATION: NATIONAL ECONOMY,DO NOT ASK QA1A IN CY-TCC How would you judge the current situation in each of the following? (SHOW SCREEN – READ OUT – ONE ANSWER PER LINE – DISPLAY ‘99’ INSTEAD OF ‘DK’),DO NOT ASK QA1A IN CY-TCC How would you judge the current situation in each of the following? (SHOW SCREEN – READ OUT – ONE ANSWER PER LINE – DISPLAY ‘99’ INSTEAD OF ‘DK’),Eurobarometer semantic union support match,330,ZA7601,UNION_SUPPORT_MATCH,ZA6963;ZA7489;ZA7576,3,0.500000,1.000000,0.000000,UNION_SUPPORT_MATCH,6,3
qa1a_3,QA1A,SITUATION: EUROPEAN ECONOMY,DO NOT ASK QA1A IN CY-TCC How would you judge the current situation in each of the following? (SHOW SCREEN – READ OUT – ONE ANSWER PER LINE – DISPLAY ‘99’ INSTEAD OF ‘DK’),DO NOT ASK QA1A IN CY-TCC How would you judge the current situation in each of the following? (SHOW SCREEN – READ OUT – ONE ANSWER PER LINE – DISPLAY ‘99’ INSTEAD OF ‘DK’),Eurobarometer semantic union support match,332,ZA7601,UNION_SUPPORT_MATCH,ZA6963;ZA7489;ZA7576,3,0.600000,1.000000,0.000000,UNION_SUPPORT_MATCH,5,2
qa1a_4,QA1A,SITUATION: JOB PERSONAL,DO NOT ASK QA1A IN CY-TCC How would you judge the current situation in each of the following? (SHOW SCREEN – READ OUT – ONE ANSWER PER LINE – DISPLAY ‘99’ INSTEAD OF ‘DK’),DO NOT ASK QA1A IN CY-TCC How would you judge the current situation in each of the following? (SHOW SCREEN – READ OUT – ONE ANSWER PER LINE – DISPLAY ‘99’ INSTEAD OF ‘DK’),Eurobarometer semantic union support match,334,ZA7601,UNION_SUPPORT_MATCH,ZA6963;ZA7489;ZA7576,3,0.600000,1.000000,0.000000,UNION_SUPPORT_MATCH,5,2
qa1a_5,QA1A,SITUATION: FINANCIAL HH,DO NOT ASK QA1A IN CY-TCC How would you judge the current situation in each of the following? (SHOW SCREEN – READ OUT – ONE ANSWER PER LINE – DISPLAY ‘99’ INSTEAD OF ‘DK’),DO NOT ASK QA1A IN CY-TCC How would you judge the current situation in each of the following? (SHOW SCREEN – READ OUT – ONE ANSWER PER LINE – DISPLAY ‘99’ INSTEAD OF ‘DK’),Eurobarometer semantic union support match,336,ZA7601,UNION_SUPPORT_MATCH,ZA6963;ZA7489;ZA7576,3,0.600000,1.000000,0.000000,UNION_SUPPORT_MATCH,5,2
qa1a_6,QA1A,SITUATION: EMPLOYMENT COUNTRY,DO NOT ASK QA1A IN CY-TCC How would you judge the current situation in each of the following? (SHOW SCREEN – READ OUT – ONE ANSWER PER LINE – DISPLAY ‘99’ INSTEAD OF ‘DK’),DO NOT ASK QA1A IN CY-TCC How would you judge the current situation in each of the following? (SHOW SCREEN – READ OUT – ONE ANSWER PER LINE – DISPLAY ‘99’ INSTEAD OF ‘DK’),Eurobarometer semantic union support match,338,ZA7601,UNION_SUPPORT_MATCH,ZA6963;ZA7489;ZA7576,3,0.750000,1.000000,0.000000,UNION_SUPPORT_MATCH,4,2
qa1a_7,QA1A,SITUATION: PUBLIC SERVICES,DO NOT ASK QA1A IN CY-TCC How would you judge the current situation in each of the following? (SHOW SCREEN – READ OUT – ONE ANSWER PER LINE – DISPLAY ‘99’ INSTEAD OF ‘DK’),DO NOT ASK QA1A IN CY-TCC How would you judge the current situation in each of the following? (SHOW SCREEN – READ OUT – ONE ANSWER PER LINE – DISPLAY ‘99’ INSTEAD OF ‘DK’),Eurobarometer semantic union support match,340,ZA7601,UNION_SUPPORT_MATCH,ZA6963;ZA7489;ZA7576,3,0.750000,1.000000,0.000000,UNION_SUPPORT_MATCH,4,2
qa1b_1,QA1B,SITUATION: TCC GENERAL (TCC),ASK QA1B ONLY IN CY-TCC – OTHERS GO TO QA2A How would you judge the current situation in each of the following? (SHOW SCREEN – READ OUT – ONE ANSWER PER LINE – DISPLAY ‘99’ INSTEAD OF ‘DK’),ASK QA1B ONLY IN CY-TCC – OTHERS GO TO QA2A How would you judge the current situation in each of the following? (SHOW SCREEN – READ OUT – ONE ANSWER PER LINE – DISPLAY ‘99’ INSTEAD OF ‘DK’),Eurobarometer semantic union support match,342,ZA7601,UNION_SUPPORT_MATCH,ZA6963;ZA7489;ZA7576,3,0.428571,1.000000,0.000000,UNION_SUPPORT_MATCH,7,4
qa1b_2,QA1B,SITUATION: TCC ECONOMY (TCC),ASK QA1B ONLY IN CY-TCC – OTHERS GO TO QA2A How would you judge the current situation in each of the following? (SHOW SCREEN – READ OUT – ONE ANSWER PER LINE – DISPLAY ‘99’ INSTEAD OF ‘DK’),ASK QA1B ONLY IN CY-TCC – OTHERS GO TO QA2A How would you judge the current situation in each of the following? (SHOW SCREEN – READ OUT – ONE ANSWER PER LINE – DISPLAY ‘99’ INSTEAD OF ‘DK’),Eurobarometer semantic union support match,343,ZA7601,UNION_SUPPORT_MATCH,ZA6963;ZA7489;ZA7576,3,0.428571,1.000000,0.000000,UNION_SUPPORT_MATCH,7,4
qa1b_3,QA1B,SITUATION: EUROPEAN ECONOMY (TCC),ASK QA1B ONLY IN CY-TCC – OTHERS GO TO QA2A How would you judge the current situation in each of the following? (SHOW SCREEN – READ OUT – ONE ANSWER PER LINE – DISPLAY ‘99’ INSTEAD OF ‘DK’),ASK QA1B ONLY IN CY-TCC – OTHERS GO TO QA2A How would you judge the current situation in each of the following? (SHOW SCREEN – READ OUT – ONE ANSWER PER LINE – DISPLAY ‘99’ INSTEAD OF ‘DK’),Eurobarometer semantic union support match,344,ZA7601,UNION_SUPPORT_MATCH,ZA6963;ZA7489;ZA7576,3,0.428571,1.000000,0.000000,UNION_SUPPORT_MATCH,7,4
qa1b_4,QA1B,SITUATION: JOB PERSONAL (TCC),ASK QA1B ONLY IN CY-TCC – OTHERS GO TO QA2A How would you judge the current situation in each of the following? (SHOW SCREEN – READ OUT – ONE ANSWER PER LINE – DISPLAY ‘99’ INSTEAD OF ‘DK’),ASK QA1B ONLY IN CY-TCC – OTHERS GO TO QA2A How would you judge the current situation in each of the following? (SHOW SCREEN – READ OUT – ONE ANSWER PER LINE – DISPLAY ‘99’ INSTEAD OF ‘DK’),Eurobarometer semantic union support match,345,ZA7601,UNION_SUPPORT_MATCH,ZA6963;ZA7489;ZA7576,3,0.500000,1.000000,0.000000,UNION_SUPPORT_MATCH,6,3
qa1b_5,QA1B,SITUATION: FINANCIAL HH (TCC),ASK QA1B ONLY IN CY-TCC – OTHERS GO TO QA2A How would you judge the current situation in each of the following? (SHOW SCREEN – READ OUT – ONE ANSWER PER LINE – DISPLAY ‘99’ INSTEAD OF ‘DK’),ASK QA1B ONLY IN CY-TCC – OTHERS GO TO QA2A How would you judge the current situation in each of the following? (SHOW SCREEN – READ OUT – ONE ANSWER PER LINE – DISPLAY ‘99’ INSTEAD OF ‘DK’),Eurobarometer semantic union support match,346,ZA7601,UNION_SUPPORT_MATCH,ZA6963;ZA7489;ZA7576,3,0.500000,1.000000,0.000000,UNION_SUPPORT_MATCH,6,3
qa1b_6,QA1B,SITUATION: EMPLOYMENT (TCC),ASK QA1B ONLY IN CY-TCC – OTHERS GO TO QA2A How would you judge the current situation in each of the following? (SHOW SCREEN – READ OUT – ONE ANSWER PER LINE – DISPLAY ‘99’ INSTEAD OF ‘DK’),ASK QA1B ONLY IN CY-TCC – OTHERS GO TO QA2A How would you judge the current situation in each of the following? (SHOW SCREEN – READ OUT – ONE ANSWER PER LINE – DISPLAY ‘99’ INSTEAD OF ‘DK’),Eurobarometer semantic union support match,347,ZA7601,UNION_SUPPORT_MATCH,ZA6963;ZA7489;ZA7576,3,0.600000,1.000000,0.000000,UNION_SUPPORT_MATCH,5,3
qa1b_7,QA1B,SITUATION: PUBLIC SERVICES (TCC),ASK QA1B ONLY IN CY-TCC – OTHERS GO TO QA2A How would you judge the current situation in each of the following? (SHOW SCREEN – READ OUT – ONE ANSWER PER LINE – DISPLAY ‘99’ INSTEAD OF ‘DK’),ASK QA1B ONLY IN CY-TCC – OTHERS GO TO QA2A How would you judge the current situation in each of the following? (SHOW SCREEN – READ OUT – ONE ANSWER PER LINE – DISPLAY ‘99’ INSTEAD OF ‘DK’),Eurobarometer semantic union support match,348,ZA7601,UNION_SUPPORT_MATCH,ZA7576,1,0.333333,1.000000,0.000000,UNION_SUPPORT_MATCH,3,3
qa2a_1,QA2A,EXPECTATIONS: LIFE IN GENERAL,"DO NOT ASK QA2A IN CY-TCC – CY-TCC GO TO QA2B What are your expectations for the next twelve months: will the next twelve months be better, worse or the same, when it comes to...? (READ OUT – ONE ANSWER PER LINE)","DO NOT ASK QA2A IN CY-TCC – CY-TCC GO TO QA2B What are your expectations for the next twelve months: will the next twelve months be better, worse or the same, when it comes to...? (READ OUT – ONE ANSWER PER LINE)",Eurobarometer semantic union consensus,349,ZA7601,UNION_CONSENSUS,ZA5932;ZA5998;ZA6963;ZA7489;ZA7576,5,0.833333,1.000000,0.000000,UNION_CONSENSUS,6,2
qa2a_2,QA2A,EXPECTATIONS: COUNTRY IN GENERAL,"DO NOT ASK QA2A IN CY-TCC – CY-TCC GO TO QA2B What are your expectations for the next twelve months: will the next twelve months be better, worse or the same, when it comes to...? (READ OUT – ONE ANSWER PER LINE)","DO NOT ASK QA2A IN CY-TCC – CY-TCC GO TO QA2B What are your expectations for the next twelve months: will the next twelve months be better, worse or the same, when it comes to...? (READ OUT – ONE ANSWER PER LINE)",Eurobarometer semantic union support match,351,ZA7601,UNION_SUPPORT_MATCH,ZA6963;ZA7489;ZA7576,3,0.500000,1.000000,0.000000,UNION_SUPPORT_MATCH,6,4
qa2a_3,QA2A,EXPECTATIONS: ECONOMIC SITUATION CNTRY,"DO NOT ASK QA2A IN CY-TCC – CY-TCC GO TO QA2B What are your expectations for the next twelve months: will the next twelve months be better, worse or the same, when it comes to...? (READ OUT – ONE ANSWER PER LINE)","DO NOT ASK QA2A IN CY-TCC – CY-TCC GO TO QA2B What are your expectations for the next twelve months: will the next twelve months be better, worse or the same, when it comes to...? (READ OUT – ONE ANSWER PER LINE)",Eurobarometer semantic union context match,255,ZA7601,UNION_CONTEXT_MATCH,ZA6963,1,0.166667,1.000000,0.607355,UNION_CONTEXT_MATCH,6,4
qa2a_4,QA2A,EXPECTATIONS: FINANCIAL SITUATION HH,"DO NOT ASK QA2A IN CY-TCC – CY-TCC GO TO QA2B What are your expectations for the next twelve months: will the next twelve months be better, worse or the same, when it comes to...? (READ OUT – ONE ANSWER PER LINE)","DO NOT ASK QA2A IN CY-TCC – CY-TCC GO TO QA2B What are your expectations for the next twelve months: will the next twelve months be better, worse or the same, when it comes to...? (READ OUT – ONE ANSWER PER LINE)",Eurobarometer semantic union support match,355,ZA7601,UNION_SUPPORT_MATCH,ZA6963;ZA7489;ZA7576,3,0.500000,1.000000,0.000000,UNION_SUPPORT_MATCH,6,4
qa2a_5,QA2A,EXPECTATIONS: EMPLOYMENT SITUATION CNTRY,"DO NOT ASK QA2A IN CY-TCC – CY-TCC GO TO QA2B What are your expectations for the next twelve months: will the next twelve months be better, worse or the same, when it comes to...? (READ OUT – ONE ANSWER PER LINE)","DO NOT ASK QA2A IN CY-TCC – CY-TCC GO TO QA2B What are your expectations for the next twelve months: will the next twelve months be better, worse or the same, when it comes to...? (READ OUT – ONE ANSWER PER LINE)",Eurobarometer semantic union support match,357,ZA7601,UNION_SUPPORT_MATCH,ZA6963;ZA7489;ZA7576,3,0.500000,1.000000,0.000000,UNION_SUPPORT_MATCH,6,3
qa2a_6,QA2A,EXPECTATIONS: PERS JOB SITUATION,"DO NOT ASK QA2A IN CY-TCC – CY-TCC GO TO QA2B What are your expectations for the next twelve months: will the next twelve months be better, worse or the same, when it comes to...? (READ OUT – ONE ANSWER PER LINE)","DO NOT ASK QA2A IN CY-TCC – CY-TCC GO TO QA2B What are your expectations for the next twelve months: will the next twelve months be better, worse or the same, when it comes to...? (READ OUT – ONE ANSWER PER LINE)",Eurobarometer semantic union support match,359,ZA7601,UNION_SUPPORT_MATCH,ZA6963;ZA7489;ZA7576,3,0.600000,1.000000,0.000000,UNION_SUPPORT_MATCH,5,2
qa2a_7,QA2A,EXPECTATIONS: ECONOMIC SITUATION EU,"DO NOT ASK QA2A IN CY-TCC – CY-TCC GO TO QA2B What are your expectations for the next twelve months: will the next twelve months be better, worse or the same, when it comes to...? (READ OUT – ONE ANSWER PER LINE)","DO NOT ASK QA2A IN CY-TCC – CY-TCC GO TO QA2B What are your expectations for the next twelve months: will the next twelve months be better, worse or the same, when it comes to...? (READ OUT – ONE ANSWER PER LINE)",Eurobarometer semantic union consensus,361,ZA7601,UNION_CONSENSUS,ZA6963;ZA7489;ZA7576,3,1.000000,1.000000,0.000000,UNION_CONSENSUS,3,1
qa2b_1,QA2B,EXPECTATIONS: LIFE IN GENERAL (TCC),"ASK QA2B ONLY IN CY-TCC – OTHERS GO TO QA3A What are your expectations for the next twelve months: will the next twelve months be better, worse or the same, when it comes to...? (READ OUT – ONE ANSWER PER LINE)","ASK QA2B ONLY IN CY-TCC – OTHERS GO TO QA3A What are your expectations for the next twelve months: will the next twelve months be better, worse or the same, when it comes to...? (READ OUT – ONE ANSWER PER LINE)",Eurobarometer semantic union support match,363,ZA7601,UNION_SUPPORT_MATCH,ZA5932;ZA5998;ZA6963;ZA7489;ZA7576,5,0.714286,1.000000,0.000000,UNION_SUPPORT_MATCH,7,3
qa2b_2,QA2B,EXPECTATIONS: TCC IN GENERAL (TCC),"ASK QA2B ONLY IN CY-TCC – OTHERS GO TO QA3A What are your expectations for the next twelve months: will the next twelve months be better, worse or the same, when it comes to...? (READ OUT – ONE ANSWER PER LINE)","ASK QA2B ONLY IN CY-TCC – OTHERS GO TO QA3A What are your expectations for the next twelve months: will the next twelve months be better, worse or the same, when it comes to...? (READ OUT – ONE ANSWER PER LINE)",Eurobarometer semantic union support match,364,ZA7601,UNION_SUPPORT_MATCH,ZA6963;ZA7489;ZA7576,3,0.428571,1.000000,0.000000,UNION_SUPPORT_MATCH,7,4
qa2b_3,QA2B,EXPECTATIONS: ECONOMIC SITUATION TCC,"ASK QA2B ONLY IN CY-TCC – OTHERS GO TO QA3A What are your expectations for the next twelve months: will the next twelve months be better, worse or the same, when it comes to...? (READ OUT – ONE ANSWER PER LINE)","ASK QA2B ONLY IN CY-TCC – OTHERS GO TO QA3A What are your expectations for the next twelve months: will the next twelve months be better, worse or the same, when it comes to...? (READ OUT – ONE ANSWER PER LINE)",Eurobarometer semantic union support match,365,ZA7601,UNION_SUPPORT_MATCH,ZA6963;ZA7489;ZA7576,3,0.428571,1.000000,0.000000,UNION_SUPPORT_MATCH,7,4
qa2b_4,QA2B,EXPECTATIONS: FINANCIAL SITUATION HH (TCC),"ASK QA2B ONLY IN CY-TCC – OTHERS GO TO QA3A What are your expectations for the next twelve months: will the next twelve months be better, worse or the same, when it comes to...? (READ OUT – ONE ANSWER PER LINE)","ASK QA2B ONLY IN CY-TCC – OTHERS GO TO QA3A What are your expectations for the next twelve months: will the next twelve months be better, worse or the same, when it comes to...? (READ OUT – ONE ANSWER PER LINE)",Eurobarometer semantic union support match,366,ZA7601,UNION_SUPPORT_MATCH,ZA6963;ZA7489;ZA7576,3,0.428571,1.000000,0.000000,UNION_SUPPORT_MATCH,7,4
qa2b_5,QA2B,EXPECTATIONS: EMPLOYMENT SITUATION (TCC),"ASK QA2B ONLY IN CY-TCC – OTHERS GO TO QA3A What are your expectations for the next twelve months: will the next twelve months be better, worse or the same, when it comes to...? (READ OUT – ONE ANSWER PER LINE)","ASK QA2B ONLY IN CY-TCC – OTHERS GO TO QA3A What are your expectations for the next twelve months: will the next twelve months be better, worse or the same, when it comes to...? (READ OUT – ONE ANSWER PER LINE)",Eurobarometer semantic union support match,367,ZA7601,UNION_SUPPORT_MATCH,ZA6963;ZA7489;ZA7576,3,0.428571,1.000000,0.000000,UNION_SUPPORT_MATCH,7,4
qa2b_6,QA2B,EXPECTATIONS: PERS JOB SITUATION (TCC),"ASK QA2B ONLY IN CY-TCC – OTHERS GO TO QA3A What are your expectations for the next twelve months: will the next twelve months be better, worse or the same, when it comes to...? (READ OUT – ONE ANSWER PER LINE)","ASK QA2B ONLY IN CY-TCC – OTHERS GO TO QA3A What are your expectations for the next twelve months: will the next twelve months be better, worse or the same, when it comes to...? (READ OUT – ONE ANSWER PER LINE)",Eurobarometer semantic union support match,368,ZA7601,UNION_SUPPORT_MATCH,ZA6963;ZA7489;ZA7576,3,0.500000,1.000000,0.000000,UNION_SUPPORT_MATCH,6,3
qa2b_7,QA2B,EXPECTATIONS: ECONOMIC SITUATION EU (TCC),"ASK QA2B ONLY IN CY-TCC – OTHERS GO TO QA3A What are your expectations for the next twelve months: will the next twelve months be better, worse or the same, when it comes to...? (READ OUT – ONE ANSWER PER LINE)","ASK QA2B ONLY IN CY-TCC – OTHERS GO TO QA3A What are your expectations for the next twelve months: will the next twelve months be better, worse or the same, when it comes to...? (READ OUT – ONE ANSWER PER LINE)",Eurobarometer semantic union support match,369,ZA7601,UNION_SUPPORT_MATCH,ZA6963;ZA7489;ZA7576,3,0.750000,1.000000,0.000000,UNION_SUPPORT_MATCH,4,2
qa3a_1,QA3A,IMPORTANT ISSUES CNTRY: CRIME,DO NOT ASK QA3A AND QA4A IN CY-TCC – CY-TCC GO TO QA3B What do you think are the two most important issues facing (OUR COUNTRY) at the moment? (SHOW SCREEN – READ OUT – MAX. 2 ANSWERS – ROTATE ANSWERS 1 TO 13 – DISPLAY ‘96’ ON SCREEN INSTEAD OF ‘OTHER’ – CODES 15 AND 16 ARE EXCLUSIVE),DO NOT ASK QA3A AND QA4A IN CY-TCC – CY-TCC GO TO QA3B What do you think are the two most important issues facing (OUR COUNTRY) at the moment? (SHOW SCREEN – READ OUT – MAX. 2 ANSWERS – ROTATE ANSWERS 1 TO 13 – DISPLAY ‘96’ ON SCREEN INSTEAD OF ‘OTHER’ – CODES 15 AND 16 ARE EXCLUSIVE),Eurobarometer semantic union support match,370,ZA7601,UNION_SUPPORT_MATCH,ZA5932;ZA5998;ZA6963;ZA7489;ZA7576,5,0.625000,1.000000,0.000000,UNION_SUPPORT_MATCH,8,3
qa3a_2,QA3A,IMPORTANT ISSUES CNTRY: ECONOMIC SITUATION,DO NOT ASK QA3A AND QA4A IN CY-TCC – CY-TCC GO TO QA3B What do you think are the two most important issues facing (OUR COUNTRY) at the moment? (SHOW SCREEN – READ OUT – MAX. 2 ANSWERS – ROTATE ANSWERS 1 TO 13 – DISPLAY ‘96’ ON SCREEN INSTEAD OF ‘OTHER’ – CODES 15 AND 16 ARE EXCLUSIVE),DO NOT ASK QA3A AND QA4A IN CY-TCC – CY-TCC GO TO QA3B What do you think are the two most important issues facing (OUR COUNTRY) at the moment? (SHOW SCREEN – READ OUT – MAX. 2 ANSWERS – ROTATE ANSWERS 1 TO 13 – DISPLAY ‘96’ ON SCREEN INSTEAD OF ‘OTHER’ – CODES 15 AND 16 ARE EXCLUSIVE),Eurobarometer semantic union support match,372,ZA7601,UNION_SUPPORT_MATCH,ZA5932;ZA5998;ZA6963;ZA7489;ZA7576,5,0.625000,1.000000,0.000000,UNION_SUPPORT_MATCH,8,3
qa3a_3,QA3A,IMPORTANT ISSUES CNTRY: RISING PRICES/INFLATION/COST OF LIVING,DO NOT ASK QA3A AND QA4A IN CY-TCC – CY-TCC GO TO QA3B What do you think are the two most important issues facing (OUR COUNTRY) at the moment? (SHOW SCREEN – READ OUT – MAX. 2 ANSWERS – ROTATE ANSWERS 1 TO 13 – DISPLAY ‘96’ ON SCREEN INSTEAD OF ‘OTHER’ – CODES 15 AND 16 ARE EXCLUSIVE),DO NOT ASK QA3A AND QA4A IN CY-TCC – CY-TCC GO TO QA3B What do you think are the two most important issues facing (OUR COUNTRY) at the moment? (SHOW SCREEN – READ OUT – MAX. 2 ANSWERS – ROTATE ANSWERS 1 TO 13 – DISPLAY ‘96’ ON SCREEN INSTEAD OF ‘OTHER’ – CODES 15 AND 16 ARE EXCLUSIVE),Eurobarometer semantic union support match,374,ZA7601,UNION_SUPPORT_MATCH,ZA5998;ZA6963;ZA7489;ZA7576,4,0.500000,1.000000,0.000000,UNION_SUPPORT_MATCH,8,4
qa3a_4,QA3A,IMPORTANT ISSUES CNTRY: TAXATION,DO NOT ASK QA3A AND QA4A IN CY-TCC – CY-TCC GO TO QA3B What do you think are the two most important issues facing (OUR COUNTRY) at the moment? (SHOW SCREEN – READ OUT – MAX. 2 ANSWERS – ROTATE ANSWERS 1 TO 13 – DISPLAY ‘96’ ON SCREEN INSTEAD OF ‘OTHER’ – CODES 15 AND 16 ARE EXCLUSIVE),DO NOT ASK QA3A AND QA4A IN CY-TCC – CY-TCC GO TO QA3B What do you think are the two most important issues facing (OUR COUNTRY) at the moment? (SHOW SCREEN – READ OUT – MAX. 2 ANSWERS – ROTATE ANSWERS 1 TO 13 – DISPLAY ‘96’ ON SCREEN INSTEAD OF ‘OTHER’ – CODES 15 AND 16 ARE EXCLUSIVE),Eurobarometer semantic union support match,376,ZA7601,UNION_SUPPORT_MATCH,ZA5932;ZA5998;ZA6963;ZA7489;ZA7576,5,0.625000,1.000000,0.000000,UNION_SUPPORT_MATCH,8,3
qa3a_5,QA3A,IMPORTANT ISSUES CNTRY: UNEMPLOYMENT,DO NOT ASK QA3A AND QA4A IN CY-TCC – CY-TCC GO TO QA3B What do you think are the two most important issues facing (OUR COUNTRY) at the moment? (SHOW SCREEN – READ OUT – MAX. 2 ANSWERS – ROTATE ANSWERS 1 TO 13 – DISPLAY ‘96’ ON SCREEN INSTEAD OF ‘OTHER’ – CODES 15 AND 16 ARE EXCLUSIVE),DO NOT ASK QA3A AND QA4A IN CY-TCC – CY-TCC GO TO QA3B What do you think are the two most important issues facing (OUR COUNTRY) at the moment? (SHOW SCREEN – READ OUT – MAX. 2 ANSWERS – ROTATE ANSWERS 1 TO 13 – DISPLAY ‘96’ ON SCREEN INSTEAD OF ‘OTHER’ – CODES 15 AND 16 ARE EXCLUSIVE),Eurobarometer semantic union support match,378,ZA7601,UNION_SUPPORT_MATCH,ZA5932;ZA5998;ZA6963;ZA7489;ZA7576,5,0.625000,1.000000,0.000000,UNION_SUPPORT_MATCH,8,4
qa3a_6,QA3A,IMPORTANT ISSUES CNTRY: TERRORISM,DO NOT ASK QA3A AND QA4A IN CY-TCC – CY-TCC GO TO QA3B What do you think are the two most important issues facing (OUR COUNTRY) at the moment? (SHOW SCREEN – READ OUT – MAX. 2 ANSWERS – ROTATE ANSWERS 1 TO 13 – DISPLAY ‘96’ ON SCREEN INSTEAD OF ‘OTHER’ – CODES 15 AND 16 ARE EXCLUSIVE),DO NOT ASK QA3A AND QA4A IN CY-TCC – CY-TCC GO TO QA3B What do you think are the two most important issues facing (OUR COUNTRY) at the moment? (SHOW SCREEN – READ OUT – MAX. 2 ANSWERS – ROTATE ANSWERS 1 TO 13 – DISPLAY ‘96’ ON SCREEN INSTEAD OF ‘OTHER’ – CODES 15 AND 16 ARE EXCLUSIVE),Eurobarometer semantic union support match,380,ZA7601,UNION_SUPPORT_MATCH,ZA5932;ZA5998;ZA6963;ZA7489;ZA7576,5,0.625000,1.000000,0.000000,UNION_SUPPORT_MATCH,8,3
qa3a_7,QA3A,IMPORTANT ISSUES CNTRY: HOUSING,DO NOT ASK QA3A AND QA4A IN CY-TCC – CY-TCC GO TO QA3B What do you think are the two most important issues facing (OUR COUNTRY) at the moment? (SHOW SCREEN – READ OUT – MAX. 2 ANSWERS – ROTATE ANSWERS 1 TO 13 – DISPLAY ‘96’ ON SCREEN INSTEAD OF ‘OTHER’ – CODES 15 AND 16 ARE EXCLUSIVE),DO NOT ASK QA3A AND QA4A IN CY-TCC – CY-TCC GO TO QA3B What do you think are the two most important issues facing (OUR COUNTRY) at the moment? (SHOW SCREEN – READ OUT – MAX. 2 ANSWERS – ROTATE ANSWERS 1 TO 13 – DISPLAY ‘96’ ON SCREEN INSTEAD OF ‘OTHER’ – CODES 15 AND 16 ARE EXCLUSIVE),Eurobarometer semantic union consensus,382,ZA7601,UNION_CONSENSUS,ZA5932;ZA5998;ZA6963;ZA7489;ZA7576,5,1.000000,1.000000,0.000000,UNION_CONSENSUS,5,1
qa3a_8,QA3A,IMPORTANT ISSUES CNTRY: GOVERNMENT DEBT,DO NOT ASK QA3A AND QA4A IN CY-TCC – CY-TCC GO TO QA3B What do you think are the two most important issues facing (OUR COUNTRY) at the moment? (SHOW SCREEN – READ OUT – MAX. 2 ANSWERS – ROTATE ANSWERS 1 TO 13 – DISPLAY ‘96’ ON SCREEN INSTEAD OF ‘OTHER’ – CODES 15 AND 16 ARE EXCLUSIVE),DO NOT ASK QA3A AND QA4A IN CY-TCC – CY-TCC GO TO QA3B What do you think are the two most important issues facing (OUR COUNTRY) at the moment? (SHOW SCREEN – READ OUT – MAX. 2 ANSWERS – ROTATE ANSWERS 1 TO 13 – DISPLAY ‘96’ ON SCREEN INSTEAD OF ‘OTHER’ – CODES 15 AND 16 ARE EXCLUSIVE),Eurobarometer semantic union consensus,384,ZA7601,UNION_CONSENSUS,ZA5932;ZA5998;ZA6963;ZA7489;ZA7576,5,1.000000,1.000000,0.000000,UNION_CONSENSUS,5,1
qa3a_9,QA3A,IMPORTANT ISSUES CNTRY: IMMIGRATION,DO NOT ASK QA3A AND QA4A IN CY-TCC – CY-TCC GO TO QA3B What do you think are the two most important issues facing (OUR COUNTRY) at the moment? (SHOW SCREEN – READ OUT – MAX. 2 ANSWERS – ROTATE ANSWERS 1 TO 13 – DISPLAY ‘96’ ON SCREEN INSTEAD OF ‘OTHER’ – CODES 15 AND 16 ARE EXCLUSIVE),DO NOT ASK QA3A AND QA4A IN CY-TCC – CY-TCC GO TO QA3B What do you think are the two most important issues facing (OUR COUNTRY) at the moment? (SHOW SCREEN – READ OUT – MAX. 2 ANSWERS – ROTATE ANSWERS 1 TO 13 – DISPLAY ‘96’ ON SCREEN INSTEAD OF ‘OTHER’ – CODES 15 AND 16 ARE EXCLUSIVE),Eurobarometer semantic union consensus,386,ZA7601,UNION_CONSENSUS,ZA5932;ZA5998;ZA6963;ZA7489;ZA7576,5,1.000000,1.000000,0.000000,UNION_CONSENSUS,5,1
qa3a_10,QA3A,IMPORTANT ISSUES CNTRY: HEALTH & SOC SECURITY,DO NOT ASK QA3A AND QA4A IN CY-TCC – CY-TCC GO TO QA3B What do you think are the two most important issues facing (OUR COUNTRY) at the moment? (SHOW SCREEN – READ OUT – MAX. 2 ANSWERS – ROTATE ANSWERS 1 TO 13 – DISPLAY ‘96’ ON SCREEN INSTEAD OF ‘OTHER’ – CODES 15 AND 16 ARE EXCLUSIVE),DO NOT ASK QA3A AND QA4A IN CY-TCC – CY-TCC GO TO QA3B What do you think are the two most important issues facing (OUR COUNTRY) at the moment? (SHOW SCREEN – READ OUT – MAX. 2 ANSWERS – ROTATE ANSWERS 1 TO 13 – DISPLAY ‘96’ ON SCREEN INSTEAD OF ‘OTHER’ – CODES 15 AND 16 ARE EXCLUSIVE),Eurobarometer semantic union consensus,388,ZA7601,UNION_CONSENSUS,ZA5932;ZA5998;ZA6963;ZA7489;ZA7576,5,1.000000,1.000000,0.000000,UNION_CONSENSUS,5,1
qa3a_11,QA3A,IMPORTANT ISSUES CNTRY: EDUCATION SYSTEM,DO NOT ASK QA3A AND QA4A IN CY-TCC – CY-TCC GO TO QA3B What do you think are the two most important issues facing (OUR COUNTRY) at the moment? (SHOW SCREEN – READ OUT – MAX. 2 ANSWERS – ROTATE ANSWERS 1 TO 13 – DISPLAY ‘96’ ON SCREEN INSTEAD OF ‘OTHER’ – CODES 15 AND 16 ARE EXCLUSIVE),DO NOT ASK QA3A AND QA4A IN CY-TCC – CY-TCC GO TO QA3B What do you think are the two most important issues facing (OUR COUNTRY) at the moment? (SHOW SCREEN – READ OUT – MAX. 2 ANSWERS – ROTATE ANSWERS 1 TO 13 – DISPLAY ‘96’ ON SCREEN INSTEAD OF ‘OTHER’ – CODES 15 AND 16 ARE EXCLUSIVE),Eurobarometer semantic union consensus,390,ZA7601,UNION_CONSENSUS,ZA5932;ZA5998;ZA6963;ZA7489;ZA7576,5,1.000000,1.000000,0.000000,UNION_CONSENSUS,5,1
qa3a_12,QA3A,IMPORTANT ISSUES CNTRY: PENSIONS,DO NOT ASK QA3A AND QA4A IN CY-TCC – CY-TCC GO TO QA3B What do you think are the two most important issues facing (OUR COUNTRY) at the moment? (SHOW SCREEN – READ OUT – MAX. 2 ANSWERS – ROTATE ANSWERS 1 TO 13 – DISPLAY ‘96’ ON SCREEN INSTEAD OF ‘OTHER’ – CODES 15 AND 16 ARE EXCLUSIVE),DO NOT ASK QA3A AND QA4A IN CY-TCC – CY-TCC GO TO QA3B What do you think are the two most important issues facing (OUR COUNTRY) at the moment? (SHOW SCREEN – READ OUT – MAX. 2 ANSWERS – ROTATE ANSWERS 1 TO 13 – DISPLAY ‘96’ ON SCREEN INSTEAD OF ‘OTHER’ – CODES 15 AND 16 ARE EXCLUSIVE),Eurobarometer semantic union consensus,392,ZA7601,UNION_CONSENSUS,ZA5932;ZA5998;ZA6963;ZA7489;ZA7576,5,1.000000,1.000000,0.000000,UNION_CONSENSUS,5,1
qa3a_13,QA3A,IMPORTANT ISSUES CNTRY: THE ENVIRONMENT,DO NOT ASK QA3A AND QA4A IN CY-TCC – CY-TCC GO TO QA3B What do you think are the two most important issues facing (OUR COUNTRY) at the moment? (SHOW SCREEN – READ OUT – MAX. 2 ANSWERS – ROTATE ANSWERS 1 TO 13 – DISPLAY ‘96’ ON SCREEN INSTEAD OF ‘OTHER’ – CODES 15 AND 16 ARE EXCLUSIVE),DO NOT ASK QA3A AND QA4A IN CY-TCC – CY-TCC GO TO QA3B What do you think are the two most important issues facing (OUR COUNTRY) at the moment? (SHOW SCREEN – READ OUT – MAX. 2 ANSWERS – ROTATE ANSWERS 1 TO 13 – DISPLAY ‘96’ ON SCREEN INSTEAD OF ‘OTHER’ – CODES 15 AND 16 ARE EXCLUSIVE),Eurobarometer semantic union consensus,394,ZA7601,UNION_CONSENSUS,ZA5932;ZA5998;ZA6963;ZA7489;ZA7576,5,1.000000,1.000000,0.000000,UNION_CONSENSUS,5,1
qa3a_14,QA3A,IMPORTANT ISSUES CNTRY: OTHER (SPONT),DO NOT ASK QA3A AND QA4A IN CY-TCC – CY-TCC GO TO QA3B What do you think are the two most important issues facing (OUR COUNTRY) at the moment? (SHOW SCREEN – READ OUT – MAX. 2 ANSWERS – ROTATE ANSWERS 1 TO 13 – DISPLAY ‘96’ ON SCREEN INSTEAD OF ‘OTHER’ – CODES 15 AND 16 ARE EXCLUSIVE),DO NOT ASK QA3A AND QA4A IN CY-TCC – CY-TCC GO TO QA3B What do you think are the two most important issues facing (OUR COUNTRY) at the moment? (SHOW SCREEN – READ OUT – MAX. 2 ANSWERS – ROTATE ANSWERS 1 TO 13 – DISPLAY ‘96’ ON SCREEN INSTEAD OF ‘OTHER’ – CODES 15 AND 16 ARE EXCLUSIVE),Eurobarometer semantic union consensus,396,ZA7601,UNION_CONSENSUS,ZA5932;ZA5998;ZA6963;ZA7489;ZA7576,5,1.000000,1.000000,0.000000,UNION_CONSENSUS,5,1
qa3a_15,QA3A,IMPORTANT ISSUES CNTRY: NONE (SPONT),DO NOT ASK QA3A AND QA4A IN CY-TCC – CY-TCC GO TO QA3B What do you think are the two most important issues facing (OUR COUNTRY) at the moment? (SHOW SCREEN – READ OUT – MAX. 2 ANSWERS – ROTATE ANSWERS 1 TO 13 – DISPLAY ‘96’ ON SCREEN INSTEAD OF ‘OTHER’ – CODES 15 AND 16 ARE EXCLUSIVE),DO NOT ASK QA3A AND QA4A IN CY-TCC – CY-TCC GO TO QA3B What do you think are the two most important issues facing (OUR COUNTRY) at the moment? (SHOW SCREEN – READ OUT – MAX. 2 ANSWERS – ROTATE ANSWERS 1 TO 13 – DISPLAY ‘96’ ON SCREEN INSTEAD OF ‘OTHER’ – CODES 15 AND 16 ARE EXCLUSIVE),Eurobarometer semantic union consensus,398,ZA7601,UNION_CONSENSUS,ZA5932;ZA5998;ZA6963;ZA7489;ZA7576,5,1.000000,1.000000,0.000000,UNION_CONSENSUS,5,1
qa3a_16,QA3A,IMPORTANT ISSUES CNTRY: DK,DO NOT ASK QA3A AND QA4A IN CY-TCC – CY-TCC GO TO QA3B What do you think are the two most important issues facing (OUR COUNTRY) at the moment? (SHOW SCREEN – READ OUT – MAX. 2 ANSWERS – ROTATE ANSWERS 1 TO 13 – DISPLAY ‘96’ ON SCREEN INSTEAD OF ‘OTHER’ – CODES 15 AND 16 ARE EXCLUSIVE),DO NOT ASK QA3A AND QA4A IN CY-TCC – CY-TCC GO TO QA3B What do you think are the two most important issues facing (OUR COUNTRY) at the moment? (SHOW SCREEN – READ OUT – MAX. 2 ANSWERS – ROTATE ANSWERS 1 TO 13 – DISPLAY ‘96’ ON SCREEN INSTEAD OF ‘OTHER’ – CODES 15 AND 16 ARE EXCLUSIVE),Eurobarometer semantic union consensus,400,ZA7601,UNION_CONSENSUS,ZA5932;ZA5998;ZA6963;ZA7489;ZA7576,5,1.000000,1.000000,0.000000,UNION_CONSENSUS,5,1
qa3b_1,QA3B,IMPORTANT ISSUES TCC: CRIME,ASK QA3B AND QA4B ONLY IN CY-TCC – EU28 GO TO QA5 – CANDIDATE COUNTRIES GO TO D73A What do you think are the two most important issues facing our Community at the moment? (SHOW SCREEN – READ OUT – MAX. 2 ANSWERS – ROTATE ANSWERS 1 TO 13 – DISPLAY ‘96’ ON SCREEN INSTEAD OF ‘OTHER’ – CODES 15 AND 16 ARE EXCLUSIVE),ASK QA3B AND QA4B ONLY IN CY-TCC – EU28 GO TO QA5 – CANDIDATE COUNTRIES GO TO D73A What do you think are the two most important issues facing our Community at the moment? (SHOW SCREEN – READ OUT – MAX. 2 ANSWERS – ROTATE ANSWERS 1 TO 13 – DISPLAY ‘96’ ON SCREEN INSTEAD OF ‘OTHER’ – CODES 15 AND 16 ARE EXCLUSIVE),Eurobarometer semantic union support match,438,ZA7601,UNION_SUPPORT_MATCH,ZA5932;ZA5998;ZA6963;ZA7489;ZA7576,5,0.500000,1.000000,0.000000,UNION_SUPPORT_MATCH,10,5
qa3b_2,QA3B,IMPORTANT ISSUES TCC: ECONOMIC SITUATION,ASK QA3B AND QA4B ONLY IN CY-TCC – EU28 GO TO QA5 – CANDIDATE COUNTRIES GO TO D73A What do you think are the two most important issues facing our Community at the moment? (SHOW SCREEN – READ OUT – MAX. 2 ANSWERS – ROTATE ANSWERS 1 TO 13 – DISPLAY ‘96’ ON SCREEN INSTEAD OF ‘OTHER’ – CODES 15 AND 16 ARE EXCLUSIVE),ASK QA3B AND QA4B ONLY IN CY-TCC – EU28 GO TO QA5 – CANDIDATE COUNTRIES GO TO D73A What do you think are the two most important issues facing our Community at the moment? (SHOW SCREEN – READ OUT – MAX. 2 ANSWERS – ROTATE ANSWERS 1 TO 13 – DISPLAY ‘96’ ON SCREEN INSTEAD OF ‘OTHER’ – CODES 15 AND 16 ARE EXCLUSIVE),Eurobarometer semantic union support match,439,ZA7601,UNION_SUPPORT_MATCH,ZA5932;ZA5998;ZA6963;ZA7489;ZA7576,5,0.500000,1.000000,0.000000,UNION_SUPPORT_MATCH,10,5
qa3b_3,QA3B,IMPORTANT ISSUES TCC: RISING PRICES/INFLATION/COST OF LIVING,ASK QA3B AND QA4B ONLY IN CY-TCC – EU28 GO TO QA5 – CANDIDATE COUNTRIES GO TO D73A What do you think are the two most important issues facing our Community at the moment? (SHOW SCREEN – READ OUT – MAX. 2 ANSWERS – ROTATE ANSWERS 1 TO 13 – DISPLAY ‘96’ ON SCREEN INSTEAD OF ‘OTHER’ – CODES 15 AND 16 ARE EXCLUSIVE),ASK QA3B AND QA4B ONLY IN CY-TCC – EU28 GO TO QA5 – CANDIDATE COUNTRIES GO TO D73A What do you think are the two most important issues facing our Community at the moment? (SHOW SCREEN – READ OUT – MAX. 2 ANSWERS – ROTATE ANSWERS 1 TO 13 – DISPLAY ‘96’ ON SCREEN INSTEAD OF ‘OTHER’ – CODES 15 AND 16 ARE EXCLUSIVE),Eurobarometer semantic union support match,440,ZA7601,UNION_SUPPORT_MATCH,ZA5998;ZA6963;ZA7489;ZA7576,4,0.400000,1.000000,0.000000,UNION_SUPPORT_MATCH,10,6
qa3b_4,QA3B,IMPORTANT ISSUES TCC: TAXATION,ASK QA3B AND QA4B ONLY IN CY-TCC – EU28 GO TO QA5 – CANDIDATE COUNTRIES GO TO D73A What do you think are the two most important issues facing our Community at the moment? (SHOW SCREEN – READ OUT – MAX. 2 ANSWERS – ROTATE ANSWERS 1 TO 13 – DISPLAY ‘96’ ON SCREEN INSTEAD OF ‘OTHER’ – CODES 15 AND 16 ARE EXCLUSIVE),ASK QA3B AND QA4B ONLY IN CY-TCC – EU28 GO TO QA5 – CANDIDATE COUNTRIES GO TO D73A What do you think are the two most important issues facing our Community at the moment? (SHOW SCREEN – READ OUT – MAX. 2 ANSWERS – ROTATE ANSWERS 1 TO 13 – DISPLAY ‘96’ ON SCREEN INSTEAD OF ‘OTHER’ – CODES 15 AND 16 ARE EXCLUSIVE),Eurobarometer semantic union support match,441,ZA7601,UNION_SUPPORT_MATCH,ZA5932;ZA5998;ZA6963;ZA7489;ZA7576,5,0.500000,1.000000,0.000000,UNION_SUPPORT_MATCH,10,5
qa3b_5,QA3B,IMPORTANT ISSUES TCC: UNEMPLOYMENT,ASK QA3B AND QA4B ONLY IN CY-TCC – EU28 GO TO QA5 – CANDIDATE COUNTRIES GO TO D73A What do you think are the two most important issues facing our Community at the moment? (SHOW SCREEN – READ OUT – MAX. 2 ANSWERS – ROTATE ANSWERS 1 TO 13 – DISPLAY ‘96’ ON SCREEN INSTEAD OF ‘OTHER’ – CODES 15 AND 16 ARE EXCLUSIVE),ASK QA3B AND QA4B ONLY IN CY-TCC – EU28 GO TO QA5 – CANDIDATE COUNTRIES GO TO D73A What do you think are the two most important issues facing our Community at the moment? (SHOW SCREEN – READ OUT – MAX. 2 ANSWERS – ROTATE ANSWERS 1 TO 13 – DISPLAY ‘96’ ON SCREEN INSTEAD OF ‘OTHER’ – CODES 15 AND 16 ARE EXCLUSIVE),Eurobarometer semantic union support match,442,ZA7601,UNION_SUPPORT_MATCH,ZA5932;ZA5998;ZA6963;ZA7489;ZA7576,5,0.500000,1.000000,0.000000,UNION_SUPPORT_MATCH,10,6
qa3b_6,QA3B,IMPORTANT ISSUES TCC: TERRORISM,ASK QA3B AND QA4B ONLY IN CY-TCC – EU28 GO TO QA5 – CANDIDATE COUNTRIES GO TO D73A What do you think are the two most important issues facing our Community at the moment? (SHOW SCREEN – READ OUT – MAX. 2 ANSWERS – ROTATE ANSWERS 1 TO 13 – DISPLAY ‘96’ ON SCREEN INSTEAD OF ‘OTHER’ – CODES 15 AND 16 ARE EXCLUSIVE),ASK QA3B AND QA4B ONLY IN CY-TCC – EU28 GO TO QA5 – CANDIDATE COUNTRIES GO TO D73A What do you think are the two most important issues facing our Community at the moment? (SHOW SCREEN – READ OUT – MAX. 2 ANSWERS – ROTATE ANSWERS 1 TO 13 – DISPLAY ‘96’ ON SCREEN INSTEAD OF ‘OTHER’ – CODES 15 AND 16 ARE EXCLUSIVE),Eurobarometer semantic union support match,443,ZA7601,UNION_SUPPORT_MATCH,ZA5932;ZA5998;ZA6963;ZA7489;ZA7576,5,0.500000,1.000000,0.000000,UNION_SUPPORT_MATCH,10,5
qa3b_7,QA3B,IMPORTANT ISSUES TCC: HOUSING,ASK QA3B AND QA4B ONLY IN CY-TCC – EU28 GO TO QA5 – OTHERS GO TO QA6A What do you think are the two most important issues facing our Community at the moment? (SHOW SCREEN – READ OUT – MAX. 2 ANSWERS – ROTATE ANSWERS 1 TO 13 – DISPLAY ‘96’ ON SCREEN INSTEAD OF ‘OTHER’ – CODES 15 AND 16 ARE EXCLUSIVE),ASK QA3B AND QA4B ONLY IN CY-TCC – EU28 GO TO QA5 – OTHERS GO TO QA6A What do you think are the two most important issues facing our Community at the moment? (SHOW SCREEN – READ OUT – MAX. 2 ANSWERS – ROTATE ANSWERS 1 TO 13 – DISPLAY ‘96’ ON SCREEN INSTEAD OF ‘OTHER’ – CODES 15 AND 16 ARE EXCLUSIVE),Eurobarometer semantic union support match,367,ZA7601,UNION_SUPPORT_MATCH,ZA5932;ZA5998;ZA6963;ZA7489;ZA7576,5,0.714286,1.000000,0.000000,UNION_SUPPORT_MATCH,7,3
qa3b_8,,,,qa3b_8,native LSM source map (union fallback unresolved),,ZA7601,UNRESOLVED_NATIVE,,0,0.714286,0.333333,0.607355,UNRESOLVED_NATIVE,7,3
qa3b_9,QA3B,IMPORTANT ISSUES TCC: IMMIGRATION,ASK QA3B AND QA4B ONLY IN CY-TCC – EU28 GO TO QA5 – CANDIDATE COUNTRIES GO TO D73A What do you think are the two most important issues facing our Community at the moment? (SHOW SCREEN – READ OUT – MAX. 2 ANSWERS – ROTATE ANSWERS 1 TO 13 – DISPLAY ‘96’ ON SCREEN INSTEAD OF ‘OTHER’ – CODES 15 AND 16 ARE EXCLUSIVE),ASK QA3B AND QA4B ONLY IN CY-TCC – EU28 GO TO QA5 – CANDIDATE COUNTRIES GO TO D73A What do you think are the two most important issues facing our Community at the moment? (SHOW SCREEN – READ OUT – MAX. 2 ANSWERS – ROTATE ANSWERS 1 TO 13 – DISPLAY ‘96’ ON SCREEN INSTEAD OF ‘OTHER’ – CODES 15 AND 16 ARE EXCLUSIVE),Eurobarometer semantic union support match,446,ZA7601,UNION_SUPPORT_MATCH,ZA5932;ZA5998;ZA6963;ZA7489;ZA7576,5,0.714286,1.000000,0.000000,UNION_SUPPORT_MATCH,7,3
qa3b_10,QA3B,IMPORTANT ISSUES TCC: HEALTH & SOC SECURITY,ASK QA3B AND QA4B ONLY IN CY-TCC – EU28 GO TO QA5 – CANDIDATE COUNTRIES GO TO D73A What do you think are the two most important issues facing our Community at the moment? (SHOW SCREEN – READ OUT – MAX. 2 ANSWERS – ROTATE ANSWERS 1 TO 13 – DISPLAY ‘96’ ON SCREEN INSTEAD OF ‘OTHER’ – CODES 15 AND 16 ARE EXCLUSIVE),ASK QA3B AND QA4B ONLY IN CY-TCC – EU28 GO TO QA5 – CANDIDATE COUNTRIES GO TO D73A What do you think are the two most important issues facing our Community at the moment? (SHOW SCREEN – READ OUT – MAX. 2 ANSWERS – ROTATE ANSWERS 1 TO 13 – DISPLAY ‘96’ ON SCREEN INSTEAD OF ‘OTHER’ – CODES 15 AND 16 ARE EXCLUSIVE),Eurobarometer semantic union support match,447,ZA7601,UNION_SUPPORT_MATCH,ZA5932;ZA5998;ZA6963;ZA7489;ZA7576,5,0.714286,1.000000,0.000000,UNION_SUPPORT_MATCH,7,3
qa3b_11,QA3B,IMPORTANT ISSUES TCC: EDUCATION SYSTEM,ASK QA3B AND QA4B ONLY IN CY-TCC – EU28 GO TO QA5 – CANDIDATE COUNTRIES GO TO D73A What do you think are the two most important issues facing our Community at the moment? (SHOW SCREEN – READ OUT – MAX. 2 ANSWERS – ROTATE ANSWERS 1 TO 13 – DISPLAY ‘96’ ON SCREEN INSTEAD OF ‘OTHER’ – CODES 15 AND 16 ARE EXCLUSIVE),ASK QA3B AND QA4B ONLY IN CY-TCC – EU28 GO TO QA5 – CANDIDATE COUNTRIES GO TO D73A What do you think are the two most important issues facing our Community at the moment? (SHOW SCREEN – READ OUT – MAX. 2 ANSWERS – ROTATE ANSWERS 1 TO 13 – DISPLAY ‘96’ ON SCREEN INSTEAD OF ‘OTHER’ – CODES 15 AND 16 ARE EXCLUSIVE),Eurobarometer semantic union support match,448,ZA7601,UNION_SUPPORT_MATCH,ZA5932;ZA5998;ZA6963;ZA7489;ZA7576,5,0.714286,1.000000,0.000000,UNION_SUPPORT_MATCH,7,3
qa3b_12,QA3B,IMPORTANT ISSUES TCC: PENSIONS,ASK QA3B AND QA4B ONLY IN CY-TCC – EU28 GO TO QA5 – CANDIDATE COUNTRIES GO TO D73A What do you think are the two most important issues facing our Community at the moment? (SHOW SCREEN – READ OUT – MAX. 2 ANSWERS – ROTATE ANSWERS 1 TO 13 – DISPLAY ‘96’ ON SCREEN INSTEAD OF ‘OTHER’ – CODES 15 AND 16 ARE EXCLUSIVE),ASK QA3B AND QA4B ONLY IN CY-TCC – EU28 GO TO QA5 – CANDIDATE COUNTRIES GO TO D73A What do you think are the two most important issues facing our Community at the moment? (SHOW SCREEN – READ OUT – MAX. 2 ANSWERS – ROTATE ANSWERS 1 TO 13 – DISPLAY ‘96’ ON SCREEN INSTEAD OF ‘OTHER’ – CODES 15 AND 16 ARE EXCLUSIVE),Eurobarometer semantic union consensus,449,ZA7601,UNION_CONSENSUS,ZA5932;ZA5998;ZA6963;ZA7489;ZA7576,5,0.833333,1.000000,0.000000,UNION_CONSENSUS,6,2
qa3b_13,QA3B,IMPORTANT ISSUES TCC: THE ENVIRONMENT,ASK QA3B AND QA4B ONLY IN CY-TCC – EU28 GO TO QA5 – CANDIDATE COUNTRIES GO TO D73A What do you think are the two most important issues facing our Community at the moment? (SHOW SCREEN – READ OUT – MAX. 2 ANSWERS – ROTATE ANSWERS 1 TO 13 – DISPLAY ‘96’ ON SCREEN INSTEAD OF ‘OTHER’ – CODES 15 AND 16 ARE EXCLUSIVE),ASK QA3B AND QA4B ONLY IN CY-TCC – EU28 GO TO QA5 – CANDIDATE COUNTRIES GO TO D73A What do you think are the two most important issues facing our Community at the moment? (SHOW SCREEN – READ OUT – MAX. 2 ANSWERS – ROTATE ANSWERS 1 TO 13 – DISPLAY ‘96’ ON SCREEN INSTEAD OF ‘OTHER’ – CODES 15 AND 16 ARE EXCLUSIVE),Eurobarometer semantic union consensus,450,ZA7601,UNION_CONSENSUS,ZA5932;ZA5998;ZA6963;ZA7489;ZA7576,5,0.833333,0.500000,0.000000,UNION_CONSENSUS,6,2
qa3b_14,QA3B,IMPORTANT ISSUES TCC: OTHER (SPONT),ASK QA3B AND QA4B ONLY IN CY-TCC – EU28 GO TO QA5 – CANDIDATE COUNTRIES GO TO D73A What do you think are the two most important issues facing our Community at the moment? (SHOW SCREEN – READ OUT – MAX. 2 ANSWERS – ROTATE ANSWERS 1 TO 13 – DISPLAY ‘96’ ON SCREEN INSTEAD OF ‘OTHER’ – CODES 15 AND 16 ARE EXCLUSIVE),ASK QA3B AND QA4B ONLY IN CY-TCC – EU28 GO TO QA5 – CANDIDATE COUNTRIES GO TO D73A What do you think are the two most important issues facing our Community at the moment? (SHOW SCREEN – READ OUT – MAX. 2 ANSWERS – ROTATE ANSWERS 1 TO 13 – DISPLAY ‘96’ ON SCREEN INSTEAD OF ‘OTHER’ – CODES 15 AND 16 ARE EXCLUSIVE),Eurobarometer semantic union consensus,451,ZA7601,UNION_CONSENSUS,ZA5932;ZA5998;ZA6963;ZA7489;ZA7576,5,0.833333,0.500000,0.000000,UNION_CONSENSUS,6,2
qa3b_15,QA3B,IMPORTANT ISSUES TCC: NONE (SPONT),ASK QA3B AND QA4B ONLY IN CY-TCC – EU28 GO TO QA5 – CANDIDATE COUNTRIES GO TO D73A What do you think are the two most important issues facing our Community at the moment? (SHOW SCREEN – READ OUT – MAX. 2 ANSWERS – ROTATE ANSWERS 1 TO 13 – DISPLAY ‘96’ ON SCREEN INSTEAD OF ‘OTHER’ – CODES 15 AND 16 ARE EXCLUSIVE),ASK QA3B AND QA4B ONLY IN CY-TCC – EU28 GO TO QA5 – CANDIDATE COUNTRIES GO TO D73A What do you think are the two most important issues facing our Community at the moment? (SHOW SCREEN – READ OUT – MAX. 2 ANSWERS – ROTATE ANSWERS 1 TO 13 – DISPLAY ‘96’ ON SCREEN INSTEAD OF ‘OTHER’ – CODES 15 AND 16 ARE EXCLUSIVE),Eurobarometer semantic union consensus,452,ZA7601,UNION_CONSENSUS,ZA5932;ZA5998;ZA6963;ZA7489;ZA7576,5,0.833333,0.500000,0.000000,UNION_CONSENSUS,6,2
qa3b_16,QA3B,IMPORTANT ISSUES TCC: DK,ASK QA3B AND QA4B ONLY IN CY-TCC – EU28 GO TO QA5 – CANDIDATE COUNTRIES GO TO D73A What do you think are the two most important issues facing our Community at the moment? (SHOW SCREEN – READ OUT – MAX. 2 ANSWERS – ROTATE ANSWERS 1 TO 13 – DISPLAY ‘96’ ON SCREEN INSTEAD OF ‘OTHER’ – CODES 15 AND 16 ARE EXCLUSIVE),ASK QA3B AND QA4B ONLY IN CY-TCC – EU28 GO TO QA5 – CANDIDATE COUNTRIES GO TO D73A What do you think are the two most important issues facing our Community at the moment? (SHOW SCREEN – READ OUT – MAX. 2 ANSWERS – ROTATE ANSWERS 1 TO 13 – DISPLAY ‘96’ ON SCREEN INSTEAD OF ‘OTHER’ – CODES 15 AND 16 ARE EXCLUSIVE),Eurobarometer semantic union consensus,453,ZA7601,UNION_CONSENSUS,ZA5932;ZA5998;ZA6963;ZA7489;ZA7576,5,0.833333,0.500000,0.000000,UNION_CONSENSUS,6,2
qa3b_17,,,,qa3b_17,native LSM source map (union fallback unresolved),,ZA7601,UNRESOLVED_NATIVE,,0,1.000000,0.333333,0.334896,UNRESOLVED_NATIVE,1,1
qa3b_t,,,,qa3b_t,native LSM source map (union fallback unresolved),,ZA7601,UNRESOLVED_NATIVE,,0,0.000000,0.000000,0.000000,UNRESOLVED_NATIVE,0,0
qa3c_1,,,,qa3c_1,native LSM source map (union fallback unresolved),,ZA7601,UNRESOLVED_NATIVE,,0,0.000000,0.000000,0.000000,UNRESOLVED_NATIVE,0,0
qa3c_2,,,,qa3c_2,native LSM source map (union fallback unresolved),,ZA7601,UNRESOLVED_NATIVE,,0,0.000000,0.000000,0.000000,UNRESOLVED_NATIVE,0,0
qa3c_3,,,,qa3c_3,native LSM source map (union fallback unresolved),,ZA7601,UNRESOLVED_NATIVE,,0,0.000000,0.000000,0.000000,UNRESOLVED_NATIVE,0,0
qa3c_4,,,,qa3c_4,native LSM source map (union fallback unresolved),,ZA7601,UNRESOLVED_NATIVE,,0,0.000000,0.000000,0.000000,UNRESOLVED_NATIVE,0,0
qa3c_5,,,,qa3c_5,native LSM source map (union fallback unresolved),,ZA7601,UNRESOLVED_NATIVE,,0,0.000000,0.000000,0.000000,UNRESOLVED_NATIVE,0,0
qa3c_6,,,,qa3c_6,native LSM source map (union fallback unresolved),,ZA7601,UNRESOLVED_NATIVE,,0,0.000000,0.000000,0.000000,UNRESOLVED_NATIVE,0,0
qa3c_7,,,,qa3c_7,native LSM source map (union fallback unresolved),,ZA7601,UNRESOLVED_NATIVE,,0,0.000000,0.000000,0.000000,UNRESOLVED_NATIVE,0,0
qa3c_8,,,,qa3c_8,native LSM source map (union fallback unresolved),,ZA7601,UNRESOLVED_NATIVE,,0,0.000000,0.000000,0.000000,UNRESOLVED_NATIVE,0,0
qa3c_9,,,,qa3c_9,native LSM source map (union fallback unresolved),,ZA7601,UNRESOLVED_NATIVE,,0,0.000000,0.000000,0.000000,UNRESOLVED_NATIVE,0,0
qa3c_10,,,,qa3c_10,native LSM source map (union fallback unresolved),,ZA7601,UNRESOLVED_NATIVE,,0,0.000000,0.000000,0.000000,UNRESOLVED_NATIVE,0,0
qa3c_11,,,,qa3c_11,native LSM source map (union fallback unresolved),,ZA7601,UNRESOLVED_NATIVE,,0,0.000000,0.000000,0.000000,UNRESOLVED_NATIVE,0,0
qa3c_12,,,,qa3c_12,native LSM source map (union fallback unresolved),,ZA7601,UNRESOLVED_NATIVE,,0,0.000000,0.000000,0.000000,UNRESOLVED_NATIVE,0,0
qa3c_13,,,,qa3c_13,native LSM source map (union fallback unresolved),,ZA7601,UNRESOLVED_NATIVE,,0,0.000000,0.000000,0.000000,UNRESOLVED_NATIVE,0,0
qa3c_14,,,,qa3c_14,native LSM source map (union fallback unresolved),,ZA7601,UNRESOLVED_NATIVE,,0,0.000000,0.000000,0.000000,UNRESOLVED_NATIVE,0,0
qa3c_15,,,,qa3c_15,native LSM source map (union fallback unresolved),,ZA7601,UNRESOLVED_NATIVE,,0,0.000000,0.000000,0.000000,UNRESOLVED_NATIVE,0,0
qa3c_16,,,,qa3c_16,native LSM source map (union fallback unresolved),,ZA7601,UNRESOLVED_NATIVE,,0,0.000000,0.000000,0.000000,UNRESOLVED_NATIVE,0,0
qa3d_1,,,,qa3d_1,native LSM source map (union fallback unresolved),,ZA7601,UNRESOLVED_NATIVE,,0,0.000000,0.000000,0.000000,UNRESOLVED_NATIVE,0,0
qa3d_2,,,,qa3d_2,native LSM source map (union fallback unresolved),,ZA7601,UNRESOLVED_NATIVE,,0,0.000000,0.000000,0.000000,UNRESOLVED_NATIVE,0,0
qa3d_3,,,,qa3d_3,native LSM source map (union fallback unresolved),,ZA7601,UNRESOLVED_NATIVE,,0,0.000000,0.000000,0.000000,UNRESOLVED_NATIVE,0,0
qa3d_4,,,,qa3d_4,native LSM source map (union fallback unresolved),,ZA7601,UNRESOLVED_NATIVE,,0,0.000000,0.000000,0.000000,UNRESOLVED_NATIVE,0,0
qa3d_5,,,,qa3d_5,native LSM source map (union fallback unresolved),,ZA7601,UNRESOLVED_NATIVE,,0,0.000000,0.000000,0.000000,UNRESOLVED_NATIVE,0,0
qa3d_6,,,,qa3d_6,native LSM source map (union fallback unresolved),,ZA7601,UNRESOLVED_NATIVE,,0,0.000000,0.000000,0.000000,UNRESOLVED_NATIVE,0,0
qa3d_7,,,,qa3d_7,native LSM source map (union fallback unresolved),,ZA7601,UNRESOLVED_NATIVE,,0,0.000000,0.000000,0.000000,UNRESOLVED_NATIVE,0,0
qa3d_8,,,,qa3d_8,native LSM source map (union fallback unresolved),,ZA7601,UNRESOLVED_NATIVE,,0,0.000000,0.000000,0.000000,UNRESOLVED_NATIVE,0,0
qa3d_9,,,,qa3d_9,native LSM source map (union fallback unresolved),,ZA7601,UNRESOLVED_NATIVE,,0,0.000000,0.000000,0.000000,UNRESOLVED_NATIVE,0,0
qa3d_10,,,,qa3d_10,native LSM source map (union fallback unresolved),,ZA7601,UNRESOLVED_NATIVE,,0,0.000000,0.000000,0.000000,UNRESOLVED_NATIVE,0,0
qa3d_11,,,,qa3d_11,native LSM source map (union fallback unresolved),,ZA7601,UNRESOLVED_NATIVE,,0,0.000000,0.000000,0.000000,UNRESOLVED_NATIVE,0,0
qa3d_12,,,,qa3d_12,native LSM source map (union fallback unresolved),,ZA7601,UNRESOLVED_NATIVE,,0,0.000000,0.000000,0.000000,UNRESOLVED_NATIVE,0,0
qa3d_13,,,,qa3d_13,native LSM source map (union fallback unresolved),,ZA7601,UNRESOLVED_NATIVE,,0,0.000000,0.000000,0.000000,UNRESOLVED_NATIVE,0,0
qa3d_14,,,,qa3d_14,native LSM source map (union fallback unresolved),,ZA7601,UNRESOLVED_NATIVE,,0,0.000000,0.000000,0.000000,UNRESOLVED_NATIVE,0,0
qa3d_15,,,,qa3d_15,native LSM source map (union fallback unresolved),,ZA7601,UNRESOLVED_NATIVE,,0,0.000000,0.000000,0.000000,UNRESOLVED_NATIVE,0,0
qa3d_16,,,,qa3d_16,native LSM source map (union fallback unresolved),,ZA7601,UNRESOLVED_NATIVE,,0,0.000000,0.000000,0.000000,UNRESOLVED_NATIVE,0,0
qa3d_17,,,,qa3d_17,native LSM source map (union fallback unresolved),,ZA7601,UNRESOLVED_NATIVE,,0,0.000000,0.000000,0.000000,UNRESOLVED_NATIVE,0,0
qa3d_t,,,,qa3d_t,native LSM source map (union fallback unresolved),,ZA7601,UNRESOLVED_NATIVE,,0,0.000000,0.000000,0.000000,UNRESOLVED_NATIVE,0,0
qa4a_1,QA4A,IMPORTANT ISSUES PERS: CRIME,"And personally, what are the two most important issues you are facing at the moment? (SHOW SCREEN – READ OUT – MAX. 2 ANSWERS – ROTATE ANSWERS 1 TO 15 – DISPLAY ‘96’ ON SCREEN INSTEAD OF ‘OTHER’ – CODES 17 AND 18 ARE EXCLUSIVE)","And personally, what are the two most important issues you are facing at the moment? (SHOW SCREEN – READ OUT – MAX. 2 ANSWERS – ROTATE ANSWERS 1 TO 15 – DISPLAY ‘96’ ON SCREEN INSTEAD OF ‘OTHER’ – CODES 17 AND 18 ARE EXCLUSIVE)",Eurobarometer semantic union support match,402,ZA7601,UNION_SUPPORT_MATCH,ZA5932;ZA5998;ZA6963;ZA7489;ZA7576,5,0.555556,1.000000,0.000000,UNION_SUPPORT_MATCH,9,4
qa4a_2,QA4A,IMPORTANT ISSUES PERS: ECONOMIC SITUATION CNTRY,"And personally, what are the two most important issues you are facing at the moment? (SHOW SCREEN – READ OUT – MAX. 2 ANSWERS – ROTATE ANSWERS 1 TO 15 – DISPLAY ‘96’ ON SCREEN INSTEAD OF ‘OTHER’ – CODES 17 AND 18 ARE EXCLUSIVE)","And personally, what are the two most important issues you are facing at the moment? (SHOW SCREEN – READ OUT – MAX. 2 ANSWERS – ROTATE ANSWERS 1 TO 15 – DISPLAY ‘96’ ON SCREEN INSTEAD OF ‘OTHER’ – CODES 17 AND 18 ARE EXCLUSIVE)",Eurobarometer semantic union support match,404,ZA7601,UNION_SUPPORT_MATCH,ZA5998;ZA6963;ZA7489;ZA7576,4,0.444444,1.000000,0.000000,UNION_SUPPORT_MATCH,9,5
qa4a_3,QA4A,IMPORTANT ISSUES PERS: RISING PRICES/INFLATION/COST OF LIVING,"And personally, what are the two most important issues you are facing at the moment? (SHOW SCREEN – READ OUT – MAX. 2 ANSWERS – ROTATE ANSWERS 1 TO 15 – DISPLAY ‘96’ ON SCREEN INSTEAD OF ‘OTHER’ – CODES 17 AND 18 ARE EXCLUSIVE)","And personally, what are the two most important issues you are facing at the moment? (SHOW SCREEN – READ OUT – MAX. 2 ANSWERS – ROTATE ANSWERS 1 TO 15 – DISPLAY ‘96’ ON SCREEN INSTEAD OF ‘OTHER’ – CODES 17 AND 18 ARE EXCLUSIVE)",Eurobarometer semantic union support match,406,ZA7601,UNION_SUPPORT_MATCH,ZA5998;ZA6963;ZA7489;ZA7576,4,0.444444,1.000000,0.000000,UNION_SUPPORT_MATCH,9,6
qa4a_4,QA4A,IMPORTANT ISSUES PERS: TAXATION,"And personally, what are the two most important issues you are facing at the moment? (SHOW SCREEN – READ OUT – MAX. 2 ANSWERS – ROTATE ANSWERS 1 TO 15 – DISPLAY ‘96’ ON SCREEN INSTEAD OF ‘OTHER’ – CODES 17 AND 18 ARE EXCLUSIVE)","And personally, what are the two most important issues you are facing at the moment? (SHOW SCREEN – READ OUT – MAX. 2 ANSWERS – ROTATE ANSWERS 1 TO 15 – DISPLAY ‘96’ ON SCREEN INSTEAD OF ‘OTHER’ – CODES 17 AND 18 ARE EXCLUSIVE)",Eurobarometer semantic union support match,408,ZA7601,UNION_SUPPORT_MATCH,ZA5932;ZA5998;ZA6963;ZA7489;ZA7576,5,0.555556,1.000000,0.000000,UNION_SUPPORT_MATCH,9,4
qa4a_5,QA4A,IMPORTANT ISSUES PERS: UNEMPLOYMENT,"And personally, what are the two most important issues you are facing at the moment? (SHOW SCREEN – READ OUT – MAX. 2 ANSWERS – ROTATE ANSWERS 1 TO 15 – DISPLAY ‘96’ ON SCREEN INSTEAD OF ‘OTHER’ – CODES 17 AND 18 ARE EXCLUSIVE)","And personally, what are the two most important issues you are facing at the moment? (SHOW SCREEN – READ OUT – MAX. 2 ANSWERS – ROTATE ANSWERS 1 TO 15 – DISPLAY ‘96’ ON SCREEN INSTEAD OF ‘OTHER’ – CODES 17 AND 18 ARE EXCLUSIVE)",Eurobarometer semantic union support match,410,ZA7601,UNION_SUPPORT_MATCH,ZA5932;ZA5998;ZA6963;ZA7489;ZA7576,5,0.555556,1.000000,0.000000,UNION_SUPPORT_MATCH,9,4
qa4a_6,QA4A,IMPORTANT ISSUES PERS: TERRORISM,"And personally, what are the two most important issues you are facing at the moment? (SHOW SCREEN – READ OUT – MAX. 2 ANSWERS – ROTATE ANSWERS 1 TO 15 – DISPLAY ‘96’ ON SCREEN INSTEAD OF ‘OTHER’ – CODES 17 AND 18 ARE EXCLUSIVE)","And personally, what are the two most important issues you are facing at the moment? (SHOW SCREEN – READ OUT – MAX. 2 ANSWERS – ROTATE ANSWERS 1 TO 15 – DISPLAY ‘96’ ON SCREEN INSTEAD OF ‘OTHER’ – CODES 17 AND 18 ARE EXCLUSIVE)",Eurobarometer semantic union support match,412,ZA7601,UNION_SUPPORT_MATCH,ZA5932;ZA5998;ZA6963;ZA7489;ZA7576,5,0.555556,1.000000,0.000000,UNION_SUPPORT_MATCH,9,4
qa4a_7,QA4A,IMPORTANT ISSUES PERS: HOUSING,"And personally, what are the two most important issues you are facing at the moment? (SHOW SCREEN – READ OUT – MAX. 2 ANSWERS – ROTATE ANSWERS 1 TO 15 – DISPLAY ‘96’ ON SCREEN INSTEAD OF ‘OTHER’ – CODES 17 AND 18 ARE EXCLUSIVE)","And personally, what are the two most important issues you are facing at the moment? (SHOW SCREEN – READ OUT – MAX. 2 ANSWERS – ROTATE ANSWERS 1 TO 15 – DISPLAY ‘96’ ON SCREEN INSTEAD OF ‘OTHER’ – CODES 17 AND 18 ARE EXCLUSIVE)",Eurobarometer semantic union support match,414,ZA7601,UNION_SUPPORT_MATCH,ZA5932;ZA5998;ZA6963;ZA7489;ZA7576,5,0.625000,1.000000,0.000000,UNION_SUPPORT_MATCH,8,3
qa4a_8,QA4A,IMPORTANT ISSUES PERS: FINANCIAL SIT HH,"And personally, what are the two most important issues you are facing at the moment? (SHOW SCREEN – READ OUT – MAX. 2 ANSWERS – ROTATE ANSWERS 1 TO 15 – DISPLAY ‘96’ ON SCREEN INSTEAD OF ‘OTHER’ – CODES 17 AND 18 ARE EXCLUSIVE)","And personally, what are the two most important issues you are facing at the moment? (SHOW SCREEN – READ OUT – MAX. 2 ANSWERS – ROTATE ANSWERS 1 TO 15 – DISPLAY ‘96’ ON SCREEN INSTEAD OF ‘OTHER’ – CODES 17 AND 18 ARE EXCLUSIVE)",Eurobarometer semantic union consensus,416,ZA7601,UNION_CONSENSUS,ZA5932;ZA5998;ZA6963;ZA7489;ZA7576,5,0.833333,1.000000,0.000000,UNION_CONSENSUS,6,2
qa4a_9,QA4A,IMPORTANT ISSUES PERS: IMMIGRATION,"And personally, what are the two most important issues you are facing at the moment? (SHOW SCREEN – READ OUT – MAX. 2 ANSWERS – ROTATE ANSWERS 1 TO 15 – DISPLAY ‘96’ ON SCREEN INSTEAD OF ‘OTHER’ – CODES 17 AND 18 ARE EXCLUSIVE)","And personally, what are the two most important issues you are facing at the moment? (SHOW SCREEN – READ OUT – MAX. 2 ANSWERS – ROTATE ANSWERS 1 TO 15 – DISPLAY ‘96’ ON SCREEN INSTEAD OF ‘OTHER’ – CODES 17 AND 18 ARE EXCLUSIVE)",Eurobarometer semantic union consensus,418,ZA7601,UNION_CONSENSUS,ZA5932;ZA5998;ZA6963;ZA7489;ZA7576,5,0.833333,1.000000,0.000000,UNION_CONSENSUS,6,2
qa4a_10,QA4A,IMPORTANT ISSUES PERS: HEALTH & SOC SECURITY,"And personally, what are the two most important issues you are facing at the moment? (SHOW SCREEN – READ OUT – MAX. 2 ANSWERS – ROTATE ANSWERS 1 TO 15 – DISPLAY ‘96’ ON SCREEN INSTEAD OF ‘OTHER’ – CODES 17 AND 18 ARE EXCLUSIVE)","And personally, what are the two most important issues you are facing at the moment? (SHOW SCREEN – READ OUT – MAX. 2 ANSWERS – ROTATE ANSWERS 1 TO 15 – DISPLAY ‘96’ ON SCREEN INSTEAD OF ‘OTHER’ – CODES 17 AND 18 ARE EXCLUSIVE)",Eurobarometer semantic union consensus,420,ZA7601,UNION_CONSENSUS,ZA5932;ZA5998;ZA6963;ZA7489;ZA7576,5,0.833333,1.000000,0.000000,UNION_CONSENSUS,6,2
qa4a_11,QA4A,IMPORTANT ISSUES PERS: EDUCATION SYSTEM,"And personally, what are the two most important issues you are facing at the moment? (SHOW SCREEN – READ OUT – MAX. 2 ANSWERS – ROTATE ANSWERS 1 TO 15 – DISPLAY ‘96’ ON SCREEN INSTEAD OF ‘OTHER’ – CODES 17 AND 18 ARE EXCLUSIVE)","And personally, what are the two most important issues you are facing at the moment? (SHOW SCREEN – READ OUT – MAX. 2 ANSWERS – ROTATE ANSWERS 1 TO 15 – DISPLAY ‘96’ ON SCREEN INSTEAD OF ‘OTHER’ – CODES 17 AND 18 ARE EXCLUSIVE)",Eurobarometer semantic union consensus,422,ZA7601,UNION_CONSENSUS,ZA5932;ZA5998;ZA6963;ZA7489;ZA7576,5,0.833333,1.000000,0.000000,UNION_CONSENSUS,6,2
qa4a_12,QA4A,IMPORTANT ISSUES PERS: THE ENVIRONMENT,"And personally, what are the two most important issues you are facing at the moment? (SHOW SCREEN – READ OUT – MAX. 2 ANSWERS – ROTATE ANSWERS 1 TO 15 – DISPLAY ‘96’ ON SCREEN INSTEAD OF ‘OTHER’ – CODES 17 AND 18 ARE EXCLUSIVE)","And personally, what are the two most important issues you are facing at the moment? (SHOW SCREEN – READ OUT – MAX. 2 ANSWERS – ROTATE ANSWERS 1 TO 15 – DISPLAY ‘96’ ON SCREEN INSTEAD OF ‘OTHER’ – CODES 17 AND 18 ARE EXCLUSIVE)",Eurobarometer semantic union consensus,424,ZA7601,UNION_CONSENSUS,ZA5932;ZA5998;ZA6963;ZA7489;ZA7576,5,0.833333,1.000000,0.000000,UNION_CONSENSUS,6,2
qa4a_13,QA4A,IMPORTANT ISSUES PERS: PENSIONS,"And personally, what are the two most important issues you are facing at the moment? (SHOW SCREEN – READ OUT – MAX. 2 ANSWERS – ROTATE ANSWERS 1 TO 15 – DISPLAY ‘96’ ON SCREEN INSTEAD OF ‘OTHER’ – CODES 17 AND 18 ARE EXCLUSIVE)","And personally, what are the two most important issues you are facing at the moment? (SHOW SCREEN – READ OUT – MAX. 2 ANSWERS – ROTATE ANSWERS 1 TO 15 – DISPLAY ‘96’ ON SCREEN INSTEAD OF ‘OTHER’ – CODES 17 AND 18 ARE EXCLUSIVE)",Eurobarometer semantic union consensus,426,ZA7601,UNION_CONSENSUS,ZA5932;ZA5998;ZA6963;ZA7489;ZA7576,5,0.833333,1.000000,0.000000,UNION_CONSENSUS,6,2
qa4a_14,QA4A,IMPORTANT ISSUES PERS: WORKING CONDITIONS,"And personally, what are the two most important issues you are facing at the moment? (SHOW SCREEN – READ OUT – MAX. 2 ANSWERS – ROTATE ANSWERS 1 TO 15 – DISPLAY ‘96’ ON SCREEN INSTEAD OF ‘OTHER’ – CODES 17 AND 18 ARE EXCLUSIVE)","And personally, what are the two most important issues you are facing at the moment? (SHOW SCREEN – READ OUT – MAX. 2 ANSWERS – ROTATE ANSWERS 1 TO 15 – DISPLAY ‘96’ ON SCREEN INSTEAD OF ‘OTHER’ – CODES 17 AND 18 ARE EXCLUSIVE)",Eurobarometer semantic union support match,428,ZA7601,UNION_SUPPORT_MATCH,ZA5998;ZA6963;ZA7489;ZA7576,4,0.666667,1.000000,0.000000,UNION_SUPPORT_MATCH,6,3
qa4a_15,QA4A,IMPORTANT ISSUES PERS: LIVING CONDITIONS,"And personally, what are the two most important issues you are facing at the moment? (SHOW SCREEN – READ OUT – MAX. 2 ANSWERS – ROTATE ANSWERS 1 TO 15 – DISPLAY ‘96’ ON SCREEN INSTEAD OF ‘OTHER’ – CODES 17 AND 18 ARE EXCLUSIVE)","And personally, what are the two most important issues you are facing at the moment? (SHOW SCREEN – READ OUT – MAX. 2 ANSWERS – ROTATE ANSWERS 1 TO 15 – DISPLAY ‘96’ ON SCREEN INSTEAD OF ‘OTHER’ – CODES 17 AND 18 ARE EXCLUSIVE)",Eurobarometer semantic union support match,430,ZA7601,UNION_SUPPORT_MATCH,ZA5998;ZA6963;ZA7489;ZA7576,4,0.666667,1.000000,0.000000,UNION_SUPPORT_MATCH,6,3
qa4a_16,QA4A,IMPORTANT ISSUES PERS: OTHER (SPONT),"And personally, what are the two most important issues you are facing at the moment? (SHOW SCREEN – READ OUT – MAX. 2 ANSWERS – ROTATE ANSWERS 1 TO 15 – DISPLAY ‘96’ ON SCREEN INSTEAD OF ‘OTHER’ – CODES 17 AND 18 ARE EXCLUSIVE)","And personally, what are the two most important issues you are facing at the moment? (SHOW SCREEN – READ OUT – MAX. 2 ANSWERS – ROTATE ANSWERS 1 TO 15 – DISPLAY ‘96’ ON SCREEN INSTEAD OF ‘OTHER’ – CODES 17 AND 18 ARE EXCLUSIVE)",Eurobarometer semantic union support match,432,ZA7601,UNION_SUPPORT_MATCH,ZA5998;ZA6963;ZA7489;ZA7576,4,0.666667,1.000000,0.000000,UNION_SUPPORT_MATCH,6,3
qa4a_17,QA4A,IMPORTANT ISSUES PERS: NONE (SPONT),"And personally, what are the two most important issues you are facing at the moment? (SHOW SCREEN – READ OUT – MAX. 2 ANSWERS – ROTATE ANSWERS 1 TO 15 – DISPLAY ‘96’ ON SCREEN INSTEAD OF ‘OTHER’ – CODES 17 AND 18 ARE EXCLUSIVE)","And personally, what are the two most important issues you are facing at the moment? (SHOW SCREEN – READ OUT – MAX. 2 ANSWERS – ROTATE ANSWERS 1 TO 15 – DISPLAY ‘96’ ON SCREEN INSTEAD OF ‘OTHER’ – CODES 17 AND 18 ARE EXCLUSIVE)",Eurobarometer semantic union consensus,434,ZA7601,UNION_CONSENSUS,ZA5998;ZA6963;ZA7489;ZA7576,4,1.000000,1.000000,0.000000,UNION_CONSENSUS,4,1
qa4a_18,QA4A,IMPORTANT ISSUES PERS: DK,"And personally, what are the two most important issues you are facing at the moment? (SHOW SCREEN – READ OUT – MAX. 2 ANSWERS – ROTATE ANSWERS 1 TO 15 – DISPLAY ‘96’ ON SCREEN INSTEAD OF ‘OTHER’ – CODES 17 AND 18 ARE EXCLUSIVE)","And personally, what are the two most important issues you are facing at the moment? (SHOW SCREEN – READ OUT – MAX. 2 ANSWERS – ROTATE ANSWERS 1 TO 15 – DISPLAY ‘96’ ON SCREEN INSTEAD OF ‘OTHER’ – CODES 17 AND 18 ARE EXCLUSIVE)",Eurobarometer semantic union consensus,436,ZA7601,UNION_CONSENSUS,ZA5998;ZA6963;ZA7489;ZA7576,4,1.000000,1.000000,0.000000,UNION_CONSENSUS,4,1
qa4b_1,QA4B,IMPORTANT ISSUES PERS: CRIME (TCC),"And personally, what are the two most important issues you are facing at the moment? (SHOW SCREEN – READ OUT – ROTATE ANSWERS 1 TO 15 – MAX. 2 ANSWERS – DISPLAY ‘96’ ON SCREEN INSTEAD OF ‘OTHER’ – CODES 17 AND 18 ARE EXCLUSIVE)","And personally, what are the two most important issues you are facing at the moment? (SHOW SCREEN – READ OUT – ROTATE ANSWERS 1 TO 15 – MAX. 2 ANSWERS – DISPLAY ‘96’ ON SCREEN INSTEAD OF ‘OTHER’ – CODES 17 AND 18 ARE EXCLUSIVE)",Eurobarometer semantic union support match,454,ZA7601,UNION_SUPPORT_MATCH,ZA5932;ZA5998;ZA6963;ZA7489;ZA7576,5,0.500000,1.000000,0.000000,UNION_SUPPORT_MATCH,10,5
qa4b_2,,,,qa4b_2,native LSM source map (union fallback unresolved),,ZA7601,UNRESOLVED_NATIVE,,0,0.500000,0.333333,0.607355,UNRESOLVED_NATIVE,10,5
qa4b_3,QA4B,IMPORTANT ISSUES PERS: RISING PRICES/INFLATION/COST OF LIVING (TCC),"And personally, what are the two most important issues you are facing at the moment? (SHOW SCREEN – READ OUT – ROTATE ANSWERS 1 TO 15 – MAX. 2 ANSWERS – DISPLAY ‘96’ ON SCREEN INSTEAD OF ‘OTHER’ – CODES 17 AND 18 ARE EXCLUSIVE)","And personally, what are the two most important issues you are facing at the moment? (SHOW SCREEN – READ OUT – ROTATE ANSWERS 1 TO 15 – MAX. 2 ANSWERS – DISPLAY ‘96’ ON SCREEN INSTEAD OF ‘OTHER’ – CODES 17 AND 18 ARE EXCLUSIVE)",Eurobarometer semantic union support match,456,ZA7601,UNION_SUPPORT_MATCH,ZA5998;ZA6963;ZA7489;ZA7576,4,0.400000,1.000000,0.000000,UNION_SUPPORT_MATCH,10,7
qa4b_4,QA4B,IMPORTANT ISSUES PERS: TAXATION (TCC),"And personally, what are the two most important issues you are facing at the moment? (SHOW SCREEN – READ OUT – ROTATE ANSWERS 1 TO 15 – MAX. 2 ANSWERS – DISPLAY ‘96’ ON SCREEN INSTEAD OF ‘OTHER’ – CODES 17 AND 18 ARE EXCLUSIVE)","And personally, what are the two most important issues you are facing at the moment? (SHOW SCREEN – READ OUT – ROTATE ANSWERS 1 TO 15 – MAX. 2 ANSWERS – DISPLAY ‘96’ ON SCREEN INSTEAD OF ‘OTHER’ – CODES 17 AND 18 ARE EXCLUSIVE)",Eurobarometer semantic union support match,457,ZA7601,UNION_SUPPORT_MATCH,ZA5932;ZA5998;ZA6963;ZA7489;ZA7576,5,0.500000,1.000000,0.000000,UNION_SUPPORT_MATCH,10,5
qa4b_5,QA4B,IMPORTANT ISSUES PERS: UNEMPLOYMENT (TCC),"And personally, what are the two most important issues you are facing at the moment? (SHOW SCREEN – READ OUT – ROTATE ANSWERS 1 TO 15 – MAX. 2 ANSWERS – DISPLAY ‘96’ ON SCREEN INSTEAD OF ‘OTHER’ – CODES 17 AND 18 ARE EXCLUSIVE)","And personally, what are the two most important issues you are facing at the moment? (SHOW SCREEN – READ OUT – ROTATE ANSWERS 1 TO 15 – MAX. 2 ANSWERS – DISPLAY ‘96’ ON SCREEN INSTEAD OF ‘OTHER’ – CODES 17 AND 18 ARE EXCLUSIVE)",Eurobarometer semantic union support match,458,ZA7601,UNION_SUPPORT_MATCH,ZA5932;ZA5998;ZA6963;ZA7489;ZA7576,5,0.500000,1.000000,0.000000,UNION_SUPPORT_MATCH,10,5
qa4b_6,QA4B,IMPORTANT ISSUES PERS: TERRORISM (TCC),"And personally, what are the two most important issues you are facing at the moment? (SHOW SCREEN – READ OUT – ROTATE ANSWERS 1 TO 15 – MAX. 2 ANSWERS – DISPLAY ‘96’ ON SCREEN INSTEAD OF ‘OTHER’ – CODES 17 AND 18 ARE EXCLUSIVE)","And personally, what are the two most important issues you are facing at the moment? (SHOW SCREEN – READ OUT – ROTATE ANSWERS 1 TO 15 – MAX. 2 ANSWERS – DISPLAY ‘96’ ON SCREEN INSTEAD OF ‘OTHER’ – CODES 17 AND 18 ARE EXCLUSIVE)",Eurobarometer semantic union support match,459,ZA7601,UNION_SUPPORT_MATCH,ZA5932;ZA5998;ZA6963;ZA7489;ZA7576,5,0.500000,1.000000,0.000000,UNION_SUPPORT_MATCH,10,5
qa4b_7,,,,qa4b_7,native LSM source map (union fallback unresolved),,ZA7601,UNRESOLVED_NATIVE,,0,0.555556,0.333333,0.607355,UNRESOLVED_NATIVE,9,4
qa4b_8,,,,qa4b_8,native LSM source map (union fallback unresolved),,ZA7601,UNRESOLVED_NATIVE,,0,0.714286,0.333333,0.607355,UNRESOLVED_NATIVE,7,3
qa4b_9,QA4B,IMPORTANT ISSUES PERS: FINANCIAL SIT HH (TCC),"And personally, what are the two most important issues you are facing at the moment? (SHOW SCREEN – READ OUT – ROTATE ANSWERS 1 TO 15 – MAX. 2 ANSWERS – DISPLAY ‘96’ ON SCREEN INSTEAD OF ‘OTHER’ – CODES 17 AND 18 ARE EXCLUSIVE)","And personally, what are the two most important issues you are facing at the moment? (SHOW SCREEN – READ OUT – ROTATE ANSWERS 1 TO 15 – MAX. 2 ANSWERS – DISPLAY ‘96’ ON SCREEN INSTEAD OF ‘OTHER’ – CODES 17 AND 18 ARE EXCLUSIVE)",Eurobarometer semantic union consensus,462,ZA7601,UNION_CONSENSUS,ZA5932;ZA5998;ZA6963;ZA7489;ZA7576,5,0.833333,0.333333,0.000000,UNION_CONSENSUS,6,2
qa4b_10,QA4B,IMPORTANT ISSUES PERS: IMMIGRATION (TCC),"And personally, what are the two most important issues you are facing at the moment? (SHOW SCREEN – READ OUT – ROTATE ANSWERS 1 TO 15 – MAX. 2 ANSWERS – DISPLAY ‘96’ ON SCREEN INSTEAD OF ‘OTHER’ – CODES 17 AND 18 ARE EXCLUSIVE)","And personally, what are the two most important issues you are facing at the moment? (SHOW SCREEN – READ OUT – ROTATE ANSWERS 1 TO 15 – MAX. 2 ANSWERS – DISPLAY ‘96’ ON SCREEN INSTEAD OF ‘OTHER’ – CODES 17 AND 18 ARE EXCLUSIVE)",Eurobarometer semantic union consensus,463,ZA7601,UNION_CONSENSUS,ZA5932;ZA5998;ZA6963;ZA7489;ZA7576,5,0.833333,0.333333,0.000000,UNION_CONSENSUS,6,2
qa4b_11,QA4B,IMPORTANT ISSUES PERS: HEALTH & SOC SECURITY (TCC),"And personally, what are the two most important issues you are facing at the moment? (SHOW SCREEN – READ OUT – ROTATE ANSWERS 1 TO 15 – MAX. 2 ANSWERS – DISPLAY ‘96’ ON SCREEN INSTEAD OF ‘OTHER’ – CODES 17 AND 18 ARE EXCLUSIVE)","And personally, what are the two most important issues you are facing at the moment? (SHOW SCREEN – READ OUT – ROTATE ANSWERS 1 TO 15 – MAX. 2 ANSWERS – DISPLAY ‘96’ ON SCREEN INSTEAD OF ‘OTHER’ – CODES 17 AND 18 ARE EXCLUSIVE)",Eurobarometer semantic union consensus,464,ZA7601,UNION_CONSENSUS,ZA5932;ZA5998;ZA6963;ZA7489;ZA7576,5,0.833333,0.333333,0.000000,UNION_CONSENSUS,6,2
qa4b_12,QA4B,IMPORTANT ISSUES PERS: EDUCATION SYSTEM (TCC),"And personally, what are the two most important issues you are facing at the moment? (SHOW SCREEN – READ OUT – ROTATE ANSWERS 1 TO 15 – MAX. 2 ANSWERS – DISPLAY ‘96’ ON SCREEN INSTEAD OF ‘OTHER’ – CODES 17 AND 18 ARE EXCLUSIVE)","And personally, what are the two most important issues you are facing at the moment? (SHOW SCREEN – READ OUT – ROTATE ANSWERS 1 TO 15 – MAX. 2 ANSWERS – DISPLAY ‘96’ ON SCREEN INSTEAD OF ‘OTHER’ – CODES 17 AND 18 ARE EXCLUSIVE)",Eurobarometer semantic union consensus,465,ZA7601,UNION_CONSENSUS,ZA5932;ZA5998;ZA6963;ZA7489;ZA7576,5,0.833333,0.333333,0.000000,UNION_CONSENSUS,6,2
qa4b_13,QA4B,IMPORTANT ISSUES PERS: THE ENVIRONMENT (TCC),"And personally, what are the two most important issues you are facing at the moment? (SHOW SCREEN – READ OUT – ROTATE ANSWERS 1 TO 15 – MAX. 2 ANSWERS – DISPLAY ‘96’ ON SCREEN INSTEAD OF ‘OTHER’ – CODES 17 AND 18 ARE EXCLUSIVE)","And personally, what are the two most important issues you are facing at the moment? (SHOW SCREEN – READ OUT – ROTATE ANSWERS 1 TO 15 – MAX. 2 ANSWERS – DISPLAY ‘96’ ON SCREEN INSTEAD OF ‘OTHER’ – CODES 17 AND 18 ARE EXCLUSIVE)",Eurobarometer semantic union consensus,466,ZA7601,UNION_CONSENSUS,ZA5932;ZA5998;ZA6963;ZA7489;ZA7576,5,0.833333,0.333333,0.000000,UNION_CONSENSUS,6,2
qa4b_14,QA4B,IMPORTANT ISSUES PERS: WORKING CONDITIONS (TCC),"And personally, what are the two most important issues you are facing at the moment? (SHOW SCREEN – READ OUT – ROTATE ANSWERS 1 TO 15 – MAX. 2 ANSWERS – DISPLAY ‘96’ ON SCREEN INSTEAD OF ‘OTHER’ – CODES 17 AND 18 ARE EXCLUSIVE)","And personally, what are the two most important issues you are facing at the moment? (SHOW SCREEN – READ OUT – ROTATE ANSWERS 1 TO 15 – MAX. 2 ANSWERS – DISPLAY ‘96’ ON SCREEN INSTEAD OF ‘OTHER’ – CODES 17 AND 18 ARE EXCLUSIVE)",Eurobarometer semantic union support match,467,ZA7601,UNION_SUPPORT_MATCH,ZA5998;ZA6963;ZA7489;ZA7576,4,0.666667,1.000000,0.000000,UNION_SUPPORT_MATCH,6,3
qa4b_15,QA4B,IMPORTANT ISSUES PERS: LIVING CONDITIONS (TCC),"And personally, what are the two most important issues you are facing at the moment? (SHOW SCREEN – READ OUT – ROTATE ANSWERS 1 TO 15 – MAX. 2 ANSWERS – DISPLAY ‘96’ ON SCREEN INSTEAD OF ‘OTHER’ – CODES 17 AND 18 ARE EXCLUSIVE)","And personally, what are the two most important issues you are facing at the moment? (SHOW SCREEN – READ OUT – ROTATE ANSWERS 1 TO 15 – MAX. 2 ANSWERS – DISPLAY ‘96’ ON SCREEN INSTEAD OF ‘OTHER’ – CODES 17 AND 18 ARE EXCLUSIVE)",Eurobarometer semantic union support match,468,ZA7601,UNION_SUPPORT_MATCH,ZA5998;ZA6963;ZA7489;ZA7576,4,0.666667,1.000000,0.000000,UNION_SUPPORT_MATCH,6,3
qa4b_16,QA4B,IMPORTANT ISSUES PERS: OTHER (SPONT) (TCC),"And personally, what are the two most important issues you are facing at the moment? (SHOW SCREEN – READ OUT – ROTATE ANSWERS 1 TO 15 – MAX. 2 ANSWERS – DISPLAY ‘96’ ON SCREEN INSTEAD OF ‘OTHER’ – CODES 17 AND 18 ARE EXCLUSIVE)","And personally, what are the two most important issues you are facing at the moment? (SHOW SCREEN – READ OUT – ROTATE ANSWERS 1 TO 15 – MAX. 2 ANSWERS – DISPLAY ‘96’ ON SCREEN INSTEAD OF ‘OTHER’ – CODES 17 AND 18 ARE EXCLUSIVE)",Eurobarometer semantic union support match,469,ZA7601,UNION_SUPPORT_MATCH,ZA5998;ZA6963;ZA7489;ZA7576,4,0.666667,1.000000,0.000000,UNION_SUPPORT_MATCH,6,3
qa4b_17,QA4B,IMPORTANT ISSUES PERS: NONE (SPONT) (TCC),"And personally, what are the two most important issues you are facing at the moment? (SHOW SCREEN – READ OUT – ROTATE ANSWERS 1 TO 15 – MAX. 2 ANSWERS – DISPLAY ‘96’ ON SCREEN INSTEAD OF ‘OTHER’ – CODES 17 AND 18 ARE EXCLUSIVE)","And personally, what are the two most important issues you are facing at the moment? (SHOW SCREEN – READ OUT – ROTATE ANSWERS 1 TO 15 – MAX. 2 ANSWERS – DISPLAY ‘96’ ON SCREEN INSTEAD OF ‘OTHER’ – CODES 17 AND 18 ARE EXCLUSIVE)",Eurobarometer semantic union consensus,470,ZA7601,UNION_CONSENSUS,ZA5998;ZA6963;ZA7489;ZA7576,4,0.800000,1.000000,0.000000,UNION_CONSENSUS,5,2
qa4b_18,QA4B,IMPORTANT ISSUES PERS: DK (TCC),"And personally, what are the two most important issues you are facing at the moment? (SHOW SCREEN – READ OUT – ROTATE ANSWERS 1 TO 15 – MAX. 2 ANSWERS – DISPLAY ‘96’ ON SCREEN INSTEAD OF ‘OTHER’ – CODES 17 AND 18 ARE EXCLUSIVE)","And personally, what are the two most important issues you are facing at the moment? (SHOW SCREEN – READ OUT – ROTATE ANSWERS 1 TO 15 – MAX. 2 ANSWERS – DISPLAY ‘96’ ON SCREEN INSTEAD OF ‘OTHER’ – CODES 17 AND 18 ARE EXCLUSIVE)",Eurobarometer semantic union consensus,471,ZA7601,UNION_CONSENSUS,ZA5998;ZA6963;ZA7489;ZA7576,4,1.000000,1.000000,0.000000,UNION_CONSENSUS,4,1
qa4c_1,,,,qa4c_1,native LSM source map (union fallback unresolved),,ZA7601,UNRESOLVED_NATIVE,,0,0.000000,0.000000,0.000000,UNRESOLVED_NATIVE,0,0
qa4c_2,,,,qa4c_2,native LSM source map (union fallback unresolved),,ZA7601,UNRESOLVED_NATIVE,,0,0.000000,0.000000,0.000000,UNRESOLVED_NATIVE,0,0
qa4c_3,,,,qa4c_3,native LSM source map (union fallback unresolved),,ZA7601,UNRESOLVED_NATIVE,,0,0.000000,0.000000,0.000000,UNRESOLVED_NATIVE,0,0
qa4c_4,,,,qa4c_4,native LSM source map (union fallback unresolved),,ZA7601,UNRESOLVED_NATIVE,,0,0.000000,0.000000,0.000000,UNRESOLVED_NATIVE,0,0
qa4c_5,,,,qa4c_5,native LSM source map (union fallback unresolved),,ZA7601,UNRESOLVED_NATIVE,,0,0.000000,0.000000,0.000000,UNRESOLVED_NATIVE,0,0
qa4c_6,,,,qa4c_6,native LSM source map (union fallback unresolved),,ZA7601,UNRESOLVED_NATIVE,,0,0.000000,0.000000,0.000000,UNRESOLVED_NATIVE,0,0
qa4c_7,,,,qa4c_7,native LSM source map (union fallback unresolved),,ZA7601,UNRESOLVED_NATIVE,,0,0.000000,0.000000,0.000000,UNRESOLVED_NATIVE,0,0
qa4c_8,,,,qa4c_8,native LSM source map (union fallback unresolved),,ZA7601,UNRESOLVED_NATIVE,,0,0.000000,0.000000,0.000000,UNRESOLVED_NATIVE,0,0
qa4c_9,,,,qa4c_9,native LSM source map (union fallback unresolved),,ZA7601,UNRESOLVED_NATIVE,,0,0.000000,0.000000,0.000000,UNRESOLVED_NATIVE,0,0
qa4c_10,,,,qa4c_10,native LSM source map (union fallback unresolved),,ZA7601,UNRESOLVED_NATIVE,,0,0.000000,0.000000,0.000000,UNRESOLVED_NATIVE,0,0
qa4c_11,,,,qa4c_11,native LSM source map (union fallback unresolved),,ZA7601,UNRESOLVED_NATIVE,,0,0.000000,0.000000,0.000000,UNRESOLVED_NATIVE,0,0
qa4c_12,,,,qa4c_12,native LSM source map (union fallback unresolved),,ZA7601,UNRESOLVED_NATIVE,,0,0.000000,0.000000,0.000000,UNRESOLVED_NATIVE,0,0
qa4c_13,,,,qa4c_13,native LSM source map (union fallback unresolved),,ZA7601,UNRESOLVED_NATIVE,,0,0.000000,0.000000,0.000000,UNRESOLVED_NATIVE,0,0
qa4c_14,,,,qa4c_14,native LSM source map (union fallback unresolved),,ZA7601,UNRESOLVED_NATIVE,,0,0.000000,0.000000,0.000000,UNRESOLVED_NATIVE,0,0
qa4c_15,,,,qa4c_15,native LSM source map (union fallback unresolved),,ZA7601,UNRESOLVED_NATIVE,,0,0.000000,0.000000,0.000000,UNRESOLVED_NATIVE,0,0
qa4c_16,,,,qa4c_16,native LSM source map (union fallback unresolved),,ZA7601,UNRESOLVED_NATIVE,,0,0.000000,0.000000,0.000000,UNRESOLVED_NATIVE,0,0
qa4c_17,,,,qa4c_17,native LSM source map (union fallback unresolved),,ZA7601,UNRESOLVED_NATIVE,,0,0.000000,0.000000,0.000000,UNRESOLVED_NATIVE,0,0
qa4c_18,,,,qa4c_18,native LSM source map (union fallback unresolved),,ZA7601,UNRESOLVED_NATIVE,,0,0.000000,0.000000,0.000000,UNRESOLVED_NATIVE,0,0
qa4d_1,,,,qa4d_1,native LSM source map (union fallback unresolved),,ZA7601,UNRESOLVED_NATIVE,,0,0.000000,0.000000,0.000000,UNRESOLVED_NATIVE,0,0
qa4d_2,,,,qa4d_2,native LSM source map (union fallback unresolved),,ZA7601,UNRESOLVED_NATIVE,,0,0.000000,0.000000,0.000000,UNRESOLVED_NATIVE,0,0
qa4d_3,,,,qa4d_3,native LSM source map (union fallback unresolved),,ZA7601,UNRESOLVED_NATIVE,,0,0.000000,0.000000,0.000000,UNRESOLVED_NATIVE,0,0
qa4d_4,,,,qa4d_4,native LSM source map (union fallback unresolved),,ZA7601,UNRESOLVED_NATIVE,,0,0.000000,0.000000,0.000000,UNRESOLVED_NATIVE,0,0
qa4d_5,,,,qa4d_5,native LSM source map (union fallback unresolved),,ZA7601,UNRESOLVED_NATIVE,,0,0.000000,0.000000,0.000000,UNRESOLVED_NATIVE,0,0
qa4d_6,,,,qa4d_6,native LSM source map (union fallback unresolved),,ZA7601,UNRESOLVED_NATIVE,,0,0.000000,0.000000,0.000000,UNRESOLVED_NATIVE,0,0
qa4d_7,,,,qa4d_7,native LSM source map (union fallback unresolved),,ZA7601,UNRESOLVED_NATIVE,,0,0.000000,0.000000,0.000000,UNRESOLVED_NATIVE,0,0
qa4d_8,,,,qa4d_8,native LSM source map (union fallback unresolved),,ZA7601,UNRESOLVED_NATIVE,,0,0.000000,0.000000,0.000000,UNRESOLVED_NATIVE,0,0
qa4d_9,,,,qa4d_9,native LSM source map (union fallback unresolved),,ZA7601,UNRESOLVED_NATIVE,,0,0.000000,0.000000,0.000000,UNRESOLVED_NATIVE,0,0
qa4d_10,,,,qa4d_10,native LSM source map (union fallback unresolved),,ZA7601,UNRESOLVED_NATIVE,,0,0.000000,0.000000,0.000000,UNRESOLVED_NATIVE,0,0
qa4d_11,,,,qa4d_11,native LSM source map (union fallback unresolved),,ZA7601,UNRESOLVED_NATIVE,,0,0.000000,0.000000,0.000000,UNRESOLVED_NATIVE,0,0
qa4d_12,,,,qa4d_12,native LSM source map (union fallback unresolved),,ZA7601,UNRESOLVED_NATIVE,,0,0.000000,0.000000,0.000000,UNRESOLVED_NATIVE,0,0
qa4d_13,,,,qa4d_13,native LSM source map (union fallback unresolved),,ZA7601,UNRESOLVED_NATIVE,,0,0.000000,0.000000,0.000000,UNRESOLVED_NATIVE,0,0
qa4d_14,,,,qa4d_14,native LSM source map (union fallback unresolved),,ZA7601,UNRESOLVED_NATIVE,,0,0.000000,0.000000,0.000000,UNRESOLVED_NATIVE,0,0
qa4d_15,,,,qa4d_15,native LSM source map (union fallback unresolved),,ZA7601,UNRESOLVED_NATIVE,,0,0.000000,0.000000,0.000000,UNRESOLVED_NATIVE,0,0
qa4d_16,,,,qa4d_16,native LSM source map (union fallback unresolved),,ZA7601,UNRESOLVED_NATIVE,,0,0.000000,0.000000,0.000000,UNRESOLVED_NATIVE,0,0
qa4d_17,,,,qa4d_17,native LSM source map (union fallback unresolved),,ZA7601,UNRESOLVED_NATIVE,,0,0.000000,0.000000,0.000000,UNRESOLVED_NATIVE,0,0
qa4d_18,,,,qa4d_18,native LSM source map (union fallback unresolved),,ZA7601,UNRESOLVED_NATIVE,,0,0.000000,0.000000,0.000000,UNRESOLVED_NATIVE,0,0
qa5a_1,,,,qa5a_1,native LSM source map (union fallback unresolved),,ZA7601,UNRESOLVED_NATIVE,,0,0.250000,0.333333,0.438223,UNRESOLVED_NATIVE,4,4
qa5a_2,,,,qa5a_2,native LSM source map (union fallback unresolved),,ZA7601,UNRESOLVED_NATIVE,,0,0.250000,0.333333,0.438223,UNRESOLVED_NATIVE,4,4
qa5a_3,,,,qa5a_3,native LSM source map (union fallback unresolved),,ZA7601,UNRESOLVED_NATIVE,,0,0.250000,0.333333,0.438223,UNRESOLVED_NATIVE,4,4
qa5a_4,,,,qa5a_4,native LSM source map (union fallback unresolved),,ZA7601,UNRESOLVED_NATIVE,,0,0.250000,0.333333,0.438223,UNRESOLVED_NATIVE,4,4
qa5a_5,,,,qa5a_5,native LSM source map (union fallback unresolved),,ZA7601,UNRESOLVED_NATIVE,,0,0.250000,0.333333,0.438223,UNRESOLVED_NATIVE,4,4
qa5a_6,,,,qa5a_6,native LSM source map (union fallback unresolved),,ZA7601,UNRESOLVED_NATIVE,,0,0.250000,0.333333,0.438223,UNRESOLVED_NATIVE,4,4
qa5a_7,,,,qa5a_7,native LSM source map (union fallback unresolved),,ZA7601,UNRESOLVED_NATIVE,,0,0.250000,0.333333,0.438223,UNRESOLVED_NATIVE,4,4
qa5a_8,,,,qa5a_8,native LSM source map (union fallback unresolved),,ZA7601,UNRESOLVED_NATIVE,,0,0.333333,0.333333,0.438223,UNRESOLVED_NATIVE,3,3
qa5a_9,,,,qa5a_9,native LSM source map (union fallback unresolved),,ZA7601,UNRESOLVED_NATIVE,,0,0.500000,0.333333,0.438223,UNRESOLVED_NATIVE,2,2
qa5a_10,,,,qa5a_10,native LSM source map (union fallback unresolved),,ZA7601,UNRESOLVED_NATIVE,,0,0.500000,0.333333,0.438223,UNRESOLVED_NATIVE,2,2
qa5a_11,,,,qa5a_11,native LSM source map (union fallback unresolved),,ZA7601,UNRESOLVED_NATIVE,,0,0.500000,0.333333,0.438223,UNRESOLVED_NATIVE,2,2
qa5a_12,,,,qa5a_12,native LSM source map (union fallback unresolved),,ZA7601,UNRESOLVED_NATIVE,,0,0.500000,0.333333,0.438223,UNRESOLVED_NATIVE,2,2
qa5a_13,,,,qa5a_13,native LSM source map (union fallback unresolved),,ZA7601,UNRESOLVED_NATIVE,,0,0.500000,0.333333,0.438223,UNRESOLVED_NATIVE,2,2
qa5a_14,,,,qa5a_14,native LSM source map (union fallback unresolved),,ZA7601,UNRESOLVED_NATIVE,,0,0.500000,0.333333,0.438223,UNRESOLVED_NATIVE,2,2
qa5a_15,,,,qa5a_15,native LSM source map (union fallback unresolved),,ZA7601,UNRESOLVED_NATIVE,,0,0.500000,0.333333,0.438223,UNRESOLVED_NATIVE,2,2
qa5a_16,,,,qa5a_16,native LSM source map (union fallback unresolved),,ZA7601,UNRESOLVED_NATIVE,,0,0.500000,0.333333,0.438223,UNRESOLVED_NATIVE,2,2
qa5a_t,,,,qa5a_t,native LSM source map (union fallback unresolved),,ZA7601,UNRESOLVED_NATIVE,,0,0.000000,0.000000,0.000000,UNRESOLVED_NATIVE,0,0
qa5b_1,,,,qa5b_1,native LSM source map (union fallback unresolved),,ZA7601,UNRESOLVED_NATIVE,,0,0.142857,0.333333,0.438223,UNRESOLVED_NATIVE,7,7
qa5b_2,,,,qa5b_2,native LSM source map (union fallback unresolved),,ZA7601,UNRESOLVED_NATIVE,,0,0.142857,0.333333,0.438223,UNRESOLVED_NATIVE,7,7
qa5b_3,,,,qa5b_3,native LSM source map (union fallback unresolved),,ZA7601,UNRESOLVED_NATIVE,,0,0.142857,0.333333,0.438223,UNRESOLVED_NATIVE,7,7
qa5b_4,,,,qa5b_4,native LSM source map (union fallback unresolved),,ZA7601,UNRESOLVED_NATIVE,,0,0.142857,0.333333,0.438223,UNRESOLVED_NATIVE,7,7
qa5b_5,,,,qa5b_5,native LSM source map (union fallback unresolved),,ZA7601,UNRESOLVED_NATIVE,,0,0.142857,0.333333,0.438223,UNRESOLVED_NATIVE,7,7
qa5b_6,,,,qa5b_6,native LSM source map (union fallback unresolved),,ZA7601,UNRESOLVED_NATIVE,,0,0.142857,0.333333,0.438223,UNRESOLVED_NATIVE,7,7
qa5b_7,,,,qa5b_7,native LSM source map (union fallback unresolved),,ZA7601,UNRESOLVED_NATIVE,,0,0.142857,0.333333,0.438223,UNRESOLVED_NATIVE,7,7
qa5b_8,,,,qa5b_8,native LSM source map (union fallback unresolved),,ZA7601,UNRESOLVED_NATIVE,,0,0.166667,0.333333,0.438223,UNRESOLVED_NATIVE,6,6
qa5b_9,,,,qa5b_9,native LSM source map (union fallback unresolved),,ZA7601,UNRESOLVED_NATIVE,,0,0.200000,0.333333,0.438223,UNRESOLVED_NATIVE,5,5
qa5b_10,,,,qa5b_10,native LSM source map (union fallback unresolved),,ZA7601,UNRESOLVED_NATIVE,,0,0.200000,0.333333,0.438223,UNRESOLVED_NATIVE,5,5
qa5b_11,,,,qa5b_11,native LSM source map (union fallback unresolved),,ZA7601,UNRESOLVED_NATIVE,,0,0.200000,0.333333,0.438223,UNRESOLVED_NATIVE,5,5
qa5b_12,,,,qa5b_12,native LSM source map (union fallback unresolved),,ZA7601,UNRESOLVED_NATIVE,,0,0.200000,0.333333,0.438223,UNRESOLVED_NATIVE,5,5
qa5b_13,,,,qa5b_13,native LSM source map (union fallback unresolved),,ZA7601,UNRESOLVED_NATIVE,,0,0.250000,0.333333,0.438223,UNRESOLVED_NATIVE,4,4
qa5b_14,,,,qa5b_14,native LSM source map (union fallback unresolved),,ZA7601,UNRESOLVED_NATIVE,,0,0.500000,0.500000,0.438223,UNRESOLVED_NATIVE,2,2
qa5b_15,,,,qa5b_15,native LSM source map (union fallback unresolved),,ZA7601,UNRESOLVED_NATIVE,,0,0.500000,0.500000,0.438223,UNRESOLVED_NATIVE,2,2
d73a_1,D73A,PRESENT DIRECTION - COUNTRY,"DO NOT ASK D73A IN CY-TCC – CY-TCC GO TO D73B At the present time, would you say that, in general, things are going in the right direction or in the wrong direction, in…? (READ OUT – ONE ANSWER PER LINE – CODE ‘NO ANSWER’ IN CODE 4)","DO NOT ASK D73A IN CY-TCC – CY-TCC GO TO D73B At the present time, would you say that, in general, things are going in the right direction or in the wrong direction, in…? (READ OUT – ONE ANSWER PER LINE – CODE ‘NO ANSWER’ IN CODE 4)",Eurobarometer semantic union consensus,504,ZA7601,UNION_CONSENSUS,ZA5932;ZA5998;ZA6963;ZA7489;ZA7576,5,1.000000,1.000000,0.000000,UNION_CONSENSUS,5,1
d73a_2,D73A,PRESENT DIRECTION - EUROPEAN UNION,"DO NOT ASK D73A IN CY-TCC – CY-TCC GO TO D73B At the present time, would you say that, in general, things are going in the right direction or in the wrong direction, in…? (READ OUT – ONE ANSWER PER LINE – CODE ‘NO ANSWER’ IN CODE 4)","DO NOT ASK D73A IN CY-TCC – CY-TCC GO TO D73B At the present time, would you say that, in general, things are going in the right direction or in the wrong direction, in…? (READ OUT – ONE ANSWER PER LINE – CODE ‘NO ANSWER’ IN CODE 4)",Eurobarometer semantic union consensus,506,ZA7601,UNION_CONSENSUS,ZA5932;ZA5998;ZA6963;ZA7489;ZA7576,5,1.000000,1.000000,0.000000,UNION_CONSENSUS,5,1
d73a_3,D73A,PRESENT DIRECTION - USA,"DO NOT ASK D73A IN CY-TCC – CY-TCC GO TO D73B At the present time, would you say that, in general, things are going in the right direction or in the wrong direction, in…? (READ OUT – ONE ANSWER PER LINE – CODE ‘NO ANSWER’ IN CODE 4)","DO NOT ASK D73A IN CY-TCC – CY-TCC GO TO D73B At the present time, would you say that, in general, things are going in the right direction or in the wrong direction, in…? (READ OUT – ONE ANSWER PER LINE – CODE ‘NO ANSWER’ IN CODE 4)",Eurobarometer semantic union consensus,508,ZA7601,UNION_CONSENSUS,ZA6963;ZA7489;ZA7576,3,1.000000,1.000000,0.000000,UNION_CONSENSUS,3,1
d73b_1,D73B,PRESENT DIRECTION - OUR COMMUNITY (TCC),"ASK D73B ONLY IN CY-TCC – OTHERS GO TO QA6A At the present time, would you say that, in general, things are going in the right direction or in the wrong direction, in…? (READ OUT – ONE ANSWER PER LINE – CODE ‘NO ANSWER’ IN CODE 4)","ASK D73B ONLY IN CY-TCC – OTHERS GO TO QA6A At the present time, would you say that, in general, things are going in the right direction or in the wrong direction, in…? (READ OUT – ONE ANSWER PER LINE – CODE ‘NO ANSWER’ IN CODE 4)",Eurobarometer semantic union consensus,510,ZA7601,UNION_CONSENSUS,ZA5932;ZA5998;ZA6963;ZA7489;ZA7576,5,1.000000,1.000000,0.000000,UNION_CONSENSUS,5,1
d73b_2,D73B,PRESENT DIRECTION - EUROPEAN UNION (TCC),"ASK D73B ONLY IN CY-TCC – OTHERS GO TO QA6A At the present time, would you say that, in general, things are going in the right direction or in the wrong direction, in…? (READ OUT – ONE ANSWER PER LINE – CODE ‘NO ANSWER’ IN CODE 4)","ASK D73B ONLY IN CY-TCC – OTHERS GO TO QA6A At the present time, would you say that, in general, things are going in the right direction or in the wrong direction, in…? (READ OUT – ONE ANSWER PER LINE – CODE ‘NO ANSWER’ IN CODE 4)",Eurobarometer semantic union consensus,511,ZA7601,UNION_CONSENSUS,ZA5932;ZA5998;ZA6963;ZA7489;ZA7576,5,1.000000,1.000000,0.000000,UNION_CONSENSUS,5,1
d73b_3,D73B,PRESENT DIRECTION - USA (TCC),"ASK D73B ONLY IN CY-TCC – OTHERS GO TO QA6A At the present time, would you say that, in general, things are going in the right direction or in the wrong direction, in…? (READ OUT – ONE ANSWER PER LINE – CODE ‘NO ANSWER’ IN CODE 4)","ASK D73B ONLY IN CY-TCC – OTHERS GO TO QA6A At the present time, would you say that, in general, things are going in the right direction or in the wrong direction, in…? (READ OUT – ONE ANSWER PER LINE – CODE ‘NO ANSWER’ IN CODE 4)",Eurobarometer semantic union consensus,512,ZA7601,UNION_CONSENSUS,ZA6963;ZA7489;ZA7576,3,1.000000,1.000000,0.000000,UNION_CONSENSUS,3,1
qa6a_1,QA6A,TRUST IN INSTITUTIONS: MEDIA,"DO NOT ASK QA6A IN CY-TCC – CY-TCC GO TO QA6B I would like to ask you a question about how much trust you have in certain media and institutions. For each of the following media and institutions, please tell me if you tend to trust it or tend not to trust it. (READ OUT – ONE ANSWER PER LINE)","DO NOT ASK QA6A IN CY-TCC – CY-TCC GO TO QA6B I would like to ask you a question about how much trust you have in certain media and institutions. For each of the following media and institutions, please tell me if you tend to trust it or tend not to trust it. (READ OUT – ONE ANSWER PER LINE)",Eurobarometer semantic union support match,513,ZA7601,UNION_SUPPORT_MATCH,ZA7576,1,0.250000,1.000000,0.000000,UNION_SUPPORT_MATCH,4,4
qa6a_2,QA6A,TRUST IN INSTITUTIONS: POLITICAL PARTIES,"DO NOT ASK QA6A IN CY-TCC – CY-TCC GO TO QA6B I would like to ask you a question about how much trust you have in certain media and institutions. For each of the following media and institutions, please tell me if you tend to trust it or tend not to trust it. (READ OUT – ONE ANSWER PER LINE)","DO NOT ASK QA6A IN CY-TCC – CY-TCC GO TO QA6B I would like to ask you a question about how much trust you have in certain media and institutions. For each of the following media and institutions, please tell me if you tend to trust it or tend not to trust it. (READ OUT – ONE ANSWER PER LINE)",Eurobarometer semantic union support match,515,ZA7601,UNION_SUPPORT_MATCH,ZA7576,1,0.250000,1.000000,0.000000,UNION_SUPPORT_MATCH,4,4
qa6a_3,QA6A,TRUST IN INSTITUTIONS: JUSTICE / LEGAL SYSTEM,"DO NOT ASK QA6A IN CY-TCC – CY-TCC GO TO QA6B I would like to ask you a question about how much trust you have in certain media and institutions. For each of the following media and institutions, please tell me if you tend to trust it or tend not to trust it. (READ OUT – ONE ANSWER PER LINE)","DO NOT ASK QA6A IN CY-TCC – CY-TCC GO TO QA6B I would like to ask you a question about how much trust you have in certain media and institutions. For each of the following media and institutions, please tell me if you tend to trust it or tend not to trust it. (READ OUT – ONE ANSWER PER LINE)",Eurobarometer semantic union support match,517,ZA7601,UNION_SUPPORT_MATCH,ZA7576,1,0.250000,1.000000,0.000000,UNION_SUPPORT_MATCH,4,4
qa6a_4,QA6A,TRUST IN INSTITUTIONS: POLICE,"DO NOT ASK QA6A IN CY-TCC – CY-TCC GO TO QA6B I would like to ask you a question about how much trust you have in certain media and institutions. For each of the following media and institutions, please tell me if you tend to trust it or tend not to trust it. (READ OUT – ONE ANSWER PER LINE)","DO NOT ASK QA6A IN CY-TCC – CY-TCC GO TO QA6B I would like to ask you a question about how much trust you have in certain media and institutions. For each of the following media and institutions, please tell me if you tend to trust it or tend not to trust it. (READ OUT – ONE ANSWER PER LINE)",Eurobarometer semantic union support match,519,ZA7601,UNION_SUPPORT_MATCH,ZA7576,1,0.250000,1.000000,0.000000,UNION_SUPPORT_MATCH,4,4
qa6a_5,QA6A,TRUST IN INSTITUTIONS: ARMY,"DO NOT ASK QA6A IN CY-TCC – CY-TCC GO TO QA6B I would like to ask you a question about how much trust you have in certain media and institutions. For each of the following media and institutions, please tell me if you tend to trust it or tend not to trust it. (READ OUT – ONE ANSWER PER LINE)","DO NOT ASK QA6A IN CY-TCC – CY-TCC GO TO QA6B I would like to ask you a question about how much trust you have in certain media and institutions. For each of the following media and institutions, please tell me if you tend to trust it or tend not to trust it. (READ OUT – ONE ANSWER PER LINE)",Eurobarometer semantic union support match,521,ZA7601,UNION_SUPPORT_MATCH,ZA7576,1,0.250000,1.000000,0.000000,UNION_SUPPORT_MATCH,4,4
qa6a_6,QA6A,TRUST IN INSTITUTIONS: PUBLIC ADMINISTRATION,"DO NOT ASK QA6A IN CY-TCC – CY-TCC GO TO QA6B I would like to ask you a question about how much trust you have in certain media and institutions. For each of the following media and institutions, please tell me if you tend to trust it or tend not to trust it. (READ OUT – ONE ANSWER PER LINE)","DO NOT ASK QA6A IN CY-TCC – CY-TCC GO TO QA6B I would like to ask you a question about how much trust you have in certain media and institutions. For each of the following media and institutions, please tell me if you tend to trust it or tend not to trust it. (READ OUT – ONE ANSWER PER LINE)",Eurobarometer semantic union support match,523,ZA7601,UNION_SUPPORT_MATCH,ZA7576,1,0.250000,1.000000,0.000000,UNION_SUPPORT_MATCH,4,4
qa6a_7,QA6A,TRUST IN INSTITUTIONS: REG/LOCAL PUBLIC AUTHORITIES,"DO NOT ASK QA6A IN CY-TCC – CY-TCC GO TO QA6B I would like to ask you a question about how much trust you have in certain media and institutions. For each of the following media and institutions, please tell me if you tend to trust it or tend not to trust it. (READ OUT – ONE ANSWER PER LINE)","DO NOT ASK QA6A IN CY-TCC – CY-TCC GO TO QA6B I would like to ask you a question about how much trust you have in certain media and institutions. For each of the following media and institutions, please tell me if you tend to trust it or tend not to trust it. (READ OUT – ONE ANSWER PER LINE)",Eurobarometer semantic union support match,525,ZA7601,UNION_SUPPORT_MATCH,ZA7576,1,0.250000,1.000000,0.000000,UNION_SUPPORT_MATCH,4,4
qa6a_8,QA6A,TRUST IN INSTITUTIONS: NATIONAL GOVERNMENT,"DO NOT ASK QA6A IN CY-TCC – CY-TCC GO TO QA6B I would like to ask you a question about how much trust you have in certain media and institutions. For each of the following media and institutions, please tell me if you tend to trust it or tend not to trust it. (READ OUT – ONE ANSWER PER LINE)","DO NOT ASK QA6A IN CY-TCC – CY-TCC GO TO QA6B I would like to ask you a question about how much trust you have in certain media and institutions. For each of the following media and institutions, please tell me if you tend to trust it or tend not to trust it. (READ OUT – ONE ANSWER PER LINE)",Eurobarometer semantic union support match,527,ZA7601,UNION_SUPPORT_MATCH,ZA7576,1,0.250000,1.000000,0.000000,UNION_SUPPORT_MATCH,4,4
qa6a_9,QA6A,TRUST IN INSTITUTIONS: NATIONAL PARLIAMENT,"DO NOT ASK QA6A IN CY-TCC – CY-TCC GO TO QA6B I would like to ask you a question about how much trust you have in certain media and institutions. For each of the following media and institutions, please tell me if you tend to trust it or tend not to trust it. (READ OUT – ONE ANSWER PER LINE)","DO NOT ASK QA6A IN CY-TCC – CY-TCC GO TO QA6B I would like to ask you a question about how much trust you have in certain media and institutions. For each of the following media and institutions, please tell me if you tend to trust it or tend not to trust it. (READ OUT – ONE ANSWER PER LINE)",Eurobarometer semantic union support match,529,ZA7601,UNION_SUPPORT_MATCH,ZA7576,1,0.333333,1.000000,0.000000,UNION_SUPPORT_MATCH,3,3
qa6a_10,QA6A,TRUST IN INSTITUTIONS: EUROPEAN UNION,"DO NOT ASK QA6A IN CY-TCC – CY-TCC GO TO QA6B I would like to ask you a question about how much trust you have in certain media and institutions. For each of the following media and institutions, please tell me if you tend to trust it or tend not to trust it. (READ OUT – ONE ANSWER PER LINE)","DO NOT ASK QA6A IN CY-TCC – CY-TCC GO TO QA6B I would like to ask you a question about how much trust you have in certain media and institutions. For each of the following media and institutions, please tell me if you tend to trust it or tend not to trust it. (READ OUT – ONE ANSWER PER LINE)",Eurobarometer semantic union support match,531,ZA7601,UNION_SUPPORT_MATCH,ZA7576,1,0.333333,1.000000,0.000000,UNION_SUPPORT_MATCH,3,3
qa6a_11,QA6A,TRUST IN INSTITUTIONS: UNITED NATIONS,"DO NOT ASK QA6A IN CY-TCC – CY-TCC GO TO QA6B I would like to ask you a question about how much trust you have in certain media and institutions. For each of the following media and institutions, please tell me if you tend to trust it or tend not to trust it. (READ OUT – ONE ANSWER PER LINE)","DO NOT ASK QA6A IN CY-TCC – CY-TCC GO TO QA6B I would like to ask you a question about how much trust you have in certain media and institutions. For each of the following media and institutions, please tell me if you tend to trust it or tend not to trust it. (READ OUT – ONE ANSWER PER LINE)",Eurobarometer semantic union support match,533,ZA7601,UNION_SUPPORT_MATCH,ZA7576,1,0.333333,1.000000,0.000000,UNION_SUPPORT_MATCH,3,3
qa6a_12,,,,qa6a_12,native LSM source map (union fallback unresolved),,ZA7601,UNRESOLVED_NATIVE,,0,0.500000,0.000000,0.438223,UNRESOLVED_NATIVE,2,2
qa6a_13,,,,qa6a_13,native LSM source map (union fallback unresolved),,ZA7601,UNRESOLVED_NATIVE,,0,0.500000,0.000000,0.438223,UNRESOLVED_NATIVE,2,2
qa6a_14,,,,qa6a_14,native LSM source map (union fallback unresolved),,ZA7601,UNRESOLVED_NATIVE,,0,0.500000,0.000000,0.438223,UNRESOLVED_NATIVE,2,2
qa6a_15,,,,qa6a_15,native LSM source map (union fallback unresolved),,ZA7601,UNRESOLVED_NATIVE,,0,0.500000,0.000000,0.438223,UNRESOLVED_NATIVE,2,2
qa6b_1,QA6B,TRUST IN INSTITUTIONS: POLITICAL PARTIES (TCC),"ASK QA6B ONLY IN CY-TCC – OTHERS GO TO QA7 I would like to ask you a question about how much trust you have in certain media and institutions. For each of the following media and institutions, please tell me if you tend to trust it or tend not to trust it. (READ OUT – ONE ANSWER PER LINE)","ASK QA6B ONLY IN CY-TCC – OTHERS GO TO QA7 I would like to ask you a question about how much trust you have in certain media and institutions. For each of the following media and institutions, please tell me if you tend to trust it or tend not to trust it. (READ OUT – ONE ANSWER PER LINE)",Eurobarometer semantic union support match,535,ZA7601,UNION_SUPPORT_MATCH,ZA7576,1,0.200000,1.000000,0.000000,UNION_SUPPORT_MATCH,5,5
qa6b_2,QA6B,TRUST IN INSTITUTIONS: EUROPEAN UNION (TCC),"ASK QA6B ONLY IN CY-TCC – OTHERS GO TO QA7 I would like to ask you a question about how much trust you have in certain media and institutions. For each of the following media and institutions, please tell me if you tend to trust it or tend not to trust it. (READ OUT – ONE ANSWER PER LINE)","ASK QA6B ONLY IN CY-TCC – OTHERS GO TO QA7 I would like to ask you a question about how much trust you have in certain media and institutions. For each of the following media and institutions, please tell me if you tend to trust it or tend not to trust it. (READ OUT – ONE ANSWER PER LINE)",Eurobarometer semantic union support match,536,ZA7601,UNION_SUPPORT_MATCH,ZA7576,1,0.200000,1.000000,0.000000,UNION_SUPPORT_MATCH,5,5
qa6b_3,QA6B,TRUST IN INSTITUTIONS: UNITED NATIONS (TCC),"ASK QA6B ONLY IN CY-TCC – OTHERS GO TO QA7 I would like to ask you a question about how much trust you have in certain media and institutions. For each of the following media and institutions, please tell me if you tend to trust it or tend not to trust it. (READ OUT – ONE ANSWER PER LINE)","ASK QA6B ONLY IN CY-TCC – OTHERS GO TO QA7 I would like to ask you a question about how much trust you have in certain media and institutions. For each of the following media and institutions, please tell me if you tend to trust it or tend not to trust it. (READ OUT – ONE ANSWER PER LINE)",Eurobarometer semantic union support match,537,ZA7601,UNION_SUPPORT_MATCH,ZA7576,1,0.200000,1.000000,0.000000,UNION_SUPPORT_MATCH,5,5
qa6b_4,QA6B,TRUST IN INSTITUTIONS: MEDIA (TCC),"ASK QA6B ONLY IN CY-TCC – OTHERS GO TO QA7 I would like to ask you a question about how much trust you have in certain media and institutions. For each of the following media and institutions, please tell me if you tend to trust it or tend not to trust it. (READ OUT – ONE ANSWER PER LINE)","ASK QA6B ONLY IN CY-TCC – OTHERS GO TO QA7 I would like to ask you a question about how much trust you have in certain media and institutions. For each of the following media and institutions, please tell me if you tend to trust it or tend not to trust it. (READ OUT – ONE ANSWER PER LINE)",Eurobarometer semantic union support match,538,ZA7601,UNION_SUPPORT_MATCH,ZA7576,1,0.200000,1.000000,0.000000,UNION_SUPPORT_MATCH,5,5
qa6b_5,,,,qa6b_5,native LSM source map (union fallback unresolved),,ZA7601,UNRESOLVED_NATIVE,,0,0.333333,0.000000,0.438223,UNRESOLVED_NATIVE,3,3
qa6b_6,,,,qa6b_6,native LSM source map (union fallback unresolved),,ZA7601,UNRESOLVED_NATIVE,,0,0.333333,0.000000,0.438223,UNRESOLVED_NATIVE,3,3
qa6b_7,,,,qa6b_7,native LSM source map (union fallback unresolved),,ZA7601,UNRESOLVED_NATIVE,,0,0.333333,0.000000,0.438223,UNRESOLVED_NATIVE,3,3
qa6b_8,,,,qa6b_8,native LSM source map (union fallback unresolved),,ZA7601,UNRESOLVED_NATIVE,,0,0.333333,0.000000,0.438223,UNRESOLVED_NATIVE,3,3
qa6t,,,,qa6t,native LSM source map (union fallback unresolved),,ZA7601,UNRESOLVED_NATIVE,,0,1.000000,0.000000,0.339456,UNRESOLVED_NATIVE,1,1
d78,D78,EU IMAGE - POSITIVE/NEGATIVE,"In general, does the EU conjure up for you a very positive, fairly positive, neutral, fairly negative or very negative image? (ONE ANSWER ONLY)","In general, does the EU conjure up for you a very positive, fairly positive, neutral, fairly negative or very negative image? (ONE ANSWER ONLY)",Eurobarometer semantic union consensus,303,ZA7601,UNION_CONSENSUS,ZA5965;ZA6595;ZA6693;ZA6696;ZA6697;ZA6861;ZA6862;ZA6925;ZA6927;ZA6939;ZA7484;ZA7488;ZA7489;ZA7556;ZA7561;ZA7562,16,1.000000,1.000000,0.000000,UNION_CONSENSUS,16,1
qa7_1,,,,qa7_1,native LSM source map (union fallback unresolved),,ZA7601,UNRESOLVED_NATIVE,,0,0.076923,0.333333,0.438223,UNRESOLVED_NATIVE,13,13
qa7_2,,,,qa7_2,native LSM source map (union fallback unresolved),,ZA7601,UNRESOLVED_NATIVE,,0,0.083333,0.333333,0.438223,UNRESOLVED_NATIVE,12,12
qa7_3,,,,qa7_3,native LSM source map (union fallback unresolved),,ZA7601,UNRESOLVED_NATIVE,,0,0.083333,0.333333,0.438223,UNRESOLVED_NATIVE,12,12
qa7_4,,,,qa7_4,native LSM source map (union fallback unresolved),,ZA7601,UNRESOLVED_NATIVE,,0,0.100000,0.333333,0.438223,UNRESOLVED_NATIVE,10,10
qa7_5,,,,qa7_5,native LSM source map (union fallback unresolved),,ZA7601,UNRESOLVED_NATIVE,,0,0.125000,0.333333,0.438223,UNRESOLVED_NATIVE,8,8
qa7_6,,,,qa7_6,native LSM source map (union fallback unresolved),,ZA7601,UNRESOLVED_NATIVE,,0,0.250000,0.333333,0.438223,UNRESOLVED_NATIVE,4,4
qa7_7,,,,qa7_7,native LSM source map (union fallback unresolved),,ZA7601,UNRESOLVED_NATIVE,,0,0.250000,0.333333,0.438223,UNRESOLVED_NATIVE,4,4
qa7_8,,,,qa7_8,native LSM source map (union fallback unresolved),,ZA7601,UNRESOLVED_NATIVE,,0,0.333333,0.333333,0.438223,UNRESOLVED_NATIVE,3,3
qa7_9,,,,qa7_9,native LSM source map (union fallback unresolved),,ZA7601,UNRESOLVED_NATIVE,,0,0.333333,0.333333,0.438223,UNRESOLVED_NATIVE,3,3
qa7_10,,,,qa7_10,native LSM source map (union fallback unresolved),,ZA7601,UNRESOLVED_NATIVE,,0,0.500000,0.333333,0.438223,UNRESOLVED_NATIVE,2,2
qa7_11,,,,qa7_11,native LSM source map (union fallback unresolved),,ZA7601,UNRESOLVED_NATIVE,,0,0.500000,0.333333,0.438223,UNRESOLVED_NATIVE,2,2
qa7_12,,,,qa7_12,native LSM source map (union fallback unresolved),,ZA7601,UNRESOLVED_NATIVE,,0,1.000000,0.333333,0.438223,UNRESOLVED_NATIVE,1,1
qa7_13,,,,qa7_13,native LSM source map (union fallback unresolved),,ZA7601,UNRESOLVED_NATIVE,,0,1.000000,0.333333,0.438223,UNRESOLVED_NATIVE,1,1
qa7_14,,,,qa7_14,native LSM source map (union fallback unresolved),,ZA7601,UNRESOLVED_NATIVE,,0,1.000000,0.333333,0.438223,UNRESOLVED_NATIVE,1,1
qa7_15,,,,qa7_15,native LSM source map (union fallback unresolved),,ZA7601,UNRESOLVED_NATIVE,,0,1.000000,0.333333,0.438223,UNRESOLVED_NATIVE,1,1
qa7_16,,,,qa7_16,native LSM source map (union fallback unresolved),,ZA7601,UNRESOLVED_NATIVE,,0,1.000000,0.333333,0.438223,UNRESOLVED_NATIVE,1,1
qa7_17,,,,qa7_17,native LSM source map (union fallback unresolved),,ZA7601,UNRESOLVED_NATIVE,,0,0.000000,0.000000,0.000000,UNRESOLVED_NATIVE,0,0
qa8_1,,,,qa8_1,native LSM source map (union fallback unresolved),,ZA7601,UNRESOLVED_NATIVE,,0,0.066667,0.111111,0.526255,UNRESOLVED_NATIVE,15,15
qa8_2,,,,qa8_2,native LSM source map (union fallback unresolved),,ZA7601,UNRESOLVED_NATIVE,,0,0.066667,0.111111,0.526255,UNRESOLVED_NATIVE,15,15
qa8_3,,,,qa8_3,native LSM source map (union fallback unresolved),,ZA7601,UNRESOLVED_NATIVE,,0,0.076923,0.111111,0.526255,UNRESOLVED_NATIVE,13,13
qa8_4,,,,qa8_4,native LSM source map (union fallback unresolved),,ZA7601,UNRESOLVED_NATIVE,,0,0.090909,0.111111,0.526255,UNRESOLVED_NATIVE,11,11
qa8_5,,,,qa8_5,native LSM source map (union fallback unresolved),,ZA7601,UNRESOLVED_NATIVE,,0,0.125000,0.111111,0.526255,UNRESOLVED_NATIVE,8,8
qa8_6,,,,qa8_6,native LSM source map (union fallback unresolved),,ZA7601,UNRESOLVED_NATIVE,,0,0.166667,0.111111,0.526255,UNRESOLVED_NATIVE,6,6
qa9a,,,,qa9a,native LSM source map (union fallback unresolved),,ZA7601,UNRESOLVED_NATIVE,,0,0.250000,0.142857,0.438223,UNRESOLVED_NATIVE,4,4
qa10a,,,,qa10a,native LSM source map (union fallback unresolved),,ZA7601,UNRESOLVED_NATIVE,,0,0.200000,0.500000,0.365228,UNRESOLVED_NATIVE,5,5
qa9b,,,,qa9b,native LSM source map (union fallback unresolved),,ZA7601,UNRESOLVED_NATIVE,,0,0.333333,0.142857,0.438223,UNRESOLVED_NATIVE,3,3
qa10b,,,,qa10b,native LSM source map (union fallback unresolved),,ZA7601,UNRESOLVED_NATIVE,,0,0.500000,0.500000,0.365228,UNRESOLVED_NATIVE,2,2
qa11_1,,,,qa11_1,native LSM source map (union fallback unresolved),,ZA7601,UNRESOLVED_NATIVE,,0,0.083333,0.166667,0.607355,UNRESOLVED_NATIVE,12,12
qa11_2,,,,qa11_2,native LSM source map (union fallback unresolved),,ZA7601,UNRESOLVED_NATIVE,,0,0.083333,0.166667,0.607355,UNRESOLVED_NATIVE,12,12
qa11_3,,,,qa11_3,native LSM source map (union fallback unresolved),,ZA7601,UNRESOLVED_NATIVE,,0,0.100000,0.166667,0.607355,UNRESOLVED_NATIVE,10,10
qa11_4,,,,qa11_4,native LSM source map (union fallback unresolved),,ZA7601,UNRESOLVED_NATIVE,,0,0.111111,0.166667,0.607355,UNRESOLVED_NATIVE,9,9
qa11_5,,,,qa11_5,native LSM source map (union fallback unresolved),,ZA7601,UNRESOLVED_NATIVE,,0,0.111111,0.166667,0.607355,UNRESOLVED_NATIVE,9,9
qa11_6,,,,qa11_6,native LSM source map (union fallback unresolved),,ZA7601,UNRESOLVED_NATIVE,,0,0.125000,0.166667,0.607355,UNRESOLVED_NATIVE,8,8
qa11_7,,,,qa11_7,native LSM source map (union fallback unresolved),,ZA7601,UNRESOLVED_NATIVE,,0,0.142857,0.166667,0.607355,UNRESOLVED_NATIVE,7,7
qa11_8,,,,qa11_8,native LSM source map (union fallback unresolved),,ZA7601,UNRESOLVED_NATIVE,,0,0.142857,0.166667,0.607355,UNRESOLVED_NATIVE,7,7
qa11_9,,,,qa11_9,native LSM source map (union fallback unresolved),,ZA7601,UNRESOLVED_NATIVE,,0,0.166667,0.000000,0.607355,UNRESOLVED_NATIVE,6,6
qa11_10,,,,qa11_10,native LSM source map (union fallback unresolved),,ZA7601,UNRESOLVED_NATIVE,,0,0.166667,0.000000,0.607355,UNRESOLVED_NATIVE,6,6
qa12_1,,,,qa12_1,native LSM source map (union fallback unresolved),,ZA7601,UNRESOLVED_NATIVE,,0,0.133333,0.666667,0.607355,UNRESOLVED_NATIVE,15,14
qa12_2,,,,qa12_2,native LSM source map (union fallback unresolved),,ZA7601,UNRESOLVED_NATIVE,,0,0.133333,0.666667,0.607355,UNRESOLVED_NATIVE,15,14
qa12_3,,,,qa12_3,native LSM source map (union fallback unresolved),,ZA7601,UNRESOLVED_NATIVE,,0,0.133333,0.666667,0.607355,UNRESOLVED_NATIVE,15,14
qa12_4,,,,qa12_4,native LSM source map (union fallback unresolved),,ZA7601,UNRESOLVED_NATIVE,,0,0.153846,0.666667,0.607355,UNRESOLVED_NATIVE,13,12
qa12_5,,,,qa12_5,native LSM source map (union fallback unresolved),,ZA7601,UNRESOLVED_NATIVE,,0,0.083333,0.666667,0.607355,UNRESOLVED_NATIVE,12,12
qa12_6,,,,qa12_6,native LSM source map (union fallback unresolved),,ZA7601,UNRESOLVED_NATIVE,,0,0.181818,0.666667,0.607355,UNRESOLVED_NATIVE,11,10
qa12_7,,,,qa12_7,native LSM source map (union fallback unresolved),,ZA7601,UNRESOLVED_NATIVE,,0,0.222222,0.142857,0.538696,UNRESOLVED_NATIVE,9,8
qa12_8,,,,qa12_8,native LSM source map (union fallback unresolved),,ZA7601,UNRESOLVED_NATIVE,,0,0.222222,0.142857,0.538696,UNRESOLVED_NATIVE,9,8
qa12_9,,,,qa12_9,native LSM source map (union fallback unresolved),,ZA7601,UNRESOLVED_NATIVE,,0,0.222222,0.142857,0.538696,UNRESOLVED_NATIVE,9,8
qa12_10,,,,qa12_10,native LSM source map (union fallback unresolved),,ZA7601,UNRESOLVED_NATIVE,,0,0.285714,0.142857,0.538696,UNRESOLVED_NATIVE,7,6
qa13_1,,,,qa13_1,native LSM source map (union fallback unresolved),,ZA7601,UNRESOLVED_NATIVE,,0,0.117647,0.800000,0.607355,UNRESOLVED_NATIVE,17,15
qa13_2,,,,qa13_2,native LSM source map (union fallback unresolved),,ZA7601,UNRESOLVED_NATIVE,,0,0.117647,0.800000,0.607355,UNRESOLVED_NATIVE,17,15
qa13_3,,,,qa13_3,native LSM source map (union fallback unresolved),,ZA7601,UNRESOLVED_NATIVE,,0,0.125000,0.800000,0.607355,UNRESOLVED_NATIVE,16,14
qa19,QA19,EU FUTURE - OPTIMISTIC/PESSIMISTIC,"ASK QA19 ONLY IN EU28 – CY-TCC GO TO QC1 Would you say that you are very optimistic, fairly optimistic, fairly pessimistic or very pessimistic about the future of the EU? (ONE ANSWER ONLY)","ASK QA19 ONLY IN EU28 – CY-TCC GO TO QC1 Would you say that you are very optimistic, fairly optimistic, fairly pessimistic or very pessimistic about the future of the EU? (ONE ANSWER ONLY)",Eurobarometer semantic union support match,730,ZA7601,UNION_SUPPORT_MATCH,ZA6963;ZA7576,2,0.285714,1.000000,0.000000,UNION_SUPPORT_MATCH,7,6
qa17a,QA17A,DEMOCRACY SATISFACTION - COUNTRY,"ASK QA17A/B ONLY IN EU28 / CY-TCC GO TO QA18B On the whole, are you very satisfied, fairly satisfied, not very satisfied or not at all satisfied with the way democracy works in (OUR COUNTRY)? (SHOW SCREEN – READ OUT – ONE ANSWER PER COLUMN)","ASK QA17A/B ONLY IN EU28 / CY-TCC GO TO QA18B On the whole, are you very satisfied, fairly satisfied, not very satisfied or not at all satisfied with the way democracy works in (OUR COUNTRY)? (SHOW SCREEN – READ OUT – ONE ANSWER PER COLUMN)",Eurobarometer semantic union support match,711,ZA7601,UNION_SUPPORT_MATCH,ZA6963;ZA7576,2,0.666667,1.000000,0.000000,UNION_SUPPORT_MATCH,3,2
qa17b,QA17B,DEMOCRACY SATISFACTION - EUROPEAN UNION,And how about the way democracy works in the EU? (SHOW SCREEN – READ OUT – ONE ANSWER PER COLUMN),And how about the way democracy works in the EU? (SHOW SCREEN – READ OUT – ONE ANSWER PER COLUMN),Eurobarometer semantic union consensus,713,ZA7601,UNION_CONSENSUS,ZA6963;ZA7576,2,1.000000,1.000000,0.000000,UNION_CONSENSUS,2,1
d72_1,D72,MY VOICE COUNTS - IN THE EU,Please tell me to what extent you agree or disagree with each of the following statements. (SHOW SCREEN – READ OUT – ONE ANSWER PER LINE - CODE ‘NO ANSWER’ IN CODE 5 - DISPLAY ‘99’ INSTEAD OF ‘DK’),Please tell me to what extent you agree or disagree with each of the following statements. (SHOW SCREEN – READ OUT – ONE ANSWER PER LINE - CODE ‘NO ANSWER’ IN CODE 5 - DISPLAY ‘99’ INSTEAD OF ‘DK’),Eurobarometer semantic union consensus,1417,ZA7601,UNION_CONSENSUS,ZA5913;ZA5914;ZA5929;ZA5930;ZA5931;ZA5932;ZA5964;ZA5965;ZA5998;ZA6595;ZA6642;ZA6693;ZA6696;ZA6697;ZA6862;ZA6925;ZA6927;ZA6939;ZA6963;ZA7484;ZA7488;ZA7489;ZA7556;ZA7561;ZA7562;ZA7575;ZA7576,27,0.964286,1.000000,0.000000,UNION_CONSENSUS,28,2
d72_2,D72,MY VOICE COUNTS - IN (OUR COUNTRY),Please tell me to what extent you agree or disagree with each of the following statements. (SHOW SCREEN – READ OUT – ONE ANSWER PER LINE - CODE ‘NO ANSWER’ IN CODE 5 - DISPLAY ‘99’ INSTEAD OF ‘DK’),Please tell me to what extent you agree or disagree with each of the following statements. (SHOW SCREEN – READ OUT – ONE ANSWER PER LINE - CODE ‘NO ANSWER’ IN CODE 5 - DISPLAY ‘99’ INSTEAD OF ‘DK’),Eurobarometer semantic union consensus,1419,ZA7601,UNION_CONSENSUS,ZA5913;ZA5914;ZA5929;ZA5930;ZA5931;ZA5932;ZA5964;ZA5965;ZA5998;ZA6595;ZA6642;ZA6693;ZA6696;ZA6697;ZA6862;ZA6925;ZA6927;ZA6939;ZA6963;ZA7484;ZA7488;ZA7489;ZA7556;ZA7561;ZA7562;ZA7575;ZA7576,27,0.964286,1.000000,0.000000,UNION_CONSENSUS,28,2
qb1_1,,,,qb1_1,native LSM source map (union fallback unresolved),,ZA7601,UNRESOLVED_NATIVE,,0,0.238095,0.800000,0.607355,UNRESOLVED_NATIVE,21,16
qb1_2,,,,qb1_2,native LSM source map (union fallback unresolved),,ZA7601,UNRESOLVED_NATIVE,,0,0.263158,0.800000,0.538696,UNRESOLVED_NATIVE,19,15
qb1_3,,,,qb1_3,native LSM source map (union fallback unresolved),,ZA7601,UNRESOLVED_NATIVE,,0,0.294118,0.800000,0.538696,UNRESOLVED_NATIVE,17,13
qb2_1,,,,qb2_1,native LSM source map (union fallback unresolved),,ZA7601,UNRESOLVED_NATIVE,,0,0.250000,0.166667,0.607355,UNRESOLVED_NATIVE,20,15
qb2_2,,,,qb2_2,native LSM source map (union fallback unresolved),,ZA7601,UNRESOLVED_NATIVE,,0,0.250000,0.166667,0.607355,UNRESOLVED_NATIVE,20,15
qb2_3,,,,qb2_3,native LSM source map (union fallback unresolved),,ZA7601,UNRESOLVED_NATIVE,,0,0.263158,0.166667,0.607355,UNRESOLVED_NATIVE,19,14
qb2_4,,,,qb2_4,native LSM source map (union fallback unresolved),,ZA7601,UNRESOLVED_NATIVE,,0,0.157895,0.166667,0.607355,UNRESOLVED_NATIVE,19,15
qb2_5,,,,qb2_5,native LSM source map (union fallback unresolved),,ZA7601,UNRESOLVED_NATIVE,,0,0.176471,0.125000,0.607355,UNRESOLVED_NATIVE,17,13
qb2_6,,,,qb2_6,native LSM source map (union fallback unresolved),,ZA7601,UNRESOLVED_NATIVE,,0,0.312500,0.125000,0.607355,UNRESOLVED_NATIVE,16,11
qb2_7,,,,qb2_7,native LSM source map (union fallback unresolved),,ZA7601,UNRESOLVED_NATIVE,,0,0.384615,0.000000,0.607355,UNRESOLVED_NATIVE,13,8
qb3_1,QB3,ACCESS TO SECURE ENERGY PRECONDITION - REINFORCE EU COOPERATION,"To what extent do you agree or disagree with the following statements? In order to ensure access to secure energy, it is necessary… (SHOW SCREEN – READ OUT – ONE ANSWER PER LINE – ROTATE STATEMENTS 1 TO 7 – DISPLAY ‘99’ INSTEAD OF ‘DK’)","To what extent do you agree or disagree with the following statements? In order to ensure access to secure energy, it is necessary… (SHOW SCREEN – READ OUT – ONE ANSWER PER LINE – ROTATE STATEMENTS 1 TO 7 – DISPLAY ‘99’ INSTEAD OF ‘DK’)",Eurobarometer semantic union support match,480,ZA7601,UNION_SUPPORT_MATCH,ZA7575,1,0.055556,1.000000,0.000000,UNION_SUPPORT_MATCH,18,17
qb3_2,QB3,ACCESS TO SECURE ENERGY PRECONDITION - DIVERSIFY EXTERNAL SUPPLIERS,"To what extent do you agree or disagree with the following statements? In order to ensure access to secure energy, it is necessary… (SHOW SCREEN – READ OUT – ONE ANSWER PER LINE – ROTATE STATEMENTS 1 TO 7 – DISPLAY ‘99’ INSTEAD OF ‘DK’)","To what extent do you agree or disagree with the following statements? In order to ensure access to secure energy, it is necessary… (SHOW SCREEN – READ OUT – ONE ANSWER PER LINE – ROTATE STATEMENTS 1 TO 7 – DISPLAY ‘99’ INSTEAD OF ‘DK’)",Eurobarometer semantic union support match,482,ZA7601,UNION_SUPPORT_MATCH,ZA7575,1,0.055556,1.000000,0.000000,UNION_SUPPORT_MATCH,18,17
qb3_3,QB3,ACCESS TO SECURE ENERGY PRECONDITION - FOR EU TO SPEAK WITH ONE VOICE,"To what extent do you agree or disagree with the following statements? In order to ensure access to secure energy, it is necessary… (SHOW SCREEN – READ OUT – ONE ANSWER PER LINE – ROTATE STATEMENTS 1 TO 7 – DISPLAY ‘99’ INSTEAD OF ‘DK’)","To what extent do you agree or disagree with the following statements? In order to ensure access to secure energy, it is necessary… (SHOW SCREEN – READ OUT – ONE ANSWER PER LINE – ROTATE STATEMENTS 1 TO 7 – DISPLAY ‘99’ INSTEAD OF ‘DK’)",Eurobarometer semantic union support match,484,ZA7601,UNION_SUPPORT_MATCH,ZA7575,1,0.062500,1.000000,0.000000,UNION_SUPPORT_MATCH,16,16
qb3_4,QB3,ACCESS TO SECURE ENERGY PRECONDITION - WELL-CONNECTED ENERGY NETWORK ACROSS EU,"To what extent do you agree or disagree with the following statements? In order to ensure access to secure energy, it is necessary… (SHOW SCREEN – READ OUT – ONE ANSWER PER LINE – ROTATE STATEMENTS 1 TO 7 – DISPLAY ‘99’ INSTEAD OF ‘DK’)","To what extent do you agree or disagree with the following statements? In order to ensure access to secure energy, it is necessary… (SHOW SCREEN – READ OUT – ONE ANSWER PER LINE – ROTATE STATEMENTS 1 TO 7 – DISPLAY ‘99’ INSTEAD OF ‘DK’)",Eurobarometer semantic union support match,486,ZA7601,UNION_SUPPORT_MATCH,ZA7575,1,0.062500,1.000000,0.000000,UNION_SUPPORT_MATCH,16,16
qb3_5,QB3,ACCESS TO SECURE ENERGY PRECONDITION - MORE COOPERATION ON CYBERSECURITY BETW EU MEMBERS,"To what extent do you agree or disagree with the following statements? In order to ensure access to secure energy, it is necessary… (SHOW SCREEN – READ OUT – ONE ANSWER PER LINE – ROTATE STATEMENTS 1 TO 7 – DISPLAY ‘99’ INSTEAD OF ‘DK’)","To what extent do you agree or disagree with the following statements? In order to ensure access to secure energy, it is necessary… (SHOW SCREEN – READ OUT – ONE ANSWER PER LINE – ROTATE STATEMENTS 1 TO 7 – DISPLAY ‘99’ INSTEAD OF ‘DK’)",Eurobarometer semantic union support match,488,ZA7601,UNION_SUPPORT_MATCH,ZA7575,1,0.066667,1.000000,0.000000,UNION_SUPPORT_MATCH,15,15
qb3_6,QB3,ACCESS TO SECURE ENERGY PRECONDITION - ENSURE NUCLEAR ENERGY SAFETY,"To what extent do you agree or disagree with the following statements? In order to ensure access to secure energy, it is necessary… (SHOW SCREEN – READ OUT – ONE ANSWER PER LINE – ROTATE STATEMENTS 1 TO 7 – DISPLAY ‘99’ INSTEAD OF ‘DK’)","To what extent do you agree or disagree with the following statements? In order to ensure access to secure energy, it is necessary… (SHOW SCREEN – READ OUT – ONE ANSWER PER LINE – ROTATE STATEMENTS 1 TO 7 – DISPLAY ‘99’ INSTEAD OF ‘DK’)",Eurobarometer semantic union support match,490,ZA7601,UNION_SUPPORT_MATCH,ZA7575,1,0.071429,1.000000,0.000000,UNION_SUPPORT_MATCH,14,14
qb3_7,QB3,ACCESS TO SECURE ENERGY PRECONDITION - MONITOR FOREIGN INVESTMENT IN ENERGY INFRASTRUCTURE,"To what extent do you agree or disagree with the following statements? In order to ensure access to secure energy, it is necessary… (SHOW SCREEN – READ OUT – ONE ANSWER PER LINE – ROTATE STATEMENTS 1 TO 7 – DISPLAY ‘99’ INSTEAD OF ‘DK’)","To what extent do you agree or disagree with the following statements? In order to ensure access to secure energy, it is necessary… (SHOW SCREEN – READ OUT – ONE ANSWER PER LINE – ROTATE STATEMENTS 1 TO 7 – DISPLAY ‘99’ INSTEAD OF ‘DK’)",Eurobarometer semantic union support match,492,ZA7601,UNION_SUPPORT_MATCH,ZA7575,1,0.071429,1.000000,0.000000,UNION_SUPPORT_MATCH,14,14
qb3_8,,,,qb3_8,native LSM source map (union fallback unresolved),,ZA7601,UNRESOLVED_NATIVE,,0,0.100000,0.000000,0.367516,UNRESOLVED_NATIVE,10,10
qb3_9,,,,qb3_9,native LSM source map (union fallback unresolved),,ZA7601,UNRESOLVED_NATIVE,,0,0.100000,0.000000,0.367516,UNRESOLVED_NATIVE,10,10
qb3_10,,,,qb3_10,native LSM source map (union fallback unresolved),,ZA7601,UNRESOLVED_NATIVE,,0,0.125000,0.000000,0.360832,UNRESOLVED_NATIVE,8,8
qb4_1,,,,qb4_1,native LSM source map (union fallback unresolved),,ZA7601,UNRESOLVED_NATIVE,,0,0.058824,0.333333,0.381699,UNRESOLVED_NATIVE,17,17
qb4_2,,,,qb4_2,native LSM source map (union fallback unresolved),,ZA7601,UNRESOLVED_NATIVE,,0,0.058824,0.333333,0.381699,UNRESOLVED_NATIVE,17,17
qb4_3,,,,qb4_3,native LSM source map (union fallback unresolved),,ZA7601,UNRESOLVED_NATIVE,,0,0.062500,0.333333,0.381699,UNRESOLVED_NATIVE,16,16
qb4_4,,,,qb4_4,native LSM source map (union fallback unresolved),,ZA7601,UNRESOLVED_NATIVE,,0,0.076923,0.333333,0.381699,UNRESOLVED_NATIVE,13,13
qb4_5,,,,qb4_5,native LSM source map (union fallback unresolved),,ZA7601,UNRESOLVED_NATIVE,,0,0.090909,0.333333,0.381699,UNRESOLVED_NATIVE,11,11
qb4_6,,,,qb4_6,native LSM source map (union fallback unresolved),,ZA7601,UNRESOLVED_NATIVE,,0,0.142857,0.333333,0.367516,UNRESOLVED_NATIVE,7,7
qb4_7,,,,qb4_7,native LSM source map (union fallback unresolved),,ZA7601,UNRESOLVED_NATIVE,,0,0.166667,0.333333,0.367516,UNRESOLVED_NATIVE,6,6
qb4_8,,,,qb4_8,native LSM source map (union fallback unresolved),,ZA7601,UNRESOLVED_NATIVE,,0,0.333333,0.333333,0.342527,UNRESOLVED_NATIVE,3,3
qb4_9,,,,qb4_9,native LSM source map (union fallback unresolved),,ZA7601,UNRESOLVED_NATIVE,,0,0.500000,0.333333,0.342527,UNRESOLVED_NATIVE,2,2
qb4_10,,,,qb4_10,native LSM source map (union fallback unresolved),,ZA7601,UNRESOLVED_NATIVE,,0,0.500000,0.333333,0.342527,UNRESOLVED_NATIVE,2,2
qb4_11,,,,qb4_11,native LSM source map (union fallback unresolved),,ZA7601,UNRESOLVED_NATIVE,,0,0.000000,0.000000,0.000000,UNRESOLVED_NATIVE,0,0
qb4_12,,,,qb4_12,native LSM source map (union fallback unresolved),,ZA7601,UNRESOLVED_NATIVE,,0,0.000000,0.000000,0.000000,UNRESOLVED_NATIVE,0,0
qb5_1,,,,qb5_1,native LSM source map (union fallback unresolved),,ZA7601,UNRESOLVED_NATIVE,,0,0.153846,0.142857,0.607355,UNRESOLVED_NATIVE,13,12
qb5_2,,,,qb5_2,native LSM source map (union fallback unresolved),,ZA7601,UNRESOLVED_NATIVE,,0,0.153846,0.142857,0.607355,UNRESOLVED_NATIVE,13,12
qb5_3,,,,qb5_3,native LSM source map (union fallback unresolved),,ZA7601,UNRESOLVED_NATIVE,,0,0.153846,0.142857,0.607355,UNRESOLVED_NATIVE,13,12
qb5_4,,,,qb5_4,native LSM source map (union fallback unresolved),,ZA7601,UNRESOLVED_NATIVE,,0,0.166667,0.142857,0.607355,UNRESOLVED_NATIVE,12,11
qb5_5,,,,qb5_5,native LSM source map (union fallback unresolved),,ZA7601,UNRESOLVED_NATIVE,,0,0.125000,0.125000,0.367516,UNRESOLVED_NATIVE,8,8
qb5_6,,,,qb5_6,native LSM source map (union fallback unresolved),,ZA7601,UNRESOLVED_NATIVE,,0,0.142857,0.000000,0.367516,UNRESOLVED_NATIVE,7,7
qb5_7,,,,qb5_7,native LSM source map (union fallback unresolved),,ZA7601,UNRESOLVED_NATIVE,,0,0.166667,0.000000,0.367516,UNRESOLVED_NATIVE,6,6
qb6_1,,,,qb6_1,native LSM source map (union fallback unresolved),,ZA7601,UNRESOLVED_NATIVE,,0,0.083333,0.125000,0.367516,UNRESOLVED_NATIVE,12,12
qb6_2,,,,qb6_2,native LSM source map (union fallback unresolved),,ZA7601,UNRESOLVED_NATIVE,,0,0.083333,0.125000,0.367516,UNRESOLVED_NATIVE,12,12
qb7_1,,,,qb7_1,native LSM source map (union fallback unresolved),,ZA7601,UNRESOLVED_NATIVE,,0,0.055556,0.111111,0.367516,UNRESOLVED_NATIVE,18,18
qb7_2,,,,qb7_2,native LSM source map (union fallback unresolved),,ZA7601,UNRESOLVED_NATIVE,,0,0.055556,0.111111,0.367516,UNRESOLVED_NATIVE,18,18
qb8_1,,,,qb8_1,native LSM source map (union fallback unresolved),,ZA7601,UNRESOLVED_NATIVE,,0,0.071429,0.800000,0.367516,UNRESOLVED_NATIVE,14,14
qb8_2,,,,qb8_2,native LSM source map (union fallback unresolved),,ZA7601,UNRESOLVED_NATIVE,,0,0.071429,0.800000,0.367516,UNRESOLVED_NATIVE,14,14
qb8_3,,,,qb8_3,native LSM source map (union fallback unresolved),,ZA7601,UNRESOLVED_NATIVE,,0,0.076923,0.800000,0.367516,UNRESOLVED_NATIVE,13,13
qb9_1,,,,qb9_1,native LSM source map (union fallback unresolved),,ZA7601,UNRESOLVED_NATIVE,,0,0.083333,0.000000,0.381699,UNRESOLVED_NATIVE,12,12
qb9_2,,,,qb9_2,native LSM source map (union fallback unresolved),,ZA7601,UNRESOLVED_NATIVE,,0,0.083333,0.000000,0.381699,UNRESOLVED_NATIVE,12,12
qc1a_1,,,,qc1a_1,native LSM source map (union fallback unresolved),,ZA7601,UNRESOLVED_NATIVE,,0,0.000000,0.000000,0.000000,UNRESOLVED_NATIVE,0,0
qc1a_2,,,,qc1a_2,native LSM source map (union fallback unresolved),,ZA7601,UNRESOLVED_NATIVE,,0,0.000000,0.000000,0.000000,UNRESOLVED_NATIVE,0,0
qc1a_3,,,,qc1a_3,native LSM source map (union fallback unresolved),,ZA7601,UNRESOLVED_NATIVE,,0,0.000000,0.000000,0.000000,UNRESOLVED_NATIVE,0,0
qc1a_4,,,,qc1a_4,native LSM source map (union fallback unresolved),,ZA7601,UNRESOLVED_NATIVE,,0,0.000000,0.000000,0.000000,UNRESOLVED_NATIVE,0,0
qc1b_1,,,,qc1b_1,native LSM source map (union fallback unresolved),,ZA7601,UNRESOLVED_NATIVE,,0,1.000000,0.000000,0.340561,UNRESOLVED_NATIVE,1,1
qc1b_2,,,,qc1b_2,native LSM source map (union fallback unresolved),,ZA7601,UNRESOLVED_NATIVE,,0,1.000000,0.000000,0.340561,UNRESOLVED_NATIVE,1,1
qc1b_3,,,,qc1b_3,native LSM source map (union fallback unresolved),,ZA7601,UNRESOLVED_NATIVE,,0,1.000000,0.000000,0.340561,UNRESOLVED_NATIVE,1,1
qc1b_4,,,,qc1b_4,native LSM source map (union fallback unresolved),,ZA7601,UNRESOLVED_NATIVE,,0,1.000000,0.000000,0.340561,UNRESOLVED_NATIVE,1,1
qc2_1,,,,qc2_1,native LSM source map (union fallback unresolved),,ZA7601,UNRESOLVED_NATIVE,,0,0.222222,0.142857,0.491555,UNRESOLVED_NATIVE,9,7
qc2_2,,,,qc2_2,native LSM source map (union fallback unresolved),,ZA7601,UNRESOLVED_NATIVE,,0,0.222222,0.142857,0.491555,UNRESOLVED_NATIVE,9,8
qc2_3,,,,qc2_3,native LSM source map (union fallback unresolved),,ZA7601,UNRESOLVED_NATIVE,,0,0.222222,0.142857,0.491555,UNRESOLVED_NATIVE,9,8
qc3a,QC3A,CRISIS EFFECTS - MOST CAPABLE ACTOR,"DO NOT ASK QC3A IN CY-TCC – CY-TCC GO TO QC3B In your opinion, which of the following is best able to take effective actions against the effects of the financial and economic crisis? (SHOW CARD – READ OUT – ROTATE – ONE ANSWER ONLY)","DO NOT ASK QC3A IN CY-TCC – CY-TCC GO TO QC3B In your opinion, which of the following is best able to take effective actions against the effects of the financial and economic crisis? (SHOW CARD – READ OUT – ROTATE – ONE ANSWER ONLY)",Eurobarometer semantic union consensus,585,ZA7601,UNION_CONSENSUS,ZA5612;ZA5685;ZA5689;ZA5876,4,0.800000,0.125000,0.000000,UNION_CONSENSUS,5,2
qc3b_1,,,,qc3b_1,native LSM source map (union fallback unresolved),,ZA7601,UNRESOLVED_NATIVE,,0,1.000000,0.333333,0.345193,UNRESOLVED_NATIVE,1,1
qc3b_2,,,,qc3b_2,native LSM source map (union fallback unresolved),,ZA7601,UNRESOLVED_NATIVE,,0,1.000000,0.333333,0.345193,UNRESOLVED_NATIVE,1,1
qc3b_3,,,,qc3b_3,native LSM source map (union fallback unresolved),,ZA7601,UNRESOLVED_NATIVE,,0,1.000000,0.333333,0.345193,UNRESOLVED_NATIVE,1,1
qc3b_4,,,,qc3b_4,native LSM source map (union fallback unresolved),,ZA7601,UNRESOLVED_NATIVE,,0,1.000000,0.333333,0.345193,UNRESOLVED_NATIVE,1,1
qc3b_5,,,,qc3b_5,native LSM source map (union fallback unresolved),,ZA7601,UNRESOLVED_NATIVE,,0,1.000000,0.333333,0.345193,UNRESOLVED_NATIVE,1,1
qc3b_6,,,,qc3b_6,native LSM source map (union fallback unresolved),,ZA7601,UNRESOLVED_NATIVE,,0,1.000000,0.333333,0.345193,UNRESOLVED_NATIVE,1,1
qc3b_7,,,,qc3b_7,native LSM source map (union fallback unresolved),,ZA7601,UNRESOLVED_NATIVE,,0,1.000000,0.333333,0.345193,UNRESOLVED_NATIVE,1,1
qc3b_8,,,,qc3b_8,native LSM source map (union fallback unresolved),,ZA7601,UNRESOLVED_NATIVE,,0,1.000000,0.333333,0.345193,UNRESOLVED_NATIVE,1,1
qc3b_9,,,,qc3b_9,native LSM source map (union fallback unresolved),,ZA7601,UNRESOLVED_NATIVE,,0,1.000000,0.333333,0.345193,UNRESOLVED_NATIVE,1,1
qc3b_10,,,,qc3b_10,native LSM source map (union fallback unresolved),,ZA7601,UNRESOLVED_NATIVE,,0,1.000000,0.333333,0.345193,UNRESOLVED_NATIVE,1,1
qc3b_11,,,,qc3b_11,native LSM source map (union fallback unresolved),,ZA7601,UNRESOLVED_NATIVE,,0,1.000000,0.333333,0.345193,UNRESOLVED_NATIVE,1,1
qc3t_1,,,,qc3t_1,native LSM source map (union fallback unresolved),,ZA7601,UNRESOLVED_NATIVE,,0,1.000000,0.333333,0.345193,UNRESOLVED_NATIVE,1,1
qc3t_2,,,,qc3t_2,native LSM source map (union fallback unresolved),,ZA7601,UNRESOLVED_NATIVE,,0,1.000000,0.333333,0.345193,UNRESOLVED_NATIVE,1,1
qc3t_3,,,,qc3t_3,native LSM source map (union fallback unresolved),,ZA7601,UNRESOLVED_NATIVE,,0,1.000000,0.333333,0.345193,UNRESOLVED_NATIVE,1,1
qc3t_4,,,,qc3t_4,native LSM source map (union fallback unresolved),,ZA7601,UNRESOLVED_NATIVE,,0,1.000000,0.333333,0.345193,UNRESOLVED_NATIVE,1,1
qc3t_5,,,,qc3t_5,native LSM source map (union fallback unresolved),,ZA7601,UNRESOLVED_NATIVE,,0,1.000000,0.333333,0.345193,UNRESOLVED_NATIVE,1,1
qc3t_6,,,,qc3t_6,native LSM source map (union fallback unresolved),,ZA7601,UNRESOLVED_NATIVE,,0,1.000000,0.333333,0.345193,UNRESOLVED_NATIVE,1,1
qc3t_7,,,,qc3t_7,native LSM source map (union fallback unresolved),,ZA7601,UNRESOLVED_NATIVE,,0,1.000000,0.333333,0.345193,UNRESOLVED_NATIVE,1,1
qc3t_8,,,,qc3t_8,native LSM source map (union fallback unresolved),,ZA7601,UNRESOLVED_NATIVE,,0,1.000000,0.333333,0.345193,UNRESOLVED_NATIVE,1,1
qc3t_9,,,,qc3t_9,native LSM source map (union fallback unresolved),,ZA7601,UNRESOLVED_NATIVE,,0,1.000000,0.333333,0.345193,UNRESOLVED_NATIVE,1,1
qc3t_10,,,,qc3t_10,native LSM source map (union fallback unresolved),,ZA7601,UNRESOLVED_NATIVE,,0,1.000000,0.333333,0.345193,UNRESOLVED_NATIVE,1,1
qc3t_11,,,,qc3t_11,native LSM source map (union fallback unresolved),,ZA7601,UNRESOLVED_NATIVE,,0,1.000000,0.333333,0.345193,UNRESOLVED_NATIVE,1,1
qc4_1,,,,qc4_1,native LSM source map (union fallback unresolved),,ZA7601,UNRESOLVED_NATIVE,,0,0.111111,0.333333,0.538696,UNRESOLVED_NATIVE,18,14
qc4_2,,,,qc4_2,native LSM source map (union fallback unresolved),,ZA7601,UNRESOLVED_NATIVE,,0,0.111111,0.333333,0.538696,UNRESOLVED_NATIVE,18,15
qc4_3,,,,qc4_3,native LSM source map (union fallback unresolved),,ZA7601,UNRESOLVED_NATIVE,,0,0.111111,0.333333,0.538696,UNRESOLVED_NATIVE,18,14
qc4_4,,,,qc4_4,native LSM source map (union fallback unresolved),,ZA7601,UNRESOLVED_NATIVE,,0,0.111111,0.333333,0.538696,UNRESOLVED_NATIVE,18,15
qc4_5,,,,qc4_5,native LSM source map (union fallback unresolved),,ZA7601,UNRESOLVED_NATIVE,,0,0.125000,0.333333,0.538696,UNRESOLVED_NATIVE,16,12
qc4_6,,,,qc4_6,native LSM source map (union fallback unresolved),,ZA7601,UNRESOLVED_NATIVE,,0,0.133333,0.333333,0.538696,UNRESOLVED_NATIVE,15,11
qc4_7,,,,qc4_7,native LSM source map (union fallback unresolved),,ZA7601,UNRESOLVED_NATIVE,,0,0.133333,0.333333,0.538696,UNRESOLVED_NATIVE,15,12
qc4_8,,,,qc4_8,native LSM source map (union fallback unresolved),,ZA7601,UNRESOLVED_NATIVE,,0,0.166667,0.333333,0.538696,UNRESOLVED_NATIVE,12,9
qc4_9,,,,qc4_9,native LSM source map (union fallback unresolved),,ZA7601,UNRESOLVED_NATIVE,,0,0.222222,0.333333,0.538696,UNRESOLVED_NATIVE,9,7
qc4_10,,,,qc4_10,native LSM source map (union fallback unresolved),,ZA7601,UNRESOLVED_NATIVE,,0,0.285714,0.333333,0.538696,UNRESOLVED_NATIVE,7,6
qc4_11,,,,qc4_11,native LSM source map (union fallback unresolved),,ZA7601,UNRESOLVED_NATIVE,,0,0.400000,0.333333,0.538696,UNRESOLVED_NATIVE,5,4
qc4_12,,,,qc4_12,native LSM source map (union fallback unresolved),,ZA7601,UNRESOLVED_NATIVE,,0,0.400000,0.333333,0.538696,UNRESOLVED_NATIVE,5,4
qc4_13,,,,qc4_13,native LSM source map (union fallback unresolved),,ZA7601,UNRESOLVED_NATIVE,,0,0.400000,0.333333,0.538696,UNRESOLVED_NATIVE,5,4
qc4_14,,,,qc4_14,native LSM source map (union fallback unresolved),,ZA7601,UNRESOLVED_NATIVE,,0,0.400000,0.333333,0.538696,UNRESOLVED_NATIVE,5,4
qc4_15,,,,qc4_15,native LSM source map (union fallback unresolved),,ZA7601,UNRESOLVED_NATIVE,,0,0.500000,0.333333,0.381699,UNRESOLVED_NATIVE,2,2
qc4_16,,,,qc4_16,native LSM source map (union fallback unresolved),,ZA7601,UNRESOLVED_NATIVE,,0,0.500000,0.333333,0.381699,UNRESOLVED_NATIVE,2,2
qc4_17,QC4,JOB CANDIDATE DISADVANTAGE: NONE (SPONT),"ASK ALL In (OUR COUNTRY) when a company wants to hire someone and has the choice between two candidates with equal skills and qualifications, which of the following criteria may, in your opinion, put one candidate at a disadvantage? (SHOW SCREEN – READ OUT – MULTIPLE ANSWERS POSSIBLE - ROTATE CODES 1 TO 15 - DISPLAY ‘96’ ON SCREEN INSTEAD OF ‘OTHER’ - CODES 17 AND","ASK ALL In (OUR COUNTRY) when a company wants to hire someone and has the choice between two candidates with equal skills and qualifications, which of the following criteria may, in your opinion, put one candidate at a disadvantage? (SHOW SCREEN – READ OUT – MULTIPLE ANSWERS POSSIBLE - ROTATE CODES 1 TO 15 - DISPLAY ‘96’ ON SCREEN INSTEAD OF ‘OTHER’ - CODES 17 AND",Eurobarometer semantic union support match,680,ZA7601,UNION_SUPPORT_MATCH,ZA7575,1,1.000000,1.000000,0.000000,UNION_SUPPORT_MATCH,1,1
qc4_18,QC4,JOB CANDIDATE DISADVANTAGE: DK,"ASK ALL In (OUR COUNTRY) when a company wants to hire someone and has the choice between two candidates with equal skills and qualifications, which of the following criteria may, in your opinion, put one candidate at a disadvantage? (SHOW SCREEN – READ OUT – MULTIPLE ANSWERS POSSIBLE - ROTATE CODES 1 TO 15 - DISPLAY ‘96’ ON SCREEN INSTEAD OF ‘OTHER’ - CODES 17 AND","ASK ALL In (OUR COUNTRY) when a company wants to hire someone and has the choice between two candidates with equal skills and qualifications, which of the following criteria may, in your opinion, put one candidate at a disadvantage? (SHOW SCREEN – READ OUT – MULTIPLE ANSWERS POSSIBLE - ROTATE CODES 1 TO 15 - DISPLAY ‘96’ ON SCREEN INSTEAD OF ‘OTHER’ - CODES 17 AND",Eurobarometer semantic union support match,682,ZA7601,UNION_SUPPORT_MATCH,ZA7575,1,1.000000,1.000000,0.000000,UNION_SUPPORT_MATCH,1,1
qc5_1,QC5,CAP PERFORMANCE: FAIR STANDARD OF LIVING FOR FARMERS,To what extent do you think the EU through the Common Agricultural Policy (CAP) is fulfilling its role in…? (SHOW SCREEN – READ OUT – ONE ANSWER PER LINE – ROTATE STATEMENTS 1 TO 7 – DISPLAY ‘99’ ON SCREEN INSTEAD OF ‘DK’),To what extent do you think the EU through the Common Agricultural Policy (CAP) is fulfilling its role in…? (SHOW SCREEN – READ OUT – ONE ANSWER PER LINE – ROTATE STATEMENTS 1 TO 7 – DISPLAY ‘99’ ON SCREEN INSTEAD OF ‘DK’),Eurobarometer semantic union support match,630,ZA7601,UNION_SUPPORT_MATCH,ZA6642;ZA6939,2,0.117647,1.000000,0.000000,UNION_SUPPORT_MATCH,17,13
qc5_2,QC5,CAP PERFORMANCE: GROWTH/JOBS IN RURAL AREAS,To what extent do you think the EU through the Common Agricultural Policy (CAP) is fulfilling its role in…? (SHOW SCREEN – READ OUT – ONE ANSWER PER LINE – ROTATE STATEMENTS 1 TO 7 – DISPLAY ‘99’ ON SCREEN INSTEAD OF ‘DK’),To what extent do you think the EU through the Common Agricultural Policy (CAP) is fulfilling its role in…? (SHOW SCREEN – READ OUT – ONE ANSWER PER LINE – ROTATE STATEMENTS 1 TO 7 – DISPLAY ‘99’ ON SCREEN INSTEAD OF ‘DK’),Eurobarometer semantic union support match,632,ZA7601,UNION_SUPPORT_MATCH,ZA6939,1,0.058824,1.000000,0.000000,UNION_SUPPORT_MATCH,17,14
qc6_1,,,,qc6_1,native LSM source map (union fallback unresolved),,ZA7601,UNRESOLVED_NATIVE,,0,0.133333,0.333333,0.438223,UNRESOLVED_NATIVE,15,11
qc6_2,,,,qc6_2,native LSM source map (union fallback unresolved),,ZA7601,UNRESOLVED_NATIVE,,0,0.133333,0.333333,0.438223,UNRESOLVED_NATIVE,15,12
qc6_3,,,,qc6_3,native LSM source map (union fallback unresolved),,ZA7601,UNRESOLVED_NATIVE,,0,0.133333,0.333333,0.438223,UNRESOLVED_NATIVE,15,12
qc6_4,,,,qc6_4,native LSM source map (union fallback unresolved),,ZA7601,UNRESOLVED_NATIVE,,0,0.153846,0.333333,0.407743,UNRESOLVED_NATIVE,13,11
qc6_5,,,,qc6_5,native LSM source map (union fallback unresolved),,ZA7601,UNRESOLVED_NATIVE,,0,0.166667,0.333333,0.407743,UNRESOLVED_NATIVE,12,10
qc6_6,,,,qc6_6,native LSM source map (union fallback unresolved),,ZA7601,UNRESOLVED_NATIVE,,0,0.181818,0.333333,0.407743,UNRESOLVED_NATIVE,11,9
qc6_7,,,,qc6_7,native LSM source map (union fallback unresolved),,ZA7601,UNRESOLVED_NATIVE,,0,0.222222,0.333333,0.381699,UNRESOLVED_NATIVE,9,8
qc6_8,,,,qc6_8,native LSM source map (union fallback unresolved),,ZA7601,UNRESOLVED_NATIVE,,0,0.222222,0.333333,0.381699,UNRESOLVED_NATIVE,9,8
qc6_9,,,,qc6_9,native LSM source map (union fallback unresolved),,ZA7601,UNRESOLVED_NATIVE,,0,0.285714,0.333333,0.381699,UNRESOLVED_NATIVE,7,6
qc6_10,,,,qc6_10,native LSM source map (union fallback unresolved),,ZA7601,UNRESOLVED_NATIVE,,0,0.250000,0.333333,0.381699,UNRESOLVED_NATIVE,4,4
qc6_11,,,,qc6_11,native LSM source map (union fallback unresolved),,ZA7601,UNRESOLVED_NATIVE,,0,0.250000,0.333333,0.381699,UNRESOLVED_NATIVE,4,4
qc6_12,,,,qc6_12,native LSM source map (union fallback unresolved),,ZA7601,UNRESOLVED_NATIVE,,0,0.500000,0.333333,0.340561,UNRESOLVED_NATIVE,2,2
qc6_13,,,,qc6_13,native LSM source map (union fallback unresolved),,ZA7601,UNRESOLVED_NATIVE,,0,1.000000,0.333333,0.340561,UNRESOLVED_NATIVE,1,1
qc6_14,,,,qc6_14,native LSM source map (union fallback unresolved),,ZA7601,UNRESOLVED_NATIVE,,0,1.000000,0.333333,0.340561,UNRESOLVED_NATIVE,1,1
qc6_15,,,,qc6_15,native LSM source map (union fallback unresolved),,ZA7601,UNRESOLVED_NATIVE,,0,1.000000,0.333333,0.340561,UNRESOLVED_NATIVE,1,1
qc7_1,,,,qc7_1,native LSM source map (union fallback unresolved),,ZA7601,UNRESOLVED_NATIVE,,0,0.166667,0.333333,0.438223,UNRESOLVED_NATIVE,12,11
qc7_2,,,,qc7_2,native LSM source map (union fallback unresolved),,ZA7601,UNRESOLVED_NATIVE,,0,0.166667,0.333333,0.438223,UNRESOLVED_NATIVE,12,11
qc7_3,,,,qc7_3,native LSM source map (union fallback unresolved),,ZA7601,UNRESOLVED_NATIVE,,0,0.200000,0.333333,0.438223,UNRESOLVED_NATIVE,10,9
qc7_4,,,,qc7_4,native LSM source map (union fallback unresolved),,ZA7601,UNRESOLVED_NATIVE,,0,0.222222,0.333333,0.438223,UNRESOLVED_NATIVE,9,8
qc7_5,,,,qc7_5,native LSM source map (union fallback unresolved),,ZA7601,UNRESOLVED_NATIVE,,0,0.250000,0.333333,0.438223,UNRESOLVED_NATIVE,8,7
qc7_6,,,,qc7_6,native LSM source map (union fallback unresolved),,ZA7601,UNRESOLVED_NATIVE,,0,0.200000,0.333333,0.367516,UNRESOLVED_NATIVE,5,5
qc7_7,,,,qc7_7,native LSM source map (union fallback unresolved),,ZA7601,UNRESOLVED_NATIVE,,0,0.250000,0.000000,0.367516,UNRESOLVED_NATIVE,4,4
qc7_8,,,,qc7_8,native LSM source map (union fallback unresolved),,ZA7601,UNRESOLVED_NATIVE,,0,0.500000,0.000000,0.367516,UNRESOLVED_NATIVE,2,2
qc7_9,,,,qc7_9,native LSM source map (union fallback unresolved),,ZA7601,UNRESOLVED_NATIVE,,0,0.000000,0.000000,0.000000,UNRESOLVED_NATIVE,0,0
qc7_10,,,,qc7_10,native LSM source map (union fallback unresolved),,ZA7601,UNRESOLVED_NATIVE,,0,0.000000,0.000000,0.000000,UNRESOLVED_NATIVE,0,0
qc7_11,,,,qc7_11,native LSM source map (union fallback unresolved),,ZA7601,UNRESOLVED_NATIVE,,0,0.000000,0.000000,0.000000,UNRESOLVED_NATIVE,0,0
qc7_12,,,,qc7_12,native LSM source map (union fallback unresolved),,ZA7601,UNRESOLVED_NATIVE,,0,0.000000,0.000000,0.000000,UNRESOLVED_NATIVE,0,0
qc7_13,,,,qc7_13,native LSM source map (union fallback unresolved),,ZA7601,UNRESOLVED_NATIVE,,0,0.000000,0.000000,0.000000,UNRESOLVED_NATIVE,0,0
qc7_14,,,,qc7_14,native LSM source map (union fallback unresolved),,ZA7601,UNRESOLVED_NATIVE,,0,0.000000,0.000000,0.000000,UNRESOLVED_NATIVE,0,0
qc7_15,,,,qc7_15,native LSM source map (union fallback unresolved),,ZA7601,UNRESOLVED_NATIVE,,0,0.000000,0.000000,0.000000,UNRESOLVED_NATIVE,0,0
qc8,,,,qc8,native LSM source map (union fallback unresolved),,ZA7601,UNRESOLVED_NATIVE,,0,0.142857,0.125000,0.381699,UNRESOLVED_NATIVE,7,7
qc9_1,QC9,INTERNET: SPEED MATCHES CONTRACT CONDITIONS,"For each of the following, please tell me whether you totally agree, tend to agree, tend to disagree or totally disagree. (SHOW CARD WITH SCALE – ONE ANSWER PER LINE - READ OUT)","For each of the following, please tell me whether you totally agree, tend to agree, tend to disagree or totally disagree. (SHOW CARD WITH SCALE – ONE ANSWER PER LINE - READ OUT)",Eurobarometer semantic union support match,710,ZA7601,UNION_SUPPORT_MATCH,ZA5596,1,0.142857,0.800000,0.000000,UNION_SUPPORT_MATCH,7,7
qc9_2,QC9,INTERNET: CONNECTION NEVER BREAKS DOWN,"For each of the following, please tell me whether you totally agree, tend to agree, tend to disagree or totally disagree. (SHOW CARD WITH SCALE – ONE ANSWER PER LINE - READ OUT)","For each of the following, please tell me whether you totally agree, tend to agree, tend to disagree or totally disagree. (SHOW CARD WITH SCALE – ONE ANSWER PER LINE - READ OUT)",Eurobarometer semantic union support match,712,ZA7601,UNION_SUPPORT_MATCH,ZA5596,1,0.142857,0.800000,0.000000,UNION_SUPPORT_MATCH,7,7
qc9_3,QC9,INTERNET: PROVIDER SUPPORT IS USEFUL,"For each of the following, please tell me whether you totally agree, tend to agree, tend to disagree or totally disagree. (SHOW CARD WITH SCALE – ONE ANSWER PER LINE - READ OUT)","For each of the following, please tell me whether you totally agree, tend to agree, tend to disagree or totally disagree. (SHOW CARD WITH SCALE – ONE ANSWER PER LINE - READ OUT)",Eurobarometer semantic union support match,714,ZA7601,UNION_SUPPORT_MATCH,ZA5596,1,0.142857,0.800000,0.000000,UNION_SUPPORT_MATCH,7,7
qc10a,,,,qc10a,native LSM source map (union fallback unresolved),,ZA7601,UNRESOLVED_NATIVE,,0,0.000000,0.000000,0.000000,UNRESOLVED_NATIVE,0,0
qc10ar,,,,qc10ar,native LSM source map (union fallback unresolved),,ZA7601,UNRESOLVED_NATIVE,,0,0.000000,0.000000,0.000000,UNRESOLVED_NATIVE,0,0
qc10b,,,,qc10b,native LSM source map (union fallback unresolved),,ZA7601,UNRESOLVED_NATIVE,,0,0.000000,0.000000,0.000000,UNRESOLVED_NATIVE,0,0
qc10br,,,,qc10br,native LSM source map (union fallback unresolved),,ZA7601,UNRESOLVED_NATIVE,,0,0.000000,0.000000,0.000000,UNRESOLVED_NATIVE,0,0
qc11_1,,,,qc11_1,native LSM source map (union fallback unresolved),,ZA7601,UNRESOLVED_NATIVE,,0,0.400000,0.142857,0.381699,UNRESOLVED_NATIVE,5,4
qc11_2,,,,qc11_2,native LSM source map (union fallback unresolved),,ZA7601,UNRESOLVED_NATIVE,,0,0.200000,0.142857,0.381699,UNRESOLVED_NATIVE,5,5
qc11_3,,,,qc11_3,native LSM source map (union fallback unresolved),,ZA7601,UNRESOLVED_NATIVE,,0,0.200000,0.142857,0.381699,UNRESOLVED_NATIVE,5,5
qc11t1,,,,qc11t1,native LSM source map (union fallback unresolved),,ZA7601,UNRESOLVED_NATIVE,,0,0.000000,0.000000,0.000000,UNRESOLVED_NATIVE,0,0
qc11t2,,,,qc11t2,native LSM source map (union fallback unresolved),,ZA7601,UNRESOLVED_NATIVE,,0,0.000000,0.000000,0.000000,UNRESOLVED_NATIVE,0,0
qc11t3,,,,qc11t3,native LSM source map (union fallback unresolved),,ZA7601,UNRESOLVED_NATIVE,,0,0.000000,0.000000,0.000000,UNRESOLVED_NATIVE,0,0
qc11t4,,,,qc11t4,native LSM source map (union fallback unresolved),,ZA7601,UNRESOLVED_NATIVE,,0,0.000000,0.000000,0.000000,UNRESOLVED_NATIVE,0,0
qc11t5,,,,qc11t5,native LSM source map (union fallback unresolved),,ZA7601,UNRESOLVED_NATIVE,,0,0.000000,0.000000,0.000000,UNRESOLVED_NATIVE,0,0
qc11t6,,,,qc11t6,native LSM source map (union fallback unresolved),,ZA7601,UNRESOLVED_NATIVE,,0,0.000000,0.000000,0.000000,UNRESOLVED_NATIVE,0,0
qc11t7,,,,qc11t7,native LSM source map (union fallback unresolved),,ZA7601,UNRESOLVED_NATIVE,,0,0.000000,0.000000,0.000000,UNRESOLVED_NATIVE,0,0
qd1a,,,,qd1a,native LSM source map (union fallback unresolved),,ZA7601,UNRESOLVED_NATIVE,,0,0.000000,0.000000,0.000000,UNRESOLVED_NATIVE,0,0
qd1b,,,,qd1b,native LSM source map (union fallback unresolved),,ZA7601,UNRESOLVED_NATIVE,,0,0.000000,0.000000,0.000000,UNRESOLVED_NATIVE,0,0
qd2,,,,qd2,native LSM source map (union fallback unresolved),,ZA7601,UNRESOLVED_NATIVE,,0,0.333333,0.125000,0.538696,UNRESOLVED_NATIVE,3,3
qd3_1,,,,qd3_1,native LSM source map (union fallback unresolved),,ZA7601,UNRESOLVED_NATIVE,,0,0.222222,0.083333,0.407743,UNRESOLVED_NATIVE,9,8
qd3_2,,,,qd3_2,native LSM source map (union fallback unresolved),,ZA7601,UNRESOLVED_NATIVE,,0,0.222222,0.083333,0.407743,UNRESOLVED_NATIVE,9,8
qd3_3,,,,qd3_3,native LSM source map (union fallback unresolved),,ZA7601,UNRESOLVED_NATIVE,,0,0.222222,0.083333,0.407743,UNRESOLVED_NATIVE,9,8
qd3_4,,,,qd3_4,native LSM source map (union fallback unresolved),,ZA7601,UNRESOLVED_NATIVE,,0,0.142857,0.083333,0.367516,UNRESOLVED_NATIVE,7,7
qd3_5,,,,qd3_5,native LSM source map (union fallback unresolved),,ZA7601,UNRESOLVED_NATIVE,,0,0.166667,0.083333,0.367516,UNRESOLVED_NATIVE,6,6
qd3_6,,,,qd3_6,native LSM source map (union fallback unresolved),,ZA7601,UNRESOLVED_NATIVE,,0,0.166667,0.083333,0.367516,UNRESOLVED_NATIVE,6,6
qd3_1_2,,,,qd3_1_2,native LSM source map (union fallback unresolved),,ZA7601,UNRESOLVED_NATIVE,,0,0.000000,0.000000,0.000000,UNRESOLVED_NATIVE,0,0
qd3t,,,,qd3t,native LSM source map (union fallback unresolved),,ZA7601,UNRESOLVED_NATIVE,,0,1.000000,0.000000,0.340561,UNRESOLVED_NATIVE,1,1
qd4a,,,,qd4a,native LSM source map (union fallback unresolved),,ZA7601,UNRESOLVED_NATIVE,,0,0.714286,0.117647,0.607355,UNRESOLVED_NATIVE,7,2
qd4a_t,,,,qd4a_t,native LSM source map (union fallback unresolved),,ZA7601,UNRESOLVED_NATIVE,,0,0.000000,0.000000,0.000000,UNRESOLVED_NATIVE,0,0
qd4b_1,QD4B,POSITIVE EU RESULT 2ND: PEACE AMONG EU MEMBERS,IF CODE 10 OR 11 IN QD4A THEN QD4B IS SKIPPED And then? (SHOW SCREEN – READ OUT – MAX. 2 ANSWERS – ITEM MENTIONED IN QD4A CANNOT BE PROPOSED IN QD4B (EXCEPT CODE 9) – DISPLAY ‘96’ ON SCREEN INSTEAD OF ‘OTHER’ – CODES 10 AND 11 ARE EXCLUSIVE),IF CODE 10 OR 11 IN QD4A THEN QD4B IS SKIPPED And then? (SHOW SCREEN – READ OUT – MAX. 2 ANSWERS – ITEM MENTIONED IN QD4A CANNOT BE PROPOSED IN QD4B (EXCEPT CODE 9) – DISPLAY ‘96’ ON SCREEN INSTEAD OF ‘OTHER’ – CODES 10 AND 11 ARE EXCLUSIVE),Eurobarometer semantic union consensus,813,ZA7601,UNION_CONSENSUS,ZA5685;ZA5932;ZA6963;ZA7489;ZA7576,5,1.000000,0.333333,0.000000,UNION_CONSENSUS,5,1
qd4b_2,QD4B,POSITIVE EU RESULT 2ND: FREE MOVEMENT WITHIN EU,IF CODE 10 OR 11 IN QD4A THEN QD4B IS SKIPPED And then? (SHOW SCREEN – READ OUT – MAX. 2 ANSWERS – ITEM MENTIONED IN QD4A CANNOT BE PROPOSED IN QD4B (EXCEPT CODE 9) – DISPLAY ‘96’ ON SCREEN INSTEAD OF ‘OTHER’ – CODES 10 AND 11 ARE EXCLUSIVE),IF CODE 10 OR 11 IN QD4A THEN QD4B IS SKIPPED And then? (SHOW SCREEN – READ OUT – MAX. 2 ANSWERS – ITEM MENTIONED IN QD4A CANNOT BE PROPOSED IN QD4B (EXCEPT CODE 9) – DISPLAY ‘96’ ON SCREEN INSTEAD OF ‘OTHER’ – CODES 10 AND 11 ARE EXCLUSIVE),Eurobarometer semantic union consensus,815,ZA7601,UNION_CONSENSUS,ZA5685;ZA5932;ZA6963;ZA7489;ZA7576,5,1.000000,0.333333,0.000000,UNION_CONSENSUS,5,1
qd4b_3,QD4B,POSITIVE EU RESULT 2ND: THE EURO,IF CODE 10 OR 11 IN QD4A THEN QD4B IS SKIPPED And then? (SHOW SCREEN – READ OUT – MAX. 2 ANSWERS – ITEM MENTIONED IN QD4A CANNOT BE PROPOSED IN QD4B (EXCEPT CODE 9) – DISPLAY ‘96’ ON SCREEN INSTEAD OF ‘OTHER’ – CODES 10 AND 11 ARE EXCLUSIVE),IF CODE 10 OR 11 IN QD4A THEN QD4B IS SKIPPED And then? (SHOW SCREEN – READ OUT – MAX. 2 ANSWERS – ITEM MENTIONED IN QD4A CANNOT BE PROPOSED IN QD4B (EXCEPT CODE 9) – DISPLAY ‘96’ ON SCREEN INSTEAD OF ‘OTHER’ – CODES 10 AND 11 ARE EXCLUSIVE),Eurobarometer semantic union consensus,817,ZA7601,UNION_CONSENSUS,ZA5685;ZA5932;ZA6963;ZA7489;ZA7576,5,1.000000,0.333333,0.000000,UNION_CONSENSUS,5,1
qd4b_4,QD4B,POSITIVE EU RESULT 2ND: STUDENT EXCHANGE,IF CODE 10 OR 11 IN QD4A THEN QD4B IS SKIPPED And then? (SHOW SCREEN – READ OUT – MAX. 2 ANSWERS – ITEM MENTIONED IN QD4A CANNOT BE PROPOSED IN QD4B (EXCEPT CODE 9) – DISPLAY ‘96’ ON SCREEN INSTEAD OF ‘OTHER’ – CODES 10 AND 11 ARE EXCLUSIVE),IF CODE 10 OR 11 IN QD4A THEN QD4B IS SKIPPED And then? (SHOW SCREEN – READ OUT – MAX. 2 ANSWERS – ITEM MENTIONED IN QD4A CANNOT BE PROPOSED IN QD4B (EXCEPT CODE 9) – DISPLAY ‘96’ ON SCREEN INSTEAD OF ‘OTHER’ – CODES 10 AND 11 ARE EXCLUSIVE),Eurobarometer semantic union consensus,819,ZA7601,UNION_CONSENSUS,ZA5685;ZA5932;ZA6963;ZA7489;ZA7576,5,1.000000,0.333333,0.000000,UNION_CONSENSUS,5,1
qd4b_5,QD4B,POSITIVE EU RESULT 2ND: COM AGRICULT POLICY,IF CODE 10 OR 11 IN QD4A THEN QD4B IS SKIPPED And then? (SHOW SCREEN – READ OUT – MAX. 2 ANSWERS – ITEM MENTIONED IN QD4A CANNOT BE PROPOSED IN QD4B (EXCEPT CODE 9) – DISPLAY ‘96’ ON SCREEN INSTEAD OF ‘OTHER’ – CODES 10 AND 11 ARE EXCLUSIVE),IF CODE 10 OR 11 IN QD4A THEN QD4B IS SKIPPED And then? (SHOW SCREEN – READ OUT – MAX. 2 ANSWERS – ITEM MENTIONED IN QD4A CANNOT BE PROPOSED IN QD4B (EXCEPT CODE 9) – DISPLAY ‘96’ ON SCREEN INSTEAD OF ‘OTHER’ – CODES 10 AND 11 ARE EXCLUSIVE),Eurobarometer semantic union consensus,821,ZA7601,UNION_CONSENSUS,ZA5932;ZA6963;ZA7489;ZA7576,4,0.800000,0.333333,0.000000,UNION_CONSENSUS,5,2
qd4b_6,QD4B,POSITIVE EU RESULT 2ND: ECONOMIC POWER OF EU,IF CODE 10 OR 11 IN QD4A THEN QD4B IS SKIPPED And then? (SHOW SCREEN – READ OUT – MAX. 2 ANSWERS – ITEM MENTIONED IN QD4A CANNOT BE PROPOSED IN QD4B (EXCEPT CODE 9) – DISPLAY ‘96’ ON SCREEN INSTEAD OF ‘OTHER’ – CODES 10 AND 11 ARE EXCLUSIVE),IF CODE 10 OR 11 IN QD4A THEN QD4B IS SKIPPED And then? (SHOW SCREEN – READ OUT – MAX. 2 ANSWERS – ITEM MENTIONED IN QD4A CANNOT BE PROPOSED IN QD4B (EXCEPT CODE 9) – DISPLAY ‘96’ ON SCREEN INSTEAD OF ‘OTHER’ – CODES 10 AND 11 ARE EXCLUSIVE),Eurobarometer semantic union consensus,823,ZA7601,UNION_CONSENSUS,ZA5685;ZA5932;ZA6963;ZA7489;ZA7576,5,1.000000,0.333333,0.000000,UNION_CONSENSUS,5,1
qd4b_7,QD4B,POSITIVE EU RESULT 2ND: POLITICAL INFLUENCE OF EU,IF CODE 10 OR 11 IN QD4A THEN QD4B IS SKIPPED And then? (SHOW SCREEN – READ OUT – MAX. 2 ANSWERS – ITEM MENTIONED IN QD4A CANNOT BE PROPOSED IN QD4B (EXCEPT CODE 9) – DISPLAY ‘96’ ON SCREEN INSTEAD OF ‘OTHER’ – CODES 10 AND 11 ARE EXCLUSIVE),IF CODE 10 OR 11 IN QD4A THEN QD4B IS SKIPPED And then? (SHOW SCREEN – READ OUT – MAX. 2 ANSWERS – ITEM MENTIONED IN QD4A CANNOT BE PROPOSED IN QD4B (EXCEPT CODE 9) – DISPLAY ‘96’ ON SCREEN INSTEAD OF ‘OTHER’ – CODES 10 AND 11 ARE EXCLUSIVE),Eurobarometer semantic union consensus,825,ZA7601,UNION_CONSENSUS,ZA5685;ZA5932;ZA6963;ZA7489;ZA7576,5,1.000000,0.500000,0.000000,UNION_CONSENSUS,5,1
qd4b_8,QD4B,POSITIVE EU RESULT 2ND: LEVEL OF SOCIAL WELFARE,IF CODE 10 OR 11 IN QD4A THEN QD4B IS SKIPPED And then? (SHOW SCREEN – READ OUT – MAX. 2 ANSWERS – ITEM MENTIONED IN QD4A CANNOT BE PROPOSED IN QD4B (EXCEPT CODE 9) – DISPLAY ‘96’ ON SCREEN INSTEAD OF ‘OTHER’ – CODES 10 AND 11 ARE EXCLUSIVE),IF CODE 10 OR 11 IN QD4A THEN QD4B IS SKIPPED And then? (SHOW SCREEN – READ OUT – MAX. 2 ANSWERS – ITEM MENTIONED IN QD4A CANNOT BE PROPOSED IN QD4B (EXCEPT CODE 9) – DISPLAY ‘96’ ON SCREEN INSTEAD OF ‘OTHER’ – CODES 10 AND 11 ARE EXCLUSIVE),Eurobarometer semantic union consensus,827,ZA7601,UNION_CONSENSUS,ZA5685;ZA5932;ZA6963;ZA7489;ZA7576,5,1.000000,0.333333,0.000000,UNION_CONSENSUS,5,1
qd4b_t,,,,qd4b_t,native LSM source map (union fallback unresolved),,ZA7601,UNRESOLVED_NATIVE,,0,0.000000,0.000000,0.000000,UNRESOLVED_NATIVE,0,0
qd4t_1,,,,qd4t_1,native LSM source map (union fallback unresolved),,ZA7601,UNRESOLVED_NATIVE,,0,0.571429,0.333333,0.607355,UNRESOLVED_NATIVE,7,3
qd4t_2,,,,qd4t_2,native LSM source map (union fallback unresolved),,ZA7601,UNRESOLVED_NATIVE,,0,0.571429,0.333333,0.607355,UNRESOLVED_NATIVE,7,3
qd4t_3,,,,qd4t_3,native LSM source map (union fallback unresolved),,ZA7601,UNRESOLVED_NATIVE,,0,0.571429,0.333333,0.607355,UNRESOLVED_NATIVE,7,3
qd4t_4,,,,qd4t_4,native LSM source map (union fallback unresolved),,ZA7601,UNRESOLVED_NATIVE,,0,0.571429,0.333333,0.607355,UNRESOLVED_NATIVE,7,3
qd4t_5,,,,qd4t_5,native LSM source map (union fallback unresolved),,ZA7601,UNRESOLVED_NATIVE,,0,0.571429,0.333333,0.607355,UNRESOLVED_NATIVE,7,3
qd4t_6,,,,qd4t_6,native LSM source map (union fallback unresolved),,ZA7601,UNRESOLVED_NATIVE,,0,0.571429,0.333333,0.607355,UNRESOLVED_NATIVE,7,3
qd4t_7,,,,qd4t_7,native LSM source map (union fallback unresolved),,ZA7601,UNRESOLVED_NATIVE,,0,0.571429,0.333333,0.607355,UNRESOLVED_NATIVE,7,3
qd4t_8,,,,qd4t_8,native LSM source map (union fallback unresolved),,ZA7601,UNRESOLVED_NATIVE,,0,0.571429,0.333333,0.607355,UNRESOLVED_NATIVE,7,4
qd4t,,,,qd4t,native LSM source map (union fallback unresolved),,ZA7601,UNRESOLVED_NATIVE,,0,0.000000,0.000000,0.000000,UNRESOLVED_NATIVE,0,0
qd5_1,,,,qd5_1,native LSM source map (union fallback unresolved),,ZA7601,UNRESOLVED_NATIVE,,0,0.300000,0.333333,0.607355,UNRESOLVED_NATIVE,10,8
qd5_2,,,,qd5_2,native LSM source map (union fallback unresolved),,ZA7601,UNRESOLVED_NATIVE,,0,0.300000,0.333333,0.607355,UNRESOLVED_NATIVE,10,8
qd5_3,,,,qd5_3,native LSM source map (union fallback unresolved),,ZA7601,UNRESOLVED_NATIVE,,0,0.300000,0.333333,0.607355,UNRESOLVED_NATIVE,10,8
qd5_4,,,,qd5_4,native LSM source map (union fallback unresolved),,ZA7601,UNRESOLVED_NATIVE,,0,0.333333,0.333333,0.607355,UNRESOLVED_NATIVE,9,7
qd5_5,,,,qd5_5,native LSM source map (union fallback unresolved),,ZA7601,UNRESOLVED_NATIVE,,0,0.333333,0.333333,0.607355,UNRESOLVED_NATIVE,9,7
qd5_6,,,,qd5_6,native LSM source map (union fallback unresolved),,ZA7601,UNRESOLVED_NATIVE,,0,0.375000,0.333333,0.607355,UNRESOLVED_NATIVE,8,6
qd5_7,,,,qd5_7,native LSM source map (union fallback unresolved),,ZA7601,UNRESOLVED_NATIVE,,0,0.375000,0.333333,0.607355,UNRESOLVED_NATIVE,8,6
qd5_8,,,,qd5_8,native LSM source map (union fallback unresolved),,ZA7601,UNRESOLVED_NATIVE,,0,0.500000,0.333333,0.607355,UNRESOLVED_NATIVE,6,4
qd5_9,,,,qd5_9,native LSM source map (union fallback unresolved),,ZA7601,UNRESOLVED_NATIVE,,0,0.600000,0.333333,0.607355,UNRESOLVED_NATIVE,5,3
qd5_10,,,,qd5_10,native LSM source map (union fallback unresolved),,ZA7601,UNRESOLVED_NATIVE,,0,0.400000,0.333333,0.607355,UNRESOLVED_NATIVE,5,4
qd5_11,,,,qd5_11,native LSM source map (union fallback unresolved),,ZA7601,UNRESOLVED_NATIVE,,0,0.600000,0.333333,0.607355,UNRESOLVED_NATIVE,5,3
qd5_12,,,,qd5_12,native LSM source map (union fallback unresolved),,ZA7601,UNRESOLVED_NATIVE,,0,0.600000,0.333333,0.607355,UNRESOLVED_NATIVE,5,3
qd5_13,,,,qd5_13,native LSM source map (union fallback unresolved),,ZA7601,UNRESOLVED_NATIVE,,0,0.400000,0.333333,0.607355,UNRESOLVED_NATIVE,5,4
qd5_14,QD5,EU FEELING ISSUES: OTHER (SPONT),"ASK QD5 TO QD8 ONLY IN EU28 - OTHERS GO TO QD9 In your opinion, among the following subjects, which are those that most create a feeling of community among EU citizens? (SHOW SCREEN – READ OUT – MAX. 3 ANSWERS – ROTATE ANSWERS 1 TO 13 – CODES 15, 16 AND 17 ARE EXCLUSIVE – DISPLAY ‘96’ ON SCREEN INSTEAD OF ‘OTHER’)","ASK QD5 TO QD8 ONLY IN EU28 - OTHERS GO TO QD9 In your opinion, among the following subjects, which are those that most create a feeling of community among EU citizens? (SHOW SCREEN – READ OUT – MAX. 3 ANSWERS – ROTATE ANSWERS 1 TO 13 – CODES 15, 16 AND 17 ARE EXCLUSIVE – DISPLAY ‘96’ ON SCREEN INSTEAD OF ‘OTHER’)",Eurobarometer semantic union support match,883,ZA7601,UNION_SUPPORT_MATCH,ZA7576,1,0.200000,1.000000,0.000000,UNION_SUPPORT_MATCH,5,4
qd5_15,,,,qd5_15,native LSM source map (union fallback unresolved),,ZA7601,UNRESOLVED_NATIVE,,0,0.500000,0.333333,0.607355,UNRESOLVED_NATIVE,4,3
qd5_16,QD5,EU FEELING ISSUES: DK,"ASK QD5 TO QD8 ONLY IN EU28 - OTHERS GO TO QD9 In your opinion, among the following issues, which are those that most create a feeling of community among EU citizens? (SHOW SCREEN – READ OUT – MAX. 3 ANSWERS – ROTATE ANSWERS 1 TO 12 – CODES 14, 15 AND 16 ARE EXCLUSIVE – DISPLAY ‘96’ ON SCREEN INSTEAD OF ‘OTHER’)","ASK QD5 TO QD8 ONLY IN EU28 - OTHERS GO TO QD9 In your opinion, among the following issues, which are those that most create a feeling of community among EU citizens? (SHOW SCREEN – READ OUT – MAX. 3 ANSWERS – ROTATE ANSWERS 1 TO 12 – CODES 14, 15 AND 16 ARE EXCLUSIVE – DISPLAY ‘96’ ON SCREEN INSTEAD OF ‘OTHER’)",Eurobarometer semantic union support match,766,ZA7601,UNION_SUPPORT_MATCH,ZA6963;ZA7489,2,0.666667,1.000000,0.000000,UNION_SUPPORT_MATCH,3,2
qd5t,,,,qd5t,native LSM source map (union fallback unresolved),,ZA7601,UNRESOLVED_NATIVE,,0,0.500000,0.000000,0.438223,UNRESOLVED_NATIVE,2,2
qd6_1,,,,qd6_1,native LSM source map (union fallback unresolved),,ZA7601,UNRESOLVED_NATIVE,,0,0.307692,0.125000,0.607355,UNRESOLVED_NATIVE,13,10
qd6_2,,,,qd6_2,native LSM source map (union fallback unresolved),,ZA7601,UNRESOLVED_NATIVE,,0,0.307692,0.125000,0.607355,UNRESOLVED_NATIVE,13,10
qd6_3,,,,qd6_3,native LSM source map (union fallback unresolved),,ZA7601,UNRESOLVED_NATIVE,,0,0.333333,0.000000,0.607355,UNRESOLVED_NATIVE,12,9
qd6_4,,,,qd6_4,native LSM source map (union fallback unresolved),,ZA7601,UNRESOLVED_NATIVE,,0,0.363636,0.000000,0.607355,UNRESOLVED_NATIVE,11,8
qd6_5,,,,qd6_5,native LSM source map (union fallback unresolved),,ZA7601,UNRESOLVED_NATIVE,,0,0.400000,0.000000,0.607355,UNRESOLVED_NATIVE,10,7
qd7_1,,,,qd7_1,native LSM source map (union fallback unresolved),,ZA7601,UNRESOLVED_NATIVE,,0,0.333333,0.000000,0.607355,UNRESOLVED_NATIVE,9,7
qd7_2,,,,qd7_2,native LSM source map (union fallback unresolved),,ZA7601,UNRESOLVED_NATIVE,,0,0.333333,0.000000,0.607355,UNRESOLVED_NATIVE,9,7
qd7_3,,,,qd7_3,native LSM source map (union fallback unresolved),,ZA7601,UNRESOLVED_NATIVE,,0,0.375000,0.000000,0.607355,UNRESOLVED_NATIVE,8,6
qd7_4,,,,qd7_4,native LSM source map (union fallback unresolved),,ZA7601,UNRESOLVED_NATIVE,,0,0.375000,0.000000,0.607355,UNRESOLVED_NATIVE,8,6
qd7_5,,,,qd7_5,native LSM source map (union fallback unresolved),,ZA7601,UNRESOLVED_NATIVE,,0,0.375000,0.000000,0.607355,UNRESOLVED_NATIVE,8,6
qd8_1,,,,qd8_1,native LSM source map (union fallback unresolved),,ZA7601,UNRESOLVED_NATIVE,,0,0.125000,0.100000,0.438223,UNRESOLVED_NATIVE,8,8
qd8_2,,,,qd8_2,native LSM source map (union fallback unresolved),,ZA7601,UNRESOLVED_NATIVE,,0,0.125000,0.100000,0.438223,UNRESOLVED_NATIVE,8,8
qd8_3,,,,qd8_3,native LSM source map (union fallback unresolved),,ZA7601,UNRESOLVED_NATIVE,,0,0.125000,0.100000,0.438223,UNRESOLVED_NATIVE,8,8
qd8_4,,,,qd8_4,native LSM source map (union fallback unresolved),,ZA7601,UNRESOLVED_NATIVE,,0,0.125000,0.100000,0.438223,UNRESOLVED_NATIVE,8,8
qd9_1,QD9,STATEMENTS: IMMIGRANTS CONTRIBUTE A LOT,"ASK ALL / QD9_1, QD9_4, QD9_5 AND QD9_6: ASK ONLY IN EU28 To what extent do you agree or disagree with each of the following statements? (SHOW SCREEN – READ OUT – ONE ANSWER PER LINE – DISPLAY ‘99’ INSTEAD OF ‘DK’ – ROTATE STATEMENTS 1 TO 4)","ASK ALL / QD9_1, QD9_4, QD9_5 AND QD9_6: ASK ONLY IN EU28 To what extent do you agree or disagree with each of the following statements? (SHOW SCREEN – READ OUT – ONE ANSWER PER LINE – DISPLAY ‘99’ INSTEAD OF ‘DK’ – ROTATE STATEMENTS 1 TO 4)",Eurobarometer semantic union support match,949,ZA7601,UNION_SUPPORT_MATCH,ZA6963;ZA7489;ZA7576,3,0.272727,1.000000,0.000000,UNION_SUPPORT_MATCH,11,7
qd9_2,QD9,STATEMENTS: PEOPLE IN CNTR HAVE A LOT IN COMMON,"QD9_1, QD9_2 AND QD9_4: ASK ONLY IN EU28 To what extent do you agree or disagree with each of the following statements? (SHOW SCREEN – READ OUT – ONE ANSWER PER LINE – DISPLAY ‘99’ INSTEAD OF ‘DK’ – ROTATE ITEM 1 TO 6)","QD9_1, QD9_2 AND QD9_4: ASK ONLY IN EU28 To what extent do you agree or disagree with each of the following statements? (SHOW SCREEN – READ OUT – ONE ANSWER PER LINE – DISPLAY ‘99’ INSTEAD OF ‘DK’ – ROTATE ITEM 1 TO 6)",Eurobarometer semantic union context match,839,ZA7601,UNION_CONTEXT_MATCH,ZA6963;ZA7489,2,0.181818,1.000000,0.607355,UNION_CONTEXT_MATCH,11,8
qd9_3,QD9,STATEMENTS: UNDERSTAND WELL WHATS GOING ON,"ASK ALL / QD9_1, QD9_4, QD9_5 AND QD9_6: ASK ONLY IN EU28 To what extent do you agree or disagree with each of the following statements? (SHOW SCREEN – READ OUT – ONE ANSWER PER LINE – DISPLAY ‘99’ INSTEAD OF ‘DK’ – ROTATE STATEMENTS 1 TO 4)","ASK ALL / QD9_1, QD9_4, QD9_5 AND QD9_6: ASK ONLY IN EU28 To what extent do you agree or disagree with each of the following statements? (SHOW SCREEN – READ OUT – ONE ANSWER PER LINE – DISPLAY ‘99’ INSTEAD OF ‘DK’ – ROTATE STATEMENTS 1 TO 4)",Eurobarometer semantic union support match,953,ZA7601,UNION_SUPPORT_MATCH,ZA6963;ZA7489;ZA7576,3,0.272727,1.000000,0.000000,UNION_SUPPORT_MATCH,11,7
qd9_4,QD9,STATEMENTS: COUNTRY SHOULD HELP REFUGEES,"ASK ALL / QD9_1, QD9_4, QD9_5 AND QD9_6: ASK ONLY IN EU28 To what extent do you agree or disagree with each of the following statements? (SHOW SCREEN – READ OUT – ONE ANSWER PER LINE – DISPLAY ‘99’ INSTEAD OF ‘DK’ – ROTATE STATEMENTS 1 TO 4)","ASK ALL / QD9_1, QD9_4, QD9_5 AND QD9_6: ASK ONLY IN EU28 To what extent do you agree or disagree with each of the following statements? (SHOW SCREEN – READ OUT – ONE ANSWER PER LINE – DISPLAY ‘99’ INSTEAD OF ‘DK’ – ROTATE STATEMENTS 1 TO 4)",Eurobarometer semantic union support match,955,ZA7601,UNION_SUPPORT_MATCH,ZA6963;ZA7489;ZA7576,3,0.300000,1.000000,0.000000,UNION_SUPPORT_MATCH,10,6
qe1,,,,qe1,native LSM source map (union fallback unresolved),,ZA7601,UNRESOLVED_NATIVE,,0,0.400000,0.500000,0.607355,UNRESOLVED_NATIVE,5,3
qe2a,,,,qe2a,native LSM source map (union fallback unresolved),,ZA7601,UNRESOLVED_NATIVE,,0,0.250000,0.500000,0.607355,UNRESOLVED_NATIVE,4,4
qe2b_1,,,,qe2b_1,native LSM source map (union fallback unresolved),,ZA7601,UNRESOLVED_NATIVE,,0,0.666667,0.333333,0.607355,UNRESOLVED_NATIVE,3,2
qe2b_2,,,,qe2b_2,native LSM source map (union fallback unresolved),,ZA7601,UNRESOLVED_NATIVE,,0,0.666667,0.333333,0.607355,UNRESOLVED_NATIVE,3,2
qe2b_3,QE2B,EU BUDGET SPENT ON 2ND: EDUCATION/CULTURE/MEDIA,Any others? (SHOW SCREEN – READ OUT – MAX. 3 ANSWERS – ITEM MENTIONED IN QE2A CANNOT BE PROPOSED IN QE2B (EXCEPT CODE 16) – ROTATE ANSWERS 1 TO 15 – IF CODE 17 OR 18 IN QE2A THEN QE2B IS SKIPPED – CODE 17 IS EXCLUSIVE – CODE 18 IS EXCLUSIVE),Any others? (SHOW SCREEN – READ OUT – MAX. 3 ANSWERS – ITEM MENTIONED IN QE2A CANNOT BE PROPOSED IN QE2B (EXCEPT CODE 16) – ROTATE ANSWERS 1 TO 15 – IF CODE 17 OR 18 IN QE2A THEN QE2B IS SKIPPED – CODE 17 IS EXCLUSIVE – CODE 18 IS EXCLUSIVE),Eurobarometer semantic union support match,866,ZA7601,UNION_SUPPORT_MATCH,ZA5998;ZA6963,2,0.666667,1.000000,0.000000,UNION_SUPPORT_MATCH,3,2
qe2b_4,,,,qe2b_4,native LSM source map (union fallback unresolved),,ZA7601,UNRESOLVED_NATIVE,,0,0.666667,0.333333,0.607355,UNRESOLVED_NATIVE,3,2
qe2b_5,,,,qe2b_5,native LSM source map (union fallback unresolved),,ZA7601,UNRESOLVED_NATIVE,,0,0.666667,0.333333,0.607355,UNRESOLVED_NATIVE,3,2
qe2b_6,,,,qe2b_6,native LSM source map (union fallback unresolved),,ZA7601,UNRESOLVED_NATIVE,,0,0.666667,0.333333,0.607355,UNRESOLVED_NATIVE,3,2
qe2b_7,,,,qe2b_7,native LSM source map (union fallback unresolved),,ZA7601,UNRESOLVED_NATIVE,,0,0.666667,0.333333,0.607355,UNRESOLVED_NATIVE,3,2
qe2b_8,,,,qe2b_8,native LSM source map (union fallback unresolved),,ZA7601,UNRESOLVED_NATIVE,,0,0.666667,0.333333,0.607355,UNRESOLVED_NATIVE,3,2
qe2b_9,QE2B,EU BUDGET SPENT ON 2ND: EU NEIGHBOURS ASSISTANCE,Any others? (SHOW SCREEN – READ OUT – MAX. 3 ANSWERS – ITEM MENTIONED IN QE2A CANNOT BE PROPOSED IN QE2B (EXCEPT CODE 16) – ROTATE ANSWERS 1 TO 15 – IF CODE 17 OR 18 IN QE2A THEN QE2B IS SKIPPED – CODE 17 IS EXCLUSIVE – CODE 18 IS EXCLUSIVE),Any others? (SHOW SCREEN – READ OUT – MAX. 3 ANSWERS – ITEM MENTIONED IN QE2A CANNOT BE PROPOSED IN QE2B (EXCEPT CODE 16) – ROTATE ANSWERS 1 TO 15 – IF CODE 17 OR 18 IN QE2A THEN QE2B IS SKIPPED – CODE 17 IS EXCLUSIVE – CODE 18 IS EXCLUSIVE),Eurobarometer semantic union consensus,878,ZA7601,UNION_CONSENSUS,ZA5998;ZA6963,2,1.000000,0.333333,0.000000,UNION_CONSENSUS,2,1
qe2b_10,QE2B,EU BUDGET SPENT ON 2ND: HUMANITARIAN AID,Any others? (SHOW SCREEN – READ OUT – MAX. 3 ANSWERS – ITEM MENTIONED IN QE2A CANNOT BE PROPOSED IN QE2B (EXCEPT CODE 16) – ROTATE ANSWERS 1 TO 15 – IF CODE 17 OR 18 IN QE2A THEN QE2B IS SKIPPED – CODE 17 IS EXCLUSIVE – CODE 18 IS EXCLUSIVE),Any others? (SHOW SCREEN – READ OUT – MAX. 3 ANSWERS – ITEM MENTIONED IN QE2A CANNOT BE PROPOSED IN QE2B (EXCEPT CODE 16) – ROTATE ANSWERS 1 TO 15 – IF CODE 17 OR 18 IN QE2A THEN QE2B IS SKIPPED – CODE 17 IS EXCLUSIVE – CODE 18 IS EXCLUSIVE),Eurobarometer semantic union consensus,880,ZA7601,UNION_CONSENSUS,ZA5998;ZA6963,2,1.000000,0.333333,0.000000,UNION_CONSENSUS,2,1
qe2b_11,QE2B,EU BUDGET SPENT ON 2ND: DEFENCE AND SECURITY,Any others? (SHOW SCREEN – READ OUT – MAX. 3 ANSWERS – ITEM MENTIONED IN QE2A CANNOT BE PROPOSED IN QE2B (EXCEPT CODE 16) – ROTATE ANSWERS 1 TO 15 – IF CODE 17 OR 18 IN QE2A THEN QE2B IS SKIPPED – CODE 17 IS EXCLUSIVE – CODE 18 IS EXCLUSIVE),Any others? (SHOW SCREEN – READ OUT – MAX. 3 ANSWERS – ITEM MENTIONED IN QE2A CANNOT BE PROPOSED IN QE2B (EXCEPT CODE 16) – ROTATE ANSWERS 1 TO 15 – IF CODE 17 OR 18 IN QE2A THEN QE2B IS SKIPPED – CODE 17 IS EXCLUSIVE – CODE 18 IS EXCLUSIVE),Eurobarometer semantic union consensus,882,ZA7601,UNION_CONSENSUS,ZA5998;ZA6963,2,1.000000,0.333333,0.000000,UNION_CONSENSUS,2,1
qe2b_12,QE2B,EU BUDGET SPENT ON 2ND: IMMIGRATION ISSUES,Any others? (SHOW SCREEN – READ OUT – MAX. 3 ANSWERS – ITEM MENTIONED IN QE2A CANNOT BE PROPOSED IN QE2B (EXCEPT CODE 16) – ROTATE ANSWERS 1 TO 15 – IF CODE 17 OR 18 IN QE2A THEN QE2B IS SKIPPED – CODE 17 IS EXCLUSIVE – CODE 18 IS EXCLUSIVE),Any others? (SHOW SCREEN – READ OUT – MAX. 3 ANSWERS – ITEM MENTIONED IN QE2A CANNOT BE PROPOSED IN QE2B (EXCEPT CODE 16) – ROTATE ANSWERS 1 TO 15 – IF CODE 17 OR 18 IN QE2A THEN QE2B IS SKIPPED – CODE 17 IS EXCLUSIVE – CODE 18 IS EXCLUSIVE),Eurobarometer semantic union consensus,884,ZA7601,UNION_CONSENSUS,ZA5998;ZA6963,2,1.000000,0.333333,0.000000,UNION_CONSENSUS,2,1
qe2b_13,QE2B,EU BUDGET SPENT ON 2ND: EMPLOYMENT/SOCIAL AFF,Any others? (SHOW SCREEN – READ OUT – MAX. 3 ANSWERS – ITEM MENTIONED IN QE2A CANNOT BE PROPOSED IN QE2B (EXCEPT CODE 16) – ROTATE ANSWERS 1 TO 15 – IF CODE 17 OR 18 IN QE2A THEN QE2B IS SKIPPED – CODE 17 IS EXCLUSIVE – CODE 18 IS EXCLUSIVE),Any others? (SHOW SCREEN – READ OUT – MAX. 3 ANSWERS – ITEM MENTIONED IN QE2A CANNOT BE PROPOSED IN QE2B (EXCEPT CODE 16) – ROTATE ANSWERS 1 TO 15 – IF CODE 17 OR 18 IN QE2A THEN QE2B IS SKIPPED – CODE 17 IS EXCLUSIVE – CODE 18 IS EXCLUSIVE),Eurobarometer semantic union consensus,886,ZA7601,UNION_CONSENSUS,ZA5998;ZA6963,2,1.000000,0.333333,0.000000,UNION_CONSENSUS,2,1
qe2b_14,QE2B,EU BUDGET SPENT ON 2ND: PUBLIC HEALTH,Any others? (SHOW SCREEN – READ OUT – MAX. 3 ANSWERS – ITEM MENTIONED IN QE2A CANNOT BE PROPOSED IN QE2B (EXCEPT CODE 16) – ROTATE ANSWERS 1 TO 15 – IF CODE 17 OR 18 IN QE2A THEN QE2B IS SKIPPED – CODE 17 IS EXCLUSIVE – CODE 18 IS EXCLUSIVE),Any others? (SHOW SCREEN – READ OUT – MAX. 3 ANSWERS – ITEM MENTIONED IN QE2A CANNOT BE PROPOSED IN QE2B (EXCEPT CODE 16) – ROTATE ANSWERS 1 TO 15 – IF CODE 17 OR 18 IN QE2A THEN QE2B IS SKIPPED – CODE 17 IS EXCLUSIVE – CODE 18 IS EXCLUSIVE),Eurobarometer semantic union consensus,888,ZA7601,UNION_CONSENSUS,ZA5998;ZA6963,2,1.000000,0.333333,0.000000,UNION_CONSENSUS,2,1
qe2b_15,QE2B,EU BUDGET SPENT ON 2ND: ADMINISTRATION,Any others? (SHOW SCREEN – READ OUT – MAX. 3 ANSWERS – ITEM MENTIONED IN QE2A CANNOT BE PROPOSED IN QE2B (EXCEPT CODE 16) – ROTATE ANSWERS 1 TO 15 – IF CODE 17 OR 18 IN QE2A THEN QE2B IS SKIPPED – CODE 17 IS EXCLUSIVE – CODE 18 IS EXCLUSIVE),Any others? (SHOW SCREEN – READ OUT – MAX. 3 ANSWERS – ITEM MENTIONED IN QE2A CANNOT BE PROPOSED IN QE2B (EXCEPT CODE 16) – ROTATE ANSWERS 1 TO 15 – IF CODE 17 OR 18 IN QE2A THEN QE2B IS SKIPPED – CODE 17 IS EXCLUSIVE – CODE 18 IS EXCLUSIVE),Eurobarometer semantic union consensus,890,ZA7601,UNION_CONSENSUS,ZA5998;ZA6963,2,1.000000,1.000000,0.000000,UNION_CONSENSUS,2,1
qe2b_16,QE2B,EU BUDGET SPENT ON 2ND: OTHER (SPONT),Any others? (SHOW SCREEN – READ OUT – MAX. 3 ANSWERS – ITEM MENTIONED IN QE2A CANNOT BE PROPOSED IN QE2B (EXCEPT CODE 16) – ROTATE ANSWERS 1 TO 15 – IF CODE 17 OR 18 IN QE2A THEN QE2B IS SKIPPED – CODE 17 IS EXCLUSIVE – CODE 18 IS EXCLUSIVE),Any others? (SHOW SCREEN – READ OUT – MAX. 3 ANSWERS – ITEM MENTIONED IN QE2A CANNOT BE PROPOSED IN QE2B (EXCEPT CODE 16) – ROTATE ANSWERS 1 TO 15 – IF CODE 17 OR 18 IN QE2A THEN QE2B IS SKIPPED – CODE 17 IS EXCLUSIVE – CODE 18 IS EXCLUSIVE),Eurobarometer semantic union consensus,892,ZA7601,UNION_CONSENSUS,ZA5998;ZA6963,2,1.000000,1.000000,0.000000,UNION_CONSENSUS,2,1
qe2b_17,QE2B,EU BUDGET SPENT ON 2ND: NONE (SPONT),Any others? (SHOW SCREEN – READ OUT – MAX. 3 ANSWERS – ITEM MENTIONED IN QE2A CANNOT BE PROPOSED IN QE2B (EXCEPT CODE 16) – ROTATE ANSWERS 1 TO 15 – IF CODE 17 OR 18 IN QE2A THEN QE2B IS SKIPPED – CODE 17 IS EXCLUSIVE – CODE 18 IS EXCLUSIVE),Any others? (SHOW SCREEN – READ OUT – MAX. 3 ANSWERS – ITEM MENTIONED IN QE2A CANNOT BE PROPOSED IN QE2B (EXCEPT CODE 16) – ROTATE ANSWERS 1 TO 15 – IF CODE 17 OR 18 IN QE2A THEN QE2B IS SKIPPED – CODE 17 IS EXCLUSIVE – CODE 18 IS EXCLUSIVE),Eurobarometer semantic union consensus,894,ZA7601,UNION_CONSENSUS,ZA5998;ZA6963,2,1.000000,1.000000,0.000000,UNION_CONSENSUS,2,1
qe2b_18,QE2B,EU BUDGET SPENT ON 2ND: DK,Any others? (SHOW SCREEN – READ OUT – MAX. 3 ANSWERS – ITEM MENTIONED IN QE2A CANNOT BE PROPOSED IN QE2B (EXCEPT CODE 16) – ROTATE ANSWERS 1 TO 15 – IF CODE 17 OR 18 IN QE2A THEN QE2B IS SKIPPED – CODE 17 IS EXCLUSIVE – CODE 18 IS EXCLUSIVE),Any others? (SHOW SCREEN – READ OUT – MAX. 3 ANSWERS – ITEM MENTIONED IN QE2A CANNOT BE PROPOSED IN QE2B (EXCEPT CODE 16) – ROTATE ANSWERS 1 TO 15 – IF CODE 17 OR 18 IN QE2A THEN QE2B IS SKIPPED – CODE 17 IS EXCLUSIVE – CODE 18 IS EXCLUSIVE),Eurobarometer semantic union consensus,896,ZA7601,UNION_CONSENSUS,ZA5998;ZA6963,2,1.000000,1.000000,0.000000,UNION_CONSENSUS,2,1
qe2t_1,,,,qe2t_1,native LSM source map (union fallback unresolved),,ZA7601,UNRESOLVED_NATIVE,,0,0.666667,0.333333,0.607355,UNRESOLVED_NATIVE,3,2
qe2t_2,,,,qe2t_2,native LSM source map (union fallback unresolved),,ZA7601,UNRESOLVED_NATIVE,,0,0.666667,0.333333,0.607355,UNRESOLVED_NATIVE,3,2
qe2t_3,QE2B,EU BUDGET SPENT ON: EDUCATION/CULTURE/MEDIA (SUM),Any others?],Any others?],Eurobarometer semantic union support match,902,ZA7601,UNION_SUPPORT_MATCH,ZA5998;ZA6963,2,0.666667,1.000000,0.000000,UNION_SUPPORT_MATCH,3,2
qe2t_4,,,,qe2t_4,native LSM source map (union fallback unresolved),,ZA7601,UNRESOLVED_NATIVE,,0,0.666667,0.333333,0.607355,UNRESOLVED_NATIVE,3,2
qe2t_5,,,,qe2t_5,native LSM source map (union fallback unresolved),,ZA7601,UNRESOLVED_NATIVE,,0,0.666667,0.333333,0.607355,UNRESOLVED_NATIVE,3,2
qe2t_6,,,,qe2t_6,native LSM source map (union fallback unresolved),,ZA7601,UNRESOLVED_NATIVE,,0,0.666667,0.333333,0.607355,UNRESOLVED_NATIVE,3,2
qe2t_7,,,,qe2t_7,native LSM source map (union fallback unresolved),,ZA7601,UNRESOLVED_NATIVE,,0,0.666667,0.333333,0.607355,UNRESOLVED_NATIVE,3,2
qe2t_8,,,,qe2t_8,native LSM source map (union fallback unresolved),,ZA7601,UNRESOLVED_NATIVE,,0,0.666667,0.333333,0.607355,UNRESOLVED_NATIVE,3,2
qe2t_9,QE2B,EU BUDGET SPENT ON: EU NEIGHBOURS ASSISTANCE (SUM),Any others?],Any others?],Eurobarometer semantic union consensus,914,ZA7601,UNION_CONSENSUS,ZA5998;ZA6963,2,1.000000,0.333333,0.000000,UNION_CONSENSUS,2,1
qe2t_10,QE2B,EU BUDGET SPENT ON: HUMANITARIAN AID (SUM),Any others?],Any others?],Eurobarometer semantic union consensus,916,ZA7601,UNION_CONSENSUS,ZA5998;ZA6963,2,1.000000,0.333333,0.000000,UNION_CONSENSUS,2,1
qe2t_11,QE2B,EU BUDGET SPENT ON: DEFENCE AND SECURITY (SUM),Any others?],Any others?],Eurobarometer semantic union consensus,918,ZA7601,UNION_CONSENSUS,ZA5998;ZA6963,2,1.000000,0.333333,0.000000,UNION_CONSENSUS,2,1
qe2t_12,QE2B,EU BUDGET SPENT ON: IMMIGRATION ISSUES (SUM),Any others?],Any others?],Eurobarometer semantic union consensus,920,ZA7601,UNION_CONSENSUS,ZA5998;ZA6963,2,1.000000,0.333333,0.000000,UNION_CONSENSUS,2,1
qe2t_13,QE2B,EU BUDGET SPENT ON: EMPLOYMENT/SOCIAL AFF (SUM),Any others?],Any others?],Eurobarometer semantic union consensus,922,ZA7601,UNION_CONSENSUS,ZA5998;ZA6963,2,1.000000,0.333333,0.000000,UNION_CONSENSUS,2,1
qe2t_14,QE2B,EU BUDGET SPENT ON: PUBLIC HEALTH (SUM),Any others?],Any others?],Eurobarometer semantic union consensus,924,ZA7601,UNION_CONSENSUS,ZA5998;ZA6963,2,1.000000,0.333333,0.000000,UNION_CONSENSUS,2,1
qe2t_15,QE2B,EU BUDGET SPENT ON: ADMINISTRATION (SUM),Any others?],Any others?],Eurobarometer semantic union consensus,926,ZA7601,UNION_CONSENSUS,ZA5998;ZA6963,2,1.000000,1.000000,0.000000,UNION_CONSENSUS,2,1
qe2t_16,QE2B,EU BUDGET SPENT ON: OTHER (SPONT) (SUM),Any others?],Any others?],Eurobarometer semantic union consensus,928,ZA7601,UNION_CONSENSUS,ZA5998;ZA6963,2,1.000000,1.000000,0.000000,UNION_CONSENSUS,2,1
qe2t_17,QE2B,EU BUDGET SPENT ON: NONE (SPONT) (SUM),Any others?],Any others?],Eurobarometer semantic union consensus,930,ZA7601,UNION_CONSENSUS,ZA5998;ZA6963,2,1.000000,1.000000,0.000000,UNION_CONSENSUS,2,1
qe2t_18,QE2B,EU BUDGET SPENT ON: DK (QE2A ONLY),Any others?],Any others?],Eurobarometer semantic union consensus,932,ZA7601,UNION_CONSENSUS,ZA5998;ZA6963,2,1.000000,1.000000,0.000000,UNION_CONSENSUS,2,1
qe3a,QE3A,EU BUDGET - PREFERENCE (1ST),And on which of the following would you like EU budget to be spent? Firstly? (SHOW SCREEN – READ OUT – ONE ANSWER ONLY – ROTATE ANSWERS 1 TO 15),And on which of the following would you like EU budget to be spent? Firstly? (SHOW SCREEN – READ OUT – ONE ANSWER ONLY – ROTATE ANSWERS 1 TO 15),Eurobarometer semantic union consensus,934,ZA7601,UNION_CONSENSUS,ZA5998;ZA6963,2,1.000000,0.500000,0.000000,UNION_CONSENSUS,2,1
qe3b_1,QE3B,EU BUDGET PREFERENCE 2ND: ECONOMIC GROWTH,Any others? (SHOW SCREEN – READ OUT – MAX. 3 ANSWERS – ITEM MENTIONED IN QE2A CANNOT BE PROPOSED IN QE2B (EXCEPT CODE 16) – ROTATE ANSWERS 1 TO 15 – IF CODE 17 OR 18 IN QE2A THEN QE2B IS SKIPPED – CODE 17 IS EXCLUSIVE – CODE 18 IS EXCLUSIVE),Any others? (SHOW SCREEN – READ OUT – MAX. 3 ANSWERS – ITEM MENTIONED IN QE2A CANNOT BE PROPOSED IN QE2B (EXCEPT CODE 16) – ROTATE ANSWERS 1 TO 15 – IF CODE 17 OR 18 IN QE2A THEN QE2B IS SKIPPED – CODE 17 IS EXCLUSIVE – CODE 18 IS EXCLUSIVE),Eurobarometer semantic union consensus,937,ZA7601,UNION_CONSENSUS,ZA5998;ZA6963,2,1.000000,0.333333,0.000000,UNION_CONSENSUS,2,1
qe3b_2,QE3B,EU BUDGET PREFERENCE 2ND: SCIENTIFIC RESEARCH,Any others? (SHOW SCREEN – READ OUT – MAX. 3 ANSWERS – ITEM MENTIONED IN QE2A CANNOT BE PROPOSED IN QE2B (EXCEPT CODE 16) – ROTATE ANSWERS 1 TO 15 – IF CODE 17 OR 18 IN QE2A THEN QE2B IS SKIPPED – CODE 17 IS EXCLUSIVE – CODE 18 IS EXCLUSIVE),Any others? (SHOW SCREEN – READ OUT – MAX. 3 ANSWERS – ITEM MENTIONED IN QE2A CANNOT BE PROPOSED IN QE2B (EXCEPT CODE 16) – ROTATE ANSWERS 1 TO 15 – IF CODE 17 OR 18 IN QE2A THEN QE2B IS SKIPPED – CODE 17 IS EXCLUSIVE – CODE 18 IS EXCLUSIVE),Eurobarometer semantic union consensus,939,ZA7601,UNION_CONSENSUS,ZA5998;ZA6963,2,1.000000,0.333333,0.000000,UNION_CONSENSUS,2,1
qe3b_3,QE3B,EU BUDGET PREFERENCE 2ND: EDUCATION/CULTURE/MEDIA,Any others? (SHOW SCREEN – READ OUT – MAX. 3 ANSWERS – ITEM MENTIONED IN QE2A CANNOT BE PROPOSED IN QE2B (EXCEPT CODE 16) – ROTATE ANSWERS 1 TO 15 – IF CODE 17 OR 18 IN QE2A THEN QE2B IS SKIPPED – CODE 17 IS EXCLUSIVE – CODE 18 IS EXCLUSIVE),Any others? (SHOW SCREEN – READ OUT – MAX. 3 ANSWERS – ITEM MENTIONED IN QE2A CANNOT BE PROPOSED IN QE2B (EXCEPT CODE 16) – ROTATE ANSWERS 1 TO 15 – IF CODE 17 OR 18 IN QE2A THEN QE2B IS SKIPPED – CODE 17 IS EXCLUSIVE – CODE 18 IS EXCLUSIVE),Eurobarometer semantic union consensus,941,ZA7601,UNION_CONSENSUS,ZA5998;ZA6963,2,1.000000,1.000000,0.000000,UNION_CONSENSUS,2,1
qe3b_4,QE3B,EU BUDGET PREFERENCE 2ND: ENERGY ISSUES,Any others? (SHOW SCREEN – READ OUT – MAX. 3 ANSWERS – ITEM MENTIONED IN QE2A CANNOT BE PROPOSED IN QE2B (EXCEPT CODE 16) – ROTATE ANSWERS 1 TO 15 – IF CODE 17 OR 18 IN QE2A THEN QE2B IS SKIPPED – CODE 17 IS EXCLUSIVE – CODE 18 IS EXCLUSIVE),Any others? (SHOW SCREEN – READ OUT – MAX. 3 ANSWERS – ITEM MENTIONED IN QE2A CANNOT BE PROPOSED IN QE2B (EXCEPT CODE 16) – ROTATE ANSWERS 1 TO 15 – IF CODE 17 OR 18 IN QE2A THEN QE2B IS SKIPPED – CODE 17 IS EXCLUSIVE – CODE 18 IS EXCLUSIVE),Eurobarometer semantic union consensus,943,ZA7601,UNION_CONSENSUS,ZA5998;ZA6963,2,1.000000,0.333333,0.000000,UNION_CONSENSUS,2,1
qe3b_5,QE3B,EU BUDGET PREFERENCE 2ND: TRANSPORT,Any others? (SHOW SCREEN – READ OUT – MAX. 3 ANSWERS – ITEM MENTIONED IN QE2A CANNOT BE PROPOSED IN QE2B (EXCEPT CODE 16) – ROTATE ANSWERS 1 TO 15 – IF CODE 17 OR 18 IN QE2A THEN QE2B IS SKIPPED – CODE 17 IS EXCLUSIVE – CODE 18 IS EXCLUSIVE),Any others? (SHOW SCREEN – READ OUT – MAX. 3 ANSWERS – ITEM MENTIONED IN QE2A CANNOT BE PROPOSED IN QE2B (EXCEPT CODE 16) – ROTATE ANSWERS 1 TO 15 – IF CODE 17 OR 18 IN QE2A THEN QE2B IS SKIPPED – CODE 17 IS EXCLUSIVE – CODE 18 IS EXCLUSIVE),Eurobarometer semantic union consensus,945,ZA7601,UNION_CONSENSUS,ZA5998;ZA6963,2,1.000000,0.333333,0.000000,UNION_CONSENSUS,2,1
qe3b_6,QE3B,EU BUDGET PREFERENCE 2ND: ENVIRONMENT/CLIMATE,Any others? (SHOW SCREEN – READ OUT – MAX. 3 ANSWERS – ITEM MENTIONED IN QE2A CANNOT BE PROPOSED IN QE2B (EXCEPT CODE 16) – ROTATE ANSWERS 1 TO 15 – IF CODE 17 OR 18 IN QE2A THEN QE2B IS SKIPPED – CODE 17 IS EXCLUSIVE – CODE 18 IS EXCLUSIVE),Any others? (SHOW SCREEN – READ OUT – MAX. 3 ANSWERS – ITEM MENTIONED IN QE2A CANNOT BE PROPOSED IN QE2B (EXCEPT CODE 16) – ROTATE ANSWERS 1 TO 15 – IF CODE 17 OR 18 IN QE2A THEN QE2B IS SKIPPED – CODE 17 IS EXCLUSIVE – CODE 18 IS EXCLUSIVE),Eurobarometer semantic union consensus,947,ZA7601,UNION_CONSENSUS,ZA5998;ZA6963,2,1.000000,0.333333,0.000000,UNION_CONSENSUS,2,1
qe3b_7,QE3B,EU BUDGET PREFERENCE 2ND: AGRICULTURE,Any others? (SHOW SCREEN – READ OUT – MAX. 3 ANSWERS – ITEM MENTIONED IN QE2A CANNOT BE PROPOSED IN QE2B (EXCEPT CODE 16) – ROTATE ANSWERS 1 TO 15 – IF CODE 17 OR 18 IN QE2A THEN QE2B IS SKIPPED – CODE 17 IS EXCLUSIVE – CODE 18 IS EXCLUSIVE),Any others? (SHOW SCREEN – READ OUT – MAX. 3 ANSWERS – ITEM MENTIONED IN QE2A CANNOT BE PROPOSED IN QE2B (EXCEPT CODE 16) – ROTATE ANSWERS 1 TO 15 – IF CODE 17 OR 18 IN QE2A THEN QE2B IS SKIPPED – CODE 17 IS EXCLUSIVE – CODE 18 IS EXCLUSIVE),Eurobarometer semantic union consensus,949,ZA7601,UNION_CONSENSUS,ZA5998;ZA6963,2,1.000000,0.333333,0.000000,UNION_CONSENSUS,2,1
qe3b_8,QE3B,EU BUDGET PREFERENCE 2ND: REGIONAL INVESTMENT,Any others? (SHOW SCREEN – READ OUT – MAX. 3 ANSWERS – ITEM MENTIONED IN QE2A CANNOT BE PROPOSED IN QE2B (EXCEPT CODE 16) – ROTATE ANSWERS 1 TO 15 – IF CODE 17 OR 18 IN QE2A THEN QE2B IS SKIPPED – CODE 17 IS EXCLUSIVE – CODE 18 IS EXCLUSIVE),Any others? (SHOW SCREEN – READ OUT – MAX. 3 ANSWERS – ITEM MENTIONED IN QE2A CANNOT BE PROPOSED IN QE2B (EXCEPT CODE 16) – ROTATE ANSWERS 1 TO 15 – IF CODE 17 OR 18 IN QE2A THEN QE2B IS SKIPPED – CODE 17 IS EXCLUSIVE – CODE 18 IS EXCLUSIVE),Eurobarometer semantic union consensus,951,ZA7601,UNION_CONSENSUS,ZA5998;ZA6963,2,1.000000,0.333333,0.000000,UNION_CONSENSUS,2,1
qe3b_9,QE3B,EU BUDGET PREFERENCE 2ND: EU NEIGHBOURS ASSISTANCE,Any others? (SHOW SCREEN – READ OUT – MAX. 3 ANSWERS – ITEM MENTIONED IN QE2A CANNOT BE PROPOSED IN QE2B (EXCEPT CODE 16) – ROTATE ANSWERS 1 TO 15 – IF CODE 17 OR 18 IN QE2A THEN QE2B IS SKIPPED – CODE 17 IS EXCLUSIVE – CODE 18 IS EXCLUSIVE),Any others? (SHOW SCREEN – READ OUT – MAX. 3 ANSWERS – ITEM MENTIONED IN QE2A CANNOT BE PROPOSED IN QE2B (EXCEPT CODE 16) – ROTATE ANSWERS 1 TO 15 – IF CODE 17 OR 18 IN QE2A THEN QE2B IS SKIPPED – CODE 17 IS EXCLUSIVE – CODE 18 IS EXCLUSIVE),Eurobarometer semantic union consensus,953,ZA7601,UNION_CONSENSUS,ZA5998;ZA6963,2,1.000000,0.333333,0.000000,UNION_CONSENSUS,2,1
qe3b_10,QE3B,EU BUDGET PREFERENCE 2ND: HUMANITARIAN AID,Any others? (SHOW SCREEN – READ OUT – MAX. 3 ANSWERS – ITEM MENTIONED IN QE2A CANNOT BE PROPOSED IN QE2B (EXCEPT CODE 16) – ROTATE ANSWERS 1 TO 15 – IF CODE 17 OR 18 IN QE2A THEN QE2B IS SKIPPED – CODE 17 IS EXCLUSIVE – CODE 18 IS EXCLUSIVE),Any others? (SHOW SCREEN – READ OUT – MAX. 3 ANSWERS – ITEM MENTIONED IN QE2A CANNOT BE PROPOSED IN QE2B (EXCEPT CODE 16) – ROTATE ANSWERS 1 TO 15 – IF CODE 17 OR 18 IN QE2A THEN QE2B IS SKIPPED – CODE 17 IS EXCLUSIVE – CODE 18 IS EXCLUSIVE),Eurobarometer semantic union consensus,955,ZA7601,UNION_CONSENSUS,ZA5998;ZA6963,2,1.000000,0.333333,0.000000,UNION_CONSENSUS,2,1
qe3b_11,QE3B,EU BUDGET PREFERENCE 2ND: DEFENCE AND SECURITY,Any others? (SHOW SCREEN – READ OUT – MAX. 3 ANSWERS – ITEM MENTIONED IN QE2A CANNOT BE PROPOSED IN QE2B (EXCEPT CODE 16) – ROTATE ANSWERS 1 TO 15 – IF CODE 17 OR 18 IN QE2A THEN QE2B IS SKIPPED – CODE 17 IS EXCLUSIVE – CODE 18 IS EXCLUSIVE),Any others? (SHOW SCREEN – READ OUT – MAX. 3 ANSWERS – ITEM MENTIONED IN QE2A CANNOT BE PROPOSED IN QE2B (EXCEPT CODE 16) – ROTATE ANSWERS 1 TO 15 – IF CODE 17 OR 18 IN QE2A THEN QE2B IS SKIPPED – CODE 17 IS EXCLUSIVE – CODE 18 IS EXCLUSIVE),Eurobarometer semantic union consensus,957,ZA7601,UNION_CONSENSUS,ZA5998;ZA6963,2,1.000000,0.333333,0.000000,UNION_CONSENSUS,2,1
qe3b_12,QE3B,EU BUDGET PREFERENCE 2ND: IMMIGRATION ISSUES,Any others? (SHOW SCREEN – READ OUT – MAX. 3 ANSWERS – ITEM MENTIONED IN QE2A CANNOT BE PROPOSED IN QE2B (EXCEPT CODE 16) – ROTATE ANSWERS 1 TO 15 – IF CODE 17 OR 18 IN QE2A THEN QE2B IS SKIPPED – CODE 17 IS EXCLUSIVE – CODE 18 IS EXCLUSIVE),Any others? (SHOW SCREEN – READ OUT – MAX. 3 ANSWERS – ITEM MENTIONED IN QE2A CANNOT BE PROPOSED IN QE2B (EXCEPT CODE 16) – ROTATE ANSWERS 1 TO 15 – IF CODE 17 OR 18 IN QE2A THEN QE2B IS SKIPPED – CODE 17 IS EXCLUSIVE – CODE 18 IS EXCLUSIVE),Eurobarometer semantic union consensus,959,ZA7601,UNION_CONSENSUS,ZA5998;ZA6963,2,1.000000,0.333333,0.000000,UNION_CONSENSUS,2,1
qe3b_13,QE3B,EU BUDGET PREFERENCE 2ND: EMPLOYMENT/SOCIAL AFF,Any others? (SHOW SCREEN – READ OUT – MAX. 3 ANSWERS – ITEM MENTIONED IN QE2A CANNOT BE PROPOSED IN QE2B (EXCEPT CODE 16) – ROTATE ANSWERS 1 TO 15 – IF CODE 17 OR 18 IN QE2A THEN QE2B IS SKIPPED – CODE 17 IS EXCLUSIVE – CODE 18 IS EXCLUSIVE),Any others? (SHOW SCREEN – READ OUT – MAX. 3 ANSWERS – ITEM MENTIONED IN QE2A CANNOT BE PROPOSED IN QE2B (EXCEPT CODE 16) – ROTATE ANSWERS 1 TO 15 – IF CODE 17 OR 18 IN QE2A THEN QE2B IS SKIPPED – CODE 17 IS EXCLUSIVE – CODE 18 IS EXCLUSIVE),Eurobarometer semantic union consensus,961,ZA7601,UNION_CONSENSUS,ZA5998;ZA6963,2,1.000000,0.333333,0.000000,UNION_CONSENSUS,2,1
qe3b_14,QE3B,EU BUDGET PREFERENCE 2ND: PUBLIC HEALTH,Any others? (SHOW SCREEN – READ OUT – MAX. 3 ANSWERS – ITEM MENTIONED IN QE2A CANNOT BE PROPOSED IN QE2B (EXCEPT CODE 16) – ROTATE ANSWERS 1 TO 15 – IF CODE 17 OR 18 IN QE2A THEN QE2B IS SKIPPED – CODE 17 IS EXCLUSIVE – CODE 18 IS EXCLUSIVE),Any others? (SHOW SCREEN – READ OUT – MAX. 3 ANSWERS – ITEM MENTIONED IN QE2A CANNOT BE PROPOSED IN QE2B (EXCEPT CODE 16) – ROTATE ANSWERS 1 TO 15 – IF CODE 17 OR 18 IN QE2A THEN QE2B IS SKIPPED – CODE 17 IS EXCLUSIVE – CODE 18 IS EXCLUSIVE),Eurobarometer semantic union consensus,963,ZA7601,UNION_CONSENSUS,ZA5998;ZA6963,2,1.000000,0.333333,0.000000,UNION_CONSENSUS,2,1
qe3b_15,QE3B,EU BUDGET PREFERENCE 2ND: ADMINISTRATION,Any others? (SHOW SCREEN – READ OUT – MAX. 3 ANSWERS – ITEM MENTIONED IN QE2A CANNOT BE PROPOSED IN QE2B (EXCEPT CODE 16) – ROTATE ANSWERS 1 TO 15 – IF CODE 17 OR 18 IN QE2A THEN QE2B IS SKIPPED – CODE 17 IS EXCLUSIVE – CODE 18 IS EXCLUSIVE),Any others? (SHOW SCREEN – READ OUT – MAX. 3 ANSWERS – ITEM MENTIONED IN QE2A CANNOT BE PROPOSED IN QE2B (EXCEPT CODE 16) – ROTATE ANSWERS 1 TO 15 – IF CODE 17 OR 18 IN QE2A THEN QE2B IS SKIPPED – CODE 17 IS EXCLUSIVE – CODE 18 IS EXCLUSIVE),Eurobarometer semantic union consensus,965,ZA7601,UNION_CONSENSUS,ZA5998;ZA6963,2,1.000000,1.000000,0.000000,UNION_CONSENSUS,2,1
qe3b_16,QE3B,EU BUDGET PREFERENCE 2ND: OTHER (SPONT),Any others? (SHOW SCREEN – READ OUT – MAX. 3 ANSWERS – ITEM MENTIONED IN QE2A CANNOT BE PROPOSED IN QE2B (EXCEPT CODE 16) – ROTATE ANSWERS 1 TO 15 – IF CODE 17 OR 18 IN QE2A THEN QE2B IS SKIPPED – CODE 17 IS EXCLUSIVE – CODE 18 IS EXCLUSIVE),Any others? (SHOW SCREEN – READ OUT – MAX. 3 ANSWERS – ITEM MENTIONED IN QE2A CANNOT BE PROPOSED IN QE2B (EXCEPT CODE 16) – ROTATE ANSWERS 1 TO 15 – IF CODE 17 OR 18 IN QE2A THEN QE2B IS SKIPPED – CODE 17 IS EXCLUSIVE – CODE 18 IS EXCLUSIVE),Eurobarometer semantic union consensus,967,ZA7601,UNION_CONSENSUS,ZA5998;ZA6963,2,1.000000,1.000000,0.000000,UNION_CONSENSUS,2,1
qe3b_17,QE3B,EU BUDGET PREFERENCE 2ND: NONE (SPONT),Any others? (SHOW SCREEN – READ OUT – MAX. 3 ANSWERS – ITEM MENTIONED IN QE2A CANNOT BE PROPOSED IN QE2B (EXCEPT CODE 16) – ROTATE ANSWERS 1 TO 15 – IF CODE 17 OR 18 IN QE2A THEN QE2B IS SKIPPED – CODE 17 IS EXCLUSIVE – CODE 18 IS EXCLUSIVE),Any others? (SHOW SCREEN – READ OUT – MAX. 3 ANSWERS – ITEM MENTIONED IN QE2A CANNOT BE PROPOSED IN QE2B (EXCEPT CODE 16) – ROTATE ANSWERS 1 TO 15 – IF CODE 17 OR 18 IN QE2A THEN QE2B IS SKIPPED – CODE 17 IS EXCLUSIVE – CODE 18 IS EXCLUSIVE),Eurobarometer semantic union consensus,969,ZA7601,UNION_CONSENSUS,ZA5998;ZA6963,2,1.000000,1.000000,0.000000,UNION_CONSENSUS,2,1
qe3b_18,QE3B,EU BUDGET PREFERENCE 2ND: DK,Any others? (SHOW SCREEN – READ OUT – MAX. 3 ANSWERS – ITEM MENTIONED IN QE2A CANNOT BE PROPOSED IN QE2B (EXCEPT CODE 16) – ROTATE ANSWERS 1 TO 15 – IF CODE 17 OR 18 IN QE2A THEN QE2B IS SKIPPED – CODE 17 IS EXCLUSIVE – CODE 18 IS EXCLUSIVE),Any others? (SHOW SCREEN – READ OUT – MAX. 3 ANSWERS – ITEM MENTIONED IN QE2A CANNOT BE PROPOSED IN QE2B (EXCEPT CODE 16) – ROTATE ANSWERS 1 TO 15 – IF CODE 17 OR 18 IN QE2A THEN QE2B IS SKIPPED – CODE 17 IS EXCLUSIVE – CODE 18 IS EXCLUSIVE),Eurobarometer semantic union consensus,971,ZA7601,UNION_CONSENSUS,ZA5998;ZA6963,2,1.000000,1.000000,0.000000,UNION_CONSENSUS,2,1
qe3t_1,,,,qe3t_1,native LSM source map (union fallback unresolved),,ZA7601,UNRESOLVED_NATIVE,,0,0.666667,0.333333,0.607355,UNRESOLVED_NATIVE,3,2
qe3t_2,,,,qe3t_2,native LSM source map (union fallback unresolved),,ZA7601,UNRESOLVED_NATIVE,,0,0.666667,0.333333,0.607355,UNRESOLVED_NATIVE,3,2
qe3t_3,QE3B,EU BUDGET PREFERENCE: EDUCATION/CULTURE/MEDIA (SUM),Any others?],Any others?],Eurobarometer semantic union consensus,977,ZA7601,UNION_CONSENSUS,ZA5998;ZA6963,2,1.000000,1.000000,0.000000,UNION_CONSENSUS,2,1
qe3t_4,QE3B,EU BUDGET PREFERENCE: ENERGY ISSUES (SUM),Any others?],Any others?],Eurobarometer semantic union consensus,979,ZA7601,UNION_CONSENSUS,ZA5998;ZA6963,2,1.000000,0.333333,0.000000,UNION_CONSENSUS,2,1
qe3t_5,QE3B,EU BUDGET PREFERENCE: TRANSPORT (SUM),Any others?],Any others?],Eurobarometer semantic union consensus,981,ZA7601,UNION_CONSENSUS,ZA5998;ZA6963,2,1.000000,0.333333,0.000000,UNION_CONSENSUS,2,1
qe3t_6,QE3B,EU BUDGET PREFERENCE: ENVIRONMENT/CLIMATE (SUM),Any others?],Any others?],Eurobarometer semantic union consensus,983,ZA7601,UNION_CONSENSUS,ZA5998;ZA6963,2,1.000000,0.333333,0.000000,UNION_CONSENSUS,2,1
qe3t_7,QE3B,EU BUDGET PREFERENCE: AGRICULTURE (SUM),Any others?],Any others?],Eurobarometer semantic union consensus,985,ZA7601,UNION_CONSENSUS,ZA5998;ZA6963,2,1.000000,0.333333,0.000000,UNION_CONSENSUS,2,1
qe3t_8,QE3B,EU BUDGET PREFERENCE: REGIONAL INVESTMENT (SUM),Any others?],Any others?],Eurobarometer semantic union consensus,987,ZA7601,UNION_CONSENSUS,ZA5998;ZA6963,2,1.000000,0.333333,0.000000,UNION_CONSENSUS,2,1
qe3t_9,QE3B,EU BUDGET PREFERENCE: EU NEIGHBOURS ASSISTANCE (SUM),Any others?],Any others?],Eurobarometer semantic union consensus,989,ZA7601,UNION_CONSENSUS,ZA5998;ZA6963,2,1.000000,0.333333,0.000000,UNION_CONSENSUS,2,1
qe3t_10,QE3B,EU BUDGET PREFERENCE: HUMANITARIAN AID (SUM),Any others?],Any others?],Eurobarometer semantic union consensus,991,ZA7601,UNION_CONSENSUS,ZA5998;ZA6963,2,1.000000,0.333333,0.000000,UNION_CONSENSUS,2,1
qe3t_11,QE3B,EU BUDGET PREFERENCE: DEFENCE AND SECURITY (SUM),Any others?],Any others?],Eurobarometer semantic union consensus,993,ZA7601,UNION_CONSENSUS,ZA5998;ZA6963,2,1.000000,0.333333,0.000000,UNION_CONSENSUS,2,1
qe3t_12,QE3B,EU BUDGET PREFERENCE: IMMIGRATION ISSUES (SUM),Any others?],Any others?],Eurobarometer semantic union consensus,995,ZA7601,UNION_CONSENSUS,ZA5998;ZA6963,2,1.000000,0.333333,0.000000,UNION_CONSENSUS,2,1
qe3t_13,QE3B,EU BUDGET PREFERENCE: EMPLOYMENT/SOCIAL AFF (SUM),Any others?],Any others?],Eurobarometer semantic union consensus,997,ZA7601,UNION_CONSENSUS,ZA5998;ZA6963,2,1.000000,0.333333,0.000000,UNION_CONSENSUS,2,1
qe3t_14,QE3B,EU BUDGET PREFERENCE: PUBLIC HEALTH (SUM),Any others?],Any others?],Eurobarometer semantic union consensus,999,ZA7601,UNION_CONSENSUS,ZA5998;ZA6963,2,1.000000,0.333333,0.000000,UNION_CONSENSUS,2,1
qe3t_15,QE3B,EU BUDGET PREFERENCE: ADMINISTRATION (SUM),Any others?],Any others?],Eurobarometer semantic union consensus,1001,ZA7601,UNION_CONSENSUS,ZA5998;ZA6963,2,1.000000,1.000000,0.000000,UNION_CONSENSUS,2,1
qe3t_16,QE3B,EU BUDGET PREFERENCE: OTHER (SPONT) (SUM),Any others?],Any others?],Eurobarometer semantic union consensus,1003,ZA7601,UNION_CONSENSUS,ZA5998;ZA6963,2,1.000000,1.000000,0.000000,UNION_CONSENSUS,2,1
qe3t_17,QE3B,EU BUDGET PREFERENCE: NONE (SPONT) (SUM),Any others?],Any others?],Eurobarometer semantic union consensus,1005,ZA7601,UNION_CONSENSUS,ZA5998;ZA6963,2,1.000000,1.000000,0.000000,UNION_CONSENSUS,2,1
qe3t_18,QE3B,EU BUDGET PREFERENCE: DK (QE3A ONLY),Any others?],Any others?],Eurobarometer semantic union consensus,1007,ZA7601,UNION_CONSENSUS,ZA5998;ZA6963,2,1.000000,1.000000,0.000000,UNION_CONSENSUS,2,1
qf1,,,,qf1,native LSM source map (union fallback unresolved),,ZA7601,UNRESOLVED_NATIVE,,0,0.333333,0.125000,0.538696,UNRESOLVED_NATIVE,3,3
qf2_1,,,,qf2_1,native LSM source map (union fallback unresolved),,ZA7601,UNRESOLVED_NATIVE,,0,1.000000,0.333333,0.607355,UNRESOLVED_NATIVE,1,1
qf2_2,,,,qf2_2,native LSM source map (union fallback unresolved),,ZA7601,UNRESOLVED_NATIVE,,0,1.000000,0.333333,0.607355,UNRESOLVED_NATIVE,1,1
qf2_3,,,,qf2_3,native LSM source map (union fallback unresolved),,ZA7601,UNRESOLVED_NATIVE,,0,1.000000,0.333333,0.607355,UNRESOLVED_NATIVE,1,1
qf2_4,,,,qf2_4,native LSM source map (union fallback unresolved),,ZA7601,UNRESOLVED_NATIVE,,0,1.000000,0.333333,0.607355,UNRESOLVED_NATIVE,1,1
qf2_5,,,,qf2_5,native LSM source map (union fallback unresolved),,ZA7601,UNRESOLVED_NATIVE,,0,1.000000,0.333333,0.607355,UNRESOLVED_NATIVE,1,1
qf2_6,,,,qf2_6,native LSM source map (union fallback unresolved),,ZA7601,UNRESOLVED_NATIVE,,0,1.000000,0.333333,0.607355,UNRESOLVED_NATIVE,1,1
qf2_7,,,,qf2_7,native LSM source map (union fallback unresolved),,ZA7601,UNRESOLVED_NATIVE,,0,1.000000,0.333333,0.607355,UNRESOLVED_NATIVE,1,1
qf2_8,,,,qf2_8,native LSM source map (union fallback unresolved),,ZA7601,UNRESOLVED_NATIVE,,0,1.000000,0.333333,0.607355,UNRESOLVED_NATIVE,1,1
qf3_1,,,,qf3_1,native LSM source map (union fallback unresolved),,ZA7601,UNRESOLVED_NATIVE,,0,0.500000,0.333333,0.607355,UNRESOLVED_NATIVE,2,2
qf3_2,,,,qf3_2,native LSM source map (union fallback unresolved),,ZA7601,UNRESOLVED_NATIVE,,0,0.500000,0.333333,0.607355,UNRESOLVED_NATIVE,2,2
qf3_3,,,,qf3_3,native LSM source map (union fallback unresolved),,ZA7601,UNRESOLVED_NATIVE,,0,0.500000,0.333333,0.607355,UNRESOLVED_NATIVE,2,2
qf3_4,,,,qf3_4,native LSM source map (union fallback unresolved),,ZA7601,UNRESOLVED_NATIVE,,0,0.500000,0.333333,0.607355,UNRESOLVED_NATIVE,2,2
qf3_5,,,,qf3_5,native LSM source map (union fallback unresolved),,ZA7601,UNRESOLVED_NATIVE,,0,0.500000,0.333333,0.607355,UNRESOLVED_NATIVE,2,2
qf3_6,,,,qf3_6,native LSM source map (union fallback unresolved),,ZA7601,UNRESOLVED_NATIVE,,0,0.500000,0.333333,0.607355,UNRESOLVED_NATIVE,2,2
qf4,,,,qf4,native LSM source map (union fallback unresolved),,ZA7601,UNRESOLVED_NATIVE,,0,0.500000,0.111111,0.607355,UNRESOLVED_NATIVE,2,2
qg1a,,,,qg1a,native LSM source map (union fallback unresolved),,ZA7601,UNRESOLVED_NATIVE,,0,0.000000,0.000000,0.000000,UNRESOLVED_NATIVE,0,0
qg1b_1,,,,qg1b_1,native LSM source map (union fallback unresolved),,ZA7601,UNRESOLVED_NATIVE,,0,0.000000,0.000000,0.000000,UNRESOLVED_NATIVE,0,0
qg1b_2,,,,qg1b_2,native LSM source map (union fallback unresolved),,ZA7601,UNRESOLVED_NATIVE,,0,0.000000,0.000000,0.000000,UNRESOLVED_NATIVE,0,0
qg1b_3,,,,qg1b_3,native LSM source map (union fallback unresolved),,ZA7601,UNRESOLVED_NATIVE,,0,0.000000,0.000000,0.000000,UNRESOLVED_NATIVE,0,0
qg1b_4,,,,qg1b_4,native LSM source map (union fallback unresolved),,ZA7601,UNRESOLVED_NATIVE,,0,0.000000,0.000000,0.000000,UNRESOLVED_NATIVE,0,0
qg1b_5,,,,qg1b_5,native LSM source map (union fallback unresolved),,ZA7601,UNRESOLVED_NATIVE,,0,0.000000,0.000000,0.000000,UNRESOLVED_NATIVE,0,0
qg1b_6,,,,qg1b_6,native LSM source map (union fallback unresolved),,ZA7601,UNRESOLVED_NATIVE,,0,0.000000,0.000000,0.000000,UNRESOLVED_NATIVE,0,0
qg1b_7,,,,qg1b_7,native LSM source map (union fallback unresolved),,ZA7601,UNRESOLVED_NATIVE,,0,0.000000,0.000000,0.000000,UNRESOLVED_NATIVE,0,0
qg1b_8,,,,qg1b_8,native LSM source map (union fallback unresolved),,ZA7601,UNRESOLVED_NATIVE,,0,0.000000,0.000000,0.000000,UNRESOLVED_NATIVE,0,0
qg1t_1,,,,qg1t_1,native LSM source map (union fallback unresolved),,ZA7601,UNRESOLVED_NATIVE,,0,0.000000,0.000000,0.000000,UNRESOLVED_NATIVE,0,0
qg1t_2,,,,qg1t_2,native LSM source map (union fallback unresolved),,ZA7601,UNRESOLVED_NATIVE,,0,0.000000,0.000000,0.000000,UNRESOLVED_NATIVE,0,0
qg1t_3,,,,qg1t_3,native LSM source map (union fallback unresolved),,ZA7601,UNRESOLVED_NATIVE,,0,0.000000,0.000000,0.000000,UNRESOLVED_NATIVE,0,0
qg1t_4,,,,qg1t_4,native LSM source map (union fallback unresolved),,ZA7601,UNRESOLVED_NATIVE,,0,0.000000,0.000000,0.000000,UNRESOLVED_NATIVE,0,0
qg1t_5,,,,qg1t_5,native LSM source map (union fallback unresolved),,ZA7601,UNRESOLVED_NATIVE,,0,0.000000,0.000000,0.000000,UNRESOLVED_NATIVE,0,0
qg1t_6,,,,qg1t_6,native LSM source map (union fallback unresolved),,ZA7601,UNRESOLVED_NATIVE,,0,0.000000,0.000000,0.000000,UNRESOLVED_NATIVE,0,0
qg1t_7,,,,qg1t_7,native LSM source map (union fallback unresolved),,ZA7601,UNRESOLVED_NATIVE,,0,0.000000,0.000000,0.000000,UNRESOLVED_NATIVE,0,0
qg1t_8,,,,qg1t_8,native LSM source map (union fallback unresolved),,ZA7601,UNRESOLVED_NATIVE,,0,0.000000,0.000000,0.000000,UNRESOLVED_NATIVE,0,0
qg2,,,,qg2,native LSM source map (union fallback unresolved),,ZA7601,UNRESOLVED_NATIVE,,0,1.000000,0.000000,0.526255,UNRESOLVED_NATIVE,1,1
qg3_1,,,,qg3_1,native LSM source map (union fallback unresolved),,ZA7601,UNRESOLVED_NATIVE,,0,0.000000,0.000000,0.000000,UNRESOLVED_NATIVE,0,0
qg3_2,,,,qg3_2,native LSM source map (union fallback unresolved),,ZA7601,UNRESOLVED_NATIVE,,0,0.000000,0.000000,0.000000,UNRESOLVED_NATIVE,0,0
qg3_3,,,,qg3_3,native LSM source map (union fallback unresolved),,ZA7601,UNRESOLVED_NATIVE,,0,0.000000,0.000000,0.000000,UNRESOLVED_NATIVE,0,0
qg3_4,,,,qg3_4,native LSM source map (union fallback unresolved),,ZA7601,UNRESOLVED_NATIVE,,0,0.000000,0.000000,0.000000,UNRESOLVED_NATIVE,0,0
qg3_5,,,,qg3_5,native LSM source map (union fallback unresolved),,ZA7601,UNRESOLVED_NATIVE,,0,0.000000,0.000000,0.000000,UNRESOLVED_NATIVE,0,0
qg3_6,,,,qg3_6,native LSM source map (union fallback unresolved),,ZA7601,UNRESOLVED_NATIVE,,0,0.000000,0.000000,0.000000,UNRESOLVED_NATIVE,0,0
qg3_7,,,,qg3_7,native LSM source map (union fallback unresolved),,ZA7601,UNRESOLVED_NATIVE,,0,0.000000,0.000000,0.000000,UNRESOLVED_NATIVE,0,0
qg3_8,,,,qg3_8,native LSM source map (union fallback unresolved),,ZA7601,UNRESOLVED_NATIVE,,0,0.000000,0.000000,0.000000,UNRESOLVED_NATIVE,0,0
qg3_9,,,,qg3_9,native LSM source map (union fallback unresolved),,ZA7601,UNRESOLVED_NATIVE,,0,0.000000,0.000000,0.000000,UNRESOLVED_NATIVE,0,0
qg3_10,,,,qg3_10,native LSM source map (union fallback unresolved),,ZA7601,UNRESOLVED_NATIVE,,0,0.000000,0.000000,0.000000,UNRESOLVED_NATIVE,0,0
qg3_11,,,,qg3_11,native LSM source map (union fallback unresolved),,ZA7601,UNRESOLVED_NATIVE,,0,0.000000,0.000000,0.000000,UNRESOLVED_NATIVE,0,0
qg3_12,,,,qg3_12,native LSM source map (union fallback unresolved),,ZA7601,UNRESOLVED_NATIVE,,0,0.000000,0.000000,0.000000,UNRESOLVED_NATIVE,0,0
qg3_13,,,,qg3_13,native LSM source map (union fallback unresolved),,ZA7601,UNRESOLVED_NATIVE,,0,0.000000,0.000000,0.000000,UNRESOLVED_NATIVE,0,0
qg3_14,,,,qg3_14,native LSM source map (union fallback unresolved),,ZA7601,UNRESOLVED_NATIVE,,0,0.000000,0.000000,0.000000,UNRESOLVED_NATIVE,0,0
qg3_15,,,,qg3_15,native LSM source map (union fallback unresolved),,ZA7601,UNRESOLVED_NATIVE,,0,0.000000,0.000000,0.000000,UNRESOLVED_NATIVE,0,0
qg3_16,,,,qg3_16,native LSM source map (union fallback unresolved),,ZA7601,UNRESOLVED_NATIVE,,0,0.000000,0.000000,0.000000,UNRESOLVED_NATIVE,0,0
qg3_17,,,,qg3_17,native LSM source map (union fallback unresolved),,ZA7601,UNRESOLVED_NATIVE,,0,0.000000,0.000000,0.000000,UNRESOLVED_NATIVE,0,0
qg3r,,,,qg3r,native LSM source map (union fallback unresolved),,ZA7601,UNRESOLVED_NATIVE,,0,0.000000,0.000000,0.000000,UNRESOLVED_NATIVE,0,0
qg4a,,,,qg4a,native LSM source map (union fallback unresolved),,ZA7601,UNRESOLVED_NATIVE,,0,1.000000,0.040000,0.526255,UNRESOLVED_NATIVE,1,1
qg4b_1,,,,qg4b_1,native LSM source map (union fallback unresolved),,ZA7601,UNRESOLVED_NATIVE,,0,1.000000,0.333333,0.526255,UNRESOLVED_NATIVE,1,1
qg4b_2,,,,qg4b_2,native LSM source map (union fallback unresolved),,ZA7601,UNRESOLVED_NATIVE,,0,1.000000,0.333333,0.526255,UNRESOLVED_NATIVE,1,1
qg4b_3,,,,qg4b_3,native LSM source map (union fallback unresolved),,ZA7601,UNRESOLVED_NATIVE,,0,1.000000,0.333333,0.526255,UNRESOLVED_NATIVE,1,1
qg4b_4,,,,qg4b_4,native LSM source map (union fallback unresolved),,ZA7601,UNRESOLVED_NATIVE,,0,1.000000,0.333333,0.526255,UNRESOLVED_NATIVE,1,1
qg4b_5,,,,qg4b_5,native LSM source map (union fallback unresolved),,ZA7601,UNRESOLVED_NATIVE,,0,1.000000,0.333333,0.526255,UNRESOLVED_NATIVE,1,1
qg4b_6,,,,qg4b_6,native LSM source map (union fallback unresolved),,ZA7601,UNRESOLVED_NATIVE,,0,1.000000,0.333333,0.526255,UNRESOLVED_NATIVE,1,1
qg4b_7,,,,qg4b_7,native LSM source map (union fallback unresolved),,ZA7601,UNRESOLVED_NATIVE,,0,1.000000,0.333333,0.526255,UNRESOLVED_NATIVE,1,1
qg4b_8,,,,qg4b_8,native LSM source map (union fallback unresolved),,ZA7601,UNRESOLVED_NATIVE,,0,1.000000,0.333333,0.526255,UNRESOLVED_NATIVE,1,1
qg4b_9,,,,qg4b_9,native LSM source map (union fallback unresolved),,ZA7601,UNRESOLVED_NATIVE,,0,1.000000,0.333333,0.526255,UNRESOLVED_NATIVE,1,1
qg4b_10,,,,qg4b_10,native LSM source map (union fallback unresolved),,ZA7601,UNRESOLVED_NATIVE,,0,0.000000,0.000000,0.000000,UNRESOLVED_NATIVE,0,0
qg4b_11,,,,qg4b_11,native LSM source map (union fallback unresolved),,ZA7601,UNRESOLVED_NATIVE,,0,0.000000,0.000000,0.000000,UNRESOLVED_NATIVE,0,0
qg4b_12,,,,qg4b_12,native LSM source map (union fallback unresolved),,ZA7601,UNRESOLVED_NATIVE,,0,0.000000,0.000000,0.000000,UNRESOLVED_NATIVE,0,0
qg4b_13,,,,qg4b_13,native LSM source map (union fallback unresolved),,ZA7601,UNRESOLVED_NATIVE,,0,0.000000,0.000000,0.000000,UNRESOLVED_NATIVE,0,0
qg4b_14,,,,qg4b_14,native LSM source map (union fallback unresolved),,ZA7601,UNRESOLVED_NATIVE,,0,0.000000,0.000000,0.000000,UNRESOLVED_NATIVE,0,0
qg4b_15,,,,qg4b_15,native LSM source map (union fallback unresolved),,ZA7601,UNRESOLVED_NATIVE,,0,0.000000,0.000000,0.000000,UNRESOLVED_NATIVE,0,0
qg4b_16,,,,qg4b_16,native LSM source map (union fallback unresolved),,ZA7601,UNRESOLVED_NATIVE,,0,0.000000,0.000000,0.000000,UNRESOLVED_NATIVE,0,0
qg4b_17,,,,qg4b_17,native LSM source map (union fallback unresolved),,ZA7601,UNRESOLVED_NATIVE,,0,0.000000,0.000000,0.000000,UNRESOLVED_NATIVE,0,0
qg4t_1,,,,qg4t_1,native LSM source map (union fallback unresolved),,ZA7601,UNRESOLVED_NATIVE,,0,1.000000,0.250000,0.526255,UNRESOLVED_NATIVE,1,1
qg4t_2,,,,qg4t_2,native LSM source map (union fallback unresolved),,ZA7601,UNRESOLVED_NATIVE,,0,1.000000,0.250000,0.526255,UNRESOLVED_NATIVE,1,1
qg4t_3,,,,qg4t_3,native LSM source map (union fallback unresolved),,ZA7601,UNRESOLVED_NATIVE,,0,1.000000,0.250000,0.526255,UNRESOLVED_NATIVE,1,1
qg4t_4,,,,qg4t_4,native LSM source map (union fallback unresolved),,ZA7601,UNRESOLVED_NATIVE,,0,1.000000,0.250000,0.526255,UNRESOLVED_NATIVE,1,1
qg4t_5,,,,qg4t_5,native LSM source map (union fallback unresolved),,ZA7601,UNRESOLVED_NATIVE,,0,1.000000,0.250000,0.526255,UNRESOLVED_NATIVE,1,1
qg4t_6,,,,qg4t_6,native LSM source map (union fallback unresolved),,ZA7601,UNRESOLVED_NATIVE,,0,1.000000,0.250000,0.526255,UNRESOLVED_NATIVE,1,1
qg4t_7,,,,qg4t_7,native LSM source map (union fallback unresolved),,ZA7601,UNRESOLVED_NATIVE,,0,1.000000,0.250000,0.526255,UNRESOLVED_NATIVE,1,1
qg4t_8,,,,qg4t_8,native LSM source map (union fallback unresolved),,ZA7601,UNRESOLVED_NATIVE,,0,1.000000,0.250000,0.526255,UNRESOLVED_NATIVE,1,1
qg4t_9,,,,qg4t_9,native LSM source map (union fallback unresolved),,ZA7601,UNRESOLVED_NATIVE,,0,1.000000,0.250000,0.526255,UNRESOLVED_NATIVE,1,1
qg4t_10,,,,qg4t_10,native LSM source map (union fallback unresolved),,ZA7601,UNRESOLVED_NATIVE,,0,0.000000,0.000000,0.000000,UNRESOLVED_NATIVE,0,0
qg4t_11,,,,qg4t_11,native LSM source map (union fallback unresolved),,ZA7601,UNRESOLVED_NATIVE,,0,0.000000,0.000000,0.000000,UNRESOLVED_NATIVE,0,0
qg4t_12,,,,qg4t_12,native LSM source map (union fallback unresolved),,ZA7601,UNRESOLVED_NATIVE,,0,0.000000,0.000000,0.000000,UNRESOLVED_NATIVE,0,0
qg4t_13,,,,qg4t_13,native LSM source map (union fallback unresolved),,ZA7601,UNRESOLVED_NATIVE,,0,0.000000,0.000000,0.000000,UNRESOLVED_NATIVE,0,0
qg4t_14,,,,qg4t_14,native LSM source map (union fallback unresolved),,ZA7601,UNRESOLVED_NATIVE,,0,0.000000,0.000000,0.000000,UNRESOLVED_NATIVE,0,0
qg4t_15,,,,qg4t_15,native LSM source map (union fallback unresolved),,ZA7601,UNRESOLVED_NATIVE,,0,0.000000,0.000000,0.000000,UNRESOLVED_NATIVE,0,0
qg4t_16,,,,qg4t_16,native LSM source map (union fallback unresolved),,ZA7601,UNRESOLVED_NATIVE,,0,0.000000,0.000000,0.000000,UNRESOLVED_NATIVE,0,0
qg4t_17,,,,qg4t_17,native LSM source map (union fallback unresolved),,ZA7601,UNRESOLVED_NATIVE,,0,0.000000,0.000000,0.000000,UNRESOLVED_NATIVE,0,0
qg5a,,,,qg5a,native LSM source map (union fallback unresolved),,ZA7601,UNRESOLVED_NATIVE,,0,0.000000,0.000000,0.000000,UNRESOLVED_NATIVE,0,0
qg5b_1,,,,qg5b_1,native LSM source map (union fallback unresolved),,ZA7601,UNRESOLVED_NATIVE,,0,0.000000,0.000000,0.000000,UNRESOLVED_NATIVE,0,0
qg5b_2,,,,qg5b_2,native LSM source map (union fallback unresolved),,ZA7601,UNRESOLVED_NATIVE,,0,0.000000,0.000000,0.000000,UNRESOLVED_NATIVE,0,0
qg5b_3,,,,qg5b_3,native LSM source map (union fallback unresolved),,ZA7601,UNRESOLVED_NATIVE,,0,0.000000,0.000000,0.000000,UNRESOLVED_NATIVE,0,0
qg5b_4,,,,qg5b_4,native LSM source map (union fallback unresolved),,ZA7601,UNRESOLVED_NATIVE,,0,0.000000,0.000000,0.000000,UNRESOLVED_NATIVE,0,0
qg5b_5,,,,qg5b_5,native LSM source map (union fallback unresolved),,ZA7601,UNRESOLVED_NATIVE,,0,0.000000,0.000000,0.000000,UNRESOLVED_NATIVE,0,0
qg5b_6,,,,qg5b_6,native LSM source map (union fallback unresolved),,ZA7601,UNRESOLVED_NATIVE,,0,0.000000,0.000000,0.000000,UNRESOLVED_NATIVE,0,0
qg5b_7,,,,qg5b_7,native LSM source map (union fallback unresolved),,ZA7601,UNRESOLVED_NATIVE,,0,0.000000,0.000000,0.000000,UNRESOLVED_NATIVE,0,0
qg5b_8,,,,qg5b_8,native LSM source map (union fallback unresolved),,ZA7601,UNRESOLVED_NATIVE,,0,0.000000,0.000000,0.000000,UNRESOLVED_NATIVE,0,0
qg5b_9,,,,qg5b_9,native LSM source map (union fallback unresolved),,ZA7601,UNRESOLVED_NATIVE,,0,0.000000,0.000000,0.000000,UNRESOLVED_NATIVE,0,0
qg5b_10,,,,qg5b_10,native LSM source map (union fallback unresolved),,ZA7601,UNRESOLVED_NATIVE,,0,0.000000,0.000000,0.000000,UNRESOLVED_NATIVE,0,0
qg5b_11,,,,qg5b_11,native LSM source map (union fallback unresolved),,ZA7601,UNRESOLVED_NATIVE,,0,0.000000,0.000000,0.000000,UNRESOLVED_NATIVE,0,0
qg5b_12,,,,qg5b_12,native LSM source map (union fallback unresolved),,ZA7601,UNRESOLVED_NATIVE,,0,0.000000,0.000000,0.000000,UNRESOLVED_NATIVE,0,0
qg5b_13,,,,qg5b_13,native LSM source map (union fallback unresolved),,ZA7601,UNRESOLVED_NATIVE,,0,0.000000,0.000000,0.000000,UNRESOLVED_NATIVE,0,0
qg5b_14,,,,qg5b_14,native LSM source map (union fallback unresolved),,ZA7601,UNRESOLVED_NATIVE,,0,0.000000,0.000000,0.000000,UNRESOLVED_NATIVE,0,0
qg5t_1,,,,qg5t_1,native LSM source map (union fallback unresolved),,ZA7601,UNRESOLVED_NATIVE,,0,0.000000,0.000000,0.000000,UNRESOLVED_NATIVE,0,0
qg5t_2,,,,qg5t_2,native LSM source map (union fallback unresolved),,ZA7601,UNRESOLVED_NATIVE,,0,0.000000,0.000000,0.000000,UNRESOLVED_NATIVE,0,0
qg5t_3,,,,qg5t_3,native LSM source map (union fallback unresolved),,ZA7601,UNRESOLVED_NATIVE,,0,0.000000,0.000000,0.000000,UNRESOLVED_NATIVE,0,0
qg5t_4,,,,qg5t_4,native LSM source map (union fallback unresolved),,ZA7601,UNRESOLVED_NATIVE,,0,0.000000,0.000000,0.000000,UNRESOLVED_NATIVE,0,0
qg5t_5,,,,qg5t_5,native LSM source map (union fallback unresolved),,ZA7601,UNRESOLVED_NATIVE,,0,0.000000,0.000000,0.000000,UNRESOLVED_NATIVE,0,0
qg5t_6,,,,qg5t_6,native LSM source map (union fallback unresolved),,ZA7601,UNRESOLVED_NATIVE,,0,0.000000,0.000000,0.000000,UNRESOLVED_NATIVE,0,0
qg5t_7,,,,qg5t_7,native LSM source map (union fallback unresolved),,ZA7601,UNRESOLVED_NATIVE,,0,0.000000,0.000000,0.000000,UNRESOLVED_NATIVE,0,0
qg5t_8,,,,qg5t_8,native LSM source map (union fallback unresolved),,ZA7601,UNRESOLVED_NATIVE,,0,0.000000,0.000000,0.000000,UNRESOLVED_NATIVE,0,0
qg5t_9,,,,qg5t_9,native LSM source map (union fallback unresolved),,ZA7601,UNRESOLVED_NATIVE,,0,0.000000,0.000000,0.000000,UNRESOLVED_NATIVE,0,0
qg5t_10,,,,qg5t_10,native LSM source map (union fallback unresolved),,ZA7601,UNRESOLVED_NATIVE,,0,0.000000,0.000000,0.000000,UNRESOLVED_NATIVE,0,0
qg5t_11,,,,qg5t_11,native LSM source map (union fallback unresolved),,ZA7601,UNRESOLVED_NATIVE,,0,0.000000,0.000000,0.000000,UNRESOLVED_NATIVE,0,0
qg5t_12,,,,qg5t_12,native LSM source map (union fallback unresolved),,ZA7601,UNRESOLVED_NATIVE,,0,0.000000,0.000000,0.000000,UNRESOLVED_NATIVE,0,0
qg5t_13,,,,qg5t_13,native LSM source map (union fallback unresolved),,ZA7601,UNRESOLVED_NATIVE,,0,0.000000,0.000000,0.000000,UNRESOLVED_NATIVE,0,0
qg5t_14,,,,qg5t_14,native LSM source map (union fallback unresolved),,ZA7601,UNRESOLVED_NATIVE,,0,0.000000,0.000000,0.000000,UNRESOLVED_NATIVE,0,0
qg6,,,,qg6,native LSM source map (union fallback unresolved),,ZA7601,UNRESOLVED_NATIVE,,0,0.000000,0.000000,0.000000,UNRESOLVED_NATIVE,0,0
qg7_1,,,,qg7_1,native LSM source map (union fallback unresolved),,ZA7601,UNRESOLVED_NATIVE,,0,0.000000,0.000000,0.000000,UNRESOLVED_NATIVE,0,0
qg7_2,,,,qg7_2,native LSM source map (union fallback unresolved),,ZA7601,UNRESOLVED_NATIVE,,0,0.000000,0.000000,0.000000,UNRESOLVED_NATIVE,0,0
qg7_3,,,,qg7_3,native LSM source map (union fallback unresolved),,ZA7601,UNRESOLVED_NATIVE,,0,0.000000,0.000000,0.000000,UNRESOLVED_NATIVE,0,0
qg7_4,,,,qg7_4,native LSM source map (union fallback unresolved),,ZA7601,UNRESOLVED_NATIVE,,0,0.000000,0.000000,0.000000,UNRESOLVED_NATIVE,0,0
qg7_5,,,,qg7_5,native LSM source map (union fallback unresolved),,ZA7601,UNRESOLVED_NATIVE,,0,0.000000,0.000000,0.000000,UNRESOLVED_NATIVE,0,0
qg7_6,,,,qg7_6,native LSM source map (union fallback unresolved),,ZA7601,UNRESOLVED_NATIVE,,0,0.000000,0.000000,0.000000,UNRESOLVED_NATIVE,0,0
qg7_7,,,,qg7_7,native LSM source map (union fallback unresolved),,ZA7601,UNRESOLVED_NATIVE,,0,0.000000,0.000000,0.000000,UNRESOLVED_NATIVE,0,0
qg7_8,,,,qg7_8,native LSM source map (union fallback unresolved),,ZA7601,UNRESOLVED_NATIVE,,0,0.000000,0.000000,0.000000,UNRESOLVED_NATIVE,0,0
qg7_9,,,,qg7_9,native LSM source map (union fallback unresolved),,ZA7601,UNRESOLVED_NATIVE,,0,0.000000,0.000000,0.000000,UNRESOLVED_NATIVE,0,0
qg7_10,,,,qg7_10,native LSM source map (union fallback unresolved),,ZA7601,UNRESOLVED_NATIVE,,0,0.000000,0.000000,0.000000,UNRESOLVED_NATIVE,0,0
qg8_1,,,,qg8_1,native LSM source map (union fallback unresolved),,ZA7601,UNRESOLVED_NATIVE,,0,0.000000,0.000000,0.000000,UNRESOLVED_NATIVE,0,0
qg8_2,,,,qg8_2,native LSM source map (union fallback unresolved),,ZA7601,UNRESOLVED_NATIVE,,0,0.000000,0.000000,0.000000,UNRESOLVED_NATIVE,0,0
qg8_3,,,,qg8_3,native LSM source map (union fallback unresolved),,ZA7601,UNRESOLVED_NATIVE,,0,0.000000,0.000000,0.000000,UNRESOLVED_NATIVE,0,0
qg8_4,,,,qg8_4,native LSM source map (union fallback unresolved),,ZA7601,UNRESOLVED_NATIVE,,0,0.000000,0.000000,0.000000,UNRESOLVED_NATIVE,0,0
qg8_5,,,,qg8_5,native LSM source map (union fallback unresolved),,ZA7601,UNRESOLVED_NATIVE,,0,0.000000,0.000000,0.000000,UNRESOLVED_NATIVE,0,0
qg8_6,,,,qg8_6,native LSM source map (union fallback unresolved),,ZA7601,UNRESOLVED_NATIVE,,0,0.000000,0.000000,0.000000,UNRESOLVED_NATIVE,0,0
qg8_7,,,,qg8_7,native LSM source map (union fallback unresolved),,ZA7601,UNRESOLVED_NATIVE,,0,0.000000,0.000000,0.000000,UNRESOLVED_NATIVE,0,0
qg8_8,,,,qg8_8,native LSM source map (union fallback unresolved),,ZA7601,UNRESOLVED_NATIVE,,0,0.000000,0.000000,0.000000,UNRESOLVED_NATIVE,0,0
qg8_9,,,,qg8_9,native LSM source map (union fallback unresolved),,ZA7601,UNRESOLVED_NATIVE,,0,0.000000,0.000000,0.000000,UNRESOLVED_NATIVE,0,0
qg8_10,,,,qg8_10,native LSM source map (union fallback unresolved),,ZA7601,UNRESOLVED_NATIVE,,0,0.000000,0.000000,0.000000,UNRESOLVED_NATIVE,0,0
qg8_11,,,,qg8_11,native LSM source map (union fallback unresolved),,ZA7601,UNRESOLVED_NATIVE,,0,0.000000,0.000000,0.000000,UNRESOLVED_NATIVE,0,0
qg8_12,,,,qg8_12,native LSM source map (union fallback unresolved),,ZA7601,UNRESOLVED_NATIVE,,0,0.000000,0.000000,0.000000,UNRESOLVED_NATIVE,0,0
d1,D1,LEFT-RIGHT PLACEMENT,"ASK ALL In political matters people talk of ‘the le(cid:519)’ and ‘the right’. How would you place your views on this scale? (SHOW SCREEN – DO NOT PROMPT – IF CONTACT HESITATES, TRY AGAIN )","ASK ALL In political matters people talk of ‘the le(cid:519)’ and ‘the right’. How would you place your views on this scale? (SHOW SCREEN – DO NOT PROMPT – IF CONTACT HESITATES, TRY AGAIN )",Eurobarometer semantic union consensus,1305,ZA7601,UNION_CONSENSUS,ZA5565;ZA5598;ZA5686;ZA5913;ZA5930;ZA5931;ZA5932;ZA5933;ZA5964;ZA5965;ZA5998;ZA6595;ZA6596;ZA6642;ZA6693;ZA6696;ZA6697;ZA6861;ZA6862;ZA6925;ZA6927;ZA6939;ZA6963;ZA7484;ZA7488;ZA7489;ZA7556;ZA7561;ZA7562;ZA7575;ZA7576,31,1.000000,1.000000,0.000000,UNION_CONSENSUS,31,1
d1r1,page 1272,LEFT-RIGHT PLACEMENT: 3 CAT (RECODED),Eurobarometer 91.5 - June-July 2019,Eurobarometer 91.5 - June-July 2019,Eurobarometer semantic union consensus,1308,ZA7601,UNION_CONSENSUS,ZA5565;ZA5598;ZA5686;ZA5913;ZA5930;ZA5931;ZA5932;ZA5933;ZA5964;ZA5965;ZA5998;ZA6595;ZA6596;ZA6642;ZA6693;ZA6696;ZA6697;ZA6861;ZA6862;ZA6925;ZA6927;ZA6939;ZA6963;ZA7484;ZA7488;ZA7489;ZA7556;ZA7561;ZA7562;ZA7575;ZA7576,31,1.000000,1.000000,0.000000,UNION_CONSENSUS,31,1
d1r2,,LEFT-RIGHT PLACEMENT: 5 CAT (RECODED),,LEFT-RIGHT PLACEMENT: 5 CAT (RECODED),Eurobarometer semantic union consensus,1310,ZA7601,UNION_CONSENSUS,ZA5565;ZA5598;ZA5686;ZA5913;ZA5930;ZA5931;ZA5932;ZA5933;ZA5964;ZA5965;ZA5998;ZA6595;ZA6596;ZA6642;ZA6693;ZA6696;ZA6697;ZA6861;ZA6862;ZA6925;ZA6927;ZA6939;ZA6963;ZA7484;ZA7488;ZA7489;ZA7556;ZA7561;ZA7562;ZA7575;ZA7576,31,1.000000,1.000000,0.000000,UNION_CONSENSUS,31,1
d7,D7,MARITAL STATUS,Which of the following best corresponds to your own current situation? (SHOW SCREEN – READ OUT – ONE ANSWER ONLY),Which of the following best corresponds to your own current situation? (SHOW SCREEN – READ OUT – ONE ANSWER ONLY),Eurobarometer semantic union consensus,1312,ZA7601,UNION_CONSENSUS,ZA5565;ZA5566;ZA5596;ZA5598;ZA5612;ZA5685;ZA5686;ZA5689;ZA5876;ZA5878;ZA5913;ZA5914;ZA5929;ZA5930;ZA5931;ZA5932;ZA5933;ZA5964;ZA5965;ZA5998;ZA6595;ZA6596;ZA6642;ZA6693;ZA6696;ZA6697;ZA6861;ZA6862;ZA6925;ZA6927;ZA6939;ZA6963;ZA7484;ZA7488;ZA7489;ZA7556;ZA7561;ZA7562;ZA7575;ZA7576,40,1.000000,1.000000,0.000000,UNION_CONSENSUS,40,1
d7r1,,MARITAL STATUS: 5 CAT (RECODED),,MARITAL STATUS: 5 CAT (RECODED),Eurobarometer semantic union consensus,1315,ZA7601,UNION_CONSENSUS,ZA5565;ZA5566;ZA5596;ZA5598;ZA5612;ZA5685;ZA5686;ZA5689;ZA5876;ZA5878;ZA5913;ZA5914;ZA5929;ZA5930;ZA5931;ZA5932;ZA5933;ZA5964;ZA5965;ZA5998;ZA6595;ZA6596;ZA6642;ZA6693;ZA6696;ZA6697;ZA6861;ZA6862;ZA6925;ZA6927;ZA6939;ZA6963;ZA7484;ZA7488;ZA7489;ZA7556;ZA7561;ZA7562;ZA7575;ZA7576,40,1.000000,1.000000,0.000000,UNION_CONSENSUS,40,1
d7r2,page 713,MARITAL STATUS: 4 CAT (RECODED),Eurobarometer 77.2 - March 2012,Eurobarometer 77.2 - March 2012,Eurobarometer semantic union consensus,740,ZA7601,UNION_CONSENSUS,ZA5565;ZA5566;ZA5596;ZA5598;ZA5612;ZA5685;ZA5686;ZA5689;ZA5876;ZA5878;ZA5913;ZA5914;ZA5929;ZA5930;ZA5931;ZA5932;ZA5933;ZA5964;ZA5965;ZA5998;ZA6595;ZA6596;ZA6642;ZA6693;ZA6696;ZA6697;ZA6861;ZA6862;ZA6925;ZA6927;ZA6939;ZA6963;ZA7484;ZA7488;ZA7489;ZA7556;ZA7561;ZA7562;ZA7575;ZA7576,40,1.000000,1.000000,0.000000,UNION_CONSENSUS,40,1
d7r3,page 715,MARITAL STATUS: HH&CHILDREN (RECODED),Eurobarometer 77.2 - March 2012,Eurobarometer 77.2 - March 2012,Eurobarometer semantic union consensus,742,ZA7601,UNION_CONSENSUS,ZA5565;ZA5566;ZA5596;ZA5598;ZA5612;ZA5685;ZA5686;ZA5689;ZA5876;ZA5878;ZA5913;ZA5914;ZA5929;ZA5930;ZA5931;ZA5932;ZA5933;ZA5964;ZA5965;ZA5998;ZA6595;ZA6596;ZA6642;ZA6693;ZA6696;ZA6697;ZA6861;ZA6862;ZA6925;ZA6927;ZA6939;ZA6963;ZA7484;ZA7488;ZA7489;ZA7556;ZA7561;ZA7562;ZA7575;ZA7576,40,1.000000,1.000000,0.000000,UNION_CONSENSUS,40,1
d10,D10,GENDER,Gender,Gender,Eurobarometer semantic union consensus,1321,ZA7601,UNION_CONSENSUS,ZA5565;ZA5566;ZA5596;ZA5598;ZA5612;ZA5685;ZA5686;ZA5689;ZA5876;ZA5878;ZA5913;ZA5914;ZA5929;ZA5930;ZA5931;ZA5932;ZA5933;ZA5964;ZA5965;ZA5998;ZA6595;ZA6596;ZA6642;ZA6693;ZA6696;ZA6697;ZA6861;ZA6862;ZA6925;ZA6927;ZA6939;ZA6963;ZA7484;ZA7488;ZA7489;ZA7556;ZA7561;ZA7562;ZA7575;ZA7576,40,1.000000,1.000000,0.000000,UNION_CONSENSUS,40,1
d8,D8,AGE EDUCATION,"How old were you when you stopped full-time education? (CANNOT BE LARGER THAN D11 - IF ‘STILL STUDYING’, CODE ‘00’ – IF ‘NO EDUCATION’ CODE ‘01’ – IF ‘REFUSAL’ CODE ‘98’ – IF ‘DK’ CODE ‘99’) (MAKE SURE THE RESPONDENT UNDERSTANDS THAT D8 IS ABOUT FULL‐TIME EDUCATION)","How old were you when you stopped full-time education? (CANNOT BE LARGER THAN D11 - IF ‘STILL STUDYING’, CODE ‘00’ – IF ‘NO EDUCATION’ CODE ‘01’ – IF ‘REFUSAL’ CODE ‘98’ – IF ‘DK’ CODE ‘99’) (MAKE SURE THE RESPONDENT UNDERSTANDS THAT D8 IS ABOUT FULL‐TIME EDUCATION)",Eurobarometer semantic union consensus,1323,ZA7601,UNION_CONSENSUS,ZA5565;ZA5566;ZA5596;ZA5598;ZA5612;ZA5685;ZA5686;ZA5689;ZA5876;ZA5878;ZA5913;ZA5914;ZA5929;ZA5930;ZA5931;ZA5932;ZA5933;ZA5964;ZA5965;ZA5998;ZA6595;ZA6596;ZA6642;ZA6693;ZA6696;ZA6697;ZA6861;ZA6862;ZA6925;ZA6927;ZA6939;ZA6963;ZA7484;ZA7488;ZA7489;ZA7556;ZA7561;ZA7562;ZA7575;ZA7576,40,1.000000,0.826667,0.000000,UNION_CONSENSUS,40,1
d8r1,,AGE EDUCATION: 11 CAT (RECODED),,AGE EDUCATION: 11 CAT (RECODED),Eurobarometer semantic union consensus,1324,ZA7601,UNION_CONSENSUS,ZA5565;ZA5566;ZA5596;ZA5598;ZA5612;ZA5685;ZA5686;ZA5689;ZA5876;ZA5878;ZA5913;ZA5914;ZA5929;ZA5930;ZA5931;ZA5932;ZA5933;ZA5964;ZA5965;ZA5998;ZA6595;ZA6596;ZA6642;ZA6693;ZA6696;ZA6697;ZA6861;ZA6862;ZA6925;ZA6927;ZA6939;ZA6963;ZA7484;ZA7488;ZA7489;ZA7556;ZA7561;ZA7562;ZA7575;ZA7576,40,1.000000,1.000000,0.000000,UNION_CONSENSUS,40,1
d8r2,,AGE EDUCATION: 5 CAT (RECODED),,AGE EDUCATION: 5 CAT (RECODED),Eurobarometer semantic union consensus,1327,ZA7601,UNION_CONSENSUS,ZA5565;ZA5566;ZA5596;ZA5598;ZA5612;ZA5685;ZA5686;ZA5689;ZA5876;ZA5878;ZA5913;ZA5914;ZA5929;ZA5930;ZA5931;ZA5932;ZA5933;ZA5964;ZA5965;ZA5998;ZA6595;ZA6596;ZA6642;ZA6693;ZA6696;ZA6697;ZA6861;ZA6862;ZA6925;ZA6927;ZA6939;ZA6963;ZA7484;ZA7488;ZA7489;ZA7556;ZA7561;ZA7562;ZA7575;ZA7576,40,1.000000,1.000000,0.000000,UNION_CONSENSUS,40,1
d15a,D15A,OCCUPATION OF RESPONDENT,What is your current occupation? (DO NOT SHOW SCREEN – IF D15A=2 THEN D8=00 – IF D15<>2 AND D8=00 THEN CORRECT D8 OR CHANGE THE ANSWER IN D15A) NON-ACTIVE,What is your current occupation? (DO NOT SHOW SCREEN – IF D15A=2 THEN D8=00 – IF D15<>2 AND D8=00 THEN CORRECT D8 OR CHANGE THE ANSWER IN D15A) NON-ACTIVE,Eurobarometer semantic union consensus,1329,ZA7601,UNION_CONSENSUS,ZA5565;ZA5566;ZA5596;ZA5598;ZA5612;ZA5685;ZA5686;ZA5689;ZA5876;ZA5878;ZA5913;ZA5914;ZA5929;ZA5930;ZA5931;ZA5932;ZA5933;ZA5964;ZA5965;ZA5998;ZA6595;ZA6596;ZA6642;ZA6693;ZA6696;ZA6697;ZA6861;ZA6862;ZA6925;ZA6927;ZA6939;ZA6963;ZA7484;ZA7488;ZA7489;ZA7556;ZA7561;ZA7562;ZA7575;ZA7576,40,1.000000,1.000000,0.000000,UNION_CONSENSUS,40,1
d15a_r1,page 989,OCCUPATION OF RESPONDENT (RECODED),Eurobarometer 91.4 - May 2019,Eurobarometer 91.4 - May 2019,Eurobarometer semantic union consensus,1022,ZA7601,UNION_CONSENSUS,ZA5565;ZA5566;ZA5689;ZA5876;ZA5878;ZA5913;ZA5914;ZA5929;ZA5930;ZA5931;ZA5932;ZA5933;ZA5964;ZA5965;ZA5998;ZA6595;ZA6596;ZA6642;ZA6693;ZA6696;ZA6697;ZA6861;ZA6862;ZA6925;ZA6927;ZA6939;ZA6963;ZA7484;ZA7488;ZA7489;ZA7556;ZA7561;ZA7562;ZA7575;ZA7576,35,0.875000,1.000000,0.000000,UNION_CONSENSUS,40,2
d15a_r2,,RESPONDENT OCCUPATION SCALE (C14),,RESPONDENT OCCUPATION SCALE (C14),Eurobarometer semantic union consensus,1334,ZA7601,UNION_CONSENSUS,ZA5689;ZA5876;ZA5878;ZA5913;ZA5914;ZA5929;ZA5930;ZA5931;ZA5932;ZA5933;ZA5964;ZA5965;ZA5998;ZA6595;ZA6596;ZA6642;ZA6693;ZA6696;ZA6697;ZA6861;ZA6862;ZA6925;ZA6927;ZA6939;ZA6963;ZA7484;ZA7488;ZA7489;ZA7556;ZA7561;ZA7562;ZA7575;ZA7576,33,0.825000,1.000000,0.000000,UNION_CONSENSUS,40,2
d15b,D15B,OCCUPATION OF RESPONDENT - LAST JOB,"ASK D15B IF ‘NOT DOING ANY PAID WORK CURRENTLY’, CODES 1 TO 4 IN D15A Did you do any paid work in the past? What was your last occupation? (DO NOT SHOW SCREEN) SELF EMPLOYED","ASK D15B IF ‘NOT DOING ANY PAID WORK CURRENTLY’, CODES 1 TO 4 IN D15A Did you do any paid work in the past? What was your last occupation? (DO NOT SHOW SCREEN) SELF EMPLOYED",Eurobarometer semantic union consensus,1336,ZA7601,UNION_CONSENSUS,ZA5565;ZA5566;ZA5596;ZA5598;ZA5612;ZA5685;ZA5686;ZA5689;ZA5876;ZA5878;ZA5913;ZA5914;ZA5929;ZA5930;ZA5931;ZA5932;ZA5933;ZA5964;ZA5965;ZA5998;ZA6595;ZA6596;ZA6642;ZA6693;ZA6696;ZA6697;ZA6861;ZA6862;ZA6925;ZA6927;ZA6939;ZA6963;ZA7484;ZA7488;ZA7489;ZA7556;ZA7561;ZA7562;ZA7575;ZA7576,40,1.000000,1.000000,0.000000,UNION_CONSENSUS,40,1
d15b_r,page 996,OCCUPATION OF RESPONDENT - LAST JOB (RECODED),Eurobarometer 91.4 - May 2019,Eurobarometer 91.4 - May 2019,Eurobarometer semantic union consensus,1029,ZA7601,UNION_CONSENSUS,ZA5565;ZA5566;ZA5689;ZA5876;ZA5878;ZA5913;ZA5914;ZA5929;ZA5930;ZA5931;ZA5932;ZA5933;ZA5964;ZA5965;ZA5998;ZA6595;ZA6596;ZA6642;ZA6693;ZA6696;ZA6697;ZA6861;ZA6862;ZA6925;ZA6927;ZA6939;ZA6963;ZA7484;ZA7488;ZA7489;ZA7556;ZA7561;ZA7562;ZA7575;ZA7576,35,0.875000,1.000000,0.000000,UNION_CONSENSUS,40,2
d25,D25,TYPE OF COMMUNITY,Would you say you live in a...? (READ OUT – CODE ‘NO ANSWER’ IN CODE 4),Would you say you live in a...? (READ OUT – CODE ‘NO ANSWER’ IN CODE 4),Eurobarometer semantic union consensus,1341,ZA7601,UNION_CONSENSUS,ZA5565;ZA5566;ZA5596;ZA5598;ZA5612;ZA5685;ZA5686;ZA5689;ZA5876;ZA5878;ZA5913;ZA5914;ZA5929;ZA5930;ZA5931;ZA5932;ZA5933;ZA5964;ZA5965;ZA5998;ZA6595;ZA6596;ZA6642;ZA6693;ZA6696;ZA6697;ZA6861;ZA6862;ZA6925;ZA6927;ZA6939;ZA6963;ZA7484;ZA7488;ZA7489;ZA7556;ZA7561;ZA7562;ZA7575;ZA7576,40,1.000000,1.000000,0.000000,UNION_CONSENSUS,40,1
d40a,D40A,HOUSEHOLD COMPOSITION: AGED 15+,"Could you tell me how many people aged 15 years or more live in your household, yourself included? (WRITE DOWN – MINIMUM = 01)","Could you tell me how many people aged 15 years or more live in your household, yourself included? (WRITE DOWN – MINIMUM = 01)",Eurobarometer semantic union consensus,1343,ZA7601,UNION_CONSENSUS,ZA5565;ZA5566;ZA5596;ZA5598;ZA5612;ZA5685;ZA5686;ZA5689;ZA5876;ZA5878;ZA5913;ZA5914;ZA5929;ZA5930;ZA5931;ZA5932;ZA5933;ZA5964;ZA5965;ZA5998;ZA6595;ZA6596;ZA6642;ZA6693;ZA6696;ZA6697;ZA6861;ZA6862;ZA6925;ZA6927;ZA6939;ZA6963;ZA7484;ZA7488;ZA7489;ZA7556;ZA7561;ZA7562;ZA7575;ZA7576,40,1.000000,0.866667,0.000000,UNION_CONSENSUS,40,1
d40a_r,page 1310,HOUSEHOLD COMPOSITION: AGED 15+ (RECODED),Eurobarometer 91.5 - June-July 2019,Eurobarometer 91.5 - June-July 2019,Eurobarometer semantic union consensus,1346,ZA7601,UNION_CONSENSUS,ZA5565;ZA5566;ZA5689;ZA5876;ZA5878;ZA5913;ZA5914;ZA5929;ZA5930;ZA5931;ZA5932;ZA5933;ZA5964;ZA5965;ZA5998;ZA6595;ZA6596;ZA6642;ZA6693;ZA6696;ZA6697;ZA6861;ZA6862;ZA6925;ZA6927;ZA6939;ZA6963;ZA7484;ZA7488;ZA7489;ZA7556;ZA7561;ZA7562;ZA7575;ZA7576,35,0.875000,1.000000,0.000000,UNION_CONSENSUS,40,2
d40b,D40B,HOUSEHOLD COMPOSITION: AGED <10,Could you tell me how many children less than 10 years old live in your household? (WRITE DOWN – MINIMUM = 00),Could you tell me how many children less than 10 years old live in your household? (WRITE DOWN – MINIMUM = 00),Eurobarometer semantic union consensus,1348,ZA7601,UNION_CONSENSUS,ZA5565;ZA5566;ZA5596;ZA5598;ZA5612;ZA5685;ZA5686;ZA5689;ZA5876;ZA5878;ZA5913;ZA5914;ZA5929;ZA5930;ZA5931;ZA5932;ZA5933;ZA5964;ZA5965;ZA5998;ZA6595;ZA6596;ZA6642;ZA6693;ZA6696;ZA6697;ZA6861;ZA6862;ZA6925;ZA6927;ZA6939;ZA6963;ZA7484;ZA7488;ZA7489;ZA7556;ZA7561;ZA7562;ZA7575;ZA7576,40,1.000000,1.000000,0.000000,UNION_CONSENSUS,40,1
d40b_r,page 1007,HOUSEHOLD COMPOSITION: AGED <10 (RECODED),Eurobarometer 91.4 - May 2019,Eurobarometer 91.4 - May 2019,Eurobarometer semantic union consensus,1040,ZA7601,UNION_CONSENSUS,ZA5565;ZA5566;ZA5689;ZA5876;ZA5878;ZA5913;ZA5914;ZA5929;ZA5930;ZA5931;ZA5932;ZA5933;ZA5964;ZA5965;ZA5998;ZA6595;ZA6596;ZA6642;ZA6693;ZA6696;ZA6697;ZA6861;ZA6862;ZA6925;ZA6927;ZA6939;ZA6963;ZA7484;ZA7488;ZA7489;ZA7556;ZA7561;ZA7562;ZA7575;ZA7576,35,0.875000,1.000000,0.000000,UNION_CONSENSUS,40,2
d40c,D40C,HOUSEHOLD COMPOSITION: AGED 10-14,Could you tell me how many children aged 10 to 14 years old live in your household? (WRITE DOWN – MINIMUM = 00),Could you tell me how many children aged 10 to 14 years old live in your household? (WRITE DOWN – MINIMUM = 00),Eurobarometer semantic union consensus,1353,ZA7601,UNION_CONSENSUS,ZA5565;ZA5566;ZA5596;ZA5598;ZA5612;ZA5685;ZA5686;ZA5689;ZA5876;ZA5878;ZA5913;ZA5914;ZA5929;ZA5930;ZA5931;ZA5932;ZA5933;ZA5964;ZA5965;ZA5998;ZA6595;ZA6596;ZA6642;ZA6693;ZA6696;ZA6697;ZA6861;ZA6862;ZA6925;ZA6927;ZA6939;ZA6963;ZA7484;ZA7488;ZA7489;ZA7556;ZA7561;ZA7562;ZA7575;ZA7576,40,1.000000,0.800000,0.000000,UNION_CONSENSUS,40,1
d40c_r,page 1011,HOUSEHOLD COMPOSITION: AGED 10-14 (RECODED),Eurobarometer 91.4 - May 2019,Eurobarometer 91.4 - May 2019,Eurobarometer semantic union consensus,1044,ZA7601,UNION_CONSENSUS,ZA5565;ZA5566;ZA5689;ZA5876;ZA5878;ZA5913;ZA5914;ZA5929;ZA5930;ZA5931;ZA5932;ZA5933;ZA5964;ZA5965;ZA5998;ZA6595;ZA6596;ZA6642;ZA6693;ZA6696;ZA6697;ZA6861;ZA6862;ZA6925;ZA6927;ZA6939;ZA6963;ZA7484;ZA7488;ZA7489;ZA7556;ZA7561;ZA7562;ZA7575;ZA7576,35,0.875000,1.000000,0.000000,UNION_CONSENSUS,40,2
d40abc,,,,d40abc,native LSM source map (union fallback unresolved),,ZA7601,UNRESOLVED_NATIVE,,0,0.000000,0.000000,0.000000,UNRESOLVED_NATIVE,0,0
d40abc_r,,,,d40abc_r,native LSM source map (union fallback unresolved),,ZA7601,UNRESOLVED_NATIVE,,0,0.000000,0.000000,0.000000,UNRESOLVED_NATIVE,0,0
d40_d11,,ONE-PERSON HOUSEHOLD COMPOSITION BY AGE,,ONE-PERSON HOUSEHOLD COMPOSITION BY AGE,Eurobarometer semantic union consensus,1363,ZA7601,UNION_CONSENSUS,ZA5932;ZA5933;ZA5964;ZA5965;ZA5998;ZA6595;ZA6596;ZA6642;ZA6693;ZA6696;ZA6697;ZA6861;ZA6862;ZA6925;ZA6927;ZA6939;ZA6963;ZA7484;ZA7488;ZA7489;ZA7556;ZA7561;ZA7562;ZA7575;ZA7576,25,1.000000,1.000000,0.000000,UNION_CONSENSUS,25,1
d43a,D43A,PHONE AVAILABLE - FIXED IN HH,Do you own a fixed telephone in your household? (‘NO ANSWER’ NOT ALLOWED),Do you own a fixed telephone in your household? (‘NO ANSWER’ NOT ALLOWED),Eurobarometer semantic union context match,1200,ZA7601,UNION_CONTEXT_MATCH,ZA5878;ZA5930;ZA5931;ZA5933;ZA5965;ZA6596;ZA6642;ZA6697;ZA6861;ZA6862;ZA6925;ZA6927;ZA6939;ZA6963;ZA7484;ZA7488;ZA7489;ZA7556;ZA7562;ZA7575;ZA7576,21,0.777778,1.000000,0.607355,UNION_CONTEXT_MATCH,27,2
d43b,D43B,PHONE AVAILABLE - PRIVATE MOBILE,Do you own a personal mobile telephone? (‘NO ANSWER’ NOT ALLOWED),Do you own a personal mobile telephone? (‘NO ANSWER’ NOT ALLOWED),Eurobarometer semantic union context match,1202,ZA7601,UNION_CONTEXT_MATCH,ZA5565;ZA5566;ZA5596;ZA5598;ZA5612;ZA5685;ZA5878;ZA5965;ZA6963;ZA7489;ZA7576,11,0.407407,1.000000,0.607355,UNION_CONTEXT_MATCH,27,2
d43t,,PHONE AVAILABLE (SUMMARIZED),,PHONE AVAILABLE (SUMMARIZED),Eurobarometer semantic union consensus,1369,ZA7601,UNION_CONSENSUS,ZA5565;ZA5566;ZA5596;ZA5598;ZA5612;ZA5685;ZA5878;ZA5930;ZA5931;ZA5933;ZA5965;ZA6596;ZA6642;ZA6697;ZA6861;ZA6862;ZA6925;ZA6927;ZA6939;ZA6963;ZA7484;ZA7488;ZA7489;ZA7556;ZA7562;ZA7575;ZA7576,27,1.000000,1.000000,0.000000,UNION_CONSENSUS,27,1
d60,D60,DIFFICULTIES PAYING BILLS - LAST YEAR,"During the last twelve months, would you say you had difficulties to pay your bills at the end of the month…? (SHOW SCREEN – READ OUT – ONE ANSWER ONLY)","During the last twelve months, would you say you had difficulties to pay your bills at the end of the month…? (SHOW SCREEN – READ OUT – ONE ANSWER ONLY)",Eurobarometer semantic union consensus,1401,ZA7601,UNION_CONSENSUS,ZA5565;ZA5566;ZA5596;ZA5598;ZA5612;ZA5685;ZA5686;ZA5689;ZA5876;ZA5878;ZA5913;ZA5914;ZA5929;ZA5930;ZA5931;ZA5932;ZA5933;ZA5964;ZA5965;ZA5998;ZA6595;ZA6596;ZA6642;ZA6693;ZA6696;ZA6697;ZA6861;ZA6862;ZA6925;ZA6927;ZA6939;ZA6963;ZA7484;ZA7488;ZA7489;ZA7556;ZA7561;ZA7562;ZA7575;ZA7576,40,1.000000,1.000000,0.000000,UNION_CONSENSUS,40,1
d62_1,D62,INTERNET USE FREQ: AT HOME,Could you tell me if …? (SHOW SCREEN – READ OUT – ONE ANSWER PER LINE – DISPLAY ‘95’ INSTEAD OF ‘NO INTERNET ACCESS’),Could you tell me if …? (SHOW SCREEN – READ OUT – ONE ANSWER PER LINE – DISPLAY ‘95’ INSTEAD OF ‘NO INTERNET ACCESS’),Eurobarometer semantic union consensus,1403,ZA7601,UNION_CONSENSUS,ZA5565;ZA5566;ZA5596;ZA5598;ZA5612;ZA5685;ZA5686;ZA5689;ZA5876;ZA5878;ZA5913;ZA5914;ZA5929;ZA5930;ZA5931;ZA5932;ZA5933;ZA5964;ZA5965;ZA5998;ZA6595;ZA6596;ZA6642;ZA6693;ZA6696;ZA6697;ZA6861;ZA6862;ZA6925;ZA6927;ZA6939;ZA6963;ZA7484;ZA7488;ZA7489;ZA7556;ZA7561;ZA7562;ZA7575;ZA7576,40,1.000000,1.000000,0.000000,UNION_CONSENSUS,40,1
d62_2,D62,INTERNET USE FREQ: AT PLACE OF WORK,Could you tell me if …? (SHOW SCREEN – READ OUT – ONE ANSWER PER LINE – DISPLAY ‘95’ INSTEAD OF ‘NO INTERNET ACCESS’),Could you tell me if …? (SHOW SCREEN – READ OUT – ONE ANSWER PER LINE – DISPLAY ‘95’ INSTEAD OF ‘NO INTERNET ACCESS’),Eurobarometer semantic union consensus,1405,ZA7601,UNION_CONSENSUS,ZA5565;ZA5566;ZA5596;ZA5598;ZA5612;ZA5685;ZA5686;ZA5689;ZA5876;ZA5878;ZA5913;ZA5914;ZA5929;ZA5930;ZA5931;ZA5932;ZA5933;ZA5964;ZA5965;ZA5998;ZA6595;ZA6596;ZA6642;ZA6693;ZA6696;ZA6697;ZA6861;ZA6862;ZA6925;ZA6927;ZA6939;ZA6963;ZA7484;ZA7488;ZA7489;ZA7556;ZA7561;ZA7562;ZA7575;ZA7576,40,1.000000,1.000000,0.000000,UNION_CONSENSUS,40,1
d62_3,D62,INTERNET USE FREQ: SOMEWHERE ELSE,Could you tell me if …? (SHOW SCREEN – READ OUT – ONE ANSWER PER LINE – ‘NO ANSWER’ NOT ALLOWED – DISPLAY ‘95’ INSTEAD OF ‘NO INTERNET ACCESS’),Could you tell me if …? (SHOW SCREEN – READ OUT – ONE ANSWER PER LINE – ‘NO ANSWER’ NOT ALLOWED – DISPLAY ‘95’ INSTEAD OF ‘NO INTERNET ACCESS’),Eurobarometer semantic union context match,1242,ZA7601,UNION_CONTEXT_MATCH,ZA5565;ZA5566;ZA5596;ZA5598;ZA5612;ZA5685;ZA5686;ZA5689;ZA5876;ZA5878;ZA5913;ZA5914;ZA5929;ZA5930;ZA5931;ZA5932;ZA5933;ZA5964;ZA5965;ZA5998;ZA6595;ZA6596;ZA6642;ZA6697;ZA6963,25,0.625000,1.000000,0.607355,UNION_CONTEXT_MATCH,40,2
d62_4,D62,INTERNET USE FREQ: SOMEWHERE ELSE,Could you tell me if …? (SHOW SCREEN – READ OUT – ONE ANSWER PER LINE – DISPLAY ‘95’ INSTEAD OF ‘NO INTERNET ACCESS’),Could you tell me if …? (SHOW SCREEN – READ OUT – ONE ANSWER PER LINE – DISPLAY ‘95’ INSTEAD OF ‘NO INTERNET ACCESS’),Eurobarometer semantic union consensus,1409,ZA7601,UNION_CONSENSUS,ZA6693;ZA6696;ZA6861;ZA6862;ZA6925;ZA6927;ZA6939;ZA7484;ZA7488;ZA7489;ZA7556;ZA7561;ZA7562;ZA7575;ZA7576,15,1.000000,1.000000,0.000000,UNION_CONSENSUS,15,1
netuse,,,,netuse,native LSM source map (union fallback unresolved),,ZA7601,UNRESOLVED_NATIVE,,0,0.000000,0.000000,0.000000,UNRESOLVED_NATIVE,0,0
d62t,,,,d62t,native LSM source map (union fallback unresolved),,ZA7601,UNRESOLVED_NATIVE,,0,0.000000,0.000000,0.000000,UNRESOLVED_NATIVE,0,0
d63,D63,SOCIAL CLASS - SELF-ASSESSMENT (5 CAT),Do you see yourself and your household belonging to…? (SHOW SCREEN – READ OUT – ONE ANSWER ONLY),Do you see yourself and your household belonging to…? (SHOW SCREEN – READ OUT – ONE ANSWER ONLY),Eurobarometer semantic union support match,1415,ZA7601,UNION_SUPPORT_MATCH,ZA5932;ZA5933;ZA5964;ZA5965;ZA5998;ZA6595;ZA6596;ZA6642;ZA6693;ZA6696;ZA6697;ZA6861;ZA6862;ZA6925;ZA6927;ZA6939;ZA6963;ZA7484;ZA7488;ZA7489;ZA7556;ZA7561;ZA7562;ZA7575;ZA7576,25,0.694444,1.000000,0.000000,UNION_SUPPORT_MATCH,36,2
p1,p1 Date of the interview,DATE OF INTERVIEW,"1 Friday, 7th June 2019","1 Friday, 7th June 2019",Eurobarometer semantic union consensus,1427,ZA7601,UNION_CONSENSUS,ZA5565;ZA5566;ZA5596;ZA5598;ZA5685;ZA5686;ZA5689;ZA5876;ZA5878;ZA5913;ZA5914;ZA5929;ZA5930;ZA5931;ZA5932;ZA5933;ZA5964;ZA5965;ZA5998;ZA6595;ZA6642;ZA6693;ZA6697;ZA6861;ZA6862;ZA6925;ZA6927;ZA6963;ZA7488;ZA7489;ZA7556;ZA7561;ZA7562;ZA7575;ZA7576,35,0.945946,0.000000,0.000000,UNION_CONSENSUS,37,3
p2,,,,p2,native LSM source map (union fallback unresolved),,ZA7601,UNRESOLVED_NATIVE,,0,0.750000,0.000000,0.538696,UNRESOLVED_NATIVE,4,2
p3,,,,p3,native LSM source map (union fallback unresolved),,ZA7601,UNRESOLVED_NATIVE,,0,0.736842,0.739437,0.607355,UNRESOLVED_NATIVE,38,3
p3r,page 601,DURATION OF INTERVIEW (RECODED),Eurobarometer 81.2 - March 2014,Eurobarometer 81.2 - March 2014,Eurobarometer semantic union consensus,631,ZA7601,UNION_CONSENSUS,ZA5565;ZA5566;ZA5596;ZA5598;ZA5685;ZA5686;ZA5689;ZA5876;ZA5878;ZA5913;ZA5914;ZA5929;ZA5931;ZA5932;ZA5933;ZA5964;ZA6595;ZA6596;ZA6642;ZA6693;ZA6697;ZA6861;ZA6862;ZA6925;ZA6927;ZA6963;ZA7484;ZA7488;ZA7489;ZA7556;ZA7561;ZA7562;ZA7575;ZA7576,34,1.000000,1.000000,0.000000,UNION_CONSENSUS,34,1
p4,page 1400,N OF PERSONS PRESENT DURING INTERVIEW,Eurobarometer 91.5 - June-July 2019,Eurobarometer 91.5 - June-July 2019,Eurobarometer semantic union consensus,1436,ZA7601,UNION_CONSENSUS,ZA5565;ZA5566;ZA5596;ZA5598;ZA5685;ZA5686;ZA5689;ZA5876;ZA5878;ZA5913;ZA5914;ZA5929;ZA5930;ZA5931;ZA5932;ZA5933;ZA5964;ZA5965;ZA5998;ZA6595;ZA6596;ZA6642;ZA6693;ZA6697;ZA6861;ZA6862;ZA6925;ZA6927;ZA6963;ZA7484;ZA7488;ZA7489;ZA7556;ZA7561;ZA7562;ZA7575;ZA7576,37,0.973684,1.000000,0.000000,UNION_CONSENSUS,38,2
p5,p5 Respondent cooperation,RESPONDENT COOPERATION,(NO ANSWERS NOT ALLOWED),(NO ANSWERS NOT ALLOWED),Eurobarometer semantic union consensus,1438,ZA7601,UNION_CONSENSUS,ZA5565;ZA5566;ZA5596;ZA5598;ZA5685;ZA5686;ZA5689;ZA5876;ZA5878;ZA5913;ZA5914;ZA5929;ZA5930;ZA5931;ZA5932;ZA5933;ZA5964;ZA5965;ZA5998;ZA6595;ZA6596;ZA6642;ZA6693;ZA6697;ZA6861;ZA6862;ZA6925;ZA6927;ZA6963;ZA7484;ZA7488;ZA7489;ZA7556;ZA7561;ZA7562;ZA7575;ZA7576,37,0.973684,1.000000,0.000000,UNION_CONSENSUS,38,2
p6,,,,p6,native LSM source map (union fallback unresolved),,ZA7601,UNRESOLVED_NATIVE,,0,0.000000,0.000000,0.000000,UNRESOLVED_NATIVE,0,0
p7,,,,p7,native LSM source map (union fallback unresolved),,ZA7601,UNRESOLVED_NATIVE,,0,0.000000,0.000000,0.000000,UNRESOLVED_NATIVE,0,0
p13,,,,p13,native LSM source map (union fallback unresolved),,ZA7601,UNRESOLVED_NATIVE,,0,0.000000,0.000000,0.000000,UNRESOLVED_NATIVE,0,0
p6be,,SIZE OF COMMUNITY - BELGIUM,,SIZE OF COMMUNITY - BELGIUM,Eurobarometer semantic union consensus,1441,ZA7601,UNION_CONSENSUS,ZA5565;ZA5566;ZA5612;ZA5685;ZA5686;ZA5689;ZA5876;ZA5878;ZA5913;ZA5914;ZA5929;ZA5930;ZA5931;ZA5932;ZA5933;ZA5964;ZA5965;ZA5998;ZA6595;ZA6596;ZA6642;ZA6693;ZA6696;ZA6697;ZA6861;ZA6862;ZA6925;ZA6927;ZA6939;ZA6963;ZA7484;ZA7488;ZA7489;ZA7556;ZA7561;ZA7562;ZA7575;ZA7576,38,0.950000,1.000000,0.000000,UNION_CONSENSUS,40,2
p6at,,SIZE OF COMMUNITY - AUSTRIA,,SIZE OF COMMUNITY - AUSTRIA,Eurobarometer semantic union consensus,1454,ZA7601,UNION_CONSENSUS,ZA5565;ZA5566;ZA5612;ZA5685;ZA5686;ZA5689;ZA5876;ZA5878;ZA5913;ZA5914;ZA5929;ZA5930;ZA5931;ZA5932;ZA5933;ZA5964;ZA5965;ZA5998;ZA6595;ZA6596;ZA6642;ZA6693;ZA6696;ZA6697;ZA6861;ZA6862;ZA6925;ZA6927;ZA6939;ZA6963;ZA7484;ZA7488;ZA7489;ZA7556;ZA7561;ZA7562;ZA7575;ZA7576,38,0.950000,1.000000,0.000000,UNION_CONSENSUS,40,2
p6bg,,SIZE OF COMMUNITY - BULGARIA,,SIZE OF COMMUNITY - BULGARIA,Eurobarometer semantic union consensus,1465,ZA7601,UNION_CONSENSUS,ZA5565;ZA5566;ZA5612;ZA5685;ZA5686;ZA5689;ZA5876;ZA5878;ZA5913;ZA5914;ZA5929;ZA5930;ZA5931;ZA5932;ZA5933;ZA5964;ZA5965;ZA5998;ZA6595;ZA6596;ZA6642;ZA6693;ZA6696;ZA6697;ZA6861;ZA6862;ZA6925;ZA6927;ZA6939;ZA6963;ZA7484;ZA7488;ZA7489;ZA7556;ZA7561;ZA7562;ZA7575;ZA7576,38,0.950000,1.000000,0.000000,UNION_CONSENSUS,40,2
p6cy,,SIZE OF COMMUNITY - CYPRUS,,SIZE OF COMMUNITY - CYPRUS,Eurobarometer semantic union context match,1286,ZA7601,UNION_CONTEXT_MATCH,ZA5686;ZA5689;ZA5876;ZA5914;ZA5929;ZA5930;ZA5931;ZA5932;ZA5933;ZA5964;ZA5965;ZA5998;ZA6595;ZA6596;ZA6642;ZA6693;ZA6696;ZA6697;ZA6861;ZA6862;ZA6925;ZA6927;ZA6939;ZA6963;ZA7484;ZA7488;ZA7489;ZA7556;ZA7561;ZA7562;ZA7575,31,0.775000,1.000000,0.607355,UNION_CONTEXT_MATCH,40,3
p6cz,,SIZE OF COMMUNITY - CZECH REPUBLIC,,SIZE OF COMMUNITY - CZECH REPUBLIC,Eurobarometer semantic union consensus,1456,ZA7601,UNION_CONSENSUS,ZA5565;ZA5566;ZA5612;ZA5685;ZA5686;ZA5689;ZA5876;ZA5878;ZA5913;ZA5914;ZA5929;ZA5930;ZA5931;ZA5932;ZA5933;ZA5964;ZA5965;ZA5998;ZA6595;ZA6596;ZA6642;ZA6693;ZA6696;ZA6697;ZA6861;ZA6862;ZA6925;ZA6927;ZA6939;ZA6963;ZA7484;ZA7488;ZA7489;ZA7556;ZA7561;ZA7562;ZA7575;ZA7576,38,0.950000,1.000000,0.000000,UNION_CONSENSUS,40,2
p6dk,,SIZE OF COMMUNITY - DENMARK,,SIZE OF COMMUNITY - DENMARK,Eurobarometer semantic union consensus,1446,ZA7601,UNION_CONSENSUS,ZA5565;ZA5566;ZA5612;ZA5685;ZA5686;ZA5689;ZA5876;ZA5878;ZA5913;ZA5914;ZA5929;ZA5930;ZA5931;ZA5932;ZA5933;ZA5964;ZA5965;ZA5998;ZA6595;ZA6596;ZA6642;ZA6693;ZA6696;ZA6697;ZA6861;ZA6862;ZA6925;ZA6927;ZA6939;ZA6963;ZA7484;ZA7488;ZA7489;ZA7556;ZA7561;ZA7562;ZA7575;ZA7576,38,0.950000,1.000000,0.000000,UNION_CONSENSUS,40,2
p6ee,,SIZE OF COMMUNITY - ESTONIA,,SIZE OF COMMUNITY - ESTONIA,Eurobarometer semantic union consensus,1457,ZA7601,UNION_CONSENSUS,ZA5565;ZA5566;ZA5612;ZA5685;ZA5686;ZA5689;ZA5876;ZA5878;ZA5913;ZA5914;ZA5929;ZA5930;ZA5931;ZA5932;ZA5933;ZA5964;ZA5965;ZA5998;ZA6595;ZA6596;ZA6642;ZA6693;ZA6696;ZA6697;ZA6861;ZA6862;ZA6925;ZA6927;ZA6939;ZA6963;ZA7484;ZA7488;ZA7489;ZA7556;ZA7561;ZA7562;ZA7575;ZA7576,38,0.950000,1.000000,0.000000,UNION_CONSENSUS,40,2
p6de,,SIZE OF COMMUNITY - GERMANY,,SIZE OF COMMUNITY - GERMANY,Eurobarometer semantic union support match,1443,ZA7601,UNION_SUPPORT_MATCH,ZA6693;ZA6696;ZA6697;ZA6861;ZA6862;ZA6925;ZA6927;ZA6939;ZA6963;ZA7484;ZA7488;ZA7489;ZA7556;ZA7561;ZA7562;ZA7575;ZA7576,17,0.425000,1.000000,0.000000,UNION_SUPPORT_MATCH,40,3
p6gr,,SIZE OF COMMUNITY - GREECE,,SIZE OF COMMUNITY - GREECE,Eurobarometer semantic union consensus,1449,ZA7601,UNION_CONSENSUS,ZA5565;ZA5566;ZA5612;ZA5685;ZA5686;ZA5689;ZA5876;ZA5878;ZA5913;ZA5914;ZA5929;ZA5930;ZA5931;ZA5932;ZA5933;ZA5964;ZA5965;ZA5998;ZA6595;ZA6596;ZA6642;ZA6693;ZA6696;ZA6697;ZA6861;ZA6862;ZA6925;ZA6927;ZA6939;ZA6963;ZA7484;ZA7488;ZA7489;ZA7556;ZA7561;ZA7562;ZA7575;ZA7576,38,0.950000,1.000000,0.000000,UNION_CONSENSUS,40,2
p6es,,SIZE OF COMMUNITY - SPAIN,,SIZE OF COMMUNITY - SPAIN,Eurobarometer semantic union consensus,1450,ZA7601,UNION_CONSENSUS,ZA5565;ZA5566;ZA5612;ZA5685;ZA5686;ZA5689;ZA5876;ZA5878;ZA5913;ZA5914;ZA5929;ZA5930;ZA5931;ZA5932;ZA5933;ZA5964;ZA5965;ZA5998;ZA6595;ZA6596;ZA6642;ZA6693;ZA6696;ZA6697;ZA6861;ZA6862;ZA6925;ZA6927;ZA6939;ZA6963;ZA7484;ZA7488;ZA7489;ZA7556;ZA7561;ZA7562;ZA7575;ZA7576,38,0.950000,1.000000,0.000000,UNION_CONSENSUS,40,2
p6fi,,SIZE OF COMMUNITY - FINLAND,,SIZE OF COMMUNITY - FINLAND,Eurobarometer semantic union consensus,1452,ZA7601,UNION_CONSENSUS,ZA5565;ZA5566;ZA5612;ZA5685;ZA5686;ZA5689;ZA5876;ZA5878;ZA5913;ZA5914;ZA5929;ZA5930;ZA5931;ZA5932;ZA5933;ZA5964;ZA5965;ZA5998;ZA6595;ZA6596;ZA6642;ZA6693;ZA6696;ZA6697;ZA6861;ZA6862;ZA6925;ZA6927;ZA6939;ZA6963;ZA7484;ZA7488;ZA7489;ZA7556;ZA7561;ZA7562;ZA7575;ZA7576,38,0.950000,1.000000,0.000000,UNION_CONSENSUS,40,2
p6fr,,SIZE OF COMMUNITY - FRANCE,,SIZE OF COMMUNITY - FRANCE,Eurobarometer semantic union consensus,1440,ZA7601,UNION_CONSENSUS,ZA5565;ZA5566;ZA5612;ZA5685;ZA5686;ZA5689;ZA5876;ZA5878;ZA5913;ZA5914;ZA5929;ZA5930;ZA5931;ZA5932;ZA5933;ZA5964;ZA5965;ZA5998;ZA6595;ZA6596;ZA6642;ZA6693;ZA6696;ZA6697;ZA6861;ZA6862;ZA6925;ZA6927;ZA6939;ZA6963;ZA7484;ZA7488;ZA7489;ZA7556;ZA7561;ZA7562;ZA7575;ZA7576,38,0.950000,1.000000,0.000000,UNION_CONSENSUS,40,2
p6gb,,SIZE OF COMMUNITY - UNITED KINGDOM,,SIZE OF COMMUNITY - UNITED KINGDOM,Eurobarometer semantic union consensus,1448,ZA7601,UNION_CONSENSUS,ZA5565;ZA5566;ZA5612;ZA5685;ZA5686;ZA5689;ZA5876;ZA5878;ZA5913;ZA5914;ZA5929;ZA5930;ZA5931;ZA5932;ZA5933;ZA5964;ZA5965;ZA5998;ZA6595;ZA6596;ZA6642;ZA6693;ZA6696;ZA6697;ZA6861;ZA6862;ZA6925;ZA6927;ZA6939;ZA6963;ZA7484;ZA7488;ZA7489;ZA7556;ZA7561;ZA7562;ZA7575;ZA7576,38,0.950000,1.000000,0.000000,UNION_CONSENSUS,40,2
p6hu,,SIZE OF COMMUNITY - HUNGARY,,SIZE OF COMMUNITY - HUNGARY,Eurobarometer semantic union consensus,1458,ZA7601,UNION_CONSENSUS,ZA5565;ZA5566;ZA5612;ZA5685;ZA5686;ZA5689;ZA5876;ZA5878;ZA5913;ZA5914;ZA5929;ZA5930;ZA5931;ZA5932;ZA5933;ZA5964;ZA5965;ZA5998;ZA6595;ZA6596;ZA6642;ZA6693;ZA6696;ZA6697;ZA6861;ZA6862;ZA6925;ZA6927;ZA6939;ZA6963;ZA7484;ZA7488;ZA7489;ZA7556;ZA7561;ZA7562;ZA7575;ZA7576,38,0.950000,1.000000,0.000000,UNION_CONSENSUS,40,2
p6ie,,SIZE OF COMMUNITY - IRELAND,,SIZE OF COMMUNITY - IRELAND,Eurobarometer semantic union consensus,1447,ZA7601,UNION_CONSENSUS,ZA5565;ZA5566;ZA5612;ZA5685;ZA5686;ZA5689;ZA5876;ZA5878;ZA5913;ZA5914;ZA5929;ZA5930;ZA5931;ZA5932;ZA5933;ZA5964;ZA5965;ZA5998;ZA6595;ZA6596;ZA6642;ZA6693;ZA6696;ZA6697;ZA6861;ZA6862;ZA6925;ZA6927;ZA6939;ZA6963;ZA7484;ZA7488;ZA7489;ZA7556;ZA7561;ZA7562;ZA7575;ZA7576,38,0.950000,1.000000,0.000000,UNION_CONSENSUS,40,2
p6it,,SIZE OF COMMUNITY - ITALY,,SIZE OF COMMUNITY - ITALY,Eurobarometer semantic union consensus,1444,ZA7601,UNION_CONSENSUS,ZA5565;ZA5566;ZA5612;ZA5685;ZA5686;ZA5689;ZA5876;ZA5878;ZA5913;ZA5914;ZA5929;ZA5930;ZA5931;ZA5932;ZA5933;ZA5964;ZA5965;ZA5998;ZA6595;ZA6596;ZA6642;ZA6693;ZA6696;ZA6697;ZA6861;ZA6862;ZA6925;ZA6927;ZA6939;ZA6963;ZA7484;ZA7488;ZA7489;ZA7556;ZA7561;ZA7562;ZA7575;ZA7576,38,0.950000,1.000000,0.000000,UNION_CONSENSUS,40,2
p6lt,,SIZE OF COMMUNITY - LITHUANIA,,SIZE OF COMMUNITY - LITHUANIA,Eurobarometer semantic union consensus,1460,ZA7601,UNION_CONSENSUS,ZA5565;ZA5566;ZA5612;ZA5685;ZA5686;ZA5689;ZA5876;ZA5878;ZA5913;ZA5914;ZA5929;ZA5930;ZA5931;ZA5932;ZA5933;ZA5964;ZA5965;ZA5998;ZA6595;ZA6596;ZA6642;ZA6693;ZA6696;ZA6697;ZA6861;ZA6862;ZA6925;ZA6927;ZA6939;ZA6963;ZA7484;ZA7488;ZA7489;ZA7556;ZA7561;ZA7562;ZA7575;ZA7576,38,0.950000,1.000000,0.000000,UNION_CONSENSUS,40,2
p6lu,,SIZE OF COMMUNITY - LUXEMBOURG,,SIZE OF COMMUNITY - LUXEMBOURG,Eurobarometer semantic union consensus,1445,ZA7601,UNION_CONSENSUS,ZA5565;ZA5566;ZA5612;ZA5685;ZA5686;ZA5689;ZA5876;ZA5878;ZA5913;ZA5914;ZA5929;ZA5930;ZA5931;ZA5932;ZA5933;ZA5964;ZA5965;ZA5998;ZA6595;ZA6596;ZA6642;ZA6693;ZA6696;ZA6697;ZA6861;ZA6862;ZA6925;ZA6927;ZA6939;ZA6963;ZA7484;ZA7488;ZA7489;ZA7556;ZA7561;ZA7562;ZA7575;ZA7576,38,0.950000,1.000000,0.000000,UNION_CONSENSUS,40,2
p6lv,,SIZE OF COMMUNITY - LATVIA,,SIZE OF COMMUNITY - LATVIA,Eurobarometer semantic union consensus,1459,ZA7601,UNION_CONSENSUS,ZA5565;ZA5566;ZA5612;ZA5685;ZA5686;ZA5689;ZA5876;ZA5878;ZA5913;ZA5914;ZA5929;ZA5930;ZA5931;ZA5932;ZA5933;ZA5964;ZA5965;ZA5998;ZA6595;ZA6596;ZA6642;ZA6693;ZA6696;ZA6697;ZA6861;ZA6862;ZA6925;ZA6927;ZA6939;ZA6963;ZA7484;ZA7488;ZA7489;ZA7556;ZA7561;ZA7562;ZA7575;ZA7576,38,0.950000,1.000000,0.000000,UNION_CONSENSUS,40,2
p6mt,,SIZE OF COMMUNITY - MALTA,,SIZE OF COMMUNITY - MALTA,Eurobarometer semantic union consensus,1461,ZA7601,UNION_CONSENSUS,ZA5565;ZA5566;ZA5612;ZA5685;ZA5686;ZA5689;ZA5876;ZA5878;ZA5913;ZA5914;ZA5929;ZA5930;ZA5931;ZA5932;ZA5933;ZA5964;ZA5965;ZA5998;ZA6595;ZA6596;ZA6642;ZA6693;ZA6696;ZA6697;ZA6861;ZA6862;ZA6925;ZA6927;ZA6939;ZA6963;ZA7484;ZA7488;ZA7489;ZA7556;ZA7561;ZA7562;ZA7575;ZA7576,38,0.950000,1.000000,0.000000,UNION_CONSENSUS,40,2
p6nl,,SIZE OF COMMUNITY - NETHERLANDS,,SIZE OF COMMUNITY - NETHERLANDS,Eurobarometer semantic union consensus,1442,ZA7601,UNION_CONSENSUS,ZA5565;ZA5566;ZA5612;ZA5685;ZA5686;ZA5689;ZA5876;ZA5878;ZA5913;ZA5914;ZA5929;ZA5930;ZA5931;ZA5932;ZA5933;ZA5964;ZA5965;ZA5998;ZA6595;ZA6596;ZA6642;ZA6693;ZA6696;ZA6697;ZA6861;ZA6862;ZA6925;ZA6927;ZA6939;ZA6963;ZA7484;ZA7488;ZA7489;ZA7556;ZA7561;ZA7562;ZA7575;ZA7576,38,0.950000,1.000000,0.000000,UNION_CONSENSUS,40,2
p6pl,,SIZE OF COMMUNITY - POLAND,,SIZE OF COMMUNITY - POLAND,Eurobarometer semantic union consensus,1462,ZA7601,UNION_CONSENSUS,ZA5565;ZA5566;ZA5612;ZA5685;ZA5686;ZA5689;ZA5876;ZA5878;ZA5913;ZA5914;ZA5929;ZA5930;ZA5931;ZA5932;ZA5933;ZA5964;ZA5965;ZA5998;ZA6595;ZA6596;ZA6642;ZA6693;ZA6696;ZA6697;ZA6861;ZA6862;ZA6925;ZA6927;ZA6939;ZA6963;ZA7484;ZA7488;ZA7489;ZA7556;ZA7561;ZA7562;ZA7575;ZA7576,38,0.950000,1.000000,0.000000,UNION_CONSENSUS,40,2
p6pt,,SIZE OF COMMUNITY - PORTUGAL,,SIZE OF COMMUNITY - PORTUGAL,Eurobarometer semantic union consensus,1451,ZA7601,UNION_CONSENSUS,ZA5565;ZA5566;ZA5612;ZA5685;ZA5686;ZA5689;ZA5876;ZA5878;ZA5913;ZA5914;ZA5929;ZA5930;ZA5931;ZA5932;ZA5933;ZA5964;ZA5965;ZA5998;ZA6595;ZA6596;ZA6642;ZA6693;ZA6696;ZA6697;ZA6861;ZA6862;ZA6925;ZA6927;ZA6939;ZA6963;ZA7484;ZA7488;ZA7489;ZA7556;ZA7561;ZA7562;ZA7575;ZA7576,38,0.950000,1.000000,0.000000,UNION_CONSENSUS,40,2
p6ro,,SIZE OF COMMUNITY - ROMANIA,,SIZE OF COMMUNITY - ROMANIA,Eurobarometer semantic union consensus,1466,ZA7601,UNION_CONSENSUS,ZA5565;ZA5566;ZA5612;ZA5685;ZA5686;ZA5689;ZA5876;ZA5878;ZA5913;ZA5914;ZA5929;ZA5930;ZA5931;ZA5932;ZA5933;ZA5964;ZA5965;ZA5998;ZA6595;ZA6596;ZA6642;ZA6693;ZA6696;ZA6697;ZA6861;ZA6862;ZA6925;ZA6927;ZA6939;ZA6963;ZA7484;ZA7488;ZA7489;ZA7556;ZA7561;ZA7562;ZA7575;ZA7576,38,0.950000,1.000000,0.000000,UNION_CONSENSUS,40,2
p6se,,SIZE OF COMMUNITY - SWEDEN,,SIZE OF COMMUNITY - SWEDEN,Eurobarometer semantic union consensus,1453,ZA7601,UNION_CONSENSUS,ZA5565;ZA5566;ZA5612;ZA5685;ZA5686;ZA5689;ZA5876;ZA5878;ZA5913;ZA5914;ZA5929;ZA5930;ZA5931;ZA5932;ZA5933;ZA5964;ZA5965;ZA5998;ZA6595;ZA6596;ZA6642;ZA6693;ZA6696;ZA6697;ZA6861;ZA6862;ZA6925;ZA6927;ZA6939;ZA6963;ZA7484;ZA7488;ZA7489;ZA7556;ZA7561;ZA7562;ZA7575;ZA7576,38,0.950000,1.000000,0.000000,UNION_CONSENSUS,40,2
p6si,,SIZE OF COMMUNITY - SLOVENIA,,SIZE OF COMMUNITY - SLOVENIA,Eurobarometer semantic union consensus,1464,ZA7601,UNION_CONSENSUS,ZA5565;ZA5566;ZA5612;ZA5685;ZA5686;ZA5689;ZA5876;ZA5878;ZA5913;ZA5914;ZA5929;ZA5930;ZA5931;ZA5932;ZA5933;ZA5964;ZA5965;ZA5998;ZA6595;ZA6596;ZA6642;ZA6693;ZA6696;ZA6697;ZA6861;ZA6862;ZA6925;ZA6927;ZA6939;ZA6963;ZA7484;ZA7488;ZA7489;ZA7556;ZA7561;ZA7562;ZA7575;ZA7576,38,0.950000,1.000000,0.000000,UNION_CONSENSUS,40,2
p6sk,,SIZE OF COMMUNITY - SLOVAKIA,,SIZE OF COMMUNITY - SLOVAKIA,Eurobarometer semantic union consensus,1463,ZA7601,UNION_CONSENSUS,ZA5565;ZA5566;ZA5612;ZA5685;ZA5686;ZA5689;ZA5876;ZA5878;ZA5913;ZA5914;ZA5929;ZA5930;ZA5931;ZA5932;ZA5933;ZA5964;ZA5965;ZA5998;ZA6595;ZA6596;ZA6642;ZA6693;ZA6696;ZA6697;ZA6861;ZA6862;ZA6925;ZA6927;ZA6939;ZA6963;ZA7484;ZA7488;ZA7489;ZA7556;ZA7561;ZA7562;ZA7575;ZA7576,38,0.950000,1.000000,0.000000,UNION_CONSENSUS,40,2
p6hr,,SIZE OF COMMUNITY - CROATIA,,SIZE OF COMMUNITY - CROATIA,Eurobarometer semantic union consensus,1468,ZA7601,UNION_CONSENSUS,ZA5566;ZA5612;ZA5685;ZA5686;ZA5689;ZA5876;ZA5878;ZA5913;ZA5914;ZA5929;ZA5930;ZA5931;ZA5932;ZA5933;ZA5964;ZA5965;ZA5998;ZA6595;ZA6596;ZA6642;ZA6693;ZA6696;ZA6697;ZA6861;ZA6862;ZA6925;ZA6927;ZA6939;ZA6963;ZA7484;ZA7488;ZA7489;ZA7556;ZA7561;ZA7562;ZA7575;ZA7576,37,1.000000,1.000000,0.000000,UNION_CONSENSUS,37,1
p6al,,SIZE OF COMMUNITY - ALBANIA,,SIZE OF COMMUNITY - ALBANIA,Eurobarometer semantic union consensus,1473,ZA7601,UNION_CONSENSUS,ZA5932;ZA5998;ZA6963;ZA7489;ZA7576,5,1.000000,1.000000,0.000000,UNION_CONSENSUS,5,1
p6tr,,SIZE OF COMMUNITY - TURKEY,,SIZE OF COMMUNITY - TURKEY,Eurobarometer semantic union consensus,1467,ZA7601,UNION_CONSENSUS,ZA5566;ZA5612;ZA5685;ZA5689;ZA5876;ZA5932;ZA5998;ZA6963;ZA7489;ZA7576,10,1.000000,1.000000,0.000000,UNION_CONSENSUS,10,1
p6cytcc,,,,p6cytcc,native LSM source map (union fallback unresolved),,ZA7601,UNRESOLVED_NATIVE,,0,0.000000,0.000000,0.000000,UNRESOLVED_NATIVE,0,0
p6mk,Sum 32411 100.0 100.0,SIZE OF COMMUNITY - MAKEDONIA (FYROM),Valid Cases 1048 Eurobarometer 80.1 - November 2013,Valid Cases 1048 Eurobarometer 80.1 - November 2013,Eurobarometer semantic union consensus,1256,ZA7601,UNION_CONSENSUS,ZA5612;ZA5685;ZA5689;ZA5876;ZA5932;ZA5998;ZA6963;ZA7489,8,0.800000,1.000000,0.000000,UNION_CONSENSUS,10,3
p6me,,SIZE OF COMMUNITY - MONTENEGRO,,SIZE OF COMMUNITY - MONTENEGRO,Eurobarometer semantic union consensus,1471,ZA7601,UNION_CONSENSUS,ZA5612;ZA5685;ZA5689;ZA5876;ZA5932;ZA5998;ZA6963;ZA7489;ZA7576,9,1.000000,1.000000,0.000000,UNION_CONSENSUS,9,1
p6rs,,SIZE OF COMMUNITY - SERBIA,,SIZE OF COMMUNITY - SERBIA,Eurobarometer semantic union consensus,1472,ZA7601,UNION_CONSENSUS,ZA5612;ZA5685;ZA5689;ZA5876;ZA5932;ZA5998;ZA6963;ZA7489;ZA7576,9,1.000000,1.000000,0.000000,UNION_CONSENSUS,9,1
p7be,P7_BE REGION,REGION - BELGIUM NUTS 2,Belgium (EUROSTAT NUTS 2 LEVEL) – Provincies / Provinces,Belgium (EUROSTAT NUTS 2 LEVEL) – Provincies / Provinces,Eurobarometer semantic union consensus,923,ZA7601,UNION_CONSENSUS,ZA5565;ZA5566;ZA5612;ZA5685;ZA5686;ZA5689;ZA5876;ZA5878;ZA5913;ZA5914;ZA5929;ZA5930;ZA5931;ZA5932;ZA5933;ZA5964;ZA5965;ZA5998;ZA6595;ZA6596;ZA6642;ZA6693;ZA6696;ZA6697;ZA6861;ZA6862;ZA6925;ZA6927;ZA6939;ZA6963;ZA7484;ZA7488;ZA7489;ZA7556;ZA7561;ZA7562;ZA7575;ZA7576,38,0.950000,1.000000,0.000000,UNION_CONSENSUS,40,2
p7be_r,P7BE_R REGION,REGION - BELGIUM NUTS 1,Belgium (EUROSTAT NUTS 1 LEVEL) – Gewesten / Régions,Belgium (EUROSTAT NUTS 1 LEVEL) – Gewesten / Régions,Eurobarometer semantic union consensus,924,ZA7601,UNION_CONSENSUS,ZA5565;ZA5566;ZA5612;ZA5685;ZA5686;ZA5689;ZA5876;ZA5878;ZA5913;ZA5914;ZA5929;ZA5930;ZA5931;ZA5932;ZA5933;ZA5964;ZA5965;ZA5998;ZA6595;ZA6596;ZA6642;ZA6693;ZA6696;ZA6697;ZA6861;ZA6862;ZA6925;ZA6927;ZA6939;ZA6963;ZA7484;ZA7488;ZA7489;ZA7556;ZA7561;ZA7562;ZA7575;ZA7576,38,0.950000,1.000000,0.000000,UNION_CONSENSUS,40,2
p7at,P7AT REGION,REGION - AUSTRIA NUTS 2,Austria (EUROSTAT NUTS 2 LEVEL) – Bundesländer,Austria (EUROSTAT NUTS 2 LEVEL) – Bundesländer,Eurobarometer semantic union consensus,951,ZA7601,UNION_CONSENSUS,ZA5565;ZA5566;ZA5612;ZA5685;ZA5686;ZA5689;ZA5876;ZA5878;ZA5913;ZA5914;ZA5929;ZA5930;ZA5931;ZA5932;ZA5933;ZA5964;ZA5965;ZA5998;ZA6595;ZA6596;ZA6642;ZA6693;ZA6696;ZA6697;ZA6861;ZA6862;ZA6925;ZA6927;ZA6939;ZA6963;ZA7484;ZA7488;ZA7489;ZA7556;ZA7561;ZA7562;ZA7575;ZA7576,38,0.950000,1.000000,0.000000,UNION_CONSENSUS,40,2
p7at_r,P7AT_R REGION,REGION - AUSTRIA NUTS 1,Austria (EUROSTAT NUTS 1 LEVEL) – Gruppen von Bundesländern,Austria (EUROSTAT NUTS 1 LEVEL) – Gruppen von Bundesländern,Eurobarometer semantic union consensus,952,ZA7601,UNION_CONSENSUS,ZA5565;ZA5566;ZA5612;ZA5685;ZA5686;ZA5689;ZA5876;ZA5878;ZA5913;ZA5914;ZA5929;ZA5930;ZA5931;ZA5932;ZA5933;ZA5964;ZA5965;ZA5998;ZA6595;ZA6596;ZA6642;ZA6693;ZA6696;ZA6697;ZA6861;ZA6862;ZA6925;ZA6927;ZA6939;ZA6963;ZA7484;ZA7488;ZA7489;ZA7556;ZA7561;ZA7562;ZA7575;ZA7576,38,0.950000,1.000000,0.000000,UNION_CONSENSUS,40,2
p7bg,,REGION - BULGARIA NUTS 2,,REGION - BULGARIA NUTS 2,Eurobarometer semantic union support match,1519,ZA7601,UNION_SUPPORT_MATCH,ZA5914;ZA5929;ZA5930;ZA5931;ZA5932;ZA5933;ZA5964;ZA5965;ZA5998;ZA6595;ZA6596;ZA6642;ZA6693;ZA6696;ZA6697;ZA6861;ZA6862;ZA6925;ZA6927;ZA6939;ZA6963;ZA7484;ZA7488;ZA7489;ZA7556;ZA7561;ZA7562;ZA7575;ZA7576,29,0.725000,1.000000,0.000000,UNION_SUPPORT_MATCH,40,3
p7cy,P7CY REGION,REGION - CYPRUS (REPUBLIC),Republic of Cyprus (Districts based on EUROSTAT local administration units LAU 1 as defined for Cyprus as a whole) – Επαρχίες (Eparchies),Republic of Cyprus (Districts based on EUROSTAT local administration units LAU 1 as defined for Cyprus as a whole) – Επαρχίες (Eparchies),Eurobarometer semantic union consensus,953,ZA7601,UNION_CONSENSUS,ZA5565;ZA5566;ZA5612;ZA5685;ZA5686;ZA5689;ZA5876;ZA5878;ZA5913;ZA5914;ZA5929;ZA5930;ZA5931;ZA5932;ZA5933;ZA5964;ZA5965;ZA5998;ZA6595;ZA6596;ZA6642;ZA6693;ZA6696;ZA6697;ZA6861;ZA6862;ZA6925;ZA6927;ZA6939;ZA6963;ZA7484;ZA7488;ZA7489;ZA7556;ZA7561;ZA7562;ZA7575;ZA7576,38,0.950000,1.000000,0.000000,UNION_CONSENSUS,40,2
p7cz,P7CZ REGION,REGION - CZECH REPUBLIC NUTS 2,Czech Republic (EUROSTAT NUTS 2 LEVEL) – Oblasti,Czech Republic (EUROSTAT NUTS 2 LEVEL) – Oblasti,Eurobarometer semantic union consensus,954,ZA7601,UNION_CONSENSUS,ZA5565;ZA5566;ZA5612;ZA5685;ZA5686;ZA5689;ZA5876;ZA5878;ZA5913;ZA5914;ZA5929;ZA5930;ZA5931;ZA5932;ZA5933;ZA5964;ZA5965;ZA5998;ZA6595;ZA6596;ZA6642;ZA6693;ZA6696;ZA6697;ZA6861;ZA6862;ZA6925;ZA6927;ZA6939;ZA6963;ZA7484;ZA7488;ZA7489;ZA7556;ZA7561;ZA7562;ZA7575;ZA7576,38,0.950000,1.000000,0.000000,UNION_CONSENSUS,40,2
p7dk,P7DK REGION,REGION - DENMARK NUTS 2,Denmark (EUROSTAT NUTS 2 LEVEL) – Regioner,Denmark (EUROSTAT NUTS 2 LEVEL) – Regioner,Eurobarometer semantic union consensus,934,ZA7601,UNION_CONSENSUS,ZA5565;ZA5566;ZA5612;ZA5685;ZA5686;ZA5689;ZA5876;ZA5878;ZA5913;ZA5914;ZA5929;ZA5930;ZA5931;ZA5932;ZA5933;ZA5964;ZA5965;ZA5998;ZA6595;ZA6596;ZA6642;ZA6693;ZA6696;ZA6697;ZA6861;ZA6862;ZA6925;ZA6927;ZA6939;ZA6963;ZA7484;ZA7488;ZA7489;ZA7556;ZA7561;ZA7562;ZA7575;ZA7576,38,0.950000,1.000000,0.000000,UNION_CONSENSUS,40,2
p7ee,NUTS 3 categories.,REGION - ESTONIA NUTS 3,Compared with the former variable (representing the strongly modified NUTS 3 level for Estonia) former region ‘Lääne-Eesti’ (Western Estonia) corresponds to the official NUTS 3 code EE004. The official NUTS 3 region ‘Lõuna –Eesti’ (EE008) includes the former category ‘Tartu area’. The official NUTS categories are coded and documented in the integrated alphanumeric NUTS CODES variable ‘nuts’.,Compared with the former variable (representing the strongly modified NUTS 3 level for Estonia) former region ‘Lääne-Eesti’ (Western Estonia) corresponds to the official NUTS 3 code EE004. The official NUTS 3 region ‘Lõuna –Eesti’ (EE008) includes the former category ‘Tartu area’. The official NUTS categories are coded and documented in the integrated alphanumeric NUTS CODES variable ‘nuts’.,Eurobarometer semantic union support match,1339,ZA7601,UNION_SUPPORT_MATCH,ZA5914;ZA5929;ZA5930;ZA5931;ZA5932;ZA5933;ZA5964;ZA5965;ZA5998;ZA6595;ZA6596;ZA6642;ZA6693;ZA6696;ZA6697;ZA6861;ZA6862;ZA6925;ZA6927;ZA6939;ZA6963;ZA7484;ZA7488;ZA7489;ZA7556;ZA7561;ZA7562;ZA7575;ZA7576,29,0.725000,1.000000,0.000000,UNION_SUPPORT_MATCH,40,3
p7de,P7DE REGION,REGION - GERMANY NUTS 1,Germany (EUROSTAT NUTS 1 LEVEL) – Länder (Bundesländer),Germany (EUROSTAT NUTS 1 LEVEL) – Länder (Bundesländer),Eurobarometer semantic union consensus,927,ZA7601,UNION_CONSENSUS,ZA5565;ZA5566;ZA5612;ZA5685;ZA5686;ZA5689;ZA5876;ZA5878;ZA5913;ZA5914;ZA5929;ZA5930;ZA5931;ZA5932;ZA5933;ZA5964;ZA5965;ZA5998;ZA6595;ZA6596;ZA6642;ZA6693;ZA6696;ZA6697;ZA6861;ZA6862;ZA6925;ZA6927;ZA6939;ZA6963;ZA7484;ZA7488;ZA7489;ZA7556;ZA7561;ZA7562;ZA7575;ZA7576,38,0.950000,1.000000,0.000000,UNION_CONSENSUS,40,2
p7gr,P7GR REGION,REGION - GREECE NUTS 2,Greece (EUROSTAT NUTS II LEVEL) – Περιφέρειες (Periferies),Greece (EUROSTAT NUTS II LEVEL) – Περιφέρειες (Periferies),Eurobarometer semantic union consensus,939,ZA7601,UNION_CONSENSUS,ZA5565;ZA5566;ZA5612;ZA5685;ZA5686;ZA5689;ZA5876;ZA5878;ZA5913;ZA5914;ZA5929;ZA5930;ZA5931;ZA5932;ZA5933;ZA5964;ZA5965;ZA5998;ZA6595;ZA6596;ZA6642;ZA6693;ZA6696;ZA6697;ZA6861;ZA6862;ZA6925;ZA6927;ZA6939;ZA6963;ZA7484;ZA7488;ZA7489;ZA7556;ZA7561;ZA7562;ZA7575;ZA7576,38,0.950000,1.000000,0.000000,UNION_CONSENSUS,40,2
p7gr_r,,REGION - GREECE NUTS 1 MOD,,REGION - GREECE NUTS 1 MOD,Eurobarometer semantic union context match,1326,ZA7601,UNION_CONTEXT_MATCH,ZA5914;ZA5929;ZA5930;ZA5931;ZA5932;ZA5933;ZA5964;ZA5965;ZA5998;ZA6595;ZA6596;ZA6642;ZA6693;ZA6696;ZA6697;ZA6861;ZA6862;ZA6925;ZA6927;ZA6939;ZA6963;ZA7484;ZA7488;ZA7489;ZA7556;ZA7561;ZA7562;ZA7575;ZA7576,29,0.725000,1.000000,0.607355,UNION_CONTEXT_MATCH,40,3
p7es,P7ES REGION,REGION - SPAIN NUTS 2,Spain (EUROSTAT NUTS 2 LEVEL) – Comunidades y ciudades autónomas,Spain (EUROSTAT NUTS 2 LEVEL) – Comunidades y ciudades autónomas,Eurobarometer semantic union consensus,941,ZA7601,UNION_CONSENSUS,ZA5565;ZA5566;ZA5612;ZA5685;ZA5686;ZA5689;ZA5876;ZA5878;ZA5913;ZA5914;ZA5929;ZA5930;ZA5931;ZA5932;ZA5933;ZA5964;ZA5965;ZA5998;ZA6595;ZA6596;ZA6642;ZA6693;ZA6696;ZA6697;ZA6861;ZA6862;ZA6925;ZA6927;ZA6939;ZA6963;ZA7484;ZA7488;ZA7489;ZA7556;ZA7561;ZA7562;ZA7575;ZA7576,38,0.950000,1.000000,0.000000,UNION_CONSENSUS,40,2
p7es_r1,,REGION - SPAIN NUTS 1,,REGION - SPAIN NUTS 1,Eurobarometer semantic union consensus,1498,ZA7601,UNION_CONSENSUS,ZA5565;ZA5566;ZA5612;ZA5685;ZA5686;ZA5689;ZA5876;ZA5878;ZA5913;ZA5914;ZA5929;ZA5930;ZA5931;ZA5932;ZA5933;ZA5964;ZA5965;ZA5998;ZA6595;ZA6596;ZA6642;ZA6693;ZA6696;ZA6697;ZA6861;ZA6862;ZA6925;ZA6927;ZA6939;ZA6963;ZA7484;ZA7488;ZA7489;ZA7556;ZA7561;ZA7562;ZA7575;ZA7576,38,0.950000,1.000000,0.000000,UNION_CONSENSUS,40,2
p7es_r2,,REGION - SPAIN NUTS 1 MOD,,REGION - SPAIN NUTS 1 MOD,Eurobarometer semantic union consensus,1499,ZA7601,UNION_CONSENSUS,ZA5612;ZA5685;ZA5686;ZA5689;ZA5876;ZA5878;ZA5913;ZA5914;ZA5929;ZA5930;ZA5931;ZA5932;ZA5933;ZA5964;ZA5965;ZA5998;ZA6595;ZA6596;ZA6642;ZA6693;ZA6696;ZA6697;ZA6861;ZA6862;ZA6925;ZA6927;ZA6939;ZA6963;ZA7484;ZA7488;ZA7489;ZA7556;ZA7561;ZA7562;ZA7575;ZA7576,36,0.900000,1.000000,0.000000,UNION_CONSENSUS,40,3
p7fi,,REGION - FINLAND NUTS 2 (2010),,REGION - FINLAND NUTS 2 (2010),Eurobarometer semantic union support match,1501,ZA7601,UNION_SUPPORT_MATCH,ZA5914;ZA5929;ZA5932;ZA5964;ZA5965;ZA5998;ZA6595;ZA6693;ZA6696;ZA6861;ZA6963;ZA7489;ZA7576,13,0.325000,1.000000,0.000000,UNION_SUPPORT_MATCH,40,4
p7fr,P7FR REGION,REGION - FRANCE NUTS 2,France (EUROSTAT NUTS 2 LEVEL) – Régions,France (EUROSTAT NUTS 2 LEVEL) – Régions,Eurobarometer semantic union consensus,920,ZA7601,UNION_CONSENSUS,ZA5565;ZA5566;ZA5612;ZA5685;ZA5686;ZA5689;ZA5876;ZA5878;ZA5913;ZA5914;ZA5929;ZA5930;ZA5931;ZA5932;ZA5933;ZA5964;ZA5965;ZA5998;ZA6595;ZA6596;ZA6642;ZA6693;ZA6696;ZA6697;ZA6861;ZA6862;ZA6925;ZA6927;ZA6939;ZA6963;ZA7484;ZA7488;ZA7489;ZA7556;ZA7561;ZA7562;ZA7575;ZA7576,38,0.950000,0.952381,0.000000,UNION_CONSENSUS,40,2
p7fr_r,P7FR_R REGION,REGION - FRANCE NUTS 1,France (EUROSTAT NUTS 1 LEVEL) – Zones d'études et d'aménagement du territoire Z.E.A.T. (Research and National Development Zones),France (EUROSTAT NUTS 1 LEVEL) – Zones d'études et d'aménagement du territoire Z.E.A.T. (Research and National Development Zones),Eurobarometer semantic union consensus,922,ZA7601,UNION_CONSENSUS,ZA5565;ZA5566;ZA5612;ZA5685;ZA5686;ZA5689;ZA5876;ZA5878;ZA5913;ZA5914;ZA5929;ZA5930;ZA5931;ZA5932;ZA5933;ZA5964;ZA5965;ZA5998;ZA6595;ZA6596;ZA6642;ZA6693;ZA6696;ZA6697;ZA6861;ZA6862;ZA6925;ZA6927;ZA6939;ZA6963;ZA7484;ZA7488;ZA7489;ZA7556;ZA7561;ZA7562;ZA7575;ZA7576,38,0.950000,1.000000,0.000000,UNION_CONSENSUS,40,2
p7gb,P7GB REGION,REGION - UNITED KINGDOM NUTS 1,United Kingdom (GB-NIR: EUROSTAT NUTS 3 LEVEL; GB-GBN: EUROSTAT NUTS 1 LEVEL),United Kingdom (GB-NIR: EUROSTAT NUTS 3 LEVEL; GB-GBN: EUROSTAT NUTS 1 LEVEL),Eurobarometer semantic union consensus,936,ZA7601,UNION_CONSENSUS,ZA5565;ZA5566;ZA5612;ZA5685;ZA5686;ZA5689;ZA5876;ZA5878;ZA5913;ZA5914;ZA5929;ZA5930;ZA5931;ZA5932;ZA5933;ZA5964;ZA5965;ZA5998;ZA6595;ZA6596;ZA6642;ZA6693;ZA6696;ZA6697;ZA6861;ZA6862;ZA6925;ZA6927;ZA6939;ZA6963;ZA7484;ZA7488;ZA7489;ZA7556;ZA7561;ZA7562;ZA7575;ZA7576,38,0.950000,1.000000,0.000000,UNION_CONSENSUS,40,2
p7gb_r,,REGION - UNITED KINGDOM NUTS 1 MOD,,REGION - UNITED KINGDOM NUTS 1 MOD,Eurobarometer semantic union consensus,1493,ZA7601,UNION_CONSENSUS,ZA5612;ZA5685;ZA5686;ZA5689;ZA5876;ZA5878;ZA5913;ZA5914;ZA5929;ZA5930;ZA5931;ZA5932;ZA5933;ZA5964;ZA5965;ZA5998;ZA6595;ZA6596;ZA6642;ZA6693;ZA6696;ZA6697;ZA6861;ZA6862;ZA6925;ZA6927;ZA6939;ZA6963;ZA7484;ZA7488;ZA7489;ZA7556;ZA7561;ZA7562;ZA7575;ZA7576,36,0.900000,1.000000,0.000000,UNION_CONSENSUS,40,3
p7hu,P7HU REGION,REGION - HUNGARY NUTS 2,Hungary (EUROSTAT NUTS 2 LEVEL) – Tervezési-statisztikai régiók,Hungary (EUROSTAT NUTS 2 LEVEL) – Tervezési-statisztikai régiók,Eurobarometer semantic union consensus,956,ZA7601,UNION_CONSENSUS,ZA5565;ZA5566;ZA5612;ZA5685;ZA5686;ZA5689;ZA5876;ZA5878;ZA5913;ZA5914;ZA5929;ZA5930;ZA5931;ZA5932;ZA5933;ZA5964;ZA5965;ZA5998;ZA6595;ZA6596;ZA6642;ZA6693;ZA6696;ZA6697;ZA6861;ZA6862;ZA6925;ZA6927;ZA6939;ZA6963;ZA7484;ZA7488;ZA7489;ZA7556;ZA7561;ZA7562;ZA7575;ZA7576,38,0.950000,1.000000,0.000000,UNION_CONSENSUS,40,2
p7hu_r,P7HU_R REGION,REGION - HUNGARY NUTS 1,Hungary (EUROSTAT NUTS 1 LEVEL) – Statisztikai nagyrégiók,Hungary (EUROSTAT NUTS 1 LEVEL) – Statisztikai nagyrégiók,Eurobarometer semantic union consensus,957,ZA7601,UNION_CONSENSUS,ZA5565;ZA5566;ZA5612;ZA5685;ZA5686;ZA5689;ZA5876;ZA5878;ZA5913;ZA5914;ZA5929;ZA5930;ZA5931;ZA5932;ZA5933;ZA5964;ZA5965;ZA5998;ZA6595;ZA6596;ZA6642;ZA6693;ZA6696;ZA6697;ZA6861;ZA6862;ZA6925;ZA6927;ZA6939;ZA6963;ZA7484;ZA7488;ZA7489;ZA7556;ZA7561;ZA7562;ZA7575;ZA7576,38,0.950000,1.000000,0.000000,UNION_CONSENSUS,40,2
p7ie,,REGION - IRELAND NUTS 3,,REGION - IRELAND NUTS 3,Eurobarometer semantic union support match,1489,ZA7601,UNION_SUPPORT_MATCH,ZA5914;ZA5929;ZA5930;ZA5931;ZA5932;ZA5933;ZA5964;ZA5965;ZA5998;ZA6595;ZA6596;ZA6642;ZA6693;ZA6696;ZA6697;ZA6861;ZA6862;ZA6925;ZA6927;ZA6939;ZA6963;ZA7484;ZA7488;ZA7489;ZA7556;ZA7561;ZA7562;ZA7575;ZA7576,29,0.725000,1.000000,0.000000,UNION_SUPPORT_MATCH,40,3
p7it,,REGION - ITALY NUTS 2 MOD,,REGION - ITALY NUTS 2 MOD,Eurobarometer semantic union consensus,1483,ZA7601,UNION_CONSENSUS,ZA5612;ZA5685;ZA5686;ZA5689;ZA5876;ZA5878;ZA5913;ZA5914;ZA5929;ZA5930;ZA5931;ZA5932;ZA5933;ZA5964;ZA5965;ZA5998;ZA6595;ZA6596;ZA6642;ZA6693;ZA6696;ZA6697;ZA6861;ZA6862;ZA6925;ZA6927;ZA6939;ZA6963;ZA7484;ZA7488;ZA7489;ZA7556;ZA7561;ZA7562;ZA7575;ZA7576,36,0.900000,0.941176,0.000000,UNION_CONSENSUS,40,3
p7it_r1,,REGION - ITALY NUTS 1,,REGION - ITALY NUTS 1,Eurobarometer semantic union consensus,1485,ZA7601,UNION_CONSENSUS,ZA5565;ZA5566;ZA5612;ZA5685;ZA5686;ZA5689;ZA5876;ZA5878;ZA5913;ZA5914;ZA5929;ZA5930;ZA5931;ZA5932;ZA5933;ZA5964;ZA5965;ZA5998;ZA6595;ZA6596;ZA6642;ZA6693;ZA6696;ZA6697;ZA6861;ZA6862;ZA6925;ZA6927;ZA6939;ZA6963;ZA7484;ZA7488;ZA7489;ZA7556;ZA7561;ZA7562;ZA7575;ZA7576,38,0.950000,1.000000,0.000000,UNION_CONSENSUS,40,2
p7it_r2,,REGION - ITALY NUTS 1 MOD,,REGION - ITALY NUTS 1 MOD,Eurobarometer semantic union consensus,1486,ZA7601,UNION_CONSENSUS,ZA5612;ZA5685;ZA5686;ZA5689;ZA5876;ZA5878;ZA5913;ZA5914;ZA5929;ZA5930;ZA5931;ZA5932;ZA5933;ZA5964;ZA5965;ZA5998;ZA6595;ZA6596;ZA6642;ZA6693;ZA6696;ZA6697;ZA6861;ZA6862;ZA6925;ZA6927;ZA6939;ZA6963;ZA7484;ZA7488;ZA7489;ZA7556;ZA7561;ZA7562;ZA7575;ZA7576,36,0.900000,1.000000,0.000000,UNION_CONSENSUS,40,3
p7lt,P7LT REGION,REGION - LITHUANIA NUTS 3,Lithuania (EUROSTAT NUTS 3 LEVEL) – Apskritys (counties),Lithuania (EUROSTAT NUTS 3 LEVEL) – Apskritys (counties),Eurobarometer semantic union consensus,959,ZA7601,UNION_CONSENSUS,ZA5565;ZA5566;ZA5612;ZA5685;ZA5686;ZA5689;ZA5876;ZA5878;ZA5913;ZA5914;ZA5929;ZA5930;ZA5931;ZA5932;ZA5933;ZA5964;ZA5965;ZA5998;ZA6595;ZA6596;ZA6642;ZA6693;ZA6696;ZA6697;ZA6861;ZA6862;ZA6925;ZA6927;ZA6939;ZA6963;ZA7484;ZA7488;ZA7489;ZA7556;ZA7561;ZA7562;ZA7575;ZA7576,38,0.950000,1.000000,0.000000,UNION_CONSENSUS,40,2
p7lu,P7LU REGION,REGION - LUXEMBOURG,Luxembourg – Non-NUTS subdivisions,Luxembourg – Non-NUTS subdivisions,Eurobarometer semantic union consensus,933,ZA7601,UNION_CONSENSUS,ZA5565;ZA5566;ZA5612;ZA5685;ZA5686;ZA5689;ZA5876;ZA5878;ZA5913;ZA5914;ZA5929;ZA5930;ZA5931;ZA5932;ZA5933;ZA5964;ZA5965;ZA5998;ZA6595;ZA6596;ZA6642;ZA6693;ZA6696;ZA6697;ZA6861;ZA6862;ZA6925;ZA6927;ZA6939;ZA6963;ZA7484;ZA7488;ZA7489;ZA7556;ZA7561;ZA7562;ZA7575;ZA7576,38,0.950000,1.000000,0.000000,UNION_CONSENSUS,40,2
p7lv,P7LV REGION,REGION - LATVIA NUTS 3,Latvia (EUROSTAT NUTS 3 LEVEL) – Statistiskie reģioni,Latvia (EUROSTAT NUTS 3 LEVEL) – Statistiskie reģioni,Eurobarometer semantic union consensus,958,ZA7601,UNION_CONSENSUS,ZA5565;ZA5566;ZA5612;ZA5685;ZA5686;ZA5689;ZA5876;ZA5878;ZA5913;ZA5914;ZA5929;ZA5930;ZA5931;ZA5932;ZA5933;ZA5964;ZA5965;ZA5998;ZA6595;ZA6596;ZA6642;ZA6693;ZA6696;ZA6697;ZA6861;ZA6862;ZA6925;ZA6927;ZA6939;ZA6963;ZA7484;ZA7488;ZA7489;ZA7556;ZA7561;ZA7562;ZA7575;ZA7576,38,0.950000,1.000000,0.000000,UNION_CONSENSUS,40,2
p7nl,P7NL REGION,REGION - NETHERLANDS NUTS 2,The Netherlands (EUROSTAT NUTS 2 LEVEL) – Provincies,The Netherlands (EUROSTAT NUTS 2 LEVEL) – Provincies,Eurobarometer semantic union consensus,925,ZA7601,UNION_CONSENSUS,ZA5565;ZA5566;ZA5612;ZA5685;ZA5686;ZA5689;ZA5876;ZA5878;ZA5913;ZA5914;ZA5929;ZA5930;ZA5931;ZA5932;ZA5933;ZA5964;ZA5965;ZA5998;ZA6595;ZA6596;ZA6642;ZA6693;ZA6696;ZA6697;ZA6861;ZA6862;ZA6925;ZA6927;ZA6939;ZA6963;ZA7484;ZA7488;ZA7489;ZA7556;ZA7561;ZA7562;ZA7575;ZA7576,38,0.950000,1.000000,0.000000,UNION_CONSENSUS,40,2
p7nl_r,P7NL_R REGION,REGION - NETHERLANDS NUTS 1,The Netherlands (EUROSTAT NUTS 1 LEVEL) – Landsdelen,The Netherlands (EUROSTAT NUTS 1 LEVEL) – Landsdelen,Eurobarometer semantic union consensus,926,ZA7601,UNION_CONSENSUS,ZA5565;ZA5566;ZA5612;ZA5685;ZA5686;ZA5689;ZA5876;ZA5878;ZA5913;ZA5914;ZA5929;ZA5930;ZA5931;ZA5932;ZA5933;ZA5964;ZA5965;ZA5998;ZA6595;ZA6596;ZA6642;ZA6693;ZA6696;ZA6697;ZA6861;ZA6862;ZA6925;ZA6927;ZA6939;ZA6963;ZA7484;ZA7488;ZA7489;ZA7556;ZA7561;ZA7562;ZA7575;ZA7576,38,0.950000,1.000000,0.000000,UNION_CONSENSUS,40,2
p7pl,P7PL REGION,REGION - POLAND NUTS 2,Poland (EUROSTAT NUTS 2 LEVEL) – Województwa (Voivodeship),Poland (EUROSTAT NUTS 2 LEVEL) – Województwa (Voivodeship),Eurobarometer semantic union consensus,960,ZA7601,UNION_CONSENSUS,ZA5565;ZA5566;ZA5612;ZA5685;ZA5686;ZA5689;ZA5876;ZA5878;ZA5913;ZA5914;ZA5929;ZA5930;ZA5931;ZA5932;ZA5933;ZA5964;ZA5965;ZA5998;ZA6595;ZA6596;ZA6642;ZA6693;ZA6696;ZA6697;ZA6861;ZA6862;ZA6925;ZA6927;ZA6939;ZA6963;ZA7484;ZA7488;ZA7489;ZA7556;ZA7561;ZA7562;ZA7575;ZA7576,38,0.950000,1.000000,0.000000,UNION_CONSENSUS,40,2
p7pl_r,P7PL_R REGION,REGION - POLAND NUTS 1,Poland (EUROSTAT NUTS 1 LEVEL) – Regiony,Poland (EUROSTAT NUTS 1 LEVEL) – Regiony,Eurobarometer semantic union consensus,962,ZA7601,UNION_CONSENSUS,ZA5565;ZA5566;ZA5612;ZA5685;ZA5686;ZA5689;ZA5876;ZA5878;ZA5913;ZA5914;ZA5929;ZA5930;ZA5931;ZA5932;ZA5933;ZA5964;ZA5965;ZA5998;ZA6595;ZA6596;ZA6642;ZA6693;ZA6696;ZA6697;ZA6861;ZA6862;ZA6925;ZA6927;ZA6939;ZA6963;ZA7484;ZA7488;ZA7489;ZA7556;ZA7561;ZA7562;ZA7575;ZA7576,38,0.950000,1.000000,0.000000,UNION_CONSENSUS,40,2
p7pt,P7PT REGION,REGION - PORTUGAL NUTS 2,Portugal (EUROSTAT NUTS 2 LEVEL) – Comissaoes de Coordenaçao regional + Regioes autonomas,Portugal (EUROSTAT NUTS 2 LEVEL) – Comissaoes de Coordenaçao regional + Regioes autonomas,Eurobarometer semantic union consensus,945,ZA7601,UNION_CONSENSUS,ZA5565;ZA5566;ZA5612;ZA5685;ZA5686;ZA5689;ZA5876;ZA5878;ZA5913;ZA5914;ZA5929;ZA5930;ZA5931;ZA5932;ZA5933;ZA5964;ZA5965;ZA5998;ZA6595;ZA6596;ZA6642;ZA6693;ZA6696;ZA6697;ZA6861;ZA6862;ZA6925;ZA6927;ZA6939;ZA6963;ZA7484;ZA7488;ZA7489;ZA7556;ZA7561;ZA7562;ZA7575;ZA7576,38,0.950000,1.000000,0.000000,UNION_CONSENSUS,40,2
p7ro,P7RO REGION,REGION - ROMANIA NUTS 2,Romania (EUROSTAT NUTS 2 LEVEL) – Regiuni,Romania (EUROSTAT NUTS 2 LEVEL) – Regiuni,Eurobarometer semantic union consensus,969,ZA7601,UNION_CONSENSUS,ZA5565;ZA5566;ZA5612;ZA5685;ZA5686;ZA5689;ZA5876;ZA5878;ZA5913;ZA5914;ZA5929;ZA5930;ZA5931;ZA5932;ZA5933;ZA5964;ZA5965;ZA5998;ZA6595;ZA6596;ZA6642;ZA6693;ZA6696;ZA6697;ZA6861;ZA6862;ZA6925;ZA6927;ZA6939;ZA6963;ZA7484;ZA7488;ZA7489;ZA7556;ZA7561;ZA7562;ZA7575;ZA7576,38,0.950000,1.000000,0.000000,UNION_CONSENSUS,40,2
p7ro_r,P7RO_R REGION,REGION - ROMANIA NUTS 1,Romania (EUROSTAT NUTS 1 LEVEL) – Macroregiuni,Romania (EUROSTAT NUTS 1 LEVEL) – Macroregiuni,Eurobarometer semantic union consensus,970,ZA7601,UNION_CONSENSUS,ZA5565;ZA5566;ZA5612;ZA5685;ZA5686;ZA5689;ZA5876;ZA5878;ZA5913;ZA5914;ZA5929;ZA5930;ZA5931;ZA5932;ZA5933;ZA5964;ZA5965;ZA5998;ZA6595;ZA6596;ZA6642;ZA6693;ZA6696;ZA6697;ZA6861;ZA6862;ZA6925;ZA6927;ZA6939;ZA6963;ZA7484;ZA7488;ZA7489;ZA7556;ZA7561;ZA7562;ZA7575;ZA7576,38,0.950000,1.000000,0.000000,UNION_CONSENSUS,40,2
p7se,P7SE REGION,REGION - SWEDEN NUTS 2,Sweden (EUROSTAT NUTS 2 LEVEL) – Riksområden,Sweden (EUROSTAT NUTS 2 LEVEL) – Riksområden,Eurobarometer semantic union consensus,949,ZA7601,UNION_CONSENSUS,ZA5565;ZA5566;ZA5612;ZA5685;ZA5686;ZA5689;ZA5876;ZA5878;ZA5913;ZA5914;ZA5929;ZA5931;ZA5932;ZA5933;ZA5964;ZA5965;ZA5998;ZA6595;ZA6596;ZA6642;ZA6693;ZA6696;ZA6697;ZA6861;ZA6862;ZA6925;ZA6927;ZA6939;ZA6963;ZA7484;ZA7488;ZA7489;ZA7556;ZA7561;ZA7562;ZA7575;ZA7576,37,0.925000,1.000000,0.000000,UNION_CONSENSUS,40,3
p7se_r,P7SE_R REGION,REGION - SWEDEN NUTS 1,Sweden (EUROSTAT NUTS 1 LEVEL) – Grupper av riksområden,Sweden (EUROSTAT NUTS 1 LEVEL) – Grupper av riksområden,Eurobarometer semantic union consensus,950,ZA7601,UNION_CONSENSUS,ZA5565;ZA5566;ZA5612;ZA5685;ZA5686;ZA5689;ZA5876;ZA5878;ZA5913;ZA5914;ZA5929;ZA5931;ZA5932;ZA5933;ZA5964;ZA5965;ZA5998;ZA6595;ZA6596;ZA6642;ZA6693;ZA6696;ZA6697;ZA6861;ZA6862;ZA6925;ZA6927;ZA6939;ZA6963;ZA7484;ZA7488;ZA7489;ZA7556;ZA7561;ZA7562;ZA7575;ZA7576,37,0.925000,1.000000,0.000000,UNION_CONSENSUS,40,3
p7si,P7SI REGION,REGION - SLOVENIA NUTS 3,Slovenia (EUROSTAT NUTS 3 LEVEL) – Statistične regije (statistical regions),Slovenia (EUROSTAT NUTS 3 LEVEL) – Statistične regije (statistical regions),Eurobarometer semantic union consensus,964,ZA7601,UNION_CONSENSUS,ZA5565;ZA5566;ZA5612;ZA5685;ZA5686;ZA5689;ZA5876;ZA5878;ZA5913;ZA5914;ZA5929;ZA5930;ZA5931;ZA5932;ZA5933;ZA5964;ZA5965;ZA5998;ZA6595;ZA6596;ZA6642;ZA6693;ZA6696;ZA6697;ZA6861;ZA6862;ZA6925;ZA6927;ZA6939;ZA6963;ZA7484;ZA7488;ZA7489;ZA7556;ZA7561;ZA7562;ZA7575;ZA7576,38,0.950000,1.000000,0.000000,UNION_CONSENSUS,40,2
p7si_r,P7SI_R REGION,REGION - SLOVENIA NUTS 2,Slovenia (EUROSTAT NUTS 2 LEVEL) – Kohezijske regije,Slovenia (EUROSTAT NUTS 2 LEVEL) – Kohezijske regije,Eurobarometer semantic union consensus,965,ZA7601,UNION_CONSENSUS,ZA5565;ZA5566;ZA5612;ZA5685;ZA5686;ZA5689;ZA5876;ZA5878;ZA5913;ZA5914;ZA5929;ZA5930;ZA5931;ZA5932;ZA5933;ZA5964;ZA5965;ZA5998;ZA6595;ZA6596;ZA6642;ZA6693;ZA6696;ZA6697;ZA6861;ZA6862;ZA6925;ZA6927;ZA6939;ZA6963;ZA7484;ZA7488;ZA7489;ZA7556;ZA7561;ZA7562;ZA7575;ZA7576,38,0.950000,1.000000,0.000000,UNION_CONSENSUS,40,2
p7sk,P7SK REGION,REGION - SLOVAKIA NUTS 2,Slovakia (EUROSTAT NUTS 2 LEVEL) – Oblasti,Slovakia (EUROSTAT NUTS 2 LEVEL) – Oblasti,Eurobarometer semantic union consensus,963,ZA7601,UNION_CONSENSUS,ZA5565;ZA5566;ZA5612;ZA5685;ZA5686;ZA5689;ZA5876;ZA5878;ZA5913;ZA5914;ZA5929;ZA5930;ZA5931;ZA5932;ZA5933;ZA5964;ZA5965;ZA5998;ZA6595;ZA6596;ZA6642;ZA6693;ZA6696;ZA6697;ZA6861;ZA6862;ZA6925;ZA6927;ZA6939;ZA6963;ZA7484;ZA7488;ZA7489;ZA7556;ZA7561;ZA7562;ZA7575;ZA7576,38,0.950000,1.000000,0.000000,UNION_CONSENSUS,40,2
p7hr,,REGION - CROATIA NUTS 3,,REGION - CROATIA NUTS 3,Eurobarometer semantic union support match,586,ZA7601,UNION_SUPPORT_MATCH,ZA5914;ZA5929;ZA5930;ZA5931;ZA5932;ZA5933;ZA5964;ZA5965;ZA5998;ZA6595;ZA6596;ZA6642;ZA6693;ZA6696;ZA6697;ZA6861;ZA6862;ZA6925;ZA6927;ZA6939;ZA6963;ZA7484;ZA7488;ZA7489;ZA7556;ZA7561;ZA7562;ZA7575;ZA7576,29,0.783784,1.000000,0.000000,UNION_SUPPORT_MATCH,37,2
p7hr_r,,REGION - CROATIA NUTS 2,,REGION - CROATIA NUTS 2,Eurobarometer semantic union consensus,1527,ZA7601,UNION_CONSENSUS,ZA5914;ZA5929;ZA5930;ZA5931;ZA5932;ZA5933;ZA5964;ZA5965;ZA5998;ZA6595;ZA6596;ZA6642;ZA6693;ZA6696;ZA6697;ZA6861;ZA6862;ZA6925;ZA6927;ZA6939;ZA6963;ZA7484;ZA7488;ZA7489;ZA7556;ZA7561;ZA7562;ZA7575;ZA7576,29,1.000000,1.000000,0.000000,UNION_CONSENSUS,29,1
p7al,,REGION - ALBANIA NUTS 3,,REGION - ALBANIA NUTS 3,Eurobarometer semantic union consensus,1532,ZA7601,UNION_CONSENSUS,ZA5932;ZA5998;ZA6963;ZA7489;ZA7576,5,1.000000,1.000000,0.000000,UNION_CONSENSUS,5,1
p7tr,P7TR REGION,REGION - TURKEY NUTS 2,Turkey (EUROSTAT NUTS 2 LEVEL) – Alt bölgeler,Turkey (EUROSTAT NUTS 2 LEVEL) – Alt bölgeler,Eurobarometer semantic union consensus,971,ZA7601,UNION_CONSENSUS,ZA5566;ZA5612;ZA5685;ZA5689;ZA5876;ZA5932;ZA5998;ZA6963;ZA7489;ZA7576,10,1.000000,1.000000,0.000000,UNION_CONSENSUS,10,1
p7tr_r,P7TR_R REGION,REGION - TURKEY NUTS 1,Turkey (EUROSTAT NUTS 1 LEVEL) – Bölgeler,Turkey (EUROSTAT NUTS 1 LEVEL) – Bölgeler,Eurobarometer semantic union consensus,973,ZA7601,UNION_CONSENSUS,ZA5566;ZA5612;ZA5685;ZA5689;ZA5876;ZA5932;ZA5998;ZA6963;ZA7489;ZA7576,10,1.000000,1.000000,0.000000,UNION_CONSENSUS,10,1
p7cytcc,,,,p7cytcc,native LSM source map (union fallback unresolved),,ZA7601,UNRESOLVED_NATIVE,,0,0.000000,0.000000,0.000000,UNRESOLVED_NATIVE,0,0
p7mk,,REGION - MAKEDONIA (FYROM) NUTS 3,,REGION - MAKEDONIA (FYROM) NUTS 3,Eurobarometer semantic union context match,1360,ZA7601,UNION_CONTEXT_MATCH,ZA5612;ZA5689;ZA5876;ZA5932;ZA5998;ZA6963;ZA7489,7,0.700000,1.000000,0.607355,UNION_CONTEXT_MATCH,10,4
p7me,,REGION - MONTENEGRO,,REGION - MONTENEGRO,Eurobarometer semantic union consensus,1530,ZA7601,UNION_CONSENSUS,ZA5612;ZA5685;ZA5689;ZA5876;ZA5932;ZA5998;ZA6963;ZA7489;ZA7576,9,1.000000,1.000000,0.000000,UNION_CONSENSUS,9,1
p7rs,,REGION - SERBIA,,REGION - SERBIA,Eurobarometer semantic union consensus,1531,ZA7601,UNION_CONSENSUS,ZA5612;ZA5685;ZA5689;ZA5876;ZA5932;ZA5998;ZA6963;ZA7489;ZA7576,9,1.000000,1.000000,0.000000,UNION_CONSENSUS,9,1
nutslvl,page 1509,REGION - NUTS LEVEL,Eurobarometer 91.5 - June-July 2019,Eurobarometer 91.5 - June-July 2019,Eurobarometer semantic union consensus,1545,ZA7601,UNION_CONSENSUS,ZA5565;ZA5566;ZA5596;ZA5598;ZA5612;ZA5685;ZA5686;ZA5689;ZA5876;ZA5878;ZA5913;ZA5914;ZA5929;ZA5930;ZA5931;ZA5932;ZA5933;ZA5964;ZA5965;ZA5998;ZA6595;ZA6596;ZA6642;ZA6693;ZA6696;ZA6697;ZA6861;ZA6862;ZA6925;ZA6927;ZA6939;ZA6963;ZA7484;ZA7488;ZA7489;ZA7556;ZA7561;ZA7562;ZA7575;ZA7576,40,1.000000,1.000000,0.000000,UNION_CONSENSUS,40,1
p13be,p13be,LANGUAGE OF INTERVIEW - BELGIUM,Value Label Missing Count Percent Valid Percent,Value Label Missing Count Percent Valid Percent,Eurobarometer semantic union consensus,1547,ZA7601,UNION_CONSENSUS,ZA5565;ZA5566;ZA5612;ZA5685;ZA5686;ZA5689;ZA5876;ZA5878;ZA5913;ZA5914;ZA5929;ZA5930;ZA5931;ZA5932;ZA5933;ZA5964;ZA5965;ZA5998;ZA6595;ZA6596;ZA6642;ZA6693;ZA6696;ZA6697;ZA6861;ZA6862;ZA6925;ZA6927;ZA6939;ZA6963;ZA7484;ZA7488;ZA7489;ZA7556;ZA7561;ZA7562;ZA7575;ZA7576,38,0.950000,1.000000,0.000000,UNION_CONSENSUS,40,2
p13ee,p13ee,LANGUAGE OF INTERVIEW - ESTONIA,Value Label Missing Count Percent Valid Percent,Value Label Missing Count Percent Valid Percent,Eurobarometer semantic union consensus,1551,ZA7601,UNION_CONSENSUS,ZA5565;ZA5566;ZA5612;ZA5685;ZA5686;ZA5689;ZA5876;ZA5878;ZA5913;ZA5914;ZA5929;ZA5930;ZA5931;ZA5932;ZA5933;ZA5964;ZA5965;ZA5998;ZA6595;ZA6596;ZA6642;ZA6693;ZA6696;ZA6697;ZA6861;ZA6862;ZA6925;ZA6927;ZA6939;ZA6963;ZA7484;ZA7488;ZA7489;ZA7556;ZA7561;ZA7562;ZA7575;ZA7576,38,0.950000,1.000000,0.000000,UNION_CONSENSUS,40,2
p13es,p13es,LANGUAGE OF INTERVIEW - SPAIN,Value Label Missing Count Percent Valid Percent,Value Label Missing Count Percent Valid Percent,Eurobarometer semantic union consensus,1549,ZA7601,UNION_CONSENSUS,ZA5565;ZA5566;ZA5612;ZA5685;ZA5686;ZA5689;ZA5876;ZA5878;ZA5913;ZA5914;ZA5929;ZA5930;ZA5931;ZA5932;ZA5933;ZA5964;ZA5965;ZA5998;ZA6595;ZA6596;ZA6642;ZA6693;ZA6696;ZA6697;ZA6861;ZA6862;ZA6925;ZA6927;ZA6939;ZA6963;ZA7484;ZA7488;ZA7489;ZA7556;ZA7561;ZA7562;ZA7575;ZA7576,38,0.950000,1.000000,0.000000,UNION_CONSENSUS,40,2
p13fi,p13fi,LANGUAGE OF INTERVIEW - FINLAND,Value Label Missing Count Percent Valid Percent,Value Label Missing Count Percent Valid Percent,Eurobarometer semantic union consensus,1550,ZA7601,UNION_CONSENSUS,ZA5565;ZA5566;ZA5612;ZA5685;ZA5686;ZA5689;ZA5876;ZA5878;ZA5913;ZA5914;ZA5929;ZA5930;ZA5931;ZA5932;ZA5933;ZA5964;ZA5965;ZA5998;ZA6595;ZA6596;ZA6642;ZA6693;ZA6696;ZA6697;ZA6861;ZA6862;ZA6925;ZA6927;ZA6939;ZA6963;ZA7484;ZA7488;ZA7489;ZA7556;ZA7561;ZA7562;ZA7575;ZA7576,38,0.950000,1.000000,0.000000,UNION_CONSENSUS,40,2
p13lu,p13lu,LANGUAGE OF INTERVIEW - LUXEMBOURG,Value Label Missing Count Percent Valid Percent,Value Label Missing Count Percent Valid Percent,Eurobarometer semantic union consensus,1548,ZA7601,UNION_CONSENSUS,ZA5565;ZA5566;ZA5612;ZA5685;ZA5686;ZA5689;ZA5876;ZA5878;ZA5913;ZA5914;ZA5929;ZA5930;ZA5931;ZA5932;ZA5933;ZA5964;ZA5965;ZA5998;ZA6595;ZA6596;ZA6642;ZA6693;ZA6696;ZA6697;ZA6861;ZA6862;ZA6925;ZA6927;ZA6939;ZA6963;ZA7484;ZA7488;ZA7489;ZA7556;ZA7561;ZA7562;ZA7575;ZA7576,38,0.950000,1.000000,0.000000,UNION_CONSENSUS,40,2
p13lv,p13lv,LANGUAGE OF INTERVIEW - LATVIA,Value Label Missing Count Percent Valid Percent,Value Label Missing Count Percent Valid Percent,Eurobarometer semantic union consensus,1552,ZA7601,UNION_CONSENSUS,ZA5565;ZA5566;ZA5612;ZA5685;ZA5686;ZA5689;ZA5876;ZA5878;ZA5913;ZA5914;ZA5929;ZA5930;ZA5931;ZA5932;ZA5933;ZA5964;ZA5965;ZA5998;ZA6595;ZA6596;ZA6642;ZA6693;ZA6696;ZA6697;ZA6861;ZA6862;ZA6925;ZA6927;ZA6939;ZA6963;ZA7484;ZA7488;ZA7489;ZA7556;ZA7561;ZA7562;ZA7575;ZA7576,38,0.950000,1.000000,0.000000,UNION_CONSENSUS,40,2
p13mt,p13mt,LANGUAGE OF INTERVIEW - MALTA,Value Label Missing Count Percent Valid Percent,Value Label Missing Count Percent Valid Percent,Eurobarometer semantic union consensus,1553,ZA7601,UNION_CONSENSUS,ZA5565;ZA5566;ZA5612;ZA5685;ZA5686;ZA5689;ZA5876;ZA5878;ZA5913;ZA5914;ZA5929;ZA5930;ZA5931;ZA5932;ZA5933;ZA5964;ZA5965;ZA5998;ZA6595;ZA6596;ZA6642;ZA6693;ZA6696;ZA6697;ZA6861;ZA6862;ZA6925;ZA6927;ZA6939;ZA6963;ZA7484;ZA7488;ZA7489;ZA7556;ZA7561;ZA7562;ZA7575;ZA7576,38,0.950000,1.000000,0.000000,UNION_CONSENSUS,40,2
p13tr,p13tr,LANGUAGE OF INTERVIEW - TURKEY,Value Label Missing Count Percent Valid Percent,Value Label Missing Count Percent Valid Percent,Eurobarometer semantic union consensus,1554,ZA7601,UNION_CONSENSUS,ZA5566;ZA5612;ZA5685;ZA5689;ZA5876;ZA5932;ZA5998;ZA6963;ZA7489;ZA7576,10,1.000000,1.000000,0.000000,UNION_CONSENSUS,10,1
p13mk,p13mk,LANGUAGE OF INTERVIEW - MAKEDONIA (FYROM),Value Label Missing Count Percent Valid Percent,Value Label Missing Count Percent Valid Percent,Eurobarometer semantic union consensus,1455,ZA7601,UNION_CONSENSUS,ZA5612;ZA5685;ZA5689;ZA5876;ZA5932;ZA5998;ZA6963;ZA7489,8,0.800000,1.000000,0.000000,UNION_CONSENSUS,10,3
cntry_de,page 1354,NATION (UNITED GERMANY) ISO3166,Eurobarometer 89.1 - March 2018,Eurobarometer 89.1 - March 2018,Eurobarometer semantic union consensus,1387,ZA7601,UNION_CONSENSUS,ZA6862;ZA6939;ZA6963,3,1.000000,1.000000,0.000000,UNION_CONSENSUS,3,1
eu6,page 23,NATION GROUP EU6 (FOUNDER MEMBERS),Eurobarometer 91.5 - June-July 2019,Eurobarometer 91.5 - June-July 2019,Eurobarometer semantic union consensus,59,ZA7601,UNION_CONSENSUS,ZA5565;ZA5566;ZA5596;ZA5598;ZA5612;ZA5685;ZA5686;ZA5689;ZA5876;ZA5878;ZA5913;ZA5914;ZA5929;ZA5930;ZA5931;ZA5932;ZA5933;ZA5964;ZA5965;ZA5998;ZA6595;ZA6596;ZA6642;ZA6693;ZA6696;ZA6697;ZA6861;ZA6862;ZA6925;ZA6927;ZA6939;ZA6963;ZA7484;ZA7488;ZA7489;ZA7556;ZA7561;ZA7562;ZA7575;ZA7576,40,1.000000,1.000000,0.000000,UNION_CONSENSUS,40,1
eu9,page 26,NATION GROUP EU9 (1973),Eurobarometer 91.5 - June-July 2019,Eurobarometer 91.5 - June-July 2019,Eurobarometer semantic union consensus,62,ZA7601,UNION_CONSENSUS,ZA5565;ZA5566;ZA5596;ZA5598;ZA5612;ZA5685;ZA5686;ZA5689;ZA5876;ZA5878;ZA5913;ZA5914;ZA5929;ZA5930;ZA5931;ZA5932;ZA5933;ZA5964;ZA5965;ZA5998;ZA6595;ZA6596;ZA6642;ZA6693;ZA6696;ZA6697;ZA6861;ZA6862;ZA6925;ZA6927;ZA6939;ZA6963;ZA7484;ZA7488;ZA7489;ZA7556;ZA7561;ZA7562;ZA7575;ZA7576,40,1.000000,1.000000,0.000000,UNION_CONSENSUS,40,1
eu10,page 29,NATION GROUP EU10 (1981),Eurobarometer 91.5 - June-July 2019,Eurobarometer 91.5 - June-July 2019,Eurobarometer semantic union consensus,65,ZA7601,UNION_CONSENSUS,ZA5565;ZA5566;ZA5596;ZA5598;ZA5612;ZA5685;ZA5686;ZA5689;ZA5876;ZA5878;ZA5913;ZA5914;ZA5929;ZA5930;ZA5931;ZA5932;ZA5933;ZA5964;ZA5965;ZA5998;ZA6595;ZA6596;ZA6642;ZA6693;ZA6696;ZA6697;ZA6861;ZA6862;ZA6925;ZA6927;ZA6939;ZA6963;ZA7484;ZA7488;ZA7489;ZA7556;ZA7561;ZA7562;ZA7575;ZA7576,40,1.000000,1.000000,0.000000,UNION_CONSENSUS,40,1
eu12_1,page 32,NATION GROUP EU12 (1986),Eurobarometer 91.5 - June-July 2019,Eurobarometer 91.5 - June-July 2019,Eurobarometer semantic union consensus,68,ZA7601,UNION_CONSENSUS,ZA5565;ZA5566;ZA5596;ZA5598;ZA5612;ZA5685;ZA5686;ZA5689;ZA5876;ZA5878;ZA5913;ZA5914;ZA5929;ZA5930;ZA5931;ZA5932;ZA5933;ZA5964;ZA5965;ZA5998;ZA6595;ZA6596;ZA6642;ZA6693;ZA6696;ZA6697;ZA6861;ZA6862;ZA6925;ZA6927;ZA6939;ZA6963;ZA7484;ZA7488;ZA7489;ZA7556;ZA7561;ZA7562;ZA7575;ZA7576,40,1.000000,1.000000,0.000000,UNION_CONSENSUS,40,1
eu12_2,page 35,NATION GROUP EU12 + DE-E (1990),Eurobarometer 91.5 - June-July 2019,Eurobarometer 91.5 - June-July 2019,Eurobarometer semantic union consensus,71,ZA7601,UNION_CONSENSUS,ZA5565;ZA5566;ZA5596;ZA5598;ZA5612;ZA5685;ZA5686;ZA5689;ZA5876;ZA5878;ZA5913;ZA5914;ZA5929;ZA5930;ZA5931;ZA5932;ZA5933;ZA5964;ZA5965;ZA5998;ZA6595;ZA6596;ZA6642;ZA6693;ZA6696;ZA6697;ZA6861;ZA6862;ZA6925;ZA6927;ZA6939;ZA6963;ZA7484;ZA7488;ZA7489;ZA7556;ZA7561;ZA7562;ZA7575;ZA7576,40,1.000000,1.000000,0.000000,UNION_CONSENSUS,40,1
eu_nms3,page 38,NATION GROUP EU NMS 3 (1995),Eurobarometer 91.5 - June-July 2019,Eurobarometer 91.5 - June-July 2019,Eurobarometer semantic union consensus,74,ZA7601,UNION_CONSENSUS,ZA5565;ZA5566;ZA5596;ZA5598;ZA5612;ZA5685;ZA5686;ZA5689;ZA5876;ZA5878;ZA5913;ZA5914;ZA5929;ZA5930;ZA5931;ZA5932;ZA5933;ZA5964;ZA5965;ZA5998;ZA6595;ZA6596;ZA6642;ZA6693;ZA6696;ZA6697;ZA6861;ZA6862;ZA6925;ZA6927;ZA6939;ZA6963;ZA7484;ZA7488;ZA7489;ZA7556;ZA7561;ZA7562;ZA7575;ZA7576,40,1.000000,1.000000,0.000000,UNION_CONSENSUS,40,1
eu15,page 41,NATION GROUP EU15 (1995),Eurobarometer 91.5 - June-July 2019,Eurobarometer 91.5 - June-July 2019,Eurobarometer semantic union consensus,77,ZA7601,UNION_CONSENSUS,ZA5565;ZA5566;ZA5596;ZA5598;ZA5612;ZA5685;ZA5686;ZA5689;ZA5876;ZA5878;ZA5913;ZA5914;ZA5929;ZA5930;ZA5931;ZA5932;ZA5933;ZA5964;ZA5965;ZA5998;ZA6595;ZA6596;ZA6642;ZA6693;ZA6696;ZA6697;ZA6861;ZA6862;ZA6925;ZA6927;ZA6939;ZA6963;ZA7484;ZA7488;ZA7489;ZA7556;ZA7561;ZA7562;ZA7575;ZA7576,40,1.000000,1.000000,0.000000,UNION_CONSENSUS,40,1
eu_nms10,page 44,NATION GROUP EU NMS 10 (2004),Eurobarometer 91.5 - June-July 2019,Eurobarometer 91.5 - June-July 2019,Eurobarometer semantic union consensus,80,ZA7601,UNION_CONSENSUS,ZA5565;ZA5566;ZA5596;ZA5598;ZA5612;ZA5685;ZA5686;ZA5689;ZA5876;ZA5878;ZA5913;ZA5914;ZA5929;ZA5930;ZA5931;ZA5932;ZA5933;ZA5964;ZA5965;ZA5998;ZA6595;ZA6596;ZA6642;ZA6693;ZA6696;ZA6697;ZA6861;ZA6862;ZA6925;ZA6927;ZA6939;ZA6963;ZA7484;ZA7488;ZA7489;ZA7556;ZA7561;ZA7562;ZA7575;ZA7576,40,1.000000,1.000000,0.000000,UNION_CONSENSUS,40,1
eu25,page 47,NATION GROUP EU25 (2004),Eurobarometer 91.5 - June-July 2019,Eurobarometer 91.5 - June-July 2019,Eurobarometer semantic union consensus,83,ZA7601,UNION_CONSENSUS,ZA5565;ZA5566;ZA5596;ZA5598;ZA5612;ZA5685;ZA5686;ZA5689;ZA5876;ZA5878;ZA5913;ZA5914;ZA5929;ZA5930;ZA5931;ZA5932;ZA5933;ZA5964;ZA5965;ZA5998;ZA6595;ZA6596;ZA6642;ZA6693;ZA6696;ZA6697;ZA6861;ZA6862;ZA6925;ZA6927;ZA6939;ZA6963;ZA7484;ZA7488;ZA7489;ZA7556;ZA7561;ZA7562;ZA7575;ZA7576,40,1.000000,1.000000,0.000000,UNION_CONSENSUS,40,1
eu_ac2,,,,eu_ac2,native LSM source map (union fallback unresolved),,ZA7601,UNRESOLVED_NATIVE,,0,0.000000,0.000000,0.000000,UNRESOLVED_NATIVE,0,0
eu_cc2,,,,eu_cc2,native LSM source map (union fallback unresolved),,ZA7601,UNRESOLVED_NATIVE,,0,0.000000,0.000000,0.000000,UNRESOLVED_NATIVE,0,0
eu_cc4_1,,,,eu_cc4_1,native LSM source map (union fallback unresolved),,ZA7601,UNRESOLVED_NATIVE,,0,0.000000,0.000000,0.000000,UNRESOLVED_NATIVE,0,0
eu_nms12,page 63,NATION GROUP EU NMS 12 (2004/2007),Eurobarometer 91.5 - June-July 2019,Eurobarometer 91.5 - June-July 2019,Eurobarometer semantic union consensus,99,ZA7601,UNION_CONSENSUS,ZA5565;ZA5596;ZA5598;ZA5612;ZA5685;ZA5686;ZA5689;ZA5876;ZA5878;ZA5913;ZA5914;ZA5929;ZA5930;ZA5931;ZA5932;ZA5933;ZA5964;ZA5965;ZA5998;ZA6595;ZA6596;ZA6642;ZA6693;ZA6696;ZA6697;ZA6861;ZA6862;ZA6925;ZA6927;ZA6939;ZA6963;ZA7484;ZA7488;ZA7489;ZA7556;ZA7561;ZA7562;ZA7575;ZA7576,39,0.975000,1.000000,0.000000,UNION_CONSENSUS,40,2
eu27,page 50,NATION GROUP EU27 (2007),Eurobarometer 91.5 - June-July 2019,Eurobarometer 91.5 - June-July 2019,Eurobarometer semantic union consensus,86,ZA7601,UNION_CONSENSUS,ZA5565;ZA5566;ZA5596;ZA5598;ZA5612;ZA5685;ZA5686;ZA5689;ZA5876;ZA5878;ZA5913;ZA5914;ZA5929;ZA5930;ZA5931;ZA5932;ZA5933;ZA5964;ZA5965;ZA5998;ZA6595;ZA6596;ZA6642;ZA6693;ZA6696;ZA6697;ZA6861;ZA6862;ZA6925;ZA6927;ZA6939;ZA6963;ZA7484;ZA7488;ZA7489;ZA7556;ZA7561;ZA7562;ZA7575;ZA7576,40,1.000000,1.000000,0.000000,UNION_CONSENSUS,40,1
eu_nms13,page 96,NATION GROUP EU NMS 13 (2004/2007/2013),Eurobarometer 91.5 - June-July 2019,Eurobarometer 91.5 - June-July 2019,Eurobarometer semantic union consensus,132,ZA7601,UNION_CONSENSUS,ZA5876;ZA5878;ZA5913;ZA5914;ZA5929;ZA5930;ZA5931;ZA5932;ZA5933;ZA5964;ZA5965;ZA5998;ZA6595;ZA6596;ZA6642;ZA6693;ZA6696;ZA6697;ZA6861;ZA6862;ZA6925;ZA6927;ZA6939;ZA6963;ZA7484;ZA7488;ZA7489;ZA7556;ZA7561;ZA7562;ZA7575;ZA7576,32,1.000000,1.000000,0.000000,UNION_CONSENSUS,32,1
eu28,page 53,NATION GROUP EU28 (07-2013),Eurobarometer 91.5 - June-July 2019,Eurobarometer 91.5 - June-July 2019,Eurobarometer semantic union consensus,89,ZA7601,UNION_CONSENSUS,ZA5686;ZA5689;ZA5876;ZA5878;ZA5913;ZA5914;ZA5929;ZA5930;ZA5931;ZA5932;ZA5933;ZA5964;ZA5965;ZA5998;ZA6595;ZA6596;ZA6642;ZA6693;ZA6696;ZA6697;ZA6861;ZA6862;ZA6925;ZA6927;ZA6939;ZA6963;ZA7484;ZA7488;ZA7489;ZA7556;ZA7561;ZA7562;ZA7575;ZA7576,34,0.944444,1.000000,0.000000,UNION_CONSENSUS,36,2
eu27b,page 56,NATION GROUP EU28 (NO UK),Eurobarometer 91.5 - June-July 2019,Eurobarometer 91.5 - June-July 2019,Eurobarometer semantic union consensus,92,ZA7601,UNION_CONSENSUS,ZA6697;ZA6861;ZA6862;ZA6925;ZA6927;ZA6939;ZA6963;ZA7484;ZA7488;ZA7489;ZA7556;ZA7561;ZA7562;ZA7575;ZA7576,15,1.000000,1.000000,0.000000,UNION_CONSENSUS,15,1
eu_cc4_2,,,,eu_cc4_2,native LSM source map (union fallback unresolved),,ZA7601,UNRESOLVED_NATIVE,,0,0.000000,0.000000,0.000000,UNRESOLVED_NATIVE,0,0
eu_cc5,,,,eu_cc5,native LSM source map (union fallback unresolved),,ZA7601,UNRESOLVED_NATIVE,,0,0.000000,0.000000,0.000000,UNRESOLVED_NATIVE,0,0
euccbalk,page 108,NATION GROUP EU CC BALKANS (06-2014),Eurobarometer 91.5 - June-July 2019,Eurobarometer 91.5 - June-July 2019,Eurobarometer semantic union support match,144,ZA7601,UNION_SUPPORT_MATCH,ZA5932;ZA5998;ZA6963;ZA7489;ZA7576,5,0.625000,1.000000,0.000000,UNION_SUPPORT_MATCH,8,3
euroz13,page 125,NATION GROUP EURO ZONE 13 (2007),Eurobarometer 87.2 - April 2017,Eurobarometer 87.2 - April 2017,Eurobarometer semantic union consensus,157,ZA7601,UNION_CONSENSUS,ZA5878;ZA6642;ZA6862,3,1.000000,1.000000,0.000000,UNION_CONSENSUS,3,1
euronz13,,,,euronz13,native LSM source map (union fallback unresolved),,ZA7601,UNRESOLVED_NATIVE,,0,0.000000,0.000000,0.000000,UNRESOLVED_NATIVE,0,0
euroz15,page 66,NATION GROUP EURO ZONE 15 EU27 (2008),Eurobarometer 91.5 - June-July 2019,Eurobarometer 91.5 - June-July 2019,Eurobarometer semantic union consensus,102,ZA7601,UNION_CONSENSUS,ZA5876;ZA5878;ZA5913;ZA5914;ZA5929;ZA5930;ZA5931;ZA5932;ZA5933;ZA5964;ZA5965;ZA5998;ZA6595;ZA6596;ZA6642;ZA6693;ZA6696;ZA6697;ZA6861;ZA6862;ZA6925;ZA6927;ZA6939;ZA6963;ZA7484;ZA7488;ZA7489;ZA7556;ZA7561;ZA7562;ZA7575;ZA7576,32,0.800000,1.000000,0.000000,UNION_CONSENSUS,40,2
euronz15,page 69,NATION GROUP NON-EURO ZONE 15 EU27 (2008),Eurobarometer 91.5 - June-July 2019,Eurobarometer 91.5 - June-July 2019,Eurobarometer semantic union consensus,105,ZA7601,UNION_CONSENSUS,ZA5876;ZA5878;ZA5913;ZA5914;ZA5929;ZA5930;ZA5931;ZA5932;ZA5933;ZA5964;ZA5965;ZA5998;ZA6595;ZA6596;ZA6642;ZA6693;ZA6696;ZA6697;ZA6861;ZA6862;ZA6925;ZA6927;ZA6939;ZA6963;ZA7484;ZA7488;ZA7489;ZA7556;ZA7561;ZA7562;ZA7575;ZA7576,32,0.800000,1.000000,0.000000,UNION_CONSENSUS,40,2
euroz16,page 72,NATION GROUP EURO ZONE 16 EU27 (2009),Eurobarometer 91.5 - June-July 2019,Eurobarometer 91.5 - June-July 2019,Eurobarometer semantic union consensus,108,ZA7601,UNION_CONSENSUS,ZA5876;ZA5878;ZA5913;ZA5914;ZA5929;ZA5930;ZA5931;ZA5932;ZA5933;ZA5964;ZA5965;ZA5998;ZA6595;ZA6596;ZA6642;ZA6693;ZA6696;ZA6697;ZA6861;ZA6862;ZA6925;ZA6927;ZA6939;ZA6963;ZA7484;ZA7488;ZA7489;ZA7556;ZA7561;ZA7562;ZA7575;ZA7576,32,0.800000,1.000000,0.000000,UNION_CONSENSUS,40,2
euronz16,page 75,NATION GROUP NON-EURO ZONE 16 EU27 (2009),Eurobarometer 91.5 - June-July 2019,Eurobarometer 91.5 - June-July 2019,Eurobarometer semantic union consensus,111,ZA7601,UNION_CONSENSUS,ZA5876;ZA5878;ZA5913;ZA5914;ZA5929;ZA5930;ZA5931;ZA5932;ZA5933;ZA5964;ZA5965;ZA5998;ZA6595;ZA6596;ZA6642;ZA6693;ZA6696;ZA6697;ZA6861;ZA6862;ZA6925;ZA6927;ZA6939;ZA6963;ZA7484;ZA7488;ZA7489;ZA7556;ZA7561;ZA7562;ZA7575;ZA7576,32,0.800000,1.000000,0.000000,UNION_CONSENSUS,40,2
euroz17,page 78,NATION GROUP EURO ZONE 17 EU27 (2011),Eurobarometer 91.5 - June-July 2019,Eurobarometer 91.5 - June-July 2019,Eurobarometer semantic union consensus,114,ZA7601,UNION_CONSENSUS,ZA5876;ZA5878;ZA5913;ZA5914;ZA5929;ZA5930;ZA5931;ZA5932;ZA5933;ZA5964;ZA5965;ZA5998;ZA6595;ZA6596;ZA6642;ZA6693;ZA6696;ZA6697;ZA6861;ZA6862;ZA6925;ZA6927;ZA6939;ZA6963;ZA7484;ZA7488;ZA7489;ZA7556;ZA7561;ZA7562;ZA7575;ZA7576,32,0.800000,1.000000,0.000000,UNION_CONSENSUS,40,2
eurnz17a,page 78,NATION GROUP NON-EURO ZONE 17 EU27 (2011),Eurobarometer 87.2 - April 2017,Eurobarometer 87.2 - April 2017,Eurobarometer semantic union consensus,110,ZA7601,UNION_CONSENSUS,ZA5876;ZA5878;ZA5913;ZA5914;ZA5929;ZA5930;ZA5931;ZA6642;ZA6862,9,1.000000,1.000000,0.000000,UNION_CONSENSUS,9,1
eurnz17b,page 134,NATION GROUP NON-EURO ZONE 17 EU28 (2013),Eurobarometer 87.2 - April 2017,Eurobarometer 87.2 - April 2017,Eurobarometer semantic union consensus,166,ZA7601,UNION_CONSENSUS,ZA5878;ZA5913;ZA5914;ZA5929;ZA5930;ZA5931;ZA6642;ZA6862,8,0.888889,1.000000,0.000000,UNION_CONSENSUS,9,2
euroz18,page 84,NATION GROUP EURO ZONE 18 (2014),Eurobarometer 91.5 - June-July 2019,Eurobarometer 91.5 - June-July 2019,Eurobarometer semantic union consensus,120,ZA7601,UNION_CONSENSUS,ZA5878;ZA5913;ZA5914;ZA5929;ZA5930;ZA5931;ZA5932;ZA5933;ZA5964;ZA5965;ZA5998;ZA6595;ZA6596;ZA6642;ZA6693;ZA6696;ZA6697;ZA6861;ZA6862;ZA6925;ZA6927;ZA6939;ZA6963;ZA7484;ZA7488;ZA7489;ZA7556;ZA7561;ZA7562;ZA7576,30,0.967742,1.000000,0.000000,UNION_CONSENSUS,31,2
eurnz18a,page 87,NATION GROUP NON-EURO ZONE 18 EU28 (2014),Eurobarometer 91.5 - June-July 2019,Eurobarometer 91.5 - June-July 2019,Eurobarometer semantic union consensus,123,ZA7601,UNION_CONSENSUS,ZA5878;ZA5929;ZA5930;ZA5931;ZA5932;ZA5933;ZA5998;ZA6595;ZA6596;ZA6642;ZA6693;ZA6696;ZA6697;ZA6861;ZA6862;ZA6925;ZA6927;ZA6939;ZA6963;ZA7484;ZA7488;ZA7489;ZA7556;ZA7561;ZA7562;ZA7575;ZA7576,27,0.931034,1.000000,0.000000,UNION_CONSENSUS,29,2
eurnz18b,page 90,NATION GROUP NON-EURO ZONE 18 (EU27),Eurobarometer 91.5 - June-July 2019,Eurobarometer 91.5 - June-July 2019,Eurobarometer semantic union consensus,126,ZA7601,UNION_CONSENSUS,ZA5878;ZA5929;ZA5930;ZA5931;ZA5932;ZA5933;ZA5998;ZA6595;ZA6596;ZA6642;ZA6693;ZA6696;ZA6697;ZA6861;ZA6862;ZA6925;ZA6927;ZA6939;ZA6963;ZA7484;ZA7488;ZA7489;ZA7556;ZA7561;ZA7562;ZA7575;ZA7576,27,0.931034,1.000000,0.000000,UNION_CONSENSUS,29,2
eurnz18c,page 93,NATION GROUP NON-EURO ZONE 18 - EU NMS 12 (EU27),Eurobarometer 91.5 - June-July 2019,Eurobarometer 91.5 - June-July 2019,Eurobarometer semantic union consensus,129,ZA7601,UNION_CONSENSUS,ZA5878;ZA5929;ZA5930;ZA5931;ZA5932;ZA5933;ZA5998;ZA6595;ZA6596;ZA6642;ZA6693;ZA6696;ZA6697;ZA6861;ZA6862;ZA6925;ZA6927;ZA6939;ZA6963;ZA7484;ZA7488;ZA7489;ZA7556;ZA7561;ZA7562;ZA7575;ZA7576,27,1.000000,1.000000,0.000000,UNION_CONSENSUS,27,1
euroz19,page 90,NATION GROUP EURO ZONE 19 (2015),Eurobarometer 91.2 - March 2019,Eurobarometer 91.2 - March 2019,Eurobarometer semantic union consensus,124,ZA7601,UNION_CONSENSUS,ZA5964;ZA5965;ZA5998;ZA6595;ZA6596;ZA6642;ZA6693;ZA6696;ZA6697;ZA6861;ZA6862;ZA6925;ZA6927;ZA6939;ZA6963;ZA7484;ZA7488;ZA7489;ZA7556;ZA7561;ZA7562,21,0.913043,1.000000,0.000000,UNION_CONSENSUS,23,2
eurnz19,,,,eurnz19,native LSM source map (union fallback unresolved),,ZA7601,UNRESOLVED_NATIVE,,0,0.000000,0.000000,0.000000,UNRESOLVED_NATIVE,0,0
cont_eu,,,,cont_eu,native LSM source map (union fallback unresolved),,ZA7601,UNRESOLVED_NATIVE,,0,0.000000,0.000000,0.000000,UNRESOLVED_NATIVE,0,0
south_eu,,,,south_eu,native LSM source map (union fallback unresolved),,ZA7601,UNRESOLVED_NATIVE,,0,0.000000,0.000000,0.000000,UNRESOLVED_NATIVE,0,0
north_eu,,,,north_eu,native LSM source map (union fallback unresolved),,ZA7601,UNRESOLVED_NATIVE,,0,0.000000,0.000000,0.000000,UNRESOLVED_NATIVE,0,0
east_eu,,,,east_eu,native LSM source map (union fallback unresolved),,ZA7601,UNRESOLVED_NATIVE,,0,0.000000,0.000000,0.000000,UNRESOLVED_NATIVE,0,0
