variable,question_number,variable_label,question_text,question_text_filled,source,source_page,za_id,map_provenance,fallback_sources,fallback_n_sources,fallback_consensus_fraction,fallback_support_similarity,fallback_context_f1,fallback_resolution,fallback_candidate_occurrences,fallback_semantic_clusters
studyno1,Sum 32524 100.0 100.0,ARCHIVE STUDY NUMBER - DISTRIBUTOR,Valid Cases 32524 Eurobarometer 91.5 - June-July 2019,Valid Cases 32524 Eurobarometer 91.5 - June-July 2019,Eurobarometer semantic union consensus,37,ZA8841,UNION_CONSENSUS,ZA5565;ZA5566;ZA5596;ZA5598;ZA5612;ZA5685;ZA5686;ZA5689;ZA5876;ZA5878;ZA5913;ZA5914;ZA5929;ZA5930;ZA5931;ZA5932;ZA5933;ZA5964;ZA5965;ZA5998;ZA6595;ZA6596;ZA6642;ZA6693;ZA6696;ZA6697;ZA6861;ZA6862;ZA6925;ZA6927;ZA6939;ZA6963;ZA7484;ZA7488;ZA7489;ZA7556;ZA7561;ZA7562;ZA7575;ZA7576,40,1.000000,0.000000,0.000000,UNION_CONSENSUS,40,1
studyno2,Sum 32524 100.0 100.0,ARCHIVE STUDY NUMBER - PUBLISHER,"Valid Cases 32524 Eurobarometer 91.5 - June-July 2019 doi - DIGITAL OBJECT IDENTIFIER Digital object identifier This variable holds the Digital Object Identifier (DOI) for the dataset at hand as registered via the da|ra registration agency for economic and social science data. Each dataset version (see variable ‘version’) has a unique persistent DOI. For direct access to the complete archive dissemination package for this study, including new dataset versions, the DOI needs to be appended to the resolver service URL: https://dx.doi.org/10.4232/1.14634 In terms of good scientific practice, the DOI is an important element for the correct citation of a dataset. doi Value Label Missing Count Percent Valid Percent doi:10.4232/1.14634 32524 100.0 100.0 Sum 32524 100.0 100.0 Valid Cases 32524 Eurobarometer 91.5 - June-July 2019 version - GESIS ARCHIVE VERSION & DATE GESIS archive version & date 2.0.0 '2025-12-09' This variable identifies the GESIS archive version number of this data set and the corresponding release date, recorded as an alphanumeric string. The version number is composed of a sequence of three numbers. The major number is incremented when there are changes in the composition of the data set (e.g. additional variables or cases), the minor or second number is incremented when significant errors have been fixed (e.g. coding errors, misleading value labels), and the third or revision number is incremented when minor bugs are fixed (e.g. spelling errors in variable or value labels). For details of the version history and for information on errata in current or former dataset versions, please consult the GESIS data catalogue entry (study description) persistently referenced by the dataset DOI (Digital Object Identifier). version Value Label Missing Count Percent Valid Percent 2.0.0 (2025-12-09) 32524 100.0 100.0 Sum 32524 100.0 100.0 Valid Cases 32524 Eurobarometer 91.5 - June-July 2019","Valid Cases 32524 Eurobarometer 91.5 - June-July 2019 doi - DIGITAL OBJECT IDENTIFIER Digital object identifier This variable holds the Digital Object Identifier (DOI) for the dataset at hand as registered via the da|ra registration agency for economic and social science data. Each dataset version (see variable ‘version’) has a unique persistent DOI. For direct access to the complete archive dissemination package for this study, including new dataset versions, the DOI needs to be appended to the resolver service URL: https://dx.doi.org/10.4232/1.14634 In terms of good scientific practice, the DOI is an important element for the correct citation of a dataset. doi Value Label Missing Count Percent Valid Percent doi:10.4232/1.14634 32524 100.0 100.0 Sum 32524 100.0 100.0 Valid Cases 32524 Eurobarometer 91.5 - June-July 2019 version - GESIS ARCHIVE VERSION & DATE GESIS archive version & date 2.0.0 '2025-12-09' This variable identifies the GESIS archive version number of this data set and the corresponding release date, recorded as an alphanumeric string. The version number is composed of a sequence of three numbers. The major number is incremented when there are changes in the composition of the data set (e.g. additional variables or cases), the minor or second number is incremented when significant errors have been fixed (e.g. coding errors, misleading value labels), and the third or revision number is incremented when minor bugs are fixed (e.g. spelling errors in variable or value labels). For details of the version history and for information on errata in current or former dataset versions, please consult the GESIS data catalogue entry (study description) persistently referenced by the dataset DOI (Digital Object Identifier). version Value Label Missing Count Percent Valid Percent 2.0.0 (2025-12-09) 32524 100.0 100.0 Sum 32524 100.0 100.0 Valid Cases 32524 Eurobarometer 91.5 - June-July 2019",Eurobarometer semantic union consensus,38,ZA8841,UNION_CONSENSUS,ZA5565;ZA5566;ZA5596;ZA5598;ZA5612;ZA5685;ZA5686;ZA5689;ZA5876;ZA5878;ZA5913;ZA5914;ZA5929;ZA5930;ZA5931;ZA5932;ZA5933;ZA5964;ZA5965;ZA5998;ZA6595;ZA6596;ZA6642;ZA6693;ZA6696;ZA6697;ZA6861;ZA6862;ZA6925;ZA6927;ZA6939;ZA6963;ZA7484;ZA7488;ZA7489;ZA7556;ZA7561;ZA7562;ZA7575;ZA7576,40,1.000000,0.000000,0.000000,UNION_CONSENSUS,40,1
doi,,,,doi,native LSM source map (union fallback unresolved),,ZA8841,UNRESOLVED_NATIVE,,0,1.000000,0.000000,0.184385,UNRESOLVED_NATIVE,1,1
version,,,,version,native LSM source map (union fallback unresolved),,ZA8841,UNRESOLVED_NATIVE,,0,1.000000,0.000000,0.184385,UNRESOLVED_NATIVE,1,1
edition,Sum 32524 100.0 100.0,DATASET EDITION,Valid Cases 32524 Eurobarometer 91.5 - June-July 2019,Valid Cases 32524 Eurobarometer 91.5 - June-July 2019,Eurobarometer semantic union consensus,41,ZA8841,UNION_CONSENSUS,ZA5565;ZA5566;ZA5596;ZA5598;ZA5612;ZA5685;ZA5686;ZA5689;ZA5876;ZA5878;ZA5913;ZA5914;ZA5929;ZA5930;ZA5931;ZA5932;ZA5933;ZA5964;ZA5965;ZA5998;ZA6595;ZA6596;ZA6642;ZA6693;ZA6696;ZA6697;ZA6861;ZA6862;ZA6925;ZA6927;ZA6939;ZA6963;ZA7484;ZA7488;ZA7489;ZA7556;ZA7561;ZA7562;ZA7575;ZA7576,40,1.000000,0.000000,0.000000,UNION_CONSENSUS,40,1
survey,Sum 32524 100.0 100.0,SURVEY IDENTIFICATION,Valid Cases 32524 Eurobarometer 91.5 - June-July 2019 caseid - KANTAR CASE ID (SEE NOTE) Kantar case ID The original non-unique case (interview) identification numbers as provided by the fieldwork institute (Kantar). The unique respondent identification variable uniqid adds the original country identification codes (tnscntry) as a prefix to the original case ID numbers in order to make them unique.,Valid Cases 32524 Eurobarometer 91.5 - June-July 2019 caseid - KANTAR CASE ID (SEE NOTE) Kantar case ID The original non-unique case (interview) identification numbers as provided by the fieldwork institute (Kantar). The unique respondent identification variable uniqid adds the original country identification codes (tnscntry) as a prefix to the original case ID numbers in order to make them unique.,Eurobarometer semantic union consensus,42,ZA8841,UNION_CONSENSUS,ZA5565;ZA5566;ZA5596;ZA5598;ZA5612;ZA5685;ZA5686;ZA5689;ZA5876;ZA5878;ZA5913;ZA5914;ZA5929;ZA5930;ZA5931;ZA5932;ZA5933;ZA5964;ZA5965;ZA5998;ZA6595;ZA6596;ZA6642;ZA6693;ZA6696;ZA6697;ZA6861;ZA6862;ZA6925;ZA6927;ZA6939;ZA6963;ZA7484;ZA7488;ZA7489;ZA7556;ZA7561;ZA7562;ZA7575;ZA7576,40,1.000000,0.000000,0.000000,UNION_CONSENSUS,40,1
respondent_serial,,,,respondent_serial,native LSM source map (union fallback unresolved),,ZA8841,UNRESOLVED_NATIVE,,0,0.000000,0.000000,0.000000,UNRESOLVED_NATIVE,0,0
serialid,page 9,SERIAL CASE ID (PROVIDED BY TNS),Eurobarometer 87.2 - April 2017,Eurobarometer 87.2 - April 2017,Eurobarometer semantic union support match,41,ZA8841,UNION_SUPPORT_MATCH,ZA6862,1,1.000000,0.926459,0.000000,UNION_SUPPORT_MATCH,1,1
uniqid,,,,uniqid,native LSM source map (union fallback unresolved),,ZA8841,UNRESOLVED_NATIVE,,0,1.000000,0.011573,0.184385,UNRESOLVED_NATIVE,1,1
tnscntry,,ORIGINAL TNS COUNTRY/SAMPLE ID,,ORIGINAL TNS COUNTRY/SAMPLE ID,Eurobarometer semantic union consensus,44,ZA8841,UNION_CONSENSUS,ZA5565;ZA5566;ZA5596;ZA5598;ZA5612;ZA5685;ZA5686;ZA5689;ZA5876;ZA5878;ZA5913;ZA5914;ZA5929;ZA5930;ZA5931;ZA5932;ZA5933;ZA5964;ZA5965;ZA5998;ZA6595;ZA6596;ZA6642;ZA6693;ZA6696;ZA6697;ZA6861;ZA6862;ZA6925;ZA6927;ZA6939;ZA6963,32,0.800000,0.000000,0.000000,UNION_CONSENSUS,40,2
country,,COUNTRY/SAMPLE ID (SERIES STANDARD),,COUNTRY/SAMPLE ID (SERIES STANDARD),Eurobarometer semantic union consensus,49,ZA8841,UNION_CONSENSUS,ZA5565;ZA5566;ZA5596;ZA5598;ZA5612;ZA5685;ZA5686;ZA5689;ZA5876;ZA5878;ZA5913;ZA5914;ZA5929;ZA5930;ZA5931;ZA5932;ZA5933;ZA5964;ZA5965;ZA5998;ZA6595;ZA6596;ZA6642;ZA6693;ZA6696;ZA6697;ZA6861;ZA6862;ZA6925;ZA6927;ZA6939;ZA6963;ZA7484;ZA7488;ZA7489;ZA7556;ZA7561;ZA7562;ZA7575;ZA7576,40,1.000000,0.000000,0.000000,UNION_CONSENSUS,40,1
isocntry,page 15,COUNTRY CODE - ISO 3166,Eurobarometer 87.2 - April 2017,Eurobarometer 87.2 - April 2017,Eurobarometer semantic union support match,47,ZA8841,UNION_SUPPORT_MATCH,ZA6862,1,1.000000,0.933333,0.000000,UNION_SUPPORT_MATCH,1,1
d11,D11,AGE EXACT,How old are you? (IF ‘REFUSAL’ CODE ‘99’ – IF D11=99 (REFUSAL) THEN STOP INTERVIEW),How old are you? (IF ‘REFUSAL’ CODE ‘99’ – IF D11=99 (REFUSAL) THEN STOP INTERVIEW),Eurobarometer semantic union consensus,226,ZA8841,UNION_CONSENSUS,ZA5565;ZA5566;ZA5596;ZA5598;ZA5612;ZA5685;ZA5686;ZA5689;ZA5876;ZA5878;ZA5913;ZA5914;ZA5929;ZA5930;ZA5931;ZA5932;ZA5933;ZA5964;ZA5965;ZA5998;ZA6595;ZA6596;ZA6642;ZA6693;ZA6696;ZA6697;ZA6861;ZA6862;ZA6925;ZA6927;ZA6939;ZA6963;ZA7484;ZA7488;ZA7489;ZA7556;ZA7561;ZA7562;ZA7575;ZA7576,40,1.000000,0.964706,0.000000,UNION_CONSENSUS,40,1
d11r1,page 192,AGE: 4 GROUPS (RECODED),Eurobarometer 91.5 - June-July 2019,Eurobarometer 91.5 - June-July 2019,Eurobarometer semantic union consensus,228,ZA8841,UNION_CONSENSUS,ZA5565;ZA5566;ZA5596;ZA5598;ZA5612;ZA5685;ZA5686;ZA5689;ZA5876;ZA5878;ZA5913;ZA5914;ZA5929;ZA5930;ZA5931;ZA5932;ZA5933;ZA5964;ZA5965;ZA5998;ZA6595;ZA6596;ZA6642;ZA6693;ZA6697;ZA6861;ZA6862;ZA6925;ZA6927;ZA6939;ZA6963;ZA7484;ZA7488;ZA7489;ZA7556;ZA7561;ZA7562;ZA7575;ZA7576,39,1.000000,0.000000,0.000000,UNION_CONSENSUS,39,1
d11r2,page 991,AGE: 6 GROUPS (RECODED),Eurobarometer 76.4 - December 2011,Eurobarometer 76.4 - December 2011,Eurobarometer semantic union consensus,1019,ZA8841,UNION_CONSENSUS,ZA5565;ZA5566;ZA5596;ZA5598;ZA5612;ZA5685;ZA5686;ZA5689;ZA5876;ZA5878;ZA5913;ZA5914;ZA5929;ZA5930;ZA5931;ZA5932;ZA5933;ZA5964;ZA5965;ZA5998;ZA6595;ZA6596;ZA6642;ZA6693;ZA6697;ZA6861;ZA6862;ZA6925;ZA6927;ZA6939;ZA6963;ZA7484;ZA7488;ZA7489;ZA7556;ZA7561;ZA7562;ZA7575;ZA7576,39,1.000000,0.000000,0.000000,UNION_CONSENSUS,39,1
q1_1,Q1,NATIONALITY: BELGIUM,What is your nationality? Please tell me the country(ies) that applies(y). (MULTIPLE ANSWERS POSSIBLE) (CODE 35 CANNOT BE THE ONLY ANSWER OTHERWISE CLOSE THE INTERVIEW – CODE 36 IS EXCLUSIVE – IF CODE 36 THEN CLOSE INTERVIEW),What is your nationality? Please tell me the country(ies) that applies(y). (MULTIPLE ANSWERS POSSIBLE) (CODE 35 CANNOT BE THE ONLY ANSWER OTHERWISE CLOSE THE INTERVIEW – CODE 36 IS EXCLUSIVE – IF CODE 36 THEN CLOSE INTERVIEW),Eurobarometer semantic union consensus,246,ZA8841,UNION_CONSENSUS,ZA5565;ZA5566;ZA5596;ZA5598;ZA5612;ZA5685;ZA5686;ZA5689;ZA5876;ZA5878;ZA5913;ZA5914;ZA5929;ZA5930;ZA5931;ZA5932;ZA5933;ZA5964;ZA5965;ZA5998;ZA6595;ZA6596;ZA6642;ZA6693;ZA6696;ZA6697;ZA6861;ZA6862;ZA6925;ZA6927;ZA6939;ZA6963;ZA7484;ZA7488;ZA7489;ZA7556;ZA7561;ZA7562;ZA7575;ZA7576,40,1.000000,0.000000,0.000000,UNION_CONSENSUS,40,1
q1_2,Q1,NATIONALITY: DENMARK,What is your nationality? Please tell me the country(ies) that applies(y). (MULTIPLE ANSWERS POSSIBLE) (CODE 35 CANNOT BE THE ONLY ANSWER OTHERWISE CLOSE THE INTERVIEW – CODE 36 IS EXCLUSIVE – IF CODE 36 THEN CLOSE INTERVIEW),What is your nationality? Please tell me the country(ies) that applies(y). (MULTIPLE ANSWERS POSSIBLE) (CODE 35 CANNOT BE THE ONLY ANSWER OTHERWISE CLOSE THE INTERVIEW – CODE 36 IS EXCLUSIVE – IF CODE 36 THEN CLOSE INTERVIEW),Eurobarometer semantic union consensus,248,ZA8841,UNION_CONSENSUS,ZA5565;ZA5566;ZA5596;ZA5598;ZA5612;ZA5685;ZA5686;ZA5689;ZA5876;ZA5878;ZA5913;ZA5914;ZA5929;ZA5930;ZA5931;ZA5932;ZA5933;ZA5964;ZA5965;ZA5998;ZA6595;ZA6596;ZA6642;ZA6693;ZA6696;ZA6697;ZA6861;ZA6862;ZA6925;ZA6927;ZA6939;ZA6963;ZA7484;ZA7488;ZA7489;ZA7556;ZA7561;ZA7562;ZA7575;ZA7576,40,1.000000,0.000000,0.000000,UNION_CONSENSUS,40,1
q1_3,Q1,NATIONALITY: GERMANY,What is your nationality? Please tell me the country(ies) that applies(y). (MULTIPLE ANSWERS POSSIBLE) (CODE 35 CANNOT BE THE ONLY ANSWER OTHERWISE CLOSE THE INTERVIEW – CODE 36 IS EXCLUSIVE – IF CODE 36 THEN CLOSE INTERVIEW),What is your nationality? Please tell me the country(ies) that applies(y). (MULTIPLE ANSWERS POSSIBLE) (CODE 35 CANNOT BE THE ONLY ANSWER OTHERWISE CLOSE THE INTERVIEW – CODE 36 IS EXCLUSIVE – IF CODE 36 THEN CLOSE INTERVIEW),Eurobarometer semantic union consensus,250,ZA8841,UNION_CONSENSUS,ZA5565;ZA5566;ZA5596;ZA5598;ZA5612;ZA5685;ZA5686;ZA5689;ZA5876;ZA5878;ZA5913;ZA5914;ZA5929;ZA5930;ZA5931;ZA5932;ZA5933;ZA5964;ZA5965;ZA5998;ZA6595;ZA6596;ZA6642;ZA6693;ZA6696;ZA6697;ZA6861;ZA6862;ZA6925;ZA6927;ZA6939;ZA6963;ZA7484;ZA7488;ZA7489;ZA7556;ZA7561;ZA7562;ZA7575;ZA7576,40,1.000000,0.000000,0.000000,UNION_CONSENSUS,40,1
q1_4,Q1,NATIONALITY: GREECE,What is your nationality? Please tell me the country(ies) that applies(y). (MULTIPLE ANSWERS POSSIBLE) (CODE 35 CANNOT BE THE ONLY ANSWER OTHERWISE CLOSE THE INTERVIEW – CODE 36 IS EXCLUSIVE – IF CODE 36 THEN CLOSE INTERVIEW),What is your nationality? Please tell me the country(ies) that applies(y). (MULTIPLE ANSWERS POSSIBLE) (CODE 35 CANNOT BE THE ONLY ANSWER OTHERWISE CLOSE THE INTERVIEW – CODE 36 IS EXCLUSIVE – IF CODE 36 THEN CLOSE INTERVIEW),Eurobarometer semantic union consensus,252,ZA8841,UNION_CONSENSUS,ZA5565;ZA5566;ZA5596;ZA5598;ZA5612;ZA5685;ZA5686;ZA5689;ZA5876;ZA5878;ZA5913;ZA5914;ZA5929;ZA5930;ZA5931;ZA5932;ZA5933;ZA5964;ZA5965;ZA5998;ZA6595;ZA6596;ZA6642;ZA6693;ZA6696;ZA6697;ZA6861;ZA6862;ZA6925;ZA6927;ZA6939;ZA6963;ZA7484;ZA7488;ZA7489;ZA7556;ZA7561;ZA7562;ZA7575;ZA7576,40,1.000000,0.000000,0.000000,UNION_CONSENSUS,40,1
q1_5,Q1,NATIONALITY: SPAIN,What is your nationality? Please tell me the country(ies) that applies(y). (MULTIPLE ANSWERS POSSIBLE) (CODE 35 CANNOT BE THE ONLY ANSWER OTHERWISE CLOSE THE INTERVIEW – CODE 36 IS EXCLUSIVE – IF CODE 36 THEN CLOSE INTERVIEW),What is your nationality? Please tell me the country(ies) that applies(y). (MULTIPLE ANSWERS POSSIBLE) (CODE 35 CANNOT BE THE ONLY ANSWER OTHERWISE CLOSE THE INTERVIEW – CODE 36 IS EXCLUSIVE – IF CODE 36 THEN CLOSE INTERVIEW),Eurobarometer semantic union consensus,254,ZA8841,UNION_CONSENSUS,ZA5565;ZA5566;ZA5596;ZA5598;ZA5612;ZA5685;ZA5686;ZA5689;ZA5876;ZA5878;ZA5913;ZA5914;ZA5929;ZA5930;ZA5931;ZA5932;ZA5933;ZA5964;ZA5965;ZA5998;ZA6595;ZA6596;ZA6642;ZA6693;ZA6696;ZA6697;ZA6861;ZA6862;ZA6925;ZA6927;ZA6939;ZA6963;ZA7484;ZA7488;ZA7489;ZA7556;ZA7561;ZA7562;ZA7575;ZA7576,40,1.000000,0.000000,0.000000,UNION_CONSENSUS,40,1
q1_6,Q1,NATIONALITY: FRANCE,What is your nationality? Please tell me the country(ies) that applies(y). (MULTIPLE ANSWERS POSSIBLE) (CODE 35 CANNOT BE THE ONLY ANSWER OTHERWISE CLOSE THE INTERVIEW – CODE 36 IS EXCLUSIVE – IF CODE 36 THEN CLOSE INTERVIEW),What is your nationality? Please tell me the country(ies) that applies(y). (MULTIPLE ANSWERS POSSIBLE) (CODE 35 CANNOT BE THE ONLY ANSWER OTHERWISE CLOSE THE INTERVIEW – CODE 36 IS EXCLUSIVE – IF CODE 36 THEN CLOSE INTERVIEW),Eurobarometer semantic union consensus,256,ZA8841,UNION_CONSENSUS,ZA5565;ZA5566;ZA5596;ZA5598;ZA5612;ZA5685;ZA5686;ZA5689;ZA5876;ZA5878;ZA5913;ZA5914;ZA5929;ZA5930;ZA5931;ZA5932;ZA5933;ZA5964;ZA5965;ZA5998;ZA6595;ZA6596;ZA6642;ZA6693;ZA6696;ZA6697;ZA6861;ZA6862;ZA6925;ZA6927;ZA6939;ZA6963;ZA7484;ZA7488;ZA7489;ZA7556;ZA7561;ZA7562;ZA7575;ZA7576,40,1.000000,0.000000,0.000000,UNION_CONSENSUS,40,1
q1_7,Q1,NATIONALITY: IRELAND,What is your nationality? Please tell me the country(ies) that applies(y). (MULTIPLE ANSWERS POSSIBLE) (CODE 35 CANNOT BE THE ONLY ANSWER OTHERWISE CLOSE THE INTERVIEW – CODE 36 IS EXCLUSIVE – IF CODE 36 THEN CLOSE INTERVIEW),What is your nationality? Please tell me the country(ies) that applies(y). (MULTIPLE ANSWERS POSSIBLE) (CODE 35 CANNOT BE THE ONLY ANSWER OTHERWISE CLOSE THE INTERVIEW – CODE 36 IS EXCLUSIVE – IF CODE 36 THEN CLOSE INTERVIEW),Eurobarometer semantic union consensus,258,ZA8841,UNION_CONSENSUS,ZA5565;ZA5566;ZA5596;ZA5598;ZA5612;ZA5685;ZA5686;ZA5689;ZA5876;ZA5878;ZA5913;ZA5914;ZA5929;ZA5930;ZA5931;ZA5932;ZA5933;ZA5964;ZA5965;ZA5998;ZA6595;ZA6596;ZA6642;ZA6693;ZA6696;ZA6697;ZA6861;ZA6862;ZA6925;ZA6927;ZA6939;ZA6963;ZA7484;ZA7488;ZA7489;ZA7556;ZA7561;ZA7562;ZA7575;ZA7576,40,1.000000,0.000000,0.000000,UNION_CONSENSUS,40,1
q1_8,Q1,NATIONALITY: ITALY,What is your nationality? Please tell me the country(ies) that applies(y). (MULTIPLE ANSWERS POSSIBLE) (CODE 35 CANNOT BE THE ONLY ANSWER OTHERWISE CLOSE THE INTERVIEW – CODE 36 IS EXCLUSIVE – IF CODE 36 THEN CLOSE INTERVIEW),What is your nationality? Please tell me the country(ies) that applies(y). (MULTIPLE ANSWERS POSSIBLE) (CODE 35 CANNOT BE THE ONLY ANSWER OTHERWISE CLOSE THE INTERVIEW – CODE 36 IS EXCLUSIVE – IF CODE 36 THEN CLOSE INTERVIEW),Eurobarometer semantic union consensus,260,ZA8841,UNION_CONSENSUS,ZA5565;ZA5566;ZA5596;ZA5598;ZA5612;ZA5685;ZA5686;ZA5689;ZA5876;ZA5878;ZA5913;ZA5914;ZA5929;ZA5930;ZA5931;ZA5932;ZA5933;ZA5964;ZA5965;ZA5998;ZA6595;ZA6596;ZA6642;ZA6693;ZA6696;ZA6697;ZA6861;ZA6862;ZA6925;ZA6927;ZA6939;ZA6963;ZA7484;ZA7488;ZA7489;ZA7556;ZA7561;ZA7562;ZA7575;ZA7576,40,1.000000,0.000000,0.000000,UNION_CONSENSUS,40,1
q1_9,Q1,NATIONALITY: LUXEMBOURG,What is your nationality? Please tell me the country(ies) that applies(y). (MULTIPLE ANSWERS POSSIBLE) (CODE 35 CANNOT BE THE ONLY ANSWER OTHERWISE CLOSE THE INTERVIEW – CODE 36 IS EXCLUSIVE – IF CODE 36 THEN CLOSE INTERVIEW),What is your nationality? Please tell me the country(ies) that applies(y). (MULTIPLE ANSWERS POSSIBLE) (CODE 35 CANNOT BE THE ONLY ANSWER OTHERWISE CLOSE THE INTERVIEW – CODE 36 IS EXCLUSIVE – IF CODE 36 THEN CLOSE INTERVIEW),Eurobarometer semantic union consensus,262,ZA8841,UNION_CONSENSUS,ZA5565;ZA5566;ZA5596;ZA5598;ZA5612;ZA5685;ZA5686;ZA5689;ZA5876;ZA5878;ZA5913;ZA5914;ZA5929;ZA5930;ZA5931;ZA5932;ZA5933;ZA5964;ZA5965;ZA5998;ZA6595;ZA6596;ZA6642;ZA6693;ZA6696;ZA6697;ZA6861;ZA6862;ZA6925;ZA6927;ZA6939;ZA6963;ZA7484;ZA7488;ZA7489;ZA7556;ZA7561;ZA7562;ZA7575;ZA7576,40,1.000000,0.000000,0.000000,UNION_CONSENSUS,40,1
q1_10,Q1,NATIONALITY: NETHERLANDS,What is your nationality? Please tell me the country(ies) that applies(y). (MULTIPLE ANSWERS POSSIBLE) (CODE 35 CANNOT BE THE ONLY ANSWER OTHERWISE CLOSE THE INTERVIEW – CODE 36 IS EXCLUSIVE – IF CODE 36 THEN CLOSE INTERVIEW),What is your nationality? Please tell me the country(ies) that applies(y). (MULTIPLE ANSWERS POSSIBLE) (CODE 35 CANNOT BE THE ONLY ANSWER OTHERWISE CLOSE THE INTERVIEW – CODE 36 IS EXCLUSIVE – IF CODE 36 THEN CLOSE INTERVIEW),Eurobarometer semantic union consensus,264,ZA8841,UNION_CONSENSUS,ZA5565;ZA5566;ZA5596;ZA5598;ZA5612;ZA5685;ZA5686;ZA5689;ZA5876;ZA5878;ZA5913;ZA5914;ZA5929;ZA5930;ZA5931;ZA5932;ZA5933;ZA5964;ZA5965;ZA5998;ZA6595;ZA6596;ZA6642;ZA6693;ZA6696;ZA6697;ZA6861;ZA6862;ZA6925;ZA6927;ZA6939;ZA6963;ZA7484;ZA7488;ZA7489;ZA7556;ZA7561;ZA7562;ZA7575;ZA7576,40,1.000000,0.000000,0.000000,UNION_CONSENSUS,40,1
q1_11,Q1,NATIONALITY: PORTUGAL,What is your nationality? Please tell me the country(ies) that applies(y). (MULTIPLE ANSWERS POSSIBLE) (CODE 35 CANNOT BE THE ONLY ANSWER OTHERWISE CLOSE THE INTERVIEW – CODE 36 IS EXCLUSIVE – IF CODE 36 THEN CLOSE INTERVIEW),What is your nationality? Please tell me the country(ies) that applies(y). (MULTIPLE ANSWERS POSSIBLE) (CODE 35 CANNOT BE THE ONLY ANSWER OTHERWISE CLOSE THE INTERVIEW – CODE 36 IS EXCLUSIVE – IF CODE 36 THEN CLOSE INTERVIEW),Eurobarometer semantic union consensus,266,ZA8841,UNION_CONSENSUS,ZA5565;ZA5566;ZA5596;ZA5598;ZA5612;ZA5685;ZA5686;ZA5689;ZA5876;ZA5878;ZA5913;ZA5914;ZA5929;ZA5930;ZA5931;ZA5932;ZA5933;ZA5964;ZA5965;ZA5998;ZA6595;ZA6596;ZA6642;ZA6693;ZA6696;ZA6697;ZA6861;ZA6862;ZA6925;ZA6927;ZA6939;ZA6963;ZA7484;ZA7488;ZA7489;ZA7556;ZA7561;ZA7562;ZA7575;ZA7576,40,1.000000,0.000000,0.000000,UNION_CONSENSUS,40,1
q1_12,Q1,NATIONALITY: UNITED KINGDOM,What is your nationality? Please tell me the country(ies) that applies(y). (MULTIPLE ANSWERS POSSIBLE) (CODE 35 CANNOT BE THE ONLY ANSWER OTHERWISE CLOSE THE INTERVIEW – CODE 36 IS EXCLUSIVE – IF CODE 36 THEN CLOSE INTERVIEW),What is your nationality? Please tell me the country(ies) that applies(y). (MULTIPLE ANSWERS POSSIBLE) (CODE 35 CANNOT BE THE ONLY ANSWER OTHERWISE CLOSE THE INTERVIEW – CODE 36 IS EXCLUSIVE – IF CODE 36 THEN CLOSE INTERVIEW),Eurobarometer semantic union consensus,268,ZA8841,UNION_CONSENSUS,ZA5565;ZA5566;ZA5596;ZA5598;ZA5612;ZA5685;ZA5686;ZA5689;ZA5876;ZA5878;ZA5913;ZA5914;ZA5929;ZA5930;ZA5931;ZA5932;ZA5933;ZA5964;ZA5965;ZA5998;ZA6595;ZA6596;ZA6642;ZA6693;ZA6696;ZA6697;ZA6861;ZA6862;ZA6925;ZA6927;ZA6939;ZA6963;ZA7484;ZA7488;ZA7489;ZA7556;ZA7561;ZA7562;ZA7575;ZA7576,40,1.000000,0.000000,0.000000,UNION_CONSENSUS,40,1
q1_13,Q1,NATIONALITY: AUSTRIA,What is your nationality? Please tell me the country(ies) that applies(y). (MULTIPLE ANSWERS POSSIBLE) (CODE 35 CANNOT BE THE ONLY ANSWER OTHERWISE CLOSE THE INTERVIEW – CODE 36 IS EXCLUSIVE – IF CODE 36 THEN CLOSE INTERVIEW),What is your nationality? Please tell me the country(ies) that applies(y). (MULTIPLE ANSWERS POSSIBLE) (CODE 35 CANNOT BE THE ONLY ANSWER OTHERWISE CLOSE THE INTERVIEW – CODE 36 IS EXCLUSIVE – IF CODE 36 THEN CLOSE INTERVIEW),Eurobarometer semantic union consensus,270,ZA8841,UNION_CONSENSUS,ZA5565;ZA5566;ZA5596;ZA5598;ZA5612;ZA5685;ZA5686;ZA5689;ZA5876;ZA5878;ZA5913;ZA5914;ZA5929;ZA5930;ZA5931;ZA5932;ZA5933;ZA5964;ZA5965;ZA5998;ZA6595;ZA6596;ZA6642;ZA6693;ZA6696;ZA6697;ZA6861;ZA6862;ZA6925;ZA6927;ZA6939;ZA6963;ZA7484;ZA7488;ZA7489;ZA7556;ZA7561;ZA7562;ZA7575;ZA7576,40,1.000000,0.000000,0.000000,UNION_CONSENSUS,40,1
q1_14,Q1,NATIONALITY: SWEDEN,What is your nationality? Please tell me the country(ies) that applies(y). (MULTIPLE ANSWERS POSSIBLE) (CODE 35 CANNOT BE THE ONLY ANSWER OTHERWISE CLOSE THE INTERVIEW – CODE 36 IS EXCLUSIVE – IF CODE 36 THEN CLOSE INTERVIEW),What is your nationality? Please tell me the country(ies) that applies(y). (MULTIPLE ANSWERS POSSIBLE) (CODE 35 CANNOT BE THE ONLY ANSWER OTHERWISE CLOSE THE INTERVIEW – CODE 36 IS EXCLUSIVE – IF CODE 36 THEN CLOSE INTERVIEW),Eurobarometer semantic union consensus,272,ZA8841,UNION_CONSENSUS,ZA5565;ZA5566;ZA5596;ZA5598;ZA5612;ZA5685;ZA5686;ZA5689;ZA5876;ZA5878;ZA5913;ZA5914;ZA5929;ZA5930;ZA5931;ZA5932;ZA5933;ZA5964;ZA5965;ZA5998;ZA6595;ZA6596;ZA6642;ZA6693;ZA6696;ZA6697;ZA6861;ZA6862;ZA6925;ZA6927;ZA6939;ZA6963;ZA7484;ZA7488;ZA7489;ZA7556;ZA7561;ZA7562;ZA7575;ZA7576,40,1.000000,0.000000,0.000000,UNION_CONSENSUS,40,1
q1_15,Q1,NATIONALITY: FINLAND,What is your nationality? Please tell me the country(ies) that applies(y). (MULTIPLE ANSWERS POSSIBLE) (CODE 35 CANNOT BE THE ONLY ANSWER OTHERWISE CLOSE THE INTERVIEW – CODE 36 IS EXCLUSIVE – IF CODE 36 THEN CLOSE INTERVIEW),What is your nationality? Please tell me the country(ies) that applies(y). (MULTIPLE ANSWERS POSSIBLE) (CODE 35 CANNOT BE THE ONLY ANSWER OTHERWISE CLOSE THE INTERVIEW – CODE 36 IS EXCLUSIVE – IF CODE 36 THEN CLOSE INTERVIEW),Eurobarometer semantic union consensus,274,ZA8841,UNION_CONSENSUS,ZA5565;ZA5566;ZA5596;ZA5598;ZA5612;ZA5685;ZA5686;ZA5689;ZA5876;ZA5878;ZA5913;ZA5914;ZA5929;ZA5930;ZA5931;ZA5932;ZA5933;ZA5964;ZA5965;ZA5998;ZA6595;ZA6596;ZA6642;ZA6693;ZA6696;ZA6697;ZA6861;ZA6862;ZA6925;ZA6927;ZA6939;ZA6963;ZA7484;ZA7488;ZA7489;ZA7556;ZA7561;ZA7562;ZA7575;ZA7576,40,1.000000,0.000000,0.000000,UNION_CONSENSUS,40,1
q1_16,,,,q1_16,native LSM source map (union fallback unresolved),,ZA8841,UNRESOLVED_NATIVE,,0,0.775000,0.000000,0.309013,UNRESOLVED_NATIVE,40,2
q1_17,Q1,NATIONALITY: CZECH REPUBLIC,What is your nationality? Please tell me the country(ies) that applies(y). (MULTIPLE ANSWERS POSSIBLE) (CODE 35 CANNOT BE THE ONLY ANSWER OTHERWISE CLOSE THE INTERVIEW – CODE 36 IS EXCLUSIVE – IF CODE 36 THEN CLOSE INTERVIEW),What is your nationality? Please tell me the country(ies) that applies(y). (MULTIPLE ANSWERS POSSIBLE) (CODE 35 CANNOT BE THE ONLY ANSWER OTHERWISE CLOSE THE INTERVIEW – CODE 36 IS EXCLUSIVE – IF CODE 36 THEN CLOSE INTERVIEW),Eurobarometer semantic union consensus,278,ZA8841,UNION_CONSENSUS,ZA5565;ZA5566;ZA5596;ZA5598;ZA5612;ZA5685;ZA5686;ZA5689;ZA5876;ZA5878;ZA5913;ZA5914;ZA5929;ZA5930;ZA5931;ZA5932;ZA5933;ZA5964;ZA5965;ZA5998;ZA6595;ZA6596;ZA6642;ZA6693;ZA6696;ZA6697;ZA6861;ZA6862;ZA6925;ZA6927;ZA6939;ZA6963;ZA7484;ZA7488;ZA7489;ZA7556;ZA7561;ZA7562;ZA7575;ZA7576,40,1.000000,0.000000,0.000000,UNION_CONSENSUS,40,1
q1_18,Q1,NATIONALITY: ESTONIA,What is your nationality? Please tell me the country(ies) that applies(y). (MULTIPLE ANSWERS POSSIBLE) (CODE 35 CANNOT BE THE ONLY ANSWER OTHERWISE CLOSE THE INTERVIEW – CODE 36 IS EXCLUSIVE – IF CODE 36 THEN CLOSE INTERVIEW),What is your nationality? Please tell me the country(ies) that applies(y). (MULTIPLE ANSWERS POSSIBLE) (CODE 35 CANNOT BE THE ONLY ANSWER OTHERWISE CLOSE THE INTERVIEW – CODE 36 IS EXCLUSIVE – IF CODE 36 THEN CLOSE INTERVIEW),Eurobarometer semantic union consensus,280,ZA8841,UNION_CONSENSUS,ZA5565;ZA5566;ZA5596;ZA5598;ZA5612;ZA5685;ZA5686;ZA5689;ZA5876;ZA5878;ZA5913;ZA5914;ZA5929;ZA5930;ZA5931;ZA5932;ZA5933;ZA5964;ZA5965;ZA5998;ZA6595;ZA6596;ZA6642;ZA6693;ZA6696;ZA6697;ZA6861;ZA6862;ZA6925;ZA6927;ZA6939;ZA6963;ZA7484;ZA7488;ZA7489;ZA7556;ZA7561;ZA7562;ZA7575;ZA7576,40,1.000000,0.000000,0.000000,UNION_CONSENSUS,40,1
q1_19,Q1,NATIONALITY: HUNGARY,What is your nationality? Please tell me the country(ies) that applies(y). (MULTIPLE ANSWERS POSSIBLE) (CODE 35 CANNOT BE THE ONLY ANSWER OTHERWISE CLOSE THE INTERVIEW – CODE 36 IS EXCLUSIVE – IF CODE 36 THEN CLOSE INTERVIEW),What is your nationality? Please tell me the country(ies) that applies(y). (MULTIPLE ANSWERS POSSIBLE) (CODE 35 CANNOT BE THE ONLY ANSWER OTHERWISE CLOSE THE INTERVIEW – CODE 36 IS EXCLUSIVE – IF CODE 36 THEN CLOSE INTERVIEW),Eurobarometer semantic union consensus,282,ZA8841,UNION_CONSENSUS,ZA5565;ZA5566;ZA5596;ZA5598;ZA5612;ZA5685;ZA5686;ZA5689;ZA5876;ZA5878;ZA5913;ZA5914;ZA5929;ZA5930;ZA5931;ZA5932;ZA5933;ZA5964;ZA5965;ZA5998;ZA6595;ZA6596;ZA6642;ZA6693;ZA6696;ZA6697;ZA6861;ZA6862;ZA6925;ZA6927;ZA6939;ZA6963;ZA7484;ZA7488;ZA7489;ZA7556;ZA7561;ZA7562;ZA7575;ZA7576,40,1.000000,0.000000,0.000000,UNION_CONSENSUS,40,1
q1_20,Q1,NATIONALITY: LATVIA,What is your nationality? Please tell me the country(ies) that applies(y). (MULTIPLE ANSWERS POSSIBLE) (CODE 35 CANNOT BE THE ONLY ANSWER OTHERWISE CLOSE THE INTERVIEW – CODE 36 IS EXCLUSIVE – IF CODE 36 THEN CLOSE INTERVIEW),What is your nationality? Please tell me the country(ies) that applies(y). (MULTIPLE ANSWERS POSSIBLE) (CODE 35 CANNOT BE THE ONLY ANSWER OTHERWISE CLOSE THE INTERVIEW – CODE 36 IS EXCLUSIVE – IF CODE 36 THEN CLOSE INTERVIEW),Eurobarometer semantic union consensus,284,ZA8841,UNION_CONSENSUS,ZA5565;ZA5566;ZA5596;ZA5598;ZA5612;ZA5685;ZA5686;ZA5689;ZA5876;ZA5878;ZA5913;ZA5914;ZA5929;ZA5930;ZA5931;ZA5932;ZA5933;ZA5964;ZA5965;ZA5998;ZA6595;ZA6596;ZA6642;ZA6693;ZA6696;ZA6697;ZA6861;ZA6862;ZA6925;ZA6927;ZA6939;ZA6963;ZA7484;ZA7488;ZA7489;ZA7556;ZA7561;ZA7562;ZA7575;ZA7576,40,1.000000,0.000000,0.000000,UNION_CONSENSUS,40,1
q1_21,Q1,NATIONALITY: LITHUANIA,What is your nationality? Please tell me the country(ies) that applies(y). (MULTIPLE ANSWERS POSSIBLE) (CODE 35 CANNOT BE THE ONLY ANSWER OTHERWISE CLOSE THE INTERVIEW – CODE 36 IS EXCLUSIVE – IF CODE 36 THEN CLOSE INTERVIEW),What is your nationality? Please tell me the country(ies) that applies(y). (MULTIPLE ANSWERS POSSIBLE) (CODE 35 CANNOT BE THE ONLY ANSWER OTHERWISE CLOSE THE INTERVIEW – CODE 36 IS EXCLUSIVE – IF CODE 36 THEN CLOSE INTERVIEW),Eurobarometer semantic union consensus,286,ZA8841,UNION_CONSENSUS,ZA5565;ZA5566;ZA5596;ZA5598;ZA5612;ZA5685;ZA5686;ZA5689;ZA5876;ZA5878;ZA5913;ZA5914;ZA5929;ZA5930;ZA5931;ZA5932;ZA5933;ZA5964;ZA5965;ZA5998;ZA6595;ZA6596;ZA6642;ZA6693;ZA6696;ZA6697;ZA6861;ZA6862;ZA6925;ZA6927;ZA6939;ZA6963;ZA7484;ZA7488;ZA7489;ZA7556;ZA7561;ZA7562;ZA7575;ZA7576,40,1.000000,0.000000,0.000000,UNION_CONSENSUS,40,1
q1_22,Q1,NATIONALITY: MALTA,What is your nationality? Please tell me the country(ies) that applies(y). (MULTIPLE ANSWERS POSSIBLE) (CODE 35 CANNOT BE THE ONLY ANSWER OTHERWISE CLOSE THE INTERVIEW – CODE 36 IS EXCLUSIVE – IF CODE 36 THEN CLOSE INTERVIEW),What is your nationality? Please tell me the country(ies) that applies(y). (MULTIPLE ANSWERS POSSIBLE) (CODE 35 CANNOT BE THE ONLY ANSWER OTHERWISE CLOSE THE INTERVIEW – CODE 36 IS EXCLUSIVE – IF CODE 36 THEN CLOSE INTERVIEW),Eurobarometer semantic union consensus,288,ZA8841,UNION_CONSENSUS,ZA5565;ZA5566;ZA5596;ZA5598;ZA5612;ZA5685;ZA5686;ZA5689;ZA5876;ZA5878;ZA5913;ZA5914;ZA5929;ZA5930;ZA5931;ZA5932;ZA5933;ZA5964;ZA5965;ZA5998;ZA6595;ZA6596;ZA6642;ZA6693;ZA6696;ZA6697;ZA6861;ZA6862;ZA6925;ZA6927;ZA6939;ZA6963;ZA7484;ZA7488;ZA7489;ZA7556;ZA7561;ZA7562;ZA7575;ZA7576,40,1.000000,0.000000,0.000000,UNION_CONSENSUS,40,1
q1_23,Q1,NATIONALITY: POLAND,What is your nationality? Please tell me the country(ies) that applies(y). (MULTIPLE ANSWERS POSSIBLE) (CODE 35 CANNOT BE THE ONLY ANSWER OTHERWISE CLOSE THE INTERVIEW – CODE 36 IS EXCLUSIVE – IF CODE 36 THEN CLOSE INTERVIEW),What is your nationality? Please tell me the country(ies) that applies(y). (MULTIPLE ANSWERS POSSIBLE) (CODE 35 CANNOT BE THE ONLY ANSWER OTHERWISE CLOSE THE INTERVIEW – CODE 36 IS EXCLUSIVE – IF CODE 36 THEN CLOSE INTERVIEW),Eurobarometer semantic union consensus,290,ZA8841,UNION_CONSENSUS,ZA5565;ZA5566;ZA5596;ZA5598;ZA5612;ZA5685;ZA5686;ZA5689;ZA5876;ZA5878;ZA5913;ZA5914;ZA5929;ZA5930;ZA5931;ZA5932;ZA5933;ZA5964;ZA5965;ZA5998;ZA6595;ZA6596;ZA6642;ZA6693;ZA6696;ZA6697;ZA6861;ZA6862;ZA6925;ZA6927;ZA6939;ZA6963;ZA7484;ZA7488;ZA7489;ZA7556;ZA7561;ZA7562;ZA7575;ZA7576,40,1.000000,0.000000,0.000000,UNION_CONSENSUS,40,1
q1_24,Q1,NATIONALITY: SLOVAKIA,What is your nationality? Please tell me the country(ies) that applies(y). (MULTIPLE ANSWERS POSSIBLE) (CODE 35 CANNOT BE THE ONLY ANSWER OTHERWISE CLOSE THE INTERVIEW – CODE 36 IS EXCLUSIVE – IF CODE 36 THEN CLOSE INTERVIEW),What is your nationality? Please tell me the country(ies) that applies(y). (MULTIPLE ANSWERS POSSIBLE) (CODE 35 CANNOT BE THE ONLY ANSWER OTHERWISE CLOSE THE INTERVIEW – CODE 36 IS EXCLUSIVE – IF CODE 36 THEN CLOSE INTERVIEW),Eurobarometer semantic union consensus,292,ZA8841,UNION_CONSENSUS,ZA5565;ZA5566;ZA5596;ZA5598;ZA5612;ZA5685;ZA5686;ZA5689;ZA5876;ZA5878;ZA5913;ZA5914;ZA5929;ZA5930;ZA5931;ZA5932;ZA5933;ZA5964;ZA5965;ZA5998;ZA6595;ZA6596;ZA6642;ZA6693;ZA6696;ZA6697;ZA6861;ZA6862;ZA6925;ZA6927;ZA6939;ZA6963;ZA7484;ZA7488;ZA7489;ZA7556;ZA7561;ZA7562;ZA7575;ZA7576,40,1.000000,0.000000,0.000000,UNION_CONSENSUS,40,1
q1_25,Q1,NATIONALITY: SLOVENIA,What is your nationality? Please tell me the country(ies) that applies(y). (MULTIPLE ANSWERS POSSIBLE) (CODE 35 CANNOT BE THE ONLY ANSWER OTHERWISE CLOSE THE INTERVIEW – CODE 36 IS EXCLUSIVE – IF CODE 36 THEN CLOSE INTERVIEW),What is your nationality? Please tell me the country(ies) that applies(y). (MULTIPLE ANSWERS POSSIBLE) (CODE 35 CANNOT BE THE ONLY ANSWER OTHERWISE CLOSE THE INTERVIEW – CODE 36 IS EXCLUSIVE – IF CODE 36 THEN CLOSE INTERVIEW),Eurobarometer semantic union consensus,294,ZA8841,UNION_CONSENSUS,ZA5565;ZA5566;ZA5596;ZA5598;ZA5612;ZA5685;ZA5686;ZA5689;ZA5876;ZA5878;ZA5913;ZA5914;ZA5929;ZA5930;ZA5931;ZA5932;ZA5933;ZA5964;ZA5965;ZA5998;ZA6595;ZA6596;ZA6642;ZA6693;ZA6696;ZA6697;ZA6861;ZA6862;ZA6925;ZA6927;ZA6939;ZA6963;ZA7484;ZA7488;ZA7489;ZA7556;ZA7561;ZA7562;ZA7575;ZA7576,40,1.000000,0.000000,0.000000,UNION_CONSENSUS,40,1
q1_26,Q1,NATIONALITY: BULGARIA,What is your nationality? Please tell me the country(ies) that applies(y). (MULTIPLE ANSWERS POSSIBLE) (CODE 35 CANNOT BE THE ONLY ANSWER OTHERWISE CLOSE THE INTERVIEW – CODE 36 IS EXCLUSIVE – IF CODE 36 THEN CLOSE INTERVIEW),What is your nationality? Please tell me the country(ies) that applies(y). (MULTIPLE ANSWERS POSSIBLE) (CODE 35 CANNOT BE THE ONLY ANSWER OTHERWISE CLOSE THE INTERVIEW – CODE 36 IS EXCLUSIVE – IF CODE 36 THEN CLOSE INTERVIEW),Eurobarometer semantic union consensus,296,ZA8841,UNION_CONSENSUS,ZA5565;ZA5566;ZA5596;ZA5598;ZA5612;ZA5685;ZA5686;ZA5689;ZA5876;ZA5878;ZA5913;ZA5914;ZA5929;ZA5930;ZA5931;ZA5932;ZA5933;ZA5964;ZA5965;ZA5998;ZA6595;ZA6596;ZA6642;ZA6693;ZA6696;ZA6697;ZA6861;ZA6862;ZA6925;ZA6927;ZA6939;ZA6963;ZA7484;ZA7488;ZA7489;ZA7556;ZA7561;ZA7562;ZA7575;ZA7576,40,1.000000,0.000000,0.000000,UNION_CONSENSUS,40,1
q1_27,Q1,NATIONALITY: ROMANIA,What is your nationality? Please tell me the country(ies) that applies(y). (MULTIPLE ANSWERS POSSIBLE) (CODE 35 CANNOT BE THE ONLY ANSWER OTHERWISE CLOSE THE INTERVIEW – CODE 36 IS EXCLUSIVE – IF CODE 36 THEN CLOSE INTERVIEW),What is your nationality? Please tell me the country(ies) that applies(y). (MULTIPLE ANSWERS POSSIBLE) (CODE 35 CANNOT BE THE ONLY ANSWER OTHERWISE CLOSE THE INTERVIEW – CODE 36 IS EXCLUSIVE – IF CODE 36 THEN CLOSE INTERVIEW),Eurobarometer semantic union consensus,298,ZA8841,UNION_CONSENSUS,ZA5565;ZA5566;ZA5596;ZA5598;ZA5612;ZA5685;ZA5686;ZA5689;ZA5876;ZA5878;ZA5913;ZA5914;ZA5929;ZA5930;ZA5931;ZA5932;ZA5933;ZA5964;ZA5965;ZA5998;ZA6595;ZA6596;ZA6642;ZA6693;ZA6696;ZA6697;ZA6861;ZA6862;ZA6925;ZA6927;ZA6939;ZA6963;ZA7484;ZA7488;ZA7489;ZA7556;ZA7561;ZA7562;ZA7575;ZA7576,40,1.000000,0.000000,0.000000,UNION_CONSENSUS,40,1
q1_28,Q1,NATIONALITY: CROATIA,What is your nationality? Please tell me the country(ies) that applies(y). (MULTIPLE ANSWERS POSSIBLE) (CODE 35 CANNOT BE THE ONLY ANSWER OTHERWISE CLOSE THE INTERVIEW – CODE 36 IS EXCLUSIVE – IF CODE 36 THEN CLOSE INTERVIEW),What is your nationality? Please tell me the country(ies) that applies(y). (MULTIPLE ANSWERS POSSIBLE) (CODE 35 CANNOT BE THE ONLY ANSWER OTHERWISE CLOSE THE INTERVIEW – CODE 36 IS EXCLUSIVE – IF CODE 36 THEN CLOSE INTERVIEW),Eurobarometer semantic union consensus,300,ZA8841,UNION_CONSENSUS,ZA5686;ZA5876;ZA5878;ZA5913;ZA5914;ZA5929;ZA5930;ZA5931;ZA5932;ZA5933;ZA5964;ZA5965;ZA5998;ZA6595;ZA6596;ZA6642;ZA6693;ZA6696;ZA6697;ZA6861;ZA6862;ZA6925;ZA6927;ZA6939;ZA6963;ZA7484;ZA7488;ZA7489;ZA7556;ZA7561;ZA7562;ZA7575;ZA7576,33,0.825000,0.000000,0.000000,UNION_CONSENSUS,40,3
q1_41,,,,q1_41,native LSM source map (union fallback unresolved),,ZA8841,UNRESOLVED_NATIVE,,0,0.000000,0.000000,0.000000,UNRESOLVED_NATIVE,0,0
qa1,,,,qa1,native LSM source map (union fallback unresolved),,ZA8841,UNRESOLVED_NATIVE,,0,0.333333,0.000000,0.309013,UNRESOLVED_NATIVE,18,13
qa2,,,,qa2,native LSM source map (union fallback unresolved),,ZA8841,UNRESOLVED_NATIVE,,0,0.200000,0.000000,0.309013,UNRESOLVED_NATIVE,10,9
qa3,,,,qa3,native LSM source map (union fallback unresolved),,ZA8841,UNRESOLVED_NATIVE,,0,0.181818,0.000000,0.258590,UNRESOLVED_NATIVE,11,10
d78,D78,EU IMAGE - POSITIVE/NEGATIVE,"In general, does the EU conjure up for you a very positive, fairly positive, neutral, fairly negative or very negative image? (ONE ANSWER ONLY)","In general, does the EU conjure up for you a very positive, fairly positive, neutral, fairly negative or very negative image? (ONE ANSWER ONLY)",Eurobarometer semantic union consensus,303,ZA8841,UNION_CONSENSUS,ZA5965;ZA6595;ZA6693;ZA6696;ZA6697;ZA6861;ZA6862;ZA6925;ZA6927;ZA6939;ZA7484;ZA7488;ZA7489;ZA7556;ZA7561;ZA7562,16,1.000000,0.000000,0.000000,UNION_CONSENSUS,16,1
qa4,,,,qa4,native LSM source map (union fallback unresolved),,ZA8841,UNRESOLVED_NATIVE,,0,0.100000,0.093750,0.258590,UNRESOLVED_NATIVE,10,10
qa5,,,,qa5,native LSM source map (union fallback unresolved),,ZA8841,UNRESOLVED_NATIVE,,0,0.076923,0.172414,0.258590,UNRESOLVED_NATIVE,13,13
qa6,,,,qa6,native LSM source map (union fallback unresolved),,ZA8841,UNRESOLVED_NATIVE,,0,0.125000,0.166667,0.309013,UNRESOLVED_NATIVE,8,8
sd22,,,,sd22,native LSM source map (union fallback unresolved),,ZA8841,UNRESOLVED_NATIVE,,0,0.000000,0.000000,0.000000,UNRESOLVED_NATIVE,0,0
qa7,,,,qa7,native LSM source map (union fallback unresolved),,ZA8841,UNRESOLVED_NATIVE,,0,0.133333,0.000000,0.309013,UNRESOLVED_NATIVE,15,14
qa8_1,,,,qa8_1,native LSM source map (union fallback unresolved),,ZA8841,UNRESOLVED_NATIVE,,0,0.066667,0.000000,0.258590,UNRESOLVED_NATIVE,15,15
qa8_2,,,,qa8_2,native LSM source map (union fallback unresolved),,ZA8841,UNRESOLVED_NATIVE,,0,0.066667,0.000000,0.258590,UNRESOLVED_NATIVE,15,15
qa8_3,,,,qa8_3,native LSM source map (union fallback unresolved),,ZA8841,UNRESOLVED_NATIVE,,0,0.076923,0.000000,0.258590,UNRESOLVED_NATIVE,13,13
qa8_4,,,,qa8_4,native LSM source map (union fallback unresolved),,ZA8841,UNRESOLVED_NATIVE,,0,0.090909,0.000000,0.258590,UNRESOLVED_NATIVE,11,11
qa8_5,,,,qa8_5,native LSM source map (union fallback unresolved),,ZA8841,UNRESOLVED_NATIVE,,0,0.125000,0.000000,0.258590,UNRESOLVED_NATIVE,8,8
qa8_6,,,,qa8_6,native LSM source map (union fallback unresolved),,ZA8841,UNRESOLVED_NATIVE,,0,0.166667,0.000000,0.258590,UNRESOLVED_NATIVE,6,6
qa9,,,,qa9,native LSM source map (union fallback unresolved),,ZA8841,UNRESOLVED_NATIVE,,0,0.214286,0.000000,0.258590,UNRESOLVED_NATIVE,14,11
qa10_1,,,,qa10_1,native LSM source map (union fallback unresolved),,ZA8841,UNRESOLVED_NATIVE,,0,0.045455,0.000000,0.258590,UNRESOLVED_NATIVE,22,22
qa10_2,,,,qa10_2,native LSM source map (union fallback unresolved),,ZA8841,UNRESOLVED_NATIVE,,0,0.045455,0.000000,0.258590,UNRESOLVED_NATIVE,22,22
qa10_3,,,,qa10_3,native LSM source map (union fallback unresolved),,ZA8841,UNRESOLVED_NATIVE,,0,0.052632,0.000000,0.258590,UNRESOLVED_NATIVE,19,19
qa10_4,,,,qa10_4,native LSM source map (union fallback unresolved),,ZA8841,UNRESOLVED_NATIVE,,0,0.058824,0.000000,0.258590,UNRESOLVED_NATIVE,17,17
qa11a,,,,qa11a,native LSM source map (union fallback unresolved),,ZA8841,UNRESOLVED_NATIVE,,0,0.166667,0.400000,0.258590,UNRESOLVED_NATIVE,6,6
qa11b_1,,,,qa11b_1,native LSM source map (union fallback unresolved),,ZA8841,UNRESOLVED_NATIVE,,0,0.250000,0.000000,0.258590,UNRESOLVED_NATIVE,4,4
qa11b_2,,,,qa11b_2,native LSM source map (union fallback unresolved),,ZA8841,UNRESOLVED_NATIVE,,0,0.250000,0.000000,0.258590,UNRESOLVED_NATIVE,4,4
qa11b_3,,,,qa11b_3,native LSM source map (union fallback unresolved),,ZA8841,UNRESOLVED_NATIVE,,0,0.666667,0.000000,0.258590,UNRESOLVED_NATIVE,3,2
qa11b_4,,,,qa11b_4,native LSM source map (union fallback unresolved),,ZA8841,UNRESOLVED_NATIVE,,0,0.666667,0.000000,0.258590,UNRESOLVED_NATIVE,3,2
qa11b_5,,,,qa11b_5,native LSM source map (union fallback unresolved),,ZA8841,UNRESOLVED_NATIVE,,0,0.333333,0.000000,0.258590,UNRESOLVED_NATIVE,3,3
qa11b_6,,,,qa11b_6,native LSM source map (union fallback unresolved),,ZA8841,UNRESOLVED_NATIVE,,0,0.333333,0.000000,0.258590,UNRESOLVED_NATIVE,3,3
qa11b_7,,,,qa11b_7,native LSM source map (union fallback unresolved),,ZA8841,UNRESOLVED_NATIVE,,0,0.333333,0.000000,0.258590,UNRESOLVED_NATIVE,3,3
qa11b_8,,,,qa11b_8,native LSM source map (union fallback unresolved),,ZA8841,UNRESOLVED_NATIVE,,0,0.333333,0.000000,0.258590,UNRESOLVED_NATIVE,3,3
qa11b_9,,,,qa11b_9,native LSM source map (union fallback unresolved),,ZA8841,UNRESOLVED_NATIVE,,0,0.333333,0.000000,0.258590,UNRESOLVED_NATIVE,3,3
qa11b_10,,,,qa11b_10,native LSM source map (union fallback unresolved),,ZA8841,UNRESOLVED_NATIVE,,0,0.333333,0.000000,0.258590,UNRESOLVED_NATIVE,3,3
qa11b_11,,,,qa11b_11,native LSM source map (union fallback unresolved),,ZA8841,UNRESOLVED_NATIVE,,0,0.666667,0.000000,0.258590,UNRESOLVED_NATIVE,3,2
qa11b_12,,,,qa11b_12,native LSM source map (union fallback unresolved),,ZA8841,UNRESOLVED_NATIVE,,0,1.000000,0.000000,0.258590,UNRESOLVED_NATIVE,1,1
qa11b_13,,,,qa11b_13,native LSM source map (union fallback unresolved),,ZA8841,UNRESOLVED_NATIVE,,0,1.000000,0.000000,0.258590,UNRESOLVED_NATIVE,1,1
qa11b_14,,,,qa11b_14,native LSM source map (union fallback unresolved),,ZA8841,UNRESOLVED_NATIVE,,0,1.000000,0.000000,0.258590,UNRESOLVED_NATIVE,1,1
qa11b_15,,,,qa11b_15,native LSM source map (union fallback unresolved),,ZA8841,UNRESOLVED_NATIVE,,0,1.000000,0.000000,0.258590,UNRESOLVED_NATIVE,1,1
qa11b_16,,,,qa11b_16,native LSM source map (union fallback unresolved),,ZA8841,UNRESOLVED_NATIVE,,0,1.000000,0.000000,0.258590,UNRESOLVED_NATIVE,1,1
qa11b_17,,,,qa11b_17,native LSM source map (union fallback unresolved),,ZA8841,UNRESOLVED_NATIVE,,0,0.000000,0.000000,0.000000,UNRESOLVED_NATIVE,0,0
qa11t_1,,,,qa11t_1,native LSM source map (union fallback unresolved),,ZA8841,UNRESOLVED_NATIVE,,0,0.333333,0.000000,0.258590,UNRESOLVED_NATIVE,3,3
qa11t_2,,,,qa11t_2,native LSM source map (union fallback unresolved),,ZA8841,UNRESOLVED_NATIVE,,0,0.333333,0.000000,0.258590,UNRESOLVED_NATIVE,3,3
qa11t_3,,,,qa11t_3,native LSM source map (union fallback unresolved),,ZA8841,UNRESOLVED_NATIVE,,0,0.333333,0.000000,0.258590,UNRESOLVED_NATIVE,3,3
qa11t_4,,,,qa11t_4,native LSM source map (union fallback unresolved),,ZA8841,UNRESOLVED_NATIVE,,0,0.333333,0.000000,0.258590,UNRESOLVED_NATIVE,3,3
qa11t_5,,,,qa11t_5,native LSM source map (union fallback unresolved),,ZA8841,UNRESOLVED_NATIVE,,0,0.333333,0.000000,0.258590,UNRESOLVED_NATIVE,3,3
qa11t_6,,,,qa11t_6,native LSM source map (union fallback unresolved),,ZA8841,UNRESOLVED_NATIVE,,0,0.333333,0.000000,0.258590,UNRESOLVED_NATIVE,3,3
qa11t_7,,,,qa11t_7,native LSM source map (union fallback unresolved),,ZA8841,UNRESOLVED_NATIVE,,0,0.333333,0.000000,0.258590,UNRESOLVED_NATIVE,3,3
qa11t_8,,,,qa11t_8,native LSM source map (union fallback unresolved),,ZA8841,UNRESOLVED_NATIVE,,0,0.333333,0.000000,0.258590,UNRESOLVED_NATIVE,3,3
qa11t_9,,,,qa11t_9,native LSM source map (union fallback unresolved),,ZA8841,UNRESOLVED_NATIVE,,0,0.333333,0.000000,0.258590,UNRESOLVED_NATIVE,3,3
qa11t_10,,,,qa11t_10,native LSM source map (union fallback unresolved),,ZA8841,UNRESOLVED_NATIVE,,0,0.333333,0.000000,0.258590,UNRESOLVED_NATIVE,3,3
qa11t_11,,,,qa11t_11,native LSM source map (union fallback unresolved),,ZA8841,UNRESOLVED_NATIVE,,0,0.666667,0.000000,0.258590,UNRESOLVED_NATIVE,3,2
qa11t_12,,,,qa11t_12,native LSM source map (union fallback unresolved),,ZA8841,UNRESOLVED_NATIVE,,0,1.000000,0.000000,0.258590,UNRESOLVED_NATIVE,1,1
qa11t_13,,,,qa11t_13,native LSM source map (union fallback unresolved),,ZA8841,UNRESOLVED_NATIVE,,0,1.000000,0.000000,0.258590,UNRESOLVED_NATIVE,1,1
qa11t_14,,,,qa11t_14,native LSM source map (union fallback unresolved),,ZA8841,UNRESOLVED_NATIVE,,0,1.000000,0.000000,0.258590,UNRESOLVED_NATIVE,1,1
qa11t_15,,,,qa11t_15,native LSM source map (union fallback unresolved),,ZA8841,UNRESOLVED_NATIVE,,0,1.000000,0.000000,0.258590,UNRESOLVED_NATIVE,1,1
qa11t_16,,,,qa11t_16,native LSM source map (union fallback unresolved),,ZA8841,UNRESOLVED_NATIVE,,0,1.000000,0.000000,0.258590,UNRESOLVED_NATIVE,1,1
qa11t_17,,,,qa11t_17,native LSM source map (union fallback unresolved),,ZA8841,UNRESOLVED_NATIVE,,0,0.000000,0.000000,0.000000,UNRESOLVED_NATIVE,0,0
qa12,,,,qa12,native LSM source map (union fallback unresolved),,ZA8841,UNRESOLVED_NATIVE,,0,0.090909,0.000000,0.258590,UNRESOLVED_NATIVE,11,11
qa12r,,,,qa12r,native LSM source map (union fallback unresolved),,ZA8841,UNRESOLVED_NATIVE,,0,0.000000,0.000000,0.000000,UNRESOLVED_NATIVE,0,0
qa13,,,,qa13,native LSM source map (union fallback unresolved),,ZA8841,UNRESOLVED_NATIVE,,0,0.142857,0.000000,0.258590,UNRESOLVED_NATIVE,7,7
qa14a,,,,qa14a,native LSM source map (union fallback unresolved),,ZA8841,UNRESOLVED_NATIVE,,0,0.500000,0.000000,0.309013,UNRESOLVED_NATIVE,2,2
qa14b_1,,,,qa14b_1,native LSM source map (union fallback unresolved),,ZA8841,UNRESOLVED_NATIVE,,0,0.500000,0.000000,0.309013,UNRESOLVED_NATIVE,2,2
qa14b_2,,,,qa14b_2,native LSM source map (union fallback unresolved),,ZA8841,UNRESOLVED_NATIVE,,0,0.500000,0.000000,0.309013,UNRESOLVED_NATIVE,2,2
qa14b_3,,,,qa14b_3,native LSM source map (union fallback unresolved),,ZA8841,UNRESOLVED_NATIVE,,0,1.000000,0.000000,0.309013,UNRESOLVED_NATIVE,1,1
qa14b_4,,,,qa14b_4,native LSM source map (union fallback unresolved),,ZA8841,UNRESOLVED_NATIVE,,0,1.000000,0.000000,0.309013,UNRESOLVED_NATIVE,1,1
qa14b_5,,,,qa14b_5,native LSM source map (union fallback unresolved),,ZA8841,UNRESOLVED_NATIVE,,0,1.000000,0.000000,0.309013,UNRESOLVED_NATIVE,1,1
qa14b_6,,,,qa14b_6,native LSM source map (union fallback unresolved),,ZA8841,UNRESOLVED_NATIVE,,0,1.000000,0.000000,0.309013,UNRESOLVED_NATIVE,1,1
qa14b_7,,,,qa14b_7,native LSM source map (union fallback unresolved),,ZA8841,UNRESOLVED_NATIVE,,0,1.000000,0.000000,0.309013,UNRESOLVED_NATIVE,1,1
qa14b_8,,,,qa14b_8,native LSM source map (union fallback unresolved),,ZA8841,UNRESOLVED_NATIVE,,0,1.000000,0.000000,0.309013,UNRESOLVED_NATIVE,1,1
qa14b_9,,,,qa14b_9,native LSM source map (union fallback unresolved),,ZA8841,UNRESOLVED_NATIVE,,0,1.000000,0.000000,0.309013,UNRESOLVED_NATIVE,1,1
qa14b_10,,,,qa14b_10,native LSM source map (union fallback unresolved),,ZA8841,UNRESOLVED_NATIVE,,0,1.000000,0.000000,0.309013,UNRESOLVED_NATIVE,1,1
qa14b_11,,,,qa14b_11,native LSM source map (union fallback unresolved),,ZA8841,UNRESOLVED_NATIVE,,0,1.000000,0.000000,0.309013,UNRESOLVED_NATIVE,1,1
qa14b_12,,,,qa14b_12,native LSM source map (union fallback unresolved),,ZA8841,UNRESOLVED_NATIVE,,0,1.000000,0.000000,0.309013,UNRESOLVED_NATIVE,1,1
qa14b_13,,,,qa14b_13,native LSM source map (union fallback unresolved),,ZA8841,UNRESOLVED_NATIVE,,0,1.000000,0.000000,0.309013,UNRESOLVED_NATIVE,1,1
qa14b_14,,,,qa14b_14,native LSM source map (union fallback unresolved),,ZA8841,UNRESOLVED_NATIVE,,0,0.000000,0.000000,0.000000,UNRESOLVED_NATIVE,0,0
qa14b_15,,,,qa14b_15,native LSM source map (union fallback unresolved),,ZA8841,UNRESOLVED_NATIVE,,0,0.000000,0.000000,0.000000,UNRESOLVED_NATIVE,0,0
qa14b_16,,,,qa14b_16,native LSM source map (union fallback unresolved),,ZA8841,UNRESOLVED_NATIVE,,0,0.000000,0.000000,0.000000,UNRESOLVED_NATIVE,0,0
qa14b_17,,,,qa14b_17,native LSM source map (union fallback unresolved),,ZA8841,UNRESOLVED_NATIVE,,0,0.000000,0.000000,0.000000,UNRESOLVED_NATIVE,0,0
qa14b_18,,,,qa14b_18,native LSM source map (union fallback unresolved),,ZA8841,UNRESOLVED_NATIVE,,0,0.000000,0.000000,0.000000,UNRESOLVED_NATIVE,0,0
qa14t_1,,,,qa14t_1,native LSM source map (union fallback unresolved),,ZA8841,UNRESOLVED_NATIVE,,0,1.000000,0.000000,0.309013,UNRESOLVED_NATIVE,1,1
qa14t_2,,,,qa14t_2,native LSM source map (union fallback unresolved),,ZA8841,UNRESOLVED_NATIVE,,0,1.000000,0.000000,0.309013,UNRESOLVED_NATIVE,1,1
qa14t_3,,,,qa14t_3,native LSM source map (union fallback unresolved),,ZA8841,UNRESOLVED_NATIVE,,0,1.000000,0.000000,0.309013,UNRESOLVED_NATIVE,1,1
qa14t_4,,,,qa14t_4,native LSM source map (union fallback unresolved),,ZA8841,UNRESOLVED_NATIVE,,0,1.000000,0.000000,0.309013,UNRESOLVED_NATIVE,1,1
qa14t_5,,,,qa14t_5,native LSM source map (union fallback unresolved),,ZA8841,UNRESOLVED_NATIVE,,0,1.000000,0.000000,0.309013,UNRESOLVED_NATIVE,1,1
qa14t_6,,,,qa14t_6,native LSM source map (union fallback unresolved),,ZA8841,UNRESOLVED_NATIVE,,0,1.000000,0.000000,0.309013,UNRESOLVED_NATIVE,1,1
qa14t_7,,,,qa14t_7,native LSM source map (union fallback unresolved),,ZA8841,UNRESOLVED_NATIVE,,0,1.000000,0.000000,0.309013,UNRESOLVED_NATIVE,1,1
qa14t_8,,,,qa14t_8,native LSM source map (union fallback unresolved),,ZA8841,UNRESOLVED_NATIVE,,0,1.000000,0.000000,0.309013,UNRESOLVED_NATIVE,1,1
qa14t_9,,,,qa14t_9,native LSM source map (union fallback unresolved),,ZA8841,UNRESOLVED_NATIVE,,0,1.000000,0.000000,0.309013,UNRESOLVED_NATIVE,1,1
qa14t_10,,,,qa14t_10,native LSM source map (union fallback unresolved),,ZA8841,UNRESOLVED_NATIVE,,0,1.000000,0.000000,0.309013,UNRESOLVED_NATIVE,1,1
qa14t_11,,,,qa14t_11,native LSM source map (union fallback unresolved),,ZA8841,UNRESOLVED_NATIVE,,0,1.000000,0.000000,0.309013,UNRESOLVED_NATIVE,1,1
qa14t_12,,,,qa14t_12,native LSM source map (union fallback unresolved),,ZA8841,UNRESOLVED_NATIVE,,0,1.000000,0.000000,0.309013,UNRESOLVED_NATIVE,1,1
qa14t_13,,,,qa14t_13,native LSM source map (union fallback unresolved),,ZA8841,UNRESOLVED_NATIVE,,0,1.000000,0.000000,0.309013,UNRESOLVED_NATIVE,1,1
qa14t_14,,,,qa14t_14,native LSM source map (union fallback unresolved),,ZA8841,UNRESOLVED_NATIVE,,0,0.000000,0.000000,0.000000,UNRESOLVED_NATIVE,0,0
qa14t_15,,,,qa14t_15,native LSM source map (union fallback unresolved),,ZA8841,UNRESOLVED_NATIVE,,0,0.000000,0.000000,0.000000,UNRESOLVED_NATIVE,0,0
qa14t_16,,,,qa14t_16,native LSM source map (union fallback unresolved),,ZA8841,UNRESOLVED_NATIVE,,0,0.000000,0.000000,0.000000,UNRESOLVED_NATIVE,0,0
qa14t_17,,,,qa14t_17,native LSM source map (union fallback unresolved),,ZA8841,UNRESOLVED_NATIVE,,0,0.000000,0.000000,0.000000,UNRESOLVED_NATIVE,0,0
qa14t_18,,,,qa14t_18,native LSM source map (union fallback unresolved),,ZA8841,UNRESOLVED_NATIVE,,0,0.000000,0.000000,0.000000,UNRESOLVED_NATIVE,0,0
qa15a,,,,qa15a,native LSM source map (union fallback unresolved),,ZA8841,UNRESOLVED_NATIVE,,0,0.000000,0.000000,0.000000,UNRESOLVED_NATIVE,0,0
qa15b_1,,,,qa15b_1,native LSM source map (union fallback unresolved),,ZA8841,UNRESOLVED_NATIVE,,0,0.000000,0.000000,0.000000,UNRESOLVED_NATIVE,0,0
qa15b_2,,,,qa15b_2,native LSM source map (union fallback unresolved),,ZA8841,UNRESOLVED_NATIVE,,0,0.000000,0.000000,0.000000,UNRESOLVED_NATIVE,0,0
qa15b_3,,,,qa15b_3,native LSM source map (union fallback unresolved),,ZA8841,UNRESOLVED_NATIVE,,0,0.000000,0.000000,0.000000,UNRESOLVED_NATIVE,0,0
qa15b_4,,,,qa15b_4,native LSM source map (union fallback unresolved),,ZA8841,UNRESOLVED_NATIVE,,0,0.000000,0.000000,0.000000,UNRESOLVED_NATIVE,0,0
qa15b_5,,,,qa15b_5,native LSM source map (union fallback unresolved),,ZA8841,UNRESOLVED_NATIVE,,0,0.000000,0.000000,0.000000,UNRESOLVED_NATIVE,0,0
qa15b_6,,,,qa15b_6,native LSM source map (union fallback unresolved),,ZA8841,UNRESOLVED_NATIVE,,0,0.000000,0.000000,0.000000,UNRESOLVED_NATIVE,0,0
qa15b_7,,,,qa15b_7,native LSM source map (union fallback unresolved),,ZA8841,UNRESOLVED_NATIVE,,0,0.000000,0.000000,0.000000,UNRESOLVED_NATIVE,0,0
qa15b_8,,,,qa15b_8,native LSM source map (union fallback unresolved),,ZA8841,UNRESOLVED_NATIVE,,0,0.000000,0.000000,0.000000,UNRESOLVED_NATIVE,0,0
qa15b_9,,,,qa15b_9,native LSM source map (union fallback unresolved),,ZA8841,UNRESOLVED_NATIVE,,0,0.000000,0.000000,0.000000,UNRESOLVED_NATIVE,0,0
qa15b_10,,,,qa15b_10,native LSM source map (union fallback unresolved),,ZA8841,UNRESOLVED_NATIVE,,0,0.000000,0.000000,0.000000,UNRESOLVED_NATIVE,0,0
qa15b_11,,,,qa15b_11,native LSM source map (union fallback unresolved),,ZA8841,UNRESOLVED_NATIVE,,0,0.000000,0.000000,0.000000,UNRESOLVED_NATIVE,0,0
qa15b_12,,,,qa15b_12,native LSM source map (union fallback unresolved),,ZA8841,UNRESOLVED_NATIVE,,0,0.000000,0.000000,0.000000,UNRESOLVED_NATIVE,0,0
qa15b_13,,,,qa15b_13,native LSM source map (union fallback unresolved),,ZA8841,UNRESOLVED_NATIVE,,0,0.000000,0.000000,0.000000,UNRESOLVED_NATIVE,0,0
qa15b_14,,,,qa15b_14,native LSM source map (union fallback unresolved),,ZA8841,UNRESOLVED_NATIVE,,0,0.000000,0.000000,0.000000,UNRESOLVED_NATIVE,0,0
qa15b_15,,,,qa15b_15,native LSM source map (union fallback unresolved),,ZA8841,UNRESOLVED_NATIVE,,0,0.000000,0.000000,0.000000,UNRESOLVED_NATIVE,0,0
qa15b_16,,,,qa15b_16,native LSM source map (union fallback unresolved),,ZA8841,UNRESOLVED_NATIVE,,0,0.000000,0.000000,0.000000,UNRESOLVED_NATIVE,0,0
qa15b_17,,,,qa15b_17,native LSM source map (union fallback unresolved),,ZA8841,UNRESOLVED_NATIVE,,0,0.000000,0.000000,0.000000,UNRESOLVED_NATIVE,0,0
qa15b_18,,,,qa15b_18,native LSM source map (union fallback unresolved),,ZA8841,UNRESOLVED_NATIVE,,0,0.000000,0.000000,0.000000,UNRESOLVED_NATIVE,0,0
qa15t_1,,,,qa15t_1,native LSM source map (union fallback unresolved),,ZA8841,UNRESOLVED_NATIVE,,0,0.000000,0.000000,0.000000,UNRESOLVED_NATIVE,0,0
qa15t_2,,,,qa15t_2,native LSM source map (union fallback unresolved),,ZA8841,UNRESOLVED_NATIVE,,0,0.000000,0.000000,0.000000,UNRESOLVED_NATIVE,0,0
qa15t_3,,,,qa15t_3,native LSM source map (union fallback unresolved),,ZA8841,UNRESOLVED_NATIVE,,0,0.000000,0.000000,0.000000,UNRESOLVED_NATIVE,0,0
qa15t_4,,,,qa15t_4,native LSM source map (union fallback unresolved),,ZA8841,UNRESOLVED_NATIVE,,0,0.000000,0.000000,0.000000,UNRESOLVED_NATIVE,0,0
qa15t_5,,,,qa15t_5,native LSM source map (union fallback unresolved),,ZA8841,UNRESOLVED_NATIVE,,0,0.000000,0.000000,0.000000,UNRESOLVED_NATIVE,0,0
qa15t_6,,,,qa15t_6,native LSM source map (union fallback unresolved),,ZA8841,UNRESOLVED_NATIVE,,0,0.000000,0.000000,0.000000,UNRESOLVED_NATIVE,0,0
qa15t_7,,,,qa15t_7,native LSM source map (union fallback unresolved),,ZA8841,UNRESOLVED_NATIVE,,0,0.000000,0.000000,0.000000,UNRESOLVED_NATIVE,0,0
qa15t_8,,,,qa15t_8,native LSM source map (union fallback unresolved),,ZA8841,UNRESOLVED_NATIVE,,0,0.000000,0.000000,0.000000,UNRESOLVED_NATIVE,0,0
qa15t_9,,,,qa15t_9,native LSM source map (union fallback unresolved),,ZA8841,UNRESOLVED_NATIVE,,0,0.000000,0.000000,0.000000,UNRESOLVED_NATIVE,0,0
qa15t_10,,,,qa15t_10,native LSM source map (union fallback unresolved),,ZA8841,UNRESOLVED_NATIVE,,0,0.000000,0.000000,0.000000,UNRESOLVED_NATIVE,0,0
qa15t_11,,,,qa15t_11,native LSM source map (union fallback unresolved),,ZA8841,UNRESOLVED_NATIVE,,0,0.000000,0.000000,0.000000,UNRESOLVED_NATIVE,0,0
qa15t_12,,,,qa15t_12,native LSM source map (union fallback unresolved),,ZA8841,UNRESOLVED_NATIVE,,0,0.000000,0.000000,0.000000,UNRESOLVED_NATIVE,0,0
qa15t_13,,,,qa15t_13,native LSM source map (union fallback unresolved),,ZA8841,UNRESOLVED_NATIVE,,0,0.000000,0.000000,0.000000,UNRESOLVED_NATIVE,0,0
qa15t_14,,,,qa15t_14,native LSM source map (union fallback unresolved),,ZA8841,UNRESOLVED_NATIVE,,0,0.000000,0.000000,0.000000,UNRESOLVED_NATIVE,0,0
qa15t_15,,,,qa15t_15,native LSM source map (union fallback unresolved),,ZA8841,UNRESOLVED_NATIVE,,0,0.000000,0.000000,0.000000,UNRESOLVED_NATIVE,0,0
qa15t_16,,,,qa15t_16,native LSM source map (union fallback unresolved),,ZA8841,UNRESOLVED_NATIVE,,0,0.000000,0.000000,0.000000,UNRESOLVED_NATIVE,0,0
qa15t_17,,,,qa15t_17,native LSM source map (union fallback unresolved),,ZA8841,UNRESOLVED_NATIVE,,0,0.000000,0.000000,0.000000,UNRESOLVED_NATIVE,0,0
qa15t_18,,,,qa15t_18,native LSM source map (union fallback unresolved),,ZA8841,UNRESOLVED_NATIVE,,0,0.000000,0.000000,0.000000,UNRESOLVED_NATIVE,0,0
qa16a,,,,qa16a,native LSM source map (union fallback unresolved),,ZA8841,UNRESOLVED_NATIVE,,0,0.500000,0.000000,0.309013,UNRESOLVED_NATIVE,2,2
qa16b,,,,qa16b,native LSM source map (union fallback unresolved),,ZA8841,UNRESOLVED_NATIVE,,0,0.500000,0.000000,0.309013,UNRESOLVED_NATIVE,2,2
qa17,,,,qa17,native LSM source map (union fallback unresolved),,ZA8841,UNRESOLVED_NATIVE,,0,0.142857,0.000000,0.242377,UNRESOLVED_NATIVE,7,7
qa18,,,,qa18,native LSM source map (union fallback unresolved),,ZA8841,UNRESOLVED_NATIVE,,0,0.200000,0.000000,0.221106,UNRESOLVED_NATIVE,5,5
qa19_1,,,,qa19_1,native LSM source map (union fallback unresolved),,ZA8841,UNRESOLVED_NATIVE,,0,0.400000,0.000000,0.221106,UNRESOLVED_NATIVE,5,4
qa19_2,,,,qa19_2,native LSM source map (union fallback unresolved),,ZA8841,UNRESOLVED_NATIVE,,0,0.400000,0.000000,0.221106,UNRESOLVED_NATIVE,5,4
qa19_3,,,,qa19_3,native LSM source map (union fallback unresolved),,ZA8841,UNRESOLVED_NATIVE,,0,0.400000,0.000000,0.221106,UNRESOLVED_NATIVE,5,4
qa19_4,,,,qa19_4,native LSM source map (union fallback unresolved),,ZA8841,UNRESOLVED_NATIVE,,0,0.666667,0.000000,0.221106,UNRESOLVED_NATIVE,3,2
qa19_5,,,,qa19_5,native LSM source map (union fallback unresolved),,ZA8841,UNRESOLVED_NATIVE,,0,0.500000,0.000000,0.221106,UNRESOLVED_NATIVE,2,2
qa19_6,,,,qa19_6,native LSM source map (union fallback unresolved),,ZA8841,UNRESOLVED_NATIVE,,0,0.500000,0.000000,0.221106,UNRESOLVED_NATIVE,2,2
qa19_7,,,,qa19_7,native LSM source map (union fallback unresolved),,ZA8841,UNRESOLVED_NATIVE,,0,0.500000,0.000000,0.221106,UNRESOLVED_NATIVE,2,2
qa19_8,,,,qa19_8,native LSM source map (union fallback unresolved),,ZA8841,UNRESOLVED_NATIVE,,0,1.000000,0.000000,0.221106,UNRESOLVED_NATIVE,1,1
qa19_9,,,,qa19_9,native LSM source map (union fallback unresolved),,ZA8841,UNRESOLVED_NATIVE,,0,0.000000,0.000000,0.000000,UNRESOLVED_NATIVE,0,0
qa19_10,,,,qa19_10,native LSM source map (union fallback unresolved),,ZA8841,UNRESOLVED_NATIVE,,0,0.000000,0.000000,0.000000,UNRESOLVED_NATIVE,0,0
qa19_11,,,,qa19_11,native LSM source map (union fallback unresolved),,ZA8841,UNRESOLVED_NATIVE,,0,0.000000,0.000000,0.000000,UNRESOLVED_NATIVE,0,0
qa19_12,,,,qa19_12,native LSM source map (union fallback unresolved),,ZA8841,UNRESOLVED_NATIVE,,0,0.000000,0.000000,0.000000,UNRESOLVED_NATIVE,0,0
qa19_13,,,,qa19_13,native LSM source map (union fallback unresolved),,ZA8841,UNRESOLVED_NATIVE,,0,0.000000,0.000000,0.000000,UNRESOLVED_NATIVE,0,0
qa19t1,,,,qa19t1,native LSM source map (union fallback unresolved),,ZA8841,UNRESOLVED_NATIVE,,0,0.000000,0.000000,0.000000,UNRESOLVED_NATIVE,0,0
qa19t2,,,,qa19t2,native LSM source map (union fallback unresolved),,ZA8841,UNRESOLVED_NATIVE,,0,0.000000,0.000000,0.000000,UNRESOLVED_NATIVE,0,0
qa20,,,,qa20,native LSM source map (union fallback unresolved),,ZA8841,UNRESOLVED_NATIVE,,0,0.250000,0.000000,0.197749,UNRESOLVED_NATIVE,4,4
qa21_1,,,,qa21_1,native LSM source map (union fallback unresolved),,ZA8841,UNRESOLVED_NATIVE,,0,0.200000,0.000000,0.221106,UNRESOLVED_NATIVE,5,5
qa21_2,,,,qa21_2,native LSM source map (union fallback unresolved),,ZA8841,UNRESOLVED_NATIVE,,0,0.200000,0.000000,0.221106,UNRESOLVED_NATIVE,5,5
qa21_3,,,,qa21_3,native LSM source map (union fallback unresolved),,ZA8841,UNRESOLVED_NATIVE,,0,0.250000,0.000000,0.221106,UNRESOLVED_NATIVE,4,4
qa21_4,,,,qa21_4,native LSM source map (union fallback unresolved),,ZA8841,UNRESOLVED_NATIVE,,0,0.333333,0.000000,0.221106,UNRESOLVED_NATIVE,3,3
sd26,,,,sd26,native LSM source map (union fallback unresolved),,ZA8841,UNRESOLVED_NATIVE,,0,0.000000,0.000000,0.000000,UNRESOLVED_NATIVE,0,0
sd21_1,,,,sd21_1,native LSM source map (union fallback unresolved),,ZA8841,UNRESOLVED_NATIVE,,0,0.000000,0.000000,0.000000,UNRESOLVED_NATIVE,0,0
sd21_2,,,,sd21_2,native LSM source map (union fallback unresolved),,ZA8841,UNRESOLVED_NATIVE,,0,0.000000,0.000000,0.000000,UNRESOLVED_NATIVE,0,0
sd27,,,,sd27,native LSM source map (union fallback unresolved),,ZA8841,UNRESOLVED_NATIVE,,0,0.000000,0.000000,0.000000,UNRESOLVED_NATIVE,0,0
qb1,,,,qb1,native LSM source map (union fallback unresolved),,ZA8841,UNRESOLVED_NATIVE,,0,0.142857,0.000000,0.255597,UNRESOLVED_NATIVE,14,13
qb2a,,,,qb2a,native LSM source map (union fallback unresolved),,ZA8841,UNRESOLVED_NATIVE,,0,0.500000,0.250000,0.255597,UNRESOLVED_NATIVE,2,2
qb2b_1,,,,qb2b_1,native LSM source map (union fallback unresolved),,ZA8841,UNRESOLVED_NATIVE,,0,0.000000,0.000000,0.000000,UNRESOLVED_NATIVE,0,0
qb2b_2,,,,qb2b_2,native LSM source map (union fallback unresolved),,ZA8841,UNRESOLVED_NATIVE,,0,0.000000,0.000000,0.000000,UNRESOLVED_NATIVE,0,0
qb2b_3,,,,qb2b_3,native LSM source map (union fallback unresolved),,ZA8841,UNRESOLVED_NATIVE,,0,0.000000,0.000000,0.000000,UNRESOLVED_NATIVE,0,0
qb2b_4,,,,qb2b_4,native LSM source map (union fallback unresolved),,ZA8841,UNRESOLVED_NATIVE,,0,0.000000,0.000000,0.000000,UNRESOLVED_NATIVE,0,0
qb2b_5,,,,qb2b_5,native LSM source map (union fallback unresolved),,ZA8841,UNRESOLVED_NATIVE,,0,0.000000,0.000000,0.000000,UNRESOLVED_NATIVE,0,0
qb2b_6,,,,qb2b_6,native LSM source map (union fallback unresolved),,ZA8841,UNRESOLVED_NATIVE,,0,0.000000,0.000000,0.000000,UNRESOLVED_NATIVE,0,0
qb2b_7,,,,qb2b_7,native LSM source map (union fallback unresolved),,ZA8841,UNRESOLVED_NATIVE,,0,0.000000,0.000000,0.000000,UNRESOLVED_NATIVE,0,0
qb2b_8,,,,qb2b_8,native LSM source map (union fallback unresolved),,ZA8841,UNRESOLVED_NATIVE,,0,0.000000,0.000000,0.000000,UNRESOLVED_NATIVE,0,0
qb2b_9,,,,qb2b_9,native LSM source map (union fallback unresolved),,ZA8841,UNRESOLVED_NATIVE,,0,0.000000,0.000000,0.000000,UNRESOLVED_NATIVE,0,0
qb2b_10,,,,qb2b_10,native LSM source map (union fallback unresolved),,ZA8841,UNRESOLVED_NATIVE,,0,0.000000,0.000000,0.000000,UNRESOLVED_NATIVE,0,0
qb2b_11,,,,qb2b_11,native LSM source map (union fallback unresolved),,ZA8841,UNRESOLVED_NATIVE,,0,0.000000,0.000000,0.000000,UNRESOLVED_NATIVE,0,0
qb2b_12,,,,qb2b_12,native LSM source map (union fallback unresolved),,ZA8841,UNRESOLVED_NATIVE,,0,0.000000,0.000000,0.000000,UNRESOLVED_NATIVE,0,0
qb2b_13,,,,qb2b_13,native LSM source map (union fallback unresolved),,ZA8841,UNRESOLVED_NATIVE,,0,0.000000,0.000000,0.000000,UNRESOLVED_NATIVE,0,0
qb2b_14,,,,qb2b_14,native LSM source map (union fallback unresolved),,ZA8841,UNRESOLVED_NATIVE,,0,0.000000,0.000000,0.000000,UNRESOLVED_NATIVE,0,0
qb2t_1,,,,qb2t_1,native LSM source map (union fallback unresolved),,ZA8841,UNRESOLVED_NATIVE,,0,1.000000,0.000000,0.178037,UNRESOLVED_NATIVE,1,1
qb2t_2,,,,qb2t_2,native LSM source map (union fallback unresolved),,ZA8841,UNRESOLVED_NATIVE,,0,1.000000,0.000000,0.178037,UNRESOLVED_NATIVE,1,1
qb2t_3,,,,qb2t_3,native LSM source map (union fallback unresolved),,ZA8841,UNRESOLVED_NATIVE,,0,1.000000,0.000000,0.178037,UNRESOLVED_NATIVE,1,1
qb2t_4,,,,qb2t_4,native LSM source map (union fallback unresolved),,ZA8841,UNRESOLVED_NATIVE,,0,1.000000,0.000000,0.178037,UNRESOLVED_NATIVE,1,1
qb2t_5,,,,qb2t_5,native LSM source map (union fallback unresolved),,ZA8841,UNRESOLVED_NATIVE,,0,1.000000,0.000000,0.178037,UNRESOLVED_NATIVE,1,1
qb2t_6,,,,qb2t_6,native LSM source map (union fallback unresolved),,ZA8841,UNRESOLVED_NATIVE,,0,1.000000,0.000000,0.178037,UNRESOLVED_NATIVE,1,1
qb2t_7,,,,qb2t_7,native LSM source map (union fallback unresolved),,ZA8841,UNRESOLVED_NATIVE,,0,1.000000,0.000000,0.178037,UNRESOLVED_NATIVE,1,1
qb2t_8,,,,qb2t_8,native LSM source map (union fallback unresolved),,ZA8841,UNRESOLVED_NATIVE,,0,1.000000,0.000000,0.178037,UNRESOLVED_NATIVE,1,1
qb2t_9,,,,qb2t_9,native LSM source map (union fallback unresolved),,ZA8841,UNRESOLVED_NATIVE,,0,0.000000,0.000000,0.000000,UNRESOLVED_NATIVE,0,0
qb2t_10,,,,qb2t_10,native LSM source map (union fallback unresolved),,ZA8841,UNRESOLVED_NATIVE,,0,0.000000,0.000000,0.000000,UNRESOLVED_NATIVE,0,0
qb2t_11,,,,qb2t_11,native LSM source map (union fallback unresolved),,ZA8841,UNRESOLVED_NATIVE,,0,0.000000,0.000000,0.000000,UNRESOLVED_NATIVE,0,0
qb2t_12,,,,qb2t_12,native LSM source map (union fallback unresolved),,ZA8841,UNRESOLVED_NATIVE,,0,0.000000,0.000000,0.000000,UNRESOLVED_NATIVE,0,0
qb2t_13,,,,qb2t_13,native LSM source map (union fallback unresolved),,ZA8841,UNRESOLVED_NATIVE,,0,0.000000,0.000000,0.000000,UNRESOLVED_NATIVE,0,0
qb2t_14,,,,qb2t_14,native LSM source map (union fallback unresolved),,ZA8841,UNRESOLVED_NATIVE,,0,0.000000,0.000000,0.000000,UNRESOLVED_NATIVE,0,0
qb3,,,,qb3,native LSM source map (union fallback unresolved),,ZA8841,UNRESOLVED_NATIVE,,0,0.166667,0.000000,0.255597,UNRESOLVED_NATIVE,12,10
qb3a_1,,,,qb3a_1,native LSM source map (union fallback unresolved),,ZA8841,UNRESOLVED_NATIVE,,0,0.000000,0.000000,0.000000,UNRESOLVED_NATIVE,0,0
qb3a_2,,,,qb3a_2,native LSM source map (union fallback unresolved),,ZA8841,UNRESOLVED_NATIVE,,0,0.000000,0.000000,0.000000,UNRESOLVED_NATIVE,0,0
qb4_1,,,,qb4_1,native LSM source map (union fallback unresolved),,ZA8841,UNRESOLVED_NATIVE,,0,0.058824,0.000000,0.309013,UNRESOLVED_NATIVE,17,17
qb4_2,,,,qb4_2,native LSM source map (union fallback unresolved),,ZA8841,UNRESOLVED_NATIVE,,0,0.058824,0.000000,0.309013,UNRESOLVED_NATIVE,17,17
qb4_3,,,,qb4_3,native LSM source map (union fallback unresolved),,ZA8841,UNRESOLVED_NATIVE,,0,0.062500,0.000000,0.309013,UNRESOLVED_NATIVE,16,16
qb4_4,,,,qb4_4,native LSM source map (union fallback unresolved),,ZA8841,UNRESOLVED_NATIVE,,0,0.076923,0.000000,0.309013,UNRESOLVED_NATIVE,13,13
qb4_5,,,,qb4_5,native LSM source map (union fallback unresolved),,ZA8841,UNRESOLVED_NATIVE,,0,0.090909,0.000000,0.309013,UNRESOLVED_NATIVE,11,11
qb4_6,,,,qb4_6,native LSM source map (union fallback unresolved),,ZA8841,UNRESOLVED_NATIVE,,0,0.142857,0.000000,0.309013,UNRESOLVED_NATIVE,7,7
qb4_7,,,,qb4_7,native LSM source map (union fallback unresolved),,ZA8841,UNRESOLVED_NATIVE,,0,0.166667,0.000000,0.309013,UNRESOLVED_NATIVE,6,6
qb4_8,,,,qb4_8,native LSM source map (union fallback unresolved),,ZA8841,UNRESOLVED_NATIVE,,0,0.333333,0.000000,0.255597,UNRESOLVED_NATIVE,3,3
qb4_9,,,,qb4_9,native LSM source map (union fallback unresolved),,ZA8841,UNRESOLVED_NATIVE,,0,0.500000,0.000000,0.233071,UNRESOLVED_NATIVE,2,2
qb4_10,,,,qb4_10,native LSM source map (union fallback unresolved),,ZA8841,UNRESOLVED_NATIVE,,0,0.500000,0.000000,0.233071,UNRESOLVED_NATIVE,2,2
qb4_11,,,,qb4_11,native LSM source map (union fallback unresolved),,ZA8841,UNRESOLVED_NATIVE,,0,0.000000,0.000000,0.000000,UNRESOLVED_NATIVE,0,0
qb4_12,,,,qb4_12,native LSM source map (union fallback unresolved),,ZA8841,UNRESOLVED_NATIVE,,0,0.000000,0.000000,0.000000,UNRESOLVED_NATIVE,0,0
qb4_13,,,,qb4_13,native LSM source map (union fallback unresolved),,ZA8841,UNRESOLVED_NATIVE,,0,0.000000,0.000000,0.000000,UNRESOLVED_NATIVE,0,0
qb4_14,,,,qb4_14,native LSM source map (union fallback unresolved),,ZA8841,UNRESOLVED_NATIVE,,0,0.000000,0.000000,0.000000,UNRESOLVED_NATIVE,0,0
qb4_15,,,,qb4_15,native LSM source map (union fallback unresolved),,ZA8841,UNRESOLVED_NATIVE,,0,0.000000,0.000000,0.000000,UNRESOLVED_NATIVE,0,0
qb4_16,,,,qb4_16,native LSM source map (union fallback unresolved),,ZA8841,UNRESOLVED_NATIVE,,0,0.000000,0.000000,0.000000,UNRESOLVED_NATIVE,0,0
qb5_1,,,,qb5_1,native LSM source map (union fallback unresolved),,ZA8841,UNRESOLVED_NATIVE,,0,0.153846,0.000000,0.309013,UNRESOLVED_NATIVE,13,12
qb5_2,,,,qb5_2,native LSM source map (union fallback unresolved),,ZA8841,UNRESOLVED_NATIVE,,0,0.153846,0.000000,0.309013,UNRESOLVED_NATIVE,13,12
qb5_3,,,,qb5_3,native LSM source map (union fallback unresolved),,ZA8841,UNRESOLVED_NATIVE,,0,0.153846,0.000000,0.309013,UNRESOLVED_NATIVE,13,12
qb5_4,,,,qb5_4,native LSM source map (union fallback unresolved),,ZA8841,UNRESOLVED_NATIVE,,0,0.166667,0.000000,0.309013,UNRESOLVED_NATIVE,12,11
qb5_5,,,,qb5_5,native LSM source map (union fallback unresolved),,ZA8841,UNRESOLVED_NATIVE,,0,0.125000,0.000000,0.309013,UNRESOLVED_NATIVE,8,8
qb5_6,,,,qb5_6,native LSM source map (union fallback unresolved),,ZA8841,UNRESOLVED_NATIVE,,0,0.142857,0.000000,0.309013,UNRESOLVED_NATIVE,7,7
qb5_7,,,,qb5_7,native LSM source map (union fallback unresolved),,ZA8841,UNRESOLVED_NATIVE,,0,0.166667,0.000000,0.309013,UNRESOLVED_NATIVE,6,6
qb5_8,,,,qb5_8,native LSM source map (union fallback unresolved),,ZA8841,UNRESOLVED_NATIVE,,0,0.166667,0.000000,0.309013,UNRESOLVED_NATIVE,6,6
qb5_9,,,,qb5_9,native LSM source map (union fallback unresolved),,ZA8841,UNRESOLVED_NATIVE,,0,0.250000,0.000000,0.309013,UNRESOLVED_NATIVE,4,4
qb5_10,,,,qb5_10,native LSM source map (union fallback unresolved),,ZA8841,UNRESOLVED_NATIVE,,0,0.250000,0.000000,0.309013,UNRESOLVED_NATIVE,4,4
qb5_11,,,,qb5_11,native LSM source map (union fallback unresolved),,ZA8841,UNRESOLVED_NATIVE,,0,1.000000,0.000000,0.221106,UNRESOLVED_NATIVE,1,1
qb5_12,,,,qb5_12,native LSM source map (union fallback unresolved),,ZA8841,UNRESOLVED_NATIVE,,0,1.000000,0.000000,0.221106,UNRESOLVED_NATIVE,1,1
qb5_13,,,,qb5_13,native LSM source map (union fallback unresolved),,ZA8841,UNRESOLVED_NATIVE,,0,1.000000,0.000000,0.221106,UNRESOLVED_NATIVE,1,1
qb5_14,,,,qb5_14,native LSM source map (union fallback unresolved),,ZA8841,UNRESOLVED_NATIVE,,0,1.000000,0.000000,0.221106,UNRESOLVED_NATIVE,1,1
qb5_15,,,,qb5_15,native LSM source map (union fallback unresolved),,ZA8841,UNRESOLVED_NATIVE,,0,0.000000,0.000000,0.000000,UNRESOLVED_NATIVE,0,0
qb5_16,,,,qb5_16,native LSM source map (union fallback unresolved),,ZA8841,UNRESOLVED_NATIVE,,0,0.000000,0.000000,0.000000,UNRESOLVED_NATIVE,0,0
qb5_17,,,,qb5_17,native LSM source map (union fallback unresolved),,ZA8841,UNRESOLVED_NATIVE,,0,0.000000,0.000000,0.000000,UNRESOLVED_NATIVE,0,0
qb5_18,,,,qb5_18,native LSM source map (union fallback unresolved),,ZA8841,UNRESOLVED_NATIVE,,0,0.000000,0.000000,0.000000,UNRESOLVED_NATIVE,0,0
qb6_1,,,,qb6_1,native LSM source map (union fallback unresolved),,ZA8841,UNRESOLVED_NATIVE,,0,0.083333,0.000000,0.309013,UNRESOLVED_NATIVE,12,12
qb6_2,,,,qb6_2,native LSM source map (union fallback unresolved),,ZA8841,UNRESOLVED_NATIVE,,0,0.083333,0.000000,0.309013,UNRESOLVED_NATIVE,12,12
qb6_3,,,,qb6_3,native LSM source map (union fallback unresolved),,ZA8841,UNRESOLVED_NATIVE,,0,0.083333,0.000000,0.309013,UNRESOLVED_NATIVE,12,12
qb6_4,,,,qb6_4,native LSM source map (union fallback unresolved),,ZA8841,UNRESOLVED_NATIVE,,0,0.083333,0.000000,0.309013,UNRESOLVED_NATIVE,12,12
qb6_5,,,,qb6_5,native LSM source map (union fallback unresolved),,ZA8841,UNRESOLVED_NATIVE,,0,0.100000,0.000000,0.309013,UNRESOLVED_NATIVE,10,10
qb6_6,,,,qb6_6,native LSM source map (union fallback unresolved),,ZA8841,UNRESOLVED_NATIVE,,0,0.111111,0.000000,0.309013,UNRESOLVED_NATIVE,9,9
qb6r_1,,,,qb6r_1,native LSM source map (union fallback unresolved),,ZA8841,UNRESOLVED_NATIVE,,0,1.000000,0.000000,0.170599,UNRESOLVED_NATIVE,1,1
qb6r_2,,,,qb6r_2,native LSM source map (union fallback unresolved),,ZA8841,UNRESOLVED_NATIVE,,0,1.000000,0.000000,0.170599,UNRESOLVED_NATIVE,1,1
qb6r_3,,,,qb6r_3,native LSM source map (union fallback unresolved),,ZA8841,UNRESOLVED_NATIVE,,0,1.000000,0.000000,0.170599,UNRESOLVED_NATIVE,1,1
qb6r_4,,,,qb6r_4,native LSM source map (union fallback unresolved),,ZA8841,UNRESOLVED_NATIVE,,0,1.000000,0.000000,0.170599,UNRESOLVED_NATIVE,1,1
qb7_1,,,,qb7_1,native LSM source map (union fallback unresolved),,ZA8841,UNRESOLVED_NATIVE,,0,0.055556,0.000000,0.309013,UNRESOLVED_NATIVE,18,18
qb7_2,,,,qb7_2,native LSM source map (union fallback unresolved),,ZA8841,UNRESOLVED_NATIVE,,0,0.055556,0.000000,0.309013,UNRESOLVED_NATIVE,18,18
qb8,,,,qb8,native LSM source map (union fallback unresolved),,ZA8841,UNRESOLVED_NATIVE,,0,0.200000,0.000000,0.233246,UNRESOLVED_NATIVE,5,5
qb9_1,,,,qb9_1,native LSM source map (union fallback unresolved),,ZA8841,UNRESOLVED_NATIVE,,0,0.083333,0.000000,0.309013,UNRESOLVED_NATIVE,12,12
qb9_2,,,,qb9_2,native LSM source map (union fallback unresolved),,ZA8841,UNRESOLVED_NATIVE,,0,0.083333,0.000000,0.309013,UNRESOLVED_NATIVE,12,12
qb9_3,,,,qb9_3,native LSM source map (union fallback unresolved),,ZA8841,UNRESOLVED_NATIVE,,0,0.083333,0.000000,0.309013,UNRESOLVED_NATIVE,12,12
qb9_4,,,,qb9_4,native LSM source map (union fallback unresolved),,ZA8841,UNRESOLVED_NATIVE,,0,0.090909,0.000000,0.309013,UNRESOLVED_NATIVE,11,11
qb9_5,,,,qb9_5,native LSM source map (union fallback unresolved),,ZA8841,UNRESOLVED_NATIVE,,0,0.125000,0.000000,0.258590,UNRESOLVED_NATIVE,8,8
qb9_6,,,,qb9_6,native LSM source map (union fallback unresolved),,ZA8841,UNRESOLVED_NATIVE,,0,0.125000,0.000000,0.258590,UNRESOLVED_NATIVE,8,8
qb9_7,,,,qb9_7,native LSM source map (union fallback unresolved),,ZA8841,UNRESOLVED_NATIVE,,0,0.125000,0.000000,0.258590,UNRESOLVED_NATIVE,8,8
qb9_8,,,,qb9_8,native LSM source map (union fallback unresolved),,ZA8841,UNRESOLVED_NATIVE,,0,0.142857,0.000000,0.258590,UNRESOLVED_NATIVE,7,7
qb9_9,,,,qb9_9,native LSM source map (union fallback unresolved),,ZA8841,UNRESOLVED_NATIVE,,0,0.200000,0.000000,0.258590,UNRESOLVED_NATIVE,5,5
qb9_10,,,,qb9_10,native LSM source map (union fallback unresolved),,ZA8841,UNRESOLVED_NATIVE,,0,0.500000,0.000000,0.209508,UNRESOLVED_NATIVE,2,2
qb9_11,,,,qb9_11,native LSM source map (union fallback unresolved),,ZA8841,UNRESOLVED_NATIVE,,0,0.500000,0.000000,0.209508,UNRESOLVED_NATIVE,2,2
qb10,,,,qb10,native LSM source map (union fallback unresolved),,ZA8841,UNRESOLVED_NATIVE,,0,0.142857,0.000000,0.244108,UNRESOLVED_NATIVE,7,7
qb11,,,,qb11,native LSM source map (union fallback unresolved),,ZA8841,UNRESOLVED_NATIVE,,0,0.111111,0.000000,0.244108,UNRESOLVED_NATIVE,9,9
qc1a,,,,qc1a,native LSM source map (union fallback unresolved),,ZA8841,UNRESOLVED_NATIVE,,0,0.666667,0.000000,0.309013,UNRESOLVED_NATIVE,3,2
qc1b_1,,,,qc1b_1,native LSM source map (union fallback unresolved),,ZA8841,UNRESOLVED_NATIVE,,0,1.000000,0.000000,0.242377,UNRESOLVED_NATIVE,1,1
qc1b_2,,,,qc1b_2,native LSM source map (union fallback unresolved),,ZA8841,UNRESOLVED_NATIVE,,0,1.000000,0.000000,0.242377,UNRESOLVED_NATIVE,1,1
qc1b_3,,,,qc1b_3,native LSM source map (union fallback unresolved),,ZA8841,UNRESOLVED_NATIVE,,0,1.000000,0.000000,0.242377,UNRESOLVED_NATIVE,1,1
qc1b_4,,,,qc1b_4,native LSM source map (union fallback unresolved),,ZA8841,UNRESOLVED_NATIVE,,0,1.000000,0.000000,0.242377,UNRESOLVED_NATIVE,1,1
qc1b_5,,,,qc1b_5,native LSM source map (union fallback unresolved),,ZA8841,UNRESOLVED_NATIVE,,0,1.000000,0.000000,0.242377,UNRESOLVED_NATIVE,1,1
qc1b_6,,,,qc1b_6,native LSM source map (union fallback unresolved),,ZA8841,UNRESOLVED_NATIVE,,0,1.000000,0.000000,0.242377,UNRESOLVED_NATIVE,1,1
qc1b_7,,,,qc1b_7,native LSM source map (union fallback unresolved),,ZA8841,UNRESOLVED_NATIVE,,0,1.000000,0.000000,0.242377,UNRESOLVED_NATIVE,1,1
qc1b_8,,,,qc1b_8,native LSM source map (union fallback unresolved),,ZA8841,UNRESOLVED_NATIVE,,0,1.000000,0.000000,0.242377,UNRESOLVED_NATIVE,1,1
qc1b_9,,,,qc1b_9,native LSM source map (union fallback unresolved),,ZA8841,UNRESOLVED_NATIVE,,0,1.000000,0.000000,0.242377,UNRESOLVED_NATIVE,1,1
qc1b_10,,,,qc1b_10,native LSM source map (union fallback unresolved),,ZA8841,UNRESOLVED_NATIVE,,0,1.000000,0.000000,0.242377,UNRESOLVED_NATIVE,1,1
qc1b_11,,,,qc1b_11,native LSM source map (union fallback unresolved),,ZA8841,UNRESOLVED_NATIVE,,0,1.000000,0.000000,0.242377,UNRESOLVED_NATIVE,1,1
qc1b_12,,,,qc1b_12,native LSM source map (union fallback unresolved),,ZA8841,UNRESOLVED_NATIVE,,0,0.000000,0.000000,0.000000,UNRESOLVED_NATIVE,0,0
qc1b_13,,,,qc1b_13,native LSM source map (union fallback unresolved),,ZA8841,UNRESOLVED_NATIVE,,0,0.000000,0.000000,0.000000,UNRESOLVED_NATIVE,0,0
qc1b_14,,,,qc1b_14,native LSM source map (union fallback unresolved),,ZA8841,UNRESOLVED_NATIVE,,0,0.000000,0.000000,0.000000,UNRESOLVED_NATIVE,0,0
qc1b_15,,,,qc1b_15,native LSM source map (union fallback unresolved),,ZA8841,UNRESOLVED_NATIVE,,0,0.000000,0.000000,0.000000,UNRESOLVED_NATIVE,0,0
qc1t_1,,,,qc1t_1,native LSM source map (union fallback unresolved),,ZA8841,UNRESOLVED_NATIVE,,0,0.500000,0.000000,0.309013,UNRESOLVED_NATIVE,4,3
qc1t_2,,,,qc1t_2,native LSM source map (union fallback unresolved),,ZA8841,UNRESOLVED_NATIVE,,0,0.500000,0.000000,0.309013,UNRESOLVED_NATIVE,4,3
qc1t_3,,,,qc1t_3,native LSM source map (union fallback unresolved),,ZA8841,UNRESOLVED_NATIVE,,0,0.500000,0.000000,0.309013,UNRESOLVED_NATIVE,4,3
qc1t_4,,,,qc1t_4,native LSM source map (union fallback unresolved),,ZA8841,UNRESOLVED_NATIVE,,0,0.500000,0.000000,0.309013,UNRESOLVED_NATIVE,4,3
qc1t_5,,,,qc1t_5,native LSM source map (union fallback unresolved),,ZA8841,UNRESOLVED_NATIVE,,0,0.666667,0.000000,0.309013,UNRESOLVED_NATIVE,3,2
qc1t_6,,,,qc1t_6,native LSM source map (union fallback unresolved),,ZA8841,UNRESOLVED_NATIVE,,0,0.666667,0.000000,0.309013,UNRESOLVED_NATIVE,3,2
qc1t_7,,,,qc1t_7,native LSM source map (union fallback unresolved),,ZA8841,UNRESOLVED_NATIVE,,0,0.666667,0.000000,0.309013,UNRESOLVED_NATIVE,3,2
qc1t_8,,,,qc1t_8,native LSM source map (union fallback unresolved),,ZA8841,UNRESOLVED_NATIVE,,0,0.666667,0.000000,0.309013,UNRESOLVED_NATIVE,3,2
qc1t_9,,,,qc1t_9,native LSM source map (union fallback unresolved),,ZA8841,UNRESOLVED_NATIVE,,0,0.666667,0.000000,0.309013,UNRESOLVED_NATIVE,3,2
qc1t_10,,,,qc1t_10,native LSM source map (union fallback unresolved),,ZA8841,UNRESOLVED_NATIVE,,0,0.666667,0.000000,0.309013,UNRESOLVED_NATIVE,3,2
qc1t_11,,,,qc1t_11,native LSM source map (union fallback unresolved),,ZA8841,UNRESOLVED_NATIVE,,0,0.666667,0.000000,0.309013,UNRESOLVED_NATIVE,3,2
qc1t_12,QC1B,MAIN EU ASSETS: DK (QC1A ONLY),And secondly?],And secondly?],Eurobarometer semantic union consensus,458,ZA8841,UNION_CONSENSUS,ZA6925;ZA7488,2,1.000000,0.000000,0.000000,UNION_CONSENSUS,2,1
qc1t_13,,,,qc1t_13,native LSM source map (union fallback unresolved),,ZA8841,UNRESOLVED_NATIVE,,0,0.000000,0.000000,0.000000,UNRESOLVED_NATIVE,0,0
qc1t_14,,,,qc1t_14,native LSM source map (union fallback unresolved),,ZA8841,UNRESOLVED_NATIVE,,0,0.000000,0.000000,0.000000,UNRESOLVED_NATIVE,0,0
qc1t_15,,,,qc1t_15,native LSM source map (union fallback unresolved),,ZA8841,UNRESOLVED_NATIVE,,0,0.000000,0.000000,0.000000,UNRESOLVED_NATIVE,0,0
qc1t,,,,qc1t,native LSM source map (union fallback unresolved),,ZA8841,UNRESOLVED_NATIVE,,0,0.000000,0.000000,0.000000,UNRESOLVED_NATIVE,0,0
qc2a,,,,qc2a,native LSM source map (union fallback unresolved),,ZA8841,UNRESOLVED_NATIVE,,0,0.000000,0.000000,0.000000,UNRESOLVED_NATIVE,0,0
qc2b_1,,,,qc2b_1,native LSM source map (union fallback unresolved),,ZA8841,UNRESOLVED_NATIVE,,0,0.666667,0.000000,0.162722,UNRESOLVED_NATIVE,3,2
qc2b_2,,,,qc2b_2,native LSM source map (union fallback unresolved),,ZA8841,UNRESOLVED_NATIVE,,0,0.666667,0.000000,0.162722,UNRESOLVED_NATIVE,3,2
qc2b_3,,,,qc2b_3,native LSM source map (union fallback unresolved),,ZA8841,UNRESOLVED_NATIVE,,0,1.000000,0.000000,0.162722,UNRESOLVED_NATIVE,1,1
qc2b_4,,,,qc2b_4,native LSM source map (union fallback unresolved),,ZA8841,UNRESOLVED_NATIVE,,0,0.000000,0.000000,0.000000,UNRESOLVED_NATIVE,0,0
qc2b_5,,,,qc2b_5,native LSM source map (union fallback unresolved),,ZA8841,UNRESOLVED_NATIVE,,0,0.000000,0.000000,0.000000,UNRESOLVED_NATIVE,0,0
qc2b_6,,,,qc2b_6,native LSM source map (union fallback unresolved),,ZA8841,UNRESOLVED_NATIVE,,0,0.000000,0.000000,0.000000,UNRESOLVED_NATIVE,0,0
qc2b_7,,,,qc2b_7,native LSM source map (union fallback unresolved),,ZA8841,UNRESOLVED_NATIVE,,0,0.000000,0.000000,0.000000,UNRESOLVED_NATIVE,0,0
qc2b_8,,,,qc2b_8,native LSM source map (union fallback unresolved),,ZA8841,UNRESOLVED_NATIVE,,0,0.000000,0.000000,0.000000,UNRESOLVED_NATIVE,0,0
qc2b_9,,,,qc2b_9,native LSM source map (union fallback unresolved),,ZA8841,UNRESOLVED_NATIVE,,0,0.000000,0.000000,0.000000,UNRESOLVED_NATIVE,0,0
qc2b_10,,,,qc2b_10,native LSM source map (union fallback unresolved),,ZA8841,UNRESOLVED_NATIVE,,0,0.000000,0.000000,0.000000,UNRESOLVED_NATIVE,0,0
qc2b_11,,,,qc2b_11,native LSM source map (union fallback unresolved),,ZA8841,UNRESOLVED_NATIVE,,0,0.000000,0.000000,0.000000,UNRESOLVED_NATIVE,0,0
qc2b_12,,,,qc2b_12,native LSM source map (union fallback unresolved),,ZA8841,UNRESOLVED_NATIVE,,0,0.000000,0.000000,0.000000,UNRESOLVED_NATIVE,0,0
qc2b_13,,,,qc2b_13,native LSM source map (union fallback unresolved),,ZA8841,UNRESOLVED_NATIVE,,0,0.000000,0.000000,0.000000,UNRESOLVED_NATIVE,0,0
qc2b_14,,,,qc2b_14,native LSM source map (union fallback unresolved),,ZA8841,UNRESOLVED_NATIVE,,0,0.000000,0.000000,0.000000,UNRESOLVED_NATIVE,0,0
qc2b_15,,,,qc2b_15,native LSM source map (union fallback unresolved),,ZA8841,UNRESOLVED_NATIVE,,0,0.000000,0.000000,0.000000,UNRESOLVED_NATIVE,0,0
qc2t_1,,,,qc2t_1,native LSM source map (union fallback unresolved),,ZA8841,UNRESOLVED_NATIVE,,0,1.000000,0.000000,0.209508,UNRESOLVED_NATIVE,1,1
qc2t_2,,,,qc2t_2,native LSM source map (union fallback unresolved),,ZA8841,UNRESOLVED_NATIVE,,0,1.000000,0.000000,0.209508,UNRESOLVED_NATIVE,1,1
qc2t_3,,,,qc2t_3,native LSM source map (union fallback unresolved),,ZA8841,UNRESOLVED_NATIVE,,0,1.000000,0.000000,0.209508,UNRESOLVED_NATIVE,1,1
qc2t_4,,,,qc2t_4,native LSM source map (union fallback unresolved),,ZA8841,UNRESOLVED_NATIVE,,0,0.000000,0.000000,0.000000,UNRESOLVED_NATIVE,0,0
qc2t_5,,,,qc2t_5,native LSM source map (union fallback unresolved),,ZA8841,UNRESOLVED_NATIVE,,0,0.000000,0.000000,0.000000,UNRESOLVED_NATIVE,0,0
qc2t_6,,,,qc2t_6,native LSM source map (union fallback unresolved),,ZA8841,UNRESOLVED_NATIVE,,0,0.000000,0.000000,0.000000,UNRESOLVED_NATIVE,0,0
qc2t_7,,,,qc2t_7,native LSM source map (union fallback unresolved),,ZA8841,UNRESOLVED_NATIVE,,0,0.000000,0.000000,0.000000,UNRESOLVED_NATIVE,0,0
qc2t_8,,,,qc2t_8,native LSM source map (union fallback unresolved),,ZA8841,UNRESOLVED_NATIVE,,0,0.000000,0.000000,0.000000,UNRESOLVED_NATIVE,0,0
qc2t_9,,,,qc2t_9,native LSM source map (union fallback unresolved),,ZA8841,UNRESOLVED_NATIVE,,0,0.000000,0.000000,0.000000,UNRESOLVED_NATIVE,0,0
qc2t_10,,,,qc2t_10,native LSM source map (union fallback unresolved),,ZA8841,UNRESOLVED_NATIVE,,0,0.000000,0.000000,0.000000,UNRESOLVED_NATIVE,0,0
qc2t_11,,,,qc2t_11,native LSM source map (union fallback unresolved),,ZA8841,UNRESOLVED_NATIVE,,0,0.000000,0.000000,0.000000,UNRESOLVED_NATIVE,0,0
qc2t_12,,,,qc2t_12,native LSM source map (union fallback unresolved),,ZA8841,UNRESOLVED_NATIVE,,0,0.000000,0.000000,0.000000,UNRESOLVED_NATIVE,0,0
qc2t_13,,,,qc2t_13,native LSM source map (union fallback unresolved),,ZA8841,UNRESOLVED_NATIVE,,0,0.000000,0.000000,0.000000,UNRESOLVED_NATIVE,0,0
qc2t_14,,,,qc2t_14,native LSM source map (union fallback unresolved),,ZA8841,UNRESOLVED_NATIVE,,0,0.000000,0.000000,0.000000,UNRESOLVED_NATIVE,0,0
qc2t_15,,,,qc2t_15,native LSM source map (union fallback unresolved),,ZA8841,UNRESOLVED_NATIVE,,0,0.000000,0.000000,0.000000,UNRESOLVED_NATIVE,0,0
qc2t,,,,qc2t,native LSM source map (union fallback unresolved),,ZA8841,UNRESOLVED_NATIVE,,0,0.250000,0.000000,0.255597,UNRESOLVED_NATIVE,4,4
qc3_1,,,,qc3_1,native LSM source map (union fallback unresolved),,ZA8841,UNRESOLVED_NATIVE,,0,0.133333,0.000000,0.309013,UNRESOLVED_NATIVE,15,14
qc3_2,,,,qc3_2,native LSM source map (union fallback unresolved),,ZA8841,UNRESOLVED_NATIVE,,0,0.142857,0.000000,0.309013,UNRESOLVED_NATIVE,14,13
qc3_3,,,,qc3_3,native LSM source map (union fallback unresolved),,ZA8841,UNRESOLVED_NATIVE,,0,0.153846,0.000000,0.309013,UNRESOLVED_NATIVE,13,12
qc3_4,,,,qc3_4,native LSM source map (union fallback unresolved),,ZA8841,UNRESOLVED_NATIVE,,0,0.153846,0.000000,0.309013,UNRESOLVED_NATIVE,13,12
qc3_5,,,,qc3_5,native LSM source map (union fallback unresolved),,ZA8841,UNRESOLVED_NATIVE,,0,0.181818,0.000000,0.309013,UNRESOLVED_NATIVE,11,10
qc3_6,,,,qc3_6,native LSM source map (union fallback unresolved),,ZA8841,UNRESOLVED_NATIVE,,0,0.250000,0.000000,0.309013,UNRESOLVED_NATIVE,8,7
qc3_7,,,,qc3_7,native LSM source map (union fallback unresolved),,ZA8841,UNRESOLVED_NATIVE,,0,0.250000,0.000000,0.309013,UNRESOLVED_NATIVE,8,7
qc3_8,,,,qc3_8,native LSM source map (union fallback unresolved),,ZA8841,UNRESOLVED_NATIVE,,0,0.250000,0.000000,0.309013,UNRESOLVED_NATIVE,8,7
qc3_9,,,,qc3_9,native LSM source map (union fallback unresolved),,ZA8841,UNRESOLVED_NATIVE,,0,0.250000,0.000000,0.309013,UNRESOLVED_NATIVE,8,7
qc3_10,,,,qc3_10,native LSM source map (union fallback unresolved),,ZA8841,UNRESOLVED_NATIVE,,0,0.200000,0.000000,0.255597,UNRESOLVED_NATIVE,5,5
qc3_11,,,,qc3_11,native LSM source map (union fallback unresolved),,ZA8841,UNRESOLVED_NATIVE,,0,0.250000,0.000000,0.255597,UNRESOLVED_NATIVE,4,4
qc3_12,,,,qc3_12,native LSM source map (union fallback unresolved),,ZA8841,UNRESOLVED_NATIVE,,0,0.250000,0.000000,0.255597,UNRESOLVED_NATIVE,4,4
qc3_13,,,,qc3_13,native LSM source map (union fallback unresolved),,ZA8841,UNRESOLVED_NATIVE,,0,0.250000,0.000000,0.255597,UNRESOLVED_NATIVE,4,4
qc3_14,,,,qc3_14,native LSM source map (union fallback unresolved),,ZA8841,UNRESOLVED_NATIVE,,0,0.250000,0.000000,0.255597,UNRESOLVED_NATIVE,4,4
qc3_15,,,,qc3_15,native LSM source map (union fallback unresolved),,ZA8841,UNRESOLVED_NATIVE,,0,0.250000,0.000000,0.255597,UNRESOLVED_NATIVE,4,4
qc3_16,,,,qc3_16,native LSM source map (union fallback unresolved),,ZA8841,UNRESOLVED_NATIVE,,0,0.333333,0.000000,0.233246,UNRESOLVED_NATIVE,3,3
qc3t,,,,qc3t,native LSM source map (union fallback unresolved),,ZA8841,UNRESOLVED_NATIVE,,0,1.000000,0.000000,0.209540,UNRESOLVED_NATIVE,1,1
qc4a,,,,qc4a,native LSM source map (union fallback unresolved),,ZA8841,UNRESOLVED_NATIVE,,0,1.000000,0.000000,0.255597,UNRESOLVED_NATIVE,1,1
qc4b_1,,,,qc4b_1,native LSM source map (union fallback unresolved),,ZA8841,UNRESOLVED_NATIVE,,0,0.666667,0.000000,0.255597,UNRESOLVED_NATIVE,3,2
qc4b_2,,,,qc4b_2,native LSM source map (union fallback unresolved),,ZA8841,UNRESOLVED_NATIVE,,0,0.666667,0.000000,0.255597,UNRESOLVED_NATIVE,3,2
qc4b_3,,,,qc4b_3,native LSM source map (union fallback unresolved),,ZA8841,UNRESOLVED_NATIVE,,0,0.333333,0.000000,0.255597,UNRESOLVED_NATIVE,3,3
qc4b_4,,,,qc4b_4,native LSM source map (union fallback unresolved),,ZA8841,UNRESOLVED_NATIVE,,0,0.333333,0.000000,0.255597,UNRESOLVED_NATIVE,3,3
qc4b_5,,,,qc4b_5,native LSM source map (union fallback unresolved),,ZA8841,UNRESOLVED_NATIVE,,0,0.333333,0.000000,0.255597,UNRESOLVED_NATIVE,3,3
qc4b_6,,,,qc4b_6,native LSM source map (union fallback unresolved),,ZA8841,UNRESOLVED_NATIVE,,0,1.000000,0.000000,0.255597,UNRESOLVED_NATIVE,1,1
qc4b_7,,,,qc4b_7,native LSM source map (union fallback unresolved),,ZA8841,UNRESOLVED_NATIVE,,0,1.000000,0.000000,0.255597,UNRESOLVED_NATIVE,1,1
qc4b_8,,,,qc4b_8,native LSM source map (union fallback unresolved),,ZA8841,UNRESOLVED_NATIVE,,0,1.000000,0.000000,0.255597,UNRESOLVED_NATIVE,1,1
qc4b_9,,,,qc4b_9,native LSM source map (union fallback unresolved),,ZA8841,UNRESOLVED_NATIVE,,0,1.000000,0.000000,0.255597,UNRESOLVED_NATIVE,1,1
qc4b_10,,,,qc4b_10,native LSM source map (union fallback unresolved),,ZA8841,UNRESOLVED_NATIVE,,0,1.000000,0.000000,0.255597,UNRESOLVED_NATIVE,1,1
qc4b_11,,,,qc4b_11,native LSM source map (union fallback unresolved),,ZA8841,UNRESOLVED_NATIVE,,0,0.000000,0.000000,0.000000,UNRESOLVED_NATIVE,0,0
qc4b_12,,,,qc4b_12,native LSM source map (union fallback unresolved),,ZA8841,UNRESOLVED_NATIVE,,0,0.000000,0.000000,0.000000,UNRESOLVED_NATIVE,0,0
qc4t_1,,,,qc4t_1,native LSM source map (union fallback unresolved),,ZA8841,UNRESOLVED_NATIVE,,0,0.333333,0.000000,0.255597,UNRESOLVED_NATIVE,3,3
qc4t_2,,,,qc4t_2,native LSM source map (union fallback unresolved),,ZA8841,UNRESOLVED_NATIVE,,0,0.333333,0.000000,0.255597,UNRESOLVED_NATIVE,3,3
qc4t_3,,,,qc4t_3,native LSM source map (union fallback unresolved),,ZA8841,UNRESOLVED_NATIVE,,0,0.333333,0.000000,0.255597,UNRESOLVED_NATIVE,3,3
qc4t_4,,,,qc4t_4,native LSM source map (union fallback unresolved),,ZA8841,UNRESOLVED_NATIVE,,0,0.500000,0.000000,0.255597,UNRESOLVED_NATIVE,2,2
qc4t_5,,,,qc4t_5,native LSM source map (union fallback unresolved),,ZA8841,UNRESOLVED_NATIVE,,0,1.000000,0.000000,0.255597,UNRESOLVED_NATIVE,1,1
qc4t_6,,,,qc4t_6,native LSM source map (union fallback unresolved),,ZA8841,UNRESOLVED_NATIVE,,0,1.000000,0.000000,0.255597,UNRESOLVED_NATIVE,1,1
qc4t_7,,,,qc4t_7,native LSM source map (union fallback unresolved),,ZA8841,UNRESOLVED_NATIVE,,0,1.000000,0.000000,0.255597,UNRESOLVED_NATIVE,1,1
qc4t_8,,,,qc4t_8,native LSM source map (union fallback unresolved),,ZA8841,UNRESOLVED_NATIVE,,0,1.000000,0.000000,0.255597,UNRESOLVED_NATIVE,1,1
qc4t_9,,,,qc4t_9,native LSM source map (union fallback unresolved),,ZA8841,UNRESOLVED_NATIVE,,0,1.000000,0.000000,0.255597,UNRESOLVED_NATIVE,1,1
qc4t_10,,,,qc4t_10,native LSM source map (union fallback unresolved),,ZA8841,UNRESOLVED_NATIVE,,0,1.000000,0.000000,0.255597,UNRESOLVED_NATIVE,1,1
qc4t_11,,,,qc4t_11,native LSM source map (union fallback unresolved),,ZA8841,UNRESOLVED_NATIVE,,0,0.000000,0.000000,0.000000,UNRESOLVED_NATIVE,0,0
qc4t_12,,,,qc4t_12,native LSM source map (union fallback unresolved),,ZA8841,UNRESOLVED_NATIVE,,0,0.000000,0.000000,0.000000,UNRESOLVED_NATIVE,0,0
qc4_r,,,,qc4_r,native LSM source map (union fallback unresolved),,ZA8841,UNRESOLVED_NATIVE,,0,0.000000,0.000000,0.000000,UNRESOLVED_NATIVE,0,0
qc5_1,,,,qc5_1,native LSM source map (union fallback unresolved),,ZA8841,UNRESOLVED_NATIVE,,0,0.117647,0.000000,0.309013,UNRESOLVED_NATIVE,17,13
qc5_2,,,,qc5_2,native LSM source map (union fallback unresolved),,ZA8841,UNRESOLVED_NATIVE,,0,0.117647,0.000000,0.309013,UNRESOLVED_NATIVE,17,14
qc5_3,,,,qc5_3,native LSM source map (union fallback unresolved),,ZA8841,UNRESOLVED_NATIVE,,0,0.117647,0.000000,0.309013,UNRESOLVED_NATIVE,17,13
qc5_4,,,,qc5_4,native LSM source map (union fallback unresolved),,ZA8841,UNRESOLVED_NATIVE,,0,0.125000,0.000000,0.309013,UNRESOLVED_NATIVE,16,12
qc5_5,,,,qc5_5,native LSM source map (union fallback unresolved),,ZA8841,UNRESOLVED_NATIVE,,0,0.142857,0.000000,0.309013,UNRESOLVED_NATIVE,14,11
qc6_1,,,,qc6_1,native LSM source map (union fallback unresolved),,ZA8841,UNRESOLVED_NATIVE,,0,0.133333,0.000000,0.309013,UNRESOLVED_NATIVE,15,11
qc6_2,,,,qc6_2,native LSM source map (union fallback unresolved),,ZA8841,UNRESOLVED_NATIVE,,0,0.133333,0.000000,0.309013,UNRESOLVED_NATIVE,15,12
qc6_3,,,,qc6_3,native LSM source map (union fallback unresolved),,ZA8841,UNRESOLVED_NATIVE,,0,0.133333,0.000000,0.309013,UNRESOLVED_NATIVE,15,12
qc6_4,,,,qc6_4,native LSM source map (union fallback unresolved),,ZA8841,UNRESOLVED_NATIVE,,0,0.153846,0.000000,0.309013,UNRESOLVED_NATIVE,13,11
qc6_5,,,,qc6_5,native LSM source map (union fallback unresolved),,ZA8841,UNRESOLVED_NATIVE,,0,0.166667,0.000000,0.309013,UNRESOLVED_NATIVE,12,10
qc6_6,,,,qc6_6,native LSM source map (union fallback unresolved),,ZA8841,UNRESOLVED_NATIVE,,0,0.181818,0.000000,0.309013,UNRESOLVED_NATIVE,11,9
qc6_7,,,,qc6_7,native LSM source map (union fallback unresolved),,ZA8841,UNRESOLVED_NATIVE,,0,0.222222,0.000000,0.309013,UNRESOLVED_NATIVE,9,8
qc6_8,,,,qc6_8,native LSM source map (union fallback unresolved),,ZA8841,UNRESOLVED_NATIVE,,0,0.222222,0.000000,0.309013,UNRESOLVED_NATIVE,9,8
qc6_9,,,,qc6_9,native LSM source map (union fallback unresolved),,ZA8841,UNRESOLVED_NATIVE,,0,0.285714,0.000000,0.309013,UNRESOLVED_NATIVE,7,6
qc6_10,,,,qc6_10,native LSM source map (union fallback unresolved),,ZA8841,UNRESOLVED_NATIVE,,0,0.250000,0.000000,0.242377,UNRESOLVED_NATIVE,4,4
qc6_11,,,,qc6_11,native LSM source map (union fallback unresolved),,ZA8841,UNRESOLVED_NATIVE,,0,0.250000,0.000000,0.242377,UNRESOLVED_NATIVE,4,4
qc6_12,,,,qc6_12,native LSM source map (union fallback unresolved),,ZA8841,UNRESOLVED_NATIVE,,0,0.500000,0.000000,0.242377,UNRESOLVED_NATIVE,2,2
qc6_13,,,,qc6_13,native LSM source map (union fallback unresolved),,ZA8841,UNRESOLVED_NATIVE,,0,1.000000,0.000000,0.242377,UNRESOLVED_NATIVE,1,1
qc6_14,,,,qc6_14,native LSM source map (union fallback unresolved),,ZA8841,UNRESOLVED_NATIVE,,0,1.000000,0.000000,0.242377,UNRESOLVED_NATIVE,1,1
qc6_15,,,,qc6_15,native LSM source map (union fallback unresolved),,ZA8841,UNRESOLVED_NATIVE,,0,1.000000,0.000000,0.242377,UNRESOLVED_NATIVE,1,1
qc6t,,,,qc6t,native LSM source map (union fallback unresolved),,ZA8841,UNRESOLVED_NATIVE,,0,1.000000,0.000000,0.233246,UNRESOLVED_NATIVE,1,1
qc7_1,,,,qc7_1,native LSM source map (union fallback unresolved),,ZA8841,UNRESOLVED_NATIVE,,0,0.166667,0.000000,0.309013,UNRESOLVED_NATIVE,12,11
qc7_2,,,,qc7_2,native LSM source map (union fallback unresolved),,ZA8841,UNRESOLVED_NATIVE,,0,0.166667,0.000000,0.309013,UNRESOLVED_NATIVE,12,11
qc7_3,,,,qc7_3,native LSM source map (union fallback unresolved),,ZA8841,UNRESOLVED_NATIVE,,0,0.200000,0.000000,0.309013,UNRESOLVED_NATIVE,10,9
qc7_4,,,,qc7_4,native LSM source map (union fallback unresolved),,ZA8841,UNRESOLVED_NATIVE,,0,0.222222,0.000000,0.309013,UNRESOLVED_NATIVE,9,8
qc7_5,,,,qc7_5,native LSM source map (union fallback unresolved),,ZA8841,UNRESOLVED_NATIVE,,0,0.250000,0.000000,0.309013,UNRESOLVED_NATIVE,8,7
qc8_1,,,,qc8_1,native LSM source map (union fallback unresolved),,ZA8841,UNRESOLVED_NATIVE,,0,0.125000,0.000000,0.309013,UNRESOLVED_NATIVE,8,8
qc8_2,,,,qc8_2,native LSM source map (union fallback unresolved),,ZA8841,UNRESOLVED_NATIVE,,0,0.250000,0.000000,0.309013,UNRESOLVED_NATIVE,8,7
qc8_3,,,,qc8_3,native LSM source map (union fallback unresolved),,ZA8841,UNRESOLVED_NATIVE,,0,0.285714,0.000000,0.309013,UNRESOLVED_NATIVE,7,6
qc8_4,,,,qc8_4,native LSM source map (union fallback unresolved),,ZA8841,UNRESOLVED_NATIVE,,0,0.285714,0.000000,0.309013,UNRESOLVED_NATIVE,7,6
qc8_5,,,,qc8_5,native LSM source map (union fallback unresolved),,ZA8841,UNRESOLVED_NATIVE,,0,0.333333,0.000000,0.309013,UNRESOLVED_NATIVE,6,5
qc8_6,,,,qc8_6,native LSM source map (union fallback unresolved),,ZA8841,UNRESOLVED_NATIVE,,0,0.333333,0.000000,0.309013,UNRESOLVED_NATIVE,3,3
qc8_7,,,,qc8_7,native LSM source map (union fallback unresolved),,ZA8841,UNRESOLVED_NATIVE,,0,0.333333,0.000000,0.309013,UNRESOLVED_NATIVE,3,3
qc8_8,,,,qc8_8,native LSM source map (union fallback unresolved),,ZA8841,UNRESOLVED_NATIVE,,0,0.500000,0.000000,0.233071,UNRESOLVED_NATIVE,2,2
qc8_9,,,,qc8_9,native LSM source map (union fallback unresolved),,ZA8841,UNRESOLVED_NATIVE,,0,0.500000,0.000000,0.233071,UNRESOLVED_NATIVE,2,2
qc9_1,,,,qc9_1,native LSM source map (union fallback unresolved),,ZA8841,UNRESOLVED_NATIVE,,0,0.142857,0.000000,0.244396,UNRESOLVED_NATIVE,7,7
qc9_2,,,,qc9_2,native LSM source map (union fallback unresolved),,ZA8841,UNRESOLVED_NATIVE,,0,0.142857,0.000000,0.244396,UNRESOLVED_NATIVE,7,7
qc9_3,,,,qc9_3,native LSM source map (union fallback unresolved),,ZA8841,UNRESOLVED_NATIVE,,0,0.142857,0.000000,0.244396,UNRESOLVED_NATIVE,7,7
qc9_4,,,,qc9_4,native LSM source map (union fallback unresolved),,ZA8841,UNRESOLVED_NATIVE,,0,0.200000,0.000000,0.244396,UNRESOLVED_NATIVE,5,5
qc9_5,,,,qc9_5,native LSM source map (union fallback unresolved),,ZA8841,UNRESOLVED_NATIVE,,0,0.200000,0.000000,0.244396,UNRESOLVED_NATIVE,5,5
qc9_6,,,,qc9_6,native LSM source map (union fallback unresolved),,ZA8841,UNRESOLVED_NATIVE,,0,0.250000,0.000000,0.244396,UNRESOLVED_NATIVE,4,4
qc9_7,,,,qc9_7,native LSM source map (union fallback unresolved),,ZA8841,UNRESOLVED_NATIVE,,0,0.333333,0.000000,0.244108,UNRESOLVED_NATIVE,3,3
qc10,,,,qc10,native LSM source map (union fallback unresolved),,ZA8841,UNRESOLVED_NATIVE,,0,0.142857,0.000000,0.309013,UNRESOLVED_NATIVE,7,7
qc11,,,,qc11,native LSM source map (union fallback unresolved),,ZA8841,UNRESOLVED_NATIVE,,0,0.400000,0.000000,0.309013,UNRESOLVED_NATIVE,5,4
qd1_1,,,,qd1_1,native LSM source map (union fallback unresolved),,ZA8841,UNRESOLVED_NATIVE,,0,0.444444,0.000000,0.244396,UNRESOLVED_NATIVE,9,6
qd1_2,,,,qd1_2,native LSM source map (union fallback unresolved),,ZA8841,UNRESOLVED_NATIVE,,0,0.222222,0.000000,0.244396,UNRESOLVED_NATIVE,9,7
qd1_3,,,,qd1_3,native LSM source map (union fallback unresolved),,ZA8841,UNRESOLVED_NATIVE,,0,0.500000,0.000000,0.244396,UNRESOLVED_NATIVE,8,5
qd1t,,,,qd1t,native LSM source map (union fallback unresolved),,ZA8841,UNRESOLVED_NATIVE,,0,0.000000,0.000000,0.000000,UNRESOLVED_NATIVE,0,0
qd2,,,,qd2,native LSM source map (union fallback unresolved),,ZA8841,UNRESOLVED_NATIVE,,0,0.333333,0.000000,0.255597,UNRESOLVED_NATIVE,3,3
qd3,QD3,EUROPEAN CITIZENSHIP FEELING,"Do you see yourself as...? (READ OUT – ONE ANSWER ONLY – IN ITEMS 1, 2 AND 3 REPLACE NATIONALITY BY THE FIRST NATIONALITY MENTIONED IN Q1)","Do you see yourself as...? (READ OUT – ONE ANSWER ONLY – IN ITEMS 1, 2 AND 3 REPLACE NATIONALITY BY THE FIRST NATIONALITY MENTIONED IN Q1)",Eurobarometer semantic union consensus,808,ZA8841,UNION_CONSENSUS,ZA5932;ZA6963;ZA7489;ZA7576,4,0.800000,0.000000,0.000000,UNION_CONSENSUS,5,2
qd4_1,,,,qd4_1,native LSM source map (union fallback unresolved),,ZA8841,UNRESOLVED_NATIVE,,0,0.142857,0.000000,0.309013,UNRESOLVED_NATIVE,7,7
qd4_2,,,,qd4_2,native LSM source map (union fallback unresolved),,ZA8841,UNRESOLVED_NATIVE,,0,0.142857,0.000000,0.309013,UNRESOLVED_NATIVE,7,7
qd4_3,,,,qd4_3,native LSM source map (union fallback unresolved),,ZA8841,UNRESOLVED_NATIVE,,0,0.142857,0.000000,0.309013,UNRESOLVED_NATIVE,7,7
qd4_4,,,,qd4_4,native LSM source map (union fallback unresolved),,ZA8841,UNRESOLVED_NATIVE,,0,0.200000,0.000000,0.309013,UNRESOLVED_NATIVE,5,5
qd4_5,,,,qd4_5,native LSM source map (union fallback unresolved),,ZA8841,UNRESOLVED_NATIVE,,0,0.200000,0.000000,0.309013,UNRESOLVED_NATIVE,5,5
qd4_6,,,,qd4_6,native LSM source map (union fallback unresolved),,ZA8841,UNRESOLVED_NATIVE,,0,0.250000,0.000000,0.309013,UNRESOLVED_NATIVE,4,4
qd4_7,,,,qd4_7,native LSM source map (union fallback unresolved),,ZA8841,UNRESOLVED_NATIVE,,0,0.250000,0.000000,0.309013,UNRESOLVED_NATIVE,4,4
qd4_8,,,,qd4_8,native LSM source map (union fallback unresolved),,ZA8841,UNRESOLVED_NATIVE,,0,0.250000,0.000000,0.309013,UNRESOLVED_NATIVE,4,4
qd4_9,,,,qd4_9,native LSM source map (union fallback unresolved),,ZA8841,UNRESOLVED_NATIVE,,0,0.250000,0.000000,0.309013,UNRESOLVED_NATIVE,4,4
qd4_10,,,,qd4_10,native LSM source map (union fallback unresolved),,ZA8841,UNRESOLVED_NATIVE,,0,0.333333,0.000000,0.309013,UNRESOLVED_NATIVE,3,3
qd4_11,,,,qd4_11,native LSM source map (union fallback unresolved),,ZA8841,UNRESOLVED_NATIVE,,0,0.333333,0.000000,0.309013,UNRESOLVED_NATIVE,3,3
qd4_12,,,,qd4_12,native LSM source map (union fallback unresolved),,ZA8841,UNRESOLVED_NATIVE,,0,0.500000,0.000000,0.168605,UNRESOLVED_NATIVE,2,2
qd4_13,,,,qd4_13,native LSM source map (union fallback unresolved),,ZA8841,UNRESOLVED_NATIVE,,0,0.500000,0.000000,0.168605,UNRESOLVED_NATIVE,2,2
qd4_14,,,,qd4_14,native LSM source map (union fallback unresolved),,ZA8841,UNRESOLVED_NATIVE,,0,0.500000,0.000000,0.168605,UNRESOLVED_NATIVE,2,2
qd4_15,,,,qd4_15,native LSM source map (union fallback unresolved),,ZA8841,UNRESOLVED_NATIVE,,0,1.000000,0.000000,0.162722,UNRESOLVED_NATIVE,1,1
qd4_16,,,,qd4_16,native LSM source map (union fallback unresolved),,ZA8841,UNRESOLVED_NATIVE,,0,1.000000,0.000000,0.162722,UNRESOLVED_NATIVE,1,1
qd4_17,,,,qd4_17,native LSM source map (union fallback unresolved),,ZA8841,UNRESOLVED_NATIVE,,0,0.000000,0.000000,0.000000,UNRESOLVED_NATIVE,0,0
qd5,,,,qd5,native LSM source map (union fallback unresolved),,ZA8841,UNRESOLVED_NATIVE,,0,0.166667,0.000000,0.255597,UNRESOLVED_NATIVE,6,6
qd6a_1,,,,qd6a_1,native LSM source map (union fallback unresolved),,ZA8841,UNRESOLVED_NATIVE,,0,1.000000,0.000000,0.177099,UNRESOLVED_NATIVE,1,1
qd6a_2,,,,qd6a_2,native LSM source map (union fallback unresolved),,ZA8841,UNRESOLVED_NATIVE,,0,1.000000,0.000000,0.177099,UNRESOLVED_NATIVE,1,1
qd6a_3,,,,qd6a_3,native LSM source map (union fallback unresolved),,ZA8841,UNRESOLVED_NATIVE,,0,1.000000,0.000000,0.177099,UNRESOLVED_NATIVE,1,1
qd6a_4,,,,qd6a_4,native LSM source map (union fallback unresolved),,ZA8841,UNRESOLVED_NATIVE,,0,1.000000,0.000000,0.177099,UNRESOLVED_NATIVE,1,1
qd6a_5,,,,qd6a_5,native LSM source map (union fallback unresolved),,ZA8841,UNRESOLVED_NATIVE,,0,1.000000,0.000000,0.177099,UNRESOLVED_NATIVE,1,1
qd6a_6,,,,qd6a_6,native LSM source map (union fallback unresolved),,ZA8841,UNRESOLVED_NATIVE,,0,0.000000,0.000000,0.000000,UNRESOLVED_NATIVE,0,0
qd6a_7,,,,qd6a_7,native LSM source map (union fallback unresolved),,ZA8841,UNRESOLVED_NATIVE,,0,0.000000,0.000000,0.000000,UNRESOLVED_NATIVE,0,0
qd6a_8,,,,qd6a_8,native LSM source map (union fallback unresolved),,ZA8841,UNRESOLVED_NATIVE,,0,0.000000,0.000000,0.000000,UNRESOLVED_NATIVE,0,0
qd6a_9,,,,qd6a_9,native LSM source map (union fallback unresolved),,ZA8841,UNRESOLVED_NATIVE,,0,0.000000,0.000000,0.000000,UNRESOLVED_NATIVE,0,0
qd6a_10,,,,qd6a_10,native LSM source map (union fallback unresolved),,ZA8841,UNRESOLVED_NATIVE,,0,0.000000,0.000000,0.000000,UNRESOLVED_NATIVE,0,0
qd6a_11,,,,qd6a_11,native LSM source map (union fallback unresolved),,ZA8841,UNRESOLVED_NATIVE,,0,0.000000,0.000000,0.000000,UNRESOLVED_NATIVE,0,0
qd6a_12,,,,qd6a_12,native LSM source map (union fallback unresolved),,ZA8841,UNRESOLVED_NATIVE,,0,0.000000,0.000000,0.000000,UNRESOLVED_NATIVE,0,0
qd6a_13,,,,qd6a_13,native LSM source map (union fallback unresolved),,ZA8841,UNRESOLVED_NATIVE,,0,0.000000,0.000000,0.000000,UNRESOLVED_NATIVE,0,0
qd6a_14,,,,qd6a_14,native LSM source map (union fallback unresolved),,ZA8841,UNRESOLVED_NATIVE,,0,0.000000,0.000000,0.000000,UNRESOLVED_NATIVE,0,0
qd6a_15,,,,qd6a_15,native LSM source map (union fallback unresolved),,ZA8841,UNRESOLVED_NATIVE,,0,0.000000,0.000000,0.000000,UNRESOLVED_NATIVE,0,0
qd6a_16,,,,qd6a_16,native LSM source map (union fallback unresolved),,ZA8841,UNRESOLVED_NATIVE,,0,0.000000,0.000000,0.000000,UNRESOLVED_NATIVE,0,0
qd6a_17,,,,qd6a_17,native LSM source map (union fallback unresolved),,ZA8841,UNRESOLVED_NATIVE,,0,0.000000,0.000000,0.000000,UNRESOLVED_NATIVE,0,0
qd6a_18,,,,qd6a_18,native LSM source map (union fallback unresolved),,ZA8841,UNRESOLVED_NATIVE,,0,0.000000,0.000000,0.000000,UNRESOLVED_NATIVE,0,0
qd6b_1,,,,qd6b_1,native LSM source map (union fallback unresolved),,ZA8841,UNRESOLVED_NATIVE,,0,0.500000,0.000000,0.177099,UNRESOLVED_NATIVE,2,2
qd6b_2,,,,qd6b_2,native LSM source map (union fallback unresolved),,ZA8841,UNRESOLVED_NATIVE,,0,0.500000,0.000000,0.177099,UNRESOLVED_NATIVE,2,2
qd6b_3,,,,qd6b_3,native LSM source map (union fallback unresolved),,ZA8841,UNRESOLVED_NATIVE,,0,0.500000,0.000000,0.177099,UNRESOLVED_NATIVE,2,2
qd6b_4,,,,qd6b_4,native LSM source map (union fallback unresolved),,ZA8841,UNRESOLVED_NATIVE,,0,0.500000,0.000000,0.177099,UNRESOLVED_NATIVE,2,2
qd6b_5,,,,qd6b_5,native LSM source map (union fallback unresolved),,ZA8841,UNRESOLVED_NATIVE,,0,0.500000,0.000000,0.177099,UNRESOLVED_NATIVE,2,2
qd6b_6,,,,qd6b_6,native LSM source map (union fallback unresolved),,ZA8841,UNRESOLVED_NATIVE,,0,1.000000,0.000000,0.170088,UNRESOLVED_NATIVE,1,1
qd6b_7,,,,qd6b_7,native LSM source map (union fallback unresolved),,ZA8841,UNRESOLVED_NATIVE,,0,1.000000,0.000000,0.170088,UNRESOLVED_NATIVE,1,1
qd6b_8,,,,qd6b_8,native LSM source map (union fallback unresolved),,ZA8841,UNRESOLVED_NATIVE,,0,1.000000,0.000000,0.170088,UNRESOLVED_NATIVE,1,1
qd6b_9,,,,qd6b_9,native LSM source map (union fallback unresolved),,ZA8841,UNRESOLVED_NATIVE,,0,1.000000,0.000000,0.170088,UNRESOLVED_NATIVE,1,1
qd6b_10,,,,qd6b_10,native LSM source map (union fallback unresolved),,ZA8841,UNRESOLVED_NATIVE,,0,1.000000,0.000000,0.170088,UNRESOLVED_NATIVE,1,1
qd6b_11,,,,qd6b_11,native LSM source map (union fallback unresolved),,ZA8841,UNRESOLVED_NATIVE,,0,1.000000,0.000000,0.170088,UNRESOLVED_NATIVE,1,1
qd6b_12,,,,qd6b_12,native LSM source map (union fallback unresolved),,ZA8841,UNRESOLVED_NATIVE,,0,0.000000,0.000000,0.000000,UNRESOLVED_NATIVE,0,0
qd6b_13,,,,qd6b_13,native LSM source map (union fallback unresolved),,ZA8841,UNRESOLVED_NATIVE,,0,0.000000,0.000000,0.000000,UNRESOLVED_NATIVE,0,0
qd6b_14,,,,qd6b_14,native LSM source map (union fallback unresolved),,ZA8841,UNRESOLVED_NATIVE,,0,0.000000,0.000000,0.000000,UNRESOLVED_NATIVE,0,0
qd6b_15,,,,qd6b_15,native LSM source map (union fallback unresolved),,ZA8841,UNRESOLVED_NATIVE,,0,0.000000,0.000000,0.000000,UNRESOLVED_NATIVE,0,0
qd6b_16,,,,qd6b_16,native LSM source map (union fallback unresolved),,ZA8841,UNRESOLVED_NATIVE,,0,0.000000,0.000000,0.000000,UNRESOLVED_NATIVE,0,0
qd6b_17,,,,qd6b_17,native LSM source map (union fallback unresolved),,ZA8841,UNRESOLVED_NATIVE,,0,0.000000,0.000000,0.000000,UNRESOLVED_NATIVE,0,0
qd6b_18,,,,qd6b_18,native LSM source map (union fallback unresolved),,ZA8841,UNRESOLVED_NATIVE,,0,0.000000,0.000000,0.000000,UNRESOLVED_NATIVE,0,0
qd6b_t,,,,qd6b_t,native LSM source map (union fallback unresolved),,ZA8841,UNRESOLVED_NATIVE,,0,1.000000,0.000000,0.177099,UNRESOLVED_NATIVE,1,1
qd6c_1,,,,qd6c_1,native LSM source map (union fallback unresolved),,ZA8841,UNRESOLVED_NATIVE,,0,0.000000,0.000000,0.000000,UNRESOLVED_NATIVE,0,0
qd6c_2,,,,qd6c_2,native LSM source map (union fallback unresolved),,ZA8841,UNRESOLVED_NATIVE,,0,0.000000,0.000000,0.000000,UNRESOLVED_NATIVE,0,0
qd6c_3,,,,qd6c_3,native LSM source map (union fallback unresolved),,ZA8841,UNRESOLVED_NATIVE,,0,0.000000,0.000000,0.000000,UNRESOLVED_NATIVE,0,0
qd6c_4,,,,qd6c_4,native LSM source map (union fallback unresolved),,ZA8841,UNRESOLVED_NATIVE,,0,0.000000,0.000000,0.000000,UNRESOLVED_NATIVE,0,0
qd6c_5,,,,qd6c_5,native LSM source map (union fallback unresolved),,ZA8841,UNRESOLVED_NATIVE,,0,0.000000,0.000000,0.000000,UNRESOLVED_NATIVE,0,0
qd6c_6,,,,qd6c_6,native LSM source map (union fallback unresolved),,ZA8841,UNRESOLVED_NATIVE,,0,0.000000,0.000000,0.000000,UNRESOLVED_NATIVE,0,0
qd6c_7,,,,qd6c_7,native LSM source map (union fallback unresolved),,ZA8841,UNRESOLVED_NATIVE,,0,0.000000,0.000000,0.000000,UNRESOLVED_NATIVE,0,0
qd6c_8,,,,qd6c_8,native LSM source map (union fallback unresolved),,ZA8841,UNRESOLVED_NATIVE,,0,0.000000,0.000000,0.000000,UNRESOLVED_NATIVE,0,0
qd6c_9,,,,qd6c_9,native LSM source map (union fallback unresolved),,ZA8841,UNRESOLVED_NATIVE,,0,0.000000,0.000000,0.000000,UNRESOLVED_NATIVE,0,0
qd6c_10,,,,qd6c_10,native LSM source map (union fallback unresolved),,ZA8841,UNRESOLVED_NATIVE,,0,0.000000,0.000000,0.000000,UNRESOLVED_NATIVE,0,0
qd6c_11,,,,qd6c_11,native LSM source map (union fallback unresolved),,ZA8841,UNRESOLVED_NATIVE,,0,0.000000,0.000000,0.000000,UNRESOLVED_NATIVE,0,0
qd6c_12,,,,qd6c_12,native LSM source map (union fallback unresolved),,ZA8841,UNRESOLVED_NATIVE,,0,0.000000,0.000000,0.000000,UNRESOLVED_NATIVE,0,0
qd6c_13,,,,qd6c_13,native LSM source map (union fallback unresolved),,ZA8841,UNRESOLVED_NATIVE,,0,0.000000,0.000000,0.000000,UNRESOLVED_NATIVE,0,0
qd6c_14,,,,qd6c_14,native LSM source map (union fallback unresolved),,ZA8841,UNRESOLVED_NATIVE,,0,0.000000,0.000000,0.000000,UNRESOLVED_NATIVE,0,0
qd6c_15,,,,qd6c_15,native LSM source map (union fallback unresolved),,ZA8841,UNRESOLVED_NATIVE,,0,0.000000,0.000000,0.000000,UNRESOLVED_NATIVE,0,0
qd7,,,,qd7,native LSM source map (union fallback unresolved),,ZA8841,UNRESOLVED_NATIVE,,0,0.200000,0.000000,0.255597,UNRESOLVED_NATIVE,5,5
qd8_1,,,,qd8_1,native LSM source map (union fallback unresolved),,ZA8841,UNRESOLVED_NATIVE,,0,0.125000,0.000000,0.309013,UNRESOLVED_NATIVE,8,8
qd8_2,,,,qd8_2,native LSM source map (union fallback unresolved),,ZA8841,UNRESOLVED_NATIVE,,0,0.125000,0.000000,0.309013,UNRESOLVED_NATIVE,8,8
qd8_3,,,,qd8_3,native LSM source map (union fallback unresolved),,ZA8841,UNRESOLVED_NATIVE,,0,0.125000,0.000000,0.309013,UNRESOLVED_NATIVE,8,8
qd8_4,,,,qd8_4,native LSM source map (union fallback unresolved),,ZA8841,UNRESOLVED_NATIVE,,0,0.125000,0.000000,0.309013,UNRESOLVED_NATIVE,8,8
qd8_5,,,,qd8_5,native LSM source map (union fallback unresolved),,ZA8841,UNRESOLVED_NATIVE,,0,0.125000,0.000000,0.309013,UNRESOLVED_NATIVE,8,8
qd8_6,,,,qd8_6,native LSM source map (union fallback unresolved),,ZA8841,UNRESOLVED_NATIVE,,0,0.142857,0.000000,0.309013,UNRESOLVED_NATIVE,7,7
qd8_7,,,,qd8_7,native LSM source map (union fallback unresolved),,ZA8841,UNRESOLVED_NATIVE,,0,0.142857,0.000000,0.309013,UNRESOLVED_NATIVE,7,7
qd8_8,,,,qd8_8,native LSM source map (union fallback unresolved),,ZA8841,UNRESOLVED_NATIVE,,0,0.142857,0.000000,0.309013,UNRESOLVED_NATIVE,7,7
qd8_9,,,,qd8_9,native LSM source map (union fallback unresolved),,ZA8841,UNRESOLVED_NATIVE,,0,0.142857,0.000000,0.309013,UNRESOLVED_NATIVE,7,7
qd8_10,,,,qd8_10,native LSM source map (union fallback unresolved),,ZA8841,UNRESOLVED_NATIVE,,0,0.166667,0.000000,0.309013,UNRESOLVED_NATIVE,6,6
qd8_11,,,,qd8_11,native LSM source map (union fallback unresolved),,ZA8841,UNRESOLVED_NATIVE,,0,0.200000,0.000000,0.309013,UNRESOLVED_NATIVE,5,5
qd8_12,,,,qd8_12,native LSM source map (union fallback unresolved),,ZA8841,UNRESOLVED_NATIVE,,0,0.250000,0.000000,0.233071,UNRESOLVED_NATIVE,4,4
qd9_1,,,,qd9_1,native LSM source map (union fallback unresolved),,ZA8841,UNRESOLVED_NATIVE,,0,0.272727,0.000000,0.309013,UNRESOLVED_NATIVE,11,7
qd9_2,,,,qd9_2,native LSM source map (union fallback unresolved),,ZA8841,UNRESOLVED_NATIVE,,0,0.181818,0.000000,0.309013,UNRESOLVED_NATIVE,11,8
qd9_3,,,,qd9_3,native LSM source map (union fallback unresolved),,ZA8841,UNRESOLVED_NATIVE,,0,0.272727,0.000000,0.309013,UNRESOLVED_NATIVE,11,7
qd9_4,,,,qd9_4,native LSM source map (union fallback unresolved),,ZA8841,UNRESOLVED_NATIVE,,0,0.300000,0.000000,0.244396,UNRESOLVED_NATIVE,10,6
qd9_5,,,,qd9_5,native LSM source map (union fallback unresolved),,ZA8841,UNRESOLVED_NATIVE,,0,0.200000,0.000000,0.244396,UNRESOLVED_NATIVE,10,7
qd9t,,,,qd9t,native LSM source map (union fallback unresolved),,ZA8841,UNRESOLVED_NATIVE,,0,0.000000,0.000000,0.000000,UNRESOLVED_NATIVE,0,0
qd10,,,,qd10,native LSM source map (union fallback unresolved),,ZA8841,UNRESOLVED_NATIVE,,0,0.400000,0.000000,0.242377,UNRESOLVED_NATIVE,5,4
qd11_1,,,,qd11_1,native LSM source map (union fallback unresolved),,ZA8841,UNRESOLVED_NATIVE,,0,0.285714,0.000000,0.309013,UNRESOLVED_NATIVE,7,6
qd11_2,,,,qd11_2,native LSM source map (union fallback unresolved),,ZA8841,UNRESOLVED_NATIVE,,0,0.285714,0.000000,0.309013,UNRESOLVED_NATIVE,7,6
qd11_3,,,,qd11_3,native LSM source map (union fallback unresolved),,ZA8841,UNRESOLVED_NATIVE,,0,0.285714,0.000000,0.309013,UNRESOLVED_NATIVE,7,6
qd11_4,,,,qd11_4,native LSM source map (union fallback unresolved),,ZA8841,UNRESOLVED_NATIVE,,0,0.285714,0.000000,0.309013,UNRESOLVED_NATIVE,7,6
qd11_5,,,,qd11_5,native LSM source map (union fallback unresolved),,ZA8841,UNRESOLVED_NATIVE,,0,0.200000,0.000000,0.309013,UNRESOLVED_NATIVE,5,5
qd11_6,,,,qd11_6,native LSM source map (union fallback unresolved),,ZA8841,UNRESOLVED_NATIVE,,0,0.200000,0.000000,0.309013,UNRESOLVED_NATIVE,5,5
qd11_7,,,,qd11_7,native LSM source map (union fallback unresolved),,ZA8841,UNRESOLVED_NATIVE,,0,0.200000,0.000000,0.309013,UNRESOLVED_NATIVE,5,5
qd11_8,,,,qd11_8,native LSM source map (union fallback unresolved),,ZA8841,UNRESOLVED_NATIVE,,0,0.200000,0.000000,0.309013,UNRESOLVED_NATIVE,5,5
qd11_9,,,,qd11_9,native LSM source map (union fallback unresolved),,ZA8841,UNRESOLVED_NATIVE,,0,0.250000,0.000000,0.309013,UNRESOLVED_NATIVE,4,4
qd11_10,,,,qd11_10,native LSM source map (union fallback unresolved),,ZA8841,UNRESOLVED_NATIVE,,0,0.250000,0.000000,0.309013,UNRESOLVED_NATIVE,4,4
qd11_11,,,,qd11_11,native LSM source map (union fallback unresolved),,ZA8841,UNRESOLVED_NATIVE,,0,0.333333,0.000000,0.309013,UNRESOLVED_NATIVE,3,3
qd12_1,,,,qd12_1,native LSM source map (union fallback unresolved),,ZA8841,UNRESOLVED_NATIVE,,0,0.250000,0.000000,0.242377,UNRESOLVED_NATIVE,4,4
qd12_2,,,,qd12_2,native LSM source map (union fallback unresolved),,ZA8841,UNRESOLVED_NATIVE,,0,0.250000,0.000000,0.242377,UNRESOLVED_NATIVE,4,4
qd12_3,,,,qd12_3,native LSM source map (union fallback unresolved),,ZA8841,UNRESOLVED_NATIVE,,0,0.333333,0.000000,0.242377,UNRESOLVED_NATIVE,3,3
qd12_4,,,,qd12_4,native LSM source map (union fallback unresolved),,ZA8841,UNRESOLVED_NATIVE,,0,0.333333,0.000000,0.242377,UNRESOLVED_NATIVE,3,3
qd12_5,,,,qd12_5,native LSM source map (union fallback unresolved),,ZA8841,UNRESOLVED_NATIVE,,0,0.333333,0.000000,0.242377,UNRESOLVED_NATIVE,3,3
qd12_6,,,,qd12_6,native LSM source map (union fallback unresolved),,ZA8841,UNRESOLVED_NATIVE,,0,0.500000,0.000000,0.242377,UNRESOLVED_NATIVE,2,2
qd12_7,,,,qd12_7,native LSM source map (union fallback unresolved),,ZA8841,UNRESOLVED_NATIVE,,0,1.000000,0.000000,0.170088,UNRESOLVED_NATIVE,1,1
qd12_8,,,,qd12_8,native LSM source map (union fallback unresolved),,ZA8841,UNRESOLVED_NATIVE,,0,1.000000,0.000000,0.170088,UNRESOLVED_NATIVE,1,1
qd12_9,,,,qd12_9,native LSM source map (union fallback unresolved),,ZA8841,UNRESOLVED_NATIVE,,0,1.000000,0.000000,0.170088,UNRESOLVED_NATIVE,1,1
qd12_10,,,,qd12_10,native LSM source map (union fallback unresolved),,ZA8841,UNRESOLVED_NATIVE,,0,1.000000,0.000000,0.170088,UNRESOLVED_NATIVE,1,1
qd12_11,,,,qd12_11,native LSM source map (union fallback unresolved),,ZA8841,UNRESOLVED_NATIVE,,0,1.000000,0.000000,0.170088,UNRESOLVED_NATIVE,1,1
qd12_12,,,,qd12_12,native LSM source map (union fallback unresolved),,ZA8841,UNRESOLVED_NATIVE,,0,1.000000,0.000000,0.170088,UNRESOLVED_NATIVE,1,1
qd12_13,,,,qd12_13,native LSM source map (union fallback unresolved),,ZA8841,UNRESOLVED_NATIVE,,0,1.000000,0.000000,0.170088,UNRESOLVED_NATIVE,1,1
d8,D8,AGE EDUCATION,"How old were you when you stopped full-time education? (CANNOT BE LARGER THAN D11 - IF ‘STILL STUDYING’, CODE ‘00’ – IF ‘NO EDUCATION’ CODE ‘01’ – IF ‘REFUSAL’ CODE ‘98’ – IF ‘DK’ CODE ‘99’) (MAKE SURE THE RESPONDENT UNDERSTANDS THAT D8 IS ABOUT FULL‐TIME EDUCATION)","How old were you when you stopped full-time education? (CANNOT BE LARGER THAN D11 - IF ‘STILL STUDYING’, CODE ‘00’ – IF ‘NO EDUCATION’ CODE ‘01’ – IF ‘REFUSAL’ CODE ‘98’ – IF ‘DK’ CODE ‘99’) (MAKE SURE THE RESPONDENT UNDERSTANDS THAT D8 IS ABOUT FULL‐TIME EDUCATION)",Eurobarometer semantic union consensus,1323,ZA8841,UNION_CONSENSUS,ZA5565;ZA5566;ZA5596;ZA5598;ZA5612;ZA5685;ZA5686;ZA5689;ZA5876;ZA5878;ZA5913;ZA5914;ZA5929;ZA5930;ZA5931;ZA5932;ZA5933;ZA5964;ZA5965;ZA5998;ZA6595;ZA6596;ZA6642;ZA6693;ZA6696;ZA6697;ZA6861;ZA6862;ZA6925;ZA6927;ZA6939;ZA6963;ZA7484;ZA7488;ZA7489;ZA7556;ZA7561;ZA7562;ZA7575;ZA7576,40,1.000000,0.756410,0.000000,UNION_CONSENSUS,40,1
d8r1,,AGE EDUCATION: 11 CAT (RECODED),,AGE EDUCATION: 11 CAT (RECODED),Eurobarometer semantic union consensus,1324,ZA8841,UNION_CONSENSUS,ZA5565;ZA5566;ZA5596;ZA5598;ZA5612;ZA5685;ZA5686;ZA5689;ZA5876;ZA5878;ZA5913;ZA5914;ZA5929;ZA5930;ZA5931;ZA5932;ZA5933;ZA5964;ZA5965;ZA5998;ZA6595;ZA6596;ZA6642;ZA6693;ZA6696;ZA6697;ZA6861;ZA6862;ZA6925;ZA6927;ZA6939;ZA6963;ZA7484;ZA7488;ZA7489;ZA7556;ZA7561;ZA7562;ZA7575;ZA7576,40,1.000000,0.000000,0.000000,UNION_CONSENSUS,40,1
d8r2,,AGE EDUCATION: 5 CAT (RECODED),,AGE EDUCATION: 5 CAT (RECODED),Eurobarometer semantic union consensus,1327,ZA8841,UNION_CONSENSUS,ZA5565;ZA5566;ZA5596;ZA5598;ZA5612;ZA5685;ZA5686;ZA5689;ZA5876;ZA5878;ZA5913;ZA5914;ZA5929;ZA5930;ZA5931;ZA5932;ZA5933;ZA5964;ZA5965;ZA5998;ZA6595;ZA6596;ZA6642;ZA6693;ZA6696;ZA6697;ZA6861;ZA6862;ZA6925;ZA6927;ZA6939;ZA6963;ZA7484;ZA7488;ZA7489;ZA7556;ZA7561;ZA7562;ZA7575;ZA7576,40,1.000000,0.000000,0.000000,UNION_CONSENSUS,40,1
d9a_1,,,,d9a_1,native LSM source map (union fallback unresolved),,ZA8841,UNRESOLVED_NATIVE,,0,0.000000,0.000000,0.000000,UNRESOLVED_NATIVE,0,0
d9a_2,,,,d9a_2,native LSM source map (union fallback unresolved),,ZA8841,UNRESOLVED_NATIVE,,0,0.000000,0.000000,0.000000,UNRESOLVED_NATIVE,0,0
d9a_3,,,,d9a_3,native LSM source map (union fallback unresolved),,ZA8841,UNRESOLVED_NATIVE,,0,0.000000,0.000000,0.000000,UNRESOLVED_NATIVE,0,0
d9a_4,,,,d9a_4,native LSM source map (union fallback unresolved),,ZA8841,UNRESOLVED_NATIVE,,0,0.000000,0.000000,0.000000,UNRESOLVED_NATIVE,0,0
d9a_5,,,,d9a_5,native LSM source map (union fallback unresolved),,ZA8841,UNRESOLVED_NATIVE,,0,0.000000,0.000000,0.000000,UNRESOLVED_NATIVE,0,0
d9a_6,,,,d9a_6,native LSM source map (union fallback unresolved),,ZA8841,UNRESOLVED_NATIVE,,0,0.000000,0.000000,0.000000,UNRESOLVED_NATIVE,0,0
d9a_7,,,,d9a_7,native LSM source map (union fallback unresolved),,ZA8841,UNRESOLVED_NATIVE,,0,0.000000,0.000000,0.000000,UNRESOLVED_NATIVE,0,0
d9a_8,,,,d9a_8,native LSM source map (union fallback unresolved),,ZA8841,UNRESOLVED_NATIVE,,0,0.000000,0.000000,0.000000,UNRESOLVED_NATIVE,0,0
d9a_9,,,,d9a_9,native LSM source map (union fallback unresolved),,ZA8841,UNRESOLVED_NATIVE,,0,0.000000,0.000000,0.000000,UNRESOLVED_NATIVE,0,0
d9a_10,,,,d9a_10,native LSM source map (union fallback unresolved),,ZA8841,UNRESOLVED_NATIVE,,0,0.000000,0.000000,0.000000,UNRESOLVED_NATIVE,0,0
d9a_11,,,,d9a_11,native LSM source map (union fallback unresolved),,ZA8841,UNRESOLVED_NATIVE,,0,0.000000,0.000000,0.000000,UNRESOLVED_NATIVE,0,0
d9a_12,,,,d9a_12,native LSM source map (union fallback unresolved),,ZA8841,UNRESOLVED_NATIVE,,0,0.000000,0.000000,0.000000,UNRESOLVED_NATIVE,0,0
d9a_13,,,,d9a_13,native LSM source map (union fallback unresolved),,ZA8841,UNRESOLVED_NATIVE,,0,0.000000,0.000000,0.000000,UNRESOLVED_NATIVE,0,0
d10,D10,GENDER,Gender,Gender,Eurobarometer semantic union consensus,1321,ZA8841,UNION_CONSENSUS,ZA5565;ZA5566;ZA5596;ZA5598;ZA5612;ZA5685;ZA5686;ZA5689;ZA5876;ZA5878;ZA5913;ZA5914;ZA5929;ZA5930;ZA5931;ZA5932;ZA5933;ZA5964;ZA5965;ZA5998;ZA6595;ZA6596;ZA6642;ZA6693;ZA6696;ZA6697;ZA6861;ZA6862;ZA6925;ZA6927;ZA6939;ZA6963;ZA7484;ZA7488;ZA7489;ZA7556;ZA7561;ZA7562;ZA7575;ZA7576,40,1.000000,0.000000,0.000000,UNION_CONSENSUS,40,1
d15a,D15A,OCCUPATION OF RESPONDENT,What is your current occupation? (DO NOT SHOW SCREEN – IF D15A=2 THEN D8=00 – IF D15<>2 AND D8=00 THEN CORRECT D8 OR CHANGE THE ANSWER IN D15A) NON-ACTIVE,What is your current occupation? (DO NOT SHOW SCREEN – IF D15A=2 THEN D8=00 – IF D15<>2 AND D8=00 THEN CORRECT D8 OR CHANGE THE ANSWER IN D15A) NON-ACTIVE,Eurobarometer semantic union consensus,1329,ZA8841,UNION_CONSENSUS,ZA5565;ZA5566;ZA5596;ZA5598;ZA5612;ZA5685;ZA5686;ZA5689;ZA5876;ZA5878;ZA5913;ZA5914;ZA5929;ZA5930;ZA5931;ZA5932;ZA5933;ZA5964;ZA5965;ZA5998;ZA6595;ZA6596;ZA6642;ZA6693;ZA6696;ZA6697;ZA6861;ZA6862;ZA6925;ZA6927;ZA6939;ZA6963;ZA7484;ZA7488;ZA7489;ZA7556;ZA7561;ZA7562;ZA7575;ZA7576,40,1.000000,0.000000,0.000000,UNION_CONSENSUS,40,1
d15a_r1,page 989,OCCUPATION OF RESPONDENT (RECODED),Eurobarometer 91.4 - May 2019,Eurobarometer 91.4 - May 2019,Eurobarometer semantic union consensus,1022,ZA8841,UNION_CONSENSUS,ZA5565;ZA5566;ZA5689;ZA5876;ZA5878;ZA5913;ZA5914;ZA5929;ZA5930;ZA5931;ZA5932;ZA5933;ZA5964;ZA5965;ZA5998;ZA6595;ZA6596;ZA6642;ZA6693;ZA6696;ZA6697;ZA6861;ZA6862;ZA6925;ZA6927;ZA6939;ZA6963;ZA7484;ZA7488;ZA7489;ZA7556;ZA7561;ZA7562;ZA7575;ZA7576,35,0.875000,0.000000,0.000000,UNION_CONSENSUS,40,2
d15a_r2,,RESPONDENT OCCUPATION SCALE (C14),,RESPONDENT OCCUPATION SCALE (C14),Eurobarometer semantic union consensus,1334,ZA8841,UNION_CONSENSUS,ZA5689;ZA5876;ZA5878;ZA5913;ZA5914;ZA5929;ZA5930;ZA5931;ZA5932;ZA5933;ZA5964;ZA5965;ZA5998;ZA6595;ZA6596;ZA6642;ZA6693;ZA6696;ZA6697;ZA6861;ZA6862;ZA6925;ZA6927;ZA6939;ZA6963;ZA7484;ZA7488;ZA7489;ZA7556;ZA7561;ZA7562;ZA7575;ZA7576,33,0.825000,0.000000,0.000000,UNION_CONSENSUS,40,2
d15b,D15B,OCCUPATION OF RESPONDENT - LAST JOB,"ASK D15B IF ‘NOT DOING ANY PAID WORK CURRENTLY’, CODES 1 TO 4 IN D15A Did you do any paid work in the past? What was your last occupation? (DO NOT SHOW SCREEN) SELF EMPLOYED","ASK D15B IF ‘NOT DOING ANY PAID WORK CURRENTLY’, CODES 1 TO 4 IN D15A Did you do any paid work in the past? What was your last occupation? (DO NOT SHOW SCREEN) SELF EMPLOYED",Eurobarometer semantic union consensus,1336,ZA8841,UNION_CONSENSUS,ZA5565;ZA5566;ZA5596;ZA5598;ZA5612;ZA5685;ZA5686;ZA5689;ZA5876;ZA5878;ZA5913;ZA5914;ZA5929;ZA5930;ZA5931;ZA5932;ZA5933;ZA5964;ZA5965;ZA5998;ZA6595;ZA6596;ZA6642;ZA6693;ZA6696;ZA6697;ZA6861;ZA6862;ZA6925;ZA6927;ZA6939;ZA6963;ZA7484;ZA7488;ZA7489;ZA7556;ZA7561;ZA7562;ZA7575;ZA7576,40,1.000000,0.000000,0.000000,UNION_CONSENSUS,40,1
d15b_r,page 996,OCCUPATION OF RESPONDENT - LAST JOB (RECODED),Eurobarometer 91.4 - May 2019,Eurobarometer 91.4 - May 2019,Eurobarometer semantic union consensus,1029,ZA8841,UNION_CONSENSUS,ZA5565;ZA5566;ZA5689;ZA5876;ZA5878;ZA5913;ZA5914;ZA5929;ZA5930;ZA5931;ZA5932;ZA5933;ZA5964;ZA5965;ZA5998;ZA6595;ZA6596;ZA6642;ZA6693;ZA6696;ZA6697;ZA6861;ZA6862;ZA6925;ZA6927;ZA6939;ZA6963;ZA7484;ZA7488;ZA7489;ZA7556;ZA7561;ZA7562;ZA7575;ZA7576,35,0.875000,0.000000,0.000000,UNION_CONSENSUS,40,2
d25,D25,TYPE OF COMMUNITY,Would you say you live in a...? (READ OUT – CODE ‘NO ANSWER’ IN CODE 4),Would you say you live in a...? (READ OUT – CODE ‘NO ANSWER’ IN CODE 4),Eurobarometer semantic union consensus,1341,ZA8841,UNION_CONSENSUS,ZA5565;ZA5566;ZA5596;ZA5598;ZA5612;ZA5685;ZA5686;ZA5689;ZA5876;ZA5878;ZA5913;ZA5914;ZA5929;ZA5930;ZA5931;ZA5932;ZA5933;ZA5964;ZA5965;ZA5998;ZA6595;ZA6596;ZA6642;ZA6693;ZA6696;ZA6697;ZA6861;ZA6862;ZA6925;ZA6927;ZA6939;ZA6963;ZA7484;ZA7488;ZA7489;ZA7556;ZA7561;ZA7562;ZA7575;ZA7576,40,1.000000,0.000000,0.000000,UNION_CONSENSUS,40,1
d60,D60,DIFFICULTIES PAYING BILLS - LAST YEAR,"During the last twelve months, would you say you had difficulties to pay your bills at the end of the month…? (SHOW SCREEN – READ OUT – ONE ANSWER ONLY)","During the last twelve months, would you say you had difficulties to pay your bills at the end of the month…? (SHOW SCREEN – READ OUT – ONE ANSWER ONLY)",Eurobarometer semantic union consensus,1401,ZA8841,UNION_CONSENSUS,ZA5565;ZA5566;ZA5596;ZA5598;ZA5612;ZA5685;ZA5686;ZA5689;ZA5876;ZA5878;ZA5913;ZA5914;ZA5929;ZA5930;ZA5931;ZA5932;ZA5933;ZA5964;ZA5965;ZA5998;ZA6595;ZA6596;ZA6642;ZA6693;ZA6696;ZA6697;ZA6861;ZA6862;ZA6925;ZA6927;ZA6939;ZA6963;ZA7484;ZA7488;ZA7489;ZA7556;ZA7561;ZA7562;ZA7575;ZA7576,40,1.000000,0.000000,0.000000,UNION_CONSENSUS,40,1
d62_1,D62,INTERNET USE FREQ: AT HOME,Could you tell me if …? (SHOW SCREEN – READ OUT – ONE ANSWER PER LINE – DISPLAY ‘95’ INSTEAD OF ‘NO INTERNET ACCESS’),Could you tell me if …? (SHOW SCREEN – READ OUT – ONE ANSWER PER LINE – DISPLAY ‘95’ INSTEAD OF ‘NO INTERNET ACCESS’),Eurobarometer semantic union consensus,1403,ZA8841,UNION_CONSENSUS,ZA5565;ZA5566;ZA5596;ZA5598;ZA5612;ZA5685;ZA5686;ZA5689;ZA5876;ZA5878;ZA5913;ZA5914;ZA5929;ZA5930;ZA5931;ZA5932;ZA5933;ZA5964;ZA5965;ZA5998;ZA6595;ZA6596;ZA6642;ZA6693;ZA6696;ZA6697;ZA6861;ZA6862;ZA6925;ZA6927;ZA6939;ZA6963;ZA7484;ZA7488;ZA7489;ZA7556;ZA7561;ZA7562;ZA7575;ZA7576,40,1.000000,0.000000,0.000000,UNION_CONSENSUS,40,1
d62_2,D62,INTERNET USE FREQ: AT PLACE OF WORK,Could you tell me if …? (SHOW SCREEN – READ OUT – ONE ANSWER PER LINE – DISPLAY ‘95’ INSTEAD OF ‘NO INTERNET ACCESS’),Could you tell me if …? (SHOW SCREEN – READ OUT – ONE ANSWER PER LINE – DISPLAY ‘95’ INSTEAD OF ‘NO INTERNET ACCESS’),Eurobarometer semantic union consensus,1405,ZA8841,UNION_CONSENSUS,ZA5565;ZA5566;ZA5596;ZA5598;ZA5612;ZA5685;ZA5686;ZA5689;ZA5876;ZA5878;ZA5913;ZA5914;ZA5929;ZA5930;ZA5931;ZA5932;ZA5933;ZA5964;ZA5965;ZA5998;ZA6595;ZA6596;ZA6642;ZA6693;ZA6696;ZA6697;ZA6861;ZA6862;ZA6925;ZA6927;ZA6939;ZA6963;ZA7484;ZA7488;ZA7489;ZA7556;ZA7561;ZA7562;ZA7575;ZA7576,40,1.000000,0.000000,0.000000,UNION_CONSENSUS,40,1
d62_3,,,,d62_3,native LSM source map (union fallback unresolved),,ZA8841,UNRESOLVED_NATIVE,,0,0.625000,0.000000,0.309013,UNRESOLVED_NATIVE,40,2
d62_4,D62,INTERNET USE FREQ: SOMEWHERE ELSE,Could you tell me if …? (SHOW SCREEN – READ OUT – ONE ANSWER PER LINE – DISPLAY ‘95’ INSTEAD OF ‘NO INTERNET ACCESS’),Could you tell me if …? (SHOW SCREEN – READ OUT – ONE ANSWER PER LINE – DISPLAY ‘95’ INSTEAD OF ‘NO INTERNET ACCESS’),Eurobarometer semantic union consensus,1409,ZA8841,UNION_CONSENSUS,ZA6693;ZA6696;ZA6861;ZA6862;ZA6925;ZA6927;ZA6939;ZA7484;ZA7488;ZA7489;ZA7556;ZA7561;ZA7562;ZA7575;ZA7576,15,1.000000,0.000000,0.000000,UNION_CONSENSUS,15,1
d62t,,,,d62t,native LSM source map (union fallback unresolved),,ZA8841,UNRESOLVED_NATIVE,,0,0.000000,0.000000,0.000000,UNRESOLVED_NATIVE,0,0
netuse,,,,netuse,native LSM source map (union fallback unresolved),,ZA8841,UNRESOLVED_NATIVE,,0,0.000000,0.000000,0.000000,UNRESOLVED_NATIVE,0,0
d63,,,,d63,native LSM source map (union fallback unresolved),,ZA8841,UNRESOLVED_NATIVE,,0,0.694444,0.000000,0.309013,UNRESOLVED_NATIVE,36,2
d1,D1,LEFT-RIGHT PLACEMENT,"ASK ALL In political matters people talk of ‘the le(cid:519)’ and ‘the right’. How would you place your views on this scale? (SHOW SCREEN – DO NOT PROMPT – IF CONTACT HESITATES, TRY AGAIN )","ASK ALL In political matters people talk of ‘the le(cid:519)’ and ‘the right’. How would you place your views on this scale? (SHOW SCREEN – DO NOT PROMPT – IF CONTACT HESITATES, TRY AGAIN )",Eurobarometer semantic union consensus,1305,ZA8841,UNION_CONSENSUS,ZA5565;ZA5598;ZA5686;ZA5913;ZA5930;ZA5931;ZA5932;ZA5933;ZA5964;ZA5965;ZA5998;ZA6595;ZA6596;ZA6642;ZA6693;ZA6696;ZA6697;ZA6861;ZA6862;ZA6925;ZA6927;ZA6939;ZA6963;ZA7484;ZA7488;ZA7489;ZA7556;ZA7561;ZA7562;ZA7575;ZA7576,31,1.000000,0.000000,0.000000,UNION_CONSENSUS,31,1
d1r1,page 1272,LEFT-RIGHT PLACEMENT: 3 CAT (RECODED),Eurobarometer 91.5 - June-July 2019,Eurobarometer 91.5 - June-July 2019,Eurobarometer semantic union consensus,1308,ZA8841,UNION_CONSENSUS,ZA5565;ZA5598;ZA5686;ZA5913;ZA5930;ZA5931;ZA5932;ZA5933;ZA5964;ZA5965;ZA5998;ZA6595;ZA6596;ZA6642;ZA6693;ZA6696;ZA6697;ZA6861;ZA6862;ZA6925;ZA6927;ZA6939;ZA6963;ZA7484;ZA7488;ZA7489;ZA7556;ZA7561;ZA7562;ZA7575;ZA7576,31,1.000000,0.000000,0.000000,UNION_CONSENSUS,31,1
d1r2,,LEFT-RIGHT PLACEMENT: 5 CAT (RECODED),,LEFT-RIGHT PLACEMENT: 5 CAT (RECODED),Eurobarometer semantic union consensus,1310,ZA8841,UNION_CONSENSUS,ZA5565;ZA5598;ZA5686;ZA5913;ZA5930;ZA5931;ZA5932;ZA5933;ZA5964;ZA5965;ZA5998;ZA6595;ZA6596;ZA6642;ZA6693;ZA6696;ZA6697;ZA6861;ZA6862;ZA6925;ZA6927;ZA6939;ZA6963;ZA7484;ZA7488;ZA7489;ZA7556;ZA7561;ZA7562;ZA7575;ZA7576,31,1.000000,0.000000,0.000000,UNION_CONSENSUS,31,1
d71_1,D71,POLITICAL DISCUSSION - NATIONAL MATTERS,"When you get together with friends or relatives, would you say you discuss frequently, occasionally or never about...? (READ OUT – ONE ANSWER PER LINE - CODE ‘NO ANSWER’ IN CODE 4)","When you get together with friends or relatives, would you say you discuss frequently, occasionally or never about...? (READ OUT – ONE ANSWER PER LINE - CODE ‘NO ANSWER’ IN CODE 4)",Eurobarometer semantic union consensus,215,ZA8841,UNION_CONSENSUS,ZA5878;ZA5913;ZA5914;ZA5929;ZA5930;ZA5931;ZA5933;ZA5964;ZA5965;ZA6595;ZA6596;ZA6642;ZA6693;ZA6696;ZA6697;ZA6861;ZA6862;ZA6925;ZA6927;ZA6939;ZA7484;ZA7488;ZA7556;ZA7561;ZA7562;ZA7575,26,1.000000,0.000000,0.000000,UNION_CONSENSUS,26,1
d71_2,D71,POLITICAL DISCUSSION - EUROPEAN MATTERS,"When you get together with friends or relatives, would you say you discuss frequently, occasionally or never about...? (READ OUT – ONE ANSWER PER LINE - CODE ‘NO ANSWER’ IN CODE 4)","When you get together with friends or relatives, would you say you discuss frequently, occasionally or never about...? (READ OUT – ONE ANSWER PER LINE - CODE ‘NO ANSWER’ IN CODE 4)",Eurobarometer semantic union consensus,217,ZA8841,UNION_CONSENSUS,ZA5878;ZA5913;ZA5914;ZA5929;ZA5930;ZA5931;ZA5933;ZA5964;ZA5965;ZA6595;ZA6596;ZA6642;ZA6693;ZA6696;ZA6697;ZA6861;ZA6862;ZA6925;ZA6927;ZA6939;ZA7484;ZA7488;ZA7556;ZA7561;ZA7562;ZA7575,26,1.000000,0.000000,0.000000,UNION_CONSENSUS,26,1
d71_3,D71,POLITICAL DISCUSSION - LOCAL MATTERS,"When you get together with friends or relatives, would you say you discuss frequently, occasionally or never about...? (READ OUT – ONE ANSWER PER LINE - CODE ‘NO ANSWER’ IN CODE 4)","When you get together with friends or relatives, would you say you discuss frequently, occasionally or never about...? (READ OUT – ONE ANSWER PER LINE - CODE ‘NO ANSWER’ IN CODE 4)",Eurobarometer semantic union consensus,219,ZA8841,UNION_CONSENSUS,ZA5878;ZA5913;ZA5914;ZA5929;ZA5930;ZA5931;ZA5933;ZA5964;ZA5965;ZA6595;ZA6596;ZA6642;ZA6693;ZA6696;ZA6697;ZA6861;ZA6862;ZA6925;ZA6927;ZA6939;ZA7484;ZA7488;ZA7556;ZA7561;ZA7562;ZA7575,26,1.000000,0.000000,0.000000,UNION_CONSENSUS,26,1
polintr_1,,,,polintr_1,native LSM source map (union fallback unresolved),,ZA8841,UNRESOLVED_NATIVE,,0,0.000000,0.000000,0.000000,UNRESOLVED_NATIVE,0,0
polintr_2,,,,polintr_2,native LSM source map (union fallback unresolved),,ZA8841,UNRESOLVED_NATIVE,,0,0.000000,0.000000,0.000000,UNRESOLVED_NATIVE,0,0
polintr_3,,,,polintr_3,native LSM source map (union fallback unresolved),,ZA8841,UNRESOLVED_NATIVE,,0,0.000000,0.000000,0.000000,UNRESOLVED_NATIVE,0,0
polintr_4,,,,polintr_4,native LSM source map (union fallback unresolved),,ZA8841,UNRESOLVED_NATIVE,,0,0.000000,0.000000,0.000000,UNRESOLVED_NATIVE,0,0
d73_1,,,,d73_1,native LSM source map (union fallback unresolved),,ZA8841,UNRESOLVED_NATIVE,,0,0.625000,0.000000,0.309013,UNRESOLVED_NATIVE,24,2
d73_2,,,,d73_2,native LSM source map (union fallback unresolved),,ZA8841,UNRESOLVED_NATIVE,,0,0.625000,0.000000,0.309013,UNRESOLVED_NATIVE,24,2
d73_4,,,,d73_4,native LSM source map (union fallback unresolved),,ZA8841,UNRESOLVED_NATIVE,,0,0.000000,0.000000,0.000000,UNRESOLVED_NATIVE,0,0
sd18a,,,,sd18a,native LSM source map (union fallback unresolved),,ZA8841,UNRESOLVED_NATIVE,,0,0.000000,0.000000,0.000000,UNRESOLVED_NATIVE,0,0
sd18b,,,,sd18b,native LSM source map (union fallback unresolved),,ZA8841,UNRESOLVED_NATIVE,,0,0.000000,0.000000,0.000000,UNRESOLVED_NATIVE,0,0
d72_1,D72,MY VOICE COUNTS - IN THE EU,Please tell me to what extent you agree or disagree with each of the following statements. (SHOW SCREEN – READ OUT – ONE ANSWER PER LINE - CODE ‘NO ANSWER’ IN CODE 5 - DISPLAY ‘99’ INSTEAD OF ‘DK’),Please tell me to what extent you agree or disagree with each of the following statements. (SHOW SCREEN – READ OUT – ONE ANSWER PER LINE - CODE ‘NO ANSWER’ IN CODE 5 - DISPLAY ‘99’ INSTEAD OF ‘DK’),Eurobarometer semantic union consensus,1417,ZA8841,UNION_CONSENSUS,ZA5913;ZA5914;ZA5929;ZA5930;ZA5931;ZA5932;ZA5964;ZA5965;ZA5998;ZA6595;ZA6642;ZA6693;ZA6696;ZA6697;ZA6862;ZA6925;ZA6927;ZA6939;ZA6963;ZA7484;ZA7488;ZA7489;ZA7556;ZA7561;ZA7562;ZA7575;ZA7576,27,0.964286,0.000000,0.000000,UNION_CONSENSUS,28,2
d72_2,D72,MY VOICE COUNTS - IN (OUR COUNTRY),Please tell me to what extent you agree or disagree with each of the following statements. (SHOW SCREEN – READ OUT – ONE ANSWER PER LINE - CODE ‘NO ANSWER’ IN CODE 5 - DISPLAY ‘99’ INSTEAD OF ‘DK’),Please tell me to what extent you agree or disagree with each of the following statements. (SHOW SCREEN – READ OUT – ONE ANSWER PER LINE - CODE ‘NO ANSWER’ IN CODE 5 - DISPLAY ‘99’ INSTEAD OF ‘DK’),Eurobarometer semantic union consensus,1419,ZA8841,UNION_CONSENSUS,ZA5913;ZA5914;ZA5929;ZA5930;ZA5931;ZA5932;ZA5964;ZA5965;ZA5998;ZA6595;ZA6642;ZA6693;ZA6696;ZA6697;ZA6862;ZA6925;ZA6927;ZA6939;ZA6963;ZA7484;ZA7488;ZA7489;ZA7556;ZA7561;ZA7562;ZA7575;ZA7576,27,0.964286,0.000000,0.000000,UNION_CONSENSUS,28,2
d72_3,D72,COUNTRY VOICE COUNTS IN EU,Please tell me to what extent you agree or disagree with each of the following statements. (SHOW SCREEN – READ OUT – ONE ANSWER PER LINE – DISPLAY ‘98’ INSTEAD OF ‘REFUSAL’ - DISPLAY ‘99’ INSTEAD OF ‘DK’ ),Please tell me to what extent you agree or disagree with each of the following statements. (SHOW SCREEN – READ OUT – ONE ANSWER PER LINE – DISPLAY ‘98’ INSTEAD OF ‘REFUSAL’ - DISPLAY ‘99’ INSTEAD OF ‘DK’ ),Eurobarometer semantic union consensus,880,ZA8841,UNION_CONSENSUS,ZA7484;ZA7561,2,1.000000,0.000000,0.000000,UNION_CONSENSUS,2,1
sd23,,,,sd23,native LSM source map (union fallback unresolved),,ZA8841,UNRESOLVED_NATIVE,,0,0.000000,0.000000,0.000000,UNRESOLVED_NATIVE,0,0
capi_cawi,,,,capi_cawi,native LSM source map (union fallback unresolved),,ZA8841,UNRESOLVED_NATIVE,,0,0.000000,0.000000,0.000000,UNRESOLVED_NATIVE,0,0
p1,p1 Date of the interview,DATE OF INTERVIEW,"1 Friday, 7th June 2019","1 Friday, 7th June 2019",Eurobarometer semantic union consensus,1427,ZA8841,UNION_CONSENSUS,ZA5565;ZA5566;ZA5596;ZA5598;ZA5685;ZA5686;ZA5689;ZA5876;ZA5878;ZA5913;ZA5914;ZA5929;ZA5930;ZA5931;ZA5932;ZA5933;ZA5964;ZA5965;ZA5998;ZA6595;ZA6642;ZA6693;ZA6697;ZA6861;ZA6862;ZA6925;ZA6927;ZA6963;ZA7488;ZA7489;ZA7556;ZA7561;ZA7562;ZA7575;ZA7576,35,0.945946,0.027027,0.000000,UNION_CONSENSUS,37,3
p2,,,,p2,native LSM source map (union fallback unresolved),,ZA8841,UNRESOLVED_NATIVE,,0,0.750000,0.000000,0.181818,UNRESOLVED_NATIVE,4,2
p3,,,,p3,native LSM source map (union fallback unresolved),,ZA8841,UNRESOLVED_NATIVE,,0,0.736842,0.000216,0.309013,UNRESOLVED_NATIVE,38,3
p4,page 1400,N OF PERSONS PRESENT DURING INTERVIEW,Eurobarometer 91.5 - June-July 2019,Eurobarometer 91.5 - June-July 2019,Eurobarometer semantic union consensus,1436,ZA8841,UNION_CONSENSUS,ZA5565;ZA5566;ZA5596;ZA5598;ZA5685;ZA5686;ZA5689;ZA5876;ZA5878;ZA5913;ZA5914;ZA5929;ZA5930;ZA5931;ZA5932;ZA5933;ZA5964;ZA5965;ZA5998;ZA6595;ZA6596;ZA6642;ZA6693;ZA6697;ZA6861;ZA6862;ZA6925;ZA6927;ZA6963;ZA7484;ZA7488;ZA7489;ZA7556;ZA7561;ZA7562;ZA7575;ZA7576,37,0.973684,0.000000,0.000000,UNION_CONSENSUS,38,2
p5,p5 Respondent cooperation,RESPONDENT COOPERATION,(NO ANSWERS NOT ALLOWED),(NO ANSWERS NOT ALLOWED),Eurobarometer semantic union consensus,1438,ZA8841,UNION_CONSENSUS,ZA5565;ZA5566;ZA5596;ZA5598;ZA5685;ZA5686;ZA5689;ZA5876;ZA5878;ZA5913;ZA5914;ZA5929;ZA5930;ZA5931;ZA5932;ZA5933;ZA5964;ZA5965;ZA5998;ZA6595;ZA6596;ZA6642;ZA6693;ZA6697;ZA6861;ZA6862;ZA6925;ZA6927;ZA6963;ZA7484;ZA7488;ZA7489;ZA7556;ZA7561;ZA7562;ZA7575;ZA7576,37,0.973684,0.000000,0.000000,UNION_CONSENSUS,38,2
p6,,,,p6,native LSM source map (union fallback unresolved),,ZA8841,UNRESOLVED_NATIVE,,0,0.000000,0.000000,0.000000,UNRESOLVED_NATIVE,0,0
p13,,,,p13,native LSM source map (union fallback unresolved),,ZA8841,UNRESOLVED_NATIVE,,0,0.000000,0.000000,0.000000,UNRESOLVED_NATIVE,0,0
region_austria,,,,region_austria,native LSM source map (union fallback unresolved),,ZA8841,UNRESOLVED_NATIVE,,0,0.000000,0.000000,0.000000,UNRESOLVED_NATIVE,0,0
region_belgium,,,,region_belgium,native LSM source map (union fallback unresolved),,ZA8841,UNRESOLVED_NATIVE,,0,0.000000,0.000000,0.000000,UNRESOLVED_NATIVE,0,0
region_bulgaria,,,,region_bulgaria,native LSM source map (union fallback unresolved),,ZA8841,UNRESOLVED_NATIVE,,0,0.000000,0.000000,0.000000,UNRESOLVED_NATIVE,0,0
region_croatia,,,,region_croatia,native LSM source map (union fallback unresolved),,ZA8841,UNRESOLVED_NATIVE,,0,0.000000,0.000000,0.000000,UNRESOLVED_NATIVE,0,0
region_cyprus,,,,region_cyprus,native LSM source map (union fallback unresolved),,ZA8841,UNRESOLVED_NATIVE,,0,0.000000,0.000000,0.000000,UNRESOLVED_NATIVE,0,0
region_czechia,,,,region_czechia,native LSM source map (union fallback unresolved),,ZA8841,UNRESOLVED_NATIVE,,0,0.000000,0.000000,0.000000,UNRESOLVED_NATIVE,0,0
region_denmark,,,,region_denmark,native LSM source map (union fallback unresolved),,ZA8841,UNRESOLVED_NATIVE,,0,0.000000,0.000000,0.000000,UNRESOLVED_NATIVE,0,0
region_germany,,,,region_germany,native LSM source map (union fallback unresolved),,ZA8841,UNRESOLVED_NATIVE,,0,0.000000,0.000000,0.000000,UNRESOLVED_NATIVE,0,0
region_estonia,,,,region_estonia,native LSM source map (union fallback unresolved),,ZA8841,UNRESOLVED_NATIVE,,0,0.000000,0.000000,0.000000,UNRESOLVED_NATIVE,0,0
region_finland,,,,region_finland,native LSM source map (union fallback unresolved),,ZA8841,UNRESOLVED_NATIVE,,0,0.000000,0.000000,0.000000,UNRESOLVED_NATIVE,0,0
region_france,,,,region_france,native LSM source map (union fallback unresolved),,ZA8841,UNRESOLVED_NATIVE,,0,0.000000,0.000000,0.000000,UNRESOLVED_NATIVE,0,0
region_greece,,,,region_greece,native LSM source map (union fallback unresolved),,ZA8841,UNRESOLVED_NATIVE,,0,0.000000,0.000000,0.000000,UNRESOLVED_NATIVE,0,0
region_hungary,,,,region_hungary,native LSM source map (union fallback unresolved),,ZA8841,UNRESOLVED_NATIVE,,0,0.000000,0.000000,0.000000,UNRESOLVED_NATIVE,0,0
region_ireland,,,,region_ireland,native LSM source map (union fallback unresolved),,ZA8841,UNRESOLVED_NATIVE,,0,0.000000,0.000000,0.000000,UNRESOLVED_NATIVE,0,0
region_italy,,,,region_italy,native LSM source map (union fallback unresolved),,ZA8841,UNRESOLVED_NATIVE,,0,0.000000,0.000000,0.000000,UNRESOLVED_NATIVE,0,0
region_latvia,,,,region_latvia,native LSM source map (union fallback unresolved),,ZA8841,UNRESOLVED_NATIVE,,0,0.000000,0.000000,0.000000,UNRESOLVED_NATIVE,0,0
region_lithuania,,,,region_lithuania,native LSM source map (union fallback unresolved),,ZA8841,UNRESOLVED_NATIVE,,0,0.000000,0.000000,0.000000,UNRESOLVED_NATIVE,0,0
region_luxembourg,,,,region_luxembourg,native LSM source map (union fallback unresolved),,ZA8841,UNRESOLVED_NATIVE,,0,0.000000,0.000000,0.000000,UNRESOLVED_NATIVE,0,0
region_malta,,,,region_malta,native LSM source map (union fallback unresolved),,ZA8841,UNRESOLVED_NATIVE,,0,0.000000,0.000000,0.000000,UNRESOLVED_NATIVE,0,0
region_netherlands,,,,region_netherlands,native LSM source map (union fallback unresolved),,ZA8841,UNRESOLVED_NATIVE,,0,0.000000,0.000000,0.000000,UNRESOLVED_NATIVE,0,0
region_poland,,,,region_poland,native LSM source map (union fallback unresolved),,ZA8841,UNRESOLVED_NATIVE,,0,0.000000,0.000000,0.000000,UNRESOLVED_NATIVE,0,0
region_portugal,,,,region_portugal,native LSM source map (union fallback unresolved),,ZA8841,UNRESOLVED_NATIVE,,0,0.000000,0.000000,0.000000,UNRESOLVED_NATIVE,0,0
region_romania,,,,region_romania,native LSM source map (union fallback unresolved),,ZA8841,UNRESOLVED_NATIVE,,0,0.000000,0.000000,0.000000,UNRESOLVED_NATIVE,0,0
region_slovenia,,,,region_slovenia,native LSM source map (union fallback unresolved),,ZA8841,UNRESOLVED_NATIVE,,0,0.000000,0.000000,0.000000,UNRESOLVED_NATIVE,0,0
region_slovakia,,,,region_slovakia,native LSM source map (union fallback unresolved),,ZA8841,UNRESOLVED_NATIVE,,0,0.000000,0.000000,0.000000,UNRESOLVED_NATIVE,0,0
region_spain,,,,region_spain,native LSM source map (union fallback unresolved),,ZA8841,UNRESOLVED_NATIVE,,0,0.000000,0.000000,0.000000,UNRESOLVED_NATIVE,0,0
region_sweden,,,,region_sweden,native LSM source map (union fallback unresolved),,ZA8841,UNRESOLVED_NATIVE,,0,0.000000,0.000000,0.000000,UNRESOLVED_NATIVE,0,0
w1,,,,w1,native LSM source map (union fallback unresolved),,ZA8841,UNRESOLVED_NATIVE,,0,1.000000,0.000000,0.184385,UNRESOLVED_NATIVE,1,1
w1de,,,,w1de,native LSM source map (union fallback unresolved),,ZA8841,UNRESOLVED_NATIVE,,0,0.000000,0.000000,0.000000,UNRESOLVED_NATIVE,0,0
w5,,,,w5,native LSM source map (union fallback unresolved),,ZA8841,UNRESOLVED_NATIVE,,0,1.000000,0.000000,0.184385,UNRESOLVED_NATIVE,1,1
w6,,,,w6,native LSM source map (union fallback unresolved),,ZA8841,UNRESOLVED_NATIVE,,0,1.000000,0.000000,0.184385,UNRESOLVED_NATIVE,1,1
w7,,,,w7,native LSM source map (union fallback unresolved),,ZA8841,UNRESOLVED_NATIVE,,0,1.000000,0.000000,0.184385,UNRESOLVED_NATIVE,1,1
w9,,,,w9,native LSM source map (union fallback unresolved),,ZA8841,UNRESOLVED_NATIVE,,0,1.000000,0.000000,0.184385,UNRESOLVED_NATIVE,1,1
w10,,,,w10,native LSM source map (union fallback unresolved),,ZA8841,UNRESOLVED_NATIVE,,0,1.000000,0.000000,0.184385,UNRESOLVED_NATIVE,1,1
w11,,,,w11,native LSM source map (union fallback unresolved),,ZA8841,UNRESOLVED_NATIVE,,0,1.000000,0.000000,0.184385,UNRESOLVED_NATIVE,1,1
w85,,,,w85,native LSM source map (union fallback unresolved),,ZA8841,UNRESOLVED_NATIVE,,0,1.000000,0.000000,0.184385,UNRESOLVED_NATIVE,1,1
w86,,,,w86,native LSM source map (union fallback unresolved),,ZA8841,UNRESOLVED_NATIVE,,0,1.000000,0.000000,0.184385,UNRESOLVED_NATIVE,1,1
w13,,,,w13,native LSM source map (union fallback unresolved),,ZA8841,UNRESOLVED_NATIVE,,0,1.000000,0.000000,0.184385,UNRESOLVED_NATIVE,1,1
w94,,,,w94,native LSM source map (union fallback unresolved),,ZA8841,UNRESOLVED_NATIVE,,0,1.000000,0.000000,0.184385,UNRESOLVED_NATIVE,1,1
w14,,,,w14,native LSM source map (union fallback unresolved),,ZA8841,UNRESOLVED_NATIVE,,0,1.000000,0.000000,0.184385,UNRESOLVED_NATIVE,1,1
w22,,,,w22,native LSM source map (union fallback unresolved),,ZA8841,UNRESOLVED_NATIVE,,0,1.000000,0.000000,0.184385,UNRESOLVED_NATIVE,1,1
w92,,,,w92,native LSM source map (union fallback unresolved),,ZA8841,UNRESOLVED_NATIVE,,0,0.000000,0.000000,0.000000,UNRESOLVED_NATIVE,0,0
